ASV	BL.20130417	BL.20130507	BL.20130604	BL.20130709	BL.20130801	BL.20130917	BL.20131015	BL.20140114	BL.20140211	BL.20140310	BL.20141007	BL.20141111	BL.20150113	BL.20150210	BL.20150916	BL.20151006	BL.20151110	BL.20151215	BL.20160119	BL.20160210	BL.20160308	BL.20160405	BL.20160504
ASV_1_16S	4.07105820843728	3.19186679438538	7.09571760971666	7.2041682967486	7.46483443616445	7.18364081486164	7.46426245975552	6.52658321736033	3.92153994931809	5.60029027487385	8.18523825858098	5.92109625853186	3.54194457494508	2.44663023813158	7.38174803444949	6.78669580081974	6.13736467982399	4.28210724639547	4.31421353308934	2.9061610833854	2.27271031978344	4.77992918468988	6.74415949408882
ASV_2_16S	7.74178320898049	5.76429282218994	4.16648961242085	2.31167324495657	-0.70761238217833	-0.990498528567833	2.39070284987623	5.8972298302369	4.5988520313563	6.78094088153653	3.12060592111545	2.24594699722983	2.72556475396119	2.73711736151097	4.02459599389352	3.44656471458441	2.92178841015296	2.69298605986405	3.08619017076972	3.6100035530621	4.5022702777626	7.99657341924442	7.19487278504843
ASV_3_16S	6.11239990388484	5.12374162532431	6.33841846682231	5.88988713118299	6.10473271199915	5.48647383432185	5.24271373989995	4.42136563936551	5.0900554418073	4.71041542945718	4.35413752768294	5.23985943406683	5.00744517359354	5.00724870965528	5.60711659871514	5.44539726509407	4.59502927914568	5.12188381560368	4.63038756133542	4.88158529295388	4.93070194699081	5.02814283529254	6.25654548464202
ASV_4_16S	-0.601770626024627	-0.521705272318928	-0.69332279194082	3.70980206372347	5.94782796818932	5.21405923400086	5.39446729512748	6.60966158595742	4.19477388602249	7.17451700414076	5.56295295648466	6.22171275270825	5.12494923031102	4.57048283157149	3.71960141614899	6.72657653944434	4.42717214284329	5.22295152620862	3.62299128093898	5.11644222602405	4.12038851979052	4.2208292595464	4.38186560791281
ASV_6_16S	6.70139942521217	5.59418685316411	5.5192833038107	4.11918107115277	2.84773567931108	2.62041938407639	3.23338176440714	4.93130197894661	3.96694160509737	6.25971498315275	3.50359817337156	1.1830527911638	1.47689177071734	1.67966314533637	4.3521239748925	3.48912432900321	2.53958016420906	2.15956060418081	2.5088748057349	3.05105243779986	4.30344972158861	7.04957308461591	7.06875202521795
ASV_7_16S	5.83116946671455	4.95893365102306	5.65231356888778	5.12222272943558	5.35617282650928	5.06159064035658	4.32735367351875	3.34907065901477	3.93510867852416	3.76900641074864	3.51114537900694	4.3741787030791	4.12002242572024	3.9926775346274	4.74448273549536	4.55598791935674	3.59112494201919	3.89751736741589	3.53877320185496	3.78743729741446	3.88916580487619	3.8698113119228	5.21840177503431
ASV_8_16S	5.50525226171763	5.56733960312792	6.48902931994444	5.13644772036692	5.65369009539466	5.45363272813261	4.55142702499292	4.1030970762875	4.61605231780338	3.98765107919359	2.77967933414486	4.5329568784384	4.53626930943169	4.51002613116823	4.68187726126497	4.58947122348353	3.88630892512276	4.62118238020774	4.1284177400272	4.53159933716594	4.36526967090406	4.22443286704969	5.96384050312185
ASV_9_16S	2.79942675563753	2.25088344992085	-0.69332279194082	-0.73284919276685	-0.70761238217833	4.44322347498641	3.27420375892739	6.08304454512677	5.40071979447264	5.30445144127908	2.66384751861974	3.97679771337089	5.82143903236766	5.51180472040767	3.7627735880142	3.88762076779528	4.96529794260673	5.57588114741719	5.57492719459796	6.43741159329575	5.83926298028572	5.84424839990336	4.2512119151159
ASV_10_16S	3.94152415624538	4.6986505527594	4.993652564399	4.37913859558969	5.58395675737999	5.70034374885073	4.41203676074879	3.74146368555558	4.23750673560845	3.54336597923584	3.92410115884426	4.93007701461439	4.89695763668388	4.47221261013869	5.15433574006895	4.91248363576564	4.299220084015	4.5948434090508	4.12686975210198	4.222886370179	4.03468795720587	3.28356192633957	4.82039938812774
ASV_11_16S	-0.601770626024627	-0.521705272318928	-0.69332279194082	-0.73284919276685	-0.70761238217833	-0.990498528567833	-1.04328435460892	4.31518173955247	4.00032082717121	4.77172647161861	-1.37920374921481	2.62064044667124	4.13814981031279	4.08849545752463	1.33267517472119	1.72813651844191	4.42193652878934	3.51441343946589	3.16217607774765	3.4915554026489	4.16276313744623	4.61174865665218	-2.16060635259399
ASV_13_16S	-0.601770626024627	-0.521705272318928	-0.69332279194082	3.62385963392274	3.35283062836809	3.97931477100817	4.72503664118486	3.99342767540528	3.31972086266335	3.76900641074864	4.33782395219141	4.94913692144979	3.2542625024933	2.92316678841894	4.87768425841543	4.97921548380474	4.5098224139239	3.60142481645552	3.15401276710848	3.2487589134333	3.02731027955705	2.79401370102087	2.02904838943243
ASV_14_16S	-0.601770626024627	-0.521705272318928	1.60926230105323	2.9307124533628	3.46677488771731	3.45215272792248	4.86479858356001	3.13239962220618	1.99858826981869	2.9341002826566	4.85520697650356	4.97558076999921	2.19820982824398	1.56891178104366	4.78202759827039	5.22831044515196	4.56591188057495	2.88549760756375	2.17863311886432	1.70576610040735	1.5795631392235	2.18033069181517	2.22142028207989
ASV_15_16S	3.50910323814868	3.21596434596444	-0.69332279194082	-0.73284919276685	-0.70761238217833	-0.990498528567833	1.03615718707092	3.07713694353113	3.25800462280479	3.68854798908034	-1.37920374921481	0.946664013099569	3.05734214627819	3.04353047066881	0.416384442847037	0.534214049969472	1.36950891155881	2.61154572792387	2.54719367003704	3.67187895678018	3.89056342914283	4.01068746054137	3.58559683794616
ASV_16_16S	2.92458989859153	3.14185637381072	-0.69332279194082	4.61900894070922	1.69028289062004	3.32698958496848	2.35791302705324	0.679241670732757	3.34678278470631	4.39378396695929	5.08538455447515	2.91144264645926	2.19820982824398	1.17686969326764	5.38897166930576	3.91520872431411	2.44942906721476	1.0609483155127	3.0134308164873	6.33910716336214	5.13047481513461	6.0839854475728	4.09897511147093
ASV_17_16S	5.44796282920733	5.39718858195422	5.75080846475962	5.81823114227655	5.2004705559906	4.2977685021267	5.09444269947732	2.69414469127502	1.54526714053289	3.56500515433932	5.25674280647184	4.4061303028857	2.31599286390037	1.04903632175775	5.20803419577775	4.88706930734307	3.54804135588287	2.54255285643692	2.77183985123578	3.2862164759682	2.41674969000638	4.5832637586435	5.90465885630374
ASV_18_16S	-0.601770626024627	5.34192590327917	-0.69332279194082	3.1791738126613	-0.70761238217833	1.78209019367195	2.32401147537756	3.70271069925835	5.63321876236873	4.46464425262104	5.74688352408431	4.17615001707978	3.7737461890024	3.28425060363672	5.64642296864178	5.09124386062963	2.84858500612966	2.01645976054014	3.1882557905307	5.55553369071249	5.41583001112552	5.65255591005464	2.83660592117012
ASV_19_16S	-0.601770626024627	-0.521705272318928	-0.69332279194082	-0.73284919276685	-0.70761238217833	6.0359282801318	4.83445142717072	3.77594986162675	2.30249317777735	2.60335872074437	3.14258482783423	4.76291006313395	4.34479067276145	3.01847696822326	2.7866281843149	2.98521914808179	4.33133963343712	4.54086885330439	3.62683005724614	3.72304724335458	2.74183327966358	1.5412507325255	1.17159815758121
ASV_20_16S	3.38721342053965	2.36866648557724	6.08546210574436	6.16989354439174	5.90845280295449	4.61162029231187	5.51207253720175	5.35031663160857	2.90925574413848	4.73159042659364	6.45874516681047	4.65125276091868	1.81336400733856	1.14984102087972	5.66813417357874	5.2589434710152	4.54524524376639	2.79386728471783	3.09709540425199	1.46460404359046	1.2871751757343	3.68440808859144	5.08931918412399
ASV_21_16S	6.15049975011712	4.90324474516247	4.63939600132455	4.04627430034468	4.11266918342671	5.16223416613627	3.0171586559375	3.58340675076126	4.62555680211494	4.39244796141655	2.3343683174895	3.93066103043514	4.5705282592527	4.81129296158552	3.52097112131311	3.46807091980537	2.98999666017949	4.04663025321319	3.96037884943188	4.68891959175448	4.93660747596485	5.10259581348729	5.72359358108205
ASV_23_16S	-0.601770626024627	-0.521705272318928	-0.69332279194082	-0.73284919276685	-0.70761238217833	2.41069885309432	3.35116480006352	1.57021459462262	1.65649277564311	1.27155254490855	2.7316701149585	4.01471694823319	2.46483849149793	1.77203646546738	2.7866281843149	3.36742739402569	3.9387226678068	3.03502934153471	2.28670734039375	1.14615031247193	1.00576271629612	-2.09633542720089	1.20668947739248
ASV_25_16S	-0.601770626024627	-0.521705272318928	5.31303036766091	5.55686637814215	5.48679300892634	4.70659495793757	5.22391619393245	0.391559598280976	-0.109291207181683	2.09253309697838	5.2864799685676	5.42058591247771	1.75018510571702	-3.14061842026867	5.71069378799753	5.66824622220965	5.30024462591911	2.62359406644005	1.18320506643144	1.17692197113868	1.16703086389224	1.08171840314706	5.26176734839283
ASV_26_16S	1.18998884320343	-0.521705272318928	4.44247564510944	4.52464617926093	3.84626450942221	3.27218134847348	4.39043764894532	2.08104021838861	0.852119959972942	1.74533689699419	3.92410115884426	1.65634049561072	-2.07845629077207	-3.14061842026867	3.10423193663173	2.70896577145363	2.06265609211875	0.906797635685446	0.627259007384984	-2.3195855903278	-2.68311673781782	1.40017213426559	2.1298530885544
ASV_27_16S	-0.601770626024627	-0.521705272318928	-0.69332279194082	-0.73284919276685	3.00595968452598	3.60462132156676	4.66382591013996	5.90968161487771	3.57766331852267	4.73823496931231	6.93587325807929	4.98090465125196	2.91197629600666	2.25754428124908	5.22856879821945	4.91748990404379	4.42455776226922	3.30469290848382	3.21752617283081	2.2237091919422	2.13716482778722	3.82524299244293	3.54982066478088
ASV_30_16S	3.3300550066997	3.16717418179501	3.31401039329165	2.59935531740835	-0.70761238217833	-0.990498528567833	2.94569969195536	4.44768294768288	4.04477258974204	4.54926886979969	-1.37920374921481	2.83877145616191	3.74162663958029	4.09859655351113	2.98899667305414	3.76896322399396	4.11749182299639	3.76518171808821	4.25262505577659	4.54838881864249	5.27020160874261	6.02097703440109	4.77379085733456
ASV_31_16S	-0.601770626024627	-0.521705272318928	-0.69332279194082	-0.73284919276685	-0.70761238217833	-0.990498528567833	-1.04328435460892	-0.301587582278969	0.791495338156507	0.339994340903608	0.700237792465025	2.1201776099408	0.811915467124093	-3.14061842026867	-1.88620065014701	-1.76837104302457	-1.52086284633736	0.596642707381607	-3.03630263874466	-2.3195855903278	-2.68311673781782	0.542721902414371	1.09749018542749
ASV_32_16S	3.24837697568543	1.55773626936091	2.01472740916139	-0.73284919276685	-0.70761238217833	-0.990498528567833	-1.04328435460892	3.18476760772349	4.67755930441456	3.48547200081694	-1.37920374921481	2.011374750092	3.88769044835162	4.63087033984895	0.31102392718921	1.66561616146057	2.95647396814085	3.55533370925525	3.8543064814025	4.35749787091934	4.59205558163495	3.94866988683512	2.7738675805367
ASV_33_16S	3.08710882808931	4.08346491366916	3.25792092664061	2.48602663210135	-0.70761238217833	-0.990498528567833	-1.04328435460892	2.95007806541222	4.93957812016541	4.53892989200451	2.53281925621333	2.29039875980066	3.85378889667594	4.23526372794634	3.48907775753716	3.34361674533197	2.60627153870773	1.66448333738296	3.31806740205269	5.47647238398832	5.68464794010649	5.4679030479696	3.86041699675553
ASV_34_16S	-0.601770626024627	-0.521705272318928	3.73749400690249	6.11515608180951	4.53413463288131	3.36621029812176	5.40084690209152	0.209238041487022	-2.67424056464322	1.78237816867454	4.96291766950634	5.09085638104924	0.966066146951352	-0.307405076212455	5.21134820046778	4.80809852602365	3.46956974044138	1.19447970813723	0.701366979538706	-2.3195855903278	-2.68311673781782	-0.710041066080997	4.94271570993212
ASV_35_16S	2.03728670359063	-0.521705272318928	3.79531357779132	4.51942423527978	4.69055031933942	3.93675515658937	5.69723500499731	4.1132288752179	1.53045205474775	3.44492590642259	6.28138171248844	3.81456291514367	-2.07845629077207	-3.14061842026867	5.07509539576316	4.70860131986511	3.99256589982762	2.12072077086455	1.64582858837956	-2.3195855903278	-2.68311673781782	2.57649340726102	4.09514368915937
ASV_36_16S	-0.601770626024627	-0.521705272318928	-0.69332279194082	2.82249886872256	3.09905010759199	-0.990498528567833	3.24717508653947	3.38729187183497	3.08466120923406	3.51161728092126	3.44107781639023	3.59990597770678	2.97139971647747	3.17473958125366	4.14688557165179	4.41989308005802	4.12458405130588	3.2026937405287	3.32327122992772	3.3741465484749	4.12592256822516	4.76851235076997	4.22458804640373
ASV_37_16S	2.8639652767751	-0.521705272318928	4.94503187739293	4.46010765812336	3.93677851696304	2.81616396120249	3.71888958018884	5.31032323850535	2.47325391217023	4.17363991797728	4.73226359028787	2.82358129066793	1.87278742780936	0.548261033845265	3.90375952075024	3.81135878296165	3.97219859700319	2.24179870241779	2.44433628459733	2.31514339790184	1.6863311146492	4.16706283539074	5.07357082715586
ASV_41_16S	3.18241900789363	2.31150807173729	0.692971569179071	-0.73284919276685	-0.70761238217833	-0.990498528567833	-1.04328435460892	4.26276060918887	4.08617412644021	4.39111016857489	1.10570290057319	3.23244198777723	4.24051182297436	4.19566723975263	0.416384442847037	1.75798948159159	4.88931203562881	4.88647928958741	4.45534283486047	3.90892541326338	4.15849873865977	4.12226469249084	1.17159815758121
ASV_42_16S	-0.601770626024627	-0.521705272318928	-0.69332279194082	-0.73284919276685	-0.70761238217833	-0.990498528567833	-1.04328435460892	-2.09334705150702	-2.67424056464322	-2.22495501655793	-1.37920374921481	-2.45453336856259	-2.07845629077207	-3.14061842026867	-1.88620065014701	-1.76837104302457	-1.52086284633736	-2.49439974597671	4.75066436387021	-2.3195855903278	2.69678061572264	0.794036330695277	1.47697980713239
ASV_44_16S	4.63997638903501	3.06181366613718	2.67397303804565	-0.73284919276685	1.23829776687698	1.64855880104743	1.95244791894507	3.80655030207547	3.43944161518901	4.34171741324531	5.23686143591801	2.16058714827867	2.03241757340124	1.66340262446459	3.80077470619281	4.10655968782746	4.96682117214725	3.64763765961065	3.13121385214368	3.64141974929547	4.33438940512344	6.39060472104433	3.18650117812347
ASV_45_16S	2.48927182733369	2.18634492878328	2.97023885418883	2.52524734525463	-0.70761238217833	3.28616759044822	3.82425009584667	3.80655030207547	3.62286875529072	3.08331268084328	3.5186360507361	3.85356507294694	3.45097279673935	3.46061169846021	3.62318768648097	3.85564646316276	4.25368869920705	3.95132007340887	3.30757779538167	3.15268508334368	3.66602225356198	4.21721261907621	3.83833020935269
ASV_47_16S	2.89473693544185	2.36866648557724	-0.69332279194082	-0.73284919276685	-0.70761238217833	1.088943013112	-1.04328435460892	2.37256106714756	4.71161051348199	4.17861918137689	-1.37920374921481	1.32965626535567	4.22416268497283	5.06021883811118	-1.88620065014701	0.939679158077636	1.47486942721663	2.41825513975934	4.022455513774	5.34476104177082	5.11129446790878	4.4561724598337	1.30512955020573
ASV_49_16S	-0.601770626024627	-0.521705272318928	-0.69332279194082	5.18065381287142	4.31626813866795	4.0464540738458	3.54168312406166	-2.09334705150702	-2.67424056464322	-2.22495501655793	4.6610509620626	2.43581575965917	1.58510535535757	-3.14061842026867	4.50404001691834	3.01912069975747	-1.52086284633736	-2.49439974597671	-3.03630263874466	-2.3195855903278	-2.68311673781782	-2.09633542720089	-2.16060635259399
ASV_50_16S	4.4671335761956	6.01788068329874	-0.69332279194082	-0.73284919276685	-0.70761238217833	1.40739674423054	-1.04328435460892	2.53162576177725	5.06555389376548	4.18850394060943	-1.37920374921481	-2.45453336856259	2.36419496571825	2.29310358328557	-1.88620065014701	-1.76837104302457	-1.52086284633736	1.00210781548977	2.65067271759516	5.42064393443538	4.69900762791969	5.43307103063612	3.05974947248433
ASV_51_16S	3.97294035247876	2.73639126570255	1.25258735711449	-0.73284919276685	-0.70761238217833	-0.990498528567833	3.08385003043618	4.30191454660843	3.18654565882265	4.10654683333576	5.32888033463826	4.09081629177183	1.63511577593224	1.92828578195156	3.38165750891632	4.1926342965987	4.62117455925	3.17202694213572	2.79850809831794	2.28558459566029	3.1399291576652	3.50946663909511	3.73379648167086
ASV_53_16S	-0.601770626024627	-0.521705272318928	-0.69332279194082	-0.73284919276685	-0.70761238217833	-0.990498528567833	-1.04328435460892	1.16474948651446	1.10994906927504	1.03314152146355	-1.37920374921481	2.97041664891882	2.5465165225122	1.8081414701095	1.24929356578214	1.52746582297976	1.61463136959179	2.70409728528912	1.60808826039671	0.676146683226191	0.612720128186509	-2.09633542720089	-2.16060635259399
ASV_54_16S	4.98921635448623	4.98768306430905	2.94426336778557	3.88227132407441	-0.70761238217833	-0.990498528567833	-1.04328435460892	2.33746974733629	3.67664515207152	4.61237779812766	2.79518352068083	3.07489571894884	1.9105277557922	0.884733270466479	5.15170531330017	3.98737117056234	1.69801297853084	1.00210781548977	1.30750278310902	3.42661760021235	2.49303299475601	4.4124337097708	4.1103820792643
ASV_57_16S	3.15942948966893	1.55773626936091	-0.69332279194082	-0.73284919276685	-0.70761238217833	-0.990498528567833	-1.04328435460892	4.12126104691517	4.68903902231982	3.50514476641565	-1.37920374921481	1.04197419290389	4.52819389542614	5.15916475168112	-1.88620065014701	0.177539106030739	1.42357613282908	3.58781916439974	3.3738722432215	2.71736701208583	4.2044358338468	3.75586705257359	1.01744747775395
ASV_58_16S	1.18998884320343	2.25088344992085	4.10246775365592	3.75578717696529	4.42228633274474	3.16838455479184	3.6571960111835	3.91792012289714	2.23841432109283	5.79794185304353	3.73278403914173	1.902175458127	0.811915467124093	0.0782574045995297	2.68851032835637	1.22736123052942	1.84643298364912	2.12072077086455	1.15335210328176	1.97087385082059	1.59354938119824	1.79548487090974	1.64605613717633
ASV_59_16S	-0.601770626024627	2.65634855802902	3.41755107223249	4.20879322984245	2.95594926395132	3.61467165742026	3.08385003043618	0.951175386216399	2.67286696607425	1.86938954566417	4.82333176797311	3.58572134271483	1.53246162187215	0.522943225860975	5.72068388107262	4.82467349111786	2.62227188005417	0.872896084009765	2.01994316660365	4.45349478532774	3.11597591664271	3.09105037863987	3.82584565269044
ASV_60_16S	-0.601770626024627	-0.521705272318928	3.68870384273306	4.48750663231147	4.34224362507121	3.40395062610461	4.82034682098918	0.679241670732757	-2.67424056464322	1.41263114316846	4.56096750350562	4.07925546937076	1.05703792515708	-0.196179441102231	5.03644324132888	4.89092287665906	2.68382977305361	1.11651816666752	1.2121926033047	0.245363767133737	-2.68311673781782	-2.09633542720089	5.38847635821829
ASV_61_16S	-0.601770626024627	-0.521705272318928	-0.69332279194082	-0.73284919276685	-0.70761238217833	-0.990498528567833	-1.04328435460892	-2.09334705150702	-2.67424056464322	4.35429619545217	-1.37920374921481	-2.45453336856259	-2.07845629077207	-3.14061842026867	-1.88620065014701	-1.76837104302457	-1.52086284633736	-2.49439974597671	0.813844962965396	4.59415176033188	4.57951186315642	5.87336815607777	3.56949343037958
ASV_63_16S	2.03728670359063	2.18634492878328	5.0237049094654	4.11133789369174	2.81874814243783	-0.990498528567833	1.66476584649329	-2.09334705150702	-0.371655471649174	2.16949413811451	3.83573200839417	1.86295474497372	-0.286696821544016	-3.14061842026867	3.27285464906752	3.22206154375416	2.83584598035223	-0.0965044731783387	0.490057885871499	-2.3195855903278	-0.118167380356283	1.71032706256943	5.53333097291528
ASV_64_16S	5.68422746848424	4.59628854009783	4.70935458993146	2.26288308078714	3.82498711097493	3.86153173535178	3.86199042382951	0.851091927659416	1.81439580508892	2.96243078928283	3.48833070124077	4.0316274203815	1.17964024724941	1.46455176571942	3.88524047298301	3.81512526575712	4.62973992210892	3.04293452104183	3.25155592141712	3.89502250809439	3.05345555966137	3.61077483754799	3.54982066478088
ASV_65_16S	2.17081809621515	2.47402700123506	-0.69332279194082	-0.73284919276685	-0.70761238217833	3.47540959008675	-1.04328435460892	2.81930783422903	3.25534857874668	2.85644934842653	-1.37920374921481	2.18985753057879	3.36396141974972	3.66510413314831	1.87499946554655	2.816596435646	3.39179203939869	3.22262795542951	2.61267159941654	2.98371931773128	3.55520788722169	3.77013262973241	2.72974277562776
ASV_66_16S	3.90908888049222	-0.521705272318928	-0.69332279194082	-0.73284919276685	-0.70761238217833	-0.990498528567833	-1.04328435460892	4.41393066087799	2.71938698170914	4.73918059586032	-1.37920374921481	-2.45453336856259	-2.07845629077207	0.771404585159475	-1.88620065014701	-1.76837104302457	-1.52086284633736	0.971336156823017	1.56886754724343	2.40780222838454	3.09762677797451	5.36415487862445	3.62629102877271
ASV_67_16S	-0.601770626024627	-0.521705272318928	-0.69332279194082	4.1574999354549	3.95582671193374	4.34222026469754	4.32735367351875	0.902385222046967	0.416801888715097	1.03314152146355	3.2936250852471	3.59283881048369	2.68371764402568	2.47978244544848	3.30118515569375	2.91376018409965	2.82294257551633	1.28978988794155	0.460204922721818	0.0783096824705711	0.0249334632843903	-2.09633542720089	0.883916085129429
ASV_68_16S	-0.601770626024627	-0.521705272318928	3.65048262991286	-0.73284919276685	3.94634796797919	3.47540959008675	-1.04328435460892	2.50177279862757	3.38488263093858	2.61923206990066	-1.37920374921481	3.05079816736978	3.64185548583534	3.34706559821594	3.09053309227356	3.29422399000239	-1.52086284633736	3.39447821235617	3.24783152232614	3.68676756927393	3.40819314425988	2.81631945853516	3.98357928153165
ASV_72_16S	-0.601770626024627	-0.521705272318928	2.9175951207034	4.68768580650544	4.26912136024224	4.34222026469754	4.57348674305766	1.16474948651446	0.963345595083166	1.60368637993117	3.63143154488144	2.94814401330969	1.85336934195225	1.20318700158501	3.91289200431352	3.51989598766996	1.31235049771886	1.73970675862055	0.875720366683483	-2.3195855903278	-2.68311673781782	1.12254039766731	1.6680350438951
ASV_74_16S	-0.601770626024627	-0.521705272318928	-0.69332279194082	-0.73284919276685	3.75829573647625	2.74717108971554	5.16530567148771	0.304548221291347	-2.67424056464322	0.993920808310272	5.70753418529577	5.46008434047809	-2.07845629077207	-0.943393842932451	4.83281250423825	5.39634933574728	4.29326768548771	0.213650455125501	-0.145930880848498	-2.3195855903278	-2.68311673781782	-2.09633542720089	1.88244491524056
ASV_75_16S	2.34266835314181	-0.521705272318928	-0.69332279194082	-0.73284919276685	-0.70761238217833	2.00523374498616	3.0675895095644	4.99339088300355	3.81344345384139	4.4855680928945	2.14715677540135	3.50904597505586	3.80764774067808	4.0841349854993	3.26129382666644	3.72056668313211	2.7558032726787	3.50205234264231	3.43294767805111	3.5609473960729	3.99648244802656	3.51313636798407	2.01378091730164
ASV_78_16S	2.17081809621515	-0.521705272318928	-0.69332279194082	-0.73284919276685	2.23682659698811	3.86153173535178	2.28892015556629	4.18517437265882	3.79655893913938	3.81767781712445	3.38297018558295	3.35959716326248	3.13647946683691	2.80218095485803	4.76666237920634	4.50450596352159	4.41930840638307	3.78224374336494	4.241635934201	3.2825332305519	2.95167286535143	3.30634195467139	3.89383299367538
ASV_80_16S	-0.601770626024627	-0.521705272318928	-0.69332279194082	-0.73284919276685	-0.70761238217833	1.20672604876839	-1.04328435460892	2.81192772693141	1.5884393123981	2.75177872586265	1.7118387041435	2.4799405645681	2.59437254368983	1.95313178053809	0.598705999640991	0.177539106030739	-1.52086284633736	1.00210781548977	1.33314521372236	1.29133232231642	1.53639096735829	1.98120201670483	2.01378091730164
ASV_81_16S	2.61710519884357	1.67551930501729	1.25258735711449	-0.73284919276685	-0.70761238217833	-0.990498528567833	1.1539402227273	2.99424928372536	3.9242684639713	3.42753416371072	-1.37920374921481	1.87619997172374	3.18423389813281	4.28115737337598	2.49582598452687	2.57543437882911	3.04348534513048	3.11140232031929	3.79349109876776	4.1197647807723	4.75173113739418	4.50625246498845	3.66833926501621
ASV_83_16S	-0.601770626024627	-0.521705272318928	-0.69332279194082	-0.73284919276685	2.33691005554509	3.41622071869642	4.94567706228095	3.97507853673709	2.99908270252827	2.83764001646904	4.58180159040846	4.59037174856678	2.17003895127729	2.16764927713253	4.31024347764751	4.53424793272033	4.78541244061066	3.97485057081906	3.15605985073021	2.13476170592571	2.64475943097176	3.37593524647059	3.00987764244416
ASV_84_16S	-0.601770626024627	-0.521705272318928	-0.69332279194082	-0.73284919276685	-0.70761238217833	-0.990498528567833	0.343010006510974	1.89563699505725	-2.67424056464322	4.61666045991966	4.56359562591189	2.18985753057879	2.0804267925876	2.86079645769248	2.02582235528114	1.22736123052942	3.03301404526318	2.08031123252667	1.60808826039671	3.74419961835981	0.407925715540496	1.91099775803158	1.30512955020573
ASV_85_16S	-0.601770626024627	-0.521705272318928	2.1398905521154	-0.73284919276685	2.7581235206214	3.60462132156676	2.0477580987494	2.30110210316542	0.0338096364589906	2.66539411166382	2.76393097717672	4.32425152912259	2.90515033093626	1.58676939844367	2.90958989544973	-1.76837104302457	-1.52086284633736	1.03196077863945	1.30750278310902	3.12715178133851	2.54799187903677	1.85490829138054	1.89983665795243
ASV_88_16S	-0.601770626024627	-0.521705272318928	-0.69332279194082	-0.73284919276685	-0.70761238217833	3.42834207922877	2.69438526367445	-2.09334705150702	-2.67424056464322	-2.22495501655793	1.75629046671434	1.07182715605357	-2.07845629077207	-3.14061842026867	1.44600386002819	1.32267141033374	-1.52086284633736	-2.49439974597671	-3.03630263874466	-2.3195855903278	-2.68311673781782	-2.09633542720089	-2.16060635259399
ASV_89_16S	-0.601770626024627	-0.521705272318928	4.06026739916554	4.18713173306127	3.09905010759199	3.16838455479184	4.01931067841805	3.42410584495768	1.93092962134487	2.88099045734265	4.41685400155056	3.79350950594584	2.41018007896007	1.4443490584019	4.28549994726391	4.28136241220738	3.69407291127163	2.56819528705026	2.22119273328312	1.44161452536576	1.46001798857371	2.73994647975059	4.26101591521252
ASV_91_16S	-0.601770626024627	-0.521705272318928	-0.69332279194082	-0.73284919276685	-0.70761238217833	-0.990498528567833	-1.04328435460892	-2.09334705150702	-2.67424056464322	-2.22495501655793	3.39148087525085	3.24256011794282	0.966066146951352	-0.943393842932451	3.78368027283351	2.82674880711002	2.0054976782788	-2.49439974597671	0.182573186123538	-2.3195855903278	-2.68311673781782	-2.09633542720089	-2.16060635259399
ASV_92_16S	-0.601770626024627	-0.521705272318928	-0.69332279194082	-0.73284919276685	-0.70761238217833	-0.990498528567833	-1.04328435460892	4.61229204335298	3.5282949525447	4.08859302971917	0.923381343779235	2.29905682254378	3.75635444629053	4.19436345860314	1.72471726249722	2.32597351919753	1.97564471512912	2.97787092769477	3.26814616367732	3.83527250368862	4.2444411684605	4.05852266681553	1.64605613717633
ASV_93_16S	3.71571748751168	3.6679494697075	3.46556029141885	-0.73284919276685	-0.70761238217833	-0.990498528567833	-1.04328435460892	3.76458610297643	3.79655893913938	3.16411671325857	-1.37920374921481	2.09934352303795	3.051442424151	3.07198767548285	2.61360902018326	3.04381331234784	2.7558032726787	3.04686379918172	2.91433991384306	3.39084142704707	4.04790136266426	4.98200615235678	3.47774831673975
ASV_94_16S	-0.601770626024627	-0.521705272318928	-0.69332279194082	-0.73284919276685	-0.70761238217833	-0.990498528567833	-1.04328435460892	2.51182313448107	4.43154556483805	2.63485738780374	-1.37920374921481	-2.45453336856259	2.84152463505605	5.09128982329551	-1.88620065014701	0.0233884262034809	-1.52086284633736	0.906797635685446	1.86897213969377	2.884421096749	3.25705451490261	3.99723434284425	-2.16060635259399
ASV_95_16S	2.39396164752936	-0.521705272318928	-0.69332279194082	2.7011380117183	1.48961219515789	-0.990498528567833	-1.04328435460892	1.89563699505725	2.90925574413848	2.6950259092702	1.25985358040045	1.1830527911638	3.09769344180176	2.87553873942968	2.28818661974863	1.48972549499691	1.1181944832779	1.64873498041482	1.18320506643144	1.88510702906317	0.90040220063829	0.994707026157429	1.57706326568937
ASV_97_16S	-0.601770626024627	-0.521705272318928	-0.69332279194082	3.89212362051742	5.66057480417216	4.45191918195396	3.7689000007635	-2.09334705150702	-2.67424056464322	-2.22495501655793	3.83028240362661	3.41193468837071	-2.07845629077207	-3.14061842026867	4.70547308186165	3.97463214478491	3.11386614189228	2.52288009083821	1.00674862908989	-2.3195855903278	-2.68311673781782	-2.09633542720089	2.20884149987303
ASV_98_16S	-0.601770626024627	-0.521705272318928	-0.69332279194082	-0.73284919276685	-0.70761238217833	-0.990498528567833	-1.04328435460892	2.54138193672261	1.3862024459032	0.719483962608511	-1.37920374921481	1.4166676423453	1.38727961202766	0.751201877841956	-1.88620065014701	0.534214049969472	2.06265609211875	1.71029287341426	1.96090963501945	-2.3195855903278	0.0894719844219614	-2.09633542720089	-2.16060635259399
ASV_99_16S	1.34413952303069	-0.521705272318928	-0.69332279194082	-0.73284919276685	-0.70761238217833	-0.990498528567833	-1.04328435460892	2.27610080096	2.8551885228682	2.34975596194545	-1.37920374921481	1.62300407534313	2.93882354604285	3.31143053416855	-1.88620065014701	0.939679158077636	1.57017960702096	2.49603284080203	2.08169117367209	1.91452091426946	2.39205707741601	2.10835719219008	-0.214696203538681
ASV_101_16S	-0.601770626024627	-0.521705272318928	-0.69332279194082	-0.73284919276685	-0.70761238217833	3.89985059965392	2.98206733612623	-2.09334705150702	-2.67424056464322	-2.22495501655793	2.47094385249525	1.25903869814172	-2.07845629077207	-3.14061842026867	3.8108928363584	-1.76837104302457	-1.52086284633736	-2.49439974597671	-3.03630263874466	-2.3195855903278	-2.68311673781782	-2.09633542720089	-2.16060635259399
ASV_102_16S	-0.601770626024627	-0.521705272318928	-0.69332279194082	4.80841435239158	3.79219728815193	2.97979338498429	4.70610863129934	-2.09334705150702	-2.67424056464322	-2.22495501655793	4.15813051780373	4.34005321231391	-2.07845629077207	-3.14061842026867	4.25152640393923	3.73696049290779	-1.52086284633736	-2.49439974597671	-3.03630263874466	-2.3195855903278	-2.68311673781782	-2.09633542720089	4.1529416936831
ASV_103_16S	-0.601770626024627	-0.521705272318928	-0.69332279194082	-0.73284919276685	-0.70761238217833	-0.990498528567833	-1.04328435460892	2.30110210316542	2.5461152604351	2.46639286567121	-1.37920374921481	2.71595062647556	2.95849631164156	2.87064875413549	-1.88620065014701	-1.76837104302457	-1.52086284633736	2.58700461900775	2.03887117648916	2.43400460077856	2.44678197710525	2.4783755513025	2.78103607001531
ASV_104_16S	3.85257667022888	3.23949484337463	3.94140619628882	-0.73284919276685	2.81874814243783	3.24360797602943	2.80686324710114	2.03378733353807	2.62407680190482	2.14449283590909	2.3343683174895	2.51527993101341	3.04550768863119	2.99060806921447	2.44453269013932	2.49430883401674	2.76959659481103	2.8621865286953	2.40177667017853	2.67084699645094	2.6544213418835	2.63986302119361	3.445195713702
ASV_105_16S	3.57261664387101	4.04264291914891	4.10246775365592	3.21839452581458	3.98373550005081	2.92152447686031	2.88854127811541	1.77785395940087	2.4905454092803	2.86264131867445	1.25985358040045	1.86295474497372	2.67513390033429	2.27548198193575	2.84118716856533	2.74248846349228	2.7132436582599	2.39594938224504	2.11119183806879	2.58568918811063	2.48736725722033	2.41452407931596	4.85150894171239
ASV_106_16S	-0.601770626024627	3.87274388235351	-0.69332279194082	4.28443064404807	3.54088285987103	5.04258769323097	4.18782426224567	1.12552877336118	1.42010399757888	1.2407808862418	4.75636114186693	3.7296155223749	0.224128802221975	0.226677409717803	4.99930901988781	4.77697861730985	3.5971309660794	2.31778460939571	1.02414037180176	2.07486356434464	1.05455288046555	1.40017213426559	1.9665280324511
ASV_109_16S	1.79612464677374	4.99172347384605	2.89019614651529	4.5035927700631	3.64909644451126	4.58923129741839	3.82425009584667	-2.09334705150702	-2.67424056464322	-2.22495501655793	4.15418573951271	3.20842711157336	-2.07845629077207	-3.14061842026867	3.99990338130315	4.38436165167953	3.00092573071168	1.66448333738296	0.601283520981723	-2.3195855903278	-2.68311673781782	1.64133419108248	4.07966949257677
ASV_110_16S	-0.601770626024627	-0.521705272318928	-0.69332279194082	-0.73284919276685	-0.70761238217833	-0.990498528567833	-1.04328435460892	2.18331906750903	2.50190916793061	2.54572960790774	2.28435789691484	2.68126506848768	2.62202407502035	2.29746088865452	3.03378027568112	2.96782740536992	2.96777352339478	2.69298605986405	2.03260156347557	2.67084699645094	2.57957345108707	2.18033069181517	4.14749208891554
ASV_111_16S	2.89473693544185	-0.521705272318928	-0.69332279194082	2.9307124533628	2.72637482230682	3.28616759044822	4.4331791973226	2.62515181978807	2.62906434341586	2.41943588258344	2.53281925621333	3.11381113519851	2.8043456318143	2.28433159721273	3.6312522463177	3.58348709045149	2.19270922036695	2.6985571049135	2.09359607617841	1.83929749303187	1.7595345186725	2.2474699946528	3.63848630186653
ASV_112_16S	-0.601770626024627	-0.521705272318928	-0.69332279194082	-0.73284919276685	-0.70761238217833	-0.990498528567833	-1.04328435460892	-2.09334705150702	-2.67424056464322	-2.22495501655793	-1.37920374921481	1.63981119365951	-2.07845629077207	-3.14061842026867	3.24369806477606	-1.76837104302457	2.19270922036695	-2.49439974597671	-3.03630263874466	-0.240144048647964	-2.68311673781782	-2.09633542720089	-2.16060635259399
ASV_113_16S	2.92458989859153	-0.521705272318928	-0.69332279194082	-0.73284919276685	-0.70761238217833	1.088943013112	-1.04328435460892	3.91792012289714	2.07069156372003	3.18221675490219	2.62812943601766	2.24594699722983	1.44790423384409	1.84298820143967	-1.88620065014701	2.3905120403351	3.34667160411822	1.97150837267787	1.89095104641254	1.80754879471729	2.46437773899563	1.43002509741527	-2.16060635259399
ASV_115_16S	3.5878841160018	2.25088344992085	3.52618491323529	2.4026450231623	1.59497271081572	2.05402390915559	2.69438526367445	2.84112688162367	3.35403795558748	2.61923206990066	2.28435789691484	2.45074140987584	2.99671752446176	3.0393982333839	3.18897316508682	3.42458580786564	3.97630537895584	3.57170834412704	2.51277344615056	3.03700068434421	3.11294101294755	2.77119902325469	4.28828304155286
ASV_119_16S	-0.601770626024627	1.96320137746907	3.97950604252109	3.96763117302557	4.98274707214573	4.17428744535568	4.30382317610855	-2.09334705150702	-2.67424056464322	0.0776300764361171	5.69067037924376	4.14124714539872	-2.07845629077207	0.260578961393485	4.14207787008369	3.19447358723533	2.11672331338903	-0.414958204296874	-0.839078061408443	-2.3195855903278	-2.68311673781782	-2.09633542720089	3.35282239357099
ASV_121_16S	-0.601770626024627	-0.521705272318928	-0.69332279194082	-0.73284919276685	-0.70761238217833	-0.990498528567833	-1.04328435460892	2.19711238964137	1.50014670525242	4.38304560873816	-1.37920374921481	2.10981482290525	1.38727961202766	1.07888928490744	2.98133380030857	3.26206687836786	2.60627153870773	1.43742588674762	1.93351066083134	1.65070632322432	1.3773262727286	3.17152273186244	4.04798367350264
ASV_122_16S	-0.601770626024627	2.9440306304808	4.07736183252485	4.42044240173093	4.17518954040804	4.36608774610418	3.11559872875076	-2.09334705150702	-2.67424056464322	-0.615517104123829	4.37336888961082	3.50647197106069	-2.07845629077207	-3.14061842026867	3.68974845299931	3.63880072843554	2.52218842149719	0.80143712002762	-0.471353281283126	-0.527826121099745	-1.07367882538372	-2.09633542720089	2.04408626679697
ASV_123_16S	2.57628320432332	-0.521705272318928	-0.69332279194082	-0.73284919276685	-0.70761238217833	-0.990498528567833	-1.04328435460892	2.76646535285465	3.26855881048348	3.22178235510838	-1.37920374921481	2.06725520848645	3.24941987801751	4.47517265176716	-1.88620065014701	0.311070498655262	2.83584598035223	3.21933305953266	2.99197588148604	2.34385350378427	3.38530885042629	3.166354761704	0.835125920959997
ASV_124_16S	-0.601770626024627	-0.521705272318928	-0.69332279194082	-0.73284919276685	-0.70761238217833	-0.990498528567833	-1.04328435460892	2.51182313448107	4.47410517925685	3.15494233698253	-1.37920374921481	-2.45453336856259	-2.07845629077207	1.58676939844367	-1.88620065014701	-1.76837104302457	-1.52086284633736	1.43742588674762	2.12848333517885	3.94571562240991	3.9554510513487	3.96044858602774	1.36575417202217
ASV_126_16S	-0.601770626024627	-0.521705272318928	-0.69332279194082	-0.73284919276685	-0.70761238217833	2.44348867591731	2.28892015556629	1.89563699505725	1.87963632695732	2.13175381013166	3.16409103305519	3.29485961734567	1.2888395392144	1.03376884962697	2.39046546886905	3.22884123073954	2.95647396814085	2.97366039515842	1.65504524348448	1.79128827384551	2.26564315256035	2.09331931482554	2.84333995335147
ASV_128_16S	-0.601770626024627	-0.521705272318928	-0.69332279194082	-0.73284919276685	2.69358499948383	2.74717108971554	-1.04328435460892	1.23885745866818	1.84754801240582	0.866087436800387	-1.37920374921481	2.76582245651574	2.86318613183723	2.27548198193575	2.06504306843442	2.2206130035397	-1.52086284633736	2.33391399132559	1.82350976561701	1.5090558061613	1.67359208887177	1.19950143880344	2.37199314055926
ASV_129_16S	-0.601770626024627	-0.521705272318928	-0.69332279194082	-0.73284919276685	-0.70761238217833	2.85964907314223	2.35791302705324	2.00099751071508	2.48481473457131	4.29123805948504	1.87889278880667	2.8286703601754	3.74162663958029	3.46196947192067	3.87585073263317	1.72813651844191	2.39116015909079	1.03196077863945	2.78674325673836	4.54734769413408	4.10134032481982	3.61077483754799	1.82837769397028
ASV_130_16S	-0.601770626024627	-0.521705272318928	-0.69332279194082	3.23744272078527	-0.70761238217833	-0.990498528567833	-1.04328435460892	-2.09334705150702	-2.67424056464322	-2.22495501655793	4.99922243443678	1.01120253423714	-2.07845629077207	-3.14061842026867	4.68047177965623	3.12946875692634	1.25172587590242	-2.49439974597671	-3.03630263874466	0.513627753728417	0.494937092530126	2.80893935123754	0.72976540530217
ASV_131_16S	1.96317873143691	3.28495721745139	2.9175951207034	3.1791738126613	5.12427009510519	4.34703955113348	2.74090527930934	2.46052984009352	2.07934962646315	2.19388559123867	2.9382843643215	2.31615125590308	2.71733425482467	1.63850507284286	3.02645423558904	2.66244575581874	2.84858500612966	3.08909656280499	2.17863311886432	2.48443545440546	1.89159424068556	1.23586908297432	2.92079801239047
ASV_132_16S	-0.601770626024627	7.03785422368877	-0.69332279194082	-0.73284919276685	-0.70761238217833	2.53586199604833	-1.04328435460892	1.16474948651446	2.75070945283818	-2.22495501655793	-1.37920374921481	1.10081469292683	3.18940186829126	3.62557329439168	-1.88620065014701	0.716535606763426	1.04408651112418	3.5458549653007	2.98472071060486	4.69792055261346	2.8698428471038	1.73230596928821	0.672606991462222
ASV_134_16S	4.08036060109959	-0.521705272318928	2.56477374608066	-0.73284919276685	-0.70761238217833	-0.990498528567833	-1.04328435460892	3.18985667723096	2.03528963666911	3.63867615904017	-1.37920374921481	-2.45453336856259	-2.07845629077207	-3.14061842026867	-1.88620065014701	-1.76837104302457	-1.52086284633736	-2.49439974597671	0.770359851025657	-2.3195855903278	2.49866681247427	4.33338405083825	3.81574455670394
ASV_135_16S	1.34413952303069	-0.521705272318928	1.79158385784718	2.10036415128937	-0.70761238217833	1.20672604876839	2.25255251139541	2.19711238964137	2.42562586318098	3.73605032306534	2.35846586906856	3.22904639877609	2.74985744653023	3.01211427443543	3.11101162361711	3.52493378169992	3.67763418492847	2.69298605986405	3.29697698939503	3.36738976601202	4.01020693045213	3.95103675184539	3.64452861632249
ASV_136_16S	-0.601770626024627	-0.521705272318928	-0.69332279194082	-0.73284919276685	-0.70761238217833	1.088943013112	-1.04328435460892	1.30785033015513	1.84754801240582	2.44787381790398	-1.37920374921481	-2.45453336856259	1.2888395392144	0.688022976220424	-1.88620065014701	-1.76837104302457	-1.52086284633736	-2.49439974597671	0.330993191241812	1.94309428671352	2.41063346298894	6.13264221615742	2.46436646069028
ASV_137_16S	-0.601770626024627	-0.521705272318928	-0.69332279194082	-0.73284919276685	-0.70761238217833	3.36621029812176	5.72865120123069	-2.09334705150702	-2.67424056464322	2.59532654904711	3.83573200839417	4.63887125730618	-2.07845629077207	-3.14061842026867	4.22969147533603	4.37366636256278	3.42789704404081	-2.49439974597671	1.02414037180176	-2.3195855903278	-2.68311673781782	-2.09633542720089	3.17211244067137
ASV_138_16S	-0.601770626024627	-0.521705272318928	-0.69332279194082	-0.73284919276685	-0.70761238217833	-0.990498528567833	-1.04328435460892	3.30028049484534	4.10908463596074	3.29650590130432	-1.37920374921481	0.912762461423887	3.62198728261862	4.25325986983908	-1.88620065014701	-1.76837104302457	1.36950891155881	2.70960694110009	3.14784625219282	2.91685637250215	3.10070844451192	2.79401370102087	0.324300297194006
ASV_139_16S	3.60292199336634	2.97480228914755	-0.69332279194082	-0.73284919276685	-0.70761238217833	-0.990498528567833	-1.04328435460892	3.93010054145401	2.47905102985456	3.58917551526714	-1.37920374921481	-2.45453336856259	-2.07845629077207	0.919824590277748	-1.88620065014701	-1.76837104302457	-1.52086284633736	-2.49439974597671	1.2121926033047	1.72346567750675	2.22215804062061	4.77786306825241	3.08114066246565
ASV_143_16S	-0.601770626024627	-0.521705272318928	-0.69332279194082	-0.73284919276685	-0.70761238217833	-0.990498528567833	-1.04328435460892	-2.09334705150702	0.989321081486427	-2.22495501655793	-1.37920374921481	-2.45453336856259	-2.07845629077207	1.73457890293248	-1.88620065014701	-1.76837104302457	-1.52086284633736	-2.49439974597671	0.875720366683483	-2.3195855903278	0.954469421908566	-2.09633542720089	-2.16060635259399
ASV_144_16S	-0.601770626024627	-0.521705272318928	-0.69332279194082	-0.73284919276685	-0.70761238217833	-0.990498528567833	-1.04328435460892	-2.09334705150702	-2.67424056464322	-2.22495501655793	2.11730381225167	4.25477097169571	2.38745182788251	1.21609040642092	3.37648953875788	0.939679158077636	2.21680677194601	4.46309762490024	1.09083174630043	3.22167795483063	3.27012659646996	2.60414493859153	2.71459097060716
ASV_145_16S	-0.601770626024627	1.96320137746907	-0.69332279194082	-0.73284919276685	-0.70761238217833	-0.990498528567833	-1.04328435460892	2.81192772693141	3.48907423939142	1.33039304493148	-1.37920374921481	2.21829546589932	3.95462993102673	4.21438350083659	-1.88620065014701	-1.76837104302457	1.18718735476485	3.61262314176555	3.33188454760583	3.57756827730894	2.27972789244209	1.19950143880344	-2.16060635259399
ASV_148_16S	-0.601770626024627	-0.521705272318928	-0.69332279194082	-0.73284919276685	-0.70761238217833	-0.990498528567833	0.902625794446397	3.58682555751004	3.421583997789	2.31833976571208	1.3288464518874	4.85132666412142	2.45414320238118	2.44663023813158	-0.276762737712909	-1.76837104302457	3.49641699047757	3.89584092108864	2.83581515073075	2.2237091919422	2.66874139565825	2.44695935506912	0.72976540530217
ASV_149_16S	-0.601770626024627	-0.521705272318928	-0.69332279194082	-0.73284919276685	-0.70761238217833	-0.990498528567833	2.62027729152073	1.12552877336118	0.693055265343255	1.48861705014638	1.83967207565339	2.52907325314575	1.38727961202766	0.597051198014698	1.33267517472119	2.42128369900185	2.11672331338903	2.05947714562383	0.834898372163229	0.97625127567653	-2.68311673781782	-2.09633542720089	0.883916085129429
ASV_150_16S	-0.601770626024627	-0.521705272318928	3.49633195008561	-0.73284919276685	-0.70761238217833	-0.990498528567833	-1.04328435460892	-2.09334705150702	-2.67424056464322	1.90217936848716	3.0516130496285	3.0344043575941	-2.07845629077207	0.155218445735658	4.48370033268122	4.7697687807431	4.29624831362585	2.05947714562383	1.42960547990992	-2.3195855903278	-2.68311673781782	-2.09633542720089	4.60903562425851
ASV_152_16S	3.20489186374569	2.31150807173729	2.52555303292738	0.36576309590126	-0.70761238217833	3.1526361978237	3.57183616223234	1.9670959590394	0.963345595083166	1.51271460172544	4.08885639192032	2.35765098680983	0.486493066689465	-0.0960959825452479	3.33415517493132	4.07517337400679	2.78320224686681	2.51623554811955	0.141751191603283	0.38846461077441	1.07808337787574	3.4291175119309	2.78103607001531
ASV_153_16S	-0.601770626024627	3.46727877424535	2.56477374608066	4.25758339401189	3.81417619487071	1.95394045059861	2.96404883062355	-2.09334705150702	-2.67424056464322	-2.22495501655793	3.34818406949753	1.20902827756706	-2.07845629077207	-3.14061842026867	3.20754955065975	2.69753707563001	-1.52086284633736	-2.49439974597671	-3.03630263874466	0.624853388838641	-0.285221465019449	1.774865583707	3.5759659448852
ASV_154_16S	-0.601770626024627	-0.521705272318928	-0.69332279194082	-0.73284919276685	-0.70761238217833	-0.990498528567833	-1.04328435460892	3.53427406218361	3.23926244099505	2.14449283590909	-1.37920374921481	1.20902827756706	3.75635444629053	3.83945752029309	-1.88620065014701	-1.76837104302457	2.21680677194601	3.50948732112983	3.57169798655142	4.09058929163837	3.71880045890937	2.39230094253125	-2.16060635259399
ASV_155_16S	-0.601770626024627	-0.521705272318928	-0.69332279194082	-0.73284919276685	-0.70761238217833	-0.990498528567833	-1.04328435460892	-2.09334705150702	1.97015033449815	-2.22495501655793	-1.37920374921481	2.26396550273251	2.29099156169495	2.11165500777796	-1.88620065014701	-1.76837104302457	-1.52086284633736	-2.49439974597671	1.24036348027139	-2.3195855903278	-2.68311673781782	-2.09633542720089	2.75937457323413
ASV_156_16S	3.94152415624538	3.48562791291354	1.79158385784718	1.5697359002272	-0.70761238217833	-0.990498528567833	-1.04328435460892	2.47100113996081	2.50190916793061	3.53394675731935	0.700237792465025	1.04197419290389	2.23903182276424	2.21596785440334	1.92046183962331	1.78697701846484	1.65719098401059	1.94825151051361	2.03260156347557	2.92216142473184	3.1633220372399	3.90011666141813	4.84427563711887
ASV_157_16S	-0.601770626024627	-0.521705272318928	2.3977196614175	3.63659865970017	3.49708023721264	-0.990498528567833	3.83951756797745	0.545710278108234	-2.67424056464322	1.58170747321239	3.67065225803473	2.91610465956508	-2.07845629077207	-3.14061842026867	4.09773563054018	3.0914413613371	-1.52086284633736	-2.49439974597671	-3.03630263874466	-2.3195855903278	-2.68311673781782	-2.09633542720089	2.60156758220376
ASV_158_16S	-0.601770626024627	4.50873264907351	-0.69332279194082	-0.73284919276685	-0.70761238217833	-0.990498528567833	1.52166500285262	2.91728824258923	3.07833207418241	3.30049792257385	1.10570290057319	1.99981392769092	2.17003895127729	1.94697791496371	2.06504306843442	2.75341753402447	2.7558032726787	2.8286102331617	2.38423236052762	3.42980739558045	3.83159595305471	4.54354040662565	3.41534275055232
ASV_160_16S	3.290049672086	3.4295384462625	3.97011630217125	-0.73284919276685	-0.70761238217833	-0.990498528567833	-1.04328435460892	1.64432256677634	2.50190916793061	2.11885040529576	-1.37920374921481	2.4799405645681	2.64893152794027	2.46518364602733	2.37647922689431	1.99282907266899	-1.52086284633736	2.49603284080203	2.26201472780337	2.4166128580667	2.55863027724182	2.35801186905262	3.66833926501621
ASV_161_16S	-0.601770626024627	-0.521705272318928	-0.69332279194082	-0.73284919276685	-0.70761238217833	-0.990498528567833	-1.04328435460892	-2.09334705150702	-2.67424056464322	-2.22495501655793	4.24481375697253	4.2425008791039	2.49625468773131	3.70419705893959	1.72471726249722	2.76422845012868	2.46812120022692	2.55545626127283	1.60808826039671	3.19384315583718	3.02399352693106	3.51313636798407	2.79522070500727
ASV_162_16S	-0.601770626024627	3.16717418179501	4.1587074719788	4.36090100803991	3.07657725173993	3.27218134847348	3.0171586559375	-2.09334705150702	-2.67424056464322	-2.22495501655793	3.26518714992656	2.03410300116955	-2.07845629077207	-3.14061842026867	3.59859628334365	2.60107680944245	2.11672331338903	-2.49439974597671	-3.03630263874466	-2.3195855903278	-2.68311673781782	-2.09633542720089	3.23302119375837
ASV_163_16S	-0.601770626024627	-0.521705272318928	-0.69332279194082	-0.73284919276685	-0.70761238217833	1.89987322932833	-1.04328435460892	2.50177279862757	2.18557183971845	1.35856392189818	-1.37920374921481	1.63981119365951	3.79366149870334	3.34401681536658	-0.0944411809189543	2.56236229726176	3.2831581983959	2.65889184852107	3.53177527266731	4.35623763130705	2.5263694150236	3.94629740648149	-2.16060635259399
ASV_164_16S	3.36852128752749	1.78087982067512	1.87162656552072	1.34659234891299	-0.70761238217833	1.89987322932833	2.32401147537756	2.38398976297118	3.2473378550006	3.34719901561984	1.18574560824673	2.30764056623517	3.33764411143235	3.937723159289	1.98500036076088	1.99282907266899	2.35033816457053	2.4328539391805	2.52437899227087	3.00342438881061	3.34274923600749	2.78646649538548	3.03235049829622
ASV_165_16S	-0.601770626024627	-0.521705272318928	-0.69332279194082	-0.73284919276685	-0.70761238217833	-0.990498528567833	-1.04328435460892	-2.09334705150702	-2.67424056464322	-2.22495501655793	-1.37920374921481	1.84953172464158	-2.07845629077207	-3.14061842026867	-1.88620065014701	-1.76837104302457	-1.52086284633736	-2.49439974597671	1.55881721138993	2.26538188834277	1.00576271629612	-2.09633542720089	-2.16060635259399
ASV_166_16S	3.92001795102441	4.80130470681948	3.04434682634255	4.28443064404807	2.55048415584315	1.71755167253438	3.55183549552567	0.391559598280976	-2.67424056464322	1.03314152146355	2.23171416342941	1.60590964198383	1.09959753957587	-0.196179441102231	2.95798643631158	2.46573546157269	0.964043803450642	0.906797635685446	-0.328252437642452	-2.3195855903278	-2.68311673781782	2.20772966600328	4.78155035310547
ASV_168_16S	-0.601770626024627	1.67551930501729	-0.69332279194082	-0.73284919276685	-0.70761238217833	-0.990498528567833	-1.04328435460892	-2.09334705150702	1.57425467740614	2.07911007664624	-1.37920374921481	1.28313624972078	-2.07845629077207	-3.14061842026867	3.56912046521069	-1.76837104302457	0.425047302717955	-2.49439974597671	0.259534227259667	3.3841968843284	2.85421752920072	4.36356902717665	2.75937457323413
ASV_169_16S	-0.601770626024627	-0.521705272318928	2.44217142398833	4.26436308099726	4.16758494102282	3.13663585647726	3.59144463362072	1.49017188694909	-0.109291207181683	0.993920808310272	4.21921820978356	3.7739776350286	0.811915467124093	0.155218445735658	4.33438951995273	4.89603797732583	2.84858500612966	1.78226637303935	0.330993191241812	-2.3195855903278	-2.68311673781782	-2.09633542720089	1.88244491524056
ASV_170_16S	-0.601770626024627	-0.521705272318928	-0.69332279194082	2.03973952947293	-0.70761238217833	-0.990498528567833	-1.04328435460892	-2.09334705150702	1.55986593995404	1.20903218792722	0.566706399840502	0.946664013099569	-2.07845629077207	0.0374354100792749	2.44453269013932	-1.76837104302457	-1.52086284633736	-0.0965044731783387	-3.03630263874466	3.55534514052423	1.96127416132355	3.59402402712317	2.69920605176768
ASV_173_16S	-0.601770626024627	-0.521705272318928	4.12695877366422	3.25613485379742	-0.70761238217833	3.97931477100817	3.42262376404567	-2.09334705150702	-2.67424056464322	2.22939227969558	2.77967933414486	2.32459012454894	-2.07845629077207	0.936919023637049	1.6973182883091	-1.76837104302457	-1.52086284633736	-2.49439974597671	-3.03630263874466	-2.3195855903278	-2.68311673781782	-2.09633542720089	-2.16060635259399
ASV_174_16S	-0.601770626024627	-0.521705272318928	-0.69332279194082	-0.73284919276685	-0.70761238217833	-0.990498528567833	-1.04328435460892	-2.09334705150702	1.01463888947072	-2.22495501655793	-1.37920374921481	0.184523961052672	-2.07845629077207	1.37024108624818	-1.88620065014701	-0.158933130590474	-1.52086284633736	1.8230883675596	1.90533978386464	1.97087385082059	-2.68311673781782	-2.09633542720089	-2.16060635259399
ASV_175_16S	3.290049672086	-0.521705272318928	-0.69332279194082	-0.73284919276685	-0.70761238217833	-0.990498528567833	-1.04328435460892	1.46200100998239	2.14604100096182	2.1057783237284	-1.37920374921481	1.62300407534313	2.51666355936252	2.66451654864782	1.37189588787447	1.48972549499691	1.36950891155881	1.79605969517168	2.06356378907954	1.61224004239653	2.43487707459894	2.33448137164243	2.76664733256321
ASV_179_16S	-0.601770626024627	-0.521705272318928	-0.69332279194082	-0.73284919276685	-0.70761238217833	2.94132710415649	4.7281567685211	2.15514819054234	-2.67424056464322	1.43860662957172	4.56621685939176	4.25477097169571	-2.07845629077207	0.64357121364959	4.56584830429022	4.96383966344263	4.12458405130588	2.4034400539742	1.56886754724343	-2.3195855903278	0.782619164981907	1.23586908297432	-2.16060635259399
ASV_180_16S	-0.601770626024627	-0.521705272318928	-0.69332279194082	-0.73284919276685	-0.70761238217833	-0.990498528567833	-1.04328435460892	-2.09334705150702	-2.67424056464322	-2.22495501655793	-1.37920374921481	-2.45453336856259	-2.07845629077207	-3.14061842026867	5.11413381012822	-1.76837104302457	3.6208007101653	2.77345841308662	3.30757779538167	1.91452091426946	3.0339109635884	2.82364549862724	2.93314384821277
ASV_181_16S	3.97294035247876	-0.521705272318928	3.34972847589373	3.07381329700347	-0.70761238217833	3.42834207922877	2.13476947573903	-2.09334705150702	3.20908182384506	2.11885040529576	-1.37920374921481	1.4166676423453	3.45887797624647	2.84079579098581	3.06255924023116	-1.76837104302457	-1.52086284633736	0.724476078891491	2.50103162827387	4.05714135757083	3.45892066776954	2.63986302119361	3.67420438446861
ASV_182_16S	-0.601770626024627	-0.521705272318928	3.02024927476349	4.81622689212837	3.71122822561827	-0.990498528567833	2.88854127811541	-2.09334705150702	-0.276345291844849	0.259951633230072	2.47094385249525	1.43728692954804	-2.07845629077207	-3.14061842026867	3.0410530350102	2.76422845012868	1.77497401966697	-2.49439974597671	-3.03630263874466	0.165321059460201	-2.68311673781782	-2.09633542720089	1.20668947739248
ASV_184_16S	-0.601770626024627	-0.521705272318928	-0.69332279194082	-0.73284919276685	-0.70761238217833	3.49813784116431	-1.04328435460892	-2.09334705150702	-2.67424056464322	-2.22495501655793	3.84654292449839	3.27556641441099	-2.07845629077207	-3.14061842026867	3.9486100869156	2.20192087052755	-1.52086284633736	-2.49439974597671	-3.03630263874466	-2.3195855903278	-0.603675196137984	-2.09633542720089	-2.16060635259399
ASV_185_16S	-0.601770626024627	-0.521705272318928	3.1133396978295	4.00334925562765	3.58284705897006	3.54210096458542	2.00123808311451	-2.09334705150702	-2.67424056464322	-2.22495501655793	2.2043151892413	1.99981392769092	-2.07845629077207	-3.14061842026867	2.75819024899436	2.32597351919753	0.877032426461013	0.596642707381607	-0.0918636595782223	1.08161179133436	-0.285221465019449	-2.09633542720089	1.75141665283415
ASV_187_16S	2.95357743546479	-0.521705272318928	0.916115120493281	-0.73284919276685	-0.70761238217833	-0.990498528567833	-1.04328435460892	2.9239327853079	3.17796191513126	2.6950259092702	-1.37920374921481	2.9660016307097	3.31061543904443	2.97084891923401	-1.88620065014701	1.45050478184363	2.86116378833652	2.96092136938099	3.03674189535574	2.18022408000247	2.53181901979117	2.53839356102875	2.51222248186791
ASV_189_16S	4.10775957528771	2.11735205729633	2.80318476952566	-0.73284919276685	-0.70761238217833	-0.990498528567833	-1.04328435460892	1.59553240260691	2.96054903852603	2.43848407755414	-1.37920374921481	-2.45453336856259	1.61042316334186	2.66451654864782	0.416384442847037	-1.76837104302457	-1.52086284633736	0.971336156823017	2.01994316660365	3.18167262021693	3.34274923600749	3.39672601613966	3.99848903589794
ASV_192_16S	-0.601770626024627	-0.521705272318928	-0.69332279194082	-0.73284919276685	4.41038143023842	3.12037533560548	4.62314233350352	2.51182313448107	-2.67424056464322	1.6668652815527	4.83340234653671	2.47272031659462	-2.07845629077207	-3.14061842026867	3.61096757514619	2.69753707563001	2.62227188005417	-2.49439974597671	-3.03630263874466	-2.3195855903278	-2.68311673781782	-2.09633542720089	2.86983156879844
ASV_193_16S	3.47576681788109	-0.521705272318928	-0.69332279194082	-0.73284919276685	-0.70761238217833	2.62041938407639	2.45322320685756	2.71067399322623	3.03618645273165	2.89900896284533	0.700237792465025	1.76497433661352	3.21484853395242	3.34554236867542	1.87499946554655	1.45050478184363	1.52365959138606	2.65309473083674	2.79557983853885	2.58568918811063	2.92268532847818	2.85949163040037	2.86983156879844
ASV_196_16S	2.10627957507758	-0.521705272318928	-0.69332279194082	-0.73284919276685	-0.70761238217833	-0.990498528567833	-1.04328435460892	-2.09334705150702	-2.67424056464322	1.51271460172544	-1.37920374921481	-2.45453336856259	0.966066146951352	0.709529181441388	-1.88620065014701	0.870686286590684	-1.52086284633736	-2.49439974597671	0.933989274807459	2.32480530881357	2.87371132388172	5.74082422280079	2.9392600752302
ASV_197_16S	-0.601770626024627	-0.521705272318928	1.79158385784718	2.76365836869963	4.35498265084864	3.44031827027548	2.74090527930934	-2.09334705150702	-2.67424056464322	0.172940256240442	2.53281925621333	2.24594699722983	1.81336400733856	0.496967739457715	3.08361264942899	2.5356940501796	1.57017960702096	1.28978988794155	0.952681407819612	0.899290234540401	-2.68311673781782	-2.09633542720089	1.17159815758121
ASV_199_16S	-0.601770626024627	2.56933718103939	3.55517245010854	4.36701723505735	4.03731974618492	3.3402348117185	3.88396933054829	-2.09334705150702	-2.67424056464322	0.608258327498287	3.33032645209752	2.94362933295517	0.118768286564148	-0.65571177048067	3.16365535710253	4.00618050251983	2.8858564009269	1.58313769792901	-3.03630263874466	-2.3195855903278	-2.68311673781782	-2.09633542720089	3.12766067810054
ASV_204_16S	-0.601770626024627	-0.521705272318928	-0.69332279194082	-0.73284919276685	-0.70761238217833	1.088943013112	-1.04328435460892	1.46200100998239	2.5352455881982	1.7068706161664	0.412555720013244	2.66346044385417	2.35236050807124	2.84079579098581	0.821849550955201	1.63282633863758	2.78320224686681	2.92613525329558	2.48515827911758	2.24476260114004	2.28669656175818	1.56722621892876	0.478450977021264
ASV_206_16S	-0.601770626024627	-0.521705272318928	-0.69332279194082	-0.73284919276685	-0.70761238217833	-0.990498528567833	3.27420375892739	2.72693451409801	1.99858826981869	1.97973760283304	3.19550722928857	3.56162379113577	1.87278742780936	1.95924800755553	2.98133380030857	3.1144308795618	3.18866735497498	2.92170065622771	1.84649928384171	-2.3195855903278	1.5795631392235	1.75381217450917	1.45031156005023
ASV_207_16S	4.47963373895984	-0.521705272318928	1.79158385784718	0.87658871966725	-0.70761238217833	-0.990498528567833	0.566153557825184	2.23738628877931	0.62159630136111	2.76547757022081	1.51116800868135	1.01120253423714	-0.132546141716758	0.470299492375553	2.12113253508546	2.30916640088115	1.31235049771886	0.278188976263072	1.15335210328176	1.0126189198474	0.535759087050381	2.68278806591064	4.58345283371735
ASV_210_16S	-0.601770626024627	-0.521705272318928	-0.69332279194082	1.0589102764612	0.90182553025577	-0.990498528567833	2.39070284987623	3.28655030203344	0.0983481575965617	4.9139119833876	0.923381343779235	0.97945383592256	-2.07845629077207	-3.14061842026867	-1.88620065014701	-1.76837104302457	-1.52086284633736	-2.49439974597671	-3.03630263874466	-2.3195855903278	-2.68311673781782	-2.09633542720089	-1.06199406392588
ASV_211_16S	3.0091472866196	-0.521705272318928	3.02024927476349	2.87806871987737	3.16358862872956	-0.990498528567833	2.56763355803531	0.851091927659416	2.007890662481	2.03772486048339	1.91663311678952	1.45748963686556	1.99908115313365	1.74973070795308	2.20814391207509	2.29207196752184	2.11672331338903	1.54865152185784	1.56886754724343	1.75795185357792	1.60734270333057	1.66486468849267	3.16240362654441
ASV_212_16S	-0.601770626024627	-0.521705272318928	-0.69332279194082	-0.73284919276685	-0.70761238217833	1.89987322932833	-1.04328435460892	2.38398976297118	2.78108055071448	2.13175381013166	2.42745874055551	3.55181979103915	3.06320726573059	3.13414360097327	3.38165750891632	3.3615276718985	3.78244206172172	2.9694320590489	2.48115025772004	2.11123120851551	2.08756788664785	2.23439791308544	1.62358328132427
ASV_213_16S	-0.601770626024627	-0.521705272318928	-0.69332279194082	-0.73284919276685	-0.70761238217833	3.72800034272726	1.25930073838513	-2.09334705150702	-2.67424056464322	-2.22495501655793	-1.37920374921481	-2.45453336856259	-2.07845629077207	-3.14061842026867	0.752856679468249	-0.158933130590474	-1.52086284633736	-2.49439974597671	-3.03630263874466	-2.3195855903278	-2.68311673781782	-2.09633542720089	-2.16060635259399
ASV_214_16S	-0.601770626024627	3.86032136235495	2.60251407406351	2.31167324495657	3.51189532299778	3.32698958496848	3.64806352762023	1.40316050995946	0.657963945531984	1.7262887020235	2.53281925621333	1.95218587870167	1.01258616258624	0.191586089906533	3.23179316226975	3.3849205514732	2.30777855015174	1.9829370685015	1.64582858837956	1.39398647637651	1.00576271629612	1.23586908297432	3.48130071834412
ASV_215_16S	-0.601770626024627	-0.521705272318928	1.94573453767444	2.52524734525463	2.90330553046589	-0.990498528567833	2.84853594350171	3.3227533506974	0.503813265704726	3.5557884992344	1.83967207565339	1.62300407534313	0.865982688394369	2.30611895139764	0.947012693909207	2.72026532670757	2.03448521515206	1.7251079591994	-0.471353281283126	2.13476170592571	1.87076015378272	1.51458248544334	2.31673046188421
ASV_216_16S	-0.601770626024627	-0.521705272318928	-0.69332279194082	-0.73284919276685	-0.70761238217833	-0.990498528567833	-1.04328435460892	1.81867595392112	-0.594799022963384	1.60368637993117	-1.37920374921481	0.378679975493629	2.39888052370614	0.666044069501649	0.511694622651361	1.12200071487159	0.964043803450642	-0.29717516864049	-0.471353281283126	1.0126189198474	-0.380531644823774	1.16176111082059	0.404343004867543
ASV_217_16S	-0.601770626024627	-0.521705272318928	1.09843667728724	-0.73284919276685	2.18275937571783	4.46053992499787	5.05028541543622	0.391559598280976	0.583855973378263	0.259951633230072	3.48833070124077	3.15126869773341	1.14041953409613	0.791207212455655	3.74142046354363	3.41901476281618	3.29132150903506	2.51623554811955	1.13808463115097	0.319471739287459	0.207255020078345	-0.0168938855210516	1.60059376309957
ASV_218_16S	3.81706998177197	5.2590382434734	3.34972847589373	-0.73284919276685	-0.70761238217833	3.25799671348153	-1.04328435460892	1.73529434498207	2.18557183971845	2.64257943389765	-1.37920374921481	-2.45453336856259	-2.07845629077207	1.06407419912229	-1.88620065014701	-1.76837104302457	-1.52086284633736	1.80966534722746	1.83123181171092	2.57076353789395	2.03538213347727	2.7478516592577	3.77163883485402
ASV_221_16S	-0.601770626024627	2.65634855802902	2.25111618722562	-0.73284919276685	2.23682659698811	-0.990498528567833	2.54023458384719	-2.09334705150702	0.657963945531984	2.06550442459046	-1.37920374921481	1.57081832217256	1.89183562278005	2.36471311566369	3.28994908242682	3.31303332195989	2.3292847553727	1.2191723207276	1.94043110367591	3.4975255696354	2.12090430691544	3.99948913523134	-0.551168440159894
ASV_222_16S	-0.601770626024627	-0.521705272318928	-0.69332279194082	0.65344516835304	-0.70761238217833	1.84271481548838	-1.04328435460892	2.69414469127502	3.6173285749151	3.25150853537358	-1.37920374921481	0.636509084795729	2.87737076682919	3.64496922473926	1.40963621585732	0.939679158077636	1.69801297853084	1.28978988794155	2.06356378907954	2.29553492651346	3.00724271650624	2.58579579992333	1.62358328132427
ASV_223_16S	-0.601770626024627	-0.521705272318928	-0.69332279194082	-0.73284919276685	-0.70761238217833	-0.990498528567833	-1.04328435460892	-2.09334705150702	4.01535870453575	2.61132689039355	-1.37920374921481	-2.45453336856259	-2.07845629077207	2.17750157357555	-1.88620065014701	-1.76837104302457	-1.52086284633736	-2.49439974597671	-3.03630263874466	3.08309179154448	3.71880045890937	4.60562493880165	-2.16060635259399
ASV_224_16S	-0.601770626024627	-0.521705272318928	3.94140619628882	-0.73284919276685	-0.70761238217833	-0.990498528567833	-1.04328435460892	-2.09334705150702	1.84754801240582	-2.22495501655793	-1.37920374921481	1.8359260725858	2.01588827145003	2.04676738557208	-1.88620065014701	-1.76837104302457	-1.52086284633736	1.97150837267787	1.42960547990992	2.06244104434608	1.74770006102549	-2.09633542720089	3.35282239357099
ASV_225_16S	-0.601770626024627	-0.521705272318928	2.80318476952566	3.00482042551652	3.59645271102584	3.69163269855639	3.11559872875076	-2.09334705150702	-2.67424056464322	0.953098813790017	3.26518714992656	3.07885612016493	0.69413243146771	-0.0495759669103548	3.58607002352447	3.27505407389467	3.08430733965073	1.76828013106461	0.813844962965396	1.04771023965867	-2.68311673781782	-2.09633542720089	2.1298530885544
ASV_226_16S	2.57628320432332	2.7741315936854	1.5039017853954	-0.73284919276685	-0.70761238217833	-0.990498528567833	0.566153557825184	2.03378733353807	2.75510506431122	3.34719901561984	-1.37920374921481	0.541198904991404	1.85336934195225	2.36471311566369	0.31102392718921	-0.382076681904683	0.425047302717955	0.596642707381607	1.37041660851959	2.45109903413787	3.31581982412886	4.8753331775249	2.88281876432525
ASV_227_16S	-0.601770626024627	-0.521705272318928	-0.69332279194082	-0.73284919276685	-0.70761238217833	-0.990498528567833	-1.04328435460892	1.81867595392112	1.86905421762678	1.55923461736033	-1.37920374921481	-2.45453336856259	1.85336934195225	2.12207176863621	-1.88620065014701	-1.76837104302457	1.31235049771886	0.763696792044773	3.03674189535574	4.41500606964515	2.46437773899563	3.86208926582889	-2.16060635259399
ASV_228_16S	-0.601770626024627	-0.521705272318928	3.61074230126335	-0.73284919276685	-0.70761238217833	4.15699594824562	-1.04328435460892	-2.09334705150702	-2.67424056464322	-2.22495501655793	-1.37920374921481	2.21829546589932	-2.07845629077207	-3.14061842026867	-1.88620065014701	-1.76837104302457	2.16801660777658	2.24179870241779	-3.03630263874466	-2.3195855903278	-2.68311673781782	-2.09633542720089	3.26434366488741
ASV_229_16S	-0.601770626024627	-0.521705272318928	-0.69332279194082	-0.73284919276685	-0.70761238217833	-0.990498528567833	-1.04328435460892	-2.09334705150702	-2.67424056464322	-2.22495501655793	1.56523522995163	-0.257308791226367	1.32274109089008	-0.432568219166461	2.20814391207509	0.0233884262034809	-1.52086284633736	-0.548489596921396	-3.03630263874466	-2.3195855903278	-2.68311673781782	-2.09633542720089	-2.16060635259399
ASV_233_16S	3.3494730925568	3.28495721745139	3.1133396978295	-0.73284919276685	-0.70761238217833	-0.990498528567833	-1.04328435460892	1.3723888512927	1.3862024459032	1.7068706161664	-1.37920374921481	1.86295474497372	1.77169131093799	1.94078594471579	1.94244074634209	1.63282633863758	-1.52086284633736	1.92444086181989	1.61765771141286	1.61224004239653	1.78279138083676	2.10835719219008	2.04408626679697
ASV_234_16S	-0.601770626024627	-0.521705272318928	0.916115120493281	-0.73284919276685	-0.70761238217833	-0.990498528567833	1.52166500285262	4.0720708027244	2.48481473457131	3.40266609713271	1.75629046671434	2.21829546589932	2.72556475396119	1.87001687382758	1.44600386002819	2.34250282114874	2.55667459756836	2.48233399644386	2.45675880459589	2.40780222838454	2.49303299475601	3.31976497500353	2.64341469213926
ASV_235_16S	-0.601770626024627	-0.521705272318928	-0.69332279194082	-0.73284919276685	-0.70761238217833	-0.990498528567833	-1.04328435460892	0.209238041487022	-0.882481095415165	1.03314152146355	0.923381343779235	0.435838389333578	1.58510535535757	0.325117482531056	0.31102392718921	0.870686286590684	1.52365959138606	-0.414958204296874	-0.839078061408443	-0.710147677893699	-0.380531644823774	0.206249665793159	1.05826947227421
ASV_237_16S	0.0913765545353179	-0.521705272318928	4.29710979483792	4.40294924428341	3.2436313364031	3.48683828591037	4.52886967756885	1.46200100998239	-1.57562827597511	0.483095184544281	3.24576906406946	0.946664013099569	-1.38530911021213	-0.432568219166461	2.5446161486963	1.56383346715063	1.1181944832779	-0.702640276748654	-0.263713916504881	-0.933291229207909	-2.68311673781782	-0.710041066080997	1.52827310151994
ASV_238_16S	-0.601770626024627	-0.521705272318928	-0.69332279194082	-0.73284919276685	3.68683677249411	3.97234610169207	-1.04328435460892	-2.09334705150702	1.91072691402735	-2.22495501655793	-1.37920374921481	2.64533305926161	2.70066720233946	1.9892802946544	2.45760477170667	2.14365196240357	2.0054976782788	1.91231950128754	1.76771840598859	1.85480167956784	1.77123055843569	-2.09633542720089	2.42436112607658
ASV_240_16S	-0.601770626024627	-0.521705272318928	-0.69332279194082	-0.73284919276685	-0.70761238217833	-0.990498528567833	-1.04328435460892	-2.09334705150702	-0.371655471649174	-2.22495501655793	-1.37920374921481	0.11041598889895	-2.07845629077207	0.260578961393485	-1.88620065014701	-1.76837104302457	-1.52086284633736	0.144657583638549	-0.471353281283126	0.453003131911982	-0.380531644823774	-0.710041066080997	-0.0811648109141583
ASV_246_16S	3.66090925101669	4.8395868933905	3.70112636273162	-0.73284919276685	-0.70761238217833	-0.990498528567833	-1.04328435460892	-2.09334705150702	1.36881070319133	-2.22495501655793	-1.37920374921481	-2.45453336856259	-2.07845629077207	1.43409255823471	-1.88620065014701	-1.76837104302457	-1.52086284633736	1.2191723207276	0.875720366683483	2.71085233106464	1.92205344817027	1.71032706256943	3.96844385746655
ASV_248_16S	-0.601770626024627	-0.521705272318928	-0.69332279194082	-0.73284919276685	-0.70761238217833	1.95394045059861	-1.04328435460892	-2.09334705150702	-2.67424056464322	-2.22495501655793	1.61652852433918	2.16058714827867	-2.07845629077207	-1.75432405914878	-1.88620065014701	1.81514789543154	1.97564471512912	-2.49439974597671	-3.03630263874466	-2.3195855903278	-2.68311673781782	-2.09633542720089	-2.16060635259399
ASV_249_16S	1.00766728640947	-0.521705272318928	3.92179772490044	3.68599141502975	2.98126707193561	2.50600903289865	4.05046584619785	3.24898720045779	0.544635260224981	2.22939227969558	4.03689665298961	3.12896294021911	-0.132546141716758	-0.65571177048067	3.3067562007432	3.10682628017658	2.30777855015174	0.596642707381607	1.18320506643144	-0.933291229207909	-0.891357268589765	0.994707026157429	2.5578925187011
ASV_250_16S	3.24837697568543	-0.521705272318928	3.46556029141885	-0.73284919276685	2.98126707193561	2.74717108971554	3.96066195133654	-2.09334705150702	-2.67424056464322	-2.22495501655793	2.30967570489913	3.15493842662237	-2.07845629077207	0.414729641220743	2.48324720232001	2.8566017702597	2.93348444991615	2.27628487848896	2.03887117648916	2.54794886012778	2.23686418801031	3.11315072564053	2.07350015200327
ASV_253_16S	-0.601770626024627	-0.521705272318928	-0.69332279194082	-0.73284919276685	-0.70761238217833	-0.990498528567833	-1.04328435460892	2.18331906750903	-0.276345291844849	2.61132689039355	3.22596643677328	2.99650508500311	1.38727961202766	1.43409255823471	0.886388072092772	2.99380289177318	2.62227188005417	1.43742588674762	0.00821979897876046	2.40780222838454	2.32751855627844	3.24599882476392	1.79063736598743
ASV_255_16S	-0.601770626024627	-0.521705272318928	-0.69332279194082	-0.73284919276685	-0.70761238217833	-0.990498528567833	-1.04328435460892	2.85541283887114	0.216131193252945	4.09581327769265	2.14715677540135	2.8586726104792	0.406450359015929	0.0374354100792749	0.752856679468249	-1.76837104302457	-1.52086284633736	-2.49439974597671	-3.03630263874466	0.0783096824705711	-2.68311673781782	-2.09633542720089	-2.16060635259399
ASV_258_16S	-0.601770626024627	-0.521705272318928	3.3842146519649	4.02074099833951	3.40326148199498	-0.990498528567833	2.17559147025928	0.304548221291347	-2.67424056464322	-2.22495501655793	3.38297018558295	1.87619997172374	-2.07845629077207	-3.14061842026867	3.40206638054753	2.63834820423968	-1.52086284633736	-2.49439974597671	-3.03630263874466	-2.3195855903278	-2.68311673781782	-2.09633542720089	2.54892384871834
ASV_259_16S	-0.601770626024627	-0.521705272318928	-0.69332279194082	-0.73284919276685	-0.70761238217833	-0.990498528567833	-1.04328435460892	-2.09334705150702	2.45565815027985	2.07911007664624	-1.37920374921481	-2.45453336856259	-2.07845629077207	-3.14061842026867	-1.88620065014701	-1.76837104302457	-1.52086284633736	-2.49439974597671	-0.638407365946292	0.676146683226191	1.30586730874645	1.12254039766731	-2.16060635259399
ASV_260_16S	-0.601770626024627	-0.521705272318928	-0.69332279194082	-0.73284919276685	-0.70761238217833	-0.990498528567833	-1.04328435460892	0.614703149595186	1.23778244078493	0.866087436800387	-1.37920374921481	2.26396550273251	2.25227704951426	1.75722137968224	1.6973182883091	1.56383346715063	-1.52086284633736	1.69525499604972	1.02414037180176	1.29133232231642	1.20870356029281	0.736877916855329	2.15688176094232
ASV_262_16S	-0.601770626024627	-0.521705272318928	-0.69332279194082	-0.73284919276685	-0.70761238217833	-0.990498528567833	-1.04328435460892	2.08104021838861	3.09408043115055	1.7068706161664	-1.37920374921481	-2.45453336856259	3.19965836845845	3.78791939789599	-1.88620065014701	-1.76837104302457	-1.52086284633736	1.66448333738296	2.36186006277309	2.55561173287335	2.21472306213309	2.85242446317728	-2.16060635259399
ASV_263_16S	5.02585048766601	3.30693612417017	4.03406502677152	3.27448399246562	2.65968344780814	3.60462132156676	2.25255251139541	0.739866292549192	2.01710731758592	1.83548799398849	0.700237792465025	1.68860135782895	2.25227704951426	1.77203646546738	1.57953525265272	2.01581859089369	1.31235049771886	1.59994481624539	1.26776245445951	1.75795185357792	1.7595345186725	1.87395648635123	2.95738745982276
ASV_264_16S	-0.601770626024627	-0.521705272318928	-0.69332279194082	-0.73284919276685	2.33691005554509	2.26759800945365	2.5120637068805	1.7133154382633	1.10994906927504	1.14234081342855	3.24576906406946	3.68319368552365	-2.07845629077207	1.19011492001766	3.81758182450919	3.66097458592987	4.47558924228166	3.11507204920825	2.41901847661304	1.53056201138226	1.44401764722727	1.03915878872826	1.99827673076568
ASV_265_16S	-0.601770626024627	-0.521705272318928	-0.69332279194082	-0.73284919276685	-0.70761238217833	-0.990498528567833	2.56763355803531	2.64285139688747	2.96411410469053	2.09253309697838	-1.37920374921481	2.75495278427883	2.79674103242908	2.57969335633874	2.06504306843442	1.52746582297976	1.31235049771886	1.94825151051361	1.98757788210161	1.31800056939859	2.36030837910143	2.12317227797522	2.80920694698201
ASV_267_16S	2.17081809621515	2.61378894361022	-0.69332279194082	3.47184342662412	-0.70761238217833	-0.990498528567833	-1.04328435460892	-2.09334705150702	0.726956817018936	0.547633705681852	-1.37920374921481	-2.45453336856259	-2.07845629077207	-3.14061842026867	-1.88620065014701	-1.76837104302457	-1.52086284633736	-2.49439974597671	-3.03630263874466	2.60766809482941	1.3944207060879	2.81631945853516	2.45451416424727
ASV_268_16S	-0.601770626024627	-0.521705272318928	-0.69332279194082	-0.73284919276685	-0.70761238217833	-0.990498528567833	-1.04328435460892	-2.09334705150702	2.75070945283818	3.03254035546985	-1.37920374921481	-2.45453336856259	-2.07845629077207	0.260578961393485	-1.88620065014701	-1.76837104302457	-1.52086284633736	-2.49439974597671	-3.03630263874466	2.76181877465666	1.79422007666039	2.61319477411145	1.01744747775395
ASV_269_16S	-0.601770626024627	-0.521705272318928	-0.69332279194082	-0.73284919276685	-0.70761238217833	-0.990498528567833	-1.04328435460892	2.60713331428539	1.68246826204637	1.41263114316846	-1.37920374921481	0.253516832539623	1.09959753957587	1.59558002812582	-1.88620065014701	-1.76837104302457	0.781722246656688	2.89922780037565	1.99413528264777	1.80754879471729	2.04427108089452	-0.710041066080997	-2.16060635259399
ASV_271_16S	-0.601770626024627	-0.521705272318928	-0.69332279194082	-0.73284919276685	-0.70761238217833	1.088943013112	-1.04328435460892	-2.09334705150702	-2.67424056464322	1.41263114316846	1.91663311678952	3.2222204337057	-2.07845629077207	0.97025544390464	3.82090961460187	3.03565000170868	1.91312435814779	-2.49439974597671	0.0547398146136535	-2.3195855903278	1.24870889490651	3.37172471393424	-2.16060635259399
ASV_273_16S	-0.601770626024627	1.27005419690913	2.74066441254433	1.46437538456937	-0.70761238217833	3.03485316216732	2.86873865081923	2.31337219575723	1.10994906927504	1.7068706161664	2.62812943601766	3.48300283651984	1.09959753957587	1.07888928490744	3.35024131268294	3.57873648769289	3.04348534513048	2.88087866170746	1.89095104641254	1.7747589718943	1.77123055843569	1.91099775803158	2.78103607001531
ASV_274_16S	-0.601770626024627	-0.521705272318928	-0.69332279194082	-0.73284919276685	-0.70761238217833	-0.990498528567833	-1.04328435460892	0.951175386216399	-2.67424056464322	1.51271460172544	1.01869152358356	0.184523961052672	1.79274472013582	0.0374354100792749	1.29185318020094	-1.76837104302457	0.964043803450642	-2.49439974597671	-3.03630263874466	-2.3195855903278	-0.118167380356283	1.19950143880344	0.672606991462222
ASV_276_16S	-0.601770626024627	6.59306417604753	-0.69332279194082	-0.73284919276685	-0.70761238217833	4.13940018635524	-1.04328435460892	-2.09334705150702	-2.67424056464322	-2.22495501655793	2.23171416342941	-2.45453336856259	-2.07845629077207	-3.14061842026867	-1.88620065014701	-1.76837104302457	-1.52086284633736	-2.49439974597671	-3.03630263874466	-2.3195855903278	-2.68311673781782	-2.09633542720089	3.88676582645228
ASV_277_16S	-0.601770626024627	-0.521705272318928	-0.69332279194082	2.48602663210135	3.46677488771731	2.90132176954279	4.09251408244135	1.62022501519728	0.0338096364589906	2.00915148803933	4.85127769836367	3.20145844225727	-2.07845629077207	-0.575669062807134	3.52097112131311	3.47865302913591	2.86116378833652	0.939587458508437	0.0547398146136535	-2.3195855903278	-2.68311673781782	-2.09633542720089	1.05826947227421
ASV_278_16S	2.79942675563753	-0.521705272318928	2.30240948161317	-0.73284919276685	-0.70761238217833	-0.990498528567833	-1.04328435460892	1.93200463922813	2.75070945283818	1.64624599434996	-1.37920374921481	0.877671141612617	3.00294807421239	3.2120109760509	-1.88620065014701	-1.76837104302457	1.47486942721663	1.86230908071288	1.87635224699139	2.71085233106464	2.93001136857025	2.71584892817153	1.98252837379754
ASV_281_16S	2.28860113187154	-0.521705272318928	-0.69332279194082	-0.73284919276685	-0.70761238217833	-0.990498528567833	-1.04328435460892	3.89811749560096	2.33639472945304	3.24731565711355	-1.37920374921481	2.20890572554948	2.27825253591752	2.02986557476948	-1.88620065014701	-1.76837104302457	-1.52086284633736	1.37680126493118	2.0451017262398	-2.3195855903278	2.03538213347727	2.85949163040037	1.64605613717633
ASV_282_16S	-0.601770626024627	-0.521705272318928	-0.69332279194082	-0.73284919276685	-0.70761238217833	2.05402390915559	2.13476947573903	-2.09334705150702	-2.67424056464322	-2.22495501655793	1.79885008113313	1.82213275045347	-2.07845629077207	0.155218445735658	2.5911361643312	2.18287267555685	1.31235049771886	0.278188976263072	-3.03630263874466	1.17692197113868	-2.68311673781782	-2.09633542720089	1.17159815758121
ASV_283_16S	-0.601770626024627	4.44810802725707	-0.69332279194082	-0.73284919276685	5.70584657498903	-0.990498528567833	1.7899289894473	0.739866292549192	-2.67424056464322	-2.22495501655793	-1.37920374921481	-2.45453336856259	-2.07845629077207	-1.06117687858884	-0.787588361478899	4.15320737661924	-1.52086284633736	-2.49439974597671	-3.03630263874466	-2.3195855903278	-2.68311673781782	-2.09633542720089	-2.16060635259399
ASV_284_16S	-0.601770626024627	-0.521705272318928	-0.69332279194082	-0.73284919276685	-0.70761238217833	-0.990498528567833	-1.04328435460892	1.49017188694909	1.84754801240582	-2.22495501655793	-1.37920374921481	1.902175458127	2.36419496571825	2.10112859479097	2.36229459190235	2.08177655868548	1.97564471512912	2.37313470447887	2.00064996366897	2.40780222838454	2.25135719531287	2.12317227797522	2.92079801239047
ASV_287_16S	-0.601770626024627	-0.521705272318928	3.04434682634255	-0.73284919276685	-0.70761238217833	4.12749528384892	-1.04328435460892	-2.09334705150702	-2.67424056464322	-2.22495501655793	-1.37920374921481	2.42826855402378	-2.07845629077207	-3.14061842026867	-1.88620065014701	-1.76837104302457	1.61463136959179	2.08031123252667	-3.03630263874466	-2.3195855903278	-2.68311673781782	-2.09633542720089	3.2818113579278
ASV_289_16S	1.00766728640947	-0.521705272318928	-0.69332279194082	-0.73284919276685	1.37182915950151	-0.990498528567833	0.902625794446397	3.45183039297254	0.0338096364589906	0.483095184544281	-1.37920374921481	3.05079816736978	1.72820619899825	0.355889141197809	2.5446161486963	2.45113666215153	1.69801297853084	1.00210781548977	0.547216299711447	0.771456863030517	1.59354938119824	1.61723663950342	-2.16060635259399
ASV_290_16S	-0.601770626024627	-0.521705272318928	-0.69332279194082	-0.73284919276685	4.15220002218334	4.55857755632739	3.05106020761318	1.34064015297812	1.06342905364015	-2.22495501655793	3.15339574393845	2.7604023890464	2.23903182276424	1.54151280685555	3.470385624525	3.09916340743101	2.3292847553727	1.97150837267787	0.460204922721818	-2.3195855903278	-2.68311673781782	-2.09633542720089	0.783832626572446
ASV_291_16S	-0.601770626024627	-0.521705272318928	-0.69332279194082	-0.73284919276685	-0.70761238217833	2.81616396120249	4.06266111929166	3.60038508729568	-2.67424056464322	1.68706798887022	4.65388247258399	3.83518220234641	-2.07845629077207	-3.14061842026867	3.41211671640103	3.00231358144109	3.02243193593265	1.33424165051239	0.971030546487809	-2.3195855903278	-2.68311673781782	-2.09633542720089	2.1961024740956
ASV_294_16S	-0.601770626024627	-0.521705272318928	-0.69332279194082	-0.73284919276685	-0.70761238217833	-0.990498528567833	-1.04328435460892	3.66555472237026	2.83109097128914	2.76547757022081	-1.37920374921481	-2.45453336856259	-2.07845629077207	1.74973070795308	-1.88620065014701	-1.76837104302457	0.676361730998861	2.52948077486957	2.39304299020978	1.29133232231642	1.60734270333057	0.676253295038894	-2.16060635259399
ASV_295_16S	-0.601770626024627	-0.521705272318928	2.89019614651529	3.3102020750677	2.38343007117999	-0.990498528567833	2.74090527930934	-2.09334705150702	-2.67424056464322	-2.22495501655793	2.96460167263887	2.389653717896	0.406450359015929	-3.14061842026867	3.8695415634399	3.08365922089504	1.84643298364912	-0.548489596921396	-3.03630263874466	0.513627753728417	-2.68311673781782	0.736877916855329	3.40007527842153
ASV_297_16S	-0.601770626024627	-0.521705272318928	-0.69332279194082	-0.73284919276685	4.04597780892803	2.94132710415649	3.83951756797745	-2.09334705150702	-2.67424056464322	1.10724949361727	2.57203996936662	2.52220037385799	-2.07845629077207	-1.53118050783457	3.68595338203076	2.06027035346452	-1.52086284633736	-2.49439974597671	-1.24454316951661	-2.3195855903278	-2.68311673781782	-2.09633542720089	-2.16060635259399
ASV_298_16S	6.13756600133255	3.75496084669713	3.83927670121244	2.66834818889531	0.90182553025577	-0.990498528567833	1.90115462455752	0.103877525829196	-0.189333914855219	0.719483962608511	-0.686056568654866	-2.45453336856259	-2.07845629077207	-3.14061842026867	-0.499906289027119	-1.76837104302457	-1.52086284633736	-2.49439974597671	-1.65000827762477	-2.3195855903278	-0.737206588762507	2.22115268633542	2.04408626679697
ASV_299_16S	1.34413952303069	-0.521705272318928	-0.69332279194082	-0.73284919276685	-0.70761238217833	-0.990498528567833	-1.04328435460892	0.679241670732757	0.503813265704726	0.483095184544281	-1.37920374921481	-2.45453336856259	0.754757053284145	0.620581695424891	-1.88620065014701	-1.76837104302457	-1.52086284633736	-0.0965044731783387	-0.397245309129404	-0.240144048647964	0.26132224134862	1.16176111082059	-2.16060635259399
ASV_300_16S	-0.601770626024627	-0.521705272318928	-0.69332279194082	-0.73284919276685	-0.70761238217833	1.89987322932833	2.7633781351614	-2.09334705150702	-2.67424056464322	-2.22495501655793	3.77985154999972	3.6679594409518	-2.07845629077207	-3.14061842026867	2.28818661974863	2.78550584857597	1.1181944832779	-2.49439974597671	-3.03630263874466	-2.3195855903278	-2.68311673781782	-2.09633542720089	-2.16060635259399
ASV_301_16S	1.88313602376337	-0.521705272318928	-0.69332279194082	-0.73284919276685	-0.70761238217833	-0.990498528567833	-1.04328435460892	2.54138193672261	2.60896316409477	1.03314152146355	-1.37920374921481	2.18985753057879	2.70903545200997	2.73991456613203	-1.88620065014701	-1.76837104302457	3.00092573071168	2.8479345059881	2.4232828753995	1.46460404359046	1.63437137571849	1.33765177728426	1.17159815758121
ASV_304_16S	-0.601770626024627	-0.521705272318928	-0.69332279194082	-0.73284919276685	-0.70761238217833	-0.990498528567833	4.18782426224567	1.94970421632753	0.657963945531984	1.2407808862418	3.9389162446294	3.55673380584157	0.69413243146771	-0.196179441102231	3.94568182713651	4.40957307102603	3.68862330650406	1.80966534722746	1.10683208764687	-2.3195855903278	0.535759087050381	1.30486195446127	1.50295529353565
ASV_306_16S	-0.601770626024627	-0.521705272318928	-0.69332279194082	-0.73284919276685	-0.70761238217833	1.20672604876839	-1.04328435460892	-2.09334705150702	-2.67424056464322	-2.22495501655793	2.53281925621333	0.636509084795729	0.319438982026299	-3.14061842026867	1.54778655433814	-0.382076681904683	-1.52086284633736	-2.49439974597671	-3.03630263874466	-2.3195855903278	-2.68311673781782	-2.09633542720089	-2.16060635259399
ASV_307_16S	6.0498012475651	3.6214294540726	2.52555303292738	-0.0397020122069048	-0.70761238217833	-0.297351348007888	-1.04328435460892	-0.147436902451711	0.0338096364589906	1.35856392189818	-1.37920374921481	-2.45453336856259	-2.07845629077207	-2.44747123970873	-1.19305346958706	-1.76837104302457	-1.52086284633736	-1.10810538485682	-1.93769035007655	-0.933291229207909	-0.0440594082025614	2.97256877501934	2.31673046188421
ASV_308_16S	1.47767091565521	-0.521705272318928	-0.69332279194082	-0.73284919276685	-0.70761238217833	-0.990498528567833	-1.04328435460892	2.5606132986505	2.77679788892248	2.24095310209665	-1.37920374921481	-2.45453336856259	2.09593097912357	2.77558364233876	-1.88620065014701	-1.76837104302457	-1.52086284633736	2.57450445624352	2.48515827911758	1.7747589718943	2.39205707741601	2.40347424312938	-2.16060635259399
ASV_309_16S	-0.601770626024627	-0.521705272318928	-0.69332279194082	3.1791738126613	2.98126707193561	3.61467165742026	2.56763355803531	-2.09334705150702	-2.67424056464322	-2.22495501655793	3.67065225803473	3.00929843646302	-2.07845629077207	-3.14061842026867	3.40206638054753	3.67836632864174	2.0054976782788	1.97150837267787	-0.0918636595782223	-2.3195855903278	-2.68311673781782	-2.09633542720089	2.66770738470831
ASV_310_16S	-0.601770626024627	-0.521705272318928	-0.69332279194082	-0.73284919276685	-0.70761238217833	-0.990498528567833	-1.04328435460892	3.56961342862892	2.42562586318098	-2.22495501655793	-1.37920374921481	-2.45453336856259	2.25227704951426	2.01843687894586	-1.88620065014701	-1.76837104302457	-1.52086284633736	-2.49439974597671	1.25415680240373	2.72383952659145	3.003858618522	4.5603910969775	-2.16060635259399
ASV_311_16S	-0.601770626024627	3.21596434596444	-0.69332279194082	-0.73284919276685	-0.70761238217833	-0.990498528567833	-1.04328435460892	1.69084258241124	2.44375324777354	0.0776300764361171	-1.37920374921481	-2.45453336856259	2.14105141440404	2.78095999937515	-1.88620065014701	-1.76837104302457	-1.52086284633736	2.70960694110009	2.84980139270549	3.7086929299029	2.60515029287672	1.73230596928821	-0.214696203538681
ASV_312_16S	-0.601770626024627	-0.521705272318928	3.55517245010854	3.87232099322124	4.56538717638542	2.00523374498616	2.94569969195536	-2.09334705150702	-2.67424056464322	-0.615517104123829	1.75629046671434	1.71985390133305	-2.07845629077207	-1.06117687858884	3.23179316226975	2.49430883401674	0.964043803450642	1.0609483155127	-0.638407365946292	-0.527826121099745	-2.68311673781782	-2.09633542720089	2.2582342552026
ASV_316_16S	-0.601770626024627	-0.521705272318928	-0.69332279194082	-0.73284919276685	-0.70761238217833	-0.990498528567833	-1.04328435460892	3.81473588666191	2.15407317265908	1.27155254490855	-1.37920374921481	0.435838389333578	3.23966370307214	2.95295134977646	-1.88620065014701	-1.76837104302457	0.270896622890697	2.89922780037565	2.85810019552019	2.47620495526894	2.40447959741456	1.43002509741527	-2.16060635259399
ASV_317_16S	-0.601770626024627	-0.521705272318928	-0.69332279194082	3.93997964169506	4.05456155261943	4.12749528384892	3.99366824780471	-2.09334705150702	-2.67424056464322	1.60368637993117	2.97750507747478	2.6330629666698	1.05703792515708	-3.14061842026867	2.70891919998758	2.66244575581874	2.63802023702231	1.11651816666752	1.13808463115097	1.20677493428836	0.45237747811133	-2.09633542720089	2.48378454654738
ASV_318_16S	3.66090925101669	3.16717418179501	3.78401402253739	-0.73284919276685	-0.70761238217833	-0.990498528567833	-1.04328435460892	1.62022501519728	2.22359923530769	1.14234081342855	-1.37920374921481	2.011374750092	1.9105277557922	2.18239155886974	2.13915104058814	-1.76837104302457	-1.52086284633736	1.73970675862055	1.42960547990992	1.80754879471729	1.78279138083676	1.5412507325255	3.2818113579278
ASV_320_16S	-0.601770626024627	-0.521705272318928	-0.69332279194082	-0.73284919276685	-0.70761238217833	-0.990498528567833	-1.04328435460892	-2.09334705150702	-2.67424056464322	-2.22495501655793	2.3343683174895	3.42878901992569	4.13414980497945	1.39198107288459	0.947012693909207	1.12200071487159	-1.52086284633736	0.596642707381607	0.834898372163229	2.5087281469745	2.04427108089452	2.23439791308544	2.54892384871834
ASV_321_16S	-0.601770626024627	-0.521705272318928	-0.69332279194082	-0.73284919276685	-0.70761238217833	-0.990498528567833	-1.04328435460892	-2.09334705150702	-2.67424056464322	-2.22495501655793	-1.37920374921481	1.15638454408164	1.32274109089008	1.72691603018691	1.72471726249722	2.90445779143733	1.25172587590242	2.08031123252667	0.00821979897876046	2.884421096749	1.92205344817027	4.05426734124539	3.0434003344828
ASV_322_16S	-0.601770626024627	-0.521705272318928	-0.69332279194082	-0.73284919276685	-0.70761238217833	-0.990498528567833	-1.04328435460892	-2.09334705150702	-2.67424056464322	1.17624236510423	-1.37920374921481	1.35212912120773	1.58510535535757	1.64687332251337	-1.88620065014701	-1.76837104302457	-1.52086284633736	-2.49439974597671	0.519045422744751	-2.3195855903278	-2.68311673781782	-2.09633542720089	-2.16060635259399
ASV_324_16S	-0.601770626024627	-0.521705272318928	2.9175951207034	2.48602663210135	2.42788183375082	2.05402390915559	2.74090527930934	2.12616065366908	1.10994906927504	1.20903218792722	3.20576372945576	2.54941293738287	-2.07845629077207	-0.250246662372506	2.81427971564541	2.75341753402447	2.60627153870773	1.37680126493118	0.627259007384984	0.676146683226191	0.0249334632843903	1.27096040278559	3.00417962132952
ASV_325_16S	-0.601770626024627	-0.521705272318928	-0.69332279194082	-0.73284919276685	-0.70761238217833	-0.990498528567833	-1.04328435460892	3.07143892241649	2.61906426008127	2.33939317490991	0.818020828121409	1.01120253423714	2.78907815968351	2.99710863381756	0.886388072092772	1.27615139469885	1.1181944832779	1.00210781548977	1.45233373098748	2.15775122415041	2.62018817024126	2.80893935123754	1.84672683263848
ASV_327_16S	-0.601770626024627	-0.521705272318928	-0.69332279194082	-0.73284919276685	-0.70761238217833	-0.990498528567833	-1.04328435460892	2.36100024474648	2.92787825623648	2.42900533359959	-1.37920374921481	-2.45453336856259	2.23903182276424	3.15649089966526	-1.88620065014701	-1.76837104302457	-1.52086284633736	0.80143712002762	1.94730398296367	2.30538722295647	3.29323417148011	2.16634444984043	-2.16060635259399
ASV_328_16S	3.68868881512376	3.00465525229723	4.15086429451777	3.3102020750677	-0.70761238217833	3.29996091258056	3.48931513854434	1.9670959590394	0.759746639841927	2.39016550028333	1.87889278880667	0.318055353677194	1.25374821940313	-0.501561090653412	1.80267880396693	1.40968278732337	1.42357613282908	1.0609483155127	-0.638407365946292	-0.710147677893699	-0.285221465019449	2.32250518059571	1.99827673076568
ASV_331_16S	-0.601770626024627	-0.521705272318928	-0.69332279194082	3.3102020750677	-0.70761238217833	-0.990498528567833	-1.04328435460892	-2.09334705150702	-2.67424056464322	-2.22495501655793	2.53281925621333	0.877671141612617	-2.07845629077207	-3.14061842026867	2.39046546886905	1.81514789543154	-1.52086284633736	-2.49439974597671	-3.03630263874466	-2.3195855903278	-2.68311673781782	-2.09633542720089	2.1961024740956
ASV_332_16S	-0.601770626024627	-0.521705272318928	-0.69332279194082	-0.73284919276685	-0.70761238217833	-0.990498528567833	-1.04328435460892	4.32011190566033	2.47905102985456	2.74485828301807	-1.37920374921481	-2.45453336856259	3.48606411655062	1.76465635816976	-1.88620065014701	-1.76837104302457	1.73723369168412	2.48920687573163	2.3573249076077	2.08713365693645	1.80551963191432	1.08171840314706	-2.16060635259399
ASV_333_16S	-0.601770626024627	-0.521705272318928	-0.69332279194082	-0.73284919276685	-0.70761238217833	-0.990498528567833	-1.04328435460892	3.88300385779091	1.70778607003066	1.78237816867454	2.82548887017615	-2.45453336856259	-2.07845629077207	-3.14061842026867	-1.88620065014701	-1.76837104302457	-1.52086284633736	-2.49439974597671	-3.03630263874466	-2.3195855903278	-2.68311673781782	-2.09633542720089	-2.16060635259399
ASV_334_16S	1.88313602376337	-0.521705272318928	-0.69332279194082	-0.73284919276685	-0.70761238217833	-0.990498528567833	-1.04328435460892	2.33746974733629	3.12787781073384	1.93392806680174	-1.37920374921481	-2.45453336856259	2.34038431702453	2.73149936920675	-1.88620065014701	-1.76837104302457	1.36950891155881	2.28472374713482	2.05129369648772	2.40780222838454	2.94090076836952	2.85242446317728	-0.0811648109141583
ASV_335_16S	-0.601770626024627	-0.521705272318928	-0.69332279194082	-0.73284919276685	-0.70761238217833	1.40739674423054	3.94714823216982	2.93709086988541	0.822266996823261	2.14449283590909	1.79885008113313	3.20494884719703	1.72820619899825	0.919824590277748	3.5776311548786	3.82634033657726	2.79662526719895	2.68174998659712	2.13984709382917	1.65070632322432	0.927801174826405	1.30486195446127	1.95026751157932
ASV_337_16S	0.496841662643482	0.171441908241017	-0.69332279194082	-0.73284919276685	-0.70761238217833	2.14499568736132	-1.04328435460892	-0.301587582278969	-0.477015987307	-2.22495501655793	-1.37920374921481	-0.151948275568541	0.000985250907764357	-0.0960959825452479	0.193240891532827	-0.382076681904683	-0.422250557669248	-0.191814652982663	-1.42686472631056	-0.240144048647964	-0.891357268589765	-0.304575957972832	-0.774311991474103
ASV_339_16S	-0.601770626024627	-0.521705272318928	-0.69332279194082	-0.73284919276685	-0.70761238217833	-0.990498528567833	-1.04328435460892	1.27394877847945	2.43774722371332	2.4845751847544	-1.37920374921481	-2.45453336856259	2.15565021382519	3.35916862038718	-1.88620065014701	1.12200071487159	-1.52086284633736	-2.49439974597671	-3.03630263874466	-2.3195855903278	1.80551963191432	3.86466991242239	-2.16060635259399
ASV_340_16S	-0.601770626024627	-0.521705272318928	-0.69332279194082	-0.73284919276685	-0.70761238217833	3.42834207922877	4.15521267665691	2.01752681266629	-2.67424056464322	2.15707161811595	3.17467314238573	2.97481226039185	-2.07845629077207	0.117478117752811	3.73057044751956	3.88411813724408	2.62227188005417	1.53095194475844	1.24036348027139	-2.3195855903278	-2.68311673781782	-2.09633542720089	1.64605613717633
ASV_343_16S	1.18998884320343	-0.521705272318928	1.94573453767444	2.10036415128937	1.77729426760967	-0.990498528567833	0.566153557825184	0.209238041487022	0.321491708910771	1.48861705014638	-1.37920374921481	0.723520461785359	0.560601038843187	0.226677409717803	1.57953525265272	2.94115915828776	2.28579964343296	0.450039233189731	1.75948790685208	2.56321633225857	3.51536197867449	3.40492278334384	1.33590120887249
ASV_344_16S	-0.601770626024627	-0.521705272318928	1.87162656552072	3.95849868946229	-0.70761238217833	-0.990498528567833	-1.04328435460892	2.28867958316686	1.25758506808111	1.80039667417722	5.01438700473582	1.1830527911638	-2.07845629077207	-3.14061842026867	4.00820218411784	1.89519060310507	-1.52086284633736	-2.49439974597671	-3.03630263874466	1.36929386378614	-2.68311673781782	2.27311242526613	1.7105946583139
ASV_345_16S	-0.601770626024627	-0.521705272318928	-0.69332279194082	-0.73284919276685	-0.70761238217833	-0.990498528567833	-1.04328435460892	0.997695401851292	-2.67424056464322	1.0708818494464	0.412555720013244	0.589989069160836	1.68274382492149	0.0374354100792749	1.24929356578214	1.00421767921521	0.781722246656688	-0.548489596921396	-0.638407365946292	0.165321059460201	-0.603675196137984	0.611714773901323	0.883916085129429
ASV_347_16S	-0.601770626024627	-0.521705272318928	-0.69332279194082	-0.73284919276685	-0.70761238217833	-0.990498528567833	-1.04328435460892	2.26336177518257	2.71025449814587	1.9181797098336	-1.37920374921481	-2.45453336856259	2.85601764235862	2.95970053175139	-1.88620065014701	-1.76837104302457	-1.52086284633736	1.33424165051239	2.01355336850487	2.54794886012778	1.87076015378272	3.34608228332091	-2.16060635259399
ASV_348_16S	-0.601770626024627	-0.521705272318928	0.916115120493281	1.0589102764612	-0.70761238217833	-0.990498528567833	-1.04328435460892	-2.09334705150702	-2.67424056464322	1.43860662957172	-1.37920374921481	-2.45453336856259	2.03241757340124	0.848365626295604	1.8273714165573	1.45050478184363	1.1181944832779	-0.29717516864049	-0.0405703651906717	-2.3195855903278	0.843243786798342	-2.09633542720089	0.974887863335156
ASV_350_16S	-0.601770626024627	-0.521705272318928	-0.69332279194082	-0.73284919276685	-0.70761238217833	1.71755167253438	-1.04328435460892	-2.09334705150702	-2.67424056464322	-2.22495501655793	1.91663311678952	-2.45453336856259	-2.07845629077207	-3.14061842026867	2.20814391207509	4.41783758087592	-1.52086284633736	-2.49439974597671	-3.03630263874466	-2.3195855903278	-2.68311673781782	-2.09633542720089	-2.16060635259399
ASV_351_16S	2.10627957507758	1.42420487673638	-0.69332279194082	-0.73284919276685	-0.70761238217833	1.64855880104743	1.35461091818945	2.11134556788394	2.05314725406912	2.03772486048339	-1.37920374921481	0.841303497441742	3.54556121541527	3.18910248525403	-1.88620065014701	-1.76837104302457	-1.52086284633736	1.00210781548977	1.734381985721	2.88990056251362	2.18441771263776	2.41452407931596	0.974887863335156
ASV_356_16S	-0.601770626024627	-0.521705272318928	-0.69332279194082	2.52524734525463	2.00043781892388	-0.990498528567833	2.21481218341257	-2.09334705150702	-2.67424056464322	-2.22495501655793	1.61652852433918	2.62064044667124	-2.07845629077207	-3.14061842026867	1.89798898377125	-1.76837104302457	2.37095745177327	-2.49439974597671	1.86897213969377	3.87072981552535	1.56537850423154	-2.09633542720089	-2.16060635259399
ASV_357_16S	3.0091472866196	-0.521705272318928	-0.69332279194082	-0.73284919276685	-0.70761238217833	-0.990498528567833	-1.04328435460892	1.93200463922813	0.936677348001005	2.70951891657276	0.230234163219289	0.378679975493629	1.32274109089008	1.10787682178069	1.15832178757641	1.48972549499691	1.18718735476485	0.64109446995244	1.10683208764687	2.46790615245425	2.55863027724182	4.15941461455248	1.62358328132427
ASV_358_16S	-0.601770626024627	-0.521705272318928	-0.69332279194082	-0.73284919276685	-0.70761238217833	-0.990498528567833	-1.04328435460892	2.47100113996081	1.62982452856095	3.44492590642259	-1.37920374921481	1.70434971479708	-2.07845629077207	-3.14061842026867	3.12443464394925	3.52994632352346	3.35433447686379	2.28472374713482	1.89817129438603	1.31800056939859	1.47576634554185	2.45754146439965	2.64341469213926
ASV_360_16S	3.24837697568543	-0.521705272318928	-0.69332279194082	-0.73284919276685	-0.70761238217833	2.34170598160737	2.0477580987494	-2.09334705150702	0.989321081486427	1.90217936848716	-1.37920374921481	2.06725520848645	2.11119845125435	1.00251630612286	2.50824850452543	-1.76837104302457	1.1181944832779	1.80966534722746	1.7172875523617	3.20984349718362	1.52157588157315	1.94671584063366	2.46436646069028
ASV_361_16S	-0.601770626024627	-0.521705272318928	-0.69332279194082	-0.73284919276685	-0.70761238217833	-0.990498528567833	-1.04328435460892	-2.09334705150702	1.35111112609193	-2.22495501655793	-1.37920374921481	1.4166676423453	1.81336400733856	1.38117015678037	-1.88620065014701	-1.76837104302457	-1.52086284633736	0.683654084371236	0.259534227259667	0.81590862560135	0.782619164981907	-2.09633542720089	2.54892384871834
ASV_362_16S	3.18241900789363	3.0892126403253	3.76102450431269	-0.73284919276685	-0.70761238217833	-0.990498528567833	-1.04328435460892	0.79702470638914	1.55986593995404	0.665416741338236	-1.37920374921481	0.912762461423887	1.21738057523226	1.33671839420954	0.511694622651361	1.00421767921521	-1.52086284633736	1.16916190015294	0.914941079836765	0.513627753728417	1.16703086389224	1.51458248544334	2.36118222445505
ASV_363_16S	-0.601770626024627	-0.521705272318928	-0.69332279194082	-0.73284919276685	-0.70761238217833	-0.990498528567833	-1.04328435460892	-2.09334705150702	0.657963945531984	1.35856392189818	-1.37920374921481	-2.45453336856259	1.61042316334186	0.666044069501649	-1.88620065014701	-1.76837104302457	-1.52086284633736	-2.49439974597671	-3.03630263874466	-2.3195855903278	-2.68311673781782	-2.09633542720089	-2.16060635259399
ASV_364_16S	-0.601770626024627	2.65634855802902	-0.69332279194082	1.75205745702115	2.12560096187789	-0.990498528567833	2.13476947573903	2.85541283887114	0.963345595083166	2.5541684765536	1.51116800868135	-0.151948275568541	-2.07845629077207	-0.838033327274625	0.193240891532827	0.716535606763426	-1.52086284633736	-0.0965044731783387	0.259534227259667	-0.240144048647964	-0.891357268589765	-0.150425278145574	0.237288920204377
ASV_365_16S	-0.601770626024627	-0.521705272318928	-0.69332279194082	-0.73284919276685	-0.70761238217833	-0.990498528567833	-1.04328435460892	0.304548221291347	-2.67424056464322	1.0708818494464	0.230234163219289	0.803563169458895	1.9105277557922	0.666044069501649	-0.0944411809189543	0.311070498655262	0.425047302717955	-2.49439974597671	-3.03630263874466	-0.240144048647964	-0.737206588762507	-0.150425278145574	0.672606991462222
ASV_368_16S	-0.601770626024627	-0.521705272318928	2.89019614651529	3.61095622908683	-0.70761238217833	3.19915621345859	3.66624584670342	-2.09334705150702	1.70778607003066	1.78237816867454	-1.37920374921481	2.1201776099408	-2.07845629077207	1.12206145677264	2.88448397431866	2.90445779143733	-1.52086284633736	1.67998752391893	0.677269427959645	1.11440161415735	1.16703086389224	1.73230596928821	2.99268524190379
ASV_369_16S	-0.601770626024627	-0.521705272318928	-0.69332279194082	-0.73284919276685	-0.70761238217833	-0.990498528567833	-1.04328435460892	2.18331906750903	1.7684106918471	3.07336234999011	-1.37920374921481	1.58851789927196	1.9288768944604	2.56316405438753	1.00417110774916	-1.76837104302457	1.69801297853084	2.13057306730756	1.98757788210161	2.4166128580667	2.6350032560264	2.57649340726102	1.95026751157932
ASV_370_16S	-0.601770626024627	-0.521705272318928	-0.69332279194082	-0.73284919276685	-0.70761238217833	-0.990498528567833	-1.04328435460892	1.62022501519728	2.37561544260632	-2.22495501655793	-1.37920374921481	0.253516832539623	2.91875598299204	3.47544676486415	-1.88620065014701	-1.76837104302457	-1.52086284633736	2.49603284080203	2.61618654152399	2.37176229190134	2.05308171057668	0.948187010522536	-2.16060635259399
ASV_376_16S	-0.601770626024627	-0.521705272318928	-0.69332279194082	-0.73284919276685	-0.70761238217833	-0.990498528567833	-1.04328435460892	-2.09334705150702	-2.67424056464322	-2.22495501655793	-1.37920374921481	2.04527630176768	0.69413243146771	-3.14061842026867	-1.88620065014701	-1.76837104302457	-1.52086284633736	0.144657583638549	-0.471353281283126	-2.3195855903278	-2.68311673781782	-2.09633542720089	-2.16060635259399
ASV_377_16S	2.48927182733369	2.04324408514261	-0.69332279194082	-0.73284919276685	-0.70761238217833	-0.990498528567833	2.35791302705324	-2.09334705150702	-2.67424056464322	-2.22495501655793	2.40498588470345	-2.45453336856259	-2.07845629077207	-3.14061842026867	2.17424236039941	1.22736123052942	-1.52086284633736	-2.49439974597671	-3.03630263874466	-2.3195855903278	-2.68311673781782	1.85490829138054	3.81065548719647
ASV_378_16S	-0.601770626024627	-0.521705272318928	2.99555666217312	2.98072287393746	-0.70761238217833	-0.990498528567833	-1.04328435460892	1.34064015297812	1.64324754889309	1.83548799398849	-1.37920374921481	1.25903869814172	1.83356671465607	1.4443490584019	2.28818661974863	2.35876334202052	1.8803345353248	1.53095194475844	1.10683208764687	1.08161179133436	1.60734270333057	1.774865583707	3.55970542401342
ASV_379_16S	4.45447517932368	4.61409316473133	-0.69332279194082	-0.73284919276685	-0.70761238217833	-0.990498528567833	-1.04328435460892	-2.09334705150702	2.4905454092803	1.33039304493148	-1.37920374921481	-2.45453336856259	-2.07845629077207	-0.00512420433952121	-1.88620065014701	-1.76837104302457	-1.52086284633736	-2.49439974597671	-3.03630263874466	2.14632252832678	2.38578746440241	3.85430712538684	1.73121394551663
ASV_381_16S	-0.601770626024627	-0.521705272318928	-0.69332279194082	3.86227065736774	-0.70761238217833	-0.990498528567833	3.76073669012434	2.46052984009352	-2.67424056464322	-2.22495501655793	4.42893874076563	2.31615125590308	-2.07845629077207	-3.14061842026867	3.46090688057046	2.82674880711002	-1.52086284633736	-2.49439974597671	-3.03630263874466	-2.3195855903278	-2.68311673781782	-2.09633542720089	2.76664733256321
ASV_382_16S	-0.601770626024627	-0.521705272318928	-0.69332279194082	-0.73284919276685	-0.70761238217833	-0.990498528567833	-1.04328435460892	1.59553240260691	1.89010762682462	0.0776300764361171	-1.37920374921481	1.82213275045347	2.47542060082847	2.60238476754081	-1.88620065014701	-0.158933130590474	1.42357613282908	3.25499323993154	2.49312644876676	2.14632252832678	1.32421644741465	-2.09633542720089	-0.368846883365939
ASV_383_16S	3.45867238452179	-0.521705272318928	-0.69332279194082	-0.73284919276685	-0.70761238217833	-0.990498528567833	-1.04328435460892	1.27394877847945	0.90927837381289	1.46392443755601	-1.37920374921481	-2.45453336856259	-2.07845629077207	-0.0960959825452479	-1.88620065014701	-1.76837104302457	-1.52086284633736	-2.49439974597671	0.490057885871499	2.26538188834277	3.43718068113313	4.10620008998704	3.15259962644779
ASV_384_16S	-0.601770626024627	-0.521705272318928	2.67397303804565	-0.73284919276685	-0.70761238217833	-0.990498528567833	-1.04328435460892	-2.09334705150702	1.31474348192106	1.88591884761538	-1.37920374921481	1.37410802792651	1.58510535535757	1.42372977119917	2.3333070550291	2.30916640088115	-1.52086284633736	1.41762325945144	1.18320506643144	-2.3195855903278	-2.68311673781782	-2.09633542720089	3.19597992207802
ASV_386_16S	-0.601770626024627	-0.521705272318928	-0.69332279194082	-0.73284919276685	-0.70761238217833	-0.990498528567833	-1.04328435460892	-2.09334705150702	-2.67424056464322	-2.22495501655793	2.60978029734946	3.09454271633263	4.57827023340632	1.26610082699558	-1.88620065014701	0.0233884262034809	-1.52086284633736	-0.191814652982663	-3.03630263874466	1.44161452536576	0.45237747811133	0.676253295038894	0.783832626572446
ASV_387_16S	-0.601770626024627	-0.521705272318928	-0.69332279194082	-0.73284919276685	-0.70761238217833	-0.990498528567833	-1.04328435460892	1.49017188694909	2.3229717091209	1.48861705014638	-1.37920374921481	0.841303497441742	1.55912986895431	2.44663023813158	0.678748707314528	1.06484230103164	-1.52086284633736	1.86230908071288	1.90533978386464	2.14632252832678	2.29361700460275	2.2474699946528	2.69142391132562
ASV_388_16S	3.22687077046447	1.67551930501729	2.01472740916139	-0.73284919276685	1.23829776687698	2.44348867591731	-1.04328435460892	1.2024898144973	2.06195788375128	2.58722933881449	-1.37920374921481	1.47729226416174	2.36419496571825	2.38483451886311	1.6691474113424	-1.76837104302457	-1.52086284633736	1.86230908071288	1.90533978386464	1.59243741510035	1.96127416132355	1.774865583707	2.66770738470831
ASV_389_16S	-0.601770626024627	-0.521705272318928	-0.69332279194082	-0.73284919276685	-0.70761238217833	-0.990498528567833	-1.04328435460892	-2.09334705150702	3.02285292186219	2.70229866859928	-1.37920374921481	-2.45453336856259	2.55627269745756	3.19443583122939	-1.88620065014701	-1.76837104302457	-1.52086284633736	-2.49439974597671	-3.03630263874466	2.31514339790184	2.78915393585366	1.98120201670483	-2.16060635259399
ASV_390_16S	-0.601770626024627	-0.521705272318928	-0.69332279194082	-0.73284919276685	-0.70761238217833	-0.990498528567833	-1.04328435460892	3.0828026810668	2.14604100096182	2.92253946025552	-1.37920374921481	-0.151948275568541	0.486493066689465	1.8081414701095	-1.88620065014701	-1.76837104302457	1.36950891155881	0.550122691746714	1.75118910403738	0.676146683226191	1.20870356029281	1.12254039766731	-2.16060635259399
ASV_392_16S	-0.601770626024627	-0.521705272318928	-0.69332279194082	-0.73284919276685	-0.70761238217833	-0.990498528567833	-1.04328435460892	-2.09334705150702	-2.67424056464322	-2.22495501655793	2.71514081300729	3.71298312232575	3.13102986206935	-0.65571177048067	-1.88620065014701	1.12200071487159	0.558578695342478	0.724476078891491	-0.471353281283126	2.77416461047896	2.45268169923244	2.71584892817153	2.38268842967601
ASV_396_16S	-0.601770626024627	5.8481957105093	-0.69332279194082	-0.73284919276685	-0.70761238217833	-0.990498528567833	-1.04328435460892	-2.09334705150702	2.12978048009004	-2.22495501655793	-1.37920374921481	-2.45453336856259	1.38727961202766	2.70002323710473	-1.88620065014701	-1.76837104302457	-1.52086284633736	1.11651816666752	1.25415680240373	2.88990056251362	2.30731584896092	1.59254402691305	0.672606991462222
ASV_397_16S	2.17081809621515	-0.521705272318928	2.63888171823438	-0.73284919276685	-0.70761238217833	1.84271481548838	-1.04328435460892	-2.09334705150702	2.28158649295804	3.6301169056445	-1.37920374921481	-2.45453336856259	-2.07845629077207	-3.14061842026867	-1.88620065014701	-1.76837104302457	-1.52086284633736	1.88762688869717	1.49629685440859	0.938510947693683	0.81339082364866	1.43002509741527	2.29374094365951
ASV_400_16S	-0.601770626024627	-0.521705272318928	-0.69332279194082	-0.73284919276685	-0.70761238217833	-0.990498528567833	-1.04328435460892	0.614703149595186	-2.67424056464322	-0.433195547329874	0.923381343779235	-2.45453336856259	1.2888395392144	-0.00512420433952121	0.678748707314528	-1.76837104302457	0.676361730998861	-1.3957874573086	-3.03630263874466	0.245363767133737	-0.603675196137984	-2.09633542720089	0.611982369645787
ASV_402_16S	2.6940662399797	-0.521705272318928	1.60926230105323	-0.73284919276685	-0.70761238217833	1.31208656442621	1.95244791894507	1.34064015297812	1.7684106918471	1.0708818494464	0.923381343779235	1.902175458127	1.99908115313365	1.77936250555945	1.54778655433814	1.5989247869619	1.52365959138606	2.00540992435356	1.63652619571724	1.59243741510035	1.3773262727286	1.85490829138054	3.19597992207802
ASV_401_16S	-0.601770626024627	-0.521705272318928	2.52555303292738	3.55761024838154	3.20441062324982	3.56337836303271	2.64559509950502	-2.09334705150702	-2.67424056464322	-2.22495501655793	2.51261654889582	1.75015925082838	-2.07845629077207	-3.14061842026867	2.89292284296452	1.99282907266899	2.09005506630687	2.14032924225293	-3.03630263874466	-0.527826121099745	-2.68311673781782	-2.09633542720089	1.73121394551663
ASV_406_16S	-0.601770626024627	-0.521705272318928	-0.69332279194082	-0.73284919276685	-0.70761238217833	-0.990498528567833	-1.04328435460892	1.77785395940087	2.46742299185944	-2.22495501655793	-1.37920374921481	0.435838389333578	2.55627269745756	2.92316678841894	-1.88620065014701	-1.76837104302457	1.1181944832779	1.75409549607265	2.00064996366897	-2.3195855903278	2.37947829520915	2.22115268633542	-0.0811648109141583
ASV_407_16S	-0.601770626024627	-0.521705272318928	-0.69332279194082	2.4452046375811	2.38343007117999	-0.990498528567833	3.2193955224324	-2.09334705150702	-2.67424056464322	-2.22495501655793	2.42745874055551	4.17218438068644	-2.07845629077207	-3.14061842026867	2.71896953584108	3.14428384271148	2.84858500612966	-2.49439974597671	-1.24454316951661	-2.3195855903278	-2.68311673781782	-2.09633542720089	-2.16060635259399
ASV_408_16S	-0.601770626024627	5.17538821418648	-0.69332279194082	2.59935531740835	3.29972080305414	2.18755530178011	-1.04328435460892	-2.09334705150702	-2.67424056464322	-2.22495501655793	2.59108816433731	-2.45453336856259	-2.07845629077207	-3.14061842026867	2.20814391207509	2.14365196240357	-1.52086284633736	0.501332527577282	-3.03630263874466	-2.3195855903278	-2.68311673781782	0.948187010522536	3.2818113579278
ASV_410_16S	-0.601770626024627	-0.521705272318928	-0.69332279194082	-0.73284919276685	-0.70761238217833	2.34170598160737	1.84708740328725	0.103877525829196	0.503813265704726	0.665416741338236	-1.37920374921481	1.01120253423714	3.14189953430625	1.22882943219835	1.77736099598264	1.5989247869619	2.3292847553727	2.28472374713482	2.46086558654854	2.52460149613079	1.35993453001673	1.5412507325255	-2.16060635259399
ASV_411_16S	-0.601770626024627	-0.521705272318928	-0.69332279194082	-0.73284919276685	-0.70761238217833	-0.990498528567833	-1.04328435460892	2.0963076905194	2.30936605706512	2.8119975858557	-1.37920374921481	-2.45453336856259	1.25374821940313	2.5894813627049	-1.88620065014701	-1.76837104302457	-1.52086284633736	2.9820638059548	2.8216305157388	1.08161179133436	0.843243786798342	-0.150425278145574	1.24059102906816
ASV_412_16S	-0.601770626024627	-0.521705272318928	-0.69332279194082	-0.73284919276685	-0.70761238217833	-0.990498528567833	-1.04328435460892	0.997695401851292	1.87963632695732	3.6214837584998	-1.37920374921481	0.912762461423887	-2.07845629077207	0.902432847565879	0.821849550955201	1.84254686961965	2.62227188005417	-2.49439974597671	1.86153716120625	1.79128827384551	1.91200311231677	0.794036330695277	-0.551168440159894
ASV_413_16S	-0.601770626024627	-0.521705272318928	-0.69332279194082	-0.73284919276685	-0.70761238217833	-0.990498528567833	-1.04328435460892	2.68577644160451	0.216131193252945	2.81847010036132	-1.37920374921481	1.53445067800169	-2.07845629077207	-0.250246662372506	-1.88620065014701	-1.76837104302457	-1.52086284633736	-2.49439974597671	-3.03630263874466	-2.3195855903278	0.494937092530126	0.611714773901323	1.09749018542749
ASV_414_16S	-0.601770626024627	-0.521705272318928	-0.69332279194082	3.13835181814104	4.87211744380789	2.34170598160737	2.56763355803531	-2.09334705150702	-2.67424056464322	-2.22495501655793	3.56243867339449	0.489905610603854	-2.07845629077207	-3.14061842026867	1.72471726249722	2.25698064771058	0.558578695342478	-0.702640276748654	-3.03630263874466	-2.3195855903278	-2.68311673781782	-2.09633542720089	-2.16060635259399
ASV_415_16S	-0.601770626024627	-0.521705272318928	-0.69332279194082	-0.73284919276685	-0.70761238217833	-0.990498528567833	-1.04328435460892	-2.09334705150702	1.74460004315338	1.0708818494464	-1.37920374921481	-2.45453336856259	1.55912986895431	0.771404585159475	-1.88620065014701	-1.76837104302457	-1.52086284633736	1.35574785573335	3.19810808697371	3.85628167977796	1.34223495291733	3.09662142368932	-2.16060635259399
ASV_416_16S	-0.601770626024627	-0.521705272318928	-0.69332279194082	1.83210016469469	2.06497634006145	4.65847570959337	2.45322320685756	-2.09334705150702	-2.67424056464322	-2.22495501655793	2.89746236980124	3.41758442091283	-2.07845629077207	-0.7427231474703	2.57970746850757	2.25698064771058	2.0054976782788	1.03196077863945	0.429433264055064	0.453003131911982	-2.68311673781782	-2.09633542720089	-2.16060635259399
ASV_421_16S	-0.601770626024627	-0.521705272318928	-0.69332279194082	-0.73284919276685	-0.70761238217833	-0.990498528567833	-1.04328435460892	1.8384785812173	2.54069519296577	1.14234081342855	-1.37920374921481	0.764342456305614	2.79674103242908	3.13037001158963	-1.88620065014701	-1.76837104302457	0.676361730998861	1.9829370685015	1.84649928384171	1.88510702906317	2.1290676175546	1.19950143880344	-2.16060635259399
ASV_422_16S	3.45867238452179	2.31150807173729	2.25111618722562	-0.73284919276685	-0.70761238217833	-0.990498528567833	-1.04328435460892	1.43301347310914	2.04425830665187	1.27155254490855	-1.37920374921481	-0.0566380957642161	2.17003895127729	1.56891178104366	1.29185318020094	-1.76837104302457	-1.52086284633736	1.43742588674762	1.67322756256767	2.26538188834277	2.02641346349451	2.35801186905262	3.09688901943379
ASV_424_16S	-0.601770626024627	-0.521705272318928	-0.69332279194082	-0.73284919276685	-0.70761238217833	-0.990498528567833	-1.04328435460892	-2.09334705150702	2.15407317265908	1.46392443755601	-1.37920374921481	2.52220037385799	2.21200315037632	2.42006321074686	-1.88620065014701	-1.76837104302457	-1.52086284633736	2.01645976054014	1.40634861774565	-2.3195855903278	-2.68311673781782	-2.09633542720089	2.65157800277842
ASV_425_16S	-0.601770626024627	-0.521705272318928	-0.69332279194082	-0.73284919276685	-0.70761238217833	3.06994448197859	2.17559147025928	-2.09334705150702	-2.67424056464322	-2.22495501655793	1.56523522995163	2.40527903579909	-2.07845629077207	-3.14061842026867	1.64015987446915	2.25698064771058	0.964043803450642	0.395972011919455	-3.03630263874466	-2.3195855903278	-2.68311673781782	-2.09633542720089	1.24059102906816
ASV_426_16S	-0.601770626024627	-0.521705272318928	-0.69332279194082	-0.73284919276685	-0.70761238217833	2.00523374498616	-1.04328435460892	-2.09334705150702	2.72843681722906	2.03772486048339	-1.37920374921481	-2.45453336856259	2.44333228627697	2.91616559295995	-1.88620065014701	-1.76837104302457	-1.52086284633736	-2.49439974597671	1.10683208764687	2.11123120851551	2.25852568479148	1.774865583707	1.62358328132427
ASV_427_16S	-0.601770626024627	-0.521705272318928	-0.69332279194082	-0.73284919276685	-0.70761238217833	-0.990498528567833	-1.04328435460892	-2.09334705150702	1.35111112609193	-2.22495501655793	-1.37920374921481	0.946664013099569	1.2888395392144	1.018264663091	-1.88620065014701	-1.76837104302457	-1.52086284633736	0.939587458508437	0.652576815369274	1.88510702906317	0.872231323671594	-2.09633542720089	1.88244491524056
ASV_428_16S	-0.601770626024627	-0.521705272318928	-0.69332279194082	-0.73284919276685	-0.70761238217833	-0.990498528567833	-1.04328435460892	2.89025957020131	1.87963632695732	-2.22495501655793	-1.37920374921481	3.08673017659584	2.90515033093626	2.36471311566369	-1.88620065014701	-1.76837104302457	-1.52086284633736	2.30139079962003	1.79997926820682	2.54794886012778	1.82774276869903	-2.09633542720089	-2.16060635259399
ASV_429_16S	-0.601770626024627	-0.521705272318928	-0.69332279194082	-0.73284919276685	-0.70761238217833	2.22837729630037	-1.04328435460892	-2.09334705150702	-2.67424056464322	1.2407808862418	1.95300076096039	0.764342456305614	1.32274109089008	-0.00512420433952121	2.30345409187942	2.37476368336696	1.73723369168412	-2.49439974597671	0.933989274807459	1.44161452536576	1.32421644741465	2.95991037814742	-2.16060635259399
ASV_430_16S	-0.601770626024627	5.09869559339822	1.25258735711449	-0.73284919276685	-0.70761238217833	-0.990498528567833	-1.04328435460892	0.545710278108234	1.15440083184588	0.41410231305733	-1.37920374921481	0.680960847366563	1.81336400733856	1.97737539214808	1.20484180321131	2.37476368336696	1.1181944832779	2.86689241973272	2.22119273328312	2.9061610833854	0.90040220063829	0.948187010522536	1.79063736598743
ASV_431_16S	-0.601770626024627	-0.521705272318928	-0.69332279194082	-0.73284919276685	-0.70761238217833	-0.990498528567833	-1.04328435460892	0.471602305954513	-2.67424056464322	1.0708818494464	0.700237792465025	0.541198904991404	1.47689177071734	0.0782574045995297	-1.88620065014701	0.796578314436963	-1.52086284633736	-0.414958204296874	-1.24454316951661	0.453003131911982	-2.68311673781782	-0.150425278145574	-2.16060635259399
ASV_434_16S	-0.601770626024627	-0.521705272318928	-0.69332279194082	1.21306095628846	-0.70761238217833	-0.990498528567833	-1.04328435460892	3.62696472510039	1.86905421762678	1.83548799398849	2.40498588470345	1.73512137346384	-2.07845629077207	-3.14061842026867	-1.88620065014701	0.629524229773797	-1.52086284633736	-2.49439974597671	0.182573186123538	-2.3195855903278	0.26132224134862	-2.09633542720089	-2.16060635259399
ASV_437_16S	-0.601770626024627	-0.521705272318928	-0.69332279194082	-0.73284919276685	-0.70761238217833	-0.990498528567833	-1.04328435460892	0.79702470638914	-2.67424056464322	0.608258327498287	0.412555720013244	-0.151948275568541	0.91727598278192	0.117478117752811	0.059709498908304	-1.76837104302457	-1.52086284633736	-0.414958204296874	-3.03630263874466	2.0992550174688	-2.68311673781782	1.66486468849267	-2.16060635259399
ASV_440_16S	-0.601770626024627	-0.521705272318928	-0.69332279194082	-0.73284919276685	-0.70761238217833	1.64855880104743	-1.04328435460892	-2.09334705150702	0.216131193252945	1.20903218792722	1.79885008113313	1.43728692954804	0.91727598278192	0.0782574045995297	0.416384442847037	-1.76837104302457	-1.52086284633736	0.939587458508437	1.15335210328176	3.33290358994085	3.08207436496702	3.49091323119936	2.07350015200327
ASV_444_16S	-0.601770626024627	-0.521705272318928	-0.69332279194082	-0.73284919276685	-0.70761238217833	-0.990498528567833	-1.04328435460892	1.23885745866818	-2.67424056464322	1.3859628960863	2.97750507747478	1.01120253423714	-2.07845629077207	-3.14061842026867	-1.88620065014701	0.311070498655262	-1.52086284633736	-2.49439974597671	-3.03630263874466	-2.3195855903278	-2.68311673781782	-2.09633542720089	-2.16060635259399
ASV_445_16S	-0.601770626024627	3.90911152652439	2.19704896595534	1.83210016469469	-0.70761238217833	2.00523374498616	-1.04328435460892	-2.09334705150702	0.62159630136111	0.953098813790017	-1.37920374921481	1.28313624972078	-2.07845629077207	-3.14061842026867	2.62465885636984	0.939679158077636	-1.52086284633736	-2.49439974597671	-0.397245309129404	1.31800056939859	0.535759087050381	0.848103551965553	1.77121928013033
ASV_448_16S	-0.601770626024627	-0.521705272318928	-0.69332279194082	-0.73284919276685	-0.70761238217833	-0.990498528567833	-1.04328435460892	-2.09334705150702	-2.67424056464322	1.17624236510423	-1.37920374921481	-2.45453336856259	2.03241757340124	0.470299492375553	0.193240891532827	0.428853534311646	-1.52086284633736	-0.191814652982663	-0.638407365946292	-2.3195855903278	-0.285221465019449	-0.710041066080997	0.141978740400052
ASV_449_16S	-0.601770626024627	-0.521705272318928	-0.69332279194082	-0.73284919276685	-0.70761238217833	-0.990498528567833	-1.04328435460892	1.89563699505725	0.726956817018936	1.0708818494464	2.38199636647875	2.95711268329245	1.01258616258624	1.00251630612286	2.99660127243936	3.78845701867496	3.2413110884604	1.6164741181966	0.895522993979663	-0.12236101299158	1.16703086389224	1.33765177728426	0.611982369645787
ASV_452_16S	-0.601770626024627	-0.521705272318928	-0.69332279194082	-0.73284919276685	-0.70761238217833	-0.990498528567833	-1.04328435460892	2.38398976297118	1.68246826204637	1.78237816867454	-1.37920374921481	1.45748963686556	1.94689539996308	0.688022976220424	2.37647922689431	3.05191052258046	3.0117366468159	2.14999115316466	1.75118910403738	1.5090558061613	1.00576271629612	1.68785420671737	1.93373820962811
ASV_453_16S	-0.601770626024627	-0.521705272318928	-0.69332279194082	3.05134044115141	3.38673218004377	3.12037533560548	3.6388468725153	-2.09334705150702	-2.67424056464322	-2.22495501655793	3.82480293786198	2.18985753057879	-2.07845629077207	-3.14061842026867	3.11774565579845	2.76422845012868	-1.52086284633736	-2.49439974597671	-3.03630263874466	-2.3195855903278	-2.68311673781782	-2.09633542720089	-2.16060635259399
ASV_455_16S	-0.601770626024627	-0.521705272318928	-0.69332279194082	-0.73284919276685	-0.70761238217833	-0.990498528567833	-1.04328435460892	1.46200100998239	2.58325480738456	2.38021516943016	-1.37920374921481	-2.45453336856259	2.18422358626924	2.35244302307188	-1.88620065014701	-1.76837104302457	-1.52086284633736	0.64109446995244	1.6271364553674	1.79128827384551	2.41674969000638	2.27311242526613	1.91693109131173
ASV_456_16S	-0.601770626024627	-0.521705272318928	-0.69332279194082	-0.73284919276685	-0.70761238217833	-0.990498528567833	-1.04328435460892	-2.09334705150702	1.80309624983499	2.15707161811595	-1.37920374921481	-2.45453336856259	-2.07845629077207	2.28872720868577	-1.88620065014701	-1.76837104302457	-1.52086284633736	-2.49439974597671	-3.03630263874466	3.27140139018306	3.78768276596478	2.63105239151145	-2.16060635259399
ASV_458_16S	-0.601770626024627	-0.521705272318928	2.1398905521154	-0.73284919276685	1.59497271081572	2.37679730141864	-1.04328435460892	-2.09334705150702	-2.67424056464322	2.00915148803933	2.68123926133161	2.76582245651574	0.629593910330139	-0.0960959825452479	1.10953162340698	1.52746582297976	1.42357613282908	0.144657583638549	-0.328252437642452	-0.240144048647964	-0.0440594082025614	1.61723663950342	0.237288920204377
ASV_461_16S	1.00766728640947	-0.521705272318928	-0.69332279194082	-0.73284919276685	-0.70761238217833	-0.990498528567833	-1.04328435460892	1.69084258241124	2.46155787240704	2.07911007664624	-1.37920374921481	-2.45453336856259	1.98198671977435	2.62457268251617	-1.88620065014701	-1.76837104302457	-1.52086284633736	1.87504810649031	1.77588171662775	0.81590862560135	1.86017804445218	1.66486468849267	-2.16060635259399
ASV_462_16S	-0.601770626024627	-0.521705272318928	-0.69332279194082	-0.73284919276685	-0.70761238217833	-0.990498528567833	-1.04328435460892	1.59553240260691	1.75657623420009	-2.22495501655793	-1.37920374921481	1.20902827756706	1.09959753957587	1.58676939844367	-1.88620065014701	-1.76837104302457	1.84643298364912	0.971336156823017	1.40634861774565	0.676146683226191	0.927801174826405	-2.09633542720089	-0.551168440159894
ASV_463_16S	1.70081446696942	-0.521705272318928	-0.69332279194082	-0.73284919276685	-0.70761238217833	-0.990498528567833	-1.04328435460892	1.77785395940087	1.89010762682462	1.76402903000635	-1.37920374921481	0.318055353677194	1.53246162187215	2.29310358328557	-1.88620065014701	-1.76837104302457	2.09005506630687	2.54255285643692	1.68219623255043	1.17692197113868	1.56537850423154	1.19950143880344	-2.16060635259399
ASV_466_16S	-0.601770626024627	-0.521705272318928	1.94573453767444	-0.73284919276685	-0.70761238217833	2.10054392479048	1.7899289894473	1.34064015297812	1.01463888947072	1.2407808862418	2.81045099281161	2.40527903579909	0.754757053284145	0.95372614195343	2.00561964796362	3.56434775024079	2.46812120022692	2.10072010415788	1.32040618794493	0.899290234540401	0.750870466667326	1.12254039766731	0.478450977021264
ASV_468_16S	-0.601770626024627	-0.521705272318928	-0.69332279194082	4.23696410680915	4.57050227705219	3.37894932389919	2.80686324710114	-2.09334705150702	-2.67424056464322	-2.22495501655793	-1.37920374921481	-2.45453336856259	-2.07845629077207	-3.14061842026867	2.89292284296452	2.10282996788332	-1.52086284633736	-2.49439974597671	-3.03630263874466	-2.3195855903278	-2.68311673781782	-2.09633542720089	-2.16060635259399
ASV_469_16S	-0.601770626024627	-0.521705272318928	-0.69332279194082	-0.73284919276685	-0.70761238217833	-0.990498528567833	-1.04328435460892	1.40316050995946	-2.67424056464322	1.30140550805823	2.11730381225167	0.489905610603854	-2.07845629077207	-1.34885895104062	1.15832178757641	-1.76837104302457	-1.52086284633736	-2.49439974597671	-3.03630263874466	-2.3195855903278	1.10107289610044	-2.09633542720089	1.60059376309957
ASV_470_16S	-0.601770626024627	-0.521705272318928	3.59713664920757	-0.73284919276685	-0.70761238217833	3.01683465666464	-1.04328435460892	-2.09334705150702	1.75657623420009	1.43860662957172	-1.37920374921481	1.76497433661352	-2.07845629077207	1.55072946196047	1.94244074634209	-1.76837104302457	-1.52086284633736	-2.49439974597671	1.02414037180176	1.26393334812831	1.10107289610044	1.66486468849267	2.67567555435748
ASV_472_16S	-0.601770626024627	-0.521705272318928	-0.69332279194082	-0.73284919276685	-0.70761238217833	2.77070158712573	3.9539279191552	1.5175708611372	-2.67424056464322	-2.22495501655793	3.24576906406946	3.32311895466007	-2.07845629077207	-3.14061842026867	2.3333070550291	3.13690373541386	3.24982177812831	2.64726381052595	-3.03630263874466	-2.3195855903278	-2.68311673781782	-2.09633542720089	-2.16060635259399
ASV_473_16S	-0.601770626024627	-0.521705272318928	-0.69332279194082	-0.73284919276685	-0.70761238217833	-0.990498528567833	-1.04328435460892	0.471602305954513	-2.67424056464322	-2.22495501655793	0.700237792465025	0.184523961052672	1.61042316334186	-3.14061842026867	-0.499906289027119	0.0233884262034809	0.781722246656688	-1.10810538485682	-0.638407365946292	-0.710147677893699	-1.29682237669793	0.206249665793159	0.0366182247422255
ASV_475_16S	-0.601770626024627	-0.521705272318928	3.97950604252109	2.35819326059147	1.59497271081572	-0.990498528567833	1.25930073838513	-2.09334705150702	-2.67424056464322	-0.0277304392217093	1.4540095948414	1.07182715605357	-2.07845629077207	-3.14061842026867	3.18270355207322	2.816596435646	1.42357613282908	-2.49439974597671	-3.03630263874466	-2.3195855903278	-1.07367882538372	-0.150425278145574	2.96929236232908
ASV_474_16S	3.290049672086	2.9440306304808	-0.69332279194082	2.73288671003288	-0.70761238217833	2.64708763115855	-1.04328435460892	-2.09334705150702	1.15440083184588	-2.22495501655793	1.79885008113313	1.43728692954804	1.01258616258624	-3.14061842026867	3.12443464394925	2.08177655868548	-1.52086284633736	-2.49439974597671	0.792338757744433	2.76801074490458	1.3944207060879	0.542721902414371	0.883916085129429
ASV_477_16S	-0.601770626024627	-0.521705272318928	-0.69332279194082	-0.73284919276685	-0.70761238217833	-0.990498528567833	-1.04328435460892	3.18985667723096	2.42562586318098	3.1363371491515	-1.37920374921481	-2.45453336856259	1.47689177071734	1.93455539496516	-1.88620065014701	-1.76837104302457	-1.52086284633736	0.450039233189731	0.914941079836765	1.89992211484831	2.35383586459581	2.46801276426695	-2.16060635259399
ASV_476_16S	-0.601770626024627	-0.521705272318928	-0.69332279194082	3.5438169262492	3.36992506172739	3.1526361978237	2.35791302705324	-2.09334705150702	-2.67424056464322	-2.22495501655793	2.44943764727428	0.680960847366563	-2.07845629077207	-3.14061842026867	2.27268243321266	2.01581859089369	-1.52086284633736	-2.49439974597671	-3.03630263874466	-2.3195855903278	-2.68311673781782	-2.09633542720089	1.24059102906816
ASV_478_16S	-0.601770626024627	-0.521705272318928	-0.69332279194082	3.39428519227824	3.71122822561827	-0.990498528567833	2.96404883062355	-2.09334705150702	-2.67424056464322	-2.22495501655793	3.30292747790941	1.96430723923401	-2.07845629077207	-3.14061842026867	3.15075195226662	2.75341753402447	-1.52086284633736	-2.49439974597671	-3.03630263874466	-2.3195855903278	-2.68311673781782	-2.09633542720089	1.84672683263848
ASV_479_16S	-0.601770626024627	-0.521705272318928	2.25111618722562	3.15897110534378	3.36992506172739	3.49813784116431	3.81652804975276	-2.09334705150702	-2.67424056464322	1.43860662957172	2.76393097717672	2.18985753057879	-2.07845629077207	-3.14061842026867	2.49582598452687	2.61365559164931	3.12352805280401	-2.49439974597671	0.7248974769489	-2.3195855903278	-2.68311673781782	-2.09633542720089	2.66770738470831
ASV_481_16S	-0.601770626024627	-0.521705272318928	-0.69332279194082	-0.73284919276685	-0.70761238217833	-0.990498528567833	-1.04328435460892	2.68577644160451	2.31619202213552	1.62519258515213	-1.37920374921481	-2.45453336856259	2.95198163062036	1.19011492001766	-1.88620065014701	-1.76837104302457	-1.52086284633736	1.58313769792901	1.95412994803407	1.88510702906317	1.18808427309007	2.15215981484847	-2.16060635259399
ASV_482_16S	-0.601770626024627	-0.521705272318928	3.43381159310427	-0.73284919276685	2.23682659698811	4.7492943836114	3.16140826478205	-2.09334705150702	1.48464251871645	-2.22495501655793	-1.37920374921481	-2.45453336856259	-2.07845629077207	0.771404585159475	-1.88620065014701	-1.76837104302457	-1.52086284633736	-2.49439974597671	-3.03630263874466	-2.3195855903278	1.41122782440428	2.0307989578442	1.36575417202217
ASV_484_16S	-0.601770626024627	-0.521705272318928	1.09843667728724	2.66834818889531	2.47044144816962	-0.990498528567833	-1.04328435460892	0.391559598280976	-0.477015987307	1.10724949361727	1.75629046671434	2.69296110825087	0.224128802221975	-3.14061842026867	1.77736099598264	1.99282907266899	2.06265609211875	-0.191814652982663	-3.03630263874466	-2.3195855903278	-2.68311673781782	-2.09633542720089	-2.16060635259399
ASV_486_16S	-0.601770626024627	-0.521705272318928	-0.69332279194082	-0.73284919276685	-0.70761238217833	-0.990498528567833	-1.04328435460892	-2.09334705150702	-2.67424056464322	0.819567421165494	-1.37920374921481	-2.45453336856259	-2.07845629077207	2.53613538199961	-1.88620065014701	1.69736485977515	3.51608975607627	2.19694813625243	-0.397245309129404	3.30443191585954	1.64761660246851	1.40017213426559	0.611982369645787
ASV_488_16S	-0.601770626024627	-0.521705272318928	-0.69332279194082	-0.73284919276685	-0.70761238217833	-0.990498528567833	-1.04328435460892	-2.09334705150702	-2.67424056464322	1.03314152146355	0.923381343779235	2.413001081893	0.966066146951352	1.34801794946347	-1.88620065014701	1.36712317290458	1.1181944832779	1.41762325945144	-3.03630263874466	1.46460404359046	0.872231323671594	1.56722621892876	0.478450977021264
ASV_489_16S	-0.601770626024627	-0.521705272318928	2.63888171823438	-0.73284919276685	-0.70761238217833	-0.990498528567833	-1.04328435460892	1.16474948651446	1.23778244078493	-2.22495501655793	-1.37920374921481	1.8359260725858	1.38727961202766	1.39198107288459	-1.88620065014701	1.40968278732337	-1.52086284633736	1.14318641374968	0.7248974769489	0.97625127567653	0.782619164981907	-2.09633542720089	1.84672683263848
ASV_490_16S	-0.601770626024627	-0.521705272318928	-0.69332279194082	-0.73284919276685	-0.70761238217833	-0.990498528567833	-1.04328435460892	2.31337219575723	1.89010762682462	1.7068706161664	-1.37920374921481	0.841303497441742	2.18422358626924	1.85659385349544	-1.88620065014701	-1.76837104302457	2.14269879979229	2.25053238238654	1.9676436672008	0.570786167568365	0.750870466667326	0.301559845597483	-2.16060635259399
ASV_491_16S	-0.601770626024627	-0.521705272318928	-0.69332279194082	-0.73284919276685	-0.70761238217833	2.67306311756181	2.82791665629897	0.679241670732757	-2.67424056464322	0.259951633230072	1.51116800868135	1.28313624972078	-2.07845629077207	-1.06117687858884	1.6691474113424	1.78697701846484	1.94487305646237	-0.00949309618870897	-0.397245309129404	-2.3195855903278	-0.4858921604816	-0.710041066080997	-2.16060635259399
ASV_494_16S	-0.601770626024627	-0.521705272318928	-0.69332279194082	-0.73284919276685	-0.70761238217833	-0.990498528567833	-1.04328435460892	2.15514819054234	2.11325117813883	2.30764447659533	-1.37920374921481	1.32965626535567	2.44333228627697	1.78663526488853	-1.88620065014701	1.17606793614187	1.42357613282908	1.24326987230666	1.79997926820682	1.46460404359046	1.47576634554185	2.06254765615878	2.2582342552026
ASV_495_16S	-0.601770626024627	-0.521705272318928	-0.69332279194082	4.48750663231147	4.77718455131232	-0.990498528567833	3.51059253699162	-2.09334705150702	-2.67424056464322	-2.22495501655793	2.77967933414486	-2.45453336856259	1.32274109089008	-3.14061842026867	3.77675982998894	2.84674947381669	-1.52086284633736	-2.49439974597671	-3.03630263874466	-2.3195855903278	-2.68311673781782	-2.09633542720089	-2.16060635259399
ASV_497_16S	-0.601770626024627	-0.521705272318928	-0.69332279194082	-0.73284919276685	-0.70761238217833	-0.990498528567833	-1.04328435460892	3.4557290333882	2.44972341476004	1.6668652815527	-1.37920374921481	-2.45453336856259	2.71733425482467	2.39671584674987	-1.88620065014701	-1.76837104302457	0.558578695342478	1.80966534722746	2.17863311886432	-2.3195855903278	1.34223495291733	0.206249665793159	-2.16060635259399
ASV_499_16S	-0.601770626024627	-0.521705272318928	-0.69332279194082	-0.73284919276685	-0.70761238217833	-0.990498528567833	-1.04328435460892	2.15514819054234	2.33639472945304	1.46392443755601	-1.37920374921481	-2.45453336856259	1.72820619899825	2.69126405701485	-1.88620065014701	0.428853534311646	1.25172587590242	1.76828013106461	2.06964283515592	1.11440161415735	2.1290676175546	2.07805184269475	0.672606991462222
ASV_500_16S	-0.601770626024627	-0.521705272318928	-0.69332279194082	-0.73284919276685	-0.70761238217833	-0.990498528567833	-1.04328435460892	2.26336177518257	-2.67424056464322	-2.22495501655793	4.5530414382332	3.52688084269189	-2.07845629077207	-3.14061842026867	-1.88620065014701	2.25698064771058	2.80987049394897	1.64873498041482	0.855517659365964	-2.3195855903278	-2.68311673781782	-2.09633542720089	-2.16060635259399
ASV_501_16S	-0.601770626024627	-0.521705272318928	-0.69332279194082	-0.73284919276685	-0.70761238217833	-0.990498528567833	1.44162229517908	-2.09334705150702	-2.67424056464322	-2.22495501655793	-1.37920374921481	-2.45453336856259	-2.07845629077207	-3.14061842026867	1.24929356578214	1.00421767921521	2.41096278638697	-0.884961833542609	-0.956861097064827	-2.3195855903278	-2.68311673781782	-2.09633542720089	-2.16060635259399
ASV_502_16S	-0.601770626024627	-0.521705272318928	-0.69332279194082	2.85066974568926	-0.70761238217833	-0.990498528567833	-1.04328435460892	-2.09334705150702	1.60242555437284	-2.22495501655793	1.51116800868135	-2.45453336856259	-2.07845629077207	-1.34885895104062	0.886388072092772	-1.76837104302457	-1.52086284633736	-2.49439974597671	-0.956861097064827	1.87006915169863	-0.737206588762507	-0.304575957972832	0.141978740400052
ASV_503_16S	-0.601770626024627	-0.521705272318928	-0.69332279194082	-0.73284919276685	-0.70761238217833	-0.990498528567833	-1.04328435460892	2.22414106202929	1.93092962134487	2.8119975858557	-1.37920374921481	1.20902827756706	1.98198671977435	2.29310358328557	0.947012693909207	1.5989247869619	1.61463136959179	0.906797635685446	1.35814651592778	1.39398647637651	1.98971209664409	2.4783755513025	1.52827310151994
ASV_504_16S	-0.601770626024627	1.42420487673638	1.94573453767444	3.48665851240926	4.41038143023842	1.64855880104743	2.92700755894321	-2.09334705150702	-2.67424056464322	-2.22495501655793	0.923381343779235	-2.45453336856259	-2.07845629077207	-3.14061842026867	1.40963621585732	0.311070498655262	-1.52086284633736	-2.49439974597671	-3.03630263874466	-2.3195855903278	-2.68311673781782	-2.09633542720089	2.46436646069028
ASV_505_16S	-0.601770626024627	2.11735205729633	0.40528949672729	-0.73284919276685	-0.70761238217833	-0.990498528567833	1.66476584649329	2.04978767488451	1.21757973346741	-2.22495501655793	1.10570290057319	2.36574819704245	2.44333228627697	2.01843687894586	1.33267517472119	1.52746582297976	2.2633267875809	2.64139869107355	1.9676436672008	1.99790252320851	1.62094835538635	-2.09633542720089	1.05826947227421
ASV_506_16S	-0.601770626024627	-0.521705272318928	-0.69332279194082	-0.73284919276685	-0.70761238217833	-0.990498528567833	-1.04328435460892	2.63404076720532	2.93156150165278	1.74533689699419	-1.37920374921481	-2.45453336856259	1.81336400733856	2.1626864877904	-1.88620065014701	-1.76837104302457	-1.52086284633736	1.0891191924794	1.92654199151524	2.73666021502051	1.74770006102549	2.90087684656323	-2.16060635259399
ASV_507_16S	-0.601770626024627	-0.521705272318928	-0.69332279194082	-0.73284919276685	-0.70761238217833	-0.990498528567833	-1.04328435460892	2.71067399322623	1.64324754889309	2.19388559123867	2.28435789691484	2.94814401330969	1.79274472013582	2.26655335119145	2.30345409187942	2.63834820423968	1.81134166383785	2.01645976054014	1.76771840598859	1.89992211484831	2.32082956812764	-2.09633542720089	-2.16060635259399
ASV_512_16S	-0.601770626024627	-0.521705272318928	-0.69332279194082	1.90620813684841	1.59497271081572	-0.990498528567833	2.39070284987623	1.27394877847945	1.62982452856095	1.60368637993117	1.18574560824673	1.39561423314747	1.79274472013582	1.55986194552375	1.64015987446915	1.75798948159159	1.81134166383785	1.31226274379361	1.15335210328176	0.938510947693683	1.10107289610044	1.45901263428853	2.80920694698201
ASV_513_16S	-0.601770626024627	-0.521705272318928	-0.69332279194082	-0.73284919276685	-0.70761238217833	-0.990498528567833	-1.04328435460892	-2.09334705150702	-2.67424056464322	-2.22495501655793	2.25838241051157	1.4166676423453	0.560601038843187	-0.250246662372506	-1.88620065014701	-1.76837104302457	-1.52086284633736	-2.49439974597671	-3.03630263874466	0.81590862560135	0.90040220063829	-0.0168938855210516	0.72976540530217
ASV_515_16S	-0.601770626024627	-0.521705272318928	-0.69332279194082	-0.73284919276685	-0.70761238217833	2.41069885309432	2.48307617000725	-2.09334705150702	-0.882481095415165	-2.22495501655793	1.61652852433918	1.87619997172374	-2.07845629077207	-0.432568219166461	2.20814391207509	2.88558930713295	1.69801297853084	0.450039233189731	0.834898372163229	1.91452091426946	0.361405699905603	-2.09633542720089	-2.16060635259399
ASV_516_16S	-0.601770626024627	-0.521705272318928	-0.69332279194082	-0.73284919276685	1.37182915950151	2.92152447686031	1.72930436763086	-2.09334705150702	-2.67424056464322	1.27155254490855	-1.37920374921481	1.30666674713098	0.754757053284145	-3.14061842026867	2.69876682852356	1.12200071487159	2.19270922036695	0.338813598079507	1.5788178780966	1.95708052868826	2.06181539054543	-2.09633542720089	-2.16060635259399
ASV_517_16S	-0.601770626024627	-0.521705272318928	-0.69332279194082	-0.73284919276685	-0.70761238217833	-0.990498528567833	-1.04328435460892	2.40646261882324	1.17590703706684	1.81809625127662	-1.37920374921481	0.946664013099569	1.09959753957587	0.986515964776421	-1.88620065014701	2.01581859089369	2.55667459756836	2.34978734048188	1.94730398296367	2.64325903993211	2.55863027724182	3.03356328772219	-2.16060635259399
ASV_519_16S	-0.601770626024627	-0.521705272318928	-0.69332279194082	-0.73284919276685	-0.70761238217833	-0.990498528567833	-1.04328435460892	3.24419102819429	2.18557183971845	1.33039304493148	-1.37920374921481	-0.662773899334532	3.06320726573059	2.74270396821961	-1.88620065014701	-1.76837104302457	-1.52086284633736	1.31226274379361	1.68219623255043	1.14615031247193	0.718080643844336	-2.09633542720089	-2.16060635259399
ASV_522_16S	-0.601770626024627	-0.521705272318928	-0.69332279194082	-0.73284919276685	-0.70761238217833	-0.990498528567833	-1.04328435460892	2.93709086988541	2.33639472945304	1.74533689699419	-1.37920374921481	-2.45453336856259	2.48589190069576	1.4843543930156	1.54778655433814	1.27615139469885	-1.52086284633736	2.15956060418081	2.51277344615056	1.7747589718943	0.574979800203662	-2.09633542720089	-2.16060635259399
ASV_523_16S	-0.601770626024627	-0.521705272318928	-0.69332279194082	-0.73284919276685	-0.70761238217833	0.395795832552057	0.748475114619139	3.6236806498992	-2.67424056464322	3.58017995235856	-1.37920374921481	-2.45453336856259	1.38727961202766	-3.14061842026867	-1.88620065014701	1.00421767921521	-1.52086284633736	-2.49439974597671	-3.03630263874466	1.85480167956784	-2.68311673781782	-2.09633542720089	-2.16060635259399
ASV_525_16S	-0.601770626024627	-0.521705272318928	0.692971569179071	0.87658871966725	3.2436313364031	1.71755167253438	2.13476947573903	-2.09334705150702	1.10994906927504	1.33039304493148	2.1761443122746	2.06725520848645	0.91727598278192	-0.196179441102231	2.64639884300625	2.18287267555685	1.25172587590242	0.395972011919455	0.895522993979663	-2.3195855903278	0.0894719844219614	-2.09633542720089	1.17159815758121
ASV_530_16S	3.31025237940352	-0.521705272318928	2.74066441254433	-0.73284919276685	-0.70761238217833	-0.990498528567833	-1.04328435460892	-2.09334705150702	-2.67424056464322	-2.22495501655793	-1.37920374921481	-2.45453336856259	-2.07845629077207	0.597051198014698	-1.88620065014701	-1.76837104302457	-1.52086284633736	-2.49439974597671	-3.03630263874466	-2.3195855903278	-2.68311673781782	-2.09633542720089	3.35684654387071
ASV_531_16S	-0.601770626024627	-0.521705272318928	-0.69332279194082	-0.73284919276685	-0.70761238217833	-0.990498528567833	-1.04328435460892	1.7133154382633	1.51541417738321	2.18176423070632	-1.37920374921481	0.841303497441742	0.811915467124093	1.4843543930156	-1.88620065014701	-1.76837104302457	-1.52086284633736	1.0609483155127	1.39451416009865	2.11123120851551	2.69216166986635	3.62724967475149	-2.16060635259399
ASV_533_16S	-0.601770626024627	-0.521705272318928	-0.69332279194082	-0.73284919276685	-0.70761238217833	-0.990498528567833	-1.04328435460892	2.19711238964137	2.35619735674922	1.46392443755601	-1.37920374921481	-2.45453336856259	2.14105141440404	2.45409295933317	-1.88620065014701	-1.76837104302457	-1.52086284633736	1.54865152185784	1.58867017453961	2.15775122415041	1.81669293251245	1.85490829138054	-2.16060635259399
ASV_537_16S	-0.601770626024627	-0.521705272318928	-0.69332279194082	-0.73284919276685	-0.70761238217833	-0.990498528567833	-1.04328435460892	0.851091927659416	-2.67424056464322	0.866087436800387	-1.37920374921481	0.11041598889895	0.319438982026299	0.191586089906533	0.193240891532827	-0.382076681904683	-0.134568485217468	-2.49439974597671	-1.24454316951661	-0.240144048647964	-0.285221465019449	-0.710041066080997	0.672606991462222
ASV_538_16S	-0.601770626024627	3.4101203604054	1.70457248085755	-0.73284919276685	-0.70761238217833	-0.990498528567833	-1.04328435460892	-2.09334705150702	0.822266996823261	-2.22495501655793	-1.37920374921481	-2.45453336856259	-2.07845629077207	-3.14061842026867	-1.88620065014701	-1.76837104302457	-1.52086284633736	1.59994481624539	1.44103417573354	2.83370600416998	1.2871751757343	-2.09633542720089	2.88924965465554
ASV_539_16S	-0.601770626024627	-0.521705272318928	-0.69332279194082	-0.73284919276685	-0.70761238217833	-0.990498528567833	-1.04328435460892	3.39144988198363	1.53045205474775	1.93392806680174	-1.37920374921481	0.378679975493629	1.05703792515708	0.986515964776421	-1.88620065014701	-1.76837104302457	-1.52086284633736	1.8230883675596	2.20013932408529	2.70429493051848	2.19208058538333	2.29811372747155	0.0366182247422255
ASV_540_16S	-0.601770626024627	-0.521705272318928	-0.69332279194082	3.87232099322124	3.63619303967535	2.26759800945365	2.84853594350171	-2.09334705150702	-2.67424056464322	-2.22495501655793	1.95300076096039	0.803563169458895	-2.07845629077207	-3.14061842026867	3.80415880417705	2.816596435646	0.676361730998861	-0.702640276748654	-0.839078061408443	-2.3195855903278	-2.68311673781782	-2.09633542720089	0.0366182247422255
ASV_547_16S	-0.601770626024627	-0.521705272318928	-0.69332279194082	2.4026450231623	-0.70761238217833	2.14499568736132	2.71791576108465	-2.09334705150702	-2.67424056464322	0.339994340903608	0.700237792465025	2.45074140987584	-2.07845629077207	-3.14061842026867	1.05823832901943	0.428853534311646	1.47486942721663	-2.49439974597671	-0.956861097064827	2.20220298672124	0.927801174826405	-2.09633542720089	1.95026751157932
ASV_550_16S	-0.601770626024627	-0.521705272318928	-0.69332279194082	-0.73284919276685	-0.70761238217833	-0.990498528567833	-1.04328435460892	-2.09334705150702	-0.189333914855219	-2.22495501655793	3.17467314238573	0.764342456305614	0.000985250907764357	-3.14061842026867	3.99990338130315	3.13690373541386	-1.52086284633736	-2.49439974597671	-3.03630263874466	0.513627753728417	-2.68311673781782	-2.09633542720089	-2.16060635259399
ASV_552_16S	-0.601770626024627	-0.521705272318928	-0.69332279194082	-0.73284919276685	-0.70761238217833	-0.990498528567833	-1.04328435460892	3.55209984613621	0.936677348001005	-2.22495501655793	-1.37920374921481	0.11041598889895	3.48988821298903	0.688022976220424	-1.88620065014701	-1.76837104302457	-1.52086284633736	2.12072077086455	2.01994316660365	2.45953790278373	1.3944207060879	-2.09633542720089	-2.16060635259399
ASV_553_16S	-0.601770626024627	-0.521705272318928	-0.69332279194082	-0.73284919276685	-0.70761238217833	-0.990498528567833	-1.04328435460892	1.62022501519728	1.48464251871645	0.819567421165494	-1.37920374921481	2.17043944472168	1.96459497706248	1.63006620419699	-0.499906289027119	-1.76837104302457	2.57348171588474	2.29309199680534	1.60808826039671	1.17692197113868	0.843243786798342	0.206249665793159	-2.16060635259399
ASV_556_16S	-0.601770626024627	-0.521705272318928	-0.69332279194082	-0.73284919276685	-0.70761238217833	-0.990498528567833	-1.04328435460892	0.103877525829196	0.0983481575965617	-0.615517104123829	-1.37920374921481	3.23244198777723	0.000985250907764357	-0.36802969802889	-1.88620065014701	-1.76837104302457	2.57348171588474	3.16508246978291	1.07457122542865	-0.373675441272486	-2.68311673781782	-2.09633542720089	-2.16060635259399
ASV_560_16S	2.61710519884357	-0.521705272318928	-0.69332279194082	-0.73284919276685	-0.70761238217833	-0.990498528567833	-1.04328435460892	-2.09334705150702	1.31474348192106	2.40001779672634	-1.37920374921481	-2.45453336856259	2.17003895127729	2.59917449191056	-1.88620065014701	-1.76837104302457	-1.52086284633736	-2.49439974597671	1.35814651592778	2.03712323636179	2.25135719531287	2.0307989578442	0.883916085129429
ASV_561_16S	-0.601770626024627	-0.521705272318928	-0.69332279194082	-0.73284919276685	-0.70761238217833	-0.990498528567833	-1.04328435460892	1.59553240260691	2.1379437907292	1.6668652815527	-1.37920374921481	-0.508623219507274	2.17003895127729	2.4761526773979	-1.88620065014701	-1.76837104302457	0.270896622890697	1.79605969517168	1.88367828708346	1.46460404359046	2.0173636279746	1.61723663950342	-2.16060635259399
ASV_563_16S	-0.601770626024627	-0.521705272318928	-0.69332279194082	-0.73284919276685	-0.70761238217833	-0.990498528567833	-1.04328435460892	-2.09334705150702	0.0338096364589906	0.0776300764361171	-1.37920374921481	-0.662773899334532	3.60512347656661	2.59917449191056	-1.88620065014701	-1.76837104302457	-1.52086284633736	0.144657583638549	1.04123480516106	1.04771023965867	1.22890626761033	2.39230094253125	-2.16060635259399
ASV_564_16S	-0.601770626024627	-0.521705272318928	-0.69332279194082	-0.73284919276685	-0.70761238217833	-0.990498528567833	-1.04328435460892	-2.09334705150702	1.78010673161029	-2.22495501655793	-1.37920374921481	-2.45453336856259	-2.07845629077207	1.90923758698087	-1.88620065014701	-1.76837104302457	-1.52086284633736	1.59994481624539	1.26776245445951	1.99790252320851	2.02641346349451	2.12317227797522	2.82300026911434
ASV_566_16S	-0.601770626024627	-0.521705272318928	-0.69332279194082	-0.73284919276685	2.00043781892388	2.00523374498616	3.3993669018814	-2.09334705150702	-2.67424056464322	-2.22495501655793	4.00069360432565	0.435838389333578	-2.07845629077207	-3.14061842026867	3.61096757514619	2.93210932276784	-1.52086284633736	-2.49439974597671	-3.03630263874466	-2.3195855903278	-2.68311673781782	-2.09633542720089	-2.16060635259399
ASV_569_16S	-0.601770626024627	-0.521705272318928	2.80318476952566	2.4026450231623	2.42788183375082	2.37679730141864	2.59430180511747	-2.09334705150702	-2.67424056464322	0.770777256996062	0.700237792465025	0.764342456305614	0.486493066689465	0.385742104347491	2.97361175421466	2.65046956477202	2.19270922036695	1.51293343925576	0.0547398146136535	0.245363767133737	-0.4858921604816	-2.09633542720089	2.65967521301104
ASV_570_16S	2.73043388415058	-0.521705272318928	2.89019614651529	-0.73284919276685	2.28811989137566	-0.990498528567833	-1.04328435460892	1.3723888512927	1.5884393123981	-2.22495501655793	-1.37920374921481	-2.45453336856259	-2.07845629077207	1.47450209657259	-1.88620065014701	1.40968278732337	1.57017960702096	1.26680036971685	1.48548593830438	2.0992550174688	1.47576634554185	1.12254039766731	1.79063736598743
ASV_574_16S	-0.601770626024627	-0.521705272318928	-0.69332279194082	-0.73284919276685	-0.70761238217833	2.77070158712573	3.7689000007635	-0.483909139072924	-2.67424056464322	0.483095184544281	2.79518352068083	2.89732476491348	-2.07845629077207	0.0374354100792749	2.86738954095936	3.02741950257217	1.42357613282908	0.395972011919455	-0.551395988956662	-2.3195855903278	-2.68311673781782	-2.09633542720089	-0.774311991474103
ASV_575_16S	-0.601770626024627	-0.521705272318928	-0.69332279194082	-0.73284919276685	-0.70761238217833	-0.990498528567833	-1.04328435460892	3.42811386635522	0.270198414523221	1.30140550805823	3.48060865514686	-2.45453336856259	-2.07845629077207	-3.14061842026867	-1.88620065014701	-1.76837104302457	-1.52086284633736	-0.0965044731783387	2.96511223921649	-2.3195855903278	1.5795631392235	-2.09633542720089	-0.0811648109141583
ASV_576_16S	-0.601770626024627	-0.521705272318928	-0.69332279194082	-0.73284919276685	-0.70761238217833	-0.990498528567833	-1.04328435460892	2.9239327853079	0.791495338156507	1.35856392189818	-1.37920374921481	-2.45453336856259	-2.07845629077207	1.13604769874738	-1.88620065014701	-1.76837104302457	-1.52086284633736	-0.0965044731783387	0.834898372163229	-0.12236101299158	0.0894719844219614	-2.09633542720089	-2.16060635259399
ASV_578_16S	-0.601770626024627	-0.521705272318928	-0.69332279194082	-0.73284919276685	-0.70761238217833	3.21419409082313	-1.04328435460892	0.304548221291347	-0.728330415587906	1.68706798887022	3.19550722928857	3.09454271633263	-2.07845629077207	-0.250246662372506	3.73420021557014	2.10282996788332	1.31235049771886	-0.00949309618870897	-3.03630263874466	1.08161179133436	-2.68311673781782	0.100889150135332	0.404343004867543
ASV_579_16S	1.59545395131159	-0.521705272318928	-0.69332279194082	-0.73284919276685	-0.70761238217833	-0.990498528567833	1.1539402227273	2.39528931822512	0.544635260224981	0.910539199371221	1.51116800868135	1.28313624972078	1.14041953409613	0.355889141197809	1.00417110774916	1.32267141033374	1.04408651112418	0.80143712002762	0.429433264055064	0.0783096824705711	0.612720128186509	1.75381217450917	1.98252837379754
ASV_580_16S	-0.601770626024627	-0.521705272318928	3.15682480976924	3.70980206372347	2.87590655627778	-0.990498528567833	-1.04328435460892	-2.09334705150702	0.963345595083166	-2.22495501655793	1.66531868850861	-2.45453336856259	-2.07845629077207	0.884733270466479	2.37647922689431	1.75798948159159	1.52365959138606	-2.49439974597671	0.574615273899562	-2.3195855903278	-2.68311673781782	-2.09633542720089	3.12259737614399
ASV_582_16S	-0.601770626024627	-0.521705272318928	-0.69332279194082	-0.73284919276685	-0.70761238217833	-0.990498528567833	-1.04328435460892	2.47100113996081	1.90047041386016	1.2407808862418	-1.37920374921481	0.489905610603854	2.25227704951426	1.64687332251337	-1.88620065014701	-1.76837104302457	1.84643298364912	2.10072010415788	1.91245725163351	1.97087385082059	1.30586730874645	0.899396846353103	-2.16060635259399
ASV_584_16S	-0.601770626024627	-0.521705272318928	-0.69332279194082	-0.73284919276685	-0.70761238217833	-0.990498528567833	-1.04328435460892	-2.09334705150702	-2.67424056464322	-2.22495501655793	1.39338497302497	-2.45453336856259	-2.07845629077207	-3.14061842026867	-1.88620065014701	-1.76837104302457	1.47486942721663	-2.49439974597671	3.38694432478886	-2.3195855903278	2.37312906753049	-2.09633542720089	-2.16060635259399
ASV_585_16S	-0.601770626024627	-0.521705272318928	-0.69332279194082	-0.73284919276685	3.09905010759199	2.83814286792126	2.71791576108465	-2.09334705150702	-2.67424056464322	-2.22495501655793	2.53281925621333	2.8586726104792	-2.07845629077207	-3.14061842026867	2.98133380030857	2.48012419902479	1.84643298364912	-2.49439974597671	-3.03630263874466	-2.3195855903278	-2.68311673781782	-2.09633542720089	-2.16060635259399
ASV_587_16S	-0.601770626024627	-0.521705272318928	-0.69332279194082	4.26436308099726	4.50187377066309	-0.990498528567833	2.94569969195536	-2.09334705150702	-2.67424056464322	-2.22495501655793	2.14715677540135	-2.45453336856259	1.9105277557922	-3.14061842026867	3.37129472188077	2.70896577145363	-1.52086284633736	-2.49439974597671	-3.03630263874466	-2.3195855903278	-2.68311673781782	-2.09633542720089	-2.16060635259399
ASV_588_16S	-0.601770626024627	-0.521705272318928	0.916115120493281	3.07381329700347	-0.70761238217833	2.50600903289865	-1.04328435460892	-2.09334705150702	-2.67424056464322	-2.22495501655793	1.01869152358356	-2.45453336856259	-2.07845629077207	-3.14061842026867	3.20754955065975	2.34250282114874	-1.52086284633736	-2.49439974597671	-3.03630263874466	-2.3195855903278	-2.68311673781782	-2.09633542720089	2.05890135258211
ASV_590_16S	-0.601770626024627	-0.521705272318928	-0.69332279194082	-0.73284919276685	-0.70761238217833	-0.990498528567833	-1.04328435460892	-2.09334705150702	-2.67424056464322	1.90217936848716	-1.37920374921481	-2.45453336856259	1.38727961202766	0.496967739457715	-1.88620065014701	-1.76837104302457	-1.52086284633736	2.13057306730756	-3.03630263874466	1.57223470778283	-2.68311673781782	-2.09633542720089	3.30322545243162
ASV_595_16S	-0.601770626024627	-0.521705272318928	-0.69332279194082	-0.73284919276685	-0.70761238217833	-0.990498528567833	-1.04328435460892	-2.09334705150702	-2.67424056464322	-2.22495501655793	-1.37920374921481	1.902175458127	-2.07845629077207	1.03376884962697	2.02582235528114	-1.76837104302457	-1.52086284633736	1.35574785573335	1.22637723829665	-2.3195855903278	-2.68311673781782	-2.09633542720089	2.61007827187167
ASV_596_16S	-0.601770626024627	-0.521705272318928	-0.69332279194082	-0.73284919276685	-0.70761238217833	-0.990498528567833	-1.04328435460892	-2.09334705150702	1.25758506808111	1.60368637993117	-1.37920374921481	-2.45453336856259	-2.07845629077207	1.13604769874738	-1.88620065014701	-1.76837104302457	-1.52086284633736	-2.49439974597671	1.38253796905194	1.59243741510035	1.72360250944643	2.57649340726102	2.1298530885544
ASV_599_16S	-0.601770626024627	-0.521705272318928	-0.69332279194082	-0.73284919276685	-0.70761238217833	-0.990498528567833	-1.04328435460892	1.8769448620451	1.50014670525242	-2.22495501655793	-1.37920374921481	-2.45453336856259	1.70573334314619	2.85583366835035	-1.88620065014701	-1.76837104302457	-1.52086284633736	1.71029287341426	2.25700218597983	1.29133232231642	1.71133241685462	-2.09633542720089	-2.16060635259399
ASV_600_16S	-0.601770626024627	-0.521705272318928	-0.69332279194082	-0.73284919276685	-0.70761238217833	-0.990498528567833	-1.04328435460892	0.304548221291347	-2.67424056464322	0.819567421165494	-1.37920374921481	1.43728692954804	-2.07845629077207	-3.14061842026867	-1.88620065014701	-1.76837104302457	-1.52086284633736	-0.00949309618870897	0.627259007384984	-2.3195855903278	-2.68311673781782	-2.09633542720089	-2.16060635259399
ASV_601_16S	-0.601770626024627	-0.521705272318928	-0.69332279194082	-0.73284919276685	-0.70761238217833	-0.990498528567833	-1.04328435460892	3.08843649878506	-2.67424056464322	-2.22495501655793	0.00709061190507954	1.37410802792651	-2.07845629077207	-3.14061842026867	-1.88620065014701	-1.76837104302457	-1.52086284633736	-2.49439974597671	-3.03630263874466	-2.3195855903278	0.150096606238396	-2.09633542720089	-2.16060635259399
ASV_605_16S	-0.601770626024627	-0.521705272318928	-0.69332279194082	-0.73284919276685	-0.70761238217833	3.50931114176243	1.52166500285262	0.391559598280976	0.62159630136111	1.48861705014638	1.95300076096039	1.86295474497372	0.406450359015929	-0.00512420433952121	2.20814391207509	1.78697701846484	1.1181944832779	-2.49439974597671	-0.203089294688446	0.245363767133737	-0.198210088029819	0.542721902414371	-0.368846883365939
ASV_606_16S	-0.601770626024627	-0.521705272318928	-0.69332279194082	-0.73284919276685	-0.70761238217833	-0.990498528567833	-1.04328435460892	-2.09334705150702	-2.67424056464322	-2.22495501655793	-1.37920374921481	-2.45453336856259	2.01588827145003	-3.14061842026867	-1.88620065014701	-1.76837104302457	0.877032426461013	2.80890516208237	3.29163414498453	2.36254563679642	-2.68311673781782	-2.09633542720089	-2.16060635259399
ASV_610_16S	-0.601770626024627	-0.521705272318928	-0.69332279194082	-0.73284919276685	-0.70761238217833	-0.990498528567833	2.64559509950502	0.304548221291347	-2.67424056464322	-2.22495501655793	-1.37920374921481	3.20842711157336	-2.07845629077207	-3.14061842026867	1.80267880396693	3.2555094778217	2.86116378833652	0.0705496114848274	-3.03630263874466	-2.3195855903278	-2.68311673781782	-2.09633542720089	0.141978740400052
ASV_612_16S	-0.601770626024627	-0.521705272318928	-0.69332279194082	-0.73284919276685	-0.70761238217833	-0.990498528567833	-1.04328435460892	1.8769448620451	1.62982452856095	1.46392443755601	-1.37920374921481	1.82213275045347	1.77169131093799	2.13749623896185	-1.88620065014701	-1.76837104302457	2.16801660777658	2.54255285643692	1.59842634948497	-2.3195855903278	-2.68311673781782	-2.09633542720089	-2.16060635259399
ASV_613_16S	-0.601770626024627	-0.521705272318928	-0.69332279194082	-0.73284919276685	-0.70761238217833	-0.990498528567833	-1.04328435460892	-2.09334705150702	1.68246826204637	-2.22495501655793	-1.37920374921481	-2.45453336856259	1.68274382492149	2.25754428124908	-1.88620065014701	-1.76837104302457	-1.52086284633736	-2.49439974597671	0.914941079836765	-2.3195855903278	-2.68311673781782	-2.09633542720089	-2.16060635259399
ASV_615_16S	-0.601770626024627	-0.521705272318928	-0.69332279194082	-0.73284919276685	-0.70761238217833	-0.990498528567833	-1.04328435460892	0.614703149595186	1.43663329953009	0.41410231305733	-1.37920374921481	0.184523961052672	1.58510535535757	1.80102400234063	-0.787588361478899	0.311070498655262	-1.52086284633736	1.47589216757541	1.53840833975872	1.5090558061613	1.60734270333057	1.36940047559884	1.47697980713239
ASV_616_16S	-0.601770626024627	-0.521705272318928	-0.69332279194082	-0.73284919276685	-0.70761238217833	-0.990498528567833	-1.04328435460892	3.94928578217536	1.66956485721046	2.63485738780374	-1.37920374921481	-2.45453336856259	-2.07845629077207	0.226677409717803	0.752856679468249	-1.76837104302457	-1.52086284633736	0.64109446995244	0.429433264055064	-2.3195855903278	-2.68311673781782	2.28569120747299	-2.16060635259399
ASV_622_16S	-0.601770626024627	-0.521705272318928	-0.69332279194082	-0.73284919276685	-0.70761238217833	-0.990498528567833	-1.04328435460892	-2.09334705150702	-2.67424056464322	-2.22495501655793	0.818020828121409	0.764342456305614	-2.07845629077207	-3.14061842026867	1.61030691131947	1.32267141033374	0.425047302717955	-0.00949309618870897	-1.42686472631056	-2.3195855903278	-2.68311673781782	-2.09633542720089	0.237288920204377
ASV_621_16S	-0.601770626024627	-0.521705272318928	-0.69332279194082	-0.73284919276685	-0.70761238217833	-0.990498528567833	-1.04328435460892	-2.09334705150702	-2.67424056464322	2.91084342049233	-1.37920374921481	-2.45453336856259	-2.07845629077207	-3.14061842026867	-1.88620065014701	-1.76837104302457	-1.52086284633736	-2.49439974597671	-3.03630263874466	1.26393334812831	1.42775712635549	3.23154074158869	1.86474533814116
ASV_624_16S	2.76552520396185	-0.521705272318928	3.21870021348733	1.34659234891299	-0.70761238217833	-0.990498528567833	1.44162229517908	1.54423910821936	-1.06480265220912	-0.145513474878093	-1.37920374921481	1.20902827756706	0.966066146951352	-0.65571177048067	1.24929356578214	2.16345458969975	1.84643298364912	0.906797635685446	-0.263713916504881	-0.0170004973337536	-0.380531644823774	-0.304575957972832	0.0366182247422255
ASV_631_16S	-0.601770626024627	-0.521705272318928	-0.69332279194082	-0.73284919276685	-0.70761238217833	-0.990498528567833	-1.04328435460892	1.27394877847945	1.3862024459032	-2.22495501655793	-1.37920374921481	0.912762461423887	-2.07845629077207	1.34801794946347	-1.88620065014701	-1.76837104302457	-1.52086284633736	1.33424165051239	1.07457122542865	-2.3195855903278	-2.68311673781782	-2.09633542720089	1.57706326568937
ASV_632_16S	-0.601770626024627	-0.521705272318928	-0.69332279194082	-0.73284919276685	-0.70761238217833	3.76309166253853	3.16140826478205	-2.09334705150702	-2.67424056464322	-2.22495501655793	2.14715677540135	1.84953172464158	-2.07845629077207	-3.14061842026867	3.9309105098162	3.53989665437663	0.964043803450642	-2.49439974597671	-3.03630263874466	-2.3195855903278	-2.68311673781782	-2.09633542720089	-2.16060635259399
ASV_633_16S	-0.601770626024627	1.42420487673638	-0.69332279194082	-0.73284919276685	-0.70761238217833	1.5744508288937	2.17559147025928	0.614703149595186	-0.371655471649174	0.866087436800387	3.0981330652634	2.06725520848645	-2.07845629077207	-0.575669062807134	2.72891986669425	3.00231358144109	2.30777855015174	0.724476078891491	-1.09039248968935	-2.3195855903278	-2.68311673781782	0.948187010522536	1.73121394551663
ASV_634_16S	0.496841662643482	-0.521705272318928	-0.69332279194082	-0.73284919276685	1.85733697528321	-0.990498528567833	-1.04328435460892	-2.09334705150702	1.01463888947072	1.58170747321239	1.3288464518874	0.912762461423887	-2.07845629077207	-0.0960959825452479	2.2246732140263	2.2389621422079	1.65719098401059	1.7251079591994	1.37041660851959	1.23576247116161	0.45237747811133	-2.09633542720089	1.55296571411031
ASV_635_16S	-0.601770626024627	-0.521705272318928	-0.69332279194082	-0.73284919276685	-0.70761238217833	-0.990498528567833	-1.04328435460892	-2.09334705150702	-2.67424056464322	-2.22495501655793	1.51116800868135	2.83373366213195	1.87278742780936	1.06407419912229	0.678748707314528	0.716535606763426	-1.52086284633736	-2.49439974597671	0.627259007384984	-2.3195855903278	0.684179092168654	-2.09633542720089	-2.16060635259399
ASV_637_16S	-0.601770626024627	-0.521705272318928	-0.69332279194082	-0.73284919276685	-0.70761238217833	-0.990498528567833	-1.04328435460892	-2.09334705150702	-2.67424056464322	-2.22495501655793	3.18514444225303	3.73578203729056	1.53246162187215	-0.432568219166461	-1.88620065014701	-1.76837104302457	-1.52086284633736	-2.49439974597671	-3.03630263874466	-2.3195855903278	-2.68311673781782	-2.09633542720089	-2.16060635259399
ASV_636_16S	-0.601770626024627	-0.521705272318928	-0.69332279194082	-0.73284919276685	-0.70761238217833	-0.990498528567833	-1.04328435460892	3.4557290333882	-2.67424056464322	-2.22495501655793	-1.37920374921481	3.64578558345748	1.41805127069441	-3.14061842026867	-1.88620065014701	-1.76837104302457	-1.52086284633736	0.724476078891491	1.59842634948497	1.23576247116161	0.45237747811133	-2.09633542720089	-2.16060635259399
ASV_640_16S	-0.601770626024627	-0.521705272318928	-0.69332279194082	-0.73284919276685	-0.70761238217833	-0.990498528567833	-1.04328435460892	1.30785033015513	1.74460004315338	1.41263114316846	-1.37920374921481	-2.45453336856259	-2.07845629077207	1.95924800755553	-1.88620065014701	-1.76837104302457	-1.52086284633736	1.53095194475844	1.54866483992591	1.59243741510035	1.86017804445218	1.85490829138054	1.77121928013033
ASV_641_16S	-0.601770626024627	-0.521705272318928	-0.69332279194082	-0.73284919276685	-0.70761238217833	-0.990498528567833	1.59577297500634	2.78185027169413	1.2960513489089	2.15707161811595	0.923381343779235	1.71985390133305	1.50506264768404	1.14984102087972	0.598705999640991	1.48972549499691	0.676361730998861	1.59994481624539	1.1978038658526	0.570786167568365	0.750870466667326	1.51458248544334	0.237288920204377
ASV_643_16S	-0.601770626024627	2.56933718103939	-0.69332279194082	-0.73284919276685	-0.70761238217833	-0.990498528567833	-1.04328435460892	-2.09334705150702	0.822266996823261	-2.22495501655793	-1.37920374921481	-2.45453336856259	-2.07845629077207	-3.14061842026867	-1.88620065014701	-1.76837104302457	-1.52086284633736	-2.49439974597671	0.259534227259667	3.41375568656995	3.15169399924478	3.05695616729689	-2.16060635259399
ASV_644_16S	-0.601770626024627	-0.521705272318928	-0.69332279194082	-0.73284919276685	-0.70761238217833	-0.990498528567833	-1.04328435460892	-2.09334705150702	2.11325117813883	-2.22495501655793	-1.37920374921481	-2.45453336856259	-2.07845629077207	-3.14061842026867	-1.88620065014701	-1.76837104302457	-1.52086284633736	-2.49439974597671	0.834898372163229	3.50936002728241	2.22953814791823	2.91429986689537	-2.16060635259399
ASV_647_16S	3.11180144067968	-0.521705272318928	-0.69332279194082	-0.73284919276685	-0.70761238217833	-0.990498528567833	-1.04328435460892	1.43301347310914	0.852119959972942	1.86938954566417	-1.37920374921481	-2.45453336856259	0.486493066689465	0.986515964776421	-1.88620065014701	-1.76837104302457	-1.52086284633736	0.338813598079507	0.652576815369274	0.858468240020146	1.87076015378272	3.12941124651231	1.60059376309957
ASV_648_16S	-0.601770626024627	-0.521705272318928	-0.69332279194082	-0.73284919276685	-0.70761238217833	-0.990498528567833	-1.04328435460892	-2.09334705150702	-2.67424056464322	-2.22495501655793	-1.37920374921481	-2.45453336856259	-2.07845629077207	-3.14061842026867	-1.88620065014701	-1.76837104302457	-1.52086284633736	-2.49439974597671	-3.03630263874466	2.28558459566029	2.30731584896092	4.12027067388398	1.7105946583139
ASV_652_16S	-0.601770626024627	-0.521705272318928	-0.69332279194082	-0.73284919276685	-0.70761238217833	-0.990498528567833	-1.04328435460892	-2.09334705150702	1.4032968792625	-2.22495501655793	-1.37920374921481	1.45748963686556	1.55912986895431	1.5228206738434	-1.88620065014701	-1.76837104302457	-1.52086284633736	1.39742055213392	0.875720366683483	1.29133232231642	0.843243786798342	-2.09633542720089	1.73121394551663
ASV_651_16S	-0.601770626024627	-0.521705272318928	-0.69332279194082	1.66504608003152	1.23829776687698	-0.990498528567833	-1.04328435460892	-2.09334705150702	-2.67424056464322	-2.22495501655793	2.57203996936662	1.70434971479708	-2.07845629077207	-3.14061842026867	-1.88620065014701	-1.76837104302457	1.52365959138606	0.338813598079507	1.25415680240373	-2.3195855903278	-2.68311673781782	-2.09633542720089	-2.16060635259399
ASV_654_16S	-0.601770626024627	-0.521705272318928	-0.69332279194082	-0.73284919276685	-0.70761238217833	-0.990498528567833	-1.04328435460892	-2.09334705150702	1.35111112609193	-0.145513474878093	-1.37920374921481	1.1830527911638	1.21738057523226	1.37024108624818	-1.88620065014701	0.177539106030739	1.94487305646237	2.18773148114751	2.334335389383	1.57223470778283	1.56537850423154	1.68785420671737	-2.16060635259399
ASV_658_16S	-0.601770626024627	3.3701150257917	-0.69332279194082	-0.73284919276685	2.28811989137566	-0.990498528567833	-1.04328435460892	-2.09334705150702	-2.67424056464322	-0.0277304392217093	-1.37920374921481	-2.45453336856259	-2.07845629077207	-3.14061842026867	-1.88620065014701	2.10282996788332	-1.52086284633736	-2.49439974597671	-3.03630263874466	-2.3195855903278	-2.68311673781782	-2.09633542720089	-2.16060635259399
ASV_661_16S	-0.601770626024627	-0.521705272318928	-0.69332279194082	-0.73284919276685	-0.70761238217833	3.27218134847348	-1.04328435460892	-2.09334705150702	0.416801888715097	-2.22495501655793	-1.37920374921481	1.92749326611129	-2.07845629077207	0.325117482531056	2.72891986669425	2.18287267555685	-1.52086284633736	1.0609483155127	-3.03630263874466	-2.3195855903278	-0.285221465019449	-2.09633542720089	-2.16060635259399
ASV_664_16S	-0.601770626024627	-0.521705272318928	-0.69332279194082	2.95603026134709	-0.70761238217833	3.70998183722458	-1.04328435460892	-2.09334705150702	-2.67424056464322	-2.22495501655793	-1.37920374921481	1.4166676423453	-2.07845629077207	1.20318700158501	1.64015987446915	-1.76837104302457	-1.52086284633736	-2.49439974597671	-3.03630263874466	-2.3195855903278	-2.68311673781782	-2.09633542720089	-2.16060635259399
ASV_667_16S	-0.601770626024627	-0.521705272318928	-0.69332279194082	-0.73284919276685	2.38343007117999	-0.990498528567833	-1.04328435460892	1.12552877336118	0.936677348001005	2.09253309697838	1.4540095948414	0.253516832539623	-2.07845629077207	-3.14061842026867	-1.88620065014701	-1.76837104302457	1.47486942721663	-2.49439974597671	-3.03630263874466	0.319471739287459	-0.4858921604816	1.19950143880344	-2.16060635259399
ASV_666_16S	1.34413952303069	2.36866648557724	2.9175951207034	2.66834818889531	3.09905010759199	-0.990498528567833	-1.04328435460892	-2.09334705150702	-2.67424056464322	1.17624236510423	-1.37920374921481	-2.45453336856259	-2.07845629077207	0.442900518187439	1.05823832901943	-1.76837104302457	-1.52086284633736	-2.49439974597671	0.875720366683483	1.46460404359046	1.14552465867128	-2.09633542720089	2.39327053900655
ASV_669_16S	-0.601770626024627	-0.521705272318928	-0.69332279194082	-0.73284919276685	-0.70761238217833	-0.990498528567833	-1.04328435460892	-0.301587582278969	-2.67424056464322	-2.22495501655793	-1.37920374921481	0.11041598889895	1.79274472013582	-3.14061842026867	1.20484180321131	-1.76837104302457	-1.52086284633736	-2.49439974597671	-3.03630263874466	-2.3195855903278	0.207255020078345	-2.09633542720089	0.141978740400052
ASV_671_16S	-0.601770626024627	-0.521705272318928	-0.69332279194082	-0.73284919276685	-0.70761238217833	-0.990498528567833	-1.04328435460892	-2.09334705150702	-2.67424056464322	-2.22495501655793	2.23171416342941	1.51575854498954	-2.07845629077207	-3.14061842026867	3.02645423558904	1.86921511670181	-1.52086284633736	-2.49439974597671	-3.03630263874466	-2.3195855903278	-2.68311673781782	-2.09633542720089	2.76664733256321
ASV_670_16S	-0.601770626024627	3.74097460472239	1.87162656552072	-0.73284919276685	-0.70761238217833	-0.990498528567833	-1.04328435460892	0.851091927659416	-2.67424056464322	0.339994340903608	-1.37920374921481	-2.45453336856259	-2.07845629077207	-3.14061842026867	-1.88620065014701	-1.76837104302457	-1.52086284633736	-2.49439974597671	-3.03630263874466	-2.3195855903278	-2.68311673781782	3.24599882476392	0.404343004867543
ASV_673_16S	-0.601770626024627	-0.521705272318928	-0.69332279194082	2.82249886872256	-0.70761238217833	2.74717108971554	2.99976691322563	-2.09334705150702	-2.67424056464322	-2.22495501655793	-1.37920374921481	2.16058714827867	-2.07845629077207	-3.14061842026867	2.36229459190235	-1.76837104302457	1.94487305646237	0.501332527577282	-3.03630263874466	-2.3195855903278	-2.68311673781782	-2.09633542720089	-2.16060635259399
ASV_675_16S	-0.601770626024627	-0.521705272318928	-0.69332279194082	-0.73284919276685	-0.70761238217833	-0.990498528567833	-1.04328435460892	0.471602305954513	0.416801888715097	-2.22495501655793	-1.37920374921481	0.912762461423887	1.83356671465607	2.09582354256128	-1.88620065014701	-1.76837104302457	-1.52086284633736	2.34188216097477	1.69989580964983	2.58568918811063	0.45237747811133	-2.09633542720089	-2.16060635259399
ASV_680_16S	-0.601770626024627	-0.521705272318928	-0.69332279194082	-0.73284919276685	-0.70761238217833	-0.990498528567833	-1.04328435460892	-2.09334705150702	-2.67424056464322	1.7262887020235	1.4540095948414	1.49671035001884	1.21738057523226	1.42372977119917	-1.88620065014701	-1.76837104302457	-1.52086284633736	-2.49439974597671	-3.03630263874466	-2.3195855903278	-2.68311673781782	-2.09633542720089	0.141978740400052
ASV_679_16S	2.03728670359063	-0.521705272318928	-0.69332279194082	-0.73284919276685	-0.70761238217833	-0.990498528567833	-1.04328435460892	1.3723888512927	0.90927837381289	2.50243280215441	-1.37920374921481	-2.45453336856259	0.754757053284145	0.470299492375553	-1.88620065014701	-1.76837104302457	-1.52086284633736	-2.49439974597671	0.460204922721818	1.04771023965867	1.90185074085275	2.62216344409421	0.974887863335156
ASV_688_16S	-0.601770626024627	-0.521705272318928	-0.69332279194082	-0.73284919276685	-0.70761238217833	-0.990498528567833	-1.04328435460892	-2.09334705150702	-2.67424056464322	-2.22495501655793	1.56523522995163	-2.45453336856259	-2.07845629077207	-3.14061842026867	2.53263995764959	0.939679158077636	-1.52086284633736	-0.548489596921396	-3.03630263874466	1.63165812825363	1.80551963191432	1.56722621892876	2.94533912130659
ASV_687_16S	1.70081446696942	2.65634855802902	4.14295911501066	2.79351133184931	2.12560096187789	1.64855880104743	1.59577297500634	1.49017188694909	-1.98109338408327	0.0776300764361171	1.25985358040045	-1.35592107989448	0.754757053284145	-2.44747123970873	-0.0944411809189543	0.177539106030739	0.425047302717955	-1.80125256541676	-2.34315545818472	-0.710147677893699	-1.07367882538372	1.43002509741527	1.79063736598743
ASV_690_16S	2.57628320432332	2.47402700123506	-0.69332279194082	-0.73284919276685	-0.70761238217833	-0.990498528567833	-1.04328435460892	-2.09334705150702	-0.0351832350279611	-2.22495501655793	-1.37920374921481	-2.45453336856259	-2.07845629077207	-3.14061842026867	-1.88620065014701	-1.76837104302457	-1.52086284633736	-2.49439974597671	-3.03630263874466	-2.3195855903278	-2.68311673781782	-2.09633542720089	1.91693109131173
ASV_697_16S	-0.601770626024627	-0.521705272318928	-0.69332279194082	-0.73284919276685	-0.70761238217833	-0.990498528567833	0.343010006510974	1.5175708611372	1.90047041386016	2.67288478339298	1.10570290057319	1.04197419290389	0.118768286564148	-1.06117687858884	-0.499906289027119	-1.76837104302457	1.18718735476485	-2.49439974597671	-3.03630263874466	-0.0170004973337536	-0.4858921604816	1.73230596928821	1.24059102906816
ASV_699_16S	-0.601770626024627	-0.521705272318928	-0.69332279194082	-0.73284919276685	-0.70761238217833	-0.990498528567833	-1.04328435460892	-2.09334705150702	1.3862024459032	-2.22495501655793	-1.37920374921481	-2.45453336856259	1.75018510571702	2.10112859479097	-1.88620065014701	-1.76837104302457	-1.52086284633736	1.45684397260472	-3.03630263874466	-2.3195855903278	1.16703086389224	-2.09633542720089	1.89983665795243
ASV_703_16S	-0.601770626024627	-0.521705272318928	-0.69332279194082	-0.73284919276685	-0.70761238217833	-0.990498528567833	-1.04328435460892	-2.09334705150702	1.06342905364015	0.608258327498287	-1.37920374921481	-2.45453336856259	-2.07845629077207	1.54151280685555	1.40963621585732	-1.76837104302457	-1.52086284633736	1.41762325945144	1.15335210328176	-2.3195855903278	0.750870466667326	1.40017213426559	3.07050226426059
ASV_704_16S	-0.601770626024627	3.28495721745139	3.06787732375274	-0.73284919276685	-0.70761238217833	-0.990498528567833	-1.04328435460892	-2.09334705150702	-2.67424056464322	-2.22495501655793	-1.37920374921481	-2.45453336856259	-2.07845629077207	-3.14061842026867	0.752856679468249	0.796578314436963	-1.52086284633736	-2.49439974597671	-3.03630263874466	0.165321059460201	-2.68311673781782	-2.09633542720089	1.60059376309957
ASV_705_16S	-0.601770626024627	-0.521705272318928	-0.69332279194082	-0.73284919276685	-0.70761238217833	-0.990498528567833	-1.04328435460892	-2.09334705150702	-2.67424056464322	-2.22495501655793	-1.37920374921481	-2.45453336856259	-2.07845629077207	-1.75432405914878	-1.88620065014701	-1.76837104302457	-1.52086284633736	-2.49439974597671	0.295901871430541	2.52460149613079	1.20870356029281	-2.09633542720089	1.88244491524056
ASV_708_16S	-0.601770626024627	-0.521705272318928	-0.69332279194082	-0.73284919276685	-0.70761238217833	-0.990498528567833	-1.04328435460892	1.23885745866818	1.62982452856095	3.06834980816656	-1.37920374921481	-2.45453336856259	0.319438982026299	1.77203646546738	-1.88620065014701	-1.76837104302457	0.0885750660967421	-0.884961833542609	0.792338757744433	-0.240144048647964	1.1235457519525	1.16176111082059	-2.16060635259399
ASV_709_16S	-0.601770626024627	-0.521705272318928	-0.69332279194082	-0.73284919276685	-0.70761238217833	-0.990498528567833	-1.04328435460892	-2.09334705150702	0.657963945531984	-2.22495501655793	-1.37920374921481	1.80814650847873	1.55912986895431	1.03376884962697	-1.88620065014701	-1.76837104302457	-1.52086284633736	2.68174998659712	0.855517659365964	-2.3195855903278	-2.68311673781782	-2.09633542720089	-2.16060635259399
ASV_710_16S	-0.601770626024627	-0.521705272318928	-0.69332279194082	-0.73284919276685	-0.70761238217833	3.13663585647726	-1.04328435460892	-2.09334705150702	2.24574036118491	-2.22495501655793	-1.37920374921481	-2.45453336856259	-2.07845629077207	-3.14061842026867	-1.88620065014701	-1.76837104302457	-1.52086284633736	-2.49439974597671	-3.03630263874466	2.45109903413787	2.27271031978344	2.07805184269475	-2.16060635259399
ASV_714_16S	2.48927182733369	1.55773626936091	2.67397303804565	2.03973952947293	2.7581235206214	-0.990498528567833	2.13476947573903	-2.09334705150702	0.216131193252945	-2.22495501655793	-1.37920374921481	0.636509084795729	-2.07845629077207	0.325117482531056	1.57953525265272	1.06484230103164	1.1181944832779	0.80143712002762	0.652576815369274	-2.3195855903278	0.361405699905603	1.45901263428853	2.96335762680926
ASV_715_16S	1.59545395131159	-0.521705272318928	-0.69332279194082	-0.73284919276685	-0.70761238217833	-0.990498528567833	-1.04328435460892	-2.09334705150702	2.16204134230826	1.78237816867454	-1.37920374921481	-2.45453336856259	0.69413243146771	1.67966314533637	-1.88620065014701	-1.76837104302457	-1.52086284633736	0.213650455125501	1.37041660851959	1.36929386378614	2.43487707459894	0.994707026157429	-2.16060635259399
ASV_717_16S	-0.601770626024627	-0.521705272318928	-0.69332279194082	-0.73284919276685	-0.70761238217833	-0.990498528567833	-1.04328435460892	1.9841903923987	1.7684106918471	-2.22495501655793	-1.37920374921481	1.63981119365951	-2.07845629077207	0.919824590277748	-1.88620065014701	1.17606793614187	1.1181944832779	1.76828013106461	1.35814651592778	1.04771023965867	0.684179092168654	1.27096040278559	1.39474170889542
ASV_718_16S	-0.601770626024627	-0.521705272318928	-0.69332279194082	-0.73284919276685	-0.70761238217833	-0.990498528567833	-1.04328435460892	1.12552877336118	3.00251323762506	1.64624599434996	-1.37920374921481	-2.45453336856259	-2.07845629077207	-1.06117687858884	-1.88620065014701	-1.76837104302457	-1.52086284633736	-2.49439974597671	-1.65000827762477	0.0783096824705711	2.60008699092017	1.87395648635123	-2.16060635259399
ASV_720_16S	-0.601770626024627	-0.521705272318928	-0.69332279194082	-0.73284919276685	-0.70761238217833	-0.990498528567833	-1.04328435460892	0.997695401851292	1.7684106918471	0.608258327498287	-1.37920374921481	-2.45453336856259	3.07483530372571	2.40064512488975	-1.88620065014701	-1.76837104302457	-1.52086284633736	-2.49439974597671	-3.03630263874466	-2.3195855903278	-2.68311673781782	-2.09633542720089	-2.16060635259399
ASV_722_16S	-0.601770626024627	-0.521705272318928	-0.69332279194082	-0.73284919276685	-0.70761238217833	-0.990498528567833	-1.04328435460892	-2.09334705150702	0.90927837381289	1.30140550805823	-1.37920374921481	-2.45453336856259	1.83356671465607	2.13749623896185	-1.88620065014701	-1.76837104302457	-1.52086284633736	0.683654084371236	1.28118547479165	1.68774759490467	1.32421644741465	1.12254039766731	1.55296571411031
ASV_723_16S	-0.601770626024627	-0.521705272318928	-0.69332279194082	-0.73284919276685	-0.70761238217833	-0.990498528567833	-1.04328435460892	2.34930420498329	1.23778244078493	1.0708818494464	-1.37920374921481	-0.662773899334532	1.17964024724941	0.522943225860975	-1.88620065014701	-1.76837104302457	-0.134568485217468	0.971336156823017	1.12258044461501	1.34397605580185	1.30586730874645	-2.09633542720089	-2.16060635259399
ASV_725_16S	-0.601770626024627	-0.521705272318928	-0.69332279194082	-0.73284919276685	-0.70761238217833	-0.990498528567833	-1.04328435460892	2.03378733353807	1.74460004315338	-2.22495501655793	-1.37920374921481	-2.45453336856259	3.38960385036306	0.442900518187439	-1.88620065014701	-1.76837104302457	-1.52086284633736	2.15956060418081	1.81572762517495	1.63165812825363	-2.68311673781782	-2.09633542720089	-2.16060635259399
ASV_728_16S	-0.601770626024627	4.57204492848783	-0.69332279194082	-0.73284919276685	-0.70761238217833	-0.990498528567833	-1.04328435460892	-2.09334705150702	1.60242555437284	-2.22495501655793	-1.37920374921481	-2.45453336856259	-2.07845629077207	2.22067374544075	-1.88620065014701	-1.76837104302457	-1.52086284633736	-2.49439974597671	1.09083174630043	1.88510702906317	1.34223495291733	1.43002509741527	-2.16060635259399
ASV_730_16S	-0.601770626024627	-0.521705272318928	-0.69332279194082	-0.73284919276685	-0.70761238217833	-0.990498528567833	-1.04328435460892	0.739866292549192	0.822266996823261	-2.22495501655793	-1.37920374921481	1.30666674713098	1.17964024724941	1.49411056796096	-1.88620065014701	-1.76837104302457	0.877032426461013	1.84940567587697	1.22637723829665	0.0783096824705711	-2.68311673781782	-2.09633542720089	-2.16060635259399
ASV_732_16S	-0.601770626024627	-0.521705272318928	-0.69332279194082	-0.73284919276685	-0.70761238217833	-0.990498528567833	-1.04328435460892	-2.09334705150702	1.62982452856095	1.46392443755601	-1.37920374921481	-2.45453336856259	-2.07845629077207	2.20171583169614	-1.88620065014701	-1.76837104302457	-1.52086284633736	1.0609483155127	1.44103417573354	2.0992550174688	1.87076015378272	-2.09633542720089	-2.16060635259399
ASV_736_16S	-0.601770626024627	-0.521705272318928	-0.69332279194082	-0.73284919276685	-0.70761238217833	-0.990498528567833	-1.04328435460892	2.00099751071508	0.989321081486427	1.20903218792722	-1.37920374921481	-2.45453336856259	1.96459497706248	0.73058259063922	-1.88620065014701	-1.76837104302457	-1.52086284633736	2.32588181962833	1.85404648947709	0.38846461077441	0.494937092530126	-0.304575957972832	-2.16060635259399
ASV_737_16S	-0.601770626024627	-0.521705272318928	-0.69332279194082	-0.73284919276685	-0.70761238217833	-0.990498528567833	-1.04328435460892	1.49017188694909	1.27700315393821	-2.22495501655793	-1.37920374921481	-2.45453336856259	2.11119845125435	2.36471311566369	-1.88620065014701	-1.76837104302457	-1.52086284633736	1.73970675862055	2.19480597810992	1.31800056939859	1.52157588157315	-2.09633542720089	-2.16060635259399
ASV_738_16S	0.784523735095263	-0.521705272318928	-0.69332279194082	-0.73284919276685	-0.70761238217833	-0.990498528567833	-1.04328435460892	1.57021459462262	0.321491708910771	0.547633705681852	-1.37920374921481	0.184523961052672	1.25374821940313	0.117478117752811	-1.88620065014701	-1.76837104302457	2.14269879979229	2.14032924225293	0.855517659365964	0.245363767133737	1.22890626761033	1.64133419108248	-2.16060635259399
ASV_739_16S	-0.601770626024627	-0.521705272318928	-0.69332279194082	-0.73284919276685	-0.70761238217833	-0.990498528567833	-1.04328435460892	0.997695401851292	1.43663329953009	-2.22495501655793	-1.37920374921481	-2.45453336856259	1.25374821940313	2.64012509552366	-1.88620065014701	-1.76837104302457	-1.52086284633736	1.03196077863945	1.87635224699139	0.513627753728417	0.0894719844219614	-2.09633542720089	-2.16060635259399
ASV_743_16S	-0.601770626024627	-0.521705272318928	-0.69332279194082	-0.73284919276685	-0.70761238217833	-0.990498528567833	-1.04328435460892	2.39528931822512	-0.882481095415165	3.94256147433041	-1.37920374921481	-2.45453336856259	-2.07845629077207	-3.14061842026867	-1.88620065014701	-1.76837104302457	-1.52086284633736	-2.49439974597671	-0.145930880848498	-2.3195855903278	1.56537850423154	-2.09633542720089	-2.16060635259399
ASV_744_16S	-0.601770626024627	-0.521705272318928	-0.69332279194082	-0.73284919276685	-0.70761238217833	-0.990498528567833	-1.04328435460892	1.75680055020303	1.46889416174831	2.44787381790398	-1.37920374921481	-2.45453336856259	1.50506264768404	2.07431733734031	-1.88620065014701	-1.76837104302457	-1.52086284633736	-2.49439974597671	0.701366979538706	-2.3195855903278	1.50653800420861	-2.09633542720089	-2.16060635259399
ASV_746_16S	-0.601770626024627	-0.521705272318928	-0.69332279194082	-0.73284919276685	-0.70761238217833	-0.990498528567833	-1.04328435460892	-2.09334705150702	-2.67424056464322	0.483095184544281	-1.37920374921481	1.37410802792651	0.91727598278192	0.117478117752811	2.04562498257732	1.89519060310507	1.47486942721663	0.64109446995244	0.259534227259667	-2.3195855903278	-0.285221465019449	-2.09633542720089	2.49335399756353
ASV_747_16S	-0.601770626024627	-0.521705272318928	-0.69332279194082	2.15752256512931	3.03005723610504	2.14499568736132	1.66476584649329	-2.09334705150702	-2.67424056464322	-0.433195547329874	1.25985358040045	-2.45453336856259	-2.07845629077207	-3.14061842026867	1.75138550957938	1.52746582297976	0.964043803450642	0.338813598079507	-3.03630263874466	-2.3195855903278	-2.68311673781782	-2.09633542720089	0.611982369645787
ASV_749_16S	-0.601770626024627	-0.521705272318928	-0.69332279194082	-0.73284919276685	-0.70761238217833	-0.990498528567833	-1.04328435460892	2.11134556788394	1.31474348192106	0.339994340903608	-1.37920374921481	-2.45453336856259	1.72820619899825	1.97737539214808	-1.88620065014701	-1.76837104302457	-1.52086284633736	1.16916190015294	1.40634861774565	1.41808402795557	2.10437500496423	1.23586908297432	-2.16060635259399
ASV_750_16S	-0.601770626024627	-0.521705272318928	2.9175951207034	-0.73284919276685	-0.70761238217833	-0.990498528567833	-1.04328435460892	-2.09334705150702	-0.109291207181683	-2.22495501655793	-1.37920374921481	-2.45453336856259	-2.07845629077207	-0.196179441102231	1.33267517472119	1.89519060310507	1.69801297853084	1.47589216757541	1.00674862908989	-2.3195855903278	0.649087772357384	1.08171840314706	2.79522070500727
ASV_751_16S	-0.601770626024627	-0.521705272318928	-0.69332279194082	-0.73284919276685	-0.70761238217833	-0.990498528567833	-1.04328435460892	2.04978767488451	1.35111112609193	0.547633705681852	-1.37920374921481	-2.45453336856259	1.44790423384409	1.76465635816976	-1.88620065014701	-1.76837104302457	-1.52086284633736	1.33424165051239	1.4635070315856	1.53056201138226	1.9708436123397	2.29811372747155	-2.16060635259399
ASV_752_16S	1.70081446696942	-0.521705272318928	-0.69332279194082	-0.73284919276685	-0.70761238217833	-0.990498528567833	-1.04328435460892	1.08470677884092	0.62159630136111	0.719483962608511	-1.37920374921481	1.87619997172374	1.14041953409613	0.751201877841956	-1.88620065014701	0.311070498655262	1.81134166383785	1.9599475502768	1.05804192347744	-2.3195855903278	0.0249334632843903	0.468613930260649	1.01744747775395
ASV_754_16S	-0.601770626024627	-0.521705272318928	-0.69332279194082	-0.73284919276685	-0.70761238217833	-0.990498528567833	-1.04328435460892	-2.09334705150702	1.94087995219804	1.60368637993117	-1.37920374921481	-2.45453336856259	-2.07845629077207	1.49411056796096	0.678748707314528	-1.76837104302457	2.0054976782788	1.59994481624539	1.69108517996768	-2.3195855903278	1.42775712635549	-2.09633542720089	-2.16060635259399
ASV_755_16S	3.80494862123963	-0.521705272318928	-0.69332279194082	-0.73284919276685	-0.70761238217833	-0.990498528567833	-1.04328435460892	-2.09334705150702	0.544635260224981	-2.22495501655793	-1.37920374921481	-2.45453336856259	-2.07845629077207	-3.14061842026867	-1.88620065014701	-1.76837104302457	-1.52086284633736	-2.49439974597671	-3.03630263874466	1.31800056939859	1.60734270333057	2.66583850759687	1.30512955020573
ASV_758_16S	-0.601770626024627	-0.521705272318928	-0.69332279194082	-0.73284919276685	-0.70761238217833	-0.990498528567833	-1.04328435460892	2.39528931822512	-1.28794620352333	1.0708818494464	-1.37920374921481	-2.45453336856259	-0.132546141716758	-3.14061842026867	-0.276762737712909	-1.76837104302457	-1.52086284633736	0.213650455125501	0.652576815369274	2.37176229190134	1.26812698076361	1.23586908297432	1.47697980713239
ASV_760_16S	-0.601770626024627	-0.521705272318928	-0.69332279194082	1.97520100833536	-0.70761238217833	-0.990498528567833	-1.04328435460892	1.75680055020303	0.583855973378263	-2.22495501655793	-1.37920374921481	-2.45453336856259	-2.07845629077207	-0.196179441102231	-1.88620065014701	-1.76837104302457	-1.52086284633736	-2.49439974597671	-3.03630263874466	0.771456863030517	-2.68311673781782	-2.09633542720089	-2.16060635259399
ASV_759_16S	-0.601770626024627	-0.521705272318928	-0.69332279194082	-0.73284919276685	-0.70761238217833	-0.990498528567833	2.67028771209539	-2.09334705150702	-2.67424056464322	-2.22495501655793	1.18574560824673	1.4166676423453	-2.07845629077207	-3.14061842026867	2.13915104058814	2.14365196240357	1.42357613282908	-0.0965044731783387	-3.03630263874466	-2.3195855903278	-2.68311673781782	-2.09633542720089	-2.16060635259399
ASV_762_16S	-0.601770626024627	-0.521705272318928	-0.69332279194082	-0.73284919276685	-0.70761238217833	-0.990498528567833	2.25255251139541	1.57021459462262	3.11265681672349	-2.22495501655793	-1.37920374921481	-2.45453336856259	-0.132546141716758	-3.14061842026867	-1.88620065014701	-1.76837104302457	-1.52086284633736	0.64109446995244	-3.03630263874466	0.771456863030517	-2.68311673781782	-2.09633542720089	-2.16060635259399
ASV_764_16S	-0.601770626024627	-0.521705272318928	-0.69332279194082	-0.73284919276685	-0.70761238217833	-0.990498528567833	-1.04328435460892	-2.09334705150702	-2.67424056464322	-2.22495501655793	-1.37920374921481	-2.45453336856259	3.41871193452113	1.61297177083769	-1.88620065014701	-1.76837104302457	-1.52086284633736	-2.49439974597671	1.99413528264777	3.04639042469405	-2.68311673781782	-2.09633542720089	-2.16060635259399
ASV_765_16S	-0.601770626024627	-0.521705272318928	-0.69332279194082	-0.73284919276685	-0.70761238217833	2.6983809255461	-1.04328435460892	0.951175386216399	-2.67424056464322	-2.22495501655793	1.18574560824673	1.92749326611129	-2.07845629077207	-3.14061842026867	1.00417110774916	1.00421767921521	2.94504527231723	2.53603817541573	1.02414037180176	1.36929386378614	-2.68311673781782	-2.09633542720089	-2.16060635259399
ASV_767_16S	-0.601770626024627	-0.521705272318928	-0.69332279194082	-0.73284919276685	-0.70761238217833	1.71755167253438	-1.04328435460892	0.471602305954513	1.01463888947072	0.866087436800387	1.4540095948414	1.6726010164825	1.09959753957587	0.0782574045995297	1.48109517983946	2.14365196240357	1.47486942721663	1.45684397260472	0.813844962965396	0.724936847395623	0.782619164981907	-2.09633542720089	1.30512955020573
ASV_776_16S	-0.601770626024627	-0.521705272318928	-0.69332279194082	-0.73284919276685	-0.70761238217833	3.25799671348153	-1.04328435460892	2.12616065366908	0.822266996823261	-2.22495501655793	-1.37920374921481	2.99650508500311	1.99908115313365	1.29019837857464	-1.88620065014701	-1.76837104302457	-1.52086284633736	-2.49439974597671	-3.03630263874466	-2.3195855903278	-2.68311673781782	-2.09633542720089	-2.16060635259399
ASV_779_16S	-0.601770626024627	-0.521705272318928	-0.69332279194082	-0.73284919276685	-0.70761238217833	-0.990498528567833	-1.04328435460892	0.103877525829196	0.657963945531984	-0.433195547329874	-1.37920374921481	0.680960847366563	1.41805127069441	1.24140821440521	-1.88620065014701	-1.76837104302457	0.425047302717955	2.23298807273563	1.52804555272317	0.676146683226191	0.150096606238396	-2.09633542720089	-2.16060635259399
ASV_781_16S	-0.601770626024627	-0.521705272318928	-0.69332279194082	-0.73284919276685	-0.70761238217833	-0.990498528567833	-1.04328435460892	3.41604128512095	-2.67424056464322	-2.22495501655793	1.25985358040045	-2.45453336856259	-2.07845629077207	-3.14061842026867	-1.88620065014701	-1.76837104302457	1.69801297853084	-2.49439974597671	2.43596803492681	-2.3195855903278	-2.68311673781782	-2.09633542720089	-2.16060635259399
ASV_782_16S	-0.601770626024627	-0.521705272318928	-0.69332279194082	2.52524734525463	-0.70761238217833	1.89987322932833	-1.04328435460892	-2.09334705150702	-2.67424056464322	-2.22495501655793	1.51116800868135	-2.45453336856259	-2.07845629077207	-3.14061842026867	1.20484180321131	2.57543437882911	-1.52086284633736	-2.49439974597671	-3.03630263874466	-2.3195855903278	-2.68311673781782	-2.09633542720089	-2.16060635259399
ASV_784_16S	2.03728670359063	-0.521705272318928	2.80318476952566	0.36576309590126	-0.70761238217833	-0.990498528567833	0.0553279340591935	0.471602305954513	-0.276345291844849	1.46392443755601	-0.280591460546701	-2.45453336856259	-2.07845629077207	-2.44747123970873	0.059709498908304	-0.382076681904683	-0.422250557669248	-0.884961833542609	-1.93769035007655	-1.22097330165969	-0.285221465019449	2.1941240139475	2.73723344735692
ASV_786_16S	-0.601770626024627	-0.521705272318928	-0.69332279194082	-0.73284919276685	-0.70761238217833	-0.990498528567833	-1.04328435460892	1.34064015297812	1.57425467740614	1.3859628960863	-1.37920374921481	-2.45453336856259	2.36419496571825	2.1921003729967	-1.88620065014701	-1.76837104302457	-1.52086284633736	-2.49439974597671	1.15335210328176	-2.3195855903278	1.5795631392235	-2.09633542720089	-2.16060635259399
ASV_793_16S	-0.601770626024627	-0.521705272318928	-0.69332279194082	3.2925024979683	3.20441062324982	1.40739674423054	1.03615718707092	-2.09334705150702	-2.67424056464322	-2.22495501655793	1.91663311678952	0.841303497441742	-2.07845629077207	-3.14061842026867	2.45760477170667	1.81514789543154	-1.52086284633736	-2.49439974597671	-3.03630263874466	-2.3195855903278	-2.68311673781782	-2.09633542720089	0.783832626572446
ASV_797_16S	-0.601770626024627	-0.521705272318928	-0.69332279194082	-0.73284919276685	-0.70761238217833	-0.990498528567833	-1.04328435460892	1.8769448620451	1.74460004315338	-2.22495501655793	-1.37920374921481	-2.45453336856259	1.50506264768404	1.67156593510375	-1.88620065014701	-1.76837104302457	-1.52086284633736	-2.49439974597671	0.490057885871499	1.44161452536576	1.82774276869903	1.40017213426559	-0.551168440159894
ASV_799_16S	-0.601770626024627	-0.521705272318928	-0.69332279194082	-0.73284919276685	-0.70761238217833	-0.990498528567833	-1.04328435460892	2.53162576177725	-0.477015987307	0.910539199371221	-1.37920374921481	-0.0566380957642161	-2.07845629077207	-3.14061842026867	-1.88620065014701	-1.76837104302457	-1.52086284633736	-2.49439974597671	-3.03630263874466	-2.3195855903278	-2.68311673781782	-2.09633542720089	-2.16060635259399
ASV_800_16S	2.23144271803159	-0.521705272318928	-0.69332279194082	-0.73284919276685	-0.70761238217833	-0.990498528567833	-1.04328435460892	2.19711238964137	1.01463888947072	1.83548799398849	-1.37920374921481	-2.45453336856259	-2.07845629077207	1.35919125006159	-1.88620065014701	-1.76837104302457	-1.52086284633736	-2.49439974597671	0.855517659365964	1.0126189198474	1.44401764722727	2.43626406595237	-2.16060635259399
ASV_803_16S	-0.601770626024627	-0.521705272318928	-0.69332279194082	-0.73284919276685	-0.70761238217833	-0.990498528567833	-1.04328435460892	2.00099751071508	2.3229717091209	2.27485465377234	-1.37920374921481	-2.45453336856259	0.966066146951352	1.53221041419323	-1.88620065014701	-1.76837104302457	-1.52086284633736	-2.49439974597671	0.259534227259667	1.0126189198474	1.6863311146492	1.51458248544334	-2.16060635259399
ASV_805_16S	-0.601770626024627	-0.521705272318928	-0.69332279194082	-0.73284919276685	-0.70761238217833	-0.990498528567833	-1.04328435460892	-2.09334705150702	-2.67424056464322	-2.22495501655793	2.74793063583028	1.10081469292683	1.14041953409613	-0.575669062807134	-1.88620065014701	-1.76837104302457	-0.134568485217468	1.14318641374968	0.364894742917493	2.23429130127274	1.60734270333057	0.948187010522536	0.883916085129429
ASV_808_16S	-0.601770626024627	-0.521705272318928	-0.69332279194082	2.10036415128937	-0.70761238217833	2.22837729630037	-1.04328435460892	-2.09334705150702	-2.67424056464322	-2.22495501655793	1.75629046671434	0.589989069160836	-2.07845629077207	-3.14061842026867	-1.88620065014701	1.06484230103164	0.964043803450642	-2.49439974597671	-3.03630263874466	-2.3195855903278	-2.68311673781782	-2.09633542720089	-2.16060635259399
ASV_814_16S	-0.601770626024627	3.44858664123319	-0.69332279194082	-0.73284919276685	2.7581235206214	0.801260940660222	-1.04328435460892	-2.09334705150702	-2.67424056464322	-2.22495501655793	0.00709061190507954	2.33295837421946	-2.07845629077207	-3.14061842026867	0.193240891532827	2.30916640088115	-1.52086284633736	1.75409549607265	-3.03630263874466	-2.3195855903278	-2.68311673781782	-2.09633542720089	-2.16060635259399
ASV_815_16S	-0.601770626024627	-0.521705272318928	-0.69332279194082	-0.73284919276685	-0.70761238217833	-0.990498528567833	-1.04328435460892	0.79702470638914	1.68246826204637	-2.22495501655793	-1.37920374921481	-1.0682390074427	1.01258616258624	2.1921003729967	-1.88620065014701	-1.76837104302457	-0.134568485217468	2.02738883107233	1.2121926033047	0.245363767133737	-0.737206588762507	-2.09633542720089	-2.16060635259399
ASV_817_16S	-0.601770626024627	-0.521705272318928	-0.69332279194082	-0.73284919276685	-0.70761238217833	-0.990498528567833	-1.04328435460892	-2.09334705150702	1.42010399757888	-2.22495501655793	1.87889278880667	-2.45453336856259	-2.07845629077207	0.688022976220424	-1.88620065014701	-1.76837104302457	1.97564471512912	1.39742055213392	0.601283520981723	-2.3195855903278	1.55098976677944	2.43626406595237	1.6680350438951
ASV_818_16S	2.53372358990452	1.55773626936091	-0.69332279194082	-0.73284919276685	-0.70761238217833	-0.990498528567833	-1.04328435460892	0.391559598280976	0.0983481575965617	0.339994340903608	-1.37920374921481	-2.45453336856259	-2.07845629077207	-3.14061842026867	-1.88620065014701	-1.76837104302457	-1.52086284633736	-2.49439974597671	-0.551395988956662	-0.12236101299158	1.10107289610044	3.3926022989558	0.237288920204377
ASV_820_16S	-0.601770626024627	-0.521705272318928	-0.69332279194082	-0.73284919276685	-0.70761238217833	-0.990498528567833	-1.04328435460892	1.12552877336118	1.68246826204637	-2.22495501655793	-1.37920374921481	-2.45453336856259	1.32274109089008	2.5731143852407	-1.88620065014701	-1.76837104302457	-1.52086284633736	0.0705496114848274	0.875720366683483	0.319471739287459	0.150096606238396	-2.09633542720089	-2.16060635259399
ASV_819_16S	-0.601770626024627	-0.521705272318928	-0.69332279194082	-0.73284919276685	-0.70761238217833	-0.990498528567833	-1.04328435460892	1.5175708611372	1.66956485721046	0.259951633230072	-1.37920374921481	-2.45453336856259	1.72820619899825	2.23001960785899	-1.88620065014701	-1.76837104302457	-1.52086284633736	0.0705496114848274	1.05804192347744	-0.373675441272486	0.407925715540496	-0.150425278145574	-2.16060635259399
ASV_823_16S	-0.601770626024627	-0.521705272318928	-0.69332279194082	-0.73284919276685	-0.70761238217833	-0.990498528567833	-1.04328435460892	-2.09334705150702	2.1379437907292	-2.22495501655793	-1.37920374921481	-2.45453336856259	-2.07845629077207	2.17750157357555	-1.88620065014701	-1.76837104302457	-1.52086284633736	1.00210781548977	1.49629685440859	-2.3195855903278	1.5795631392235	-2.09633542720089	-2.16060635259399
ASV_824_16S	-0.601770626024627	-0.521705272318928	-0.69332279194082	-0.73284919276685	-0.70761238217833	-0.990498528567833	-1.04328435460892	2.03378733353807	0.216131193252945	0.339994340903608	-1.37920374921481	-2.45453336856259	-2.07845629077207	-3.14061842026867	-1.88620065014701	-1.76837104302457	-1.52086284633736	1.84940567587697	0.182573186123538	-2.3195855903278	-2.68311673781782	-2.09633542720089	-2.16060635259399
ASV_827_16S	-0.601770626024627	-0.521705272318928	-0.69332279194082	-0.73284919276685	-0.70761238217833	-0.990498528567833	-1.04328435460892	-2.09334705150702	-2.67424056464322	-2.22495501655793	2.38199636647875	-2.45453336856259	-2.07845629077207	-3.14061842026867	2.53263995764959	0.428853534311646	-1.52086284633736	-2.49439974597671	-0.551395988956662	2.15775122415041	-2.68311673781782	-2.09633542720089	-2.16060635259399
ASV_829_16S	-0.601770626024627	-0.521705272318928	-0.69332279194082	-0.73284919276685	-0.70761238217833	-0.990498528567833	-1.04328435460892	-2.09334705150702	1.62982452856095	-2.22495501655793	-1.37920374921481	-2.45453336856259	-2.07845629077207	-3.14061842026867	-1.88620065014701	-1.76837104302457	-1.52086284633736	-2.49439974597671	-3.03630263874466	2.63624146727346	2.23686418801031	3.44492811795754	-2.16060635259399
ASV_831_16S	-0.601770626024627	-0.521705272318928	-0.69332279194082	-0.73284919276685	-0.70761238217833	-0.990498528567833	-1.04328435460892	1.23885745866818	1.06342905364015	0.770777256996062	-1.37920374921481	-2.45453336856259	1.2888395392144	1.89633418214496	-1.88620065014701	-1.76837104302457	-1.52086284633736	0.872896084009765	0.7248974769489	0.319471739287459	1.53639096735829	1.73230596928821	-2.16060635259399
ASV_833_16S	-0.601770626024627	-0.521705272318928	-0.69332279194082	-0.73284919276685	-0.70761238217833	-0.990498528567833	-1.04328435460892	-2.09334705150702	1.2960513489089	-2.22495501655793	-1.37920374921481	0.912762461423887	1.96459497706248	0.95372614195343	-1.88620065014701	-1.76837104302457	-1.52086284633736	-2.49439974597671	0.627259007384984	1.88510702906317	1.42775712635549	1.64133419108248	-2.16060635259399
ASV_842_16S	-0.601770626024627	-0.521705272318928	-0.69332279194082	-0.73284919276685	-0.70761238217833	-0.990498528567833	-1.04328435460892	0.79702470638914	0.726956817018936	-2.22495501655793	-1.37920374921481	1.39561423314747	1.63511577593224	1.51334192988885	-1.88620065014701	-1.76837104302457	2.28579964343296	2.16903934813536	1.33314521372236	-2.3195855903278	1.1235457519525	0.206249665793159	-2.16060635259399
ASV_848_16S	-0.601770626024627	-0.521705272318928	-0.69332279194082	-0.73284919276685	-0.70761238217833	-0.990498528567833	-1.04328435460892	-2.09334705150702	-2.67424056464322	-2.22495501655793	-1.37920374921481	-2.45453336856259	3.87996840225771	1.07888928490744	-1.88620065014701	-1.76837104302457	-1.52086284633736	-2.49439974597671	0.00821979897876046	0.676146683226191	2.0173636279746	-2.09633542720089	-2.16060635259399
ASV_847_16S	-0.601770626024627	-0.521705272318928	-0.69332279194082	-0.73284919276685	-0.70761238217833	-0.990498528567833	-1.04328435460892	0.103877525829196	1.48464251871645	0.665416741338236	-1.37920374921481	0.589989069160836	1.01258616258624	1.82222620999124	-1.88620065014701	-1.76837104302457	1.69801297853084	1.39742055213392	1.22637723829665	1.04771023965867	0.612720128186509	-2.09633542720089	-2.16060635259399
ASV_850_16S	-0.601770626024627	-0.521705272318928	-0.69332279194082	-0.73284919276685	-0.70761238217833	-0.990498528567833	2.21481218341257	0.739866292549192	0.852119959972942	-2.22495501655793	-1.37920374921481	1.1830527911638	-2.07845629077207	0.751201877841956	0.821849550955201	1.12200071487159	2.03448521515206	1.33424165051239	1.40634861774565	1.04771023965867	1.00576271629612	-2.09633542720089	1.98252837379754
ASV_851_16S	-0.601770626024627	3.63717781104074	2.89019614651529	-0.73284919276685	-0.70761238217833	-0.990498528567833	1.7899289894473	-2.09334705150702	-2.67424056464322	-2.22495501655793	-1.37920374921481	0.97945383592256	-2.07845629077207	-3.14061842026867	1.33267517472119	2.37476368336696	2.35033816457053	1.2191723207276	1.07457122542865	1.53056201138226	-2.68311673781782	-2.09633542720089	2.05890135258211
ASV_853_16S	-0.601770626024627	-0.521705272318928	-0.69332279194082	-0.73284919276685	-0.70761238217833	-0.990498528567833	-1.04328435460892	-2.09334705150702	1.25758506808111	-2.22495501655793	-1.37920374921481	-2.45453336856259	1.79274472013582	1.41325847133187	-1.88620065014701	-1.76837104302457	-1.52086284633736	0.501332527577282	0.364894742917493	0.676146683226191	0.927801174826405	1.59254402691305	1.89983665795243
ASV_859_16S	-0.601770626024627	-0.521705272318928	-0.69332279194082	-0.73284919276685	2.87590655627778	2.88070248234006	1.90115462455752	0.471602305954513	-2.67424056464322	-2.22495501655793	2.05478345527034	1.1830527911638	-2.07845629077207	-3.14061842026867	2.36229459190235	1.75798948159159	-1.52086284633736	-2.49439974597671	-0.638407365946292	-2.3195855903278	-2.68311673781782	-2.09633542720089	0.611982369645787
ASV_862_16S	-0.601770626024627	-0.521705272318928	1.25258735711449	-0.73284919276685	-0.70761238217833	-0.990498528567833	-1.04328435460892	0.304548221291347	0.852119959972942	0.910539199371221	-1.37920374921481	0.489905610603854	0.69413243146771	1.34801794946347	1.00417110774916	0.796578314436963	-1.52086284633736	0.64109446995244	0.627259007384984	0.97625127567653	1.18808427309007	0.736877916855329	1.84672683263848
ASV_863_16S	-0.601770626024627	-0.521705272318928	-0.69332279194082	-0.73284919276685	-0.70761238217833	-0.990498528567833	-1.04328435460892	1.2024898144973	1.5884393123981	1.03314152146355	-1.37920374921481	-2.45453336856259	-2.07845629077207	1.19011492001766	-1.88620065014701	-1.76837104302457	-1.52086284633736	-2.49439974597671	0.141751191603283	0.513627753728417	1.88123145365002	1.33765177728426	-2.16060635259399
ASV_864_16S	-0.601770626024627	-0.521705272318928	-0.69332279194082	-0.73284919276685	-0.70761238217833	-0.990498528567833	-1.04328435460892	-2.09334705150702	-2.67424056464322	-2.22495501655793	-1.37920374921481	1.01120253423714	1.81336400733856	0.64357121364959	-1.88620065014701	-1.76837104302457	-1.52086284633736	-2.49439974597671	-3.03630263874466	-2.3195855903278	-2.68311673781782	2.42545314984815	2.07350015200327
ASV_865_16S	-0.601770626024627	1.87619000047944	-0.69332279194082	-0.73284919276685	-0.70761238217833	1.31208656442621	-1.04328435460892	0.304548221291347	1.06342905364015	0.866087436800387	-1.37920374921481	-2.45453336856259	0.560601038843187	1.96532705363191	-1.88620065014701	-1.76837104302457	-1.52086284633736	0.64109446995244	0.141751191603283	1.0126189198474	0.574979800203662	1.12254039766731	-2.16060635259399
ASV_868_16S	-0.601770626024627	-0.521705272318928	0.692971569179071	-0.73284919276685	-0.70761238217833	1.40739674423054	-1.04328435460892	-2.09334705150702	0.852119959972942	-2.22495501655793	0.00709061190507954	0.912762461423887	0.865982688394369	0.709529181441388	1.40963621585732	1.12200071487159	0.676361730998861	1.16916190015294	0.0991915771844871	0.38846461077441	0.45237747811133	0.468613930260649	2.11605976642206
ASV_871_16S	-0.601770626024627	-0.521705272318928	-0.69332279194082	-0.73284919276685	-0.70761238217833	-0.990498528567833	-1.04328435460892	0.545710278108234	0.963345595083166	1.0708818494464	-1.37920374921481	-0.0566380957642161	0.629593910330139	0.902432847565879	-0.0944411809189543	-0.382076681904683	-1.52086284633736	-0.29717516864049	0.182573186123538	-0.240144048647964	0.494937092530126	0.994707026157429	1.88244491524056
ASV_874_16S	-0.601770626024627	-0.521705272318928	-0.69332279194082	-0.73284919276685	-0.70761238217833	-0.990498528567833	-1.04328435460892	-2.09334705150702	-2.67424056464322	-2.22495501655793	1.3288464518874	0.0303732812254136	0.486493066689465	-3.14061842026867	1.24929356578214	-1.76837104302457	-1.52086284633736	-2.49439974597671	-3.03630263874466	-2.3195855903278	-2.68311673781782	-2.09633542720089	2.01378091730164
ASV_872_16S	-0.601770626024627	-0.521705272318928	-0.69332279194082	-0.73284919276685	-0.70761238217833	-0.990498528567833	-1.04328435460892	-2.09334705150702	-2.67424056464322	-2.22495501655793	-1.37920374921481	3.23244198777723	-2.07845629077207	0.522943225860975	-1.88620065014701	-1.76837104302457	-1.52086284633736	1.31226274379361	1.25415680240373	-2.3195855903278	-2.68311673781782	-2.09633542720089	-2.16060635259399
ASV_878_16S	-0.601770626024627	-0.521705272318928	-0.69332279194082	-0.73284919276685	-0.70761238217833	-0.990498528567833	-1.04328435460892	-2.09334705150702	0.693055265343255	-2.22495501655793	-1.37920374921481	0.435838389333578	1.58510535535757	1.89633418214496	-1.88620065014701	-1.76837104302457	-1.52086284633736	1.54865152185784	1.26776245445951	1.5090558061613	0.718080643844336	-2.09633542720089	-2.16060635259399
ASV_884_16S	-0.601770626024627	-0.521705272318928	-0.69332279194082	-0.73284919276685	-0.70761238217833	0.801260940660222	2.67028771209539	-2.09334705150702	-2.67424056464322	-2.22495501655793	1.87889278880667	1.82213275045347	-2.07845629077207	-3.14061842026867	1.6973182883091	-1.76837104302457	0.425047302717955	-2.49439974597671	-1.24454316951661	-0.12236101299158	-2.68311673781782	-2.09633542720089	-2.16060635259399
ASV_886_16S	-0.601770626024627	-0.521705272318928	-0.69332279194082	-0.73284919276685	-0.70761238217833	-0.990498528567833	-1.04328435460892	-2.09334705150702	-2.67424056464322	-2.22495501655793	-1.37920374921481	-2.45453336856259	1.05703792515708	0.919824590277748	0.511694622651361	1.27615139469885	-1.52086284633736	0.596642707381607	-0.263713916504881	-0.0170004973337536	-0.285221465019449	-2.09633542720089	-2.16060635259399
ASV_889_16S	-0.601770626024627	-0.521705272318928	-0.69332279194082	2.03973952947293	2.00043781892388	2.3053383374365	1.72930436763086	-2.09334705150702	-0.0351832350279611	-2.22495501655793	1.66531868850861	-2.45453336856259	-2.07845629077207	-3.14061842026867	2.08409126340511	1.5989247869619	-1.52086284633736	-2.49439974597671	-3.03630263874466	1.04771023965867	-2.68311673781782	0.388571222587113	0.141978740400052
ASV_892_16S	-0.601770626024627	-0.521705272318928	-0.69332279194082	1.83210016469469	-0.70761238217833	-0.990498528567833	-1.04328435460892	-2.09334705150702	-2.67424056464322	-2.22495501655793	0.818020828121409	-2.45453336856259	-2.07845629077207	-3.14061842026867	-1.88620065014701	0.796578314436963	-1.52086284633736	-0.00949309618870897	-3.03630263874466	-2.3195855903278	-0.4858921604816	-2.09633542720089	1.77121928013033
ASV_893_16S	-0.601770626024627	-0.521705272318928	-0.69332279194082	-0.73284919276685	-0.70761238217833	-0.990498528567833	-1.04328435460892	1.66785306418654	1.23778244078493	0.0776300764361171	-1.37920374921481	1.37410802792651	-2.07845629077207	0.791207212455655	-1.88620065014701	0.0233884262034809	1.77497401966697	1.94825151051361	1.29443070154167	-2.3195855903278	-0.603675196137984	-0.997723138532778	-2.16060635259399
ASV_890_16S	3.40556255920784	2.52281716540449	2.97023885418883	-0.73284919276685	-0.70761238217833	-0.990498528567833	-1.04328435460892	-0.0139055098271883	-0.728330415587906	-0.279044867502616	-1.37920374921481	-0.508623219507274	-0.286696821544016	-1.06117687858884	-1.19305346958706	-0.669758754356464	-1.52086284633736	-0.702640276748654	-1.24454316951661	-2.3195855903278	-1.58450444914971	-1.40318824664094	-0.551168440159894
ASV_899_16S	1.34413952303069	-0.521705272318928	-0.69332279194082	-0.73284919276685	-0.70761238217833	-0.990498528567833	-1.04328435460892	0.902385222046967	-2.67424056464322	0.770777256996062	-1.37920374921481	-2.45453336856259	-2.07845629077207	-3.14061842026867	0.947012693909207	-1.76837104302457	-1.52086284633736	-2.49439974597671	1.02414037180176	-2.3195855903278	1.2871751757343	2.10835719219008	2.02904838943243
ASV_900_16S	-0.601770626024627	-0.521705272318928	-0.69332279194082	-0.73284919276685	-0.70761238217833	-0.990498528567833	-1.04328435460892	1.30785033015513	1.36881070319133	-2.22495501655793	-1.37920374921481	-2.45453336856259	-2.07845629077207	1.32528969838591	-1.88620065014701	-1.76837104302457	-1.52086284633736	-2.49439974597671	0.7248974769489	1.08161179133436	1.89159424068556	2.45754146439965	-2.16060635259399
ASV_910_16S	-0.601770626024627	-0.521705272318928	-0.69332279194082	-0.73284919276685	-0.70761238217833	-0.990498528567833	-1.04328435460892	-2.09334705150702	-2.67424056464322	1.0708818494464	1.7118387041435	-2.45453336856259	-2.07845629077207	-3.14061842026867	1.37189588787447	0.534214049969472	0.877032426461013	-0.414958204296874	-0.551395988956662	0.938510947693683	-2.68311673781782	-2.09633542720089	-2.16060635259399
ASV_915_16S	-0.601770626024627	-0.521705272318928	-0.69332279194082	-0.73284919276685	-0.70761238217833	-0.990498528567833	-1.04328435460892	-2.09334705150702	-2.67424056464322	-2.22495501655793	1.7118387041435	2.9299616942265	-2.07845629077207	-3.14061842026867	-1.88620065014701	-1.76837104302457	3.6149355907129	-2.49439974597671	-3.03630263874466	1.88510702906317	-0.603675196137984	-0.486897514766787	-2.16060635259399
ASV_917_16S	-0.601770626024627	-0.521705272318928	-0.69332279194082	-0.73284919276685	-0.70761238217833	-0.990498528567833	-1.04328435460892	0.391559598280976	0.90927837381289	-2.22495501655793	-1.37920374921481	0.636509084795729	1.55912986895431	1.65517212532807	-1.88620065014701	-1.76837104302457	-1.52086284633736	0.550122691746714	0.933989274807459	0.858468240020146	0.45237747811133	-2.09633542720089	1.24059102906816
ASV_918_16S	3.87556618845358	3.06181366613718	3.92179772490044	1.97520100833536	1.23829776687698	3.25799671348153	-0.350137174048971	-1.40019987094708	0.0338096364589906	-1.12634272788982	-1.37920374921481	-0.662773899334532	-2.07845629077207	-1.53118050783457	-0.787588361478899	-1.76837104302457	-1.52086284633736	-0.548489596921396	-0.839078061408443	-2.3195855903278	-1.07367882538372	-0.997723138532778	-0.551168440159894
ASV_920_16S	-0.601770626024627	-0.521705272318928	-0.69332279194082	-0.73284919276685	-0.70761238217833	-0.990498528567833	-1.04328435460892	1.12552877336118	-0.0351832350279611	0.547633705681852	-1.37920374921481	1.79396187348677	-2.07845629077207	0.293368784216475	-1.88620065014701	-1.76837104302457	0.781722246656688	2.05947714562383	0.677269427959645	-2.3195855903278	0.312615535736171	0.611714773901323	-2.16060635259399
ASV_924_16S	-0.601770626024627	-0.521705272318928	-0.69332279194082	-0.73284919276685	-0.70761238217833	-0.990498528567833	1.1539402227273	1.23885745866818	0.62159630136111	0.866087436800387	-1.37920374921481	1.4166676423453	1.05703792515708	0.771404585159475	-1.88620065014701	1.22736123052942	1.25172587590242	1.9364170528666	1.13808463115097	-2.3195855903278	-2.68311673781782	-2.09633542720089	-2.16060635259399
ASV_926_16S	-0.601770626024627	-0.521705272318928	-0.69332279194082	-0.73284919276685	-0.70761238217833	-0.990498528567833	-1.04328435460892	-2.09334705150702	0.503813265704726	-2.22495501655793	-1.37920374921481	0.680960847366563	0.966066146951352	1.41325847133187	-1.88620065014701	-1.76837104302457	-1.52086284633736	1.28978988794155	1.13808463115097	1.11440161415735	0.980444908311827	-2.09633542720089	1.98252837379754
ASV_928_16S	-0.601770626024627	-0.521705272318928	-0.69332279194082	-0.73284919276685	-0.70761238217833	-0.990498528567833	-1.04328435460892	1.30785033015513	1.51541417738321	1.2407808862418	-1.37920374921481	-2.45453336856259	1.75018510571702	1.64687332251337	-1.88620065014701	-1.76837104302457	-1.52086284633736	1.66448333738296	0.914941079836765	-2.3195855903278	-2.68311673781782	-2.09633542720089	-2.16060635259399
ASV_930_16S	-0.601770626024627	-0.521705272318928	-0.69332279194082	-0.73284919276685	-0.70761238217833	-0.990498528567833	-1.04328435460892	-2.09334705150702	1.93092962134487	-2.22495501655793	-1.37920374921481	0.253516832539623	1.35553091371307	1.66340262446459	-1.88620065014701	-1.76837104302457	-1.52086284633736	-2.49439974597671	1.15335210328176	1.66939845623647	1.83867183923122	-2.09633542720089	-2.16060635259399
ASV_931_16S	-0.601770626024627	-0.521705272318928	-0.69332279194082	-0.73284919276685	-0.70761238217833	-0.990498528567833	-1.04328435460892	1.49017188694909	0.544635260224981	0.665416741338236	-1.37920374921481	-0.845095456128486	1.21738057523226	1.73457890293248	-1.88620065014701	-1.76837104302457	-1.52086284633736	0.906797635685446	0.855517659365964	-0.373675441272486	0.81339082364866	1.16176111082059	-2.16060635259399
ASV_932_16S	-0.601770626024627	-0.521705272318928	-0.69332279194082	-0.73284919276685	-0.70761238217833	-0.990498528567833	-1.04328435460892	-2.09334705150702	-2.67424056464322	-2.22495501655793	2.60978029734946	-2.45453336856259	-2.07845629077207	-3.14061842026867	3.09740597156133	0.629524229773797	-1.52086284633736	-2.49439974597671	-3.03630263874466	-2.3195855903278	-2.68311673781782	0.301559845597483	-0.368846883365939
ASV_933_16S	-0.601770626024627	-0.521705272318928	-0.69332279194082	-0.73284919276685	-0.70761238217833	-0.990498528567833	-1.04328435460892	-2.09334705150702	-2.67424056464322	-2.22495501655793	-1.37920374921481	-2.45453336856259	-2.07845629077207	-3.14061842026867	-1.88620065014701	0.534214049969472	-1.52086284633736	-0.00949309618870897	-3.03630263874466	1.57223470778283	0.312615535736171	0.542721902414371	2.31673046188421
ASV_938_16S	-0.601770626024627	-0.521705272318928	-0.69332279194082	-0.73284919276685	0.390999906489779	-0.990498528567833	-1.04328435460892	0.103877525829196	-2.67424056464322	1.03314152146355	1.18574560824673	0.764342456305614	0.000985250907764357	-3.14061842026867	0.059709498908304	0.177539106030739	2.09005506630687	0.0705496114848274	-0.328252437642452	-2.3195855903278	-2.68311673781782	0.736877916855329	0.237288920204377
ASV_943_16S	-0.601770626024627	-0.521705272318928	-0.69332279194082	-0.73284919276685	-0.70761238217833	-0.990498528567833	-1.04328435460892	-2.09334705150702	1.01463888947072	-2.22495501655793	-1.37920374921481	0.435838389333578	0.811915467124093	1.09348808432859	-1.88620065014701	-1.76837104302457	-1.52086284633736	0.450039233189731	0.7248974769489	0.81590862560135	0.872231323671594	-2.09633542720089	1.73121394551663
ASV_942_16S	2.48927182733369	-0.521705272318928	1.87162656552072	-0.73284919276685	-0.70761238217833	0.95541162048748	-1.04328435460892	-2.09334705150702	0.416801888715097	0.547633705681852	0.412555720013244	-0.151948275568541	0.629593910330139	0.791207212455655	-1.88620065014701	-1.76837104302457	-1.52086284633736	0.80143712002762	0.490057885871499	0.453003131911982	1.00576271629612	1.45901263428853	2.33920331773627
ASV_947_16S	-0.601770626024627	-0.521705272318928	-0.69332279194082	-0.73284919276685	-0.70761238217833	-0.990498528567833	0.902625794446397	0.391559598280976	0.791495338156507	0.172940256240442	-1.37920374921481	1.15638454408164	1.25374821940313	1.018264663091	0.511694622651361	0.629524229773797	0.676361730998861	1.39742055213392	0.627259007384984	0.81590862560135	0.649087772357384	-2.09633542720089	0.672606991462222
ASV_949_16S	-0.601770626024627	-0.521705272318928	-0.69332279194082	-0.73284919276685	-0.70761238217833	-0.990498528567833	-1.04328435460892	-2.09334705150702	0.0338096364589906	-2.22495501655793	-1.37920374921481	0.877671141612617	0.629593910330139	0.325117482531056	-1.88620065014701	0.428853534311646	2.46812120022692	1.39742055213392	0.519045422744751	-2.3195855903278	-2.68311673781782	-2.09633542720089	-0.368846883365939
ASV_951_16S	-0.601770626024627	-0.521705272318928	-0.69332279194082	-0.73284919276685	-0.70761238217833	-0.990498528567833	-1.04328435460892	1.5175708611372	1.75657623420009	0.719483962608511	-1.37920374921481	-2.45453336856259	1.05703792515708	1.91562738507964	-1.88620065014701	-1.76837104302457	-1.52086284633736	-2.49439974597671	1.30750278310902	-2.3195855903278	0.612720128186509	-2.09633542720089	-2.16060635259399
ASV_955_16S	-0.601770626024627	-0.521705272318928	-0.69332279194082	-0.73284919276685	-0.70761238217833	-0.990498528567833	-1.04328435460892	1.3723888512927	0.90927837381289	0.259951633230072	-1.37920374921481	-2.45453336856259	0.811915467124093	0.919824590277748	-1.88620065014701	-1.76837104302457	-1.52086284633736	1.2191723207276	1.09083174630043	0.724936847395623	1.71133241685462	1.85490829138054	-2.16060635259399
ASV_957_16S	-0.601770626024627	-0.521705272318928	-0.69332279194082	-0.73284919276685	-0.70761238217833	-0.990498528567833	-1.04328435460892	0.902385222046967	1.08695955105034	-0.145513474878093	-1.37920374921481	-2.45453336856259	0.224128802221975	2.23465998741549	-1.88620065014701	-1.76837104302457	-1.52086284633736	-0.29717516864049	0.330993191241812	0.165321059460201	0.872231323671594	1.16176111082059	-2.16060635259399
ASV_958_16S	-0.601770626024627	-0.521705272318928	-0.69332279194082	-0.73284919276685	-0.70761238217833	-0.990498528567833	-1.04328435460892	-2.09334705150702	0.583855973378263	-2.22495501655793	-1.37920374921481	1.1830527911638	1.9105277557922	0.548261033845265	-1.88620065014701	-1.76837104302457	-1.52086284633736	1.26680036971685	-3.03630263874466	-2.3195855903278	-2.68311673781782	-2.09633542720089	-2.16060635259399
ASV_962_16S	-0.601770626024627	-0.521705272318928	-0.69332279194082	-0.73284919276685	-0.70761238217833	-0.990498528567833	-1.04328435460892	-2.09334705150702	-2.67424056464322	-2.22495501655793	-1.37920374921481	1.79396187348677	-2.07845629077207	-3.14061842026867	2.20814391207509	2.34250282114874	-1.52086284633736	-2.49439974597671	-3.03630263874466	-2.3195855903278	-2.68311673781782	-2.09633542720089	2.5578925187011
ASV_967_16S	-0.601770626024627	-0.521705272318928	-0.69332279194082	-0.73284919276685	-0.70761238217833	-0.990498528567833	-1.04328435460892	-2.09334705150702	-2.67424056464322	-2.22495501655793	-1.37920374921481	1.37410802792651	1.35553091371307	1.04903632175775	-1.88620065014701	-1.76837104302457	-1.52086284633736	1.54865152185784	-3.03630263874466	-2.3195855903278	-2.68311673781782	-2.09633542720089	-2.16060635259399
ASV_969_16S	-0.601770626024627	-0.521705272318928	-0.69332279194082	-0.73284919276685	-0.70761238217833	-0.990498528567833	-1.04328435460892	-2.09334705150702	-2.67424056464322	1.9646997254685	0.818020828121409	-0.508623219507274	-0.286696821544016	1.49411056796096	-1.88620065014701	-1.76837104302457	-1.52086284633736	-2.49439974597671	-3.03630263874466	-2.3195855903278	-2.68311673781782	-2.09633542720089	-2.16060635259399
ASV_971_16S	-0.601770626024627	-0.521705272318928	-0.69332279194082	-0.73284919276685	-0.70761238217833	-0.990498528567833	-1.04328435460892	0.79702470638914	-0.728330415587906	-2.22495501655793	-1.37920374921481	1.28313624972078	0.629593910330139	-0.432568219166461	-1.88620065014701	-1.76837104302457	3.17048503589179	1.45684397260472	-0.263713916504881	-2.3195855903278	-0.891357268589765	-2.09633542720089	-2.16060635259399
ASV_976_16S	-0.601770626024627	-0.521705272318928	-0.69332279194082	-0.73284919276685	-0.70761238217833	-0.990498528567833	-1.04328435460892	-2.09334705150702	-2.67424056464322	0.547633705681852	-1.37920374921481	-2.45453336856259	0.560601038843187	-0.36802969802889	1.29185318020094	1.32267141033374	1.94487305646237	-2.49439974597671	1.34572399592922	2.07486356434464	-2.68311673781782	-2.09633542720089	1.64605613717633
ASV_978_16S	-0.601770626024627	-0.521705272318928	-0.69332279194082	-0.73284919276685	-0.70761238217833	-0.990498528567833	-1.04328435460892	-2.09334705150702	1.3862024459032	-2.22495501655793	-1.37920374921481	-2.45453336856259	1.35553091371307	1.56891178104366	-1.88620065014701	-1.76837104302457	-1.52086284633736	1.2191723207276	1.15335210328176	1.20677493428836	1.35993453001673	-2.09633542720089	-2.16060635259399
ASV_979_16S	-0.601770626024627	-0.521705272318928	-0.69332279194082	-0.73284919276685	-0.70761238217833	-0.990498528567833	-1.04328435460892	-2.09334705150702	0.936677348001005	-2.22495501655793	-1.37920374921481	-2.45453336856259	-2.07845629077207	0.95372614195343	-1.88620065014701	-1.76837104302457	-1.52086284633736	-0.00949309618870897	0.429433264055064	1.29133232231642	1.42775712635549	0.388571222587113	1.24059102906816
ASV_985_16S	-0.601770626024627	-0.521705272318928	-0.69332279194082	-0.73284919276685	-0.70761238217833	-0.990498528567833	-1.04328435460892	0.739866292549192	0.270198414523221	0.0776300764361171	-1.37920374921481	0.184523961052672	1.89183562278005	1.72691603018691	-1.88620065014701	-1.76837104302457	-1.52086284633736	1.24326987230666	0.0547398146136535	0.38846461077441	-2.68311673781782	-2.09633542720089	-2.16060635259399
ASV_986_16S	-0.601770626024627	-0.521705272318928	-0.69332279194082	-0.73284919276685	-0.70761238217833	-0.990498528567833	-1.04328435460892	-2.09334705150702	1.65649277564311	-2.22495501655793	-1.37920374921481	-2.45453336856259	-2.07845629077207	-3.14061842026867	2.04562498257732	1.69736485977515	-1.52086284633736	-2.49439974597671	-3.03630263874466	1.41808402795557	-2.68311673781782	-2.09633542720089	-2.16060635259399
ASV_988_16S	-0.601770626024627	-0.521705272318928	-0.69332279194082	-0.73284919276685	-0.70761238217833	-0.990498528567833	-1.04328435460892	-2.09334705150702	0.852119959972942	1.14234081342855	-1.37920374921481	-2.45453336856259	-2.07845629077207	0.355889141197809	-1.88620065014701	-1.76837104302457	-1.52086284633736	-2.49439974597671	-0.263713916504881	-2.3195855903278	0.361405699905603	-2.09633542720089	-2.16060635259399
ASV_987_16S	-0.601770626024627	-0.521705272318928	-0.69332279194082	-0.73284919276685	-0.70761238217833	-0.990498528567833	-1.04328435460892	-2.09334705150702	1.31474348192106	-2.22495501655793	-1.37920374921481	-2.45453336856259	-2.07845629077207	1.63850507284286	-1.88620065014701	-1.76837104302457	-1.52086284633736	1.24326987230666	1.40634861774565	2.01114774995853	1.42775712635549	-2.09633542720089	-2.16060635259399
ASV_992_16S	-0.601770626024627	-0.521705272318928	-0.69332279194082	-0.73284919276685	-0.70761238217833	-0.990498528567833	1.66476584649329	-2.09334705150702	0.216131193252945	1.17624236510423	-1.37920374921481	1.65634049561072	-2.07845629077207	0.0782574045995297	0.947012693909207	1.17606793614187	1.8803345353248	1.59994481624539	1.76771840598859	0.513627753728417	-2.68311673781782	-2.09633542720089	-2.16060635259399
ASV_996_16S	-0.601770626024627	-0.521705272318928	-0.69332279194082	-0.73284919276685	-0.70761238217833	-0.990498528567833	-1.04328435460892	-2.09334705150702	0.936677348001005	-2.22495501655793	-1.37920374921481	1.10081469292683	-2.07845629077207	1.22882943219835	-1.88620065014701	-1.76837104302457	-1.52086284633736	0.872896084009765	0.519045422744751	0.81590862560135	0.750870466667326	0.899396846353103	1.60059376309957
ASV_997_16S	-0.601770626024627	-0.521705272318928	-0.69332279194082	-0.73284919276685	-0.70761238217833	-0.990498528567833	-1.04328435460892	2.06553603185265	1.2960513489089	-0.0277304392217093	-1.37920374921481	-2.45453336856259	0.118768286564148	1.10787682178069	-1.88620065014701	-1.76837104302457	-1.52086284633736	1.41762325945144	0.813844962965396	0.513627753728417	1.32421644741465	1.66486468849267	-2.16060635259399
ASV_1002_16S	-0.601770626024627	-0.521705272318928	-0.69332279194082	-0.73284919276685	-0.70761238217833	-0.990498528567833	-1.04328435460892	2.04978767488451	0.158972779412997	-0.145513474878093	-1.37920374921481	-0.151948275568541	0.560601038843187	0.597051198014698	-1.88620065014701	-0.158933130590474	0.0885750660967421	1.2191723207276	0.0547398146136535	-0.0170004973337536	0.574979800203662	1.33765177728426	-2.16060635259399
ASV_1012_16S	-0.601770626024627	-0.521705272318928	-0.69332279194082	-0.73284919276685	-0.70761238217833	-0.990498528567833	-1.04328435460892	-2.09334705150702	-2.67424056464322	-0.615517104123829	2.42745874055551	1.92749326611129	0.486493066689465	0.260578961393485	-1.88620065014701	-1.76837104302457	-1.52086284633736	0.213650455125501	-3.03630263874466	1.0126189198474	-0.0440594082025614	0.736877916855329	1.24059102906816
ASV_1021_16S	-0.601770626024627	-0.521705272318928	-0.69332279194082	3.05134044115141	-0.70761238217833	-0.990498528567833	-1.04328435460892	-0.301587582278969	0.0983481575965617	1.30140550805823	-1.37920374921481	-2.45453336856259	-2.07845629077207	-3.14061842026867	-1.88620065014701	-1.76837104302457	-1.52086284633736	-2.49439974597671	-3.03630263874466	0.724936847395623	-1.29682237669793	1.08171840314706	0.0366182247422255
ASV_1028_16S	1.70081446696942	-0.521705272318928	-0.69332279194082	-0.73284919276685	-0.70761238217833	-0.990498528567833	-1.04328435460892	-2.09334705150702	2.20095675855793	-2.22495501655793	-1.37920374921481	-2.45453336856259	-2.07845629077207	1.94697791496371	-1.88620065014701	-1.76837104302457	-1.52086284633736	-2.49439974597671	1.2121926033047	-2.3195855903278	1.18808427309007	-2.09633542720089	-2.16060635259399
ASV_1029_16S	-0.601770626024627	-0.521705272318928	-0.69332279194082	-0.73284919276685	-0.70761238217833	-0.990498528567833	-1.04328435460892	-2.09334705150702	-0.477015987307	-0.0277304392217093	1.51116800868135	1.10081469292683	-2.07845629077207	-3.14061842026867	0.821849550955201	-1.76837104302457	2.16801660777658	-0.548489596921396	-0.551395988956662	-2.3195855903278	-2.68311673781782	-2.09633542720089	-2.16060635259399
ASV_1034_16S	2.89473693544185	0.864589088800962	3.19849750616981	1.97520100833536	-0.70761238217833	1.20672604876839	1.35461091818945	0.471602305954513	-0.882481095415165	0.172940256240442	-0.280591460546701	-1.76138618800264	-0.692161929652181	-1.34885895104062	0.193240891532827	0.177539106030739	-0.422250557669248	-1.80125256541676	-1.65000827762477	-1.62643840976785	-2.68311673781782	0.611714773901323	0.141978740400052
ASV_1036_16S	-0.601770626024627	-0.521705272318928	-0.69332279194082	-0.73284919276685	-0.70761238217833	-0.990498528567833	-1.04328435460892	-2.09334705150702	1.65649277564311	-2.22495501655793	-1.37920374921481	-2.45453336856259	-2.07845629077207	1.00251630612286	-1.88620065014701	-1.76837104302457	-1.52086284633736	-2.49439974597671	-3.03630263874466	2.11123120851551	2.39828762716664	2.01453843697242	-2.16060635259399
ASV_1037_16S	-0.601770626024627	-0.521705272318928	-0.69332279194082	-0.73284919276685	-0.70761238217833	-0.990498528567833	-1.04328435460892	0.679241670732757	0.693055265343255	1.43860662957172	-1.37920374921481	-2.45453336856259	1.21738057523226	0.829673493283451	-1.88620065014701	-1.76837104302457	-1.52086284633736	-0.29717516864049	0.22179389927682	1.44161452536576	1.34223495291733	1.81568757822726	-2.16060635259399
ASV_1042_16S	-0.601770626024627	-0.521705272318928	-0.69332279194082	-0.73284919276685	-0.70761238217833	-0.990498528567833	-1.04328435460892	1.30785033015513	0.158972779412997	-2.22495501655793	-1.37920374921481	1.32965626535567	-2.07845629077207	-3.14061842026867	-1.88620065014701	-1.76837104302457	1.84643298364912	2.04889503629329	1.12258044461501	0.319471739287459	0.150096606238396	-2.09633542720089	-2.16060635259399
ASV_1043_16S	-0.601770626024627	-0.521705272318928	-0.69332279194082	-0.73284919276685	-0.70761238217833	-0.990498528567833	-1.04328435460892	-2.09334705150702	-2.67424056464322	-2.22495501655793	-1.37920374921481	1.86295474497372	-2.07845629077207	0.64357121364959	-1.88620065014701	2.10282996788332	2.37095745177327	1.78226637303935	1.07457122542865	-2.3195855903278	-2.68311673781782	-2.09633542720089	-2.16060635259399
ASV_1044_16S	-0.601770626024627	-0.521705272318928	-0.69332279194082	-0.73284919276685	-0.70761238217833	-0.990498528567833	-1.04328435460892	1.93200463922813	1.10994906927504	-2.22495501655793	-1.37920374921481	-0.257308791226367	2.03241757340124	0.919824590277748	-1.88620065014701	-1.76837104302457	0.425047302717955	1.92444086181989	0.747886995173598	0.245363767133737	-2.68311673781782	-2.09633542720089	-2.16060635259399
ASV_1047_16S	-0.601770626024627	-0.521705272318928	-0.69332279194082	-0.73284919276685	-0.70761238217833	-0.990498528567833	-1.04328435460892	-2.09334705150702	0.503813265704726	-2.22495501655793	1.66531868850861	-2.45453336856259	-2.07845629077207	-3.14061842026867	2.73877216313726	-1.76837104302457	-1.52086284633736	-2.49439974597671	-3.03630263874466	1.99790252320851	-2.68311673781782	-2.09633542720089	-2.16060635259399
ASV_1050_16S	-0.601770626024627	-0.521705272318928	-0.69332279194082	-0.73284919276685	-0.70761238217833	1.71755167253438	-1.04328435460892	-2.09334705150702	-2.67424056464322	-2.22495501655793	1.79885008113313	0.946664013099569	-2.07845629077207	-3.14061842026867	2.82332955116532	2.2206130035397	0.964043803450642	-2.49439974597671	-1.24454316951661	-2.3195855903278	-2.68311673781782	-2.09633542720089	0.0366182247422255
ASV_1049_16S	-0.601770626024627	-0.521705272318928	-0.69332279194082	-0.73284919276685	-0.70761238217833	-0.990498528567833	-1.04328435460892	1.49017188694909	0.657963945531984	-2.22495501655793	-1.37920374921481	-2.45453336856259	1.53246162187215	0.810625298312757	-1.88620065014701	-1.76837104302457	-1.52086284633736	1.71029287341426	-3.03630263874466	0.858468240020146	0.750870466667326	1.43002509741527	-2.16060635259399
ASV_1054_16S	-0.601770626024627	-0.521705272318928	-0.69332279194082	2.4026450231623	2.38343007117999	-0.990498528567833	-1.04328435460892	-2.09334705150702	-2.67424056464322	-2.22495501655793	1.51116800868135	1.12898556989352	-2.07845629077207	-3.14061842026867	1.92046183962331	1.63282633863758	1.18718735476485	-2.49439974597671	-3.03630263874466	-2.3195855903278	-2.68311673781782	-2.09633542720089	-2.16060635259399
ASV_1055_16S	-0.601770626024627	-0.521705272318928	-0.69332279194082	-0.73284919276685	-0.70761238217833	-0.990498528567833	-1.04328435460892	-2.09334705150702	0.963345595083166	-2.22495501655793	-1.37920374921481	-2.45453336856259	-2.07845629077207	1.57788045102642	-1.88620065014701	-1.76837104302457	-1.52086284633736	-2.49439974597671	0.855517659365964	-2.3195855903278	1.7595345186725	1.43002509741527	-2.16060635259399
ASV_1057_16S	-0.601770626024627	-0.521705272318928	-0.69332279194082	-0.73284919276685	-0.70761238217833	-0.990498528567833	-1.04328435460892	1.57021459462262	0.0983481575965617	0.41410231305733	-1.37920374921481	-1.0682390074427	0.000985250907764357	-0.00512420433952121	1.94244074634209	1.94520102367973	-1.52086284633736	-0.884961833542609	-0.263713916504881	0.319471739287459	1.26812698076361	-2.09633542720089	1.20668947739248
ASV_1058_16S	-0.601770626024627	-0.521705272318928	-0.69332279194082	-0.73284919276685	-0.70761238217833	-0.990498528567833	-1.04328435460892	-2.09334705150702	1.61621887650517	-2.22495501655793	-1.37920374921481	-2.45453336856259	-2.07845629077207	1.9219766127583	-1.88620065014701	-1.76837104302457	0.558578695342478	-2.49439974597671	0.813844962965396	-2.3195855903278	1.05455288046555	-2.09633542720089	-2.16060635259399
ASV_1059_16S	-0.601770626024627	-0.521705272318928	3.19849750616981	2.10036415128937	2.7581235206214	2.88070248234006	-1.04328435460892	-2.09334705150702	-2.67424056464322	-2.22495501655793	-1.37920374921481	-2.45453336856259	-2.07845629077207	-3.14061842026867	-1.88620065014701	-1.76837104302457	-1.52086284633736	-2.49439974597671	-3.03630263874466	-2.3195855903278	-2.68311673781782	-2.09633542720089	-2.16060635259399
ASV_1062_16S	-0.601770626024627	-0.521705272318928	-0.69332279194082	-0.73284919276685	-0.70761238217833	-0.990498528567833	-1.04328435460892	-2.09334705150702	-2.67424056464322	-2.22495501655793	-1.37920374921481	-2.45453336856259	-2.07845629077207	0.97025544390464	-1.88620065014701	-1.76837104302457	-1.52086284633736	-2.49439974597671	0.933989274807459	1.57223470778283	1.05455288046555	-2.09633542720089	2.05890135258211
ASV_1061_16S	-0.601770626024627	-0.521705272318928	-0.69332279194082	-0.73284919276685	-0.70761238217833	-0.990498528567833	-1.04328435460892	-2.09334705150702	0.791495338156507	-2.22495501655793	-1.37920374921481	-2.45453336856259	-2.07845629077207	0.597051198014698	-1.88620065014701	-1.76837104302457	-1.52086284633736	0.724476078891491	0.677269427959645	0.570786167568365	0.574979800203662	1.27096040278559	2.1961024740956
ASV_1065_16S	-0.601770626024627	-0.521705272318928	-0.69332279194082	-0.73284919276685	-0.70761238217833	-0.990498528567833	-1.04328435460892	-2.09334705150702	-2.67424056464322	-2.22495501655793	2.02199363244734	2.36574819704245	-2.07845629077207	-1.06117687858884	2.53263995764959	2.8566017702597	-1.52086284633736	-2.49439974597671	0.259534227259667	-2.3195855903278	-2.68311673781782	-2.09633542720089	-2.16060635259399
ASV_1071_16S	-0.601770626024627	-0.521705272318928	-0.69332279194082	2.98072287393746	1.59497271081572	-0.990498528567833	-1.04328435460892	-2.09334705150702	-2.67424056464322	-2.22495501655793	-1.37920374921481	-2.45453336856259	-2.07845629077207	-3.14061842026867	1.44600386002819	1.48972549499691	-1.52086284633736	-2.49439974597671	-3.03630263874466	-2.3195855903278	-2.68311673781782	-2.09633542720089	-2.16060635259399
ASV_1076_16S	-0.601770626024627	-0.521705272318928	-0.69332279194082	-0.73284919276685	-0.70761238217833	-0.990498528567833	-1.04328435460892	2.0963076905194	-0.0351832350279611	-0.0277304392217093	-1.37920374921481	0.0303732812254136	-2.07845629077207	-0.196179441102231	-1.88620065014701	-1.76837104302457	2.30777855015174	0.64109446995244	-0.471353281283126	-0.240144048647964	-2.68311673781782	-2.09633542720089	-2.16060635259399
ASV_1087_16S	-0.601770626024627	-0.521705272318928	-0.69332279194082	-0.73284919276685	-0.70761238217833	-0.990498528567833	-1.04328435460892	-0.483909139072924	2.007890662481	1.14234081342855	-1.37920374921481	-2.45453336856259	-2.07845629077207	-0.0495759669103548	-1.88620065014701	-1.76837104302457	-1.52086284633736	-2.49439974597671	-3.03630263874466	-2.3195855903278	1.77123055843569	-2.09633542720089	-2.16060635259399
ASV_1088_16S	-0.601770626024627	0.864589088800962	-0.69332279194082	-0.73284919276685	-0.70761238217833	2.53586199604833	1.72930436763086	-2.09334705150702	-2.67424056464322	-2.22495501655793	-1.37920374921481	-2.45453336856259	-2.07845629077207	-3.14061842026867	-1.19305346958706	-1.76837104302457	-1.52086284633736	-2.49439974597671	-0.328252437642452	-0.373675441272486	-0.118167380356283	-2.09633542720089	1.24059102906816
ASV_1092_16S	-0.601770626024627	-0.521705272318928	-0.69332279194082	-0.73284919276685	-0.70761238217833	-0.990498528567833	-1.04328435460892	0.471602305954513	-2.67424056464322	1.51271460172544	1.4540095948414	0.378679975493629	0.811915467124093	-0.501561090653412	0.511694622651361	-1.76837104302457	-1.52086284633736	-2.49439974597671	-3.03630263874466	-2.3195855903278	-2.68311673781782	0.206249665793159	-2.16060635259399
ASV_1094_16S	-0.601770626024627	-0.521705272318928	-0.69332279194082	-0.73284919276685	-0.70761238217833	-0.990498528567833	-1.04328435460892	-0.147436902451711	-2.67424056464322	-0.279044867502616	-1.37920374921481	-2.45453336856259	-2.07845629077207	-0.250246662372506	-1.88620065014701	-1.76837104302457	1.73723369168412	0.683654084371236	0.182573186123538	1.0126189198474	1.03045532888649	2.1941240139475	1.47697980713239
ASV_1097_16S	-0.601770626024627	-0.521705272318928	-0.69332279194082	-0.73284919276685	-0.70761238217833	1.088943013112	2.45322320685756	0.679241670732757	-0.109291207181683	0.608258327498287	0.00709061190507954	0.723520461785359	0.811915467124093	-0.36802969802889	1.6973182883091	1.75798948159159	0.270896622890697	0.338813598079507	0.0547398146136535	-0.0170004973337536	-0.380531644823774	0.848103551965553	-0.774311991474103
ASV_1106_16S	-0.601770626024627	-0.521705272318928	-0.69332279194082	-0.73284919276685	-0.70761238217833	-0.990498528567833	-1.04328435460892	-2.09334705150702	-2.67424056464322	-2.22495501655793	1.3288464518874	-2.45453336856259	0.224128802221975	-3.14061842026867	-1.88620065014701	-1.76837104302457	-1.52086284633736	-2.49439974597671	-3.03630263874466	-2.3195855903278	-2.68311673781782	1.30486195446127	1.89983665795243
ASV_1105_16S	-0.601770626024627	-0.521705272318928	-0.69332279194082	-0.73284919276685	-0.70761238217833	-0.990498528567833	-1.04328435460892	1.04214716442213	0.46125365128593	-0.145513474878093	-1.37920374921481	-2.45453336856259	0.91727598278192	0.470299492375553	-1.88620065014701	-1.76837104302457	-1.52086284633736	1.53095194475844	0.933989274807459	-0.710147677893699	0.26132224134862	-0.0168938855210516	-2.16060635259399
ASV_1108_16S	-0.601770626024627	-0.521705272318928	-0.69332279194082	-0.73284919276685	-0.70761238217833	-0.990498528567833	-1.04328435460892	-2.09334705150702	0.544635260224981	-2.22495501655793	-1.37920374921481	-2.45453336856259	1.32274109089008	0.620581695424891	-1.88620065014701	-1.76837104302457	-1.52086284633736	1.73970675862055	1.07457122542865	1.08161179133436	-0.198210088029819	-2.09633542720089	-2.16060635259399
ASV_1107_16S	-0.601770626024627	-0.521705272318928	-0.69332279194082	-0.73284919276685	-0.70761238217833	-0.990498528567833	-1.04328435460892	1.40316050995946	0.657963945531984	-2.22495501655793	-1.37920374921481	0.0303732812254136	-0.132546141716758	1.12206145677264	-1.88620065014701	-1.76837104302457	-1.52086284633736	0.501332527577282	0.834898372163229	-2.3195855903278	-0.891357268589765	-0.0168938855210516	-2.16060635259399
ASV_1110_16S	-0.601770626024627	-0.521705272318928	-0.69332279194082	-0.73284919276685	-0.70761238217833	-0.990498528567833	-1.04328435460892	-2.09334705150702	-2.67424056464322	-2.22495501655793	-1.37920374921481	-2.45453336856259	-2.07845629077207	1.35919125006159	-1.88620065014701	-1.76837104302457	-1.52086284633736	-2.49439974597671	0.875720366683483	-2.3195855903278	1.53639096735829	-2.09633542720089	2.01378091730164
ASV_1115_16S	-0.601770626024627	-0.521705272318928	-0.69332279194082	-0.73284919276685	-0.70761238217833	-0.990498528567833	-1.04328435460892	-2.09334705150702	-2.67424056464322	-2.22495501655793	3.2936250852471	0.0303732812254136	-2.07845629077207	-3.14061842026867	3.13107918666792	0.716535606763426	-1.52086284633736	-2.49439974597671	-3.03630263874466	-2.3195855903278	-2.68311673781782	-2.09633542720089	0.672606991462222
ASV_1117_16S	-0.601770626024627	-0.521705272318928	-0.69332279194082	-0.73284919276685	-0.70761238217833	-0.990498528567833	-1.04328435460892	0.545710278108234	0.791495338156507	0.172940256240442	-1.37920374921481	-2.45453336856259	1.9288768944604	-0.196179441102231	-1.88620065014701	-1.76837104302457	-1.52086284633736	-2.49439974597671	-0.203089294688446	0.676146683226191	0.312615535736171	0.388571222587113	-2.16060635259399
ASV_1125_16S	-0.601770626024627	-0.521705272318928	-0.69332279194082	-0.73284919276685	-0.70761238217833	-0.990498528567833	-1.04328435460892	-2.09334705150702	1.10994906927504	-2.22495501655793	-1.37920374921481	-2.45453336856259	1.77169131093799	1.54151280685555	-1.88620065014701	-1.76837104302457	-1.52086284633736	-2.49439974597671	-0.0918636595782223	1.61224004239653	-0.4858921604816	-2.09633542720089	-2.16060635259399
ASV_1127_16S	-0.601770626024627	-0.521705272318928	-0.69332279194082	-0.73284919276685	-0.70761238217833	-0.990498528567833	-1.04328435460892	2.33746974733629	-0.728330415587906	2.24095310209665	0.566706399840502	-2.45453336856259	-2.07845629077207	-3.14061842026867	-1.88620065014701	-1.76837104302457	-1.52086284633736	-2.49439974597671	-3.03630263874466	-2.3195855903278	-2.68311673781782	-2.09633542720089	-2.16060635259399
ASV_1136_16S	-0.601770626024627	-0.521705272318928	-0.69332279194082	-0.73284919276685	-0.70761238217833	-0.990498528567833	-1.04328435460892	-2.09334705150702	0.852119959972942	-2.22495501655793	-1.37920374921481	-2.45453336856259	-2.07845629077207	1.27822218752793	-1.88620065014701	-1.76837104302457	-1.52086284633736	1.14318641374968	0.364894742917493	-2.3195855903278	0.927801174826405	-2.09633542720089	-2.16060635259399
ASV_1137_16S	-0.601770626024627	2.11735205729633	-0.69332279194082	1.5697359002272	-0.0144652016183853	1.95394045059861	0.0553279340591935	0.614703149595186	-0.109291207181683	0.770777256996062	-0.686056568654866	-1.76138618800264	0.406450359015929	-0.575669062807134	0.059709498908304	-0.158933130590474	-1.52086284633736	-1.3957874573086	-1.42686472631056	1.36929386378614	0.0894719844219614	-0.710041066080997	-1.06199406392588
ASV_1139_16S	-0.601770626024627	-0.521705272318928	-0.69332279194082	-0.73284919276685	-0.70761238217833	2.67306311756181	3.2193955224324	-2.09334705150702	-2.67424056464322	-2.22495501655793	-1.37920374921481	1.8892720532911	-2.07845629077207	-3.14061842026867	2.10278339641727	1.78697701846484	-1.52086284633736	-2.49439974597671	-3.03630263874466	-2.3195855903278	-2.68311673781782	-2.09633542720089	-2.16060635259399
ASV_1143_16S	-0.601770626024627	-0.521705272318928	-0.69332279194082	-0.73284919276685	-0.70761238217833	2.94132710415649	-1.04328435460892	-2.09334705150702	-2.67424056464322	-2.22495501655793	-1.37920374921481	0.764342456305614	-0.469018378337971	-3.14061842026867	-1.88620065014701	-1.76837104302457	1.69801297853084	1.00210781548977	-3.03630263874466	-2.3195855903278	-2.68311673781782	-2.09633542720089	-2.16060635259399
ASV_1145_16S	-0.601770626024627	-0.521705272318928	-0.69332279194082	-0.73284919276685	-0.70761238217833	-0.990498528567833	1.72930436763086	-2.09334705150702	-2.67424056464322	-2.22495501655793	1.98809208077166	1.1830527911638	-2.07845629077207	-3.14061842026867	1.92046183962331	-1.76837104302457	-1.52086284633736	0.971336156823017	-3.03630263874466	-2.3195855903278	-2.68311673781782	-2.09633542720089	2.18319906925969
ASV_1144_16S	-0.601770626024627	-0.521705272318928	-0.69332279194082	-0.73284919276685	-0.70761238217833	-0.990498528567833	1.59577297500634	-2.09334705150702	-2.67424056464322	1.43860662957172	-1.37920374921481	-2.45453336856259	-2.07845629077207	-3.14061842026867	-1.88620065014701	-1.76837104302457	-1.52086284633736	-2.49439974597671	-3.03630263874466	-2.3195855903278	-0.380531644823774	2.18033069181517	-0.551168440159894
ASV_1146_16S	-0.601770626024627	-0.521705272318928	-0.69332279194082	-0.73284919276685	-0.70761238217833	-0.990498528567833	-1.04328435460892	0.679241670732757	0.726956817018936	-0.615517104123829	-1.37920374921481	-2.45453336856259	0.629593910330139	0.355889141197809	-1.88620065014701	-1.76837104302457	-1.52086284633736	1.63273463906838	0.701366979538706	-2.3195855903278	0.26132224134862	-2.09633542720089	-2.16060635259399
ASV_1147_16S	-0.601770626024627	-0.521705272318928	-0.69332279194082	-0.73284919276685	-0.70761238217833	2.34170598160737	3.09985037178262	-2.09334705150702	-2.67424056464322	-2.22495501655793	2.96460167263887	-2.45453336856259	-2.07845629077207	-3.14061842026867	2.00561964796362	1.84254686961965	-1.52086284633736	-2.49439974597671	-3.03630263874466	-2.3195855903278	-2.68311673781782	-2.09633542720089	-2.16060635259399
ASV_1149_16S	2.98174831243148	-0.521705272318928	3.09086684197744	-0.73284919276685	-0.70761238217833	-0.990498528567833	-1.04328435460892	-2.09334705150702	-2.67424056464322	-2.22495501655793	-1.37920374921481	-2.45453336856259	-2.07845629077207	-3.14061842026867	-1.88620065014701	-1.76837104302457	-1.52086284633736	-2.49439974597671	-0.0918636595782223	0.624853388838641	-2.68311673781782	-2.09633542720089	2.88924965465554
ASV_1150_16S	-0.601770626024627	-0.521705272318928	1.87162656552072	-0.73284919276685	1.59497271081572	-0.990498528567833	-1.04328435460892	-2.09334705150702	0.90927837381289	1.14234081342855	-1.37920374921481	-2.45453336856259	1.35553091371307	-0.943393842932451	0.193240891532827	-1.76837104302457	-1.52086284633736	-2.49439974597671	0.141751191603283	0.81590862560135	0.750870466667326	-2.09633542720089	1.01744747775395
ASV_1153_16S	-0.601770626024627	-0.521705272318928	-0.69332279194082	-0.73284919276685	-0.70761238217833	1.088943013112	2.80686324710114	0.304548221291347	-0.594799022963384	-0.0277304392217093	1.4540095948414	1.43728692954804	0.406450359015929	-0.432568219166461	1.94244074634209	2.16345458969975	1.81134166383785	-0.884961833542609	-0.638407365946292	-1.62643840976785	-1.98996955725787	-0.486897514766787	-1.46745917203405
ASV_1155_16S	-0.601770626024627	-0.521705272318928	-0.69332279194082	-0.73284919276685	-0.70761238217833	-0.990498528567833	-1.04328435460892	0.851091927659416	1.74460004315338	0.483095184544281	-1.37920374921481	-2.45453336856259	-2.07845629077207	1.40267636200133	-1.88620065014701	-1.76837104302457	0.425047302717955	0.144657583638549	1.02414037180176	-2.3195855903278	0.26132224134862	0.611714773901323	-2.16060635259399
ASV_1154_16S	-0.601770626024627	-0.521705272318928	-0.69332279194082	-0.73284919276685	-0.70761238217833	-0.990498528567833	-1.04328435460892	0.304548221291347	0.544635260224981	0.483095184544281	-1.37920374921481	-0.662773899334532	0.560601038843187	1.43409255823471	-1.88620065014701	-1.76837104302457	-1.52086284633736	0.450039233189731	-1.09039248968935	-0.527826121099745	1.22890626761033	0.542721902414371	-2.16060635259399
ASV_1158_16S	-0.601770626024627	-0.521705272318928	-0.69332279194082	-0.73284919276685	-0.70761238217833	-0.990498528567833	-1.04328435460892	1.30785033015513	-0.882481095415165	0.608258327498287	-1.37920374921481	0.318055353677194	0.629593910330139	-0.0960959825452479	-1.88620065014701	-1.76837104302457	0.0885750660967421	1.78226637303935	-0.328252437642452	-0.933291229207909	-2.68311673781782	0.206249665793159	-2.16060635259399
ASV_1164_16S	2.34266835314181	-0.521705272318928	-0.69332279194082	-0.73284919276685	-0.70761238217833	-0.990498528567833	-1.04328435460892	0.103877525829196	0.852119959972942	0.339994340903608	-1.37920374921481	-2.45453336856259	0.865982688394369	1.00251630612286	-1.88620065014701	-1.76837104302457	-1.52086284633736	0.144657583638549	0.429433264055064	0.245363767133737	0.954469421908566	0.100889150135332	-2.16060635259399
ASV_1171_16S	-0.601770626024627	-0.521705272318928	-0.69332279194082	-0.73284919276685	-0.70761238217833	-0.990498528567833	-1.04328435460892	0.545710278108234	0.46125365128593	0.483095184544281	-1.37920374921481	-2.45453336856259	1.2888395392144	0.986515964776421	-1.88620065014701	-1.76837104302457	-1.52086284633736	0.971336156823017	0.364894742917493	-2.3195855903278	-1.07367882538372	-2.09633542720089	-2.16060635259399
ASV_1173_16S	-0.601770626024627	-0.521705272318928	-0.69332279194082	-0.73284919276685	-0.70761238217833	-0.990498528567833	-1.04328435460892	-2.09334705150702	0.852119959972942	-2.22495501655793	-1.37920374921481	-2.45453336856259	1.25374821940313	1.12206145677264	-1.88620065014701	-1.76837104302457	-1.52086284633736	-2.49439974597671	-0.263713916504881	-2.3195855903278	0.574979800203662	1.03915878872826	0.478450977021264
ASV_1180_16S	-0.601770626024627	-0.521705272318928	-0.69332279194082	-0.73284919276685	1.77729426760967	-0.990498528567833	2.28892015556629	-2.09334705150702	-2.67424056464322	-2.22495501655793	2.02199363244734	-2.45453336856259	-2.07845629077207	-3.14061842026867	0.947012693909207	2.93210932276784	1.47486942721663	-2.49439974597671	-3.03630263874466	-2.3195855903278	-0.198210088029819	1.59254402691305	-2.16060635259399
ASV_1186_16S	-0.601770626024627	-0.521705272318928	-0.69332279194082	-0.73284919276685	-0.70761238217833	-0.990498528567833	-1.04328435460892	1.04214716442213	0.657963945531984	0.608258327498287	-1.37920374921481	-2.45453336856259	1.41805127069441	0.385742104347491	-1.88620065014701	-1.76837104302457	-1.52086284633736	0.338813598079507	-0.0918636595782223	0.38846461077441	0.684179092168654	0.468613930260649	0.672606991462222
ASV_1189_16S	-0.601770626024627	-0.521705272318928	-0.69332279194082	-0.73284919276685	-0.70761238217833	-0.990498528567833	-1.04328435460892	-2.09334705150702	-2.67424056464322	-2.22495501655793	-1.37920374921481	0.11041598889895	-2.07845629077207	-3.14061842026867	-1.88620065014701	-1.76837104302457	1.57017960702096	2.55545626127283	1.05804192347744	-2.3195855903278	-0.0440594082025614	-2.09633542720089	-2.16060635259399
ASV_1190_16S	-0.601770626024627	-0.521705272318928	-0.69332279194082	-0.73284919276685	-0.70761238217833	-0.990498528567833	-1.04328435460892	1.23885745866818	1.06342905364015	-2.22495501655793	-1.37920374921481	0.723520461785359	1.17964024724941	0.810625298312757	0.821849550955201	0.428853534311646	1.18718735476485	-2.49439974597671	-3.03630263874466	-2.3195855903278	-2.68311673781782	-2.09633542720089	-2.16060635259399
ASV_1194_16S	-0.601770626024627	-0.521705272318928	-0.69332279194082	-0.73284919276685	-0.70761238217833	2.99848551799644	-1.04328435460892	0.79702470638914	-0.882481095415165	-2.22495501655793	-1.37920374921481	2.29039875980066	1.14041953409613	-1.19470827121336	-1.88620065014701	-1.76837104302457	-1.52086284633736	0.837804764198494	0.601283520981723	0.624853388838641	-2.68311673781782	-2.09633542720089	-2.16060635259399
ASV_1201_16S	-0.601770626024627	-0.521705272318928	-0.69332279194082	-0.73284919276685	-0.70761238217833	-0.990498528567833	2.59430180511747	-2.09334705150702	-2.67424056464322	-2.22495501655793	-1.37920374921481	0.946664013099569	-2.07845629077207	-3.14061842026867	2.60243571958513	2.42128369900185	-1.52086284633736	-2.49439974597671	-3.03630263874466	-2.3195855903278	-2.68311673781782	-2.09633542720089	-2.16060635259399
ASV_1203_16S	-0.601770626024627	-0.521705272318928	-0.69332279194082	-0.73284919276685	-0.70761238217833	-0.990498528567833	-1.04328435460892	-2.09334705150702	-0.109291207181683	-2.22495501655793	-1.37920374921481	0.841303497441742	-2.07845629077207	-3.14061842026867	-1.88620065014701	-1.76837104302457	-1.52086284633736	-2.49439974597671	0.895522993979663	0.724936847395623	1.49127053207782	1.5412507325255	-2.16060635259399
ASV_1205_16S	-0.601770626024627	-0.521705272318928	-0.69332279194082	-0.73284919276685	-0.70761238217833	-0.990498528567833	1.7899289894473	-2.09334705150702	0.822266996823261	0.339994340903608	-1.37920374921481	0.723520461785359	0.69413243146771	0.226677409717803	-1.88620065014701	-1.76837104302457	-1.52086284633736	0.872896084009765	0.00821979897876046	-2.3195855903278	-2.68311673781782	-2.09633542720089	1.84672683263848
ASV_1210_16S	-0.601770626024627	-0.521705272318928	-0.69332279194082	-0.73284919276685	-0.70761238217833	-0.990498528567833	-1.04328435460892	-2.09334705150702	1.25758506808111	-2.22495501655793	-1.37920374921481	-2.45453336856259	1.81336400733856	1.39198107288459	-1.88620065014701	-1.76837104302457	-1.52086284633736	-2.49439974597671	1.12258044461501	-2.3195855903278	1.24870889490651	-2.09633542720089	-2.16060635259399
ASV_1212_16S	1.18998884320343	-0.521705272318928	-0.69332279194082	-0.73284919276685	-0.70761238217833	-0.990498528567833	-1.04328435460892	-0.994734762838914	1.48464251871645	0.547633705681852	-1.37920374921481	-2.45453336856259	-2.07845629077207	-0.838033327274625	-1.88620065014701	-1.76837104302457	-1.52086284633736	-2.49439974597671	-3.03630263874466	0.513627753728417	-0.118167380356283	1.36940047559884	0.0366182247422255
ASV_1215_16S	-0.601770626024627	-0.521705272318928	-0.69332279194082	-0.73284919276685	-0.70761238217833	-0.990498528567833	-1.04328435460892	1.8384785812173	0.0983481575965617	-0.0277304392217093	-1.37920374921481	-2.45453336856259	-2.07845629077207	-1.19470827121336	-1.88620065014701	-1.76837104302457	-1.52086284633736	0.450039233189731	0.330993191241812	-2.3195855903278	-2.68311673781782	-2.09633542720089	-2.16060635259399
ASV_1223_16S	-0.601770626024627	-0.521705272318928	-0.69332279194082	-0.73284919276685	-0.70761238217833	-0.990498528567833	-1.04328435460892	-2.09334705150702	-2.67424056464322	-2.22495501655793	-1.37920374921481	-2.45453336856259	-2.07845629077207	0.884733270466479	-1.88620065014701	-1.76837104302457	-1.52086284633736	2.61154572792387	0.855517659365964	1.57223470778283	-2.68311673781782	-2.09633542720089	-2.16060635259399
ASV_1227_16S	-0.601770626024627	-0.521705272318928	-0.69332279194082	-0.73284919276685	-0.70761238217833	-0.990498528567833	-1.04328435460892	1.08470677884092	-2.67424056464322	-0.838660655438038	-1.37920374921481	2.45812151717347	-0.692161929652181	-3.14061842026867	-1.88620065014701	-1.76837104302457	-1.52086284633736	-2.49439974597671	-0.956861097064827	-0.527826121099745	0.150096606238396	-2.09633542720089	-2.16060635259399
ASV_1229_16S	-0.601770626024627	-0.521705272318928	-0.69332279194082	-0.73284919276685	-0.70761238217833	-0.990498528567833	-1.04328435460892	1.04214716442213	1.10994906927504	0.483095184544281	-1.37920374921481	-2.45453336856259	1.32274109089008	1.58676939844367	-1.88620065014701	-1.76837104302457	-1.52086284633736	-0.548489596921396	0.00821979897876046	-2.3195855903278	-1.07367882538372	-0.486897514766787	-2.16060635259399
ASV_1233_16S	-0.601770626024627	-0.521705272318928	-0.69332279194082	-0.73284919276685	-0.70761238217833	-0.990498528567833	-1.04328435460892	2.61618314980531	1.10994906927504	0.41410231305733	-1.37920374921481	-2.45453336856259	0.629593910330139	0.73058259063922	-1.88620065014701	-1.76837104302457	-1.52086284633736	0.278188976263072	0.627259007384984	-0.12236101299158	-1.07367882538372	-2.09633542720089	-2.16060635259399
ASV_1235_16S	-0.601770626024627	-0.521705272318928	-0.69332279194082	-0.73284919276685	-0.70761238217833	-0.990498528567833	-1.04328435460892	-2.09334705150702	0.936677348001005	1.60368637993117	-1.37920374921481	-2.45453336856259	1.41805127069441	1.41325847133187	-1.88620065014701	-1.76837104302457	-1.52086284633736	-2.49439974597671	0.952681407819612	-2.3195855903278	-2.68311673781782	-2.09633542720089	-2.16060635259399
ASV_1243_16S	1.96317873143691	-0.521705272318928	3.17787821896707	1.0589102764612	2.69358499948383	2.53586199604833	-1.04328435460892	-2.09334705150702	-2.67424056464322	-2.22495501655793	-1.37920374921481	-2.45453336856259	-2.07845629077207	-3.14061842026867	-1.88620065014701	-1.76837104302457	-1.52086284633736	-2.49439974597671	-3.03630263874466	-2.3195855903278	-2.68311673781782	-2.09633542720089	-2.16060635259399
ASV_1244_16S	-0.601770626024627	-0.521705272318928	-0.69332279194082	-0.73284919276685	-0.70761238217833	-0.990498528567833	-1.04328435460892	-2.09334705150702	-2.67424056464322	-2.22495501655793	-1.37920374921481	-2.45453336856259	-2.07845629077207	0.522943225860975	-1.88620065014701	-1.76837104302457	-1.52086284633736	-2.49439974597671	-3.03630263874466	-2.3195855903278	1.00576271629612	1.36940047559884	2.28204490389632
ASV_1250_16S	-0.601770626024627	-0.521705272318928	-0.69332279194082	-0.73284919276685	-0.70761238217833	-0.990498528567833	-1.04328435460892	1.27394877847945	0.216131193252945	1.48861705014638	-1.37920374921481	-2.45453336856259	0.000985250907764357	-0.432568219166461	-1.88620065014701	0.0233884262034809	-1.52086284633736	-2.49439974597671	0.0991915771844871	-0.12236101299158	-0.0440594082025614	1.73230596928821	-0.0811648109141583
ASV_1254_16S	-0.601770626024627	-0.521705272318928	-0.69332279194082	-0.73284919276685	-0.70761238217833	-0.990498528567833	2.32401147537756	-2.09334705150702	-2.67424056464322	0.172940256240442	-1.37920374921481	1.43728692954804	-2.07845629077207	-3.14061842026867	1.05823832901943	1.36712317290458	1.57017960702096	-2.49439974597671	-3.03630263874466	0.319471739287459	-2.68311673781782	-2.09633542720089	-2.16060635259399
ASV_1257_16S	-0.601770626024627	-0.521705272318928	-0.69332279194082	-0.73284919276685	-0.70761238217833	-0.990498528567833	-1.04328435460892	0.79702470638914	0.936677348001005	1.41263114316846	-0.280591460546701	0.253516832539623	-2.07845629077207	-3.14061842026867	-1.88620065014701	-1.76837104302457	-1.52086284633736	-2.49439974597671	-1.24454316951661	-2.3195855903278	-2.68311673781782	0.676253295038894	-2.16060635259399
ASV_1258_16S	-0.601770626024627	-0.521705272318928	-0.69332279194082	-0.73284919276685	-0.70761238217833	-0.990498528567833	-1.04328435460892	-2.09334705150702	0.0983481575965617	-2.22495501655793	-1.37920374921481	1.20902827756706	1.70573334314619	0.791207212455655	-1.88620065014701	-1.76837104302457	-1.52086284633736	-2.49439974597671	-0.263713916504881	-2.3195855903278	-2.68311673781782	-2.09633542720089	-2.16060635259399
ASV_1265_16S	-0.601770626024627	-0.521705272318928	-0.69332279194082	-0.73284919276685	-0.70761238217833	-0.990498528567833	-1.04328435460892	-2.09334705150702	-2.67424056464322	-2.22495501655793	-1.37920374921481	-2.45453336856259	2.01588827145003	1.03376884962697	-1.88620065014701	-1.76837104302457	-1.52086284633736	-2.49439974597671	0.701366979538706	2.2237091919422	1.7595345186725	-2.09633542720089	-2.16060635259399
ASV_1270_16S	-0.601770626024627	-0.521705272318928	-0.69332279194082	-0.73284919276685	-0.70761238217833	-0.990498528567833	-1.04328435460892	-2.09334705150702	-2.67424056464322	-2.22495501655793	-1.37920374921481	-2.45453336856259	-2.07845629077207	1.27822218752793	-1.88620065014701	-1.76837104302457	-1.52086284633736	-2.49439974597671	0.7248974769489	1.70576610040735	1.47576634554185	-2.09633542720089	-2.16060635259399
ASV_1269_16S	-0.601770626024627	-0.521705272318928	-0.69332279194082	-0.73284919276685	-0.70761238217833	-0.990498528567833	-1.04328435460892	0.902385222046967	-0.189333914855219	1.62519258515213	-1.37920374921481	0.877671141612617	-2.07845629077207	0.385742104347491	-1.88620065014701	-1.76837104302457	1.65719098401059	0.550122691746714	0.295901871430541	-2.3195855903278	0.494937092530126	1.16176111082059	0.783832626572446
ASV_1274_16S	-0.601770626024627	-0.521705272318928	-0.69332279194082	-0.73284919276685	1.85733697528321	-0.990498528567833	-1.04328435460892	-2.09334705150702	-2.67424056464322	-2.22495501655793	-1.37920374921481	0.0303732812254136	-2.07845629077207	-3.14061842026867	-1.88620065014701	-1.76837104302457	-1.52086284633736	-2.49439974597671	0.182573186123538	-2.3195855903278	0.612720128186509	0.206249665793159	2.24611289467026
ASV_1287_16S	-0.601770626024627	-0.521705272318928	-0.69332279194082	-0.73284919276685	-0.70761238217833	-0.990498528567833	-1.04328435460892	-0.483909139072924	0.544635260224981	-2.22495501655793	-1.37920374921481	-2.45453336856259	0.000985250907764357	1.12206145677264	-1.88620065014701	-1.76837104302457	-1.52086284633736	-2.49439974597671	-0.0405703651906717	-2.3195855903278	0.150096606238396	0.388571222587113	-2.16060635259399
ASV_1289_16S	-0.601770626024627	-0.521705272318928	-0.69332279194082	-0.73284919276685	-0.70761238217833	-0.990498528567833	-1.04328435460892	2.30110210316542	0.822266996823261	-2.22495501655793	-1.37920374921481	0.0303732812254136	-2.07845629077207	0.442900518187439	-1.88620065014701	-1.76837104302457	-1.52086284633736	-2.49439974597671	0.330993191241812	-2.3195855903278	0.494937092530126	-2.09633542720089	-2.16060635259399
ASV_1294_16S	-0.601770626024627	-0.521705272318928	-0.69332279194082	-0.73284919276685	-0.70761238217833	-0.990498528567833	3.46757515190793	0.851091927659416	-2.67424056464322	0.953098813790017	1.01869152358356	-1.35592107989448	-2.07845629077207	-3.14061842026867	-1.88620065014701	-1.76837104302457	-1.52086284633736	-2.49439974597671	-3.03630263874466	-2.3195855903278	-2.68311673781782	-2.09633542720089	-2.16060635259399
ASV_1303_16S	-0.601770626024627	-0.521705272318928	-0.69332279194082	-0.73284919276685	-0.70761238217833	-0.990498528567833	-1.04328435460892	1.66785306418654	-0.109291207181683	1.43860662957172	-1.37920374921481	-2.45453336856259	-0.286696821544016	-0.0960959825452479	0.193240891532827	-0.669758754356464	-1.52086284633736	-2.49439974597671	-0.471353281283126	-0.12236101299158	-0.737206588762507	1.33765177728426	2.07350015200327
ASV_1307_16S	-0.601770626024627	-0.521705272318928	-0.69332279194082	-0.73284919276685	-0.70761238217833	-0.990498528567833	-1.04328435460892	-2.09334705150702	-2.67424056464322	-2.22495501655793	-1.37920374921481	-2.45453336856259	1.61042316334186	0.0374354100792749	-1.88620065014701	-1.76837104302457	-1.52086284633736	-2.49439974597671	0.460204922721818	1.74085742021862	1.03045532888649	-2.09633542720089	-2.16060635259399
ASV_1305_16S	3.03581553370176	1.27005419690913	2.48473103840713	3.11729840894321	1.85733697528321	2.41069885309432	1.1539402227273	-2.09334705150702	-2.67424056464322	-1.53180783599798	-1.37920374921481	-1.76138618800264	0.000985250907764357	-2.04200613160056	-1.88620065014701	-0.669758754356464	0.781722246656688	-0.884961833542609	-1.65000827762477	-2.3195855903278	-1.58450444914971	-0.710041066080997	-1.06199406392588
ASV_1310_16S	-0.601770626024627	-0.521705272318928	-0.69332279194082	-0.73284919276685	-0.70761238217833	-0.990498528567833	-1.04328435460892	-2.09334705150702	1.19696044626467	-2.22495501655793	-1.37920374921481	-2.45453336856259	-2.07845629077207	1.80102400234063	-1.88620065014701	-1.76837104302457	-1.52086284633736	-2.49439974597671	0.952681407819612	1.29133232231642	-2.68311673781782	-2.09633542720089	-2.16060635259399
ASV_1317_16S	-0.601770626024627	-0.521705272318928	-0.69332279194082	-0.73284919276685	-0.70761238217833	-0.990498528567833	-1.04328435460892	0.391559598280976	0.370281873080204	-2.22495501655793	-1.37920374921481	-2.45453336856259	-2.07845629077207	-0.432568219166461	-1.88620065014701	-1.76837104302457	-1.52086284633736	-0.29717516864049	0.182573186123538	1.87006915169863	1.44401764722727	0.468613930260649	-2.16060635259399
ASV_1320_16S	-0.601770626024627	-0.521705272318928	-0.69332279194082	-0.73284919276685	-0.70761238217833	-0.990498528567833	-1.04328435460892	2.66882688329073	0.46125365128593	-0.145513474878093	-1.37920374921481	-0.662773899334532	-0.132546141716758	-0.0495759669103548	-1.88620065014701	-1.76837104302457	-1.52086284633736	0.0705496114848274	-0.328252437642452	-0.12236101299158	-1.07367882538372	-2.09633542720089	-2.16060635259399
ASV_1322_16S	-0.601770626024627	-0.521705272318928	-0.69332279194082	-0.73284919276685	-0.70761238217833	-0.990498528567833	-1.04328435460892	-2.09334705150702	0.90927837381289	1.3859628960863	0.818020828121409	-2.45453336856259	-2.07845629077207	-3.14061842026867	-1.88620065014701	-1.76837104302457	-1.52086284633736	-2.49439974597671	-3.03630263874466	-2.3195855903278	-2.68311673781782	0.848103551965553	0.404343004867543
ASV_1328_16S	-0.601770626024627	-0.521705272318928	-0.69332279194082	-0.73284919276685	-0.70761238217833	-0.990498528567833	-1.04328435460892	-2.09334705150702	-2.67424056464322	-2.22495501655793	1.79885008113313	2.23681451366656	-2.07845629077207	-0.7427231474703	-1.88620065014701	0.177539106030739	0.0885750660967421	-2.49439974597671	-3.03630263874466	-2.3195855903278	-2.68311673781782	-2.09633542720089	-2.16060635259399
ASV_1331_16S	-0.601770626024627	-0.521705272318928	-0.69332279194082	-0.73284919276685	-0.70761238217833	-0.990498528567833	-1.04328435460892	1.62022501519728	0.726956817018936	-2.22495501655793	-1.37920374921481	-2.45453336856259	-2.07845629077207	1.00251630612286	-1.88620065014701	-1.76837104302457	-1.52086284633736	0.939587458508437	1.12258044461501	-2.3195855903278	1.26812698076361	-2.09633542720089	-2.16060635259399
ASV_1332_16S	-0.601770626024627	-0.521705272318928	-0.69332279194082	-0.73284919276685	-0.70761238217833	-0.990498528567833	-1.04328435460892	-0.301587582278969	0.989321081486427	1.7068706161664	0.412555720013244	0.11041598889895	-2.07845629077207	-3.14061842026867	-1.88620065014701	-1.76837104302457	-1.52086284633736	-2.49439974597671	-3.03630263874466	-2.3195855903278	-2.68311673781782	0.611714773901323	0.478450977021264
ASV_1335_16S	-0.601770626024627	-0.521705272318928	-0.69332279194082	-0.73284919276685	-0.70761238217833	-0.990498528567833	-1.04328435460892	-2.09334705150702	-2.67424056464322	-2.22495501655793	-1.37920374921481	-2.45453336856259	-2.07845629077207	-3.14061842026867	-1.88620065014701	-1.76837104302457	-1.52086284633736	-0.00949309618870897	-3.03630263874466	1.0126189198474	0.980444908311827	3.33738657635335	-2.16060635259399
ASV_1344_16S	-0.601770626024627	-0.521705272318928	-0.69332279194082	-0.73284919276685	-0.70761238217833	-0.990498528567833	-1.04328435460892	-2.09334705150702	-2.67424056464322	0.719483962608511	0.700237792465025	-2.45453336856259	1.81336400733856	0.810625298312757	-1.88620065014701	-1.76837104302457	-1.52086284633736	0.763696792044773	-3.03630263874466	-2.3195855903278	-2.68311673781782	0.899396846353103	1.68954124911606
ASV_1348_16S	-0.601770626024627	-0.521705272318928	-0.69332279194082	-0.73284919276685	-0.70761238217833	-0.990498528567833	-1.04328435460892	-2.09334705150702	1.53045205474775	-2.22495501655793	-1.37920374921481	-2.45453336856259	-2.07845629077207	1.719193984093	-1.88620065014701	-1.76837104302457	-1.52086284633736	-2.49439974597671	0.574615273899562	-2.3195855903278	1.05455288046555	-2.09633542720089	-2.16060635259399
ASV_1353_16S	-0.601770626024627	-0.521705272318928	-0.69332279194082	-0.73284919276685	-0.70761238217833	-0.990498528567833	-1.04328435460892	0.739866292549192	0.693055265343255	0.866087436800387	-1.37920374921481	0.253516832539623	-2.07845629077207	0.155218445735658	-1.88620065014701	-1.76837104302457	-1.52086284633736	-2.49439974597671	0.429433264055064	-2.3195855903278	0.684179092168654	1.23586908297432	-2.16060635259399
ASV_1362_16S	-0.601770626024627	-0.521705272318928	-0.69332279194082	-0.73284919276685	-0.70761238217833	-0.990498528567833	-1.04328435460892	-2.09334705150702	-2.67424056464322	-2.22495501655793	-1.37920374921481	1.37410802792651	1.14041953409613	0.293368784216475	-1.88620065014701	-1.76837104302457	-1.52086284633736	1.37680126493118	0.933989274807459	-2.3195855903278	-2.68311673781782	-2.09633542720089	-2.16060635259399
ASV_1361_16S	-0.601770626024627	-0.521705272318928	-0.69332279194082	-0.73284919276685	-0.70761238217833	-0.990498528567833	-1.04328435460892	1.40316050995946	1.36881070319133	0.483095184544281	-1.37920374921481	-2.45453336856259	-2.07845629077207	-0.196179441102231	-1.88620065014701	-1.76837104302457	-1.52086284633736	0.338813598079507	0.747886995173598	0.38846461077441	0.750870466667326	1.08171840314706	-2.16060635259399
ASV_1367_16S	-0.601770626024627	-0.521705272318928	-0.69332279194082	-0.73284919276685	-0.70761238217833	-0.990498528567833	-1.04328435460892	-2.09334705150702	0.963345595083166	-2.22495501655793	-1.37920374921481	-2.45453336856259	0.560601038843187	1.13604769874738	-1.88620065014701	-1.76837104302457	0.270896622890697	0.395972011919455	0.747886995173598	0.319471739287459	0.612720128186509	-0.997723138532778	-2.16060635259399
ASV_1366_16S	-0.601770626024627	-0.521705272318928	-0.69332279194082	-0.73284919276685	-0.70761238217833	-0.990498528567833	-1.04328435460892	0.679241670732757	0.936677348001005	1.41263114316846	-1.37920374921481	-2.45453336856259	-2.07845629077207	1.32528969838591	-1.88620065014701	-1.76837104302457	-1.52086284633736	-0.702640276748654	-3.03630263874466	-2.3195855903278	-0.603675196137984	-2.09633542720089	-2.16060635259399
ASV_1374_16S	-0.601770626024627	-0.521705272318928	-0.69332279194082	-0.73284919276685	-0.70761238217833	-0.990498528567833	-1.04328435460892	0.997695401851292	0.544635260224981	1.43860662957172	-1.37920374921481	-2.45453336856259	0.560601038843187	-0.838033327274625	-1.88620065014701	0.796578314436963	-1.52086284633736	-2.49439974597671	-0.839078061408443	0.245363767133737	0.574979800203662	1.64133419108248	-2.16060635259399
ASV_1375_16S	-0.601770626024627	1.42420487673638	-0.69332279194082	-0.73284919276685	-0.70761238217833	-0.990498528567833	-1.04328435460892	-2.09334705150702	-2.67424056464322	-2.22495501655793	-1.37920374921481	-1.35592107989448	-2.07845629077207	-3.14061842026867	-1.88620065014701	-1.76837104302457	-1.52086284633736	-2.49439974597671	-3.03630263874466	2.0992550174688	1.2871751757343	-2.09633542720089	0.478450977021264
ASV_1379_16S	1.59545395131159	1.55773626936091	-0.69332279194082	-0.0397020122069048	3.36992506172739	1.49440812122017	1.1539402227273	1.2024898144973	-2.67424056464322	-1.53180783599798	2.23171416342941	-2.45453336856259	-2.07845629077207	-3.14061842026867	-1.88620065014701	-1.07522386246463	-1.52086284633736	-2.49439974597671	-3.03630263874466	-2.3195855903278	-1.98996955725787	-2.09633542720089	-2.16060635259399
ASV_1380_16S	1.34413952303069	-0.521705272318928	-0.69332279194082	-0.73284919276685	-0.70761238217833	-0.990498528567833	-1.04328435460892	-2.09334705150702	0.46125365128593	-0.0277304392217093	-1.37920374921481	-0.845095456128486	0.406450359015929	0.260578961393485	-1.88620065014701	-1.76837104302457	0.270896622890697	0.395972011919455	0.601283520981723	0.245363767133737	-2.68311673781782	-2.09633542720089	-2.16060635259399
ASV_1382_16S	-0.601770626024627	-0.521705272318928	-0.69332279194082	-0.73284919276685	-0.70761238217833	2.99848551799644	2.99976691322563	-2.09334705150702	-2.67424056464322	-2.22495501655793	-1.37920374921481	1.99981392769092	-2.07845629077207	-3.14061842026867	1.33267517472119	1.52746582297976	-1.52086284633736	-2.49439974597671	-3.03630263874466	-2.3195855903278	-2.68311673781782	-2.09633542720089	-2.16060635259399
ASV_1387_16S	-0.601770626024627	-0.521705272318928	-0.69332279194082	-0.73284919276685	1.48961219515789	-0.990498528567833	-1.04328435460892	-2.09334705150702	-2.67424056464322	2.24095310209665	-1.37920374921481	1.58851789927196	1.01258616258624	-3.14061842026867	-1.88620065014701	-1.76837104302457	0.0885750660967421	-2.49439974597671	-3.03630263874466	-0.240144048647964	-2.68311673781782	-2.09633542720089	-2.16060635259399
ASV_1396_16S	-0.601770626024627	-0.521705272318928	1.38611874973902	-0.73284919276685	-0.70761238217833	-0.990498528567833	-1.04328435460892	0.103877525829196	0.90927837381289	-2.22495501655793	-1.37920374921481	-0.257308791226367	0.000985250907764357	0.385742104347491	-1.88620065014701	-1.76837104302457	-1.52086284633736	-0.0965044731783387	-1.93769035007655	-0.373675441272486	-1.58450444914971	-2.09633542720089	0.324300297194006
ASV_1397_16S	-0.601770626024627	-0.521705272318928	-0.69332279194082	-0.73284919276685	-0.70761238217833	-0.990498528567833	-1.04328435460892	1.04214716442213	0.416801888715097	2.61132689039355	-1.37920374921481	-2.45453336856259	-2.07845629077207	-3.14061842026867	-1.88620065014701	-1.76837104302457	-1.52086284633736	-2.49439974597671	-3.03630263874466	-2.3195855903278	-2.68311673781782	-2.09633542720089	-0.551168440159894
ASV_1394_16S	-0.601770626024627	-0.521705272318928	-0.69332279194082	-0.73284919276685	-0.70761238217833	-0.990498528567833	-1.04328435460892	-2.09334705150702	1.21757973346741	-2.22495501655793	-1.37920374921481	-2.45453336856259	-2.07845629077207	0.8667147649638	-1.88620065014701	-1.76837104302457	-1.52086284633736	-0.414958204296874	1.02414037180176	-2.3195855903278	-0.737206588762507	-2.09633542720089	-2.16060635259399
ASV_1401_16S	-0.601770626024627	-0.521705272318928	-0.69332279194082	-0.73284919276685	-0.70761238217833	-0.990498528567833	-1.04328435460892	-2.09334705150702	-2.67424056464322	-2.22495501655793	-1.37920374921481	1.4166676423453	-2.07845629077207	-3.14061842026867	-1.88620065014701	-1.76837104302457	2.0054976782788	0.971336156823017	-0.397245309129404	-2.3195855903278	-2.68311673781782	-2.09633542720089	-2.16060635259399
ASV_1406_16S	-0.601770626024627	-0.521705272318928	-0.69332279194082	-0.73284919276685	-0.70761238217833	-0.990498528567833	-1.04328435460892	-2.09334705150702	-2.67424056464322	-2.22495501655793	-1.37920374921481	-2.45453336856259	-2.07845629077207	-3.14061842026867	-1.88620065014701	-1.76837104302457	-1.52086284633736	1.45684397260472	1.30750278310902	1.61224004239653	1.41122782440428	-2.09633542720089	-2.16060635259399
ASV_1407_16S	-0.601770626024627	-0.521705272318928	-0.69332279194082	-0.73284919276685	-0.70761238217833	-0.990498528567833	-1.04328435460892	1.81867595392112	0.726956817018936	1.48861705014638	-1.37920374921481	-2.45453336856259	-2.07845629077207	0.0374354100792749	-1.88620065014701	-1.76837104302457	-1.52086284633736	-2.49439974597671	0.259534227259667	-2.3195855903278	0.927801174826405	-2.09633542720089	-2.16060635259399
ASV_1411_16S	-0.601770626024627	-0.521705272318928	-0.69332279194082	-0.73284919276685	-0.70761238217833	-0.990498528567833	-1.04328435460892	1.49017188694909	0.936677348001005	-2.22495501655793	-1.37920374921481	-2.45453336856259	-2.07845629077207	1.61297177083769	-1.88620065014701	-1.76837104302457	-1.52086284633736	0.450039233189731	-3.03630263874466	-0.12236101299158	-0.0440594082025614	-0.0168938855210516	-2.16060635259399
ASV_1415_16S	-0.601770626024627	-0.521705272318928	-0.69332279194082	-0.73284919276685	-0.70761238217833	-0.990498528567833	-1.04328435460892	-2.09334705150702	-2.67424056464322	-2.22495501655793	-1.37920374921481	-2.45453336856259	-2.07845629077207	-3.14061842026867	-1.88620065014701	1.48972549499691	2.48647033889511	-2.49439974597671	-3.03630263874466	0.771456863030517	-2.68311673781782	-2.09633542720089	0.141978740400052
ASV_1418_16S	-0.601770626024627	-0.521705272318928	-0.69332279194082	-0.73284919276685	-0.70761238217833	-0.990498528567833	-1.04328435460892	-0.147436902451711	-0.109291207181683	-2.22495501655793	-1.37920374921481	0.764342456305614	1.09959753957587	-3.14061842026867	-1.88620065014701	-1.76837104302457	-1.52086284633736	0.338813598079507	-0.145930880848498	0.245363767133737	0.207255020078345	-2.09633542720089	1.09749018542749
ASV_1420_16S	1.18998884320343	-0.521705272318928	1.70457248085755	-0.73284919276685	1.23829776687698	3.66346182158969	1.1539402227273	-2.09334705150702	-1.57562827597511	-2.22495501655793	-1.37920374921481	-2.45453336856259	-2.07845629077207	-3.14061842026867	-1.19305346958706	-1.76837104302457	-1.52086284633736	-1.80125256541676	-2.34315545818472	-2.3195855903278	-2.68311673781782	-2.09633542720089	-2.16060635259399
ASV_1426_16S	-0.601770626024627	-0.521705272318928	-0.69332279194082	-0.73284919276685	-0.70761238217833	-0.990498528567833	-1.04328435460892	-0.0139055098271883	-0.477015987307	1.74533689699419	1.4540095948414	1.10081469292683	0.486493066689465	-0.7427231474703	0.886388072092772	-1.76837104302457	-1.52086284633736	-2.49439974597671	-1.65000827762477	-1.22097330165969	-2.68311673781782	-1.40318824664094	-1.46745917203405
ASV_1429_16S	-0.601770626024627	-0.521705272318928	1.70457248085755	3.2925024979683	2.28811989137566	-0.990498528567833	1.44162229517908	-2.09334705150702	-0.594799022963384	-2.22495501655793	1.56523522995163	-2.45453336856259	-2.07845629077207	-3.14061842026867	0.598705999640991	0.939679158077636	1.47486942721663	-2.49439974597671	-1.09039248968935	-2.3195855903278	-2.68311673781782	-2.09633542720089	-1.06199406392588
ASV_1439_16S	-0.601770626024627	-0.521705272318928	-0.69332279194082	-0.73284919276685	-0.70761238217833	-0.990498528567833	-1.04328435460892	0.103877525829196	0.46125365128593	0.339994340903608	-1.37920374921481	-2.45453336856259	-2.07845629077207	-0.501561090653412	-1.88620065014701	-1.76837104302457	-1.52086284633736	-2.49439974597671	0.330993191241812	0.165321059460201	0.494937092530126	-2.09633542720089	-2.16060635259399
ASV_1443_16S	-0.601770626024627	-0.521705272318928	-0.69332279194082	-0.73284919276685	-0.70761238217833	-0.990498528567833	-1.04328435460892	-2.09334705150702	0.759746639841927	-0.145513474878093	-1.37920374921481	-2.45453336856259	0.406450359015929	0.325117482531056	-1.88620065014701	-1.76837104302457	-1.52086284633736	0.80143712002762	0.0991915771844871	-0.527826121099745	0.535759087050381	1.40017213426559	-2.16060635259399
ASV_1442_16S	-0.601770626024627	-0.521705272318928	0.916115120493281	-0.73284919276685	-0.70761238217833	0.395795832552057	-1.04328435460892	-2.09334705150702	0.370281873080204	0.910539199371221	-1.37920374921481	-2.45453336856259	-2.07845629077207	0.572953646435637	-1.88620065014701	-1.76837104302457	-1.52086284633736	-1.3957874573086	0.792338757744433	1.08161179133436	0.574979800203662	-2.09633542720089	-0.214696203538681
ASV_1446_16S	1.00766728640947	-0.521705272318928	-0.69332279194082	-0.73284919276685	-0.70761238217833	-0.990498528567833	-1.04328435460892	-2.09334705150702	0.0338096364589906	-1.12634272788982	2.11730381225167	0.803563169458895	-1.38530911021213	-2.44747123970873	1.54778655433814	1.66561616146057	0.877032426461013	-0.0965044731783387	-2.34315545818472	-1.22097330165969	-0.4858921604816	0.100889150135332	-0.214696203538681
ASV_1458_16S	-0.601770626024627	-0.521705272318928	-0.69332279194082	-0.73284919276685	-0.70761238217833	-0.990498528567833	-1.04328435460892	2.04978767488451	0.46125365128593	0.665416741338236	-1.37920374921481	-2.45453336856259	-2.07845629077207	0.260578961393485	-1.88620065014701	-1.76837104302457	-1.52086284633736	0.837804764198494	0.330993191241812	-2.3195855903278	-2.68311673781782	-2.09633542720089	-2.16060635259399
ASV_1459_16S	-0.601770626024627	-0.521705272318928	-0.69332279194082	-0.73284919276685	-0.70761238217833	-0.990498528567833	-1.04328435460892	-2.09334705150702	-2.67424056464322	-2.22495501655793	-1.37920374921481	0.589989069160836	0.629593910330139	1.03376884962697	-1.88620065014701	-1.76837104302457	-1.52086284633736	-2.49439974597671	-0.638407365946292	-2.3195855903278	-2.68311673781782	-2.09633542720089	-2.16060635259399
ASV_1481_16S	-0.601770626024627	-0.521705272318928	-0.69332279194082	-0.73284919276685	-0.70761238217833	-0.990498528567833	-1.04328435460892	1.27394877847945	-2.67424056464322	0.0776300764361171	-1.37920374921481	1.20902827756706	2.17003895127729	-3.14061842026867	-1.88620065014701	-1.76837104302457	1.31235049771886	-2.49439974597671	0.627259007384984	-2.3195855903278	-2.68311673781782	-2.09633542720089	-2.16060635259399
ASV_1482_16S	-0.601770626024627	-0.521705272318928	-0.69332279194082	-0.73284919276685	-0.70761238217833	-0.990498528567833	-1.04328435460892	-2.09334705150702	-2.67424056464322	-2.22495501655793	-1.37920374921481	-2.45453336856259	-2.07845629077207	-3.14061842026867	0.678748707314528	0.716535606763426	1.8803345353248	0.596642707381607	0.364894742917493	-2.3195855903278	-2.68311673781782	-2.09633542720089	0.783832626572446
ASV_1489_16S	-0.601770626024627	4.27408527327781	-0.69332279194082	-0.73284919276685	-0.70761238217833	-0.990498528567833	-1.04328435460892	-2.09334705150702	-1.57562827597511	0.665416741338236	-1.37920374921481	-2.45453336856259	-2.07845629077207	-3.14061842026867	-0.276762737712909	-1.76837104302457	-1.52086284633736	-1.10810538485682	-0.956861097064827	-0.240144048647964	-1.29682237669793	-0.997723138532778	-2.16060635259399
ASV_1491_16S	-0.601770626024627	-0.521705272318928	-0.69332279194082	-0.73284919276685	-0.70761238217833	-0.990498528567833	-1.04328435460892	1.81867595392112	0.46125365128593	-2.22495501655793	-1.37920374921481	-2.45453336856259	0.91727598278192	-3.14061842026867	-1.88620065014701	-1.76837104302457	-1.52086284633736	0.80143712002762	0.627259007384984	-2.3195855903278	-0.380531644823774	-0.304575957972832	-2.16060635259399
ASV_1490_16S	-0.601770626024627	-0.521705272318928	-0.69332279194082	-0.73284919276685	-0.70761238217833	-0.990498528567833	-1.04328435460892	-2.09334705150702	0.158972779412997	-0.433195547329874	-1.37920374921481	-2.45453336856259	-2.07845629077207	-1.19470827121336	-1.88620065014701	-1.76837104302457	0.270896622890697	0.213650455125501	0.429433264055064	0.245363767133737	1.05455288046555	-2.09633542720089	0.0366182247422255
ASV_1498_16S	-0.601770626024627	-0.521705272318928	-0.69332279194082	-0.73284919276685	-0.70761238217833	-0.990498528567833	-1.04328435460892	0.103877525829196	0.416801888715097	0.0776300764361171	-1.37920374921481	-2.45453336856259	-2.07845629077207	0.191586089906533	-0.787588361478899	-1.76837104302457	0.425047302717955	0.395972011919455	0.490057885871499	-0.0170004973337536	0.649087772357384	1.03915878872826	-0.774311991474103
ASV_1508_16S	-0.601770626024627	-0.521705272318928	-0.69332279194082	-0.73284919276685	-0.70761238217833	-0.990498528567833	-1.04328435460892	0.902385222046967	0.989321081486427	-2.22495501655793	-1.37920374921481	-2.45453336856259	-2.07845629077207	1.40267636200133	-1.88620065014701	-1.76837104302457	-1.52086284633736	-0.00949309618870897	-3.03630263874466	-2.3195855903278	0.81339082364866	-2.09633542720089	-2.16060635259399
ASV_1507_16S	-0.601770626024627	-0.521705272318928	-0.69332279194082	-0.73284919276685	-0.70761238217833	-0.990498528567833	-1.04328435460892	0.209238041487022	0.791495338156507	-0.433195547329874	-1.37920374921481	-2.45453336856259	0.91727598278192	1.22882943219835	-1.88620065014701	-1.76837104302457	-1.52086284633736	-0.414958204296874	-0.956861097064827	-0.373675441272486	-0.891357268589765	-2.09633542720089	-2.16060635259399
ASV_1516_16S	-0.601770626024627	-0.521705272318928	-0.69332279194082	-0.73284919276685	-0.70761238217833	-0.990498528567833	-1.04328435460892	-2.09334705150702	1.2960513489089	-0.433195547329874	-1.37920374921481	-2.45453336856259	-2.07845629077207	1.14984102087972	-1.88620065014701	-1.76837104302457	-1.52086284633736	-2.49439974597671	0.547216299711447	-2.3195855903278	0.0894719844219614	-2.09633542720089	-2.16060635259399
ASV_1521_16S	-0.601770626024627	-0.521705272318928	-0.69332279194082	-0.73284919276685	-0.70761238217833	-0.990498528567833	-1.04328435460892	-2.09334705150702	-2.67424056464322	-2.22495501655793	-1.37920374921481	-2.45453336856259	-2.07845629077207	0.73058259063922	-1.88620065014701	-1.76837104302457	-1.52086284633736	-2.49439974597671	-3.03630263874466	1.17692197113868	1.88123145365002	2.2474699946528	-2.16060635259399
ASV_1523_16S	-0.601770626024627	-0.521705272318928	-0.69332279194082	-0.73284919276685	-0.70761238217833	-0.990498528567833	3.11559872875076	-2.09334705150702	-2.67424056464322	-2.22495501655793	1.56523522995163	1.55279981666988	-2.07845629077207	-3.14061842026867	2.19133679375871	1.89519060310507	-1.52086284633736	-2.49439974597671	-3.03630263874466	-2.3195855903278	-2.68311673781782	-2.09633542720089	-2.16060635259399
ASV_1534_16S	-0.601770626024627	-0.521705272318928	-0.69332279194082	-0.73284919276685	-0.70761238217833	-0.990498528567833	-1.04328435460892	-2.09334705150702	-0.728330415587906	-2.22495501655793	-1.37920374921481	-2.45453336856259	1.09959753957587	0.414729641220743	1.64015987446915	-1.76837104302457	-1.52086284633736	-2.49439974597671	-0.203089294688446	-2.3195855903278	0.494937092530126	-2.09633542720089	1.05826947227421
ASV_1543_16S	-0.601770626024627	-0.521705272318928	-0.69332279194082	-0.73284919276685	-0.70761238217833	-0.990498528567833	-1.04328435460892	1.62022501519728	-0.109291207181683	0.483095184544281	-1.37920374921481	-2.45453336856259	-2.07845629077207	0.117478117752811	-1.88620065014701	-1.76837104302457	-1.52086284633736	-2.49439974597671	-0.471353281283126	-2.3195855903278	-2.68311673781782	-2.09633542720089	-2.16060635259399
ASV_1541_16S	-0.601770626024627	-0.521705272318928	-0.69332279194082	-0.73284919276685	-0.70761238217833	-0.990498528567833	-1.04328435460892	-2.09334705150702	-2.67424056464322	-0.279044867502616	-1.37920374921481	-2.45453336856259	-2.07845629077207	-3.14061842026867	-1.88620065014701	-1.76837104302457	-1.52086284633736	-2.49439974597671	0.0547398146136535	1.11440161415735	1.18808427309007	-2.09633542720089	-2.16060635259399
ASV_1551_16S	-0.601770626024627	-0.521705272318928	-0.69332279194082	-0.73284919276685	-0.70761238217833	-0.990498528567833	-1.04328435460892	1.75680055020303	0.726956817018936	1.60368637993117	-1.37920374921481	-2.45453336856259	-2.07845629077207	0.355889141197809	-1.88620065014701	-1.76837104302457	-1.52086284633736	-0.00949309618870897	0.429433264055064	-2.3195855903278	-2.68311673781782	-2.09633542720089	-2.16060635259399
ASV_1556_16S	-0.601770626024627	-0.521705272318928	-0.69332279194082	-0.73284919276685	-0.70761238217833	-0.990498528567833	-1.04328435460892	0.614703149595186	0.544635260224981	-0.0277304392217093	-1.37920374921481	-2.45453336856259	0.486493066689465	0.884733270466479	-1.88620065014701	-1.76837104302457	-1.52086284633736	0.450039233189731	0.652576815369274	-2.3195855903278	-2.68311673781782	-2.09633542720089	-2.16060635259399
ASV_1560_16S	-0.601770626024627	-0.521705272318928	-0.69332279194082	-0.73284919276685	-0.70761238217833	-0.990498528567833	-1.04328435460892	-2.09334705150702	0.503813265704726	-2.22495501655793	-1.37920374921481	-2.45453336856259	-2.07845629077207	1.07888928490744	-1.88620065014701	-1.76837104302457	-1.52086284633736	0.0705496114848274	-0.145930880848498	0.319471739287459	0.81339082364866	0.542721902414371	0.141978740400052
ASV_1561_16S	-0.601770626024627	-0.521705272318928	-0.69332279194082	-0.73284919276685	-0.70761238217833	-0.990498528567833	-1.04328435460892	-2.09334705150702	0.0338096364589906	-2.22495501655793	-1.37920374921481	-2.45453336856259	-2.07845629077207	1.31372887598484	-1.88620065014701	-1.76837104302457	-1.52086284633736	0.338813598079507	0.259534227259667	0.0783096824705711	0.361405699905603	-2.09633542720089	-2.16060635259399
ASV_1563_16S	-0.601770626024627	-0.521705272318928	-0.69332279194082	-0.73284919276685	-0.70761238217833	-0.990498528567833	-1.04328435460892	1.16474948651446	0.158972779412997	-2.22495501655793	-1.37920374921481	-2.45453336856259	-2.07845629077207	-0.14488614671468	-1.88620065014701	-1.76837104302457	-1.52086284633736	1.0891191924794	0.895522993979663	0.319471739287459	0.927801174826405	-2.09633542720089	-2.16060635259399
ASV_1566_16S	-0.601770626024627	-0.521705272318928	-0.69332279194082	-0.73284919276685	-0.70761238217833	-0.990498528567833	-1.04328435460892	-2.09334705150702	1.01463888947072	-2.22495501655793	-1.37920374921481	-2.45453336856259	1.17964024724941	-3.14061842026867	-1.88620065014701	-1.76837104302457	1.8803345353248	1.84940567587697	0.547216299711447	0.97625127567653	-2.68311673781782	-2.09633542720089	-2.16060635259399
ASV_1565_16S	-0.601770626024627	-0.521705272318928	-0.69332279194082	-0.73284919276685	-0.70761238217833	-0.990498528567833	-1.04328435460892	1.08470677884092	0.791495338156507	0.866087436800387	-1.37920374921481	-2.45453336856259	0.69413243146771	0.0782574045995297	-1.88620065014701	-1.76837104302457	-1.52086284633736	0.213650455125501	0.397684565740484	-2.3195855903278	-0.4858921604816	-2.09633542720089	-2.16060635259399
ASV_1569_16S	-0.601770626024627	-0.521705272318928	-0.69332279194082	-0.73284919276685	-0.70761238217833	-0.990498528567833	-1.04328435460892	1.08470677884092	0.216131193252945	0.608258327498287	-1.37920374921481	1.25903869814172	-2.07845629077207	-3.14061842026867	-1.88620065014701	-1.76837104302457	1.04408651112418	-2.49439974597671	-3.03630263874466	-2.3195855903278	-2.68311673781782	-2.09633542720089	-2.16060635259399
ASV_1571_16S	-0.601770626024627	-0.521705272318928	-0.69332279194082	-0.73284919276685	-0.70761238217833	-0.990498528567833	-1.04328435460892	0.545710278108234	0.881107496846194	-0.615517104123829	-1.37920374921481	-2.45453336856259	0.486493066689465	0.97025544390464	-1.88620065014701	-1.76837104302457	-1.52086284633736	-0.884961833542609	0.00821979897876046	-2.3195855903278	-0.4858921604816	-2.09633542720089	-2.16060635259399
ASV_1576_16S	-0.601770626024627	-0.521705272318928	-0.69332279194082	-0.73284919276685	-0.70761238217833	-0.990498528567833	-1.04328435460892	-2.09334705150702	0.822266996823261	-2.22495501655793	-1.37920374921481	-2.45453336856259	1.09959753957587	0.191586089906533	0.31102392718921	-1.76837104302457	-1.52086284633736	-2.49439974597671	-0.145930880848498	-2.3195855903278	-0.4858921604816	-2.09633542720089	-2.16060635259399
ASV_1577_16S	-0.601770626024627	-0.521705272318928	-0.69332279194082	-0.73284919276685	-0.70761238217833	-0.990498528567833	-1.04328435460892	-2.09334705150702	0.726956817018936	-2.22495501655793	-1.37920374921481	-2.45453336856259	-2.07845629077207	0.810625298312757	-1.88620065014701	-1.76837104302457	-1.52086284633736	-0.548489596921396	0.519045422744751	0.513627753728417	0.45237747811133	-2.09633542720089	-2.16060635259399
ASV_1578_16S	-0.601770626024627	-0.521705272318928	-0.69332279194082	-0.73284919276685	-0.70761238217833	-0.990498528567833	-1.04328435460892	-2.09334705150702	-2.67424056464322	-2.22495501655793	-1.37920374921481	0.489905610603854	-2.07845629077207	0.355889141197809	-1.88620065014701	-1.76837104302457	-1.52086284633736	1.00210781548977	-3.03630263874466	-2.3195855903278	-2.68311673781782	-2.09633542720089	1.84672683263848
ASV_1581_16S	-0.601770626024627	-0.521705272318928	-0.69332279194082	-0.73284919276685	-0.70761238217833	-0.990498528567833	-1.04328435460892	-2.09334705150702	-0.0351832350279611	0.483095184544281	-1.37920374921481	-2.45453336856259	0.486493066689465	1.30203283622165	-1.88620065014701	-1.76837104302457	-1.52086284633736	-2.49439974597671	0.00821979897876046	-2.3195855903278	-0.285221465019449	-2.09633542720089	-2.16060635259399
ASV_1584_16S	-0.601770626024627	-0.521705272318928	-0.69332279194082	2.63444663721962	3.33543888565622	1.95394045059861	1.03615718707092	-2.09334705150702	-2.67424056464322	-2.22495501655793	0.566706399840502	0.0303732812254136	-2.07845629077207	-3.14061842026867	0.821849550955201	-1.76837104302457	-1.52086284633736	-2.49439974597671	-3.03630263874466	-2.3195855903278	-2.68311673781782	-2.09633542720089	-2.16060635259399
ASV_1587_16S	-0.601770626024627	-0.521705272318928	-0.69332279194082	-0.73284919276685	-0.70761238217833	-0.990498528567833	-1.04328435460892	-2.09334705150702	-2.67424056464322	0.339994340903608	-1.37920374921481	0.378679975493629	-2.07845629077207	-3.14061842026867	0.752856679468249	1.63282633863758	-1.52086284633736	0.683654084371236	-0.263713916504881	-2.3195855903278	-2.68311673781782	-2.09633542720089	0.783832626572446
ASV_1589_16S	-0.601770626024627	-0.521705272318928	-0.69332279194082	-0.73284919276685	-0.70761238217833	-0.990498528567833	-1.04328435460892	-2.09334705150702	0.90927837381289	-2.22495501655793	-1.37920374921481	-2.45453336856259	-2.07845629077207	-0.0495759669103548	-1.88620065014701	-1.76837104302457	-1.52086284633736	-2.49439974597671	-0.145930880848498	-2.3195855903278	1.10107289610044	0.899396846353103	-2.16060635259399
ASV_1593_16S	-0.601770626024627	-0.521705272318928	-0.69332279194082	-0.73284919276685	-0.70761238217833	-0.990498528567833	-1.04328435460892	-2.09334705150702	0.936677348001005	-2.22495501655793	-1.37920374921481	-2.45453336856259	-2.07845629077207	-3.14061842026867	-1.88620065014701	-1.76837104302457	-1.52086284633736	1.39742055213392	0.460204922721818	-2.3195855903278	-0.4858921604816	-2.09633542720089	-2.16060635259399
ASV_1633_16S	-0.601770626024627	-0.521705272318928	-0.69332279194082	-0.73284919276685	-0.70761238217833	-0.990498528567833	-1.04328435460892	-2.09334705150702	-2.67424056464322	-2.22495501655793	-1.37920374921481	-2.45453336856259	-2.07845629077207	0.0782574045995297	-1.88620065014701	-1.76837104302457	-1.52086284633736	0.450039233189731	-0.263713916504881	-2.3195855903278	0.0249334632843903	-2.09633542720089	1.52827310151994
ASV_1631_16S	-0.601770626024627	-0.521705272318928	-0.69332279194082	-0.73284919276685	-0.70761238217833	-0.990498528567833	-1.04328435460892	2.08104021838861	1.03933150206109	-2.22495501655793	-1.37920374921481	-2.45453336856259	1.68274382492149	0.155218445735658	-1.88620065014701	-1.76837104302457	-1.52086284633736	-2.49439974597671	-3.03630263874466	-2.3195855903278	-2.68311673781782	-2.09633542720089	-2.16060635259399
ASV_1632_16S	-0.601770626024627	-0.521705272318928	-0.69332279194082	-0.73284919276685	-0.70761238217833	-0.990498528567833	-1.04328435460892	0.951175386216399	0.583855973378263	-2.22495501655793	-1.37920374921481	-2.45453336856259	-2.07845629077207	0.191586089906533	-1.88620065014701	-1.76837104302457	-1.52086284633736	-0.414958204296874	0.0991915771844871	1.04771023965867	-2.68311673781782	-2.09633542720089	-2.16060635259399
ASV_1636_16S	-0.601770626024627	-0.521705272318928	-0.69332279194082	-0.73284919276685	-0.70761238217833	-0.990498528567833	-1.04328435460892	-2.09334705150702	-2.67424056464322	-2.22495501655793	-1.37920374921481	-2.45453336856259	-2.07845629077207	-3.14061842026867	-1.88620065014701	1.56383346715063	1.69801297853084	-2.49439974597671	1.4635070315856	-2.3195855903278	-2.68311673781782	0.676253295038894	0.0366182247422255
ASV_1645_16S	-0.601770626024627	-0.521705272318928	-0.69332279194082	-0.73284919276685	-0.70761238217833	-0.990498528567833	-1.04328435460892	-2.09334705150702	-2.67424056464322	-2.22495501655793	-1.37920374921481	-0.257308791226367	0.224128802221975	0.548261033845265	-1.88620065014701	-1.76837104302457	-1.52086284633736	1.37680126493118	0.259534227259667	-2.3195855903278	-2.68311673781782	-2.09633542720089	-2.16060635259399
ASV_1644_16S	-0.601770626024627	-0.521705272318928	-0.69332279194082	-0.73284919276685	-0.70761238217833	-0.990498528567833	-1.04328435460892	-2.09334705150702	0.270198414523221	-2.22495501655793	-1.37920374921481	-2.45453336856259	-2.07845629077207	1.09348808432859	-1.88620065014701	-1.76837104302457	-1.52086284633736	0.683654084371236	0.813844962965396	-2.3195855903278	-2.68311673781782	-2.09633542720089	-2.16060635259399
ASV_1643_16S	-0.601770626024627	-0.521705272318928	-0.69332279194082	-0.73284919276685	-0.70761238217833	-0.990498528567833	-1.04328435460892	-2.09334705150702	-2.67424056464322	-2.22495501655793	1.4540095948414	-0.375091826882751	-2.07845629077207	-0.0495759669103548	0.752856679468249	1.56383346715063	-1.52086284633736	-0.414958204296874	-0.471353281283126	-2.3195855903278	-0.380531644823774	0.468613930260649	0.478450977021264
ASV_1648_16S	-0.601770626024627	-0.521705272318928	-0.69332279194082	-0.73284919276685	-0.70761238217833	-0.990498528567833	-1.04328435460892	-0.301587582278969	-0.189333914855219	-2.22495501655793	-1.37920374921481	-2.45453336856259	0.865982688394369	0.414729641220743	-1.88620065014701	-1.76837104302457	-1.52086284633736	0.763696792044773	0.0991915771844871	-2.3195855903278	-2.68311673781782	-2.09633542720089	-2.16060635259399
ASV_1657_16S	-0.601770626024627	-0.521705272318928	-0.69332279194082	-0.73284919276685	-0.70761238217833	-0.990498528567833	-1.04328435460892	-2.09334705150702	-2.67424056464322	-2.22495501655793	-1.37920374921481	1.4166676423453	-2.07845629077207	-3.14061842026867	1.8273714165573	1.92050841108936	-1.52086284633736	1.43742588674762	-3.03630263874466	-2.3195855903278	-2.68311673781782	-2.09633542720089	1.45031156005023
ASV_1658_16S	-0.601770626024627	-0.521705272318928	-0.69332279194082	-0.73284919276685	-0.70761238217833	-0.990498528567833	-1.04328435460892	2.38398976297118	-2.67424056464322	0.866087436800387	-1.37920374921481	-2.45453336856259	-2.07845629077207	-3.14061842026867	-1.88620065014701	-1.76837104302457	-1.52086284633736	0.971336156823017	-0.0918636595782223	-2.3195855903278	0.407925715540496	-2.09633542720089	-2.16060635259399
ASV_1676_16S	-0.601770626024627	-0.521705272318928	-0.69332279194082	-0.73284919276685	-0.70761238217833	-0.990498528567833	-1.04328435460892	-0.301587582278969	0.46125365128593	-2.22495501655793	-1.37920374921481	-2.45453336856259	1.72820619899825	-0.36802969802889	-1.88620065014701	-1.76837104302457	-1.52086284633736	-2.49439974597671	-3.03630263874466	-2.3195855903278	1.50653800420861	-0.150425278145574	-2.16060635259399
ASV_1687_16S	-0.601770626024627	-0.521705272318928	-0.69332279194082	-0.73284919276685	-0.70761238217833	2.22837729630037	-1.04328435460892	-2.09334705150702	-2.67424056464322	-2.22495501655793	1.10570290057319	1.15638454408164	0.319438982026299	-0.7427231474703	0.752856679468249	1.06484230103164	-1.52086284633736	1.51293343925576	-0.145930880848498	-2.3195855903278	-2.68311673781782	-2.09633542720089	-2.16060635259399
ASV_1686_16S	-0.601770626024627	-0.521705272318928	-0.69332279194082	-0.73284919276685	-0.70761238217833	-0.990498528567833	-1.04328435460892	-2.09334705150702	-1.28794620352333	-2.22495501655793	-1.37920374921481	-0.257308791226367	0.865982688394369	0.414729641220743	-1.88620065014701	-1.76837104302457	-1.52086284633736	-2.49439974597671	0.574615273899562	-2.3195855903278	-0.4858921604816	-2.09633542720089	-2.16060635259399
ASV_1693_16S	-0.601770626024627	-0.521705272318928	-0.69332279194082	2.26288308078714	3.12102901431076	-0.990498528567833	2.42245154819081	-2.09334705150702	-2.67424056464322	-2.22495501655793	-1.37920374921481	1.23434608555135	-2.07845629077207	-3.14061842026867	2.04562498257732	1.32267141033374	-1.52086284633736	-2.49439974597671	-3.03630263874466	-2.3195855903278	-2.68311673781782	-2.09633542720089	-2.16060635259399
ASV_1697_16S	-0.601770626024627	-0.521705272318928	-0.69332279194082	-0.73284919276685	-0.70761238217833	-0.990498528567833	-1.04328435460892	-2.09334705150702	-2.67424056464322	-2.22495501655793	-1.37920374921481	-2.45453336856259	-2.07845629077207	0.496967739457715	-1.88620065014701	-1.76837104302457	-1.52086284633736	-2.49439974597671	0.627259007384984	0.453003131911982	1.10107289610044	1.75381217450917	-2.16060635259399
ASV_1695_16S	-0.601770626024627	-0.521705272318928	-0.69332279194082	-0.73284919276685	-0.70761238217833	-0.990498528567833	-1.04328435460892	-2.09334705150702	0.90927837381289	-2.22495501655793	-1.37920374921481	-2.45453336856259	-2.07845629077207	-3.14061842026867	-1.88620065014701	-1.76837104302457	-1.52086284633736	1.00210781548977	-0.0918636595782223	-2.3195855903278	-2.68311673781782	0.948187010522536	1.20668947739248
ASV_1696_16S	-0.601770626024627	-0.521705272318928	-0.69332279194082	-0.73284919276685	-0.70761238217833	-0.990498528567833	-1.04328435460892	-2.09334705150702	0.90927837381289	-2.22495501655793	-1.37920374921481	1.62300407534313	-2.07845629077207	0.191586089906533	-1.88620065014701	-1.76837104302457	-1.52086284633736	0.971336156823017	-0.328252437642452	-2.3195855903278	-2.68311673781782	-2.09633542720089	-2.16060635259399
ASV_1706_16S	-0.601770626024627	-0.521705272318928	-0.69332279194082	-0.73284919276685	-0.70761238217833	-0.990498528567833	-1.04328435460892	1.08470677884092	0.0983481575965617	-0.615517104123829	-1.37920374921481	-0.375091826882751	0.224128802221975	0.325117482531056	-1.88620065014701	-1.76837104302457	-1.52086284633736	0.80143712002762	-0.397245309129404	-2.3195855903278	-2.68311673781782	-2.09633542720089	-2.16060635259399
ASV_1707_16S	-0.601770626024627	-0.521705272318928	-0.69332279194082	-0.73284919276685	-0.70761238217833	-0.990498528567833	-1.04328435460892	-2.09334705150702	0.0983481575965617	-2.22495501655793	-1.37920374921481	-2.45453336856259	1.9288768944604	1.03376884962697	-1.88620065014701	-1.76837104302457	-1.52086284633736	-2.49439974597671	-0.0918636595782223	-2.3195855903278	-0.118167380356283	-2.09633542720089	-2.16060635259399
ASV_1705_16S	-0.601770626024627	-0.521705272318928	-0.69332279194082	-0.73284919276685	-0.70761238217833	-0.990498528567833	-1.04328435460892	-2.09334705150702	-2.67424056464322	0.547633705681852	-1.37920374921481	-2.45453336856259	-2.07845629077207	-3.14061842026867	-1.88620065014701	-1.76837104302457	-1.52086284633736	1.31226274379361	0.0991915771844871	-0.12236101299158	0.150096606238396	-2.09633542720089	-2.16060635259399
ASV_1716_16S	-0.601770626024627	-0.521705272318928	-0.69332279194082	-0.73284919276685	-0.70761238217833	-0.990498528567833	-1.04328435460892	-2.09334705150702	0.370281873080204	-2.22495501655793	-1.37920374921481	-2.45453336856259	0.754757053284145	0.771404585159475	-1.88620065014701	-1.76837104302457	-1.52086284633736	-2.49439974597671	0.792338757744433	-2.3195855903278	0.45237747811133	-2.09633542720089	-2.16060635259399
ASV_1720_16S	-0.601770626024627	-0.521705272318928	-0.69332279194082	-0.73284919276685	-0.70761238217833	-0.990498528567833	-1.04328435460892	-2.09334705150702	0.0983481575965617	-2.22495501655793	-1.37920374921481	-2.45453336856259	1.17964024724941	0.64357121364959	-1.88620065014701	-1.76837104302457	-1.52086284633736	-0.29717516864049	0.397684565740484	-2.3195855903278	-2.68311673781782	-2.09633542720089	-2.16060635259399
ASV_1728_16S	-0.601770626024627	-0.521705272318928	-0.69332279194082	-0.73284919276685	-0.70761238217833	-0.990498528567833	-1.04328435460892	-2.09334705150702	-2.67424056464322	-2.22495501655793	-1.37920374921481	-2.45453336856259	-2.07845629077207	-0.943393842932451	0.193240891532827	-1.76837104302457	-0.134568485217468	0.450039233189731	-1.93769035007655	-0.710147677893699	1.18808427309007	1.61723663950342	1.33590120887249
ASV_1727_16S	-0.601770626024627	-0.521705272318928	-0.69332279194082	-0.73284919276685	-0.70761238217833	-0.990498528567833	-1.04328435460892	1.30785033015513	-2.67424056464322	1.48861705014638	-1.37920374921481	-0.662773899334532	-2.07845629077207	-3.14061842026867	1.64015987446915	-1.76837104302457	1.18718735476485	-0.414958204296874	-3.03630263874466	-2.3195855903278	-2.68311673781782	-2.09633542720089	-2.16060635259399
ASV_1732_16S	-0.601770626024627	-0.521705272318928	-0.69332279194082	-0.73284919276685	-0.70761238217833	2.3053383374365	0.902625794446397	-2.09334705150702	0.0983481575965617	0.0776300764361171	-1.37920374921481	0.184523961052672	-2.07845629077207	-1.34885895104062	-1.19305346958706	0.0233884262034809	1.1181944832779	-0.00949309618870897	-0.471353281283126	-2.3195855903278	-2.68311673781782	-2.09633542720089	-2.16060635259399
ASV_1734_16S	-0.601770626024627	-0.521705272318928	-0.69332279194082	-0.73284919276685	-0.70761238217833	-0.990498528567833	-1.04328435460892	-2.09334705150702	-2.67424056464322	-2.22495501655793	-1.37920374921481	-2.45453336856259	-2.07845629077207	0.260578961393485	-1.88620065014701	-1.76837104302457	1.73723369168412	1.28978988794155	0.182573186123538	-2.3195855903278	-2.68311673781782	-2.09633542720089	-2.16060635259399
ASV_1748_16S	-0.601770626024627	-0.521705272318928	-0.69332279194082	-0.73284919276685	-0.70761238217833	-0.990498528567833	-1.04328435460892	-2.09334705150702	-0.276345291844849	-2.22495501655793	-1.37920374921481	-2.45453336856259	-0.286696821544016	0.709529181441388	-1.88620065014701	-1.76837104302457	-1.52086284633736	-2.49439974597671	-0.0405703651906717	0.453003131911982	0.45237747811133	-2.09633542720089	-2.16060635259399
ASV_1747_16S	-0.601770626024627	-0.521705272318928	-0.69332279194082	-0.73284919276685	-0.70761238217833	-0.990498528567833	-1.04328435460892	-2.09334705150702	0.544635260224981	-2.22495501655793	-1.37920374921481	-2.45453336856259	1.17964024724941	0.829673493283451	-1.88620065014701	-1.76837104302457	-1.52086284633736	-2.49439974597671	0.7248974769489	-2.3195855903278	-2.68311673781782	-2.09633542720089	-2.16060635259399
ASV_1753_16S	-0.601770626024627	-0.521705272318928	0.692971569179071	2.79351133184931	0.390999906489779	-0.297351348007888	0.566153557825184	-2.09334705150702	-2.67424056464322	-2.22495501655793	-1.37920374921481	-1.35592107989448	-2.07845629077207	-3.14061842026867	0.059709498908304	-0.669758754356464	-1.52086284633736	-2.49439974597671	-3.03630263874466	-2.3195855903278	-2.68311673781782	1.48718351125522	1.89983665795243
ASV_1759_16S	-0.601770626024627	-0.521705272318928	-0.69332279194082	-0.73284919276685	-0.70761238217833	-0.990498528567833	-1.04328435460892	-0.0139055098271883	1.06342905364015	-2.22495501655793	-1.37920374921481	-2.45453336856259	-2.07845629077207	-3.14061842026867	-1.88620065014701	-1.76837104302457	-1.52086284633736	-2.49439974597671	-3.03630263874466	0.319471739287459	1.1235457519525	-2.09633542720089	-2.16060635259399
ASV_1769_16S	-0.601770626024627	-0.521705272318928	-0.69332279194082	-0.73284919276685	-0.70761238217833	-0.990498528567833	-1.04328435460892	-2.09334705150702	0.370281873080204	0.993920808310272	-1.37920374921481	-2.45453336856259	0.406450359015929	-3.14061842026867	-1.88620065014701	-1.76837104302457	-1.52086284633736	0.450039233189731	-3.03630263874466	0.319471739287459	0.494937092530126	1.36940047559884	-2.16060635259399
ASV_1774_16S	-0.601770626024627	-0.521705272318928	-0.69332279194082	-0.73284919276685	-0.70761238217833	-0.990498528567833	-1.04328435460892	-2.09334705150702	0.936677348001005	-2.22495501655793	-1.37920374921481	-2.45453336856259	-2.07845629077207	0.155218445735658	-1.88620065014701	-1.76837104302457	-1.52086284633736	-2.49439974597671	0.875720366683483	-2.3195855903278	-0.0440594082025614	-2.09633542720089	-2.16060635259399
ASV_1777_16S	-0.601770626024627	-0.521705272318928	-0.69332279194082	-0.73284919276685	-0.70761238217833	-0.990498528567833	-1.04328435460892	-2.09334705150702	0.852119959972942	-2.22495501655793	-1.37920374921481	-2.45453336856259	-2.07845629077207	0.688022976220424	-1.88620065014701	-1.76837104302457	-1.52086284633736	-2.49439974597671	0.0547398146136535	0.97625127567653	0.612720128186509	0.542721902414371	-2.16060635259399
ASV_1781_16S	-0.601770626024627	-0.521705272318928	-0.69332279194082	-0.73284919276685	-0.70761238217833	-0.990498528567833	-1.04328435460892	-2.09334705150702	-0.371655471649174	-0.615517104123829	-1.37920374921481	-2.45453336856259	-0.469018378337971	-0.0960959825452479	-1.88620065014701	-1.76837104302457	-1.52086284633736	-2.49439974597671	0.364894742917493	-0.12236101299158	0.361405699905603	0.100889150135332	-2.16060635259399
ASV_1795_16S	-0.601770626024627	-0.521705272318928	-0.69332279194082	-0.73284919276685	-0.70761238217833	-0.990498528567833	-1.04328435460892	1.16474948651446	-2.67424056464322	0.172940256240442	-1.37920374921481	0.636509084795729	-2.07845629077207	0.0374354100792749	-1.88620065014701	-1.76837104302457	-1.52086284633736	0.395972011919455	-0.145930880848498	-2.3195855903278	-2.68311673781782	-2.09633542720089	-2.16060635259399
ASV_1804_16S	-0.601770626024627	-0.521705272318928	-0.69332279194082	-0.73284919276685	-0.70761238217833	-0.990498528567833	-1.04328435460892	-2.09334705150702	0.726956817018936	-2.22495501655793	-1.37920374921481	-2.45453336856259	1.01258616258624	-3.14061842026867	0.678748707314528	-1.76837104302457	-1.52086284633736	-2.49439974597671	-0.145930880848498	0.624853388838641	0.612720128186509	-2.09633542720089	-0.551168440159894
ASV_1801_16S	-0.601770626024627	-0.521705272318928	0.916115120493281	-0.73284919276685	-0.70761238217833	-0.990498528567833	-1.04328435460892	-2.09334705150702	-2.67424056464322	-2.22495501655793	0.412555720013244	1.04197419290389	-2.07845629077207	-3.14061842026867	0.598705999640991	0.716535606763426	1.47486942721663	1.0609483155127	0.00821979897876046	-2.3195855903278	-2.68311673781782	-2.09633542720089	1.09749018542749
ASV_1820_16S	-0.601770626024627	-0.521705272318928	-0.69332279194082	-0.73284919276685	-0.70761238217833	-0.990498528567833	1.1539402227273	-2.09334705150702	-2.67424056464322	-2.22495501655793	2.11730381225167	0.435838389333578	-2.07845629077207	-3.14061842026867	0.947012693909207	1.69736485977515	-1.52086284633736	-2.49439974597671	-3.03630263874466	-2.3195855903278	-2.68311673781782	-2.09633542720089	-2.16060635259399
ASV_1825_16S	-0.601770626024627	-0.521705272318928	-0.69332279194082	-0.73284919276685	-0.70761238217833	-0.990498528567833	-1.04328435460892	-2.09334705150702	-2.67424056464322	-2.22495501655793	-1.37920374921481	-2.45453336856259	-2.07845629077207	-0.65571177048067	-1.88620065014701	-0.158933130590474	1.1181944832779	0.395972011919455	0.295901871430541	-2.3195855903278	0.750870466667326	-2.09633542720089	-2.16060635259399
ASV_1851_16S	-0.601770626024627	-0.521705272318928	-0.69332279194082	-0.73284919276685	-0.70761238217833	-0.990498528567833	-1.04328435460892	-2.09334705150702	-2.67424056464322	-2.22495501655793	-1.37920374921481	1.80814650847873	0.224128802221975	-3.14061842026867	-1.88620065014701	1.52746582297976	0.964043803450642	-2.49439974597671	-0.551395988956662	-2.3195855903278	-2.68311673781782	-2.09633542720089	-2.16060635259399
ASV_1858_16S	-0.601770626024627	-0.521705272318928	-0.69332279194082	-0.73284919276685	-0.70761238217833	-0.990498528567833	-1.04328435460892	-2.09334705150702	0.544635260224981	-2.22495501655793	-1.37920374921481	-2.45453336856259	-2.07845629077207	1.12206145677264	-1.88620065014701	-1.76837104302457	-1.52086284633736	0.64109446995244	0.364894742917493	-2.3195855903278	-2.68311673781782	-2.09633542720089	-2.16060635259399
ASV_1855_16S	-0.601770626024627	-0.521705272318928	-0.69332279194082	-0.73284919276685	-0.70761238217833	-0.990498528567833	-1.04328435460892	1.54423910821936	0.583855973378263	1.0708818494464	-1.37920374921481	-2.45453336856259	-2.07845629077207	0.414729641220743	-1.88620065014701	-1.76837104302457	-1.52086284633736	0.596642707381607	-2.34315545818472	-2.3195855903278	-1.98996955725787	-2.09633542720089	-2.16060635259399
ASV_1869_16S	-0.601770626024627	-0.521705272318928	-0.69332279194082	-0.73284919276685	-0.70761238217833	-0.990498528567833	-1.04328435460892	-2.09334705150702	0.0983481575965617	-2.22495501655793	-1.37920374921481	-2.45453336856259	-2.07845629077207	1.06407419912229	-1.88620065014701	-1.76837104302457	-1.52086284633736	-2.49439974597671	0.22179389927682	-2.3195855903278	0.361405699905603	-2.09633542720089	-2.16060635259399
ASV_1881_16S	-0.601770626024627	-0.521705272318928	-0.69332279194082	-0.73284919276685	-0.70761238217833	-0.990498528567833	-1.04328435460892	-2.09334705150702	-0.0351832350279611	-2.22495501655793	-1.37920374921481	-2.45453336856259	-2.07845629077207	0.260578961393485	-1.88620065014701	-1.76837104302457	-1.52086284633736	-1.10810538485682	-0.638407365946292	-0.240144048647964	-0.118167380356283	-1.40318824664094	1.13523051341034
ASV_1894_16S	-0.601770626024627	-0.521705272318928	-0.69332279194082	-0.73284919276685	-0.70761238217833	-0.990498528567833	-1.04328435460892	-2.09334705150702	0.62159630136111	-2.22495501655793	-1.37920374921481	-2.45453336856259	0.754757053284145	0.597051198014698	-1.88620065014701	-1.76837104302457	-1.52086284633736	-0.29717516864049	-0.145930880848498	-2.3195855903278	-0.0440594082025614	0.206249665793159	-2.16060635259399
ASV_1921_16S	-0.601770626024627	-0.521705272318928	-0.69332279194082	-0.73284919276685	-0.70761238217833	-0.990498528567833	-1.04328435460892	0.471602305954513	0.503813265704726	-2.22495501655793	-1.37920374921481	-2.45453336856259	-0.286696821544016	-0.575669062807134	-1.88620065014701	-1.76837104302457	-1.52086284633736	0.724476078891491	0.460204922721818	-2.3195855903278	-0.4858921604816	-2.09633542720089	-2.16060635259399
ASV_1930_16S	-0.601770626024627	-0.521705272318928	-0.69332279194082	-0.73284919276685	-0.70761238217833	-0.990498528567833	-1.04328435460892	-2.09334705150702	0.370281873080204	-2.22495501655793	-1.37920374921481	-2.45453336856259	-2.07845629077207	0.0782574045995297	-1.88620065014701	-1.76837104302457	-1.52086284633736	-0.191814652982663	-0.203089294688446	0.453003131911982	0.494937092530126	-2.09633542720089	-2.16060635259399
ASV_1934_16S	-0.601770626024627	-0.521705272318928	-0.69332279194082	-0.73284919276685	-0.70761238217833	-0.990498528567833	-1.04328435460892	-2.09334705150702	-2.67424056464322	-2.22495501655793	-1.37920374921481	-2.45453336856259	-2.07845629077207	-0.00512420433952121	-1.88620065014701	-1.76837104302457	-1.52086284633736	-2.49439974597671	-0.956861097064827	0.676146683226191	0.649087772357384	-2.09633542720089	1.24059102906816
ASV_1949_16S	-0.601770626024627	-0.521705272318928	-0.69332279194082	-0.73284919276685	-0.70761238217833	-0.990498528567833	-1.04328435460892	-2.09334705150702	-2.67424056464322	-2.22495501655793	-1.37920374921481	-0.845095456128486	-2.07845629077207	-0.65571177048067	-1.88620065014701	-1.76837104302457	0.425047302717955	-2.49439974597671	-3.03630263874466	0.245363767133737	-2.68311673781782	-2.09633542720089	2.65157800277842
ASV_1971_16S	-0.601770626024627	-0.521705272318928	-0.69332279194082	-0.73284919276685	-0.70761238217833	-0.990498528567833	-1.04328435460892	-2.09334705150702	0.657963945531984	0.172940256240442	-1.37920374921481	-2.45453336856259	-2.07845629077207	-0.65571177048067	-0.787588361478899	-1.76837104302457	1.36950891155881	0.338813598079507	-0.839078061408443	0.319471739287459	-0.0440594082025614	-0.0168938855210516	-2.16060635259399
ASV_1986_16S	-0.601770626024627	-0.521705272318928	-0.69332279194082	-0.73284919276685	-0.70761238217833	-0.990498528567833	-1.04328435460892	0.391559598280976	-2.67424056464322	-2.22495501655793	-1.37920374921481	-2.45453336856259	0.406450359015929	0.751201877841956	-1.88620065014701	-1.76837104302457	-1.52086284633736	-2.49439974597671	0.627259007384984	0.771456863030517	0.684179092168654	-2.09633542720089	-2.16060635259399
ASV_1994_16S	-0.601770626024627	-0.521705272318928	-0.69332279194082	-0.73284919276685	-0.70761238217833	-0.990498528567833	-1.04328435460892	2.54138193672261	-2.67424056464322	-2.22495501655793	-1.37920374921481	-2.45453336856259	-0.132546141716758	-3.14061842026867	-1.88620065014701	-1.76837104302457	-1.52086284633736	0.213650455125501	-0.0405703651906717	0.165321059460201	0.0249334632843903	-2.09633542720089	-2.16060635259399
ASV_1999_16S	-0.601770626024627	-0.521705272318928	-0.69332279194082	-0.73284919276685	-0.70761238217833	-0.990498528567833	-1.04328435460892	1.49017188694909	0.822266996823261	0.953098813790017	-1.37920374921481	-2.45453336856259	-2.07845629077207	0.751201877841956	-1.88620065014701	-1.76837104302457	-1.52086284633736	-2.49439974597671	-3.03630263874466	-2.3195855903278	-2.68311673781782	-2.09633542720089	-2.16060635259399
ASV_2010_16S	-0.601770626024627	-0.521705272318928	-0.69332279194082	-0.73284919276685	-0.70761238217833	-0.990498528567833	-1.04328435460892	-2.09334705150702	-2.67424056464322	-2.22495501655793	2.02199363244734	1.79396187348677	-2.07845629077207	-3.14061842026867	-1.88620065014701	0.534214049969472	-1.52086284633736	-2.49439974597671	-3.03630263874466	-0.12236101299158	-2.68311673781782	-2.09633542720089	-2.16060635259399
ASV_2009_16S	-0.601770626024627	-0.521705272318928	-0.69332279194082	-0.73284919276685	-0.70761238217833	-0.990498528567833	-1.04328435460892	1.04214716442213	1.1324219251271	-2.22495501655793	-1.37920374921481	-2.45453336856259	-2.07845629077207	-0.14488614671468	-1.88620065014701	-1.76837104302457	-1.52086284633736	-2.49439974597671	0.0991915771844871	-0.12236101299158	-2.68311673781782	-2.09633542720089	-2.16060635259399
ASV_2014_16S	-0.601770626024627	-0.521705272318928	-0.69332279194082	-0.73284919276685	-0.70761238217833	-0.990498528567833	-1.04328435460892	-2.09334705150702	0.370281873080204	-2.22495501655793	-1.37920374921481	0.541198904991404	-2.07845629077207	0.414729641220743	-1.88620065014701	1.00421767921521	-1.52086284633736	0.144657583638549	-3.03630263874466	-2.3195855903278	-2.68311673781782	-2.09633542720089	-2.16060635259399
ASV_2023_16S	-0.601770626024627	-0.521705272318928	-0.69332279194082	-0.73284919276685	-0.70761238217833	-0.990498528567833	-1.04328435460892	0.79702470638914	-0.594799022963384	0.547633705681852	-1.37920374921481	-2.45453336856259	-2.07845629077207	0.0374354100792749	-1.88620065014701	-1.76837104302457	-1.52086284633736	-0.00949309618870897	0.895522993979663	-2.3195855903278	-2.68311673781782	-2.09633542720089	-2.16060635259399
ASV_2030_16S	-0.601770626024627	-0.521705272318928	-0.69332279194082	-0.73284919276685	-0.70761238217833	-0.990498528567833	-1.04328435460892	0.209238041487022	-2.67424056464322	-2.22495501655793	-1.37920374921481	0.435838389333578	0.629593910330139	-0.0495759669103548	-1.88620065014701	-1.76837104302457	-1.52086284633736	-0.00949309618870897	-0.397245309129404	-2.3195855903278	-2.68311673781782	0.736877916855329	-2.16060635259399
ASV_2057_16S	-0.601770626024627	-0.521705272318928	-0.69332279194082	-0.73284919276685	-0.70761238217833	-0.990498528567833	-1.04328435460892	0.304548221291347	-2.67424056464322	-2.22495501655793	-1.37920374921481	-2.45453336856259	0.754757053284145	0.496967739457715	-1.88620065014701	-1.76837104302457	-1.52086284633736	-2.49439974597671	0.519045422744751	0.165321059460201	0.361405699905603	-2.09633542720089	-2.16060635259399
ASV_2068_16S	-0.601770626024627	-0.521705272318928	-0.69332279194082	-0.73284919276685	-0.70761238217833	-0.990498528567833	-1.04328435460892	1.04214716442213	-2.67424056464322	-2.22495501655793	-1.37920374921481	-2.45453336856259	1.41805127069441	-0.0495759669103548	-1.88620065014701	-1.76837104302457	-1.52086284633736	0.724476078891491	0.141751191603283	-2.3195855903278	-0.603675196137984	-0.150425278145574	-2.16060635259399
ASV_2083_16S	-0.601770626024627	-0.521705272318928	-0.69332279194082	-0.73284919276685	-0.70761238217833	-0.990498528567833	-1.04328435460892	-2.09334705150702	0.90927837381289	-2.22495501655793	-1.37920374921481	-2.45453336856259	-2.07845629077207	1.06407419912229	-1.88620065014701	-1.76837104302457	-1.52086284633736	-2.49439974597671	-0.145930880848498	-2.3195855903278	-0.118167380356283	-2.09633542720089	-2.16060635259399
ASV_2084_16S	-0.601770626024627	-0.521705272318928	-0.69332279194082	-0.73284919276685	-0.70761238217833	-0.990498528567833	-1.04328435460892	-2.09334705150702	-2.67424056464322	-2.22495501655793	-1.37920374921481	1.07182715605357	1.25374821940313	0.496967739457715	-1.88620065014701	-1.76837104302457	1.81134166383785	-2.49439974597671	-3.03630263874466	1.08161179133436	-2.68311673781782	-2.09633542720089	-2.16060635259399
ASV_2079_16S	-0.601770626024627	-0.521705272318928	-0.69332279194082	-0.73284919276685	-0.70761238217833	-0.990498528567833	-1.04328435460892	-0.0139055098271883	0.0983481575965617	-0.145513474878093	-1.37920374921481	-2.45453336856259	0.118768286564148	1.018264663091	-1.88620065014701	-1.76837104302457	-1.52086284633736	-0.414958204296874	-0.839078061408443	-2.3195855903278	-2.68311673781782	-2.09633542720089	-2.16060635259399
ASV_2093_16S	-0.601770626024627	-0.521705272318928	-0.69332279194082	-0.73284919276685	-0.70761238217833	-0.990498528567833	-1.04328435460892	-2.09334705150702	-2.67424056464322	-2.22495501655793	-1.37920374921481	-2.45453336856259	-2.07845629077207	1.29019837857464	-1.88620065014701	-1.76837104302457	-1.52086284633736	-2.49439974597671	0.295901871430541	0.0783096824705711	0.81339082364866	-2.09633542720089	-2.16060635259399
ASV_2085_16S	-0.601770626024627	-0.521705272318928	-0.69332279194082	-0.73284919276685	-0.70761238217833	-0.990498528567833	-1.04328435460892	-2.09334705150702	0.0983481575965617	-2.22495501655793	-1.37920374921481	-2.45453336856259	-2.07845629077207	0.522943225860975	-1.88620065014701	-1.76837104302457	-1.52086284633736	0.338813598079507	0.460204922721818	-2.3195855903278	-2.68311673781782	-2.09633542720089	-2.16060635259399
ASV_2102_16S	-0.601770626024627	-0.521705272318928	-0.69332279194082	-0.73284919276685	-0.70761238217833	-0.990498528567833	-1.04328435460892	-2.09334705150702	-2.67424056464322	-2.22495501655793	-1.37920374921481	-2.45453336856259	-2.07845629077207	0.155218445735658	-1.88620065014701	-1.76837104302457	-1.52086284633736	0.596642707381607	0.182573186123538	0.165321059460201	0.407925715540496	-2.09633542720089	0.974887863335156
ASV_2127_16S	-0.601770626024627	-0.521705272318928	-0.69332279194082	-0.73284919276685	-0.70761238217833	-0.990498528567833	-1.04328435460892	-2.09334705150702	-0.0351832350279611	0.172940256240442	-1.37920374921481	-2.45453336856259	-2.07845629077207	0.97025544390464	-1.88620065014701	-1.76837104302457	-1.52086284633736	-2.49439974597671	-3.03630263874466	-2.3195855903278	0.0894719844219614	-0.304575957972832	-2.16060635259399
ASV_2155_16S	-0.601770626024627	-0.521705272318928	-0.69332279194082	-0.73284919276685	-0.70761238217833	-0.990498528567833	-1.04328435460892	0.209238041487022	-2.67424056464322	-2.22495501655793	-1.37920374921481	-2.45453336856259	1.01258616258624	1.20318700158501	-1.88620065014701	-1.76837104302457	-1.52086284633736	0.338813598079507	-3.03630263874466	-2.3195855903278	-2.68311673781782	-2.09633542720089	-2.16060635259399
ASV_2170_16S	-0.601770626024627	-0.521705272318928	-0.69332279194082	-0.73284919276685	-0.70761238217833	-0.990498528567833	-1.04328435460892	-2.09334705150702	-2.67424056464322	1.20903218792722	-1.37920374921481	-2.45453336856259	-2.07845629077207	0.64357121364959	-1.88620065014701	-1.76837104302457	-1.52086284633736	-2.49439974597671	-3.03630263874466	-2.3195855903278	0.927801174826405	1.43002509741527	-2.16060635259399
ASV_2181_16S	-0.601770626024627	-0.521705272318928	-0.69332279194082	-0.73284919276685	-0.70761238217833	-0.990498528567833	-1.04328435460892	-2.09334705150702	-2.67424056464322	-2.22495501655793	-1.37920374921481	-2.45453336856259	-2.07845629077207	0.260578961393485	-1.88620065014701	-1.76837104302457	-1.52086284633736	0.450039233189731	0.295901871430541	-2.3195855903278	0.535759087050381	0.994707026157429	-2.16060635259399
ASV_2185_16S	-0.601770626024627	-0.521705272318928	-0.69332279194082	-0.73284919276685	-0.70761238217833	-0.990498528567833	-1.04328435460892	1.16474948651446	-2.67424056464322	-2.22495501655793	-1.37920374921481	-2.45453336856259	-2.07845629077207	-3.14061842026867	1.05823832901943	1.12200071487159	-1.52086284633736	0.80143712002762	-3.03630263874466	-2.3195855903278	-2.68311673781782	-2.09633542720089	0.783832626572446
ASV_2186_16S	-0.601770626024627	-0.521705272318928	-0.69332279194082	-0.73284919276685	-0.70761238217833	-0.990498528567833	-1.04328435460892	-2.09334705150702	-2.67424056464322	0.719483962608511	-1.37920374921481	-2.45453336856259	0.966066146951352	0.73058259063922	-1.88620065014701	-1.76837104302457	-1.52086284633736	1.16916190015294	-3.03630263874466	-2.3195855903278	-2.68311673781782	-2.09633542720089	-2.16060635259399
ASV_2226_16S	-0.601770626024627	-0.521705272318928	-0.69332279194082	-0.73284919276685	-0.70761238217833	-0.990498528567833	-1.04328435460892	0.79702470638914	-2.67424056464322	1.14234081342855	-1.37920374921481	-2.45453336856259	1.21738057523226	-3.14061842026867	-1.88620065014701	-1.76837104302457	-1.52086284633736	1.03196077863945	-3.03630263874466	-2.3195855903278	-2.68311673781782	-2.09633542720089	-2.16060635259399
ASV_2243_16S	-0.601770626024627	-0.521705272318928	-0.69332279194082	-0.73284919276685	-0.70761238217833	-0.990498528567833	-1.04328435460892	-2.09334705150702	-2.67424056464322	-2.22495501655793	-1.37920374921481	0.11041598889895	-2.07845629077207	0.496967739457715	-1.88620065014701	-1.76837104302457	-1.52086284633736	0.872896084009765	-3.03630263874466	-2.3195855903278	0.843243786798342	0.468613930260649	-2.16060635259399
ASV_2304_16S	-0.601770626024627	-0.521705272318928	-0.69332279194082	-0.73284919276685	-0.70761238217833	-0.990498528567833	-1.04328435460892	-2.09334705150702	0.0983481575965617	-2.22495501655793	-1.37920374921481	-2.45453336856259	-2.07845629077207	0.688022976220424	-1.88620065014701	-1.76837104302457	-1.52086284633736	-0.0965044731783387	-0.145930880848498	-2.3195855903278	0.26132224134862	-2.09633542720089	-2.16060635259399
ASV_2371_16S	-0.601770626024627	-0.521705272318928	-0.69332279194082	-0.73284919276685	-0.70761238217833	-0.990498528567833	-1.04328435460892	-2.09334705150702	-2.67424056464322	-2.22495501655793	-1.37920374921481	-2.45453336856259	-2.07845629077207	1.09348808432859	-1.88620065014701	-1.76837104302457	-1.52086284633736	-2.49439974597671	-1.24454316951661	-0.0170004973337536	0.0249334632843903	0.206249665793159	-2.16060635259399
ASV_2653_16S	-0.601770626024627	-0.521705272318928	-0.69332279194082	-0.73284919276685	-0.70761238217833	-0.990498528567833	-1.04328435460892	-2.09334705150702	-2.67424056464322	-2.22495501655793	-1.37920374921481	-2.45453336856259	-2.07845629077207	0.64357121364959	-1.88620065014701	-1.76837104302457	-1.52086284633736	-2.49439974597671	-0.203089294688446	-2.3195855903278	0.782619164981907	0.388571222587113	-2.16060635259399
