ASV	EA.20130423	EA.20130604	EA.20130625	EA.20131127	EA.20131230	EA.20140415	EA.20140514	EA.20140930	EA.20141029	EA.20150227	EA.20150328	EA.20150516	EA.20150627	EA.20150801	EA.20150829	EA.20151006	EA.20151208	EA.20160225	EA.20160322	EA.20160502	EA.20160611	EA.20160822
ASV_1_16S	7.36179047700576	6.78789379422413	6.0255193616842	7.64912057556166	7.15721257875511	6.69742285352864	6.53177147850347	7.07784686872925	6.9287822766741	6.95252796710736	6.75948176793157	7.29590003101735	6.87405658141266	6.44032133526863	6.97923265133744	6.95490099189928	7.84750796359818	6.70825236671521	7.02409790251869	6.27389562772729	7.53268768702792	6.96908652145273
ASV_3_16S	4.49258353030164	5.24515989899322	5.0062806605576	5.00430286135443	5.50435422697628	4.90258171776318	4.05322559527728	4.4729077865624	5.04209872803261	4.3926937103126	4.5222840410906	4.25830282872724	4.36472116178554	5.20485887082318	5.17908246330584	4.4116021218224	5.69845562797443	4.93499202687989	4.62888272928677	5.51024745747858	5.06909607814901	4.43322372517499
ASV_4_16S	-1.45283707830494	-2.44283726739979	-3.07612159336865	0.320437028417997	-2.2376136728444	1.27461101673624	-1.16171016233171	-0.305569085123433	1.08446521135242	-0.885420948917922	-2.25763786638165	-3.02032611359344	1.39519126062557	1.82587611389479	1.50126395655133	1.43528793412551	2.43955252988772	-1.03371553310547	-2.26375891188532	-3.12987108077495	0.58352876453429	-2.19216864283297
ASV_7_16S	4.24089506049776	5.25564552048115	4.9285779171809	4.74976462370984	4.83055832754364	5.30750991310677	3.95628365008505	4.59341816188396	5.15292200262239	4.3240652039235	4.86844940691747	5.12115492786398	4.58087871582859	5.14911195408724	5.48504932820636	4.59283376025233	4.81883963021253	4.44274801882604	4.24649942863783	4.55307208910334	4.32336054582215	4.7879072977288
ASV_8_16S	4.31235402447991	4.16110655720068	4.01562052172651	5.05773136733313	5.25737256110613	4.11846275899751	3.52963771989743	4.20444475538107	4.11941819805969	4.34032572479528	4.23308566812085	3.56169902529938	3.55864639540844	4.12846120688884	4.21992433676555	4.23942501410022	5.51489707960101	4.42160558225223	4.0479758972676	4.3656708631093	4.03207226679364	3.7765389171524
ASV_9_16S	1.31975164393484	2.01151002885371	2.64419018323877	2.62302212141204	1.61253392886566	-0.0246719673940228	1.5463400387705	1.56029835625834	1.98733292289443	1.82262925218429	1.00045867163983	2.33626016107857	1.37193439846131	2.27579298457379	2.40952251672822	2.17844553526012	1.50205959036296	2.26212133289886	0.680680067281121	1.81888880960322	3.62805120225771	1.79681540373131
ASV_10_16S	4.68920032728242	4.49058575833092	3.71285014962352	4.62618988573589	5.12693334141124	4.61436273254682	4.00307581159181	3.6690675130327	3.77909239212248	4.39778277982007	4.20850685785596	4.2423024873808	3.78889804562519	3.7554192854859	3.40038194409988	3.89640967889007	4.79126073195189	4.19203114060773	4.46486970119938	4.808217646122	4.29931567156815	3.84091757896584
ASV_11_16S	5.76313792434653	4.65553837119099	4.22704845786815	2.08044779933147	5.49519385757762	4.8462754556578	3.24500908493254	3.36780618245454	6.18433163917661	5.09092996038001	4.69317690206093	3.82235716864498	3.22823238882693	4.11703251106522	4.45617423558506	5.23508933351589	5.79056016702602	2.7039540851779	3.20430122924981	3.71707205881043	3.57926103808828	5.32535220777007
ASV_13_16S	5.15381310789328	4.93179174781915	4.69198878515734	4.93741225985585	4.54344395309178	4.72507944740518	4.39897146868382	5.04409926645571	4.73944311379067	4.1897528663159	5.04553218485515	5.15606548304035	4.88855910208739	4.6854762131242	4.89038875697921	5.36711356684984	5.09249897166364	4.40436377581772	4.77414705156186	4.29905611402732	4.2330056707822	5.41967375674745
ASV_14_16S	4.47940810914307	4.45889993925678	4.05557691709827	4.34801837448042	5.40154749881477	4.65848753745576	4.42927681817915	4.48448347852029	5.44628913870878	4.93466198143444	3.92030624766895	5.16530277755416	4.80288093165653	4.77746649421886	5.21092594984779	4.50987878259182	5.13067708010658	4.49173740602631	4.81962893573998	4.78438119796749	4.92260044973777	4.52805151230233
ASV_15_16S	5.09967080872965	4.19179609046189	4.04270465569343	5.27008305088782	4.43946978840273	4.15822599216952	3.93815626549249	4.88310510397478	4.51845241583756	4.22656683943862	4.92090761738205	4.92381137752067	5.05016916306383	4.32582064104733	4.84483222537684	4.96390834670911	5.37177139771938	3.93609776647053	4.78809671107057	4.49474790538445	4.70182656777888	4.85795387743609
ASV_16_16S	-1.45283707830494	3.62327082270395	2.49982750977767	0.112797663639753	-0.0403890955081829	1.2120906597549	1.72866159556446	3.11593356269947	2.72022043210389	-0.885420948917922	-2.25763786638165	3.19428198482875	0.821103440081618	2.26119418515264	2.8673556103537	2.87767176189645	-2.52329210037219	-1.03371553310547	3.23340931340788	-0.239499322878789	3.0531679421915	1.36317941865645
ASV_19_16S	3.87988171496043	3.38020862808323	3.60347759247574	5.22432195256737	4.51231752094417	2.8900912436263	3.94423531156887	4.60934568858006	4.36787955735819	4.3240652039235	5.3679572057508	3.59439948661032	4.49455842386992	4.17073669003708	4.6419620003555	4.71966335661084	4.88341862980545	4.04145828212835	4.99112589819202	3.79670595244777	3.77288215013617	4.11956616631995
ASV_22_16S	4.19965210196371	4.15703323181304	4.15226685820496	5.08261096321575	5.4058692342328	4.19320041444135	3.39216672926883	4.49782124372641	4.91744500944011	4.50820659743444	4.54141799567714	4.31726162994515	3.94409749324654	5.12507432760183	5.19014341066526	3.92019458391351	5.20247934121576	4.2990032601599	4.44065544307879	4.42236620678585	4.3125026758501	5.49169533742346
ASV_23_16S	3.78360488452501	2.85548009914824	3.42516807717174	4.74153412457333	3.58246925750796	3.98467938199469	2.70949084857618	3.65010268497373	5.00709839589258	5.45317312928526	5.3708797601934	4.71072703041368	4.24383597429507	3.8100074757703	2.98286849747554	3.15622135078495	4.07248841358912	3.6106753660359	3.41982085545336	5.3419062471108	4.10721191137973	4.96322765906377
ASV_24_16S	2.91661077416208	3.46795937664073	3.96529007042616	3.81883673803652	3.14688138994469	3.7645554605542	4.43300121727013	4.514091940592	4.25973739873848	3.34868555567934	4.6339880306706	3.95134249113235	4.52467042082496	4.99918385085348	4.78817219181135	4.90262511829221	3.80106686200912	4.36896184876681	4.11466727176627	5.20867379921363	4.96555539920817	5.36791182218886
ASV_26_16S	4.62938183207151	3.76776280962486	3.60849013429928	4.25103641941908	4.20333286778852	4.17002056866236	3.70582428812387	4.18565684151544	4.32183561885678	4.04183273623928	4.43444587612497	4.97295621450815	4.16490228303774	3.63267346048739	4.06621331401286	4.05399303489187	4.45957065109675	4.14243419946836	4.47439358271064	4.27501649484117	4.73385259449829	3.7967927740569
ASV_27_16S	1.76603874656326	2.56110903854567	2.09436240166951	-2.45215169382178	1.47595839385991	1.82115472310431	1.61087855990807	1.92527210301177	2.87622468058047	3.0848709646342	1.73134618018262	2.41775319532975	2.43867147859897	2.41113433244355	2.78219780201339	1.62187388970592	1.14026954575746	-1.03371553310547	2.05372920165099	2.2361049342469	3.04544589609759	1.86827436771345
ASV_29_16S	-1.45283707830494	1.29483235088358	5.15658441649233	6.95021301040974	6.1278259633443	1.07394032127409	-1.16171016233171	-2.87051844258497	-1.6235849897498	-0.885420948917922	-2.25763786638165	-3.02032611359344	-3.07071685802901	-1.95831352002347	-1.71761186831687	-2.22827371200413	-2.52329210037219	-1.03371553310547	-2.26375891188532	-3.12987108077495	-1.81436650826408	-2.19216864283297
ASV_31_16S	4.65641050445943	3.92363318033165	3.19486683848965	4.86771323598719	4.45198559633456	4.06223761634056	3.8011344679282	4.20105492162656	4.34512257023557	4.3349348761604	4.81563185107806	4.58705531204635	4.20514774251752	3.82242999576886	3.98283170507381	3.84246401599836	4.638329902567	4.63271115500696	4.94632071628547	3.75256639022289	4.24709041066394	4.05973524033292
ASV_35_16S	1.31975164393484	0.390376076656424	0.479226468120768	1.33203794009648	1.22812222995532	0.668475213165922	0.224584198788182	1.53620080467928	1.01547233986546	2.69809798953819	1.54902462338867	0.563192824862666	1.32373229664343	2.10212949052295	1.50126395655133	1.20571349248101	1.68140051901878	1.96201674044852	1.68748480669611	0.801954551949373	1.48147035774025	1.10366822317136
ASV_38_16S	4.08842646685349	4.30709392638878	4.03457452961018	4.5176389760798	3.41487550742425	4.57269003614626	4.50817076064881	3.51298819229904	3.97112638985204	3.3042337931085	4.62889377614886	4.0306633334746	4.43202135272584	3.92779051142669	4.06004045490578	4.62818827259045	4.40720266557944	3.71987465800089	3.9016589423461	4.37231540582797	3.98775186711298	5.17301148318805
ASV_39_16S	3.79943634974169	2.66915052095675	3.39776910298363	5.03670126191168	3.55539993553974	3.83254280153913	2.91582728157401	3.21625628432734	4.30334103622062	2.96472665279214	3.75362930802251	3.74355879496899	4.8005943452944	3.388794010694	4.39828025716616	4.23319446434958	5.40186541185251	4.9272898065178	4.79069074624762	4.61556452949943	2.88611385752834	4.01642138326366
ASV_40_16S	-1.45283707830494	-2.44283726739979	-3.07612159336865	-2.45215169382178	0.80690876487902	0.996979280137958	-1.16171016233171	0.958122953904126	2.22656261196026	1.3118036284183	-2.25763786638165	-0.0245938400394534	1.10367041186663	1.53819404144301	-1.71761186831687	0.0743113809899119	1.94261601828239	-1.03371553310547	-2.26375891188532	-3.12987108077495	-1.81436650826408	-2.19216864283297
ASV_41_16S	-1.45283707830494	0.265212933702418	2.39614908030283	-2.45215169382178	-2.2376136728444	-2.22189654473024	-1.16171016233171	2.49077372312446	-1.6235849897498	-0.885420948917922	-2.25763786638165	-3.02032611359344	0.800484152878882	3.69066071813774	4.01896042916232	2.62375655191548	-2.52329210037219	-1.03371553310547	-2.26375891188532	-3.12987108077495	-1.81436650826408	-2.19216864283297
ASV_43_16S	3.91780094982273	3.21664494835983	3.59591135209242	4.72486707208812	4.72841051426171	3.38390552156576	-1.16171016233171	4.2393610204873	4.52488330616785	4.15800416800132	3.5916869135652	3.35128573363841	3.71374020460863	5.1158032961739	4.47065225476572	3.80000480822656	4.83298777617856	3.8260968712562	4.29017449214049	3.97673505695235	3.15544679131192	4.99548852128199
ASV_46_16S	3.21060201580713	2.20155363174158	2.97125058567763	3.36495946614142	2.56640737188885	2.80198397611603	3.48268073680966	3.98278065060111	3.0949138815453	3.24171343612717	3.92444704033498	4.02719110776385	3.424548697908	4.81819347234872	3.71173376063757	4.84584310419323	2.1952067709229	3.33573231936155	3.60553800124846	3.9254417625648	3.4326575638964	3.39508001556728
ASV_48_16S	4.11931695387283	3.61160207886958	4.26859746078103	4.35909268477951	3.56147898161612	4.57380923044327	3.75094472340434	4.29342824175758	4.0497382774217	3.13993074181723	3.54145478807887	3.28777232791609	3.74820720724651	4.40298895754953	3.77955635697633	4.64902235949329	4.74003751710465	3.68478333818962	3.1434128595748	4.53588235108675	4.1845700536826	3.33328429629882
ASV_49_16S	3.67112690109832	3.81099154417568	3.48490907252793	2.55848360027447	1.22812222995532	3.58323842418625	3.1557779512046	3.66327039534837	3.25921693283658	1.41716414407612	4.62991470528296	4.11695232366694	4.0529559271756	3.89675840217896	4.4435954533782	4.93257219466017	2.7700127243523	3.22896434393584	3.44666810548955	3.58065202867747	2.93922368284228	4.80907697923651
ASV_53_16S	3.8354299523896	4.80139024820356	4.89461879663845	1.1854344659046	-0.0403890955081829	3.74425019439345	3.44346002365638	3.64715283032731	2.77086416492264	0.906338520310133	1.1435595152805	3.79201898058403	4.61498620320554	3.97922268505896	3.17273725990488	1.64292729890376	0.567750352986127	-1.03371553310547	3.19156220347238	3.09666558851251	3.32143192878618	3.57615235296081
ASV_55_16S	3.96769792096735	3.22012321273615	3.76442493592004	3.501091640466	1.75137037371987	3.45485725753804	2.57595945595166	4.3864842645071	3.48236048415079	3.0464046838064	2.73957440738246	3.75503997734295	4.95545333691742	4.57256410770242	3.24523276194303	4.16865594321201	3.60793438911095	2.99163615762968	4.22392510659929	3.60353081106241	4.32767089732327	4.46327170753468
ASV_56_16S	2.90387174838465	3.09449699961874	3.63804893654083	2.7948723783387	2.46286669294801	2.69808438109788	3.46326265095256	2.88205419624066	3.13858894504796	-0.885420948917922	3.64225948720084	3.43014430855073	4.23043094782702	3.71500974714803	4.40048532972447	3.73273162761914	2.64719189466596	2.9552685134588	3.97846435356985	4.23277418964287	4.78414252035043	3.70223419143189
ASV_58_16S	-1.45283707830494	-2.44283726739979	-3.07612159336865	-0.0542564210234135	0.940440157503543	1.38902136791398	1.03551441500451	0.740399470059255	-1.6235849897498	3.80592693331122	3.76580972657938	2.92509449501313	2.69760413776476	-1.95831352002347	-1.71761186831687	-2.22827371200413	-2.52329210037219	-1.03371553310547	-0.317848762830006	-3.12987108077495	-1.81436650826408	0.98588518751498
ASV_62_16S	4.43604088002794	3.4920569282198	3.54528405839549	3.72786495983079	3.29972059417413	3.84884118327225	3.57448828606279	4.20697961098426	3.41984012716945	3.24171343612717	3.67989833870077	4.1153612334347	3.9854584260714	3.22907228581729	3.63897440635514	3.93714414222729	3.92401376216902	3.54099544539791	4.05520920186112	3.72448342148007	3.95395448752969	3.41363342346303
ASV_67_16S	2.92918955636894	2.80943616064684	3.27998606732725	4.30011868231996	2.13183417962262	2.63013371918937	1.03551441500451	3.44302960369213	1.98733292289443	2.05901803024852	2.98938620577883	2.72267707421604	1.32373229664343	0.606635837438069	2.42552285807466	2.97573297507266	3.22928053845344	1.73887318913431	2.33136093824927	-3.12987108077495	2.32876821812745	1.5920209910853
ASV_68_16S	3.46714384752319	3.1629647988962	2.33105017809147	3.21427499429065	3.66774817521017	3.21618276419295	2.77011547039262	2.07112398002433	2.51954973664174	2.82815111778639	2.99985750564613	2.79975681675892	2.30456154965516	2.6266539586471	2.25268004523525	2.49022515929096	3.55892681000426	2.79492586338362	3.20851176178616	3.25700823858769	2.94780742653368	2.67536580762262
ASV_69_16S	3.3429534672918	3.01674824674437	2.92033049525038	3.97109526971174	3.67588933279387	3.17626615678751	3.70582428812387	4.0550767545255	4.03589722600983	3.1750220616285	4.12248467051811	3.35469870623465	4.07526760968538	3.92500886846481	3.1186700386346	3.21846365966218	4.15630708547219	3.21477970894389	3.61956347660296	3.87591793847855	3.2732298269683	4.39813240536372
ASV_70_16S	4.68704747392132	3.30016592040969	3.16220303167086	2.39203539263681	3.89795121823734	3.96636757835235	3.98578431448174	3.77846610743981	3.86121194374086	3.65787383335208	4.14095706815355	3.61035727204893	2.4467360384357	2.72381770710075	3.27960040544724	3.38485439438394	4.76904507580169	3.71121659525778	4.98260916821714	3.3046754380125	2.71823298488918	2.81846665126329
ASV_72_16S	3.02449973617327	3.47874115224402	2.88488374625463	3.31303940896306	3.7906648473863	3.65022124474517	2.01634366801624	3.00159934689045	3.45158882548403	3.40503849223047	3.39133637177955	3.49882117434695	2.87731813115164	3.35489245901832	3.65766653936729	2.29351486504491	3.53816481855583	2.57720237953875	3.34204315441068	3.13922520293131	3.0219153986874	3.1596894906431
ASV_77_16S	4.04433114698826	3.40936521237468	2.63761121214072	3.8522971086002	2.64518824974197	1.80345514600491	2.13412670367262	4.17264147340337	1.67225187625453	2.37267558910356	4.1376237317338	2.76963405730381	4.76209065849586	1.93350677808716	3.38225455950732	2.53390022279362	3.80285737278291	2.01080690461795	4.81458266767235	3.11235218468021	1.8232196514623	0.446888686782293
ASV_79_16S	3.88949717365987	2.9416577953893	3.4834936441246	4.08018259840057	3.28783926628738	3.43409526608961	3.92588617290067	3.52641121263118	3.59677083532853	3.49660568575596	3.85604431345058	3.3996688145537	3.18311195354646	3.26743315368973	4.21728232730271	3.81435912167825	3.36835211145358	3.00933573472908	3.4061220110952	2.89840743945574	3.24187929708423	3.60388910793241
ASV_80_16S	3.63475925692745	3.58302870642552	2.81552261845713	2.51766160575422	3.1514580569721	3.27527168056296	2.70949084857618	3.06172674486304	3.51807856675287	3.13993074181723	2.29623902521889	3.9485242647485	3.72722355494592	3.28871055213702	4.04757923446797	2.93651226191938	3.80285737278291	1.96201674044852	3.34936919450275	2.66922157368557	3.37859034262613	3.56673313104432
ASV_87_16S	-1.45283707830494	0.852999598604537	3.2607041377778	3.70270640019463	2.90988080396905	1.82115472310431	5.13723908452423	0.793043203544677	2.59592271542631	2.33345487595028	2.52985387640039	1.4683102561387	-0.0261944203055857	3.72866183631635	2.50189583685923	3.63251251146173	-2.52329210037219	3.02672747744095	4.77502462950322	4.83879461969128	4.08003632600077	2.82511119398196
ASV_88_16S	3.8454802882431	3.54862727970819	3.01065313354366	4.46059112667139	1.90552105354713	3.17626615678751	3.20773769013531	3.16496298993979	1.77761239191236	3.02660205651022	3.76095534811458	4.03584917050697	3.20027157382929	3.24569316705333	3.50813480539633	2.68438117373192	1.48404108486028	2.93657638044665	4.14805935582458	3.37441709276169	2.83002439087729	3.30089280050758
ASV_90_16S	-1.45283707830494	1.80565797464957	3.54528405839549	1.49909202475964	-2.2376136728444	-2.22189654473024	-1.16171016233171	3.51972222448038	2.7331238369398	-0.885420948917922	1.45593420032265	0.911499519130881	4.37994393818253	2.90922093043211	1.77889569314961	3.97020500448817	-2.52329210037219	-1.03371553310547	2.46362890682702	4.34149200741214	1.58683087339807	3.22393175937145
ASV_91_16S	3.26566179299016	2.60701873984974	1.87263829700952	1.30904842187178	1.95204106918202	2.5054912739821	2.09638637568977	2.47181580937984	2.28843801567835	-0.885420948917922	4.15089092467784	3.58361771100703	1.73330418670425	1.8028865956701	2.9073609449674	4.22219671014004	2.58265337352839	2.26212133289886	2.67788351072398	1.90708152163868	0.265075033415755	4.41583198246312
ASV_94_16S	-1.45283707830494	-2.44283726739979	-3.07612159336865	-2.45215169382178	-2.2376136728444	-2.22189654473024	-1.16171016233171	-2.87051844258497	1.51190922617935	-0.885420948917922	-2.25763786638165	-3.02032611359344	-3.07071685802901	2.35917459351284	1.74812403448285	-2.22827371200413	-2.52329210037219	-1.03371553310547	-2.26375891188532	-3.12987108077495	-1.81436650826408	0.205726629965405
ASV_95_16S	1.31975164393484	2.65091293340697	3.30060535452998	3.38557875334416	2.62219873151727	3.58022183064682	2.88134110550284	2.55882718636947	2.74586286271723	2.20562150444039	4.05772013514068	2.82611266146428	2.89286248558944	3.1354366807833	3.15758545488428	3.06503111272036	2.64719189466596	2.40027167137967	1.98473633016404	3.30146000115853	3.46883722047391	3.04957837222668
ASV_96_16S	3.99390029336137	0.776038557468408	2.49603243880912	4.19293927568386	-2.2376136728444	3.06637048596429	4.67017231495181	1.4335466506192	3.55256474282403	2.48187488106855	2.18501339010866	3.64535760418896	3.85291177010942	-1.95831352002347	-1.71761186831687	3.28111462462384	3.11861497056592	2.93657638044665	3.2853171730099	1.35876528895719	3.46883722047391	1.91870522134035
ASV_97_16S	-1.45283707830494	1.93918936727409	1.08276148999103	1.97866510502153	1.31773438864501	2.2667398250019	-1.16171016233171	0.958122953904126	-1.6235849897498	-0.885420948917922	2.66234305944647	1.83948629076823	1.45107171902003	-1.95831352002347	-1.71761186831687	1.86607085021797	1.72520314167717	-1.03371553310547	2.35136160495594	0.895480609960197	-1.81436650826408	1.63647275365613
ASV_100_16S	6.55452998967839	-2.44283726739979	-0.678226320570275	1.13136724463433	4.98129603477466	-0.275986395674929	-1.16171016233171	-2.87051844258497	-1.6235849897498	-0.885420948917922	-2.25763786638165	-3.02032611359344	-3.07071685802901	-1.95831352002347	-1.71761186831687	-2.22827371200413	-2.52329210037219	-1.03371553310547	-2.26375891188532	-3.12987108077495	-1.81436650826408	-2.19216864283297
ASV_101_16S	2.91661077416208	1.81984260964152	1.53899892347261	2.9683833054505	5.9280342524531	2.45093228973166	2.4218087761244	2.05673524257224	-1.6235849897498	-0.885420948917922	2.2532216401352	1.66180511353078	3.26787722017417	2.93203560819829	1.27812040523712	1.57838877776619	3.11149750279706	2.87830747232267	3.9016589423461	2.41920500412027	3.07598261995767	-2.19216864283297
ASV_103_16S	2.97797972053838	3.91153277339756	3.34874743053674	2.52458204859879	2.67504121289165	1.93698653862943	1.92933229102661	2.79590824552746	2.51954973664174	-0.885420948917922	1.32588107207446	4.07224760238123	2.34092919382603	2.049019665209	3.68055083320088	2.91338984449853	1.58758176380112	-1.03371553310547	2.31095206661806	1.53356801333711	2.73951038333646	3.20599405868479
ASV_104_16S	1.87936743187027	2.10045751487021	2.05967684368162	2.1225592846816	2.58266789276063	1.74839536882188	1.83402211122228	2.04213644315108	2.03997665637985	3.24171343612717	2.0190282526344	1.09054775057987	1.91288976367933	2.51902329445474	2.45677540157876	2.03440616503718	2.93629341377197	3.04382191080025	1.42512054222862	2.23142108493447	1.99229598150624	2.05632659921639
ASV_106_16S	-1.45283707830494	-0.0449419946014218	-0.080389319814655	-2.45215169382178	-2.2376136728444	1.07394032127409	-1.16171016233171	-2.87051844258497	-1.6235849897498	-0.885420948917922	2.80495716664531	-3.02032611359344	-3.07071685802901	0.874899824032749	-1.71761186831687	0.479776489098076	-2.52329210037219	-1.03371553310547	-2.26375891188532	0.271326300887202	-1.81436650826408	-2.19216864283297
ASV_107_16S	3.81502108075839	2.4916366657309	2.1968779651951	3.41714521931199	2.05284576830399	3.22052116579155	2.1704943478435	3.73883080058241	1.70861952042541	3.39124517009813	5.11573644352839	3.05731612975559	3.79933655376912	1.37389099015174	2.81498762483638	3.47883655274474	3.60793438911095	2.29848897706973	4.02595665902368	2.74505965007708	1.48147035774025	0.580420079406816
ASV_110_16S	-1.45283707830494	-2.44283726739979	0.931211591863825	2.40766071053989	2.52456026195335	1.72934717385119	-1.16171016233171	1.96576346436651	2.08998707695451	-0.885420948917922	-2.25763786638165	1.89232877214261	2.00445695720482	1.89183408168659	-1.71761186831687	1.74201820154799	2.38936278536386	-1.03371553310547	1.13743846977684	1.6150610475883	2.32876821812745	1.49671081128097
ASV_111_16S	3.24764328748748	1.16808064524443	1.74415997223639	3.84495762611215	3.47941402856182	1.4416651013994	-1.16171016233171	2.09929485699103	2.03997665637985	-0.885420948917922	2.41519096808025	1.39851449420315	1.3600999408143	-1.95831352002347	1.46044196203107	2.1661754426683	4.00466581725036	2.29848897706973	1.62806138622531	0.782151924653193	1.92330311001929	2.23864815601035
ASV_112_16S	2.30836303738862	1.58251442333536	2.20708213536934	2.24832867197063	2.22829444581018	2.39322397211102	2.1704943478435	2.80623535968331	1.81040221473535	2.25007326701123	3.64772398167292	3.70710561125741	2.02914956979519	2.13603104219863	2.2713721782474	4.05772438250473	2.57657432745201	3.07715833106784	2.7334533618788	1.72215918314466	1.79655140438014	2.8892357221515
ASV_113_16S	-1.45283707830494	-2.44283726739979	0.685078522324917	1.62538575008394	0.981262152023798	-2.22189654473024	1.5463400387705	1.58382885366854	1.67225187625453	1.51247432388045	0.514950855858127	2.21078250326114	1.8709255645803	1.8028865956701	2.04358824737669	2.3360744794637	1.71081440422507	-1.03371553310547	-0.184317370205483	-3.12987108077495	-1.81436650826408	-2.19216864283297
ASV_116_16S	3.21999175615697	3.42928052207562	3.5532416600688	3.11236871350091	3.19610833070984	2.93715875448429	2.30402574046802	3.24757875545638	3.49440882266696	2.85224866936545	2.85434992197489	3.58767451170264	2.81816110030387	3.5470180159089	4.00269990829054	3.97628405056456	3.07882672050751	2.85810476500515	2.80514529033491	2.69907453683525	3.14146054933718	3.64847301454043
ASV_117_16S	2.89096834354875	3.07862365046245	2.75576088391487	3.44774565976071	3.3645051480353	3.30355639440154	3.80810313724429	2.99311273301313	3.33224206785147	2.82815111778639	3.35183392880331	3.25443590764849	3.76015737661717	3.23464333086674	3.10266969728816	2.8086788904095	2.7899138786696	3.1251675502542	3.67113528373427	3.33315837614572	3.06843541432229	3.8017927844736
ASV_118_16S	4.22391672396334	3.1255072363613	2.96174932655349	4.00147330507091	3.16054902867335	2.8900912436263	3.08678507971765	2.96136403469855	2.6668744513986	2.44678356125728	2.47856058201284	1.90692757156376	2.52399452157283	2.39839530666612	3.09457248705554	3.54004728378964	4.51724428984377	2.973617652127	2.88373556492813	3.495521287233	3.9445352656132	3.28429490909855
ASV_120_16S	-1.45283707830494	4.04027008405741	3.48632250032507	0.0327549559662161	-2.2376136728444	2.821528572189	2.86364152840344	1.22382611963713	2.94076320171804	-0.885420948917922	0.140257406416716	1.04011689695297	3.69316805053343	3.29918185200431	2.73673542793663	1.55591592191413	0.115765229243069	-1.03371553310547	1.23274864958116	3.41547857955947	4.05493040486969	2.09829079831543
ASV_125_16S	1.91445875168154	2.83016229116395	3.568969376137	1.53683235274249	0.981262152023798	2.3319803468703	3.47301882589793	2.93461652633152	3.25161233345136	-0.885420948917922	1.1435595152805	2.84614194333985	2.95030649132052	4.20710433420795	3.65766653936729	2.78900612481079	1.65109516952345	2.05732692025284	2.98851451616131	3.66918478128384	3.48395085828396	3.76883669679031
ASV_126_16S	2.55449610692753	1.90096815445389	1.53899892347261	2.87085828531662	3.14228368069606	2.85950782025422	2.27227704215344	2.73895335259999	2.45395245415592	2.48187488106855	1.37994829334473	3.1699892922597	3.276672351627	2.63680633011112	1.89330604432735	2.37689647398396	2.43955252988772	2.65516392100846	2.44577128942701	3.15612701373391	2.29650735590923	2.90769778499123
ASV_127_16S	-1.45283707830494	-2.44283726739979	-3.07612159336865	-2.45215169382178	0.327335684617134	-2.22189654473024	-1.16171016233171	3.01558558886519	3.95236411339652	-0.885420948917922	2.37709112184798	-3.02032611359344	-3.07071685802901	-1.95831352002347	-1.71761186831687	4.95255748704042	-2.52329210037219	-1.03371553310547	-2.26375891188532	-3.12987108077495	-1.81436650826408	-2.19216864283297
ASV_128_16S	3.21060201580713	2.69882628910287	2.02982388053193	3.16461940384479	2.98274215223392	3.27936166581449	2.09638637568977	2.21707789264741	2.06529446436414	2.11031132463607	2.2749616267716	2.34096605211598	2.18677851399877	2.37241982026286	1.77889569314961	2.49911410670821	3.58817523913049	2.36748184855668	2.68500097849285	3.30146000115853	3.21607141312835	2.40295120730162
ASV_131_16S	1.98115012618021	1.65150729482231	1.17237364868071	1.55518149141069	1.45126578126953	1.6901264606979	1.61087855990807	1.20701900132075	-1.6235849897498	-0.885420948917922	0.961237958486546	2.33153201988262	2.18677851399877	2.69564683013406	2.04358824737669	-2.22827371200413	1.28337038939813	-1.03371553310547	1.26260161273084	1.23957677169207	1.4437300297574	1.79681540373131
ASV_142_16S	-1.45283707830494	-2.44283726739979	-3.07612159336865	0.43822006407438	-2.2376136728444	-2.22189654473024	-1.16171016233171	0.843053624119339	-1.6235849897498	2.33345487595028	0.0449472266123916	5.77586152187701	1.84926406779912	-1.95831352002347	0.584973224677171	-2.22827371200413	-2.52329210037219	-1.03371553310547	-2.26375891188532	-3.12987108077495	-1.81436650826408	-2.19216864283297
ASV_149_16S	3.00151021794857	2.60058784951945	2.26141648633267	3.04090974951876	3.09026249594518	3.3349315169693	3.23273899234073	2.58052001098073	3.4762814380744	3.34868555567934	2.59439239753796	2.99338904244936	2.36300514552523	2.80386041477429	2.71320493052644	1.96138103002229	2.69706372470614	3.04382191080025	3.24157262404704	2.54688272149333	2.84907258584799	2.50831172295945
ASV_155_16S	2.85122801489923	3.00820118616591	2.25659719989672	3.27469605376541	3.63168324028937	2.74791675484576	-1.16171016233171	2.01983068563678	-1.6235849897498	-0.885420948917922	2.11180998608537	1.68015425219897	1.86375707510168	2.31835259899259	-1.71761186831687	2.27153595832613	3.85852391703391	-1.03371553310547	2.79883612114165	3.11235218468021	2.81060630502019	2.17727920963406
ASV_159_16S	3.29209505005831	2.77209849020919	2.24688838576976	3.26158111168758	3.70780693576217	3.34644795903085	2.09638637568977	2.45735772620461	2.43685802079662	3.28896632097771	2.90714810754186	2.76657126777326	1.9855289473193	2.5414961503068	1.91997429140951	2.08921440153218	3.82933729594738	2.60387062662091	3.09753325382411	3.51651943407278	3.00591505734096	2.69063327975341
ASV_160_16S	2.07352344631122	1.87465084613652	1.53899892347261	2.8105384950831	2.99882828998555	1.58476594504008	-1.16171016233171	1.54832216521163	2.08998707695451	-0.885420948917922	1.85323599779166	1.04011689695297	1.11893788399742	1.65260439262076	1.71637533616827	2.1024596282822	2.98203943556017	-1.03371553310547	2.29011797971522	2.27280630109733	1.94683360742948	-2.19216864283297
ASV_163_16S	-1.45283707830494	1.61760574314663	1.76016031358283	-0.506241544766471	-2.2376136728444	1.49167552197407	-1.16171016233171	0.867151175698399	-1.6235849897498	1.3118036284183	-0.311727717326341	0.59059179905078	-0.585810208241008	-1.95831352002347	-1.71761186831687	0.0743113809899119	1.50205959036296	-1.03371553310547	2.37097007634432	-3.12987108077495	-1.81436650826408	0.446888686782293
ASV_165_16S	3.60975795472203	3.81483032048285	2.89258596661672	2.71833230121637	2.86833180105618	2.36307093394033	1.32319648745629	2.88205419624066	2.78313425751446	2.25007326701123	2.80495716664531	3.66553483347492	2.11106669226308	1.47567368446168	2.57284757283152	3.29717922712765	1.90752469847112	2.67985653359884	2.71297483053526	1.6741499639583	1.87451294584986	2.68302868036819
ASV_167_16S	3.15233310768315	2.46243751103864	2.34882842411276	2.8105384950831	2.47191652846793	2.83434926061807	3.01267710756393	3.20712380076407	3.07689537604262	2.51577643274423	2.57067587092065	2.11547232345682	2.56407274514024	3.60620688729923	3.1186700386346	2.26036265772801	2.78497559702902	2.36748184855668	3.30076149543737	2.91276175290743	2.90413236303101	2.37217954863487
ASV_171_16S	1.63820537505338	1.87465084613652	2.50360823261758	2.14296815631281	0.940440157503543	1.87244801749186	1.5463400387705	2.30563128998886	2.40176670098535	3.33408675625819	3.27179122112977	3.32881287778635	2.56407274514024	2.55254598649338	2.96451935880735	3.93924277888421	2.55811226461227	1.45119111668253	1.94093370750565	2.55370868656373	1.87451294584986	2.65201844362563
ASV_172_16S	3.87503909048464	1.93918936727409	2.8874577502498	3.45048163957958	4.76272078743083	1.58476594504008	-1.16171016233171	2.0122834800014	1.77761239191236	2.51577643274423	0.307311491079882	1.69817275770165	2.29525915699284	-1.95831352002347	3.12657521814172	1.66354658610649	4.0847085249239	2.333580296881	3.0143557473452	-3.12987108077495	2.07745378984655	0.803563630721026
ASV_173_16S	2.70604600505473	3.41794895606607	2.42513661717608	2.61044333920518	2.61441659107521	1.92123818166129	-1.16171016233171	2.32797858868086	2.30824064297453	2.54856625556722	2.37709112184798	3.61824167557308	1.90601688439157	1.56804700459269	2.61312147196946	1.74201820154799	1.03205596111722	2.333580296881	1.92589583014111	2.38758181568975	2.82036247996555	3.6219618889921
ASV_174_16S	4.31548391748883	2.28455055131255	2.21214543732589	3.65040690079178	0.595599671211814	1.76708750183403	1.67150318172451	3.50109340464689	1.46745746360852	1.06048920013739	3.50126390749563	1.29716199994287	2.9695378532484	1.17718069590568	2.06657776560139	2.1661754426683	0.249296621867592	1.91072344606097	3.60270914504798	2.92925211480684	2.13687721031735	0.943325573096184
ASV_175_16S	2.73681766372149	1.31836284829377	2.24688838576976	3.17186581236555	3.28384724501784	-2.22189654473024	-1.16171016233171	1.7738724565564	2.34670692380233	-0.885420948917922	-2.25763786638165	1.93550094400782	1.1487908471471	-1.95831352002347	2.04358824737669	1.9148610143874	3.69530801931954	-1.03371553310547	1.8137785320204	1.21393434107873	-1.81436650826408	1.86827436771345
ASV_182_16S	-1.45283707830494	2.31933666739796	1.88672303689126	2.18257729440785	2.15683548182804	3.22052116579155	-1.16171016233171	1.02130185552566	-1.6235849897498	-0.885420948917922	3.90567693765299	2.68011745979724	1.34812374976759	2.48433773646685	2.54506800872444	2.44455512245777	2.16805578185695	2.65516392100846	2.35136160495594	2.06862595049087	1.79655140438014	1.83318304790218
ASV_183_16S	2.60760593224148	2.33628622571174	2.47295449152657	2.94601100769597	3.50538951496508	2.86569979050214	2.78953355624972	2.20465537264886	2.80723180909352	2.94322044757117	2.53815267921509	2.11547232345682	2.19197333087588	2.80386041477429	2.06657776560139	1.81477755583042	2.72898132767444	2.67985653359884	3.00924064667843	3.02286161392915	2.61645029057923	2.74230529029773
ASV_184_16S	-1.45283707830494	1.99981398909052	1.84385933245948	-2.45215169382178	-2.2376136728444	2.69808438109788	-1.16171016233171	2.05673524257224	-1.6235849897498	-0.885420948917922	4.48994866044766	2.06107825139102	1.19196301901231	2.80386041477429	3.01858658007762	3.64384407747128	1.42795161820924	-1.03371553310547	2.22487745784682	2.21246317118986	-1.81436650826408	3.6686175806329
ASV_186_16S	1.25521312279727	6.07535542434953	-0.678226320570275	-2.45215169382178	-2.2376136728444	-2.22189654473024	2.50185148379794	-2.87051844258497	-1.6235849897498	-0.885420948917922	-2.25763786638165	-3.02032611359344	-3.07071685802901	-1.95831352002347	-1.71761186831687	-2.22827371200413	-2.52329210037219	-1.03371553310547	-2.26375891188532	-3.12987108077495	-1.81436650826408	-2.19216864283297
ASV_190_16S	2.9416120763675	2.66915052095675	3.12235712312366	3.54926318413937	2.5907000644579	3.0511030138335	2.64495232743861	2.54112760927007	2.9815851962383	-0.885420948917922	2.93531898450856	1.52296866867656	1.65667096068333	2.48433773646685	-1.71761186831687	3.07999398539707	3.5992007091422	3.2703495600987	2.48117321647793	2.75900687755793	2.93922368284228	2.51736155847937
ASV_191_16S	-1.45283707830494	2.77751855767853	1.94775892747763	-2.45215169382178	-2.2376136728444	1.2120906597549	-1.16171016233171	2.34441731502402	2.62491025229956	-0.885420948917922	1.65438513904649	4.82116681086657	1.17777838402035	2.23134122200296	3.63897440635514	2.9307815872104	-2.52329210037219	-1.03371553310547	-2.26375891188532	1.08963662440115	-1.81436650826408	2.27373947582162
ASV_198_16S	2.82382904071112	2.9952420415234	3.20614515352736	1.1854344659046	2.59866823410708	2.73393051287102	-1.16171016233171	2.73895335259999	2.22656261196026	-0.885420948917922	2.19670942987185	2.17817091767238	1.95316366281727	1.73056593409047	2.2897213169156	2.8021642093883	4.09277308476063	-1.03371553310547	3.68427607729533	2.66618666999042	2.74998168320375	1.39135029562314
ASV_200_16S	1.43753467959123	0.958360114262363	1.56826930577273	3.03264523966887	2.2397231416338	-2.22189654473024	1.83402211122228	1.96576346436651	1.98733292289443	2.20562150444039	0.450412334720556	0.445409789206282	2.2522931211094	1.40898230996301	1.6496839616696	3.13301845370529	2.14953673408972	2.43202036969425	2.49841502291244	1.45509639789562	1.18136576528991	2.41300154315513
ASV_201_16S	3.87988171496043	2.10045751487021	2.00528277161582	-2.45215169382178	2.75281891393433	3.53700522914704	3.30419795632287	2.02732135736594	2.28843801567835	4.01985382952051	2.28565691588835	2.99094106081072	2.56763781130474	-1.95831352002347	-1.71761186831687	-2.22827371200413	2.57657432745201	2.973617652127	4.03335040804862	2.17839661662625	2.90413236303101	-2.19216864283297
ASV_204_16S	-1.45283707830494	2.20155363174158	2.52968047292735	1.64219286840032	2.29498582030885	1.87244801749186	-1.16171016233171	2.27697603422848	-1.6235849897498	-0.885420948917922	-2.25763786638165	1.25634000542261	1.94656297878592	-1.95831352002347	-1.71761186831687	2.14117414046289	2.24739252409348	-1.03371553310547	-2.26375891188532	2.02342051372283	-1.81436650826408	1.85088262500159
ASV_205_16S	-1.45283707830494	1.52745464615233	0.291174236617828	-2.45215169382178	-2.2376136728444	0.822625892993181	-1.16171016233171	2.03475633585346	1.87292257171669	-0.885420948917922	2.92414568391043	4.23949349676974	1.53445332795908	1.50742238277626	1.89330604432735	3.6798092261648	-2.52329210037219	-1.03371553310547	2.39968018222675	0.913180187059597	-1.81436650826408	3.03357803088024
ASV_206_16S	-1.45283707830494	2.28455055131255	1.85835233976205	-2.45215169382178	-2.2376136728444	-2.22189654473024	1.67150318172451	1.2883646407747	-1.6235849897498	-0.885420948917922	-2.25763786638165	-3.02032611359344	3.00921633706658	2.06703817071168	2.4412712150428	-2.22827371200413	-2.52329210037219	-1.03371553310547	-2.26375891188532	1.83994221880105	1.99229598150624	1.99748609919346
ASV_209_16S	-1.45283707830494	2.46981761833626	2.75282402424156	-0.842713781387684	-2.2376136728444	3.31936700042818	2.73011013577892	1.08072527599646	-1.6235849897498	-0.885420948917922	-2.25763786638165	2.61088566822792	3.62136688447762	1.67927263970292	-1.71761186831687	1.53292640368943	2.17718826542023	-1.03371553310547	2.61143841131583	3.71494439843331	2.68544316206618	2.16454018385663
ASV_208_16S	3.2566931230074	1.29483235088358	1.12857102602232	3.07330124531	2.92144162637013	2.99303921287874	2.62247947158655	2.52764425893278	3.21269691720168	2.96472665279214	2.69112202399651	2.57438526600839	2.19714130103432	2.10212949052295	2.87750798181772	2.55921803077791	3.29083843145288	3.56140431702912	2.5882713520343	1.75293084181142	2.93056562009917	2.52633022846213
ASV_213_16S	3.87988171496043	2.23929395972443	1.74415997223639	1.94229746085065	2.52456026195335	3.29555635173447	2.1704943478435	2.51855328723153	2.77086416492264	2.64093957569824	2.0190282526344	2.58914568159152	1.67421527033424	2.29018172202589	1.74812403448285	1.77905947322834	3.16368325596763	3.00933573472908	3.50456208390845	2.23142108493447	2.03578109344598	1.39135029562314
ASV_216_16S	2.7215501915907	1.34135236651847	0.389614309431081	1.10319636766763	2.40677722629697	1.98279607466072	2.50185148379794	0.684829618904444	2.61052151484746	2.11031132463607	0.307311491079882	1.34912173887358	0.800484152878882	2.27579298457379	1.77889569314961	0.767458561549857	0.184758100730021	2.85810476500515	0.508829810354462	1.42400581082559	2.83002439087729	1.24181856165218
ASV_217_16S	2.49840664027649	2.36934708797262	1.80668032921772	1.51814021973034	2.40677722629697	1.70992908799408	1.14087493066234	0.93614404718535	1.14900373248999	-0.885420948917922	-2.25763786638165	0.275510752410885	0.690483257664554	-1.95831352002347	-1.71761186831687	0.767458561549857	2.29698946523285	-1.03371553310547	0.914294918462627	1.23957677169207	1.6821410532024	-2.19216864283297
ASV_219_16S	2.10251098318448	1.3858041290893	2.85346755002125	2.43819743439997	2.1812269349522	2.52303558363301	2.86364152840344	2.63886989404301	2.06529446436414	-0.885420948917922	2.94085916488417	3.01754480632869	2.13876929481241	2.67641546820617	2.93634848184065	3.30511577672339	3.48797507403197	2.10177868282368	2.39968018222675	2.11715299138553	1.94683360742948	2.78456509958761
ASV_224_16S	-1.45283707830494	2.30209486096346	1.87263829700952	2.74080515706843	2.79933892956923	2.32139823753976	-1.16171016233171	1.94166591278745	1.84215091304993	-0.885420948917922	-2.25763786638165	-3.02032611359344	1.88511019957225	-1.95831352002347	-1.71761186831687	-2.22827371200413	2.90165791710921	-1.03371553310547	-2.26375891188532	2.55370868656373	-1.81436650826408	2.05632659921639
ASV_225_16S	1.4916019008615	1.19474889232659	0.661548024914723	2.90443458085023	2.10619174900928	0.0806885482638036	-1.16171016233171	-0.231461112969711	0.455856551930041	0.500873412201969	2.35748265045961	1.28373897961073	1.20594926098705	-1.95831352002347	-1.71761186831687	-2.22827371200413	0.695583724496011	2.10177868282368	1.72522513467896	-0.564921723313416	-1.81436650826408	0.898873810525351
ASV_229_16S	1.43753467959123	0.0420693823882079	-0.99668005168881	0.43822006407438	1.87326019132891	3.69430551787719	1.47734716728355	3.30742567146563	1.01547233986546	-0.885420948917922	2.35748265045961	-0.187112769537228	-0.237503513972793	-1.95831352002347	1.41788234761228	3.76319083510385	0.877905281289966	2.05732692025284	2.24710059463153	-3.12987108077495	2.13687721031735	-2.19216864283297
ASV_230_16S	2.90387174838465	1.08352325721637	0.181974944652836	1.41904931708611	2.50731845551885	3.24616359640489	2.64495232743861	2.79244203755098	3.13000520135657	2.41041591708641	2.81753594885217	2.17263073729677	3.50016610431058	2.33214592112492	1.80874865629929	1.74201820154799	2.68071458670461	2.46279202836101	2.7334533618788	2.24076694735271	2.27997805395802	2.89542769239942
ASV_232_16S	2.75185554108603	1.63470017650593	1.12857102602232	2.82084786474196	0.247292976943598	2.31070294842301	1.03551441500451	2.57189926793682	2.41946627808476	1.59948570087008	2.8663261130216	2.48906222303453	1.95316366281727	2.46052708777313	2.75972494616133	2.85313065298033	1.79419601316412	-1.03371553310547	3.65244315072212	2.57057249261573	2.97312523451796	1.98221862706267
ASV_233_16S	2.18474908142145	1.60021400043476	1.4347379131482	2.76820413125654	3.00413334221524	1.58476594504008	-1.16171016233171	1.52393071208747	1.77761239191236	-0.885420948917922	2.20827025227293	0.763863520324817	1.56401213020063	1.50742238277626	1.74812403448285	2.00583279259313	3.09710876534496	-1.03371553310547	1.98473633016404	1.69844265652735	1.36368732208386	-2.19216864283297
ASV_235_16S	-1.45283707830494	1.3858041290893	0.450238931247516	1.67498269122331	1.47595839385991	1.2120906597549	2.30402574046802	0.563468761900177	2.28843801567835	2.61108661254856	0.686801112784786	0.808315282895651	-0.237503513972793	2.06703817071168	2.37673269390523	1.55591592191413	0.184758100730021	2.10177868282368	1.23274864958116	0.202333429400251	2.19296667696839	2.12531947070334
ASV_237_16S	0.849748014689108	0.648205185958524	1.14338611180746	1.43966860428884	0.652758085051762	0.956157285617703	2.09638637568977	1.20701900132075	1.08446521135242	0.906338520310133	1.85323599779166	1.36170052108044	1.69145707676875	1.37389099015174	1.74812403448285	1.74201820154799	1.40853353235214	1.67433466799674	1.44981315481899	1.07482153861601	1.36368732208386	1.71985436259518
ASV_238_16S	2.33135255561332	2.46243751103864	1.4777552982319	2.08044779933147	2.14441296182948	2.37322330540435	-1.16171016233171	1.00068256832292	-1.6235849897498	-0.885420948917922	1.50356224931191	1.80798762370886	1.21974258311938	-1.95831352002347	-1.71761186831687	1.57838877776619	2.04105609109565	-1.03371553310547	2.09294991480427	1.93903312144528	-1.81436650826408	-2.19216864283297
ASV_240_16S	2.18474908142145	0.735216562948153	2.05377712155443	2.34363885177496	1.96707894654656	1.33345151675917	-1.16171016233171	3.1234429847216	1.59529083511841	-0.885420948917922	1.32588107207446	1.18436650579752	1.65667096068333	4.26624490925189	3.8808100906815	1.99123399317197	2.65285763220164	-1.03371553310547	1.68748480669611	2.12240234727168	1.65136939453565	3.57927248029705
ASV_241_16S	2.04367048316154	2.39344463955169	1.58731750074342	2.75733445901964	1.25889388862208	2.94288942919327	3.96225381707155	3.07228093254173	1.98733292289443	1.82262925218429	2.84222856144254	2.6144634895758	2.21755017266553	2.57428597312979	-1.71761186831687	2.51665841635912	1.51975916746236	2.22438100491601	1.74357427334715	3.68137329782634	2.27997805395802	1.65797895887709
ASV_244_16S	2.53614696825934	2.22999156706211	2.33552445848639	3.34390605694359	2.31626321875614	1.80345514600491	1.40323919512983	2.98455347961746	3.33925964051011	1.41716414407612	2.31707311212173	2.69010090378143	2.02303334277775	2.2005695633362	2.39326199585644	3.22704740335357	2.91478720855101	2.18516029176273	1.998920965156	1.4027284123783	1.96982312565418	2.5785159816327
ASV_248_16S	2.33135255561332	1.73155000249584	2.37061577829766	-2.45215169382178	1.50005594543897	-2.22189654473024	-1.16171016233171	0.958122953904126	1.93176307173962	-0.885420948917922	1.96186983879445	3.40454291031194	2.00445695720482	2.63680633011112	1.71637533616827	2.44455512245777	0.61220211555696	-1.03371553310547	-2.26375891188532	0.720276520935105	0.265075033415755	3.00078820805725
ASV_251_16S	-1.45283707830494	2.18213554588448	1.74415997223639	-2.45215169382178	-2.2376136728444	2.43206380542728	-1.16171016233171	1.53620080467928	1.87292257171669	-0.885420948917922	5.2379040775026	1.7671656291886	1.19196301901231	1.99293019855796	-1.71761186831687	3.03441647690075	1.03205596111722	-1.03371553310547	1.23274864958116	1.98211670758159	-1.81436650826408	2.91377683106762
ASV_252_16S	-1.45283707830494	-2.44283726739979	-3.07612159336865	-2.45215169382178	0.160281599953968	3.94771418776121	4.14159474572737	-2.87051844258497	-1.6235849897498	-0.885420948917922	-2.25763786638165	-3.02032611359344	-3.07071685802901	-1.95831352002347	-1.71761186831687	2.51665841635912	-2.52329210037219	-1.03371553310547	-2.26375891188532	-3.12987108077495	-1.81436650826408	-2.19216864283297
ASV_254_16S	1.59168535941849	-0.651077798171737	0.708068040549615	2.60409411152652	2.75959860091971	1.36162239372587	2.44920775031252	3.16973626869244	1.14900373248999	-0.885420948917922	3.15846253582277	0.0707163397648718	0.566869301697377	4.39257219669127	3.48639481875992	2.43516538210793	2.31298980657929	2.18516029176273	1.94093370750565	2.37951725585302	1.71199401635208	1.96671444052671
ASV_256_16S	2.64150748391716	2.66310820650079	1.99905222186518	3.10080789109983	2.61441659107521	3.09130943431154	3.41300081617167	1.98151182133465	2.08998707695451	2.89876868500034	2.09907096030794	3.00312147936759	2.31835487178749	2.16882086502162	1.68358551334528	1.4606057421098	2.71314986245776	1.96201674044852	2.4367214539071	2.02342051372283	2.29650735590923	0.580420079406816
ASV_259_16S	-1.45283707830494	1.46918573802835	1.78369081099303	-2.45215169382178	-2.2376136728444	2.20892025411307	1.32319648745629	0.979629159125089	-1.6235849897498	-0.885420948917922	4.52341975955453	1.62406478554793	1.2467712555073	2.71451531443844	2.50189583685923	2.90752472504613	0.654761729975756	-1.03371553310547	0.871735304043831	2.43464932654774	1.65136939453565	2.3076410274973
ASV_260_16S	2.59021418952961	1.92661058506723	1.67746859773772	2.48949072878752	2.46286669294801	2.81505605768339	-1.16171016233171	1.51150819208891	-1.6235849897498	-0.885420948917922	1.52655176753661	1.57479373654115	1.08816622533066	1.08620891769996	1.71637533616827	1.88260015216918	2.99816881749006	-1.03371553310547	1.94093370750565	2.53308939936099	2.22868475957047	-2.19216864283297
ASV_266_16S	2.67429730674015	1.8476221737486	0.984321417177773	2.8310520349162	2.37750684399686	2.18482270253401	0.917731379348127	2.0122834800014	1.20962835430642	2.66992711257149	2.13681128829078	2.78179226178362	1.70840663508252	1.53819404144301	-1.71761186831687	1.32707434948528	2.10168071291208	1.91072344606097	3.58267986317241	3.65684586983013	2.5676601264098	-2.19216864283297
ASV_270_16S	2.57251461243021	1.99981398909052	1.64237727792645	2.09114308844822	0.470436528257808	2.49660232656485	2.70949084857618	2.67074510257346	2.38374819548268	-0.885420948917922	2.34753231960644	2.70652163399375	3.66861976932817	-1.95831352002347	1.6496839616696	2.04839240701192	2.1952067709229	-1.03371553310547	2.46362890682702	0.654318553143308	0.58352876453429	0.852353794890458
ASV_271_16S	-1.45283707830494	0.552895006154198	1.31832756130379	0.381061650234432	0.327335684617134	0.263010105057758	-1.16171016233171	1.58382885366854	-1.6235849897498	-0.885420948917922	2.19670942987185	2.05484770164038	0.735945631741311	1.95370948540468	1.77889569314961	2.98666204560485	1.06022683808392	-1.03371553310547	0.680680067281121	1.52408926938257	-1.81436650826408	1.5455009754504
ASV_274_16S	2.59021418952961	1.27073479930452	-0.368071392266436	1.28551792446158	2.35750617729019	1.98279607466072	1.92933229102661	0.125213830969022	2.38374819548268	2.89876868500034	1.71265404717047	0.850874897314447	0.330480523633147	2.10212949052295	1.86590707013924	0.169621560794237	0.567750352986127	-1.03371553310547	-0.317848762830006	0.304116123710193	3.02982057819451	1.49671081128097
ASV_275_16S	1.94836030335722	3.81099154417568	1.50884588530193	-2.45215169382178	2.2167336234091	2.8900912436263	2.05716566253649	2.62254300075558	1.42093744797363	2.5803149538818	3.82000437696738	3.54915530682085	1.11893788399742	-1.95831352002347	1.27812040523712	1.38264420064009	0.910695104112957	1.96201674044852	1.98473633016404	-0.296657736718737	-1.81436650826408	0.752270336333475
ASV_279_16S	3.29209505005831	2.58760065399264	2.13881416424034	1.85191339938239	-2.2376136728444	2.74791675484576	2.5518619043726	2.22934798523923	2.90901450340346	2.98578006198997	1.10965796360482	2.79081487938326	1.92649541573511	-1.95831352002347	2.50189583685923	2.74846003041644	2.92774635319351	3.17097708628549	2.19058838436819	2.44228295140281	2.54234231842551	1.96671444052671
ASV_280_16S	-1.45283707830494	-2.44283726739979	-3.07612159336865	-2.45215169382178	2.54987806993764	2.3319803468703	-1.16171016233171	3.37364845807877	2.08998707695451	-0.885420948917922	3.227159067109	-3.02032611359344	-3.07071685802901	-1.95831352002347	-1.71761186831687	3.51792947853602	1.06022683808392	1.91072344606097	2.14296033537893	-3.12987108077495	1.36368732208386	0.98588518751498
ASV_281_16S	1.1121122791566	0.60168517032363	1.55860739486099	0.381061650234432	-0.291703523789089	-2.22189654473024	-1.16171016233171	0.818361011528967	-1.6235849897498	-0.885420948917922	-2.25763786638165	0.380871268068711	1.37193439846131	0.238911057312752	1.6496839616696	0.256632937783866	1.00306842424397	-1.03371553310547	-2.26375891188532	-0.564921723313416	-1.81436650826408	0.580420079406816
ASV_282_16S	1.87936743187027	2.61975776562717	2.28985442165321	1.60829131672463	1.88952071220069	1.36162239372587	-1.16171016233171	2.06395549054572	2.13761512594377	-0.885420948917922	1.65438513904649	2.77573163717193	1.81963227019274	-1.95831352002347	1.99596019838743	2.60800819494734	1.00306842424397	-1.03371553310547	2.25802966516372	1.07482153861601	-1.81436650826408	1.52140342387134
ASV_284_16S	-1.45283707830494	-2.44283726739979	-3.07612159336865	2.34363885177496	2.09311966744193	-2.22189654473024	-1.16171016233171	1.51150819208891	-1.6235849897498	-0.885420948917922	-2.25763786638165	-3.02032611359344	0.936616327203462	-1.95831352002347	-1.71761186831687	1.84926373190159	2.48734319372407	-1.03371553310547	1.64826409354283	1.35876528895719	-1.81436650826408	1.86827436771345
ASV_285_16S	2.01289882449479	1.79126923719747	2.06554196313401	-2.45215169382178	-2.2376136728444	0.0806885482638036	-1.16171016233171	2.95842717502524	-1.6235849897498	-0.885420948917922	-2.25763786638165	0.808315282895651	3.9149249596102	1.7793560982599	2.97373601391227	3.45530605533455	1.03205596111722	-1.03371553310547	-2.26375891188532	2.02918421843958	-1.81436650826408	0.580420079406816
ASV_286_16S	-1.45283707830494	-2.44283726739979	-3.07612159336865	-2.45215169382178	-2.2376136728444	1.53930357096332	-1.16171016233171	0.42531842341936	-1.6235849897498	-0.885420948917922	1.7854134014529	-3.02032611359344	-0.991275316349173	-1.95831352002347	-1.71761186831687	-2.22827371200413	-2.52329210037219	-1.03371553310547	-2.26375891188532	-3.12987108077495	-1.81436650826408	-2.19216864283297
ASV_289_16S	1.25521312279727	-0.363395725719957	-3.07612159336865	-0.842713781387684	-0.291703523789089	-2.22189654473024	0.447727750102392	-0.791076900905133	-1.6235849897498	-0.885420948917922	0.738094407172337	-3.02032611359344	-0.505767500567472	-1.95831352002347	0.361829673362961	-2.22827371200413	-2.52329210037219	-1.03371553310547	0.301190445576218	-1.18396093171964	-1.81436650826408	-0.582730730398865
ASV_292_16S	3.2745507404074	2.4916366657309	1.85113209178856	2.67774702110129	2.7040287497649	2.31070294842301	3.1557779512046	2.03475633585346	1.87292257171669	2.5803149538818	1.83670669584045	2.10957260132963	2.2716173939358	2.29018172202589	-1.71761186831687	1.70355192072019	2.75482255885833	-1.03371553310547	2.7334533618788	1.64081354369071	2.32876821812745	2.25048261365735
ASV_293_16S	-1.45283707830494	1.54614677916448	2.20199306586187	-2.45215169382178	-2.2376136728444	-2.22189654473024	-1.16171016233171	2.70543066056135	2.81906626674052	1.82262925218429	-2.25763786638165	2.943253230025	2.56407274514024	1.44288386163869	2.06657776560139	3.44848009026415	0.77254476563214	2.89811009961885	2.90672508315283	1.57060928501746	2.5676601264098	1.71985436259518
ASV_299_16S	3.16228343853632	1.16808064524443	1.90061214905193	3.05723664280619	3.23465700082707	1.4416651013994	-1.16171016233171	1.86568000580953	2.45395245415592	-0.885420948917922	2.13681128829078	1.86247580899293	1.51425062064156	1.70524812610618	1.37343058504144	2.08921440153218	3.5520539307165	2.81643206860459	1.7065330016668	1.13280879626636	2.05683450264381	1.52140342387134
ASV_302_16S	-1.45283707830494	1.16808064524443	0.219715272635683	0.725902136526162	1.31773438864501	0.0806885482638036	1.83402211122228	1.2883646407747	1.70861952042541	1.19402059276191	2.07309547390468	3.2786231332625	2.42234458531154	3.02529310168487	3.31282605307556	2.73457091825577	0.695583724496011	-1.03371553310547	1.29158914960409	0.782151924653193	1.18136576528991	1.5690314728606
ASV_305_16S	2.64150748391716	1.36382522237053	0.815698704741981	0.0327549559662161	1.83992377106132	2.2998920323188	2.30402574046802	0.793043203544677	-1.6235849897498	2.7254969637263	3.01022029268167	1.00502557714171	2.51653180037124	-1.95831352002347	-1.71761186831687	0.604939632052082	3.38479083779674	-1.03371553310547	4.02223918262355	2.32545003458275	-1.81436650826408	-2.19216864283297
ASV_306_16S	2.43898321980569	2.31933666739796	1.80668032921772	1.51814021973034	1.28874685177176	1.82115472310431	2.01634366801624	1.76421054564467	2.36539905681448	0.500873412201969	2.92414568391043	2.32678141712402	2.08833844118552	2.35917459351284	2.2713721782474	2.87159271582006	0.472440173181802	1.73887318913431	1.92589583014111	2.01179247572771	0.9582222139757	3.2014589035194
ASV_313_16S	1.03206957148306	2.77751855767853	1.34271901442795	-2.45215169382178	2.32673451862343	1.76708750183403	2.52716929178223	1.51150819208891	-1.6235849897498	2.1591014888055	1.90124521697802	1.4683102561387	2.29525915699284	2.11922392388225	-1.71761186831687	0.990602112864067	3.25745141542014	1.79949781095074	2.57252299506616	3.01859721514269	2.89516369304825	1.67903236807493
ASV_314_16S	2.39731052340512	2.50592262297838	1.82171820658227	0.492287285344656	2.11909515384519	3.24193526029537	-1.16171016233171	1.2883646407747	1.51190922617935	-0.885420948917922	-2.25763786638165	3.33230328272612	1.88511019957225	-1.95831352002347	-1.71761186831687	-2.22827371200413	1.57105246184991	-1.03371553310547	2.74687638221094	2.4573775776253	2.29650735590923	1.67903236807493
ASV_315_16S	-1.45283707830494	-2.44283726739979	2.62766088128756	-2.45215169382178	-2.2376136728444	-2.22189654473024	-1.16171016233171	-2.87051844258497	-1.6235849897498	-0.885420948917922	-2.25763786638165	-3.02032611359344	3.02285291201613	-1.95831352002347	3.83534771660474	-2.22827371200413	-2.52329210037219	-1.03371553310547	-2.26375891188532	3.08473701764724	-1.81436650826408	-2.19216864283297
ASV_318_16S	-1.45283707830494	-2.44283726739979	-3.07612159336865	0.683342522107365	1.12968215714207	-2.22189654473024	-1.16171016233171	0.767067717141416	-1.6235849897498	-0.885420948917922	-2.25763786638165	-3.02032611359344	-3.07071685802901	-1.95831352002347	-1.71761186831687	-2.22827371200413	1.16558735374175	-1.03371553310547	-2.26375891188532	-3.12987108077495	-1.81436650826408	-2.19216864283297
ASV_319_16S	-1.45283707830494	1.74681747462663	1.49858938513474	1.64219286840032	2.20503758364591	1.6901264606979	2.50185148379794	0.625989118881511	-1.6235849897498	-0.885420948917922	3.04566704167742	0.740874002100118	3.49454811200635	2.43613563464897	1.83773619317254	2.02022153004523	1.91935915611813	2.60387062662091	2.04030618131885	2.41920500412027	3.0531679421915	2.78456509958761
ASV_322_16S	2.60760593224148	1.73155000249584	1.22794349983552	2.46782923200634	2.3056811094256	1.46698290938369	-1.16171016233171	1.61811792714717	-1.6235849897498	-0.885420948917922	2.6327112618401	2.03591969175486	1.78909554633266	-1.95831352002347	-1.71761186831687	0.990602112864067	2.0718277497624	2.57720237953875	2.35136160495594	1.64081354369071	1.79655140438014	1.85088262500159
ASV_323_16S	3.46714384752319	2.18213554588448	2.11126421247211	-2.45215169382178	1.80543759499015	3.11082224853513	3.16902317795462	1.09977347096715	-1.6235849897498	-0.885420948917922	-2.25763786638165	1.99695372322148	3.17150640742616	-1.95831352002347	-1.71761186831687	1.84926373190159	2.1952067709229	-1.03371553310547	2.86613980303775	1.73766336968063	2.37528823376234	-2.19216864283297
ASV_326_16S	2.28483253997843	2.41697513696188	1.92782471257681	1.39799590788827	1.31773438864501	2.28896296178661	2.4218087761244	1.94976312302007	2.40176670098535	1.67952840854361	1.48003175190171	2.85740966818619	2.05324712137425	-1.95831352002347	-1.71761186831687	-2.22827371200413	1.72520314167717	-1.03371553310547	3.15677608738697	2.8715437971862	3.24822852476289	2.08449747618309
ASV_328_16S	-1.45283707830494	-1.0565429062799	-0.437064263753387	0.492287285344656	0.0649714201496434	-2.22189654473024	0.917731379348127	-0.67329386524875	0.679000103244251	-0.885420948917922	-0.311727717326341	0.115168102335705	-0.180345100132844	-0.859701231355358	0.228298280738439	-0.0310491346679145	0.367079657523975	-1.03371553310547	0.134136360913052	-0.421820879672743	0.58352876453429	0.446888686782293
ASV_329_16S	2.13068186015117	2.22999156706211	1.15798491122861	1.96668891397481	2.06645142035977	2.66090537785613	2.78953355624972	1.37797679946439	1.55446884059815	2.00495080897824	2.68400455622765	2.46031280974855	2.30918049551145	1.75525854668084	-1.71761186831687	1.62187388970592	1.71081440422507	2.43202036969425	1.998920965156	2.63218030200522	1.8232196514623	1.86827436771345
ASV_330_16S	-1.45283707830494	2.55437500636432	1.42368807696162	2.18257729440785	2.66766110559403	3.06637048596429	-1.16171016233171	1.61811792714717	-1.6235849897498	-0.885420948917922	2.43371001584749	2.51306337513408	1.67421527033424	1.97351211270086	-1.71761186831687	2.1661754426683	2.93202901498551	-1.03371553310547	2.06697442840101	2.32116737279075	-1.81436650826408	-2.19216864283297
ASV_336_16S	2.67429730674015	1.96388197986446	2.0358661949879	2.59127342309746	1.76971951238807	2.12190887712344	-1.16171016233171	2.25344553681829	1.81040221473535	-0.885420948917922	1.85323599779166	2.20002971148488	2.70693546519365	1.29978301799801	-1.71761186831687	1.77905947322834	3.03738953064334	-1.03371553310547	2.20214920676926	2.21246317118986	2.17461753830019	1.83318304790218
ASV_337_16S	0.493073070750376	0.0420693823882079	0.912862453195629	1.10319636766763	0.853428780513914	1.56229308918802	2.57595945595166	0.563468761900177	1.42093744797363	-0.192273768357977	1.40592377974799	0.871494184517182	0.0647773579001409	1.8028865956701	1.05497685392291	1.68374929342401	1.26089753354607	-0.340568352545527	0.955116912982882	1.33603703787963	0.670540141523919	1.27356725996676
ASV_341_16S	0.849748014689108	1.08352325721637	0.420385968097834	0.255898507280426	1.90552105354713	-2.22189654473024	-1.16171016233171	0.595217460214757	1.93176307173962	-0.885420948917922	0.738094407172337	2.69670158781278	0.363270346456138	2.11922392388225	1.37343058504144	2.15375292266975	2.52013301654706	1.26886955988857	0.221147737902681	0.559008373338983	1.71199401635208	2.15163677902072
ASV_342_16S	-1.45283707830494	1.44898303071083	1.85835233976205	1.67498269122331	0.758118600709588	-2.22189654473024	1.67150318172451	1.24035542158834	1.81040221473535	-0.885420948917922	2.09907096030794	1.66180511353078	1.20594926098705	2.049019665209	2.5864532248873	2.3360744794637	2.18623810094014	-1.03371553310547	2.1056889405817	2.35076784256704	3.19626878583217	2.45222225630841
ASV_345_16S	1.4916019008615	0.447534490496372	0.256082916806558	1.26142037288252	1.16358370881775	1.60674485175885	1.47734716728355	0.125213830969022	3.05854623737442	2.89876868500034	-2.25763786638165	0.237770424428038	-0.0749845844750179	1.37389099015174	1.74812403448285	-2.22827371200413	0.734804437649293	3.21477970894389	0.569454432170897	-0.038828627416637	2.46229961075197	1.27356725996676
ASV_346_16S	-1.45283707830494	2.30209486096346	1.14338611180746	-2.45215169382178	2.37750684399686	2.90800217019283	2.93263439989039	1.34898926259114	-1.6235849897498	-0.885420948917922	-2.25763786638165	3.09556601188959	1.57367404111236	2.18482120636807	-1.71761186831687	-2.22827371200413	2.3208949860864	-1.03371553310547	3.09753325382411	2.45362522800675	2.5294389135896	1.69965165527766
ASV_348_16S	-1.45283707830494	-2.44283726739979	-3.07612159336865	1.69098303256975	3.97699442557779	1.30446397988592	-1.16171016233171	-2.87051844258497	1.63451154827169	2.20562150444039	-2.25763786638165	-3.02032611359344	0.592844788100638	-1.95831352002347	2.11102952817222	-2.22827371200413	-2.52329210037219	-1.03371553310547	1.52043072203294	1.26457807389749	-1.81436650826408	0.943325573096184
ASV_349_16S	1.87936743187027	1.65150729482231	0.875122125212782	-2.45215169382178	1.25889388862208	2.60641719257206	-1.16171016233171	0.867151175698399	-1.6235849897498	-0.885420948917922	3.86045933165969	3.34614433413799	-3.07071685802901	-1.95831352002347	-1.71761186831687	-2.22827371200413	0.695583724496011	3.18579217207063	3.58844356788916	1.81177134183435	1.23015592945934	1.02670718203524
ASV_352_16S	0.945058194493433	0.692656948529357	1.72789945136461	0.638890759536532	-2.2376136728444	0.722542434436198	1.03551441500451	2.21707789264741	-1.6235849897498	1.51247432388045	1.85323599779166	0.949965799958678	3.79621642643287	-0.0124033709681541	1.22682711084957	1.35524522645198	-0.038385450584189	1.04572600857436	1.23274864958116	2.37546045515741	1.55292932172239	0.00505593450325437
ASV_353_16S	-1.45283707830494	0.735216562948153	1.11353314865778	-2.45215169382178	-2.2376136728444	-2.22189654473024	-1.16171016233171	1.64034106393188	1.59529083511841	-0.885420948917922	-2.25763786638165	-3.02032611359344	2.7161805233377	-1.95831352002347	1.71637533616827	2.11553170984955	1.98756740614466	-1.03371553310547	1.31976002657079	2.57057249261573	1.51783800191112	4.32254404803956
ASV_356_16S	-1.45283707830494	3.14065904138191	1.69456303109702	-2.45215169382178	-2.2376136728444	-2.22189654473024	0.224584198788182	1.58382885366854	0.322325159305518	-0.885420948917922	-2.25763786638165	1.7070617051189	-3.07071685802901	-1.95831352002347	1.05497685392291	-2.22827371200413	-2.52329210037219	-1.03371553310547	-2.26375891188532	-3.12987108077495	1.27667594509423	0.803563630721026
ASV_361_16S	2.04367048316154	1.22072437872985	1.37822570288486	2.68364674322848	2.48088519845069	0.611316799325974	-1.16171016233171	1.36358806201229	1.59529083511841	-0.885420948917922	1.61356314452624	0.563192824862666	0.713472775889252	-1.95831352002347	1.6496839616696	1.23746219079559	2.61837145613047	-1.03371553310547	1.39980273424433	1.69844265652735	0.824690821351177	0.698203115063199
ASV_362_16S	1.59168535941849	1.79126923719747	0.949230097366504	1.45987131160636	1.42594797328524	0.996979280137958	-1.16171016233171	0.767067717141416	0.861321660038205	-0.885420948917922	0.381419463233604	1.37412304107899	0.899575055523113	1.84834896974685	1.50126395655133	1.83216929854229	1.8334167263174	-1.03371553310547	1.42512054222862	0.981002783398358	1.27667594509423	-2.19216864283297
ASV_365_16S	-1.45283707830494	0.852999598604537	-0.24290824931243	1.10319636766763	1.65420662526622	1.2120906597549	2.13412670367262	0.073920536581471	0.861321660038205	1.75363638069734	-2.25763786638165	0.668553340520492	0.0647773579001409	1.50742238277626	0.767294781471126	0.544315010235647	0.844003729614285	2.29848897706973	1.03207795411901	0.676791408995367	2.13687721031735	-2.19216864283297
ASV_366_16S	2.86465103523137	1.65150729482231	1.82915318506978	2.29278043454147	1.82282933770202	2.61438536222124	1.5463400387705	-0.67329386524875	2.34670692380233	1.94779239513829	1.65438513904649	2.04857808862679	1.42909281230126	2.18482120636807	2.17420842979375	3.21414399851766	1.82051332148149	1.73887318913431	1.42512054222862	1.71431600568364	1.94683360742948	2.08449747618309
ASV_375_16S	2.47898855441939	2.13187371110359	1.46717318890136	2.24832867197063	2.90988080396905	2.19694406306636	1.03551441500451	1.37797679946439	1.26678676814637	2.37267558910356	1.97646863821561	1.79995545201159	0.690483257664554	1.67927263970292	0.847337489144662	0.479776489098076	2.7599116283658	1.67433466799674	2.36121390139895	2.41530636370461	1.79655140438014	1.39135029562314
ASV_376_16S	2.28483253997843	1.46918573802835	1.49858938513474	1.90455713286781	1.73267824070772	1.33345151675917	-1.16171016233171	2.44760155125925	2.01400116997659	2.1591014888055	0.575575477674562	2.05484770164038	1.33600238923524	2.10212949052295	2.42552285807466	2.31502107026587	2.46031452133615	-1.03371553310547	0.626612846010846	1.7827838049611	2.17461753830019	2.02733906234314
ASV_391_16S	2.41836393260295	1.77667043777631	2.01147474186374	2.13281578484879	1.52358644284916	1.64930446617765	2.01634366801624	2.28277315191281	1.51190922617935	1.51247432388045	2.41519096808025	1.99030918050281	2.34092919382603	2.11922392388225	1.89330604432735	1.97641890738683	1.53715091017423	1.79949781095074	2.13069024278712	2.0176233960385	-1.81436650826408	1.67903236807493
ASV_393_16S	2.18474908142145	1.6842971176453	1.94775892747763	2.64159850698498	1.78773801789075	1.76708750183403	-1.16171016233171	1.25661594246012	2.51954973664174	2.11031132463607	2.09907096030794	1.05721133031228	1.57367404111236	2.18482120636807	2.4412712150428	1.57838877776619	1.96534426935995	-1.03371553310547	2.44577128942701	0.913180187059597	1.99229598150624	2.77067598742694
ASV_394_16S	2.76667062687117	-2.44283726739979	1.89369170620735	2.65983609453476	3.94240298080817	-2.22189654473024	-1.16171016233171	1.54832216521163	-1.6235849897498	-0.885420948917922	-2.25763786638165	1.16932862843298	1.46188263512425	-1.95831352002347	-1.71761186831687	1.23746219079559	3.17044003843051	-1.03371553310547	2.39968018222675	-3.12987108077495	1.79655140438014	-2.19216864283297
ASV_395_16S	2.98981417818538	0.60168517032363	1.49858938513474	3.64367286861044	3.2595545524488	0.996979280137958	-1.16171016233171	2.13342786336049	1.20962835430642	-0.885420948917922	0.307311491079882	0.563192824862666	1.17777838402035	-1.95831352002347	0.990438332785335	1.9148610143874	3.15346170189609	1.3641797396929	1.39980273424433	0.559008373338983	1.79655140438014	1.02670718203524
ASV_399_16S	2.51745483524718	2.30209486096346	1.79141285708694	2.27523612489056	2.7321996267316	1.64930446617765	-1.16171016233171	1.18992456796145	2.06529446436414	2.5803149538818	1.17634933810349	1.42232514289687	1.07241786836252	-1.95831352002347	-1.71761186831687	1.4606057421098	2.93202901498551	-1.03371553310547	1.66806672083901	1.91998492647458	1.4437300297574	1.5690314728606
ASV_400_16S	1.31975164393484	-0.245612690063573	-0.437064263753387	0.0327549559662161	0.853428780513914	1.14539928525623	0.630049306896346	-0.385611792796969	2.38374819548268	2.64093957569824	0.307311491079882	0.643235532536202	-1.1248067089737	-0.166554050795412	1.6496839616696	0.0743113809899119	-0.443850558692354	2.36748184855668	0.731973361668672	0.335864822024774	1.65136939453565	2.29646772689917
ASV_403_16S	2.62470036560078	1.65150729482231	0.8359014120595	1.73750304820464	1.90552105354713	1.64930446617765	-1.16171016233171	2.25344553681829	1.93176307173962	-0.885420948917922	1.48003175190171	1.83948629076823	1.81208506455736	2.56347505702557	-1.71761186831687	2.07579138120004	2.12109879876918	2.01080690461795	1.7065330016668	1.45509639789562	2.93056562009917	2.17727920963406
ASV_404_16S	2.43898321980569	1.3858041290893	1.82915318506978	2.96394870838264	0.652758085051762	2.06856289641815	-1.16171016233171	2.28277315191281	1.14900373248999	1.06048920013739	2.03282157476674	1.32347930826024	1.42909281230126	1.73056593409047	2.15358914259102	1.26823384946235	1.68140051901878	-1.03371553310547	1.62806138622531	2.46484029882689	2.41973999633318	1.63647275365613
ASV_405_16S	2.60760593224148	0.265212933702418	-0.99668005168881	1.1854344659046	0.981262152023798	0.913597671198907	-1.16171016233171	0.913671191333292	2.08998707695451	2.44678356125728	0.0449472266123916	-1.07441596453813	-3.07071685802901	1.33752334598086	2.83626502328367	-0.0310491346679145	-0.32606752303597	2.62984611302417	0.994337626136163	0.720276520935105	1.07600524963208	2.07051123420835
ASV_409_16S	1.43753467959123	2.35295327819695	1.62435877242377	1.28551792446158	-0.291703523789089	-2.22189654473024	2.09638637568977	2.01983068563678	2.06529446436414	1.82262925218429	1.35328004626257	1.93550094400782	1.48316003357153	-1.95831352002347	2.37673269390523	1.57838877776619	1.58758176380112	1.04572600857436	1.76159277884983	1.6150610475883	2.31276787678101	2.31869086368388
ASV_413_16S	-1.45283707830494	-2.44283726739979	-3.07612159336865	-2.45215169382178	-2.2376136728444	0.913597671198907	-1.16171016233171	-1.07875897335691	-1.6235849897498	-0.885420948917922	0.786884571341769	0.115168102335705	-3.07071685802901	-1.95831352002347	-1.71761186831687	0.169621560794237	0.877905281289966	-1.03371553310547	-2.26375891188532	-3.12987108077495	-1.81436650826408	-2.19216864283297
ASV_418_16S	2.60760593224148	3.24413808894003	1.88672303689126	2.20180865633574	-2.2376136728444	1.51577307355313	-1.16171016233171	2.71673021581528	-1.6235849897498	-0.885420948917922	2.31707311212173	2.63915610216618	1.07241786836252	-1.95831352002347	-1.71761186831687	2.38684680483713	2.21290634802231	2.18516029176273	1.66806672083901	0.165965785229376	1.48147035774025	1.17512718715351
ASV_420_16S	2.18474908142145	-2.44283726739979	0.894170320183476	1.8916537280319	-2.2376136728444	1.76708750183403	-1.16171016233171	1.17253282524958	2.26823530836083	-0.885420948917922	-2.25763786638165	0.871494184517182	2.55690425566163	2.57428597312979	2.4412712150428	-2.22827371200413	-2.52329210037219	-1.03371553310547	3.44666810548955	2.0176233960385	-1.81436650826408	1.79681540373131
ASV_425_16S	4.05655125832304	2.59411533501384	2.4169398499719	-0.660392224593729	0.327335684617134	2.81505605768339	-1.16171016233171	-2.87051844258497	-1.6235849897498	-0.885420948917922	-2.25763786638165	1.39851449420315	1.65667096068333	-1.95831352002347	-1.71761186831687	-2.22827371200413	-2.52329210037219	-1.03371553310547	-2.26375891188532	-0.421820879672743	3.14847812199583	-1.09355635416486
ASV_427_16S	1.59168535941849	1.3858041290893	1.33059765389561	1.82451442519427	2.20503758364591	1.49167552197407	-1.16171016233171	1.08072527599646	1.70861952042541	-0.885420948917922	0.738094407172337	0.535021947895969	0.713472775889252	-1.95831352002347	2.15358914259102	1.13902211798234	2.59470171204457	-1.03371553310547	1.10353691810116	1.47529910521314	1.99229598150624	1.27356725996676
ASV_429_16S	-1.45283707830494	0.735216562948153	0.507397345087464	2.50367536377948	0.853428780513914	-2.22189654473024	-1.16171016233171	1.53620080467928	1.77761239191236	-0.885420948917922	0.140257406416716	2.20542056011976	1.68287333307736	-1.95831352002347	0.228298280738439	-2.22827371200413	0.61220211555696	-1.03371553310547	-2.26375891188532	-3.12987108077495	-1.81436650826408	1.63647275365613
ASV_432_16S	2.51745483524718	-2.44283726739979	0.3578656111165	-2.45215169382178	0.534975049395379	3.31149294399728	-1.16171016233171	0.684829618904444	2.22656261196026	-0.885420948917922	-2.25763786638165	2.63566569722641	1.66548159036549	-1.95831352002347	-1.71761186831687	-2.22827371200413	-2.52329210037219	-1.03371553310547	2.01290720713074	1.85373554093338	2.5676601264098	-2.19216864283297
ASV_431_16S	2.43898321980569	-0.363395725719957	-3.07612159336865	0.43822006407438	2.38735914043987	0.956157285617703	2.1704943478435	0.42531842341936	1.77761239191236	2.1591014888055	1.03819899962267	0.115168102335705	-0.0749845844750179	1.37389099015174	0.680283404481496	-2.22827371200413	0.472440173181802	1.67433466799674	0.871735304043831	0.304116123710193	1.36368732208386	1.5690314728606
ASV_433_16S	2.43898321980569	1.83382885161626	1.22794349983552	2.55848360027447	3.18292132642788	2.12190887712344	2.05716566253649	1.39216143445635	-1.6235849897498	-0.885420948917922	1.90124521697802	1.54402207787439	0.690483257664554	-1.95831352002347	-1.71761186831687	1.38264420064009	2.75482255885833	2.46279202836101	1.98473633016404	2.30385092277929	2.27997805395802	-2.19216864283297
ASV_436_16S	2.37580431818416	2.05697240293047	1.78369081099303	1.33203794009648	-2.2376136728444	1.58476594504008	-1.16171016233171	-2.87051844258497	1.77761239191236	1.3118036284183	1.90124521697802	2.59280199279463	1.17777838402035	1.40898230996301	-1.71761186831687	1.43528793412551	1.06022683808392	-1.03371553310547	1.26260161273084	1.45509639789562	2.17461753830019	2.07051123420835
ASV_437_16S	1.59168535941849	0.122112090061744	-0.99668005168881	1.15876621882244	1.31773438864501	1.49167552197407	-1.16171016233171	-0.305569085123433	1.20962835430642	1.88716777332186	-0.0604132890454347	-0.535419463805444	-3.07071685802901	-1.95831352002347	1.32691056940655	-2.22827371200413	0.249296621867592	2.26212133289886	0.444291289216891	0.00562313515419666	2.09765649716406	-2.19216864283297
ASV_438_16S	1.59168535941849	1.50840645118164	1.46717318890136	2.48949072878752	1.92126941051527	1.72934717385119	1.78272881683473	1.59538967606961	-1.6235849897498	1.82262925218429	1.54902462338867	1.68015425219897	1.95972106336343	2.3457515731807	1.77889569314961	1.60036768448496	2.28072894436107	-1.03371553310547	2.24710059463153	1.83297354948495	1.65136939453565	2.012523976558
ASV_442_16S	-1.45283707830494	1.34135236651847	0.795079417539245	1.1854344659046	-2.2376136728444	1.51577307355313	-1.16171016233171	1.47328697926871	-1.6235849897498	-0.885420948917922	1.81989957752407	2.32200813837137	1.17777838402035	-1.95831352002347	3.00088700297822	3.37014824699424	1.63559098298748	2.10177868282368	1.68748480669611	0.507715078951433	1.23015592945934	2.21455060443129
ASV_443_16S	-1.45283707830494	1.4283637435081	1.30590504130524	1.53683235274249	1.39997248688198	1.95249072516539	1.67150318172451	1.00068256832292	1.90277553486637	-0.885420948917922	3.6367649678832	0.829821488116614	1.59272223608306	2.15256034414984	2.11102952817222	2.55921803077791	-0.125396827573819	-1.03371553310547	0.955116912982882	2.31254662974684	0.9582222139757	1.79681540373131
ASV_446_16S	2.55449610692753	0.852999598604537	1.70300189974288	2.84616567272625	2.83756014238942	1.56229308918802	-1.16171016233171	1.94976312302007	2.18307750002052	-0.885420948917922	1.86949651866344	1.39851449420315	1.08816622533066	-1.95831352002347	-1.71761186831687	1.48529835470017	3.31443834679375	-1.03371553310547	1.47391070639805	0.913180187059597	1.65136939453565	1.5455009754504
ASV_447_16S	-1.45283707830494	1.05367029406669	1.46717318890136	2.05870781269507	-2.2376136728444	1.4416651013994	2.47587599739468	1.06130719013936	-1.6235849897498	-0.885420948917922	2.80495716664531	0.535021947895969	2.86945439469142	1.40898230996301	-1.71761186831687	2.21437754448618	2.03058479122835	1.85665622479069	1.62806138622531	0.964473481447147	1.13007247090236	1.49671081128097
ASV_448_16S	-1.45283707830494	0.552895006154198	-0.878897016032426	0.725902136526162	1.75137037371987	0.175998728068128	2.77011547039262	-0.385611792796969	1.70861952042541	-0.885420948917922	0.450412334720556	-0.0245938400394534	0.0203255953293073	1.65260439262076	-1.71761186831687	-2.22827371200413	0.567750352986127	1.67433466799674	0.221147737902681	0.801954551949373	1.27667594509423	2.12531947070334
ASV_457_16S	-1.45283707830494	1.44898303071083	1.66007685502585	-2.45215169382178	-2.2376136728444	1.4416651013994	2.88134110550284	2.44760155125925	1.70861952042541	2.89876868500034	1.37994829334473	2.5011348042688	1.81208506455736	2.76018535127163	-1.71761186831687	-2.22827371200413	-2.52329210037219	-1.03371553310547	0.680680067281121	2.40746318624358	2.17461753830019	1.14003586734224
ASV_471_16S	-1.45283707830494	2.21112308275773	2.05377712155443	1.64219286840032	2.10619174900928	2.25544026974796	-1.16171016233171	1.51150819208891	-1.6235849897498	-0.885420948917922	2.07309547390468	-3.02032611359344	-3.07071685802901	1.97351211270086	1.91997429140951	-2.22827371200413	2.28072894436107	-1.03371553310547	-2.26375891188532	2.73376009482314	2.66297030621413	-2.19216864283297
ASV_473_16S	1.59168535941849	-0.140252174405747	-0.368071392266436	-0.372710152141948	1.16358370881775	0.722542434436198	2.13412670367262	-1.48422408146508	1.51190922617935	0.724016963516178	-0.465878397153599	-0.187112769537228	-0.991275316349173	1.47567368446168	1.57822499768745	-0.148832170324298	0.0416572570893474	2.40027167137967	-0.317848762830006	1.08963662440115	-1.81436650826408	1.83318304790218
ASV_481_16S	-1.45283707830494	1.71604581595988	-0.368071392266436	-2.45215169382178	-2.2376136728444	-2.22189654473024	-1.16171016233171	-2.87051844258497	-1.6235849897498	-0.885420948917922	-2.25763786638165	-0.535419463805444	0.713472775889252	-1.95831352002347	-0.331317507196984	-2.22827371200413	-2.52329210037219	-1.03371553310547	-2.26375891188532	-3.12987108077495	1.01884683579213	-2.19216864283297
ASV_484_16S	-1.45283707830494	1.02289863539993	1.05101279167645	0.683342522107365	-2.2376136728444	0.263010105057758	-1.16171016233171	-2.87051844258497	-1.6235849897498	1.19402059276191	1.03819899962267	1.83170415032617	0.821103440081618	-1.95831352002347	-1.71761186831687	1.0675631540002	-2.52329210037219	0.912194615949841	-0.317848762830006	0.128225457246529	-1.81436650826408	0.372780714628572
ASV_485_16S	-1.45283707830494	-2.44283726739979	-3.07612159336865	-2.45215169382178	-2.2376136728444	2.94288942919327	1.03551441500451	-2.87051844258497	-1.6235849897498	-0.885420948917922	-2.25763786638165	-3.02032611359344	-0.0261944203055857	-1.95831352002347	-1.71761186831687	0.479776489098076	-2.52329210037219	-1.03371553310547	-2.26375891188532	-3.12987108077495	-1.81436650826408	-2.19216864283297
ASV_487_16S	-1.45283707830494	-2.44283726739979	-3.07612159336865	-2.45215169382178	-2.2376136728444	-2.22189654473024	-1.16171016233171	-2.87051844258497	-1.6235849897498	-0.885420948917922	2.03282157476674	0.275510752410885	2.83191647537236	0.814275202216314	-1.71761186831687	-2.22827371200413	1.16558735374175	-1.03371553310547	4.28302649887521	2.33818906036018	1.13007247090236	-2.19216864283297
ASV_489_16S	-1.45283707830494	-2.44283726739979	0.219715272635683	1.57319999691337	1.75137037371987	1.17930083693191	-1.16171016233171	0.563468761900177	-1.6235849897498	-0.885420948917922	0.961237958486546	0.808315282895651	0.395019044770718	0.814275202216314	0.584973224677171	-2.22827371200413	2.37454769957872	-1.03371553310547	1.42512054222862	1.58862779052014	-1.81436650826408	-2.19216864283297
ASV_491_16S	-1.45283707830494	-2.44283726739979	1.44566698368039	2.43065022876459	2.2167336234091	-2.22189654473024	-1.16171016233171	1.72460140754962	-1.6235849897498	-0.885420948917922	-2.25763786638165	-0.075887134427004	1.34812374976759	-1.95831352002347	1.46044196203107	1.79707797873102	2.02000268189781	-1.03371553310547	-2.26375891188532	-3.12987108077495	-1.81436650826408	1.06592789518852
ASV_492_16S	-0.354224789636828	0.329751454839989	0.291174236617828	2.06963688322726	2.37750684399686	0.956157285617703	1.14087493066234	0.563468761900177	1.46745746360852	2.7254969637263	1.52655176753661	-0.717741020599398	-1.27895738880095	1.13272893333485	2.53088337373248	2.36684613813046	2.4111818327585	1.85665622479069	0.0388261811087269	0.631329034918609	0.9582222139757	1.39135029562314
ASV_498_16S	-1.45283707830494	1.81984260964152	1.30590504130524	2.10172519777876	2.65273545537735	1.90523784031485	-1.16171016233171	1.37797679946439	-1.6235849897498	-0.885420948917922	1.61356314452624	1.43402118266006	0.861108774695317	-1.95831352002347	-1.71761186831687	-2.22827371200413	2.35190522282896	1.79949781095074	2.22487745784682	1.93272395225201	2.03578109344598	1.71985436259518
ASV_501_16S	-1.45283707830494	-2.44283726739979	-3.07612159336865	-2.45215169382178	2.92144162637013	1.93698653862943	-1.16171016233171	0.125213830969022	1.63451154827169	1.3118036284183	-0.648199953947554	0.445409789206282	1.05641752701608	-1.95831352002347	-1.71761186831687	2.61591337445446	-2.52329210037219	-1.03371553310547	0.221147737902681	-3.12987108077495	-1.81436650826408	-2.19216864283297
ASV_508_16S	1.43753467959123	-0.496927118344479	-0.678226320570275	2.69534278299167	0.534975049395379	0.722542434436198	-1.16171016233171	-2.87051844258497	2.90901450340346	2.54856625556722	0.307311491079882	1.45701070088476	-3.07071685802901	0.439581752774903	-0.618999579648765	2.8086788904095	-1.1369977392523	-1.03371553310547	2.01290720713074	1.76796871917596	0.382858069072138	0.292738006955035
ASV_510_16S	-1.45283707830494	-0.0449419946014218	2.80161418841099	-2.45215169382178	-2.2376136728444	-2.22189654473024	-1.16171016233171	0.42531842341936	0.16817447947826	-0.885420948917922	-2.25763786638165	-3.02032611359344	0.363270346456138	3.50127199412069	2.67683728635556	-2.22827371200413	-2.52329210037219	-1.03371553310547	-2.26375891188532	-3.12987108077495	-1.81436650826408	0.943325573096184
ASV_513_16S	-1.45283707830494	-2.44283726739979	-3.07612159336865	-2.45215169382178	0.0649714201496434	3.0511030138335	2.20558566765477	-0.231461112969711	0.774310283048576	-0.885420948917922	-2.25763786638165	-3.02032611359344	-3.07071685802901	-1.95831352002347	-1.71761186831687	-2.22827371200413	-2.52329210037219	-1.03371553310547	-2.26375891188532	-3.12987108077495	-1.81436650826408	-2.19216864283297
ASV_515_16S	-1.45283707830494	0.390376076656424	-1.28436212414059	-2.45215169382178	-2.2376136728444	-2.22189654473024	-1.16171016233171	-0.67329386524875	-1.6235849897498	-0.885420948917922	-2.25763786638165	1.15406115630219	0.395019044770718	-1.95831352002347	-1.71761186831687	-2.22827371200413	-2.52329210037219	-1.03371553310547	-2.26375891188532	-0.239499322878789	-1.81436650826408	0.110416450161081
ASV_516_16S	0.493073070750376	-2.44283726739979	-3.07612159336865	1.51814021973034	1.22812222995532	1.24383935806948	1.23618511046666	-2.87051844258497	-1.6235849897498	-0.885420948917922	0.514950855858127	-0.247737391353663	0.107336972318937	-0.0124033709681541	-0.108173955882774	-2.22827371200413	1.44699981317993	2.14433829724247	2.20214920676926	-0.421820879672743	0.382858069072138	-2.19216864283297
ASV_518_16S	-0.066542717185047	4.02950902710111	2.02374483445555	-1.35353940515367	-2.2376136728444	-2.22189654473024	1.92933229102661	0.387578095436513	-1.6235849897498	-0.885420948917922	-2.25763786638165	-0.247737391353663	0.107336972318937	1.26056230484473	1.77889569314961	1.60036768448496	-2.52329210037219	-1.03371553310547	-2.26375891188532	-3.12987108077495	-1.81436650826408	-2.19216864283297
ASV_520_16S	-1.45283707830494	1.54614677916448	1.14338611180746	0.43822006407438	0.758118600709588	2.34245164673759	1.14087493066234	0.073920536581471	-1.6235849897498	-0.885420948917922	-0.178196324701819	1.83170415032617	1.78131340589061	2.21607374987217	1.54048466970461	-2.22827371200413	2.15883912675203	-1.03371553310547	1.03207795411901	2.39955800673647	2.71823298488918	0.446888686782293
ASV_521_16S	-1.45283707830494	2.36118377733346	1.75219214393366	-2.45215169382178	-2.2376136728444	-2.22189654473024	-1.16171016233171	2.00467888061618	-1.6235849897498	-0.885420948917922	2.2532216401352	1.75879737951809	0.757924538460086	-1.95831352002347	1.57822499768745	1.68374929342401	-2.52329210037219	-1.03371553310547	0.871735304043831	1.17419401242922	-1.81436650826408	2.71310613560546
ASV_525_16S	0.493073070750376	0.265212933702418	0.752519803120449	-0.0542564210234135	-2.2376136728444	1.14539928525623	-1.16171016233171	-1.26108053015087	-1.6235849897498	-0.885420948917922	0.738094407172337	1.45701070088476	-1.1248067089737	0.932058237872697	1.41788234761228	0.767458561549857	-2.52329210037219	-1.03371553310547	-0.471999442657264	-0.185432101608513	-1.81436650826408	0.803563630721026
ASV_526_16S	-1.45283707830494	-2.44283726739979	-3.07612159336865	-2.45215169382178	0.652758085051762	2.70535714042696	2.13412670367262	-0.231461112969711	1.51190922617935	-0.885420948917922	-2.25763786638165	-3.02032611359344	1.05641752701608	-1.95831352002347	-1.71761186831687	-2.22827371200413	-2.52329210037219	-1.03371553310547	-2.26375891188532	-3.12987108077495	-1.81436650826408	-2.19216864283297
ASV_527_16S	2.35382541146538	-2.44283726739979	-1.13021144431333	-0.149566600827738	-2.2376136728444	-0.275986395674929	-1.16171016233171	-2.87051844258497	-1.6235849897498	-0.885420948917922	2.52985387640039	1.51227337955981	0.296578971957465	0.606635837438069	1.11560147573934	0.604939632052082	2.84734592775547	-1.03371553310547	0.914294918462627	0.930571929771466	-1.81436650826408	0.803563630721026
ASV_528_16S	-1.45283707830494	0.735216562948153	2.33105017809147	0.592370743901639	-2.2376136728444	2.84069848829672	1.32319648745629	-0.305569085123433	1.20962835430642	-0.885420948917922	2.28565691588835	1.09054775057987	0.0203255953293073	3.09154248722607	-0.108173955882774	2.38684680483713	-2.52329210037219	1.3641797396929	0.626612846010846	1.31278017571536	0.488218584729965	1.85088262500159
ASV_534_16S	-1.45283707830494	1.52745464615233	1.79141285708694	-2.45215169382178	-2.2376136728444	1.72934717385119	-1.16171016233171	2.00467888061618	-1.6235849897498	-0.885420948917922	1.67418776634267	2.17263073729677	2.6495949185784	1.67927263970292	-1.71761186831687	1.40931244772225	-2.52329210037219	-1.03371553310547	2.02670052926307	1.95772525445743	2.43412873378528	1.79681540373131
ASV_536_16S	-1.45283707830494	0.265212933702418	-0.678226320570275	0.88005281635342	1.25889388862208	1.24383935806948	1.97378405359744	0.220524010773347	-1.6235849897498	-0.885420948917922	-2.25763786638165	0.850874897314447	-0.237503513972793	0.238911057312752	1.32691056940655	-2.22827371200413	-2.52329210037219	1.26886955988857	0.134136360913052	0.202333429400251	2.22868475957047	0.803563630721026
ASV_537_16S	1.31975164393484	-0.651077798171737	0.142754231499555	0.43822006407438	1.65420662526622	1.03619999329124	-1.16171016233171	-0.162468241482759	1.26678676814637	1.41716414407612	-0.871343505261764	0.237770424428038	-3.07071685802901	1.53819404144301	0.361829673362961	-0.841979350884243	-2.52329210037219	1.04572600857436	-2.26375891188532	-1.05042953909512	0.824690821351177	1.61449384693735
ASV_541_16S	-1.45283707830494	2.13187371110359	-3.07612159336865	-2.45215169382178	-2.2376136728444	3.30753254278118	-1.16171016233171	1.02130185552566	1.46745746360852	-0.885420948917922	-2.25763786638165	1.4683102561387	1.52440299210558	-1.95831352002347	-1.71761186831687	-2.22827371200413	2.29698946523285	-1.03371553310547	-2.26375891188532	0.877462104457518	2.71823298488918	-2.19216864283297
ASV_546_16S	-1.45283707830494	-2.44283726739979	0.389614309431081	1.73750304820464	-0.291703523789089	0.722542434436198	0.447727750102392	1.24035542158834	1.51190922617935	2.29263288143002	0.514950855858127	-3.02032611359344	1.472577924241	2.46052708777313	0.680283404481496	-2.22827371200413	-2.52329210037219	-1.03371553310547	-2.26375891188532	-1.18396093171964	-1.81436650826408	-2.19216864283297
ASV_547_16S	0.156600834129163	1.60021400043476	1.68605234142911	-2.45215169382178	-2.2376136728444	-2.22189654473024	-1.16171016233171	-2.87051844258497	0.861321660038205	-0.885420948917922	-2.25763786638165	1.39851449420315	-3.07071685802901	-1.95831352002347	0.361829673362961	-2.22827371200413	-2.52329210037219	-1.03371553310547	-2.26375891188532	-3.12987108077495	-1.81436650826408	-2.19216864283297
ASV_554_16S	-1.45283707830494	3.92191348945212	1.85113209178856	-2.45215169382178	-2.2376136728444	-2.22189654473024	-1.16171016233171	1.60681837189324	-1.6235849897498	-0.885420948917922	-2.25763786638165	2.13872918562108	-3.07071685802901	-1.95831352002347	-1.71761186831687	-2.22827371200413	-2.52329210037219	-1.03371553310547	-2.26375891188532	-3.12987108077495	1.84919513786557	0.446888686782293
ASV_557_16S	-1.45283707830494	1.40731033431027	1.70300189974288	2.57828622757065	2.2397231416338	-2.22189654473024	-1.16171016233171	2.15991947880747	2.11408462853357	-0.885420948917922	-2.25763786638165	1.09054775057987	-3.07071685802901	-1.95831352002347	-1.71761186831687	-2.22827371200413	1.98756740614466	-1.03371553310547	2.65622201394281	-3.12987108077495	-1.81436650826408	-2.19216864283297
ASV_559_16S	0.338922390923117	0.390376076656424	-0.678226320570275	-2.45215169382178	-2.2376136728444	-0.835602183610352	-1.16171016233171	-0.231461112969711	-0.237290628629904	-0.885420948917922	-0.465878397153599	1.36170052108044	0.954634832706141	-1.95831352002347	-1.71761186831687	-0.282363562948821	0.877905281289966	-1.03371553310547	0.221147737902681	-1.52043316834085	0.131543640791232	0.698203115063199
ASV_565_16S	-1.45283707830494	1.4283637435081	2.30837346942044	-2.45215169382178	-2.2376136728444	-2.22189654473024	-1.16171016233171	1.15483324815018	0.861321660038205	-0.885420948917922	-2.25763786638165	0.115168102335705	1.69996776643666	1.21974031032448	1.17275988957929	1.0675631540002	-2.52329210037219	-1.03371553310547	-2.26375891188532	0.859112965789322	-1.81436650826408	-2.19216864283297
ASV_567_16S	0.945058194493433	1.08352325721637	1.34271901442795	1.33203794009648	-2.2376136728444	0.869145908628074	-1.16171016233171	1.334174176806	1.32085398941665	0.724016963516178	1.26872265823451	0.786336376176875	2.32744584348874	1.89183408168659	1.41788234761228	0.66209804589203	0.367079657523975	-1.03371553310547	0.780763525838104	1.35876528895719	1.55292932172239	2.53521917587938
ASV_572_16S	-1.45283707830494	1.05367029406669	1.91431099341009	1.67498269122331	-2.2376136728444	1.85564089917548	-1.16171016233171	1.7544543706993	-1.6235849897498	-0.885420948917922	1.67418776634267	0.380871268068711	1.31130977664487	-1.95831352002347	1.57822499768745	1.74201820154799	0.910695104112957	-1.03371553310547	1.86337547315977	2.27280630109733	2.29650735590923	1.5690314728606
ASV_573_16S	-1.45283707830494	0.81525927062169	0.8359014120595	-2.45215169382178	0.0649714201496434	-2.22189654473024	2.27227704215344	0.843053624119339	1.3721472838042	-0.885420948917922	0.450412334720556	1.05721133031228	2.03522861587157	2.41113433244355	-1.71761186831687	2.60004002529817	-2.52329210037219	-1.03371553310547	1.10353691810116	0.698770315714142	-1.81436650826408	-2.19216864283297
ASV_581_16S	-1.45283707830494	1.76185535199117	1.01822296885345	-2.45215169382178	-2.2376136728444	-2.22189654473024	-1.16171016233171	-2.87051844258497	1.32085398941665	-0.885420948917922	-2.25763786638165	-3.02032611359344	1.69145707676875	2.86196804558157	1.89330604432735	1.0675631540002	-2.52329210037219	-1.03371553310547	1.77929235594923	1.34746573370325	-1.81436650826408	1.5455009754504
ASV_588_16S	-1.45283707830494	-2.44283726739979	-3.07612159336865	-2.45215169382178	-2.2376136728444	-2.22189654473024	-1.16171016233171	-2.87051844258497	-1.6235849897498	1.67952840854361	-2.25763786638165	0.763863520324817	-3.07071685802901	-1.95831352002347	-1.71761186831687	-2.22827371200413	0.973215461094291	-1.03371553310547	0.444291289216891	-3.12987108077495	2.63998078798943	-2.19216864283297
ASV_594_16S	2.10251098318448	2.89949698456502	0.3578656111165	-2.45215169382178	1.8567308893777	3.2074490842242	-1.16171016233171	1.53620080467928	-1.6235849897498	-0.885420948917922	-2.25763786638165	1.83948629076823	-3.07071685802901	0.121128021656368	-1.71761186831687	-2.22827371200413	2.68071458670461	-1.03371553310547	0.731973361668672	-3.12987108077495	-1.81436650826408	-2.19216864283297
ASV_595_16S	-1.45283707830494	1.86122782580438	1.14338611180746	-2.45215169382178	-2.2376136728444	1.78543664050223	-1.16171016233171	1.00068256832292	-1.6235849897498	-0.885420948917922	-2.25763786638165	1.09054775057987	-3.07071685802901	-1.95831352002347	-1.71761186831687	-2.22827371200413	-2.52329210037219	-1.03371553310547	-2.26375891188532	1.04451618912068	-1.81436650826408	-2.19216864283297
ASV_598_16S	-1.45283707830494	1.4283637435081	1.06701313302289	2.11219649764605	2.68236725298372	-2.22189654473024	-1.16171016233171	1.11846560397931	-1.6235849897498	-0.885420948917922	-2.25763786638165	-3.02032611359344	0.540201054615216	1.40898230996301	1.94594977781277	1.86607085021797	2.52013301654706	-1.03371553310547	-2.26375891188532	1.58862779052014	-1.81436650826408	-2.19216864283297
ASV_600_16S	-1.45283707830494	0.501601711766648	1.38978652528594	-2.45215169382178	0.401443656770856	-2.22189654473024	-1.16171016233171	1.31913629944146	-1.6235849897498	-0.885420948917922	-2.25763786638165	-3.02032611359344	0.22512000797532	2.23134122200296	-1.71761186831687	1.72297000657729	-2.52329210037219	-1.03371553310547	0.680680067281121	0.202333429400251	-1.81436650826408	1.81516454239951
ASV_603_16S	-1.45283707830494	-2.44283726739979	-0.678226320570275	-2.45215169382178	-1.13900138417629	2.08216854847393	2.4218087761244	1.15483324815018	-1.6235849897498	2.05901803024852	2.21969894809655	1.47948355673682	1.52440299210558	0.606635837438069	-1.71761186831687	-0.841979350884243	0.421146878794251	-1.03371553310547	2.5882713520343	2.32971443336921	-1.81436650826408	1.24181856165218
ASV_604_16S	-1.45283707830494	-2.44283726739979	-3.07612159336865	-2.45215169382178	0.160281599953968	3.05621811450027	2.30402574046802	1.87441368577828	3.52970660474798	-0.885420948917922	-2.25763786638165	-1.41088820115934	-3.07071685802901	-1.95831352002347	-1.71761186831687	1.26823384946235	-2.52329210037219	-1.03371553310547	-2.26375891188532	-3.12987108077495	-1.81436650826408	-2.19216864283297
ASV_607_16S	2.15808083433929	2.26669293391254	0.389614309431081	1.57319999691337	2.47191652846793	1.53930357096332	1.40323919512983	2.06395549054572	-1.6235849897498	-0.885420948917922	0.920415963966291	1.65250272086846	1.57367404111236	0.680743809591791	-1.71761186831687	-2.22827371200413	-2.52329210037219	-1.03371553310547	0.301190445576218	1.64925241233658	1.27667594509423	-2.19216864283297
ASV_608_16S	-0.354224789636828	1.24604218671414	1.22794349983552	1.55518149141069	0.160281599953968	1.2120906597549	1.23618511046666	1.22382611963713	1.01547233986546	1.3118036284183	1.40592377974799	1.79185824177897	1.63881334328333	0.606635837438069	1.46044196203107	1.13902211798234	0.654761729975756	0.758043936122583	1.20197699091441	1.53356801333711	1.71199401635208	1.17512718715351
ASV_611_16S	-1.45283707830494	0.60168517032363	0.420385968097834	0.543580579732207	0.595599671211814	-2.22189654473024	-1.16171016233171	1.61811792714717	0.322325159305518	-0.885420948917922	-2.25763786638165	2.02952989365609	1.00682058587671	2.01197839352865	3.00088700297822	1.99123399317197	-2.52329210037219	-1.03371553310547	-0.471999442657264	-0.134138807220962	-1.81436650826408	1.73965698989136
ASV_614_16S	0.744387499031282	1.6842971176453	0.774026008341413	-2.45215169382178	-0.445854203616348	0.0806885482638036	-1.16171016233171	0.684829618904444	2.26823530836083	-0.885420948917922	0.961237958486546	3.02230672008894	-0.505767500567472	1.53819404144301	2.63909695837272	1.23746219079559	-0.577381951316876	1.26886955988857	-2.26375891188532	0.801954551949373	-1.81436650826408	1.73965698989136
ASV_613_16S	-1.45283707830494	0.60168517032363	1.44566698368039	1.15876621882244	1.39997248688198	-2.22189654473024	-1.16171016233171	1.24035542158834	1.20962835430642	-0.885420948917922	-2.25763786638165	-3.02032611359344	-3.07071685802901	1.13272893333485	-1.71761186831687	-2.22827371200413	-2.52329210037219	-1.03371553310547	-2.26375891188532	-3.12987108077495	-1.81436650826408	0.110416450161081
ASV_618_16S	-1.45283707830494	0.924458562586682	0.774026008341413	-2.45215169382178	-2.2376136728444	1.41568961499614	-1.16171016233171	-2.87051844258497	-1.6235849897498	-0.885420948917922	1.54902462338867	1.02272515424111	1.39519126062557	1.99293019855796	1.37343058504144	1.13902211798234	1.26089753354607	-1.03371553310547	1.26260161273084	2.75900687755793	1.8232196514623	1.47139300329668
ASV_619_16S	-1.45283707830494	0.852999598604537	1.82915318506978	-0.0542564210234135	-0.445854203616348	1.2120906597549	0.917731379348127	0.625989118881511	0.861321660038205	-0.885420948917922	2.73957440738246	0.717343504689924	-1.27895738880095	2.5414961503068	1.68358551334528	1.83216929854229	-2.52329210037219	0.912194615949841	0.134136360913052	1.94530273445887	1.40450931660412	1.24181856165218
ASV_620_16S	-1.45283707830494	-2.44283726739979	0.219715272635683	1.23672776029215	-2.2376136728444	0.263010105057758	-1.16171016233171	-2.87051844258497	2.08998707695451	-0.885420948917922	-2.25763786638165	0.693245953110864	0.713472775889252	-1.95831352002347	1.89330604432735	1.26823384946235	1.48404108486028	1.16350904423075	0.955116912982882	0.720276520935105	-1.81436650826408	1.69965165527766
ASV_622_16S	-1.45283707830494	1.98797953144352	1.15798491122861	0.725902136526162	-0.445854203616348	0.343052812731294	2.05716566253649	0.220524010773347	1.87292257171669	1.94779239513829	1.69360585219977	-2.3271789330335	0.363270346456138	-1.95831352002347	1.46044196203107	-0.841979350884243	0.61220211555696	3.02672747744095	2.05372920165099	0.366636480691527	-1.81436650826408	-2.19216864283297
ASV_623_16S	-1.45283707830494	-2.44283726739979	0.56146456635774	1.45987131160636	0.981262152023798	-2.22189654473024	-1.16171016233171	0.767067717141416	-1.6235849897498	-0.885420948917922	1.67418776634267	1.18436650579752	-3.07071685802901	1.8028865956701	2.04358824737669	1.66354658610649	1.57105246184991	-1.03371553310547	-2.26375891188532	2.41920500412027	-1.81436650826408	-2.19216864283297
ASV_626_16S	-1.45283707830494	0.329751454839989	0.0149208599896702	-2.45215169382178	-2.2376136728444	-2.22189654473024	-1.16171016233171	0.793043203544677	1.20962835430642	-0.885420948917922	-2.25763786638165	0.157727716754501	0.455643666587153	1.62520541843264	-1.71761186831687	1.64292729890376	-2.52329210037219	-1.03371553310547	1.66806672083901	1.01326364561658	-1.81436650826408	1.3341918817832
ASV_628_16S	1.25521312279727	0.122112090061744	-3.07612159336865	0.592370743901639	1.16358370881775	1.41568961499614	-1.16171016233171	-2.87051844258497	0.573639587586425	1.51247432388045	-2.25763786638165	-0.381268783978186	-0.362666656926799	0.121128021656368	1.68358551334528	-0.148832170324298	-0.913854187938089	2.14433829724247	-2.26375891188532	-1.18396093171964	0.131543640791232	0.852353794890458
ASV_629_16S	-1.45283707830494	-2.44283726739979	-3.07612159336865	1.57319999691337	1.28874685177176	-2.22189654473024	-1.16171016233171	1.94166591278745	-1.6235849897498	-0.885420948917922	1.35328004626257	-0.247737391353663	-1.27895738880095	1.89183408168659	-1.71761186831687	0.479776489098076	-2.52329210037219	1.53123382435606	0.731973361668672	3.13922520293131	0.265075033415755	-0.112727101153129
ASV_631_16S	1.91445875168154	0.852999598604537	0.85570403935568	1.49909202475964	1.67440933258374	0.668475213165922	-1.16171016233171	0.42531842341936	-1.6235849897498	2.05901803024852	0.786884571341769	0.198549711274756	-0.43165952841375	-1.95831352002347	-1.71761186831687	-2.22827371200413	0.184758100730021	-1.03371553310547	-2.26375891188532	-0.564921723313416	-1.81436650826408	-2.19216864283297
ASV_635_16S	-1.45283707830494	-2.44283726739979	-3.07612159336865	1.79634354822758	1.92126941051527	-2.22189654473024	-1.16171016233171	1.84798042871012	-1.6235849897498	-0.885420948917922	-2.25763786638165	2.11547232345682	1.63881334328333	-1.95831352002347	-1.71761186831687	-2.22827371200413	-2.52329210037219	-1.03371553310547	-2.26375891188532	-3.12987108077495	-1.81436650826408	-2.19216864283297
ASV_645_16S	-1.45283707830494	3.40648751254707	2.80441139303205	-2.45215169382178	-2.2376136728444	-2.22189654473024	-1.16171016233171	-2.87051844258497	-1.6235849897498	-0.885420948917922	-2.25763786638165	2.66664924274638	-3.07071685802901	-1.95831352002347	-1.71761186831687	-2.22827371200413	-2.52329210037219	-1.03371553310547	-2.26375891188532	-3.12987108077495	1.79655140438014	-2.19216864283297
ASV_649_16S	-1.45283707830494	0.552895006154198	-0.303532871128865	-2.45215169382178	-2.2376136728444	-2.22189654473024	-1.16171016233171	-2.87051844258497	0.861321660038205	-0.885420948917922	-2.25763786638165	-3.02032611359344	1.3836304382245	2.2463790993675	2.73673542793663	0.256632937783866	-2.52329210037219	-1.03371553310547	-2.26375891188532	-3.12987108077495	-1.81436650826408	0.641044701223251
ASV_652_16S	-0.759689897744992	-0.363395725719957	-1.28436212414059	0.766724131046416	0.981262152023798	0.0806885482638036	-1.16171016233171	-0.791076900905133	0.679000103244251	-0.885420948917922	0.381419463233604	-3.02032611359344	-0.362666656926799	-1.95831352002347	0.361829673362961	-0.282363562948821	0.521230337351234	-1.03371553310547	-1.16514662321721	0.271326300887202	0.382858069072138	-0.582730730398865
ASV_653_16S	1.18622025131032	1.76185535199117	0.894170320183476	1.28551792446158	0.758118600709588	-2.22189654473024	1.92933229102661	1.08072527599646	-1.6235849897498	-0.885420948917922	2.5045360684161	1.87002301462831	2.27639067268846	-1.95831352002347	2.62619355353681	1.40931244772225	0.521230337351234	-1.03371553310547	1.10353691810116	0.237424749211521	-1.81436650826408	-2.19216864283297
ASV_651_16S	-1.45283707830494	-0.496927118344479	-3.07612159336865	3.24494179268362	2.77302162125185	-0.835602183610352	1.14087493066234	-0.567933349590923	0.16817447947826	-0.885420948917922	-2.25763786638165	-3.02032611359344	0.484631203460405	-1.95831352002347	-1.71761186831687	-2.22827371200413	-2.52329210037219	-1.03371553310547	-0.0665343345490994	-3.12987108077495	-1.81436650826408	-2.19216864283297
ASV_659_16S	1.18622025131032	0.552895006154198	0.450238931247516	2.02518512065642	2.07987444069191	1.14539928525623	-1.16171016233171	1.31913629944146	-1.6235849897498	-0.885420948917922	1.26872265823451	1.00502557714171	0.330480523633147	1.26056230484473	-1.71761186831687	1.26823384946235	2.20409571834015	-1.03371553310547	0.731973361668672	1.22683774591464	0.893683692838129	1.5690314728606
ASV_661_16S	-1.45283707830494	-2.44283726739979	0.685078522324917	0.638890759536532	0.0649714201496434	1.70992908799408	-1.16171016233171	-2.87051844258497	-1.6235849897498	-0.885420948917922	1.67418776634267	-3.02032611359344	-1.46127894559491	-1.95831352002347	-1.71761186831687	-2.22827371200413	-1.1369977392523	-1.03371553310547	0.914294918462627	0.913180187059597	-1.81436650826408	-2.19216864283297
ASV_668_16S	-1.45283707830494	0.329751454839989	1.31832756130379	-2.45215169382178	-0.158172131164567	2.23245075152326	1.03551441500451	-2.87051844258497	-1.6235849897498	1.67952840854361	3.19340058718405	1.4683102561387	1.29873099443801	1.47567368446168	-1.71761186831687	-2.22827371200413	-2.52329210037219	-1.03371553310547	-2.26375891188532	-0.357282358535172	-1.81436650826408	-2.19216864283297
ASV_669_16S	0.945058194493433	-2.44283726739979	-0.511172235907109	-2.45215169382178	2.25102269688774	0.611316799325974	1.32319648745629	-0.0979297203451881	0.941364367711742	2.75216521080846	-2.25763786638165	-0.535419463805444	-3.07071685802901	-0.572019158903577	2.11102952817222	0.336675645457403	0.521230337351234	-1.03371553310547	0.221147737902681	-0.08534864305153	-1.81436650826408	0.898873810525351
ASV_677_16S	-1.45283707830494	-2.44283726739979	0.894170320183476	-2.45215169382178	1.78773801789075	-2.22189654473024	-1.16171016233171	2.06395549054572	2.11408462853357	-0.885420948917922	2.05985024715466	1.42232514289687	-3.07071685802901	-1.95831352002347	-1.71761186831687	2.20254308683918	2.62999949412559	-1.03371553310547	-2.26375891188532	1.1467950382411	-1.81436650826408	-2.19216864283297
ASV_678_16S	-1.45283707830494	-2.44283726739979	-3.07612159336865	0.381061650234432	-2.2376136728444	0.722542434436198	1.32319648745629	0.125213830969022	0.941364367711742	-0.885420948917922	-0.648199953947554	-0.0245938400394534	0.735945631741311	2.64685666596462	1.11560147573934	-2.22827371200413	0.421146878794251	-1.03371553310547	-2.26375891188532	-3.12987108077495	-1.81436650826408	-2.19216864283297
ASV_680_16S	-1.45283707830494	-2.44283726739979	-3.07612159336865	0.320437028417997	0.534975049395379	-2.22189654473024	1.67150318172451	-2.87051844258497	0.455856551930041	-0.885420948917922	-2.25763786638165	-0.075887134427004	-3.07071685802901	-1.95831352002347	-1.71761186831687	-2.22827371200413	-2.52329210037219	1.16350904423075	-2.26375891188532	0.0481827495729927	-1.81436650826408	0.110416450161081
ASV_681_16S	-1.45283707830494	2.30209486096346	1.53899892347261	-2.45215169382178	-2.2376136728444	-2.22189654473024	-1.16171016233171	0.42531842341936	-1.6235849897498	-0.885420948917922	1.45593420032265	2.53263347132817	-3.07071685802901	-1.95831352002347	-1.71761186831687	1.88260015216918	-2.52329210037219	-1.03371553310547	-2.26375891188532	-3.12987108077495	-1.81436650826408	2.67536580762262
ASV_682_16S	-1.45283707830494	-2.44283726739979	-3.07612159336865	-2.45215169382178	-2.2376136728444	-2.22189654473024	-1.16171016233171	0.818361011528967	1.77761239191236	-0.885420948917922	-2.25763786638165	2.37783658792431	-3.07071685802901	-1.95831352002347	-1.71761186831687	1.29808681261203	-2.52329210037219	-1.03371553310547	-2.26375891188532	-3.12987108077495	-1.81436650826408	2.40295120730162
ASV_684_16S	1.91445875168154	0.265212933702418	-0.24290824931243	0.543580579732207	1.69421195987992	-2.22189654473024	-1.16171016233171	-0.0979297203451881	-1.6235849897498	1.51247432388045	-2.25763786638165	-0.187112769537228	-0.362666656926799	0.121128021656368	1.37343058504144	-0.618835799570034	-2.52329210037219	2.18516029176273	-2.26375891188532	-0.932646503438733	1.48147035774025	1.49671081128097
ASV_698_16S	-1.45283707830494	1.24604218671414	1.40121522110956	-2.45215169382178	-2.2376136728444	-2.22189654473024	-1.16171016233171	-2.87051844258497	-1.6235849897498	-0.885420948917922	-2.25763786638165	2.63566569722641	-3.07071685802901	-1.95831352002347	-1.71761186831687	-2.22827371200413	-2.52329210037219	-1.03371553310547	-2.26375891188532	-3.12987108077495	-1.81436650826408	3.6099497325441
ASV_700_16S	-1.45283707830494	1.71604581595988	0.894170320183476	1.65872217035153	2.79282424854803	-2.22189654473024	-1.16171016233171	1.00068256832292	-1.6235849897498	-0.885420948917922	1.50356224931191	1.33638271309615	-3.07071685802901	1.53819404144301	-1.71761186831687	-2.22827371200413	1.96534426935995	-1.03371553310547	-2.26375891188532	1.17419401242922	-1.81436650826408	-2.19216864283297
ASV_701_16S	-1.45283707830494	-2.44283726739979	1.00141585053707	1.86533641971453	2.40677722629697	1.85564089917548	-1.16171016233171	0.818361011528967	-1.6235849897498	-0.885420948917922	2.21969894809655	1.56464136507713	-3.07071685802901	-1.95831352002347	-1.71761186831687	1.20571349248101	-2.52329210037219	-1.03371553310547	-2.26375891188532	0.720276520935105	-1.81436650826408	-2.19216864283297
ASV_712_16S	0.945058194493433	-2.44283726739979	-3.07612159336865	2.59127342309746	2.44451755427982	1.36162239372587	-1.16171016233171	-2.87051844258497	-1.6235849897498	1.75363638069734	2.57067587092065	-3.02032611359344	-3.07071685802901	-1.95831352002347	-1.71761186831687	-2.22827371200413	2.7700127243523	1.79949781095074	1.29158914960409	-3.12987108077495	2.07745378984655	0.580420079406816
ASV_719_16S	-1.45283707830494	1.16808064524443	0.637450473335662	1.83830774732661	-2.2376136728444	-2.22189654473024	0.784199986723604	1.17253282524958	0.774310283048576	-0.885420948917922	-2.25763786638165	0.763863520324817	1.1487908471471	1.29978301799801	1.89330604432735	1.55591592191413	-2.52329210037219	-1.03371553310547	-2.26375891188532	2.12762429125283	-1.81436650826408	-2.19216864283297
ASV_724_16S	-1.45283707830494	-2.44283726739979	1.50884588530193	-2.45215169382178	-2.2376136728444	-0.0246719673940228	-1.16171016233171	-2.87051844258497	-1.6235849897498	-0.885420948917922	3.78023305354048	-3.02032611359344	-3.07071685802901	2.88587356643512	-1.71761186831687	-0.618835799570034	-2.52329210037219	-1.03371553310547	-2.26375891188532	-0.421820879672743	-1.81436650826408	-2.19216864283297
ASV_726_16S	-1.45283707830494	1.3858041290893	1.30590504130524	-2.45215169382178	-2.2376136728444	-2.22189654473024	-1.16171016233171	1.56029835625834	2.26823530836083	-0.885420948917922	-2.25763786638165	-3.02032611359344	1.49363133343883	2.49603377623004	-1.71761186831687	-2.22827371200413	-2.52329210037219	-1.03371553310547	-2.26375891188532	-3.12987108077495	-1.81436650826408	1.10366822317136
ASV_727_16S	-1.45283707830494	1.74681747462663	1.18655828367267	1.53683235274249	-2.2376136728444	0.668475213165922	-1.16171016233171	0.348357382283231	1.63451154827169	-0.885420948917922	-2.25763786638165	0.413661090891702	1.02362770419309	1.33752334598086	1.71637533616827	1.10393079817107	1.7671673407762	2.10177868282368	-2.26375891188532	0.947666363130767	0.670540141523919	0.515881558269245
ASV_731_16S	2.35382541146538	2.43236005580136	1.46717318890136	0.725902136526162	0.401443656770856	0.996979280137958	0.447727750102392	-2.87051844258497	-1.6235849897498	1.3118036284183	0.307311491079882	0.763863520324817	0.540201054615216	-0.166554050795412	-1.71761186831687	-0.841979350884243	2.6584914499199	1.26886955988857	-0.317848762830006	1.85373554093338	0.9582222139757	-1.09355635416486
ASV_733_16S	-1.45283707830494	2.39344463955169	1.68605234142911	-2.45215169382178	-2.2376136728444	-2.22189654473024	-1.16171016233171	1.81161278453925	-1.6235849897498	-0.885420948917922	-2.25763786638165	-3.02032611359344	2.08257473646877	-1.95831352002347	-1.71761186831687	0.716165267162306	0.61220211555696	-1.03371553310547	-2.26375891188532	1.49510173250932	-1.81436650826408	-2.19216864283297
ASV_742_16S	-1.45283707830494	2.31075292370657	1.6512662253437	-2.45215169382178	-2.2376136728444	-2.22189654473024	-1.16171016233171	2.32797858868086	-1.6235849897498	-0.885420948917922	-2.25763786638165	-3.02032611359344	2.21248687070898	-1.95831352002347	-1.71761186831687	1.72297000657729	-2.52329210037219	-1.03371553310547	-2.26375891188532	0.947666363130767	-1.81436650826408	-2.19216864283297
ASV_745_16S	0.493073070750376	0.390376076656424	0.752519803120449	1.79634354822758	1.8567308893777	0.773835728823749	-1.16171016233171	0.713000495871141	1.01547233986546	1.82262925218429	1.67418776634267	0.930917604987983	0.296578971957465	0.932058237872697	-1.71761186831687	0.336675645457403	1.6038422846729	0.758043936122583	0.914294918462627	0.202333429400251	-1.81436650826408	0.98588518751498
ASV_748_16S	-1.45283707830494	1.27073479930452	1.06701313302289	-2.45215169382178	-2.2376136728444	-2.22189654473024	-1.16171016233171	0.979629159125089	-1.6235849897498	-0.885420948917922	1.9908573756677	2.16145743669864	1.57367404111236	-1.95831352002347	-1.71761186831687	2.62375655191548	-2.52329210037219	-1.03371553310547	1.89512417147435	1.10423542382231	-1.81436650826408	1.96671444052671
ASV_753_16S	-1.45283707830494	0.648205185958524	-3.07612159336865	0.320437028417997	1.19637353164074	0.550692177509539	-1.16171016233171	-0.385611792796969	1.51190922617935	-0.885420948917922	-2.25763786638165	-3.02032611359344	-3.07071685802901	0.874899824032749	-1.71761186831687	-2.22827371200413	-2.52329210037219	1.3641797396929	-0.0665343345490994	0.698770315714142	1.36368732208386	-2.19216864283297
ASV_760_16S	-1.45283707830494	-2.44283726739979	-3.07612159336865	-2.45215169382178	-2.2376136728444	-2.22189654473024	1.47734716728355	-2.87051844258497	-1.6235849897498	2.11031132463607	-2.25763786638165	-3.02032611359344	-3.07071685802901	-1.95831352002347	-1.71761186831687	-2.22827371200413	0.877905281289966	1.3641797396929	1.92589583014111	-0.239499322878789	-1.81436650826408	-2.19216864283297
ASV_759_16S	1.68265713762421	-2.44283726739979	-3.07612159336865	1.75254092556918	2.6896400123128	-2.22189654473024	-1.16171016233171	0.073920536581471	-1.6235849897498	-0.885420948917922	0.575575477674562	-0.187112769537228	-0.505767500567472	-1.95831352002347	-1.71761186831687	0.410783617611124	2.25583139273934	-1.03371553310547	-2.26375891188532	-3.12987108077495	-1.81436650826408	-2.19216864283297
ASV_766_16S	-1.45283707830494	-2.44283726739979	-3.07612159336865	2.34363885177496	2.55817687275234	-2.22189654473024	-1.16171016233171	-2.87051844258497	-1.6235849897498	-0.885420948917922	2.16120274141494	0.891696891834702	-3.07071685802901	-1.95831352002347	-1.71761186831687	-2.22827371200413	-2.52329210037219	-1.03371553310547	2.76667900950712	1.79010984505317	2.37528823376234	2.37217954863487
ASV_770_16S	-1.45283707830494	-2.44283726739979	-3.07612159336865	-2.45215169382178	-2.2376136728444	-2.22189654473024	-1.16171016233171	3.17685373646131	3.58590116309163	-0.885420948917922	-2.25763786638165	-3.02032611359344	-3.07071685802901	-1.95831352002347	-1.71761186831687	2.22607358424937	-2.52329210037219	-1.03371553310547	0.134136360913052	-3.12987108077495	-1.81436650826408	-2.19216864283297
ASV_772_16S	-1.45283707830494	-2.44283726739979	-0.303532871128865	-2.45215169382178	1.56904881692592	-2.22189654473024	2.20558566765477	0.174003995138454	1.3721472838042	2.1591014888055	-2.25763786638165	-0.717741020599398	-3.07071685802901	0.526593129764533	1.27812040523712	0.0743113809899119	-2.52329210037219	2.14433829724247	-2.26375891188532	-0.490813751159695	1.6821410532024	0.110416450161081
ASV_773_16S	2.236042375809	-2.44283726739979	-3.07612159336865	3.20033748644687	-2.2376136728444	-2.22189654473024	-1.16171016233171	1.02130185552566	-1.6235849897498	-0.885420948917922	-2.25763786638165	-3.02032611359344	-3.07071685802901	-1.95831352002347	-1.71761186831687	1.60036768448496	2.97387612492101	0.912194615949841	1.49744120380824	-3.12987108077495	-1.81436650826408	0.803563630721026
ASV_777_16S	-1.45283707830494	-2.44283726739979	-3.07612159336865	-2.45215169382178	-2.2376136728444	-2.22189654473024	-1.16171016233171	-0.924608293529656	-1.6235849897498	-0.885420948917922	1.00045867163983	-3.02032611359344	0.592844788100638	-1.95831352002347	-1.71761186831687	-2.22827371200413	-2.52329210037219	-1.03371553310547	-2.26375891188532	0.0890047440932475	-1.81436650826408	0.446888686782293
ASV_780_16S	1.80525945971654	-2.44283726739979	-3.07612159336865	0.381061650234432	0.470436528257808	0.417160784885016	0.630049306896346	0.26497577334418	1.46745746360852	-0.885420948917922	0.140257406416716	0.157727716754501	-0.0749845844750179	1.21974031032448	0.584973224677171	0.169621560794237	-2.52329210037219	2.52163252838394	0.444291289216891	-0.038828627416637	0.382858069072138	0.852353794890458
ASV_783_16S	1.76603874656326	0.776038557468408	-0.0315991556452229	0.683342522107365	0.401443656770856	0.956157285617703	-1.16171016233171	0.073920536581471	-1.6235849897498	-0.885420948917922	0.227268783406346	0.275510752410885	-0.0261944203055857	0.749736681078743	-1.71761186831687	1.70355192072019	1.66636264165424	-1.03371553310547	1.86337547315977	1.16058836037344	1.01884683579213	0.641044701223251
ASV_787_16S	1.59168535941849	-2.44283726739979	-3.07612159336865	0.91514413616469	1.47595839385991	-2.22189654473024	-1.16171016233171	-0.231461112969711	-1.6235849897498	2.64093957569824	-2.25763786638165	-3.02032611359344	-3.07071685802901	1.13272893333485	-1.71761186831687	-2.22827371200413	-2.52329210037219	-1.03371553310547	-2.26375891188532	-3.12987108077495	1.40450931660412	-2.19216864283297
ASV_788_16S	-1.45283707830494	-2.44283726739979	-3.07612159336865	-2.45215169382178	-2.2376136728444	-2.22189654473024	2.13412670367262	0.461686067590235	1.84215091304993	-0.885420948917922	3.66394055326216	0.930917604987983	-3.07071685802901	1.08620891769996	-1.71761186831687	-2.22827371200413	-2.52329210037219	-1.03371553310547	-2.26375891188532	0.913180187059597	-1.81436650826408	1.65797895887709
ASV_790_16S	2.43898321980569	1.48898836532453	0.661548024914723	0.843685172182545	-2.2376136728444	-2.22189654473024	-1.16171016233171	1.66208105056829	-1.6235849897498	-0.885420948917922	-2.25763786638165	2.0230990033258	1.11893788399742	-1.95831352002347	0.847337489144662	-2.22827371200413	-2.52329210037219	-1.03371553310547	-2.26375891188532	1.84686266164562	-1.81436650826408	-2.19216864283297
ASV_791_16S	-1.45283707830494	-2.44283726739979	1.03475227080467	-2.45215169382178	-2.2376136728444	-2.22189654473024	1.72866159556446	-2.87051844258497	-1.6235849897498	-0.885420948917922	4.02275797257854	-3.02032611359344	-3.07071685802901	1.75525854668084	-1.71761186831687	-2.22827371200413	-2.52329210037219	-1.03371553310547	-2.26375891188532	0.821372637806475	-1.81436650826408	-2.19216864283297
ASV_802_16S	-1.45283707830494	0.501601711766648	-3.07612159336865	-2.45215169382178	-2.2376136728444	2.69808438109788	-1.16171016233171	-2.87051844258497	-1.6235849897498	-0.885420948917922	3.73132355050821	-3.02032611359344	-3.07071685802901	1.75525854668084	-1.71761186831687	-2.22827371200413	1.30534929611691	-1.03371553310547	0.955116912982882	1.28896952702165	-1.81436650826408	-2.19216864283297
ASV_807_16S	-1.45283707830494	1.9138715592898	1.38978652528594	1.07420883079438	-2.2376136728444	1.72934717385119	1.14087493066234	-2.87051844258497	-1.6235849897498	-0.885420948917922	-2.25763786638165	1.45701070088476	0.455643666587153	-1.95831352002347	-1.71761186831687	-2.22827371200413	1.23790801532137	-1.03371553310547	1.68748480669611	-3.12987108077495	1.58683087339807	-2.19216864283297
ASV_808_16S	-1.45283707830494	-2.44283726739979	0.181974944652836	-2.45215169382178	0.470436528257808	-2.22189654473024	-1.16171016233171	-0.567933349590923	-1.6235849897498	-0.885420948917922	-2.25763786638165	1.44558200506114	-3.07071685802901	-1.95831352002347	0.847337489144662	0.336675645457403	-2.52329210037219	-1.03371553310547	-2.26375891188532	-3.12987108077495	-1.81436650826408	1.02670718203524
ASV_813_16S	1.80525945971654	1.31836284829377	0.966929674465904	1.21140995230786	0.706825306322038	-2.22189654473024	-1.16171016233171	-2.87051844258497	-1.6235849897498	-0.885420948917922	-2.25763786638165	1.10680827145165	-3.07071685802901	1.08620891769996	1.50126395655133	2.17844553526012	1.38873090505596	-1.03371553310547	2.09294991480427	0.631329034918609	-1.81436650826408	-2.19216864283297
ASV_816_16S	-1.45283707830494	-2.44283726739979	-3.07612159336865	-2.45215169382178	-2.2376136728444	-2.22189654473024	2.33479739913477	2.0122834800014	2.26823530836083	-0.885420948917922	-2.25763786638165	-3.02032611359344	0.261487652146195	2.37241982026286	1.74812403448285	-2.22827371200413	-2.52329210037219	2.54980340535064	2.22487745784682	0.913180187059597	1.87451294584986	1.90217591938914
ASV_822_16S	0.744387499031282	0.329751454839989	-0.303532871128865	0.91514413616469	0.0649714201496434	-0.142455003050407	1.61087855990807	0.655842082031192	1.3721472838042	1.06048920013739	1.1435595152805	-0.381268783978186	-0.298128135789228	-0.348875607589367	1.74812403448285	1.10393079817107	0.472440173181802	1.16350904423075	0.444291289216891	0.165965785229376	0.824690821351177	0.292738006955035
ASV_825_16S	-1.45283707830494	-0.0449419946014218	-3.07612159336865	-2.45215169382178	-2.2376136728444	-2.22189654473024	-1.16171016233171	-2.87051844258497	0.774310283048576	-0.885420948917922	0.833404586976662	-3.02032611359344	-3.07071685802901	0.986125459142973	0.921445461298384	1.64292729890376	0.695583724496011	-1.03371553310547	-2.26375891188532	-3.12987108077495	-1.81436650826408	2.15163677902072
ASV_826_16S	-1.45283707830494	-2.44283726739979	0.774026008341413	-2.45215169382178	-2.2376136728444	-2.22189654473024	-1.16171016233171	1.22382611963713	-1.6235849897498	-0.885420948917922	1.52655176753661	1.24235376344787	2.14963896704932	-1.95831352002347	-1.71761186831687	-2.22827371200413	2.16805578185695	-1.03371553310547	2.20214920676926	1.07482153861601	1.96982312565418	-2.19216864283297
ASV_828_16S	-1.45283707830494	0.196220062215466	-3.07612159336865	-2.45215169382178	-2.2376136728444	1.33345151675917	1.97378405359744	-2.87051844258497	1.74371084023668	2.5803149538818	1.10965796360482	-0.535419463805444	-0.873492280692789	-1.95831352002347	1.6496839616696	-2.22827371200413	-2.52329210037219	-1.03371553310547	-2.26375891188532	-0.357282358535172	-1.81436650826408	0.752270336333475
ASV_830_16S	2.55449610692753	0.329751454839989	0.479226468120768	1.28551792446158	2.48977414586794	0.668475213165922	1.67150318172451	-0.305569085123433	0.322325159305518	-0.885420948917922	-0.311727717326341	0.0241963241299787	0.566869301697377	0.986125459142973	-1.71761186831687	-2.22827371200413	1.3479089105357	1.45119111668253	1.74357427334715	0.237424749211521	1.07600524963208	0.110416450161081
ASV_832_16S	0.626604463374898	-0.363395725719957	-3.07612159336865	0.320437028417997	1.12968215714207	-0.0246719673940228	0.224584198788182	-1.26108053015087	0.861321660038205	-0.885420948917922	-2.25763786638165	-1.07441596453813	-1.27895738880095	0.238911057312752	-1.71761186831687	-2.22827371200413	-2.52329210037219	2.10177868282368	-0.877464550765428	-3.12987108077495	-1.81436650826408	1.27356725996676
ASV_835_16S	0.626604463374898	-2.44283726739979	0.32507578829351	1.10319636766763	-2.2376136728444	1.11030796544496	1.03551441500451	-0.0979297203451881	-1.6235849897498	-0.885420948917922	-2.25763786638165	1.02272515424111	0.618162596084928	-1.95831352002347	-1.71761186831687	-2.22827371200413	1.14026954575746	-1.03371553310547	1.31976002657079	0.366636480691527	1.13007247090236	-2.19216864283297
ASV_838_16S	-1.45283707830494	0.776038557468408	0.637450473335662	-2.45215169382178	0.981262152023798	-2.22189654473024	-1.16171016233171	-2.87051844258497	-1.6235849897498	-0.885420948917922	0.786884571341769	1.57479373654115	1.79681759242657	2.10212949052295	1.6496839616696	1.35524522645198	1.1142940593542	-1.03371553310547	1.56488248460378	0.782151924653193	1.27667594509423	0.803563630721026
ASV_839_16S	-1.45283707830494	-2.44283726739979	0.752519803120449	1.15876621882244	-2.2376136728444	-2.22189654473024	2.1704943478435	1.1368147426475	-1.6235849897498	-0.885420948917922	1.90124521697802	0.850874897314447	1.3836304382245	-1.95831352002347	1.80874865629929	1.72297000657729	-2.52329210037219	-1.03371553310547	-2.26375891188532	-3.12987108077495	-1.81436650826408	1.91870522134035
ASV_845_16S	1.31975164393484	-0.833399354965692	-0.99668005168881	-2.45215169382178	-0.158172131164567	-2.22189654473024	1.61087855990807	-0.924608293529656	-0.237290628629904	-0.885420948917922	-2.25763786638165	-0.312275912491234	-3.07071685802901	0.874899824032749	0.361829673362961	-2.22827371200413	-2.52329210037219	-1.03371553310547	-0.317848762830006	-0.357282358535172	1.76915243019203	0.641044701223251
ASV_849_16S	-1.45283707830494	-2.44283726739979	-3.07612159336865	0.112797663639753	-2.2376136728444	-2.22189654473024	-1.16171016233171	1.18992456796145	1.01547233986546	-0.885420948917922	-2.25763786638165	-3.02032611359344	1.91288976367933	0.238911057312752	-1.71761186831687	2.1024596282822	-2.52329210037219	-1.03371553310547	0.827283541472997	1.25215555389893	-1.81436650826408	2.59532309994908
ASV_852_16S	-1.45283707830494	1.83382885161626	-3.07612159336865	-2.45215169382178	-2.2376136728444	1.41568961499614	-1.16171016233171	-2.87051844258497	-1.6235849897498	-0.885420948917922	1.40592377974799	2.57809584540493	1.4066199564492	-1.95831352002347	-1.71761186831687	-2.22827371200413	0.808912409803014	-1.03371553310547	-2.26375891188532	0.631329034918609	-1.81436650826408	-2.19216864283297
ASV_854_16S	0.849748014689108	1.11251079408962	-3.07612159336865	-2.45215169382178	-2.2376136728444	2.27791312560002	-1.16171016233171	-2.87051844258497	-1.6235849897498	3.4840269035491	-2.25763786638165	-0.187112769537228	-3.07071685802901	-1.95831352002347	-1.71761186831687	-2.22827371200413	3.06769488013867	0.758043936122583	1.03207795411901	-1.3381116115469	0.893683692838129	0.803563630721026
ASV_858_16S	1.38037626575128	-2.44283726739979	-3.07612159336865	-2.45215169382178	0.706825306322038	-2.22189654473024	1.32319648745629	-2.87051844258497	-1.6235849897498	0.906338520310133	1.23886969508483	0.275510752410885	-3.07071685802901	-1.95831352002347	0.361829673362961	-2.22827371200413	-2.52329210037219	1.04572600857436	-2.26375891188532	-3.12987108077495	-1.81436650826408	1.14003586734224
ASV_860_16S	-1.45283707830494	-2.44283726739979	0.795079417539245	1.62538575008394	-2.2376136728444	-2.22189654473024	-1.16171016233171	1.44696967095134	-1.6235849897498	-0.885420948917922	-2.25763786638165	1.18436650579752	1.13397576136196	-1.95831352002347	-1.71761186831687	1.38264420064009	1.97651756995808	-1.03371553310547	1.52043072203294	-3.12987108077495	-1.81436650826408	-2.19216864283297
ASV_870_16S	-1.45283707830494	0.265212933702418	1.05101279167645	2.78429026900817	0.247292976943598	0.0806885482638036	-1.16171016233171	-1.26108053015087	1.01547233986546	1.3118036284183	-2.25763786638165	0.445409789206282	0.455643666587153	-1.95831352002347	0.921445461298384	1.81477755583042	0.421146878794251	1.3641797396929	-0.317848762830006	0.42547698071446	0.131543640791232	0.205726629965405
ASV_874_16S	-1.45283707830494	-2.44283726739979	-3.07612159336865	-2.45215169382178	-2.2376136728444	-2.22189654473024	-1.16171016233171	0.958122953904126	1.14900373248999	-0.885420948917922	-2.25763786638165	-3.02032611359344	-3.07071685802901	-1.95831352002347	-1.71761186831687	2.30432578114912	-2.52329210037219	1.3641797396929	-2.26375891188532	-3.12987108077495	-1.81436650826408	-2.19216864283297
ASV_873_16S	1.03206957148306	-2.44283726739979	-3.07612159336865	0.186905635793474	0.706825306322038	0.417160784885016	-1.16171016233171	-2.87051844258497	0.861321660038205	2.05901803024852	-0.178196324701819	-0.455376756131908	-3.07071685802901	0.344271572970579	1.05497685392291	-2.22827371200413	-0.913854187938089	2.40027167137967	-2.26375891188532	-1.3381116115469	-0.204928595829981	0.580420079406816
ASV_879_16S	-1.45283707830494	-2.44283726739979	-3.07612159336865	2.40766071053989	2.83756014238942	-2.22189654473024	-1.16171016233171	1.00068256832292	-1.6235849897498	-0.885420948917922	-2.25763786638165	-3.02032611359344	-3.07071685802901	-1.95831352002347	-1.71761186831687	-2.22827371200413	2.46031452133615	-1.03371553310547	-2.26375891188532	-3.12987108077495	-1.81436650826408	-2.19216864283297
ASV_880_16S	-1.45283707830494	-2.44283726739979	-3.07612159336865	-2.45215169382178	-2.2376136728444	0.913597671198907	2.62247947158655	-2.87051844258497	-1.6235849897498	-0.885420948917922	1.32588107207446	1.78369493113981	0.821103440081618	-1.95831352002347	-1.71761186831687	-2.22827371200413	-0.038385450584189	1.26886955988857	-2.26375891188532	1.21393434107873	-1.81436650826408	1.67903236807493
ASV_882_16S	-1.45283707830494	-2.44283726739979	1.14338611180746	-2.45215169382178	-2.2376136728444	2.43206380542728	-1.16171016233171	-2.87051844258497	-1.6235849897498	-0.885420948917922	3.3983539444382	-3.02032611359344	-3.07071685802901	1.67927263970292	-1.71761186831687	-2.22827371200413	-2.52329210037219	-1.03371553310547	-2.26375891188532	-3.12987108077495	-1.81436650826408	-2.19216864283297
ASV_886_16S	1.03206957148306	0.692656948529357	0.894170320183476	1.70673138953789	1.34590526561171	-2.22189654473024	-1.16171016233171	0.530678939077186	-1.6235849897498	-0.885420948917922	-2.25763786638165	0.34696971639303	0.690483257664554	-1.95831352002347	-1.71761186831687	0.336675645457403	1.32685550133787	-1.03371553310547	-2.26375891188532	-3.12987108077495	-1.81436650826408	-2.19216864283297
ASV_888_16S	-1.45283707830494	-2.44283726739979	-3.07612159336865	0.255898507280426	-2.2376136728444	0.668475213165922	2.05716566253649	-2.87051844258497	-1.6235849897498	2.05901803024852	-2.25763786638165	-1.92171382492533	-3.07071685802901	0.874899824032749	1.05497685392291	-0.282363562948821	-2.52329210037219	1.26886955988857	-0.317848762830006	-3.12987108077495	-1.81436650826408	0.641044701223251
ASV_890_16S	0.338922390923117	1.14068167105632	0.507397345087464	0.592370743901639	0.247292976943598	0.263010105057758	-1.16171016233171	0.0198533153111953	0.573639587586425	-0.885420948917922	-0.871343505261764	0.237770424428038	-0.180345100132844	-0.166554050795412	0.0741476009111803	-0.282363562948821	0.0416572570893474	-1.03371553310547	-0.654320999451219	-1.74357671965506	-1.12121932770414	-2.19216864283297
ASV_894_16S	-1.45283707830494	1.31836284829377	2.13881416424034	-2.45215169382178	-2.2376136728444	-2.22189654473024	-1.16171016233171	-0.385611792796969	0.322325159305518	-0.885420948917922	-2.25763786638165	-3.02032611359344	1.94656297878592	0.749736681078743	-0.108173955882774	-2.22827371200413	-2.52329210037219	-1.03371553310547	-2.26375891188532	0.453647857681157	1.89920555844023	-2.19216864283297
ASV_896_16S	-1.45283707830494	-2.44283726739979	-3.07612159336865	2.0137564248328	2.32673451862343	1.58476594504008	-1.16171016233171	1.61811792714717	-1.6235849897498	-0.885420948917922	-2.25763786638165	0.693245953110864	-3.07071685802901	-1.95831352002347	-1.71761186831687	-2.22827371200413	2.14953673408972	-1.03371553310547	-2.26375891188532	0.631329034918609	-1.81436650826408	-2.19216864283297
ASV_895_16S	1.54289519524905	-2.44283726739979	-1.46668368093455	-2.45215169382178	1.28874685177176	-0.275986395674929	1.40323919512983	-0.924608293529656	-1.6235849897498	-0.885420948917922	-2.25763786638165	-0.622430840795074	-3.07071685802901	1.44288386163869	0.767294781471126	-2.22827371200413	0.184758100730021	1.53123382435606	-0.877464550765428	0.00562313515419666	0.670540141523919	0.698203115063199
ASV_898_16S	-1.45283707830494	-0.833399354965692	-0.131682614202206	-2.45215169382178	-2.2376136728444	0.0806885482638036	0.447727750102392	-2.87051844258497	-1.6235849897498	-0.885420948917922	0.381419463233604	2.34096605211598	0.592844788100638	-0.0124033709681541	-1.71761186831687	-2.22827371200413	-0.731532631144134	-1.03371553310547	0.444291289216891	-0.134138807220962	0.824690821351177	-0.805874281713075
ASV_903_16S	-1.45283707830494	0.552895006154198	-3.07612159336865	-2.45215169382178	-2.2376136728444	-2.22189654473024	-1.16171016233171	0.174003995138454	-1.6235849897498	1.75363638069734	-2.25763786638165	-0.622430840795074	-0.43165952841375	-1.95831352002347	1.27812040523712	-2.22827371200413	-2.52329210037219	-1.03371553310547	-2.26375891188532	-3.12987108077495	-1.81436650826408	1.17512718715351
ASV_908_16S	-1.45283707830494	-2.44283726739979	-1.68982723224876	-2.45215169382178	-2.2376136728444	-2.22189654473024	-1.16171016233171	-2.87051844258497	-1.6235849897498	-0.885420948917922	-0.871343505261764	-0.717741020599398	0.800484152878882	0.932058237872697	1.11560147573934	-0.148832170324298	-2.52329210037219	-1.03371553310547	-2.26375891188532	-3.12987108077495	0.750582849197456	2.17727920963406
ASV_911_16S	-1.45283707830494	-0.140252174405747	-0.080389319814655	1.49909202475964	2.15683548182804	0.722542434436198	-1.16171016233171	0.073920536581471	-1.6235849897498	-0.885420948917922	0.920415963966291	0.115168102335705	-0.43165952841375	-1.95831352002347	-1.71761186831687	1.0675631540002	2.0718277497624	-1.03371553310547	0.221147737902681	0.720276520935105	1.36368732208386	0.292738006955035
ASV_913_16S	-1.45283707830494	3.11012231752182	1.38978652528594	-2.45215169382178	-2.2376136728444	-2.22189654473024	-1.16171016233171	1.25661594246012	-1.6235849897498	-0.885420948917922	-2.25763786638165	-3.02032611359344	1.00682058587671	2.03067052654081	-1.71761186831687	-2.22827371200413	-2.52329210037219	-1.03371553310547	-2.26375891188532	-3.12987108077495	1.99229598150624	-2.19216864283297
ASV_914_16S	-1.45283707830494	-2.44283726739979	0.875122125212782	-2.45215169382178	-2.2376136728444	-2.22189654473024	-1.16171016233171	-2.87051844258497	-1.6235849897498	-0.885420948917922	-2.25763786638165	-3.02032611359344	2.27639067268846	-1.95831352002347	-1.71761186831687	-2.22827371200413	-2.52329210037219	-1.03371553310547	-2.26375891188532	1.22683774591464	2.43412873378528	0.580420079406816
ASV_916_16S	-1.45283707830494	2.1623329185883	0.949230097366504	-2.45215169382178	0.534975049395379	0.550692177509539	1.14087493066234	-2.87051844258497	1.59529083511841	-0.885420948917922	0.140257406416716	1.42232514289687	0.395019044770718	-1.95831352002347	-1.71761186831687	0.767458561549857	-2.52329210037219	-1.03371553310547	0.444291289216891	-3.12987108077495	-1.81436650826408	0.943325573096184
ASV_922_16S	-1.45283707830494	-2.44283726739979	-3.07612159336865	1.39799590788827	1.93677359705123	-2.22189654473024	-1.16171016233171	-2.87051844258497	-1.6235849897498	-0.885420948917922	1.32588107207446	0.786336376176875	-3.07071685802901	-1.95831352002347	-1.71761186831687	-2.22827371200413	0.910695104112957	2.05732692025284	2.7334533618788	-3.12987108077495	-1.81436650826408	1.06592789518852
ASV_923_16S	-1.45283707830494	-2.44283726739979	-3.07612159336865	2.38413021312969	1.8567308893777	-2.22189654473024	-1.16171016233171	1.17253282524958	-1.6235849897498	-0.885420948917922	1.43124158773228	-3.02032611359344	-3.07071685802901	-1.95831352002347	-1.71761186831687	-2.22827371200413	2.26419964240986	2.62984611302417	1.58638868982474	-3.12987108077495	-1.81436650826408	-2.19216864283297
ASV_925_16S	-1.45283707830494	-2.44283726739979	-3.07612159336865	2.51766160575422	2.74599294886393	-2.22189654473024	-1.16171016233171	-2.87051844258497	-1.6235849897498	-0.885420948917922	1.61356314452624	-3.02032611359344	-3.07071685802901	-1.95831352002347	-1.71761186831687	-2.22827371200413	2.11143688785745	-1.03371553310547	-2.26375891188532	-3.12987108077495	-1.81436650826408	-2.19216864283297
ASV_929_16S	-1.45283707830494	1.95161188727265	1.48822659809919	1.10319636766763	1.93677359705123	-2.22189654473024	-1.16171016233171	-2.87051844258497	-1.6235849897498	-0.885420948917922	-2.25763786638165	-3.02032611359344	-3.07071685802901	-1.95831352002347	-1.71761186831687	-2.22827371200413	2.0818780856159	-1.03371553310547	1.44981315481899	1.54295775368695	-1.81436650826408	-2.19216864283297
ASV_934_16S	-1.45283707830494	-2.44283726739979	-3.07612159336865	0.255898507280426	-2.2376136728444	-2.22189654473024	-1.16171016233171	1.04150456284318	2.01400116997659	-0.885420948917922	-2.25763786638165	-3.02032611359344	-3.07071685802901	-1.95831352002347	-1.71761186831687	-2.22827371200413	1.42795161820924	-1.03371553310547	-2.26375891188532	-3.12987108077495	-1.81436650826408	-2.19216864283297
ASV_936_16S	-1.45283707830494	-2.44283726739979	-3.07612159336865	-2.45215169382178	-2.2376136728444	1.30446397988592	1.61087855990807	-2.87051844258497	-1.6235849897498	2.1591014888055	-0.178196324701819	1.83170415032617	1.78909554633266	-1.95831352002347	-1.71761186831687	-2.22827371200413	-2.52329210037219	-1.03371553310547	-2.26375891188532	-0.038828627416637	0.488218584729965	-2.19216864283297
ASV_935_16S	-1.45283707830494	-2.44283726739979	-3.07612159336865	1.97866510502153	3.04559005589359	-2.22189654473024	-1.16171016233171	-2.87051844258497	-1.6235849897498	-0.885420948917922	-2.25763786638165	-3.02032611359344	0.618162596084928	-1.95831352002347	-1.71761186831687	-2.22827371200413	1.14026954575746	-1.03371553310547	1.64826409354283	0.0481827495729927	1.58683087339807	-2.19216864283297
ASV_941_16S	-1.45283707830494	-2.44283726739979	-3.07612159336865	1.9298749408521	1.90552105354713	-2.22189654473024	-1.16171016233171	-2.87051844258497	-1.6235849897498	-0.885420948917922	-2.25763786638165	-3.02032611359344	-3.07071685802901	-1.95831352002347	-1.71761186831687	-2.22827371200413	-2.52329210037219	-1.03371553310547	2.71984770982302	1.79010984505317	-1.81436650826408	1.65797895887709
ASV_944_16S	-1.45283707830494	-0.363395725719957	1.90061214905193	-2.45215169382178	-2.2376136728444	-2.22189654473024	0.630049306896346	-2.87051844258497	1.01547233986546	-0.885420948917922	-2.25763786638165	1.09054775057987	0.713472775889252	-0.166554050795412	-1.71761186831687	2.12843511468546	-2.52329210037219	-1.03371553310547	-2.26375891188532	1.07482153861601	1.36368732208386	0.852353794890458
ASV_946_16S	-1.45283707830494	0.265212933702418	1.01822296885345	2.19223920531959	-2.2376136728444	-2.22189654473024	-1.16171016233171	2.08530861501629	-1.6235849897498	-0.885420948917922	-2.25763786638165	-3.02032611359344	1.39519126062557	-1.95831352002347	-1.71761186831687	2.07579138120004	2.14014699373988	-1.03371553310547	-2.26375891188532	-3.12987108077495	-1.81436650826408	-2.19216864283297
ASV_948_16S	-1.45283707830494	1.34135236651847	0.949230097366504	-2.45215169382178	-2.2376136728444	1.4416651013994	-1.16171016233171	0.843053624119339	-1.6235849897498	-0.885420948917922	-2.25763786638165	0.949965799958678	2.05324712137425	1.53819404144301	1.71637533616827	-2.22827371200413	-2.52329210037219	-1.03371553310547	-2.26375891188532	-3.12987108077495	-1.81436650826408	-2.19216864283297
ASV_953_16S	2.236042375809	0.0420693823882079	-3.07612159336865	0.981835510663362	-2.2376136728444	-2.22189654473024	-1.16171016233171	0.740399470059255	-1.6235849897498	-0.885420948917922	1.69360585219977	1.6710217686357	1.41791951170313	-1.95831352002347	-1.71761186831687	-2.22827371200413	-2.52329210037219	1.53123382435606	-2.26375891188532	1.16058836037344	2.15592540528804	-2.19216864283297
ASV_958_16S	-1.45283707830494	-2.44283726739979	-3.07612159336865	0.725902136526162	1.87326019132891	-2.22189654473024	-1.16171016233171	0.818361011528967	1.26678676814637	-0.885420948917922	-2.25763786638165	-3.02032611359344	-3.07071685802901	-1.95831352002347	-1.71761186831687	-2.22827371200413	1.66636264165424	-1.03371553310547	-2.26375891188532	-3.12987108077495	-1.81436650826408	-2.19216864283297
ASV_961_16S	-1.45283707830494	-2.44283726739979	-3.07612159336865	-2.45215169382178	-2.2376136728444	1.78543664050223	-1.16171016233171	0.684829618904444	-1.6235849897498	-0.885420948917922	-2.25763786638165	2.6144634895758	-0.126277878862568	-1.95831352002347	-1.71761186831687	-2.22827371200413	-2.52329210037219	-1.03371553310547	0.680680067281121	1.4027284123783	-1.81436650826408	-2.19216864283297
ASV_960_16S	-1.45283707830494	-2.44283726739979	-3.07612159336865	-0.149566600827738	0.247292976943598	0.486153656371968	1.03551441500451	-2.87051844258497	0.322325159305518	1.59948570087008	-2.25763786638165	-1.22856664436539	-3.07071685802901	0.238911057312752	-1.71761186831687	-2.22827371200413	-0.038385450584189	-1.03371553310547	-2.26375891188532	-0.185432101608513	0.382858069072138	0.205726629965405
ASV_963_16S	0.493073070750376	-2.44283726739979	1.33059765389561	1.13136724463433	1.52358644284916	0.722542434436198	-1.16171016233171	1.1368147426475	1.51190922617935	-0.885420948917922	-2.25763786638165	0.668553340520492	-3.07071685802901	-1.95831352002347	0.990438332785335	0.169621560794237	1.51975916746236	0.575722379328628	0.731973361668672	-1.05042953909512	0.58352876453429	-0.246258493777652
ASV_967_16S	-1.45283707830494	-0.0449419946014218	0.912862453195629	-2.45215169382178	-2.2376136728444	-2.22189654473024	-1.16171016233171	-0.472623169786599	-1.6235849897498	-0.885420948917922	-2.25763786638165	-3.02032611359344	1.67421527033424	0.680743809591791	1.86590707013924	-2.22827371200413	-2.52329210037219	-1.03371553310547	0.0388261811087269	-0.357282358535172	1.84919513786557	-2.19216864283297
ASV_970_16S	-1.45283707830494	1.11251079408962	0.56146456635774	1.10319636766763	1.93677359705123	0.417160784885016	-1.16171016233171	-0.305569085123433	-1.6235849897498	-0.885420948917922	0.450412334720556	0.59059179905078	0.821103440081618	-1.95831352002347	-1.71761186831687	-0.282363562948821	0.421146878794251	-1.03371553310547	0.569454432170897	0.913180187059597	-1.81436650826408	-1.49902146227302
ASV_972_16S	-1.45283707830494	-2.44283726739979	-3.07612159336865	-2.45215169382178	0.981262152023798	1.36162239372587	-1.16171016233171	-2.87051844258497	1.01547233986546	-0.885420948917922	-2.25763786638165	-3.02032611359344	-0.362666656926799	-0.348875607589367	-1.71761186831687	-0.282363562948821	-2.52329210037219	2.14433829724247	-2.26375891188532	-3.12987108077495	1.71199401635208	-2.19216864283297
ASV_973_16S	-1.45283707830494	-2.44283726739979	-0.368071392266436	-2.45215169382178	0.470436528257808	-2.22189654473024	-1.16171016233171	-2.87051844258497	-1.6235849897498	0.906338520310133	-2.25763786638165	-0.717741020599398	-3.07071685802901	0.439581752774903	1.99596019838743	2.72755334559713	0.309921243684027	0.758043936122583	-2.26375891188532	0.271326300887202	-1.81436650826408	1.44541751689342
ASV_982_16S	-1.45283707830494	1.08352325721637	0.661548024914723	-2.45215169382178	-2.2376136728444	0.773835728823749	2.01634366801624	1.7144490360856	-1.6235849897498	-0.885420948917922	1.94705475300931	1.19918159158266	0.690483257664554	-1.95831352002347	-1.71761186831687	-2.22827371200413	-2.52329210037219	-1.03371553310547	-2.26375891188532	0.453647857681157	1.18136576528991	1.83318304790218
ASV_988_16S	-1.45283707830494	1.99981398909052	0.8359014120595	-2.45215169382178	-2.2376136728444	-2.22189654473024	-1.16171016233171	-0.162468241482759	0.455856551930041	-0.885420948917922	-2.25763786638165	0.96865793297083	-1.27895738880095	0.238911057312752	0.361829673362961	-2.22827371200413	-2.52329210037219	-1.03371553310547	-2.26375891188532	-0.644964430986953	1.55292932172239	-2.19216864283297
ASV_990_16S	-1.45283707830494	-2.44283726739979	-3.07612159336865	-2.45215169382178	-2.2376136728444	-0.0246719673940228	-1.16171016233171	-0.67329386524875	-1.6235849897498	-0.885420948917922	-2.25763786638165	-0.455376756131908	-0.672821585230638	0.680743809591791	1.57822499768745	2.1661754426683	-2.52329210037219	-1.03371553310547	-2.26375891188532	-3.12987108077495	0.750582849197456	0.698203115063199
ASV_995_16S	-1.45283707830494	-2.44283726739979	-3.07612159336865	-2.45215169382178	-2.2376136728444	-2.22189654473024	-1.16171016233171	0.595217460214757	1.26678676814637	-0.885420948917922	-2.25763786638165	1.74184782120431	-3.07071685802901	-1.95831352002347	1.94594977781277	0.949780118343812	-2.52329210037219	-1.03371553310547	-2.26375891188532	0.335864822024774	-1.81436650826408	2.48996258429125
ASV_1001_16S	-1.45283707830494	0.265212933702418	0.534796319275578	-2.45215169382178	-2.2376136728444	-2.22189654473024	-1.16171016233171	0.174003995138454	-1.6235849897498	-0.885420948917922	1.45593420032265	0.476181447873036	1.72507368756773	-1.95831352002347	-1.71761186831687	1.76071033456014	-2.52329210037219	-1.03371553310547	-2.26375891188532	1.55226014634927	-1.81436650826408	0.803563630721026
ASV_1000_16S	-1.45283707830494	-2.44283726739979	-3.07612159336865	1.65872217035153	2.48088519845069	-2.22189654473024	-1.16171016233171	-2.87051844258497	-1.6235849897498	-0.885420948917922	-2.25763786638165	-3.02032611359344	-3.07071685802901	-1.95831352002347	-1.71761186831687	-2.22827371200413	2.24739252409348	-1.03371553310547	-2.26375891188532	1.6323028540228	-1.81436650826408	-2.19216864283297
ASV_1003_16S	-1.45283707830494	1.24604218671414	0.534796319275578	-2.45215169382178	-2.2376136728444	-2.22189654473024	-1.16171016233171	1.36358806201229	-1.6235849897498	-0.885420948917922	-2.25763786638165	1.07401844862866	1.26001648225732	-1.95831352002347	-1.71761186831687	-2.22827371200413	-2.52329210037219	-1.03371553310547	-2.26375891188532	0.481046831869271	-1.81436650826408	1.47139300329668
ASV_1004_16S	-1.45283707830494	-2.44283726739979	-3.07612159336865	-2.45215169382178	-2.2376136728444	-2.22189654473024	-1.16171016233171	1.60681837189324	-1.6235849897498	-0.885420948917922	-2.25763786638165	-3.02032611359344	1.59272223608306	2.44840572724079	2.25268004523525	-2.22827371200413	-2.52329210037219	-1.03371553310547	-2.26375891188532	-3.12987108077495	-1.81436650826408	2.13856469745337
ASV_1006_16S	-1.45283707830494	-2.44283726739979	1.94115824344628	-2.45215169382178	-2.2376136728444	-2.22189654473024	-1.16171016233171	-0.162468241482759	0.16817447947826	-0.885420948917922	-2.25763786638165	-3.02032611359344	-0.0749845844750179	2.39839530666612	1.46044196203107	-2.22827371200413	-2.52329210037219	-1.03371553310547	-2.26375891188532	-3.12987108077495	-1.81436650826408	0.205726629965405
ASV_1008_16S	1.18622025131032	-0.245612690063573	0.931211591863825	1.1854344659046	1.83992377106132	0.486153656371968	-1.16171016233171	0.125213830969022	-1.6235849897498	0.500873412201969	-0.0604132890454347	-0.312275912491234	0.363270346456138	0.121128021656368	0.584973224677171	0.479776489098076	1.91935915611813	0.912194615949841	0.955116912982882	0.165965785229376	1.07600524963208	-0.246258493777652
ASV_1011_16S	-1.45283707830494	-0.651077798171737	-3.07612159336865	0.255898507280426	-2.2376136728444	-2.22189654473024	0.784199986723604	-0.924608293529656	0.861321660038205	0.906338520310133	-2.25763786638165	1.00502557714171	1.80448046517214	-1.95831352002347	-1.71761186831687	0.862768741354182	-2.52329210037219	1.04572600857436	0.221147737902681	1.54295775368695	-1.81436650826408	1.27356725996676
ASV_1013_16S	0.849748014689108	-0.833399354965692	0.219715272635683	1.82451442519427	2.07987444069191	0.0806885482638036	-1.16171016233171	-0.162468241482759	0.455856551930041	-0.885420948917922	1.45593420032265	0.643235532536202	0.148158966839192	-1.95831352002347	-1.71761186831687	0.0743113809899119	1.75337401864387	-1.03371553310547	0.914294918462627	0.165965785229376	-1.12121932770414	-2.19216864283297
ASV_1014_16S	-1.45283707830494	-1.34422497873168	0.587440052761	-2.45215169382178	-2.2376136728444	-2.22189654473024	-1.16171016233171	-0.472623169786599	-0.237290628629904	-0.885420948917922	0.686801112784786	-2.3271789330335	0.66695276025436	0.121128021656368	-0.108173955882774	-0.148832170324298	-2.52329210037219	-1.03371553310547	0.0388261811087269	2.00002763414812	0.382858069072138	-0.582730730398865
ASV_1015_16S	-1.45283707830494	-2.44283726739979	-3.07612159336865	0.255898507280426	-2.2376136728444	-2.22189654473024	-1.16171016233171	-2.87051844258497	-1.6235849897498	-0.885420948917922	1.43124158773228	-3.02032611359344	2.84817699624414	-1.95831352002347	-1.71761186831687	-2.22827371200413	-2.52329210037219	-1.03371553310547	1.49744120380824	-3.12987108077495	-1.81436650826408	-2.19216864283297
ASV_1018_16S	-1.45283707830494	-2.44283726739979	-3.07612159336865	-2.45215169382178	-2.2376136728444	-2.22189654473024	-1.16171016233171	-2.87051844258497	-1.6235849897498	-0.885420948917922	-2.25763786638165	-0.187112769537228	0.512802080427101	-1.95831352002347	-1.71761186831687	-2.22827371200413	2.99013664579279	-1.03371553310547	0.134136360913052	-3.12987108077495	-1.81436650826408	-2.19216864283297
ASV_1019_16S	-1.45283707830494	1.08352325721637	2.08866438055487	-2.45215169382178	-2.2376136728444	-2.22189654473024	-1.16171016233171	-2.87051844258497	-1.6235849897498	-0.885420948917922	-2.25763786638165	-3.02032611359344	0.757924538460086	1.95370948540468	2.4412712150428	-2.22827371200413	-2.52329210037219	-1.03371553310547	-2.26375891188532	-3.12987108077495	-1.81436650826408	1.3341918817832
ASV_1020_16S	-1.45283707830494	-2.44283726739979	1.55860739486099	-2.45215169382178	-2.2376136728444	-2.22189654473024	2.59948995336185	0.0198533153111953	-1.6235849897498	-0.885420948917922	-2.25763786638165	-3.02032611359344	0.0647773579001409	1.93350677808716	-1.71761186831687	1.55591592191413	-2.52329210037219	-1.03371553310547	-2.26375891188532	1.26457807389749	1.74098155322533	1.65797895887709
ASV_1025_16S	1.54289519524905	1.14068167105632	0.56146456635774	1.49909202475964	2.06645142035977	0.0806885482638036	-1.16171016233171	-2.87051844258497	-1.6235849897498	-0.885420948917922	0.738094407172337	0.237770424428038	-0.180345100132844	-1.95831352002347	-1.71761186831687	-2.22827371200413	1.16558735374175	-1.03371553310547	0.444291289216891	0.00562313515419666	-1.81436650826408	-2.19216864283297
ASV_1026_16S	1.03206957148306	-1.74969008683985	0.219715272635683	1.37648970266731	-1.54446649228446	0.773835728823749	-1.16171016233171	0.563468761900177	0.16817447947826	-0.192273768357977	-2.25763786638165	-0.535419463805444	1.76556504892247	-0.0124033709681541	1.50126395655133	1.66354658610649	0.567750352986127	0.575722379328628	-2.26375891188532	-1.74357671965506	1.07600524963208	-0.246258493777652
ASV_1031_16S	-1.45283707830494	-2.44283726739979	-3.07612159336865	-2.45215169382178	-2.2376136728444	-2.22189654473024	0.630049306896346	-2.87051844258497	0.322325159305518	1.06048920013739	1.9908573756677	-0.0245938400394534	-3.07071685802901	-1.95831352002347	-1.71761186831687	-2.22827371200413	-2.52329210037219	-1.03371553310547	-2.26375891188532	-3.12987108077495	-1.81436650826408	-2.19216864283297
ASV_1032_16S	-1.45283707830494	2.82502089166354	1.88672303689126	-2.45215169382178	-2.2376136728444	-2.22189654473024	-1.16171016233171	-2.87051844258497	-1.6235849897498	-0.885420948917922	-2.25763786638165	-3.02032611359344	0.592844788100638	-1.95831352002347	-1.71761186831687	-2.22827371200413	-2.52329210037219	-1.03371553310547	-2.26375891188532	0.335864822024774	2.03578109344598	-2.19216864283297
ASV_1033_16S	-1.45283707830494	-2.44283726739979	-3.07612159336865	0.0327549559662161	-2.2376136728444	-2.22189654473024	-1.16171016233171	-2.87051844258497	-1.6235849897498	-0.885420948917922	-2.25763786638165	-3.02032611359344	0.757924538460086	-1.95831352002347	-1.71761186831687	-2.22827371200413	1.21437751791118	-1.03371553310547	1.26260161273084	1.13280879626636	0.382858069072138	-2.19216864283297
ASV_1035_16S	-1.45283707830494	-2.44283726739979	-3.07612159336865	-2.45215169382178	-2.2376136728444	2.60641719257206	1.72866159556446	-1.07875897335691	-1.6235849897498	-0.885420948917922	0.140257406416716	-3.02032611359344	-3.07071685802901	-1.95831352002347	-1.71761186831687	-2.22827371200413	-2.52329210037219	-1.03371553310547	-2.26375891188532	-3.12987108077495	-1.81436650826408	-2.19216864283297
ASV_1040_16S	-1.45283707830494	-2.44283726739979	-0.080389319814655	-2.45215169382178	-2.2376136728444	-2.22189654473024	-1.16171016233171	1.92527210301177	-1.6235849897498	-0.885420948917922	-2.25763786638165	-3.02032611359344	1.42909281230126	1.7793560982599	-1.71761186831687	0.479776489098076	-0.913854187938089	-1.03371553310547	-2.26375891188532	-3.12987108077495	-1.81436650826408	1.20902873882919
ASV_1053_16S	-1.45283707830494	0.692656948529357	1.81422753485311	-0.372710152141948	-2.2376136728444	-2.22189654473024	-1.16171016233171	-0.305569085123433	-1.6235849897498	-0.885420948917922	-2.25763786638165	-3.02032611359344	-0.873492280692789	2.53032284970867	1.27812040523712	-2.22827371200413	-2.52329210037219	-1.03371553310547	-2.26375891188532	-3.12987108077495	0.670540141523919	-2.19216864283297
ASV_1052_16S	1.03206957148306	-2.44283726739979	-1.68982723224876	-0.842713781387684	0.80690876487902	-2.22189654473024	0.784199986723604	-2.87051844258497	0.16817447947826	-0.885420948917922	-2.25763786638165	-1.22856664436539	-1.27895738880095	0.439581752774903	1.80874865629929	-2.22827371200413	0.115765229243069	0.352578828014418	-2.26375891188532	-3.12987108077495	-1.81436650826408	-2.19216864283297
ASV_1056_16S	-1.45283707830494	-2.44283726739979	-3.07612159336865	-2.45215169382178	-2.2376136728444	-2.22189654473024	-1.16171016233171	-2.87051844258497	-1.6235849897498	-0.885420948917922	-2.25763786638165	-3.02032611359344	-3.07071685802901	1.73056593409047	1.22682711084957	-2.22827371200413	-2.52329210037219	-1.03371553310547	2.40906992257659	1.28896952702165	-1.81436650826408	-2.19216864283297
ASV_1069_16S	-0.066542717185047	3.58061032556124	-1.13021144431333	-2.45215169382178	-2.2376136728444	-2.22189654473024	-1.16171016233171	-2.87051844258497	-1.6235849897498	-0.885420948917922	-2.25763786638165	-3.02032611359344	-3.07071685802901	-1.95831352002347	-1.71761186831687	-2.22827371200413	-2.52329210037219	-1.03371553310547	-2.26375891188532	-3.12987108077495	-0.204928595829981	-2.19216864283297
ASV_1070_16S	-1.45283707830494	-2.44283726739979	-3.07612159336865	-2.45215169382178	0.940440157503543	-2.22189654473024	-1.16171016233171	-2.87051844258497	-1.6235849897498	-0.885420948917922	-2.25763786638165	0.829821488116614	0.642855208675299	-1.95831352002347	-1.71761186831687	-2.22827371200413	-2.52329210037219	-1.03371553310547	1.29158914960409	1.30094571806836	2.07745378984655	1.27356725996676
ASV_1073_16S	-1.45283707830494	1.52745464615233	0.587440052761	-2.45215169382178	-2.2376136728444	1.17930083693191	-1.16171016233171	-2.87051844258497	-1.6235849897498	-0.885420948917922	-2.25763786638165	0.717343504689924	0.592844788100638	-1.95831352002347	-1.71761186831687	-2.22827371200413	-2.52329210037219	2.49264499151069	2.16705788695799	0.930571929771466	-1.81436650826408	-2.19216864283297
ASV_1074_16S	-0.354224789636828	-2.44283726739979	-3.07612159336865	-0.506241544766471	-2.2376136728444	-2.22189654473024	0.784199986723604	1.04150456284318	0.861321660038205	-0.885420948917922	-0.465878397153599	-3.02032611359344	-0.237503513972793	0.121128021656368	0.847337489144662	-2.22827371200413	-2.52329210037219	-1.03371553310547	0.871735304043831	0.607798537508415	1.27667594509423	0.98588518751498
ASV_1077_16S	-1.45283707830494	-2.44283726739979	-3.07612159336865	-2.45215169382178	-2.2376136728444	-2.22189654473024	-1.16171016233171	-2.87051844258497	-1.6235849897498	-0.885420948917922	2.80495716664531	1.21378039100382	0.841306147399137	-1.95831352002347	-1.71761186831687	1.72297000657729	-2.52329210037219	-1.03371553310547	-2.26375891188532	1.44483989772843	-1.81436650826408	-2.19216864283297
ASV_1080_16S	0.744387499031282	-2.44283726739979	-3.07612159336865	0.112797663639753	-0.0403890955081829	0.0806885482638036	-1.16171016233171	-2.87051844258497	0.861321660038205	0.906338520310133	-2.25763786638165	-0.823101536257225	-3.07071685802901	-1.95831352002347	-1.71761186831687	-2.22827371200413	-2.52329210037219	2.01080690461795	-2.26375891188532	-1.18396093171964	1.89920555844023	-2.19216864283297
ASV_1086_16S	-1.45283707830494	-2.44283726739979	-3.07612159336865	-0.506241544766471	-2.2376136728444	-2.22189654473024	-1.16171016233171	-2.87051844258497	-1.6235849897498	-0.885420948917922	-2.25763786638165	-3.02032611359344	0.713472775889252	1.7793560982599	1.22682711084957	-2.22827371200413	-2.52329210037219	-1.03371553310547	-2.26375891188532	-3.12987108077495	-1.81436650826408	-2.19216864283297
ASV_1090_16S	-1.45283707830494	-2.44283726739979	-0.131682614202206	1.0443558676447	1.12968215714207	0.0806885482638036	-1.16171016233171	0.125213830969022	-1.6235849897498	-0.885420948917922	0.307311491079882	-0.075887134427004	-0.180345100132844	-1.26516633946352	0.0741476009111803	-2.22827371200413	1.75337401864387	-1.03371553310547	0.134136360913052	0.631329034918609	-1.81436650826408	-2.19216864283297
ASV_1089_16S	-1.45283707830494	-2.44283726739979	0.875122125212782	0.381061650234432	-2.2376136728444	-2.22189654473024	-1.16171016233171	1.15483324815018	-1.6235849897498	1.88716777332186	-2.25763786638165	0.59059179905078	-3.07071685802901	-1.95831352002347	2.39326199585644	-2.22827371200413	2.02000268189781	1.73887318913431	-2.26375891188532	0.607798537508415	-1.81436650826408	-2.19216864283297
ASV_1093_16S	-1.45283707830494	0.122112090061744	0.61275786074529	1.59089957401277	1.52358644284916	-2.22189654473024	-1.16171016233171	0.890681673108593	1.67225187625453	-0.885420948917922	-2.25763786638165	-3.02032611359344	-3.07071685802901	-1.95831352002347	-1.71761186831687	1.13902211798234	1.84615575209483	-1.03371553310547	-2.26375891188532	0.202333429400251	1.18136576528991	-2.19216864283297
ASV_1096_16S	-1.45283707830494	-2.44283726739979	-3.07612159336865	-2.45215169382178	0.853428780513914	2.05476957428581	2.27227704215344	-0.0373050985287531	-1.6235849897498	-0.885420948917922	-2.25763786638165	1.02272515424111	1.58324349212851	-1.95831352002347	-1.71761186831687	-2.22827371200413	-2.52329210037219	-1.03371553310547	-2.26375891188532	0.0481827495729927	1.48147035774025	-2.19216864283297
ASV_1095_16S	-1.45283707830494	0.552895006154198	0.450238931247516	-0.254927116485565	-2.2376136728444	0.611316799325974	-1.16171016233171	0.125213830969022	-0.0141470773156946	-0.885420948917922	1.83670669584045	-3.02032611359344	-0.362666656926799	1.17718069590568	0.990438332785335	1.29808681261203	-2.52329210037219	-1.03371553310547	0.0388261811087269	-0.08534864305153	-1.81436650826408	1.85088262500159
ASV_1100_16S	0.626604463374898	-2.44283726739979	-3.07612159336865	-0.254927116485565	-2.2376136728444	-2.22189654473024	1.72866159556446	-0.0979297203451881	-1.6235849897498	1.41716414407612	-0.0604132890454347	-3.02032611359344	-3.07071685802901	-1.95831352002347	0.990438332785335	-2.22827371200413	-2.52329210037219	-1.03371553310547	-2.26375891188532	-3.12987108077495	0.824690821351177	0.446888686782293
ASV_1102_16S	0.156600834129163	-0.833399354965692	-1.46668368093455	-0.149566600827738	0.470436528257808	-0.0246719673940228	-1.16171016233171	-1.48422408146508	0.16817447947826	0.500873412201969	-2.25763786638165	-3.02032611359344	-3.07071685802901	0.439581752774903	1.57822499768745	-0.148832170324298	-1.1369977392523	0.352578828014418	-0.0665343345490994	-0.357282358535172	1.65136939453565	1.20902873882919
ASV_1109_16S	-1.45283707830494	-2.44283726739979	1.53899892347261	-2.45215169382178	-2.2376136728444	0.486153656371968	-1.16171016233171	-2.87051844258497	-1.6235849897498	-0.885420948917922	3.27969640063688	-3.02032611359344	-3.07071685802901	1.21974031032448	-1.71761186831687	-2.22827371200413	-2.52329210037219	-1.03371553310547	-2.26375891188532	-3.12987108077495	-1.81436650826408	-2.19216864283297
ASV_1113_16S	-1.45283707830494	0.265212933702418	0.291174236617828	-2.45215169382178	0.897880543084747	-2.22189654473024	1.40323919512983	-2.87051844258497	0.774310283048576	-0.885420948917922	-2.25763786638165	1.5014624634556	0.918267188535266	-1.95831352002347	-1.71761186831687	0.0743113809899119	-2.52329210037219	-1.03371553310547	0.134136360913052	0.481046831869271	-1.81436650826408	-2.19216864283297
ASV_1112_16S	2.76667062687117	-2.44283726739979	-0.303532871128865	0.766724131046416	2.8186321325039	0.611316799325974	-1.16171016233171	-2.87051844258497	-1.6235849897498	-0.885420948917922	-2.25763786638165	0.413661090891702	-3.07071685802901	-1.95831352002347	-1.71761186831687	-2.22827371200413	1.55424534353353	-1.03371553310547	-2.26375891188532	-3.12987108077495	-1.81436650826408	0.446888686782293
ASV_1118_16S	-1.45283707830494	-0.140252174405747	0.420385968097834	0.843685172182545	-2.2376136728444	-2.22189654473024	-1.16171016233171	0.530678939077186	0.861321660038205	-0.885420948917922	-2.25763786638165	-0.187112769537228	-0.126277878862568	1.13272893333485	-0.108173955882774	1.26823384946235	0.973215461094291	0.758043936122583	-2.26375891188532	-3.12987108077495	0.670540141523919	0.98588518751498
ASV_1121_16S	-1.45283707830494	1.31836284829377	0.685078522324917	1.49909202475964	-2.2376136728444	-2.22189654473024	-1.16171016233171	1.69382974888287	-1.6235849897498	-0.885420948917922	-2.25763786638165	-3.02032611359344	0.918267188535266	-1.95831352002347	-1.71761186831687	-2.22827371200413	1.26089753354607	-1.03371553310547	-2.26375891188532	0.741329930132938	1.87451294584986	-2.19216864283297
ASV_1122_16S	-1.45283707830494	-2.44283726739979	-0.437064263753387	-2.45215169382178	0.706825306322038	-2.22189654473024	0.447727750102392	-2.87051844258497	-1.6235849897498	-0.885420948917922	-0.178196324701819	-3.02032611359344	2.14421889957998	0.121128021656368	-1.71761186831687	-2.22827371200413	-2.52329210037219	-1.03371553310547	-2.26375891188532	-3.12987108077495	-1.81436650826408	-2.19216864283297
ASV_1123_16S	-1.45283707830494	1.24604218671414	1.08276148999103	-2.45215169382178	-2.2376136728444	-2.22189654473024	-1.16171016233171	-2.87051844258497	-1.6235849897498	-0.885420948917922	-2.25763786638165	1.44558200506114	-3.07071685802901	0.749736681078743	-1.71761186831687	-2.22827371200413	-2.52329210037219	-1.03371553310547	-2.26375891188532	-3.12987108077495	-1.81436650826408	1.61449384693735
ASV_1132_16S	-1.45283707830494	1.83382885161626	1.29332625909838	0.683342522107365	1.12968215714207	-2.22189654473024	-1.16171016233171	-2.87051844258497	-1.6235849897498	-0.885420948917922	-2.25763786638165	-3.02032611359344	-3.07071685802901	-1.95831352002347	-1.71761186831687	-2.22827371200413	0.421146878794251	-1.03371553310547	0.731973361668672	0.895480609960197	1.01884683579213	-2.19216864283297
ASV_1130_16S	-1.45283707830494	0.60168517032363	-0.24290824931243	0.592370743901639	-2.2376136728444	-2.22189654473024	-1.16171016233171	-2.87051844258497	-1.6235849897498	-0.885420948917922	0.307311491079882	-0.0245938400394534	0.22512000797532	-1.95831352002347	-1.71761186831687	0.862768741354182	-2.52329210037219	-1.03371553310547	0.731973361668672	-0.08534864305153	-1.81436650826408	1.52140342387134
ASV_1129_16S	-1.45283707830494	0.122112090061744	-0.0315991556452229	-2.45215169382178	-2.2376136728444	0.822625892993181	-1.16171016233171	-0.305569085123433	-1.6235849897498	-0.885420948917922	1.63418243172897	0.0707163397648718	-0.585810208241008	0.344271572970579	-0.618999579648765	0.716165267162306	-0.577381951316876	-1.03371553310547	0.0388261811087269	-0.134138807220962	-1.81436650826408	0.110416450161081
ASV_1133_16S	2.18474908142145	1.02289863539993	0.685078522324917	-2.45215169382178	-2.2376136728444	0.822625892993181	-1.16171016233171	0.348357382283231	1.63451154827169	-0.885420948917922	1.61356314452624	0.275510752410885	0.187379679992473	-1.95831352002347	1.27812040523712	0.256632937783866	-0.32606752303597	-1.03371553310547	0.780763525838104	-0.731975807976582	1.13007247090236	-2.19216864283297
ASV_1134_16S	1.84299978769939	-2.44283726739979	-3.07612159336865	1.67498269122331	1.0945908373308	-2.22189654473024	-1.16171016233171	1.86568000580953	-1.6235849897498	-0.885420948917922	-2.25763786638165	-3.02032611359344	-3.07071685802901	-1.95831352002347	-1.71761186831687	1.62187388970592	1.50205959036296	-1.03371553310547	-2.26375891188532	-3.12987108077495	-1.81436650826408	1.10366822317136
ASV_1151_16S	-1.45283707830494	1.87465084613652	1.31832756130379	-2.45215169382178	-2.2376136728444	-2.22189654473024	-1.16171016233171	1.25661594246012	-1.6235849897498	-0.885420948917922	-2.25763786638165	1.37412304107899	1.70840663508252	-1.95831352002347	-1.71761186831687	-2.22827371200413	-2.52329210037219	-1.03371553310547	-2.26375891188532	-3.12987108077495	-1.81436650826408	-2.19216864283297
ASV_1156_16S	-1.45283707830494	-2.44283726739979	-3.07612159336865	-2.45215169382178	0.758118600709588	-2.22189654473024	-1.16171016233171	-2.87051844258497	0.455856551930041	-0.885420948917922	-2.25763786638165	0.198549711274756	0.363270346456138	-1.95831352002347	-1.71761186831687	0.604939632052082	1.40853353235214	-1.03371553310547	0.680680067281121	0.165965785229376	1.01884683579213	0.292738006955035
ASV_1162_16S	-1.45283707830494	-2.44283726739979	-3.07612159336865	1.35451079594854	1.22812222995532	0.417160784885016	-1.16171016233171	0.740399470059255	3.17220555584695	-0.885420948917922	-0.311727717326341	1.25634000542261	-0.362666656926799	-1.95831352002347	-1.71761186831687	-2.22827371200413	-2.52329210037219	-1.03371553310547	0.221147737902681	-3.12987108077495	-1.81436650826408	-2.19216864283297
ASV_1160_16S	-1.45283707830494	-2.44283726739979	-3.07612159336865	-2.45215169382178	-2.2376136728444	-2.22189654473024	-1.16171016233171	2.71297786619673	-1.6235849897498	-0.885420948917922	-0.465878397153599	-3.02032611359344	-3.07071685802901	-1.95831352002347	-1.71761186831687	-0.148832170324298	-2.52329210037219	-1.03371553310547	-2.26375891188532	-1.3381116115469	-1.81436650826408	-2.19216864283297
ASV_1161_16S	-1.45283707830494	0.122112090061744	0.912862453195629	0.186905635793474	-2.2376136728444	0.611316799325974	-1.16171016233171	-0.385611792796969	-1.6235849897498	-0.885420948917922	1.61356314452624	-0.823101536257225	-0.298128135789228	1.26056230484473	1.99596019838743	0.0743113809899119	-0.577381951316876	-1.03371553310547	-2.26375891188532	0.507715078951433	-1.81436650826408	0.515881558269245
ASV_1166_16S	-1.45283707830494	0.390376076656424	-3.07612159336865	1.28551792446158	1.71363004573703	0.722542434436198	-1.16171016233171	0.174003995138454	-1.6235849897498	-0.885420948917922	0.920415963966291	-0.0245938400394534	-3.07071685802901	-1.95831352002347	-1.71761186831687	-2.22827371200413	1.48404108486028	-1.03371553310547	0.626612846010846	-3.12987108077495	-1.81436650826408	1.36317941865645
ASV_1167_16S	-1.45283707830494	-2.44283726739979	-0.368071392266436	-2.45215169382178	-2.2376136728444	0.773835728823749	0.630049306896346	1.09977347096715	-1.6235849897498	-0.885420948917922	0.686801112784786	0.717343504689924	0.642855208675299	-1.95831352002347	-1.71761186831687	-2.22827371200413	0.367079657523975	-1.03371553310547	0.871735304043831	-0.134138807220962	-1.81436650826408	0.98588518751498
ASV_1165_16S	0.626604463374898	0.692656948529357	-0.678226320570275	1.62538575008394	0.981262152023798	-0.0246719673940228	-1.16171016233171	0.26497577334418	-1.6235849897498	-0.885420948917922	-2.25763786638165	0.0707163397648718	0.261487652146195	-1.95831352002347	-1.71761186831687	-2.22827371200413	0.0416572570893474	-1.03371553310547	0.914294918462627	0.396489443841209	1.48147035774025	0.446888686782293
ASV_1170_16S	-1.45283707830494	-2.44283726739979	-0.080389319814655	-2.45215169382178	-2.2376136728444	-2.22189654473024	2.47587599739468	0.125213830969022	-1.6235849897498	-0.885420948917922	0.686801112784786	0.34696971639303	1.1487908471471	0.606635837438069	-1.71761186831687	-2.22827371200413	1.23790801532137	1.16350904423075	0.827283541472997	0.801954551949373	-1.81436650826408	-2.19216864283297
ASV_1195_16S	-1.45283707830494	1.54614677916448	0.219715272635683	0.91514413616469	-2.2376136728444	-2.22189654473024	-1.16171016233171	-2.87051844258497	-1.6235849897498	-0.885420948917922	-2.25763786638165	0.871494184517182	0.899575055523113	-1.95831352002347	-1.71761186831687	-2.22827371200413	-2.52329210037219	-1.03371553310547	-2.26375891188532	0.335864822024774	-1.81436650826408	-2.19216864283297
ASV_1207_16S	1.38037626575128	-2.44283726739979	-0.437064263753387	-2.45215169382178	-2.2376136728444	-2.22189654473024	-1.16171016233171	-2.87051844258497	-0.524972701081685	-0.885420948917922	1.35328004626257	-3.02032611359344	0.540201054615216	-1.95831352002347	-1.71761186831687	-2.22827371200413	2.21290634802231	-1.03371553310547	-2.26375891188532	-1.52043316834085	-1.81436650826408	-2.19216864283297
ASV_1211_16S	-1.45283707830494	-2.44283726739979	-3.07612159336865	-2.45215169382178	-2.2376136728444	1.41568961499614	1.14087493066234	-0.67329386524875	-0.0141470773156946	-0.885420948917922	-2.25763786638165	0.829821488116614	-3.07071685802901	-1.95831352002347	-1.71761186831687	-2.22827371200413	-2.52329210037219	-1.03371553310547	-2.26375891188532	-3.12987108077495	-1.81436650826408	-2.19216864283297
ASV_1218_16S	0.744387499031282	-2.44283726739979	-3.07612159336865	0.843685172182545	1.59102772364469	0.550692177509539	0.630049306896346	-2.87051844258497	-1.6235849897498	-0.885420948917922	-2.25763786638165	-0.535419463805444	0.363270346456138	-1.95831352002347	1.22682711084957	-2.22827371200413	1.44699981317993	-1.03371553310547	0.301190445576218	0.165965785229376	1.79655140438014	-2.19216864283297
ASV_1221_16S	-1.45283707830494	-2.44283726739979	0.730540896401674	-2.45215169382178	-2.2376136728444	-2.22189654473024	-1.16171016233171	-0.472623169786599	-1.6235849897498	-0.885420948917922	-2.25763786638165	-3.02032611359344	2.06508157902125	1.73056593409047	-0.108173955882774	-2.22827371200413	-2.52329210037219	-1.03371553310547	-2.26375891188532	0.304116123710193	-1.81436650826408	-2.19216864283297
ASV_1225_16S	-1.45283707830494	-2.44283726739979	-3.07612159336865	1.15876621882244	1.65420662526622	-2.22189654473024	-1.16171016233171	0.174003995138454	-1.6235849897498	1.94779239513829	-2.25763786638165	-3.02032611359344	-3.07071685802901	-1.95831352002347	-1.71761186831687	-2.22827371200413	2.25583139273934	-1.03371553310547	-2.26375891188532	-3.12987108077495	-1.81436650826408	-2.19216864283297
ASV_1230_16S	-1.45283707830494	0.447534490496372	0.752519803120449	-2.45215169382178	-2.2376136728444	-2.22189654473024	-1.16171016233171	-0.0979297203451881	-1.6235849897498	-0.885420948917922	-2.25763786638165	-3.02032611359344	-3.07071685802901	2.29018172202589	1.89330604432735	-2.22827371200413	-2.52329210037219	-1.03371553310547	-2.26375891188532	-3.12987108077495	1.36368732208386	-2.19216864283297
ASV_1231_16S	-1.45283707830494	-2.44283726739979	-3.07612159336865	-2.45215169382178	-2.2376136728444	-2.22189654473024	-1.16171016233171	-2.87051844258497	-1.6235849897498	-0.885420948917922	-2.25763786638165	0.445409789206282	1.05641752701608	-1.95831352002347	0.921445461298384	-2.22827371200413	0.0416572570893474	-1.03371553310547	-2.26375891188532	-0.644964430986953	-1.81436650826408	-2.19216864283297
ASV_1234_16S	-1.45283707830494	0.329751454839989	0.0149208599896702	-2.45215169382178	-2.2376136728444	-2.22189654473024	-1.16171016233171	-2.87051844258497	-1.6235849897498	-0.885420948917922	0.833404586976662	2.07342408721332	1.33600238923524	-1.95831352002347	-1.71761186831687	1.50939590627923	-2.52329210037219	-1.03371553310547	0.955116912982882	-3.12987108077495	-1.81436650826408	-2.19216864283297
ASV_1237_16S	-1.45283707830494	0.329751454839989	-0.678226320570275	-2.45215169382178	-2.2376136728444	-2.22189654473024	-1.16171016233171	-2.87051844258497	-1.6235849897498	-0.885420948917922	-2.25763786638165	-3.02032611359344	0.22512000797532	-1.95831352002347	-1.71761186831687	-2.22827371200413	-2.52329210037219	-1.03371553310547	2.71984770982302	-0.357282358535172	2.81060630502019	0.372780714628572
ASV_1239_16S	-1.45283707830494	-2.44283726739979	0.637450473335662	-2.45215169382178	-2.2376136728444	-2.22189654473024	-1.16171016233171	-2.87051844258497	-1.6235849897498	-0.885420948917922	-2.25763786638165	-3.02032611359344	1.3600999408143	-1.95831352002347	-1.71761186831687	-2.22827371200413	1.51975916746236	-1.03371553310547	2.02670052926307	-3.12987108077495	-1.81436650826408	2.52633022846213
ASV_1238_16S	-1.45283707830494	-2.44283726739979	1.28058723332095	-2.45215169382178	-2.2376136728444	-2.22189654473024	-1.16171016233171	-2.87051844258497	-1.6235849897498	-0.885420948917922	-2.25763786638165	-3.02032611359344	0.972334409805542	2.29018172202589	2.19441113711127	-2.22827371200413	-2.52329210037219	-1.03371553310547	-2.26375891188532	-3.12987108077495	-1.81436650826408	2.29646772689917
ASV_1252_16S	-1.45283707830494	1.31836284829377	0.875122125212782	-2.45215169382178	-2.2376136728444	-2.22189654473024	-1.16171016233171	-2.87051844258497	-1.6235849897498	-0.885420948917922	-2.25763786638165	0.693245953110864	0.690483257664554	-1.95831352002347	-1.71761186831687	-2.22827371200413	-2.52329210037219	-1.03371553310547	-2.26375891188532	0.304116123710193	2.03578109344598	0.752270336333475
ASV_1253_16S	-1.45283707830494	-2.44283726739979	-3.07612159336865	-2.45215169382178	-2.2376136728444	-2.22189654473024	-1.16171016233171	0.595217460214757	2.06529446436414	-0.885420948917922	-2.25763786638165	0.563192824862666	-3.07071685802901	0.932058237872697	-1.71761186831687	-2.22827371200413	1.50205959036296	-1.03371553310547	-2.26375891188532	-3.12987108077495	-1.81436650826408	2.35112613943704
ASV_1272_16S	-1.45283707830494	0.0420693823882079	-1.28436212414059	0.766724131046416	-2.2376136728444	0.0806885482638036	-1.16171016233171	-2.87051844258497	-1.6235849897498	-0.885420948917922	-2.25763786638165	-3.02032611359344	-3.07071685802901	-1.95831352002347	-1.71761186831687	-2.22827371200413	-2.52329210037219	-1.03371553310547	2.83610751593888	0.741329930132938	1.71199401635208	-2.19216864283297
ASV_1273_16S	1.18622025131032	-0.363395725719957	-0.99668005168881	-0.254927116485565	-0.445854203616348	-0.275986395674929	-1.16171016233171	-0.924608293529656	-1.6235849897498	-0.885420948917922	-0.465878397153599	-0.312275912491234	-0.0749845844750179	-1.95831352002347	-1.71761186831687	-0.618835799570034	0.808912409803014	-1.03371553310547	0.221147737902681	0.533690565354693	-1.81436650826408	-2.19216864283297
ASV_1277_16S	1.1121122791566	-2.44283726739979	-0.437064263753387	1.41904931708611	1.12968215714207	-0.142455003050407	-1.16171016233171	-2.87051844258497	-1.6235849897498	-0.885420948917922	-2.25763786638165	-0.535419463805444	-3.07071685802901	-1.95831352002347	-1.71761186831687	0.169621560794237	-0.125396827573819	-1.03371553310547	-0.184317370205483	-3.12987108077495	0.9582222139757	-2.19216864283297
ASV_1285_16S	-1.45283707830494	0.265212933702418	0.479226468120768	0.492287285344656	0.401443656770856	0.550692177509539	1.40323919512983	-2.87051844258497	1.32085398941665	-0.885420948917922	-1.56449068582171	0.34696971639303	0.618162596084928	-1.95831352002347	-1.71761186831687	-2.22827371200413	-2.52329210037219	-1.03371553310547	0.134136360913052	-3.12987108077495	-1.81436650826408	0.898873810525351
ASV_1292_16S	-1.45283707830494	0.390376076656424	-3.07612159336865	-0.506241544766471	-2.2376136728444	-0.275986395674929	-1.16171016233171	0.530678939077186	-1.6235849897498	-0.885420948917922	-2.25763786638165	0.157727716754501	0.395019044770718	-1.95831352002347	-1.71761186831687	0.0743113809899119	-0.731532631144134	-1.03371553310547	1.20197699091441	1.04451618912068	0.670540141523919	-2.19216864283297
ASV_1312_16S	-1.45283707830494	-2.44283726739979	0.219715272635683	1.72223557607385	1.19637353164074	-2.22189654473024	-1.16171016233171	-2.87051844258497	-1.6235849897498	-0.885420948917922	-2.25763786638165	-3.02032611359344	0.330480523633147	-1.95831352002347	-1.71761186831687	-2.22827371200413	1.19027996633212	-1.03371553310547	-2.26375891188532	-3.12987108077495	-1.81436650826408	-2.19216864283297
ASV_1313_16S	-1.45283707830494	-2.44283726739979	0.32507578829351	0.186905635793474	1.0945908373308	-0.275986395674929	1.61087855990807	0.073920536581471	-1.6235849897498	-0.885420948917922	-2.25763786638165	-3.02032611359344	-0.768131765034963	-1.95831352002347	1.05497685392291	0.256632937783866	0.877905281289966	-1.03371553310547	-0.0665343345490994	0.533690565354693	0.488218584729965	0.515881558269245
ASV_1315_16S	-1.45283707830494	-2.44283726739979	-3.07612159336865	1.57319999691337	-2.2376136728444	-2.22189654473024	-1.16171016233171	1.04150456284318	-1.6235849897498	-0.885420948917922	1.17634933810349	-3.02032611359344	0.98972615251741	-1.95831352002347	-1.71761186831687	0.816248725719289	-2.52329210037219	-1.03371553310547	-2.26375891188532	-3.12987108077495	-1.81436650826408	-2.19216864283297
ASV_1318_16S	-1.45283707830494	-2.44283726739979	-3.07612159336865	-0.372710152141948	-0.0403890955081829	-2.22189654473024	1.47734716728355	-2.87051844258497	0.573639587586425	1.67952840854361	-0.0604132890454347	-0.823101536257225	-3.07071685802901	1.03741875353052	-1.71761186831687	-2.22827371200413	-2.52329210037219	0.352578828014418	-2.26375891188532	-0.239499322878789	-1.81436650826408	-0.246258493777652
ASV_1319_16S	-1.45283707830494	-2.44283726739979	-3.07612159336865	-2.45215169382178	0.595599671211814	-2.22189654473024	-1.16171016233171	-2.87051844258497	-1.6235849897498	-0.885420948917922	-2.25763786638165	0.115168102335705	0.395019044770718	-1.95831352002347	-1.71761186831687	-2.22827371200413	-2.52329210037219	-1.03371553310547	-2.26375891188532	1.8807642133213	-1.81436650826408	0.752270336333475
ASV_1324_16S	-1.45283707830494	-2.44283726739979	-0.368071392266436	-2.45215169382178	-2.2376136728444	1.11030796544496	-1.16171016233171	-2.87051844258497	-1.6235849897498	-0.885420948917922	2.13681128829078	-3.02032611359344	-3.07071685802901	-1.95831352002347	-1.71761186831687	-1.12966142333602	-2.52329210037219	-1.03371553310547	-2.26375891188532	-0.644964430986953	-1.81436650826408	-2.19216864283297
ASV_1329_16S	-1.45283707830494	0.447534490496372	0.534796319275578	0.255898507280426	2.02506620419691	-2.22189654473024	-1.16171016233171	-2.87051844258497	-1.6235849897498	-0.885420948917922	-2.25763786638165	0.115168102335705	-3.07071685802901	-1.95831352002347	-1.71761186831687	-2.22827371200413	0.77254476563214	-1.03371553310547	-2.26375891188532	0.335864822024774	0.382858069072138	-2.19216864283297
ASV_1330_16S	-1.45283707830494	-2.44283726739979	0.32507578829351	-2.45215169382178	-2.2376136728444	0.611316799325974	-1.16171016233171	-2.87051844258497	-1.6235849897498	-0.885420948917922	1.91674940351398	-3.02032611359344	-3.07071685802901	0.874899824032749	0.584973224677171	0.907220503925016	-2.52329210037219	-1.03371553310547	-2.26375891188532	0.533690565354693	0.131543640791232	0.372780714628572
ASV_1336_16S	-1.45283707830494	-2.44283726739979	0.181974944652836	2.43065022876459	-2.2376136728444	-2.22189654473024	-1.16171016233171	1.00068256832292	-1.6235849897498	-0.885420948917922	-2.25763786638165	-1.07441596453813	-3.07071685802901	-1.95831352002347	-1.71761186831687	0.479776489098076	-2.52329210037219	-1.03371553310547	-2.26375891188532	-3.12987108077495	-1.81436650826408	-2.19216864283297
ASV_1342_16S	-1.45283707830494	-2.44283726739979	-3.07612159336865	0.543580579732207	-2.2376136728444	-2.22189654473024	-1.16171016233171	-2.87051844258497	-1.6235849897498	-0.885420948917922	-2.25763786638165	1.32347930826024	1.59272223608306	-1.95831352002347	-1.71761186831687	-2.22827371200413	1.32685550133787	-1.03371553310547	0.955116912982882	0.741329930132938	-1.81436650826408	-2.19216864283297
ASV_1341_16S	-1.45283707830494	0.390376076656424	-3.07612159336865	0.638890759536532	0.80690876487902	0.486153656371968	-1.16171016233171	0.563468761900177	-1.6235849897498	-0.885420948917922	-2.25763786638165	0.413661090891702	0.566869301697377	-1.95831352002347	0.680283404481496	-2.22827371200413	-2.52329210037219	-1.03371553310547	-2.26375891188532	0.676791408995367	-1.81436650826408	-2.19216864283297
ASV_1347_16S	-1.45283707830494	-2.44283726739979	1.92109068039547	-2.45215169382178	-2.2376136728444	-2.22189654473024	-1.16171016233171	1.02130185552566	-1.6235849897498	-0.885420948917922	-2.25763786638165	-3.02032611359344	0.66695276025436	1.33752334598086	-1.71761186831687	-2.22827371200413	-2.52329210037219	-1.03371553310547	-2.26375891188532	-3.12987108077495	-1.81436650826408	-2.19216864283297
ASV_1346_16S	-1.45283707830494	1.44898303071083	1.14338611180746	-2.45215169382178	-2.2376136728444	-2.22189654473024	-1.16171016233171	-2.87051844258497	-1.6235849897498	-0.885420948917922	-2.25763786638165	-3.02032611359344	-3.07071685802901	1.56804700459269	-1.71761186831687	-2.22827371200413	-2.52329210037219	-1.03371553310547	-2.26375891188532	-3.12987108077495	0.382858069072138	-2.19216864283297
ASV_1358_16S	-0.759689897744992	-2.44283726739979	-0.878897016032426	0.843685172182545	0.981262152023798	-0.612458632296142	-1.16171016233171	-0.0373050985287531	-1.6235849897498	-0.885420948917922	0.63273389151451	-0.940884571913609	-0.585810208241008	-1.95831352002347	-1.71761186831687	0.479776489098076	1.50205959036296	-1.03371553310547	-0.184317370205483	-0.134138807220962	-0.204928595829981	1.14003586734224
ASV_1359_16S	-1.45283707830494	-0.363395725719957	-0.7735365003746	-2.45215169382178	-2.2376136728444	-0.430137075502187	-1.16171016233171	-2.87051844258497	1.14900373248999	-0.885420948917922	1.7854134014529	-3.02032611359344	-0.585810208241008	-1.95831352002347	0.479612709019345	-0.0310491346679145	-2.52329210037219	-1.03371553310547	-2.26375891188532	-0.239499322878789	-1.81436650826408	0.110416450161081
ASV_1376_16S	-1.45283707830494	-2.44283726739979	1.08276148999103	-2.45215169382178	-2.2376136728444	-2.22189654473024	-1.16171016233171	0.655842082031192	-1.6235849897498	-0.885420948917922	-2.25763786638165	-3.02032611359344	-3.07071685802901	-1.95831352002347	-1.71761186831687	-2.22827371200413	-2.52329210037219	-1.03371553310547	-2.26375891188532	1.23957677169207	-1.81436650826408	1.3341918817832
ASV_1378_16S	-1.45283707830494	-2.44283726739979	-3.07612159336865	-2.45215169382178	-2.2376136728444	1.03619999329124	-1.16171016233171	-2.87051844258497	-1.6235849897498	-0.885420948917922	-2.25763786638165	0.850874897314447	-0.362666656926799	-1.95831352002347	-1.71761186831687	-2.22827371200413	1.66636264165424	1.53123382435606	0.444291289216891	0.741329930132938	-1.81436650826408	-2.19216864283297
ASV_1389_16S	-1.45283707830494	-2.44283726739979	0.774026008341413	1.70673138953789	-2.2376136728444	-2.22189654473024	-1.16171016233171	0.740399470059255	-1.6235849897498	-0.885420948917922	-2.25763786638165	-3.02032611359344	-3.07071685802901	-1.95831352002347	-1.71761186831687	-2.22827371200413	1.48404108486028	-1.03371553310547	-2.26375891188532	-3.12987108077495	-1.81436650826408	-2.19216864283297
ASV_1388_16S	-1.45283707830494	2.54759531937894	-3.07612159336865	-2.45215169382178	-2.2376136728444	-2.22189654473024	-1.16171016233171	1.34898926259114	1.26678676814637	-0.885420948917922	-2.25763786638165	-3.02032611359344	-3.07071685802901	-1.95831352002347	1.41788234761228	-2.22827371200413	-2.52329210037219	-1.03371553310547	-2.26375891188532	-3.12987108077495	-1.81436650826408	-2.19216864283297
ASV_1392_16S	-1.45283707830494	-2.44283726739979	-0.131682614202206	-2.45215169382178	-2.2376136728444	-2.22189654473024	-1.16171016233171	0.793043203544677	-1.6235849897498	-0.885420948917922	-2.25763786638165	-3.02032611359344	-0.43165952841375	0.439581752774903	-1.71761186831687	2.06218572914426	1.32685550133787	-1.03371553310547	-2.26375891188532	-3.12987108077495	-1.81436650826408	1.17512718715351
ASV_1398_16S	-0.354224789636828	0.265212933702418	-0.591214943580646	0.91514413616469	1.61253392886566	0.486153656371968	-1.16171016233171	-2.87051844258497	-1.6235849897498	-0.885420948917922	0.307311491079882	-1.07441596453813	-0.672821585230638	-1.95831352002347	-1.71761186831687	-2.22827371200413	0.734804437649293	-1.03371553310547	1.03207795411901	0.0481827495729927	-1.81436650826408	-2.19216864283297
ASV_1404_16S	-1.45283707830494	-2.44283726739979	0.894170320183476	0.320437028417997	0.247292976943598	-2.22189654473024	-1.16171016233171	0.684829618904444	-1.6235849897498	-0.885420948917922	-2.25763786638165	-3.02032611359344	-3.07071685802901	-1.95831352002347	-1.71761186831687	-2.22827371200413	0.973215461094291	-1.03371553310547	-2.26375891188532	0.913180187059597	-1.81436650826408	-2.19216864283297
ASV_1413_16S	-0.759689897744992	0.329751454839989	-0.368071392266436	-0.506241544766471	-0.0403890955081829	0.175998728068128	-1.16171016233171	-0.0373050985287531	-0.524972701081685	-0.885420948917922	-0.871343505261764	-0.717741020599398	-1.46127894559491	-1.95831352002347	0.584973224677171	-0.436514242776079	0.309921243684027	-1.03371553310547	0.0388261811087269	-0.421820879672743	-0.715754219595971	0.00505593450325437
ASV_1419_16S	-0.759689897744992	0.552895006154198	-0.437064263753387	-1.75900451326184	-2.2376136728444	-0.430137075502187	-1.16171016233171	-0.791076900905133	-1.6235849897498	-0.885420948917922	-2.25763786638165	-1.63403175247355	1.28599196866058	-1.95831352002347	-1.71761186831687	-0.841979350884243	-1.42467981170408	-0.340568352545527	0.375298417729939	-3.12987108077495	1.71199401635208	1.71985436259518
ASV_1423_16S	-1.45283707830494	-0.140252174405747	-0.080389319814655	1.53683235274249	0.897880543084747	-2.22189654473024	-1.16171016233171	-2.87051844258497	-1.6235849897498	-0.885420948917922	-2.25763786638165	-3.02032611359344	-3.07071685802901	-1.95831352002347	-1.71761186831687	-2.22827371200413	0.844003729614285	-1.03371553310547	0.680680067281121	1.23957677169207	-1.81436650826408	-2.19216864283297
ASV_1422_16S	-1.45283707830494	-2.44283726739979	-3.07612159336865	0.320437028417997	-2.2376136728444	-2.22189654473024	-1.16171016233171	-2.87051844258497	1.46745746360852	-0.885420948917922	0.877856349547495	-3.02032611359344	-3.07071685802901	-1.95831352002347	1.22682711084957	-2.22827371200413	-2.52329210037219	-1.03371553310547	-2.26375891188532	0.453647857681157	-1.81436650826408	0.515881558269245
ASV_1424_16S	-1.45283707830494	-2.44283726739979	-0.99668005168881	0.543580579732207	0.470436528257808	-2.22189654473024	-1.16171016233171	-0.924608293529656	-1.6235849897498	-0.885420948917922	-2.25763786638165	-1.63403175247355	-3.07071685802901	0.439581752774903	-1.71761186831687	0.907220503925016	-2.52329210037219	-1.03371553310547	-0.654320999451219	-0.239499322878789	-1.81436650826408	-2.19216864283297
ASV_1428_16S	1.68265713762421	-2.44283726739979	1.06701313302289	0.725902136526162	-2.2376136728444	-2.22189654473024	-1.16171016233171	0.913671191333292	-1.6235849897498	-0.885420948917922	-2.25763786638165	-0.247737391353663	1.00682058587671	-1.95831352002347	-1.71761186831687	1.23746219079559	-2.52329210037219	-1.03371553310547	-2.26375891188532	-3.12987108077495	-1.81436650826408	-2.19216864283297
ASV_1434_16S	-1.45283707830494	0.60168517032363	-0.437064263753387	-2.45215169382178	-2.2376136728444	-2.22189654473024	-1.16171016233171	-2.87051844258497	-1.6235849897498	-0.885420948917922	1.03819899962267	0.668553340520492	-3.07071685802901	-1.95831352002347	-1.71761186831687	1.29808681261203	0.309921243684027	-1.03371553310547	-2.26375891188532	0.930571929771466	-1.81436650826408	-2.19216864283297
ASV_1436_16S	-1.45283707830494	-2.44283726739979	0.389614309431081	-2.45215169382178	1.99649283175286	-2.22189654473024	-1.16171016233171	-0.0979297203451881	-1.6235849897498	-0.885420948917922	-2.25763786638165	0.115168102335705	-3.07071685802901	-1.95831352002347	-1.71761186831687	0.949780118343812	1.40853353235214	-1.03371553310547	0.508829810354462	0.698770315714142	-1.81436650826408	0.641044701223251
ASV_1437_16S	-1.45283707830494	-2.44283726739979	-3.07612159336865	-2.45215169382178	-2.2376136728444	1.62825105697982	1.72866159556446	-2.87051844258497	2.16060464416847	-0.885420948917922	1.90124521697802	-3.02032611359344	-3.07071685802901	-1.95831352002347	-1.71761186831687	-2.22827371200413	-2.52329210037219	-1.03371553310547	-2.26375891188532	-3.12987108077495	-1.81436650826408	1.14003586734224
ASV_1445_16S	-1.45283707830494	-2.44283726739979	-0.303532871128865	-2.45215169382178	-2.2376136728444	0.550692177509539	-1.16171016233171	-2.87051844258497	1.14900373248999	-0.885420948917922	1.52655176753661	0.535021947895969	-0.126277878862568	1.73056593409047	1.80874865629929	-2.22827371200413	-2.52329210037219	-1.03371553310547	-2.26375891188532	0.0890047440932475	-1.81436650826408	-2.19216864283297
ASV_1455_16S	-1.45283707830494	1.08352325721637	0.966929674465904	-2.45215169382178	-2.2376136728444	-2.22189654473024	-1.16171016233171	0.307535387762977	-1.6235849897498	-0.885420948917922	-2.25763786638165	0.157727716754501	-3.07071685802901	0.439581752774903	-1.71761186831687	-2.22827371200413	-0.038385450584189	-1.03371553310547	-2.26375891188532	0.720276520935105	1.79655140438014	-2.19216864283297
ASV_1456_16S	-1.45283707830494	0.122112090061744	0.420385968097834	-2.45215169382178	-2.2376136728444	0.913597671198907	1.14087493066234	0.530678939077186	-1.6235849897498	-0.885420948917922	0.920415963966291	-0.12995435569728	0.66695276025436	-1.95831352002347	0.584973224677171	0.66209804589203	-2.52329210037219	-1.03371553310547	-2.26375891188532	0.859112965789322	-1.81436650826408	-0.112727101153129
ASV_1460_16S	-1.45283707830494	-2.44283726739979	-3.07612159336865	0.766724131046416	-2.2376136728444	-2.22189654473024	-1.16171016233171	-2.87051844258497	-1.6235849897498	-0.885420948917922	-2.25763786638165	0.871494184517182	-0.0261944203055857	0.874899824032749	-1.71761186831687	-0.148832170324298	-0.125396827573819	-1.03371553310547	-2.26375891188532	1.66591946482179	-1.81436650826408	-2.19216864283297
ASV_1468_16S	-1.45283707830494	1.05367029406669	0.730540896401674	-2.45215169382178	-2.2376136728444	1.92123818166129	-1.16171016233171	0.26497577334418	-1.6235849897498	-0.885420948917922	-2.25763786638165	-3.02032611359344	-3.07071685802901	-1.95831352002347	-1.71761186831687	-2.22827371200413	-2.52329210037219	-1.03371553310547	-2.26375891188532	-0.185432101608513	-1.81436650826408	-2.19216864283297
ASV_1478_16S	1.31975164393484	2.11103962420075	-3.07612159336865	-0.660392224593729	-2.2376136728444	0.417160784885016	-1.16171016233171	0.767067717141416	-1.6235849897498	-0.885420948917922	-2.25763786638165	0.413661090891702	0.592844788100638	-1.95831352002347	-1.71761186831687	-2.22827371200413	-2.52329210037219	-1.03371553310547	-2.26375891188532	-3.12987108077495	-1.81436650826408	1.02670718203524
ASV_1486_16S	-1.45283707830494	-2.44283726739979	-3.07612159336865	-2.45215169382178	-2.2376136728444	-2.22189654473024	1.32319648745629	0.348357382283231	0.941364367711742	-0.885420948917922	0.381419463233604	0.34696971639303	0.713472775889252	0.238911057312752	-1.71761186831687	-2.22827371200413	-2.52329210037219	-1.03371553310547	-2.26375891188532	0.698770315714142	-1.81436650826408	-2.19216864283297
ASV_1487_16S	-1.45283707830494	-2.44283726739979	-3.07612159336865	-2.45215169382178	-2.2376136728444	-2.22189654473024	-1.16171016233171	-2.87051844258497	-1.6235849897498	-0.885420948917922	1.65438513904649	-0.247737391353663	-0.991275316349173	-1.95831352002347	1.57822499768745	1.68374929342401	-2.52329210037219	2.05732692025284	-0.877464550765428	1.22683774591464	-1.81436650826408	-2.19216864283297
ASV_1496_16S	-1.45283707830494	-1.34422497873168	-2.3829744128087	-2.45215169382178	-2.2376136728444	-2.22189654473024	-1.16171016233171	-2.87051844258497	-1.6235849897498	-0.885420948917922	-2.25763786638165	0.115168102335705	-3.07071685802901	1.59703454146595	1.91997429140951	-2.22827371200413	-2.52329210037219	-1.03371553310547	0.569454432170897	-2.43672390021501	-0.428072147144191	1.49671081128097
ASV_1497_16S	-1.45283707830494	-2.44283726739979	0.219715272635683	-0.372710152141948	-0.628175760410302	-2.22189654473024	-1.16171016233171	-0.385611792796969	-1.6235849897498	-0.885420948917922	-0.178196324701819	-0.823101536257225	-3.07071685802901	0.606635837438069	0.990438332785335	1.02982282601735	-2.52329210037219	-1.03371553310547	-2.26375891188532	-0.490813751159695	0.131543640791232	-0.582730730398865
ASV_1499_16S	-1.45283707830494	-0.0449419946014218	-1.46668368093455	-0.0542564210234135	0.327335684617134	0.956157285617703	-1.16171016233171	0.26497577334418	-1.6235849897498	-0.885420948917922	0.63273389151451	0.34696971639303	-0.43165952841375	0.344271572970579	-1.71761186831687	-0.436514242776079	0.734804437649293	-1.03371553310547	-0.317848762830006	-1.52043316834085	-1.81436650826408	-2.19216864283297
ASV_1506_16S	-1.45283707830494	-2.44283726739979	-0.0315991556452229	-2.45215169382178	-2.2376136728444	-2.22189654473024	-1.16171016233171	-2.87051844258497	-1.6235849897498	-0.885420948917922	1.07456664379355	-3.02032611359344	-3.07071685802901	2.18482120636807	-1.71761186831687	0.862768741354182	-2.52329210037219	-1.03371553310547	-2.26375891188532	1.26457807389749	-1.81436650826408	-2.19216864283297
ASV_1511_16S	-1.45283707830494	-2.44283726739979	-3.07612159336865	-2.45215169382178	-2.2376136728444	-2.22189654473024	-1.16171016233171	-2.87051844258497	-1.6235849897498	-0.885420948917922	-2.25763786638165	1.5335507780071	1.10367041186663	-1.95831352002347	-1.71761186831687	-2.22827371200413	1.21437751791118	-1.03371553310547	-2.26375891188532	1.04451618912068	-1.81436650826408	-2.19216864283297
ASV_1518_16S	-1.45283707830494	-2.44283726739979	0.142754231499555	-2.45215169382178	-2.2376136728444	0.956157285617703	1.78272881683473	-1.26108053015087	-1.6235849897498	-0.885420948917922	2.23099850335049	-1.07441596453813	-3.07071685802901	0.749736681078743	-1.71761186831687	-2.22827371200413	-0.443850558692354	0.352578828014418	-2.26375891188532	-0.185432101608513	-1.81436650826408	-2.19216864283297
ASV_1522_16S	1.25521312279727	-2.44283726739979	-3.07612159336865	-1.35353940515367	-0.158172131164567	-2.22189654473024	1.03551441500451	-2.87051844258497	1.32085398941665	-0.885420948917922	0.514950855858127	-0.247737391353663	-3.07071685802901	0.238911057312752	1.41788234761228	-2.22827371200413	-1.83014491981224	1.16350904423075	0.994337626136163	-3.12987108077495	-0.715754219595971	0.641044701223251
ASV_1527_16S	0.493073070750376	-2.44283726739979	2.05967684368162	-2.45215169382178	-2.2376136728444	-2.22189654473024	-1.16171016233171	-2.87051844258497	-1.6235849897498	-0.885420948917922	-0.465878397153599	0.34696971639303	-3.07071685802901	-1.95831352002347	-1.71761186831687	-2.22827371200413	-2.52329210037219	-1.03371553310547	-2.26375891188532	-3.12987108077495	-1.81436650826408	-2.19216864283297
ASV_1536_16S	0.626604463374898	-2.44283726739979	-3.07612159336865	1.26142037288252	-2.2376136728444	-2.22189654473024	-1.16171016233171	1.37797679946439	-1.6235849897498	-0.885420948917922	-2.25763786638165	-3.02032611359344	0.22512000797532	-1.95831352002347	-1.71761186831687	1.9148610143874	0.309921243684027	-1.03371553310547	-2.26375891188532	-3.12987108077495	-1.81436650826408	-2.19216864283297
ASV_1539_16S	-1.45283707830494	0.390376076656424	1.20054452564741	-2.45215169382178	-2.2376136728444	1.62825105697982	0.784199986723604	-2.87051844258497	-1.6235849897498	-0.885420948917922	-2.25763786638165	0.115168102335705	-3.07071685802901	-1.95831352002347	-1.71761186831687	-2.22827371200413	-2.52329210037219	-1.03371553310547	-2.26375891188532	-3.12987108077495	-1.81436650826408	-2.19216864283297
ASV_1540_16S	-1.45283707830494	-2.44283726739979	0.0149208599896702	-2.45215169382178	-2.2376136728444	-2.22189654473024	1.83402211122228	-2.87051844258497	-1.6235849897498	2.44678356125728	1.63418243172897	-3.02032611359344	-3.07071685802901	-1.95831352002347	-1.71761186831687	-2.22827371200413	-2.52329210037219	-1.03371553310547	-2.26375891188532	1.77540369766348	-1.81436650826408	-2.19216864283297
ASV_1567_16S	-1.45283707830494	-2.44283726739979	-3.07612159336865	-2.45215169382178	-2.2376136728444	-2.22189654473024	-1.16171016233171	0.530678939077186	-1.6235849897498	-0.885420948917922	-2.25763786638165	-3.02032611359344	-3.07071685802901	1.65260439262076	2.17420842979375	-2.22827371200413	-2.52329210037219	-1.03371553310547	-2.26375891188532	-3.12987108077495	-1.81436650826408	1.39135029562314
ASV_1570_16S	-1.45283707830494	-2.44283726739979	-3.07612159336865	-2.45215169382178	-2.2376136728444	-2.22189654473024	-1.16171016233171	0.713000495871141	2.06529446436414	0.906338520310133	-2.25763786638165	-3.02032611359344	-3.07071685802901	0.344271572970579	-1.71761186831687	1.0675631540002	-2.52329210037219	-1.03371553310547	-2.26375891188532	-3.12987108077495	1.55292932172239	-2.19216864283297
ASV_1580_16S	-1.45283707830494	-2.44283726739979	-3.07612159336865	-2.45215169382178	-2.2376136728444	-0.0246719673940228	-1.16171016233171	-0.305569085123433	0.455856551930041	-0.885420948917922	-2.25763786638165	-3.02032611359344	-3.07071685802901	-1.95831352002347	-1.71761186831687	2.27153595832613	-2.52329210037219	-1.03371553310547	-2.26375891188532	-3.12987108077495	-1.81436650826408	-2.19216864283297
ASV_1598_16S	-1.45283707830494	-2.44283726739979	1.11353314865778	0.381061650234432	0.940440157503543	-2.22189654473024	-1.16171016233171	-0.0373050985287531	-1.6235849897498	-0.885420948917922	-2.25763786638165	-3.02032611359344	-3.07071685802901	-1.95831352002347	-1.71761186831687	-2.22827371200413	0.808912409803014	-1.03371553310547	-2.26375891188532	-0.134138807220962	-1.81436650826408	-2.19216864283297
ASV_1608_16S	1.1121122791566	-1.34422497873168	-1.13021144431333	-2.45215169382178	-2.2376136728444	0.175998728068128	1.92933229102661	-0.67329386524875	-1.6235849897498	-0.885420948917922	-1.15902557771354	-1.92171382492533	-1.9721045693609	-1.95831352002347	1.57822499768745	-1.53512653144419	-2.52329210037219	-1.03371553310547	-2.26375891188532	-0.932646503438733	-1.81436650826408	-1.49902146227302
ASV_1611_16S	-1.45283707830494	1.31836284829377	0.61275786074529	-2.45215169382178	-2.2376136728444	-2.22189654473024	-1.16171016233171	-2.87051844258497	-1.6235849897498	-0.885420948917922	-2.25763786638165	-3.02032611359344	-3.07071685802901	0.874899824032749	-1.71761186831687	-2.22827371200413	-2.52329210037219	-1.03371553310547	1.10353691810116	0.801954551949373	1.23015592945934	-2.19216864283297
ASV_1630_16S	-1.45283707830494	-2.44283726739979	0.389614309431081	-2.45215169382178	-2.2376136728444	0.722542434436198	-1.16171016233171	-2.87051844258497	-1.6235849897498	-0.885420948917922	1.88549686000988	-0.823101536257225	-3.07071685802901	1.37389099015174	-1.71761186831687	-0.148832170324298	-2.52329210037219	0.758043936122583	-2.26375891188532	-1.18396093171964	-1.81436650826408	0.752270336333475
ASV_1637_16S	1.03206957148306	-2.44283726739979	-0.185749835472481	-2.45215169382178	0.247292976943598	-0.430137075502187	-1.16171016233171	-2.87051844258497	-1.6235849897498	-0.885420948917922	-2.25763786638165	-0.247737391353663	-1.68442249690912	0.526593129764533	-1.71761186831687	0.816248725719289	-2.52329210037219	-1.03371553310547	-2.26375891188532	-3.12987108077495	-1.81436650826408	0.00505593450325437
ASV_1635_16S	-1.45283707830494	-2.44283726739979	1.60600963375557	-2.45215169382178	-2.2376136728444	-2.22189654473024	-1.16171016233171	-2.87051844258497	-1.6235849897498	-0.885420948917922	-2.25763786638165	-3.02032611359344	-3.07071685802901	1.29978301799801	-1.71761186831687	-2.22827371200413	-2.52329210037219	-1.03371553310547	-2.26375891188532	-1.18396093171964	1.51783800191112	-2.19216864283297
ASV_1638_16S	-1.45283707830494	-2.44283726739979	-0.878897016032426	1.39799590788827	1.28874685177176	-2.22189654473024	-1.16171016233171	-2.87051844258497	-1.6235849897498	-0.885420948917922	0.140257406416716	-0.187112769537228	-0.585810208241008	-1.95831352002347	-1.71761186831687	-0.618835799570034	0.844003729614285	1.04572600857436	-0.654320999451219	-3.12987108077495	-1.81436650826408	-0.246258493777652
ASV_1659_16S	-1.45283707830494	0.329751454839989	-0.185749835472481	1.53683235274249	-2.2376136728444	-2.22189654473024	-1.16171016233171	-2.87051844258497	-1.6235849897498	-0.885420948917922	-2.25763786638165	-0.455376756131908	-0.362666656926799	-1.95831352002347	-1.71761186831687	-2.22827371200413	-2.52329210037219	-1.03371553310547	2.04030618131885	-0.134138807220962	-1.81436650826408	-2.19216864283297
ASV_1667_16S	-1.45283707830494	-2.44283726739979	0.219715272635683	1.87858164646455	-2.2376136728444	-2.22189654473024	-0.063097873663599	-2.87051844258497	-1.6235849897498	-0.885420948917922	-2.25763786638165	0.0241963241299787	-3.07071685802901	-0.572019158903577	-1.71761186831687	0.66209804589203	-2.52329210037219	-1.03371553310547	-2.26375891188532	0.396489443841209	-1.81436650826408	-2.19216864283297
ASV_1669_16S	-1.45283707830494	2.58104325344648	-0.185749835472481	-2.45215169382178	-2.2376136728444	-2.22189654473024	-1.16171016233171	-2.87051844258497	-1.6235849897498	-0.885420948917922	-2.25763786638165	-3.02032611359344	-0.585810208241008	1.40898230996301	-1.71761186831687	-2.22827371200413	-2.52329210037219	-1.03371553310547	-2.26375891188532	-3.12987108077495	0.824690821351177	-2.19216864283297
ASV_1671_16S	-1.45283707830494	-2.44283726739979	-3.07612159336865	-2.45215169382178	-2.2376136728444	-2.22189654473024	-1.16171016233171	0.387578095436513	0.679000103244251	-0.885420948917922	-0.465878397153599	-3.02032611359344	0.880526860552419	-1.95831352002347	-1.71761186831687	0.336675645457403	-2.52329210037219	-1.03371553310547	-2.26375891188532	-3.12987108077495	-1.81436650826408	-2.19216864283297
ASV_1678_16S	-1.45283707830494	-2.44283726739979	0.0593726225605038	1.43966860428884	-2.2376136728444	-2.22189654473024	-1.16171016233171	-0.924608293529656	-1.6235849897498	-0.885420948917922	-2.25763786638165	-3.02032611359344	-1.1248067089737	-1.95831352002347	-0.331317507196984	0.862768741354182	-2.52329210037219	-1.03371553310547	-2.26375891188532	-0.08534864305153	-1.81436650826408	-2.19216864283297
ASV_1682_16S	-1.45283707830494	0.501601711766648	0.1019322369793	-2.45215169382178	-0.0403890955081829	-2.22189654473024	-1.16171016233171	-2.87051844258497	-1.6235849897498	-0.885420948917922	-2.25763786638165	0.717343504689924	0.107336972318937	-1.95831352002347	-1.71761186831687	-2.22827371200413	-2.52329210037219	-1.03371553310547	-2.26375891188532	-3.12987108077495	-1.81436650826408	-2.19216864283297
ASV_1690_16S	-1.45283707830494	-2.44283726739979	-3.07612159336865	0.683342522107365	-2.2376136728444	-2.22189654473024	-1.16171016233171	-2.87051844258497	-1.6235849897498	-0.885420948917922	-2.25763786638165	-3.02032611359344	-0.180345100132844	-1.95831352002347	-1.71761186831687	-2.22827371200413	1.16558735374175	-1.03371553310547	1.20197699091441	0.654318553143308	-1.81436650826408	-2.19216864283297
ASV_1752_16S	-1.45283707830494	-2.44283726739979	-3.07612159336865	-2.45215169382178	1.45126578126953	-2.22189654473024	-1.16171016233171	-2.87051844258497	-1.6235849897498	-0.885420948917922	0.738094407172337	-3.02032611359344	-3.07071685802901	-1.95831352002347	-1.71761186831687	-2.22827371200413	1.26089753354607	-1.03371553310547	0.827283541472997	0.42547698071446	-1.81436650826408	-2.19216864283297
ASV_1761_16S	-1.45283707830494	0.692656948529357	0.0593726225605038	-2.45215169382178	-2.2376136728444	-2.22189654473024	-1.16171016233171	-2.87051844258497	-1.6235849897498	-0.885420948917922	-2.25763786638165	0.31187839658176	-3.07071685802901	1.13272893333485	-1.71761186831687	-2.22827371200413	1.00306842424397	-1.03371553310547	-2.26375891188532	0.840420832777169	-1.81436650826408	-2.19216864283297
ASV_1766_16S	-1.45283707830494	0.196220062215466	-3.07612159336865	-2.45215169382178	-2.2376136728444	0.175998728068128	-1.16171016233171	-2.87051844258497	-1.6235849897498	-0.885420948917922	0.686801112784786	0.0241963241299787	-0.672821585230638	-1.95831352002347	-1.71761186831687	-2.22827371200413	1.26089753354607	-1.03371553310547	-2.26375891188532	-0.296657736718737	-1.81436650826408	-2.19216864283297
ASV_1787_16S	-1.45283707830494	-2.44283726739979	-3.07612159336865	-0.372710152141948	-2.2376136728444	1.24383935806948	1.72866159556446	-2.87051844258497	-1.6235849897498	-0.885420948917922	1.67418776634267	-3.02032611359344	-3.07071685802901	-1.95831352002347	-1.71761186831687	-2.22827371200413	-2.52329210037219	-1.03371553310547	-2.26375891188532	0.761949217335673	-1.81436650826408	-2.19216864283297
ASV_1786_16S	-1.45283707830494	0.648205185958524	0.949230097366504	-2.45215169382178	-0.291703523789089	-2.22189654473024	0.224584198788182	-2.87051844258497	-0.237290628629904	-0.885420948917922	1.67418776634267	-3.02032611359344	-3.07071685802901	-1.95831352002347	-1.71761186831687	-2.22827371200413	-2.52329210037219	-1.03371553310547	-2.26375891188532	-3.12987108077495	-1.81436650826408	0.446888686782293
ASV_1807_16S	-1.45283707830494	-0.245612690063573	-0.24290824931243	1.15876621882244	0.652758085051762	-2.22189654473024	-1.16171016233171	-0.472623169786599	-1.6235849897498	-0.885420948917922	-2.25763786638165	-3.02032611359344	-0.873492280692789	0.121128021656368	1.11560147573934	0.0743113809899119	-0.220707007378143	-1.03371553310547	-2.26375891188532	-0.827285987780907	-1.81436650826408	-2.19216864283297
ASV_1812_16S	-1.45283707830494	-0.833399354965692	0.0593726225605038	-2.45215169382178	-2.2376136728444	0.0806885482638036	0.630049306896346	-2.87051844258497	-1.6235849897498	1.06048920013739	-2.25763786638165	-0.622430840795074	-1.1248067089737	-1.95831352002347	1.37343058504144	-0.618835799570034	-2.52329210037219	1.16350904423075	0.0388261811087269	-3.12987108077495	-1.81436650826408	0.446888686782293
ASV_1831_16S	-0.354224789636828	-0.651077798171737	-3.07612159336865	0.320437028417997	-1.54446649228446	-0.142455003050407	1.14087493066234	-1.26108053015087	1.32085398941665	0.213191339750188	-2.25763786638165	-3.02032611359344	-3.07071685802901	1.21974031032448	-1.71761186831687	-2.22827371200413	-0.443850558692354	0.912194615949841	0.221147737902681	-3.12987108077495	-1.81436650826408	0.00505593450325437
ASV_1844_16S	-1.45283707830494	-2.44283726739979	0.256082916806558	-1.06585733270189	-2.2376136728444	-2.22189654473024	-1.16171016233171	0.073920536581471	-1.6235849897498	-0.885420948917922	-2.25763786638165	0.535021947895969	0.148158966839192	-1.95831352002347	-1.71761186831687	1.62187388970592	-0.443850558692354	-1.03371553310547	-0.0665343345490994	-3.12987108077495	-1.81436650826408	-2.19216864283297
ASV_1850_16S	1.18622025131032	-2.44283726739979	-3.07612159336865	-2.45215169382178	1.12968215714207	0.417160784885016	-1.16171016233171	-2.17737126202502	0.322325159305518	-0.885420948917922	-2.25763786638165	-1.92171382492533	-3.07071685802901	1.40898230996301	0.767294781471126	-1.53512653144419	-2.52329210037219	-1.03371553310547	0.569454432170897	-0.038828627416637	-1.81436650826408	-1.49902146227302
ASV_1860_16S	-1.45283707830494	-2.44283726739979	-3.07612159336865	1.37648970266731	-2.2376136728444	-2.22189654473024	-1.16171016233171	-0.305569085123433	-1.6235849897498	-0.885420948917922	-2.25763786638165	-3.02032611359344	-0.873492280692789	-1.95831352002347	0.584973224677171	1.0675631540002	1.21437751791118	-1.03371553310547	-2.26375891188532	-3.12987108077495	-1.81436650826408	-2.19216864283297
ASV_1866_16S	2.04367048316154	-2.44283726739979	-3.07612159336865	-2.45215169382178	-2.2376136728444	0.869145908628074	-1.16171016233171	-2.87051844258497	-1.6235849897498	-0.885420948917922	-2.25763786638165	-3.02032611359344	-3.07071685802901	-1.95831352002347	-1.71761186831687	-2.22827371200413	0.115765229243069	1.16350904423075	1.10353691810116	-3.12987108077495	-1.81436650826408	-2.19216864283297
ASV_1868_16S	-1.45283707830494	-2.44283726739979	-3.07612159336865	-2.45215169382178	-2.2376136728444	-2.22189654473024	-1.16171016233171	-2.87051844258497	-1.6235849897498	-0.885420948917922	-2.25763786638165	0.643235532536202	0.425790703437471	-1.95831352002347	-1.71761186831687	-2.22827371200413	-2.52329210037219	-1.03371553310547	0.626612846010846	-0.357282358535172	0.670540141523919	-2.19216864283297
ASV_1876_16S	-1.45283707830494	-2.44283726739979	0.3578656111165	-2.45215169382178	-2.2376136728444	-2.22189654473024	-1.16171016233171	-2.87051844258497	-1.6235849897498	-0.885420948917922	1.5925097353284	-3.02032611359344	-0.126277878862568	1.17718069590568	-1.71761186831687	-2.22827371200413	-2.52329210037219	-1.03371553310547	-2.26375891188532	0.720276520935105	-1.81436650826408	0.852353794890458
ASV_1875_16S	-1.45283707830494	0.648205185958524	0.142754231499555	-2.45215169382178	-2.2376136728444	0.668475213165922	-1.16171016233171	-0.791076900905133	-1.6235849897498	-0.885420948917922	-2.25763786638165	-1.63403175247355	0.735945631741311	-1.95831352002347	-1.71761186831687	-2.22827371200413	-2.52329210037219	-1.03371553310547	0.301190445576218	-0.134138807220962	-1.81436650826408	-2.19216864283297
ASV_1877_16S	-1.45283707830494	-2.44283726739979	-3.07612159336865	-2.45215169382178	-2.2376136728444	0.913597671198907	-1.16171016233171	1.00068256832292	-1.6235849897498	-0.885420948917922	-2.25763786638165	0.157727716754501	1.00682058587671	0.680743809591791	-1.71761186831687	-2.22827371200413	-2.52329210037219	-1.03371553310547	-2.26375891188532	-3.12987108077495	-1.81436650826408	-2.19216864283297
ASV_1878_16S	-1.45283707830494	-2.44283726739979	-3.07612159336865	-2.45215169382178	-2.2376136728444	-2.22189654473024	-1.16171016233171	0.174003995138454	-1.6235849897498	-0.885420948917922	-2.25763786638165	0.34696971639303	-3.07071685802901	-1.95831352002347	-1.71761186831687	-2.22827371200413	0.367079657523975	-1.03371553310547	-2.26375891188532	0.481046831869271	-1.81436650826408	0.292738006955035
ASV_1888_16S	-1.45283707830494	-2.44283726739979	-3.07612159336865	0.381061650234432	-2.2376136728444	0.996979280137958	-1.16171016233171	-2.87051844258497	-1.6235849897498	-0.885420948917922	-2.25763786638165	-3.02032611359344	-3.07071685802901	-1.95831352002347	-1.71761186831687	-2.22827371200413	0.973215461094291	-1.03371553310547	-2.26375891188532	0.481046831869271	-1.81436650826408	-2.19216864283297
ASV_1887_16S	-1.45283707830494	-0.651077798171737	-1.28436212414059	-0.0542564210234135	0.706825306322038	-0.430137075502187	-1.16171016233171	-1.77190615391686	-1.6235849897498	-0.885420948917922	-0.311727717326341	-0.717741020599398	-1.1248067089737	-1.95831352002347	-1.71761186831687	-2.22827371200413	0.808912409803014	1.04572600857436	0.221147737902681	0.304116123710193	-1.81436650826408	0.292738006955035
ASV_1897_16S	-1.45283707830494	-2.44283726739979	-3.07612159336865	-2.45215169382178	-0.158172131164567	0.486153656371968	-1.16171016233171	0.220524010773347	-1.6235849897498	-0.885420948917922	-2.25763786638165	-3.02032611359344	-3.07071685802901	-1.95831352002347	-1.71761186831687	1.89886067304096	-0.038385450584189	-1.03371553310547	-2.26375891188532	-3.12987108077495	-1.81436650826408	-2.19216864283297
ASV_1899_16S	-1.45283707830494	-2.44283726739979	-3.07612159336865	0.766724131046416	-2.2376136728444	-2.22189654473024	-1.16171016233171	0.0198533153111953	0.16817447947826	-0.885420948917922	-2.25763786638165	-0.0245938400394534	0.0647773579001409	0.874899824032749	-1.71761186831687	0.336675645457403	-0.32606752303597	-1.03371553310547	0.0388261811087269	-0.421820879672743	-1.81436650826408	-2.19216864283297
ASV_1896_16S	-1.45283707830494	-2.44283726739979	-0.437064263753387	-2.45215169382178	-2.2376136728444	-0.0246719673940228	-1.16171016233171	-2.87051844258497	-1.6235849897498	-0.885420948917922	2.26415071066739	-3.02032611359344	-3.07071685802901	1.62520541843264	-1.71761186831687	-2.22827371200413	-2.52329210037219	-1.03371553310547	-2.26375891188532	-0.038828627416637	-1.81436650826408	-2.19216864283297
ASV_1908_16S	-0.066542717185047	-0.140252174405747	-3.07612159336865	0.186905635793474	0.534975049395379	-2.22189654473024	-1.16171016233171	-0.472623169786599	0.573639587586425	-0.885420948917922	-2.25763786638165	-0.717741020599398	-1.68442249690912	-1.26516633946352	-1.71761186831687	0.256632937783866	0.0416572570893474	1.79949781095074	-1.57061173132537	-0.08534864305153	-1.81436650826408	-0.805874281713075
ASV_1907_16S	1.1121122791566	0.196220062215466	-3.07612159336865	-2.45215169382178	-1.54446649228446	-1.5287493641703	-1.16171016233171	-2.87051844258497	0.573639587586425	-0.885420948917922	-1.56449068582171	-1.41088820115934	-0.43165952841375	-0.348875607589367	0.680283404481496	-2.22827371200413	-1.42467981170408	0.758043936122583	0.375298417729939	-3.12987108077495	0.670540141523919	0.898873810525351
ASV_1940_16S	-1.45283707830494	-2.44283726739979	-3.07612159336865	-2.45215169382178	0.853428780513914	1.64930446617765	-1.16171016233171	-2.87051844258497	1.01547233986546	-0.885420948917922	-2.25763786638165	-3.02032611359344	-0.672821585230638	-1.95831352002347	0.0741476009111803	-2.22827371200413	-2.52329210037219	-1.03371553310547	-2.26375891188532	-3.12987108077495	-1.81436650826408	0.898873810525351
ASV_1943_16S	-1.45283707830494	-2.44283726739979	-0.080389319814655	-2.45215169382178	-2.2376136728444	1.33345151675917	0.447727750102392	-2.87051844258497	-1.6235849897498	-0.885420948917922	2.0190282526344	-3.02032611359344	-3.07071685802901	0.526593129764533	-1.71761186831687	-2.22827371200413	-2.52329210037219	-1.03371553310547	-2.26375891188532	-0.932646503438733	-1.81436650826408	-2.19216864283297
ASV_1953_16S	-1.45283707830494	-2.44283726739979	-3.07612159336865	-2.45215169382178	-2.2376136728444	-2.22189654473024	-1.16171016233171	-2.87051844258497	-1.6235849897498	-0.885420948917922	-2.25763786638165	-3.02032611359344	1.51425062064156	0.238911057312752	-1.71761186831687	-2.22827371200413	-2.52329210037219	-1.03371553310547	-0.317848762830006	0.859112965789322	-1.81436650826408	-2.19216864283297
ASV_1958_16S	-1.45283707830494	-0.833399354965692	-0.7735365003746	1.01358420897794	0.470436528257808	-2.22189654473024	-1.16171016233171	-0.305569085123433	0.322325159305518	-0.885420948917922	-2.25763786638165	-3.02032611359344	-3.07071685802901	-1.95831352002347	-1.71761186831687	0.256632937783866	0.521230337351234	-1.03371553310547	-2.26375891188532	-0.564921723313416	0.382858069072138	-2.19216864283297
ASV_1972_16S	-1.45283707830494	0.329751454839989	-0.511172235907109	-1.06585733270189	-2.2376136728444	-1.5287493641703	-1.16171016233171	-0.385611792796969	-1.6235849897498	-0.885420948917922	-2.25763786638165	-2.3271789330335	-1.68442249690912	1.29978301799801	0.767294781471126	0.0743113809899119	0.367079657523975	-1.03371553310547	-2.26375891188532	-0.827285987780907	-0.204928595829981	-2.19216864283297
ASV_1982_16S	-1.45283707830494	-2.44283726739979	-0.080389319814655	0.543580579732207	-2.2376136728444	-2.22189654473024	-1.16171016233171	0.496777387401505	-1.6235849897498	-0.885420948917922	-2.25763786638165	-3.02032611359344	-0.126277878862568	-1.95831352002347	-1.71761186831687	1.02982282601735	-0.220707007378143	-1.03371553310547	-2.26375891188532	-0.827285987780907	-1.81436650826408	0.803563630721026
ASV_1991_16S	-1.45283707830494	0.196220062215466	0.142754231499555	-2.45215169382178	-2.2376136728444	0.773835728823749	-1.16171016233171	-2.87051844258497	-1.6235849897498	-0.885420948917922	0.450412334720556	-3.02032611359344	-3.07071685802901	0.606635837438069	-1.71761186831687	0.336675645457403	-2.52329210037219	-1.03371553310547	-2.26375891188532	0.0890047440932475	-1.81436650826408	-2.19216864283297
ASV_2001_16S	-1.45283707830494	0.390376076656424	-0.99668005168881	-2.45215169382178	-2.2376136728444	-2.22189654473024	-1.16171016233171	-2.87051844258497	-1.6235849897498	-0.885420948917922	1.07456664379355	-0.12995435569728	-0.298128135789228	-1.95831352002347	-1.71761186831687	-2.22827371200413	0.367079657523975	-1.03371553310547	-1.16514662321721	-2.43672390021501	1.13007247090236	-2.19216864283297
ASV_2019_16S	-0.354224789636828	-0.833399354965692	-0.511172235907109	-0.842713781387684	0.401443656770856	-0.142455003050407	-1.16171016233171	-0.567933349590923	0.679000103244251	-0.885420948917922	-0.311727717326341	-0.717741020599398	-0.991275316349173	-0.859701231355358	-1.02446468775693	-0.436514242776079	-1.42467981170408	0.912194615949841	-0.471999442657264	-0.731975807976582	-1.81436650826408	-1.49902146227302
ASV_2035_16S	-1.45283707830494	-0.496927118344479	-0.7735365003746	-2.45215169382178	-2.2376136728444	-2.22189654473024	-1.16171016233171	-2.87051844258497	-1.6235849897498	-0.885420948917922	1.43124158773228	-3.02032611359344	-1.46127894559491	0.680743809591791	-1.71761186831687	-2.22827371200413	-2.52329210037219	-1.03371553310547	-2.26375891188532	0.801954551949373	-1.81436650826408	-2.19216864283297
ASV_2054_16S	-1.45283707830494	0.776038557468408	-3.07612159336865	-2.45215169382178	1.39997248688198	-2.22189654473024	-1.16171016233171	-2.87051844258497	-1.6235849897498	-0.885420948917922	-2.25763786638165	-3.02032611359344	-0.180345100132844	-1.95831352002347	-1.71761186831687	-2.22827371200413	-2.52329210037219	-1.03371553310547	-2.26375891188532	0.453647857681157	-1.81436650826408	-2.19216864283297
ASV_2055_16S	-1.45283707830494	0.122112090061744	0.450238931247516	-2.45215169382178	-2.2376136728444	-2.22189654473024	-1.16171016233171	1.48619038410462	0.774310283048576	-0.885420948917922	-2.25763786638165	-3.02032611359344	-3.07071685802901	-1.95831352002347	-1.71761186831687	-2.22827371200413	-2.52329210037219	-1.03371553310547	-2.26375891188532	-3.12987108077495	-1.81436650826408	-2.19216864283297
ASV_2053_16S	1.4916019008615	0.122112090061744	0.507397345087464	-0.660392224593729	-2.2376136728444	-0.430137075502187	-1.16171016233171	-2.87051844258497	-1.6235849897498	-0.885420948917922	0.0449472266123916	-1.07441596453813	-3.07071685802901	-0.0124033709681541	-1.71761186831687	-2.22827371200413	-2.52329210037219	0.758043936122583	-0.0665343345490994	-0.644964430986953	0.265075033415755	-2.19216864283297
ASV_2063_16S	0.945058194493433	-0.140252174405747	-0.24290824931243	-2.45215169382178	-0.851319311724512	-2.22189654473024	-1.16171016233171	-2.87051844258497	0.322325159305518	-0.885420948917922	0.227268783406346	-3.02032611359344	0.540201054615216	-1.95831352002347	-1.71761186831687	0.169621560794237	-2.52329210037219	-1.03371553310547	-0.0665343345490994	-3.12987108077495	-1.81436650826408	-2.19216864283297
ASV_2066_16S	-1.45283707830494	-2.44283726739979	0.142754231499555	-2.45215169382178	0.534975049395379	-2.22189654473024	-1.16171016233171	0.0198533153111953	-1.6235849897498	-0.885420948917922	-2.25763786638165	-3.02032611359344	0.363270346456138	0.814275202216314	-1.71761186831687	-2.22827371200413	0.184758100730021	-1.03371553310547	-2.26375891188532	-3.12987108077495	-1.81436650826408	-2.19216864283297
ASV_2075_16S	-1.45283707830494	-2.44283726739979	-3.07612159336865	0.805944844199698	-2.2376136728444	-2.22189654473024	-1.16171016233171	-2.87051844258497	-1.6235849897498	-0.885420948917922	0.450412334720556	-3.02032611359344	-3.07071685802901	-1.95831352002347	-1.71761186831687	1.40931244772225	0.654761729975756	0.575722379328628	-2.26375891188532	-3.12987108077495	-1.81436650826408	-2.19216864283297
ASV_2096_16S	-1.45283707830494	0.552895006154198	-0.131682614202206	-2.45215169382178	-0.158172131164567	-2.22189654473024	-1.16171016233171	-2.87051844258497	-1.6235849897498	-0.885420948917922	-2.25763786638165	-0.075887134427004	-0.362666656926799	-1.95831352002347	-1.71761186831687	-2.22827371200413	0.0416572570893474	-1.03371553310547	0.134136360913052	0.202333429400251	0.824690821351177	-2.19216864283297
ASV_2097_16S	-1.45283707830494	-2.44283726739979	0.181974944652836	-2.45215169382178	-2.2376136728444	-2.22189654473024	-1.16171016233171	-2.87051844258497	-1.6235849897498	-0.885420948917922	-2.25763786638165	-3.02032611359344	0.954634832706141	1.26056230484473	1.57822499768745	-2.22827371200413	-2.52329210037219	-1.03371553310547	-2.26375891188532	-3.12987108077495	-1.81436650826408	-2.19216864283297
ASV_2111_16S	-1.45283707830494	-0.140252174405747	-0.511172235907109	-2.45215169382178	-2.2376136728444	0.486153656371968	-1.16171016233171	0.530678939077186	-1.6235849897498	-0.885420948917922	-2.25763786638165	-3.02032611359344	-0.298128135789228	-1.95831352002347	-1.71761186831687	0.0743113809899119	-2.52329210037219	-1.03371553310547	0.827283541472997	-0.644964430986953	0.893683692838129	-2.19216864283297
ASV_2123_16S	-1.45283707830494	1.08352325721637	0.730540896401674	-2.45215169382178	-2.2376136728444	-2.22189654473024	-1.16171016233171	-0.162468241482759	-1.6235849897498	-0.885420948917922	-2.25763786638165	-3.02032611359344	-3.07071685802901	-1.95831352002347	1.27812040523712	0.66209804589203	-2.52329210037219	-1.03371553310547	-2.26375891188532	-0.731975807976582	-1.81436650826408	-2.19216864283297
ASV_2132_16S	-1.45283707830494	-0.496927118344479	-3.07612159336865	-2.45215169382178	-2.2376136728444	-2.22189654473024	-1.16171016233171	-2.87051844258497	-1.6235849897498	-0.885420948917922	1.10965796360482	-3.02032611359344	-3.07071685802901	1.62520541843264	1.89330604432735	-2.22827371200413	-2.52329210037219	-1.03371553310547	-2.26375891188532	-3.12987108077495	-1.81436650826408	-2.19216864283297
ASV_2139_16S	-1.45283707830494	-2.44283726739979	0.0149208599896702	-2.45215169382178	-2.2376136728444	-2.22189654473024	-1.16171016233171	-2.87051844258497	-1.6235849897498	-0.885420948917922	-2.25763786638165	-3.02032611359344	0.592844788100638	0.986125459142973	-1.71761186831687	-2.22827371200413	-2.52329210037219	-1.03371553310547	-2.26375891188532	-3.12987108077495	-1.81436650826408	1.81516454239951
ASV_2162_16S	-1.45283707830494	-2.44283726739979	-3.07612159336865	0.949045687840371	-2.2376136728444	-2.22189654473024	-1.16171016233171	0.93614404718535	1.01547233986546	-0.885420948917922	-2.25763786638165	0.115168102335705	-3.07071685802901	-1.95831352002347	-1.71761186831687	-2.22827371200413	-2.52329210037219	-1.03371553310547	-2.26375891188532	-0.357282358535172	-1.81436650826408	-2.19216864283297
ASV_2171_16S	0.156600834129163	-0.833399354965692	-0.591214943580646	0.0327549559662161	0.758118600709588	-0.142455003050407	-1.16171016233171	-2.87051844258497	-1.6235849897498	-0.885420948917922	-0.0604132890454347	-1.07441596453813	-1.68442249690912	-1.95831352002347	-1.71761186831687	-2.22827371200413	0.734804437649293	-1.03371553310547	-2.26375891188532	0.396489443841209	-1.81436650826408	-2.19216864283297
ASV_2183_16S	-1.45283707830494	-2.44283726739979	0.0593726225605038	1.1854344659046	1.12968215714207	-2.22189654473024	-1.16171016233171	-2.87051844258497	-1.6235849897498	-0.885420948917922	-2.25763786638165	-3.02032611359344	-3.07071685802901	-1.95831352002347	-1.71761186831687	-2.22827371200413	-2.52329210037219	-1.03371553310547	-2.26375891188532	0.396489443841209	-1.81436650826408	-2.19216864283297
ASV_2201_16S	0.156600834129163	-0.140252174405747	0.291174236617828	0.320437028417997	-2.2376136728444	-2.22189654473024	-1.16171016233171	0.958122953904126	-1.6235849897498	-0.885420948917922	-2.25763786638165	-3.02032611359344	-1.1248067089737	-1.95831352002347	-1.71761186831687	-2.22827371200413	-2.52329210037219	0.575722379328628	-2.26375891188532	-1.52043316834085	0.131543640791232	-2.19216864283297
ASV_2247_16S	-1.45283707830494	-2.44283726739979	-3.07612159336865	-2.45215169382178	1.25889388862208	1.07394032127409	-1.16171016233171	-2.87051844258497	-1.6235849897498	-0.885420948917922	0.877856349547495	-3.02032611359344	-3.07071685802901	-1.95831352002347	-1.71761186831687	-2.22827371200413	-0.038385450584189	-1.03371553310547	-2.26375891188532	-0.239499322878789	-1.81436650826408	-2.19216864283297
ASV_2246_16S	-1.45283707830494	-2.44283726739979	-3.07612159336865	0.320437028417997	-2.2376136728444	-2.22189654473024	-1.16171016233171	0.174003995138454	-1.6235849897498	-0.885420948917922	1.43124158773228	-3.02032611359344	-3.07071685802901	-1.95831352002347	-1.71761186831687	-2.22827371200413	-2.52329210037219	-1.03371553310547	-2.26375891188532	0.997263304270139	-1.81436650826408	-2.19216864283297
ASV_2271_16S	-1.45283707830494	-2.44283726739979	0.56146456635774	-2.45215169382178	0.80690876487902	-2.22189654473024	-1.16171016233171	-2.87051844258497	-1.6235849897498	-0.885420948917922	-2.25763786638165	-3.02032611359344	-3.07071685802901	-1.95831352002347	-1.71761186831687	-2.22827371200413	1.28337038939813	-1.03371553310547	-2.26375891188532	0.366636480691527	-1.81436650826408	-2.19216864283297
ASV_2279_16S	-1.45283707830494	-2.44283726739979	-3.07612159336865	-2.45215169382178	-2.2376136728444	-2.22189654473024	-1.16171016233171	-2.87051844258497	-1.6235849897498	-0.885420948917922	-2.25763786638165	-3.02032611359344	0.735945631741311	-1.95831352002347	-1.71761186831687	-2.22827371200413	-2.52329210037219	1.53123382435606	1.44981315481899	0.0890047440932475	-1.81436650826408	-2.19216864283297
ASV_2285_16S	-1.45283707830494	-2.44283726739979	-3.07612159336865	-2.45215169382178	-2.2376136728444	0.913597671198907	-1.16171016233171	-2.87051844258497	-1.6235849897498	-0.885420948917922	1.94705475300931	-3.02032611359344	-3.07071685802901	-1.95831352002347	-1.71761186831687	-2.22827371200413	-2.52329210037219	-1.03371553310547	-0.654320999451219	-1.52043316834085	-0.0226070390360262	0.943325573096184
ASV_2325_16S	-1.45283707830494	-2.44283726739979	-3.07612159336865	-2.45215169382178	-0.445854203616348	1.92123818166129	-1.16171016233171	-2.87051844258497	-1.6235849897498	1.19402059276191	-2.25763786638165	0.275510752410885	-3.07071685802901	-1.95831352002347	-1.71761186831687	-2.22827371200413	0.695583724496011	-1.03371553310547	-2.26375891188532	-3.12987108077495	-1.81436650826408	-2.19216864283297
ASV_2388_16S	-1.45283707830494	-2.44283726739979	-3.07612159336865	0.725902136526162	1.71363004573703	-2.22189654473024	-1.16171016233171	-2.87051844258497	-1.6235849897498	-0.885420948917922	1.20809803641807	-3.02032611359344	-3.07071685802901	-1.95831352002347	-1.71761186831687	-2.22827371200413	0.249296621867592	-1.03371553310547	-2.26375891188532	-3.12987108077495	-1.81436650826408	-2.19216864283297
ASV_2386_16S	1.18622025131032	-2.44283726739979	-3.07612159336865	-2.45215169382178	-0.0403890955081829	0.175998728068128	-1.16171016233171	-2.87051844258497	-1.6235849897498	-0.885420948917922	1.57100353010744	0.34696971639303	-3.07071685802901	-1.95831352002347	-1.71761186831687	-2.22827371200413	-2.52329210037219	1.67433466799674	-2.26375891188532	-3.12987108077495	-1.81436650826408	-2.19216864283297
ASV_2403_16S	-1.45283707830494	-2.44283726739979	-3.07612159336865	0.91514413616469	0.247292976943598	-2.22189654473024	-1.16171016233171	-1.26108053015087	-1.6235849897498	-0.885420948917922	-2.25763786638165	-3.02032611359344	-3.07071685802901	-1.95831352002347	-1.71761186831687	0.256632937783866	0.472440173181802	-1.03371553310547	-0.0665343345490994	-0.239499322878789	-1.81436650826408	0.205726629965405
ASV_2458_16S	0.338922390923117	-2.44283726739979	-1.28436212414059	-2.45215169382178	-2.2376136728444	-2.22189654473024	-1.16171016233171	-0.162468241482759	-0.0141470773156946	-0.885420948917922	-2.25763786638165	-0.823101536257225	0.642855208675299	0.238911057312752	0.228298280738439	-0.436514242776079	-2.52329210037219	-1.03371553310547	-2.26375891188532	-3.12987108077495	-1.81436650826408	0.580420079406816
ASV_2519_16S	-1.45283707830494	-2.44283726739979	-3.07612159336865	-2.45215169382178	-2.2376136728444	-2.22189654473024	-1.16171016233171	0.843053624119339	-1.6235849897498	-0.885420948917922	-2.25763786638165	-3.02032611359344	-0.43165952841375	-1.95831352002347	-1.71761186831687	-2.22827371200413	-2.52329210037219	-1.03371553310547	0.680680067281121	-3.12987108077495	1.13007247090236	0.580420079406816
ASV_2553_16S	0.626604463374898	-2.44283726739979	-3.07612159336865	-2.45215169382178	-2.2376136728444	-2.22189654473024	-1.16171016233171	-2.87051844258497	-1.6235849897498	-0.885420948917922	-2.25763786638165	0.930917604987983	-3.07071685802901	-1.95831352002347	-1.71761186831687	-2.22827371200413	-2.52329210037219	-1.03371553310547	0.375298417729939	0.366636480691527	-1.81436650826408	-2.19216864283297
