Source	Target	association_score	num_Triplets	MutualInformation	InterationInformation	II_p_value	DataProcessingInequality_MI_rank	DataProcessingInequality_indirect	COMBI_II_DPI
ASV_2_16S_022_3	ASV_6_16S_022_3	0.6092888712883	1	0.485888	0.252195	nan	3	1	1
ASV_3_16S_022_3	ASV_7_16S_022_3	0.94186262846594	1	0.679927	-0.219382	0.134865	3	1	1
ASV_3_16S_022_3	ASV_8_16S_022_3	0.623721420764923	1	0.593437	-0.251967	0.067932	3	1	1
ASV_4_16S_022_3	ASV_13_16S_022_3	0.864403307437897	1	0.617159	-0.081931	0.600400	3	1	1
ASV_13_16S_022_3	ASV_14_16S_022_3	0.670509357094355	1	0.617159	-0.206754	0.666334	3	1	1
ASV_1_16S_022_3	ASV_20_16S_022_3	0.904800415039062	1	0.785546	-0.383281	0.000999	3	1	1
ASV_19_16S_022_3	ASV_23_16S_022_3	0.552891969680786	1	0.629019	-0.334634	0.433566	3	1	1
ASV_1_16S_022_3	ASV_34_16S_022_3	0.582216560840607	1	0.647130	-0.226049	0.368631	3	1	1
ASV_26_16S_022_3	ASV_35_16S_022_3	0.92380827665329	1	0.725830	-0.370033	0.235764	3	1	1
ASV_20_16S_022_3	ASV_47_16S_022_3	-0.531857123834532	1	0.425400	-0.297270	0.268731	3	1	1
ASV_44_16S_022_3	ASV_51_16S_022_3	0.767334100113716	1	0.182496	0.010602	nan	1	0	1
ASV_47_16S_022_3	ASV_57_16S_022_3	0.712561625897653	1	0.737447	-0.562278	0.166833	3	1	1
ASV_34_16S_022_3	ASV_60_16S_022_3	0.77471649646759	1	0.717763	-0.439259	0.301698	3	1	1
ASV_9_16S_022_3	ASV_65_16S_022_3	0.683823861586373	1	0.677322	-0.430953	0.100899	3	1	1
ASV_34_16S_022_3	ASV_72_16S_022_3	0.62001109814453	1	0.758601	-0.461369	0.200799	3	1	1
ASV_30_16S_022_3	ASV_81_16S_022_3	0.891857623946993	1	0.604538	-0.332863	0.168831	3	1	1
ASV_32_16S_022_3	ASV_81_16S_022_3	0.65997352982908	1	0.863480	-0.601917	0.101898	3	1	1
ASV_27_16S_022_3	ASV_83_16S_022_3	0.923680484294891	1	0.649150	-0.239998	0.266733	3	1	1
ASV_78_16S_022_3	ASV_83_16S_022_3	0.732268466718171	1	0.519000	0.119399	nan	3	1	1
ASV_14_16S_022_3	ASV_89_16S_022_3	0.521396746476525	1	0.694425	-0.174336	0.600400	3	1	1
ASV_25_16S_022_3	ASV_89_16S_022_3	0.526125609874725	1	0.810153	-0.154613	0.733267	3	1	1
ASV_32_16S_022_3	ASV_93_16S_022_3	0.784914103977978	1	1.032176	-0.649367	0.100899	3	1	1
ASV_88_16S_022_3	ASV_101_16S_022_3	0.640389978885651	1	0.542557	-0.542557	1.000000	3	1	1
ASV_8_16S_022_3	ASV_105_16S_022_3	0.662272691726685	1	0.381678	0.158314	nan	3	1	1
ASV_57_16S_022_3	ASV_122_16S_022_3	-0.52477	1	0.453598	-0.355486	0.099900	3	1	1
ASV_119_16S_022_3	ASV_122_16S_022_3	0.592810332775116	1	0.649691	-0.467429	0.267732	3	1	1
ASV_57_16S_022_3	ASV_123_16S_022_3	0.608934562011144	1	0.662935	-0.467100	0.199800	3	1	1
ASV_99_16S_022_3	ASV_123_16S_022_3	0.932683520934783	1	0.813038	-0.617203	0.199800	3	1	1
ASV_66_16S_022_3	ASV_124_16S_022_3	0.536862907983249	1	0.688487	-0.467724	0.334665	3	1	1
ASV_19_16S_022_3	ASV_126_16S_022_3	0.601227879524231	1	0.848331	-0.312453	0.334665	3	1	1
ASV_68_16S_022_3	ASV_128_16S_022_3	0.877995163698924	1	1.013428	-0.850206	0.000999	3	1	1
ASV_9_16S_022_3	ASV_129_16S_022_3	0.529352128505707	1	0.875171	-0.530448	0.267732	3	1	1
ASV_75_16S_022_3	ASV_129_16S_022_3	0.56883	1	0.695917	-0.495302	0.067932	3	1	1
ASV_10_16S_022_3	ASV_131_16S_022_3	0.758543400602286	1	0.711994	-0.193890	0.667333	3	1	1
ASV_45_16S_022_3	ASV_135_16S_022_3	0.778719953626876	1	0.589463	0.213219	nan	3	1	1
ASV_66_16S_022_3	ASV_139_16S_022_3	0.602671940177078	1	0.783264	-0.300352	0.433566	3	1	1
ASV_23_16S_022_3	ASV_149_16S_022_3	0.683844858476171	1	0.763461	-0.065924	0.633367	3	1	1
ASV_2_16S_022_3	ASV_156_16S_022_3	0.77471512556076	1	0.545441	0.243796	nan	3	1	1
ASV_33_16S_022_3	ASV_156_16S_022_3	0.753299897600427	1	0.539841	0.166328	nan	3	1	1
ASV_54_16S_022_3	ASV_156_16S_022_3	0.875134220628464	1	0.580606	0.172280	nan	3	1	1
ASV_15_16S_022_3	ASV_158_16S_022_3	0.520798861980438	1	0.676736	-0.345603	0.267732	3	1	1
ASV_93_16S_022_3	ASV_160_16S_022_3	0.554896877280998	1	0.742991	-0.275514	0.601399	3	1	1
ASV_144_16S_022_3	ASV_161_16S_022_3	0.830075085163116	1	0.797950	-0.246990	0.500500	3	1	1
ASV_11_16S_022_3	ASV_163_16S_022_3	0.583691615358397	1	0.695917	-0.561482	0.167832	3	1	1
ASV_45_16S_022_3	ASV_164_16S_022_3	0.824802380709697	1	0.389849	0.241374	nan	3	1	1
ASV_131_16S_022_3	ASV_164_16S_022_3	-0.61873	1	0.284976	-0.144779	0.033966	3	1	1
ASV_17_16S_022_3	ASV_166_16S_022_3	0.586653411388397	1	0.231999	-0.127713	0.368631	3	1	1
ASV_61_16S_022_3	ASV_168_16S_022_3	0.52789443731308	1	0.564941	-0.352487	0.266733	3	1	1
ASV_50_16S_022_3	ASV_169_16S_022_3	-0.555363557565027	1	0.419309	0.088988	nan	3	1	1
ASV_72_16S_022_3	ASV_169_16S_022_3	0.911231224982028	1	0.684687	-0.295812	0.301698	3	1	1
ASV_65_16S_022_3	ASV_175_16S_022_3	0.590146362781525	1	0.866443	-0.303738	0.134865	3	1	1
ASV_123_16S_022_3	ASV_175_16S_022_3	0.531827990430551	1	0.682226	-0.388011	0.266733	3	1	1
ASV_25_16S_022_3	ASV_185_16S_022_3	0.608330190181732	1	0.524226	-0.407565	0.299700	3	1	1
ASV_122_16S_022_3	ASV_185_16S_022_3	0.559521284371017	1	0.849540	-0.614618	0.200799	3	1	1
ASV_32_16S_022_3	ASV_187_16S_022_3	0.549963662477221	1	0.669774	-0.585247	0.033966	3	1	1
ASV_74_16S_022_3	ASV_192_16S_022_3	0.654264535830193	1	0.566234	-0.468316	0.000999	3	1	1
ASV_75_16S_022_3	ASV_193_16S_022_3	0.857553064823151	1	0.926220	-0.708710	0.000999	3	1	1
ASV_61_16S_022_3	ASV_196_16S_022_3	0.627816379070282	1	0.445865	-0.323262	0.199800	3	1	1
ASV_2_16S_022_3	ASV_197_16S_022_3	-0.632649421691895	1	0.359671	0.085832	nan	3	1	1
ASV_119_16S_022_3	ASV_199_16S_022_3	0.815240383148193	1	0.639288	-0.343398	0.134865	3	1	1
ASV_148_16S_022_3	ASV_204_16S_022_3	0.538835227489471	1	0.505925	-0.414341	0.033966	3	1	1
ASV_163_16S_022_3	ASV_204_16S_022_3	0.631073494732725	1	0.604655	-0.525692	0.000999	3	1	1
ASV_58_16S_022_3	ASV_210_16S_022_3	0.630467772483826	1	0.231575	0.563439	nan	3	1	1
ASV_204_16S_022_3	ASV_212_16S_022_3	0.872970970669438	1	0.841473	-0.518597	0.066933	3	1	1
ASV_59_16S_022_3	ASV_214_16S_022_3	0.761008845638064	1	0.452202	-0.067081	0.667333	3	1	1
ASV_14_16S_022_3	ASV_217_16S_022_3	0.62775	1	0.611976	-0.268851	0.265734	3	1	1
ASV_197_16S_022_3	ASV_225_16S_022_3	0.975269947788812	1	0.855975	0.052120	nan	3	1	1
ASV_2_16S_022_3	ASV_226_16S_022_3	0.53177615961523	1	0.390241	-0.237648	0.167832	3	1	1
ASV_81_16S_022_3	ASV_226_16S_022_3	0.701210164936012	1	0.670400	-0.480783	0.134865	3	1	1
ASV_154_16S_022_3	ASV_227_16S_022_3	0.557167172431946	1	0.799421	-0.516506	0.533467	3	1	1
ASV_160_16S_022_3	ASV_233_16S_022_3	0.990538859628519	1	0.894476	-0.750070	0.333666	3	1	1
ASV_110_16S_022_3	ASV_235_16S_022_3	0.704398930072784	1	0.764674	-0.627226	0.033966	3	1	1
ASV_26_16S_022_3	ASV_237_16S_022_3	0.668489992618561	1	0.652313	-0.313411	0.235764	3	1	1
ASV_128_16S_022_3	ASV_238_16S_022_3	0.738723266670667	1	0.889797	-0.889797	0.534466	3	1	1
ASV_67_16S_022_3	ASV_246_16S_022_3	-0.824152597134301	1	0.403475	-0.217830	0.334665	3	1	1
ASV_35_16S_022_3	ASV_249_16S_022_3	0.625333250366655	1	0.540925	-0.313452	0.100899	3	1	1
ASV_37_16S_022_3	ASV_249_16S_022_3	0.857808496152068	1	0.349844	-0.095833	0.166833	3	1	1
ASV_237_16S_022_3	ASV_249_16S_022_3	0.575781610343098	1	0.528721	-0.318142	0.066933	3	1	1
ASV_235_16S_022_3	ASV_253_16S_022_3	0.663446962833405	1	0.758239	-0.414401	0.332667	3	1	1
ASV_157_16S_022_3	ASV_258_16S_022_3	0.845418989658356	1	0.779325	-0.750444	0.134865	3	1	1
ASV_7_16S_022_3	ASV_263_16S_022_3	0.832559585571289	1	0.526846	0.119389	nan	3	1	1
ASV_27_16S_022_3	ASV_263_16S_022_3	-0.63182920217514	1	0.360075	-0.146340	0.199800	3	1	1
ASV_83_16S_022_3	ASV_264_16S_022_3	0.899286737980721	1	0.737645	-0.333550	0.333666	3	1	1
ASV_124_16S_022_3	ASV_268_16S_022_3	0.577209764677199	1	0.713342	-0.530758	0.367632	3	1	1
ASV_170_16S_022_3	ASV_268_16S_022_3	0.649279236793518	1	0.608346	-0.496028	0.632368	3	1	1
ASV_223_16S_022_3	ASV_268_16S_022_3	0.670466491420968	1	0.749964	-0.682904	0.533467	3	1	1
ASV_179_16S_022_3	ASV_271_16S_022_3	0.598352313041687	1	0.639084	-0.394072	0.100899	3	1	1
ASV_45_16S_022_3	ASV_273_16S_022_3	0.868830919265747	1	0.414675	0.161247	nan	3	1	1
ASV_74_16S_022_3	ASV_277_16S_022_3	0.690560281276703	1	0.828061	-0.552271	0.000999	3	1	1
ASV_169_16S_022_3	ASV_277_16S_022_3	0.594768538143369	1	0.801301	0.019976	nan	3	1	1
ASV_106_16S_022_3	ASV_278_16S_022_3	-0.778593928911259	1	0.263727	-0.078399	0.233766	2	1	1
ASV_187_16S_022_3	ASV_278_16S_022_3	0.601621925830841	1	0.652233	-0.453483	0.066933	3	1	1
ASV_121_16S_022_3	ASV_284_16S_022_3	-0.568820984076842	1	0.795408	-0.557953	0.466533	3	1	1
ASV_228_16S_022_3	ASV_287_16S_022_3	0.998407712984974	1	0.728162	-0.574459	0.700300	3	1	1
ASV_276_16S_022_3	ASV_289_16S_022_3	-0.564036071300507	1	0.324443	-0.324443	0.532468	3	1	1
ASV_217_16S_022_3	ASV_290_16S_022_3	0.698131203651428	1	0.662095	-0.466535	0.433566	3	1	1
ASV_6_16S_022_3	ASV_298_16S_022_3	0.52712	1	0.114464	0.130030	nan	1	0	1
ASV_204_16S_022_3	ASV_298_16S_022_3	-0.616472464588262	1	0.247275	-0.015157	0.200799	2	1	1
ASV_122_16S_022_3	ASV_299_16S_022_3	-0.615206821148181	1	0.542557	-0.322311	0.734266	3	1	1
ASV_88_16S_022_3	ASV_300_16S_022_3	0.558212637901306	1	0.505503	-0.505503	0.933067	3	1	1
ASV_248_16S_022_3	ASV_300_16S_022_3	0.58943784236908	1	0.468051	-0.293776	0.101898	3	1	1
ASV_123_16S_022_3	ASV_301_16S_022_3	0.858396913212981	1	0.682226	-0.388231	0.267732	3	1	1
ASV_179_16S_022_3	ASV_304_16S_022_3	0.657195687294006	1	0.879731	-0.485924	0.034965	3	1	1
ASV_206_16S_022_3	ASV_304_16S_022_3	0.8971728682518	1	0.812575	-0.280453	0.631369	3	1	1
ASV_184_16S_022_3	ASV_306_16S_022_3	0.68226874551345	1	0.627457	-0.454171	0.533467	3	1	1
ASV_6_16S_022_3	ASV_307_16S_022_3	0.681625562569206	1	0.195520	0.168049	nan	1	0	1
ASV_162_16S_022_3	ASV_308_16S_022_3	-0.891894161701202	1	0.704146	-0.704146	0.333666	3	1	1
ASV_299_16S_022_3	ASV_308_16S_022_3	0.529218137934036	1	0.915692	-0.711823	0.469530	3	1	1
ASV_97_16S_022_3	ASV_309_16S_022_3	0.856187625539886	1	0.942377	0.180115	nan	3	1	1
ASV_145_16S_022_3	ASV_311_16S_022_3	0.626801252365112	1	0.510933	-0.261806	0.467532	3	1	1
ASV_154_16S_022_3	ASV_316_16S_022_3	0.921032865594157	1	1.069638	-0.728960	0.133866	3	1	1
ASV_67_16S_022_3	ASV_317_16S_022_3	0.632342854444799	1	0.583943	-0.243995	0.431568	3	1	1
ASV_97_16S_022_3	ASV_317_16S_022_3	0.840700273022928	1	0.697169	0.079219	nan	3	1	1
ASV_189_16S_022_3	ASV_318_16S_022_3	-0.666919765898783	1	0.769896	-0.265424	0.567433	3	1	1
ASV_161_16S_022_3	ASV_320_16S_022_3	0.610999364332116	1	0.697169	-0.355919	0.399600	3	1	1
ASV_35_16S_022_3	ASV_324_16S_022_3	0.580836176872253	1	0.462451	-0.385081	0.301698	3	1	1
ASV_89_16S_022_3	ASV_324_16S_022_3	0.778015673160553	1	0.945137	-0.375111	0.366633	3	1	1
ASV_92_16S_022_3	ASV_325_16S_022_3	0.918775737285614	1	0.917567	-0.430359	0.266733	3	1	1
ASV_110_16S_022_3	ASV_325_16S_022_3	0.59889028273615	1	0.684101	-0.475397	0.132867	3	1	1
ASV_109_16S_022_3	ASV_327_16S_022_3	-0.552551238741182	1	0.535331	-0.451895	0.467532	3	1	1
ASV_152_16S_022_3	ASV_328_16S_022_3	0.712233345012876	1	0.319818	-0.119673	0.532468	3	1	1
ASV_130_16S_022_3	ASV_331_16S_022_3	0.563628792762756	1	0.403391	-0.403391	1.000000	3	1	1
ASV_162_16S_022_3	ASV_334_16S_022_3	-0.653156886953715	1	0.618814	-0.616124	0.133866	3	1	1
ASV_126_16S_022_3	ASV_335_16S_022_3	0.524992048862802	1	0.635071	-0.115284	0.600400	3	1	1
ASV_149_16S_022_3	ASV_335_16S_022_3	0.61451	1	0.675044	-0.153208	0.600400	3	1	1
ASV_65_16S_022_3	ASV_337_16S_022_3	0.793156017683715	1	0.614054	-0.214328	0.334665	3	1	1
ASV_291_16S_022_3	ASV_340_16S_022_3	0.958724949583442	1	0.829736	-0.668954	0.000999	3	1	1
ASV_276_16S_022_3	ASV_343_16S_022_3	-0.730718720723102	1	0.418827	-0.216659	0.467532	3	1	1
ASV_235_16S_022_3	ASV_345_16S_022_3	0.728875696659088	1	0.781249	-0.435711	0.331668	3	1	1
ASV_262_16S_022_3	ASV_347_16S_022_3	0.855201482772827	1	0.869418	-0.608499	0.298701	3	1	1
ASV_50_16S_022_3	ASV_351_16S_022_3	0.542472599579001	1	0.507557	-0.138562	0.701299	3	1	1
ASV_175_16S_022_3	ASV_357_16S_022_3	0.656689811757063	1	0.645803	-0.196702	0.502498	3	1	1
ASV_121_16S_022_3	ASV_358_16S_022_3	0.788085993529516	1	0.669276	-0.167843	0.632368	3	1	1
ASV_216_16S_022_3	ASV_358_16S_022_3	-0.536342562360786	1	0.755355	-0.325344	0.532468	3	1	1
ASV_193_16S_022_3	ASV_360_16S_022_3	0.760752868717725	1	0.444662	-0.320680	0.000999	2	1	1
ASV_233_16S_022_3	ASV_362_16S_022_3	0.950029373168945	1	0.891591	-0.718305	0.366633	3	1	1
ASV_246_16S_022_3	ASV_362_16S_022_3	0.56574	1	0.615606	-0.481486	0.166833	3	1	1
ASV_277_16S_022_3	ASV_362_16S_022_3	-0.52640026807785	1	0.429031	-0.368968	0.100899	3	1	1
ASV_274_16S_022_3	ASV_365_16S_022_3	0.525131046772003	1	0.662095	-0.600801	0.000999	3	1	1
ASV_345_16S_022_3	ASV_365_16S_022_3	0.739086866378784	1	0.761323	-0.295240	0.465534	3	1	1
ASV_138_16S_022_3	ASV_369_16S_022_3	0.664310388037154	1	0.840887	-0.702119	0.233766	3	1	1
ASV_267_16S_022_3	ASV_379_16S_022_3	0.552697013899815	1	0.684737	-0.497763	0.401598	3	1	1
ASV_157_16S_022_3	ASV_381_16S_022_3	0.544515669345856	1	0.671230	-0.812947	0.533467	3	1	1
ASV_66_16S_022_3	ASV_383_16S_022_3	0.67673796415329	1	0.673120	-0.352221	0.502498	3	1	1
ASV_320_16S_022_3	ASV_386_16S_022_3	0.615967940486595	1	0.754639	-0.582414	0.299700	3	1	1
ASV_260_16S_022_3	ASV_387_16S_022_3	0.85853034205904	1	0.943262	-0.812544	0.099900	3	1	1
ASV_21_16S_022_3	ASV_388_16S_022_3	0.528603792190552	1	0.514271	-0.344950	0.234765	3	1	1
ASV_7_16S_022_3	ASV_390_16S_022_3	-0.524275662360035	1	0.351261	-0.134888	0.466533	3	1	1
ASV_386_16S_022_3	ASV_392_16S_022_3	0.590017709385017	1	0.694922	-0.315273	0.532468	3	1	1
ASV_132_16S_022_3	ASV_396_16S_022_3	0.530401753279096	1	0.691371	-0.604728	0.732268	3	1	1
ASV_311_16S_022_3	ASV_396_16S_022_3	0.538688832488591	1	0.680843	-0.321100	0.800200	3	1	1
ASV_218_16S_022_3	ASV_397_16S_022_3	0.57076	1	0.582530	-0.270734	0.469530	3	1	1
ASV_274_16S_022_3	ASV_400_16S_022_3	0.55338584387192	1	0.541810	-0.397405	0.366633	3	1	1
ASV_193_16S_022_3	ASV_402_16S_022_3	0.820168134430121	1	0.791777	-0.684024	0.000999	3	1	1
ASV_185_16S_022_3	ASV_401_16S_022_3	0.931910014153259	1	0.934609	-0.761323	0.399600	3	1	1
ASV_225_16S_022_3	ASV_401_16S_022_3	0.521462346565947	1	0.764207	-0.667278	0.268731	3	1	1
ASV_312_16S_022_3	ASV_401_16S_022_3	0.610412013269483	1	0.689402	-0.619653	0.068931	3	1	1
ASV_218_16S_022_3	ASV_407_16S_022_3	-0.58763592770795	1	0.443995	0.334280	nan	3	1	1
ASV_109_16S_022_3	ASV_408_16S_022_3	0.56431120634079	1	0.395583	0.008188	nan	3	1	1
ASV_153_16S_022_3	ASV_408_16S_022_3	0.718317717055079	1	0.474481	-0.053815	0.600400	3	1	1
ASV_19_16S_022_3	ASV_410_16S_022_3	0.700259506702423	1	0.685895	-0.458618	0.034965	3	1	1
ASV_163_16S_022_3	ASV_410_16S_022_3	0.706401859673474	1	0.865150	-0.659157	0.034965	3	1	1
ASV_189_16S_022_3	ASV_414_16S_022_3	-0.549083967249259	1	0.530488	-0.016248	0.567433	3	1	1
ASV_226_16S_022_3	ASV_414_16S_022_3	-0.631913702974152	1	0.329969	0.372327	nan	3	1	1
ASV_145_16S_022_3	ASV_421_16S_022_3	0.734014895910037	1	0.767877	-0.517464	0.332667	3	1	1
ASV_154_16S_022_3	ASV_421_16S_022_3	0.753625631332397	1	0.893467	-0.717508	0.099900	3	1	1
ASV_189_16S_022_3	ASV_422_16S_022_3	0.8807	1	0.966193	-0.655822	0.434565	3	1	1
ASV_318_16S_022_3	ASV_422_16S_022_3	0.921970170285537	1	0.932192	-0.485483	0.601399	3	1	1
ASV_388_16S_022_3	ASV_422_16S_022_3	0.603611469268799	1	0.622788	-0.379328	0.267732	3	1	1
ASV_155_16S_022_3	ASV_424_16S_022_3	0.627217173576355	1	0.623912	-0.556852	0.667333	3	1	1
ASV_282_16S_022_3	ASV_425_16S_022_3	0.763195395469666	1	0.756021	-0.366361	0.633367	3	1	1
ASV_309_16S_022_3	ASV_425_16S_022_3	0.642187476158142	1	0.756021	-0.751631	0.199800	3	1	1
ASV_136_16S_022_3	ASV_426_16S_022_3	0.644510865211487	1	0.577260	-0.370036	0.465534	3	1	1
ASV_222_16S_022_3	ASV_426_16S_022_3	0.574940323829651	1	0.657117	-0.556316	0.566434	3	1	1
ASV_424_16S_022_3	ASV_427_16S_022_3	-0.577604055404663	1	0.557088	-0.442552	0.934066	3	1	1
ASV_271_16S_022_3	ASV_429_16S_022_3	0.831741207829141	1	0.588503	-0.220370	0.266733	3	1	1
ASV_93_16S_022_3	ASV_430_16S_022_3	0.778830101969406	1	0.718305	-0.570371	0.301698	3	1	1
ASV_132_16S_022_3	ASV_430_16S_022_3	0.63159167766571	1	0.521138	-0.449217	0.401598	3	1	1
ASV_431_16S_022_3	ASV_437_16S_022_3	0.554123342037201	1	0.576937	-0.410258	0.766234	3	1	1
ASV_80_16S_022_3	ASV_440_16S_022_3	0.576558172702789	1	0.534490	-0.204367	0.532468	3	1	1
ASV_434_16S_022_3	ASV_444_16S_022_3	0.748847174363118	1	0.368061	-0.415538	0.332667	3	1	1
ASV_260_16S_022_3	ASV_448_16S_022_3	0.687943875789642	1	0.640790	-0.472411	0.066933	3	1	1
ASV_348_16S_022_3	ASV_448_16S_022_3	0.707747668399113	1	0.718056	-0.457138	0.701299	3	1	1
ASV_110_16S_022_3	ASV_449_16S_022_3	0.799998291550906	1	0.700397	-0.370956	0.199800	3	1	1
ASV_212_16S_022_3	ASV_449_16S_022_3	0.71045161459962	1	0.658002	-0.100542	0.466533	3	1	1
ASV_121_16S_022_3	ASV_452_16S_022_3	0.699319344465397	1	0.752187	-0.551007	0.800200	3	1	1
ASV_49_16S_022_3	ASV_453_16S_022_3	0.855163156116334	1	0.948768	-0.948768	0.867133	3	1	1
ASV_223_16S_022_3	ASV_456_16S_022_3	0.898394048213959	1	0.785924	-0.516697	0.768232	3	1	1
ASV_389_16S_022_3	ASV_456_16S_022_3	0.63885372877121	1	0.670400	-0.461153	0.600400	3	1	1
ASV_308_16S_022_3	ASV_461_16S_022_3	0.992179274559021	1	1.040536	-0.770320	0.401598	3	1	1
ASV_301_16S_022_3	ASV_462_16S_022_3	0.623971819877625	1	0.835381	-0.710089	0.367632	3	1	1
ASV_153_16S_022_3	ASV_463_16S_022_3	-0.724927723882192	1	0.500082	-0.498584	0.100899	3	1	1
ASV_126_16S_022_3	ASV_466_16S_022_3	0.631977293165216	1	0.651104	0.067153	nan	3	1	1
ASV_273_16S_022_3	ASV_466_16S_022_3	0.789080971011481	1	0.599031	-0.428112	0.067932	3	1	1
ASV_41_16S_022_3	ASV_468_16S_022_3	-0.644050002098083	1	0.446995	-0.441431	0.000999	3	1	1
ASV_345_16S_022_3	ASV_473_16S_022_3	0.649796843906858	1	0.781995	-0.328418	0.331668	3	1	1
ASV_63_16S_022_3	ASV_475_16S_022_3	0.820413141556746	1	0.308623	0.228084	nan	3	1	1
ASV_182_16S_022_3	ASV_475_16S_022_3	0.645206987857819	1	0.449580	-0.379007	0.300699	3	1	1
ASV_295_16S_022_3	ASV_475_16S_022_3	0.848136077938121	1	0.516195	0.248294	nan	3	1	1
ASV_453_16S_022_3	ASV_476_16S_022_3	0.595009982585907	1	0.789639	-0.881190	0.766234	3	1	1
ASV_102_16S_022_3	ASV_478_16S_022_3	0.728323254372746	1	0.753679	-0.217200	0.934066	3	1	1
ASV_258_16S_022_3	ASV_478_16S_022_3	0.533245671943186	1	0.753679	-0.753679	1.000000	3	1	1
ASV_34_16S_022_3	ASV_479_16S_022_3	0.583488835325314	1	0.525091	-0.170208	0.867133	3	1	1
ASV_253_16S_022_3	ASV_488_16S_022_3	0.554239273071289	1	0.588622	-0.332093	0.432567	3	1	1
ASV_390_16S_022_3	ASV_490_16S_022_3	0.848124069750551	1	0.935195	-0.608205	0.633367	3	1	1
ASV_179_16S_022_3	ASV_491_16S_022_3	0.956443340485413	1	0.957420	-0.709524	0.000999	3	1	1
ASV_187_16S_022_3	ASV_494_16S_022_3	0.536593116795791	1	0.925757	-0.818689	0.033966	3	1	1
ASV_382_16S_022_3	ASV_494_16S_022_3	0.64298141002655	1	0.793190	-0.635097	0.333666	3	1	1
ASV_49_16S_022_3	ASV_495_16S_022_3	0.538196682929993	1	0.735144	-0.648501	0.532468	3	1	1
ASV_478_16S_022_3	ASV_495_16S_022_3	0.562215626239777	1	0.502499	-0.502499	1.000000	3	1	1
ASV_332_16S_022_3	ASV_497_16S_022_3	0.639007557267563	1	0.835879	-0.528473	0.631369	3	1	1
ASV_332_16S_022_3	ASV_499_16S_022_3	0.671285095035891	1	0.587836	-0.236890	0.699301	3	1	1
ASV_494_16S_022_3	ASV_499_16S_022_3	0.728946173057414	1	0.847401	-0.731035	0.233766	3	1	1
ASV_170_16S_022_3	ASV_502_16S_022_3	0.745665826749073	1	0.415087	-0.378138	0.332667	3	1	1
ASV_11_16S_022_3	ASV_503_16S_022_3	0.634228341040297	1	0.995256	-0.810500	0.100899	3	1	1
ASV_92_16S_022_3	ASV_503_16S_022_3	0.623354450078415	1	1.000478	-0.502742	0.499500	3	1	1
ASV_216_16S_022_3	ASV_503_16S_022_3	0.774387115250842	1	0.890259	-0.549434	0.366633	3	1	1
ASV_222_16S_022_3	ASV_503_16S_022_3	0.861074521376051	1	0.765167	-0.459186	0.467532	3	1	1
ASV_265_16S_022_3	ASV_503_16S_022_3	0.554611242183512	1	0.731798	-0.567687	0.266733	3	1	1
ASV_412_16S_022_3	ASV_503_16S_022_3	0.817787630188357	1	0.797283	-0.316589	0.333666	3	1	1
ASV_494_16S_022_3	ASV_503_16S_022_3	0.679722476306328	1	0.800167	-0.716730	0.133866	3	1	1
ASV_41_16S_022_3	ASV_504_16S_022_3	-0.687171041965485	1	0.677213	-0.375444	0.467532	3	1	1
ASV_113_16S_022_3	ASV_504_16S_022_3	-0.647536516189575	1	0.557596	-0.334143	0.468531	3	1	1
ASV_463_16S_022_3	ASV_504_16S_022_3	-0.716537333486536	1	0.696877	-0.620519	0.335664	3	1	1
ASV_347_16S_022_3	ASV_506_16S_022_3	0.877842366695404	1	0.941338	-0.691694	0.833167	3	1	1
ASV_477_16S_022_3	ASV_506_16S_022_3	0.550876140594482	1	0.955496	-0.686269	0.900100	3	1	1
ASV_36_16S_022_3	ASV_512_16S_022_3	0.906073717327522	1	0.712880	-0.191366	0.534466	3	1	1
ASV_215_16S_022_3	ASV_512_16S_022_3	0.757294264638914	1	0.527683	-0.168551	0.633367	3	1	1
ASV_386_16S_022_3	ASV_513_16S_022_3	0.606032192707062	1	0.566234	-0.450709	0.566434	3	1	1
ASV_282_16S_022_3	ASV_515_16S_022_3	0.538635015487671	1	0.645798	-0.429943	0.666334	3	1	1
ASV_416_16S_022_3	ASV_515_16S_022_3	0.606596341819623	1	0.402669	-0.419563	0.166833	3	1	1
ASV_11_16S_022_3	ASV_517_16S_022_3	0.557122945839839	1	0.862689	-0.668118	0.300699	3	1	1
ASV_169_16S_022_3	ASV_525_16S_022_3	0.532816588878632	1	0.704774	-0.027902	0.801199	3	1	1
ASV_223_16S_022_3	ASV_531_16S_022_3	0.609962522983551	1	0.645714	-0.405367	0.403596	3	1	1
ASV_262_16S_022_3	ASV_533_16S_022_3	0.641383806292199	1	0.963140	-0.583491	0.632368	3	1	1
ASV_327_16S_022_3	ASV_533_16S_022_3	0.769488871097565	1	0.977298	-0.551678	0.766234	3	1	1
ASV_481_16S_022_3	ASV_533_16S_022_3	0.920542538166046	1	0.768051	-0.771258	0.267732	3	1	1
ASV_365_16S_022_3	ASV_537_16S_022_3	0.627424418926239	1	0.655317	-0.566658	0.033966	3	1	1
ASV_246_16S_022_3	ASV_538_16S_022_3	0.77734111003731	1	0.602194	-0.422816	0.434565	3	1	1
ASV_103_16S_022_3	ASV_539_16S_022_3	0.81544996556603	1	0.809143	-0.721316	0.200799	3	1	1
ASV_531_16S_022_3	ASV_539_16S_022_3	0.539957642555237	1	0.821969	-0.589737	0.466533	3	1	1
ASV_97_16S_022_3	ASV_540_16S_022_3	0.5854892062525	1	0.859182	-0.584796	0.334665	3	1	1
ASV_414_16S_022_3	ASV_540_16S_022_3	0.521776616829151	1	0.583491	-0.490174	0.567433	3	1	1
ASV_317_16S_022_3	ASV_547_16S_022_3	0.752654913244579	1	0.771851	-0.374287	0.532468	3	1	1
ASV_316_16S_022_3	ASV_552_16S_022_3	0.578014433383942	1	0.708787	-0.462349	0.466533	3	1	1
ASV_428_16S_022_3	ASV_552_16S_022_3	0.554864585399628	1	0.906760	-0.785145	0.400599	3	1	1
ASV_11_16S_022_3	ASV_553_16S_022_3	0.687030632008765	1	0.816201	-0.698975	0.266733	3	1	1
ASV_53_16S_022_3	ASV_553_16S_022_3	0.594662070274353	1	0.785000	-0.631814	0.266733	3	1	1
ASV_148_16S_022_3	ASV_553_16S_022_3	0.763457179069519	1	0.603154	-0.535106	0.099900	3	1	1
ASV_490_16S_022_3	ASV_553_16S_022_3	0.792587345770158	1	0.932311	-0.666290	0.466533	3	1	1
ASV_196_16S_022_3	ASV_560_16S_022_3	0.668465852737427	1	0.468543	-0.184639	0.567433	3	1	1
ASV_138_16S_022_3	ASV_561_16S_022_3	0.849175289675378	1	0.789216	-0.482215	0.066933	3	1	1
ASV_227_16S_022_3	ASV_561_16S_022_3	0.680507097288211	1	0.695171	-0.280354	0.367632	3	1	1
ASV_332_16S_022_3	ASV_561_16S_022_3	0.628846246458105	1	0.741196	-0.389049	0.199800	3	1	1
ASV_421_16S_022_3	ASV_561_16S_022_3	0.946404457092285	1	0.882939	-0.654985	0.066933	3	1	1
ASV_453_16S_022_3	ASV_566_16S_022_3	0.657535374164581	1	0.864827	-0.956378	0.401598	3	1	1
ASV_225_16S_022_3	ASV_569_16S_022_3	0.931833562639172	1	0.711790	0.358318	nan	3	1	1
ASV_74_16S_022_3	ASV_574_16S_022_3	0.552788297931898	1	0.909923	-0.578543	0.067932	3	1	1
ASV_137_16S_022_3	ASV_574_16S_022_3	0.812192829240289	1	0.850500	-0.672157	0.000999	3	1	1
ASV_340_16S_022_3	ASV_574_16S_022_3	0.793639972857327	1	1.096622	-0.693322	0.100899	3	1	1
ASV_333_16S_022_3	ASV_575_16S_022_3	0.629484951496124	1	0.437083	-0.338453	0.400599	3	1	1
ASV_294_16S_022_3	ASV_576_16S_022_3	0.522653579711914	1	0.707191	-0.436262	0.532468	3	1	1
ASV_207_16S_022_3	ASV_579_16S_022_3	0.786190330982208	1	0.379321	-0.338989	0.000999	2	1	1
ASV_154_16S_022_3	ASV_582_16S_022_3	0.896047928836906	1	1.185162	-0.954113	0.000999	3	1	1
ASV_269_16S_022_3	ASV_582_16S_022_3	0.841460466384888	1	1.138674	-0.907625	0.166833	3	1	1
ASV_490_16S_022_3	ASV_582_16S_022_3	0.664952332752629	1	0.990073	-0.696872	0.499500	3	1	1
ASV_495_16S_022_3	ASV_587_16S_022_3	0.997798465880844	1	0.864827	-0.749303	0.499500	3	1	1
ASV_268_16S_022_3	ASV_596_16S_022_3	0.601203092528356	1	0.864827	-0.864827	0.866134	3	1	1
ASV_129_16S_022_3	ASV_605_16S_022_3	0.59452711846925	1	0.722478	-0.394193	0.368631	3	1	1
ASV_578_16S_022_3	ASV_605_16S_022_3	0.554299473762512	1	0.520331	-0.230169	0.167832	3	1	1
ASV_556_16S_022_3	ASV_612_16S_022_3	0.618597200910426	1	0.617949	-0.521020	0.599401	3	1	1
ASV_103_16S_022_3	ASV_615_16S_022_3	0.522589325904846	1	0.790225	-0.598861	0.301698	3	1	1
ASV_387_16S_022_3	ASV_615_16S_022_3	0.888782476164145	1	1.094747	-0.852229	0.099900	3	1	1
ASV_304_16S_022_3	ASV_622_16S_022_3	0.534363031387329	1	0.686597	-0.580888	0.167832	3	1	1
ASV_61_16S_022_3	ASV_621_16S_022_3	0.92967814207077	1	0.567243	-0.500183	0.298701	3	1	1
ASV_300_16S_022_3	ASV_632_16S_022_3	0.768756151199341	1	0.688656	-0.649489	0.000999	3	1	1
ASV_340_16S_022_3	ASV_633_16S_022_3	0.819142614643077	1	0.830359	-0.624319	0.000999	3	1	1
ASV_552_16S_022_3	ASV_636_16S_022_3	0.628905801858927	1	0.630894	-0.474501	0.834166	3	1	1
ASV_124_16S_022_3	ASV_640_16S_022_3	0.778827095835761	1	0.897734	-0.744031	0.133866	3	1	1
ASV_411_16S_022_3	ASV_640_16S_022_3	0.579762399196625	1	0.804012	-0.688487	0.333666	3	1	1
ASV_455_16S_022_3	ASV_640_16S_022_3	0.55567	1	0.847616	-0.698820	0.299700	3	1	1
ASV_596_16S_022_3	ASV_640_16S_022_3	0.58605	1	0.652313	-0.652313	0.933067	3	1	1
ASV_206_16S_022_3	ASV_641_16S_022_3	0.722919821739197	1	0.661090	-0.236542	0.566434	3	1	1
ASV_234_16S_022_3	ASV_641_16S_022_3	0.918987996285235	1	0.907969	-0.745327	0.033966	3	1	1
ASV_259_16S_022_3	ASV_644_16S_022_3	0.538601160049438	1	0.545441	-0.437513	0.666334	3	1	1
ASV_643_16S_022_3	ASV_644_16S_022_3	0.867237998513598	1	0.545441	-0.429916	0.667333	3	1	1
ASV_66_16S_022_3	ASV_647_16S_022_3	0.571135572542995	1	0.807065	-0.363562	0.600400	3	1	1
ASV_281_16S_022_3	ASV_647_16S_022_3	0.555522527662224	1	0.665888	-0.292651	0.667333	3	1	1
ASV_61_16S_022_3	ASV_648_16S_022_3	0.562472952075617	1	0.519532	-0.411604	0.365634	3	1	1
ASV_361_16S_022_3	ASV_652_16S_022_3	0.981961607933044	1	0.787143	-0.672607	0.833167	3	1	1
ASV_427_16S_022_3	ASV_652_16S_022_3	0.994994129383024	1	0.765341	-0.688983	0.867133	3	1	1
ASV_517_16S_022_3	ASV_654_16S_022_3	0.771599411964417	1	0.707697	-0.304397	0.735265	3	1	1
ASV_331_16S_022_3	ASV_671_16S_022_3	0.656694889068604	1	0.625005	-0.625005	0.867133	3	1	1
ASV_6_16S_022_3	ASV_670_16S_022_3	0.635969936847687	1	0.332479	-0.308505	0.134865	3	1	1
ASV_416_16S_022_3	ASV_673_16S_022_3	0.55065530538559	1	0.408820	-0.512358	0.799201	3	1	1
ASV_370_16S_022_3	ASV_675_16S_022_3	0.676662365183799	1	0.733473	-0.617949	0.200799	3	1	1
ASV_428_16S_022_3	ASV_675_16S_022_3	0.888875365257263	1	0.827196	-0.827196	0.400599	3	1	1
ASV_560_16S_022_3	ASV_679_16S_022_3	0.535098791122437	1	0.760408	-0.404536	0.600400	3	1	1
ASV_647_16S_022_3	ASV_679_16S_022_3	0.762942185019818	1	0.821223	-0.426185	0.601399	3	1	1
ASV_14_16S_022_3	ASV_690_16S_022_3	-0.733412253078139	1	0.347916	-0.211107	0.668332	3	1	1
ASV_148_16S_022_3	ASV_697_16S_022_3	0.522626491953245	1	0.639115	-0.466956	0.067932	3	1	1
ASV_274_16S_022_3	ASV_697_16S_022_3	0.532688186573021	1	0.673369	-0.528121	0.166833	3	1	1
ASV_361_16S_022_3	ASV_699_16S_022_3	0.787374349254103	1	0.533073	-0.447418	0.568432	3	1	1
ASV_390_16S_022_3	ASV_708_16S_022_3	0.730462610721588	1	0.802305	-0.557764	0.399600	3	1	1
ASV_477_16S_022_3	ASV_708_16S_022_3	0.617392897605896	1	0.768051	-0.429787	0.866134	3	1	1
ASV_424_16S_022_3	ASV_709_16S_022_3	0.52889	1	0.566149	-0.489792	0.700300	3	1	1
ASV_652_16S_022_3	ASV_709_16S_022_3	0.522756218910217	1	0.471218	-0.404158	0.600400	3	1	1
ASV_560_16S_022_3	ASV_715_16S_022_3	0.6793372631073	1	0.762114	-0.300016	0.767233	3	1	1
ASV_284_16S_022_3	ASV_717_16S_022_3	0.809729163761672	1	0.809143	-0.669645	0.067932	3	1	1
ASV_259_16S_022_3	ASV_718_16S_022_3	0.725589990615845	1	0.590836	-0.445442	0.000999	3	1	1
ASV_363_16S_022_3	ASV_720_16S_022_3	0.959768056869507	1	0.519532	-0.519532	1.000000	3	1	1
ASV_426_16S_022_3	ASV_722_16S_022_3	0.602571904659271	1	0.650140	-0.378741	0.400599	3	1	1
ASV_455_16S_022_3	ASV_722_16S_022_3	0.624232234720192	1	0.743365	-0.325859	0.800200	3	1	1
ASV_269_16S_022_3	ASV_723_16S_022_3	0.798504652750535	1	0.836127	-0.720603	0.099900	3	1	1
ASV_519_16S_022_3	ASV_723_16S_022_3	0.583477494126766	1	0.848362	-0.731136	0.433566	3	1	1
ASV_396_16S_022_3	ASV_728_16S_022_3	0.673612892627716	1	0.655580	-0.509473	0.667333	3	1	1
ASV_643_16S_022_3	ASV_728_16S_022_3	0.643416088961566	1	0.670400	-0.670400	1.000000	3	1	1
ASV_556_16S_022_3	ASV_730_16S_022_3	0.657351927548132	1	0.639751	-0.494357	0.501499	3	1	1
ASV_411_16S_022_3	ASV_736_16S_022_3	0.551987171173096	1	0.768051	-0.453566	0.732268	3	1	1
ASV_599_16S_022_3	ASV_737_16S_022_3	0.990029361910945	1	0.847401	-0.539995	0.600400	3	1	1
ASV_463_16S_022_3	ASV_738_16S_022_3	0.953729152679443	1	0.879731	-0.569338	0.033966	3	1	1
ASV_599_16S_022_3	ASV_739_16S_022_3	0.68996	1	0.905164	-0.369397	0.700300	3	1	1
ASV_348_16S_022_3	ASV_746_16S_022_3	0.710522913842786	1	0.626258	-0.376660	0.733267	3	1	1
ASV_540_16S_022_3	ASV_747_16S_022_3	0.88541488751137	1	0.662680	-0.240737	0.934066	3	1	1
ASV_311_16S_022_3	ASV_749_16S_022_3	0.597425937652588	1	0.680843	-0.457909	0.664336	3	1	1
ASV_533_16S_022_3	ASV_749_16S_022_3	0.626314837278835	1	0.963140	-0.617084	0.632368	3	1	1
ASV_506_16S_022_3	ASV_751_16S_022_3	0.568505765224715	1	0.941338	-0.787635	0.565435	3	1	1
ASV_749_16S_022_3	ASV_751_16S_022_3	0.667113449218751	1	0.941338	-0.795232	0.499500	3	1	1
ASV_187_16S_022_3	ASV_752_16S_022_3	0.87272831251715	1	0.821507	-0.568017	0.234765	3	1	1
ASV_281_16S_022_3	ASV_752_16S_022_3	0.61543461680209	1	0.654774	-0.347885	0.668332	3	1	1
ASV_383_16S_022_3	ASV_755_16S_022_3	0.640501666675976	1	0.528981	-0.355694	0.667333	3	1	1
ASV_61_16S_022_3	ASV_758_16S_022_3	0.547837972640991	1	0.489469	-0.258938	0.331668	3	1	1
ASV_539_16S_022_3	ASV_758_16S_022_3	0.616849303245544	1	0.663426	-0.418690	0.500500	3	1	1
ASV_610_16S_022_3	ASV_759_16S_022_3	0.543830335140228	1	0.571535	-0.388951	0.733267	3	1	1
ASV_23_16S_022_3	ASV_767_16S_022_3	0.553626658251392	1	0.791236	-0.645129	0.534466	3	1	1
ASV_212_16S_022_3	ASV_767_16S_022_3	0.626362603340833	1	0.693420	-0.519292	0.433566	3	1	1
ASV_382_16S_022_3	ASV_779_16S_022_3	0.862553000450134	1	0.844238	-0.631314	0.301698	3	1	1
ASV_350_16S_022_3	ASV_782_16S_022_3	0.55638	1	0.519532	-0.447094	0.000999	3	1	1
ASV_588_16S_022_3	ASV_782_16S_022_3	0.710457859110953	1	0.545441	0.130537	nan	3	1	1
ASV_6_16S_022_3	ASV_784_16S_022_3	0.73843	1	0.622121	0.139223	nan	3	1	1
ASV_134_16S_022_3	ASV_784_16S_022_3	0.55525	1	0.579850	-0.413172	0.469530	3	1	1
ASV_207_16S_022_3	ASV_784_16S_022_3	0.802560014568383	1	0.437083	-0.176871	0.503497	3	1	1
ASV_744_16S_022_3	ASV_786_16S_022_3	0.979858934879303	1	0.828867	-0.752509	0.200799	3	1	1
ASV_102_16S_022_3	ASV_793_16S_022_3	0.730534040101215	1	0.884958	-0.844090	0.000999	3	1	1
ASV_476_16S_022_3	ASV_793_16S_022_3	0.732152655049613	1	0.920918	-0.920918	0.933067	3	1	1
ASV_540_16S_022_3	ASV_793_16S_022_3	0.613464653491974	1	0.733473	-0.630139	0.100899	3	1	1
ASV_310_16S_022_3	ASV_797_16S_022_3	0.7034560802616	1	0.704306	-0.637247	0.299700	3	1	1
ASV_455_16S_022_3	ASV_797_16S_022_3	0.572866857051849	1	0.788351	-0.680424	0.399600	3	1	1
ASV_210_16S_022_3	ASV_799_16S_022_3	0.607069969177246	1	0.277209	-0.356773	0.599401	3	1	1
ASV_199_16S_022_3	ASV_800_16S_022_3	-0.639622166202668	1	0.547242	-0.547242	0.499500	3	1	1
ASV_401_16S_022_3	ASV_803_16S_022_3	-0.52288	1	0.453052	-0.412184	0.267732	3	1	1
ASV_392_16S_022_3	ASV_805_16S_022_3	0.907599284549187	1	0.737566	-0.470557	0.400599	3	1	1
ASV_248_16S_022_3	ASV_808_16S_022_3	0.702914118766785	1	0.547893	-0.547893	1.000000	3	1	1
ASV_782_16S_022_3	ASV_808_16S_022_3	0.545714855194092	1	0.466538	-0.466538	1.000000	3	1	1
ASV_462_16S_022_3	ASV_815_16S_022_3	0.534189105033875	1	0.883576	-0.754364	0.466533	3	1	1
ASV_739_16S_022_3	ASV_815_16S_022_3	0.776410937309265	1	0.666471	-0.280018	0.700300	3	1	1
ASV_139_16S_022_3	ASV_818_16S_022_3	0.769380331039429	1	0.706738	-0.519293	0.434565	3	1	1
ASV_379_16S_022_3	ASV_818_16S_022_3	0.68286782503128	1	0.499371	-0.335900	0.299700	3	1	1
ASV_739_16S_022_3	ASV_820_16S_022_3	0.757451474666595	1	0.792523	-0.561992	0.332667	3	1	1
ASV_262_16S_022_3	ASV_819_16S_022_3	0.891168594360352	1	0.905378	-0.624876	0.265734	3	1	1
ASV_644_16S_022_3	ASV_829_16S_022_3	0.651454870811941	1	0.519532	-0.481353	0.668332	3	1	1
ASV_710_16S_022_3	ASV_829_16S_022_3	0.825317357139009	1	0.519532	-0.519532	0.934066	3	1	1
ASV_262_16S_022_3	ASV_831_16S_022_3	0.531968891620636	1	0.869418	-0.531154	0.599401	3	1	1
ASV_751_16S_022_3	ASV_831_16S_022_3	0.684212684631348	1	0.938454	-0.850110	0.500500	3	1	1
ASV_370_16S_022_3	ASV_833_16S_022_3	0.52172	1	0.555706	-0.555706	0.966034	3	1	1
ASV_563_16S_022_3	ASV_833_16S_022_3	0.678010106086731	1	0.587573	-0.587573	0.933067	3	1	1
ASV_406_16S_022_3	ASV_842_16S_022_3	0.927721231567148	1	0.753431	-0.513084	0.266733	3	1	1
ASV_779_16S_022_3	ASV_847_16S_022_3	0.871271708717359	1	0.978681	-0.698179	0.266733	3	1	1
ASV_704_16S_022_3	ASV_851_16S_022_3	0.703167502925953	1	0.439351	-0.439351	0.933067	3	1	1
ASV_564_16S_022_3	ASV_853_16S_022_3	0.584138810634613	1	0.775481	-0.737302	0.633367	3	1	1
ASV_722_16S_022_3	ASV_853_16S_022_3	0.570978695714992	1	0.788351	-0.401898	0.900100	3	1	1
ASV_192_16S_022_3	ASV_859_16S_022_3	0.56946611404419	1	0.650066	-0.647377	0.000999	3	1	1
ASV_566_16S_022_3	ASV_859_16S_022_3	0.631348252296448	1	0.864827	-0.864827	0.565435	3	1	1
ASV_68_16S_022_3	ASV_862_16S_022_3	0.638533055782318	1	0.868457	-0.733708	0.000999	3	1	1
ASV_160_16S_022_3	ASV_862_16S_022_3	0.702614307403564	1	0.924344	-0.429391	0.334665	3	1	1
ASV_234_16S_022_3	ASV_862_16S_022_3	0.629451930522919	1	0.578438	-0.537587	0.033966	3	1	1
ASV_384_16S_022_3	ASV_862_16S_022_3	0.716992086142776	1	0.589045	-0.145374	0.667333	3	1	1
ASV_387_16S_022_3	ASV_862_16S_022_3	0.582636803527543	1	0.949777	-0.739373	0.099900	3	1	1
ASV_718_16S_022_3	ASV_863_16S_022_3	0.846140503883362	1	0.847401	-0.750472	0.000999	3	1	1
ASV_803_16S_022_3	ASV_863_16S_022_3	0.552337865054917	1	0.847401	-0.707903	0.300699	3	1	1
ASV_311_16S_022_3	ASV_865_16S_022_3	0.653218269348145	1	0.515735	-0.289593	0.733267	3	1	1
ASV_475_16S_022_3	ASV_865_16S_022_3	-0.539602041244507	1	0.342608	-0.037809	0.533467	3	1	1
ASV_80_16S_022_3	ASV_871_16S_022_3	0.590590415939174	1	0.834919	-0.335355	0.431568	3	1	1
ASV_103_16S_022_3	ASV_871_16S_022_3	0.539592685122036	1	0.634648	-0.531627	0.333666	3	1	1
ASV_121_16S_022_3	ASV_871_16S_022_3	0.522526621818542	1	0.748173	-0.279873	0.534466	3	1	1
ASV_387_16S_022_3	ASV_871_16S_022_3	0.870712595761323	1	0.999816	-0.773399	0.133866	3	1	1
ASV_361_16S_022_3	ASV_878_16S_022_3	0.715883314609528	1	0.926966	-0.494737	0.833167	3	1	1
ASV_652_16S_022_3	ASV_878_16S_022_3	0.523113107403665	1	0.691824	-0.644347	0.466533	3	1	1
ASV_675_16S_022_3	ASV_878_16S_022_3	0.52183217105286	1	0.891005	-0.804362	0.133866	3	1	1
ASV_687_16S_022_3	ASV_878_16S_022_3	-0.634243249893188	1	0.368728	-0.314518	0.465534	3	1	1
ASV_522_16S_022_3	ASV_886_16S_022_3	0.5706866979599	1	0.707191	-0.457546	0.600400	3	1	1
ASV_476_16S_022_3	ASV_889_16S_022_3	0.802603046726222	1	0.601329	-0.659092	0.300699	3	1	1
ASV_98_16S_022_3	ASV_893_16S_022_3	0.7163	1	0.884168	-0.670531	0.565435	3	1	1
ASV_717_16S_022_3	ASV_893_16S_022_3	0.658966422080994	1	0.847241	-0.681551	0.432567	3	1	1
ASV_13_16S_022_3	ASV_890_16S_022_3	-0.6678586602211	1	0.500580	-0.363253	0.166833	3	1	1
ASV_318_16S_022_3	ASV_890_16S_022_3	0.526086868068377	1	0.519965	-0.144510	0.232767	3	1	1
ASV_362_16S_022_3	ASV_890_16S_022_3	0.854561960108859	1	0.688025	-0.571512	0.166833	3	1	1
ASV_134_16S_022_3	ASV_899_16S_022_3	0.768082875825292	1	0.567616	-0.526748	0.100899	3	1	1
ASV_310_16S_022_3	ASV_900_16S_022_3	0.609469186777177	1	0.587290	-0.587290	0.600400	3	1	1
ASV_863_16S_022_3	ASV_900_16S_022_3	0.580560705394041	1	0.785263	-0.785263	0.934066	3	1	1
ASV_827_16S_022_3	ASV_910_16S_022_3	0.622978568077087	1	0.473520	-0.473520	0.933067	3	1	1
ASV_103_16S_022_3	ASV_917_16S_022_3	0.593865735194133	1	0.661926	-0.444369	0.335664	3	1	1
ASV_428_16S_022_3	ASV_917_16S_022_3	0.641065843585824	1	0.668067	-0.546452	0.600400	3	1	1
ASV_631_16S_022_3	ASV_917_16S_022_3	0.572316765785217	1	0.590174	-0.590174	0.800200	3	1	1
ASV_652_16S_022_3	ASV_917_16S_022_3	0.725066288979802	1	0.746423	-0.545243	0.834166	3	1	1
ASV_36_16S_022_3	ASV_918_16S_022_3	-0.561048626899719	1	0.512490	-0.498332	0.100899	3	1	1
ASV_473_16S_022_3	ASV_918_16S_022_3	-0.53129	1	0.401804	-0.002126	0.266733	3	1	1
ASV_893_16S_022_3	ASV_920_16S_022_3	0.683280571878601	1	0.837088	-0.565688	0.632368	3	1	1
ASV_149_16S_022_3	ASV_924_16S_022_3	0.543586611747742	1	0.809487	-0.462913	0.300699	3	1	1
ASV_833_16S_022_3	ASV_930_16S_022_3	0.706467466425405	1	0.746418	-0.746418	1.000000	3	1	1
ASV_316_16S_022_3	ASV_931_16S_022_3	0.699405952243954	1	0.878985	-0.627122	0.233766	3	1	1
ASV_531_16S_022_3	ASV_931_16S_022_3	0.632638096809387	1	0.774735	-0.448262	0.333666	3	1	1
ASV_831_16S_022_3	ASV_931_16S_022_3	0.601278225372804	1	0.707405	-0.388529	0.566434	3	1	1
ASV_130_16S_022_3	ASV_932_16S_022_3	0.534469187259674	1	0.462246	-0.426286	0.099900	3	1	1
ASV_321_16S_022_3	ASV_933_16S_022_3	0.543839275836945	1	0.449879	-0.343652	0.633367	3	1	1
ASV_648_16S_022_3	ASV_933_16S_022_3	0.797842017825997	1	0.483572	-0.483572	0.666334	3	1	1
ASV_688_16S_022_3	ASV_933_16S_022_3	0.841212451457977	1	0.656242	-0.516744	0.432567	3	1	1
ASV_345_16S_022_3	ASV_938_16S_022_3	0.703379252485428	1	0.564558	-0.386881	0.299700	3	1	1
ASV_224_16S_022_3	ASV_943_16S_022_3	0.692903757095337	1	0.801301	-0.758732	0.398601	3	1	1
ASV_427_16S_022_3	ASV_943_16S_022_3	0.647447811266318	1	0.863156	-0.824977	0.666334	3	1	1
ASV_926_16S_022_3	ASV_943_16S_022_3	0.991448640823364	1	1.094205	-0.902323	0.431568	3	1	1
ASV_397_16S_022_3	ASV_942_16S_022_3	0.755098845896808	1	0.502966	-0.092086	0.535465	3	1	1
ASV_53_16S_022_3	ASV_947_16S_022_3	0.574843102990447	1	0.851415	-0.512761	0.234765	3	1	1
ASV_265_16S_022_3	ASV_947_16S_022_3	0.652930911707905	1	0.828404	-0.579627	0.199800	3	1	1
ASV_850_16S_022_3	ASV_947_16S_022_3	0.821591643994386	1	0.855045	-0.656084	0.000999	3	1	1
ASV_786_16S_022_3	ASV_951_16S_022_3	0.623528182506561	1	0.792907	-0.581441	0.299700	3	1	1
ASV_751_16S_022_3	ASV_955_16S_022_3	0.860738158226013	1	1.056863	-0.893862	0.300699	3	1	1
ASV_94_16S_022_3	ASV_957_16S_022_3	0.953982710838318	1	0.701516	-0.497177	0.566434	3	1	1
ASV_481_16S_022_3	ASV_957_16S_022_3	-0.593653380870819	1	0.719688	-0.719688	1.000000	3	1	1
ASV_831_16S_022_3	ASV_957_16S_022_3	0.76741738483911	1	0.832328	-0.532243	0.734266	3	1	1
ASV_709_16S_022_3	ASV_958_16S_022_3	0.62878197701252	1	0.625005	-0.586826	0.735265	3	1	1
ASV_671_16S_022_3	ASV_962_16S_022_3	0.731244444847107	1	0.439968	-0.439968	1.000000	3	1	1
ASV_958_16S_022_3	ASV_967_16S_022_3	0.716325759887695	1	0.541334	-0.570215	0.033966	3	1	1
ASV_680_16S_022_3	ASV_969_16S_022_3	0.909642332285586	1	0.625005	-0.567243	0.265734	3	1	1
ASV_556_16S_022_3	ASV_971_16S_022_3	0.559429007590793	1	0.553503	-0.338360	0.767233	3	1	1
ASV_842_16S_022_3	ASV_971_16S_022_3	0.669013702506417	1	0.686985	-0.389864	0.734266	3	1	1
ASV_878_16S_022_3	ASV_978_16S_022_3	0.617426958494336	1	0.669738	-0.602678	0.566434	3	1	1
ASV_564_16S_022_3	ASV_979_16S_022_3	0.891910016536713	1	0.869203	-0.802144	0.867133	3	1	1
ASV_519_16S_022_3	ASV_985_16S_022_3	0.643670499324799	1	0.722945	-0.423848	0.733267	3	1	1
ASV_240_16S_022_3	ASV_987_16S_022_3	0.588009417057037	1	0.623912	-0.581343	0.467532	3	1	1
ASV_732_16S_022_3	ASV_987_16S_022_3	0.73922057890915	1	0.692202	-0.673607	0.600400	3	1	1
ASV_240_16S_022_3	ASV_996_16S_022_3	0.95626300573349	1	1.000483	-0.849986	0.100899	3	1	1
ASV_955_16S_022_3	ASV_997_16S_022_3	0.925687859141905	1	0.955496	-0.782210	0.733267	3	1	1
ASV_99_16S_022_3	ASV_1002_16S_022_3	0.584228217601776	1	0.756140	-0.535941	0.033966	3	1	1
ASV_316_16S_022_3	ASV_1002_16S_022_3	0.611962488212854	1	0.759024	-0.607022	0.066933	3	1	1
ASV_517_16S_022_3	ASV_1002_16S_022_3	0.89968878030777	1	0.988741	-0.626504	0.567433	3	1	1
ASV_440_16S_022_3	ASV_1012_16S_022_3	0.529464900493622	1	0.431200	-0.241221	0.665335	3	1	1
ASV_488_16S_022_3	ASV_1012_16S_022_3	0.580428285025685	1	0.757523	-0.526474	0.498501	3	1	1
ASV_513_16S_022_3	ASV_1012_16S_022_3	0.903411345291815	1	0.786755	-0.633052	0.766234	3	1	1
ASV_680_16S_022_3	ASV_1012_16S_022_3	0.558312058448792	1	0.587951	-0.463129	0.866134	3	1	1
ASV_267_16S_022_3	ASV_1021_16S_022_3	0.71447522809392	1	0.661339	-0.623160	0.502498	3	1	1
ASV_328_16S_022_3	ASV_1034_16S_022_3	0.920325754191925	1	0.444110	0.018136	nan	3	1	1
ASV_829_16S_022_3	ASV_1036_16S_022_3	0.567564923436966	1	0.519532	-0.481353	0.668332	3	1	1
ASV_347_16S_022_3	ASV_1037_16S_022_3	0.684231758117676	1	0.825814	-0.566872	0.866134	3	1	1
ASV_477_16S_022_3	ASV_1037_16S_022_3	0.592286050319672	1	1.071021	-0.888437	0.866134	3	1	1
ASV_462_16S_022_3	ASV_1042_16S_022_3	0.525665235605049	1	0.674115	-0.571094	0.434565	3	1	1
ASV_949_16S_022_3	ASV_1043_16S_022_3	0.614381790161133	1	0.569034	-0.569034	1.000000	3	1	1
ASV_725_16S_022_3	ASV_1044_16S_022_3	0.809967279434204	1	0.645052	-0.575303	0.167832	3	1	1
ASV_730_16S_022_3	ASV_1044_16S_022_3	0.924024164676666	1	0.802510	-0.696800	0.234765	3	1	1
ASV_550_16S_022_3	ASV_1047_16S_022_3	0.694243848323822	1	0.425809	-0.310285	0.668332	3	1	1
ASV_827_16S_022_3	ASV_1047_16S_022_3	0.621001839637756	1	0.438177	-0.438177	0.732268	3	1	1
ASV_997_16S_022_3	ASV_1049_16S_022_3	0.544702351093292	1	0.558590	-0.558590	1.000000	3	1	1
ASV_351_16S_022_3	ASV_1054_16S_022_3	-0.646772384643555	1	0.425029	0.074260	nan	3	1	1
ASV_407_16S_022_3	ASV_1054_16S_022_3	0.681034459732004	1	0.504095	-0.657799	0.333666	3	1	1
ASV_484_16S_022_3	ASV_1054_16S_022_3	0.782843967766647	1	0.344967	-0.493106	0.133866	3	1	1
ASV_260_16S_022_3	ASV_1057_16S_022_3	0.843115682068191	1	0.819085	-0.735648	0.332667	3	1	1
ASV_564_16S_022_3	ASV_1061_16S_022_3	0.819403961235782	1	0.833243	-0.811959	0.666334	3	1	1
ASV_703_16S_022_3	ASV_1061_16S_022_3	0.771573230761828	1	0.716217	-0.594601	0.367632	3	1	1
ASV_979_16S_022_3	ASV_1061_16S_022_3	-0.670489192008972	1	0.869203	-0.847919	0.434565	3	1	1
ASV_996_16S_022_3	ASV_1061_16S_022_3	0.537851214408875	1	0.753679	-0.689826	0.266733	3	1	1
ASV_91_16S_022_3	ASV_1065_16S_022_3	0.582481443881989	1	0.612638	-0.468232	0.366633	3	1	1
ASV_635_16S_022_3	ASV_1065_16S_022_3	0.54228	1	0.508387	-0.392863	0.166833	3	1	1
ASV_1054_16S_022_3	ASV_1071_16S_022_3	0.615128993988037	1	0.425809	-0.492869	0.199800	3	1	1
ASV_988_16S_022_3	ASV_1087_16S_022_3	0.603115737438202	1	0.464086	-0.464086	0.867133	3	1	1
ASV_274_16S_022_3	ASV_1092_16S_022_3	0.560611963272095	1	0.591666	-0.553487	0.066933	3	1	1
ASV_437_16S_022_3	ASV_1092_16S_022_3	0.542991697788239	1	0.623534	-0.536890	0.499500	3	1	1
ASV_486_16S_022_3	ASV_1094_16S_022_3	0.5350341796875	1	0.632431	-0.526204	0.200799	3	1	1
ASV_335_16S_022_3	ASV_1097_16S_022_3	0.87740296125412	1	0.849540	-0.649543	0.000999	3	1	1
ASV_605_16S_022_3	ASV_1097_16S_022_3	0.527869164943695	1	0.659210	-0.567335	0.000999	3	1	1
ASV_736_16S_022_3	ASV_1105_16S_022_3	0.934800883028178	1	1.042704	-0.718921	0.432567	3	1	1
ASV_749_16S_022_3	ASV_1105_16S_022_3	0.56839	1	1.078665	-0.764179	0.399600	3	1	1
ASV_599_16S_022_3	ASV_1108_16S_022_3	-0.541074144452481	1	0.691540	-0.403717	0.900100	3	1	1
ASV_978_16S_022_3	ASV_1108_16S_022_3	0.961176961887407	1	0.785263	-0.718203	0.900100	3	1	1
ASV_406_16S_022_3	ASV_1107_16S_022_3	0.532457017165678	1	0.685777	-0.454728	0.800200	3	1	1
ASV_931_16S_022_3	ASV_1107_16S_022_3	0.57429	1	0.733473	-0.433663	0.699301	3	1	1
ASV_42_16S_022_3	ASV_1110_16S_022_3	0.720090091228485	1	0.298534	-0.298534	1.000000	3	1	1
ASV_1062_16S_022_3	ASV_1110_16S_022_3	0.59553020879959	1	0.461770	-0.461770	1.000000	3	1	1
ASV_671_16S_022_3	ASV_1115_16S_022_3	0.859036234934192	1	0.603203	-0.603203	1.000000	3	1	1
ASV_932_16S_022_3	ASV_1115_16S_022_3	0.577794088123219	1	0.500046	-0.394337	0.067932	3	1	1
ASV_962_16S_022_3	ASV_1115_16S_022_3	0.620079755783081	1	0.497730	-0.497730	1.000000	3	1	1
ASV_803_16S_022_3	ASV_1117_16S_022_3	0.857383489608765	1	0.884958	-0.860985	0.167832	3	1	1
ASV_262_16S_022_3	ASV_1125_16S_022_3	0.557290017604828	1	0.497113	-0.333124	0.900100	3	1	1
ASV_333_16S_022_3	ASV_1127_16S_022_3	0.92566728591919	1	0.519532	-0.432889	0.467532	3	1	1
ASV_874_16S_022_3	ASV_1145_16S_022_3	0.706549575094993	1	0.502498	-0.502498	0.866134	3	1	1
ASV_621_16S_022_3	ASV_1144_16S_022_3	0.731770002114911	1	0.521848	-0.521848	0.900100	3	1	1
ASV_213_16S_022_3	ASV_1147_16S_022_3	0.617646515369415	1	0.461770	-0.461770	1.000000	3	1	1
ASV_566_16S_022_3	ASV_1147_16S_022_3	0.73226934671402	1	0.567243	-0.567243	0.934066	3	1	1
ASV_530_16S_022_3	ASV_1149_16S_022_3	0.82820631210433	1	0.336811	-0.295943	0.132867	3	1	1
ASV_304_16S_022_3	ASV_1153_16S_022_3	0.552782773971558	1	0.875216	-0.208610	0.400599	3	1	1
ASV_574_16S_022_3	ASV_1153_16S_022_3	0.60336592930237	1	0.788470	-0.479241	0.234765	3	1	1
ASV_605_16S_022_3	ASV_1153_16S_022_3	0.672180430294267	1	0.586946	-0.144345	0.467532	3	1	1
ASV_666_16S_022_3	ASV_1153_16S_022_3	-0.540745287460226	1	0.436251	0.016403	nan	3	1	1
ASV_294_16S_022_3	ASV_1155_16S_022_3	0.775202714902313	1	0.769434	-0.629936	0.466533	3	1	1
ASV_406_16S_022_3	ASV_1155_16S_022_3	0.523380812417903	1	0.520557	-0.411123	0.298701	3	1	1
ASV_497_16S_022_3	ASV_1155_16S_022_3	0.545512414114171	1	0.827196	-0.653909	0.367632	3	1	1
ASV_389_16S_022_3	ASV_1154_16S_022_3	0.635565280914307	1	0.604332	-0.481729	0.498501	3	1	1
ASV_421_16S_022_3	ASV_1154_16S_022_3	0.606257498264313	1	0.712959	-0.506289	0.431568	3	1	1
ASV_931_16S_022_3	ASV_1154_16S_022_3	0.957721054553986	1	0.853632	-0.642214	0.498501	3	1	1
ASV_490_16S_022_3	ASV_1158_16S_022_3	0.566420235548446	1	0.763461	-0.434299	0.633367	3	1	1
ASV_214_16S_022_3	ASV_1164_16S_022_3	-0.667806684970856	1	0.290666	0.028728	nan	2	1	1
ASV_299_16S_022_3	ASV_1164_16S_022_3	0.891876749424809	1	0.915692	-0.451893	0.732268	3	1	1
ASV_715_16S_022_3	ASV_1164_16S_022_3	0.607123861788636	1	0.927926	-0.593857	0.733267	3	1	1
ASV_928_16S_022_3	ASV_1171_16S_022_3	0.729207217693329	1	0.785263	-0.631560	0.533467	3	1	1
ASV_1146_16S_022_3	ASV_1171_16S_022_3	0.836570680141449	1	0.883362	-0.633717	0.533467	3	1	1
ASV_853_16S_022_3	ASV_1173_16S_022_3	0.752947807312012	1	0.756946	-0.565064	0.867133	3	1	1
ASV_455_16S_022_3	ASV_1186_16S_022_3	0.960947930812836	1	0.912061	-0.919658	0.133866	3	1	1
ASV_758_16S_022_3	ASV_1186_16S_022_3	0.817011292141707	1	0.587713	-0.578415	0.266733	3	1	1
ASV_636_16S_022_3	ASV_1194_16S_022_3	0.645370006561279	1	0.401227	-0.187072	0.900100	3	1	1
ASV_776_16S_022_3	ASV_1194_16S_022_3	0.758456591988192	1	0.511271	-0.191878	0.900100	3	1	1
ASV_165_16S_022_3	ASV_1203_16S_022_3	0.623328685760498	1	0.541334	-0.541334	0.900100	3	1	1
ASV_644_16S_022_3	ASV_1203_16S_022_3	0.868285212538287	1	0.625005	-0.615707	0.534466	3	1	1
ASV_833_16S_022_3	ASV_1203_16S_022_3	0.651856482028961	1	0.587951	-0.587951	0.933067	3	1	1
ASV_424_16S_022_3	ASV_1205_16S_022_3	0.717686295509338	1	0.764953	-0.649428	0.000999	3	1	1
ASV_744_16S_022_3	ASV_1210_16S_022_3	0.727955162525177	1	0.567243	-0.567243	1.000000	3	1	1
ASV_268_16S_022_3	ASV_1212_16S_022_3	0.585061371326447	1	0.633778	-0.413015	0.600400	3	1	1
ASV_824_16S_022_3	ASV_1215_16S_022_3	0.709938063515134	1	0.646807	-0.493104	0.601399	3	1	1
ASV_601_16S_022_3	ASV_1227_16S_022_3	0.540674686431885	1	0.284107	-0.168582	0.665335	3	1	1
ASV_636_16S_022_3	ASV_1227_16S_022_3	0.719799295689321	1	0.489191	-0.258142	0.867133	3	1	1
ASV_461_16S_022_3	ASV_1229_16S_022_3	0.601935476399314	1	0.721737	-0.554541	0.266733	3	1	1
ASV_497_16S_022_3	ASV_1229_16S_022_3	0.74619945633927	1	0.733473	-0.584678	0.466533	3	1	1
ASV_819_16S_022_3	ASV_1229_16S_022_3	0.545453088212065	1	0.710463	-0.477195	0.200799	3	1	1
ASV_519_16S_022_3	ASV_1233_16S_022_3	0.635731577576001	1	0.849744	-0.384244	0.766234	3	1	1
ASV_522_16S_022_3	ASV_1233_16S_022_3	0.63015741109848	1	0.756021	-0.593020	0.198801	3	1	1
ASV_576_16S_022_3	ASV_1233_16S_022_3	0.64976362041879	1	0.776227	-0.293833	0.565435	3	1	1
ASV_736_16S_022_3	ASV_1233_16S_022_3	0.634121436847007	1	0.708787	-0.243287	0.665335	3	1	1
ASV_363_16S_022_3	ASV_1235_16S_022_3	0.581466197967529	1	0.497730	-0.497730	1.000000	3	1	1
ASV_18_16S_022_3	ASV_1243_16S_022_3	-0.816400644120961	1	0.385771	0.547112	nan	3	1	1
ASV_158_16S_022_3	ASV_1243_16S_022_3	-0.895489454269409	1	0.542557	0.855725	nan	3	1	1
ASV_1110_16S_022_3	ASV_1244_16S_022_3	0.64741975069046	1	0.356297	-0.356297	1.000000	3	1	1
ASV_136_16S_022_3	ASV_1250_16S_022_3	0.69281	1	0.548868	-0.373410	0.633367	3	1	1
ASV_679_16S_022_3	ASV_1250_16S_022_3	0.57968419790268	1	0.872894	-0.493567	0.500500	3	1	1
ASV_155_16S_022_3	ASV_1258_16S_022_3	0.645741522312164	1	0.487679	-0.487679	0.833167	3	1	1
ASV_848_16S_022_3	ASV_1265_16S_022_3	0.937605619430542	1	0.625005	-0.625005	0.967033	3	1	1
ASV_848_16S_022_3	ASV_1270_16S_022_3	0.595800220966339	1	0.519532	-0.519532	1.000000	3	1	1
ASV_1265_16S_022_3	ASV_1270_16S_022_3	0.543126463890076	1	0.483572	-0.483572	1.000000	3	1	1
ASV_413_16S_022_3	ASV_1269_16S_022_3	0.5700485322037	1	0.566980	-0.420873	0.767233	3	1	1
ASV_920_16S_022_3	ASV_1269_16S_022_3	0.8885790781401	1	0.732837	-0.574744	0.701299	3	1	1
ASV_1094_16S_022_3	ASV_1269_16S_022_3	0.626674652099609	1	0.635907	-0.395561	0.934066	3	1	1
ASV_310_16S_022_3	ASV_1287_16S_022_3	0.581369930526875	1	0.630894	-0.265725	0.967033	3	1	1
ASV_951_16S_022_3	ASV_1287_16S_022_3	0.548687996595833	1	0.658847	-0.418501	0.767233	3	1	1
ASV_1173_16S_022_3	ASV_1287_16S_022_3	0.689843237400055	1	0.601085	-0.438084	0.667333	3	1	1
ASV_210_16S_022_3	ASV_1294_16S_022_3	0.773830328553946	1	0.415758	-0.384705	0.134865	3	1	1
ASV_871_16S_022_3	ASV_1303_16S_022_3	0.545042395591736	1	0.753723	-0.317299	0.800200	3	1	1
ASV_1250_16S_022_3	ASV_1303_16S_022_3	0.644456684589386	1	0.874893	-0.544030	0.432567	3	1	1
ASV_764_16S_022_3	ASV_1307_16S_022_3	0.612584828620785	1	0.519532	-0.452472	0.000999	3	1	1
ASV_1265_16S_022_3	ASV_1307_16S_022_3	0.987614561994233	1	0.625005	-0.625005	1.000000	3	1	1
ASV_461_16S_022_3	ASV_1317_16S_022_3	0.624575138092041	1	0.655864	-0.405231	0.633367	3	1	1
ASV_506_16S_022_3	ASV_1317_16S_022_3	0.565911412239075	1	0.695917	-0.542213	0.833167	3	1	1
ASV_900_16S_022_3	ASV_1317_16S_022_3	0.584125274079476	1	0.633778	-0.633778	0.600400	3	1	1
ASV_519_16S_022_3	ASV_1320_16S_022_3	0.851176987542065	1	0.832328	-0.630160	0.633367	3	1	1
ASV_1215_16S_022_3	ASV_1320_16S_022_3	0.539167881011963	1	0.445865	-0.388103	0.900100	3	1	1
ASV_737_16S_022_3	ASV_1331_16S_022_3	-0.571491357929124	1	0.569034	-0.559736	0.467532	3	1	1
ASV_1289_16S_022_3	ASV_1331_16S_022_3	0.682525098323822	1	0.591497	-0.599094	0.066933	3	1	1
ASV_31_16S_022_3	ASV_1332_16S_022_3	0.795582789863929	1	0.554214	-0.402729	0.265734	3	1	1
ASV_413_16S_022_3	ASV_1332_16S_022_3	0.545204374126156	1	0.513773	-0.489799	0.000999	3	1	1
ASV_697_16S_022_3	ASV_1332_16S_022_3	0.762517772684918	1	0.552538	-0.476569	0.100899	3	1	1
ASV_1257_16S_022_3	ASV_1332_16S_022_3	0.688717549578492	1	0.651204	-0.610336	0.000999	3	1	1
ASV_1322_16S_022_3	ASV_1332_16S_022_3	0.86992747415328	1	0.682767	-0.613018	0.000999	3	1	1
ASV_648_16S_022_3	ASV_1335_16S_022_3	0.539707936978296	1	0.356297	-0.269653	0.532468	3	1	1
ASV_829_16S_022_3	ASV_1335_16S_022_3	0.533079276300613	1	0.414059	-0.414059	1.000000	3	1	1
ASV_590_16S_022_3	ASV_1344_16S_022_3	0.708058117691163	1	0.528697	-0.461637	0.465534	3	1	1
ASV_1106_16S_022_3	ASV_1344_16S_022_3	0.726465235646283	1	0.439968	-0.324443	0.800200	3	1	1
ASV_143_16S_022_3	ASV_1348_16S_022_3	0.712911632974919	1	0.577294	-0.539115	0.566434	3	1	1
ASV_988_16S_022_3	ASV_1348_16S_022_3	0.5792	1	0.519532	-0.519532	0.833167	3	1	1
ASV_1028_16S_022_3	ASV_1348_16S_022_3	0.56577	1	0.599096	-0.532036	0.566434	3	1	1
ASV_1058_16S_022_3	ASV_1348_16S_022_3	0.908917531472106	1	0.577294	-0.539115	0.566434	3	1	1
ASV_1136_16S_022_3	ASV_1348_16S_022_3	0.64929723739624	1	0.483572	-0.462287	0.566434	3	1	1
ASV_413_16S_022_3	ASV_1353_16S_022_3	0.53983015010471	1	0.702710	-0.702710	0.933067	3	1	1
ASV_863_16S_022_3	ASV_1353_16S_022_3	0.726098958084065	1	0.669634	-0.669634	1.000000	3	1	1
ASV_920_16S_022_3	ASV_1353_16S_022_3	0.568691223294696	1	0.682504	-0.682504	0.967033	3	1	1
ASV_376_16S_022_3	ASV_1362_16S_022_3	0.5719673966965	1	0.497730	-0.497730	1.000000	3	1	1
ASV_709_16S_022_3	ASV_1362_16S_022_3	0.78271061440366	1	0.603203	-0.603203	1.000000	3	1	1
ASV_872_16S_022_3	ASV_1362_16S_022_3	0.572031140950366	1	0.497730	-0.497730	1.000000	3	1	1
ASV_967_16S_022_3	ASV_1362_16S_022_3	0.638432443141937	1	0.519532	-0.481353	0.834166	3	1	1
ASV_124_16S_022_3	ASV_1361_16S_022_3	0.63467001914978	1	0.747632	-0.584631	0.000999	3	1	1
ASV_294_16S_022_3	ASV_1361_16S_022_3	0.63183959540259	1	0.827196	-0.623327	0.201798	3	1	1
ASV_308_16S_022_3	ASV_1361_16S_022_3	0.52593	1	0.896232	-0.771410	0.165834	3	1	1
ASV_997_16S_022_3	ASV_1361_16S_022_3	0.61015134850606	1	0.863156	-0.689869	0.531469	3	1	1
ASV_654_16S_022_3	ASV_1367_16S_022_3	0.702526867389679	1	0.682892	-0.550991	0.331668	3	1	1
ASV_978_16S_022_3	ASV_1367_16S_022_3	0.770428736596206	1	0.782379	-0.782379	0.799201	3	1	1
ASV_1058_16S_022_3	ASV_1367_16S_022_3	0.531555719521609	1	0.636279	-0.528351	0.699301	3	1	1
ASV_94_16S_022_3	ASV_1374_16S_022_3	0.800517737865448	1	0.695002	-0.514636	0.399600	3	1	1
ASV_339_16S_022_3	ASV_1374_16S_022_3	0.732295660207495	1	0.710075	-0.640326	0.500500	3	1	1
ASV_1250_16S_022_3	ASV_1374_16S_022_3	0.837991535663605	1	1.056863	-0.867199	0.266733	3	1	1
ASV_378_16S_022_3	ASV_1379_16S_022_3	-0.655212759971619	1	0.391072	0.511623	nan	3	1	1
ASV_1139_16S_022_3	ASV_1382_16S_022_3	0.993740677833557	1	0.646807	-0.646807	0.934066	3	1	1
ASV_224_16S_022_3	ASV_1396_16S_022_3	0.735010027885437	1	0.740948	-0.582855	0.900100	3	1	1
ASV_489_16S_022_3	ASV_1396_16S_022_3	0.879291302612571	1	0.884958	-0.808601	0.401598	3	1	1
ASV_799_16S_022_3	ASV_1397_16S_022_3	0.54208	1	0.276732	-0.276732	0.666334	3	1	1
ASV_1127_16S_022_3	ASV_1397_16S_022_3	0.564588469496842	1	0.298534	-0.298534	0.733267	3	1	1
ASV_823_16S_022_3	ASV_1394_16S_022_3	0.84597649649033	1	0.625005	-0.625005	0.933067	3	1	1
ASV_1189_16S_022_3	ASV_1401_16S_022_3	0.88989508718739	1	0.519532	-0.519532	1.000000	3	1	1
ASV_743_16S_022_3	ASV_1407_16S_022_3	0.764899191307518	1	0.589045	-0.589045	1.000000	3	1	1
ASV_744_16S_022_3	ASV_1407_16S_022_3	0.581626454039632	1	0.706360	-0.706360	1.000000	3	1	1
ASV_951_16S_022_3	ASV_1407_16S_022_3	0.575318574905396	1	0.670400	-0.670400	0.833167	3	1	1
ASV_1049_16S_022_3	ASV_1411_16S_022_3	0.555987558454478	1	0.699184	-0.622826	0.601399	3	1	1
ASV_1317_16S_022_3	ASV_1411_16S_022_3	0.545883893966675	1	0.677382	-0.427738	0.632368	3	1	1
ASV_917_16S_022_3	ASV_1418_16S_022_3	0.872284114473343	1	0.704028	-0.579205	0.801199	3	1	1
ASV_255_16S_022_3	ASV_1426_16S_022_3	0.733719289302826	1	0.675711	-0.322058	0.567433	3	1	1
ASV_1092_16S_022_3	ASV_1426_16S_022_3	0.538232217249535	1	0.577508	-0.461983	0.299700	3	1	1
ASV_182_16S_022_3	ASV_1429_16S_022_3	0.541073833207631	1	0.590920	-0.183378	0.267732	3	1	1
ASV_351_16S_022_3	ASV_1429_16S_022_3	-0.722790062427521	1	0.511108	-0.493743	0.033966	3	1	1
ASV_580_16S_022_3	ASV_1429_16S_022_3	0.799787054892707	1	0.644267	-0.232381	0.268731	3	1	1
ASV_576_16S_022_3	ASV_1439_16S_022_3	0.690138936042786	1	0.551330	-0.484270	0.334665	3	1	1
ASV_415_16S_022_3	ASV_1443_16S_022_3	0.725116244132032	1	0.791236	-0.354099	0.800200	3	1	1
ASV_563_16S_022_3	ASV_1443_16S_022_3	0.8292555809021	1	0.707579	-0.445948	0.699301	3	1	1
ASV_470_16S_022_3	ASV_1442_16S_022_3	0.715254313248299	1	0.465205	-0.465205	0.866134	3	1	1
ASV_732_16S_022_3	ASV_1442_16S_022_3	0.746256724170949	1	0.699184	-0.507302	0.767233	3	1	1
ASV_824_16S_022_3	ASV_1458_16S_022_3	-0.598787184679532	1	0.484794	-0.463510	0.000999	3	1	1
ASV_1215_16S_022_3	ASV_1458_16S_022_3	0.958088517189026	1	0.703476	-0.660907	0.467532	3	1	1
ASV_322_16S_022_3	ASV_1459_16S_022_3	0.749730825424194	1	0.577294	-0.577294	0.665335	3	1	1
ASV_635_16S_022_3	ASV_1459_16S_022_3	0.715402722358704	1	0.494846	-0.437083	0.633367	3	1	1
ASV_1258_16S_022_3	ASV_1459_16S_022_3	0.695510787695812	1	0.461770	-0.461770	1.000000	3	1	1
ASV_622_16S_022_3	ASV_1482_16S_022_3	0.520508944988251	1	0.728162	-0.728162	1.000000	3	1	1
ASV_481_16S_022_3	ASV_1491_16S_022_3	0.590194404125214	1	0.655580	-0.655580	0.133866	3	1	1
ASV_732_16S_022_3	ASV_1490_16S_022_3	0.786876663354485	1	0.655580	-0.451711	0.566434	3	1	1
ASV_1094_16S_022_3	ASV_1490_16S_022_3	0.62137758731842	1	0.622539	-0.336935	0.432567	3	1	1
ASV_294_16S_022_3	ASV_1498_16S_022_3	0.594715013994911	1	0.724447	-0.712461	0.033966	3	1	1
ASV_1094_16S_022_3	ASV_1498_16S_022_3	0.637260012994201	1	0.666685	-0.580042	0.000999	3	1	1
ASV_1331_16S_022_3	ASV_1508_16S_022_3	0.674569627471276	1	0.567243	-0.557945	0.534466	3	1	1
ASV_1411_16S_022_3	ASV_1508_16S_022_3	0.641528132804909	1	0.531283	-0.368282	0.401598	3	1	1
ASV_519_16S_022_3	ASV_1507_16S_022_3	0.877912223339081	1	0.754813	-0.577136	0.331668	3	1	1
ASV_819_16S_022_3	ASV_1507_16S_022_3	0.70098	1	0.761248	-0.527981	0.299700	3	1	1
ASV_1320_16S_022_3	ASV_1507_16S_022_3	-0.537200450897217	1	0.562608	-0.367520	0.733267	3	1	1
ASV_988_16S_022_3	ASV_1516_16S_022_3	0.89661515313306	1	0.682767	-0.682767	0.833167	3	1	1
ASV_1335_16S_022_3	ASV_1521_16S_022_3	0.842078506946564	1	0.298534	-0.298534	1.000000	3	1	1
ASV_1201_16S_022_3	ASV_1523_16S_022_3	0.737170293641707	1	0.577294	-0.577294	1.000000	3	1	1
ASV_616_16S_022_3	ASV_1551_16S_022_3	0.625065684318542	1	0.590836	-0.590836	0.933067	3	1	1
ASV_1458_16S_022_3	ASV_1551_16S_022_3	0.854428748588578	1	0.645714	-0.645714	1.000000	3	1	1
ASV_1543_16S_022_3	ASV_1551_16S_022_3	0.714567422866821	1	0.603203	-0.603203	1.000000	3	1	1
ASV_928_16S_022_3	ASV_1556_16S_022_3	0.808894241853059	1	0.922589	-0.922589	0.498501	3	1	1
ASV_564_16S_022_3	ASV_1560_16S_022_3	0.901137590408325	1	0.833243	-0.766183	0.767233	3	1	1
ASV_1061_16S_022_3	ASV_1560_16S_022_3	-0.737384915351868	1	0.811441	-0.677839	0.467532	3	1	1
ASV_987_16S_022_3	ASV_1561_16S_022_3	0.654118334545576	1	0.728162	-0.594042	0.635365	3	1	1
ASV_599_16S_022_3	ASV_1563_16S_022_3	0.56268	1	0.655580	-0.617401	0.000999	3	1	1
ASV_1317_16S_022_3	ASV_1563_16S_022_3	0.645255386829376	1	0.619620	-0.543262	0.735265	3	1	1
ASV_1331_16S_022_3	ASV_1563_16S_022_3	0.611191346444275	1	0.554875	-0.545578	0.534466	3	1	1
ASV_606_16S_022_3	ASV_1566_16S_022_3	0.590105712413788	1	0.646807	-0.579747	0.833167	3	1	1
ASV_1171_16S_022_3	ASV_1565_16S_022_3	0.922383198219267	1	0.861560	-0.718142	0.967033	3	1	1
ASV_799_16S_022_3	ASV_1569_16S_022_3	0.54397	1	0.497730	-0.497730	1.000000	3	1	1
ASV_17_16S_022_3	ASV_1571_16S_022_3	-0.55887770652771	1	0.264543	-0.133349	0.534466	2	1	1
ASV_951_16S_022_3	ASV_1571_16S_022_3	0.723537981510162	1	0.861943	-0.534953	0.733267	3	1	1
ASV_1565_16S_022_3	ASV_1571_16S_022_3	0.810219531691073	1	0.880477	-0.746358	0.599401	3	1	1
ASV_1210_16S_022_3	ASV_1576_16S_022_3	0.764999866485596	1	0.531283	-0.531283	1.000000	3	1	1
ASV_1534_16S_022_3	ASV_1576_16S_022_3	0.627934157848358	1	0.670400	-0.670400	1.000000	3	1	1
ASV_1310_16S_022_3	ASV_1577_16S_022_3	0.522406280040741	1	0.519532	-0.519532	0.799201	3	1	1
ASV_1394_16S_022_3	ASV_1577_16S_022_3	0.58443957567215	1	0.625005	-0.625005	0.933067	3	1	1
ASV_595_16S_022_3	ASV_1578_16S_022_3	0.777805521393061	1	0.461770	-0.461770	1.000000	3	1	1
ASV_389_16S_022_3	ASV_1581_16S_022_3	0.520447194576263	1	0.432090	-0.391222	0.665335	3	1	1
ASV_786_16S_022_3	ASV_1581_16S_022_3	0.650945144197958	1	0.645714	-0.587951	0.399600	3	1	1
ASV_1235_16S_022_3	ASV_1581_16S_022_3	0.725982427597046	1	0.542557	-0.542557	1.000000	3	1	1
ASV_32_16S_022_3	ASV_1584_16S_022_3	-0.692481645114524	1	0.456106	-0.407641	0.234765	3	1	1
ASV_384_16S_022_3	ASV_1587_16S_022_3	0.594945907592773	1	0.438689	-0.438689	0.866134	3	1	1
ASV_746_16S_022_3	ASV_1587_16S_022_3	0.761361846228995	1	0.470557	-0.470557	0.866134	3	1	1
ASV_644_16S_022_3	ASV_1589_16S_022_3	0.540222428376907	1	0.442284	-0.442284	0.733267	3	1	1
ASV_1055_16S_022_3	ASV_1589_16S_022_3	0.93056117993119	1	0.545441	-0.545441	0.666334	3	1	1
ASV_1136_16S_022_3	ASV_1593_16S_022_3	0.666304886341095	1	0.483572	-0.483572	1.000000	3	1	1
ASV_1110_16S_022_3	ASV_1633_16S_022_3	0.632971825744412	1	0.461770	-0.461770	1.000000	3	1	1
ASV_64_16S_022_3	ASV_1631_16S_022_3	-0.635246098041534	1	0.322767	-0.322767	0.633367	3	1	1
ASV_720_16S_022_3	ASV_1631_16S_022_3	0.595279397629886	1	0.599096	-0.599096	1.000000	3	1	1
ASV_1563_16S_022_3	ASV_1632_16S_022_3	0.562550149873522	1	0.656242	-0.656242	1.000000	3	1	1
ASV_376_16S_022_3	ASV_1645_16S_022_3	0.669890224933624	1	0.461770	-0.346245	0.833167	3	1	1
ASV_1362_16S_022_3	ASV_1645_16S_022_3	0.893429219722748	1	0.625005	-0.625005	1.000000	3	1	1
ASV_739_16S_022_3	ASV_1644_16S_022_3	0.61187881231308	1	0.497730	-0.363610	0.635365	3	1	1
ASV_161_16S_022_3	ASV_1643_16S_022_3	0.752184763397007	1	0.521173	-0.490591	0.499500	3	1	1
ASV_725_16S_022_3	ASV_1648_16S_022_3	0.593421697616577	1	0.706360	-0.552657	0.668332	3	1	1
ASV_1565_16S_022_3	ASV_1648_16S_022_3	-0.548975698074127	1	0.626796	-0.559736	0.900100	3	1	1
ASV_962_16S_022_3	ASV_1657_16S_022_3	0.660483045882036	1	0.483572	-0.483572	1.000000	3	1	1
ASV_1587_16S_022_3	ASV_1657_16S_022_3	0.554688970859185	1	0.451718	-0.451718	1.000000	3	1	1
ASV_575_16S_022_3	ASV_1658_16S_022_3	0.720905276230297	1	0.520755	-0.395932	0.633367	3	1	1
ASV_743_16S_022_3	ASV_1658_16S_022_3	0.566997844685773	1	0.406323	-0.348561	0.600400	3	1	1
ASV_824_16S_022_3	ASV_1658_16S_022_3	0.601435213305685	1	0.464086	-0.290799	0.700300	3	1	1
ASV_339_16S_022_3	ASV_1676_16S_022_3	0.538596005859847	1	0.511271	-0.470403	0.498501	3	1	1
ASV_1287_16S_022_3	ASV_1676_16S_022_3	0.584773055231952	1	0.670400	-0.430053	0.701299	3	1	1
ASV_306_16S_022_3	ASV_1687_16S_022_3	0.594419062137604	1	0.590836	-0.273143	0.667333	3	1	1
ASV_930_16S_022_3	ASV_1686_16S_022_3	0.52112	1	0.706360	-0.590836	0.733267	3	1	1
ASV_1258_16S_022_3	ASV_1686_16S_022_3	0.71571409702301	1	0.487679	-0.487679	0.701299	3	1	1
ASV_478_16S_022_3	ASV_1693_16S_022_3	0.635340690612793	1	0.533073	0.003406	nan	3	1	1
ASV_227_16S_022_3	ASV_1697_16S_022_3	0.561706163481448	1	0.459362	-0.459362	0.833167	3	1	1
ASV_631_16S_022_3	ASV_1696_16S_022_3	0.610027730464935	1	0.660965	-0.660965	1.000000	3	1	1
ASV_709_16S_022_3	ASV_1696_16S_022_3	0.620367701987487	1	0.625005	-0.442421	0.735265	3	1	1
ASV_872_16S_022_3	ASV_1696_16S_022_3	0.590113239871917	1	0.519532	-0.404007	0.533467	3	1	1
ASV_612_16S_022_3	ASV_1706_16S_022_3	0.523590047301652	1	0.825599	-0.700777	0.532468	3	1	1
ASV_928_16S_022_3	ASV_1706_16S_022_3	0.569304489594487	1	0.807065	-0.768886	0.433566	3	1	1
ASV_985_16S_022_3	ASV_1706_16S_022_3	0.586993753910065	1	0.710075	-0.507907	0.331668	3	1	1
ASV_1107_16S_022_3	ASV_1706_16S_022_3	0.544402007001901	1	0.639537	-0.505417	0.666334	3	1	1
ASV_848_16S_022_3	ASV_1707_16S_022_3	0.625325739383698	1	0.464086	-0.339263	0.666334	3	1	1
ASV_1210_16S_022_3	ASV_1707_16S_022_3	0.855255917808134	1	0.589045	-0.589045	1.000000	3	1	1
ASV_1686_16S_022_3	ASV_1707_16S_022_3	0.7042036652565	1	0.625005	-0.625005	0.299700	3	1	1
ASV_1406_16S_022_3	ASV_1705_16S_022_3	0.783947229385376	1	0.519532	-0.519532	1.000000	3	1	1
ASV_143_16S_022_3	ASV_1716_16S_022_3	0.57011	1	0.439968	-0.363610	0.467532	3	1	1
ASV_1210_16S_022_3	ASV_1716_16S_022_3	0.957241060863856	1	0.589045	-0.589045	1.000000	3	1	1
ASV_1648_16S_022_3	ASV_1720_16S_022_3	0.712892055511475	1	0.740530	-0.673470	0.601399	3	1	1
ASV_180_16S_022_3	ASV_1728_16S_022_3	0.701691381288175	1	0.682504	-0.624742	0.133866	3	1	1
ASV_992_16S_022_3	ASV_1732_16S_022_3	0.557849049568176	1	0.689079	-0.263976	0.301698	3	1	1
ASV_930_16S_022_3	ASV_1748_16S_022_3	0.797424315815505	1	0.648598	-0.648598	0.799201	3	1	1
ASV_1108_16S_022_3	ASV_1748_16S_022_3	-0.652000248432159	1	0.706360	-0.485597	0.967033	3	1	1
ASV_1125_16S_022_3	ASV_1748_16S_022_3	0.838762164115906	1	0.764122	-0.427835	0.967033	3	1	1
ASV_1265_16S_022_3	ASV_1748_16S_022_3	0.557908952236176	1	0.625005	-0.625005	0.967033	3	1	1
ASV_1577_16S_022_3	ASV_1748_16S_022_3	0.531799077987671	1	0.627457	-0.444873	0.934066	3	1	1
ASV_166_16S_022_3	ASV_1759_16S_022_3	-0.776998170120007	1	0.414059	-0.408495	0.501499	3	1	1
ASV_1037_16S_022_3	ASV_1769_16S_022_3	0.534600853919983	1	0.576016	-0.576016	1.000000	3	1	1
ASV_1335_16S_022_3	ASV_1769_16S_022_3	0.538623773309456	1	0.382205	-0.382205	1.000000	2	1	1
ASV_1443_16S_022_3	ASV_1769_16S_022_3	0.7265625	1	0.655580	-0.655580	1.000000	3	1	1
ASV_143_16S_022_3	ASV_1774_16S_022_3	0.853654980659485	1	0.519532	-0.481353	0.666334	3	1	1
ASV_1036_16S_022_3	ASV_1777_16S_022_3	0.596518126892817	1	0.545441	-0.545441	0.666334	3	1	1
ASV_1577_16S_022_3	ASV_1777_16S_022_3	0.599430574898156	1	0.627457	-0.627457	1.000000	3	1	1
ASV_327_16S_022_3	ASV_1781_16S_022_3	0.635033428668976	1	0.767837	-0.527490	0.665335	3	1	1
ASV_415_16S_022_3	ASV_1781_16S_022_3	0.537834644317627	1	0.710075	-0.440847	0.866134	3	1	1
ASV_1117_16S_022_3	ASV_1781_16S_022_3	0.56779	1	0.789639	-0.719890	0.500500	3	1	1
ASV_1186_16S_022_3	ASV_1781_16S_022_3	0.60168	1	0.649428	-0.649428	0.867133	3	1	1
ASV_1777_16S_022_3	ASV_1781_16S_022_3	0.567114612445186	1	0.706360	-0.706360	1.000000	3	1	1
ASV_600_16S_022_3	ASV_1795_16S_022_3	0.60916472695375	1	0.567243	-0.567243	0.933067	3	1	1
ASV_1534_16S_022_3	ASV_1804_16S_022_3	0.757962614970812	1	0.651204	-0.651204	1.000000	3	1	1
ASV_150_16S_022_3	ASV_1801_16S_022_3	0.80493438243866	1	0.747632	-0.632107	0.100899	3	1	1
ASV_1201_16S_022_3	ASV_1820_16S_022_3	-0.5969276645952	1	0.599096	-0.599096	1.000000	3	1	1
ASV_1189_16S_022_3	ASV_1825_16S_022_3	0.717928647994995	1	0.466538	-0.466538	0.533467	3	1	1
ASV_1644_16S_022_3	ASV_1858_16S_022_3	0.982807278633118	1	0.577294	-0.500937	0.467532	3	1	1
ASV_1087_16S_022_3	ASV_1855_16S_022_3	-0.569466789961767	1	0.567243	-0.567243	0.800200	3	1	1
ASV_1366_16S_022_3	ASV_1855_16S_022_3	0.778288066387177	1	0.648598	-0.648598	0.667333	3	1	1
ASV_1458_16S_022_3	ASV_1855_16S_022_3	0.80223798751831	1	0.587951	-0.587951	1.000000	3	1	1
ASV_143_16S_022_3	ASV_1869_16S_022_3	0.965035557746887	1	0.577294	-0.500937	0.633367	3	1	1
ASV_1055_16S_022_3	ASV_1869_16S_022_3	0.578995943069458	1	0.461770	-0.394710	0.700300	3	1	1
ASV_1774_16S_022_3	ASV_1869_16S_022_3	-0.790733098983765	1	0.599096	-0.532036	0.666334	3	1	1
ASV_979_16S_022_3	ASV_1881_16S_022_3	0.956952273845673	1	0.883362	-0.729658	0.800200	3	1	1
ASV_1633_16S_022_3	ASV_1881_16S_022_3	0.546717941761017	1	0.523639	-0.476162	0.666334	3	1	1
ASV_406_16S_022_3	ASV_1894_16S_022_3	0.59919	1	0.643844	-0.374616	0.900100	3	1	1
ASV_1287_16S_022_3	ASV_1894_16S_022_3	0.603208955196649	1	0.615243	-0.346016	0.967033	3	1	1
ASV_1443_16S_022_3	ASV_1894_16S_022_3	0.630169552896529	1	0.828867	-0.740523	0.666334	3	1	1
ASV_1146_16S_022_3	ASV_1921_16S_022_3	0.616724729537964	1	0.771105	-0.646282	0.699301	3	1	1
ASV_1331_16S_022_3	ASV_1921_16S_022_3	0.599125990647291	1	0.728162	-0.728162	1.000000	3	1	1
ASV_1491_16S_022_3	ASV_1921_16S_022_3	0.866416591360181	1	0.694808	-0.694808	0.366633	3	1	1
ASV_1648_16S_022_3	ASV_1921_16S_022_3	0.566994764081243	1	0.728162	-0.612638	0.733267	3	1	1
ASV_174_16S_022_3	ASV_1930_16S_022_3	-0.529148161411285	1	0.550499	-0.550499	1.000000	3	1	1
ASV_987_16S_022_3	ASV_1930_16S_022_3	0.881015760999525	1	0.706360	-0.668181	0.666334	3	1	1
ASV_1577_16S_022_3	ASV_1930_16S_022_3	0.969521107720427	1	0.728162	-0.661102	0.867133	3	1	1
ASV_705_16S_022_3	ASV_1934_16S_022_3	0.901015477533137	1	0.682767	-0.567243	0.000999	3	1	1
ASV_1062_16S_022_3	ASV_1934_16S_022_3	0.95276927947998	1	0.603203	-0.603203	1.000000	3	1	1
ASV_754_16S_022_3	ASV_1971_16S_022_3	0.806118895453144	1	0.710075	-0.594550	0.000999	3	1	1
ASV_1498_16S_022_3	ASV_1971_16S_022_3	0.679223120212555	1	0.839972	-0.782210	0.000999	3	1	1
ASV_428_16S_022_3	ASV_1994_16S_022_3	0.527369678020477	1	0.530189	-0.530189	1.000000	3	1	1
ASV_552_16S_022_3	ASV_1994_16S_022_3	0.67014342546463	1	0.551991	-0.511123	0.432567	3	1	1
ASV_1366_16S_022_3	ASV_1999_16S_022_3	0.53310541260702	1	0.519532	-0.519532	0.933067	3	1	1
ASV_1543_16S_022_3	ASV_1999_16S_022_3	0.673667245432901	1	0.519532	-0.519532	0.933067	3	1	1
ASV_1632_16S_022_3	ASV_2009_16S_022_3	0.56886141678896	1	0.567243	-0.567243	1.000000	3	1	1
ASV_1696_16S_022_3	ASV_2014_16S_022_3	0.540103818718746	1	0.543650	-0.543650	1.000000	3	1	1
ASV_1551_16S_022_3	ASV_2023_16S_022_3	0.941236555576324	1	0.706360	-0.706360	0.933067	3	1	1
ASV_1855_16S_022_3	ASV_2023_16S_022_3	-0.589595317840576	1	0.706360	-0.706360	0.899101	3	1	1
ASV_1107_16S_022_3	ASV_2030_16S_022_3	0.636467695236206	1	0.611976	-0.611976	0.934066	3	1	1
ASV_1158_16S_022_3	ASV_2030_16S_022_3	0.590597212314606	1	0.518254	-0.518254	0.934066	3	1	1
ASV_1986_16S_022_3	ASV_2057_16S_022_3	0.980734527111054	1	0.843687	-0.843687	0.833167	3	1	1
ASV_1105_16S_022_3	ASV_2068_16S_022_3	0.58860182762146	1	0.597818	-0.528069	0.534466	3	1	1
ASV_2030_16S_022_3	ASV_2068_16S_022_3	0.526178836509377	1	0.535679	-0.535679	1.000000	3	1	1
ASV_1348_16S_022_3	ASV_2083_16S_022_3	0.779816420052766	1	0.656858	-0.589799	0.599401	3	1	1
ASV_1516_16S_022_3	ASV_2083_16S_022_3	0.95223	1	0.656858	-0.474274	0.800200	3	1	1
ASV_720_16S_022_3	ASV_2079_16S_022_3	0.732074439525604	1	0.487679	-0.348180	0.366633	3	1	1
ASV_928_16S_022_3	ASV_2079_16S_022_3	0.969928205013275	1	0.749303	-0.679554	0.533467	3	1	1
ASV_1146_16S_022_3	ASV_2079_16S_022_3	0.587826669216156	1	0.633778	-0.494280	0.699301	3	1	1
ASV_1270_16S_022_3	ASV_2093_16S_022_3	0.924889892023781	1	0.541334	-0.541334	1.000000	3	1	1
ASV_1307_16S_022_3	ASV_2093_16S_022_3	-0.569832558439584	1	0.577294	-0.577294	0.833167	3	1	1
ASV_1869_16S_022_3	ASV_2093_16S_022_3	0.538865387439728	1	0.493623	-0.426563	0.532468	3	1	1
ASV_2057_16S_022_3	ASV_2093_16S_022_3	-0.661788821220398	1	0.519532	-0.519532	1.000000	3	1	1
ASV_1394_16S_022_3	ASV_2085_16S_022_3	0.706364113460324	1	0.461770	-0.461770	1.000000	3	1	1
ASV_1593_16S_022_3	ASV_2085_16S_022_3	0.548936188220978	1	0.378099	-0.378099	1.000000	3	1	1
ASV_1644_16S_022_3	ASV_2085_16S_022_3	0.884706735610962	1	0.599096	-0.522739	0.467532	3	1	1
ASV_926_16S_022_3	ASV_2102_16S_022_3	0.622008442878723	1	0.623912	-0.623912	0.833167	3	1	1
ASV_1062_16S_022_3	ASV_2102_16S_022_3	0.703757877956887	1	0.484794	-0.484794	1.000000	3	1	1
ASV_1561_16S_022_3	ASV_2102_16S_022_3	0.54086834192276	1	0.371722	-0.371722	0.833167	3	1	1
ASV_1633_16S_022_3	ASV_2102_16S_022_3	0.71698135137558	1	0.542557	-0.542557	0.900100	3	1	1
ASV_339_16S_022_3	ASV_2127_16S_022_3	0.666196954095038	1	0.473520	-0.432652	0.698302	3	1	1
ASV_988_16S_022_3	ASV_2127_16S_022_3	0.700849175453186	1	0.406323	-0.406323	1.000000	3	1	1
ASV_1631_16S_022_3	ASV_2155_16S_022_3	0.572933971881866	1	0.435861	-0.368801	0.834166	3	1	1
ASV_2127_16S_022_3	ASV_2170_16S_022_3	0.866800527119642	1	0.404007	-0.404007	1.000000	3	1	1
ASV_1657_16S_022_3	ASV_2185_16S_022_3	0.594907242987344	1	0.348561	-0.348561	1.000000	3	1	1
ASV_2186_16S_022_3	ASV_2226_16S_022_3	0.726145057353126	1	0.356297	-0.385178	0.033966	3	1	1
ASV_2181_16S_022_3	ASV_2243_16S_022_3	0.783994155776457	1	0.384521	-0.384521	1.000000	3	1	1
ASV_823_16S_022_3	ASV_2304_16S_022_3	0.772187650203705	1	0.740530	-0.519766	0.833167	3	1	1
ASV_1136_16S_022_3	ASV_2304_16S_022_3	0.990231335163116	1	0.646807	-0.582954	0.400599	3	1	1
ASV_1394_16S_022_3	ASV_2304_16S_022_3	-0.718515634536743	1	0.603203	-0.603203	0.933067	3	1	1
ASV_1561_16S_022_3	ASV_2304_16S_022_3	0.77006	1	0.567243	-0.296314	0.867133	3	1	1
ASV_1697_16S_022_3	ASV_2371_16S_022_3	0.835562884807587	1	0.553085	-0.553085	1.000000	3	1	1
ASV_1055_16S_022_3	ASV_2653_16S_022_3	0.606498863322887	1	0.519532	-0.519532	0.666334	3	1	1
ASV_1589_16S_022_3	ASV_2653_16S_022_3	-0.569166314275427	1	0.519532	-0.519532	0.666334	3	1	1
ASV_1697_16S_022_3	ASV_2653_16S_022_3	0.568244159752319	1	0.483572	-0.483572	1.000000	3	1	1
ASV_137_16S_022_3	OTU_4_18S_022_3	-0.575800001621246	1	0.419925	-0.371978	0.066933	3	1	1
ASV_574_16S_022_3	OTU_4_18S_022_3	0.924393714510131	1	0.782035	-0.675613	0.066933	3	1	1
ASV_30_16S_022_3	OTU_6_18S_022_3	0.530915021896362	1	0.358693	0.026725	nan	3	1	1
ASV_95_16S_022_3	OTU_18_18S_022_3	0.737675841440342	1	0.342833	0.274010	nan	3	1	1
OTU_15_18S_022_3	OTU_28_18S_022_3	0.730539195484383	1	0.331171	0.196837	nan	3	1	1
OTU_24_18S_022_3	OTU_46_18S_022_3	-0.540801286697388	1	0.342829	-0.196722	0.467532	2	1	1
OTU_39_18S_022_3	OTU_61_18S_022_3	0.786481415583727	1	0.753600	-0.529677	0.300699	3	1	1
OTU_29_18S_022_3	OTU_60_18S_022_3	0.529397116104991	1	0.788008	-0.586357	0.232767	3	1	1
ASV_7_16S_022_3	OTU_67_18S_022_3	0.581377446651459	1	0.264596	0.151184	nan	3	1	1
ASV_2079_16S_022_3	OTU_67_18S_022_3	-0.744191790496534	1	0.313766	-0.342647	0.399600	3	1	1
OTU_60_18S_022_3	OTU_77_18S_022_3	0.556443750858307	1	0.650177	-0.505771	0.000999	3	1	1
ASV_25_16S_022_3	OTU_87_18S_022_3	-0.543156899201326	1	0.283610	-0.238963	0.402597	3	1	1
ASV_1092_16S_022_3	OTU_92_18S_022_3	-0.828171899213274	1	0.434209	-0.423923	0.332667	3	1	1
ASV_132_16S_022_3	OTU_95_18S_022_3	-0.578445792198181	1	0.427992	-0.328772	0.400599	3	1	1
ASV_1894_16S_022_3	OTU_95_18S_022_3	-0.73472425567954	1	0.379426	-0.210111	0.900100	3	1	1
ASV_1397_16S_022_3	OTU_107_18S_022_3	0.745640187714505	1	0.298548	-0.269667	0.367632	3	1	1
ASV_730_16S_022_3	OTU_101_18S_022_3	0.698737325975131	1	0.717719	-0.607102	0.434565	3	1	1
ASV_363_16S_022_3	OTU_110_18S_022_3	-0.875585079193115	1	0.424213	-0.424213	1.000000	3	1	1
ASV_15_16S_022_3	OTU_130_18S_022_3	-0.706874455332762	1	0.327541	0.643486	nan	3	1	1
ASV_1753_16S_022_3	OTU_133_18S_022_3	0.862693259583315	1	0.453176	-0.344424	0.100899	3	1	1
ASV_98_16S_022_3	OTU_129_18S_022_3	0.819928531107701	1	0.695171	-0.568177	0.466533	3	1	1
ASV_51_16S_022_3	OTU_148_18S_022_3	-0.594906519405046	1	0.357996	-0.219486	0.734266	3	1	1
ASV_431_16S_022_3	OTU_168_18S_022_3	-0.59802	1	0.483039	-0.524425	0.233766	3	1	1
ASV_1374_16S_022_3	OTU_168_18S_022_3	-0.588769316673279	1	0.523590	-0.514292	0.400599	3	1	1
ASV_525_16S_022_3	OTU_182_18S_022_3	0.608123545207171	1	0.580978	-0.276778	0.700300	3	1	1
OTU_115_18S_022_3	OTU_186_18S_022_3	0.762595910998047	1	0.468135	0.605318	nan	3	1	1
ASV_1205_16S_022_3	OTU_188_18S_022_3	-0.731114709973635	1	0.401058	-0.372177	0.666334	3	1	1
ASV_290_16S_022_3	OTU_195_18S_022_3	0.633376181125641	1	0.715297	-0.550320	0.233766	3	1	1
OTU_28_18S_022_3	OTU_201_18S_022_3	0.757673629359721	1	0.415495	0.738990	nan	3	1	1
ASV_350_16S_022_3	OTU_207_18S_022_3	0.651374936103821	1	0.519532	-0.519532	0.700300	3	1	1
ASV_632_16S_022_3	OTU_207_18S_022_3	0.540442705154419	1	0.692202	-0.576677	0.000999	3	1	1
ASV_1147_16S_022_3	OTU_207_18S_022_3	0.66314869799185	1	0.646807	-0.646807	0.934066	3	1	1
OTU_133_18S_022_3	OTU_215_18S_022_3	0.570765911580946	1	0.388103	1.182589	nan	3	1	1
OTU_177_18S_022_3	OTU_215_18S_022_3	0.780426827588155	1	0.425193	-0.364008	0.602398	3	1	1
ASV_23_16S_022_3	OTU_217_18S_022_3	-0.53648054599762	1	0.428628	-0.424238	0.100899	3	1	1
ASV_651_16S_022_3	OTU_227_18S_022_3	0.736042693586574	1	0.439968	1.925220	nan	3	1	1
ASV_473_16S_022_3	OTU_233_18S_022_3	-0.582435786724091	1	0.440475	0.108712	nan	3	1	1
ASV_1481_16S_022_3	OTU_233_18S_022_3	-0.769382590261044	1	0.386179	-0.371503	0.332667	3	1	1
ASV_185_16S_022_3	OTU_234_18S_022_3	0.52458393573761	1	0.451962	-0.323463	0.266733	3	1	1
OTU_24_18S_022_3	OTU_234_18S_022_3	-0.641188144683838	1	0.495645	-0.205328	0.468531	3	1	1
OTU_200_18S_022_3	OTU_241_18S_022_3	0.589769661426544	1	0.583869	-0.395906	0.666334	3	1	1
OTU_183_18S_022_3	OTU_242_18S_022_3	0.70472539331555	1	0.533037	-0.238848	0.601399	3	1	1
ASV_547_16S_022_3	OTU_266_18S_022_3	0.72437809875521	1	0.652527	-0.742904	0.033966	3	1	1
ASV_1106_16S_022_3	OTU_287_18S_022_3	0.801068828794812	1	0.435861	-0.349217	0.533467	3	1	1
OTU_182_18S_022_3	OTU_310_18S_022_3	-0.677858293056488	1	0.501165	0.331700	nan	3	1	1
ASV_400_16S_022_3	OTU_320_18S_022_3	0.774424943243478	1	0.731131	-0.391636	0.498501	3	1	1
ASV_411_16S_022_3	OTU_320_18S_022_3	0.560219287872314	1	0.620366	-0.399603	0.632368	3	1	1
ASV_72_16S_022_3	OTU_318_18S_022_3	-0.562856912612915	1	0.363341	-0.370809	0.299700	3	1	1
ASV_743_16S_022_3	OTU_327_18S_022_3	0.59213798807449	1	0.322652	-0.264890	0.468531	3	1	1
ASV_1059_16S_022_3	OTU_338_18S_022_3	0.795912480588626	1	0.404007	-0.471067	0.234765	3	1	1
OTU_24_18S_022_3	OTU_345_18S_022_3	-0.620601090031786	1	0.404515	-0.346752	0.333666	3	1	1
ASV_149_16S_022_3	OTU_350_18S_022_3	-0.549573285004319	1	0.465051	0.585944	nan	3	1	1
ASV_992_16S_022_3	OTU_350_18S_022_3	-0.755774023016718	1	0.367310	0.138540	nan	3	1	1
ASV_111_16S_022_3	OTU_347_18S_022_3	-0.788955442158714	1	0.281302	-0.189094	0.701299	2	1	1
ASV_814_16S_022_3	OTU_365_18S_022_3	0.722429863520893	1	0.538170	-0.504899	0.400599	3	1	1
ASV_1380_16S_022_3	OTU_351_18S_022_3	0.774275105959629	1	0.435094	-0.325661	0.133866	3	1	1
OTU_144_18S_022_3	OTU_388_18S_022_3	0.656560599803925	1	0.612518	0.059273	nan	3	1	1
OTU_222_18S_022_3	OTU_388_18S_022_3	-0.710247457027435	1	0.416504	-0.174984	0.601399	3	1	1
OTU_121_18S_022_3	OTU_384_18S_022_3	0.623220026493073	1	0.484794	-0.339400	0.000999	3	1	1
ASV_600_16S_022_3	OTU_413_18S_022_3	0.582788547006373	1	0.531283	-0.406460	0.667333	3	1	1
ASV_30_16S_022_3	OTU_423_18S_022_3	-0.593898177146912	1	0.355987	-0.228476	0.368631	3	1	1
ASV_585_16S_022_3	OTU_423_18S_022_3	0.813536747569064	1	0.609753	-0.500320	0.000999	3	1	1
ASV_1632_16S_022_3	OTU_419_18S_022_3	0.763315916061401	1	0.634440	-0.634440	0.933067	3	1	1
ASV_34_16S_022_3	OTU_393_18S_022_3	-0.559601128101349	1	0.407691	-0.293672	0.467532	3	1	1
ASV_475_16S_022_3	OTU_393_18S_022_3	-0.529752090166118	1	0.395164	-0.057232	0.666334	3	1	1
ASV_588_16S_022_3	OTU_434_18S_022_3	0.803075955992323	1	0.576016	-0.484982	0.600400	3	1	1
OTU_267_18S_022_3	OTU_373_18S_022_3	0.728569612517616	1	0.565369	-0.478726	0.333666	3	1	1
OTU_100_18S_022_3	OTU_445_18S_022_3	0.600126564502716	1	0.618023	-0.618023	0.367632	3	1	1
OTU_350_18S_022_3	OTU_436_18S_022_3	0.548733882845044	1	0.507263	1.203756	nan	3	1	1
ASV_101_16S_022_3	OTU_455_18S_022_3	0.551533639431	1	0.519532	-0.478664	0.000999	3	1	1
OTU_384_18S_022_3	OTU_455_18S_022_3	0.73828113079071	1	0.519532	-0.478664	0.000999	3	1	1
ASV_1076_16S_022_3	OTU_430_18S_022_3	0.606034457683563	1	0.682504	-0.600769	0.132867	3	1	1
OTU_87_18S_022_3	OTU_463_18S_022_3	0.61230300755893	1	0.482870	-0.509580	0.400599	3	1	1
OTU_105_18S_022_3	OTU_463_18S_022_3	0.541675508022308	1	0.596689	-0.371535	0.667333	3	1	1
OTU_342_18S_022_3	OTU_463_18S_022_3	0.610403478145599	1	0.647181	-0.539254	0.302697	3	1	1
OTU_329_18S_022_3	OTU_458_18S_022_3	0.704289762370493	1	0.452041	-0.485830	0.033966	3	1	1
OTU_9_18S_022_3	OTU_466_18S_022_3	0.699585190401289	1	0.418717	-0.448643	0.066933	3	1	1
ASV_149_16S_022_3	OTU_485_18S_022_3	-0.794221649488007	1	0.420722	0.923422	nan	3	1	1
ASV_754_16S_022_3	OTU_489_18S_022_3	0.613405629369024	1	0.727784	-0.679320	0.265734	3	1	1
OTU_128_18S_022_3	OTU_496_18S_022_3	0.737687009188428	1	0.503289	-0.276677	0.200799	3	1	1
ASV_36_16S_022_3	OTU_509_18S_022_3	-0.52101	1	0.363954	-0.409730	0.636364	3	1	1
ASV_364_16S_022_3	OTU_509_18S_022_3	-0.720092139365184	1	0.379321	-0.437083	0.635365	3	1	1
ASV_294_16S_022_3	OTU_516_18S_022_3	0.645906865596771	1	0.524973	-0.337999	0.333666	3	1	1
OTU_436_18S_022_3	OTU_495_18S_022_3	0.58401532945586	1	0.423685	-0.242552	0.635365	3	1	1
OTU_507_18S_022_3	OTU_495_18S_022_3	0.765070497445209	1	0.544899	-0.160682	0.934066	3	1	1
ASV_512_16S_022_3	OTU_535_18S_022_3	-0.526350208472443	1	0.383553	-0.381382	0.467532	3	1	1
ASV_1851_16S_022_3	OTU_519_18S_022_3	0.840489745140076	1	0.519532	-0.404007	0.768232	3	1	1
ASV_289_16S_022_3	OTU_543_18S_022_3	-0.716637509535315	1	0.489768	0.570054	nan	3	1	1
OTU_167_18S_022_3	OTU_544_18S_022_3	0.810550278482997	1	0.439968	-0.439968	1.000000	3	1	1
ASV_1380_16S_022_3	OTU_537_18S_022_3	0.566158242398418	1	0.597818	-0.518771	0.165834	3	1	1
OTU_267_18S_022_3	OTU_534_18S_022_3	0.690281689167023	1	0.507607	-0.110350	0.834166	3	1	1
OTU_121_18S_022_3	OTU_550_18S_022_3	0.908526182174683	1	0.699930	-0.543262	0.000999	3	1	1
OTU_207_18S_022_3	OTU_550_18S_022_3	0.814688742160797	1	0.645714	-0.548784	0.000999	3	1	1
ASV_33_16S_022_3	OTU_551_18S_022_3	-0.55806628082218	1	0.366451	-0.338852	0.201798	3	1	1
OTU_327_18S_022_3	OTU_491_18S_022_3	0.576403498649597	1	0.461770	-0.365829	0.500500	3	1	1
OTU_489_18S_022_3	OTU_491_18S_022_3	0.702356218877599	1	0.492359	-0.299488	0.033966	3	1	1
ASV_1043_16S_022_3	OTU_493_18S_022_3	0.595469176769257	1	0.407682	-0.407682	1.000000	3	1	1
OTU_146_18S_022_3	OTU_558_18S_022_3	0.699089907602698	1	0.480408	-0.427553	0.067932	3	1	1
OTU_385_18S_022_3	OTU_574_18S_022_3	0.828958245891762	1	0.528981	-0.431063	0.299700	3	1	1
ASV_1801_16S_022_3	OTU_568_18S_022_3	0.599778831005096	1	0.899116	-0.899116	0.534466	3	1	1
ASV_560_16S_022_3	OTU_556_18S_022_3	-0.836337547633558	1	0.607048	-0.518703	0.333666	3	1	1
ASV_9_16S_022_3	OTU_585_18S_022_3	-0.766678631305695	1	0.384081	-0.417869	0.033966	3	1	1
OTU_200_18S_022_3	OTU_582_18S_022_3	0.59905356168747	1	0.557088	-0.403385	0.367632	3	1	1
OTU_605_18S_022_3	OTU_577_18S_022_3	0.722773559510972	1	0.645052	-0.645052	0.634366	3	1	1
ASV_33_16S_022_3	OTU_624_18S_022_3	-0.819958580022222	1	0.357648	-0.153655	0.466533	3	1	1
ASV_1382_16S_022_3	OTU_624_18S_022_3	0.559196591377258	1	0.372816	-0.372816	0.934066	3	1	1
OTU_158_18S_022_3	OTU_660_18S_022_3	0.612724125385284	1	0.653025	1.085222	nan	3	1	1
OTU_243_18S_022_3	OTU_660_18S_022_3	0.6761394739151	1	0.597818	-0.568937	0.465534	3	1	1
OTU_270_18S_022_3	OTU_655_18S_022_3	0.811136683482337	1	0.682767	-0.682767	0.933067	3	1	1
ASV_1446_16S_022_3	OTU_652_18S_022_3	0.693291740417735	1	0.378589	0.002244	nan	3	1	1
OTU_200_18S_022_3	OTU_675_18S_022_3	0.949090895458437	1	0.691824	-0.605180	0.100899	3	1	1
OTU_574_18S_022_3	OTU_675_18S_022_3	0.64709	1	0.528981	-0.365509	0.199800	3	1	1
ASV_1825_16S_022_3	OTU_689_18S_022_3	0.814394555127606	1	0.707022	-0.707022	0.334665	3	1	1
ASV_2181_16S_022_3	OTU_689_18S_022_3	0.525344323151611	1	0.625005	-0.625005	1.000000	3	1	1
OTU_60_18S_022_3	OTU_707_18S_022_3	0.535926222801208	1	0.722945	-0.581746	0.634366	3	1	1
ASV_2085_16S_022_3	OTU_716_18S_022_3	0.523754994490302	1	0.404007	-0.404007	0.901099	3	1	1
OTU_268_18S_022_3	OTU_716_18S_022_3	0.622110843658447	1	0.566149	-0.566149	1.000000	3	1	1
ASV_874_16S_022_3	OTU_733_18S_022_3	0.666156649589539	1	0.416375	-0.416375	0.332667	3	1	1
OTU_320_18S_022_3	OTU_729_18S_022_3	0.541524746299738	1	0.711204	-0.466467	0.598402	3	1	1
ASV_301_16S_022_3	OTU_751_18S_022_3	-0.757632077873972	1	0.394702	-0.402299	0.199800	3	1	1
ASV_505_16S_022_3	OTU_747_18S_022_3	-0.824585555776598	1	0.385681	0.463391	nan	3	1	1
OTU_345_18S_022_3	OTU_766_18S_022_3	0.859903958318556	1	0.838470	-0.722945	0.199800	3	1	1
OTU_413_18S_022_3	OTU_771_18S_022_3	0.617688894271851	1	0.717719	-0.552029	0.633367	3	1	1
OTU_516_18S_022_3	OTU_771_18S_022_3	0.769505249010932	1	0.614105	-0.369369	0.601399	3	1	1
ASV_300_16S_022_3	OTU_763_18S_022_3	0.892426431179047	1	0.768220	-0.658787	0.000999	3	1	1
ASV_759_16S_022_3	OTU_763_18S_022_3	0.873553770896705	1	0.673006	-0.673006	0.665335	3	1	1
OTU_22_18S_022_3	OTU_754_18S_022_3	0.810721920374441	1	0.571923	-0.432425	0.000999	3	1	1
OTU_707_18S_022_3	OTU_754_18S_022_3	0.6854607462883	1	0.655580	-0.439724	0.568432	3	1	1
ASV_192_16S_022_3	OTU_798_18S_022_3	-0.61650687456131	1	0.378789	-0.063091	0.535465	3	1	1
ASV_2084_16S_022_3	OTU_817_18S_022_3	0.711456942669403	1	0.408776	-0.408776	1.000000	3	1	1
OTU_320_18S_022_3	OTU_811_18S_022_3	-0.665220260620117	1	0.375159	0.222048	nan	3	1	1
OTU_335_18S_022_3	OTU_825_18S_022_3	0.932242453098297	1	0.670022	1.248489	nan	3	1	1
ASV_782_16S_022_3	OTU_826_18S_022_3	0.682568311691284	1	0.545441	-0.646289	0.333666	3	1	1
OTU_754_18S_022_3	OTU_518_18S_022_3	0.588539481163025	1	0.531283	-0.327414	0.367632	3	1	1
OTU_393_18S_022_3	OTU_797_18S_022_3	0.560628896766117	1	0.538808	-0.394920	0.134865	3	1	1
OTU_698_18S_022_3	OTU_797_18S_022_3	0.646603345870972	1	0.479070	-0.392944	0.234765	3	1	1
OTU_798_18S_022_3	OTU_797_18S_022_3	0.578676581382751	1	0.381554	-0.329982	0.467532	3	1	1
OTU_766_18S_022_3	OTU_846_18S_022_3	0.778557970548076	1	0.681684	-0.338788	0.867133	3	1	1
OTU_662_18S_022_3	OTU_847_18S_022_3	0.534545628375781	1	0.404007	-0.317364	0.733267	3	1	1
ASV_1732_16S_022_3	OTU_851_18S_022_3	0.719101564227799	1	0.472427	-0.402678	0.000999	3	1	1
ASV_824_16S_022_3	OTU_850_18S_022_3	0.853820502758026	1	0.589045	-0.336711	0.701299	3	1	1
ASV_500_16S_022_3	OTU_868_18S_022_3	0.901865793052678	1	0.566149	-0.335100	0.666334	3	1	1
OTU_644_18S_022_3	OTU_872_18S_022_3	0.748077135587849	1	0.322652	2.435835	nan	3	1	1
ASV_1139_16S_022_3	OTU_873_18S_022_3	0.607975927973929	1	0.519532	-0.519532	1.000000	3	1	1
ASV_1201_16S_022_3	OTU_873_18S_022_3	0.962751030921936	1	0.577294	-0.577294	1.000000	3	1	1
ASV_1382_16S_022_3	OTU_873_18S_022_3	-0.597071766853333	1	0.461770	-0.461770	1.000000	3	1	1
OTU_342_18S_022_3	OTU_787_18S_022_3	0.885533995462215	1	0.591666	-0.442870	0.601399	3	1	1
OTU_419_18S_022_3	OTU_787_18S_022_3	0.539383344625323	1	0.680162	-0.406544	0.436563	3	1	1
OTU_716_18S_022_3	OTU_787_18S_022_3	0.551109194755554	1	0.475311	-0.475311	0.868132	3	1	1
OTU_98_18S_022_3	OTU_866_18S_022_3	0.825980985063695	1	0.577294	-0.577294	0.801199	3	1	1
OTU_519_18S_022_3	OTU_866_18S_022_3	0.571367800235748	1	0.435861	-0.435861	1.000000	3	1	1
ASV_958_16S_022_3	OTU_887_18S_022_3	0.556938409805298	1	0.466538	-0.466538	1.000000	3	1	1
ASV_1190_16S_022_3	OTU_887_18S_022_3	0.601867854595184	1	0.612638	-0.458934	0.400599	3	1	1
OTU_870_18S_022_3	OTU_894_18S_022_3	0.81965592823728	1	0.406323	-0.406323	0.934066	3	1	1
ASV_1335_16S_022_3	OTU_910_18S_022_3	0.818522208487157	1	0.276732	-0.206983	0.567433	3	1	1
OTU_148_18S_022_3	OTU_917_18S_022_3	0.538042068481445	1	0.351014	-0.408776	0.667333	3	1	1
OTU_644_18S_022_3	OTU_917_18S_022_3	0.727806979036275	1	0.368047	-0.478008	0.799201	3	1	1
OTU_724_18S_022_3	OTU_917_18S_022_3	0.689997911453247	1	0.351014	-0.457886	1.000000	3	1	1
OTU_807_18S_022_3	OTU_920_18S_022_3	0.660279512405396	1	0.334495	-0.276732	0.366633	3	1	1
ASV_760_16S_022_3	OTU_931_18S_022_3	0.745292976380188	1	0.464086	-0.509861	0.735265	3	1	1
ASV_2009_16S_022_3	OTU_931_18S_022_3	0.881528064513559	1	0.625005	-0.538362	0.167832	3	1	1
OTU_86_18S_022_3	OTU_931_18S_022_3	0.521432518959045	1	0.358613	-0.358613	0.934066	3	1	1
ASV_381_16S_022_3	OTU_942_18S_022_3	0.766590153200411	1	0.476315	-0.630019	0.266733	3	1	1
ASV_1054_16S_022_3	OTU_942_18S_022_3	0.61601448059082	1	0.571923	-0.725626	0.333666	3	1	1
OTU_402_18S_022_3	OTU_932_18S_022_3	0.75620809025739	1	0.574052	-0.363104	0.133866	3	1	1
OTU_456_18S_022_3	OTU_932_18S_022_3	0.546929001808167	1	0.611221	-0.503293	0.434565	3	1	1
OTU_797_18S_022_3	OTU_932_18S_022_3	0.577356302259366	1	0.579527	-0.471600	0.302697	3	1	1
ASV_4_16S_022_3	OTU_956_18S_022_3	-0.51984	1	0.341869	-0.293404	0.734266	3	1	1
OTU_563_18S_022_3	OTU_956_18S_022_3	0.834688076479507	1	0.461770	-0.346245	0.399600	3	1	1
ASV_670_16S_022_3	OTU_977_18S_022_3	0.715295631327204	1	0.404669	-0.375788	0.033966	3	1	1
OTU_807_18S_022_3	OTU_964_18S_022_3	0.879429936408997	1	0.483572	-0.344074	0.333666	3	1	1
OTU_716_18S_022_3	OTU_960_18S_022_3	0.989577706344902	1	0.706360	-0.706360	0.834166	3	1	1
OTU_445_18S_022_3	OTU_992_18S_022_3	0.730802287756128	1	0.430290	-0.361400	0.000999	3	1	1
ASV_1223_16S_022_3	OTU_985_18S_022_3	0.95722222328186	1	0.519532	-0.519532	1.000000	3	1	1
ASV_23_16S_022_3	OTU_1014_18S_022_3	-0.704657526084908	1	0.447626	0.646107	nan	3	1	1
OTU_514_18S_022_3	OTU_1024_18S_022_3	0.745393614534441	1	0.300418	-0.259551	0.367632	3	1	1
OTU_732_18S_022_3	OTU_1024_18S_022_3	0.80326389295743	1	0.435861	-0.349217	0.265734	3	1	1
OTU_551_18S_022_3	OTU_1070_18S_022_3	0.614797353744507	1	0.599096	-0.541334	0.033966	3	1	1
OTU_955_18S_022_3	OTU_1075_18S_022_3	0.780191659927368	1	0.577294	-0.437796	0.033966	3	1	1
OTU_1070_18S_022_3	OTU_1075_18S_022_3	0.891135334968567	1	0.656858	-0.483572	0.033966	3	1	1
OTU_680_18S_022_3	OTU_1076_18S_022_3	0.714348883106288	1	0.576016	-0.520472	0.000999	3	1	1
OTU_940_18S_022_3	OTU_1094_18S_022_3	0.700300097465515	1	0.276732	-0.252759	0.000999	3	1	1
ASV_482_16S_022_3	OTU_1102_18S_022_3	0.770686805219846	1	0.425193	-0.405609	0.200799	3	1	1
OTU_870_18S_022_3	OTU_1102_18S_022_3	0.546778945139156	1	0.567243	-0.500183	0.200799	3	1	1
OTU_612_18S_022_3	OTU_1095_18S_022_3	0.706981364619928	1	0.680302	-0.459538	0.466533	3	1	1
OTU_889_18S_022_3	OTU_1110_18S_022_3	0.678357303142548	1	0.545441	-0.545441	0.833167	3	1	1
OTU_561_18S_022_3	OTU_1142_18S_022_3	0.535765409469604	1	0.414059	-0.298534	0.800200	3	1	1
OTU_585_18S_022_3	OTU_1142_18S_022_3	0.806929886341095	1	0.656858	-0.570215	0.000999	3	1	1
OTU_976_18S_022_3	OTU_1142_18S_022_3	0.82939344945651	1	0.414059	-0.414059	1.000000	3	1	1
ASV_1145_16S_022_3	OTU_1143_18S_022_3	0.616286099862468	1	0.524300	-0.437657	0.000999	3	1	1
OTU_28_18S_022_3	OTU_1143_18S_022_3	-0.583180442483537	1	0.228099	-0.208515	0.267732	3	1	1
OTU_469_18S_022_3	OTU_1104_18S_022_3	0.729320459292304	1	0.435258	-0.353522	0.034965	3	1	1
ASV_93_16S_022_3	OTU_1153_18S_022_3	-0.68213	1	0.703476	-0.703476	0.333666	3	1	1
OTU_46_18S_022_3	OTU_1153_18S_022_3	0.545902252197266	1	0.489853	-0.547615	0.432567	3	1	1
ASV_174_16S_022_3	OTU_1148_18S_022_3	0.558317124843597	1	0.513773	-0.405845	0.634366	3	1	1
ASV_501_16S_022_3	OTU_1149_18S_022_3	0.557975351810455	1	0.456777	-0.370133	0.365634	3	1	1
ASV_765_16S_022_3	OTU_1111_18S_022_3	0.664685487747192	1	0.655580	-0.626699	0.000999	3	1	1
OTU_1139_18S_022_3	OTU_1111_18S_022_3	0.527606877843071	1	0.651204	-0.629919	0.399600	3	1	1
ASV_1139_16S_022_3	OTU_1144_18S_022_3	0.72360050544197	1	0.509481	-0.509481	1.000000	3	1	1
OTU_1010_18S_022_3	OTU_1180_18S_022_3	0.74032016430714	1	0.300850	2.345201	nan	3	1	1
ASV_505_16S_022_3	OTU_1191_18S_022_3	-0.633899331092834	1	0.324443	-0.324443	0.933067	2	1	1
OTU_1153_18S_022_3	OTU_1191_18S_022_3	0.611048049969249	1	0.541334	-0.541334	1.000000	3	1	1
ASV_2181_16S_022_3	OTU_1179_18S_022_3	0.710976325755719	1	0.465876	-0.465876	1.000000	3	1	1
ASV_504_16S_022_3	OTU_1230_18S_022_3	0.614331661683658	1	0.688273	-0.555383	0.134865	3	1	1
OTU_345_18S_022_3	OTU_1230_18S_022_3	0.572981725657833	1	0.663587	-0.581851	0.200799	3	1	1
ASV_1028_16S_022_3	OTU_1123_18S_022_3	0.743325491074276	1	0.589045	-0.589045	0.767233	3	1	1
OTU_268_18S_022_3	OTU_1123_18S_022_3	0.799751632277147	1	0.666854	-0.597105	0.299700	3	1	1
OTU_287_18S_022_3	OTU_1246_18S_022_3	0.56624	1	0.435861	-0.378099	0.133866	3	1	1
OTU_733_18S_022_3	OTU_1246_18S_022_3	0.811612135815115	1	0.435861	-0.435861	0.867133	3	1	1
OTU_29_18S_022_3	OTU_1247_18S_022_3	-0.610360195290355	1	0.504095	-0.504095	0.299700	3	1	1
OTU_58_18S_022_3	OTU_1247_18S_022_3	-0.671167044775496	1	0.396046	-0.367682	0.100899	3	1	1
ASV_610_16S_022_3	OTU_1252_18S_022_3	0.615714013576508	1	0.542557	-0.484794	0.434565	3	1	1
OTU_866_18S_022_3	OTU_1252_18S_022_3	0.92707929369744	1	0.519532	-0.519532	0.934066	3	1	1
OTU_1139_18S_022_3	OTU_1252_18S_022_3	0.554586372628444	1	0.465876	-0.379233	0.300699	3	1	1
ASV_72_16S_022_3	OTU_1262_18S_022_3	-0.642666101455688	1	0.417126	-0.348236	0.433566	3	1	1
ASV_1043_16S_022_3	OTU_1263_18S_022_3	0.70751194397162	1	0.533073	-0.533073	1.000000	3	1	1
OTU_466_18S_022_3	OTU_1263_18S_022_3	0.590328746957431	1	0.535963	-0.362676	0.201798	3	1	1
OTU_1139_18S_022_3	OTU_1263_18S_022_3	0.630606547662513	1	0.673006	-0.189106	0.400599	3	1	1
OTU_436_18S_022_3	OTU_1266_18S_022_3	0.712002347028676	1	0.447626	-0.502699	0.299700	3	1	1
OTU_456_18S_022_3	OTU_1284_18S_022_3	0.543519735336304	1	0.704306	-0.646544	0.201798	3	1	1
OTU_7_18S_022_3	OTU_1285_18S_022_3	-0.783516585826874	1	0.363969	0.766442	nan	3	1	1
OTU_58_18S_022_3	OTU_1285_18S_022_3	-0.594135820865631	1	0.276931	0.715635	nan	3	1	1
OTU_241_18S_022_3	OTU_1287_18S_022_3	0.813010860303874	1	0.435258	-0.487642	0.466533	3	1	1
ASV_1348_16S_022_3	OTU_1202_18S_022_3	-0.679707467556	1	0.356297	-0.356297	1.000000	3	1	1
ASV_2083_16S_022_3	OTU_1202_18S_022_3	0.819012866129312	1	0.414059	-0.327415	0.699301	3	1	1
OTU_655_18S_022_3	OTU_1295_18S_022_3	0.714382571961906	1	0.579610	-0.579610	1.000000	3	1	1
ASV_671_16S_022_3	OTU_1294_18S_022_3	0.695837140083313	1	0.439968	-0.439968	1.000000	3	1	1
ASV_754_16S_022_3	OTU_1258_18S_022_3	0.537425643384489	1	0.567243	-0.567243	0.834166	3	1	1
ASV_823_16S_022_3	OTU_1258_18S_022_3	0.927770245484937	1	0.704569	-0.666391	0.167832	3	1	1
ASV_1593_16S_022_3	OTU_1258_18S_022_3	0.656523799755799	1	0.541334	-0.541334	1.000000	3	1	1
ASV_2304_16S_022_3	OTU_1258_18S_022_3	0.558898091316223	1	0.682767	-0.644589	0.467532	3	1	1
ASV_2185_16S_022_3	OTU_1290_18S_022_3	0.61784842807191	1	0.466538	-0.466538	1.000000	3	1	1
OTU_1139_18S_022_3	OTU_1290_18S_022_3	0.613600626225134	1	0.706360	-0.569551	0.733267	3	1	1
OTU_1283_18S_022_3	OTU_1290_18S_022_3	0.785068641253194	1	0.728162	-0.658413	0.167832	3	1	1
OTU_577_18S_022_3	OTU_1281_18S_022_3	0.751098275184631	1	0.623912	-0.623912	0.834166	3	1	1
OTU_41_18S_022_3	OTU_1338_18S_022_3	-0.701716247635093	1	0.231999	-0.223347	0.399600	3	1	1
OTU_1077_18S_022_3	OTU_1291_18S_022_3	0.735970031750884	1	0.521848	-0.454788	0.532468	3	1	1
OTU_577_18S_022_3	OTU_1334_18S_022_3	0.746789455324784	1	0.587951	-0.587951	1.000000	3	1	1
OTU_1210_18S_022_3	OTU_1374_18S_022_3	0.673175692558289	1	0.541334	-0.541334	1.000000	3	1	1
ASV_189_16S_022_3	OTU_1381_18S_022_3	-0.766643542401196	1	0.403391	-0.403391	0.535465	3	1	1
OTU_338_18S_022_3	OTU_1381_18S_022_3	0.551638185977936	1	0.492737	-0.444272	0.167832	3	1	1
OTU_724_18S_022_3	OTU_1381_18S_022_3	0.53192150592804	1	0.444736	-0.436084	0.834166	3	1	1
ASV_1028_16S_022_3	OTU_1358_18S_022_3	0.711562037467957	1	0.531283	-0.531283	0.467532	3	1	1
ASV_1136_16S_022_3	OTU_1358_18S_022_3	0.549765944480896	1	0.495322	-0.495322	1.000000	3	1	1
ASV_1401_16S_022_3	OTU_1413_18S_022_3	0.907049775123596	1	0.599096	-0.599096	1.000000	3	1	1
OTU_889_18S_022_3	OTU_1413_18S_022_3	0.610587954521179	1	0.519532	-0.519532	0.833167	3	1	1
OTU_6_18S_022_3	OTU_1422_18S_022_3	-0.626566290855408	1	0.443066	0.231402	nan	3	1	1
OTU_26_18S_022_3	OTU_1422_18S_022_3	0.662469923496246	1	0.668530	-0.269904	0.566434	3	1	1
OTU_144_18S_022_3	OTU_1422_18S_022_3	0.63718	1	0.501758	0.302098	nan	3	1	1
ASV_947_16S_022_3	OTU_1432_18S_022_3	-0.57823920249939	1	0.344967	-0.371159	0.033966	2	1	1
OTU_406_18S_022_3	OTU_1432_18S_022_3	0.778862727986121	1	0.510610	-0.366204	0.000999	3	1	1
OTU_535_18S_022_3	OTU_1485_18S_022_3	0.72609738056168	1	0.446532	-0.417651	0.234765	3	1	1
OTU_1262_18S_022_3	OTU_1485_18S_022_3	0.521854758262634	1	0.451286	-0.335762	0.667333	3	1	1
OTU_872_18S_022_3	OTU_1494_18S_022_3	0.899193858826644	1	0.509481	-0.385304	0.733267	3	1	1
OTU_1404_18S_022_3	OTU_1494_18S_022_3	0.593292415142059	1	0.461770	-0.192542	0.666334	3	1	1
OTU_955_18S_022_3	OTU_1510_18S_022_3	0.84469937937217	1	0.437083	-0.291690	0.000999	3	1	1
OTU_184_18S_022_3	OTU_1509_18S_022_3	0.878321491277238	1	0.519532	-0.461770	0.301698	3	1	1
OTU_408_18S_022_3	OTU_1545_18S_022_3	0.792705697241112	1	0.589045	-0.406460	0.667333	3	1	1
OTU_662_18S_022_3	OTU_1545_18S_022_3	0.651088356971741	1	0.589045	-0.589045	0.800200	3	1	1
OTU_1024_18S_022_3	OTU_1545_18S_022_3	0.553995454660007	1	0.495939	-0.495939	0.801199	3	1	1
OTU_956_18S_022_3	OTU_1561_18S_022_3	0.635143756866455	1	0.483572	-0.483572	0.866134	3	1	1
OTU_749_18S_022_3	OTU_1573_18S_022_3	0.727036118507385	1	0.599096	-0.579513	0.000999	3	1	1
ASV_1043_16S_022_3	OTU_1575_18S_022_3	0.578850269317627	1	0.446527	-0.446527	1.000000	3	1	1
ASV_1328_16S_022_3	OTU_1575_18S_022_3	0.68700510263443	1	0.509481	-0.509481	1.000000	3	1	1
OTU_1191_18S_022_3	OTU_1594_18S_022_3	0.70287380543391	1	0.599096	-0.599096	0.933067	3	1	1
OTU_1573_18S_022_3	OTU_1594_18S_022_3	0.797317981719971	1	0.541334	-0.608394	0.266733	3	1	1
OTU_100_18S_022_3	OTU_1598_18S_022_3	0.715483417550873	1	0.572301	-0.456777	0.334665	3	1	1
OTU_1075_18S_022_3	OTU_1618_18S_022_3	0.80354582513143	1	0.356297	-0.356297	1.000000	3	1	1
OTU_1404_18S_022_3	OTU_1618_18S_022_3	0.766268681824295	1	0.356297	-0.356297	1.000000	3	1	1
ASV_41_16S_022_3	OTU_1606_18S_022_3	-0.623494312397388	1	0.483572	1.131149	nan	3	1	1
OTU_551_18S_022_3	OTU_1606_18S_022_3	0.68433	1	0.493623	-0.513853	0.833167	3	1	1
OTU_509_18S_022_3	OTU_1631_18S_022_3	0.75071037041123	1	0.438177	-0.438177	1.000000	3	1	1
ASV_932_16S_022_3	OTU_1609_18S_022_3	0.627152860164642	1	0.416375	-0.375507	0.000999	3	1	1
OTU_453_18S_022_3	OTU_1609_18S_022_3	0.6088507771492	1	0.656858	-0.656858	0.532468	3	1	1
OTU_920_18S_022_3	OTU_1609_18S_022_3	0.789423062425326	1	0.356297	-0.298534	0.332667	3	1	1
OTU_422_18S_022_3	OTU_1634_18S_022_3	0.725212215591216	1	0.525897	-0.159740	0.733267	3	1	1
OTU_466_18S_022_3	OTU_1634_18S_022_3	0.521075546741486	1	0.593725	-0.295616	0.667333	3	1	1
OTU_749_18S_022_3	OTU_1670_18S_022_3	0.829827751446639	1	0.521848	-0.567623	0.165834	3	1	1
OTU_1153_18S_022_3	OTU_1670_18S_022_3	0.543946433221323	1	0.524300	-0.512314	0.767233	3	1	1
OTU_724_18S_022_3	OTU_1682_18S_022_3	0.745972981559186	1	0.358613	-0.349961	0.801199	3	1	1
OTU_1173_18S_022_3	OTU_1671_18S_022_3	0.703654775804832	1	0.545441	-0.458797	0.501499	3	1	1
OTU_644_18S_022_3	OTU_1707_18S_022_3	0.589224696159363	1	0.435861	-0.372535	0.735265	3	1	1
OTU_910_18S_022_3	OTU_1707_18S_022_3	0.774580359458923	1	0.356297	-0.315429	0.000999	3	1	1
ASV_1593_16S_022_3	OTU_1762_18S_022_3	0.57830536365509	1	0.435861	-0.435861	1.000000	3	1	1
OTU_46_18S_022_3	OTU_1763_18S_022_3	0.566019415855408	1	0.516648	-0.419718	0.666334	3	1	1
OTU_760_18S_022_3	OTU_1763_18S_022_3	0.583039939403534	1	0.435861	-0.349217	0.666334	3	1	1
OTU_1017_18S_022_3	OTU_1763_18S_022_3	0.769364210521361	1	0.458885	-0.454495	0.666334	3	1	1
OTU_1077_18S_022_3	OTU_1767_18S_022_3	0.699595224604605	1	0.519532	-0.519532	0.834166	3	1	1
OTU_1281_18S_022_3	OTU_1767_18S_022_3	0.711574375629425	1	0.519532	-0.519532	0.834166	3	1	1
OTU_1386_18S_022_3	OTU_1767_18S_022_3	0.550279080867767	1	0.656858	-0.656858	0.934066	3	1	1
ASV_1406_16S_022_3	OTU_1684_18S_022_3	0.708718478679657	1	0.320336	-0.320336	1.000000	3	1	1
OTU_1707_18S_022_3	OTU_1684_18S_022_3	0.765372787130963	1	0.378099	-0.378099	1.000000	3	1	1
OTU_985_18S_022_3	OTU_1782_18S_022_3	0.567830145359039	1	0.322652	-0.322652	1.000000	3	1	1
ASV_181_16S_022_3	OTU_1801_18S_022_3	-0.733420134924994	1	0.324443	-0.391503	0.366633	3	1	1
OTU_1094_18S_022_3	OTU_1820_18S_022_3	0.729659933671619	1	0.418166	-0.180037	0.465534	3	1	1
OTU_310_18S_022_3	OTU_1834_18S_022_3	0.746446537517818	1	0.471218	-0.471218	1.000000	3	1	1
OTU_1024_18S_022_3	OTU_1834_18S_022_3	0.59734670710232	1	0.483572	-0.483572	1.000000	3	1	1
ASV_233_16S_022_3	OTU_1849_18S_022_3	-0.577995173759489	1	0.548648	-0.548648	0.868132	3	1	1
OTU_251_18S_022_3	OTU_1849_18S_022_3	0.691987081067935	1	0.648220	-0.566484	0.067932	3	1	1
OTU_825_18S_022_3	OTU_1849_18S_022_3	0.620869221851893	1	0.669634	-0.530136	0.500500	3	1	1
ASV_89_16S_022_3	OTU_1893_18S_022_3	0.658681571483612	1	0.275071	-0.275071	1.000000	3	1	1
ASV_1044_16S_022_3	OTU_1844_18S_022_3	0.52556	1	0.527857	-0.423006	0.499500	3	1	1
OTU_50_18S_022_3	OTU_1844_18S_022_3	0.755744397640228	1	0.781249	-0.491475	0.201798	3	1	1
OTU_558_18S_022_3	OTU_1901_18S_022_3	0.691139611928041	1	0.542975	-0.447034	0.368631	3	1	1
OTU_1262_18S_022_3	OTU_1891_18S_022_3	0.910538144221043	1	0.646807	-0.646807	0.701299	3	1	1
OTU_519_18S_022_3	OTU_1905_18S_022_3	0.560828128765497	1	0.493623	-0.493623	1.000000	3	1	1
ASV_501_16S_022_3	OTU_1959_18S_022_3	0.617980539798737	1	0.439968	-0.382205	0.533467	3	1	1
ASV_156_16S_022_3	OTU_1980_18S_022_3	-0.658198654651642	1	0.316063	-0.361838	0.466533	3	1	1
OTU_191_18S_022_3	OTU_1980_18S_022_3	0.592677593231201	1	0.464086	-0.464086	1.000000	3	1	1
OTU_577_18S_022_3	OTU_1940_18S_022_3	0.634013155637014	1	0.609753	-0.609753	1.000000	3	1	1
ASV_1058_16S_022_3	OTU_1995_18S_022_3	0.631522536277771	1	0.521848	-0.483669	0.566434	3	1	1
ASV_1490_16S_022_3	OTU_1995_18S_022_3	0.607376277446747	1	0.531283	-0.493104	0.434565	3	1	1
ASV_1593_16S_022_3	OTU_1995_18S_022_3	0.627310156822205	1	0.541334	-0.541334	1.000000	3	1	1
OTU_1077_18S_022_3	OTU_1995_18S_022_3	0.530071569179249	1	0.464086	-0.397026	0.700300	3	1	1
OTU_518_18S_022_3	OTU_1927_18S_022_3	0.798661839099527	1	0.485888	-0.485888	0.933067	3	1	1
OTU_1647_18S_022_3	OTU_1927_18S_022_3	0.620761215686798	1	0.464086	-0.464086	1.000000	3	1	1
OTU_831_18S_022_3	OTU_1984_18S_022_3	0.769211956626779	1	0.506596	-0.333309	0.433566	3	1	1
OTU_1298_18S_022_3	OTU_1984_18S_022_3	0.702496397571351	1	0.372816	-0.303067	0.467532	3	1	1
OTU_1332_18S_022_3	OTU_2035_18S_022_3	0.990222632884979	1	0.656858	-0.570215	0.000999	3	1	1
OTU_384_18S_022_3	OTU_2036_18S_022_3	0.76549159343035	1	0.416375	-0.416375	0.867133	3	1	1
OTU_511_18S_022_3	OTU_2018_18S_022_3	0.771547911667469	1	0.464086	-0.464086	1.000000	3	1	1
OTU_561_18S_022_3	OTU_2150_18S_022_3	0.915293097496033	1	0.519532	-0.542849	0.599401	3	1	1
OTU_870_18S_022_3	OTU_2160_18S_022_3	0.894372424667064	1	0.484794	-0.443926	0.133866	3	1	1
OTU_303_18S_022_3	OTU_2094_18S_022_3	0.800133176551883	1	0.792738	-0.547530	0.265734	3	1	1
OTU_1449_18S_022_3	OTU_2176_18S_022_3	0.902821018301115	1	0.334495	-0.228785	0.000999	3	1	1
OTU_1334_18S_022_3	OTU_2105_18S_022_3	0.547689035145565	1	0.586743	-0.505007	0.100899	3	1	1
ASV_89_16S_022_3	OTU_2234_18S_022_3	-0.780126434568079	1	0.311031	-0.204804	0.769231	3	1	1
ASV_651_16S_022_3	OTU_2135_18S_022_3	0.779201166568878	1	0.625005	-0.609393	0.532468	3	1	1
OTU_1980_18S_022_3	OTU_2245_18S_022_3	0.800687074623383	1	0.461770	-0.461770	1.000000	3	1	1
OTU_1671_18S_022_3	OTU_2133_18S_022_3	0.856921295836363	1	0.519532	-0.519532	0.632368	3	1	1
ASV_1851_16S_022_3	OTU_2270_18S_022_3	0.629278242588043	1	0.439968	-0.439968	1.000000	3	1	1
OTU_868_18S_022_3	OTU_2270_18S_022_3	0.571694612503052	1	0.439968	-0.439968	1.000000	3	1	1
OTU_582_18S_022_3	OTU_2239_18S_022_3	0.521148324012756	1	0.552608	-0.321559	0.466533	3	1	1
OTU_1143_18S_022_3	OTU_2239_18S_022_3	0.856072579923023	1	0.541334	-0.483572	0.000999	3	1	1
OTU_145_18S_022_3	OTU_2297_18S_022_3	0.563971698284149	1	0.582063	-0.466539	0.567433	3	1	1
OTU_2018_18S_022_3	OTU_2297_18S_022_3	0.635439932346344	1	0.509481	-0.509481	1.000000	3	1	1
OTU_248_18S_022_3	OTU_2304_18S_022_3	0.533039450645447	1	0.625005	-0.625005	1.000000	3	1	1
OTU_1761_18S_022_3	OTU_2304_18S_022_3	0.877500765495269	1	0.519532	-0.519532	0.866134	3	1	1
OTU_2105_18S_022_3	OTU_2304_18S_022_3	0.538849059954774	1	0.587836	-0.546968	0.100899	3	1	1
ASV_2014_16S_022_3	OTU_2097_18S_022_3	0.54712051153183	1	0.601412	-0.534352	0.733267	3	1	1
OTU_493_18S_022_3	OTU_2097_18S_022_3	0.566856474224618	1	0.542557	-0.472808	0.566434	3	1	1
OTU_1557_18S_022_3	OTU_2097_18S_022_3	0.685925662517548	1	0.519532	-0.481353	0.400599	3	1	1
ASV_992_16S_022_3	OTU_2317_18S_022_3	0.55282059933768	1	0.449879	-0.329964	0.200799	3	1	1
ASV_1043_16S_022_3	OTU_2317_18S_022_3	0.670318305492401	1	0.432369	-0.432369	1.000000	3	1	1
OTU_676_18S_022_3	OTU_2334_18S_022_3	0.995367228984833	1	0.599096	-0.599096	1.000000	3	1	1
OTU_1142_18S_022_3	OTU_2334_18S_022_3	0.57117885351181	1	0.493623	-0.493623	0.933067	3	1	1
ASV_1543_16S_022_3	OTU_2309_18S_022_3	0.530829071998596	1	0.336811	-0.336811	1.000000	3	1	1
OTU_1210_18S_022_3	OTU_2309_18S_022_3	0.756083905696869	1	0.461770	-0.461770	1.000000	3	1	1
OTU_214_18S_022_3	OTU_2382_18S_022_3	0.520070016384125	1	0.356297	-0.315429	0.000999	3	1	1
OTU_1606_18S_022_3	OTU_2383_18S_022_3	0.552837564701266	1	0.541334	-0.648207	0.634366	3	1	1
OTU_2167_18S_022_3	OTU_2383_18S_022_3	0.579638540744781	1	0.408776	-0.429005	0.468531	3	1	1
ASV_1143_16S_022_3	OTU_2284_18S_022_3	0.721248686313629	1	0.438177	-0.438177	0.900100	3	1	1
OTU_711_18S_022_3	OTU_2389_18S_022_3	0.563059873619557	1	0.577294	-0.461770	0.500500	3	1	1
OTU_558_18S_022_3	OTU_2461_18S_022_3	0.804368200285445	1	0.486456	-0.457575	0.301698	3	1	1
OTU_1347_18S_022_3	OTU_2375_18S_022_3	0.677458703517914	1	0.599096	-0.532036	0.667333	3	1	1
OTU_1086_18S_022_3	OTU_2425_18S_022_3	0.801206937077884	1	0.363054	-0.363054	0.800200	3	1	1
ASV_1289_16S_022_3	OTU_2399_18S_022_3	0.726139545440674	1	0.483572	-0.483572	1.000000	3	1	1
OTU_2309_18S_022_3	OTU_2501_18S_022_3	0.809206426143646	1	0.497730	-0.358232	0.000999	3	1	1
OTU_184_18S_022_3	OTU_2509_18S_022_3	0.824450016021729	1	0.577294	-0.490651	0.534466	3	1	1
OTU_551_18S_022_3	OTU_2509_18S_022_3	0.903230431715416	1	0.656858	-0.570215	0.000999	3	1	1
OTU_955_18S_022_3	OTU_2509_18S_022_3	0.63731	1	0.577294	-0.507545	0.000999	3	1	1
OTU_1285_18S_022_3	OTU_2509_18S_022_3	0.800876200199127	1	0.577294	-0.594189	0.699301	3	1	1
OTU_1618_18S_022_3	OTU_2509_18S_022_3	-0.540780922412561	1	0.414059	-0.414059	1.000000	3	1	1
OTU_1338_18S_022_3	OTU_2576_18S_022_3	0.951107621192932	1	0.599096	-0.599096	1.000000	3	1	1
OTU_1743_18S_022_3	OTU_2539_18S_022_3	0.729603682723517	1	0.461770	-0.308066	0.766234	3	1	1
OTU_1216_18S_022_3	OTU_2626_18S_022_3	0.859536754582058	1	0.577294	-0.577294	0.899101	3	1	1
ASV_3_16S_022_3	OTU_2633_18S_022_3	0.565426290035248	1	0.194642	0.954385	nan	2	1	1
OTU_215_18S_022_3	OTU_2633_18S_022_3	0.587264611170315	1	0.404007	1.874537	nan	3	1	1
OTU_1142_18S_022_3	OTU_2633_18S_022_3	0.868952006089378	1	0.577294	-0.490651	0.467532	3	1	1
OTU_1285_18S_022_3	OTU_2633_18S_022_3	0.630639374256134	1	0.336811	2.140276	nan	3	1	1
OTU_743_18S_022_3	OTU_2680_18S_022_3	0.69116411421661	1	0.435861	-0.435861	1.000000	3	1	1
OTU_873_18S_022_3	OTU_2680_18S_022_3	0.578858137130737	1	0.356297	-0.356297	1.000000	3	1	1
OTU_1194_18S_022_3	OTU_2722_18S_022_3	0.894686200998381	1	0.577294	-0.577294	0.600400	3	1	1
OTU_1510_18S_022_3	OTU_2722_18S_022_3	0.574043273925781	1	0.251821	-0.232238	0.000999	3	1	1
OTU_868_18S_022_3	OTU_2736_18S_022_3	0.551962781870681	1	0.625005	-0.393956	0.732268	3	1	1
OTU_560_18S_022_3	OTU_2662_18S_022_3	0.699998446743652	1	0.603203	-0.603203	0.766234	3	1	1
OTU_1110_18S_022_3	OTU_2662_18S_022_3	0.587749779224396	1	0.682767	-0.682767	0.666334	3	1	1
ASV_248_16S_022_3	OTU_2823_18S_022_3	0.601606607437134	1	0.502498	-0.502498	0.668332	3	1	1
OTU_2284_18S_022_3	OTU_2823_18S_022_3	0.700362488488003	1	0.519532	-0.404007	0.000999	3	1	1
OTU_214_18S_022_3	OTU_2858_18S_022_3	0.755588054656982	1	0.577294	-0.437796	0.000999	3	1	1
OTU_1404_18S_022_3	OTU_2858_18S_022_3	0.608	1	0.435861	-0.349217	0.466533	3	1	1
OTU_2382_18S_022_3	OTU_2858_18S_022_3	0.593711018562317	1	0.435861	-0.378099	0.000999	3	1	1
ASV_1727_16S_022_3	OTU_2856_18S_022_3	0.541615068912506	1	0.461770	-0.322272	0.600400	3	1	1
OTU_1252_18S_022_3	OTU_2856_18S_022_3	0.533375866000806	1	0.497730	-0.497730	0.601399	3	1	1
ASV_331_16S_022_3	OTU_2878_18S_022_3	0.609455645084381	1	0.483572	-0.483572	1.000000	3	1	1
ASV_782_16S_022_3	OTU_2878_18S_022_3	0.65485292673111	1	0.541334	-0.608394	0.100899	3	1	1
ASV_1734_16S_022_3	OTU_2876_18S_022_3	-0.583017289638519	1	0.298534	-0.298534	1.000000	3	1	1
OTU_558_18S_022_3	OTU_2876_18S_022_3	0.528559216193078	1	0.486456	-0.486456	0.800200	3	1	1
OTU_145_18S_022_3	OTU_2905_18S_022_3	0.762777733607994	1	0.670400	-0.670400	1.000000	3	1	1
OTU_558_18S_022_3	OTU_2905_18S_022_3	0.622336089611053	1	0.533073	-0.475311	0.700300	3	1	1
OTU_1362_18S_022_3	OTU_2958_18S_022_3	0.632349133491516	1	0.519532	-0.519532	1.000000	3	1	1
OTU_1086_18S_022_3	OTU_2990_18S_022_3	0.801906309089423	1	0.443235	-0.443235	0.801199	3	1	1
OTU_2214_18S_022_3	OTU_3023_18S_022_3	0.710133569985238	1	0.356297	-0.356297	1.000000	3	1	1
OTU_1347_18S_022_3	OTU_2780_18S_022_3	0.97892290353775	1	0.599096	-0.560917	0.734266	3	1	1
OTU_1664_18S_022_3	OTU_2780_18S_022_3	0.772246525752306	1	0.541334	-0.387631	0.801199	3	1	1
ASV_1059_16S_022_3	OTU_3133_18S_022_3	0.669967472553253	1	0.519532	-0.690130	0.633367	3	1	1
OTU_450_18S_022_3	OTU_3133_18S_022_3	0.771408019362009	1	0.442284	-0.435205	0.535465	3	1	1
OTU_1594_18S_022_3	OTU_3133_18S_022_3	0.94828724861145	1	0.625005	-0.670781	0.400599	3	1	1
OTU_2133_18S_022_3	OTU_3149_18S_022_3	0.780420875228344	1	0.577294	-0.577294	0.634366	3	1	1
OTU_453_18S_022_3	OTU_3210_18S_022_3	0.824705302715302	1	0.656858	-0.656858	1.000000	3	1	1
OTU_1613_18S_022_3	OTU_3210_18S_022_3	0.839654653374765	1	0.379321	-0.321559	0.368631	3	1	1
OTU_619_18S_022_3	OTU_3225_18S_022_3	0.810120650863433	1	0.358613	-0.271969	0.200799	3	1	1
OTU_1557_18S_022_3	OTU_3213_18S_022_3	0.542694420760897	1	0.519532	-0.481353	0.533467	3	1	1
OTU_1767_18S_022_3	OTU_3213_18S_022_3	0.972532538378603	1	0.541334	-0.541334	0.934066	3	1	1
OTU_2133_18S_022_3	OTU_3213_18S_022_3	0.579909719671208	1	0.378099	-0.378099	0.934066	3	1	1
OTU_977_18S_022_3	OTU_3300_18S_022_3	0.759239757752534	1	0.435861	-0.378099	0.100899	3	1	1
OTU_1014_18S_022_3	OTU_3300_18S_022_3	0.56065	1	0.378113	-0.381096	0.401598	3	1	1
OTU_1017_18S_022_3	OTU_3300_18S_022_3	0.618675231933594	1	0.437083	-0.401123	0.201798	3	1	1
OTU_121_18S_022_3	OTU_3064_18S_022_3	0.520438432693481	1	0.542557	-0.542557	0.435564	3	1	1
OTU_191_18S_022_3	OTU_3064_18S_022_3	0.635573208332062	1	0.521848	-0.521848	0.601399	3	1	1
ASV_892_16S_022_3	OTU_3326_18S_022_3	0.732271999248481	1	0.300418	-0.320648	0.866134	3	1	1
ASV_1734_16S_022_3	OTU_2812_18S_022_3	0.80331028241607	1	0.497730	-0.497730	1.000000	3	1	1
OTU_1774_18S_022_3	OTU_2812_18S_022_3	0.749678269294047	1	0.414059	-0.414059	0.966034	3	1	1
OTU_1898_18S_022_3	OTU_3384_18S_022_3	0.767342867072588	1	0.543650	-0.476590	0.533467	3	1	1
OTU_1386_18S_022_3	OTU_3350_18S_022_3	0.837788277088092	1	0.542557	-0.403059	0.400599	3	1	1
OTU_2576_18S_022_3	OTU_3350_18S_022_3	0.682401359081268	1	0.437083	-0.437083	1.000000	3	1	1
OTU_844_18S_022_3	OTU_3424_18S_022_3	0.577462010467925	1	0.541334	-0.541334	1.000000	3	1	1
OTU_1905_18S_022_3	OTU_3424_18S_022_3	0.79409377287594	1	0.656858	-0.656858	1.000000	3	1	1
OTU_2035_18S_022_3	OTU_3424_18S_022_3	0.852448523044586	1	0.656858	-0.656858	1.000000	3	1	1
OTU_270_18S_022_3	OTU_3598_18S_022_3	0.601098775863647	1	0.609092	-0.446091	0.532468	3	1	1
OTU_2297_18S_022_3	OTU_3598_18S_022_3	0.564933737836119	1	0.615243	-0.507316	0.499500	3	1	1
OTU_3466_18S_022_3	OTU_3610_18S_022_3	0.706387778700899	1	0.416375	-0.375507	0.766234	3	1	1
OTU_260_18S_022_3	OTU_3658_18S_022_3	0.741383161526165	1	0.356297	-0.298534	0.201798	3	1	1
OTU_563_18S_022_3	OTU_3658_18S_022_3	0.640219688415527	1	0.404007	-0.346245	0.467532	3	1	1
OTU_29_18S_022_3	OTU_3663_18S_022_3	0.640097141265869	1	0.685309	-0.532836	0.133866	3	1	1
OTU_105_18S_022_3	OTU_3663_18S_022_3	0.786445313738337	1	0.487799	-0.336314	0.135864	3	1	1
OTU_585_18S_022_3	OTU_3962_18S_022_3	0.577359318733215	1	0.356297	-0.318764	0.734266	3	1	1
OTU_677_18S_022_3	OTU_3962_18S_022_3	0.915963640854687	1	0.577294	-0.684167	1.000000	3	1	1
ASV_211_16S_022_3	OTU_3990_18S_022_3	-0.721130189886153	1	0.338055	-0.314081	0.467532	2	1	1
OTU_847_18S_022_3	OTU_3990_18S_022_3	0.555608510971069	1	0.356297	-0.356297	0.733267	3	1	1
OTU_1545_18S_022_3	OTU_3990_18S_022_3	0.549386858940125	1	0.495939	-0.428879	0.567433	3	1	1
OTU_1485_18S_022_3	OTU_3733_18S_022_3	0.688566777007135	1	0.367346	-0.367346	0.267732	3	1	1
OTU_611_18S_022_3	OTU_4003_18S_022_3	0.959196135358192	1	0.483572	-0.425809	0.167832	3	1	1
OTU_535_18S_022_3	OTU_4126_18S_022_3	0.728366534816217	1	0.606212	-0.557748	0.499500	3	1	1
ASV_588_16S_022_3	OTU_4302_18S_022_3	0.61091	1	0.418166	0.118314	nan	3	1	1
OTU_877_18S_022_3	OTU_4302_18S_022_3	0.803923197397029	1	0.324443	-0.491415	0.400599	3	1	1
OTU_78_18S_022_3	OTU_5297_18S_022_3	-0.740884183226639	1	0.424352	-0.441246	0.066933	3	1	1
OTU_1561_18S_022_3	OTU_5297_18S_022_3	0.59199982881546	1	0.456672	-0.456672	0.533467	3	1	1
ASV_111_16S_022_3	OTU_5446_18S_022_3	-0.614901304244995	1	0.357982	-0.323537	0.435564	3	1	1
OTU_511_18S_022_3	OTU_5446_18S_022_3	0.848252949296413	1	0.577294	-0.461770	0.767233	3	1	1
OTU_831_18S_022_3	OTU_5446_18S_022_3	0.713545560836792	1	0.379321	-0.321559	0.365634	3	1	1
OTU_847_18S_022_3	OTU_5446_18S_022_3	0.740257582843216	1	0.334495	-0.334495	0.734266	3	1	1
OTU_1285_18S_022_3	OTU_5773_18S_022_3	0.771281838417053	1	0.682767	-0.682767	1.000000	3	1	1
OTU_2919_18S_022_3	OTU_5773_18S_022_3	0.95508462190628	1	0.646807	-0.646807	1.000000	3	1	1
OTU_1374_18S_022_3	OTU_6383_18S_022_3	0.813735430298216	1	0.380415	-0.310666	0.400599	3	1	1
ASV_165_16S_022_3	OTU_8089_18S_022_3	0.567152738571167	1	0.493623	-0.493623	1.000000	3	1	1
ASV_20_16S_022_3	ASV_20_16S_3_200	0.888141851993693	1	0.239085	-0.180633	0.000999	1	0	0
ASV_35_16S_022_3	ASV_35_16S_3_200	0.54727	1	0.519467	-0.415627	0.000999	3	1	1
ASV_109_16S_022_3	ASV_35_16S_3_200	0.532379627227783	1	0.599031	-0.552637	0.101898	3	1	1
ASV_26_16S_3_200	ASV_35_16S_3_200	0.967914747658578	1	0.785144	-0.645298	0.000999	3	1	1
ASV_298_16S_022_3	ASV_37_16S_3_200	0.690769990325642	1	0.126605	0.206832	nan	2	1	1
ASV_1728_16S_022_3	ASV_58_16S_3_200	-0.753735490238346	1	0.421528	-0.404855	0.234765	3	1	1
ASV_63_16S_022_3	ASV_63_16S_3_200	0.607856273651123	1	0.245778	-0.249375	0.166833	2	1	1
ASV_410_16S_022_3	ASV_63_16S_3_200	-0.60146701335907	1	0.373407	-0.309600	0.066933	3	1	1
OTU_1014_18S_022_3	ASV_63_16S_3_200	0.528056558155293	1	0.326333	0.134564	nan	3	1	1
ASV_50_16S_022_3	ASV_66_16S_3_200	0.546019690177866	1	0.611593	-0.238552	0.600400	3	1	1
ASV_189_16S_022_3	ASV_66_16S_3_200	0.576332838065705	1	0.626880	-0.362285	0.701299	3	1	1
ASV_416_16S_022_3	ASV_66_16S_3_200	-0.804473460132228	1	0.450366	0.223003	nan	3	1	1
ASV_585_16S_022_3	ASV_66_16S_3_200	-0.560886045431048	1	0.529144	-0.529144	0.400599	3	1	1
ASV_84_16S_022_3	ASV_84_16S_3_200	0.940941470675222	1	0.657883	-0.273467	0.299700	3	1	1
ASV_918_16S_022_3	ASV_84_16S_3_200	-0.675202675037654	1	0.431717	-0.135895	0.233766	3	1	1
OTU_217_18S_022_3	ASV_84_16S_3_200	-0.583782911300659	1	0.444543	-0.396079	0.100899	3	1	1
ASV_85_16S_022_3	ASV_85_16S_3_200	0.91782385525518	1	0.469627	-0.118658	0.232767	3	1	1
ASV_1042_16S_022_3	ASV_96_16S_3_200	0.710397973322887	1	0.682767	-0.596124	0.467532	3	1	1
ASV_1401_16S_022_3	ASV_96_16S_3_200	0.732294321060181	1	0.599096	-0.599096	1.000000	3	1	1
OTU_2040_18S_022_3	ASV_96_16S_3_200	0.565986431763406	1	0.599096	-0.599096	1.000000	3	1	1
ASV_213_16S_022_3	ASV_101_16S_3_200	0.615106701850891	1	0.356297	-0.356297	0.599401	3	1	1
OTU_1769_18S_022_3	ASV_101_16S_3_200	0.792675816626356	1	0.356297	-0.356297	0.665335	3	1	1
ASV_51_16S_3_200	ASV_133_16S_3_200	0.89257684477235	1	0.645714	-0.541894	0.034965	3	1	1
ASV_113_16S_3_200	ASV_133_16S_3_200	0.681541681289673	1	0.454509	-0.360833	0.000999	3	1	1
ASV_139_16S_022_3	ASV_134_16S_3_200	0.59494811556696	1	0.704490	-0.403174	0.367632	3	1	1
ASV_218_16S_022_3	ASV_134_16S_3_200	0.570975025785574	1	0.700054	-0.420540	0.299700	3	1	1
ASV_134_16S_022_3	ASV_139_16S_3_200	0.600699285736446	1	0.711671	-0.438053	0.635365	3	1	1
ASV_134_16S_3_200	ASV_139_16S_3_200	0.830281257629395	1	0.891935	-0.439135	0.568432	3	1	1
ASV_641_16S_022_3	ASV_140_16S_3_200	0.674473535350584	1	0.669738	-0.471466	0.332667	3	1	1
ASV_1243_16S_022_3	ASV_140_16S_3_200	-0.578235903424285	1	0.429916	0.852840	nan	3	1	1
ASV_1305_16S_022_3	ASV_140_16S_3_200	-0.73802638053894	1	0.458990	-0.359770	0.232767	3	1	1
ASV_84_16S_3_200	ASV_140_16S_3_200	0.56787972304408	1	0.691540	-0.450057	0.299700	3	1	1
ASV_144_16S_022_3	ASV_144_16S_3_200	0.729993641376495	1	0.871665	-0.486912	0.166833	3	1	1
ASV_321_16S_022_3	ASV_144_16S_3_200	0.803851008415222	1	0.764793	-0.407165	0.500500	3	1	1
OTU_788_18S_022_3	ASV_144_16S_3_200	0.550141036510468	1	0.408700	-0.174841	0.500500	3	1	1
ASV_64_16S_022_3	ASV_152_16S_3_200	0.755587312542502	1	0.286821	0.135298	nan	2	1	1
ASV_47_16S_022_3	ASV_157_16S_3_200	-0.591993407359149	1	0.493244	-0.543927	0.066933	3	1	1
ASV_65_16S_022_3	ASV_157_16S_3_200	-0.66946968769372	1	0.427738	-0.480122	0.033966	3	1	1
ASV_258_16S_022_3	ASV_157_16S_3_200	0.54079	1	0.496452	-0.484465	0.000999	3	1	1
ASV_17_16S_022_3	ASV_166_16S_3_200	0.525640964508057	1	0.154589	-0.134133	0.168831	2	1	1
ASV_1146_16S_022_3	ASV_166_16S_3_200	-0.759212076663971	1	0.555880	-0.518347	0.734266	3	1	1
OTU_1195_18S_022_3	ASV_176_16S_3_200	-0.747656892599109	1	0.429122	-0.467020	0.100899	3	1	1
ASV_168_16S_022_3	ASV_180_16S_3_200	0.560325264930725	1	0.587002	-0.343449	0.234765	3	1	1
ASV_180_16S_022_3	ASV_180_16S_3_200	0.955339069982274	1	0.645336	-0.508527	0.233766	3	1	1
ASV_479_16S_022_3	ASV_192_16S_3_200	0.55453568427257	1	0.743365	-0.723782	0.266733	3	1	1
ASV_585_16S_022_3	ASV_192_16S_3_200	0.687924915342964	1	0.866319	-0.866319	0.599401	3	1	1
ASV_215_16S_022_3	ASV_215_16S_3_200	0.704419807093427	1	0.397538	-0.146509	0.532468	3	1	1
ASV_325_16S_022_3	ASV_216_16S_3_200	0.788619041442871	1	0.630431	-0.155015	0.133866	3	1	1
ASV_1_16S_022_3	ASV_227_16S_3_200	-0.685865223407745	1	0.333309	-0.219338	0.434565	2	1	1
ASV_415_16S_022_3	ASV_227_16S_3_200	0.557059288024902	1	0.761790	-0.247825	0.766234	3	1	1
ASV_715_16S_022_3	ASV_227_16S_3_200	0.653196684812593	1	0.757523	-0.457243	0.767233	3	1	1
ASV_161_16S_022_3	ASV_235_16S_3_200	0.606053031603578	1	0.844438	-0.669450	0.632368	3	1	1
ASV_345_16S_022_3	ASV_235_16S_3_200	0.523375136377459	1	0.676999	-0.634430	0.198801	3	1	1
ASV_237_16S_022_3	ASV_237_16S_3_200	0.611505210399628	1	0.486551	-0.327217	0.100899	3	1	1
ASV_1092_16S_022_3	ASV_255_16S_3_200	0.535272717475891	1	0.415326	-0.346436	0.000999	3	1	1
ASV_267_16S_022_3	ASV_267_16S_3_200	0.547144014916562	1	0.567616	-0.488569	0.468531	3	1	1
OTU_1014_18S_022_3	ASV_267_16S_3_200	0.711605310440063	1	0.480980	-0.387034	0.335664	3	1	1
ASV_739_16S_022_3	ASV_269_16S_3_200	0.598113775253296	1	0.630511	-0.502999	0.667333	3	1	1
ASV_321_16S_022_3	ASV_274_16S_3_200	0.583917630683594	1	0.874549	-0.414669	0.666334	3	1	1
ASV_283_16S_022_3	ASV_283_16S_3_200	0.933342193754983	1	0.458885	-0.418018	0.067932	3	1	1
ASV_658_16S_022_3	ASV_283_16S_3_200	0.883384097151933	1	0.435861	-0.435861	0.733267	3	1	1
ASV_140_16S_3_200	ASV_286_16S_3_200	-0.832955598831177	1	0.590836	-0.590836	0.200799	3	1	1
ASV_102_16S_022_3	ASV_294_16S_3_200	-0.550202548503876	1	0.401058	-0.333998	0.668332	3	1	1
ASV_297_16S_022_3	ASV_297_16S_3_200	0.939036154769231	1	0.860565	-0.675016	0.000999	3	1	1
ASV_298_16S_022_3	ASV_298_16S_3_200	0.831198078231958	1	0.335454	0.160144	nan	3	1	1
OTU_1834_18S_022_3	ASV_298_16S_3_200	0.546503971012264	1	0.285449	-0.285449	0.934066	3	1	1
ASV_585_16S_022_3	ASV_300_16S_3_200	0.844931781291962	1	0.682504	-0.661933	0.000999	3	1	1
ASV_248_16S_3_200	ASV_300_16S_3_200	0.836657953789626	1	0.688367	-0.542974	0.067932	3	1	1
ASV_67_16S_022_3	ASV_307_16S_3_200	-0.736374665739425	1	0.551409	-0.382223	0.167832	3	1	1
ASV_307_16S_022_3	ASV_307_16S_3_200	0.736349165439606	1	0.445950	-0.352792	0.267732	3	1	1
ASV_134_16S_3_200	ASV_307_16S_3_200	0.523339743829652	1	0.801843	-0.624054	0.033966	3	1	1
ASV_486_16S_022_3	ASV_321_16S_3_200	0.577041208744049	1	0.654233	-0.512046	0.165834	3	1	1
ASV_137_16S_022_3	ASV_337_16S_3_200	-0.740158184754269	1	0.471596	-0.471596	0.467532	3	1	1
ASV_312_16S_022_3	ASV_337_16S_3_200	0.551414608955383	1	0.556636	-0.544649	0.301698	3	1	1
ASV_479_16S_022_3	ASV_337_16S_3_200	-0.937596554202941	1	0.731131	-0.539249	0.701299	3	1	1
ASV_976_16S_022_3	ASV_345_16S_3_200	0.7834731731377	1	0.643381	-0.593216	0.033966	3	1	1
OTU_1154_18S_022_3	ASV_345_16S_3_200	-0.729560059680601	1	0.391395	-0.263883	0.400599	3	1	1
ASV_216_16S_3_200	ASV_345_16S_3_200	0.571714699268341	1	0.653565	-0.582115	0.000999	3	1	1
ASV_1050_16S_022_3	ASV_348_16S_3_200	0.794668484384913	1	0.466574	-0.475872	0.067932	3	1	1
OTU_1961_18S_022_3	ASV_348_16S_3_200	0.529072046279907	1	0.619620	-0.619620	0.899101	3	1	1
ASV_1687_16S_022_3	ASV_364_16S_3_200	-0.534263968467712	1	0.358285	0.115800	nan	3	1	1
ASV_216_16S_022_3	ASV_365_16S_3_200	0.657261848449707	1	0.773606	-0.511974	0.365634	3	1	1
ASV_345_16S_022_3	ASV_365_16S_3_200	0.53838	1	0.828484	-0.502011	0.398601	3	1	1
ASV_537_16S_022_3	ASV_365_16S_3_200	0.744907081127167	1	0.758438	-0.575854	0.532468	3	1	1
ASV_746_16S_022_3	ASV_365_16S_3_200	0.589811622552041	1	0.567910	-0.402737	0.431568	3	1	1
ASV_274_16S_3_200	ASV_365_16S_3_200	0.554650266175604	1	0.909923	-0.525171	0.665335	3	1	1
ASV_60_16S_022_3	ASV_379_16S_3_200	-0.595215260982513	1	0.542557	-0.340389	0.867133	3	1	1
ASV_920_16S_022_3	ASV_390_16S_3_200	0.555422961711884	1	0.558342	-0.475618	0.434565	3	1	1
ASV_321_16S_022_3	ASV_400_16S_3_200	0.581199112502906	1	0.641201	-0.359987	0.300699	3	1	1
ASV_868_16S_022_3	ASV_400_16S_3_200	0.728695130263842	1	0.595803	-0.450556	0.200799	3	1	1
ASV_284_16S_022_3	ASV_405_16S_3_200	0.844391161976389	1	0.910932	-0.637314	0.732268	3	1	1
ASV_452_16S_022_3	ASV_405_16S_3_200	0.806340634822845	1	0.850669	-0.870252	0.601399	3	1	1
ASV_390_16S_3_200	ASV_412_16S_3_200	0.744270160866861	1	0.670185	-0.543904	0.166833	3	1	1
ASV_337_16S_022_3	ASV_413_16S_3_200	-0.718559543012976	1	0.436351	-0.427442	0.101898	3	1	1
ASV_15_16S_022_3	ASV_414_16S_3_200	-0.522676706314087	1	0.466822	0.034037	nan	3	1	1
ASV_32_16S_022_3	ASV_414_16S_3_200	-0.534598671062555	1	0.414580	0.424457	nan	3	1	1
ASV_369_16S_022_3	ASV_431_16S_3_200	0.669952573744425	1	0.682344	-0.437803	0.534466	3	1	1
ASV_1379_16S_022_3	ASV_431_16S_3_200	-0.641535878181458	1	0.404061	0.395313	nan	3	1	1
ASV_400_16S_3_200	ASV_431_16S_3_200	0.576030452693175	1	0.691320	-0.352343	0.701299	3	1	1
ASV_310_16S_022_3	ASV_437_16S_3_200	0.726716256331605	1	0.613468	-0.276192	0.700300	3	1	1
ASV_84_16S_022_3	ASV_448_16S_3_200	0.60180789232254	1	0.465453	-0.465453	0.434565	3	1	1
ASV_78_16S_022_3	ASV_459_16S_3_200	-0.790983347288202	1	0.336309	-0.257262	0.199800	3	1	1
ASV_370_16S_022_3	ASV_462_16S_3_200	0.763452708721161	1	0.764500	-0.368279	0.466533	3	1	1
ASV_78_16S_022_3	ASV_464_16S_3_200	-0.712946885695029	1	0.390525	-0.303882	0.733267	3	1	1
ASV_74_16S_022_3	ASV_467_16S_3_200	-0.632859289646149	1	0.366848	-0.345564	0.266733	2	1	1
OTU_69_18S_022_3	ASV_467_16S_3_200	-0.781774812642488	1	0.493105	-0.426045	0.299700	3	1	1
OTU_938_18S_022_3	ASV_473_16S_3_200	0.610690116882324	1	0.554875	-0.554875	0.133866	3	1	1
ASV_274_16S_3_200	ASV_473_16S_3_200	0.594759209526474	1	0.735721	-0.615807	0.301698	3	1	1
ASV_378_16S_022_3	ASV_483_16S_3_200	0.534040689468384	1	0.428789	-0.254260	0.434565	3	1	1
OTU_1561_18S_022_3	ASV_483_16S_3_200	-0.722095909638189	1	0.417007	-0.417007	0.267732	3	1	1
OTU_432_18S_022_3	ASV_488_16S_3_200	0.721729359355329	1	0.398636	-0.220166	0.232767	3	1	1
ASV_765_16S_022_3	ASV_491_16S_3_200	0.797877007896576	1	0.655580	-0.655580	0.666334	3	1	1
ASV_364_16S_3_200	ASV_491_16S_3_200	-0.833994726920012	1	0.489853	-0.535628	0.166833	3	1	1
OTU_1898_18S_022_3	ASV_501_16S_3_200	0.753392079392928	1	0.567243	-0.355777	0.433566	3	1	1
ASV_466_16S_022_3	ASV_515_16S_3_200	0.531810760498047	1	0.554214	-0.279655	0.534466	3	1	1
ASV_515_16S_022_3	ASV_515_16S_3_200	0.677866399288177	1	0.682221	-0.468584	0.333666	3	1	1
OTU_790_18S_022_3	ASV_515_16S_3_200	-0.890446380578696	1	0.687448	0.327587	nan	3	1	1
ASV_1397_16S_022_3	ASV_523_16S_3_200	0.724004162785553	1	0.378113	-0.262588	0.400599	3	1	1
ASV_110_16S_022_3	ASV_537_16S_3_200	0.526852803251069	1	0.701606	-0.463966	0.433566	3	1	1
ASV_369_16S_022_3	ASV_537_16S_3_200	0.523723781108856	1	0.682767	-0.437042	0.500500	3	1	1
ASV_805_16S_022_3	ASV_537_16S_3_200	0.535911023616791	1	0.582530	-0.287628	0.666334	3	1	1
ASV_88_16S_022_3	ASV_559_16S_3_200	0.970479249954224	1	0.645714	-0.645714	1.000000	3	1	1
ASV_101_16S_022_3	ASV_559_16S_3_200	0.528479993343353	1	0.509481	-0.427745	0.000999	3	1	1
ASV_1382_16S_022_3	ASV_559_16S_3_200	0.64533543586731	1	0.589045	-0.589045	1.000000	3	1	1
ASV_576_16S_022_3	ASV_576_16S_3_200	0.623138153933701	1	0.789639	-0.374305	0.366633	3	1	1
OTU_537_18S_022_3	ASV_576_16S_3_200	0.62289381518434	1	0.597818	-0.468135	0.300699	3	1	1
ASV_294_16S_3_200	ASV_576_16S_3_200	0.92274346873459	1	0.653909	-0.553578	0.000999	3	1	1
ASV_1254_16S_022_3	ASV_610_16S_3_200	0.641436636447906	1	0.425809	-0.425809	1.000000	3	1	1
OTU_2680_18S_022_3	ASV_610_16S_3_200	0.985329836263237	1	0.541334	-0.541334	1.000000	3	1	1
ASV_49_16S_022_3	ASV_624_16S_3_200	-0.766299545764923	1	0.599698	-0.575724	0.033966	3	1	1
ASV_570_16S_022_3	ASV_624_16S_3_200	0.745067154986589	1	0.574887	-0.481164	0.066933	3	1	1
ASV_1584_16S_022_3	ASV_624_16S_3_200	-0.640982568264008	1	0.504095	-0.299709	0.399600	3	1	1
ASV_320_16S_022_3	ASV_628_16S_3_200	0.593537032604218	1	0.630673	-0.366242	0.165834	3	1	1
ASV_235_16S_3_200	ASV_628_16S_3_200	0.827921904421078	1	0.723064	-0.675588	0.033966	3	1	1
ASV_58_16S_022_3	ASV_630_16S_3_200	0.76336583666925	1	0.115956	-0.082427	0.267732	2	1	1
ASV_1446_16S_022_3	ASV_630_16S_3_200	-0.613497316837311	1	0.542094	-0.626048	0.066933	3	1	1
ASV_176_16S_3_200	ASV_630_16S_3_200	0.614225113891147	1	0.270908	-0.227650	0.033966	2	1	1
OTU_1154_18S_022_3	ASV_650_16S_3_200	0.61214154958725	1	0.358190	-0.322230	0.334665	3	1	1
ASV_459_16S_3_200	ASV_650_16S_3_200	0.693419759318912	1	0.511933	-0.233407	0.668332	3	1	1
OTU_2135_18S_022_3	ASV_651_16S_3_200	0.739997282381638	1	0.484794	-0.427032	0.466533	3	1	1
ASV_334_16S_022_3	ASV_662_16S_3_200	0.600571132339628	1	0.744280	-0.595680	0.133866	3	1	1
ASV_499_16S_022_3	ASV_662_16S_3_200	0.560694259760395	1	0.739521	-0.427612	0.435564	3	1	1
ASV_390_16S_3_200	ASV_662_16S_3_200	0.619466065405503	1	0.809810	-0.679804	0.199800	3	1	1
ASV_624_16S_3_200	ASV_662_16S_3_200	0.619161367416382	1	0.716510	-0.402267	0.067932	3	1	1
ASV_357_16S_022_3	ASV_663_16S_3_200	-0.624093966834719	1	0.590836	-0.590836	0.066933	3	1	1
ASV_40_16S_3_200	ASV_663_16S_3_200	0.79570555842016	1	0.437213	-0.233219	0.600400	3	1	1
ASV_459_16S_3_200	ASV_663_16S_3_200	0.593347191810608	1	0.555537	-0.262336	0.400599	3	1	1
ASV_630_16S_3_200	ASV_663_16S_3_200	0.601081329232524	1	0.497113	-0.385508	0.332667	3	1	1
ASV_102_16S_022_3	ASV_673_16S_3_200	0.530659521591895	1	0.554875	-0.635204	0.732268	3	1	1
ASV_664_16S_022_3	ASV_673_16S_3_200	0.703617787189729	1	0.444736	-0.602411	0.400599	3	1	1
ASV_673_16S_022_3	ASV_673_16S_3_200	0.572917193196621	1	0.492737	-0.534887	0.933067	3	1	1
OTU_4302_18S_022_3	ASV_673_16S_3_200	0.62474	1	0.439968	-0.606940	0.601399	3	1	1
ASV_449_16S_022_3	ASV_687_16S_3_200	-0.762135970400897	1	0.256497	-0.178632	0.398601	3	1	1
ASV_2185_16S_022_3	ASV_687_16S_3_200	-0.601493740076128	1	0.279048	-0.307929	0.600400	3	1	1
OTU_1940_18S_022_3	ASV_687_16S_3_200	-0.606972680149723	1	0.303303	-0.323532	0.532468	3	1	1
ASV_431_16S_3_200	ASV_691_16S_3_200	-0.704318119833185	1	0.364410	-0.287064	0.534466	2	1	1
ASV_705_16S_022_3	ASV_705_16S_3_200	0.534341044561393	1	0.428125	-0.288627	0.232767	3	1	1
ASV_755_16S_022_3	ASV_705_16S_3_200	0.587077300014816	1	0.430578	-0.233318	0.801199	3	1	1
ASV_1149_16S_022_3	ASV_705_16S_3_200	0.646679997444153	1	0.406323	-0.300614	0.100899	3	1	1
OTU_1828_18S_022_3	ASV_705_16S_3_200	0.733564624188431	1	0.372816	-0.331948	0.199800	3	1	1
ASV_971_16S_022_3	ASV_706_16S_3_200	0.68076878786087	1	0.554214	-0.272999	0.901099	3	1	1
OTU_1263_18S_022_3	ASV_706_16S_3_200	0.607324923359013	1	0.499719	-0.297551	0.467532	3	1	1
ASV_145_16S_022_3	ASV_723_16S_3_200	0.522308051586151	1	0.654109	-0.390777	0.600400	3	1	1
ASV_847_16S_022_3	ASV_723_16S_3_200	0.577004867695678	1	0.725830	-0.462693	0.400599	3	1	1
ASV_889_16S_022_3	ASV_723_16S_3_200	-0.542137486245791	1	0.493105	-0.398152	0.399600	3	1	1
OTU_318_18S_022_3	ASV_723_16S_3_200	0.783128629596644	1	0.573678	-0.444661	0.465534	3	1	1
OTU_393_18S_022_3	ASV_723_16S_3_200	0.606591801974516	1	0.754609	-0.425918	0.799201	3	1	1
OTU_1024_18S_022_3	ASV_755_16S_3_200	0.52559	1	0.378099	-0.378099	0.700300	3	1	1
OTU_1893_18S_022_3	ASV_755_16S_3_200	0.982835587985843	1	0.483572	-0.483572	1.000000	3	1	1
ASV_379_16S_3_200	ASV_755_16S_3_200	0.659031569957733	1	0.599096	-0.483572	0.533467	3	1	1
ASV_75_16S_022_3	ASV_777_16S_3_200	-0.796416461467743	1	0.458233	-0.434259	0.634366	3	1	1
ASV_579_16S_022_3	ASV_777_16S_3_200	-0.79466189645983	1	0.542557	-0.542557	0.600400	3	1	1
ASV_286_16S_3_200	ASV_777_16S_3_200	0.735550105571747	1	0.509481	-0.439731	0.567433	3	1	1
ASV_472_16S_022_3	ASV_784_16S_3_200	-0.526004117848942	1	0.383349	-0.258056	0.568432	3	1	1
OTU_790_18S_022_3	ASV_784_16S_3_200	0.648293659872496	1	0.562608	0.981584	nan	3	1	1
ASV_345_16S_3_200	ASV_787_16S_3_200	0.775637476136774	1	0.548062	-0.555659	0.367632	3	1	1
ASV_473_16S_3_200	ASV_787_16S_3_200	0.581806302070618	1	0.483616	-0.483616	0.466533	3	1	1
ASV_297_16S_022_3	ASV_808_16S_3_200	0.58671828948099	1	0.590836	-0.445442	0.067932	3	1	1
ASV_542_16S_3_200	ASV_808_16S_3_200	0.741692779288015	1	0.525813	-0.444077	0.067932	3	1	1
ASV_884_16S_022_3	ASV_812_16S_3_200	0.937012026881112	1	0.735144	-0.677382	0.167832	3	1	1
ASV_886_16S_022_3	ASV_858_16S_3_200	0.564576208591461	1	0.487679	-0.211372	0.666334	3	1	1
ASV_1589_16S_022_3	ASV_863_16S_3_200	0.642367007839604	1	0.461770	-0.461770	0.666334	3	1	1
ASV_2127_16S_022_3	ASV_863_16S_3_200	0.541063358560128	1	0.425809	-0.339166	0.733267	3	1	1
ASV_297_16S_022_3	ASV_884_16S_3_200	0.615674352953604	1	0.518254	-0.418635	0.000999	3	1	1
ASV_566_16S_022_3	ASV_884_16S_3_200	0.784023149459474	1	0.691540	-0.568937	0.000999	3	1	1
OTU_624_18S_022_3	ASV_884_16S_3_200	0.555047988891602	1	0.399014	-0.235543	0.233766	3	1	1
ASV_112_16S_022_3	ASV_888_16S_3_200	0.52209997177124	1	0.519532	-0.519532	0.465534	3	1	1
ASV_1254_16S_022_3	ASV_888_16S_3_200	0.637077867984772	1	0.673006	-0.586362	0.000999	3	1	1
ASV_1415_16S_022_3	ASV_888_16S_3_200	0.728142584763881	1	0.519532	-0.432889	0.267732	3	1	1
ASV_152_16S_3_200	ASV_903_16S_3_200	-0.69461224214315	1	0.257908	-0.257908	0.866134	1	0	1
ASV_675_16S_022_3	ASV_905_16S_3_200	0.538319230079651	1	0.589045	-0.502401	0.901099	3	1	1
ASV_1223_16S_022_3	ASV_905_16S_3_200	0.55952	1	0.519532	-0.519532	0.767233	3	1	1
ASV_2023_16S_022_3	ASV_905_16S_3_200	0.62635	1	0.408776	-0.283954	0.667333	3	1	1
ASV_95_16S_022_3	ASV_904_16S_3_200	-0.589740216732025	1	0.272728	-0.248755	0.367632	2	1	1
ASV_135_16S_022_3	ASV_904_16S_3_200	-0.663540065288544	1	0.251022	-0.169286	0.634366	3	1	1
OTU_662_18S_022_3	ASV_904_16S_3_200	0.623737633228302	1	0.264890	-0.178247	0.633367	3	1	1
OTU_2160_18S_022_3	ASV_904_16S_3_200	0.907849848270416	1	0.379321	-0.239823	0.398601	3	1	1
ASV_128_16S_022_3	ASV_910_16S_3_200	-0.812537074585303	1	0.492359	-0.416001	0.534466	3	1	1
ASV_81_16S_022_3	ASV_912_16S_3_200	-0.557368695735931	1	0.397259	-0.239361	0.167832	3	1	1
OTU_313_18S_022_3	ASV_912_16S_3_200	0.760501176577782	1	0.483711	-0.329019	0.368631	3	1	1
ASV_377_16S_022_3	ASV_932_16S_3_200	0.700888059918165	1	0.353903	-0.267260	0.000999	3	1	1
ASV_688_16S_022_3	ASV_932_16S_3_200	0.778052476524776	1	0.495322	-0.322035	0.299700	3	1	1
ASV_932_16S_022_3	ASV_932_16S_3_200	0.919220569979224	1	0.646807	-0.473520	0.000999	3	1	1
ASV_1643_16S_022_3	ASV_932_16S_3_200	0.703881502151489	1	0.310299	-0.310299	1.000000	3	1	1
ASV_1734_16S_022_3	ASV_949_16S_3_200	0.604672849178314	1	0.519532	-0.519532	1.000000	3	1	1
OTU_1762_18S_022_3	ASV_949_16S_3_200	0.586205065250397	1	0.541334	-0.541334	0.331668	3	1	1
ASV_1587_16S_022_3	ASV_972_16S_3_200	0.75205103074554	1	0.434974	-0.434974	1.000000	3	1	1
ASV_1446_16S_022_3	ASV_1029_16S_3_200	0.777690961882537	1	0.472591	0.032594	nan	3	1	1
ASV_213_16S_022_3	ASV_1067_16S_3_200	0.815074920654297	1	0.439968	-0.334258	0.000999	3	1	1
ASV_1147_16S_022_3	ASV_1067_16S_3_200	0.778085589408875	1	0.567243	-0.567243	1.000000	3	1	1
ASV_1693_16S_022_3	ASV_1071_16S_3_200	0.57836658175842	1	0.439968	-0.507028	0.199800	3	1	1
OTU_2439_18S_022_3	ASV_1071_16S_3_200	0.679049612855711	1	0.519532	-0.619444	0.866134	3	1	1
ASV_157_16S_3_200	ASV_1071_16S_3_200	0.524150833542447	1	0.404007	-0.281404	0.000999	3	1	1
ASV_1569_16S_022_3	ASV_1076_16S_3_200	0.598204553127289	1	0.521848	-0.521848	0.933067	3	1	1
ASV_96_16S_3_200	ASV_1076_16S_3_200	0.549637675285339	1	0.601412	-0.601412	0.800200	3	1	1
ASV_1055_16S_022_3	ASV_1107_16S_3_200	0.540130126261591	1	0.625005	-0.557945	0.468531	3	1	1
ASV_1394_16S_022_3	ASV_1107_16S_3_200	0.758635401725769	1	0.603203	-0.603203	0.866134	3	1	1
ASV_1560_16S_022_3	ASV_1107_16S_3_200	0.614819228649139	1	0.590836	-0.377669	0.666334	3	1	1
ASV_2181_16S_022_3	ASV_1107_16S_3_200	0.57130628824234	1	0.487679	-0.487679	1.000000	3	1	1
ASV_389_16S_022_3	ASV_1117_16S_3_200	0.701716910503486	1	0.735144	-0.591256	0.399600	3	1	1
ASV_803_16S_022_3	ASV_1117_16S_3_200	0.70275313437137	1	0.731877	-0.707903	0.300699	3	1	1
ASV_1676_16S_022_3	ASV_1117_16S_3_200	0.611139595508575	1	0.648598	-0.607730	0.099900	3	1	1
ASV_13_16S_022_3	ASV_1124_16S_3_200	-0.773616998163312	1	0.403306	0.261202	nan	3	1	1
ASV_297_16S_3_200	ASV_1124_16S_3_200	-0.6090287566185	1	0.447840	-0.027322	0.332667	3	1	1
ASV_513_16S_022_3	ASV_1137_16S_3_200	-0.705712000692618	1	0.391395	-0.362514	0.599401	3	1	1
ASV_173_16S_022_3	ASV_1138_16S_3_200	0.769243857256501	1	0.541438	-0.599200	0.033966	3	1	1
ASV_673_16S_022_3	ASV_1138_16S_3_200	0.81293605084431	1	0.615243	-0.557481	0.733267	3	1	1
OTU_100_18S_022_3	ASV_1138_16S_3_200	0.771772729812242	1	0.579283	-0.509534	0.201798	3	1	1
OTU_940_18S_022_3	ASV_1138_16S_3_200	0.522172749042511	1	0.346245	-0.346245	0.767233	3	1	1
OTU_1509_18S_022_3	ASV_1193_16S_3_200	0.704779693902794	1	0.493623	-0.406980	0.267732	3	1	1
ASV_1203_16S_022_3	ASV_1203_16S_3_200	0.644571840763092	1	0.546102	-0.430578	0.668332	3	1	1
ASV_2653_16S_022_3	ASV_1203_16S_3_200	0.867555099971429	1	0.656858	-0.656858	0.766234	3	1	1
ASV_815_16S_022_3	ASV_1215_16S_3_200	0.52853	1	0.636698	-0.636698	0.401598	3	1	1
OTU_105_18S_022_3	ASV_1215_16S_3_200	0.706525981771842	1	0.744747	-0.658104	0.467532	3	1	1
OTU_729_18S_022_3	ASV_1215_16S_3_200	0.604868033582279	1	0.722945	-0.607421	0.768232	3	1	1
ASV_817_16S_022_3	ASV_1220_16S_3_200	0.866604095325424	1	0.666565	-0.666565	1.000000	3	1	1
ASV_321_16S_3_200	ASV_1220_16S_3_200	0.622765839099884	1	0.680302	-0.507532	0.433566	3	1	1
ASV_1227_16S_022_3	ASV_1227_16S_3_200	0.78833819083053	1	0.317659	-0.202135	0.433566	3	1	1
ASV_104_16S_022_3	ASV_1226_16S_3_200	-0.700844367043393	1	0.325418	-0.255668	0.733267	2	1	1
ASV_295_16S_022_3	ASV_1251_16S_3_200	-0.718198120594025	1	0.431045	-0.267056	0.801199	3	1	1
ASV_1407_16S_022_3	ASV_1251_16S_3_200	0.697535074605779	1	0.728162	-0.728162	1.000000	3	1	1
OTU_646_18S_022_3	ASV_1251_16S_3_200	0.828649422119541	1	0.567243	-0.393956	0.569431	3	1	1
ASV_390_16S_3_200	ASV_1251_16S_3_200	0.648269421342159	1	0.712134	-0.712134	0.600400	3	1	1
ASV_134_16S_022_3	ASV_1250_16S_3_200	0.574782848358154	1	0.636652	-0.444770	0.534466	3	1	1
ASV_800_16S_022_3	ASV_1250_16S_3_200	0.554566910330385	1	0.593048	-0.554870	0.668332	3	1	1
ASV_1212_16S_022_3	ASV_1250_16S_3_200	0.680631577968597	1	0.649428	-0.387797	0.000999	3	1	1
OTU_1959_18S_022_3	ASV_1254_16S_3_200	0.547244668006897	1	0.298534	-0.298534	1.000000	3	1	1
ASV_610_16S_3_200	ASV_1254_16S_3_200	0.994401649209709	1	0.483572	-0.483572	1.000000	3	1	1
ASV_1523_16S_022_3	ASV_1275_16S_3_200	0.61742752790451	1	0.429916	-0.429916	1.000000	3	1	1
OTU_2878_18S_022_3	ASV_1275_16S_3_200	0.807154998994284	1	0.404007	-0.307078	0.067932	3	1	1
ASV_658_16S_022_3	ASV_1283_16S_3_200	0.649010479450226	1	0.435861	-0.435861	0.866134	3	1	1
ASV_814_16S_022_3	ASV_1283_16S_3_200	0.728102505710207	1	0.439968	-0.439968	0.233766	3	1	1
ASV_1380_16S_022_3	ASV_1287_16S_3_200	0.551194667816162	1	0.576677	-0.547796	0.434565	3	1	1
ASV_402_16S_022_3	ASV_1300_16S_3_200	-0.728307836961192	1	0.318481	-0.335375	0.334665	2	1	1
OTU_506_18S_022_3	ASV_1321_16S_3_200	0.72879823329571	1	0.389232	-0.350065	0.367632	3	1	1
ASV_643_16S_022_3	ASV_1375_16S_3_200	0.562631974827692	1	0.444736	-0.444736	0.700300	3	1	1
OTU_182_18S_022_3	ASV_1375_16S_3_200	-0.579831491473236	1	0.429916	-0.458797	0.266733	3	1	1
OTU_1893_18S_022_3	ASV_1375_16S_3_200	0.551587924727978	1	0.461770	-0.461770	1.000000	3	1	1
ASV_1999_16S_022_3	ASV_1400_16S_3_200	0.878015909203473	1	0.541334	-0.541334	0.933067	3	1	1
OTU_307_18S_022_3	ASV_1400_16S_3_200	-0.561476171016693	1	0.322035	-0.233691	0.934066	3	1	1
ASV_820_16S_022_3	ASV_1439_16S_3_200	0.986394825071001	1	0.905164	-0.695917	0.733267	3	1	1
ASV_1491_16S_022_3	ASV_1439_16S_3_200	0.551995933055878	1	0.480697	-0.480697	0.633367	3	1	1
ASV_823_16S_022_3	ASV_1457_16S_3_200	0.735537696665924	1	0.682767	-0.462004	0.867133	3	1	1
ASV_978_16S_022_3	ASV_1457_16S_3_200	0.529500219058002	1	0.684558	-0.617498	0.767233	3	1	1
ASV_1894_16S_022_3	ASV_1457_16S_3_200	0.659412829638745	1	0.764122	-0.543359	0.900100	3	1	1
ASV_13_16S_022_3	ASV_1480_16S_3_200	-0.572752141382222	1	0.457970	-0.400208	0.399600	3	1	1
ASV_530_16S_022_3	ASV_1480_16S_3_200	0.573588788509369	1	0.299757	-0.299757	0.734266	3	1	1
ASV_699_16S_022_3	ASV_1512_16S_3_200	0.559613227844238	1	0.502498	-0.502498	0.933067	3	1	1
ASV_1707_16S_022_3	ASV_1512_16S_3_200	0.56149959564209	1	0.464086	-0.464086	0.866134	3	1	1
ASV_1716_16S_022_3	ASV_1512_16S_3_200	-0.52414	1	0.442284	-0.442284	1.000000	3	1	1
ASV_1747_16S_022_3	ASV_1512_16S_3_200	-0.550487756729126	1	0.358613	-0.358613	1.000000	3	1	1
ASV_863_16S_3_200	ASV_1512_16S_3_200	0.595593822349561	1	0.519532	-0.404007	0.832168	3	1	1
ASV_27_16S_022_3	ASV_1537_16S_3_200	-0.773102774151273	1	0.330098	0.821498	nan	3	1	1
ASV_1648_16S_022_3	ASV_1564_16S_3_200	0.654161840145433	1	0.625005	-0.509481	0.834166	3	1	1
ASV_2155_16S_022_3	ASV_1564_16S_3_200	0.892023186083187	1	0.541334	-0.425809	0.567433	3	1	1
ASV_706_16S_3_200	ASV_1564_16S_3_200	0.672835465283489	1	0.567243	-0.451718	0.700300	3	1	1
ASV_905_16S_3_200	ASV_1564_16S_3_200	0.549356997013092	1	0.485888	-0.370363	0.832168	3	1	1
ASV_1420_16S_022_3	ASV_1591_16S_3_200	0.824221914266633	1	0.299011	-0.287024	0.166833	3	1	1
OTU_984_18S_022_3	ASV_1591_16S_3_200	0.832405571521972	1	0.541334	-0.454691	0.000999	3	1	1
OTU_1102_18S_022_3	ASV_1591_16S_3_200	0.52923	1	0.577294	-0.404007	0.000999	3	1	1
ASV_237_16S_3_200	ASV_1591_16S_3_200	0.520948184508615	1	0.519532	-0.507545	0.000999	3	1	1
ASV_396_16S_022_3	ASV_1675_16S_3_200	0.593116343021393	1	0.680302	-0.464446	0.298701	3	1	1
ASV_1094_16S_022_3	ASV_1675_16S_3_200	0.551179707050323	1	0.680302	-0.485730	0.500500	3	1	1
ASV_1127_16S_022_3	ASV_1715_16S_3_200	0.739367986271247	1	0.368047	-0.298298	0.467532	3	1	1
ASV_307_16S_3_200	ASV_1821_16S_3_200	0.624408483505249	1	0.604332	-0.466553	0.166833	3	1	1
ASV_1480_16S_3_200	ASV_1821_16S_3_200	0.8490891456604	1	0.620366	-0.447079	0.199800	3	1	1
OTU_2167_18S_022_3	ASV_1870_16S_3_200	0.771912704174596	1	0.521848	-0.521848	0.702298	3	1	1
ASV_468_16S_022_3	ASV_1879_16S_3_200	0.937067568302154	1	0.807726	-0.807726	0.633367	3	1	1
ASV_1071_16S_022_3	ASV_1879_16S_3_200	0.814166232322825	1	0.541334	-0.541334	0.933067	3	1	1
ASV_1584_16S_022_3	ASV_1879_16S_3_200	0.54619	1	0.536341	-0.536341	0.467532	3	1	1
ASV_414_16S_3_200	ASV_1879_16S_3_200	0.541265368461609	1	0.533073	-0.484609	0.067932	3	1	1
ASV_1087_16S_022_3	ASV_1963_16S_3_200	0.813724756240845	1	0.625005	-0.625005	0.866134	3	1	1
ASV_1289_16S_022_3	ASV_1963_16S_3_200	0.592045664787292	1	0.569695	-0.454171	0.267732	3	1	1
ASV_1366_16S_022_3	ASV_1963_16S_3_200	0.57193	1	0.605655	-0.605655	0.666334	3	1	1
ASV_1508_16S_022_3	ASV_1963_16S_3_200	0.540446016345692	1	0.466538	-0.466538	0.733267	3	1	1
ASV_1858_16S_022_3	ASV_2004_16S_3_200	0.830043971538544	1	0.497730	-0.459551	0.534466	3	1	1
ASV_1212_16S_022_3	ASV_2007_16S_3_200	0.740024237446334	1	0.382205	-0.382205	0.867133	3	1	1
OTU_6834_18S_022_3	ASV_2032_16S_3_200	0.600732862949371	1	0.439968	-0.439968	1.000000	3	1	1
ASV_51_16S_022_3	ASV_2134_16S_3_200	-0.882017931363605	1	0.393942	0.790527	nan	3	1	1
ASV_1059_16S_022_3	ASV_2134_16S_3_200	0.951801021920803	1	0.599096	-0.773029	0.567433	3	1	1
ASV_616_16S_022_3	ASV_2156_16S_3_200	0.560332298278809	1	0.439968	-0.370219	0.534466	3	1	1
ASV_718_16S_022_3	ASV_2156_16S_3_200	0.554163571847627	1	0.404007	-0.355543	0.167832	3	1	1
ASV_1257_16S_022_3	ASV_2156_16S_3_200	0.570509672164917	1	0.461770	-0.461770	0.700300	3	1	1
ASV_1397_16S_022_3	ASV_2156_16S_3_200	0.653687427451474	1	0.356297	-0.356297	0.867133	3	1	1
ASV_1523_16S_022_3	ASV_2281_16S_3_200	0.956490917647076	1	0.682767	-0.682767	1.000000	3	1	1
ASV_1820_16S_022_3	ASV_2281_16S_3_200	0.995089497211525	1	0.704569	-0.704569	1.000000	3	1	1
ASV_9_16S_022_3	ASV_2288_16S_3_200	-0.562678575515747	1	0.362279	0.699687	nan	2	1	1
ASV_1059_16S_022_3	ASV_2288_16S_3_200	0.832662879324802	1	0.519532	-0.693465	0.567433	3	1	1
OTU_1010_18S_022_3	ASV_2288_16S_3_200	0.587594449520111	1	0.334495	2.311556	nan	3	1	1
ASV_777_16S_3_200	ASV_2288_16S_3_200	0.630027532577515	1	0.439968	-0.460197	0.767233	3	1	1
ASV_2134_16S_3_200	ASV_2288_16S_3_200	0.837992765203602	1	0.519532	2.157889	nan	3	1	1
ASV_168_16S_022_3	ASV_2561_16S_3_200	0.724746889342492	1	0.568656	-0.453131	0.435564	3	1	1
OTU_574_18S_022_3	OTU_3_18S_3_200	0.665335297584534	1	0.297002	-0.280310	0.199800	3	1	1
OTU_7_18S_022_3	OTU_10_18S_3_200	0.642185628414154	1	0.477276	-0.273352	0.133866	3	1	1
OTU_39_18S_022_3	OTU_10_18S_3_200	-0.665610730648041	1	0.536246	-0.432912	0.232767	3	1	1
OTU_50_18S_022_3	OTU_10_18S_3_200	0.754675458712065	1	0.811441	-0.488913	0.100899	3	1	1
ASV_723_16S_3_200	OTU_10_18S_3_200	0.674106149706488	1	0.819752	-0.469323	0.233766	3	1	1
OTU_906_18S_022_3	OTU_11_18S_3_200	0.735226729405972	1	0.509432	-0.460772	0.264735	3	1	1
OTU_1247_18S_022_3	OTU_11_18S_3_200	0.557683348655701	1	0.468881	-0.389317	0.166833	3	1	1
OTU_3_18S_3_200	OTU_11_18S_3_200	0.709108412265778	1	0.143303	-0.143303	0.265734	2	1	1
OTU_24_18S_022_3	OTU_12_18S_3_200	-0.601366937160492	1	0.369270	-0.354094	0.200799	3	1	1
OTU_158_18S_022_3	OTU_17_18S_3_200	0.576244652271271	1	0.410164	-0.147433	0.700300	3	1	1
OTU_1247_18S_022_3	OTU_17_18S_3_200	0.721873043717433	1	0.604332	-0.312849	0.134865	3	1	1
OTU_77_18S_022_3	OTU_18_18S_3_200	0.637173652648926	1	0.508634	-0.316532	0.133866	3	1	1
OTU_10_18S_3_200	OTU_18_18S_3_200	0.767000913619995	1	0.660419	-0.308963	0.332667	3	1	1
OTU_2040_18S_022_3	OTU_16_18S_3_200	0.85090982913971	1	0.425809	-0.425809	0.767233	3	1	1
ASV_113_16S_022_3	OTU_29_18S_3_200	0.547158062458038	1	0.565488	-0.278229	0.368631	3	1	1
ASV_2185_16S_022_3	OTU_30_18S_3_200	0.721757393071056	1	0.348561	-0.348561	1.000000	3	1	1
OTU_421_18S_022_3	OTU_34_18S_3_200	0.794969066965113	1	0.569541	-0.569541	1.000000	3	1	1
OTU_613_18S_022_3	OTU_38_18S_3_200	0.577126829377976	1	0.802510	-0.442248	0.800200	3	1	1
OTU_1338_18S_022_3	OTU_44_18S_3_200	0.618968486785889	1	0.493623	-0.493623	0.933067	3	1	1
OTU_2035_18S_022_3	OTU_44_18S_3_200	0.560041129589081	1	0.551385	-0.551385	0.768232	3	1	1
ASV_53_16S_022_3	OTU_50_18S_3_200	0.885344684123993	1	0.859059	-0.496431	0.466533	3	1	1
ASV_723_16S_022_3	OTU_50_18S_3_200	0.56329	1	0.659210	-0.541985	0.434565	3	1	1
OTU_350_18S_022_3	OTU_50_18S_3_200	-0.621183574199677	1	0.415212	0.235044	nan	3	1	1
ASV_377_16S_3_200	OTU_50_18S_3_200	-0.69102423801733	1	0.451670	-0.485458	0.099900	3	1	1
ASV_1059_16S_022_3	OTU_48_18S_3_200	-0.54239958524704	1	0.324443	-0.008256	0.934066	3	1	1
OTU_5773_18S_022_3	OTU_48_18S_3_200	-0.655474483966827	1	0.429916	-0.429916	0.933067	3	1	1
OTU_1283_18S_022_3	OTU_62_18S_3_200	0.624339044094086	1	0.535679	-0.390285	0.133866	3	1	1
ASV_648_16S_022_3	OTU_68_18S_3_200	0.658751845359802	1	0.483572	-0.389849	0.300699	3	1	1
OTU_1353_18S_022_3	OTU_71_18S_3_200	0.567682650580136	1	0.508009	-0.176824	0.699301	3	1	1
ASV_491_16S_022_3	OTU_75_18S_3_200	0.65394	1	0.579263	-0.435892	0.099900	3	1	1
OTU_4_18S_022_3	OTU_75_18S_3_200	0.687005215623739	1	0.740853	-0.538685	0.199800	3	1	1
OTU_248_18S_022_3	OTU_75_18S_3_200	0.756326774119806	1	0.553831	-0.512963	0.299700	3	1	1
ASV_1067_16S_3_200	OTU_75_18S_3_200	0.524398267269135	1	0.436431	-0.330721	0.333666	3	1	1
OTU_29_18S_3_200	OTU_78_18S_3_200	0.595079218965689	1	0.698055	-0.468041	0.232767	3	1	1
OTU_71_18S_3_200	OTU_78_18S_3_200	0.951639473438263	1	0.846655	-0.545857	0.467532	3	1	1
OTU_850_18S_022_3	OTU_82_18S_3_200	-0.612047744985827	1	0.633778	-0.439920	0.267732	3	1	1
OTU_330_18S_022_3	OTU_83_18S_3_200	0.756647177224451	1	0.334495	-0.228785	0.000999	3	1	1
OTU_676_18S_022_3	OTU_83_18S_3_200	0.556999564170837	1	0.356297	-0.423356	0.267732	3	1	1
OTU_870_18S_022_3	OTU_83_18S_3_200	0.753996603547476	1	0.519532	-0.380034	0.067932	3	1	1
OTU_2633_18S_022_3	OTU_83_18S_3_200	0.539700136902118	1	0.276732	-0.272988	0.600400	3	1	1
ASV_250_16S_022_3	OTU_86_18S_3_200	-0.730589564529581	1	0.324443	-0.324443	0.534466	3	1	1
ASV_2156_16S_3_200	OTU_86_18S_3_200	0.817563516212124	1	0.414059	-0.414059	0.867133	3	1	1
ASV_863_16S_3_200	OTU_89_18S_3_200	-0.598568856716156	1	0.324443	-0.324443	0.732268	3	1	1
OTU_660_18S_022_3	OTU_103_18S_3_200	0.626547390281594	1	0.688656	-0.601024	0.366633	3	1	1
OTU_1143_18S_022_3	OTU_103_18S_3_200	0.613862236586922	1	0.542557	-0.445627	0.000999	3	1	1
ASV_377_16S_3_200	OTU_103_18S_3_200	0.521726738328562	1	0.583197	-0.408452	0.000999	3	1	1
ASV_153_16S_022_3	OTU_101_18S_3_200	-0.538001650662025	1	0.706738	-0.560632	0.367632	3	1	1
ASV_612_16S_022_3	OTU_101_18S_3_200	0.542882347812646	1	0.838470	-0.698972	0.400599	3	1	1
OTU_534_18S_022_3	OTU_101_18S_3_200	0.52961786992132	1	0.518289	-0.309042	0.667333	3	1	1
OTU_568_18S_022_3	OTU_109_18S_3_200	0.583642959594727	1	0.674752	-0.559227	0.367632	3	1	1
ASV_1029_16S_022_3	OTU_106_18S_3_200	0.522381126880646	1	0.710075	-0.500828	0.333666	3	1	1
OTU_38_18S_3_200	OTU_106_18S_3_200	0.718881011009216	1	0.861774	-0.756065	0.066933	3	1	1
ASV_622_16S_022_3	OTU_118_18S_3_200	0.58634877204895	1	0.648598	-0.648598	0.934066	3	1	1
ASV_671_16S_022_3	OTU_118_18S_3_200	0.717042207717896	1	0.545441	-0.545441	0.867133	3	1	1
ASV_1050_16S_022_3	OTU_118_18S_3_200	0.56740317213675	1	0.566149	-0.566149	0.867133	3	1	1
ASV_357_16S_022_3	OTU_119_18S_3_200	0.640783369541168	1	0.389615	-0.304076	0.266733	3	1	1
OTU_332_18S_022_3	OTU_116_18S_3_200	0.689794309473879	1	0.521292	-0.336877	0.667333	3	1	1
ASV_105_16S_022_3	OTU_129_18S_3_200	-0.542387843132019	1	0.211275	0.181639	nan	2	1	1
OTU_2722_18S_022_3	OTU_129_18S_3_200	-0.625258922576904	1	0.465246	-0.301256	0.734266	3	1	1
ASV_1426_16S_022_3	OTU_142_18S_3_200	0.722400279099253	1	0.616352	-0.403899	0.567433	3	1	1
ASV_767_16S_022_3	OTU_137_18S_3_200	0.560749063129666	1	0.752470	-0.577483	0.435564	3	1	1
OTU_751_18S_022_3	OTU_137_18S_3_200	-0.639338970184326	1	0.424894	-0.338250	0.200799	3	1	1
OTU_378_18S_022_3	OTU_146_18S_3_200	0.594988703727722	1	0.451286	-0.311788	0.500500	3	1	1
ASV_21_16S_022_3	OTU_141_18S_3_200	-0.787166699003149	1	0.284649	-0.088814	0.601399	2	1	1
OTU_183_18S_022_3	OTU_141_18S_3_200	-0.663995921611786	1	0.471596	0.418811	nan	3	1	1
ASV_932_16S_022_3	OTU_155_18S_3_200	-0.661585330963135	1	0.682767	-0.641899	0.000999	3	1	1
ASV_932_16S_3_200	OTU_155_18S_3_200	0.885430812835693	1	0.646807	-0.531283	0.067932	3	1	1
OTU_260_18S_022_3	OTU_152_18S_3_200	-0.700589472171699	1	0.324443	-0.160454	0.500500	3	1	1
OTU_811_18S_022_3	OTU_166_18S_3_200	-0.736169961972691	1	0.323627	0.484056	nan	3	1	1
ASV_126_16S_022_3	OTU_162_18S_3_200	0.783755878173776	1	0.428738	0.121094	nan	3	1	1
ASV_732_16S_022_3	OTU_183_18S_3_200	0.5282	1	0.576016	-0.345955	0.366633	3	1	1
ASV_1971_16S_022_3	OTU_183_18S_3_200	0.542970418930054	1	0.671276	-0.623799	0.000999	3	1	1
OTU_50_18S_022_3	OTU_189_18S_3_200	-0.67251	1	0.507730	0.501086	nan	3	1	1
OTU_345_18S_022_3	OTU_189_18S_3_200	0.549325609738811	1	0.754813	-0.612108	0.599401	3	1	1
ASV_767_16S_022_3	OTU_195_18S_3_200	0.570159375667572	1	0.678252	-0.504965	0.467532	3	1	1
OTU_195_18S_022_3	OTU_195_18S_3_200	0.603694319725037	1	0.737222	-0.592817	0.033966	3	1	1
OTU_38_18S_3_200	OTU_195_18S_3_200	0.765572713813334	1	0.782210	-0.444934	0.466533	3	1	1
ASV_1190_16S_022_3	OTU_197_18S_3_200	0.578765093739949	1	0.603865	-0.498626	0.399600	3	1	1
OTU_101_18S_022_3	OTU_197_18S_3_200	0.678713142871857	1	0.699184	-0.227788	0.801199	3	1	1
OTU_2309_18S_022_3	OTU_197_18S_3_200	0.691725194454193	1	0.483572	-0.339166	0.634366	3	1	1
OTU_1149_18S_022_3	OTU_198_18S_3_200	0.567518376843073	1	0.451718	-0.451718	1.000000	3	1	1
OTU_1647_18S_022_3	OTU_198_18S_3_200	0.705248515658188	1	0.384521	-0.384521	1.000000	3	1	1
ASV_271_16S_022_3	OTU_196_18S_3_200	0.520501765897517	1	0.395429	-0.303407	0.133866	3	1	1
OTU_18_18S_022_3	OTU_174_18S_3_200	0.791277527809143	1	0.507730	-0.102258	0.567433	3	1	1
OTU_50_18S_022_3	OTU_174_18S_3_200	0.559540356391848	1	0.808357	-0.132622	0.602398	3	1	1
OTU_60_18S_022_3	OTU_174_18S_3_200	0.522488586678541	1	0.805050	-0.522135	0.566434	3	1	1
ASV_800_16S_022_3	OTU_204_18S_3_200	-0.530475086549748	1	0.467210	-0.467210	0.400599	3	1	1
ASV_192_16S_3_200	OTU_204_18S_3_200	0.555310869788127	1	0.639115	-0.633551	0.167832	3	1	1
OTU_89_18S_3_200	OTU_204_18S_3_200	0.737382137232933	1	0.566065	-0.272096	0.333666	3	1	1
ASV_910_16S_022_3	OTU_217_18S_3_200	0.62829881569467	1	0.530274	-0.530274	0.934066	3	1	1
OTU_4_18S_022_3	OTU_217_18S_3_200	0.546071827411652	1	0.404061	-0.357573	0.000999	3	1	1
ASV_1675_16S_3_200	OTU_212_18S_3_200	0.728093210140856	1	0.415216	-0.319322	0.033966	2	1	1
OTU_498_18S_022_3	OTU_205_18S_3_200	0.624829316443072	1	0.661090	-0.486815	0.166833	3	1	1
OTU_141_18S_3_200	OTU_205_18S_3_200	0.546189015267868	1	0.682892	-0.408481	0.266733	3	1	1
ASV_229_16S_022_3	OTU_231_18S_3_200	0.646209299564362	1	0.521521	-0.242995	0.700300	3	1	1
ASV_637_16S_022_3	OTU_232_18S_3_200	0.670808851985698	1	0.404007	-0.201839	0.901099	3	1	1
OTU_1374_18S_022_3	OTU_232_18S_3_200	0.650792181491852	1	0.541334	-0.425809	0.734266	3	1	1
OTU_1575_18S_022_3	OTU_232_18S_3_200	0.676548540592194	1	0.432369	-0.365309	0.268731	3	1	1
OTU_763_18S_022_3	OTU_235_18S_3_200	0.712807953357697	1	0.612359	-0.502926	0.000999	3	1	1
OTU_2856_18S_022_3	OTU_235_18S_3_200	0.59785258769989	1	0.437083	-0.291690	0.000999	3	1	1
OTU_138_18S_3_200	OTU_236_18S_3_200	0.718878891365601	1	0.554597	-0.372013	0.766234	3	1	1
ASV_1380_16S_022_3	OTU_213_18S_3_200	0.677495747263242	1	0.659041	-0.505338	0.100899	3	1	1
OTU_11_18S_3_200	OTU_213_18S_3_200	-0.678884228704416	1	0.581301	-0.627076	0.066933	3	1	1
ASV_429_16S_022_3	OTU_242_18S_3_200	0.552777826786041	1	0.439933	0.037876	nan	3	1	1
ASV_714_16S_022_3	OTU_242_18S_3_200	-0.571539402008057	1	0.337075	0.103544	nan	3	1	1
OTU_58_18S_022_3	OTU_249_18S_3_200	-0.700009822845459	1	0.483572	0.762061	nan	3	1	1
OTU_215_18S_022_3	OTU_249_18S_3_200	0.692222722846943	1	0.483572	1.794973	nan	3	1	1
OTU_760_18S_022_3	OTU_249_18S_3_200	0.786013661410265	1	0.599096	-0.705969	0.600400	3	1	1
OTU_1376_18S_022_3	OTU_249_18S_3_200	0.869932642498265	1	0.577294	2.186770	nan	3	1	1
OTU_40_18S_3_200	OTU_249_18S_3_200	0.556393563747406	1	0.308733	1.657064	nan	3	1	1
OTU_240_18S_3_200	OTU_249_18S_3_200	0.620497763156891	1	0.519532	-0.510880	0.867133	3	1	1
ASV_556_16S_022_3	OTU_228_18S_3_200	0.54256078186064	1	0.439351	-0.333124	0.666334	3	1	1
ASV_606_16S_022_3	OTU_228_18S_3_200	0.784886360168457	1	0.660965	-0.603203	0.466533	3	1	1
ASV_1705_16S_022_3	OTU_260_18S_3_200	0.771557986736298	1	0.519532	-0.404007	0.665335	3	1	1
OTU_613_18S_022_3	OTU_270_18S_3_200	0.589376743120272	1	0.824312	-0.388876	0.733267	3	1	1
OTU_105_18S_3_200	OTU_270_18S_3_200	0.571204364299774	1	0.743365	-0.409296	0.601399	3	1	1
ASV_1094_16S_022_3	OTU_277_18S_3_200	0.567706418056777	1	0.576677	-0.338549	0.400599	3	1	1
OTU_2562_18S_022_3	OTU_278_18S_3_200	0.980965526760518	1	0.656858	-0.656858	1.000000	3	1	1
OTU_436_18S_022_3	OTU_286_18S_3_200	0.696320295333862	1	0.353903	1.899605	nan	3	1	1
OTU_141_18S_3_200	OTU_245_18S_3_200	0.751572728157043	1	0.775233	-0.425452	0.567433	3	1	1
ASV_306_16S_022_3	OTU_292_18S_3_200	0.636470858627698	1	0.519532	-0.432889	0.400599	3	1	1
ASV_637_16S_022_3	OTU_292_18S_3_200	0.574557530030714	1	0.356297	-0.356297	0.766234	3	1	1
OTU_2150_18S_022_3	OTU_293_18S_3_200	0.62095	1	0.493623	-0.493623	0.866134	3	1	1
OTU_131_18S_3_200	OTU_293_18S_3_200	0.913069842015864	1	0.483572	-0.413823	0.800200	3	1	1
OTU_240_18S_3_200	OTU_293_18S_3_200	0.586178421974182	1	0.577294	-0.510234	0.402597	3	1	1
OTU_286_18S_3_200	OTU_293_18S_3_200	0.593175141334494	1	0.483572	-0.483572	0.933067	3	1	1
ASV_1753_16S_022_3	OTU_300_18S_3_200	0.787016868591309	1	0.785546	-0.613322	0.000999	3	1	1
OTU_50_18S_022_3	OTU_300_18S_3_200	-0.67268	1	0.550484	-0.500318	0.334665	3	1	1
ASV_666_16S_022_3	OTU_291_18S_3_200	-0.806500388839337	1	0.464912	-0.426733	0.535465	3	1	1
OTU_1246_18S_022_3	OTU_298_18S_3_200	0.936105451573691	1	0.519532	-0.461770	0.400599	3	1	1
OTU_1058_18S_022_3	OTU_303_18S_3_200	0.776863948054267	1	0.596221	-0.355875	0.900100	3	1	1
OTU_877_18S_022_3	OTU_304_18S_3_200	0.542737543582916	1	0.317659	-0.222483	0.468531	3	1	1
OTU_1961_18S_022_3	OTU_304_18S_3_200	0.843378185639685	1	0.473520	-0.473520	0.733267	3	1	1
OTU_712_18S_022_3	OTU_315_18S_3_200	0.61135345697403	1	0.425809	2.388021	nan	3	1	1
OTU_1024_18S_022_3	OTU_315_18S_3_200	0.795832974248078	1	0.346907	-0.326268	0.700300	3	1	1
OTU_889_18S_022_3	OTU_322_18S_3_200	0.581605038709366	1	0.442284	-0.442284	0.933067	3	1	1
OTU_496_18S_022_3	OTU_325_18S_3_200	0.677578151226044	1	0.710075	-0.619041	0.266733	3	1	1
OTU_105_18S_3_200	OTU_329_18S_3_200	0.85645991563797	1	0.868457	-0.426460	0.700300	3	1	1
OTU_38_18S_3_200	OTU_332_18S_3_200	0.670919477939606	1	0.753679	-0.494266	0.366633	3	1	1
OTU_790_18S_022_3	OTU_348_18S_3_200	-0.836514417146184	1	0.546774	0.397005	nan	3	1	1
ASV_1305_16S_022_3	OTU_290_18S_3_200	-0.520031571388245	1	0.388481	-0.321421	0.232767	3	1	1
OTU_729_18S_022_3	OTU_290_18S_3_200	0.838778952526358	1	0.560728	-0.329679	0.600400	3	1	1
ASV_462_16S_3_200	OTU_290_18S_3_200	0.672887444496155	1	0.579849	-0.386783	0.331668	3	1	1
ASV_267_16S_022_3	OTU_361_18S_3_200	0.762663253515143	1	0.400049	-0.385188	0.634366	3	1	1
ASV_425_16S_022_3	OTU_360_18S_3_200	0.651942849159241	1	0.627626	-0.433768	0.499500	3	1	1
ASV_472_16S_022_3	OTU_360_18S_3_200	0.654185309888469	1	0.674115	-0.671426	0.100899	3	1	1
ASV_574_16S_022_3	OTU_360_18S_3_200	0.53593	1	0.605078	-0.599700	0.167832	3	1	1
OTU_763_18S_022_3	OTU_360_18S_3_200	0.67428763096151	1	0.749303	-0.555444	0.200799	3	1	1
ASV_769_16S_3_200	OTU_360_18S_3_200	0.788327940093162	1	0.486585	-0.377152	0.233766	3	1	1
ASV_88_16S_022_3	OTU_368_18S_3_200	0.828370408500367	1	0.505503	-0.505503	0.733267	3	1	1
ASV_507_16S_022_3	OTU_343_18S_3_200	0.836007535457611	1	0.943262	-0.873513	0.466533	3	1	1
ASV_687_16S_022_3	OTU_343_18S_3_200	-0.655157923698425	1	0.392668	-0.369779	0.066933	3	1	1
OTU_489_18S_022_3	OTU_343_18S_3_200	0.63188925373383	1	0.556636	-0.418838	0.165834	3	1	1
OTU_495_18S_022_3	OTU_343_18S_3_200	-0.829231518378316	1	0.479612	-0.483678	0.200799	3	1	1
ASV_949_16S_022_3	OTU_363_18S_3_200	0.803683400154114	1	0.731877	-0.635936	0.568432	3	1	1
ASV_333_16S_022_3	OTU_356_18S_3_200	0.625453233718872	1	0.336811	-0.336811	1.000000	3	1	1
ASV_781_16S_022_3	OTU_356_18S_3_200	0.821937590520584	1	0.461770	-0.461770	1.000000	3	1	1
ASV_582_16S_022_3	OTU_371_18S_3_200	0.669931650161743	1	0.685603	-0.433269	0.600400	3	1	1
ASV_636_16S_022_3	OTU_371_18S_3_200	0.525520861148834	1	0.537171	-0.537171	0.699301	3	1	1
ASV_738_16S_022_3	OTU_371_18S_3_200	0.624030232429504	1	0.608923	-0.145124	0.833167	3	1	1
OTU_15_18S_022_3	OTU_387_18S_3_200	-0.625262200832367	1	0.353675	-0.362972	0.565435	3	1	1
OTU_2656_18S_022_3	OTU_387_18S_3_200	0.62106	1	0.495939	-0.495939	1.000000	3	1	1
OTU_1216_18S_022_3	OTU_404_18S_3_200	0.809285465682524	1	0.579610	-0.406323	0.334665	3	1	1
OTU_613_18S_022_3	OTU_382_18S_3_200	0.791047699951574	1	0.744747	-0.715866	0.134865	3	1	1
OTU_1902_18S_022_3	OTU_403_18S_3_200	0.608972549438477	1	0.461770	-0.394710	0.600400	3	1	1
OTU_38_18S_3_200	OTU_413_18S_3_200	0.771895927391663	1	0.905378	-0.643276	0.165834	3	1	1
OTU_109_18S_3_200	OTU_412_18S_3_200	0.565425157546997	1	0.584983	-0.527220	0.199800	3	1	1
OTU_382_18S_3_200	OTU_412_18S_3_200	0.570805609226227	1	0.514986	-0.486105	0.366633	3	1	1
OTU_396_18S_022_3	OTU_419_18S_3_200	-0.84769096540785	1	0.433842	-0.000625	0.400599	3	1	1
ASV_332_16S_022_3	OTU_393_18S_3_200	0.599617600440979	1	0.634062	-0.360444	0.534466	3	1	1
OTU_419_18S_3_200	OTU_393_18S_3_200	0.60158866626138	1	0.634062	-0.415517	0.434565	3	1	1
OTU_29_18S_3_200	OTU_373_18S_3_200	0.610544785143978	1	0.733592	-0.484465	0.500500	3	1	1
OTU_119_18S_3_200	OTU_373_18S_3_200	0.53447699546814	1	0.393364	-0.309457	0.132867	3	1	1
OTU_128_18S_3_200	OTU_373_18S_3_200	0.59782337488831	1	0.613856	-0.431272	0.300699	3	1	1
ASV_1322_16S_022_3	OTU_453_18S_3_200	0.605218291282654	1	0.469144	-0.469144	0.465534	3	1	1
ASV_507_16S_022_3	OTU_444_18S_3_200	0.854722186542022	1	0.651567	-0.548232	0.531469	3	1	1
OTU_242_18S_3_200	OTU_444_18S_3_200	0.526519536972046	1	0.493398	-0.321320	0.432567	3	1	1
ASV_556_16S_022_3	OTU_422_18S_3_200	0.546011745929718	1	0.603791	-0.555326	0.500500	3	1	1
ASV_1158_16S_022_3	OTU_422_18S_3_200	0.566312310901189	1	0.603791	-0.524744	0.500500	3	1	1
OTU_393_18S_3_200	OTU_422_18S_3_200	0.594346414157628	1	0.775481	-0.629374	0.701299	3	1	1
ASV_1107_16S_022_3	OTU_430_18S_3_200	0.580299861124065	1	0.533073	-0.283429	0.933067	3	1	1
OTU_101_18S_022_3	OTU_430_18S_3_200	0.529353499412537	1	0.612638	-0.256766	0.967033	3	1	1
OTU_268_18S_3_200	OTU_456_18S_3_200	0.85347193479538	1	0.769434	-0.704592	0.467532	3	1	1
OTU_1756_18S_022_3	OTU_390_18S_3_200	0.576512170754035	1	0.404007	-0.404007	1.000000	3	1	1
OTU_69_18S_022_3	OTU_458_18S_3_200	0.584726929664612	1	0.747164	-0.483557	0.399600	3	1	1
ASV_784_16S_3_200	OTU_458_18S_3_200	-0.599705330219739	1	0.478280	-0.199479	0.565435	3	1	1
OTU_71_18S_3_200	OTU_458_18S_3_200	0.847370811640296	1	0.846655	-0.643499	0.433566	3	1	1
OTU_207_18S_022_3	OTU_472_18S_3_200	0.759718775749207	1	0.533073	-0.451338	0.000999	3	1	1
OTU_1149_18S_022_3	OTU_472_18S_3_200	0.762761890888214	1	0.691540	-0.528069	0.000999	3	1	1
OTU_1275_18S_022_3	OTU_478_18S_3_200	0.719000312347877	1	0.447715	-0.377966	0.501499	3	1	1
ASV_760_16S_3_200	OTU_478_18S_3_200	0.721943241162004	1	0.634440	-0.564691	0.333666	3	1	1
ASV_98_16S_022_3	OTU_466_18S_3_200	0.576062153119404	1	0.834203	-0.685408	0.635365	3	1	1
ASV_612_16S_022_3	OTU_466_18S_3_200	0.570493125371507	1	0.918034	-0.918034	0.899101	3	1	1
ASV_924_16S_022_3	OTU_466_18S_3_200	0.883782204697594	1	0.858890	-0.818022	0.034965	3	1	1
OTU_419_18S_3_200	OTU_476_18S_3_200	0.528652164840896	1	0.743539	-0.483609	0.600400	3	1	1
ASV_58_16S_3_200	OTU_470_18S_3_200	-0.569989621639252	1	0.259634	-0.108837	0.400599	2	1	1
ASV_274_16S_3_200	OTU_470_18S_3_200	0.798538735472201	1	0.727238	-0.495735	0.701299	3	1	1
ASV_1581_16S_022_3	OTU_471_18S_3_200	0.869097745033616	1	0.530189	-0.472427	0.633367	3	1	1
OTU_234_18S_022_3	OTU_471_18S_3_200	-0.686970233917236	1	0.378912	-0.299866	0.533467	3	1	1
ASV_847_16S_022_3	OTU_377_18S_3_200	0.519846429739614	1	0.506801	-0.245882	0.767233	3	1	1
OTU_26_18S_022_3	OTU_377_18S_3_200	-0.80308183592258	1	0.365844	-0.341870	0.267732	2	1	1
OTU_476_18S_3_200	OTU_377_18S_3_200	0.776421010494232	1	0.612260	-0.391026	0.733267	3	1	1
ASV_1244_16S_022_3	OTU_487_18S_3_200	0.749202847480774	1	0.414059	-0.375880	0.000999	3	1	1
OTU_1213_18S_022_3	OTU_487_18S_3_200	0.808123258763729	1	0.551385	-0.551385	1.000000	3	1	1
OTU_2135_18S_022_3	OTU_492_18S_3_200	0.602323863630465	1	0.599096	-0.599096	0.633367	3	1	1
OTU_403_18S_3_200	OTU_492_18S_3_200	0.667732775211334	1	0.519532	-0.336947	0.800200	3	1	1
OTU_128_18S_3_200	OTU_506_18S_3_200	0.654042880113825	1	0.528981	-0.288634	0.835165	3	1	1
ASV_872_16S_022_3	OTU_515_18S_3_200	0.603151206583359	1	0.356297	-0.269653	0.400599	3	1	1
ASV_1401_16S_022_3	OTU_515_18S_3_200	0.699989417229182	1	0.599096	-0.599096	1.000000	3	1	1
OTU_1413_18S_022_3	OTU_515_18S_3_200	0.945815461056174	1	0.599096	-0.599096	0.966034	3	1	1
OTU_1611_18S_022_3	OTU_515_18S_3_200	0.519980013370514	1	0.435861	-0.311039	0.533467	3	1	1
OTU_2736_18S_022_3	OTU_515_18S_3_200	0.656294584274292	1	0.541334	-0.483572	0.000999	3	1	1
OTU_288_18S_3_200	OTU_536_18S_3_200	0.604240596294403	1	0.573132	-0.399845	0.300699	3	1	1
OTU_902_18S_022_3	OTU_498_18S_3_200	0.54858	1	0.691963	-0.391683	0.701299	3	1	1
OTU_151_18S_3_200	OTU_498_18S_3_200	0.869827251235483	1	0.878985	-0.739487	0.234765	3	1	1
OTU_270_18S_3_200	OTU_498_18S_3_200	0.71990156173706	1	0.847616	-0.455784	0.668332	3	1	1
OTU_125_18S_3_200	OTU_480_18S_3_200	0.837706441043461	1	0.774566	-0.446808	0.434565	3	1	1
ASV_269_16S_3_200	OTU_537_18S_3_200	0.67273792970855	1	0.638154	-0.464868	0.767233	3	1	1
OTU_419_18S_3_200	OTU_537_18S_3_200	0.548533784368329	1	0.612260	-0.381211	0.735265	3	1	1
OTU_714_18S_022_3	OTU_534_18S_3_200	0.584427118301392	1	0.477917	-0.458333	0.000999	3	1	1
OTU_236_18S_3_200	OTU_534_18S_3_200	0.639721359349686	1	0.590557	-0.590557	0.599401	3	1	1
ASV_1115_16S_022_3	OTU_550_18S_3_200	0.74928	1	0.497730	-0.392021	0.067932	3	1	1
ASV_2281_16S_3_200	OTU_550_18S_3_200	0.528806626796722	1	0.519532	-0.380034	0.134865	3	1	1
OTU_398_18S_3_200	OTU_550_18S_3_200	0.800812244415283	1	0.334495	-0.194997	0.300699	3	1	1
ASV_448_16S_3_200	OTU_539_18S_3_200	0.527180258517868	1	0.510733	-0.510733	0.933067	3	1	1
OTU_413_18S_022_3	OTU_512_18S_3_200	0.827610338019953	1	0.680162	-0.622400	0.233766	3	1	1
OTU_217_18S_3_200	OTU_512_18S_3_200	0.790178589973603	1	0.623996	-0.566234	0.000999	3	1	1
OTU_373_18S_3_200	OTU_560_18S_3_200	0.756695559727152	1	0.552543	-0.312196	0.667333	3	1	1
OTU_362_18S_3_200	OTU_568_18S_3_200	0.707661807537079	1	0.439351	-0.439351	1.000000	3	1	1
ASV_358_16S_022_3	OTU_582_18S_3_200	0.551645457744598	1	0.556959	-0.149951	0.500500	3	1	1
ASV_469_16S_022_3	OTU_582_18S_3_200	0.613875210285187	1	0.447282	-0.412837	0.066933	3	1	1
ASV_448_16S_3_200	OTU_582_18S_3_200	0.547742108084043	1	0.628798	-0.628798	0.434565	3	1	1
ASV_666_16S_022_3	OTU_588_18S_3_200	-0.745801810281032	1	0.452871	-0.481752	0.200799	3	1	1
OTU_453_18S_3_200	OTU_598_18S_3_200	0.771094015007838	1	0.397040	-0.333899	0.132867	3	1	1
OTU_303_18S_3_200	OTU_605_18S_3_200	0.568615555763245	1	0.581774	-0.341428	0.634366	3	1	1
OTU_598_18S_3_200	OTU_605_18S_3_200	0.54477	1	0.476315	-0.366882	0.399600	3	1	1
ASV_755_16S_022_3	OTU_610_18S_3_200	0.690653026103973	1	0.603865	-0.603865	1.000000	3	1	1
OTU_712_18S_022_3	OTU_610_18S_3_200	0.714939773398266	1	0.438177	-0.432613	0.834166	3	1	1
OTU_2037_18S_022_3	OTU_610_18S_3_200	0.734366551125876	1	0.546102	-0.546102	1.000000	3	1	1
OTU_1252_18S_022_3	OTU_621_18S_3_200	0.560215771198273	1	0.519532	-0.519532	1.000000	3	1	1
OTU_1290_18S_022_3	OTU_621_18S_3_200	0.646646394994922	1	0.541334	-0.541334	0.767233	3	1	1
OTU_325_18S_3_200	OTU_613_18S_3_200	0.915308594703674	1	0.869203	-0.753679	0.167832	3	1	1
ASV_600_16S_022_3	OTU_625_18S_3_200	0.618635654449463	1	0.487679	-0.285511	0.668332	3	1	1
ASV_431_16S_022_3	OTU_641_18S_3_200	0.54118	1	0.590836	-0.590836	1.000000	3	1	1
OTU_72_18S_022_3	OTU_641_18S_3_200	-0.697226991538217	1	0.321116	-0.388176	0.399600	3	1	1
OTU_671_18S_022_3	OTU_577_18S_3_200	0.637984275817871	1	0.545814	-0.385032	0.566434	3	1	1
OTU_714_18S_022_3	OTU_577_18S_3_200	0.648169647436647	1	0.576016	-0.430622	0.066933	3	1	1
OTU_2105_18S_022_3	OTU_577_18S_3_200	0.555296521670645	1	0.465365	-0.400524	0.133866	3	1	1
OTU_539_18S_3_200	OTU_577_18S_3_200	0.777125836504889	1	0.634062	-0.511458	0.100899	3	1	1
ASV_1139_16S_022_3	OTU_624_18S_3_200	0.917143532869918	1	0.531283	-0.531283	1.000000	3	1	1
OTU_689_18S_022_3	OTU_564_18S_3_200	0.747467701221505	1	0.487247	-0.400603	0.967033	3	1	1
ASV_776_16S_022_3	OTU_622_18S_3_200	0.583762347698212	1	0.547893	-0.547893	0.867133	3	1	1
ASV_1258_16S_022_3	OTU_622_18S_3_200	0.609992948773501	1	0.603203	-0.603203	1.000000	3	1	1
OTU_197_18S_3_200	OTU_622_18S_3_200	0.537785285205219	1	0.670400	-0.554875	0.569431	3	1	1
OTU_32_18S_3_200	OTU_655_18S_3_200	0.709584648769039	1	0.514539	-0.245311	0.867133	3	1	1
OTU_236_18S_3_200	OTU_655_18S_3_200	0.948397160686186	1	0.804181	-0.650477	0.532468	3	1	1
ASV_622_16S_022_3	OTU_670_18S_3_200	0.527824282646179	1	0.614756	-0.414806	0.400599	3	1	1
OTU_1283_18S_022_3	OTU_670_18S_3_200	0.573928594589233	1	0.669738	-0.536849	0.466533	3	1	1
ASV_413_16S_022_3	OTU_680_18S_3_200	0.611428522922189	1	0.564359	-0.430239	0.434565	3	1	1
ASV_434_16S_022_3	OTU_680_18S_3_200	0.609391331672668	1	0.483586	-0.512467	0.467532	3	1	1
ASV_1963_16S_3_200	OTU_680_18S_3_200	0.567783248767378	1	0.682767	-0.682767	0.934066	3	1	1
ASV_255_16S_022_3	OTU_682_18S_3_200	0.565136015415192	1	0.410194	-0.211233	0.300699	3	1	1
ASV_1999_16S_022_3	OTU_682_18S_3_200	0.649133196135369	1	0.552608	-0.552608	0.933067	3	1	1
ASV_255_16S_3_200	OTU_682_18S_3_200	0.752915425006286	1	0.415326	-0.306427	0.100899	3	1	1
OTU_362_18S_3_200	OTU_671_18S_3_200	0.940598785877228	1	0.749964	-0.497631	0.834166	3	1	1
OTU_50_18S_022_3	OTU_691_18S_3_200	-0.539346396923065	1	0.318604	-0.290711	0.268731	2	1	1
OTU_286_18S_3_200	OTU_691_18S_3_200	0.922641328305613	1	0.567243	-0.500829	0.801199	3	1	1
ASV_1949_16S_022_3	OTU_699_18S_3_200	0.709073096039049	1	0.372816	-0.291080	0.000999	3	1	1
OTU_788_18S_022_3	OTU_699_18S_3_200	0.528616786003113	1	0.456393	-0.240538	0.400599	3	1	1
OTU_711_18S_022_3	OTU_726_18S_3_200	0.837110544865998	1	0.603203	-0.603203	1.000000	3	1	1
OTU_419_18S_022_3	OTU_646_18S_3_200	0.888951026656911	1	0.659956	-0.514563	0.500500	3	1	1
OTU_34_18S_3_200	OTU_646_18S_3_200	0.682981848716736	1	0.563320	-0.391095	0.268731	3	1	1
ASV_613_16S_022_3	OTU_711_18S_3_200	0.60809	1	0.519532	-0.404007	0.867133	3	1	1
ASV_1707_16S_022_3	OTU_711_18S_3_200	0.541145648248315	1	0.461770	-0.375126	0.534466	3	1	1
ASV_1747_16S_022_3	OTU_711_18S_3_200	0.996503710746765	1	0.519532	-0.519532	1.000000	3	1	1
OTU_866_18S_022_3	OTU_741_18S_3_200	0.549157361028716	1	0.461770	-0.461770	1.000000	3	1	1
OTU_2656_18S_022_3	OTU_749_18S_3_200	0.723012689284661	1	0.327421	-0.327421	0.967033	3	1	1
OTU_8089_18S_022_3	OTU_756_18S_3_200	0.588594853878021	1	0.416375	-0.416375	0.933067	3	1	1
OTU_729_18S_022_3	OTU_722_18S_3_200	0.69210159778595	1	0.820761	-0.581644	0.600400	3	1	1
OTU_498_18S_3_200	OTU_722_18S_3_200	0.654784381389618	1	0.809487	-0.532191	0.499500	3	1	1
ASV_253_16S_022_3	OTU_747_18S_3_200	0.754399857138258	1	0.705530	-0.467401	0.433566	3	1	1
OTU_196_18S_3_200	OTU_653_18S_3_200	0.652306995714873	1	0.612638	-0.525994	0.334665	3	1	1
OTU_68_18S_3_200	OTU_778_18S_3_200	0.990886220483666	1	0.792907	-0.699184	0.500500	3	1	1
ASV_1459_16S_022_3	OTU_714_18S_3_200	0.581419886360481	1	0.599096	-0.599096	0.933067	3	1	1
OTU_817_18S_022_3	OTU_714_18S_3_200	0.558844745159149	1	0.603865	-0.536805	0.467532	3	1	1
ASV_706_16S_3_200	OTU_714_18S_3_200	0.528679999757967	1	0.625005	-0.422837	0.734266	3	1	1
ASV_1215_16S_3_200	OTU_698_18S_3_200	0.683693613395584	1	0.789639	-0.702996	0.467532	3	1	1
ASV_1127_16S_022_3	OTU_800_18S_3_200	0.553900718688965	1	0.299011	-0.250546	0.699301	3	1	1
ASV_1043_16S_022_3	OTU_791_18S_3_200	0.522135651791967	1	0.439968	-0.439968	1.000000	3	1	1
ASV_972_16S_3_200	OTU_791_18S_3_200	0.665206551551819	1	0.519532	-0.519532	0.933067	3	1	1
ASV_1190_16S_022_3	OTU_817_18S_3_200	0.597225255465958	1	0.521033	-0.492152	0.000999	3	1	1
ASV_444_16S_022_3	OTU_799_18S_3_200	0.800366580486298	1	0.682767	-0.596124	0.000999	3	1	1
ASV_469_16S_022_3	OTU_799_18S_3_200	0.707671630682076	1	0.575081	-0.488437	0.000999	3	1	1
OTU_826_18S_022_3	OTU_799_18S_3_200	0.736107896310353	1	0.632843	-0.724394	0.302697	3	1	1
ASV_725_16S_022_3	OTU_797_18S_3_200	0.605828280337996	1	0.807065	-0.583613	0.733267	3	1	1
ASV_1632_16S_022_3	OTU_797_18S_3_200	0.601220414963295	1	0.728162	-0.728162	0.933067	3	1	1
ASV_1223_16S_022_3	OTU_842_18S_3_200	0.630119323730469	1	0.497730	-0.497730	1.000000	3	1	1
ASV_472_16S_022_3	OTU_761_18S_3_200	0.560068726539612	1	0.609092	-0.457607	0.234765	3	1	1
OTU_384_18S_022_3	OTU_761_18S_3_200	0.780617892742157	1	0.520755	-0.439019	0.166833	3	1	1
ASV_643_16S_022_3	OTU_839_18S_3_200	0.527813283091934	1	0.519532	-0.404007	0.634366	3	1	1
ASV_1375_16S_022_3	OTU_839_18S_3_200	0.808003665734975	1	0.416375	-0.416375	0.799201	3	1	1
ASV_2032_16S_3_200	OTU_839_18S_3_200	0.761859442385238	1	0.519532	-0.432889	0.500500	3	1	1
ASV_1002_16S_022_3	OTU_858_18S_3_200	0.766291737556458	1	0.931565	-0.621194	0.400599	3	1	1
ASV_1411_16S_022_3	OTU_858_18S_3_200	0.539781808853149	1	0.608346	-0.329820	0.767233	3	1	1
OTU_999_18S_022_3	OTU_868_18S_3_200	0.857283571598578	1	0.623912	-0.623912	0.600400	3	1	1
OTU_2097_18S_022_3	OTU_868_18S_3_200	0.579409897327423	1	0.484794	-0.369270	0.701299	3	1	1
OTU_671_18S_3_200	OTU_868_18S_3_200	0.616955280303955	1	0.429484	-0.371722	0.365634	3	1	1
OTU_698_18S_022_3	OTU_787_18S_3_200	0.722384936171104	1	0.509218	-0.442675	0.201798	3	1	1
OTU_787_18S_022_3	OTU_787_18S_3_200	0.556239092076521	1	0.578796	-0.264310	0.335664	3	1	1
OTU_1304_18S_022_3	OTU_787_18S_3_200	0.788710296154022	1	0.670400	-0.562472	0.401598	3	1	1
OTU_605_18S_3_200	OTU_871_18S_3_200	0.60312557220459	1	0.480453	-0.371020	0.467532	3	1	1
ASV_229_16S_022_3	OTU_866_18S_3_200	0.854418705198471	1	0.646807	-0.646807	0.666334	3	1	1
ASV_306_16S_022_3	OTU_866_18S_3_200	0.56661152131962	1	0.682767	-0.682767	0.866134	3	1	1
ASV_635_16S_022_3	OTU_866_18S_3_200	0.778186716824979	1	0.484794	-0.427032	0.166833	3	1	1
OTU_106_18S_3_200	OTU_767_18S_3_200	0.564995456815127	1	1.032176	-0.892678	0.000999	3	1	1
OTU_536_18S_3_200	OTU_767_18S_3_200	0.923722155924654	1	0.837088	-0.758041	0.533467	3	1	1
ASV_1215_16S_022_3	OTU_879_18S_3_200	-0.694899022579193	1	0.807726	-0.731369	0.634366	3	1	1
ASV_1551_16S_022_3	OTU_879_18S_3_200	0.551559627929855	1	0.785924	-0.785924	0.933067	3	1	1
OTU_430_18S_022_3	OTU_879_18S_3_200	0.520306952770721	1	0.587951	-0.587951	0.701299	3	1	1
ASV_2004_16S_3_200	OTU_879_18S_3_200	0.754240930080414	1	0.625005	-0.471302	0.666334	3	1	1
OTU_2919_18S_022_3	OTU_886_18S_3_200	0.641616821289062	1	0.541334	-0.550632	0.200799	3	1	1
ASV_636_16S_022_3	OTU_889_18S_3_200	0.777557522352026	1	0.516648	-0.516648	0.934066	3	1	1
OTU_756_18S_3_200	OTU_889_18S_3_200	0.545809626579285	1	0.474137	-0.474137	0.867133	3	1	1
ASV_376_16S_022_3	OTU_855_18S_3_200	0.54478	1	0.404007	-0.264509	0.834166	3	1	1
ASV_606_16S_022_3	OTU_855_18S_3_200	0.572175860404968	1	0.406323	-0.295707	0.567433	3	1	1
OTU_756_18S_3_200	OTU_855_18S_3_200	0.902316779976552	1	0.567243	-0.357996	0.933067	3	1	1
ASV_322_16S_022_3	OTU_829_18S_3_200	0.520734548568726	1	0.603203	-0.536143	0.566434	3	1	1
ASV_969_16S_022_3	OTU_829_18S_3_200	0.650705814361572	1	0.660965	-0.620097	0.199800	3	1	1
OTU_142_18S_3_200	OTU_829_18S_3_200	0.531307756900787	1	0.458895	-0.446908	0.033966	3	1	1
OTU_136_18S_3_200	OTU_902_18S_3_200	0.556385486975792	1	0.747632	-0.544475	0.767233	3	1	1
ASV_2093_16S_022_3	OTU_923_18S_3_200	0.739851355552673	1	0.483572	-0.346763	0.666334	3	1	1
OTU_243_18S_022_3	OTU_924_18S_3_200	0.584933042526245	1	0.425809	-0.368047	0.000999	3	1	1
OTU_68_18S_3_200	OTU_924_18S_3_200	0.663869500160217	1	0.425809	-0.200139	0.934066	3	1	1
OTU_778_18S_3_200	OTU_924_18S_3_200	0.764285027980804	1	0.541334	-0.474274	0.700300	3	1	1
ASV_600_16S_022_3	OTU_932_18S_3_200	0.539935827255249	1	0.567243	-0.442421	0.668332	3	1	1
OTU_456_18S_3_200	OTU_932_18S_3_200	0.696654009316573	1	0.713342	-0.573844	0.434565	3	1	1
OTU_183_18S_3_200	OTU_962_18S_3_200	0.767857248689057	1	0.427451	-0.318017	0.332667	3	1	1
OTU_303_18S_3_200	OTU_904_18S_3_200	0.537972768409211	1	0.767837	-0.489312	0.868132	3	1	1
OTU_222_18S_022_3	OTU_960_18S_3_200	0.584887325763702	1	0.486585	-0.486585	1.000000	3	1	1
OTU_413_18S_022_3	OTU_911_18S_3_200	0.608649946399526	1	0.753679	-0.715500	0.334665	3	1	1
OTU_850_18S_022_3	OTU_911_18S_3_200	0.599166617194882	1	0.771105	-0.704045	0.668332	3	1	1
OTU_82_18S_3_200	OTU_911_18S_3_200	0.972460842059789	1	0.805394	-0.805394	0.533467	3	1	1
OTU_268_18S_3_200	OTU_911_18S_3_200	0.521265923976898	1	0.747632	-0.747632	0.867133	3	1	1
OTU_456_18S_3_200	OTU_911_18S_3_200	0.583918571472168	1	0.525609	-0.525609	0.833167	3	1	1
OTU_904_18S_3_200	OTU_911_18S_3_200	0.888572037220001	1	0.863156	-0.824977	0.600400	3	1	1
ASV_500_16S_022_3	OTU_994_18S_3_200	0.571090817451477	1	0.542557	-0.542557	1.000000	3	1	1
OTU_498_18S_022_3	OTU_994_18S_3_200	0.537228851249598	1	0.508272	-0.441212	0.666334	3	1	1
ASV_1566_16S_022_3	OTU_909_18S_3_200	0.764240145683289	1	0.670400	-0.603340	0.500500	3	1	1
ASV_787_16S_3_200	OTU_909_18S_3_200	0.564357280731201	1	0.574419	-0.458895	0.734266	3	1	1
OTU_128_18S_3_200	OTU_909_18S_3_200	0.608791470527649	1	0.550121	-0.367537	0.835165	3	1	1
OTU_351_18S_3_200	OTU_909_18S_3_200	0.522869278230343	1	0.572301	-0.485658	0.566434	3	1	1
OTU_476_18S_3_200	OTU_937_18S_3_200	0.548910856246948	1	0.597529	-0.434058	0.835165	3	1	1
ASV_762_16S_022_3	OTU_985_18S_3_200	0.83281690584828	1	0.542557	-0.403059	0.701299	3	1	1
ASV_1439_16S_3_200	OTU_985_18S_3_200	0.537500739097595	1	0.487679	-0.348180	0.800200	3	1	1
ASV_1088_16S_022_3	OTU_997_18S_3_200	0.719720855082893	1	0.439968	-0.439968	0.833167	3	1	1
OTU_582_18S_022_3	OTU_997_18S_3_200	0.546237349510193	1	0.494846	-0.379321	0.533467	3	1	1
ASV_101_16S_3_200	OTU_997_18S_3_200	0.63292054541579	1	0.493623	-0.493623	0.866134	3	1	1
ASV_673_16S_3_200	OTU_997_18S_3_200	0.612465600688041	1	0.519532	-0.532801	0.800200	3	1	1
OTU_103_18S_3_200	OTU_997_18S_3_200	0.520449881854371	1	0.458885	-0.458885	0.700300	3	1	1
ASV_321_16S_3_200	OTU_973_18S_3_200	0.794958112920503	1	0.739521	-0.652877	0.367632	3	1	1
OTU_1628_18S_022_3	OTU_989_18S_3_200	0.786382295819311	1	0.599096	-0.599096	1.000000	3	1	1
OTU_2662_18S_022_3	OTU_989_18S_3_200	0.796351985928693	1	0.656858	-0.656858	1.000000	3	1	1
OTU_2876_18S_022_3	OTU_989_18S_3_200	0.635132672982882	1	0.599096	-0.599096	0.934066	3	1	1
ASV_482_16S_022_3	OTU_1019_18S_3_200	-0.543280691315995	1	0.366306	-0.366306	0.466533	3	1	1
OTU_902_18S_022_3	OTU_1019_18S_3_200	0.835172318795718	1	0.734015	-0.523067	0.334665	3	1	1
OTU_166_18S_3_200	OTU_1019_18S_3_200	0.795313165479338	1	0.843771	-0.478602	0.401598	3	1	1
OTU_543_18S_022_3	OTU_505_18S_3_200	-0.717455423405507	1	0.404266	0.192940	nan	3	1	1
ASV_1587_16S_022_3	OTU_1034_18S_3_200	0.60545	1	0.593441	-0.593441	0.933067	3	1	1
OTU_71_18S_022_3	OTU_1034_18S_3_200	0.760660635955286	1	0.645052	-0.645052	1.000000	3	1	1
OTU_1460_18S_022_3	OTU_859_18S_3_200	0.695137321949005	1	0.599096	-0.599096	0.933067	3	1	1
OTU_3598_18S_022_3	OTU_859_18S_3_200	0.659062938303296	1	0.567243	-0.480599	0.400599	3	1	1
OTU_6834_18S_022_3	OTU_859_18S_3_200	0.818696724344045	1	0.461770	-0.461770	1.000000	3	1	1
ASV_1593_16S_022_3	OTU_965_18S_3_200	0.524856626987457	1	0.541334	-0.541334	0.933067	3	1	1
OTU_506_18S_3_200	OTU_965_18S_3_200	0.603670443194798	1	0.569695	-0.511933	0.567433	3	1	1
OTU_625_18S_3_200	OTU_965_18S_3_200	0.680230796337128	1	0.492737	-0.384809	0.533467	3	1	1
OTU_166_18S_3_200	OTU_982_18S_3_200	0.714545473384233	1	0.534366	-0.139328	0.368631	3	1	1
ASV_1029_16S_022_3	OTU_1023_18S_3_200	0.563713729381561	1	0.379992	-0.214302	0.701299	3	1	1
OTU_362_18S_3_200	OTU_1023_18S_3_200	0.627535191969396	1	0.475973	-0.252520	0.800200	3	1	1
OTU_534_18S_3_200	OTU_833_18S_3_200	0.87819	1	0.735144	-0.677382	0.434565	3	1	1
ASV_1551_16S_022_3	OTU_1086_18S_3_200	0.529740452766418	1	0.379992	-0.379992	0.933067	3	1	1
OTU_506_18S_3_200	OTU_1086_18S_3_200	0.572181339467952	1	0.511271	-0.230057	0.868132	3	1	1
OTU_151_18S_3_200	OTU_1076_18S_3_200	0.611498534679413	1	0.788351	-0.651025	0.066933	3	1	1
OTU_909_18S_3_200	OTU_1076_18S_3_200	0.616625905036926	1	0.666854	-0.609092	0.134865	3	1	1
OTU_136_18S_3_200	OTU_1095_18S_3_200	0.670397520065308	1	0.794444	-0.576612	0.167832	3	1	1
OTU_467_18S_3_200	OTU_1095_18S_3_200	0.683226943016052	1	0.638154	-0.638154	0.532468	3	1	1
OTU_2389_18S_022_3	OTU_1106_18S_3_200	0.822816312126919	1	0.599096	-0.483572	0.667333	3	1	1
OTU_989_18S_3_200	OTU_1106_18S_3_200	-0.574237704277039	1	0.493623	-0.493623	1.000000	3	1	1
ASV_1705_16S_022_3	OTU_1114_18S_3_200	0.754423745836762	1	0.442284	-0.442284	0.766234	3	1	1
OTU_469_18S_022_3	OTU_1114_18S_3_200	0.568804434950186	1	0.404021	-0.404021	1.000000	3	1	1
OTU_322_18S_3_200	OTU_1114_18S_3_200	0.58258222312921	1	0.442284	-0.442284	0.899101	3	1	1
ASV_874_16S_022_3	OTU_1121_18S_3_200	0.555583477020264	1	0.502498	-0.502498	0.701299	3	1	1
OTU_1195_18S_022_3	OTU_1121_18S_3_200	0.534459986661994	1	0.569034	-0.569034	0.300699	3	1	1
OTU_398_18S_3_200	OTU_1121_18S_3_200	0.658962965011597	1	0.497730	-0.497730	0.734266	3	1	1
ASV_636_16S_022_3	OTU_1105_18S_3_200	0.544116935368011	1	0.432090	-0.275698	0.801199	3	1	1
OTU_960_18S_3_200	OTU_1105_18S_3_200	0.966861128807068	1	0.609753	-0.609753	1.000000	3	1	1
ASV_986_16S_022_3	OTU_1104_18S_3_200	0.786001246109744	1	0.461770	-0.461770	1.000000	3	1	1
ASV_1804_16S_022_3	OTU_1104_18S_3_200	0.751133024692535	1	0.492737	-0.492737	0.632368	3	1	1
OTU_353_18S_3_200	OTU_1104_18S_3_200	0.619797945022583	1	0.486585	-0.275120	0.666334	3	1	1
OTU_547_18S_3_200	OTU_1148_18S_3_200	0.861022609045017	1	0.500922	-0.418198	0.532468	3	1	1
OTU_598_18S_3_200	OTU_1148_18S_3_200	0.765477255344296	1	0.681296	-0.535902	0.466533	3	1	1
OTU_871_18S_3_200	OTU_1148_18S_3_200	0.778346397277697	1	0.577975	-0.425502	0.601399	3	1	1
OTU_767_18S_3_200	OTU_1148_18S_3_200	-0.557003921178357	1	0.720061	-0.554371	0.466533	3	1	1
OTU_534_18S_3_200	OTU_1027_18S_3_200	-0.657626833181375	1	0.590557	-0.561676	0.099900	3	1	1
OTU_833_18S_3_200	OTU_1027_18S_3_200	0.93664019462119	1	0.710458	-0.421647	0.768232	3	1	1
OTU_517_18S_3_200	OTU_1146_18S_3_200	0.752284539012712	1	0.361741	-0.198270	0.333666	3	1	1
OTU_144_18S_022_3	OTU_1111_18S_3_200	-0.593019247055054	1	0.403391	-0.461153	0.534466	3	1	1
OTU_794_18S_022_3	OTU_1144_18S_3_200	0.798082844223317	1	0.415758	-0.276260	0.432567	3	1	1
OTU_86_18S_022_3	OTU_1207_18S_3_200	0.765082657337189	1	0.356297	-0.298534	0.100899	3	1	1
OTU_622_18S_3_200	OTU_1207_18S_3_200	0.618592977523804	1	0.519532	-0.519532	0.733267	3	1	1
OTU_101_18S_3_200	OTU_1214_18S_3_200	0.591863751411438	1	0.649428	-0.584587	0.100899	3	1	1
OTU_622_18S_3_200	OTU_1214_18S_3_200	0.704983234405518	1	0.648598	-0.578849	0.134865	3	1	1
ASV_473_16S_022_3	OTU_1127_18S_3_200	0.602486798472205	1	0.615437	-0.525263	0.300699	3	1	1
ASV_448_16S_3_200	OTU_1127_18S_3_200	0.640877060836573	1	0.680843	-0.680843	0.833167	3	1	1
OTU_270_18S_3_200	OTU_1127_18S_3_200	0.673674229209753	1	0.772642	-0.685999	0.334665	3	1	1
OTU_734_18S_3_200	OTU_1127_18S_3_200	0.557827935493533	1	0.738606	-0.641676	0.133866	3	1	1
ASV_1720_16S_022_3	OTU_1165_18S_3_200	0.523627698421478	1	0.327421	-0.327421	0.933067	2	1	1
OTU_860_18S_022_3	OTU_1165_18S_3_200	0.725718647375468	1	0.448834	-0.297349	0.200799	3	1	1
OTU_2389_18S_022_3	OTU_1165_18S_3_200	0.598737033052556	1	0.483572	-0.413823	0.000999	3	1	1
OTU_711_18S_3_200	OTU_1165_18S_3_200	0.651357750578378	1	0.300850	-0.231101	0.602398	3	1	1
ASV_732_16S_022_3	OTU_1123_18S_3_200	0.612085852102872	1	0.615243	-0.452243	0.734266	3	1	1
ASV_1439_16S_022_3	OTU_1123_18S_3_200	0.627038538455963	1	0.477917	-0.410857	0.701299	3	1	1
ASV_1541_16S_022_3	OTU_1123_18S_3_200	0.535655521213001	1	0.577294	-0.577294	0.766234	3	1	1
OTU_1123_18S_022_3	OTU_1123_18S_3_200	0.544425362929777	1	0.673006	-0.586362	0.167832	3	1	1
OTU_373_18S_022_3	OTU_1233_18S_3_200	0.551920763272844	1	0.509481	-0.509481	0.701299	3	1	1
OTU_537_18S_022_3	OTU_1233_18S_3_200	0.59015	1	0.509481	-0.439731	0.232767	3	1	1
OTU_1104_18S_022_3	OTU_1233_18S_3_200	0.565175712108612	1	0.408776	-0.322132	0.000999	3	1	1
OTU_325_18S_3_200	OTU_1252_18S_3_200	0.562449891190845	1	0.713342	-0.646282	0.634366	3	1	1
OTU_817_18S_3_200	OTU_1252_18S_3_200	0.728990975047014	1	0.691540	-0.547135	0.268731	3	1	1
OTU_868_18S_3_200	OTU_1252_18S_3_200	0.720247714815813	1	0.609753	-0.494229	0.634366	3	1	1
ASV_720_16S_022_3	OTU_1256_18S_3_200	0.645399934138209	1	0.762332	-0.521985	0.201798	3	1	1
OTU_234_18S_022_3	OTU_1256_18S_3_200	-0.856046873157926	1	0.471218	-0.382874	0.501499	3	1	1
ASV_1963_16S_3_200	OTU_1256_18S_3_200	0.559617232693031	1	0.627457	-0.627457	0.733267	3	1	1
OTU_191_18S_3_200	OTU_1263_18S_3_200	0.72349	1	0.603203	-0.603203	1.000000	3	1	1
ASV_1658_16S_022_3	OTU_1266_18S_3_200	0.678359417964235	1	0.520755	-0.412827	0.433566	3	1	1
OTU_327_18S_022_3	OTU_1266_18S_3_200	0.53177558825833	1	0.437083	-0.230525	0.601399	3	1	1
OTU_850_18S_022_3	OTU_1266_18S_3_200	0.54564380645752	1	0.554597	-0.345350	0.467532	3	1	1
OTU_625_18S_3_200	OTU_1266_18S_3_200	0.807101478991235	1	0.489191	-0.299527	0.600400	3	1	1
ASV_1727_16S_022_3	OTU_1286_18S_3_200	0.687693476676941	1	0.546102	-0.546102	0.933067	3	1	1
OTU_1050_18S_022_3	OTU_1286_18S_3_200	0.734736107477033	1	0.542557	-0.542557	1.000000	3	1	1
OTU_1506_18S_022_3	OTU_1286_18S_3_200	0.840685507488788	1	0.541334	-0.541334	0.933067	3	1	1
ASV_91_16S_022_3	OTU_1202_18S_3_200	0.735523819923401	1	0.502499	-0.444737	0.300699	3	1	1
ASV_910_16S_022_3	OTU_1202_18S_3_200	0.544376969337463	1	0.386974	-0.386974	0.934066	3	1	1
ASV_1029_16S_022_3	OTU_1202_18S_3_200	0.801478559300357	1	0.574419	-0.430014	0.200799	3	1	1
OTU_1789_18S_022_3	OTU_1258_18S_3_200	0.54513	1	0.483572	-0.413823	0.666334	3	1	1
OTU_351_18S_3_200	OTU_1258_18S_3_200	0.84916517191147	1	0.531283	-0.490415	0.132867	3	1	1
OTU_537_18S_3_200	OTU_1258_18S_3_200	0.546194540238953	1	0.495322	-0.384705	0.633367	3	1	1
OTU_1086_18S_3_200	OTU_1258_18S_3_200	0.644280016422272	1	0.276835	-0.166218	0.634366	3	1	1
ASV_500_16S_022_3	OTU_1296_18S_3_200	0.707404494285583	1	0.468051	-0.468051	1.000000	3	1	1
OTU_1801_18S_022_3	OTU_1296_18S_3_200	0.592135737717815	1	0.577294	-0.577294	1.000000	3	1	1
OTU_741_18S_3_200	OTU_1296_18S_3_200	0.713880002498627	1	0.603203	-0.603203	1.000000	3	1	1
OTU_938_18S_022_3	OTU_1290_18S_3_200	0.726263999938965	1	0.634440	-0.518915	0.466533	3	1	1
OTU_1801_18S_022_3	OTU_1290_18S_3_200	0.766086161136627	1	0.425809	-0.425809	1.000000	3	1	1
ASV_502_16S_022_3	OTU_1309_18S_3_200	0.542563557624817	1	0.364382	-0.283830	0.199800	3	1	1
OTU_3326_18S_022_3	OTU_1309_18S_3_200	0.573466420173645	1	0.338985	-0.338985	0.666334	3	1	1
ASV_113_16S_3_200	OTU_1309_18S_3_200	-0.742676826304893	1	0.271654	-0.281469	0.333666	3	1	1
ASV_600_16S_022_3	OTU_1159_18S_3_200	0.770214704778068	1	0.682767	-0.413539	0.834166	3	1	1
OTU_1086_18S_3_200	OTU_1159_18S_3_200	0.530567824840546	1	0.590836	-0.210991	0.801199	3	1	1
ASV_1233_16S_022_3	OTU_1172_18S_3_200	0.62076610326767	1	0.573132	-0.217260	0.867133	3	1	1
OTU_842_18S_3_200	OTU_1172_18S_3_200	0.725836634635925	1	0.567243	-0.329115	0.698302	3	1	1
OTU_868_18S_022_3	OTU_1332_18S_3_200	0.60552442073822	1	0.625005	-0.488196	0.700300	3	1	1
OTU_1575_18S_022_3	OTU_1332_18S_3_200	0.769254445047169	1	0.603203	-0.603203	0.801199	3	1	1
OTU_292_18S_3_200	OTU_1337_18S_3_200	0.597623988359216	1	0.356297	-0.269653	0.399600	3	1	1
ASV_613_16S_022_3	OTU_1345_18S_3_200	0.574559986591339	1	0.541334	-0.425809	0.866134	3	1	1
ASV_1720_16S_022_3	OTU_1345_18S_3_200	0.803938448429108	1	0.704569	-0.704569	0.365634	3	1	1
ASV_1858_16S_022_3	OTU_1345_18S_3_200	0.70124	1	0.461770	-0.423591	0.468531	3	1	1
ASV_1287_16S_3_200	OTU_1345_18S_3_200	0.93740523790582	1	0.589045	-0.502401	0.766234	3	1	1
ASV_1457_16S_3_200	OTU_1345_18S_3_200	0.61772351087556	1	0.682767	-0.529064	0.666334	3	1	1
OTU_2305_18S_022_3	OTU_1347_18S_3_200	0.895434499995884	1	0.509481	-0.509481	1.000000	3	1	1
OTU_3213_18S_022_3	OTU_1347_18S_3_200	0.533297419548035	1	0.461770	-0.394710	0.533467	3	1	1
OTU_1304_18S_022_3	OTU_1304_18S_3_200	0.881154954433441	1	0.865489	-0.749964	0.400599	3	1	1
OTU_613_18S_3_200	OTU_1304_18S_3_200	0.52689	1	0.749964	-0.596261	0.800200	3	1	1
OTU_62_18S_3_200	OTU_1313_18S_3_200	0.642323970794678	1	0.535679	-0.390285	0.133866	3	1	1
OTU_142_18S_3_200	OTU_1313_18S_3_200	0.534894287586212	1	0.516657	-0.434921	0.099900	3	1	1
OTU_866_18S_3_200	OTU_1313_18S_3_200	0.663767357008397	1	0.625005	-0.555256	0.234765	3	1	1
OTU_456_18S_022_3	OTU_1291_18S_3_200	0.678274997875225	1	0.685389	-0.656508	0.533467	3	1	1
OTU_698_18S_3_200	OTU_1291_18S_3_200	0.950344182049141	1	0.905164	-0.693698	0.533467	3	1	1
OTU_2317_18S_022_3	OTU_1245_18S_3_200	0.582888782024384	1	0.352143	-0.227006	0.266733	3	1	1
OTU_467_18S_3_200	OTU_1334_18S_3_200	0.531966896417518	1	0.576677	-0.576677	1.000000	3	1	1
ASV_1556_16S_022_3	OTU_1374_18S_3_200	0.78517	1	0.519532	-0.481353	0.535465	3	1	1
OTU_931_18S_022_3	OTU_1374_18S_3_200	0.656732765386267	1	0.541334	-0.454691	0.534466	3	1	1
OTU_1202_18S_022_3	OTU_1374_18S_3_200	0.540460884571075	1	0.356297	-0.269653	0.501499	3	1	1
OTU_879_18S_3_200	OTU_1374_18S_3_200	0.526987314224243	1	0.599096	-0.300987	0.934066	3	1	1
OTU_1304_18S_3_200	OTU_1358_18S_3_200	0.638780096718483	1	0.656858	-0.425809	0.733267	3	1	1
ASV_1065_16S_022_3	OTU_1355_18S_3_200	0.615835428237915	1	0.547893	-0.316844	0.532468	3	1	1
OTU_1761_18S_022_3	OTU_1355_18S_3_200	0.632507801055908	1	0.439968	-0.208919	0.566434	3	1	1
OTU_291_18S_3_200	OTU_1399_18S_3_200	0.540849913305176	1	0.710458	-0.643398	0.500500	3	1	1
OTU_432_18S_022_3	OTU_1404_18S_3_200	0.820683073006955	1	0.487679	-0.439214	0.666334	3	1	1
OTU_16_18S_3_200	OTU_1335_18S_3_200	0.570555031299591	1	0.553085	-0.413586	0.568432	3	1	1
ASV_165_16S_022_3	OTU_1398_18S_3_200	0.542954921722412	1	0.435861	-0.435861	0.934066	3	1	1
ASV_705_16S_022_3	OTU_1398_18S_3_200	0.533252410470013	1	0.380415	-0.264890	0.600400	3	1	1
ASV_1406_16S_022_3	OTU_1398_18S_3_200	0.87376212598004	1	0.599096	-0.599096	1.000000	3	1	1
ASV_1541_16S_022_3	OTU_1398_18S_3_200	0.854892567841709	1	0.493623	-0.493623	0.699301	3	1	1
OTU_839_18S_3_200	OTU_1398_18S_3_200	0.641159215775634	1	0.435861	-0.320336	0.800200	3	1	1
OTU_12_18S_3_200	OTU_1444_18S_3_200	0.656699597835541	1	0.434591	-0.331256	0.466533	3	1	1
OTU_293_18S_3_200	OTU_1444_18S_3_200	0.854489743709564	1	0.577294	-0.423591	0.767233	3	1	1
OTU_778_18S_3_200	OTU_1444_18S_3_200	0.690934956073761	1	0.728162	-0.516697	0.834166	3	1	1
ASV_229_16S_022_3	OTU_1431_18S_3_200	0.56238	1	0.531283	-0.377579	0.666334	3	1	1
ASV_886_16S_022_3	OTU_1431_18S_3_200	0.792329319999864	1	0.509481	-0.240253	0.867133	3	1	1
ASV_184_16S_022_3	OTU_1390_18S_3_200	0.598965764045715	1	0.377212	-0.280283	0.433566	3	1	1
ASV_578_16S_022_3	OTU_1390_18S_3_200	0.78042183202931	1	0.391111	-0.365632	0.067932	3	1	1
ASV_1050_16S_022_3	OTU_1390_18S_3_200	0.718919348563463	1	0.456011	-0.374470	0.100899	3	1	1
OTU_1146_18S_3_200	OTU_1390_18S_3_200	0.550096029576892	1	0.590836	-0.396977	0.333666	3	1	1
ASV_550_16S_022_3	OTU_1364_18S_3_200	0.57638555765152	1	0.447611	-0.447611	0.866134	3	1	1
OTU_1609_18S_022_3	OTU_1364_18S_3_200	0.547612845897675	1	0.378099	-0.378099	0.933067	3	1	1
OTU_866_18S_3_200	OTU_1364_18S_3_200	0.687280118465424	1	0.541334	-0.541334	0.933067	3	1	1
ASV_248_16S_022_3	OTU_1397_18S_3_200	0.528887359691286	1	0.497730	-0.259602	0.033966	3	1	1
ASV_1328_16S_022_3	OTU_1397_18S_3_200	0.900013983249664	1	0.483572	-0.274325	0.033966	3	1	1
OTU_844_18S_022_3	OTU_1397_18S_3_200	0.728366508299084	1	0.519532	-0.519532	0.600400	3	1	1
OTU_3429_18S_022_3	OTU_1397_18S_3_200	0.880676630765595	1	0.519532	-0.449783	0.000999	3	1	1
OTU_236_18S_3_200	OTU_1397_18S_3_200	-0.54212260916513	1	0.437083	-0.367334	0.033966	3	1	1
OTU_231_18S_3_200	OTU_1329_18S_3_200	0.570814251899719	1	0.502499	-0.166211	0.668332	3	1	1
OTU_1355_18S_3_200	OTU_1329_18S_3_200	0.573278427124023	1	0.569034	-0.230057	0.533467	3	1	1
OTU_413_18S_3_200	OTU_1346_18S_3_200	0.953685462474823	1	0.792738	-0.751870	0.200799	3	1	1
OTU_467_18S_3_200	OTU_1346_18S_3_200	0.694169759750366	1	0.674115	-0.674115	0.933067	3	1	1
ASV_824_16S_022_3	OTU_1406_18S_3_200	0.530099034309387	1	0.543650	-0.543650	0.833167	3	1	1
ASV_1541_16S_022_3	OTU_1485_18S_3_200	0.542082469911349	1	0.414059	-0.414059	0.832168	3	1	1
OTU_2539_18S_022_3	OTU_1485_18S_3_200	0.798711526509009	1	0.414059	-0.298534	0.901099	3	1	1
OTU_260_18S_3_200	OTU_1485_18S_3_200	0.985888178351873	1	0.577294	-0.461770	0.700300	3	1	1
OTU_910_18S_3_200	OTU_1485_18S_3_200	0.71941007578032	1	0.325105	-0.428642	0.666334	3	1	1
OTU_807_18S_022_3	OTU_1222_18S_3_200	0.726981156483251	1	0.324443	-0.295562	0.333666	3	1	1
OTU_1283_18S_022_3	OTU_1222_18S_3_200	0.713336825370789	1	0.456115	-0.444128	0.133866	3	1	1
ASV_1481_16S_022_3	OTU_1394_18S_3_200	0.603710206811199	1	0.599096	-0.599096	0.399600	3	1	1
OTU_817_18S_022_3	OTU_1394_18S_3_200	0.643196390289054	1	0.599096	-0.599096	0.933067	3	1	1
OTU_1902_18S_022_3	OTU_1394_18S_3_200	0.596528589725494	1	0.435861	-0.435861	1.000000	3	1	1
ASV_91_16S_022_3	OTU_1363_18S_3_200	0.851344585418701	1	0.612638	-0.497113	0.635365	3	1	1
OTU_1756_18S_022_3	OTU_1511_18S_3_200	0.963978115319969	1	0.497730	-0.497730	1.000000	3	1	1
OTU_683_18S_3_200	OTU_1511_18S_3_200	0.815026827169465	1	0.356297	-0.298534	0.400599	3	1	1
OTU_1417_18S_3_200	OTU_1511_18S_3_200	0.528539299964905	1	0.356297	-0.269653	0.600400	3	1	1
OTU_2135_18S_022_3	OTU_1514_18S_3_200	0.692224838281285	1	0.416375	-0.416375	0.799201	3	1	1
OTU_17_18S_3_200	OTU_1509_18S_3_200	-0.536725155989333	1	0.362586	-0.341302	0.101898	3	1	1
OTU_800_18S_3_200	OTU_1509_18S_3_200	0.889137447107815	1	0.639751	-0.427297	0.734266	3	1	1
OTU_767_18S_3_200	OTU_1509_18S_3_200	0.911855147271272	1	0.894850	-0.642516	0.700300	3	1	1
OTU_1148_18S_3_200	OTU_1509_18S_3_200	0.744370282868736	1	0.882074	-0.509826	0.733267	3	1	1
ASV_644_16S_022_3	OTU_1365_18S_3_200	0.638683566493031	1	0.497730	-0.411087	0.433566	3	1	1
ASV_1697_16S_022_3	OTU_1365_18S_3_200	0.592256799624236	1	0.483572	-0.483572	1.000000	3	1	1
OTU_1398_18S_3_200	OTU_1365_18S_3_200	0.713348149912762	1	0.356297	-0.269653	0.600400	3	1	1
OTU_1557_18S_022_3	OTU_1274_18S_3_200	0.885526239871979	1	0.577294	-0.443174	0.602398	3	1	1
OTU_1767_18S_022_3	OTU_1274_18S_3_200	-0.963859975337982	1	0.599096	-0.599096	0.834166	3	1	1
ASV_1481_16S_022_3	OTU_1405_18S_3_200	0.603370268017859	1	0.541334	-0.454691	0.166833	3	1	1
OTU_1358_18S_3_200	OTU_1405_18S_3_200	0.574037772513176	1	0.493623	-0.493623	0.934066	3	1	1
ASV_248_16S_022_3	OTU_1318_18S_3_200	0.566479086875916	1	0.386974	-0.276357	0.000999	3	1	1
ASV_1645_16S_022_3	OTU_1477_18S_3_200	0.931314571789164	1	0.682767	-0.596124	0.632368	3	1	1
OTU_2812_18S_022_3	OTU_1477_18S_3_200	0.57489025592804	1	0.497730	-0.497730	1.000000	3	1	1
OTU_1165_18S_3_200	OTU_1477_18S_3_200	0.580877780914307	1	0.293251	-0.182634	0.602398	2	1	1
OTU_353_18S_3_200	OTU_1557_18S_3_200	0.556630465807262	1	0.609092	-0.551330	0.333666	3	1	1
OTU_817_18S_3_200	OTU_1557_18S_3_200	0.702475514893765	1	0.633778	-0.576016	0.466533	3	1	1
ASV_1244_16S_022_3	OTU_1562_18S_3_200	0.833435192597811	1	0.356297	-0.356297	0.833167	3	1	1
ASV_1401_16S_022_3	OTU_1391_18S_3_200	0.54699969291687	1	0.356297	-0.356297	1.000000	3	1	1
OTU_791_18S_3_200	OTU_1391_18S_3_200	0.981620285775437	1	0.519532	-0.519532	1.000000	3	1	1
OTU_1286_18S_3_200	OTU_1367_18S_3_200	0.800984591874868	1	0.589045	-0.589045	0.933067	3	1	1
OTU_1245_18S_3_200	OTU_1576_18S_3_200	0.568415284156799	1	0.445865	-0.227006	0.635365	3	1	1
OTU_1511_18S_3_200	OTU_1627_18S_3_200	0.981233179569244	1	0.577294	-0.404007	0.399600	3	1	1
ASV_1569_16S_022_3	OTU_1611_18S_3_200	0.85914394623047	1	0.519532	-0.519532	0.934066	3	1	1
OTU_86_18S_022_3	OTU_1611_18S_3_200	0.521582247619806	1	0.356297	-0.356297	1.000000	3	1	1
ASV_606_16S_022_3	OTU_1592_18S_3_200	0.709993124008179	1	0.625005	-0.471302	0.833167	3	1	1
OTU_1195_18S_022_3	OTU_1592_18S_3_200	0.665553748607635	1	0.612638	-0.545578	0.333666	3	1	1
ASV_1986_16S_022_3	OTU_1607_18S_3_200	0.823009610176086	1	0.634440	-0.403391	0.900100	3	1	1
OTU_348_18S_3_200	OTU_1607_18S_3_200	0.560490131378174	1	0.309006	-0.106839	0.800200	3	1	1
OTU_1213_18S_022_3	OTU_1646_18S_3_200	0.741976737976074	1	0.577294	-0.577294	1.000000	3	1	1
OTU_699_18S_3_200	OTU_1646_18S_3_200	0.536649405956268	1	0.408776	-0.341716	0.401598	3	1	1
ASV_767_16S_022_3	OTU_1577_18S_3_200	0.694773554801941	1	0.701606	-0.594537	0.233766	3	1	1
OTU_2439_18S_022_3	OTU_1577_18S_3_200	-0.533825635910034	1	0.403391	0.594180	nan	3	1	1
OTU_1347_18S_3_200	OTU_1650_18S_3_200	0.629656255245209	1	0.406323	-0.406323	1.000000	3	1	1
OTU_641_18S_3_200	OTU_1536_18S_3_200	0.81868052482605	1	0.612638	-0.641519	0.066933	3	1	1
ASV_1482_16S_022_3	OTU_1219_18S_3_200	0.571813464164734	1	0.483572	-0.483572	1.000000	3	1	1
ASV_1825_16S_022_3	OTU_1219_18S_3_200	0.790821969509125	1	0.541334	-0.454691	0.234765	3	1	1
OTU_519_18S_022_3	OTU_1706_18S_3_200	0.848755023232259	1	0.656858	-0.656858	0.934066	3	1	1
ASV_760_16S_3_200	OTU_1706_18S_3_200	0.787575817928278	1	0.541334	-0.541334	0.532468	3	1	1
OTU_1609_18S_022_3	OTU_1702_18S_3_200	0.722901821136475	1	0.356297	-0.298534	0.166833	3	1	1
OTU_653_18S_3_200	OTU_1702_18S_3_200	0.795172920225669	1	0.439968	-0.382205	0.266733	3	1	1
OTU_146_18S_3_200	OTU_1732_18S_3_200	0.854196621766633	1	0.567243	-0.302923	0.668332	3	1	1
OTU_1406_18S_3_200	OTU_1732_18S_3_200	0.964464366436005	1	0.682767	-0.529064	0.768232	3	1	1
OTU_714_18S_022_3	OTU_1721_18S_3_200	0.5437	1	0.486585	-0.292727	0.566434	3	1	1
OTU_964_18S_022_3	OTU_1721_18S_3_200	0.70838	1	0.348129	-0.138882	0.467532	3	1	1
OTU_1304_18S_3_200	OTU_1767_18S_3_200	0.945579065809559	1	0.703476	-0.436467	0.799201	3	1	1
OTU_1358_18S_3_200	OTU_1767_18S_3_200	0.586193263530731	1	0.437083	-0.297585	0.467532	3	1	1
ASV_2030_16S_022_3	OTU_1778_18S_3_200	0.798364544009059	1	0.487679	-0.487679	1.000000	3	1	1
ASV_2243_16S_022_3	OTU_1778_18S_3_200	0.579142987728119	1	0.348561	-0.348561	1.000000	3	1	1
ASV_1076_16S_022_3	OTU_1454_18S_3_200	0.67149	1	0.728993	-0.580197	0.165834	3	1	1
ASV_1795_16S_022_3	OTU_1454_18S_3_200	0.5844	1	0.554875	-0.554875	1.000000	3	1	1
OTU_1172_18S_3_200	OTU_1454_18S_3_200	0.539195358753204	1	0.582063	-0.271967	0.667333	3	1	1
OTU_1281_18S_3_200	OTU_1728_18S_3_200	0.628402352333069	1	0.497730	-0.497730	0.333666	3	1	1
OTU_931_18S_022_3	OTU_1798_18S_3_200	0.723897516727448	1	0.430578	-0.430578	1.000000	3	1	1
OTU_329_18S_3_200	OTU_1798_18S_3_200	0.86615	1	0.579562	-0.512502	0.668332	3	1	1
OTU_1111_18S_3_200	OTU_1798_18S_3_200	0.712627589702606	1	0.511933	-0.511933	0.933067	3	1	1
OTU_497_18S_3_200	OTU_1786_18S_3_200	0.525240532196184	1	0.483572	-0.483572	0.299700	3	1	1
OTU_899_18S_3_200	OTU_1786_18S_3_200	0.526550650596619	1	0.401794	-0.296085	0.167832	3	1	1
OTU_866_18S_022_3	OTU_1680_18S_3_200	0.534434795379639	1	0.483572	-0.483572	0.867133	3	1	1
OTU_16_18S_3_200	OTU_1680_18S_3_200	0.669473886489868	1	0.553085	-0.447375	0.266733	3	1	1
ASV_874_16S_022_3	OTU_1819_18S_3_200	0.551567256450653	1	0.416375	-0.416375	0.532468	3	1	1
ASV_962_16S_022_3	OTU_1819_18S_3_200	0.942846894264221	1	0.577294	-0.577294	1.000000	3	1	1
OTU_304_18S_3_200	OTU_1819_18S_3_200	0.557432028785654	1	0.322652	-0.264890	0.000999	3	1	1
OTU_232_18S_3_200	OTU_1836_18S_3_200	0.707315486173956	1	0.296519	-0.255651	0.433566	3	1	1
ASV_174_16S_022_3	OTU_1625_18S_3_200	0.613912999629974	1	0.708966	-0.555263	0.867133	3	1	1
OTU_329_18S_022_3	OTU_1625_18S_3_200	0.723625074521666	1	0.571256	-0.475315	0.599401	3	1	1
OTU_902_18S_022_3	OTU_1625_18S_3_200	0.6084263920784	1	0.554214	-0.301880	0.800200	3	1	1
OTU_902_18S_3_200	OTU_1625_18S_3_200	0.537158237368638	1	0.807065	-0.410326	0.568432	3	1	1
OTU_2736_18S_022_3	OTU_1886_18S_3_200	0.651491284370422	1	0.541334	-0.483572	0.000999	3	1	1
OTU_390_18S_3_200	OTU_1886_18S_3_200	0.690774321556091	1	0.483572	-0.368047	0.000999	3	1	1
OTU_995_18S_3_200	OTU_1886_18S_3_200	0.602667212486267	1	0.519532	-0.432889	0.167832	3	1	1
OTU_1627_18S_3_200	OTU_1886_18S_3_200	0.579313576221466	1	0.356297	-0.298534	0.333666	3	1	1
OTU_2195_18S_022_3	OTU_1906_18S_3_200	0.674421906471252	1	0.356297	-0.356297	1.000000	3	1	1
ASV_784_16S_3_200	OTU_1887_18S_3_200	-0.56778	1	0.566820	-0.443228	0.468531	3	1	1
OTU_116_18S_3_200	OTU_1887_18S_3_200	0.771227579366533	1	0.619399	-0.444290	0.201798	3	1	1
OTU_245_18S_3_200	OTU_1887_18S_3_200	0.667863796566313	1	0.695171	-0.567659	0.333666	3	1	1
ASV_501_16S_022_3	OTU_1917_18S_3_200	0.590868365958794	1	0.439968	-0.382205	0.533467	3	1	1
OTU_41_18S_022_3	OTU_1917_18S_3_200	-0.618179142475128	1	0.231999	-0.214696	0.566434	3	1	1
OTU_1094_18S_022_3	OTU_1917_18S_3_200	0.688648700714111	1	0.334495	-0.194997	0.335664	3	1	1
ASV_1201_16S_3_200	OTU_1917_18S_3_200	0.525295215506628	1	0.414059	-0.414059	0.900100	3	1	1
ASV_98_16S_022_3	OTU_1844_18S_3_200	0.597408849341195	1	0.703237	-0.525561	0.432567	3	1	1
OTU_168_18S_022_3	OTU_1844_18S_3_200	-0.684169769287109	1	0.519000	-0.480821	0.332667	3	1	1
OTU_213_18S_3_200	OTU_1844_18S_3_200	0.69969630241394	1	0.748173	-0.558510	0.433566	3	1	1
OTU_268_18S_3_200	OTU_1844_18S_3_200	0.59273	1	0.897734	-0.787117	0.066933	3	1	1
OTU_419_18S_3_200	OTU_1844_18S_3_200	0.531671265547287	1	0.835879	-0.682176	0.332667	3	1	1
OTU_902_18S_3_200	OTU_1844_18S_3_200	0.549091185437577	1	0.805394	-0.718750	0.265734	3	1	1
ASV_1695_16S_022_3	OTU_1934_18S_3_200	0.655789971351624	1	0.439968	-0.439968	1.000000	3	1	1
OTU_277_18S_3_200	OTU_1934_18S_3_200	0.843377757582171	1	0.461770	-0.420902	0.466533	3	1	1
OTU_844_18S_022_3	OTU_1884_18S_3_200	0.618247985839844	1	0.646807	-0.560164	0.000999	3	1	1
OTU_332_18S_3_200	OTU_1884_18S_3_200	0.691728591918945	1	0.749964	-0.610466	0.167832	3	1	1
ASV_2010_16S_022_3	OTU_1968_18S_3_200	0.885527605172426	1	0.435861	-0.349217	0.433566	3	1	1
OTU_1294_18S_022_3	OTU_1968_18S_3_200	0.679252445697784	1	0.356297	-0.286548	0.533467	3	1	1
ASV_1734_16S_022_3	OTU_1898_18S_3_200	0.696023881435394	1	0.414059	-0.414059	1.000000	3	1	1
OTU_1077_18S_022_3	OTU_1898_18S_3_200	0.568735557956922	1	0.577294	-0.461770	0.000999	3	1	1
OTU_2876_18S_022_3	OTU_1898_18S_3_200	0.571275643693144	1	0.541334	-0.541334	0.833167	3	1	1
OTU_2780_18S_022_3	OTU_1898_18S_3_200	0.61642	1	0.493623	-0.493623	0.600400	3	1	1
OTU_390_18S_3_200	OTU_1898_18S_3_200	0.929165542456391	1	0.483572	-0.425809	0.000999	3	1	1
ASV_1190_16S_022_3	OTU_2009_18S_3_200	0.646093995246635	1	0.713342	-0.742223	0.033966	3	1	1
ASV_2226_16S_022_3	OTU_2017_18S_3_200	0.613470673561096	1	0.346245	-0.346245	1.000000	3	1	1
OTU_393_18S_3_200	OTU_2017_18S_3_200	0.736253416410202	1	0.756946	-0.365115	0.767233	3	1	1
ASV_322_16S_022_3	OTU_2035_18S_3_200	0.56130662793398	1	0.521848	-0.435205	0.500500	3	1	1
ASV_1524_16S_3_200	OTU_2035_18S_3_200	0.557994484901428	1	0.300850	-0.127564	0.734266	3	1	1
OTU_534_18S_3_200	OTU_2035_18S_3_200	0.594667858241163	1	0.589045	-0.531283	0.467532	3	1	1
OTU_1906_18S_3_200	OTU_2035_18S_3_200	0.574574172496796	1	0.519532	-0.346245	0.667333	3	1	1
OTU_413_18S_3_200	OTU_2037_18S_3_200	0.561446785926819	1	0.462246	-0.380510	0.200799	3	1	1
OTU_477_18S_3_200	OTU_2037_18S_3_200	0.524541020393372	1	0.416375	-0.416375	0.866134	3	1	1
OTU_1023_18S_3_200	OTU_2037_18S_3_200	0.534270457546327	1	0.646807	-0.473520	0.634366	3	1	1
OTU_1463_18S_3_200	OTU_2037_18S_3_200	0.606010851810523	1	0.542557	-0.403059	0.534466	3	1	1
OTU_1649_18S_3_200	OTU_2041_18S_3_200	0.592261254787445	1	0.416375	-0.416375	0.900100	3	1	1
ASV_1481_16S_022_3	OTU_1967_18S_3_200	0.645590245723724	1	0.645714	-0.530189	0.100899	3	1	1
OTU_422_18S_3_200	OTU_1967_18S_3_200	0.548554913387449	1	0.652696	-0.652696	0.367632	3	1	1
OTU_477_18S_3_200	OTU_1967_18S_3_200	0.644236266613007	1	0.437083	-0.379321	0.732268	3	1	1
OTU_1898_18S_3_200	OTU_2033_18S_3_200	0.740407109260559	1	0.414059	-0.414059	0.933067	3	1	1
OTU_610_18S_3_200	OTU_2054_18S_3_200	0.785750245717055	1	0.599096	-0.483572	0.700300	3	1	1
ASV_161_16S_022_3	OTU_1924_18S_3_200	0.54007	1	0.548450	-0.208485	0.766234	3	1	1
OTU_232_18S_3_200	OTU_1924_18S_3_200	0.584766924381256	1	0.648598	-0.417549	0.767233	3	1	1
OTU_734_18S_3_200	OTU_1924_18S_3_200	0.53758580128194	1	0.747632	-0.708465	0.333666	3	1	1
OTU_937_18S_3_200	OTU_1924_18S_3_200	0.825091286589744	1	0.539767	-0.272757	0.900100	3	1	1
OTU_558_18S_3_200	OTU_2069_18S_3_200	0.971396459541727	1	0.704569	-0.704569	0.766234	3	1	1
OTU_726_18S_3_200	OTU_2069_18S_3_200	0.717560648918152	1	0.682767	-0.682767	1.000000	3	1	1
OTU_1106_18S_3_200	OTU_2069_18S_3_200	0.522587537765503	1	0.541334	-0.541334	1.000000	3	1	1
ASV_491_16S_3_200	OTU_1970_18S_3_200	0.830468754707247	1	0.886629	-0.886629	0.465534	3	1	1
OTU_1337_18S_3_200	OTU_1970_18S_3_200	0.63808000087738	1	0.439968	-0.399100	0.200799	3	1	1
OTU_1390_18S_3_200	OTU_1970_18S_3_200	0.53849745589907	1	0.691540	-0.546146	0.133866	3	1	1
OTU_868_18S_022_3	OTU_2005_18S_3_200	0.597715239351687	1	0.626796	-0.345581	0.700300	3	1	1
OTU_391_18S_3_200	OTU_2005_18S_3_200	0.575305707492906	1	0.603203	-0.516560	0.400599	3	1	1
OTU_1263_18S_3_200	OTU_2005_18S_3_200	0.706587866758515	1	0.626796	-0.626796	1.000000	3	1	1
ASV_1193_16S_3_200	OTU_2058_18S_3_200	0.622782588005066	1	0.338601	-0.223077	0.600400	3	1	1
OTU_40_18S_3_200	OTU_2058_18S_3_200	0.543165147304535	1	0.424142	-0.188591	0.569431	3	1	1
OTU_1562_18S_3_200	OTU_2058_18S_3_200	0.733234772546889	1	0.280839	-0.182209	0.634366	3	1	1
ASV_229_16S_3_200	OTU_2031_18S_3_200	0.693779907580184	1	0.420816	-0.295994	0.732268	3	1	1
OTU_109_18S_3_200	OTU_2031_18S_3_200	0.593062400817871	1	0.597818	-0.597818	0.333666	3	1	1
OTU_196_18S_3_200	OTU_2031_18S_3_200	0.534403502941132	1	0.426202	-0.347155	0.333666	3	1	1
ASV_456_16S_022_3	OTU_2155_18S_3_200	0.58154	1	0.439968	-0.439968	0.599401	3	1	1
ASV_1036_16S_022_3	OTU_2155_18S_3_200	0.532529842072544	1	0.439968	-0.439968	0.599401	3	1	1
ASV_1521_16S_022_3	OTU_2155_18S_3_200	0.986912224230744	1	0.519532	-0.519532	0.666334	3	1	1
ASV_2371_16S_022_3	OTU_2155_18S_3_200	0.81085604429245	1	0.483572	-0.483572	1.000000	3	1	1
OTU_910_18S_022_3	OTU_2155_18S_3_200	0.531533062458038	1	0.334495	-0.334495	1.000000	3	1	1
OTU_303_18S_3_200	OTU_2094_18S_3_200	0.914057374000549	1	0.710075	-0.594550	0.867133	3	1	1
OTU_1027_18S_3_200	OTU_2094_18S_3_200	0.57160496711731	1	0.491971	-0.434209	0.699301	3	1	1
OTU_1252_18S_3_200	OTU_2094_18S_3_200	0.603348135948181	1	0.633778	-0.633778	0.800200	3	1	1
ASV_910_16S_022_3	OTU_2181_18S_3_200	0.680811524391174	1	0.521033	-0.453973	0.733267	3	1	1
OTU_577_18S_3_200	OTU_2181_18S_3_200	0.950285131715105	1	0.825599	-0.688790	0.667333	3	1	1
OTU_871_18S_3_200	OTU_2105_18S_3_200	0.783587274538635	1	0.593635	-0.322431	0.533467	3	1	1
OTU_1899_18S_022_3	OTU_2088_18S_3_200	0.767592291439974	1	0.594103	-0.454605	0.767233	3	1	1
OTU_1034_18S_3_200	OTU_2088_18S_3_200	0.573394622487605	1	0.673006	-0.605946	0.733267	3	1	1
OTU_1226_18S_3_200	OTU_2088_18S_3_200	0.836961071694166	1	0.519532	-0.519532	0.866134	3	1	1
OTU_2234_18S_022_3	OTU_2203_18S_3_200	0.53182	1	0.356297	-0.298534	0.033966	3	1	1
OTU_923_18S_3_200	OTU_2203_18S_3_200	0.689354121685028	1	0.483572	-0.356060	0.468531	3	1	1
OTU_167_18S_022_3	OTU_2253_18S_3_200	0.66896	1	0.357519	-0.357519	1.000000	3	1	1
OTU_760_18S_022_3	OTU_2253_18S_3_200	0.645693838596344	1	0.437083	-0.340154	0.034965	3	1	1
ASV_1071_16S_3_200	OTU_2253_18S_3_200	0.658726053134376	1	0.437083	-0.291690	0.000999	3	1	1
OTU_886_18S_3_200	OTU_2253_18S_3_200	0.795363783836365	1	0.437083	-0.340154	0.000999	3	1	1
OTU_866_18S_022_3	OTU_2133_18S_3_200	0.548786520957947	1	0.483572	-0.368047	0.900100	3	1	1
OTU_613_18S_3_200	OTU_2133_18S_3_200	0.9558145403862	1	0.833243	-0.766183	0.534466	3	1	1
OTU_467_18S_3_200	OTU_2297_18S_3_200	0.536179424991371	1	0.710075	-0.700777	0.534466	3	1	1
OTU_1104_18S_3_200	OTU_2297_18S_3_200	0.568055625775796	1	0.626796	-0.415330	0.566434	3	1	1
OTU_1291_18S_3_200	OTU_2297_18S_3_200	0.749288784746185	1	0.746035	-0.601629	0.634366	3	1	1
OTU_1414_18S_3_200	OTU_2297_18S_3_200	0.731913176401428	1	0.617735	-0.605748	0.102897	3	1	1
OTU_519_18S_022_3	OTU_2179_18S_3_200	0.70236998796463	1	0.519532	-0.404007	0.967033	3	1	1
OTU_191_18S_3_200	OTU_2179_18S_3_200	0.993655392281162	1	0.660965	-0.478381	0.900100	3	1	1
ASV_595_16S_022_3	OTU_2308_18S_3_200	0.83082	1	0.461770	-0.461770	1.000000	3	1	1
OTU_1111_18S_022_3	OTU_2308_18S_3_200	0.543844223022461	1	0.541334	-0.541334	1.000000	3	1	1
OTU_322_18S_3_200	OTU_2308_18S_3_200	0.653579257592021	1	0.577294	-0.577294	1.000000	3	1	1
ASV_1258_16S_022_3	OTU_2322_18S_3_200	0.658637285232544	1	0.545441	-0.545441	1.000000	3	1	1
OTU_887_18S_022_3	OTU_2322_18S_3_200	0.698778033256531	1	0.547893	-0.547893	0.900100	3	1	1
OTU_861_18S_022_3	OTU_2333_18S_3_200	0.739730830470662	1	0.300850	-0.300850	0.700300	3	1	1
OTU_198_18S_3_200	OTU_2333_18S_3_200	0.693805694580078	1	0.406323	-0.406323	1.000000	3	1	1
ASV_386_16S_022_3	OTU_2344_18S_3_200	0.536866426467896	1	0.469413	-0.372484	0.466533	3	1	1
ASV_637_16S_022_3	OTU_2344_18S_3_200	0.542770147657	1	0.356297	-0.269653	0.566434	3	1	1
OTU_391_18S_3_200	OTU_2344_18S_3_200	0.656624514306947	1	0.599096	-0.599096	0.767233	3	1	1
OTU_866_18S_3_200	OTU_2344_18S_3_200	0.667540609836578	1	0.599096	-0.599096	0.600400	3	1	1
OTU_2399_18S_022_3	OTU_2047_18S_3_200	0.893746870421122	1	0.541334	-0.541334	1.000000	3	1	1
OTU_430_18S_3_200	OTU_2047_18S_3_200	0.778981268405914	1	0.567243	-0.298015	0.800200	3	1	1
ASV_601_16S_022_3	OTU_2309_18S_3_200	0.791503013707518	1	0.435861	-0.204812	0.900100	3	1	1
OTU_1296_18S_3_200	OTU_2309_18S_3_200	0.529119074344635	1	0.519532	-0.432889	0.801199	3	1	1
OTU_1408_18S_3_200	OTU_2309_18S_3_200	0.987491600583492	1	0.519532	-0.346245	0.867133	3	1	1
OTU_1318_18S_3_200	OTU_2309_18S_3_200	0.737044095993042	1	0.416375	-0.416375	0.967033	3	1	1
ASV_725_16S_022_3	OTU_2376_18S_3_200	0.60263067483902	1	0.670400	-0.430053	0.733267	3	1	1
OTU_1284_18S_022_3	OTU_2376_18S_3_200	0.761017382144928	1	0.609753	-0.571575	0.268731	3	1	1
OTU_985_18S_3_200	OTU_2376_18S_3_200	0.774028182029724	1	0.567243	-0.422837	0.734266	3	1	1
OTU_1219_18S_3_200	OTU_1948_18S_3_200	0.572445392608643	1	0.435861	-0.282158	0.667333	3	1	1
OTU_1680_18S_3_200	OTU_1948_18S_3_200	0.805936753749847	1	0.425809	-0.356060	0.468531	3	1	1
OTU_1782_18S_022_3	OTU_2305_18S_3_200	0.561142876078474	1	0.428125	-0.312601	0.900100	3	1	1
OTU_1650_18S_3_200	OTU_2305_18S_3_200	0.521416715137086	1	0.543650	-0.543650	1.000000	3	1	1
ASV_1795_16S_022_3	OTU_2398_18S_3_200	0.551793873310089	1	0.492737	-0.492737	0.933067	3	1	1
OTU_505_18S_3_200	OTU_2398_18S_3_200	0.633761096189968	1	0.691540	-0.381445	0.766234	3	1	1
OTU_1536_18S_3_200	OTU_2398_18S_3_200	0.864555493878706	1	0.615243	-0.302459	0.967033	3	1	1
OTU_1454_18S_3_200	OTU_2120_18S_3_200	0.856266285019678	1	0.582063	-0.442565	0.132867	3	1	1
OTU_205_18S_3_200	OTU_2459_18S_3_200	0.780864775180817	1	0.645714	-0.515513	0.266733	3	1	1
OTU_881_18S_3_200	OTU_2459_18S_3_200	0.918539927892911	1	0.670400	-0.494942	0.435564	3	1	1
OTU_1417_18S_3_200	OTU_2466_18S_3_200	0.967873990535736	1	0.656858	-0.656858	0.765235	3	1	1
ASV_2009_16S_022_3	OTU_2095_18S_3_200	0.74058	1	0.358613	-0.358613	0.867133	3	1	1
OTU_2399_18S_022_3	OTU_2095_18S_3_200	-0.593894481658936	1	0.435861	-0.435861	1.000000	3	1	1
OTU_2047_18S_3_200	OTU_2095_18S_3_200	0.784491240978241	1	0.541334	-0.474274	0.667333	3	1	1
OTU_1329_18S_3_200	OTU_2394_18S_3_200	0.584153431253092	1	0.480697	-0.384756	0.800200	3	1	1
ASV_905_16S_3_200	OTU_2403_18S_3_200	0.780231297016144	1	0.541334	-0.425809	0.800200	3	1	1
OTU_497_18S_3_200	OTU_2403_18S_3_200	0.525173425674438	1	0.435861	-0.435861	0.767233	3	1	1
OTU_325_18S_3_200	OTU_2399_18S_3_200	0.718999981880188	1	0.691540	-0.691540	1.000000	3	1	1
OTU_430_18S_3_200	OTU_2399_18S_3_200	0.609970999681159	1	0.648598	-0.648598	0.933067	3	1	1
OTU_711_18S_022_3	OTU_2420_18S_3_200	0.557939171791077	1	0.464086	-0.223739	0.700300	3	1	1
OTU_2195_18S_022_3	OTU_2420_18S_3_200	0.85564261674881	1	0.541334	-0.541334	1.000000	3	1	1
OTU_989_18S_3_200	OTU_2429_18S_3_200	0.978462660240819	1	0.577294	-0.507545	0.166833	3	1	1
ASV_415_16S_022_3	OTU_2489_18S_3_200	0.555225372314453	1	0.451718	-0.384658	0.733267	3	1	1
ASV_606_16S_022_3	OTU_2489_18S_3_200	0.68422	1	0.464086	-0.397026	0.666334	3	1	1
ASV_1108_16S_022_3	OTU_2489_18S_3_200	0.671406745910645	1	0.682767	-0.615707	0.900100	3	1	1
OTU_2376_18S_3_200	OTU_2489_18S_3_200	0.635318929897769	1	0.589045	-0.589045	0.866134	3	1	1
OTU_2305_18S_3_200	OTU_2489_18S_3_200	0.94843702388413	1	0.704569	-0.637509	0.666334	3	1	1
OTU_1756_18S_022_3	OTU_2496_18S_3_200	0.543042359666006	1	0.439968	-0.439968	1.000000	3	1	1
ASV_491_16S_3_200	OTU_2496_18S_3_200	0.880118402534268	1	0.670400	-0.670400	0.599401	3	1	1
OTU_1970_18S_3_200	OTU_2496_18S_3_200	-0.700465738773346	1	0.706360	-0.682387	0.000999	3	1	1
OTU_568_18S_022_3	OTU_1926_18S_3_200	0.533421218395233	1	0.710075	-0.507907	0.567433	3	1	1
OTU_671_18S_022_3	OTU_1926_18S_3_200	0.555055320262909	1	0.625378	-0.485880	0.367632	3	1	1
OTU_2005_18S_3_200	OTU_1926_18S_3_200	0.726541569425796	1	0.691540	-0.489372	0.699301	3	1	1
OTU_136_18S_3_200	OTU_2515_18S_3_200	0.898972909878039	1	0.689869	-0.503608	0.368631	3	1	1
OTU_1789_18S_022_3	OTU_2449_18S_3_200	0.877926349639893	1	0.577294	-0.510234	0.666334	3	1	1
OTU_1649_18S_3_200	OTU_2449_18S_3_200	0.623263679477832	1	0.519532	-0.336947	0.766234	3	1	1
OTU_1210_18S_022_3	OTU_2295_18S_3_200	0.775663409394854	1	0.569695	-0.569695	1.000000	3	1	1
OTU_995_18S_3_200	OTU_2295_18S_3_200	0.798248410224915	1	0.660965	-0.660965	0.833167	3	1	1
OTU_1290_18S_3_200	OTU_2295_18S_3_200	0.692695140838623	1	0.612638	-0.525994	0.766234	3	1	1
ASV_1851_16S_022_3	OTU_2532_18S_3_200	0.528231774821564	1	0.545441	-0.458797	0.501499	3	1	1
OTU_191_18S_3_200	OTU_2532_18S_3_200	0.536020506671116	1	0.603203	-0.536143	0.800200	3	1	1
OTU_493_18S_3_200	OTU_2532_18S_3_200	0.830462371698471	1	0.566149	-0.508387	0.233766	3	1	1
OTU_558_18S_3_200	OTU_2532_18S_3_200	0.982221186161041	1	0.728162	-0.728162	0.532468	3	1	1
OTU_1281_18S_3_200	OTU_2532_18S_3_200	0.58545	1	0.626796	-0.473093	0.600400	3	1	1
OTU_1940_18S_3_200	OTU_2532_18S_3_200	0.521272219510608	1	0.625005	-0.557945	0.533467	3	1	1
OTU_2420_18S_022_3	OTU_2456_18S_3_200	0.917972056002794	1	0.519532	-0.432889	0.400599	3	1	1
OTU_2958_18S_022_3	OTU_2456_18S_3_200	0.674322566219994	1	0.276732	-0.218970	0.533467	3	1	1
OTU_995_18S_3_200	OTU_2456_18S_3_200	0.576984524726868	1	0.439968	-0.353324	0.567433	3	1	1
OTU_362_18S_3_200	OTU_2418_18S_3_200	0.653019567412038	1	0.646807	-0.300233	0.901099	3	1	1
OTU_655_18S_3_200	OTU_2418_18S_3_200	0.653175234794617	1	0.567243	-0.307313	0.768232	3	1	1
OTU_671_18S_3_200	OTU_2418_18S_3_200	0.572810590267181	1	0.625005	-0.480599	0.532468	3	1	1
OTU_768_18S_3_200	OTU_2418_18S_3_200	0.912840008735657	1	0.660965	-0.487679	0.634366	3	1	1
OTU_1296_18S_3_200	OTU_2418_18S_3_200	0.730574250221252	1	0.603203	-0.487679	0.767233	3	1	1
OTU_1363_18S_3_200	OTU_2418_18S_3_200	0.636749267578125	1	0.682767	-0.682767	0.934066	3	1	1
OTU_1774_18S_3_200	OTU_2512_18S_3_200	0.750330438056266	1	0.356297	-0.240772	0.834166	3	1	1
OTU_1646_18S_3_200	OTU_2603_18S_3_200	0.74423535384687	1	0.462992	-0.462992	0.800200	3	1	1
OTU_519_18S_022_3	OTU_2433_18S_3_200	0.947923073391009	1	0.599096	-0.599096	1.000000	3	1	1
OTU_1394_18S_3_200	OTU_2433_18S_3_200	0.578958576147377	1	0.493623	-0.493623	0.934066	3	1	1
OTU_1391_18S_3_200	OTU_2433_18S_3_200	0.528331935405731	1	0.356297	-0.269653	0.534466	3	1	1
ASV_1143_16S_022_3	OTU_2631_18S_3_200	0.761347292588641	1	0.740530	-0.670781	0.834166	3	1	1
OTU_881_18S_3_200	OTU_2631_18S_3_200	0.580795109272003	1	0.511933	-0.406224	0.301698	3	1	1
OTU_1576_18S_3_200	OTU_2631_18S_3_200	0.551535156552905	1	0.465445	-0.359735	0.334665	3	1	1
OTU_2459_18S_3_200	OTU_2631_18S_3_200	0.833197667372411	1	0.547893	-0.523920	0.000999	3	1	1
OTU_799_18S_022_3	OTU_2503_18S_3_200	0.7483983827803	1	0.497775	-0.173003	0.735265	3	1	1
OTU_1353_18S_022_3	OTU_2503_18S_3_200	0.640181383055887	1	0.435258	-0.203221	0.768232	3	1	1
OTU_2512_18S_3_200	OTU_2503_18S_3_200	0.807045951272119	1	0.404007	-0.201839	0.834166	3	1	1
OTU_1362_18S_022_3	OTU_2601_18S_3_200	0.821121573448181	1	0.483572	-0.483572	1.000000	3	1	1
ASV_1541_16S_3_200	OTU_2578_18S_3_200	0.870128916852306	1	0.603203	-0.603203	0.665335	3	1	1
OTU_1999_18S_3_200	OTU_2578_18S_3_200	0.603462755680084	1	0.408776	-0.384802	0.034965	3	1	1
ASV_174_16S_022_3	OTU_2508_18S_3_200	0.65027802350076	1	0.567243	-0.480599	0.267732	3	1	1
OTU_985_18S_022_3	OTU_2508_18S_3_200	0.936082864963565	1	0.541334	-0.541334	1.000000	3	1	1
OTU_756_18S_3_200	OTU_2508_18S_3_200	0.597754597663879	1	0.521848	-0.223739	0.967033	3	1	1
OTU_889_18S_022_3	OTU_2557_18S_3_200	0.565004755271612	1	0.519532	-0.519532	0.933067	3	1	1
OTU_1506_18S_022_3	OTU_2557_18S_3_200	0.614534974098206	1	0.493623	-0.378099	0.166833	3	1	1
ASV_1076_16S_3_200	OTU_2557_18S_3_200	0.647562086582184	1	0.656858	-0.656858	0.967033	3	1	1
ASV_1524_16S_3_200	OTU_2557_18S_3_200	0.752394914627075	1	0.414059	-0.414059	0.900100	3	1	1
ASV_730_16S_022_3	OTU_2259_18S_3_200	0.53759378194809	1	0.713342	-0.713342	0.967033	3	1	1
OTU_1148_18S_022_3	OTU_2259_18S_3_200	0.584524691104889	1	0.571535	-0.417832	0.867133	3	1	1
OTU_197_18S_3_200	OTU_2259_18S_3_200	0.554418802261353	1	0.615243	-0.432659	0.934066	3	1	1
OTU_363_18S_3_200	OTU_2259_18S_3_200	0.719243962232759	1	0.669738	-0.611976	0.133866	3	1	1
ASV_714_16S_022_3	OTU_2572_18S_3_200	0.727578907200126	1	0.199411	0.160736	nan	3	1	1
OTU_137_18S_3_200	OTU_2572_18S_3_200	-0.622255504131317	1	0.388934	-0.065345	0.268731	3	1	1
ASV_858_16S_3_200	OTU_2699_18S_3_200	0.707567870616913	1	0.519532	-0.519532	0.933067	3	1	1
OTU_995_18S_3_200	OTU_2615_18S_3_200	0.528838371382924	1	0.464086	-0.464086	0.933067	3	1	1
OTU_1511_18S_3_200	OTU_2615_18S_3_200	0.667336701324073	1	0.519532	-0.346245	0.533467	3	1	1
OTU_2466_18S_3_200	OTU_2615_18S_3_200	0.614678382873535	1	0.599096	-0.483572	0.500500	3	1	1
ASV_636_16S_022_3	OTU_2714_18S_3_200	0.588998079299927	1	0.458885	-0.458885	0.933067	3	1	1
OTU_1782_18S_022_3	OTU_2682_18S_3_200	0.55632	1	0.380415	-0.380415	0.598402	3	1	1
OTU_1104_18S_3_200	OTU_2682_18S_3_200	0.636375486850739	1	0.577294	-0.423591	0.701299	3	1	1
OTU_2195_18S_022_3	OTU_2649_18S_3_200	-0.574322998523712	1	0.577294	-0.577294	1.000000	3	1	1
OTU_228_18S_3_200	OTU_2649_18S_3_200	0.678623216785565	1	0.660965	-0.660965	0.834166	3	1	1
OTU_2420_18S_3_200	OTU_2649_18S_3_200	0.893118381500244	1	0.625005	-0.471302	0.868132	3	1	1
OTU_467_18S_022_3	OTU_2727_18S_3_200	0.716689433525045	1	0.358613	-0.317745	0.000999	3	1	1
OTU_1801_18S_022_3	OTU_2727_18S_3_200	0.521237289319054	1	0.356297	-0.356297	1.000000	3	1	1
OTU_1948_18S_3_200	OTU_2727_18S_3_200	0.532695889472961	1	0.356297	-0.286548	0.201798	3	1	1
OTU_1940_18S_3_200	OTU_2745_18S_3_200	0.989662316548138	1	0.682767	-0.615707	0.566434	3	1	1
ASV_550_16S_022_3	OTU_2750_18S_3_200	0.704995691776276	1	0.505374	-0.505374	0.866134	3	1	1
ASV_1065_16S_022_3	OTU_2750_18S_3_200	0.744706149769065	1	0.519532	-0.519532	1.000000	3	1	1
ASV_1820_16S_022_3	OTU_2750_18S_3_200	0.691559694231141	1	0.599096	-0.599096	0.933067	3	1	1
OTU_844_18S_022_3	OTU_2750_18S_3_200	0.60060458320935	1	0.541334	-0.541334	1.000000	3	1	1
OTU_398_18S_3_200	OTU_2750_18S_3_200	0.594298183917999	1	0.414059	-0.414059	1.000000	3	1	1
OTU_550_18S_3_200	OTU_2750_18S_3_200	0.777552175867114	1	0.577294	-0.577294	1.000000	3	1	1
OTU_799_18S_3_200	OTU_2750_18S_3_200	0.53272557258606	1	0.541334	-0.541334	0.933067	3	1	1
OTU_430_18S_022_3	OTU_2510_18S_3_200	0.702184184611099	1	0.609753	-0.504044	0.132867	3	1	1
ASV_1524_16S_3_200	OTU_2510_18S_3_200	0.82530862294382	1	0.404007	-0.276496	0.533467	3	1	1
OTU_800_18S_3_200	OTU_2510_18S_3_200	0.538319739785437	1	0.389232	-0.207878	0.599401	3	1	1
OTU_2047_18S_3_200	OTU_2510_18S_3_200	0.564356029033661	1	0.589045	-0.336711	0.734266	3	1	1
OTU_1611_18S_3_200	OTU_2785_18S_3_200	0.600404677668542	1	0.378099	-0.378099	1.000000	3	1	1
OTU_2876_18S_022_3	OTU_2589_18S_3_200	0.555128167278474	1	0.599096	-0.599096	1.000000	3	1	1
OTU_989_18S_3_200	OTU_2589_18S_3_200	0.558059453964233	1	0.599096	-0.599096	0.833167	3	1	1
OTU_1219_18S_3_200	OTU_2589_18S_3_200	0.953107860425719	1	0.599096	-0.425809	0.034965	3	1	1
ASV_915_16S_022_3	OTU_2419_18S_3_200	0.758689903180006	1	0.418827	-0.418827	0.799201	3	1	1
ASV_1029_16S_022_3	OTU_2419_18S_3_200	0.628233253955841	1	0.497730	-0.476446	0.200799	3	1	1
OTU_492_18S_3_200	OTU_2419_18S_3_200	0.892178568565198	1	0.656858	-0.589799	0.502498	3	1	1
OTU_653_18S_3_200	OTU_2419_18S_3_200	0.82566	1	0.577294	-0.577294	0.866134	3	1	1
OTU_1627_18S_3_200	OTU_2419_18S_3_200	0.537569105625153	1	0.414059	-0.414059	0.933067	3	1	1
ASV_1481_16S_022_3	OTU_2590_18S_3_200	0.814563834187875	1	0.692202	-0.692202	0.465534	3	1	1
OTU_82_18S_3_200	OTU_2590_18S_3_200	0.537617866057931	1	0.597818	-0.482293	0.467532	3	1	1
OTU_493_18S_3_200	OTU_2590_18S_3_200	0.522954055191654	1	0.475033	-0.417270	0.233766	3	1	1
OTU_1159_18S_3_200	OTU_2590_18S_3_200	0.657806694507599	1	0.554875	-0.401172	0.835165	3	1	1
ASV_1047_16S_022_3	OTU_2848_18S_3_200	0.540817975997925	1	0.435861	-0.320336	0.668332	3	1	1
OTU_2699_18S_3_200	OTU_2848_18S_3_200	0.888747077504546	1	0.435861	-0.435861	0.933067	3	1	1
ASV_1695_16S_022_3	OTU_2700_18S_3_200	0.626935422420502	1	0.439968	-0.439968	1.000000	3	1	1
OTU_1714_18S_022_3	OTU_2700_18S_3_200	0.890571213301765	1	0.497730	-0.497730	0.666334	3	1	1
OTU_1394_18S_3_200	OTU_2744_18S_3_200	0.841348111629486	1	0.656858	-0.541334	0.733267	3	1	1
OTU_2714_18S_3_200	OTU_2744_18S_3_200	0.763892710208893	1	0.599096	-0.599096	0.166833	3	1	1
OTU_932_18S_3_200	OTU_2867_18S_3_200	0.535513818264008	1	0.439968	-0.382205	0.334665	3	1	1
OTU_1999_18S_3_200	OTU_2867_18S_3_200	0.889955544908014	1	0.483572	-0.344074	0.199800	3	1	1
OTU_2512_18S_3_200	OTU_2867_18S_3_200	0.60578578710556	1	0.334495	-0.247851	0.633367	3	1	1
OTU_938_18S_022_3	OTU_2620_18S_3_200	0.585107922554016	1	0.627457	-0.627457	0.133866	3	1	1
OTU_493_18S_3_200	OTU_2620_18S_3_200	0.75216563978896	1	0.623912	-0.450625	0.666334	3	1	1
OTU_741_18S_3_200	OTU_2620_18S_3_200	0.597908208812789	1	0.603203	-0.603203	1.000000	3	1	1
OTU_1335_18S_3_200	OTU_2620_18S_3_200	0.633049398127557	1	0.670400	-0.468232	0.900100	3	1	1
OTU_2714_18S_3_200	OTU_2620_18S_3_200	0.525748908519745	1	0.577294	-0.577294	0.133866	3	1	1
OTU_1494_18S_022_3	OTU_2795_18S_3_200	0.849467515945435	1	0.545441	-0.458797	0.467532	3	1	1
OTU_48_18S_3_200	OTU_2795_18S_3_200	-0.579259387336912	1	0.429916	-0.429916	0.199800	3	1	1
OTU_1077_18S_022_3	OTU_2876_18S_3_200	0.943710207939148	1	0.660965	-0.591216	0.000999	3	1	1
OTU_1767_18S_022_3	OTU_2876_18S_3_200	0.899157285690308	1	0.577294	-0.577294	1.000000	3	1	1
OTU_1732_18S_3_200	OTU_2876_18S_3_200	0.566473888398116	1	0.442284	-0.331667	0.400599	3	1	1
OTU_799_18S_3_200	OTU_2884_18S_3_200	0.544692654701371	1	0.556546	-0.469903	0.467532	3	1	1
OTU_1286_18S_3_200	OTU_2884_18S_3_200	0.809285272362188	1	0.567243	-0.567243	0.933067	3	1	1
OTU_2181_18S_3_200	OTU_2884_18S_3_200	0.558071767088425	1	0.574419	-0.536241	0.466533	3	1	1
ASV_661_16S_022_3	OTU_2914_18S_3_200	0.693642535672201	1	0.461770	-0.461770	1.000000	3	1	1
OTU_2289_18S_022_3	OTU_2914_18S_3_200	0.755518794221154	1	0.414059	-0.298534	0.566434	3	1	1
ASV_501_16S_022_3	OTU_2635_18S_3_200	0.650688528040586	1	0.577294	-0.490651	0.500500	3	1	1
ASV_1201_16S_022_3	OTU_2635_18S_3_200	0.670710027217865	1	0.493623	-0.493623	1.000000	3	1	1
OTU_191_18S_022_3	OTU_2635_18S_3_200	0.705663510332693	1	0.577294	-0.507545	0.000999	3	1	1
OTU_2214_18S_022_3	OTU_2635_18S_3_200	0.652320027351379	1	0.493623	-0.493623	1.000000	3	1	1
OTU_3210_18S_022_3	OTU_2635_18S_3_200	0.55443	1	0.493623	-0.493623	0.933067	3	1	1
OTU_621_18S_3_200	OTU_2635_18S_3_200	0.678417503833771	1	0.435861	-0.435861	0.868132	3	1	1
OTU_851_18S_022_3	OTU_3023_18S_3_200	0.788595554313393	1	0.599096	-0.599096	1.000000	3	1	1
OTU_2270_18S_022_3	OTU_3023_18S_3_200	0.982407033443451	1	0.577294	-0.577294	1.000000	3	1	1
OTU_1086_18S_3_200	OTU_2732_18S_3_200	0.758193441810716	1	0.450122	-0.383062	0.501499	3	1	1
OTU_1258_18S_3_200	OTU_2732_18S_3_200	0.966496229171753	1	0.589045	-0.519296	0.232767	3	1	1
OTU_2305_18S_3_200	OTU_2732_18S_3_200	-0.648032285624825	1	0.601412	-0.534352	0.666334	3	1	1
OTU_3023_18S_3_200	OTU_3068_18S_3_200	0.989859811684777	1	0.656858	-0.656858	1.000000	3	1	1
OTU_889_18S_3_200	OTU_3072_18S_3_200	0.671552062034607	1	0.493623	-0.493623	1.000000	3	1	1
OTU_1906_18S_3_200	OTU_3072_18S_3_200	0.668015480041504	1	0.356297	-0.240772	0.834166	3	1	1
OTU_1898_18S_3_200	OTU_3113_18S_3_200	0.761727997474392	1	0.435861	-0.435861	0.666334	3	1	1
OTU_2270_18S_022_3	OTU_2758_18S_3_200	0.854236648589607	1	0.519532	-0.519532	1.000000	3	1	1
OTU_683_18S_3_200	OTU_3167_18S_3_200	0.627775609493256	1	0.416375	-0.291553	0.700300	3	1	1
OTU_994_18S_3_200	OTU_3167_18S_3_200	0.601952373981476	1	0.464086	-0.397026	0.666334	3	1	1
OTU_1408_18S_3_200	OTU_3167_18S_3_200	0.747949361801147	1	0.577294	-0.288483	0.667333	3	1	1
ASV_42_16S_022_3	OTU_3190_18S_3_200	0.747302099683459	1	0.356297	-0.356297	0.766234	3	1	1
ASV_2181_16S_022_3	OTU_3190_18S_3_200	0.558588056491377	1	0.461770	-0.461770	1.000000	3	1	1
OTU_1562_18S_3_200	OTU_3190_18S_3_200	0.532222747802734	1	0.390466	-0.390466	0.866134	3	1	1
OTU_2309_18S_022_3	OTU_3083_18S_3_200	0.848428929673439	1	0.276732	-0.235864	0.000999	3	1	1
OTU_1374_18S_3_200	OTU_3083_18S_3_200	0.630976544683828	1	0.356297	-0.216799	0.735265	3	1	1
OTU_671_18S_3_200	OTU_3206_18S_3_200	0.529409170150757	1	0.625005	-0.625005	0.299700	3	1	1
OTU_1399_18S_3_200	OTU_3206_18S_3_200	0.569390296936035	1	0.625005	-0.625005	0.465534	3	1	1
OTU_1252_18S_3_200	OTU_3210_18S_3_200	0.636708377650369	1	0.576677	-0.422974	0.801199	3	1	1
OTU_2785_18S_3_200	OTU_3210_18S_3_200	0.687414705753326	1	0.483572	-0.483572	0.768232	3	1	1
OTU_1353_18S_022_3	OTU_3225_18S_3_200	0.753267148768555	1	0.681296	-0.438973	0.298701	3	1	1
ASV_376_16S_022_3	OTU_3255_18S_3_200	0.572208784172189	1	0.334495	-0.334495	0.933067	3	1	1
OTU_1902_18S_022_3	OTU_3255_18S_3_200	0.965963423252106	1	0.519532	-0.519532	1.000000	3	1	1
OTU_2459_18S_3_200	OTU_3255_18S_3_200	0.521549046039581	1	0.497730	-0.427981	0.132867	3	1	1
OTU_2649_18S_3_200	OTU_3255_18S_3_200	0.77443	1	0.497730	-0.497730	1.000000	3	1	1
OTU_1629_18S_022_3	OTU_3261_18S_3_200	0.745780646800995	1	0.519532	-0.519532	1.000000	3	1	1
OTU_2020_18S_3_200	OTU_3261_18S_3_200	0.992370230997488	1	0.519532	-0.519532	1.000000	3	1	1
ASV_1631_16S_022_3	OTU_3269_18S_3_200	0.530719082889034	1	0.493623	-0.493623	0.934066	3	1	1
OTU_430_18S_3_200	OTU_3269_18S_3_200	0.557842974389493	1	0.461770	-0.461770	0.934066	3	1	1
OTU_477_18S_3_200	OTU_3269_18S_3_200	0.564648870913549	1	0.414059	-0.414059	1.000000	3	1	1
OTU_3210_18S_3_200	OTU_3269_18S_3_200	0.558683341082499	1	0.425809	-0.425809	1.000000	3	1	1
OTU_2466_18S_3_200	OTU_3295_18S_3_200	0.66422	1	0.435861	-0.435861	0.934066	3	1	1
OTU_2418_18S_3_200	OTU_3295_18S_3_200	0.599	1	0.519532	-0.461770	0.366633	3	1	1
OTU_3206_18S_3_200	OTU_3295_18S_3_200	-0.82708328962326	1	0.577294	-0.404007	0.399600	3	1	1
OTU_1346_18S_022_3	OTU_3223_18S_3_200	0.546948492527008	1	0.466538	-0.466538	1.000000	3	1	1
OTU_1557_18S_3_200	OTU_3223_18S_3_200	0.579899549484253	1	0.567243	-0.567243	1.000000	3	1	1
ASV_287_16S_022_3	OTU_3338_18S_3_200	0.52922	1	0.541334	-0.541334	0.566434	3	1	1
OTU_330_18S_022_3	OTU_3338_18S_3_200	0.662035942077637	1	0.356297	-0.315429	0.000999	3	1	1
OTU_480_18S_3_200	OTU_3338_18S_3_200	0.599065124988556	1	0.353889	-0.255259	0.600400	3	1	1
OTU_1767_18S_3_200	OTU_2812_18S_3_200	0.655597925186157	1	0.441852	-0.441852	0.600400	3	1	1
OTU_1728_18S_3_200	OTU_2812_18S_3_200	0.835214467568874	1	0.599096	-0.483572	0.735265	3	1	1
OTU_3210_18S_3_200	OTU_2812_18S_3_200	0.62843757979368	1	0.589045	-0.589045	0.599401	3	1	1
ASV_363_16S_022_3	OTU_3386_18S_3_200	0.569142818450928	1	0.356297	-0.356297	1.000000	3	1	1
OTU_86_18S_3_200	OTU_3386_18S_3_200	0.613607287406921	1	0.356297	-0.356297	1.000000	3	1	1
OTU_288_18S_3_200	OTU_3386_18S_3_200	0.751335726989422	1	0.458885	-0.458885	1.000000	3	1	1
OTU_477_18S_3_200	OTU_3386_18S_3_200	0.907382905483246	1	0.519532	-0.519532	1.000000	3	1	1
OTU_2041_18S_3_200	OTU_3386_18S_3_200	0.848549438669913	1	0.461770	-0.461770	1.000000	3	1	1
OTU_1611_18S_022_3	OTU_3160_18S_3_200	0.907438039779663	1	0.541334	-0.541334	0.933067	3	1	1
OTU_228_18S_3_200	OTU_3160_18S_3_200	0.591452360153198	1	0.519532	-0.519532	1.000000	3	1	1
ASV_1065_16S_022_3	OTU_3422_18S_3_200	0.57580067979146	1	0.444736	-0.386974	0.333666	3	1	1
ASV_1587_16S_022_3	OTU_3422_18S_3_200	0.52604091686489	1	0.545441	-0.545441	1.000000	3	1	1
OTU_1355_18S_3_200	OTU_3422_18S_3_200	0.593809545040131	1	0.603203	-0.293107	0.499500	3	1	1
OTU_2308_18S_3_200	OTU_3422_18S_3_200	0.653082747776352	1	0.519532	-0.519532	1.000000	3	1	1
OTU_1318_18S_3_200	OTU_3389_18S_3_200	0.579313481697646	1	0.577294	-0.507545	0.000999	3	1	1
OTU_1532_18S_3_200	OTU_3389_18S_3_200	0.686904728412628	1	0.414059	-0.344310	0.000999	3	1	1
OTU_2649_18S_3_200	OTU_2998_18S_3_200	0.787802448212978	1	0.646807	-0.683285	0.501499	3	1	1
OTU_353_18S_3_200	OTU_3342_18S_3_200	0.855265855945017	1	0.630605	-0.361377	0.633367	3	1	1
OTU_568_18S_3_200	OTU_3342_18S_3_200	0.744234794379142	1	0.734761	-0.734761	1.000000	3	1	1
OTU_1463_18S_3_200	OTU_3342_18S_3_200	0.674668848514557	1	0.529528	-0.447792	0.866134	3	1	1
OTU_711_18S_022_3	OTU_2303_18S_3_200	0.795760333538055	1	0.519532	-0.250304	0.900100	3	1	1
OTU_606_18S_3_200	OTU_2303_18S_3_200	0.602260589599609	1	0.356297	-0.125247	0.967033	3	1	1
ASV_1387_16S_022_3	OTU_3314_18S_3_200	0.728378666341205	1	0.461770	-0.461770	1.000000	3	1	1
OTU_391_18S_022_3	OTU_3314_18S_3_200	0.71477586972644	1	0.336811	-0.336811	0.933067	3	1	1
OTU_1421_18S_022_3	OTU_3314_18S_3_200	0.695991389100946	1	0.437083	-0.437083	1.000000	3	1	1
OTU_422_18S_3_200	OTU_3454_18S_3_200	0.528281328254467	1	0.775481	-0.679540	0.733267	3	1	1
OTU_902_18S_3_200	OTU_3454_18S_3_200	0.604962076297746	1	0.869203	-0.501345	0.666334	3	1	1
OTU_403_18S_3_200	OTU_3603_18S_3_200	0.771980559004418	1	0.509481	-0.439731	0.666334	3	1	1
OTU_1263_18S_3_200	OTU_3603_18S_3_200	0.765254170969039	1	0.612638	-0.612638	1.000000	3	1	1
OTU_2615_18S_3_200	OTU_3603_18S_3_200	0.567477703094482	1	0.531283	-0.391784	0.533467	3	1	1
OTU_3295_18S_3_200	OTU_3603_18S_3_200	0.584382355213165	1	0.483572	-0.344074	0.300699	3	1	1
ASV_2186_16S_022_3	OTU_3606_18S_3_200	0.79733913642369	1	0.379321	-0.408202	0.200799	3	1	1
OTU_110_18S_022_3	OTU_3606_18S_3_200	-0.683677732944489	1	0.311160	-0.287187	0.633367	3	1	1
OTU_534_18S_022_3	OTU_3606_18S_3_200	0.601647007665952	1	0.472427	-0.270259	0.765235	3	1	1
OTU_505_18S_3_200	OTU_3606_18S_3_200	0.555164747523566	1	0.486585	-0.255536	0.833167	3	1	1
OTU_1358_18S_3_200	OTU_3655_18S_3_200	0.762195125824734	1	0.356297	-0.298534	0.334665	3	1	1
OTU_568_18S_3_200	OTU_3448_18S_3_200	0.536438882350922	1	0.429916	-0.429916	1.000000	3	1	1
OTU_1592_18S_3_200	OTU_3448_18S_3_200	0.895671215904798	1	0.625005	-0.471302	0.833167	3	1	1
OTU_1576_18S_3_200	OTU_3382_18S_3_200	0.877767831982653	1	0.437083	-0.251810	0.802198	3	1	1
OTU_1111_18S_3_200	OTU_3704_18S_3_200	0.764529655776988	1	0.550499	-0.550499	0.701299	3	1	1
OTU_2009_18S_3_200	OTU_3704_18S_3_200	0.656538903713226	1	0.593441	-0.593441	0.733267	3	1	1
OTU_3206_18S_3_200	OTU_3738_18S_3_200	0.971439827048327	1	0.660965	-0.574322	0.365634	3	1	1
OTU_3295_18S_3_200	OTU_3738_18S_3_200	0.905775249004364	1	0.519532	-0.432889	0.067932	3	1	1
ASV_61_16S_022_3	OTU_3755_18S_3_200	0.771576729580369	1	0.461770	-0.392021	0.000999	3	1	1
ASV_1534_16S_022_3	OTU_3773_18S_3_200	0.771107754873056	1	0.461770	-0.461770	1.000000	3	1	1
OTU_1213_18S_022_3	OTU_3773_18S_3_200	0.522554150691697	1	0.493623	-0.493623	1.000000	3	1	1
OTU_379_18S_3_200	OTU_3773_18S_3_200	0.748345164503152	1	0.438177	-0.438177	1.000000	3	1	1
ASV_2226_16S_022_3	OTU_3782_18S_3_200	0.685142338275909	1	0.356297	-0.356297	1.000000	3	1	1
OTU_2958_18S_022_3	OTU_3782_18S_3_200	0.534453855747085	1	0.356297	-0.356297	1.000000	3	1	1
OTU_2020_18S_3_200	OTU_3782_18S_3_200	-0.56154	1	0.435861	-0.435861	1.000000	3	1	1
OTU_2905_18S_3_200	OTU_3563_18S_3_200	0.806895557459804	1	0.425809	-0.223641	0.900100	3	1	1
OTU_3490_18S_3_200	OTU_3563_18S_3_200	0.991129909986565	1	0.599096	-0.483572	0.833167	3	1	1
ASV_888_16S_3_200	OTU_3811_18S_3_200	0.58705486322716	1	0.519532	-0.519532	0.532468	3	1	1
OTU_3072_18S_3_200	OTU_3811_18S_3_200	0.811085498277421	1	0.435861	-0.435861	0.801199	3	1	1
OTU_3160_18S_3_200	OTU_3811_18S_3_200	0.565400838851929	1	0.435861	-0.435861	1.000000	3	1	1
OTU_1386_18S_022_3	OTU_3823_18S_3_200	0.627978205680847	1	0.543650	-0.457007	0.532468	3	1	1
OTU_1431_18S_3_200	OTU_3823_18S_3_200	0.58161	1	0.543650	-0.476590	0.533467	3	1	1
ASV_466_16S_022_3	OTU_3625_18S_3_200	0.696609926781868	1	0.541548	-0.249106	0.199800	3	1	1
OTU_1940_18S_3_200	OTU_3944_18S_3_200	0.77690589427948	1	0.519532	-0.452472	0.733267	3	1	1
OTU_3023_18S_3_200	OTU_3944_18S_3_200	0.580449640750885	1	0.414059	-0.414059	1.000000	3	1	1
ASV_1401_16S_022_3	OTU_3348_18S_3_200	0.764399230480194	1	0.435861	-0.435861	1.000000	3	1	1
OTU_1335_18S_3_200	OTU_3348_18S_3_200	0.527886894667649	1	0.483572	-0.396928	0.834166	3	1	1
OTU_3255_18S_3_200	OTU_3348_18S_3_200	0.921225607395172	1	0.519532	-0.432889	0.834166	3	1	1
ASV_1067_16S_3_200	OTU_3774_18S_3_200	0.643909990787506	1	0.484794	-0.311507	0.000999	3	1	1
ASV_1201_16S_3_200	OTU_3774_18S_3_200	0.887952199936847	1	0.552608	-0.494846	0.666334	3	1	1
OTU_146_18S_3_200	OTU_3994_18S_3_200	0.626350462436676	1	0.488340	-0.418591	0.699301	3	1	1
OTU_1399_18S_3_200	OTU_3994_18S_3_200	0.688268423080444	1	0.589045	-0.589045	0.699301	3	1	1
OTU_1650_18S_3_200	OTU_3994_18S_3_200	0.657677114009857	1	0.543650	-0.543650	0.934066	3	1	1
OTU_3782_18S_3_200	OTU_3994_18S_3_200	0.676433742046356	1	0.599096	-0.599096	1.000000	3	1	1
OTU_3348_18S_3_200	OTU_3733_18S_3_200	0.592100024223328	1	0.519532	-0.432889	0.901099	3	1	1
OTU_2375_18S_022_3	OTU_4002_18S_3_200	0.814237255770935	1	0.599096	-0.416512	0.767233	3	1	1
OTU_1721_18S_3_200	OTU_4002_18S_3_200	0.648024618625641	1	0.437083	-0.367334	0.766234	3	1	1
OTU_2420_18S_022_3	OTU_3532_18S_3_200	0.861057698726654	1	0.519532	-0.452472	0.900100	3	1	1
OTU_2876_18S_022_3	OTU_3532_18S_3_200	-0.531608462333679	1	0.298534	-0.298534	0.833167	3	1	1
OTU_726_18S_3_200	OTU_3532_18S_3_200	0.615789353847504	1	0.497730	-0.497730	1.000000	3	1	1
OTU_1898_18S_3_200	OTU_3532_18S_3_200	0.646120071411133	1	0.414059	-0.414059	0.667333	3	1	1
OTU_768_18S_3_200	OTU_3624_18S_3_200	0.815396117001821	1	0.519532	-0.432889	0.434565	3	1	1
OTU_1332_18S_3_200	OTU_3624_18S_3_200	0.543407917022705	1	0.599096	-0.483572	0.133866	3	1	1
OTU_1397_18S_3_200	OTU_3624_18S_3_200	0.7502024396516	1	0.519532	-0.449783	0.033966	3	1	1
OTU_199_18S_022_3	OTU_3744_18S_3_200	-0.809437784739572	1	0.451670	-0.468564	0.266733	3	1	1
OTU_307_18S_022_3	OTU_3744_18S_3_200	-0.620990812778473	1	0.568870	-0.273450	0.501499	3	1	1
OTU_2508_18S_3_200	OTU_3744_18S_3_200	0.537247181442349	1	0.530074	-0.210681	0.833167	3	1	1
OTU_257_18S_3_200	OTU_3877_18S_3_200	0.92056731610422	1	0.865697	-0.717963	0.000999	3	1	1
OTU_387_18S_3_200	OTU_3877_18S_3_200	0.646230697631836	1	0.526046	-0.526046	0.600400	3	1	1
OTU_1332_18S_3_200	OTU_4181_18S_3_200	0.580725848674774	1	0.656858	-0.589799	0.533467	3	1	1
OTU_1968_18S_3_200	OTU_4181_18S_3_200	0.722758889198303	1	0.656858	-0.656858	1.000000	3	1	1
OTU_938_18S_022_3	OTU_4249_18S_3_200	0.685928010382024	1	0.807726	-0.692202	0.934066	3	1	1
OTU_2876_18S_022_3	OTU_4249_18S_3_200	0.689046323299408	1	0.541334	-0.541334	0.934066	3	1	1
OTU_2133_18S_3_200	OTU_4249_18S_3_200	0.563661217689514	1	0.749964	-0.692202	0.834166	3	1	1
OTU_2727_18S_3_200	OTU_4249_18S_3_200	0.829895455998807	1	0.461770	-0.392021	0.834166	3	1	1
OTU_2040_18S_022_3	OTU_4075_18S_3_200	0.526471752733142	1	0.378099	-0.378099	1.000000	3	1	1
OTU_741_18S_3_200	OTU_4075_18S_3_200	0.536931812763214	1	0.519532	-0.519532	1.000000	3	1	1
OTU_1394_18S_3_200	OTU_4075_18S_3_200	0.920784711837769	1	0.599096	-0.599096	1.000000	3	1	1
OTU_2020_18S_3_200	OTU_4075_18S_3_200	0.579378426074982	1	0.378099	-0.378099	1.000000	3	1	1
ASV_1593_16S_022_3	OTU_4389_18S_3_200	0.644903126592809	1	0.435861	-0.435861	1.000000	3	1	1
ASV_1720_16S_022_3	OTU_4389_18S_3_200	0.575327792556277	1	0.656858	-0.589799	0.667333	3	1	1
OTU_363_18S_3_200	OTU_4389_18S_3_200	0.60269	1	0.439968	-0.315145	0.800200	3	1	1
OTU_1334_18S_3_200	OTU_4389_18S_3_200	0.573730026319641	1	0.483572	-0.413823	0.668332	3	1	1
ASV_663_16S_3_200	OTU_3933_18S_3_200	0.546540418926525	1	0.483572	-0.413823	0.867133	3	1	1
ASV_1138_16S_3_200	OTU_3933_18S_3_200	0.584351704153841	1	0.368047	-0.435107	0.335664	3	1	1
OTU_2501_18S_022_3	OTU_4115_18S_3_200	0.542905449867249	1	0.521848	-0.382350	0.034965	3	1	1
OTU_2394_18S_3_200	OTU_4115_18S_3_200	0.889886200997731	1	0.589045	-0.589045	0.867133	3	1	1
OTU_2712_18S_3_200	OTU_4115_18S_3_200	0.850860667559516	1	0.464086	-0.406323	0.000999	3	1	1
OTU_391_18S_3_200	OTU_4500_18S_3_200	0.534225935635301	1	0.599096	-0.599096	1.000000	3	1	1
OTU_1706_18S_3_200	OTU_4500_18S_3_200	0.563428401947021	1	0.435861	-0.435861	1.000000	3	1	1
OTU_3023_18S_3_200	OTU_4500_18S_3_200	0.636439263820648	1	0.493623	-0.493623	1.000000	3	1	1
OTU_1629_18S_022_3	OTU_4260_18S_3_200	0.836935639381409	1	0.704569	-0.589045	0.901099	3	1	1
OTU_621_18S_3_200	OTU_4260_18S_3_200	0.82613	1	0.380415	-0.380415	0.933067	3	1	1
ASV_1636_16S_022_3	OTU_3576_18S_3_200	0.752805261938857	1	0.495939	-0.495939	0.833167	3	1	1
OTU_989_18S_3_200	OTU_3576_18S_3_200	0.965609146905852	1	0.656858	-0.656858	1.000000	3	1	1
OTU_1106_18S_3_200	OTU_3576_18S_3_200	0.74846476316452	1	0.435861	-0.320336	0.933067	3	1	1
OTU_1219_18S_3_200	OTU_3576_18S_3_200	0.5339164659416	1	0.599096	-0.445393	0.767233	3	1	1
OTU_3068_18S_3_200	OTU_3576_18S_3_200	0.84298425912857	1	0.435861	-0.435861	0.966034	3	1	1
ASV_764_16S_022_3	OTU_4154_18S_3_200	0.599713289660752	1	0.599096	-0.532036	0.667333	3	1	1
ASV_1125_16S_022_3	OTU_4154_18S_3_200	0.681751072406769	1	0.625005	-0.557945	0.667333	3	1	1
ASV_1310_16S_022_3	OTU_4154_18S_3_200	0.836496829986572	1	0.461770	-0.461770	0.833167	3	1	1
OTU_102_18S_3_200	OTU_4154_18S_3_200	0.828312456818058	1	0.519532	-0.519532	1.000000	3	1	1
OTU_797_18S_3_200	OTU_4154_18S_3_200	0.558363318443298	1	0.567243	-0.567243	0.833167	3	1	1
OTU_1345_18S_3_200	OTU_4154_18S_3_200	0.537909202750409	1	0.485888	-0.485888	1.000000	3	1	1
OTU_1354_18S_3_200	OTU_4135_18S_3_200	0.996185064315796	1	0.599096	-0.599096	1.000000	3	1	1
OTU_2242_18S_3_200	OTU_4135_18S_3_200	0.929982721805572	1	0.599096	-0.599096	0.966034	3	1	1
ASV_211_16S_022_3	OTU_4921_18S_3_200	-0.61446875333786	1	0.473506	-0.473506	0.933067	3	1	1
OTU_2234_18S_022_3	OTU_4921_18S_3_200	0.564879655838013	1	0.414059	-0.414059	0.933067	3	1	1
OTU_899_18S_3_200	OTU_4921_18S_3_200	0.702136821431427	1	0.404007	-0.404007	0.933067	3	1	1
OTU_1332_18S_022_3	OTU_4934_18S_3_200	0.619182407855988	1	0.577294	-0.577294	1.000000	3	1	1
OTU_1576_18S_3_200	OTU_4934_18S_3_200	0.638588750572686	1	0.542557	-0.542557	1.000000	3	1	1
OTU_2433_18S_3_200	OTU_4934_18S_3_200	0.553099989891052	1	0.519532	-0.519532	1.000000	3	1	1
OTU_1281_18S_3_200	OTU_4876_18S_3_200	0.88359922170639	1	0.771105	-0.597818	0.666334	3	1	1
OTU_2069_18S_3_200	OTU_4876_18S_3_200	0.536057353019714	1	0.531283	-0.531283	1.000000	3	1	1
OTU_2876_18S_3_200	OTU_4876_18S_3_200	0.740052819252014	1	0.509481	-0.398864	0.668332	3	1	1
OTU_2382_18S_022_3	OTU_4463_18S_3_200	0.85661085529557	1	0.378099	-0.378099	1.000000	3	1	1
OTU_3933_18S_3_200	OTU_4463_18S_3_200	0.700714357683279	1	0.378099	-0.445158	0.535465	3	1	1
OTU_1304_18S_022_3	OTU_4276_18S_3_200	0.586729824542999	1	0.704569	-0.704569	1.000000	3	1	1
ASV_669_16S_3_200	OTU_4276_18S_3_200	0.710156632560133	1	0.509481	-0.509481	1.000000	3	1	1
OTU_1405_18S_3_200	OTU_4276_18S_3_200	0.671405440327942	1	0.656858	-0.685740	0.100899	3	1	1
OTU_2033_18S_3_200	OTU_4276_18S_3_200	0.656000127988452	1	0.519532	-0.519532	1.000000	3	1	1
OTU_2242_18S_3_200	OTU_4276_18S_3_200	0.565317713601558	1	0.599096	-0.396928	0.834166	3	1	1
OTU_2295_18S_3_200	OTU_4276_18S_3_200	0.568743944168091	1	0.682767	-0.596124	0.901099	3	1	1
OTU_4249_18S_3_200	OTU_4276_18S_3_200	0.633449018001556	1	0.762332	-0.531283	0.834166	3	1	1
OTU_62_18S_3_200	OTU_4392_18S_3_200	0.593558728694916	1	0.377212	-0.328748	0.234765	3	1	1
OTU_1121_18S_3_200	OTU_4392_18S_3_200	0.742045898538728	1	0.569695	-0.569695	1.000000	3	1	1
OTU_1394_18S_3_200	OTU_4392_18S_3_200	0.600326895713806	1	0.599096	-0.599096	0.733267	3	1	1
OTU_2394_18S_3_200	OTU_4392_18S_3_200	0.539416211249551	1	0.594103	-0.594103	0.867133	3	1	1
OTU_741_18S_3_200	OTU_5301_18S_3_200	0.693250847852176	1	0.461770	-0.461770	1.000000	3	1	1
OTU_1105_18S_3_200	OTU_5301_18S_3_200	0.525541282193191	1	0.483572	-0.368047	0.834166	3	1	1
OTU_1532_18S_3_200	OTU_5301_18S_3_200	0.776629081636724	1	0.414059	-0.414059	1.000000	3	1	1
ASV_376_16S_022_3	OTU_5536_18S_3_200	0.926201554376156	1	0.577294	-0.346245	0.900100	3	1	1
OTU_2303_18S_3_200	OTU_5536_18S_3_200	0.648961663246155	1	0.493623	-0.311039	0.866134	3	1	1
OTU_866_18S_3_200	OTU_5527_18S_3_200	0.587390184402466	1	0.519532	-0.519532	1.000000	3	1	1
OTU_4934_18S_3_200	OTU_5527_18S_3_200	0.748877346515656	1	0.439968	-0.439968	0.934066	3	1	1
OTU_378_18S_022_3	OTU_5560_18S_3_200	0.532057762145996	1	0.437083	-0.263797	0.466533	3	1	1
OTU_1948_18S_3_200	OTU_5560_18S_3_200	0.908122545092605	1	0.599096	-0.512453	0.268731	3	1	1
OTU_3261_18S_3_200	OTU_5560_18S_3_200	0.581609725952148	1	0.356297	-0.356297	1.000000	3	1	1
ASV_1042_16S_022_3	OTU_5090_18S_3_200	0.576860177721575	1	0.648598	-0.569551	0.568432	3	1	1
ASV_1076_16S_022_3	OTU_5090_18S_3_200	0.569317468959847	1	0.587951	-0.530189	0.535465	3	1	1
OTU_698_18S_3_200	OTU_5090_18S_3_200	0.591353695258827	1	0.670400	-0.458934	0.834166	3	1	1
OTU_2342_18S_3_200	OTU_5090_18S_3_200	0.780010429910858	1	0.545009	-0.371722	0.735265	3	1	1
OTU_938_18S_022_3	OTU_5666_18S_3_200	0.673466324806213	1	0.682767	-0.596124	0.267732	3	1	1
OTU_960_18S_3_200	OTU_5666_18S_3_200	0.678208291530609	1	0.462992	-0.462992	1.000000	3	1	1
OTU_1354_18S_3_200	OTU_5666_18S_3_200	0.82475757598877	1	0.519532	-0.519532	1.000000	3	1	1
OTU_1682_18S_022_3	OTU_5822_18S_3_200	0.61936604976654	1	0.378099	-0.378099	1.000000	3	1	1
OTU_1940_18S_3_200	OTU_5822_18S_3_200	0.633454620838165	1	0.483572	-0.416512	0.666334	3	1	1
OTU_2179_18S_3_200	OTU_5822_18S_3_200	0.645079970359802	1	0.519532	-0.452472	0.800200	3	1	1
OTU_2745_18S_3_200	OTU_5822_18S_3_200	0.711478002557053	1	0.519532	-0.452472	0.733267	3	1	1
OTU_606_18S_3_200	OTU_5861_18S_3_200	0.959066681575443	1	0.519532	-0.404007	0.901099	3	1	1
OTU_1732_18S_3_200	OTU_5861_18S_3_200	0.650019526481628	1	0.416375	-0.329731	0.868132	3	1	1
OTU_2322_18S_3_200	OTU_5861_18S_3_200	0.605037927627563	1	0.461770	-0.461770	1.000000	3	1	1
OTU_1706_18S_3_200	OTU_4651_18S_3_200	0.586923360824585	1	0.493623	-0.493623	0.967033	3	1	1
OTU_1906_18S_3_200	OTU_4651_18S_3_200	0.785466607508589	1	0.577294	-0.490651	0.633367	3	1	1
OTU_4500_18S_3_200	OTU_4651_18S_3_200	0.981051001238768	1	0.656858	-0.656858	1.000000	3	1	1
ASV_781_16S_022_3	OTU_5966_18S_3_200	0.720495700836182	1	0.378099	-0.291455	0.533467	3	1	1
OTU_2040_18S_022_3	OTU_5966_18S_3_200	0.58243054151535	1	0.435861	-0.435861	0.866134	3	1	1
OTU_2033_18S_3_200	OTU_5966_18S_3_200	0.98985627862008	1	0.577294	-0.510234	0.766234	3	1	1
OTU_2662_18S_022_3	OTU_6104_18S_3_200	0.551367437351092	1	0.543650	-0.428125	0.400599	3	1	1
OTU_2780_18S_022_3	OTU_6104_18S_3_200	0.523858964443207	1	0.495939	-0.207128	0.801199	3	1	1
OTU_351_18S_3_200	OTU_6104_18S_3_200	0.550350548122301	1	0.589045	-0.377579	0.500500	3	1	1
OTU_1649_18S_3_200	OTU_6104_18S_3_200	0.525170981884003	1	0.599096	-0.483572	0.568432	3	1	1
OTU_214_18S_022_3	OTU_5282_18S_3_200	0.808035016059875	1	0.497730	-0.392021	0.000999	3	1	1
OTU_1142_18S_022_3	OTU_5282_18S_3_200	-0.56218683719635	1	0.577294	-0.507545	0.000999	3	1	1
OTU_2795_18S_3_200	OTU_5282_18S_3_200	0.974296271800995	1	0.660965	-0.591216	0.000999	3	1	1
ASV_112_16S_022_3	OTU_5407_18S_3_200	0.905560493419565	1	0.435861	-0.435861	0.933067	3	1	1
OTU_1332_18S_022_3	OTU_5407_18S_3_200	0.58958	1	0.435861	-0.435861	0.933067	3	1	1
OTU_1346_18S_022_3	OTU_5407_18S_3_200	0.734347562296098	1	0.541334	-0.541334	0.967033	3	1	1
OTU_2035_18S_022_3	OTU_5407_18S_3_200	-0.77759861271347	1	0.493623	-0.493623	1.000000	3	1	1
OTU_2459_18S_3_200	OTU_5407_18S_3_200	0.58747	1	0.519532	-0.519532	0.933067	3	1	1
ASV_764_16S_022_3	OTU_6274_18S_3_200	0.523630589426253	1	0.378099	-0.406980	0.166833	3	1	1
OTU_2474_18S_3_200	OTU_6274_18S_3_200	0.941078532354801	1	0.599096	-0.599096	1.000000	3	1	1
OTU_2512_18S_3_200	OTU_5402_18S_3_200	0.960447111282343	1	0.577294	-0.461770	0.835165	3	1	1
OTU_1362_18S_022_3	OTU_6854_18S_3_200	0.941920638084412	1	0.519532	-0.519532	1.000000	3	1	1
OTU_2958_18S_022_3	OTU_6854_18S_3_200	-0.670419692993164	1	0.497730	-0.324443	0.533467	3	1	1
ASV_259_16S_022_3	OTU_6332_18S_3_200	0.604446589946747	1	0.386974	-0.317225	0.633367	3	1	1
OTU_1789_18S_022_3	OTU_6332_18S_3_200	0.887663541659258	1	0.577294	-0.577294	0.933067	3	1	1
OTU_1786_18S_3_200	OTU_6332_18S_3_200	0.553990364074707	1	0.332479	-0.262730	0.633367	3	1	1
OTU_3755_18S_3_200	OTU_6332_18S_3_200	0.659351110458374	1	0.416375	-0.300850	0.700300	3	1	1
ASV_584_16S_022_3	OTU_5512_18S_3_200	0.698926797679772	1	0.428694	-0.332753	0.599401	3	1	1
OTU_136_18S_3_200	OTU_5512_18S_3_200	0.688841879367828	1	0.555751	-0.516584	0.000999	3	1	1
OTU_3225_18S_3_200	OTU_5512_18S_3_200	0.697171449661255	1	0.490395	-0.307811	0.366633	3	1	1
OTU_554_18S_022_3	OTU_7128_18S_3_200	0.696996151155862	1	0.416375	-0.346626	0.635365	3	1	1
OTU_1165_18S_3_200	OTU_7128_18S_3_200	0.649772918036834	1	0.425809	-0.356060	0.601399	3	1	1
OTU_3823_18S_3_200	OTU_7128_18S_3_200	0.935012204070397	1	0.599096	-0.483572	0.635365	3	1	1
OTU_1959_18S_022_3	OTU_5358_18S_3_200	0.587437987327576	1	0.334495	-0.334495	1.000000	3	1	1
OTU_191_18S_3_200	OTU_5358_18S_3_200	0.874915778636932	1	0.497730	-0.497730	1.000000	3	1	1
OTU_2601_18S_3_200	OTU_5358_18S_3_200	0.945851683616638	1	0.519532	-0.519532	1.000000	3	1	1
OTU_3733_18S_3_200	OTU_5358_18S_3_200	0.549741566181183	1	0.439968	-0.439968	1.000000	3	1	1
OTU_1680_18S_3_200	OTU_7531_18S_3_200	0.561937808990479	1	0.380415	-0.380415	1.000000	3	1	1
OTU_3782_18S_3_200	OTU_7531_18S_3_200	0.985546329383205	1	0.599096	-0.599096	0.934066	3	1	1
OTU_5560_18S_3_200	OTU_7531_18S_3_200	0.618619674077824	1	0.435861	-0.435861	1.000000	3	1	1
OTU_1767_18S_022_3	ENV_NO3	1	6	0.207705	nan	nan	nan	nan	nan
ASV_523_16S_3_200	ENV_NO3	1	1	0.127028	nan	nan	nan	nan	nan
ASV_1153_16S_022_3	ENV_NO3	1	4	0.212056	nan	nan	nan	nan	nan
ASV_240_16S_022_3	ENV_NO3	1	2	0.281317	nan	nan	nan	nan	nan
ASV_751_16S_022_3	ENV_NO3	1	4	0.398344	nan	nan	nan	nan	nan
OTU_101_18S_022_3	ENV_NO3	1	3	0.180816	nan	nan	nan	nan	nan
ASV_717_16S_022_3	ENV_NO3	1	2	0.203204	nan	nan	nan	nan	nan
ASV_610_16S_022_3	ENV_NO3	1	2	0.120169	nan	nan	nan	nan	nan
ASV_962_16S_022_3	ENV_NO3	1	4	0.108682	nan	nan	nan	nan	nan
OTU_453_18S_022_3	ENV_NO3	1	2	0.108682	nan	nan	nan	nan	nan
OTU_1995_18S_022_3	ENV_NO3	1	4	0.175852	nan	nan	nan	nan	nan
OTU_2036_18S_022_3	ENV_NO3	1	1	0.108682	nan	nan	nan	nan	nan
OTU_519_18S_022_3	ENV_NO3	1	6	0.255576	nan	nan	nan	nan	nan
ASV_401_16S_022_3	ENV_NO3	1	4	0.331555	nan	nan	nan	nan	nan
OTU_207_18S_022_3	ENV_NO3	1	5	0.149793	nan	nan	nan	nan	nan
OTU_3023_18S_022_3	ENV_NO3	1	1	0.108682	nan	nan	nan	nan	nan
ASV_10_16S_022_3	ENV_NO3	1	1	0.223211	nan	nan	nan	nan	nan
ASV_874_16S_022_3	ENV_NO3	1	4	0.192353	nan	nan	nan	nan	nan
ASV_102_16S_022_3	ENV_NO3	1	4	0.257217	nan	nan	nan	nan	nan
ASV_214_16S_022_3	ENV_NO3	1	2	0.143940	nan	nan	nan	nan	nan
ASV_259_16S_022_3	ENV_NO3	1	3	0.177101	nan	nan	nan	nan	nan
OTU_994_18S_3_200	ENV_NO3	1	3	0.109904	nan	nan	nan	nan	nan
ASV_519_16S_022_3	ENV_NO3	1	5	0.294093	nan	nan	nan	nan	nan
ASV_189_16S_022_3	ENV_NO3	1	5	0.262981	nan	nan	nan	nan	nan
ASV_415_16S_022_3	ENV_NO3	1	4	0.348055	nan	nan	nan	nan	nan
ASV_15_16S_022_3	ENV_NO3	1	3	0.283391	nan	nan	nan	nan	nan
ASV_81_16S_022_3	ENV_NO3	1	4	0.316481	nan	nan	nan	nan	nan
ASV_145_16S_022_3	ENV_NO3	1	3	0.365760	nan	nan	nan	nan	nan
ASV_66_16S_022_3	ENV_NO3	1	4	0.212400	nan	nan	nan	nan	nan
ASV_910_16S_3_200	ENV_NO3	1	1	0.285873	nan	nan	nan	nan	nan
ASV_91_16S_022_3	ENV_NO3	1	3	0.186584	nan	nan	nan	nan	nan
ASV_1105_16S_022_3	ENV_NO3	1	3	0.340582	nan	nan	nan	nan	nan
OTU_82_18S_3_200	ENV_NO3	1	3	0.248827	nan	nan	nan	nan	nan
OTU_257_18S_3_200	ENV_NO3	1	1	0.189045	nan	nan	nan	nan	nan
OTU_976_18S_022_3	ENV_NO3	1	1	0.255576	nan	nan	nan	nan	nan
OTU_2589_18S_3_200	ENV_NO3	1	3	0.093563	nan	nan	nan	nan	nan
ASV_997_16S_022_3	ENV_NO3	1	3	0.318780	nan	nan	nan	nan	nan
OTU_3990_18S_022_3	ENV_NO3	1	3	0.149943	nan	nan	nan	nan	nan
OTU_1110_18S_022_3	ENV_NO3	1	2	0.204010	nan	nan	nan	nan	nan
OTU_142_18S_3_200	ENV_NO3	1	3	0.142980	nan	nan	nan	nan	nan
OTU_938_18S_022_3	ENV_NO3	1	5	0.270824	nan	nan	nan	nan	nan
OTU_683_18S_3_200	ENV_NO3	1	2	0.151325	nan	nan	nan	nan	nan
ASV_1203_16S_3_200	ENV_NO3	1	2	0.220838	nan	nan	nan	nan	nan
OTU_1680_18S_3_200	ENV_NO3	1	4	0.073944	nan	nan	nan	nan	nan
OTU_432_18S_022_3	ENV_NO3	1	2	0.137272	nan	nan	nan	nan	nan
ASV_348_16S_022_3	ENV_NO3	1	2	0.334016	nan	nan	nan	nan	nan
OTU_2539_18S_022_3	ENV_NO3	1	2	0.149943	nan	nan	nan	nan	nan
ASV_170_16S_022_3	ENV_NO3	1	2	0.204333	nan	nan	nan	nan	nan
OTU_2097_18S_022_3	ENV_NO3	1	4	0.163076	nan	nan	nan	nan	nan
ASV_427_16S_022_3	ENV_NO3	1	3	0.254333	nan	nan	nan	nan	nan
ASV_389_16S_022_3	ENV_NO3	1	4	0.366938	nan	nan	nan	nan	nan
ASV_767_16S_022_3	ENV_NO3	1	5	0.224141	nan	nan	nan	nan	nan
OTU_1611_18S_022_3	ENV_NO3	1	2	0.151325	nan	nan	nan	nan	nan
OTU_1281_18S_3_200	ENV_NO3	1	3	0.234202	nan	nan	nan	nan	nan
ASV_35_16S_022_3	ENV_NO3	1	4	0.281317	nan	nan	nan	nan	nan
ASV_67_16S_022_3	ENV_NO3	1	3	0.239040	nan	nan	nan	nan	nan
ASV_34_16S_022_3	ENV_NO3	1	5	0.279884	nan	nan	nan	nan	nan
ASV_868_16S_022_3	ENV_NO3	1	1	0.376834	nan	nan	nan	nan	nan
ASV_161_16S_022_3	ENV_NO3	1	5	0.144109	nan	nan	nan	nan	nan
OTU_72_18S_022_3	ENV_NO3	1	1	0.186972	nan	nan	nan	nan	nan
ASV_237_16S_022_3	ENV_NO3	1	3	0.348011	nan	nan	nan	nan	nan
ASV_262_16S_022_3	ENV_NO3	1	5	0.271545	nan	nan	nan	nan	nan
ASV_8_16S_022_3	ENV_NO3	1	2	0.232824	nan	nan	nan	nan	nan
OTU_318_18S_022_3	ENV_NO3	1	2	0.321289	nan	nan	nan	nan	nan
OTU_1404_18S_3_200	ENV_NO3	1	1	0.163076	nan	nan	nan	nan	nan
OTU_560_18S_022_3	ENV_NO3	1	1	0.264071	nan	nan	nan	nan	nan
ASV_124_16S_022_3	ENV_NO3	1	4	0.272877	nan	nan	nan	nan	nan
OTU_2439_18S_022_3	ENV_NO3	1	2	0.231656	nan	nan	nan	nan	nan
ASV_223_16S_022_3	ENV_NO3	1	3	0.186669	nan	nan	nan	nan	nan
OTU_322_18S_3_200	ENV_NO3	1	3	0.167666	nan	nan	nan	nan	nan
ASV_351_16S_022_3	ENV_NO3	1	3	0.350224	nan	nan	nan	nan	nan
ASV_978_16S_022_3	ENV_NO3	1	4	0.336110	nan	nan	nan	nan	nan
OTU_509_18S_022_3	ENV_NO3	1	3	0.108682	nan	nan	nan	nan	nan
OTU_2727_18S_3_200	ENV_NO3	1	4	0.108682	nan	nan	nan	nan	nan
OTU_2914_18S_3_200	ENV_NO3	1	2	0.128141	nan	nan	nan	nan	nan
ASV_32_16S_022_3	ENV_NO3	1	5	0.385518	nan	nan	nan	nan	nan
OTU_2009_18S_3_200	ENV_NO3	1	2	0.206308	nan	nan	nan	nan	nan
ASV_217_16S_022_3	ENV_NO3	1	2	0.218914	nan	nan	nan	nan	nan
ASV_168_16S_022_3	ENV_NO3	1	3	0.116339	nan	nan	nan	nan	nan
ASV_679_16S_022_3	ENV_NO3	1	3	0.212400	nan	nan	nan	nan	nan
ASV_1050_16S_022_3	ENV_NO3	1	3	0.197858	nan	nan	nan	nan	nan
ASV_863_16S_3_200	ENV_NO3	1	4	0.281222	nan	nan	nan	nan	nan
OTU_137_18S_3_200	ENV_NO3	1	3	0.299225	nan	nan	nan	nan	nan
ASV_20_16S_022_3	ENV_NO3	1	3	0.322279	nan	nan	nan	nan	nan
ASV_345_16S_3_200	ENV_NO3	1	4	0.248016	nan	nan	nan	nan	nan
ASV_1759_16S_022_3	ENV_NO3	1	1	0.207705	nan	nan	nan	nan	nan
OTU_75_18S_3_200	ENV_NO3	1	4	0.169542	nan	nan	nan	nan	nan
ASV_44_16S_022_3	ENV_NO3	1	1	0.225817	nan	nan	nan	nan	nan
OTU_3295_18S_3_200	ENV_NO3	1	5	0.255576	nan	nan	nan	nan	nan
ASV_25_16S_022_3	ENV_NO3	1	3	0.204214	nan	nan	nan	nan	nan
OTU_964_18S_022_3	ENV_NO3	1	2	0.073944	nan	nan	nan	nan	nan
ASV_481_16S_022_3	ENV_NO3	1	3	0.225057	nan	nan	nan	nan	nan
ASV_148_16S_022_3	ENV_NO3	1	3	0.257510	nan	nan	nan	nan	nan
ASV_98_16S_022_3	ENV_NO3	1	4	0.287204	nan	nan	nan	nan	nan
ASV_106_16S_022_3	ENV_NO3	1	1	0.172809	nan	nan	nan	nan	nan
ASV_45_16S_022_3	ENV_NO3	1	3	0.322623	nan	nan	nan	nan	nan
OTU_3658_18S_022_3	ENV_NO3	1	2	0.071761	nan	nan	nan	nan	nan
ASV_1657_16S_022_3	ENV_NO3	1	3	0.073944	nan	nan	nan	nan	nan
ASV_65_16S_022_3	ENV_NO3	1	4	0.398292	nan	nan	nan	nan	nan
ASV_193_16S_022_3	ENV_NO3	1	3	0.490683	nan	nan	nan	nan	nan
ASV_1561_16S_022_3	ENV_NO3	1	3	0.300811	nan	nan	nan	nan	nan
ASV_461_16S_022_3	ENV_NO3	1	3	0.288880	nan	nan	nan	nan	nan
ASV_1054_16S_022_3	ENV_NO3	1	5	0.214538	nan	nan	nan	nan	nan
ASV_1648_16S_022_3	ENV_NO3	1	5	0.314969	nan	nan	nan	nan	nan
ASV_345_16S_022_3	ENV_NO3	1	6	0.342082	nan	nan	nan	nan	nan
OTU_734_18S_3_200	ENV_NO3	1	2	0.297389	nan	nan	nan	nan	nan
OTU_1318_18S_3_200	ENV_NO3	1	3	0.128499	nan	nan	nan	nan	nan
ASV_14_16S_022_3	ENV_NO3	1	4	0.146248	nan	nan	nan	nan	nan
ASV_1999_16S_022_3	ENV_NO3	1	4	0.149943	nan	nan	nan	nan	nan
OTU_689_18S_022_3	ENV_NO3	1	3	0.186669	nan	nan	nan	nan	nan
ASV_636_16S_022_3	ENV_NO3	1	7	0.173555	nan	nan	nan	nan	nan
OTU_1510_18S_022_3	ENV_NO3	1	2	0.149793	nan	nan	nan	nan	nan
ASV_197_16S_022_3	ENV_NO3	1	2	0.239508	nan	nan	nan	nan	nan
ASV_88_16S_022_3	ENV_NO3	1	4	0.149793	nan	nan	nan	nan	nan
ASV_58_16S_022_3	ENV_NO3	1	2	0.072735	nan	nan	nan	nan	nan
OTU_46_18S_022_3	ENV_NO3	1	3	0.343635	nan	nan	nan	nan	nan
OTU_133_18S_022_3	ENV_NO3	1	2	0.244640	nan	nan	nan	nan	nan
OTU_2425_18S_022_3	ENV_NO3	1	1	0.119339	nan	nan	nan	nan	nan
ASV_267_16S_022_3	ENV_NO3	1	4	0.306004	nan	nan	nan	nan	nan
OTU_1195_18S_022_3	ENV_NO3	1	3	0.263478	nan	nan	nan	nan	nan
ASV_416_16S_022_3	ENV_NO3	1	3	0.139673	nan	nan	nan	nan	nan
OTU_1980_18S_022_3	ENV_NO3	1	3	0.128499	nan	nan	nan	nan	nan
ASV_670_16S_022_3	ENV_NO3	1	2	0.185168	nan	nan	nan	nan	nan
ASV_320_16S_022_3	ENV_NO3	1	3	0.259290	nan	nan	nan	nan	nan
ASV_21_16S_022_3	ENV_NO3	1	2	0.327755	nan	nan	nan	nan	nan
ASV_309_16S_022_3	ENV_NO3	1	2	0.279884	nan	nan	nan	nan	nan
ASV_606_16S_022_3	ENV_NO3	1	5	0.234996	nan	nan	nan	nan	nan
ASV_281_16S_022_3	ENV_NO3	1	2	0.240293	nan	nan	nan	nan	nan
ASV_1963_16S_3_200	ENV_NO3	1	6	0.222629	nan	nan	nan	nan	nan
ASV_312_16S_022_3	ENV_NO3	1	2	0.381594	nan	nan	nan	nan	nan
ASV_386_16S_022_3	ENV_NO3	1	4	0.269247	nan	nan	nan	nan	nan
ASV_987_16S_022_3	ENV_NO3	1	4	0.314969	nan	nan	nan	nan	nan
ASV_1307_16S_022_3	ENV_NO3	1	3	0.233614	nan	nan	nan	nan	nan
ASV_588_16S_022_3	ENV_NO3	1	3	0.228696	nan	nan	nan	nan	nan
ASV_576_16S_3_200	ENV_NO3	1	3	0.248241	nan	nan	nan	nan	nan
OTU_467_18S_3_200	ENV_NO3	1	4	0.210685	nan	nan	nan	nan	nan
ASV_718_16S_022_3	ENV_NO3	1	3	0.213569	nan	nan	nan	nan	nan
ASV_222_16S_022_3	ENV_NO3	1	2	0.261603	nan	nan	nan	nan	nan
ASV_851_16S_022_3	ENV_NO3	1	1	0.136928	nan	nan	nan	nan	nan
OTU_846_18S_022_3	ENV_NO3	1	1	0.245943	nan	nan	nan	nan	nan
OTU_711_18S_022_3	ENV_NO3	1	4	0.234996	nan	nan	nan	nan	nan
ASV_225_16S_022_3	ENV_NO3	1	3	0.218168	nan	nan	nan	nan	nan
ASV_710_16S_022_3	ENV_NO3	1	1	0.141274	nan	nan	nan	nan	nan
OTU_4651_18S_3_200	ENV_NO3	1	3	0.255576	nan	nan	nan	nan	nan
OTU_1017_18S_022_3	ENV_NO3	1	2	0.195357	nan	nan	nan	nan	nan
ASV_784_16S_022_3	ENV_NO3	1	3	0.161898	nan	nan	nan	nan	nan
ASV_212_16S_022_3	ENV_NO3	1	3	0.182954	nan	nan	nan	nan	nan
OTU_1406_18S_3_200	ENV_NO3	1	2	0.220838	nan	nan	nan	nan	nan
OTU_1252_18S_022_3	ENV_NO3	1	5	0.128499	nan	nan	nan	nan	nan
ASV_616_16S_022_3	ENV_NO3	1	2	0.152922	nan	nan	nan	nan	nan
ASV_286_16S_3_200	ENV_NO3	1	2	0.234863	nan	nan	nan	nan	nan
OTU_141_18S_3_200	ENV_NO3	1	4	0.164534	nan	nan	nan	nan	nan
ASV_144_16S_3_200	ENV_NO3	1	3	0.199653	nan	nan	nan	nan	nan
ASV_331_16S_022_3	ENV_NO3	1	3	0.231656	nan	nan	nan	nan	nan
ASV_1633_16S_022_3	ENV_NO3	1	3	0.211812	nan	nan	nan	nan	nan
OTU_215_18S_022_3	ENV_NO3	1	4	0.231656	nan	nan	nan	nan	nan
ASV_162_16S_022_3	ENV_NO3	1	2	0.290412	nan	nan	nan	nan	nan
ASV_1158_16S_022_3	ENV_NO3	1	3	0.198241	nan	nan	nan	nan	nan
ASV_41_16S_022_3	ENV_NO3	1	3	0.330808	nan	nan	nan	nan	nan
ASV_426_16S_022_3	ENV_NO3	1	3	0.370151	nan	nan	nan	nan	nan
ASV_182_16S_022_3	ENV_NO3	1	2	0.338069	nan	nan	nan	nan	nan
ASV_640_16S_022_3	ENV_NO3	1	4	0.258719	nan	nan	nan	nan	nan
ASV_1459_16S_022_3	ENV_NO3	1	4	0.243666	nan	nan	nan	nan	nan
ASV_196_16S_022_3	ENV_NO3	1	2	0.115624	nan	nan	nan	nan	nan
ASV_2304_16S_022_3	ENV_NO3	1	5	0.307131	nan	nan	nan	nan	nan
ASV_149_16S_022_3	ENV_NO3	1	5	0.216960	nan	nan	nan	nan	nan
ASV_732_16S_022_3	ENV_NO3	1	5	0.229611	nan	nan	nan	nan	nan
ASV_743_16S_022_3	ENV_NO3	1	3	0.105314	nan	nan	nan	nan	nan
ASV_137_16S_022_3	ENV_NO3	1	3	0.255835	nan	nan	nan	nan	nan
ASV_494_16S_022_3	ENV_NO3	1	4	0.292043	nan	nan	nan	nan	nan
OTU_458_18S_022_3	ENV_NO3	1	1	0.317396	nan	nan	nan	nan	nan
ASV_265_16S_022_3	ENV_NO3	1	2	0.373950	nan	nan	nan	nan	nan
OTU_1756_18S_022_3	ENV_NO3	1	3	0.071761	nan	nan	nan	nan	nan
ASV_113_16S_022_3	ENV_NO3	1	2	0.211191	nan	nan	nan	nan	nan
ASV_163_16S_022_3	ENV_NO3	1	3	0.282644	nan	nan	nan	nan	nan
ASV_4_16S_022_3	ENV_NO3	1	2	0.124446	nan	nan	nan	nan	nan
ASV_539_16S_022_3	ENV_NO3	1	3	0.309329	nan	nan	nan	nan	nan
ASV_624_16S_3_200	ENV_NO3	1	4	0.268953	nan	nan	nan	nan	nan
OTU_351_18S_3_200	ENV_NO3	1	3	0.119339	nan	nan	nan	nan	nan
ASV_123_16S_022_3	ENV_NO3	1	4	0.174022	nan	nan	nan	nan	nan
ASV_269_16S_3_200	ENV_NO3	1	2	0.348055	nan	nan	nan	nan	nan
OTU_1671_18S_022_3	ENV_NO3	1	2	0.088102	nan	nan	nan	nan	nan
ASV_1146_16S_022_3	ENV_NO3	1	4	0.421433	nan	nan	nan	nan	nan
ASV_347_16S_022_3	ENV_NO3	1	3	0.282819	nan	nan	nan	nan	nan
OTU_1295_18S_022_3	ENV_NO3	1	1	0.128499	nan	nan	nan	nan	nan
OTU_217_18S_3_200	ENV_NO3	1	3	0.298478	nan	nan	nan	nan	nan
OTU_960_18S_022_3	ENV_NO3	1	1	0.222629	nan	nan	nan	nan	nan
ASV_187_16S_022_3	ENV_NO3	1	4	0.352148	nan	nan	nan	nan	nan
ASV_477_16S_022_3	ENV_NO3	1	3	0.354740	nan	nan	nan	nan	nan
ASV_808_16S_022_3	ENV_NO3	1	2	0.231656	nan	nan	nan	nan	nan
ASV_1065_16S_022_3	ENV_NO3	1	5	0.105604	nan	nan	nan	nan	nan
ASV_216_16S_022_3	ENV_NO3	1	3	0.298478	nan	nan	nan	nan	nan
ASV_277_16S_022_3	ENV_NO3	1	3	0.189045	nan	nan	nan	nan	nan
ASV_2_16S_022_3	ENV_NO3	1	4	0.128499	nan	nan	nan	nan	nan
ASV_103_16S_022_3	ENV_NO3	1	4	0.235534	nan	nan	nan	nan	nan
ASV_30_16S_022_3	ENV_NO3	1	3	0.141056	nan	nan	nan	nan	nan
ASV_497_16S_022_3	ENV_NO3	1	3	0.304621	nan	nan	nan	nan	nan
OTU_1774_18S_022_3	ENV_NO3	1	1	0.207705	nan	nan	nan	nan	nan
ASV_421_16S_022_3	ENV_NO3	1	4	0.252776	nan	nan	nan	nan	nan
ASV_258_16S_022_3	ENV_NO3	1	3	0.295888	nan	nan	nan	nan	nan
ASV_1283_16S_3_200	ENV_NO3	1	2	0.151325	nan	nan	nan	nan	nan
OTU_7_18S_022_3	ENV_NO3	1	2	0.202339	nan	nan	nan	nan	nan
ASV_475_16S_022_3	ENV_NO3	1	5	0.212479	nan	nan	nan	nan	nan
OTU_2403_18S_3_200	ENV_NO3	1	2	0.151325	nan	nan	nan	nan	nan
ASV_971_16S_022_3	ENV_NO3	1	3	0.254333	nan	nan	nan	nan	nan
ASV_1804_16S_022_3	ENV_NO3	1	2	0.313766	nan	nan	nan	nan	nan
ASV_340_16S_022_3	ENV_NO3	1	3	0.216030	nan	nan	nan	nan	nan
OTU_534_18S_3_200	ENV_NO3	1	5	0.285873	nan	nan	nan	nan	nan
ASV_992_16S_022_3	ENV_NO3	1	3	0.125192	nan	nan	nan	nan	nan
OTU_680_18S_022_3	ENV_NO3	1	1	0.388029	nan	nan	nan	nan	nan
ASV_11_16S_022_3	ENV_NO3	1	4	0.270241	nan	nan	nan	nan	nan
ASV_211_16S_022_3	ENV_NO3	1	2	0.368644	nan	nan	nan	nan	nan
ASV_184_16S_022_3	ENV_NO3	1	2	0.127406	nan	nan	nan	nan	nan
ASV_298_16S_3_200	ENV_NO3	1	2	0.200545	nan	nan	nan	nan	nan
ASV_295_16S_022_3	ENV_NO3	1	2	0.212479	nan	nan	nan	nan	nan
ASV_2186_16S_022_3	ENV_NO3	1	2	0.303024	nan	nan	nan	nan	nan
ASV_246_16S_022_3	ENV_NO3	1	3	0.290089	nan	nan	nan	nan	nan
ASV_27_16S_022_3	ENV_NO3	1	3	0.204214	nan	nan	nan	nan	nan
ASV_294_16S_022_3	ENV_NO3	1	5	0.200957	nan	nan	nan	nan	nan
ASV_972_16S_3_200	ENV_NO3	1	2	0.185168	nan	nan	nan	nan	nan
OTU_1398_18S_3_200	ENV_NO3	1	6	0.149943	nan	nan	nan	nan	nan
ASV_269_16S_022_3	ENV_NO3	1	2	0.323488	nan	nan	nan	nan	nan
OTU_794_18S_022_3	ENV_NO3	1	1	0.167666	nan	nan	nan	nan	nan
ASV_268_16S_022_3	ENV_NO3	1	5	0.140479	nan	nan	nan	nan	nan
ASV_129_16S_022_3	ENV_NO3	1	3	0.282182	nan	nan	nan	nan	nan
ASV_204_16S_022_3	ENV_NO3	1	4	0.368101	nan	nan	nan	nan	nan
ASV_728_16S_022_3	ENV_NO3	1	2	0.287373	nan	nan	nan	nan	nan
ASV_1243_16S_022_3	ENV_NO3	1	3	0.271917	nan	nan	nan	nan	nan
OTU_1050_18S_022_3	ENV_NO3	1	1	0.166658	nan	nan	nan	nan	nan
OTU_1202_18S_022_3	ENV_NO3	1	3	0.128141	nan	nan	nan	nan	nan
ASV_661_16S_022_3	ENV_NO3	1	1	0.411865	nan	nan	nan	nan	nan
OTU_290_18S_3_200	ENV_NO3	1	3	0.193561	nan	nan	nan	nan	nan
OTU_3733_18S_3_200	ENV_NO3	1	2	0.234996	nan	nan	nan	nan	nan
ASV_671_16S_022_3	ENV_NO3	1	5	0.128499	nan	nan	nan	nan	nan
OTU_870_18S_022_3	ENV_NO3	1	4	0.109904	nan	nan	nan	nan	nan
ASV_19_16S_022_3	ENV_NO3	1	3	0.180070	nan	nan	nan	nan	nan
ASV_1894_16S_022_3	ENV_NO3	1	5	0.357912	nan	nan	nan	nan	nan
OTU_5966_18S_3_200	ENV_NO3	1	3	0.093563	nan	nan	nan	nan	nan
ASV_343_16S_022_3	ENV_NO3	1	1	0.155299	nan	nan	nan	nan	nan
OTU_605_18S_022_3	ENV_NO3	1	1	0.226558	nan	nan	nan	nan	nan
OTU_790_18S_022_3	ENV_NO3	1	3	0.140484	nan	nan	nan	nan	nan
ASV_365_16S_022_3	ENV_NO3	1	3	0.304447	nan	nan	nan	nan	nan
ASV_109_16S_022_3	ENV_NO3	1	3	0.276135	nan	nan	nan	nan	nan
ASV_327_16S_022_3	ENV_NO3	1	3	0.296978	nan	nan	nan	nan	nan
ASV_1110_16S_022_3	ENV_NO3	1	4	0.207705	nan	nan	nan	nan	nan
OTU_115_18S_022_3	ENV_NO3	1	1	0.204010	nan	nan	nan	nan	nan
OTU_937_18S_3_200	ENV_NO3	1	2	0.168677	nan	nan	nan	nan	nan
ASV_160_16S_022_3	ENV_NO3	1	3	0.282445	nan	nan	nan	nan	nan
OTU_3823_18S_3_200	ENV_NO3	1	3	0.255416	nan	nan	nan	nan	nan
OTU_3225_18S_022_3	ENV_NO3	1	1	0.207705	nan	nan	nan	nan	nan
ASV_267_16S_3_200	ENV_NO3	1	2	0.260380	nan	nan	nan	nan	nan
OTU_1358_18S_3_200	ENV_NO3	1	4	0.301428	nan	nan	nan	nan	nan
ASV_99_16S_022_3	ENV_NO3	1	2	0.262095	nan	nan	nan	nan	nan
ASV_1696_16S_022_3	ENV_NO3	1	4	0.291376	nan	nan	nan	nan	nan
OTU_2234_18S_022_3	ENV_NO3	1	3	0.128141	nan	nan	nan	nan	nan
ASV_383_16S_022_3	ENV_NO3	1	2	0.122059	nan	nan	nan	nan	nan
OTU_228_18S_3_200	ENV_NO3	1	4	0.249022	nan	nan	nan	nan	nan
ASV_350_16S_022_3	ENV_NO3	1	2	0.108682	nan	nan	nan	nan	nan
ASV_1229_16S_022_3	ENV_NO3	1	3	0.348055	nan	nan	nan	nan	nan
ASV_49_16S_022_3	ENV_NO3	1	3	0.330267	nan	nan	nan	nan	nan
ASV_2181_16S_022_3	ENV_NO3	1	5	0.154050	nan	nan	nan	nan	nan
OTU_1408_18S_3_200	ENV_NO3	1	2	0.176012	nan	nan	nan	nan	nan
ASV_938_16S_022_3	ENV_NO3	1	1	0.260380	nan	nan	nan	nan	nan
ASV_376_16S_022_3	ENV_NO3	1	5	0.164101	nan	nan	nan	nan	nan
ASV_709_16S_022_3	ENV_NO3	1	5	0.314969	nan	nan	nan	nan	nan
ASV_126_16S_022_3	ENV_NO3	1	4	0.175310	nan	nan	nan	nan	nan
ASV_612_16S_022_3	ENV_NO3	1	4	0.320162	nan	nan	nan	nan	nan
OTU_329_18S_022_3	ENV_NO3	1	2	0.217362	nan	nan	nan	nan	nan
OTU_2284_18S_022_3	ENV_NO3	1	2	0.108682	nan	nan	nan	nan	nan
ASV_325_16S_022_3	ENV_NO3	1	3	0.274459	nan	nan	nan	nan	nan
ASV_199_16S_022_3	ENV_NO3	1	2	0.314979	nan	nan	nan	nan	nan
ASV_121_16S_022_3	ENV_NO3	1	4	0.172888	nan	nan	nan	nan	nan
ASV_951_16S_022_3	ENV_NO3	1	4	0.287373	nan	nan	nan	nan	nan
ASV_1541_16S_3_200	ENV_NO3	1	1	0.128499	nan	nan	nan	nan	nan
OTU_1970_18S_3_200	ENV_NO3	1	4	0.204010	nan	nan	nan	nan	nan
ASV_405_16S_3_200	ENV_NO3	1	2	0.157522	nan	nan	nan	nan	nan
ASV_274_16S_022_3	ENV_NO3	1	4	0.233072	nan	nan	nan	nan	nan
OTU_1070_18S_022_3	ENV_NO3	1	2	0.108682	nan	nan	nan	nan	nan
ASV_1577_16S_022_3	ENV_NO3	1	5	0.279009	nan	nan	nan	nan	nan
OTU_3655_18S_3_200	ENV_NO3	1	1	0.221864	nan	nan	nan	nan	nan
OTU_505_18S_3_200	ENV_NO3	1	3	0.159228	nan	nan	nan	nan	nan
OTU_924_18S_3_200	ENV_NO3	1	3	0.197814	nan	nan	nan	nan	nan
ASV_566_16S_022_3	ENV_NO3	1	4	0.172809	nan	nan	nan	nan	nan
ASV_644_16S_022_3	ENV_NO3	1	6	0.141274	nan	nan	nan	nan	nan
ASV_1136_16S_022_3	ENV_NO3	1	4	0.292973	nan	nan	nan	nan	nan
OTU_186_18S_022_3	ENV_NO3	1	1	0.238294	nan	nan	nan	nan	nan
ASV_1305_16S_022_3	ENV_NO3	1	2	0.234779	nan	nan	nan	nan	nan
OTU_3598_18S_022_3	ENV_NO3	1	3	0.170348	nan	nan	nan	nan	nan
ASV_339_16S_022_3	ENV_NO3	1	3	0.216776	nan	nan	nan	nan	nan
ASV_255_16S_022_3	ENV_NO3	1	2	0.166379	nan	nan	nan	nan	nan
ASV_779_16S_022_3	ENV_NO3	1	2	0.346642	nan	nan	nan	nan	nan
ASV_122_16S_022_3	ENV_NO3	1	4	0.290835	nan	nan	nan	nan	nan
ASV_157_16S_022_3	ENV_NO3	1	2	0.298478	nan	nan	nan	nan	nan
ASV_580_16S_022_3	ENV_NO3	1	1	0.193019	nan	nan	nan	nan	nan
ASV_463_16S_022_3	ENV_NO3	1	3	0.390525	nan	nan	nan	nan	nan
ASV_1190_16S_022_3	ENV_NO3	1	4	0.312051	nan	nan	nan	nan	nan
ASV_192_16S_022_3	ENV_NO3	1	3	0.290089	nan	nan	nan	nan	nan
ASV_3_16S_022_3	ENV_NO3	1	3	0.391659	nan	nan	nan	nan	nan
ASV_390_16S_022_3	ENV_NO3	1	3	0.232649	nan	nan	nan	nan	nan
ASV_552_16S_022_3	ENV_NO3	1	4	0.355699	nan	nan	nan	nan	nan
ASV_459_16S_3_200	ENV_NO3	1	3	0.266233	nan	nan	nan	nan	nan
OTU_516_18S_022_3	ENV_NO3	1	2	0.190429	nan	nan	nan	nan	nan
ASV_1270_16S_022_3	ENV_NO3	1	3	0.207705	nan	nan	nan	nan	nan
ASV_803_16S_022_3	ENV_NO3	1	4	0.306004	nan	nan	nan	nan	nan
ASV_675_16S_022_3	ENV_NO3	1	4	0.369857	nan	nan	nan	nan	nan
ASV_574_16S_022_3	ENV_NO3	1	6	0.187713	nan	nan	nan	nan	nan
ASV_564_16S_022_3	ENV_NO3	1	4	0.260380	nan	nan	nan	nan	nan
ASV_2226_16S_022_3	ENV_NO3	1	3	0.164101	nan	nan	nan	nan	nan
ASV_687_16S_022_3	ENV_NO3	1	2	0.291845	nan	nan	nan	nan	nan
ASV_155_16S_022_3	ENV_NO3	1	2	0.244431	nan	nan	nan	nan	nan
ASV_1362_16S_022_3	ENV_NO3	1	5	0.291376	nan	nan	nan	nan	nan
ASV_1375_16S_3_200	ENV_NO3	1	3	0.220838	nan	nan	nan	nan	nan
ASV_362_16S_022_3	ENV_NO3	1	4	0.337323	nan	nan	nan	nan	nan
OTU_83_18S_3_200	ENV_NO3	1	4	0.108682	nan	nan	nan	nan	nan
ASV_793_16S_022_3	ENV_NO3	1	3	0.293177	nan	nan	nan	nan	nan
ASV_705_16S_022_3	ENV_NO3	1	3	0.105314	nan	nan	nan	nan	nan
ASV_248_16S_022_3	ENV_NO3	1	5	0.105604	nan	nan	nan	nan	nan
ASV_863_16S_022_3	ENV_NO3	1	4	0.326209	nan	nan	nan	nan	nan
OTU_4876_18S_3_200	ENV_NO3	1	3	0.162281	nan	nan	nan	nan	nan
ASV_388_16S_022_3	ENV_NO3	1	2	0.369390	nan	nan	nan	nan	nan
OTU_86_18S_3_200	ENV_NO3	1	3	0.221864	nan	nan	nan	nan	nan
ASV_440_16S_022_3	ENV_NO3	1	2	0.131825	nan	nan	nan	nan	nan
OTU_391_18S_3_200	ENV_NO3	1	3	0.271917	nan	nan	nan	nan	nan
ASV_135_16S_022_3	ENV_NO3	1	2	0.216990	nan	nan	nan	nan	nan
OTU_30_18S_3_200	ENV_NO3	1	1	0.073944	nan	nan	nan	nan	nan
OTU_550_18S_022_3	ENV_NO3	1	2	0.172809	nan	nan	nan	nan	nan
OTU_22_18S_022_3	ENV_NO3	1	1	0.140484	nan	nan	nan	nan	nan
OTU_2785_18S_3_200	ENV_NO3	1	2	0.093563	nan	nan	nan	nan	nan
ASV_884_16S_022_3	ENV_NO3	1	1	0.197858	nan	nan	nan	nan	nan
OTU_2449_18S_3_200	ENV_NO3	1	2	0.141274	nan	nan	nan	nan	nan
OTU_1102_18S_022_3	ENV_NO3	1	3	0.105604	nan	nan	nan	nan	nan
OTU_879_18S_3_200	ENV_NO3	1	5	0.186669	nan	nan	nan	nan	nan
ASV_1543_16S_022_3	ENV_NO3	1	3	0.141274	nan	nan	nan	nan	nan
ASV_632_16S_022_3	ENV_NO3	1	2	0.172809	nan	nan	nan	nan	nan
ASV_473_16S_022_3	ENV_NO3	1	4	0.289159	nan	nan	nan	nan	nan
ASV_893_16S_022_3	ENV_NO3	1	3	0.212400	nan	nan	nan	nan	nan
ASV_1061_16S_022_3	ENV_NO3	1	5	0.260380	nan	nan	nan	nan	nan
OTU_406_18S_022_3	ENV_NO3	1	1	0.140389	nan	nan	nan	nan	nan
OTU_3563_18S_3_200	ENV_NO3	1	2	0.185903	nan	nan	nan	nan	nan
ASV_179_16S_022_3	ENV_NO3	1	3	0.210524	nan	nan	nan	nan	nan
OTU_1397_18S_3_200	ENV_NO3	1	6	0.108682	nan	nan	nan	nan	nan
ASV_1257_16S_022_3	ENV_NO3	1	2	0.146248	nan	nan	nan	nan	nan
ASV_1071_16S_022_3	ENV_NO3	1	2	0.255576	nan	nan	nan	nan	nan
OTU_1144_18S_022_3	ENV_NO3	1	1	0.130697	nan	nan	nan	nan	nan
ASV_697_16S_022_3	ENV_NO3	1	3	0.209595	nan	nan	nan	nan	nan
OTU_568_18S_3_200	ENV_NO3	1	3	0.152922	nan	nan	nan	nan	nan
ASV_943_16S_022_3	ENV_NO3	1	3	0.348055	nan	nan	nan	nan	nan
ASV_648_16S_022_3	ENV_NO3	1	4	0.151325	nan	nan	nan	nan	nan
OTU_68_18S_3_200	ENV_NO3	1	3	0.241845	nan	nan	nan	nan	nan
ASV_730_16S_022_3	ENV_NO3	1	4	0.270043	nan	nan	nan	nan	nan
ASV_688_16S_022_3	ENV_NO3	1	2	0.172426	nan	nan	nan	nan	nan
ASV_495_16S_022_3	ENV_NO3	1	3	0.390123	nan	nan	nan	nan	nan
ASV_706_16S_3_200	ENV_NO3	1	4	0.198241	nan	nan	nan	nan	nan
ASV_311_16S_022_3	ENV_NO3	1	4	0.425863	nan	nan	nan	nan	nan
ASV_1139_16S_022_3	ENV_NO3	1	4	0.128499	nan	nan	nan	nan	nan
ASV_926_16S_022_3	ENV_NO3	1	2	0.348055	nan	nan	nan	nan	nan
ASV_647_16S_022_3	ENV_NO3	1	3	0.229019	nan	nan	nan	nan	nan
OTU_2133_18S_3_200	ENV_NO3	1	3	0.290249	nan	nan	nan	nan	nan
OTU_2496_18S_3_200	ENV_NO3	1	3	0.185168	nan	nan	nan	nan	nan
ASV_397_16S_022_3	ENV_NO3	1	2	0.125192	nan	nan	nan	nan	nan
OTU_2662_18S_022_3	ENV_NO3	1	4	0.109904	nan	nan	nan	nan	nan
OTU_1354_18S_3_200	ENV_NO3	1	2	0.243666	nan	nan	nan	nan	nan
ASV_306_16S_022_3	ENV_NO3	1	4	0.209854	nan	nan	nan	nan	nan
ASV_291_16S_022_3	ENV_NO3	1	1	0.209639	nan	nan	nan	nan	nan
OTU_989_18S_3_200	ENV_NO3	1	7	0.151325	nan	nan	nan	nan	nan
OTU_2054_18S_3_200	ENV_NO3	1	1	0.093563	nan	nan	nan	nan	nan
OTU_3384_18S_022_3	ENV_NO3	1	1	0.105314	nan	nan	nan	nan	nan
ASV_294_16S_3_200	ENV_NO3	1	2	0.212400	nan	nan	nan	nan	nan
ASV_1287_16S_3_200	ENV_NO3	1	2	0.279009	nan	nan	nan	nan	nan
OTU_492_18S_3_200	ENV_NO3	1	3	0.093563	nan	nan	nan	nan	nan
OTU_458_18S_3_200	ENV_NO3	1	3	0.223674	nan	nan	nan	nan	nan
OTU_1172_18S_3_200	ENV_NO3	1	3	0.220043	nan	nan	nan	nan	nan
OTU_724_18S_022_3	ENV_NO3	1	3	0.177234	nan	nan	nan	nan	nan
ASV_889_16S_022_3	ENV_NO3	1	2	0.234281	nan	nan	nan	nan	nan
OTU_422_18S_022_3	ENV_NO3	1	1	0.143363	nan	nan	nan	nan	nan
ASV_955_16S_022_3	ENV_NO3	1	2	0.296978	nan	nan	nan	nan	nan
OTU_997_18S_3_200	ENV_NO3	1	5	0.108682	nan	nan	nan	nan	nan
ASV_488_16S_022_3	ENV_NO3	1	2	0.285652	nan	nan	nan	nan	nan
OTU_1284_18S_022_3	ENV_NO3	1	2	0.185998	nan	nan	nan	nan	nan
ASV_400_16S_022_3	ENV_NO3	1	2	0.363884	nan	nan	nan	nan	nan
OTU_768_18S_3_200	ENV_NO3	1	2	0.192353	nan	nan	nan	nan	nan
ASV_633_16S_022_3	ENV_NO3	1	1	0.245013	nan	nan	nan	nan	nan
OTU_351_18S_022_3	ENV_NO3	1	1	0.179205	nan	nan	nan	nan	nan
ASV_949_16S_022_3	ENV_NO3	1	2	0.284202	nan	nan	nan	nan	nan
OTU_29_18S_022_3	ENV_NO3	1	3	0.189389	nan	nan	nan	nan	nan
ASV_407_16S_022_3	ENV_NO3	1	2	0.225349	nan	nan	nan	nan	nan
ASV_360_16S_022_3	ENV_NO3	1	1	0.163494	nan	nan	nan	nan	nan
ASV_979_16S_022_3	ENV_NO3	1	3	0.274538	nan	nan	nan	nan	nan
ASV_308_16S_022_3	ENV_NO3	1	4	0.337323	nan	nan	nan	nan	nan
OTU_347_18S_022_3	ENV_NO3	1	1	0.128141	nan	nan	nan	nan	nan
ASV_996_16S_022_3	ENV_NO3	1	2	0.248241	nan	nan	nan	nan	nan
ASV_428_16S_022_3	ENV_NO3	1	4	0.333897	nan	nan	nan	nan	nan
ASV_74_16S_022_3	ENV_NO3	1	4	0.197858	nan	nan	nan	nan	nan
OTU_167_18S_022_3	ENV_NO3	1	2	0.176012	nan	nan	nan	nan	nan
ASV_635_16S_022_3	ENV_NO3	1	3	0.243761	nan	nan	nan	nan	nan
OTU_332_18S_3_200	ENV_NO3	1	2	0.114664	nan	nan	nan	nan	nan
ASV_829_16S_022_3	ENV_NO3	1	4	0.149943	nan	nan	nan	nan	nan
ASV_452_16S_022_3	ENV_NO3	1	2	0.143363	nan	nan	nan	nan	nan
ASV_2084_16S_022_3	ENV_NO3	1	1	0.177234	nan	nan	nan	nan	nan
OTU_749_18S_3_200	ENV_NO3	1	1	0.178194	nan	nan	nan	nan	nan
ASV_988_16S_022_3	ENV_NO3	1	4	0.211812	nan	nan	nan	nan	nan
ASV_1092_16S_022_3	ENV_NO3	1	5	0.161898	nan	nan	nan	nan	nan
ASV_1193_16S_3_200	ENV_NO3	1	2	0.151325	nan	nan	nan	nan	nan
ASV_759_16S_022_3	ENV_NO3	1	2	0.146248	nan	nan	nan	nan	nan
ASV_605_16S_022_3	ENV_NO3	1	4	0.181278	nan	nan	nan	nan	nan
OTU_4249_18S_3_200	ENV_NO3	1	5	0.270824	nan	nan	nan	nan	nan
ASV_1205_16S_022_3	ENV_NO3	1	2	0.385568	nan	nan	nan	nan	nan
OTU_2399_18S_3_200	ENV_NO3	1	2	0.277806	nan	nan	nan	nan	nan
ASV_585_16S_022_3	ENV_NO3	1	4	0.197858	nan	nan	nan	nan	nan
ASV_736_16S_022_3	ENV_NO3	1	3	0.246859	nan	nan	nan	nan	nan
ASV_931_16S_022_3	ENV_NO3	1	5	0.254128	nan	nan	nan	nan	nan
ASV_42_16S_022_3	ENV_NO3	1	2	0.071761	nan	nan	nan	nan	nan
OTU_485_18S_022_3	ENV_NO3	1	1	0.127028	nan	nan	nan	nan	nan
ASV_1320_16S_022_3	ENV_NO3	1	3	0.209770	nan	nan	nan	nan	nan
ASV_1446_16S_022_3	ENV_NO3	1	3	0.231864	nan	nan	nan	nan	nan
ASV_1106_16S_022_3	ENV_NO3	1	2	0.197814	nan	nan	nan	nan	nan
ASV_1439_16S_022_3	ENV_NO3	1	2	0.140479	nan	nan	nan	nan	nan
OTU_3755_18S_3_200	ENV_NO3	1	2	0.108682	nan	nan	nan	nan	nan
ASV_530_16S_022_3	ENV_NO3	1	2	0.071761	nan	nan	nan	nan	nan
OTU_1335_18S_3_200	ENV_NO3	1	3	0.155299	nan	nan	nan	nan	nan
ASV_213_16S_022_3	ENV_NO3	1	3	0.108682	nan	nan	nan	nan	nan
ASV_601_16S_022_3	ENV_NO3	1	2	0.093563	nan	nan	nan	nan	nan
OTU_2620_18S_3_200	ENV_NO3	1	5	0.328586	nan	nan	nan	nan	nan
ASV_715_16S_022_3	ENV_NO3	1	3	0.373658	nan	nan	nan	nan	nan
ASV_78_16S_022_3	ENV_NO3	1	3	0.237832	nan	nan	nan	nan	nan
ASV_967_16S_022_3	ENV_NO3	1	2	0.360787	nan	nan	nan	nan	nan
ASV_853_16S_022_3	ENV_NO3	1	3	0.276135	nan	nan	nan	nan	nan
ASV_489_16S_022_3	ENV_NO3	1	1	0.192596	nan	nan	nan	nan	nan
ASV_758_16S_022_3	ENV_NO3	1	3	0.168796	nan	nan	nan	nan	nan
OTU_450_18S_022_3	ENV_NO3	1	1	0.128499	nan	nan	nan	nan	nan
OTU_385_18S_022_3	ENV_NO3	1	1	0.127613	nan	nan	nan	nan	nan
OTU_1906_18S_3_200	ENV_NO3	1	4	0.176012	nan	nan	nan	nan	nan
ASV_328_16S_022_3	ENV_NO3	1	2	0.234948	nan	nan	nan	nan	nan
ASV_437_16S_022_3	ENV_NO3	1	2	0.201623	nan	nan	nan	nan	nan
ASV_165_16S_022_3	ENV_NO3	1	3	0.151325	nan	nan	nan	nan	nan
ASV_378_16S_022_3	ENV_NO3	1	2	0.153508	nan	nan	nan	nan	nan
ASV_1589_16S_022_3	ENV_NO3	1	4	0.211812	nan	nan	nan	nan	nan
ASV_819_16S_022_3	ENV_NO3	1	3	0.235123	nan	nan	nan	nan	nan
ASV_576_16S_022_3	ENV_NO3	1	4	0.213892	nan	nan	nan	nan	nan
ASV_652_16S_022_3	ENV_NO3	1	5	0.286200	nan	nan	nan	nan	nan
ASV_72_16S_022_3	ENV_NO3	1	4	0.258544	nan	nan	nan	nan	nan
ASV_158_16S_022_3	ENV_NO3	1	2	0.206710	nan	nan	nan	nan	nan
OTU_421_18S_022_3	ENV_NO3	1	1	0.125938	nan	nan	nan	nan	nan
ASV_848_16S_022_3	ENV_NO3	1	3	0.291376	nan	nan	nan	nan	nan
ASV_130_16S_022_3	ENV_NO3	1	2	0.151584	nan	nan	nan	nan	nan
ASV_1094_16S_022_3	ENV_NO3	1	6	0.123268	nan	nan	nan	nan	nan
OTU_1374_18S_022_3	ENV_NO3	1	3	0.207705	nan	nan	nan	nan	nan
ASV_20_16S_3_200	ENV_NO3	1	1	0.390123	nan	nan	nan	nan	nan
ASV_400_16S_3_200	ENV_NO3	1	3	0.331131	nan	nan	nan	nan	nan
ASV_720_16S_022_3	ENV_NO3	1	4	0.370941	nan	nan	nan	nan	nan
ASV_522_16S_022_3	ENV_NO3	1	2	0.337323	nan	nan	nan	nan	nan
ASV_764_16S_022_3	ENV_NO3	1	3	0.243666	nan	nan	nan	nan	nan
ASV_776_16S_022_3	ENV_NO3	1	2	0.244431	nan	nan	nan	nan	nan
OTU_1902_18S_022_3	ENV_NO3	1	3	0.185903	nan	nan	nan	nan	nan
ASV_900_16S_022_3	ENV_NO3	1	3	0.234202	nan	nan	nan	nan	nan
OTU_2382_18S_022_3	ENV_NO3	1	3	0.255576	nan	nan	nan	nan	nan
OTU_932_18S_022_3	ENV_NO3	1	3	0.245476	nan	nan	nan	nan	nan
ASV_658_16S_022_3	ENV_NO3	1	2	0.093563	nan	nan	nan	nan	nan
OTU_3663_18S_022_3	ENV_NO3	1	2	0.249568	nan	nan	nan	nan	nan
ASV_512_16S_022_3	ENV_NO3	1	3	0.322156	nan	nan	nan	nan	nan
ASV_1289_16S_022_3	ENV_NO3	1	3	0.208471	nan	nan	nan	nan	nan
ASV_348_16S_3_200	ENV_NO3	1	2	0.255835	nan	nan	nan	nan	nan
OTU_3466_18S_022_3	ENV_NO3	1	1	0.108682	nan	nan	nan	nan	nan
ASV_560_16S_022_3	ENV_NO3	1	4	0.193313	nan	nan	nan	nan	nan
ASV_590_16S_022_3	ENV_NO3	1	1	0.186669	nan	nan	nan	nan	nan
OTU_868_18S_022_3	ENV_NO3	1	5	0.127406	nan	nan	nan	nan	nan
OTU_213_18S_3_200	ENV_NO3	1	3	0.195560	nan	nan	nan	nan	nan
OTU_1095_18S_3_200	ENV_NO3	1	2	0.280521	nan	nan	nan	nan	nan
OTU_2682_18S_3_200	ENV_NO3	1	2	0.093563	nan	nan	nan	nan	nan
OTU_1226_18S_3_200	ENV_NO3	1	1	0.071761	nan	nan	nan	nan	nan
OTU_873_18S_022_3	ENV_NO3	1	4	0.108682	nan	nan	nan	nan	nan
ASV_143_16S_022_3	ENV_NO3	1	4	0.201658	nan	nan	nan	nan	nan
OTU_2308_18S_3_200	ENV_NO3	1	4	0.151325	nan	nan	nan	nan	nan
OTU_682_18S_3_200	ENV_NO3	1	3	0.128236	nan	nan	nan	nan	nan
ASV_424_16S_022_3	ENV_NO3	1	4	0.249852	nan	nan	nan	nan	nan
OTU_889_18S_3_200	ENV_NO3	1	3	0.255576	nan	nan	nan	nan	nan
OTU_2758_18S_3_200	ENV_NO3	1	1	0.109904	nan	nan	nan	nan	nan
ASV_1201_16S_3_200	ENV_NO3	1	2	0.151325	nan	nan	nan	nan	nan
ASV_1127_16S_022_3	ENV_NO3	1	4	0.093563	nan	nan	nan	nan	nan
ASV_36_16S_022_3	ENV_NO3	1	3	0.225349	nan	nan	nan	nan	nan
ASV_425_16S_022_3	ENV_NO3	1	3	0.142439	nan	nan	nan	nan	nan
ASV_1367_16S_022_3	ENV_NO3	1	3	0.309211	nan	nan	nan	nan	nan
OTU_1230_18S_022_3	ENV_NO3	1	2	0.328670	nan	nan	nan	nan	nan
ASV_722_16S_022_3	ENV_NO3	1	3	0.258133	nan	nan	nan	nan	nan
ASV_470_16S_022_3	ENV_NO3	1	1	0.131283	nan	nan	nan	nan	nan
ASV_533_16S_022_3	ENV_NO3	1	4	0.304621	nan	nan	nan	nan	nan
ASV_63_16S_022_3	ENV_NO3	1	2	0.073944	nan	nan	nan	nan	nan
ASV_917_16S_022_3	ENV_NO3	1	5	0.275176	nan	nan	nan	nan	nan
ASV_824_16S_022_3	ENV_NO3	1	5	0.105314	nan	nan	nan	nan	nan
ASV_1331_16S_022_3	ENV_NO3	1	5	0.314969	nan	nan	nan	nan	nan
ASV_1235_16S_022_3	ENV_NO3	1	2	0.233614	nan	nan	nan	nan	nan
OTU_6834_18S_022_3	ENV_NO3	1	2	0.071761	nan	nan	nan	nan	nan
OTU_248_18S_022_3	ENV_NO3	1	2	0.166658	nan	nan	nan	nan	nan
ASV_1411_16S_022_3	ENV_NO3	1	4	0.229611	nan	nan	nan	nan	nan
OTU_162_18S_3_200	ENV_NO3	1	1	0.212231	nan	nan	nan	nan	nan
OTU_217_18S_022_3	ENV_NO3	1	2	0.260101	nan	nan	nan	nan	nan
OTU_2040_18S_022_3	ENV_NO3	1	4	0.093563	nan	nan	nan	nan	nan
ASV_50_16S_022_3	ENV_NO3	1	3	0.293719	nan	nan	nan	nan	nan
ASV_1551_16S_022_3	ENV_NO3	1	6	0.222629	nan	nan	nan	nan	nan
OTU_1404_18S_022_3	ENV_NO3	1	3	0.093563	nan	nan	nan	nan	nan
ASV_641_16S_022_3	ENV_NO3	1	3	0.220123	nan	nan	nan	nan	nan
OTU_1557_18S_022_3	ENV_NO3	1	3	0.128141	nan	nan	nan	nan	nan
ASV_181_16S_022_3	ENV_NO3	1	1	0.287950	nan	nan	nan	nan	nan
ASV_1335_16S_022_3	ENV_NO3	1	5	0.128141	nan	nan	nan	nan	nan
ASV_1171_16S_022_3	ENV_NO3	1	3	0.341868	nan	nan	nan	nan	nan
ASV_1215_16S_022_3	ENV_NO3	1	4	0.244431	nan	nan	nan	nan	nan
ASV_1210_16S_022_3	ENV_NO3	1	4	0.271171	nan	nan	nan	nan	nan
ASV_218_16S_022_3	ENV_NO3	1	3	0.229521	nan	nan	nan	nan	nan
ASV_431_16S_022_3	ENV_NO3	1	3	0.240716	nan	nan	nan	nan	nan
ASV_904_16S_3_200	ENV_NO3	1	4	0.093563	nan	nan	nan	nan	nan
ASV_18_16S_022_3	ENV_NO3	1	1	0.283779	nan	nan	nan	nan	nan
OTU_1304_18S_3_200	ENV_NO3	1	4	0.323995	nan	nan	nan	nan	nan
ASV_276_16S_022_3	ENV_NO3	1	2	0.151325	nan	nan	nan	nan	nan
ASV_1317_16S_022_3	ENV_NO3	1	5	0.180816	nan	nan	nan	nan	nan
ASV_595_16S_022_3	ENV_NO3	1	2	0.097537	nan	nan	nan	nan	nan
ASV_64_16S_022_3	ENV_NO3	1	2	0.200663	nan	nan	nan	nan	nan
OTU_858_18S_3_200	ENV_NO3	1	2	0.229019	nan	nan	nan	nan	nan
ASV_490_16S_022_3	ENV_NO3	1	4	0.276253	nan	nan	nan	nan	nan
OTU_453_18S_3_200	ENV_NO3	1	2	0.146248	nan	nan	nan	nan	nan
OTU_291_18S_3_200	ENV_NO3	1	2	0.163494	nan	nan	nan	nan	nan
ASV_1645_16S_022_3	ENV_NO3	1	3	0.313178	nan	nan	nan	nan	nan
OTU_1984_18S_022_3	ENV_NO3	1	2	0.073944	nan	nan	nan	nan	nan
OTU_101_18S_3_200	ENV_NO3	1	4	0.234033	nan	nan	nan	nan	nan
ASV_930_16S_022_3	ENV_NO3	1	3	0.402898	nan	nan	nan	nan	nan
ASV_133_16S_3_200	ENV_NO3	1	2	0.289080	nan	nan	nan	nan	nan
OTU_1607_18S_3_200	ENV_NO3	1	2	0.220043	nan	nan	nan	nan	nan
ASV_1686_16S_022_3	ENV_NO3	1	3	0.314969	nan	nan	nan	nan	nan
ASV_101_16S_3_200	ENV_NO3	1	3	0.108682	nan	nan	nan	nan	nan
ASV_1406_16S_022_3	ENV_NO3	1	3	0.092181	nan	nan	nan	nan	nan
ASV_180_16S_022_3	ENV_NO3	1	2	0.161898	nan	nan	nan	nan	nan
ASV_1855_16S_022_3	ENV_NO3	1	4	0.207809	nan	nan	nan	nan	nan
ASV_104_16S_022_3	ENV_NO3	1	1	0.422145	nan	nan	nan	nan	nan
OTU_1346_18S_3_200	ENV_NO3	1	2	0.181030	nan	nan	nan	nan	nan
ASV_2014_16S_022_3	ENV_NO3	1	2	0.175852	nan	nan	nan	nan	nan
ASV_651_16S_022_3	ENV_NO3	1	2	0.206308	nan	nan	nan	nan	nan
ASV_166_16S_022_3	ENV_NO3	1	2	0.128141	nan	nan	nan	nan	nan
OTU_1761_18S_022_3	ENV_NO3	1	2	0.071761	nan	nan	nan	nan	nan
ASV_322_16S_022_3	ENV_NO3	1	3	0.234996	nan	nan	nan	nan	nan
ASV_1777_16S_022_3	ENV_NO3	1	3	0.222629	nan	nan	nan	nan	nan
ASV_600_16S_022_3	ENV_NO3	1	5	0.109904	nan	nan	nan	nan	nan
OTU_1376_18S_022_3	ENV_NO3	1	1	0.234996	nan	nan	nan	nan	nan
ASV_2079_16S_022_3	ENV_NO3	1	4	0.207809	nan	nan	nan	nan	nan
ASV_369_16S_022_3	ENV_NO3	1	3	0.297812	nan	nan	nan	nan	nan
ASV_1644_16S_022_3	ENV_NO3	1	3	0.281222	nan	nan	nan	nan	nan
OTU_2150_18S_022_3	ENV_NO3	1	2	0.301428	nan	nan	nan	nan	nan
OTU_1275_18S_022_3	ENV_NO3	1	1	0.090784	nan	nan	nan	nan	nan
ASV_599_16S_022_3	ENV_NO3	1	4	0.305908	nan	nan	nan	nan	nan
ASV_1087_16S_022_3	ENV_NO3	1	3	0.233614	nan	nan	nan	nan	nan
ASV_68_16S_022_3	ENV_NO3	1	2	0.389317	nan	nan	nan	nan	nan
ASV_1125_16S_022_3	ENV_NO3	1	3	0.257207	nan	nan	nan	nan	nan
ASV_150_16S_022_3	ENV_NO3	1	1	0.165245	nan	nan	nan	nan	nan
ASV_1491_16S_022_3	ENV_NO3	1	3	0.345136	nan	nan	nan	nan	nan
ASV_379_16S_022_3	ENV_NO3	1	2	0.234083	nan	nan	nan	nan	nan
ASV_1037_16S_022_3	ENV_NO3	1	3	0.318780	nan	nan	nan	nan	nan
OTU_378_18S_022_3	ENV_NO3	1	2	0.161982	nan	nan	nan	nan	nan
OTU_95_18S_022_3	ENV_NO3	1	2	0.354740	nan	nan	nan	nan	nan
ASV_754_16S_022_3	ENV_NO3	1	3	0.332301	nan	nan	nan	nan	nan
ASV_1498_16S_022_3	ENV_NO3	1	3	0.296926	nan	nan	nan	nan	nan
ASV_547_16S_022_3	ENV_NO3	1	2	0.263727	nan	nan	nan	nan	nan
ASV_540_16S_022_3	ENV_NO3	1	4	0.236742	nan	nan	nan	nan	nan
ASV_1632_16S_022_3	ENV_NO3	1	4	0.186669	nan	nan	nan	nan	nan
OTU_2590_18S_3_200	ENV_NO3	1	4	0.192150	nan	nan	nan	nan	nan
ASV_2030_16S_022_3	ENV_NO3	1	4	0.176439	nan	nan	nan	nan	nan
ASV_136_16S_022_3	ENV_NO3	1	2	0.127067	nan	nan	nan	nan	nan
OTU_1111_18S_022_3	ENV_NO3	1	3	0.146248	nan	nan	nan	nan	nan
OTU_382_18S_3_200	ENV_NO3	1	2	0.197112	nan	nan	nan	nan	nan
ASV_1516_16S_022_3	ENV_NO3	1	2	0.233614	nan	nan	nan	nan	nan
ASV_2057_16S_022_3	ENV_NO3	1	2	0.244431	nan	nan	nan	nan	nan
ASV_192_16S_3_200	ENV_NO3	1	3	0.255835	nan	nan	nan	nan	nan
ASV_154_16S_022_3	ENV_NO3	1	4	0.334016	nan	nan	nan	nan	nan
ASV_910_16S_022_3	ENV_NO3	1	4	0.130697	nan	nan	nan	nan	nan
ASV_1593_16S_022_3	ENV_NO3	1	7	0.223460	nan	nan	nan	nan	nan
ASV_2032_16S_3_200	ENV_NO3	1	2	0.234202	nan	nan	nan	nan	nan
OTU_422_18S_3_200	ENV_NO3	1	5	0.245943	nan	nan	nan	nan	nan
ASV_1631_16S_022_3	ENV_NO3	1	4	0.303024	nan	nan	nan	nan	nan
ASV_467_16S_3_200	ENV_NO3	1	2	0.393753	nan	nan	nan	nan	nan
OTU_652_18S_022_3	ENV_NO3	1	1	0.153971	nan	nan	nan	nan	nan
ASV_2127_16S_022_3	ENV_NO3	1	4	0.175852	nan	nan	nan	nan	nan
ASV_488_16S_3_200	ENV_NO3	1	1	0.159943	nan	nan	nan	nan	nan
ASV_95_16S_022_3	ENV_NO3	1	2	0.318142	nan	nan	nan	nan	nan
ASV_1565_16S_022_3	ENV_NO3	1	3	0.399631	nan	nan	nan	nan	nan
OTU_1298_18S_022_3	ENV_NO3	1	1	0.177101	nan	nan	nan	nan	nan
OTU_817_18S_3_200	ENV_NO3	1	3	0.246645	nan	nan	nan	nan	nan
OTU_24_18S_022_3	ENV_NO3	1	4	0.205502	nan	nan	nan	nan	nan
ASV_1534_16S_022_3	ENV_NO3	1	3	0.265571	nan	nan	nan	nan	nan
OTU_707_18S_022_3	ENV_NO3	1	2	0.166379	nan	nan	nan	nan	nan
OTU_2214_18S_022_3	ENV_NO3	1	2	0.108682	nan	nan	nan	nan	nan
OTU_1834_18S_022_3	ENV_NO3	1	3	0.266233	nan	nan	nan	nan	nan
ASV_1753_16S_022_3	ENV_NO3	1	2	0.317690	nan	nan	nan	nan	nan
OTU_2712_18S_3_200	ENV_NO3	1	1	0.088102	nan	nan	nan	nan	nan
ASV_26_16S_022_3	ENV_NO3	1	2	0.409910	nan	nan	nan	nan	nan
ASV_1117_16S_022_3	ENV_NO3	1	2	0.363766	nan	nan	nan	nan	nan
ASV_1727_16S_022_3	ENV_NO3	1	2	0.127406	nan	nan	nan	nan	nan
ASV_525_16S_022_3	ENV_NO3	1	2	0.208386	nan	nan	nan	nan	nan
OTU_1432_18S_022_3	ENV_NO3	1	2	0.172809	nan	nan	nan	nan	nan
OTU_28_18S_022_3	ENV_NO3	1	3	0.150624	nan	nan	nan	nan	nan
ASV_1147_16S_022_3	ENV_NO3	1	4	0.128499	nan	nan	nan	nan	nan
OTU_177_18S_022_3	ENV_NO3	1	1	0.251911	nan	nan	nan	nan	nan
ASV_1481_16S_022_3	ENV_NO3	1	5	0.289418	nan	nan	nan	nan	nan
OTU_60_18S_022_3	ENV_NO3	1	4	0.168452	nan	nan	nan	nan	nan
ASV_1173_16S_022_3	ENV_NO3	1	2	0.287373	nan	nan	nan	nan	nan
OTU_268_18S_022_3	ENV_NO3	1	2	0.291795	nan	nan	nan	nan	nan
OTU_183_18S_022_3	ENV_NO3	1	2	0.149878	nan	nan	nan	nan	nan
OTU_182_18S_022_3	ENV_NO3	1	3	0.181402	nan	nan	nan	nan	nan
ASV_744_16S_022_3	ENV_NO3	1	3	0.323334	nan	nan	nan	nan	nan
OTU_489_18S_022_3	ENV_NO3	1	3	0.189389	nan	nan	nan	nan	nan
ASV_1107_16S_022_3	ENV_NO3	1	5	0.312095	nan	nan	nan	nan	nan
ASV_630_16S_3_200	ENV_NO3	1	4	0.189468	nan	nan	nan	nan	nan
ASV_111_16S_022_3	ENV_NO3	1	2	0.332017	nan	nan	nan	nan	nan
ASV_1108_16S_022_3	ENV_NO3	1	4	0.357912	nan	nan	nan	nan	nan
ASV_703_16S_022_3	ENV_NO3	1	1	0.223555	nan	nan	nan	nan	nan
ASV_1524_16S_3_200	ENV_NO3	1	3	0.071761	nan	nan	nan	nan	nan
OTU_2017_18S_3_200	ENV_NO3	1	2	0.192150	nan	nan	nan	nan	nan
ASV_814_16S_022_3	ENV_NO3	1	2	0.186584	nan	nan	nan	nan	nan
OTU_2020_18S_3_200	ENV_NO3	1	3	0.243666	nan	nan	nan	nan	nan
OTU_872_18S_022_3	ENV_NO3	1	2	0.141274	nan	nan	nan	nan	nan
ASV_1795_16S_022_3	ENV_NO3	1	3	0.097537	nan	nan	nan	nan	nan
ASV_455_16S_022_3	ENV_NO3	1	4	0.391455	nan	nan	nan	nan	nan
OTU_1999_18S_3_200	ENV_NO3	1	2	0.073944	nan	nan	nan	nan	nan
OTU_144_18S_022_3	ENV_NO3	1	3	0.176439	nan	nan	nan	nan	nan
OTU_613_18S_3_200	ENV_NO3	1	3	0.254289	nan	nan	nan	nan	nan
ASV_335_16S_022_3	ENV_NO3	1	3	0.218914	nan	nan	nan	nan	nan
OTU_222_18S_022_3	ENV_NO3	1	2	0.310499	nan	nan	nan	nan	nan
ASV_234_16S_022_3	ENV_NO3	1	2	0.385224	nan	nan	nan	nan	nan
OTU_100_18S_022_3	ENV_NO3	1	3	0.110287	nan	nan	nan	nan	nan
OTU_714_18S_022_3	ENV_NO3	1	3	0.230994	nan	nan	nan	nan	nan
OTU_2532_18S_3_200	ENV_NO3	1	6	0.191259	nan	nan	nan	nan	nan
OTU_350_18S_022_3	ENV_NO3	1	4	0.146994	nan	nan	nan	nan	nan
OTU_1536_18S_3_200	ENV_NO3	1	2	0.249912	nan	nan	nan	nan	nan
ASV_872_16S_022_3	ENV_NO3	1	3	0.128141	nan	nan	nan	nan	nan
ASV_1707_16S_022_3	ENV_NO3	1	5	0.386695	nan	nan	nan	nan	nan
OTU_887_18S_022_3	ENV_NO3	1	3	0.244431	nan	nan	nan	nan	nan
ASV_101_16S_022_3	ENV_NO3	1	3	0.128499	nan	nan	nan	nan	nan
OTU_588_18S_3_200	ENV_NO3	1	1	0.119665	nan	nan	nan	nan	nan
OTU_1413_18S_022_3	ENV_NO3	1	3	0.093563	nan	nan	nan	nan	nan
ASV_429_16S_022_3	ENV_NO3	1	2	0.151291	nan	nan	nan	nan	nan
ASV_1076_16S_022_3	ENV_NO3	1	3	0.235415	nan	nan	nan	nan	nan
OTU_146_18S_022_3	ENV_NO3	1	1	0.186584	nan	nan	nan	nan	nan
OTU_342_18S_022_3	ENV_NO3	1	2	0.431420	nan	nan	nan	nan	nan
ASV_654_16S_022_3	ENV_NO3	1	2	0.467249	nan	nan	nan	nan	nan
OTU_128_18S_022_3	ENV_NO3	1	1	0.295594	nan	nan	nan	nan	nan
ASV_364_16S_022_3	ENV_NO3	1	1	0.255621	nan	nan	nan	nan	nan
OTU_419_18S_3_200	ENV_NO3	1	5	0.211022	nan	nan	nan	nan	nan
OTU_2489_18S_3_200	ENV_NO3	1	5	0.255416	nan	nan	nan	nan	nan
OTU_436_18S_022_3	ENV_NO3	1	4	0.240254	nan	nan	nan	nan	nan
OTU_622_18S_3_200	ENV_NO3	1	5	0.302193	nan	nan	nan	nan	nan
OTU_507_18S_022_3	ENV_NO3	1	1	0.377501	nan	nan	nan	nan	nan
OTU_539_18S_3_200	ENV_NO3	1	2	0.298478	nan	nan	nan	nan	nan
ASV_1851_16S_022_3	ENV_NO3	1	3	0.192353	nan	nan	nan	nan	nan
ASV_51_16S_3_200	ENV_NO3	1	1	0.244431	nan	nan	nan	nan	nan
OTU_327_18S_022_3	ENV_NO3	1	3	0.151325	nan	nan	nan	nan	nan
ASV_1043_16S_022_3	ENV_NO3	1	6	0.075735	nan	nan	nan	nan	nan
OTU_619_18S_022_3	ENV_NO3	1	1	0.141274	nan	nan	nan	nan	nan
OTU_825_18S_022_3	ENV_NO3	1	2	0.161898	nan	nan	nan	nan	nan
ASV_134_16S_3_200	ENV_NO3	1	4	0.223797	nan	nan	nan	nan	nan
ASV_23_16S_022_3	ENV_NO3	1	5	0.139350	nan	nan	nan	nan	nan
ASV_1801_16S_022_3	ENV_NO3	1	2	0.188927	nan	nan	nan	nan	nan
ASV_1366_16S_022_3	ENV_NO3	1	3	0.257207	nan	nan	nan	nan	nan
OTU_1075_18S_022_3	ENV_NO3	1	3	0.108682	nan	nan	nan	nan	nan
ASV_1265_16S_022_3	ENV_NO3	1	4	0.255416	nan	nan	nan	nan	nan
ASV_253_16S_022_3	ENV_NO3	1	3	0.206432	nan	nan	nan	nan	nan
ASV_1397_16S_022_3	ENV_NO3	1	5	0.071761	nan	nan	nan	nan	nan
OTU_158_18S_022_3	ENV_NO3	1	2	0.143861	nan	nan	nan	nan	nan
OTU_243_18S_022_3	ENV_NO3	1	2	0.250498	nan	nan	nan	nan	nan
ASV_680_16S_022_3	ENV_NO3	1	2	0.328586	nan	nan	nan	nan	nan
OTU_270_18S_022_3	ENV_NO3	1	2	0.141056	nan	nan	nan	nan	nan
ASV_517_16S_022_3	ENV_NO3	1	3	0.234948	nan	nan	nan	nan	nan
ASV_1055_16S_022_3	ENV_NO3	1	4	0.211812	nan	nan	nan	nan	nan
OTU_2512_18S_3_200	ENV_NO3	1	4	0.164101	nan	nan	nan	nan	nan
OTU_940_18S_022_3	ENV_NO3	1	2	0.108682	nan	nan	nan	nan	nan
OTU_2823_18S_022_3	ENV_NO3	1	2	0.128499	nan	nan	nan	nan	nan
OTU_574_18S_022_3	ENV_NO3	1	3	0.091445	nan	nan	nan	nan	nan
ASV_505_16S_022_3	ENV_NO3	1	2	0.370861	nan	nan	nan	nan	nan
ASV_83_16S_022_3	ENV_NO3	1	3	0.244809	nan	nan	nan	nan	nan
ASV_575_16S_022_3	ENV_NO3	1	2	0.185998	nan	nan	nan	nan	nan
ASV_287_16S_022_3	ENV_NO3	1	2	0.185168	nan	nan	nan	nan	nan
ASV_478_16S_022_3	ENV_NO3	1	4	0.249106	nan	nan	nan	nan	nan
ASV_361_16S_022_3	ENV_NO3	1	3	0.254333	nan	nan	nan	nan	nan
OTU_413_18S_022_3	ENV_NO3	1	4	0.150624	nan	nan	nan	nan	nan
ASV_271_16S_022_3	ENV_NO3	1	3	0.149878	nan	nan	nan	nan	nan
OTU_335_18S_022_3	ENV_NO3	1	1	0.145243	nan	nan	nan	nan	nan
ASV_47_16S_022_3	ENV_NO3	1	3	0.273046	nan	nan	nan	nan	nan
ASV_289_16S_022_3	ENV_NO3	1	2	0.153508	nan	nan	nan	nan	nan
ASV_2009_16S_022_3	ENV_NO3	1	3	0.141274	nan	nan	nan	nan	nan
ASV_210_16S_022_3	ENV_NO3	1	3	0.132294	nan	nan	nan	nan	nan
ASV_54_16S_022_3	ENV_NO3	1	1	0.213439	nan	nan	nan	nan	nan
OTU_826_18S_022_3	ENV_NO3	1	2	0.249106	nan	nan	nan	nan	nan
OTU_393_18S_022_3	ENV_NO3	1	4	0.328347	nan	nan	nan	nan	nan
OTU_129_18S_022_3	ENV_NO3	1	1	0.320743	nan	nan	nan	nan	nan
OTU_698_18S_022_3	ENV_NO3	1	2	0.306445	nan	nan	nan	nan	nan
OTU_2018_18S_022_3	ENV_NO3	1	2	0.088102	nan	nan	nan	nan	nan
ASV_765_16S_022_3	ENV_NO3	1	2	0.271201	nan	nan	nan	nan	nan
ASV_1189_16S_022_3	ENV_NO3	1	2	0.141274	nan	nan	nan	nan	nan
ASV_176_16S_3_200	ENV_NO3	1	2	0.287373	nan	nan	nan	nan	nan
OTU_200_18S_022_3	ENV_NO3	1	3	0.167125	nan	nan	nan	nan	nan
OTU_1332_18S_022_3	ENV_NO3	1	3	0.108682	nan	nan	nan	nan	nan
OTU_1629_18S_022_3	ENV_NO3	1	2	0.256798	nan	nan	nan	nan	nan
ASV_1732_16S_022_3	ENV_NO3	1	2	0.172426	nan	nan	nan	nan	nan
OTU_660_18S_022_3	ENV_NO3	1	3	0.223505	nan	nan	nan	nan	nan
OTU_644_18S_022_3	ENV_NO3	1	3	0.243666	nan	nan	nan	nan	nan
OTU_716_18S_022_3	ENV_NO3	1	4	0.222629	nan	nan	nan	nan	nan
OTU_2848_18S_3_200	ENV_NO3	1	2	0.151325	nan	nan	nan	nan	nan
OTU_956_18S_022_3	ENV_NO3	1	3	0.071761	nan	nan	nan	nan	nan
OTU_653_18S_3_200	ENV_NO3	1	3	0.105604	nan	nan	nan	nan	nan
OTU_859_18S_3_200	ENV_NO3	1	3	0.109904	nan	nan	nan	nan	nan
OTU_148_18S_022_3	ENV_NO3	1	2	0.234996	nan	nan	nan	nan	nan
OTU_807_18S_022_3	ENV_NO3	1	3	0.071761	nan	nan	nan	nan	nan
ASV_1429_16S_022_3	ENV_NO3	1	3	0.305455	nan	nan	nan	nan	nan
ASV_84_16S_3_200	ENV_NO3	1	4	0.144577	nan	nan	nan	nan	nan
ASV_7_16S_022_3	ENV_NO3	1	4	0.217362	nan	nan	nan	nan	nan
OTU_166_18S_3_200	ENV_NO3	1	3	0.212400	nan	nan	nan	nan	nan
OTU_456_18S_022_3	ENV_NO3	1	3	0.269993	nan	nan	nan	nan	nan
OTU_547_18S_3_200	ENV_NO3	1	1	0.119144	nan	nan	nan	nan	nan
ASV_1028_16S_022_3	ENV_NO3	1	3	0.233614	nan	nan	nan	nan	nan
ASV_662_16S_3_200	ENV_NO3	1	4	0.220123	nan	nan	nan	nan	nan
OTU_445_18S_022_3	ENV_NO3	1	2	0.144856	nan	nan	nan	nan	nan
ASV_484_16S_022_3	ENV_NO3	1	1	0.115872	nan	nan	nan	nan	nan
OTU_1281_18S_022_3	ENV_NO3	1	2	0.155299	nan	nan	nan	nan	nan
OTU_3149_18S_022_3	ENV_NO3	1	1	0.105604	nan	nan	nan	nan	nan
OTU_1287_18S_022_3	ENV_NO3	1	1	0.328586	nan	nan	nan	nan	nan
OTU_514_18S_022_3	ENV_NO3	1	1	0.161982	nan	nan	nan	nan	nan
OTU_646_18S_022_3	ENV_NO3	1	1	0.088102	nan	nan	nan	nan	nan
ASV_769_16S_3_200	ENV_NO3	1	1	0.080917	nan	nan	nan	nan	nan
OTU_551_18S_022_3	ENV_NO3	1	4	0.108682	nan	nan	nan	nan	nan
ASV_957_16S_022_3	ENV_NO3	1	3	0.220298	nan	nan	nan	nan	nan
ASV_482_16S_022_3	ENV_NO3	1	2	0.119144	nan	nan	nan	nan	nan
OTU_232_18S_3_200	ENV_NO3	1	5	0.208471	nan	nan	nan	nan	nan
OTU_12_18S_3_200	ENV_NO3	1	2	0.193561	nan	nan	nan	nan	nan
ASV_235_16S_022_3	ENV_NO3	1	3	0.333230	nan	nan	nan	nan	nan
OTU_1606_18S_022_3	ENV_NO3	1	3	0.255576	nan	nan	nan	nan	nan
OTU_799_18S_022_3	ENV_NO3	1	1	0.091445	nan	nan	nan	nan	nan
OTU_39_18S_022_3	ENV_NO3	1	2	0.216030	nan	nan	nan	nan	nan
OTU_561_18S_022_3	ENV_NO3	1	2	0.164101	nan	nan	nan	nan	nan
OTU_2680_18S_022_3	ENV_NO3	1	3	0.108682	nan	nan	nan	nan	nan
ASV_317_16S_022_3	ENV_NO3	1	3	0.395752	nan	nan	nan	nan	nan
OTU_641_18S_3_200	ENV_NO3	1	3	0.249022	nan	nan	nan	nan	nan
OTU_455_18S_022_3	ENV_NO3	1	2	0.108682	nan	nan	nan	nan	nan
ASV_501_16S_022_3	ENV_NO3	1	4	0.105604	nan	nan	nan	nan	nan
OTU_1139_18S_022_3	ENV_NO3	1	4	0.124446	nan	nan	nan	nan	nan
ASV_363_16S_022_3	ENV_NO3	1	4	0.223460	nan	nan	nan	nan	nan
ASV_1458_16S_022_3	ENV_NO3	1	4	0.161982	nan	nan	nan	nan	nan
OTU_3068_18S_3_200	ENV_NO3	1	2	0.108682	nan	nan	nan	nan	nan
ASV_132_16S_022_3	ENV_NO3	1	3	0.324373	nan	nan	nan	nan	nan
OTU_1010_18S_022_3	ENV_NO3	1	2	0.176012	nan	nan	nan	nan	nan
ASV_1401_16S_022_3	ENV_NO3	1	6	0.093563	nan	nan	nan	nan	nan
ASV_6_16S_022_3	ENV_NO3	1	5	0.214155	nan	nan	nan	nan	nan
OTU_287_18S_022_3	ENV_NO3	1	2	0.108682	nan	nan	nan	nan	nan
ASV_2093_16S_022_3	ENV_NO3	1	5	0.149943	nan	nan	nan	nan	nan
OTU_3733_18S_022_3	ENV_NO3	1	1	0.185168	nan	nan	nan	nan	nan
OTU_733_18S_022_3	ENV_NO3	1	2	0.108682	nan	nan	nan	nan	nan
OTU_58_18S_022_3	ENV_NO3	1	3	0.202832	nan	nan	nan	nan	nan
OTU_1266_18S_3_200	ENV_NO3	1	4	0.109701	nan	nan	nan	nan	nan
OTU_999_18S_022_3	ENV_NO3	1	1	0.268447	nan	nan	nan	nan	nan
OTU_1245_18S_3_200	ENV_NO3	1	2	0.140389	nan	nan	nan	nan	nan
ASV_621_16S_022_3	ENV_NO3	1	2	0.109904	nan	nan	nan	nan	nan
OTU_1111_18S_3_200	ENV_NO3	1	3	0.155299	nan	nan	nan	nan	nan
ASV_430_16S_022_3	ENV_NO3	1	2	0.309006	nan	nan	nan	nan	nan
OTU_466_18S_022_3	ENV_NO3	1	3	0.232824	nan	nan	nan	nan	nan
ASV_799_16S_022_3	ENV_NO3	1	3	0.071761	nan	nan	nan	nan	nan
OTU_398_18S_3_200	ENV_NO3	1	3	0.176012	nan	nan	nan	nan	nan
OTU_241_18S_022_3	ENV_NO3	1	2	0.145243	nan	nan	nan	nan	nan
ASV_357_16S_022_3	ENV_NO3	1	3	0.144577	nan	nan	nan	nan	nan
ASV_787_16S_3_200	ENV_NO3	1	3	0.222544	nan	nan	nan	nan	nan
ASV_1769_16S_022_3	ENV_NO3	1	3	0.402898	nan	nan	nan	nan	nan
ASV_1858_16S_022_3	ENV_NO3	1	3	0.201658	nan	nan	nan	nan	nan
OTU_655_18S_022_3	ENV_NO3	1	2	0.167666	nan	nan	nan	nan	nan
ASV_332_16S_022_3	ENV_NO3	1	4	0.242392	nan	nan	nan	nan	nan
ASV_1062_16S_022_3	ENV_NO3	1	3	0.083512	nan	nan	nan	nan	nan
ASV_412_16S_3_200	ENV_NO3	1	1	0.308663	nan	nan	nan	nan	nan
OTU_577_18S_022_3	ENV_NO3	1	4	0.145662	nan	nan	nan	nan	nan
ASV_1379_16S_022_3	ENV_NO3	1	2	0.149878	nan	nan	nan	nan	nan
ASV_1748_16S_022_3	ENV_NO3	1	5	0.314969	nan	nan	nan	nan	nan
OTU_1210_18S_022_3	ENV_NO3	1	3	0.119339	nan	nan	nan	nan	nan
ASV_578_16S_022_3	ENV_NO3	1	2	0.162484	nan	nan	nan	nan	nan
OTU_26_18S_022_3	ENV_NO3	1	2	0.409910	nan	nan	nan	nan	nan
ASV_300_16S_022_3	ENV_NO3	1	4	0.172809	nan	nan	nan	nan	nan
OTU_338_18S_022_3	ENV_NO3	1	2	0.230994	nan	nan	nan	nan	nan
ASV_928_16S_022_3	ENV_NO3	1	4	0.381096	nan	nan	nan	nan	nan
ASV_462_16S_3_200	ENV_NO3	1	2	0.268610	nan	nan	nan	nan	nan
ASV_462_16S_022_3	ENV_NO3	1	3	0.311891	nan	nan	nan	nan	nan
OTU_767_18S_3_200	ENV_NO3	1	4	0.235908	nan	nan	nan	nan	nan
OTU_5822_18S_3_200	ENV_NO3	1	4	0.243666	nan	nan	nan	nan	nan
OTU_6_18S_022_3	ENV_NO3	1	2	0.232487	nan	nan	nan	nan	nan
OTU_268_18S_3_200	ENV_NO3	1	3	0.318357	nan	nan	nan	nan	nan
OTU_535_18S_022_3	ENV_NO3	1	3	0.140484	nan	nan	nan	nan	nan
OTU_2088_18S_3_200	ENV_NO3	1	3	0.228110	nan	nan	nan	nan	nan
ASV_2085_16S_022_3	ENV_NO3	1	4	0.223460	nan	nan	nan	nan	nan
OTU_1262_18S_022_3	ENV_NO3	1	3	0.119339	nan	nan	nan	nan	nan
ASV_84_16S_022_3	ENV_NO3	1	2	0.142901	nan	nan	nan	nan	nan
OTU_3210_18S_3_200	ENV_NO3	1	4	0.234863	nan	nan	nan	nan	nan
OTU_2297_18S_022_3	ENV_NO3	1	3	0.156190	nan	nan	nan	nan	nan
ASV_986_16S_022_3	ENV_NO3	1	1	0.151325	nan	nan	nan	nan	nan
ASV_1734_16S_022_3	ENV_NO3	1	4	0.128141	nan	nan	nan	nan	nan
ASV_1394_16S_022_3	ENV_NO3	1	5	0.307131	nan	nan	nan	nan	nan
ASV_13_16S_022_3	ENV_NO3	1	5	0.150624	nan	nan	nan	nan	nan
OTU_1024_18S_022_3	ENV_NO3	1	6	0.207705	nan	nan	nan	nan	nan
OTU_87_18S_022_3	ENV_NO3	1	2	0.282396	nan	nan	nan	nan	nan
ASV_1328_16S_022_3	ENV_NO3	1	2	0.073944	nan	nan	nan	nan	nan
OTU_402_18S_022_3	ENV_NO3	1	1	0.314264	nan	nan	nan	nan	nan
OTU_1573_18S_022_3	ENV_NO3	1	2	0.197814	nan	nan	nan	nan	nan
OTU_920_18S_022_3	ENV_NO3	1	2	0.071761	nan	nan	nan	nan	nan
ASV_1382_16S_022_3	ENV_NO3	1	4	0.128499	nan	nan	nan	nan	nan
OTU_910_18S_022_3	ENV_NO3	1	3	0.151325	nan	nan	nan	nan	nan
OTU_1647_18S_022_3	ENV_NO3	1	2	0.088102	nan	nan	nan	nan	nan
ASV_1697_16S_022_3	ENV_NO3	1	4	0.105314	nan	nan	nan	nan	nan
OTU_977_18S_022_3	ENV_NO3	1	2	0.151325	nan	nan	nan	nan	nan
OTU_1386_18S_022_3	ENV_NO3	1	3	0.291376	nan	nan	nan	nan	nan
ASV_1869_16S_022_3	ENV_NO3	1	4	0.223460	nan	nan	nan	nan	nan
OTU_131_18S_3_200	ENV_NO3	1	1	0.220838	nan	nan	nan	nan	nan
ASV_1215_16S_3_200	ENV_NO3	1	4	0.341964	nan	nan	nan	nan	nan
OTU_3190_18S_3_200	ENV_NO3	1	3	0.149943	nan	nan	nan	nan	nan
OTU_3774_18S_3_200	ENV_NO3	1	2	0.104136	nan	nan	nan	nan	nan
OTU_1707_18S_022_3	ENV_NO3	1	3	0.151325	nan	nan	nan	nan	nan
OTU_911_18S_3_200	ENV_NO3	1	6	0.188181	nan	nan	nan	nan	nan
OTU_498_18S_3_200	ENV_NO3	1	4	0.262518	nan	nan	nan	nan	nan
OTU_1094_18S_022_3	ENV_NO3	1	3	0.108682	nan	nan	nan	nan	nan
OTU_310_18S_022_3	ENV_NO3	1	2	0.143861	nan	nan	nan	nan	nan
ASV_515_16S_022_3	ENV_NO3	1	3	0.310961	nan	nan	nan	nan	nan
ASV_1145_16S_022_3	ENV_NO3	1	2	0.105604	nan	nan	nan	nan	nan
ASV_31_16S_022_3	ENV_NO3	1	1	0.144577	nan	nan	nan	nan	nan
ASV_59_16S_022_3	ENV_NO3	1	1	0.108682	nan	nan	nan	nan	nan
OTU_50_18S_022_3	ENV_NO3	1	6	0.319818	nan	nan	nan	nan	nan
OTU_766_18S_022_3	ENV_NO3	1	2	0.240175	nan	nan	nan	nan	nan
OTU_829_18S_3_200	ENV_NO3	1	3	0.285873	nan	nan	nan	nan	nan
ASV_1563_16S_022_3	ENV_NO3	1	4	0.287373	nan	nan	nan	nan	nan
OTU_1891_18S_022_3	ENV_NO3	1	1	0.109904	nan	nan	nan	nan	nan
OTU_249_18S_3_200	ENV_NO3	1	6	0.197814	nan	nan	nan	nan	nan
OTU_558_18S_022_3	ENV_NO3	1	5	0.122775	nan	nan	nan	nan	nan
ASV_156_16S_022_3	ENV_NO3	1	4	0.124446	nan	nan	nan	nan	nan
OTU_191_18S_022_3	ENV_NO3	1	3	0.128499	nan	nan	nan	nan	nan
ASV_153_16S_022_3	ENV_NO3	1	3	0.229442	nan	nan	nan	nan	nan
ASV_1490_16S_022_3	ENV_NO3	1	3	0.190479	nan	nan	nan	nan	nan
ASV_89_16S_022_3	ENV_NO3	1	5	0.204756	nan	nan	nan	nan	nan
ASV_2083_16S_022_3	ENV_NO3	1	3	0.281222	nan	nan	nan	nan	nan
OTU_1485_18S_022_3	ENV_NO3	1	3	0.161982	nan	nan	nan	nan	nan
OTU_214_18S_022_3	ENV_NO3	1	3	0.255576	nan	nan	nan	nan	nan
OTU_611_18S_022_3	ENV_NO3	1	1	0.167666	nan	nan	nan	nan	nan
ASV_553_16S_022_3	ENV_NO3	1	4	0.282182	nan	nan	nan	nan	nan
OTU_511_18S_022_3	ENV_NO3	1	2	0.163076	nan	nan	nan	nan	nan
ASV_871_16S_022_3	ENV_NO3	1	5	0.221798	nan	nan	nan	nan	nan
ASV_37_16S_022_3	ENV_NO3	1	1	0.185168	nan	nan	nan	nan	nan
ASV_53_16S_022_3	ENV_NO3	1	3	0.292710	nan	nan	nan	nan	nan
OTU_2179_18S_3_200	ENV_NO3	1	3	0.177234	nan	nan	nan	nan	nan
ASV_643_16S_022_3	ENV_NO3	1	4	0.164867	nan	nan	nan	nan	nan
ASV_1374_16S_022_3	ENV_NO3	1	4	0.272877	nan	nan	nan	nan	nan
OTU_1449_18S_022_3	ENV_NO3	1	1	0.108682	nan	nan	nan	nan	nan
ASV_610_16S_3_200	ENV_NO3	1	3	0.108682	nan	nan	nan	nan	nan
OTU_1334_18S_022_3	ENV_NO3	1	2	0.127406	nan	nan	nan	nan	nan
OTU_1509_18S_022_3	ENV_NO3	1	2	0.151325	nan	nan	nan	nan	nan
OTU_582_18S_022_3	ENV_NO3	1	3	0.120169	nan	nan	nan	nan	nan
ASV_958_16S_022_3	ENV_NO3	1	3	0.328933	nan	nan	nan	nan	nan
OTU_145_18S_022_3	ENV_NO3	1	2	0.208386	nan	nan	nan	nan	nan
OTU_2105_18S_022_3	ENV_NO3	1	3	0.183452	nan	nan	nan	nan	nan
OTU_1924_18S_3_200	ENV_NO3	1	4	0.202339	nan	nan	nan	nan	nan
OTU_676_18S_022_3	ENV_NO3	1	2	0.197814	nan	nan	nan	nan	nan
ASV_1560_16S_022_3	ENV_NO3	1	3	0.238578	nan	nan	nan	nan	nan
OTU_2878_18S_022_3	ENV_NO3	1	3	0.255576	nan	nan	nan	nan	nan
ASV_932_16S_3_200	ENV_NO3	1	5	0.128499	nan	nan	nan	nan	nan
OTU_1285_18S_022_3	ENV_NO3	1	5	0.192353	nan	nan	nan	nan	nan
OTU_839_18S_3_200	ENV_NO3	1	4	0.149943	nan	nan	nan	nan	nan
OTU_2876_18S_3_200	ENV_NO3	1	4	0.220838	nan	nan	nan	nan	nan
ASV_453_16S_022_3	ENV_NO3	1	3	0.328670	nan	nan	nan	nan	nan
OTU_1743_18S_022_3	ENV_NO3	1	1	0.112586	nan	nan	nan	nan	nan
ASV_128_16S_022_3	ENV_NO3	1	3	0.355032	nan	nan	nan	nan	nan
OTU_1362_18S_022_3	ENV_NO3	1	3	0.185903	nan	nan	nan	nan	nan
ASV_413_16S_022_3	ENV_NO3	1	4	0.185998	nan	nan	nan	nan	nan
ASV_297_16S_3_200	ENV_NO3	1	2	0.149878	nan	nan	nan	nan	nan
OTU_743_18S_022_3	ENV_NO3	1	1	0.108682	nan	nan	nan	nan	nan
OTU_1077_18S_022_3	ENV_NO3	1	5	0.141274	nan	nan	nan	nan	nan
OTU_1594_18S_022_3	ENV_NO3	1	3	0.271917	nan	nan	nan	nan	nan
ASV_622_16S_022_3	ENV_NO3	1	4	0.166658	nan	nan	nan	nan	nan
OTU_831_18S_022_3	ENV_NO3	1	2	0.145662	nan	nan	nan	nan	nan
OTU_9_18S_022_3	ENV_NO3	1	1	0.307917	nan	nan	nan	nan	nan
OTU_2133_18S_022_3	ENV_NO3	1	3	0.151325	nan	nan	nan	nan	nan
OTU_2466_18S_3_200	ENV_NO3	1	3	0.197814	nan	nan	nan	nan	nan
OTU_1613_18S_022_3	ENV_NO3	1	1	0.080917	nan	nan	nan	nan	nan
ASV_1049_16S_022_3	ENV_NO3	1	2	0.385472	nan	nan	nan	nan	nan
ASV_224_16S_022_3	ENV_NO3	1	2	0.372449	nan	nan	nan	nan	nan
OTU_390_18S_3_200	ENV_NO3	1	3	0.167666	nan	nan	nan	nan	nan
OTU_1905_18S_022_3	ENV_NO3	1	2	0.108682	nan	nan	nan	nan	nan
ASV_1250_16S_022_3	ENV_NO3	1	4	0.313766	nan	nan	nan	nan	nan
OTU_2035_18S_022_3	ENV_NO3	1	4	0.108682	nan	nan	nan	nan	nan
OTU_5407_18S_3_200	ENV_NO3	1	5	0.151325	nan	nan	nan	nan	nan
ASV_337_16S_022_3	ENV_NO3	1	2	0.240049	nan	nan	nan	nan	nan
OTU_260_18S_022_3	ENV_NO3	1	2	0.108682	nan	nan	nan	nan	nan
OTU_677_18S_022_3	ENV_NO3	1	1	0.255576	nan	nan	nan	nan	nan
OTU_3342_18S_3_200	ENV_NO3	1	3	0.202339	nan	nan	nan	nan	nan
OTU_847_18S_022_3	ENV_NO3	1	3	0.128141	nan	nan	nan	nan	nan
OTU_2856_18S_022_3	ENV_NO3	1	3	0.108682	nan	nan	nan	nan	nan
ASV_1201_16S_022_3	ENV_NO3	1	4	0.108682	nan	nan	nan	nan	nan
OTU_2626_18S_022_3	ENV_NO3	1	1	0.071761	nan	nan	nan	nan	nan
OTU_1545_18S_022_3	ENV_NO3	1	4	0.233614	nan	nan	nan	nan	nan
OTU_1154_18S_022_3	ENV_NO3	1	2	0.216776	nan	nan	nan	nan	nan
ASV_290_16S_022_3	ENV_NO3	1	2	0.229442	nan	nan	nan	nan	nan
OTU_877_18S_022_3	ENV_NO3	1	2	0.126744	nan	nan	nan	nan	nan
ASV_1825_16S_022_3	ENV_NO3	1	3	0.186669	nan	nan	nan	nan	nan
ASV_66_16S_3_200	ENV_NO3	1	4	0.338069	nan	nan	nan	nan	nan
OTU_78_18S_022_3	ENV_NO3	1	1	0.345171	nan	nan	nan	nan	nan
ASV_337_16S_3_200	ENV_NO3	1	3	0.422070	nan	nan	nan	nan	nan
ASV_2185_16S_022_3	ENV_NO3	1	4	0.109904	nan	nan	nan	nan	nan
OTU_1561_18S_022_3	ENV_NO3	1	3	0.119339	nan	nan	nan	nan	nan
OTU_2576_18S_022_3	ENV_NO3	1	2	0.151325	nan	nan	nan	nan	nan
OTU_2176_18S_022_3	ENV_NO3	1	1	0.108682	nan	nan	nan	nan	nan
OTU_2919_18S_022_3	ENV_NO3	1	2	0.214155	nan	nan	nan	nan	nan
ASV_26_16S_3_200	ENV_NO3	1	1	0.327806	nan	nan	nan	nan	nan
ASV_185_16S_022_3	ENV_NO3	1	4	0.303238	nan	nan	nan	nan	nan
OTU_2375_18S_022_3	ENV_NO3	1	2	0.105314	nan	nan	nan	nan	nan
ASV_298_16S_022_3	ENV_NO3	1	4	0.119144	nan	nan	nan	nan	nan
ASV_384_16S_022_3	ENV_NO3	1	2	0.168796	nan	nan	nan	nan	nan
OTU_2750_18S_3_200	ENV_NO3	1	7	0.108682	nan	nan	nan	nan	nan
ASV_1728_16S_022_3	ENV_NO3	1	2	0.177653	nan	nan	nan	nan	nan
OTU_152_18S_3_200	ENV_NO3	1	1	0.290835	nan	nan	nan	nan	nan
ASV_561_16S_022_3	ENV_NO3	1	4	0.388894	nan	nan	nan	nan	nan
OTU_2656_18S_022_3	ENV_NO3	1	2	0.109904	nan	nan	nan	nan	nan
ASV_918_16S_022_3	ENV_NO3	1	3	0.273251	nan	nan	nan	nan	nan
OTU_1106_18S_3_200	ENV_NO3	1	4	0.197814	nan	nan	nan	nan	nan
ASV_1566_16S_022_3	ENV_NO3	1	2	0.288035	nan	nan	nan	nan	nan
ASV_85_16S_022_3	ENV_NO3	1	1	0.145662	nan	nan	nan	nan	nan
OTU_1014_18S_022_3	ENV_NO3	1	4	0.173516	nan	nan	nan	nan	nan
ASV_631_16S_022_3	ENV_NO3	1	2	0.234202	nan	nan	nan	nan	nan
ASV_737_16S_022_3	ENV_NO3	1	2	0.341868	nan	nan	nan	nan	nan
ASV_431_16S_3_200	ENV_NO3	1	4	0.394662	nan	nan	nan	nan	nan
ASV_113_16S_3_200	ENV_NO3	1	2	0.224420	nan	nan	nan	nan	nan
OTU_563_18S_022_3	ENV_NO3	1	2	0.119339	nan	nan	nan	nan	nan
OTU_788_18S_022_3	ENV_NO3	1	2	0.131706	nan	nan	nan	nan	nan
ASV_479_16S_022_3	ENV_NO3	1	3	0.364631	nan	nan	nan	nan	nan
ASV_725_16S_022_3	ENV_NO3	1	4	0.323334	nan	nan	nan	nan	nan
OTU_985_18S_022_3	ENV_NO3	1	3	0.149943	nan	nan	nan	nan	nan
ASV_976_16S_022_3	ENV_NO3	1	1	0.240175	nan	nan	nan	nan	nan
ASV_216_16S_3_200	ENV_NO3	1	2	0.283112	nan	nan	nan	nan	nan
ASV_563_16S_022_3	ENV_NO3	1	2	0.314687	nan	nan	nan	nan	nan
ASV_1058_16S_022_3	ENV_NO3	1	3	0.211812	nan	nan	nan	nan	nan
OTU_384_18S_022_3	ENV_NO3	1	4	0.128499	nan	nan	nan	nan	nan
OTU_1961_18S_022_3	ENV_NO3	1	2	0.172809	nan	nan	nan	nan	nan
ASV_1687_16S_022_3	ENV_NO3	1	2	0.245943	nan	nan	nan	nan	nan
OTU_419_18S_022_3	ENV_NO3	1	3	0.174724	nan	nan	nan	nan	nan
ASV_140_16S_3_200	ENV_NO3	1	5	0.126744	nan	nan	nan	nan	nan
ASV_392_16S_022_3	ENV_NO3	1	2	0.166035	nan	nan	nan	nan	nan
ASV_537_16S_022_3	ENV_NO3	1	2	0.232064	nan	nan	nan	nan	nan
OTU_1290_18S_3_200	ENV_NO3	1	3	0.192150	nan	nan	nan	nan	nan
OTU_866_18S_022_3	ENV_NO3	1	6	0.108682	nan	nan	nan	nan	nan
ASV_274_16S_3_200	ENV_NO3	1	4	0.192552	nan	nan	nan	nan	nan
ASV_282_16S_022_3	ENV_NO3	1	2	0.140558	nan	nan	nan	nan	nan
ASV_390_16S_3_200	ENV_NO3	1	4	0.144233	nan	nan	nan	nan	nan
ASV_175_16S_022_3	ENV_NO3	1	3	0.300900	nan	nan	nan	nan	nan
ASV_890_16S_022_3	ENV_NO3	1	3	0.277174	nan	nan	nan	nan	nan
ASV_664_16S_022_3	ENV_NO3	1	1	0.234996	nan	nan	nan	nan	nan
ASV_466_16S_022_3	ENV_NO3	1	4	0.187713	nan	nan	nan	nan	nan
OTU_138_18S_3_200	ENV_NO3	1	1	0.170348	nan	nan	nan	nan	nan
OTU_1142_18S_022_3	ENV_NO3	1	6	0.255576	nan	nan	nan	nan	nan
OTU_345_18S_022_3	ENV_NO3	1	4	0.292541	nan	nan	nan	nan	nan
ASV_805_16S_022_3	ENV_NO3	1	2	0.176439	nan	nan	nan	nan	nan
ASV_1254_16S_022_3	ENV_NO3	1	2	0.172809	nan	nan	nan	nan	nan
OTU_671_18S_022_3	ENV_NO3	1	2	0.226016	nan	nan	nan	nan	nan
ASV_1523_16S_022_3	ENV_NO3	1	3	0.128499	nan	nan	nan	nan	nan
OTU_2005_18S_3_200	ENV_NO3	1	4	0.184506	nan	nan	nan	nan	nan
ASV_414_16S_022_3	ENV_NO3	1	3	0.151584	nan	nan	nan	nan	nan
ASV_1578_16S_022_3	ENV_NO3	1	1	0.207705	nan	nan	nan	nan	nan
OTU_2812_18S_3_200	ENV_NO3	1	3	0.314561	nan	nan	nan	nan	nan
ASV_570_16S_022_3	ENV_NO3	1	1	0.233072	nan	nan	nan	nan	nan
ASV_1587_16S_022_3	ENV_NO3	1	6	0.146248	nan	nan	nan	nan	nan
ASV_1584_16S_022_3	ENV_NO3	1	3	0.250498	nan	nan	nan	nan	nan
ASV_878_16S_022_3	ENV_NO3	1	5	0.305908	nan	nan	nan	nan	nan
OTU_1216_18S_022_3	ENV_NO3	1	2	0.141274	nan	nan	nan	nan	nan
ASV_1322_16S_022_3	ENV_NO3	1	2	0.109904	nan	nan	nan	nan	nan
OTU_610_18S_3_200	ENV_NO3	1	4	0.109904	nan	nan	nan	nan	nan
ASV_235_16S_3_200	ENV_NO3	1	3	0.230188	nan	nan	nan	nan	nan
ASV_476_16S_022_3	ENV_NO3	1	3	0.257217	nan	nan	nan	nan	nan
ASV_260_16S_022_3	ENV_NO3	1	3	0.316729	nan	nan	nan	nan	nan
OTU_662_18S_022_3	ENV_NO3	1	3	0.197654	nan	nan	nan	nan	nan
ASV_233_16S_022_3	ENV_NO3	1	3	0.321612	nan	nan	nan	nan	nan
OTU_3811_18S_3_200	ENV_NO3	1	3	0.108682	nan	nan	nan	nan	nan
ASV_228_16S_022_3	ENV_NO3	1	1	0.105604	nan	nan	nan	nan	nan
ASV_812_16S_3_200	ENV_NO3	1	1	0.172809	nan	nan	nan	nan	nan
OTU_2135_18S_022_3	ENV_NO3	1	4	0.167666	nan	nan	nan	nan	nan
OTU_732_18S_022_3	ENV_NO3	1	1	0.149943	nan	nan	nan	nan	nan
OTU_2867_18S_3_200	ENV_NO3	1	3	0.071761	nan	nan	nan	nan	nan
ASV_334_16S_022_3	ENV_NO3	1	2	0.389317	nan	nan	nan	nan	nan
OTU_2383_18S_022_3	ENV_NO3	1	2	0.270824	nan	nan	nan	nan	nan
OTU_32_18S_3_200	ENV_NO3	1	1	0.191259	nan	nan	nan	nan	nan
ASV_499_16S_022_3	ENV_NO3	1	3	0.259713	nan	nan	nan	nan	nan
ASV_673_16S_022_3	ENV_NO3	1	3	0.264071	nan	nan	nan	nan	nan
OTU_1219_18S_3_200	ENV_NO3	1	5	0.151325	nan	nan	nan	nan	nan
OTU_4934_18S_3_200	ENV_NO3	1	4	0.192353	nan	nan	nan	nan	nan
OTU_680_18S_3_200	ENV_NO3	1	3	0.163076	nan	nan	nan	nan	nan
OTU_4302_18S_022_3	ENV_NO3	1	3	0.176012	nan	nan	nan	nan	nan
ASV_449_16S_022_3	ENV_NO3	1	3	0.185838	nan	nan	nan	nan	nan
ASV_513_16S_022_3	ENV_NO3	1	3	0.232487	nan	nan	nan	nan	nan
OTU_430_18S_3_200	ENV_NO3	1	5	0.244431	nan	nan	nan	nan	nan
ASV_797_16S_022_3	ENV_NO3	1	2	0.375040	nan	nan	nan	nan	nan
OTU_267_18S_022_3	ENV_NO3	1	2	0.243600	nan	nan	nan	nan	nan
OTU_1123_18S_3_200	ENV_NO3	1	4	0.176439	nan	nan	nan	nan	nan
OTU_1940_18S_022_3	ENV_NO3	1	2	0.119339	nan	nan	nan	nan	nan
OTU_1828_18S_022_3	ENV_NO3	1	1	0.289418	nan	nan	nan	nan	nan
OTU_1798_18S_3_200	ENV_NO3	1	3	0.141141	nan	nan	nan	nan	nan
OTU_1263_18S_022_3	ENV_NO3	1	4	0.192150	nan	nan	nan	nan	nan
ASV_847_16S_022_3	ENV_NO3	1	3	0.267078	nan	nan	nan	nan	nan
OTU_1893_18S_022_3	ENV_NO3	1	3	0.092181	nan	nan	nan	nan	nan
ASV_379_16S_3_200	ENV_NO3	1	2	0.233614	nan	nan	nan	nan	nan
ASV_434_16S_022_3	ENV_NO3	1	2	0.186972	nan	nan	nan	nan	nan
ASV_472_16S_022_3	ENV_NO3	1	3	0.246689	nan	nan	nan	nan	nan
OTU_362_18S_3_200	ENV_NO3	1	4	0.234863	nan	nan	nan	nan	nan
ASV_933_16S_022_3	ENV_NO3	1	3	0.119339	nan	nan	nan	nan	nan
ASV_542_16S_3_200	ENV_NO3	1	1	0.099759	nan	nan	nan	nan	nan
OTU_754_18S_022_3	ENV_NO3	1	3	0.220043	nan	nan	nan	nan	nan
ASV_413_16S_3_200	ENV_NO3	1	1	0.275468	nan	nan	nan	nan	nan
ASV_886_16S_022_3	ENV_NO3	1	3	0.216776	nan	nan	nan	nan	nan
OTU_1702_18S_3_200	ENV_NO3	1	2	0.071761	nan	nan	nan	nan	nan
OTU_363_18S_3_200	ENV_NO3	1	3	0.310499	nan	nan	nan	nan	nan
ASV_152_16S_022_3	ENV_NO3	1	1	0.152966	nan	nan	nan	nan	nan
OTU_2456_18S_3_200	ENV_NO3	1	3	0.221864	nan	nan	nan	nan	nan
OTU_292_18S_3_200	ENV_NO3	1	3	0.197814	nan	nan	nan	nan	nan
ASV_112_16S_022_3	ENV_NO3	1	2	0.108682	nan	nan	nan	nan	nan
OTU_1086_18S_022_3	ENV_NO3	1	2	0.309175	nan	nan	nan	nan	nan
ASV_1415_16S_022_3	ENV_NO3	1	1	0.108682	nan	nan	nan	nan	nan
OTU_613_18S_022_3	ENV_NO3	1	3	0.177653	nan	nan	nan	nan	nan
ASV_2023_16S_022_3	ENV_NO3	1	3	0.222629	nan	nan	nan	nan	nan
OTU_1836_18S_3_200	ENV_NO3	1	1	0.073944	nan	nan	nan	nan	nan
OTU_2160_18S_022_3	ENV_NO3	1	2	0.094653	nan	nan	nan	nan	nan
OTU_3213_18S_022_3	ENV_NO3	1	4	0.092181	nan	nan	nan	nan	nan
OTU_245_18S_3_200	ENV_NO3	1	2	0.220123	nan	nan	nan	nan	nan
OTU_313_18S_022_3	ENV_NO3	1	1	0.257217	nan	nan	nan	nan	nan
ASV_1643_16S_022_3	ENV_NO3	1	2	0.122059	nan	nan	nan	nan	nan
OTU_4003_18S_022_3	ENV_NO3	1	1	0.151325	nan	nan	nan	nan	nan
ASV_1716_16S_022_3	ENV_NO3	1	3	0.307131	nan	nan	nan	nan	nan
OTU_1762_18S_022_3	ENV_NO3	1	2	0.223460	nan	nan	nan	nan	nan
OTU_456_18S_3_200	ENV_NO3	1	3	0.209983	nan	nan	nan	nan	nan
ASV_1693_16S_022_3	ENV_NO3	1	2	0.231656	nan	nan	nan	nan	nan
OTU_469_18S_022_3	ENV_NO3	1	2	0.151584	nan	nan	nan	nan	nan
OTU_904_18S_3_200	ENV_NO3	1	2	0.202339	nan	nan	nan	nan	nan
OTU_1148_18S_3_200	ENV_NO3	1	5	0.221257	nan	nan	nan	nan	nan
OTU_2420_18S_022_3	ENV_NO3	1	2	0.243666	nan	nan	nan	nan	nan
ASV_486_16S_022_3	ENV_NO3	1	2	0.296555	nan	nan	nan	nan	nan
ASV_96_16S_3_200	ENV_NO3	1	4	0.109904	nan	nan	nan	nan	nan
OTU_1332_18S_3_200	ENV_NO3	1	4	0.109904	nan	nan	nan	nan	nan
ASV_1380_16S_022_3	ENV_NO3	1	4	0.294679	nan	nan	nan	nan	nan
ASV_1258_16S_022_3	ENV_NO3	1	5	0.175852	nan	nan	nan	nan	nan
ASV_1676_16S_022_3	ENV_NO3	1	3	0.372732	nan	nan	nan	nan	nan
OTU_3350_18S_022_3	ENV_NO3	1	2	0.161982	nan	nan	nan	nan	nan
ASV_173_16S_022_3	ENV_NO3	1	1	0.240175	nan	nan	nan	nan	nan
OTU_40_18S_3_200	ENV_NO3	1	2	0.119665	nan	nan	nan	nan	nan
OTU_3424_18S_022_3	ENV_NO3	1	3	0.108682	nan	nan	nan	nan	nan
OTU_105_18S_022_3	ENV_NO3	1	3	0.207640	nan	nan	nan	nan	nan
ASV_1203_16S_022_3	ENV_NO3	1	4	0.177101	nan	nan	nan	nan	nan
OTU_403_18S_3_200	ENV_NO3	1	3	0.234996	nan	nan	nan	nan	nan
ASV_2653_16S_022_3	ENV_NO3	1	4	0.207705	nan	nan	nan	nan	nan
ASV_321_16S_022_3	ENV_NO3	1	4	0.134167	nan	nan	nan	nan	nan
ASV_815_16S_022_3	ENV_NO3	1	3	0.275176	nan	nan	nan	nan	nan
OTU_729_18S_022_3	ENV_NO3	1	4	0.165911	nan	nan	nan	nan	nan
OTU_1844_18S_3_200	ENV_NO3	1	6	0.248360	nan	nan	nan	nan	nan
ASV_817_16S_022_3	ENV_NO3	1	1	0.317278	nan	nan	nan	nan	nan
ASV_1143_16S_022_3	ENV_NO3	1	2	0.314561	nan	nan	nan	nan	nan
ASV_321_16S_3_200	ENV_NO3	1	3	0.166872	nan	nan	nan	nan	nan
ASV_408_16S_022_3	ENV_NO3	1	2	0.130911	nan	nan	nan	nan	nan
ASV_1407_16S_022_3	ENV_NO3	1	4	0.222629	nan	nan	nan	nan	nan
OTU_624_18S_022_3	ENV_NO3	1	3	0.091445	nan	nan	nan	nan	nan
ASV_1344_16S_022_3	ENV_NO3	1	2	0.176439	nan	nan	nan	nan	nan
ASV_800_16S_022_3	ENV_NO3	1	3	0.122775	nan	nan	nan	nan	nan
OTU_1959_18S_022_3	ENV_NO3	1	3	0.071761	nan	nan	nan	nan	nan
ASV_888_16S_3_200	ENV_NO3	1	4	0.172809	nan	nan	nan	nan	nan
OTU_965_18S_3_200	ENV_NO3	1	3	0.244431	nan	nan	nan	nan	nan
ASV_402_16S_022_3	ENV_NO3	1	2	0.468881	nan	nan	nan	nan	nan
OTU_712_18S_022_3	ENV_NO3	1	2	0.243666	nan	nan	nan	nan	nan
ASV_473_16S_3_200	ENV_NO3	1	3	0.274753	nan	nan	nan	nan	nan
ASV_699_16S_022_3	ENV_NO3	1	2	0.410288	nan	nan	nan	nan	nan
ASV_1747_16S_022_3	ENV_NO3	1	2	0.245262	nan	nan	nan	nan	nan
OTU_1649_18S_3_200	ENV_NO3	1	3	0.149943	nan	nan	nan	nan	nan
ASV_1420_16S_022_3	ENV_NO3	1	1	0.096333	nan	nan	nan	nan	nan
OTU_984_18S_022_3	ENV_NO3	1	1	0.128499	nan	nan	nan	nan	nan
ASV_237_16S_3_200	ENV_NO3	1	2	0.224141	nan	nan	nan	nan	nan
ASV_307_16S_3_200	ENV_NO3	1	4	0.171759	nan	nan	nan	nan	nan
ASV_1480_16S_3_200	ENV_NO3	1	3	0.106434	nan	nan	nan	nan	nan
ASV_584_16S_022_3	ENV_NO3	1	1	0.151325	nan	nan	nan	nan	nan
ASV_468_16S_022_3	ENV_NO3	1	2	0.231656	nan	nan	nan	nan	nan
OTU_1263_18S_3_200	ENV_NO3	1	3	0.191259	nan	nan	nan	nan	nan
OTU_2858_18S_022_3	ENV_NO3	1	3	0.255576	nan	nan	nan	nan	nan
OTU_2181_18S_3_200	ENV_NO3	1	3	0.222544	nan	nan	nan	nan	nan
ASV_1212_16S_022_3	ENV_NO3	1	3	0.180537	nan	nan	nan	nan	nan
ASV_1508_16S_022_3	ENV_NO3	1	3	0.328933	nan	nan	nan	nan	nan
ASV_1820_16S_022_3	ENV_NO3	1	3	0.128499	nan	nan	nan	nan	nan
ASV_1521_16S_022_3	ENV_NO3	1	2	0.092181	nan	nan	nan	nan	nan
ASV_777_16S_3_200	ENV_NO3	1	4	0.177234	nan	nan	nan	nan	nan
ASV_2134_16S_3_200	ENV_NO3	1	3	0.255576	nan	nan	nan	nan	nan
ASV_723_16S_3_200	ENV_NO3	1	6	0.332221	nan	nan	nan	nan	nan
OTU_906_18S_022_3	ENV_NO3	1	1	0.151584	nan	nan	nan	nan	nan
ASV_40_16S_3_200	ENV_NO3	1	1	0.207800	nan	nan	nan	nan	nan
ASV_650_16S_3_200	ENV_NO3	1	2	0.244431	nan	nan	nan	nan	nan
OTU_3300_18S_022_3	ENV_NO3	1	3	0.151325	nan	nan	nan	nan	nan
ASV_51_16S_022_3	ENV_NO3	1	3	0.283112	nan	nan	nan	nan	nan
OTU_1247_18S_022_3	ENV_NO3	1	4	0.239384	nan	nan	nan	nan	nan
OTU_77_18S_022_3	ENV_NO3	1	2	0.119665	nan	nan	nan	nan	nan
OTU_10_18S_3_200	ENV_NO3	1	5	0.394076	nan	nan	nan	nan	nan
OTU_480_18S_3_200	ENV_NO3	1	2	0.151584	nan	nan	nan	nan	nan
ASV_377_16S_3_200	ENV_NO3	1	2	0.151584	nan	nan	nan	nan	nan
OTU_498_18S_022_3	ENV_NO3	1	2	0.218914	nan	nan	nan	nan	nan
ASV_139_16S_022_3	ENV_NO3	1	3	0.212400	nan	nan	nan	nan	nan
OTU_3877_18S_3_200	ENV_NO3	1	2	0.189587	nan	nan	nan	nan	nan
ASV_760_16S_3_200	ENV_NO3	1	2	0.289418	nan	nan	nan	nan	nan
OTU_5773_18S_022_3	ENV_NO3	1	3	0.214155	nan	nan	nan	nan	nan
ASV_17_16S_022_3	ENV_NO3	1	3	0.151325	nan	nan	nan	nan	nan
OTU_1353_18S_022_3	ENV_NO3	1	3	0.127613	nan	nan	nan	nan	nan
ASV_823_16S_022_3	ENV_NO3	1	4	0.328933	nan	nan	nan	nan	nan
ASV_491_16S_022_3	ENV_NO3	1	2	0.290835	nan	nan	nan	nan	nan
ASV_1576_16S_022_3	ENV_NO3	1	2	0.336771	nan	nan	nan	nan	nan
OTU_4_18S_022_3	ENV_NO3	1	4	0.139673	nan	nan	nan	nan	nan
ASV_1067_16S_3_200	ENV_NO3	1	4	0.128499	nan	nan	nan	nan	nan
OTU_1940_18S_3_200	ENV_NO3	1	4	0.199036	nan	nan	nan	nan	nan
ASV_1986_16S_022_3	ENV_NO3	1	2	0.266233	nan	nan	nan	nan	nan
OTU_29_18S_3_200	ENV_NO3	1	3	0.203080	nan	nan	nan	nan	nan
OTU_1532_18S_3_200	ENV_NO3	1	2	0.108682	nan	nan	nan	nan	nan
OTU_3422_18S_3_200	ENV_NO3	1	4	0.088102	nan	nan	nan	nan	nan
OTU_71_18S_3_200	ENV_NO3	1	3	0.312637	nan	nan	nan	nan	nan
OTU_850_18S_022_3	ENV_NO3	1	4	0.098427	nan	nan	nan	nan	nan
OTU_330_18S_022_3	ENV_NO3	1	2	0.108682	nan	nan	nan	nan	nan
OTU_1611_18S_3_200	ENV_NO3	1	3	0.151325	nan	nan	nan	nan	nan
OTU_2633_18S_022_3	ENV_NO3	1	5	0.176012	nan	nan	nan	nan	nan
OTU_1027_18S_3_200	ENV_NO3	1	3	0.204010	nan	nan	nan	nan	nan
OTU_2509_18S_022_3	ENV_NO3	1	5	0.108682	nan	nan	nan	nan	nan
ASV_250_16S_022_3	ENV_NO3	1	1	0.250782	nan	nan	nan	nan	nan
ASV_2156_16S_3_200	ENV_NO3	1	5	0.151325	nan	nan	nan	nan	nan
OTU_534_18S_022_3	ENV_NO3	1	3	0.202339	nan	nan	nan	nan	nan
OTU_2095_18S_3_200	ENV_NO3	1	3	0.149943	nan	nan	nan	nan	nan
ASV_1029_16S_022_3	ENV_NO3	1	4	0.186584	nan	nan	nan	nan	nan
OTU_38_18S_3_200	ENV_NO3	1	5	0.260594	nan	nan	nan	nan	nan
OTU_332_18S_022_3	ENV_NO3	1	1	0.259465	nan	nan	nan	nan	nan
ASV_105_16S_022_3	ENV_NO3	1	2	0.072735	nan	nan	nan	nan	nan
OTU_2722_18S_022_3	ENV_NO3	1	3	0.149793	nan	nan	nan	nan	nan
ASV_1426_16S_022_3	ENV_NO3	1	3	0.167706	nan	nan	nan	nan	nan
ASV_905_16S_3_200	ENV_NO3	1	5	0.105314	nan	nan	nan	nan	nan
ASV_550_16S_022_3	ENV_NO3	1	3	0.170348	nan	nan	nan	nan	nan
OTU_2259_18S_3_200	ENV_NO3	1	4	0.323334	nan	nan	nan	nan	nan
OTU_751_18S_022_3	ENV_NO3	1	2	0.326209	nan	nan	nan	nan	nan
OTU_5446_18S_022_3	ENV_NO3	1	4	0.128141	nan	nan	nan	nan	nan
OTU_811_18S_022_3	ENV_NO3	1	2	0.195620	nan	nan	nan	nan	nan
ASV_57_16S_022_3	ENV_NO3	1	3	0.299612	nan	nan	nan	nan	nan
OTU_195_18S_022_3	ENV_NO3	1	2	0.295594	nan	nan	nan	nan	nan
OTU_1149_18S_022_3	ENV_NO3	1	3	0.172809	nan	nan	nan	nan	nan
OTU_18_18S_022_3	ENV_NO3	1	2	0.109283	nan	nan	nan	nan	nan
ASV_255_16S_3_200	ENV_NO3	1	2	0.104429	nan	nan	nan	nan	nan
OTU_89_18S_3_200	ENV_NO3	1	2	0.236917	nan	nan	nan	nan	nan
ASV_1675_16S_3_200	ENV_NO3	1	3	0.421528	nan	nan	nan	nan	nan
ASV_144_16S_022_3	ENV_NO3	1	2	0.203826	nan	nan	nan	nan	nan
ASV_229_16S_022_3	ENV_NO3	1	3	0.220043	nan	nan	nan	nan	nan
OTU_506_18S_3_200	ENV_NO3	1	3	0.244431	nan	nan	nan	nan	nan
ASV_985_16S_022_3	ENV_NO3	1	2	0.308888	nan	nan	nan	nan	nan
OTU_1575_18S_022_3	ENV_NO3	1	4	0.075735	nan	nan	nan	nan	nan
ASV_1227_16S_022_3	ENV_NO3	1	3	0.126744	nan	nan	nan	nan	nan
OTU_763_18S_022_3	ENV_NO3	1	4	0.172809	nan	nan	nan	nan	nan
ASV_414_16S_3_200	ENV_NO3	1	3	0.216030	nan	nan	nan	nan	nan
ASV_406_16S_022_3	ENV_NO3	1	4	0.267078	nan	nan	nan	nan	nan
OTU_11_18S_3_200	ENV_NO3	1	4	0.259290	nan	nan	nan	nan	nan
ASV_669_16S_3_200	ENV_NO3	1	1	0.210685	nan	nan	nan	nan	nan
ASV_1059_16S_022_3	ENV_NO3	1	5	0.255576	nan	nan	nan	nan	nan
ASV_714_16S_022_3	ENV_NO3	1	2	0.195620	nan	nan	nan	nan	nan
ASV_206_16S_022_3	ENV_NO3	1	2	0.222932	nan	nan	nan	nan	nan
OTU_1345_18S_3_200	ENV_NO3	1	6	0.386695	nan	nan	nan	nan	nan
OTU_467_18S_022_3	ENV_NO3	1	1	0.167666	nan	nan	nan	nan	nan
OTU_240_18S_3_200	ENV_NO3	1	2	0.191259	nan	nan	nan	nan	nan
OTU_413_18S_3_200	ENV_NO3	1	3	0.246436	nan	nan	nan	nan	nan
OTU_985_18S_3_200	ENV_NO3	1	3	0.291376	nan	nan	nan	nan	nan
ASV_1705_16S_022_3	ENV_NO3	1	3	0.141274	nan	nan	nan	nan	nan
OTU_188_18S_022_3	ENV_NO3	1	1	0.149878	nan	nan	nan	nan	nan
OTU_105_18S_3_200	ENV_NO3	1	2	0.267278	nan	nan	nan	nan	nan
OTU_2562_18S_022_3	ENV_NO3	1	1	0.108682	nan	nan	nan	nan	nan
ASV_842_16S_022_3	ENV_NO3	1	2	0.351856	nan	nan	nan	nan	nan
OTU_233_18S_022_3	ENV_NO3	1	2	0.263478	nan	nan	nan	nan	nan
OTU_1246_18S_022_3	ENV_NO3	1	3	0.108682	nan	nan	nan	nan	nan
OTU_537_18S_022_3	ENV_NO3	1	3	0.162281	nan	nan	nan	nan	nan
OTU_1058_18S_022_3	ENV_NO3	1	1	0.206308	nan	nan	nan	nan	nan
OTU_496_18S_022_3	ENV_NO3	1	2	0.319857	nan	nan	nan	nan	nan
ASV_507_16S_022_3	ENV_NO3	1	2	0.229521	nan	nan	nan	nan	nan
OTU_506_18S_022_3	ENV_NO3	1	1	0.186669	nan	nan	nan	nan	nan
OTU_787_18S_022_3	ENV_NO3	1	4	0.131120	nan	nan	nan	nan	nan
OTU_2418_18S_3_200	ENV_NO3	1	7	0.192353	nan	nan	nan	nan	nan
OTU_1309_18S_3_200	ENV_NO3	1	3	0.239384	nan	nan	nan	nan	nan
ASV_503_16S_022_3	ENV_NO3	1	7	0.231317	nan	nan	nan	nan	nan
ASV_781_16S_022_3	ENV_NO3	1	2	0.108682	nan	nan	nan	nan	nan
ASV_582_16S_022_3	ENV_NO3	1	4	0.309329	nan	nan	nan	nan	nan
ASV_738_16S_022_3	ENV_NO3	1	2	0.219660	nan	nan	nan	nan	nan
OTU_1682_18S_022_3	ENV_NO3	1	2	0.093563	nan	nan	nan	nan	nan
OTU_119_18S_3_200	ENV_NO3	1	2	0.115624	nan	nan	nan	nan	nan
OTU_2041_18S_3_200	ENV_NO3	1	2	0.175852	nan	nan	nan	nan	nan
ASV_862_16S_022_3	ENV_NO3	1	5	0.223007	nan	nan	nan	nan	nan
OTU_242_18S_3_200	ENV_NO3	1	3	0.164534	nan	nan	nan	nan	nan
OTU_1898_18S_3_200	ENV_NO3	1	8	0.151325	nan	nan	nan	nan	nan
OTU_749_18S_022_3	ENV_NO3	1	2	0.271917	nan	nan	nan	nan	nan
OTU_393_18S_3_200	ENV_NO3	1	4	0.254289	nan	nan	nan	nan	nan
OTU_286_18S_3_200	ENV_NO3	1	3	0.141274	nan	nan	nan	nan	nan
ASV_784_16S_3_200	ENV_NO3	1	4	0.185838	nan	nan	nan	nan	nan
ASV_1581_16S_022_3	ENV_NO3	1	4	0.232521	nan	nan	nan	nan	nan
OTU_842_18S_3_200	ENV_NO3	1	2	0.220838	nan	nan	nan	nan	nan
OTU_234_18S_022_3	ENV_NO3	1	4	0.256127	nan	nan	nan	nan	nan
OTU_476_18S_3_200	ENV_NO3	1	3	0.306004	nan	nan	nan	nan	nan
ASV_364_16S_3_200	ENV_NO3	1	2	0.130613	nan	nan	nan	nan	nan
OTU_942_18S_022_3	ENV_NO3	1	2	0.231322	nan	nan	nan	nan	nan
ASV_1244_16S_022_3	ENV_NO3	1	3	0.128141	nan	nan	nan	nan	nan
OTU_1213_18S_022_3	ENV_NO3	1	3	0.151325	nan	nan	nan	nan	nan
OTU_2736_18S_022_3	ENV_NO3	1	3	0.167666	nan	nan	nan	nan	nan
ASV_226_16S_022_3	ENV_NO3	1	3	0.234863	nan	nan	nan	nan	nan
ASV_1442_16S_022_3	ENV_NO3	1	2	0.164996	nan	nan	nan	nan	nan
OTU_902_18S_022_3	ENV_NO3	1	3	0.117548	nan	nan	nan	nan	nan
OTU_2884_18S_3_200	ENV_NO3	1	3	0.124446	nan	nan	nan	nan	nan
OTU_151_18S_3_200	ENV_NO3	1	2	0.236742	nan	nan	nan	nan	nan
OTU_889_18S_022_3	ENV_NO3	1	4	0.088102	nan	nan	nan	nan	nan
OTU_98_18S_022_3	ENV_NO3	1	1	0.128499	nan	nan	nan	nan	nan
OTU_2322_18S_3_200	ENV_NO3	1	3	0.302193	nan	nan	nan	nan	nan
ASV_1044_16S_022_3	ENV_NO3	1	3	0.259515	nan	nan	nan	nan	nan
OTU_125_18S_3_200	ENV_NO3	1	1	0.140389	nan	nan	nan	nan	nan
OTU_917_18S_022_3	ENV_NO3	1	3	0.155299	nan	nan	nan	nan	nan
OTU_236_18S_3_200	ENV_NO3	1	4	0.145662	nan	nan	nan	nan	nan
ASV_249_16S_022_3	ENV_NO3	1	3	0.329256	nan	nan	nan	nan	nan
OTU_1153_18S_022_3	ENV_NO3	1	4	0.231656	nan	nan	nan	nan	nan
ASV_1115_16S_022_3	ENV_NO3	1	4	0.128499	nan	nan	nan	nan	nan
OTU_817_18S_022_3	ENV_NO3	1	3	0.270824	nan	nan	nan	nan	nan
OTU_1346_18S_022_3	ENV_NO3	1	2	0.119339	nan	nan	nan	nan	nan
ASV_61_16S_022_3	ENV_NO3	1	6	0.127406	nan	nan	nan	nan	nan
ASV_2281_16S_3_200	ENV_NO3	1	3	0.128499	nan	nan	nan	nan	nan
OTU_1191_18S_022_3	ENV_NO3	1	3	0.255576	nan	nan	nan	nan	nan
OTU_320_18S_022_3	ENV_NO3	1	4	0.205502	nan	nan	nan	nan	nan
OTU_1511_18S_3_200	ENV_NO3	1	5	0.071761	nan	nan	nan	nan	nan
ASV_377_16S_022_3	ENV_NO3	1	1	0.104803	nan	nan	nan	nan	nan
ASV_448_16S_3_200	ENV_NO3	1	4	0.282768	nan	nan	nan	nan	nan
OTU_373_18S_3_200	ENV_NO3	1	4	0.181402	nan	nan	nan	nan	nan
ASV_833_16S_022_3	ENV_NO3	1	4	0.271654	nan	nan	nan	nan	nan
OTU_1899_18S_022_3	ENV_NO3	1	1	0.195696	nan	nan	nan	nan	nan
ASV_469_16S_022_3	ENV_NO3	1	2	0.186584	nan	nan	nan	nan	nan
ASV_1482_16S_022_3	ENV_NO3	1	2	0.127406	nan	nan	nan	nan	nan
ASV_75_16S_022_3	ENV_NO3	1	3	0.320280	nan	nan	nan	nan	nan
OTU_1460_18S_022_3	ENV_NO3	1	1	0.151325	nan	nan	nan	nan	nan
OTU_2037_18S_022_3	ENV_NO3	1	1	0.127406	nan	nan	nan	nan	nan
OTU_1290_18S_022_3	ENV_NO3	1	4	0.127406	nan	nan	nan	nan	nan
ASV_9_16S_022_3	ENV_NO3	1	4	0.372274	nan	nan	nan	nan	nan
OTU_325_18S_3_200	ENV_NO3	1	4	0.210685	nan	nan	nan	nan	nan
OTU_251_18S_022_3	ENV_NO3	1	1	0.288617	nan	nan	nan	nan	nan
OTU_197_18S_3_200	ENV_NO3	1	5	0.162281	nan	nan	nan	nan	nan
ASV_1949_16S_022_3	ENV_NO3	1	1	0.073944	nan	nan	nan	nan	nan
OTU_34_18S_3_200	ENV_NO3	1	2	0.135799	nan	nan	nan	nan	nan
ASV_782_16S_022_3	ENV_NO3	1	5	0.214155	nan	nan	nan	nan	nan
ASV_273_16S_022_3	ENV_NO3	1	2	0.188927	nan	nan	nan	nan	nan
ASV_613_16S_022_3	ENV_NO3	1	2	0.303024	nan	nan	nan	nan	nan
OTU_260_18S_3_200	ENV_NO3	1	2	0.149943	nan	nan	nan	nan	nan
OTU_8089_18S_022_3	ENV_NO3	1	2	0.108682	nan	nan	nan	nan	nan
ASV_110_16S_022_3	ENV_NO3	1	4	0.304914	nan	nan	nan	nan	nan
OTU_1076_18S_022_3	ENV_NO3	1	1	0.172809	nan	nan	nan	nan	nan
OTU_196_18S_3_200	ENV_NO3	1	3	0.110287	nan	nan	nan	nan	nan
OTU_15_18S_022_3	ENV_NO3	1	2	0.266148	nan	nan	nan	nan	nan
ASV_444_16S_022_3	ENV_NO3	1	2	0.128499	nan	nan	nan	nan	nan
ASV_93_16S_022_3	ENV_NO3	1	4	0.315844	nan	nan	nan	nan	nan
ASV_1375_16S_022_3	ENV_NO3	1	1	0.141274	nan	nan	nan	nan	nan
OTU_675_18S_022_3	ENV_NO3	1	2	0.104803	nan	nan	nan	nan	nan
OTU_671_18S_3_200	ENV_NO3	1	4	0.213061	nan	nan	nan	nan	nan
OTU_605_18S_3_200	ENV_NO3	1	3	0.320162	nan	nan	nan	nan	nan
OTU_1390_18S_3_200	ENV_NO3	1	5	0.091370	nan	nan	nan	nan	nan
ASV_304_16S_022_3	ENV_NO3	1	4	0.236623	nan	nan	nan	nan	nan
ASV_464_16S_3_200	ENV_NO3	1	1	0.320449	nan	nan	nan	nan	nan
ASV_278_16S_022_3	ENV_NO3	1	2	0.307998	nan	nan	nan	nan	nan
ASV_387_16S_022_3	ENV_NO3	1	4	0.319614	nan	nan	nan	nan	nan
OTU_536_18S_3_200	ENV_NO3	1	2	0.218914	nan	nan	nan	nan	nan
OTU_303_18S_3_200	ENV_NO3	1	4	0.152922	nan	nan	nan	nan	nan
ASV_1934_16S_022_3	ENV_NO3	1	2	0.141274	nan	nan	nan	nan	nan
OTU_430_18S_022_3	ENV_NO3	1	3	0.128236	nan	nan	nan	nan	nan
ASV_410_16S_022_3	ENV_NO3	1	3	0.354609	nan	nan	nan	nan	nan
ASV_2004_16S_3_200	ENV_NO3	1	2	0.211812	nan	nan	nan	nan	nan
OTU_2309_18S_022_3	ENV_NO3	1	5	0.071761	nan	nan	nan	nan	nan
OTU_2745_18S_3_200	ENV_NO3	1	2	0.177234	nan	nan	nan	nan	nan
ASV_263_16S_022_3	ENV_NO3	1	2	0.185998	nan	nan	nan	nan	nan
OTU_756_18S_3_200	ENV_NO3	1	4	0.177234	nan	nan	nan	nan	nan
OTU_778_18S_3_200	ENV_NO3	1	3	0.220043	nan	nan	nan	nan	nan
OTU_787_18S_3_200	ENV_NO3	1	3	0.232487	nan	nan	nan	nan	nan
OTU_1901_18S_022_3	ENV_NO3	1	1	0.316481	nan	nan	nan	nan	nan
OTU_560_18S_3_200	ENV_NO3	1	1	0.218372	nan	nan	nan	nan	nan
OTU_183_18S_3_200	ENV_NO3	1	3	0.193313	nan	nan	nan	nan	nan
OTU_797_18S_022_3	ENV_NO3	1	4	0.320162	nan	nan	nan	nan	nan
ASV_762_16S_022_3	ENV_NO3	1	1	0.183784	nan	nan	nan	nan	nan
ASV_1439_16S_3_200	ENV_NO3	1	3	0.305908	nan	nan	nan	nan	nan
ASV_673_16S_3_200	ENV_NO3	1	5	0.209854	nan	nan	nan	nan	nan
ASV_307_16S_022_3	ENV_NO3	1	2	0.209053	nan	nan	nan	nan	nan
OTU_833_18S_3_200	ENV_NO3	1	2	0.186584	nan	nan	nan	nan	nan
ASV_297_16S_022_3	ENV_NO3	1	3	0.158561	nan	nan	nan	nan	nan
ASV_1088_16S_022_3	ENV_NO3	1	1	0.107020	nan	nan	nan	nan	nan
OTU_1786_18S_3_200	ENV_NO3	1	3	0.091445	nan	nan	nan	nan	nan
ASV_1310_16S_022_3	ENV_NO3	1	2	0.128141	nan	nan	nan	nan	nan
ASV_412_16S_022_3	ENV_NO3	1	1	0.197858	nan	nan	nan	nan	nan
OTU_103_18S_3_200	ENV_NO3	1	4	0.172809	nan	nan	nan	nan	nan
ASV_1149_16S_022_3	ENV_NO3	1	2	0.128499	nan	nan	nan	nan	nan
ASV_755_16S_022_3	ENV_NO3	1	3	0.177101	nan	nan	nan	nan	nan
OTU_1121_18S_3_200	ENV_NO3	1	4	0.191259	nan	nan	nan	nan	nan
ASV_301_16S_022_3	ENV_NO3	1	3	0.319614	nan	nan	nan	nan	nan
OTU_1628_18S_022_3	ENV_NO3	1	1	0.127406	nan	nan	nan	nan	nan
OTU_2876_18S_022_3	ENV_NO3	1	7	0.093563	nan	nan	nan	nan	nan
OTU_543_18S_022_3	ENV_NO3	1	2	0.189683	nan	nan	nan	nan	nan
ASV_33_16S_022_3	ENV_NO3	1	3	0.246645	nan	nan	nan	nan	nan
OTU_909_18S_3_200	ENV_NO3	1	5	0.198241	nan	nan	nan	nan	nan
OTU_585_18S_022_3	ENV_NO3	1	3	0.255576	nan	nan	nan	nan	nan
OTU_2389_18S_022_3	ENV_NO3	1	3	0.255576	nan	nan	nan	nan	nan
ASV_1294_16S_022_3	ENV_NO3	1	1	0.128499	nan	nan	nan	nan	nan
OTU_960_18S_3_200	ENV_NO3	1	3	0.130613	nan	nan	nan	nan	nan
ASV_2371_16S_022_3	ENV_NO3	1	2	0.127116	nan	nan	nan	nan	nan
OTU_871_18S_3_200	ENV_NO3	1	3	0.138435	nan	nan	nan	nan	nan
OTU_2433_18S_3_200	ENV_NO3	1	4	0.255576	nan	nan	nan	nan	nan
OTU_1399_18S_3_200	ENV_NO3	1	3	0.299608	nan	nan	nan	nan	nan
OTU_517_18S_3_200	ENV_NO3	1	1	0.104803	nan	nan	nan	nan	nan
ASV_1720_16S_022_3	ENV_NO3	1	4	0.386695	nan	nan	nan	nan	nan
ASV_1155_16S_022_3	ENV_NO3	1	3	0.262400	nan	nan	nan	nan	nan
OTU_711_18S_3_200	ENV_NO3	1	4	0.281222	nan	nan	nan	nan	nan
OTU_1123_18S_022_3	ENV_NO3	1	3	0.198241	nan	nan	nan	nan	nan
OTU_373_18S_022_3	ENV_NO3	1	2	0.190056	nan	nan	nan	nan	nan
ASV_820_16S_022_3	ENV_NO3	1	2	0.305908	nan	nan	nan	nan	nan
OTU_48_18S_3_200	ENV_NO3	1	3	0.211733	nan	nan	nan	nan	nan
OTU_3448_18S_3_200	ENV_NO3	1	2	0.234996	nan	nan	nan	nan	nan
OTU_1104_18S_022_3	ENV_NO3	1	2	0.149793	nan	nan	nan	nan	nan
OTU_868_18S_3_200	ENV_NO3	1	4	0.161982	nan	nan	nan	nan	nan
OTU_1374_18S_3_200	ENV_NO3	1	5	0.149943	nan	nan	nan	nan	nan
OTU_191_18S_3_200	ENV_NO3	1	4	0.234996	nan	nan	nan	nan	nan
ASV_831_16S_022_3	ENV_NO3	1	4	0.258133	nan	nan	nan	nan	nan
ASV_1658_16S_022_3	ENV_NO3	1	4	0.141274	nan	nan	nan	nan	nan
OTU_1506_18S_022_3	ENV_NO3	1	2	0.108682	nan	nan	nan	nan	nan
OTU_1789_18S_022_3	ENV_NO3	1	3	0.207705	nan	nan	nan	nan	nan
OTU_537_18S_3_200	ENV_NO3	1	3	0.180816	nan	nan	nan	nan	nan
ASV_1002_16S_022_3	ENV_NO3	1	4	0.367515	nan	nan	nan	nan	nan
OTU_1086_18S_3_200	ENV_NO3	1	5	0.152922	nan	nan	nan	nan	nan
ASV_947_16S_022_3	ENV_NO3	1	4	0.396961	nan	nan	nan	nan	nan
ASV_1287_16S_022_3	ENV_NO3	1	5	0.229611	nan	nan	nan	nan	nan
ASV_506_16S_022_3	ENV_NO3	1	4	0.282819	nan	nan	nan	nan	nan
OTU_1801_18S_022_3	ENV_NO3	1	4	0.108682	nan	nan	nan	nan	nan
OTU_741_18S_3_200	ENV_NO3	1	5	0.192353	nan	nan	nan	nan	nan
OTU_1283_18S_022_3	ENV_NO3	1	4	0.204010	nan	nan	nan	nan	nan
OTU_3326_18S_022_3	ENV_NO3	1	2	0.197814	nan	nan	nan	nan	nan
OTU_598_18S_3_200	ENV_NO3	1	3	0.173516	nan	nan	nan	nan	nan
ASV_1186_16S_022_3	ENV_NO3	1	3	0.380927	nan	nan	nan	nan	nan
OTU_910_18S_3_200	ENV_NO3	1	1	0.155299	nan	nan	nan	nan	nan
OTU_2305_18S_022_3	ENV_NO3	1	1	0.234863	nan	nan	nan	nan	nan
OTU_62_18S_3_200	ENV_NO3	1	3	0.195620	nan	nan	nan	nan	nan
OTU_866_18S_3_200	ENV_NO3	1	7	0.214155	nan	nan	nan	nan	nan
ASV_1223_16S_022_3	ENV_NO3	1	3	0.128141	nan	nan	nan	nan	nan
OTU_698_18S_3_200	ENV_NO3	1	3	0.210685	nan	nan	nan	nan	nan
OTU_2317_18S_022_3	ENV_NO3	1	3	0.185168	nan	nan	nan	nan	nan
OTU_495_18S_022_3	ENV_NO3	1	3	0.211389	nan	nan	nan	nan	nan
OTU_1252_18S_3_200	ENV_NO3	1	5	0.220043	nan	nan	nan	nan	nan
OTU_1576_18S_3_200	ENV_NO3	1	4	0.130613	nan	nan	nan	nan	nan
ASV_502_16S_022_3	ENV_NO3	1	2	0.257510	nan	nan	nan	nan	nan
ASV_858_16S_3_200	ENV_NO3	1	2	0.220838	nan	nan	nan	nan	nan
ASV_1556_16S_022_3	ENV_NO3	1	2	0.323334	nan	nan	nan	nan	nan
OTU_1898_18S_022_3	ENV_NO3	1	2	0.163076	nan	nan	nan	nan	nan
OTU_931_18S_022_3	ENV_NO3	1	5	0.220838	nan	nan	nan	nan	nan
OTU_16_18S_3_200	ENV_NO3	1	3	0.073944	nan	nan	nan	nan	nan
OTU_1338_18S_022_3	ENV_NO3	1	3	0.093563	nan	nan	nan	nan	nan
OTU_293_18S_3_200	ENV_NO3	1	5	0.301428	nan	nan	nan	nan	nan
OTU_1146_18S_3_200	ENV_NO3	1	2	0.091445	nan	nan	nan	nan	nan
OTU_227_18S_022_3	ENV_NO3	1	1	0.176012	nan	nan	nan	nan	nan
OTU_3429_18S_022_3	ENV_NO3	1	1	0.109904	nan	nan	nan	nan	nan
OTU_1609_18S_022_3	ENV_NO3	1	5	0.108682	nan	nan	nan	nan	nan
OTU_69_18S_022_3	ENV_NO3	1	2	0.209053	nan	nan	nan	nan	nan
OTU_231_18S_3_200	ENV_NO3	1	2	0.162281	nan	nan	nan	nan	nan
ASV_504_16S_022_3	ENV_NO3	1	4	0.226389	nan	nan	nan	nan	nan
OTU_1355_18S_3_200	ENV_NO3	1	4	0.127406	nan	nan	nan	nan	nan
OTU_199_18S_022_3	ENV_NO3	1	1	0.364631	nan	nan	nan	nan	nan
OTU_1417_18S_3_200	ENV_NO3	1	2	0.197814	nan	nan	nan	nan	nan
OTU_17_18S_3_200	ENV_NO3	1	3	0.251323	nan	nan	nan	nan	nan
OTU_1557_18S_3_200	ENV_NO3	1	3	0.277806	nan	nan	nan	nan	nan
OTU_491_18S_022_3	ENV_NO3	1	2	0.170348	nan	nan	nan	nan	nan
ASV_1124_16S_3_200	ENV_NO3	1	2	0.115624	nan	nan	nan	nan	nan
OTU_800_18S_3_200	ENV_NO3	1	3	0.119144	nan	nan	nan	nan	nan
ASV_2068_16S_022_3	ENV_NO3	1	2	0.287373	nan	nan	nan	nan	nan
OTU_625_18S_3_200	ENV_NO3	1	3	0.170348	nan	nan	nan	nan	nan
OTU_2812_18S_022_3	ENV_NO3	1	3	0.128141	nan	nan	nan	nan	nan
OTU_1165_18S_3_200	ENV_NO3	1	6	0.220838	nan	nan	nan	nan	nan
OTU_2459_18S_3_200	ENV_NO3	1	5	0.270824	nan	nan	nan	nan	nan
ASV_1443_16S_022_3	ENV_NO3	1	4	0.413461	nan	nan	nan	nan	nan
OTU_791_18S_3_200	ENV_NO3	1	3	0.151325	nan	nan	nan	nan	nan
ASV_1781_16S_022_3	ENV_NO3	1	5	0.332301	nan	nan	nan	nan	nan
ASV_500_16S_022_3	ENV_NO3	1	3	0.099759	nan	nan	nan	nan	nan
OTU_1286_18S_3_200	ENV_NO3	1	5	0.128499	nan	nan	nan	nan	nan
ASV_579_16S_022_3	ENV_NO3	1	2	0.385224	nan	nan	nan	nan	nan
OTU_3782_18S_3_200	ENV_NO3	1	5	0.243666	nan	nan	nan	nan	nan
OTU_1143_18S_022_3	ENV_NO3	1	4	0.128499	nan	nan	nan	nan	nan
OTU_348_18S_3_200	ENV_NO3	1	2	0.115872	nan	nan	nan	nan	nan
OTU_962_18S_3_200	ENV_NO3	1	1	0.119144	nan	nan	nan	nan	nan
OTU_699_18S_3_200	ENV_NO3	1	3	0.119339	nan	nan	nan	nan	nan
OTU_1618_18S_022_3	ENV_NO3	1	3	0.108682	nan	nan	nan	nan	nan
ASV_818_16S_022_3	ENV_NO3	1	2	0.115624	nan	nan	nan	nan	nan
OTU_2905_18S_022_3	ENV_NO3	1	2	0.155299	nan	nan	nan	nan	nan
OTU_5301_18S_3_200	ENV_NO3	1	3	0.255576	nan	nan	nan	nan	nan
OTU_1347_18S_3_200	ENV_NO3	1	3	0.083512	nan	nan	nan	nan	nan
OTU_146_18S_3_200	ENV_NO3	1	3	0.141141	nan	nan	nan	nan	nan
ASV_2243_16S_022_3	ENV_NO3	1	2	0.291376	nan	nan	nan	nan	nan
OTU_1625_18S_3_200	ENV_NO3	1	4	0.112586	nan	nan	nan	nan	nan
OTU_329_18S_3_200	ENV_NO3	1	2	0.226558	nan	nan	nan	nan	nan
OTU_1304_18S_022_3	ENV_NO3	1	3	0.266233	nan	nan	nan	nan	nan
ASV_381_16S_022_3	ENV_NO3	1	2	0.216030	nan	nan	nan	nan	nan
ASV_1047_16S_022_3	ENV_NO3	1	3	0.093563	nan	nan	nan	nan	nan
ASV_284_16S_022_3	ENV_NO3	1	3	0.248439	nan	nan	nan	nan	nan
OTU_497_18S_3_200	ENV_NO3	1	2	0.151325	nan	nan	nan	nan	nan
OTU_899_18S_3_200	ENV_NO3	1	2	0.092862	nan	nan	nan	nan	nan
OTU_6383_18S_022_3	ENV_NO3	1	1	0.127116	nan	nan	nan	nan	nan
OTU_646_18S_3_200	ENV_NO3	1	2	0.189683	nan	nan	nan	nan	nan
OTU_304_18S_3_200	ENV_NO3	1	3	0.128499	nan	nan	nan	nan	nan
ASV_1353_16S_022_3	ENV_NO3	1	3	0.185998	nan	nan	nan	nan	nan
OTU_902_18S_3_200	ENV_NO3	1	4	0.245943	nan	nan	nan	nan	nan
ASV_2155_16S_022_3	ENV_NO3	1	2	0.303024	nan	nan	nan	nan	nan
OTU_760_18S_022_3	ENV_NO3	1	3	0.255576	nan	nan	nan	nan	nan
OTU_995_18S_3_200	ENV_NO3	1	4	0.177234	nan	nan	nan	nan	nan
OTU_106_18S_3_200	ENV_NO3	1	3	0.276676	nan	nan	nan	nan	nan
OTU_1627_18S_3_200	ENV_NO3	1	3	0.071761	nan	nan	nan	nan	nan
OTU_1076_18S_3_200	ENV_NO3	1	2	0.314979	nan	nan	nan	nan	nan
OTU_2195_18S_022_3	ENV_NO3	1	3	0.197814	nan	nan	nan	nan	nan
ASV_1164_16S_022_3	ENV_NO3	1	3	0.395085	nan	nan	nan	nan	nan
ASV_1036_16S_022_3	ENV_NO3	1	3	0.211812	nan	nan	nan	nan	nan
ASV_456_16S_022_3	ENV_NO3	1	3	0.164867	nan	nan	nan	nan	nan
OTU_116_18S_3_200	ENV_NO3	1	2	0.133700	nan	nan	nan	nan	nan
ASV_920_16S_022_3	ENV_NO3	1	4	0.212231	nan	nan	nan	nan	nan
ASV_169_16S_022_3	ENV_NO3	1	4	0.143568	nan	nan	nan	nan	nan
ASV_1695_16S_022_3	ENV_NO3	1	2	0.141274	nan	nan	nan	nan	nan
ASV_2010_16S_022_3	ENV_NO3	1	1	0.108682	nan	nan	nan	nan	nan
OTU_1294_18S_022_3	ENV_NO3	1	2	0.108682	nan	nan	nan	nan	nan
ASV_1233_16S_022_3	ENV_NO3	1	5	0.265607	nan	nan	nan	nan	nan
OTU_3624_18S_3_200	ENV_NO3	1	3	0.108682	nan	nan	nan	nan	nan
OTU_2780_18S_022_3	ENV_NO3	1	4	0.207705	nan	nan	nan	nan	nan
OTU_2342_18S_3_200	ENV_NO3	1	1	0.080917	nan	nan	nan	nan	nan
ASV_666_16S_022_3	ENV_NO3	1	3	0.155507	nan	nan	nan	nan	nan
OTU_477_18S_3_200	ENV_NO3	1	4	0.164101	nan	nan	nan	nan	nan
OTU_1023_18S_3_200	ENV_NO3	1	3	0.155299	nan	nan	nan	nan	nan
OTU_1463_18S_3_200	ENV_NO3	1	2	0.195357	nan	nan	nan	nan	nan
OTU_136_18S_3_200	ENV_NO3	1	4	0.319365	nan	nan	nan	nan	nan
OTU_558_18S_3_200	ENV_NO3	1	2	0.270824	nan	nan	nan	nan	nan
OTU_2167_18S_022_3	ENV_NO3	1	2	0.314561	nan	nan	nan	nan	nan
OTU_1148_18S_022_3	ENV_NO3	1	2	0.128236	nan	nan	nan	nan	nan
ASV_1034_16S_022_3	ENV_NO3	1	1	0.213061	nan	nan	nan	nan	nan
OTU_1334_18S_3_200	ENV_NO3	1	2	0.288035	nan	nan	nan	nan	nan
OTU_3206_18S_3_200	ENV_NO3	1	4	0.234996	nan	nan	nan	nan	nan
OTU_726_18S_3_200	ENV_NO3	1	3	0.177234	nan	nan	nan	nan	nan
ASV_491_16S_3_200	ENV_NO3	1	4	0.146248	nan	nan	nan	nan	nan
ASV_164_16S_022_3	ENV_NO3	1	2	0.281222	nan	nan	nan	nan	nan
OTU_1337_18S_3_200	ENV_NO3	1	2	0.071761	nan	nan	nan	nan	nan
OTU_1347_18S_022_3	ENV_NO3	1	2	0.149943	nan	nan	nan	nan	nan
OTU_1562_18S_3_200	ENV_NO3	1	3	0.151325	nan	nan	nan	nan	nan
ASV_229_16S_3_200	ENV_NO3	1	1	0.208471	nan	nan	nan	nan	nan
ASV_1569_16S_022_3	ENV_NO3	1	3	0.088102	nan	nan	nan	nan	nan
OTU_1421_18S_022_3	ENV_NO3	1	1	0.109701	nan	nan	nan	nan	nan
OTU_577_18S_3_200	ENV_NO3	1	5	0.186584	nan	nan	nan	nan	nan
OTU_2253_18S_3_200	ENV_NO3	1	4	0.289418	nan	nan	nan	nan	nan
OTU_1034_18S_3_200	ENV_NO3	1	3	0.264071	nan	nan	nan	nan	nan
OTU_923_18S_3_200	ENV_NO3	1	2	0.141141	nan	nan	nan	nan	nan
OTU_1664_18S_022_3	ENV_NO3	1	1	0.186669	nan	nan	nan	nan	nan
OTU_2474_18S_3_200	ENV_NO3	1	1	0.255576	nan	nan	nan	nan	nan
OTU_487_18S_3_200	ENV_NO3	1	2	0.151325	nan	nan	nan	nan	nan
ASV_1071_16S_3_200	ENV_NO3	1	4	0.255576	nan	nan	nan	nan	nan
OTU_3261_18S_3_200	ENV_NO3	1	3	0.164101	nan	nan	nan	nan	nan
OTU_3382_18S_3_200	ENV_NO3	1	1	0.197814	nan	nan	nan	nan	nan
OTU_886_18S_3_200	ENV_NO3	1	2	0.255576	nan	nan	nan	nan	nan
OTU_881_18S_3_200	ENV_NO3	1	2	0.177101	nan	nan	nan	nan	nan
OTU_1104_18S_3_200	ENV_NO3	1	5	0.191259	nan	nan	nan	nan	nan
OTU_612_18S_022_3	ENV_NO3	1	1	0.202339	nan	nan	nan	nan	nan
ASV_1774_16S_022_3	ENV_NO3	1	2	0.281222	nan	nan	nan	nan	nan
ASV_174_16S_022_3	ENV_NO3	1	4	0.234202	nan	nan	nan	nan	nan
OTU_1291_18S_3_200	ENV_NO3	1	3	0.188883	nan	nan	nan	nan	nan
ASV_1042_16S_022_3	ENV_NO3	1	3	0.246645	nan	nan	nan	nan	nan
OTU_1769_18S_022_3	ENV_NO3	1	1	0.071761	nan	nan	nan	nan	nan
OTU_1414_18S_3_200	ENV_NO3	1	1	0.302109	nan	nan	nan	nan	nan
OTU_861_18S_022_3	ENV_NO3	1	1	0.071761	nan	nan	nan	nan	nan
ASV_310_16S_022_3	ENV_NO3	1	4	0.192090	nan	nan	nan	nan	nan
OTU_242_18S_022_3	ENV_NO3	1	1	0.309086	nan	nan	nan	nan	nan
OTU_198_18S_3_200	ENV_NO3	1	3	0.128499	nan	nan	nan	nan	nan
ASV_97_16S_022_3	ENV_NO3	1	3	0.209639	nan	nan	nan	nan	nan
OTU_129_18S_3_200	ENV_NO3	1	2	0.218168	nan	nan	nan	nan	nan
OTU_1296_18S_3_200	ENV_NO3	1	5	0.289418	nan	nan	nan	nan	nan
ASV_723_16S_022_3	ENV_NO3	1	3	0.279561	nan	nan	nan	nan	nan
OTU_1782_18S_022_3	ENV_NO3	1	3	0.197654	nan	nan	nan	nan	nan
ASV_708_16S_022_3	ENV_NO3	1	2	0.278815	nan	nan	nan	nan	nan
OTU_5297_18S_022_3	ENV_NO3	1	2	0.161898	nan	nan	nan	nan	nan
OTU_1650_18S_3_200	ENV_NO3	1	3	0.313178	nan	nan	nan	nan	nan
OTU_1454_18S_3_200	ENV_NO3	1	4	0.172426	nan	nan	nan	nan	nan
OTU_798_18S_022_3	ENV_NO3	1	2	0.221213	nan	nan	nan	nan	nan
OTU_205_18S_3_200	ENV_NO3	1	3	0.261977	nan	nan	nan	nan	nan
OTU_2047_18S_3_200	ENV_NO3	1	4	0.105314	nan	nan	nan	nan	nan
OTU_2239_18S_022_3	ENV_NO3	1	2	0.108682	nan	nan	nan	nan	nan
OTU_71_18S_022_3	ENV_NO3	1	1	0.313845	nan	nan	nan	nan	nan
ASV_134_16S_022_3	ENV_NO3	1	4	0.132294	nan	nan	nan	nan	nan
OTU_1329_18S_3_200	ENV_NO3	1	3	0.107020	nan	nan	nan	nan	nan
ASV_283_16S_022_3	ENV_NO3	1	1	0.109701	nan	nan	nan	nan	nan
OTU_174_18S_3_200	ENV_NO3	1	3	0.185376	nan	nan	nan	nan	nan
OTU_2376_18S_3_200	ENV_NO3	1	4	0.208471	nan	nan	nan	nan	nan
OTU_2305_18S_3_200	ENV_NO3	1	4	0.313178	nan	nan	nan	nan	nan
ASV_1541_16S_022_3	ENV_NO3	1	3	0.151325	nan	nan	nan	nan	nan
OTU_41_18S_022_3	ENV_NO3	1	2	0.093563	nan	nan	nan	nan	nan
OTU_493_18S_3_200	ENV_NO3	1	3	0.239384	nan	nan	nan	nan	nan
OTU_86_18S_022_3	ENV_NO3	1	3	0.128141	nan	nan	nan	nan	nan
ASV_596_16S_022_3	ENV_NO3	1	2	0.109318	nan	nan	nan	nan	nan
OTU_1598_18S_022_3	ENV_NO3	1	1	0.097537	nan	nan	nan	nan	nan
OTU_2958_18S_022_3	ENV_NO3	1	4	0.221864	nan	nan	nan	nan	nan
OTU_2303_18S_3_200	ENV_NO3	1	3	0.243666	nan	nan	nan	nan	nan
ASV_739_16S_022_3	ENV_NO3	1	5	0.305908	nan	nan	nan	nan	nan
OTU_655_18S_3_200	ENV_NO3	1	3	0.170348	nan	nan	nan	nan	nan
OTU_1363_18S_3_200	ENV_NO3	1	2	0.209854	nan	nan	nan	nan	nan
ASV_138_16S_022_3	ENV_NO3	1	2	0.261589	nan	nan	nan	nan	nan
ASV_333_16S_022_3	ENV_NO3	1	3	0.071761	nan	nan	nan	nan	nan
OTU_1774_18S_3_200	ENV_NO3	1	1	0.197814	nan	nan	nan	nan	nan
OTU_1646_18S_3_200	ENV_NO3	1	3	0.088102	nan	nan	nan	nan	nan
OTU_2905_18S_3_200	ENV_NO3	1	1	0.141274	nan	nan	nan	nan	nan
OTU_1394_18S_3_200	ENV_NO3	1	7	0.255576	nan	nan	nan	nan	nan
OTU_1405_18S_3_200	ENV_NO3	1	3	0.255576	nan	nan	nan	nan	nan
OTU_1391_18S_3_200	ENV_NO3	1	3	0.071761	nan	nan	nan	nan	nan
OTU_1968_18S_3_200	ENV_NO3	1	3	0.093563	nan	nan	nan	nan	nan
OTU_747_18S_022_3	ENV_NO3	1	1	0.209854	nan	nan	nan	nan	nan
OTU_387_18S_3_200	ENV_NO3	1	3	0.151325	nan	nan	nan	nan	nan
ASV_1076_16S_3_200	ENV_NO3	1	3	0.128499	nan	nan	nan	nan	nan
OTU_568_18S_022_3	ENV_NO3	1	3	0.258967	nan	nan	nan	nan	nan
OTU_493_18S_022_3	ENV_NO3	1	2	0.094653	nan	nan	nan	nan	nan
ASV_215_16S_022_3	ENV_NO3	1	2	0.123268	nan	nan	nan	nan	nan
OTU_2420_18S_3_200	ENV_NO3	1	3	0.256798	nan	nan	nan	nan	nan
ASV_556_16S_022_3	ENV_NO3	1	5	0.131920	nan	nan	nan	nan	nan
ASV_166_16S_3_200	ENV_NO3	1	2	0.433095	nan	nan	nan	nan	nan
OTU_1948_18S_3_200	ENV_NO3	1	4	0.093563	nan	nan	nan	nan	nan
OTU_518_18S_022_3	ENV_NO3	1	2	0.220838	nan	nan	nan	nan	nan
OTU_550_18S_3_200	ENV_NO3	1	4	0.108682	nan	nan	nan	nan	nan
ASV_637_16S_022_3	ENV_NO3	1	3	0.164101	nan	nan	nan	nan	nan
OTU_799_18S_3_200	ENV_NO3	1	5	0.149793	nan	nan	nan	nan	nan
OTU_1194_18S_022_3	ENV_NO3	1	1	0.108682	nan	nan	nan	nan	nan
OTU_270_18S_3_200	ENV_NO3	1	4	0.318357	nan	nan	nan	nan	nan
ASV_299_16S_022_3	ENV_NO3	1	3	0.243600	nan	nan	nan	nan	nan
ASV_915_16S_022_3	ENV_NO3	1	1	0.105604	nan	nan	nan	nan	nan
ASV_58_16S_3_200	ENV_NO3	1	2	0.109701	nan	nan	nan	nan	nan
OTU_1159_18S_3_200	ENV_NO3	1	3	0.191259	nan	nan	nan	nan	nan
OTU_1721_18S_3_200	ENV_NO3	1	3	0.130613	nan	nan	nan	nan	nan
OTU_2699_18S_3_200	ENV_NO3	1	2	0.207705	nan	nan	nan	nan	nan
OTU_184_18S_022_3	ENV_NO3	1	2	0.088102	nan	nan	nan	nan	nan
ASV_80_16S_022_3	ENV_NO3	1	2	0.283112	nan	nan	nan	nan	nan
OTU_1714_18S_022_3	ENV_NO3	1	1	0.141274	nan	nan	nan	nan	nan
OTU_932_18S_3_200	ENV_NO3	1	3	0.170348	nan	nan	nan	nan	nan
ASV_865_16S_022_3	ENV_NO3	1	2	0.302272	nan	nan	nan	nan	nan
OTU_1494_18S_022_3	ENV_NO3	1	3	0.191259	nan	nan	nan	nan	nan
OTU_107_18S_022_3	ENV_NO3	1	1	0.127028	nan	nan	nan	nan	nan
OTU_1732_18S_3_200	ENV_NO3	1	4	0.141274	nan	nan	nan	nan	nan
ASV_1457_16S_3_200	ENV_NO3	1	4	0.468051	nan	nan	nan	nan	nan
OTU_2289_18S_022_3	ENV_NO3	1	1	0.151325	nan	nan	nan	nan	nan
OTU_3210_18S_022_3	ENV_NO3	1	3	0.108682	nan	nan	nan	nan	nan
ASV_119_16S_022_3	ENV_NO3	1	2	0.171217	nan	nan	nan	nan	nan
OTU_621_18S_3_200	ENV_NO3	1	4	0.108682	nan	nan	nan	nan	nan
ASV_382_16S_022_3	ENV_NO3	1	2	0.259172	nan	nan	nan	nan	nan
OTU_2270_18S_022_3	ENV_NO3	1	4	0.108682	nan	nan	nan	nan	nan
OTU_277_18S_3_200	ENV_NO3	1	2	0.091445	nan	nan	nan	nan	nan
ASV_1057_16S_022_3	ENV_NO3	1	1	0.238578	nan	nan	nan	nan	nan
ASV_786_16S_022_3	ENV_NO3	1	3	0.287373	nan	nan	nan	nan	nan
OTU_1258_18S_3_200	ENV_NO3	1	5	0.127116	nan	nan	nan	nan	nan
OTU_3023_18S_3_200	ENV_NO3	1	5	0.108682	nan	nan	nan	nan	nan
OTU_855_18S_3_200	ENV_NO3	1	3	0.220838	nan	nan	nan	nan	nan
OTU_2649_18S_3_200	ENV_NO3	1	5	0.234996	nan	nan	nan	nan	nan
OTU_1767_18S_3_200	ENV_NO3	1	3	0.183784	nan	nan	nan	nan	nan
OTU_1728_18S_3_200	ENV_NO3	1	2	0.301428	nan	nan	nan	nan	nan
OTU_606_18S_3_200	ENV_NO3	1	2	0.164101	nan	nan	nan	nan	nan
ASV_1387_16S_022_3	ENV_NO3	1	1	0.195696	nan	nan	nan	nan	nan
OTU_463_18S_022_3	ENV_NO3	1	3	0.301363	nan	nan	nan	nan	nan
OTU_391_18S_022_3	ENV_NO3	1	1	0.141274	nan	nan	nan	nan	nan
ASV_227_16S_022_3	ENV_NO3	1	3	0.254128	nan	nan	nan	nan	nan
OTU_2615_18S_3_200	ENV_NO3	1	4	0.199036	nan	nan	nan	nan	nan
OTU_2399_18S_022_3	ENV_NO3	1	3	0.151325	nan	nan	nan	nan	nan
OTU_110_18S_022_3	ENV_NO3	1	2	0.296340	nan	nan	nan	nan	nan
OTU_1592_18S_3_200	ENV_NO3	1	3	0.270824	nan	nan	nan	nan	nan
OTU_379_18S_3_200	ENV_NO3	1	1	0.109904	nan	nan	nan	nan	nan
ASV_1348_16S_022_3	ENV_NO3	1	7	0.223460	nan	nan	nan	nan	nan
ASV_396_16S_022_3	ENV_NO3	1	4	0.404435	nan	nan	nan	nan	nan
OTU_3490_18S_3_200	ENV_NO3	1	1	0.243666	nan	nan	nan	nan	nan
OTU_1222_18S_3_200	ENV_NO3	1	2	0.090784	nan	nan	nan	nan	nan
OTU_3072_18S_3_200	ENV_NO3	1	3	0.197814	nan	nan	nan	nan	nan
ASV_746_16S_022_3	ENV_NO3	1	3	0.208307	nan	nan	nan	nan	nan
OTU_3160_18S_3_200	ENV_NO3	1	3	0.093563	nan	nan	nan	nan	nan
OTU_1431_18S_3_200	ENV_NO3	1	3	0.255416	nan	nan	nan	nan	nan
ASV_531_16S_022_3	ENV_NO3	1	3	0.265402	nan	nan	nan	nan	nan
OTU_315_18S_3_200	ENV_NO3	1	2	0.288035	nan	nan	nan	nan	nan
OTU_3255_18S_3_200	ENV_NO3	1	5	0.164101	nan	nan	nan	nan	nan
OTU_3348_18S_3_200	ENV_NO3	1	4	0.301428	nan	nan	nan	nan	nan
OTU_2508_18S_3_200	ENV_NO3	1	4	0.105314	nan	nan	nan	nan	nan
ASV_663_16S_3_200	ENV_NO3	1	5	0.234863	nan	nan	nan	nan	nan
ASV_1138_16S_3_200	ENV_NO3	1	5	0.214538	nan	nan	nan	nan	nan
OTU_2501_18S_022_3	ENV_NO3	1	2	0.167666	nan	nan	nan	nan	nan
OTU_2394_18S_3_200	ENV_NO3	1	3	0.192150	nan	nan	nan	nan	nan
OTU_1706_18S_3_200	ENV_NO3	1	4	0.255576	nan	nan	nan	nan	nan
ASV_1636_16S_022_3	ENV_NO3	1	1	0.128499	nan	nan	nan	nan	nan
OTU_102_18S_3_200	ENV_NO3	1	1	0.223460	nan	nan	nan	nan	nan
OTU_1095_18S_022_3	ENV_NO3	1	1	0.215115	nan	nan	nan	nan	nan
OTU_844_18S_022_3	ENV_NO3	1	4	0.128499	nan	nan	nan	nan	nan
OTU_797_18S_3_200	ENV_NO3	1	3	0.460660	nan	nan	nan	nan	nan
ASV_318_16S_022_3	ENV_NO3	1	3	0.293177	nan	nan	nan	nan	nan
ASV_690_16S_022_3	ENV_NO3	1	1	0.149943	nan	nan	nan	nan	nan
OTU_2242_18S_3_200	ENV_NO3	1	2	0.243666	nan	nan	nan	nan	nan
OTU_2069_18S_3_200	ENV_NO3	1	4	0.256798	nan	nan	nan	nan	nan
OTU_3_18S_3_200	ENV_NO3	1	2	0.135998	nan	nan	nan	nan	nan
OTU_3933_18S_3_200	ENV_NO3	1	3	0.197814	nan	nan	nan	nan	nan
OTU_408_18S_022_3	ENV_NO3	1	1	0.229611	nan	nan	nan	nan	nan
OTU_2033_18S_3_200	ENV_NO3	1	3	0.071761	nan	nan	nan	nan	nan
OTU_168_18S_022_3	ENV_NO3	1	3	0.167120	nan	nan	nan	nan	nan
OTU_1422_18S_022_3	ENV_NO3	1	3	0.240716	nan	nan	nan	nan	nan
OTU_1105_18S_3_200	ENV_NO3	1	3	0.234863	nan	nan	nan	nan	nan
OTU_2714_18S_3_200	ENV_NO3	1	3	0.301428	nan	nan	nan	nan	nan
OTU_3610_18S_022_3	ENV_NO3	1	1	0.192353	nan	nan	nan	nan	nan
ASV_324_16S_022_3	ENV_NO3	1	2	0.233072	nan	nan	nan	nan	nan
OTU_2795_18S_3_200	ENV_NO3	1	3	0.271917	nan	nan	nan	nan	nan
ASV_850_16S_022_3	ENV_NO3	1	1	0.231397	nan	nan	nan	nan	nan
OTU_3225_18S_3_200	ENV_NO3	1	2	0.257217	nan	nan	nan	nan	nan
OTU_288_18S_3_200	ENV_NO3	1	2	0.239384	nan	nan	nan	nan	nan
ASV_760_16S_022_3	ENV_NO3	1	1	0.233614	nan	nan	nan	nan	nan
OTU_2601_18S_3_200	ENV_NO3	1	2	0.185903	nan	nan	nan	nan	nan
OTU_851_18S_022_3	ENV_NO3	1	2	0.149793	nan	nan	nan	nan	nan
OTU_5560_18S_3_200	ENV_NO3	1	4	0.151325	nan	nan	nan	nan	nan
OTU_109_18S_3_200	ENV_NO3	1	3	0.259465	nan	nan	nan	nan	nan
ASV_238_16S_022_3	ENV_NO3	1	1	0.201951	nan	nan	nan	nan	nan
ASV_1_16S_022_3	ENV_NO3	1	3	0.224420	nan	nan	nan	nan	nan
ASV_264_16S_022_3	ENV_NO3	1	1	0.223674	nan	nan	nan	nan	nan
ASV_422_16S_022_3	ENV_NO3	1	3	0.316188	nan	nan	nan	nan	nan
OTU_353_18S_3_200	ENV_NO3	1	3	0.235415	nan	nan	nan	nan	nan
ASV_131_16S_022_3	ENV_NO3	1	2	0.155507	nan	nan	nan	nan	nan
ASV_448_16S_022_3	ENV_NO3	1	2	0.315273	nan	nan	nan	nan	nan
ASV_538_16S_022_3	ENV_NO3	1	1	0.354103	nan	nan	nan	nan	nan
OTU_128_18S_3_200	ENV_NO3	1	3	0.200545	nan	nan	nan	nan	nan
ASV_587_16S_022_3	ENV_NO3	1	1	0.288757	nan	nan	nan	nan	nan
ASV_615_16S_022_3	ENV_NO3	1	2	0.328003	nan	nan	nan	nan	nan
ASV_747_16S_022_3	ENV_NO3	1	1	0.201205	nan	nan	nan	nan	nan
ASV_1194_16S_022_3	ENV_NO3	1	2	0.226439	nan	nan	nan	nan	nan
ASV_752_16S_022_3	ENV_NO3	1	2	0.187793	nan	nan	nan	nan	nan
ASV_859_16S_022_3	ENV_NO3	1	2	0.255835	nan	nan	nan	nan	nan
ASV_152_16S_3_200	ENV_NO3	1	2	0.406901	nan	nan	nan	nan	nan
ASV_899_16S_022_3	ENV_NO3	1	1	0.130697	nan	nan	nan	nan	nan
ASV_942_16S_022_3	ENV_NO3	1	1	0.244809	nan	nan	nan	nan	nan
ASV_1012_16S_022_3	ENV_NO3	1	4	0.190429	nan	nan	nan	nan	nan
ASV_316_16S_022_3	ENV_NO3	1	4	0.309329	nan	nan	nan	nan	nan
ASV_411_16S_022_3	ENV_NO3	1	3	0.246485	nan	nan	nan	nan	nan
ASV_1021_16S_022_3	ENV_NO3	1	1	0.210685	nan	nan	nan	nan	nan
OTU_1127_18S_3_200	ENV_NO3	1	4	0.259465	nan	nan	nan	nan	nan
ASV_1144_16S_022_3	ENV_NO3	1	1	0.088102	nan	nan	nan	nan	nan
ASV_1097_16S_022_3	ENV_NO3	1	2	0.339198	nan	nan	nan	nan	nan
ASV_651_16S_3_200	ENV_NO3	1	1	0.120169	nan	nan	nan	nan	nan
ASV_1706_16S_022_3	ENV_NO3	1	4	0.332301	nan	nan	nan	nan	nan
ASV_704_16S_022_3	ENV_NO3	1	1	0.105604	nan	nan	nan	nan	nan
ASV_1154_16S_022_3	ENV_NO3	1	3	0.260643	nan	nan	nan	nan	nan
OTU_303_18S_022_3	ENV_NO3	1	1	0.286781	nan	nan	nan	nan	nan
OTU_1256_18S_3_200	ENV_NO3	1	3	0.323995	nan	nan	nan	nan	nan
ASV_1269_16S_022_3	ENV_NO3	1	3	0.209515	nan	nan	nan	nan	nan
OTU_4500_18S_3_200	ENV_NO3	1	4	0.255576	nan	nan	nan	nan	nan
ASV_1303_16S_022_3	ENV_NO3	1	2	0.177309	nan	nan	nan	nan	nan
ASV_1332_16S_022_3	ENV_NO3	1	5	0.146248	nan	nan	nan	nan	nan
OTU_1820_18S_022_3	ENV_NO3	1	1	0.124446	nan	nan	nan	nan	nan
ASV_1971_16S_022_3	ENV_NO3	1	3	0.215115	nan	nan	nan	nan	nan
ASV_1361_16S_022_3	ENV_NO3	1	4	0.226439	nan	nan	nan	nan	nan
ASV_924_16S_022_3	ENV_NO3	1	2	0.212400	nan	nan	nan	nan	nan
ASV_1396_16S_022_3	ENV_NO3	1	2	0.288880	nan	nan	nan	nan	nan
ASV_1418_16S_022_3	ENV_NO3	1	1	0.262400	nan	nan	nan	nan	nan
ASV_1507_16S_022_3	ENV_NO3	1	3	0.286200	nan	nan	nan	nan	nan
ASV_157_16S_3_200	ENV_NO3	1	4	0.308260	nan	nan	nan	nan	nan
ASV_227_16S_3_200	ENV_NO3	1	3	0.386110	nan	nan	nan	nan	nan
ASV_1571_16S_022_3	ENV_NO3	1	3	0.338984	nan	nan	nan	nan	nan
ASV_892_16S_022_3	ENV_NO3	1	1	0.161982	nan	nan	nan	nan	nan
ASV_1881_16S_022_3	ENV_NO3	1	2	0.194974	nan	nan	nan	nan	nan
ASV_1921_16S_022_3	ENV_NO3	1	4	0.437476	nan	nan	nan	nan	nan
ASV_1930_16S_022_3	ENV_NO3	1	3	0.394534	nan	nan	nan	nan	nan
ASV_1994_16S_022_3	ENV_NO3	1	2	0.161982	nan	nan	nan	nan	nan
ASV_2102_16S_022_3	ENV_NO3	1	4	0.161982	nan	nan	nan	nan	nan
ASV_2170_16S_022_3	ENV_NO3	1	1	0.128141	nan	nan	nan	nan	nan
OTU_61_18S_022_3	ENV_NO3	1	1	0.244267	nan	nan	nan	nan	nan
OTU_67_18S_022_3	ENV_NO3	1	2	0.213608	nan	nan	nan	nan	nan
OTU_955_18S_022_3	ENV_NO3	1	3	0.108682	nan	nan	nan	nan	nan
OTU_92_18S_022_3	ENV_NO3	1	1	0.195620	nan	nan	nan	nan	nan
OTU_130_18S_022_3	ENV_NO3	1	1	0.177234	nan	nan	nan	nan	nan
ASV_92_16S_022_3	ENV_NO3	1	2	0.222465	nan	nan	nan	nan	nan
OTU_201_18S_022_3	ENV_NO3	1	1	0.292710	nan	nan	nan	nan	nan
OTU_554_18S_022_3	ENV_NO3	1	1	0.167666	nan	nan	nan	nan	nan
OTU_266_18S_022_3	ENV_NO3	1	1	0.271201	nan	nan	nan	nan	nan
OTU_365_18S_022_3	ENV_NO3	1	1	0.283779	nan	nan	nan	nan	nan
OTU_388_18S_022_3	ENV_NO3	1	2	0.280769	nan	nan	nan	nan	nan
OTU_423_18S_022_3	ENV_NO3	1	2	0.149793	nan	nan	nan	nan	nan
ASV_248_16S_3_200	ENV_NO3	1	1	0.167125	nan	nan	nan	nan	nan
OTU_434_18S_022_3	ENV_NO3	1	1	0.224634	nan	nan	nan	nan	nan
OTU_544_18S_022_3	ENV_NO3	1	1	0.308260	nan	nan	nan	nan	nan
OTU_1173_18S_022_3	ENV_NO3	1	1	0.246645	nan	nan	nan	nan	nan
OTU_556_18S_022_3	ENV_NO3	1	1	0.223474	nan	nan	nan	nan	nan
OTU_307_18S_022_3	ENV_NO3	1	2	0.254128	nan	nan	nan	nan	nan
OTU_771_18S_022_3	ENV_NO3	1	2	0.139350	nan	nan	nan	nan	nan
OTU_860_18S_022_3	ENV_NO3	1	1	0.317278	nan	nan	nan	nan	nan
OTU_894_18S_022_3	ENV_NO3	1	1	0.109904	nan	nan	nan	nan	nan
OTU_992_18S_022_3	ENV_NO3	1	1	0.121099	nan	nan	nan	nan	nan
ASV_628_16S_3_200	ENV_NO3	1	2	0.308663	nan	nan	nan	nan	nan
OTU_1180_18S_022_3	ENV_NO3	1	1	0.141274	nan	nan	nan	nan	nan
OTU_1179_18S_022_3	ENV_NO3	1	1	0.272877	nan	nan	nan	nan	nan
OTU_1266_18S_022_3	ENV_NO3	1	1	0.314561	nan	nan	nan	nan	nan
ASV_969_16S_022_3	ENV_NO3	1	2	0.234996	nan	nan	nan	nan	nan
ASV_60_16S_022_3	ENV_NO3	1	2	0.199455	nan	nan	nan	nan	nan
OTU_1258_18S_022_3	ENV_NO3	1	4	0.386695	nan	nan	nan	nan	nan
OTU_1291_18S_022_3	ENV_NO3	1	1	0.313178	nan	nan	nan	nan	nan
OTU_1381_18S_022_3	ENV_NO3	1	3	0.289418	nan	nan	nan	nan	nan
ASV_569_16S_022_3	ENV_NO3	1	1	0.200319	nan	nan	nan	nan	nan
ASV_749_16S_022_3	ENV_NO3	1	4	0.282819	nan	nan	nan	nan	nan
OTU_1358_18S_022_3	ENV_NO3	1	2	0.402898	nan	nan	nan	nan	nan
ASV_932_16S_022_3	ENV_NO3	1	5	0.128499	nan	nan	nan	nan	nan
OTU_2578_18S_3_200	ENV_NO3	1	2	0.149793	nan	nan	nan	nan	nan
OTU_1631_18S_022_3	ENV_NO3	1	1	0.167666	nan	nan	nan	nan	nan
OTU_1634_18S_022_3	ENV_NO3	1	2	0.098427	nan	nan	nan	nan	nan
OTU_1670_18S_022_3	ENV_NO3	1	2	0.192353	nan	nan	nan	nan	nan
OTU_1763_18S_022_3	ENV_NO3	1	3	0.301428	nan	nan	nan	nan	nan
OTU_1684_18S_022_3	ENV_NO3	1	2	0.207705	nan	nan	nan	nan	nan
OTU_1849_18S_022_3	ENV_NO3	1	3	0.222544	nan	nan	nan	nan	nan
ASV_358_16S_022_3	ENV_NO3	1	3	0.154175	nan	nan	nan	nan	nan
OTU_5666_18S_3_200	ENV_NO3	1	3	0.234996	nan	nan	nan	nan	nan
OTU_1844_18S_022_3	ENV_NO3	1	2	0.292506	nan	nan	nan	nan	nan
ASV_827_16S_022_3	ENV_NO3	1	2	0.128499	nan	nan	nan	nan	nan
OTU_1927_18S_022_3	ENV_NO3	1	2	0.109904	nan	nan	nan	nan	nan
OTU_2094_18S_022_3	ENV_NO3	1	1	0.354317	nan	nan	nan	nan	nan
OTU_121_18S_022_3	ENV_NO3	1	3	0.172809	nan	nan	nan	nan	nan
OTU_2295_18S_3_200	ENV_NO3	1	4	0.249022	nan	nan	nan	nan	nan
OTU_2245_18S_022_3	ENV_NO3	1	1	0.108682	nan	nan	nan	nan	nan
ASV_207_16S_022_3	ENV_NO3	1	2	0.071761	nan	nan	nan	nan	nan
OTU_235_18S_3_200	ENV_NO3	1	2	0.172809	nan	nan	nan	nan	nan
OTU_2304_18S_022_3	ENV_NO3	1	3	0.109904	nan	nan	nan	nan	nan
OTU_1917_18S_3_200	ENV_NO3	1	4	0.071761	nan	nan	nan	nan	nan
OTU_2334_18S_022_3	ENV_NO3	1	2	0.255576	nan	nan	nan	nan	nan
OTU_396_18S_022_3	ENV_NO3	1	1	0.127067	nan	nan	nan	nan	nan
OTU_2461_18S_022_3	ENV_NO3	1	1	0.151325	nan	nan	nan	nan	nan
OTU_2990_18S_022_3	ENV_NO3	1	1	0.093563	nan	nan	nan	nan	nan
OTU_3133_18S_022_3	ENV_NO3	1	3	0.192353	nan	nan	nan	nan	nan
OTU_3064_18S_022_3	ENV_NO3	1	2	0.128499	nan	nan	nan	nan	nan
ASV_370_16S_022_3	ENV_NO3	1	3	0.246859	nan	nan	nan	nan	nan
OTU_3962_18S_022_3	ENV_NO3	1	2	0.176012	nan	nan	nan	nan	nan
ASV_94_16S_022_3	ENV_NO3	1	2	0.260643	nan	nan	nan	nan	nan
OTU_4126_18S_022_3	ENV_NO3	1	1	0.144109	nan	nan	nan	nan	nan
ASV_35_16S_3_200	ENV_NO3	1	3	0.349726	nan	nan	nan	nan	nan
ASV_37_16S_3_200	ENV_NO3	1	1	0.393330	nan	nan	nan	nan	nan
ASV_63_16S_3_200	ENV_NO3	1	3	0.285329	nan	nan	nan	nan	nan
ASV_85_16S_3_200	ENV_NO3	1	1	0.304993	nan	nan	nan	nan	nan
ASV_139_16S_3_200	ENV_NO3	1	2	0.168796	nan	nan	nan	nan	nan
ASV_180_16S_3_200	ENV_NO3	1	2	0.155135	nan	nan	nan	nan	nan
ASV_215_16S_3_200	ENV_NO3	1	1	0.268447	nan	nan	nan	nan	nan
ASV_283_16S_3_200	ENV_NO3	1	2	0.151325	nan	nan	nan	nan	nan
ASV_300_16S_3_200	ENV_NO3	1	2	0.225349	nan	nan	nan	nan	nan
ASV_365_16S_3_200	ENV_NO3	1	5	0.302109	nan	nan	nan	nan	nan
ASV_437_16S_3_200	ENV_NO3	1	1	0.201126	nan	nan	nan	nan	nan
ASV_483_16S_3_200	ENV_NO3	1	2	0.152220	nan	nan	nan	nan	nan
ASV_501_16S_3_200	ENV_NO3	1	1	0.107020	nan	nan	nan	nan	nan
ASV_515_16S_3_200	ENV_NO3	1	3	0.168050	nan	nan	nan	nan	nan
ASV_537_16S_3_200	ENV_NO3	1	3	0.226558	nan	nan	nan	nan	nan
ASV_559_16S_3_200	ENV_NO3	1	3	0.149793	nan	nan	nan	nan	nan
ASV_687_16S_3_200	ENV_NO3	1	3	0.071761	nan	nan	nan	nan	nan
ASV_691_16S_3_200	ENV_NO3	1	1	0.235534	nan	nan	nan	nan	nan
ASV_705_16S_3_200	ENV_NO3	1	4	0.073944	nan	nan	nan	nan	nan
ASV_755_16S_3_200	ENV_NO3	1	3	0.092181	nan	nan	nan	nan	nan
ASV_808_16S_3_200	ENV_NO3	1	2	0.149793	nan	nan	nan	nan	nan
ASV_884_16S_3_200	ENV_NO3	1	3	0.172809	nan	nan	nan	nan	nan
ASV_903_16S_3_200	ENV_NO3	1	1	0.437083	nan	nan	nan	nan	nan
OTU_2031_18S_3_200	ENV_NO3	1	3	0.249912	nan	nan	nan	nan	nan
ASV_912_16S_3_200	ENV_NO3	1	2	0.207098	nan	nan	nan	nan	nan
ASV_949_16S_3_200	ENV_NO3	1	2	0.279009	nan	nan	nan	nan	nan
ASV_1029_16S_3_200	ENV_NO3	1	1	0.120169	nan	nan	nan	nan	nan
ASV_1107_16S_3_200	ENV_NO3	1	4	0.314969	nan	nan	nan	nan	nan
ASV_1117_16S_3_200	ENV_NO3	1	3	0.296340	nan	nan	nan	nan	nan
ASV_1137_16S_3_200	ENV_NO3	1	1	0.177309	nan	nan	nan	nan	nan
OTU_1887_18S_3_200	ENV_NO3	1	3	0.326372	nan	nan	nan	nan	nan
ASV_1220_16S_3_200	ENV_NO3	1	2	0.339665	nan	nan	nan	nan	nan
ASV_1227_16S_3_200	ENV_NO3	1	1	0.105314	nan	nan	nan	nan	nan
ASV_1226_16S_3_200	ENV_NO3	1	1	0.255416	nan	nan	nan	nan	nan
ASV_1251_16S_3_200	ENV_NO3	1	4	0.140479	nan	nan	nan	nan	nan
ASV_1250_16S_3_200	ENV_NO3	1	3	0.185998	nan	nan	nan	nan	nan
ASV_1254_16S_3_200	ENV_NO3	1	2	0.108682	nan	nan	nan	nan	nan
OTU_5358_18S_3_200	ENV_NO3	1	4	0.221864	nan	nan	nan	nan	nan
ASV_1275_16S_3_200	ENV_NO3	1	2	0.230994	nan	nan	nan	nan	nan
ASV_1300_16S_3_200	ENV_NO3	1	1	0.312085	nan	nan	nan	nan	nan
ASV_1321_16S_3_200	ENV_NO3	1	1	0.119144	nan	nan	nan	nan	nan
ASV_1400_16S_3_200	ENV_NO3	1	2	0.291376	nan	nan	nan	nan	nan
ASV_1512_16S_3_200	ENV_NO3	1	5	0.307131	nan	nan	nan	nan	nan
ASV_1537_16S_3_200	ENV_NO3	1	1	0.246859	nan	nan	nan	nan	nan
ASV_1564_16S_3_200	ENV_NO3	1	4	0.313178	nan	nan	nan	nan	nan
ASV_1591_16S_3_200	ENV_NO3	1	4	0.108682	nan	nan	nan	nan	nan
ASV_1715_16S_3_200	ENV_NO3	1	1	0.091445	nan	nan	nan	nan	nan
ASV_1821_16S_3_200	ENV_NO3	1	2	0.145662	nan	nan	nan	nan	nan
OTU_2333_18S_3_200	ENV_NO3	1	2	0.128499	nan	nan	nan	nan	nan
ASV_1870_16S_3_200	ENV_NO3	1	1	0.313178	nan	nan	nan	nan	nan
ASV_1879_16S_3_200	ENV_NO3	1	4	0.231656	nan	nan	nan	nan	nan
ASV_2007_16S_3_200	ENV_NO3	1	1	0.093563	nan	nan	nan	nan	nan
ASV_2288_16S_3_200	ENV_NO3	1	5	0.176012	nan	nan	nan	nan	nan
ASV_2561_16S_3_200	ENV_NO3	1	1	0.128822	nan	nan	nan	nan	nan
OTU_18_18S_3_200	ENV_NO3	1	2	0.146994	nan	nan	nan	nan	nan
OTU_44_18S_3_200	ENV_NO3	1	2	0.151325	nan	nan	nan	nan	nan
OTU_50_18S_3_200	ENV_NO3	1	4	0.234948	nan	nan	nan	nan	nan
OTU_78_18S_3_200	ENV_NO3	1	2	0.276676	nan	nan	nan	nan	nan
OTU_118_18S_3_200	ENV_NO3	1	3	0.149793	nan	nan	nan	nan	nan
OTU_155_18S_3_200	ENV_NO3	1	2	0.128499	nan	nan	nan	nan	nan
OTU_3269_18S_3_200	ENV_NO3	1	4	0.243666	nan	nan	nan	nan	nan
OTU_189_18S_3_200	ENV_NO3	1	2	0.145243	nan	nan	nan	nan	nan
OTU_195_18S_3_200	ENV_NO3	1	3	0.217824	nan	nan	nan	nan	nan
OTU_204_18S_3_200	ENV_NO3	1	3	0.176519	nan	nan	nan	nan	nan
OTU_3606_18S_3_200	ENV_NO3	1	4	0.161982	nan	nan	nan	nan	nan
OTU_212_18S_3_200	ENV_NO3	1	1	0.188922	nan	nan	nan	nan	nan
OTU_278_18S_3_200	ENV_NO3	1	1	0.108682	nan	nan	nan	nan	nan
OTU_300_18S_3_200	ENV_NO3	1	2	0.328670	nan	nan	nan	nan	nan
OTU_343_18S_3_200	ENV_NO3	1	4	0.338531	nan	nan	nan	nan	nan
OTU_298_18S_3_200	ENV_NO3	1	1	0.088102	nan	nan	nan	nan	nan
OTU_361_18S_3_200	ENV_NO3	1	1	0.261589	nan	nan	nan	nan	nan
OTU_360_18S_3_200	ENV_NO3	1	5	0.111779	nan	nan	nan	nan	nan
OTU_368_18S_3_200	ENV_NO3	1	1	0.120169	nan	nan	nan	nan	nan
OTU_356_18S_3_200	ENV_NO3	1	2	0.088102	nan	nan	nan	nan	nan
OTU_3625_18S_3_200	ENV_NO3	1	1	0.161898	nan	nan	nan	nan	nan
OTU_371_18S_3_200	ENV_NO3	1	3	0.188674	nan	nan	nan	nan	nan
OTU_404_18S_3_200	ENV_NO3	1	1	0.167666	nan	nan	nan	nan	nan
OTU_412_18S_3_200	ENV_NO3	1	2	0.142980	nan	nan	nan	nan	nan
OTU_444_18S_3_200	ENV_NO3	1	2	0.151832	nan	nan	nan	nan	nan
OTU_472_18S_3_200	ENV_NO3	1	2	0.172809	nan	nan	nan	nan	nan
OTU_478_18S_3_200	ENV_NO3	1	2	0.226016	nan	nan	nan	nan	nan
OTU_466_18S_3_200	ENV_NO3	1	3	0.234033	nan	nan	nan	nan	nan
OTU_470_18S_3_200	ENV_NO3	1	2	0.286737	nan	nan	nan	nan	nan
OTU_471_18S_3_200	ENV_NO3	1	2	0.327710	nan	nan	nan	nan	nan
OTU_377_18S_3_200	ENV_NO3	1	3	0.176723	nan	nan	nan	nan	nan
OTU_515_18S_3_200	ENV_NO3	1	5	0.151325	nan	nan	nan	nan	nan
OTU_512_18S_3_200	ENV_NO3	1	2	0.130697	nan	nan	nan	nan	nan
OTU_582_18S_3_200	ENV_NO3	1	3	0.149534	nan	nan	nan	nan	nan
OTU_624_18S_3_200	ENV_NO3	1	1	0.149793	nan	nan	nan	nan	nan
OTU_564_18S_3_200	ENV_NO3	1	1	0.161982	nan	nan	nan	nan	nan
OTU_670_18S_3_200	ENV_NO3	1	2	0.111779	nan	nan	nan	nan	nan
OTU_691_18S_3_200	ENV_NO3	1	2	0.191259	nan	nan	nan	nan	nan
OTU_722_18S_3_200	ENV_NO3	1	2	0.259757	nan	nan	nan	nan	nan
OTU_747_18S_3_200	ENV_NO3	1	1	0.165742	nan	nan	nan	nan	nan
OTU_714_18S_3_200	ENV_NO3	1	3	0.256798	nan	nan	nan	nan	nan
OTU_761_18S_3_200	ENV_NO3	1	2	0.099759	nan	nan	nan	nan	nan
OTU_973_18S_3_200	ENV_NO3	1	1	0.224420	nan	nan	nan	nan	nan
OTU_1019_18S_3_200	ENV_NO3	1	3	0.217238	nan	nan	nan	nan	nan
OTU_2120_18S_3_200	ENV_NO3	1	1	0.146248	nan	nan	nan	nan	nan
OTU_982_18S_3_200	ENV_NO3	1	1	0.127613	nan	nan	nan	nan	nan
OTU_1114_18S_3_200	ENV_NO3	1	3	0.167666	nan	nan	nan	nan	nan
OTU_1144_18S_3_200	ENV_NO3	1	1	0.114664	nan	nan	nan	nan	nan
OTU_1207_18S_3_200	ENV_NO3	1	2	0.207705	nan	nan	nan	nan	nan
OTU_1214_18S_3_200	ENV_NO3	1	2	0.296340	nan	nan	nan	nan	nan
OTU_1233_18S_3_200	ENV_NO3	1	3	0.088102	nan	nan	nan	nan	nan
OTU_1202_18S_3_200	ENV_NO3	1	3	0.172809	nan	nan	nan	nan	nan
OTU_1313_18S_3_200	ENV_NO3	1	3	0.308260	nan	nan	nan	nan	nan
OTU_1444_18S_3_200	ENV_NO3	1	3	0.249022	nan	nan	nan	nan	nan
OTU_1364_18S_3_200	ENV_NO3	1	3	0.197814	nan	nan	nan	nan	nan
OTU_1485_18S_3_200	ENV_NO3	1	4	0.128141	nan	nan	nan	nan	nan
OTU_1514_18S_3_200	ENV_NO3	1	1	0.128141	nan	nan	nan	nan	nan
OTU_1509_18S_3_200	ENV_NO3	1	4	0.202832	nan	nan	nan	nan	nan
OTU_1365_18S_3_200	ENV_NO3	1	3	0.071761	nan	nan	nan	nan	nan
OTU_1274_18S_3_200	ENV_NO3	1	2	0.207705	nan	nan	nan	nan	nan
OTU_1477_18S_3_200	ENV_NO3	1	3	0.302193	nan	nan	nan	nan	nan
OTU_6332_18S_3_200	ENV_NO3	1	4	0.141274	nan	nan	nan	nan	nan
OTU_1367_18S_3_200	ENV_NO3	1	1	0.204010	nan	nan	nan	nan	nan
OTU_1577_18S_3_200	ENV_NO3	1	2	0.353819	nan	nan	nan	nan	nan
OTU_1778_18S_3_200	ENV_NO3	1	2	0.105314	nan	nan	nan	nan	nan
OTU_1819_18S_3_200	ENV_NO3	1	3	0.108682	nan	nan	nan	nan	nan
OTU_1886_18S_3_200	ENV_NO3	1	4	0.151325	nan	nan	nan	nan	nan
OTU_1934_18S_3_200	ENV_NO3	1	2	0.071761	nan	nan	nan	nan	nan
OTU_2515_18S_3_200	ENV_NO3	1	1	0.226439	nan	nan	nan	nan	nan
OTU_1884_18S_3_200	ENV_NO3	1	2	0.127406	nan	nan	nan	nan	nan
OTU_2035_18S_3_200	ENV_NO3	1	4	0.214155	nan	nan	nan	nan	nan
OTU_2037_18S_3_200	ENV_NO3	1	4	0.256798	nan	nan	nan	nan	nan
OTU_1967_18S_3_200	ENV_NO3	1	3	0.239384	nan	nan	nan	nan	nan
OTU_2058_18S_3_200	ENV_NO3	1	3	0.115624	nan	nan	nan	nan	nan
OTU_2155_18S_3_200	ENV_NO3	1	5	0.128141	nan	nan	nan	nan	nan
OTU_2094_18S_3_200	ENV_NO3	1	3	0.268447	nan	nan	nan	nan	nan
OTU_2105_18S_3_200	ENV_NO3	1	1	0.130030	nan	nan	nan	nan	nan
OTU_2203_18S_3_200	ENV_NO3	1	2	0.151325	nan	nan	nan	nan	nan
OTU_2309_18S_3_200	ENV_NO3	1	4	0.255576	nan	nan	nan	nan	nan
OTU_2297_18S_3_200	ENV_NO3	1	4	0.260101	nan	nan	nan	nan	nan
OTU_2344_18S_3_200	ENV_NO3	1	4	0.255576	nan	nan	nan	nan	nan
OTU_2398_18S_3_200	ENV_NO3	1	3	0.335568	nan	nan	nan	nan	nan
OTU_2429_18S_3_200	ENV_NO3	1	1	0.151325	nan	nan	nan	nan	nan
OTU_1926_18S_3_200	ENV_NO3	1	3	0.302109	nan	nan	nan	nan	nan
OTU_2603_18S_3_200	ENV_NO3	1	1	0.164196	nan	nan	nan	nan	nan
OTU_2631_18S_3_200	ENV_NO3	1	4	0.328586	nan	nan	nan	nan	nan
OTU_2503_18S_3_200	ENV_NO3	1	3	0.155299	nan	nan	nan	nan	nan
OTU_2557_18S_3_200	ENV_NO3	1	4	0.108682	nan	nan	nan	nan	nan
OTU_2572_18S_3_200	ENV_NO3	1	2	0.186584	nan	nan	nan	nan	nan
OTU_2510_18S_3_200	ENV_NO3	1	4	0.141141	nan	nan	nan	nan	nan
OTU_3314_18S_3_200	ENV_NO3	1	3	0.108682	nan	nan	nan	nan	nan
OTU_2419_18S_3_200	ENV_NO3	1	5	0.151325	nan	nan	nan	nan	nan
OTU_2700_18S_3_200	ENV_NO3	1	2	0.128141	nan	nan	nan	nan	nan
OTU_2744_18S_3_200	ENV_NO3	1	2	0.314561	nan	nan	nan	nan	nan
OTU_2635_18S_3_200	ENV_NO3	1	6	0.108682	nan	nan	nan	nan	nan
OTU_2732_18S_3_200	ENV_NO3	1	3	0.163076	nan	nan	nan	nan	nan
OTU_3113_18S_3_200	ENV_NO3	1	1	0.151325	nan	nan	nan	nan	nan
OTU_3167_18S_3_200	ENV_NO3	1	3	0.234996	nan	nan	nan	nan	nan
OTU_3083_18S_3_200	ENV_NO3	1	2	0.151325	nan	nan	nan	nan	nan
OTU_3223_18S_3_200	ENV_NO3	1	2	0.233614	nan	nan	nan	nan	nan
OTU_3338_18S_3_200	ENV_NO3	1	3	0.108682	nan	nan	nan	nan	nan
OTU_3386_18S_3_200	ENV_NO3	1	5	0.301428	nan	nan	nan	nan	nan
OTU_3389_18S_3_200	ENV_NO3	1	2	0.108682	nan	nan	nan	nan	nan
OTU_2998_18S_3_200	ENV_NO3	1	1	0.335568	nan	nan	nan	nan	nan
OTU_3454_18S_3_200	ENV_NO3	1	2	0.348011	nan	nan	nan	nan	nan
OTU_3603_18S_3_200	ENV_NO3	1	4	0.177101	nan	nan	nan	nan	nan
OTU_3704_18S_3_200	ENV_NO3	1	2	0.204010	nan	nan	nan	nan	nan
OTU_3738_18S_3_200	ENV_NO3	1	2	0.177234	nan	nan	nan	nan	nan
OTU_3773_18S_3_200	ENV_NO3	1	3	0.301428	nan	nan	nan	nan	nan
OTU_3944_18S_3_200	ENV_NO3	1	2	0.071761	nan	nan	nan	nan	nan
OTU_3994_18S_3_200	ENV_NO3	1	4	0.313178	nan	nan	nan	nan	nan
OTU_4002_18S_3_200	ENV_NO3	1	2	0.151325	nan	nan	nan	nan	nan
OTU_3532_18S_3_200	ENV_NO3	1	4	0.221864	nan	nan	nan	nan	nan
OTU_3744_18S_3_200	ENV_NO3	1	3	0.220964	nan	nan	nan	nan	nan
OTU_4181_18S_3_200	ENV_NO3	1	2	0.093563	nan	nan	nan	nan	nan
OTU_4075_18S_3_200	ENV_NO3	1	4	0.197814	nan	nan	nan	nan	nan
OTU_4389_18S_3_200	ENV_NO3	1	4	0.303024	nan	nan	nan	nan	nan
OTU_4115_18S_3_200	ENV_NO3	1	3	0.167666	nan	nan	nan	nan	nan
OTU_4260_18S_3_200	ENV_NO3	1	2	0.256798	nan	nan	nan	nan	nan
OTU_3576_18S_3_200	ENV_NO3	1	5	0.151325	nan	nan	nan	nan	nan
OTU_4154_18S_3_200	ENV_NO3	1	6	0.255416	nan	nan	nan	nan	nan
OTU_4135_18S_3_200	ENV_NO3	1	2	0.243666	nan	nan	nan	nan	nan
OTU_4921_18S_3_200	ENV_NO3	1	3	0.207705	nan	nan	nan	nan	nan
OTU_4463_18S_3_200	ENV_NO3	1	2	0.197814	nan	nan	nan	nan	nan
OTU_4276_18S_3_200	ENV_NO3	1	7	0.314561	nan	nan	nan	nan	nan
OTU_4392_18S_3_200	ENV_NO3	1	4	0.231656	nan	nan	nan	nan	nan
OTU_5536_18S_3_200	ENV_NO3	1	2	0.243666	nan	nan	nan	nan	nan
OTU_5527_18S_3_200	ENV_NO3	1	2	0.255576	nan	nan	nan	nan	nan
OTU_5090_18S_3_200	ENV_NO3	1	4	0.177101	nan	nan	nan	nan	nan
OTU_5861_18S_3_200	ENV_NO3	1	3	0.243666	nan	nan	nan	nan	nan
OTU_6104_18S_3_200	ENV_NO3	1	4	0.163076	nan	nan	nan	nan	nan
OTU_5282_18S_3_200	ENV_NO3	1	3	0.271917	nan	nan	nan	nan	nan
OTU_6274_18S_3_200	ENV_NO3	1	2	0.197814	nan	nan	nan	nan	nan
OTU_5402_18S_3_200	ENV_NO3	1	1	0.243666	nan	nan	nan	nan	nan
OTU_6854_18S_3_200	ENV_NO3	1	2	0.221864	nan	nan	nan	nan	nan
OTU_5512_18S_3_200	ENV_NO3	1	3	0.272877	nan	nan	nan	nan	nan
OTU_7128_18S_3_200	ENV_NO3	1	3	0.243666	nan	nan	nan	nan	nan
OTU_7531_18S_3_200	ENV_NO3	1	3	0.243666	nan	nan	nan	nan	nan
