Source	Target	num_triplets	ENVs	MutualInformation	ConditionalMutualInformation	InteractionInformation	II_p_value	DataProcessingInequality_MI_rank	DataProcessingInequality_indirect	DPI_num_MI_rank1	DPI_num_MI_rank2	DPI_num_MI_rank3	COMBI_II_DPI	portion_nan_Source_Target	portion_nan_Source_Target_ENV
ASV_2_16S_022_3	ASV_6_16S_022_3	1	ENV_Salinity	0.485888	0.194629	-0.291259	0.273726	3.000000	1.000000	0	0	1	1.000000	0.000000	0.000000
ASV_3_16S_022_3	ASV_7_16S_022_3	1	ENV_Salinity	0.679927	0.214936	-0.464992	0.000999	3.000000	1.000000	0	0	1	1.000000	0.000000	0.000000
ASV_3_16S_022_3	ASV_8_16S_022_3	1	ENV_Salinity	0.593437	0.192406	-0.401032	0.091908	3.000000	1.000000	0	0	1	1.000000	0.000000	0.000000
ASV_4_16S_022_3	ASV_13_16S_022_3	1	ENV_Salinity	0.617159	0.365689	-0.251469	0.637363	3.000000	1.000000	0	0	1	1.000000	0.000000	0.000000
ASV_13_16S_022_3	ASV_14_16S_022_3	1	ENV_Salinity	0.617159	0.345404	-0.271754	0.455544	3.000000	1.000000	0	0	1	1.000000	0.000000	0.000000
ASV_1_16S_022_3	ASV_20_16S_022_3	1	ENV_Salinity	0.785546	0.321209	-0.464337	0.273726	3.000000	1.000000	0	0	1	1.000000	0.000000	0.000000
ASV_19_16S_022_3	ASV_23_16S_022_3	1	ENV_Salinity	0.629019	0.513965	-0.115054	0.364635	3.000000	1.000000	0	0	1	1.000000	0.000000	0.000000
ASV_1_16S_022_3	ASV_34_16S_022_3	1	ENV_Salinity	0.647130	0.442938	-0.204192	0.910090	3.000000	1.000000	0	0	1	1.000000	0.000000	0.000000
ASV_26_16S_022_3	ASV_35_16S_022_3	1	ENV_Salinity	0.725830	0.854367	0.128537	nan	3.000000	1.000000	0	0	1	1.000000	0.000000	0.000000
ASV_20_16S_022_3	ASV_47_16S_022_3	1	ENV_Salinity	0.425400	0.021284	-0.404116	0.091908	3.000000	1.000000	0	0	1	1.000000	0.000000	0.000000
ASV_44_16S_022_3	ASV_51_16S_022_3	1	ENV_Salinity	0.182496	0.176319	-0.006177	0.637363	3.000000	1.000000	0	0	1	1.000000	0.000000	0.000000
ASV_47_16S_022_3	ASV_57_16S_022_3	1	ENV_Salinity	0.737447	0.157385	-0.580063	0.000999	3.000000	1.000000	0	0	1	1.000000	0.000000	0.000000
ASV_34_16S_022_3	ASV_60_16S_022_3	1	ENV_Salinity	0.717763	0.574510	-0.143253	0.819181	3.000000	1.000000	0	0	1	1.000000	0.000000	0.000000
ASV_9_16S_022_3	ASV_65_16S_022_3	1	ENV_Salinity	0.677322	0.164926	-0.512396	0.000999	3.000000	1.000000	0	0	1	1.000000	0.000000	0.000000
ASV_34_16S_022_3	ASV_72_16S_022_3	1	ENV_Salinity	0.758601	0.724866	-0.033736	0.546454	3.000000	1.000000	0	0	1	1.000000	0.000000	0.000000
ASV_30_16S_022_3	ASV_81_16S_022_3	1	ENV_Salinity	0.604538	0.464580	-0.139958	0.637363	3.000000	1.000000	0	0	1	1.000000	0.000000	0.000000
ASV_32_16S_022_3	ASV_81_16S_022_3	1	ENV_Salinity	0.863480	0.715339	-0.148141	0.546454	3.000000	1.000000	0	0	1	1.000000	0.000000	0.000000
ASV_27_16S_022_3	ASV_83_16S_022_3	1	ENV_Salinity	0.649150	0.150109	-0.499041	0.182817	3.000000	1.000000	0	0	1	1.000000	0.000000	0.000000
ASV_78_16S_022_3	ASV_83_16S_022_3	1	ENV_Salinity	0.519000	0.144036	-0.374963	0.182817	3.000000	1.000000	0	0	1	1.000000	0.000000	0.000000
ASV_14_16S_022_3	ASV_89_16S_022_3	1	ENV_Salinity	0.694425	0.344562	-0.349862	0.273726	3.000000	1.000000	0	0	1	1.000000	0.000000	0.000000
ASV_25_16S_022_3	ASV_89_16S_022_3	1	ENV_Salinity	0.810153	0.311224	-0.498930	0.273726	3.000000	1.000000	0	0	1	1.000000	0.000000	0.000000
ASV_32_16S_022_3	ASV_93_16S_022_3	1	ENV_Salinity	1.032176	0.919208	-0.112968	0.546454	3.000000	1.000000	0	0	1	1.000000	0.000000	0.000000
ASV_88_16S_022_3	ASV_101_16S_022_3	1	ENV_Salinity	0.542557	0.033789	-0.508768	0.000999	3.000000	1.000000	0	0	1	1.000000	0.000000	0.000000
ASV_8_16S_022_3	ASV_105_16S_022_3	1	ENV_Salinity	0.381678	0.073559	-0.308118	0.091908	3.000000	1.000000	0	0	1	1.000000	0.000000	0.000000
ASV_57_16S_022_3	ASV_122_16S_022_3	1	ENV_Salinity	0.453598	0.079631	-0.373968	0.000999	3.000000	1.000000	0	0	1	1.000000	0.000000	0.000000
ASV_119_16S_022_3	ASV_122_16S_022_3	1	ENV_Salinity	0.649691	0.271149	-0.378542	0.000999	3.000000	1.000000	0	0	1	1.000000	0.000000	0.000000
ASV_57_16S_022_3	ASV_123_16S_022_3	1	ENV_Salinity	0.662935	0.241849	-0.421086	0.000999	3.000000	1.000000	0	0	1	1.000000	0.000000	0.000000
ASV_99_16S_022_3	ASV_123_16S_022_3	1	ENV_Salinity	0.813038	0.231231	-0.581807	0.000999	3.000000	1.000000	0	0	1	1.000000	0.000000	0.000000
ASV_66_16S_022_3	ASV_124_16S_022_3	1	ENV_Salinity	0.688487	0.141182	-0.547306	0.182817	3.000000	1.000000	0	0	1	1.000000	0.000000	0.000000
ASV_19_16S_022_3	ASV_126_16S_022_3	1	ENV_Salinity	0.848331	0.058946	-0.789386	0.273726	3.000000	1.000000	0	0	1	1.000000	0.000000	0.000000
ASV_68_16S_022_3	ASV_128_16S_022_3	1	ENV_Salinity	1.013428	0.233980	-0.779447	0.364635	3.000000	1.000000	0	0	1	1.000000	0.000000	0.000000
ASV_9_16S_022_3	ASV_129_16S_022_3	1	ENV_Salinity	0.875171	0.448801	-0.426371	0.546454	3.000000	1.000000	0	0	1	1.000000	0.000000	0.000000
ASV_75_16S_022_3	ASV_129_16S_022_3	1	ENV_Salinity	0.695917	0.515437	-0.180480	0.637363	3.000000	1.000000	0	0	1	1.000000	0.000000	0.000000
ASV_10_16S_022_3	ASV_131_16S_022_3	1	ENV_Salinity	0.711994	0.410325	-0.301670	0.000999	3.000000	1.000000	0	0	1	1.000000	0.000000	0.000000
ASV_45_16S_022_3	ASV_135_16S_022_3	1	ENV_Salinity	0.589463	0.232037	-0.357426	0.000999	3.000000	1.000000	0	0	1	1.000000	0.000000	0.000000
ASV_66_16S_022_3	ASV_139_16S_022_3	1	ENV_Salinity	0.783264	2.146444	1.363180	nan	3.000000	1.000000	0	0	1	1.000000	0.000000	0.000000
ASV_23_16S_022_3	ASV_149_16S_022_3	1	ENV_Salinity	0.763461	0.771577	0.008116	nan	3.000000	1.000000	0	0	1	1.000000	0.000000	0.000000
ASV_2_16S_022_3	ASV_156_16S_022_3	1	ENV_Salinity	0.545441	0.297027	-0.248414	0.000999	3.000000	1.000000	0	0	1	1.000000	0.000000	0.000000
ASV_33_16S_022_3	ASV_156_16S_022_3	1	ENV_Salinity	0.539841	0.374910	-0.164931	0.000999	3.000000	1.000000	0	0	1	1.000000	0.000000	0.000000
ASV_54_16S_022_3	ASV_156_16S_022_3	1	ENV_Salinity	0.580606	0.393815	-0.186792	0.000999	3.000000	1.000000	0	0	1	1.000000	0.000000	0.000000
ASV_15_16S_022_3	ASV_158_16S_022_3	1	ENV_Salinity	0.676736	0.196696	-0.480040	0.000999	3.000000	1.000000	0	0	1	1.000000	0.000000	0.000000
ASV_93_16S_022_3	ASV_160_16S_022_3	1	ENV_Salinity	0.742991	0.152198	-0.590793	0.455544	3.000000	1.000000	0	0	1	1.000000	0.000000	0.000000
ASV_144_16S_022_3	ASV_161_16S_022_3	1	ENV_Salinity	0.797950	0.194878	-0.603072	0.000999	3.000000	1.000000	0	0	1	1.000000	0.000000	0.000000
ASV_11_16S_022_3	ASV_163_16S_022_3	1	ENV_Salinity	0.695917	0.097642	-0.598275	0.182817	3.000000	1.000000	0	0	1	1.000000	0.000000	0.000000
ASV_45_16S_022_3	ASV_164_16S_022_3	1	ENV_Salinity	0.389849	0.250231	-0.139618	0.455544	3.000000	1.000000	0	0	1	1.000000	0.000000	0.000000
ASV_131_16S_022_3	ASV_164_16S_022_3	1	ENV_Salinity	0.284976	0.142116	-0.142860	0.000999	3.000000	1.000000	0	0	1	1.000000	0.000000	0.000000
ASV_17_16S_022_3	ASV_166_16S_022_3	1	ENV_Salinity	0.231999	0.133827	-0.098172	0.819181	3.000000	1.000000	0	0	1	1.000000	0.000000	0.000000
ASV_61_16S_022_3	ASV_168_16S_022_3	1	ENV_Salinity	0.564941	0.054556	-0.510385	0.091908	3.000000	1.000000	0	0	1	1.000000	0.000000	0.000000
ASV_50_16S_022_3	ASV_169_16S_022_3	1	ENV_Salinity	0.419309	0.069176	-0.350133	0.000999	3.000000	1.000000	0	0	1	1.000000	0.000000	0.000000
ASV_72_16S_022_3	ASV_169_16S_022_3	1	ENV_Salinity	0.684687	0.534362	-0.150325	0.000999	3.000000	1.000000	0	0	1	1.000000	0.000000	0.000000
ASV_65_16S_022_3	ASV_175_16S_022_3	1	ENV_Salinity	0.866443	0.193807	-0.672636	0.000999	3.000000	1.000000	0	0	1	1.000000	0.000000	0.000000
ASV_123_16S_022_3	ASV_175_16S_022_3	1	ENV_Salinity	0.682226	0.171393	-0.510832	0.000999	3.000000	1.000000	0	0	1	1.000000	0.000000	0.000000
ASV_25_16S_022_3	ASV_185_16S_022_3	1	ENV_Salinity	0.524226	0.047947	-0.476279	0.364635	3.000000	1.000000	0	0	1	1.000000	0.000000	0.000000
ASV_122_16S_022_3	ASV_185_16S_022_3	1	ENV_Salinity	0.849540	0.212131	-0.637408	0.182817	3.000000	1.000000	0	0	1	1.000000	0.000000	0.000000
ASV_32_16S_022_3	ASV_187_16S_022_3	1	ENV_Salinity	0.669774	0.858239	0.188466	nan	3.000000	1.000000	0	0	1	1.000000	0.000000	0.000000
ASV_74_16S_022_3	ASV_192_16S_022_3	1	ENV_Salinity	0.566234	0.112123	-0.454111	0.000999	3.000000	1.000000	0	0	1	1.000000	0.000000	0.000000
ASV_75_16S_022_3	ASV_193_16S_022_3	1	ENV_Salinity	0.926220	0.711072	-0.215148	0.637363	3.000000	1.000000	0	0	1	1.000000	0.000000	0.000000
ASV_61_16S_022_3	ASV_196_16S_022_3	1	ENV_Salinity	0.445865	0.099813	-0.346052	0.000999	3.000000	1.000000	0	0	1	1.000000	0.000000	0.000000
ASV_2_16S_022_3	ASV_197_16S_022_3	1	ENV_Salinity	0.359671	0.226094	-0.133577	0.910090	3.000000	1.000000	0	0	1	1.000000	0.000000	0.000000
ASV_119_16S_022_3	ASV_199_16S_022_3	1	ENV_Salinity	0.639288	1.063289	0.424001	nan	3.000000	1.000000	0	0	1	1.000000	0.000000	0.000000
ASV_148_16S_022_3	ASV_204_16S_022_3	1	ENV_Salinity	0.505925	0.912875	0.406950	nan	3.000000	1.000000	0	0	1	1.000000	0.000000	0.000000
ASV_163_16S_022_3	ASV_204_16S_022_3	1	ENV_Salinity	0.604655	1.026941	0.422286	nan	3.000000	1.000000	0	0	1	1.000000	0.000000	0.000000
ASV_58_16S_022_3	ASV_210_16S_022_3	1	ENV_Salinity	0.231575	1.006409	0.774833	nan	3.000000	1.000000	0	0	1	1.000000	0.000000	0.000000
ASV_204_16S_022_3	ASV_212_16S_022_3	1	ENV_Salinity	0.841473	1.051591	0.210118	nan	3.000000	1.000000	0	0	1	1.000000	0.000000	0.000000
ASV_59_16S_022_3	ASV_214_16S_022_3	1	ENV_Salinity	0.452202	0.352093	-0.100109	0.728272	3.000000	1.000000	0	0	1	1.000000	0.000000	0.000000
ASV_14_16S_022_3	ASV_217_16S_022_3	1	ENV_Salinity	0.611976	0.326477	-0.285499	0.091908	3.000000	1.000000	0	0	1	1.000000	0.000000	0.000000
ASV_197_16S_022_3	ASV_225_16S_022_3	1	ENV_Salinity	0.855975	1.024234	0.168260	nan	3.000000	1.000000	0	0	1	1.000000	0.000000	0.000000
ASV_2_16S_022_3	ASV_226_16S_022_3	1	ENV_Salinity	0.390241	0.236408	-0.153833	0.000999	3.000000	1.000000	0	0	1	1.000000	0.000000	0.000000
ASV_81_16S_022_3	ASV_226_16S_022_3	1	ENV_Salinity	0.670400	0.568991	-0.101409	0.455544	3.000000	1.000000	0	0	1	1.000000	0.000000	0.000000
ASV_154_16S_022_3	ASV_227_16S_022_3	1	ENV_Salinity	0.799421	0.130572	-0.668850	0.091908	3.000000	1.000000	0	0	1	1.000000	0.000000	0.000000
ASV_160_16S_022_3	ASV_233_16S_022_3	1	ENV_Salinity	0.894476	0.146107	-0.748369	0.364635	3.000000	1.000000	0	0	1	1.000000	0.000000	0.000000
ASV_110_16S_022_3	ASV_235_16S_022_3	1	ENV_Salinity	0.764674	0.991139	0.226465	nan	3.000000	1.000000	0	0	1	1.000000	0.000000	0.000000
ASV_26_16S_022_3	ASV_237_16S_022_3	1	ENV_Salinity	0.652313	0.528321	-0.123992	0.728272	3.000000	1.000000	0	0	1	1.000000	0.000000	0.000000
ASV_128_16S_022_3	ASV_238_16S_022_3	1	ENV_Salinity	0.889797	0.033789	-0.856008	0.000999	3.000000	1.000000	0	0	1	1.000000	0.000000	0.000000
ASV_67_16S_022_3	ASV_246_16S_022_3	1	ENV_Salinity	0.403475	0.265823	-0.137652	0.273726	3.000000	1.000000	0	0	1	1.000000	0.000000	0.000000
ASV_35_16S_022_3	ASV_249_16S_022_3	1	ENV_Salinity	0.540925	0.305706	-0.235219	0.182817	3.000000	1.000000	0	0	1	1.000000	0.000000	0.000000
ASV_37_16S_022_3	ASV_249_16S_022_3	1	ENV_Salinity	0.349844	0.210087	-0.139757	0.364635	3.000000	1.000000	0	0	1	1.000000	0.000000	0.000000
ASV_237_16S_022_3	ASV_249_16S_022_3	1	ENV_Salinity	0.528721	0.215108	-0.313613	0.728272	3.000000	1.000000	0	0	1	1.000000	0.000000	0.000000
ASV_235_16S_022_3	ASV_253_16S_022_3	1	ENV_Salinity	0.758239	1.033198	0.274960	nan	3.000000	1.000000	0	0	1	1.000000	0.000000	0.000000
ASV_157_16S_022_3	ASV_258_16S_022_3	1	ENV_Salinity	0.779325	0.083954	-0.695371	0.910090	3.000000	1.000000	0	0	1	1.000000	0.000000	0.000000
ASV_7_16S_022_3	ASV_263_16S_022_3	1	ENV_Salinity	0.526846	0.125930	-0.400916	0.000999	3.000000	1.000000	0	0	1	1.000000	0.000000	0.000000
ASV_27_16S_022_3	ASV_263_16S_022_3	1	ENV_Salinity	0.360075	0.051720	-0.308356	0.182817	3.000000	1.000000	0	0	1	1.000000	0.000000	0.000000
ASV_83_16S_022_3	ASV_264_16S_022_3	1	ENV_Salinity	0.737645	0.241954	-0.495692	0.182817	3.000000	1.000000	0	0	1	1.000000	0.000000	0.000000
ASV_124_16S_022_3	ASV_268_16S_022_3	1	ENV_Salinity	0.713342	0.134120	-0.579222	0.364635	3.000000	1.000000	0	0	1	1.000000	0.000000	0.000000
ASV_170_16S_022_3	ASV_268_16S_022_3	1	ENV_Salinity	0.608346	-0.040868	-0.649214	0.727273	3.000000	1.000000	0	0	1	1.000000	0.000000	0.000000
ASV_223_16S_022_3	ASV_268_16S_022_3	1	ENV_Salinity	0.749964	0.100849	-0.649115	0.546454	3.000000	1.000000	0	0	1	1.000000	0.000000	0.000000
ASV_179_16S_022_3	ASV_271_16S_022_3	1	ENV_Salinity	0.639084	0.320819	-0.318265	0.000999	3.000000	1.000000	0	0	1	1.000000	0.000000	0.000000
ASV_45_16S_022_3	ASV_273_16S_022_3	1	ENV_Salinity	0.414675	0.216152	-0.198522	0.091908	3.000000	1.000000	0	0	1	1.000000	0.000000	0.000000
ASV_74_16S_022_3	ASV_277_16S_022_3	1	ENV_Salinity	0.828061	0.179552	-0.648508	0.091908	3.000000	1.000000	0	0	1	1.000000	0.000000	0.000000
ASV_169_16S_022_3	ASV_277_16S_022_3	1	ENV_Salinity	0.801301	0.931908	0.130607	nan	3.000000	1.000000	0	0	1	1.000000	0.000000	0.000000
ASV_106_16S_022_3	ASV_278_16S_022_3	1	ENV_Salinity	0.263727	0.287570	0.023844	nan	3.000000	1.000000	0	0	1	1.000000	0.000000	0.000000
ASV_187_16S_022_3	ASV_278_16S_022_3	1	ENV_Salinity	0.652233	1.248360	0.596127	nan	3.000000	1.000000	0	0	1	1.000000	0.000000	0.000000
ASV_121_16S_022_3	ASV_284_16S_022_3	1	ENV_Salinity	0.795408	0.108518	-0.686889	0.182817	3.000000	1.000000	0	0	1	1.000000	0.000000	0.000000
ASV_228_16S_022_3	ASV_287_16S_022_3	1	ENV_Salinity	0.728162	0.158611	-0.569551	0.455544	3.000000	1.000000	0	0	1	1.000000	0.000000	0.000000
ASV_276_16S_022_3	ASV_289_16S_022_3	1	ENV_Salinity	0.324443	1.468677	1.144234	nan	3.000000	1.000000	0	0	1	1.000000	0.000000	0.000000
ASV_217_16S_022_3	ASV_290_16S_022_3	1	ENV_Salinity	0.662095	0.713434	0.051339	nan	3.000000	1.000000	0	0	1	1.000000	0.000000	0.000000
ASV_6_16S_022_3	ASV_298_16S_022_3	1	ENV_Salinity	0.114464	0.223599	0.109135	nan	3.000000	1.000000	0	0	1	1.000000	0.000000	0.000000
ASV_204_16S_022_3	ASV_298_16S_022_3	1	ENV_Salinity	0.247275	0.412864	0.165589	nan	3.000000	1.000000	0	0	1	1.000000	0.000000	0.000000
ASV_122_16S_022_3	ASV_299_16S_022_3	1	ENV_Salinity	0.542557	0.032754	-0.509803	0.000999	3.000000	1.000000	0	0	1	1.000000	0.000000	0.000000
ASV_88_16S_022_3	ASV_300_16S_022_3	1	ENV_Salinity	0.505503	0.033789	-0.471714	0.000999	3.000000	1.000000	0	0	1	1.000000	0.000000	0.000000
ASV_248_16S_022_3	ASV_300_16S_022_3	1	ENV_Salinity	0.468051	0.235957	-0.232094	0.000999	3.000000	1.000000	0	0	1	1.000000	0.000000	0.000000
ASV_123_16S_022_3	ASV_301_16S_022_3	1	ENV_Salinity	0.682226	0.141484	-0.540741	0.000999	3.000000	1.000000	0	0	1	1.000000	0.000000	0.000000
ASV_179_16S_022_3	ASV_304_16S_022_3	1	ENV_Salinity	0.879731	0.191262	-0.688469	0.000999	3.000000	1.000000	0	0	1	1.000000	0.000000	0.000000
ASV_206_16S_022_3	ASV_304_16S_022_3	1	ENV_Salinity	0.812575	1.371021	0.558445	nan	3.000000	1.000000	0	0	1	1.000000	0.000000	0.000000
ASV_184_16S_022_3	ASV_306_16S_022_3	1	ENV_Salinity	0.627457	0.083954	-0.543503	0.000999	3.000000	1.000000	0	0	1	1.000000	0.000000	0.000000
ASV_6_16S_022_3	ASV_307_16S_022_3	1	ENV_Salinity	0.195520	0.291246	0.095726	nan	3.000000	1.000000	0	0	1	1.000000	0.000000	0.000000
ASV_162_16S_022_3	ASV_308_16S_022_3	1	ENV_Salinity	0.704146	0.000000	-0.704146	0.272727	3.000000	1.000000	0	0	1	1.000000	0.000000	0.000000
ASV_299_16S_022_3	ASV_308_16S_022_3	1	ENV_Salinity	0.915692	0.115525	-0.800167	0.091908	3.000000	1.000000	0	0	1	1.000000	0.000000	0.000000
ASV_97_16S_022_3	ASV_309_16S_022_3	1	ENV_Salinity	0.942377	0.197260	-0.745116	0.000999	3.000000	1.000000	0	0	1	1.000000	0.000000	0.000000
ASV_145_16S_022_3	ASV_311_16S_022_3	1	ENV_Salinity	0.510933	0.118926	-0.392006	0.000999	3.000000	1.000000	0	0	1	1.000000	0.000000	0.000000
ASV_154_16S_022_3	ASV_316_16S_022_3	1	ENV_Salinity	1.069638	0.302028	-0.767609	0.091908	3.000000	1.000000	0	0	1	1.000000	0.000000	0.000000
ASV_67_16S_022_3	ASV_317_16S_022_3	1	ENV_Salinity	0.583943	0.051866	-0.532077	0.000999	3.000000	1.000000	0	0	1	1.000000	0.000000	0.000000
ASV_97_16S_022_3	ASV_317_16S_022_3	1	ENV_Salinity	0.697169	0.364698	-0.332471	0.182817	3.000000	1.000000	0	0	1	1.000000	0.000000	0.000000
ASV_189_16S_022_3	ASV_318_16S_022_3	1	ENV_Salinity	0.769896	0.226505	-0.543391	0.273726	3.000000	1.000000	0	0	1	1.000000	0.000000	0.000000
ASV_161_16S_022_3	ASV_320_16S_022_3	1	ENV_Salinity	0.697169	0.173789	-0.523381	0.000999	3.000000	1.000000	0	0	1	1.000000	0.000000	0.000000
ASV_35_16S_022_3	ASV_324_16S_022_3	1	ENV_Salinity	0.462451	0.245254	-0.217196	0.273726	3.000000	1.000000	0	0	1	1.000000	0.000000	0.000000
ASV_89_16S_022_3	ASV_324_16S_022_3	1	ENV_Salinity	0.945137	0.364401	-0.580736	0.364635	3.000000	1.000000	0	0	1	1.000000	0.000000	0.000000
ASV_92_16S_022_3	ASV_325_16S_022_3	1	ENV_Salinity	0.917567	1.300200	0.382633	nan	3.000000	1.000000	0	0	1	1.000000	0.000000	0.000000
ASV_110_16S_022_3	ASV_325_16S_022_3	1	ENV_Salinity	0.684101	1.178926	0.494825	nan	3.000000	1.000000	0	0	1	1.000000	0.000000	0.000000
ASV_109_16S_022_3	ASV_327_16S_022_3	1	ENV_Salinity	0.535331	0.382729	-0.152602	0.455544	3.000000	1.000000	0	0	1	1.000000	0.000000	0.000000
ASV_152_16S_022_3	ASV_328_16S_022_3	1	ENV_Salinity	0.319818	0.168621	-0.151197	0.091908	3.000000	1.000000	0	0	1	1.000000	0.000000	0.000000
ASV_130_16S_022_3	ASV_331_16S_022_3	1	ENV_Salinity	0.403391	0.033789	-0.369602	0.000999	3.000000	1.000000	0	0	1	1.000000	0.000000	0.000000
ASV_162_16S_022_3	ASV_334_16S_022_3	1	ENV_Salinity	0.618814	-0.007597	-0.626410	0.181818	3.000000	1.000000	0	0	1	1.000000	0.000000	0.000000
ASV_126_16S_022_3	ASV_335_16S_022_3	1	ENV_Salinity	0.635071	0.142033	-0.493038	0.273726	3.000000	1.000000	0	0	1	1.000000	0.000000	0.000000
ASV_149_16S_022_3	ASV_335_16S_022_3	1	ENV_Salinity	0.675044	0.665979	-0.009065	0.273726	3.000000	1.000000	0	0	1	1.000000	0.000000	0.000000
ASV_65_16S_022_3	ASV_337_16S_022_3	1	ENV_Salinity	0.614054	0.081882	-0.532172	0.091908	3.000000	1.000000	0	0	1	1.000000	0.000000	0.000000
ASV_291_16S_022_3	ASV_340_16S_022_3	1	ENV_Salinity	0.829736	0.141182	-0.688555	0.000999	3.000000	1.000000	0	0	1	1.000000	0.000000	0.000000
ASV_276_16S_022_3	ASV_343_16S_022_3	1	ENV_Salinity	0.418827	1.764719	1.345892	nan	3.000000	1.000000	0	0	1	1.000000	0.000000	0.000000
ASV_235_16S_022_3	ASV_345_16S_022_3	1	ENV_Salinity	0.781249	0.974448	0.193199	nan	3.000000	1.000000	0	0	1	1.000000	0.000000	0.000000
ASV_262_16S_022_3	ASV_347_16S_022_3	1	ENV_Salinity	0.869418	0.186504	-0.682914	0.091908	3.000000	1.000000	0	0	1	1.000000	0.000000	0.000000
ASV_50_16S_022_3	ASV_351_16S_022_3	1	ENV_Salinity	0.507557	0.089575	-0.417982	0.000999	3.000000	1.000000	0	0	1	1.000000	0.000000	0.000000
ASV_175_16S_022_3	ASV_357_16S_022_3	1	ENV_Salinity	0.645803	0.097743	-0.548060	0.000999	3.000000	1.000000	0	0	1	1.000000	0.000000	0.000000
ASV_121_16S_022_3	ASV_358_16S_022_3	1	ENV_Salinity	0.669276	0.108518	-0.560757	0.364635	3.000000	1.000000	0	0	1	1.000000	0.000000	0.000000
ASV_216_16S_022_3	ASV_358_16S_022_3	1	ENV_Salinity	0.755355	0.076358	-0.678997	0.273726	3.000000	1.000000	0	0	1	1.000000	0.000000	0.000000
ASV_193_16S_022_3	ASV_360_16S_022_3	1	ENV_Salinity	0.444662	0.661839	0.217177	nan	3.000000	1.000000	0	0	1	1.000000	0.000000	0.000000
ASV_233_16S_022_3	ASV_362_16S_022_3	1	ENV_Salinity	0.891591	0.161300	-0.730291	0.364635	3.000000	1.000000	0	0	1	1.000000	0.000000	0.000000
ASV_246_16S_022_3	ASV_362_16S_022_3	1	ENV_Salinity	0.615606	0.392349	-0.223257	0.273726	3.000000	1.000000	0	0	1	1.000000	0.000000	0.000000
ASV_277_16S_022_3	ASV_362_16S_022_3	1	ENV_Salinity	0.429031	0.039167	-0.389864	0.455544	3.000000	1.000000	0	0	1	1.000000	0.000000	0.000000
ASV_274_16S_022_3	ASV_365_16S_022_3	1	ENV_Salinity	0.662095	1.777694	1.115600	nan	3.000000	1.000000	0	0	1	1.000000	0.000000	0.000000
ASV_345_16S_022_3	ASV_365_16S_022_3	1	ENV_Salinity	0.761323	1.336742	0.575420	nan	3.000000	1.000000	0	0	1	1.000000	0.000000	0.000000
ASV_138_16S_022_3	ASV_369_16S_022_3	1	ENV_Salinity	0.840887	0.140211	-0.700676	0.000999	3.000000	1.000000	0	0	1	1.000000	0.000000	0.000000
ASV_267_16S_022_3	ASV_379_16S_022_3	1	ENV_Salinity	0.684737	0.122133	-0.562604	0.546454	3.000000	1.000000	0	0	1	1.000000	0.000000	0.000000
ASV_157_16S_022_3	ASV_381_16S_022_3	1	ENV_Salinity	0.671230	-0.066124	-0.737354	0.818182	3.000000	1.000000	0	0	1	1.000000	0.000000	0.000000
ASV_66_16S_022_3	ASV_383_16S_022_3	1	ENV_Salinity	0.673120	2.242479	1.569358	nan	3.000000	1.000000	0	0	1	1.000000	0.000000	0.000000
ASV_320_16S_022_3	ASV_386_16S_022_3	1	ENV_Salinity	0.754639	2.192662	1.438023	nan	3.000000	1.000000	0	0	1	1.000000	0.000000	0.000000
ASV_260_16S_022_3	ASV_387_16S_022_3	1	ENV_Salinity	0.943262	0.148325	-0.794937	0.000999	3.000000	1.000000	0	0	1	1.000000	0.000000	0.000000
ASV_21_16S_022_3	ASV_388_16S_022_3	1	ENV_Salinity	0.514271	0.388302	-0.125968	0.364635	3.000000	1.000000	0	0	1	1.000000	0.000000	0.000000
ASV_7_16S_022_3	ASV_390_16S_022_3	1	ENV_Salinity	0.351261	0.048956	-0.302304	0.000999	3.000000	1.000000	0	0	1	1.000000	0.000000	0.000000
ASV_386_16S_022_3	ASV_392_16S_022_3	1	ENV_Salinity	0.694922	2.100946	1.406024	nan	3.000000	1.000000	0	0	1	1.000000	0.000000	0.000000
ASV_132_16S_022_3	ASV_396_16S_022_3	1	ENV_Salinity	0.691371	1.686267	0.994895	nan	3.000000	1.000000	0	0	1	1.000000	0.000000	0.000000
ASV_311_16S_022_3	ASV_396_16S_022_3	1	ENV_Salinity	0.680843	0.278525	-0.402318	0.091908	3.000000	1.000000	0	0	1	1.000000	0.000000	0.000000
ASV_218_16S_022_3	ASV_397_16S_022_3	1	ENV_Salinity	0.582530	1.837381	1.254851	nan	3.000000	1.000000	0	0	1	1.000000	0.000000	0.000000
ASV_274_16S_022_3	ASV_400_16S_022_3	1	ENV_Salinity	0.541810	0.112835	-0.428975	0.000999	3.000000	1.000000	0	0	1	1.000000	0.000000	0.000000
ASV_193_16S_022_3	ASV_402_16S_022_3	1	ENV_Salinity	0.791777	0.564053	-0.227724	0.546454	3.000000	1.000000	0	0	1	1.000000	0.000000	0.000000
ASV_185_16S_022_3	ASV_401_16S_022_3	1	ENV_Salinity	0.934609	0.219062	-0.715547	0.819181	3.000000	1.000000	0	0	1	1.000000	0.000000	0.000000
ASV_225_16S_022_3	ASV_401_16S_022_3	1	ENV_Salinity	0.764207	1.342113	0.577906	nan	3.000000	1.000000	0	0	1	1.000000	0.000000	0.000000
ASV_312_16S_022_3	ASV_401_16S_022_3	1	ENV_Salinity	0.689402	1.554945	0.865543	nan	3.000000	1.000000	0	0	1	1.000000	0.000000	0.000000
ASV_218_16S_022_3	ASV_407_16S_022_3	1	ENV_Salinity	0.443995	1.331817	0.887822	nan	3.000000	1.000000	0	0	1	1.000000	0.000000	0.000000
ASV_109_16S_022_3	ASV_408_16S_022_3	1	ENV_Salinity	0.395583	1.488413	1.092830	nan	3.000000	1.000000	0	0	1	1.000000	0.000000	0.000000
ASV_153_16S_022_3	ASV_408_16S_022_3	1	ENV_Salinity	0.474481	1.821308	1.346827	nan	3.000000	1.000000	0	0	1	1.000000	0.000000	0.000000
ASV_19_16S_022_3	ASV_410_16S_022_3	1	ENV_Salinity	0.685895	0.668381	-0.017515	0.364635	3.000000	1.000000	0	0	1	1.000000	0.000000	0.000000
ASV_163_16S_022_3	ASV_410_16S_022_3	1	ENV_Salinity	0.865150	1.117927	0.252777	nan	3.000000	1.000000	0	0	1	1.000000	0.000000	0.000000
ASV_189_16S_022_3	ASV_414_16S_022_3	1	ENV_Salinity	0.530488	0.584788	0.054300	nan	3.000000	1.000000	0	0	1	1.000000	0.000000	0.000000
ASV_226_16S_022_3	ASV_414_16S_022_3	1	ENV_Salinity	0.329969	0.076358	-0.253612	0.000999	3.000000	1.000000	0	0	1	1.000000	0.000000	0.000000
ASV_145_16S_022_3	ASV_421_16S_022_3	1	ENV_Salinity	0.767877	0.197010	-0.570867	0.091908	3.000000	1.000000	0	0	1	1.000000	0.000000	0.000000
ASV_154_16S_022_3	ASV_421_16S_022_3	1	ENV_Salinity	0.893467	0.149313	-0.744153	0.091908	3.000000	1.000000	0	0	1	1.000000	0.000000	0.000000
ASV_189_16S_022_3	ASV_422_16S_022_3	1	ENV_Salinity	0.966193	1.328230	0.362036	nan	3.000000	1.000000	0	0	1	1.000000	0.000000	0.000000
ASV_318_16S_022_3	ASV_422_16S_022_3	1	ENV_Salinity	0.932192	0.209247	-0.722945	0.455544	3.000000	1.000000	0	0	1	1.000000	0.000000	0.000000
ASV_388_16S_022_3	ASV_422_16S_022_3	1	ENV_Salinity	0.622788	0.909668	0.286881	nan	3.000000	1.000000	0	0	1	1.000000	0.000000	0.000000
ASV_155_16S_022_3	ASV_424_16S_022_3	1	ENV_Salinity	0.623912	0.033789	-0.590123	0.273726	3.000000	1.000000	0	0	1	1.000000	0.000000	0.000000
ASV_282_16S_022_3	ASV_425_16S_022_3	1	ENV_Salinity	0.756021	0.134120	-0.621902	0.000999	3.000000	1.000000	0	0	1	1.000000	0.000000	0.000000
ASV_309_16S_022_3	ASV_425_16S_022_3	1	ENV_Salinity	0.756021	0.402164	-0.353857	0.182817	3.000000	1.000000	0	0	1	1.000000	0.000000	0.000000
ASV_136_16S_022_3	ASV_426_16S_022_3	1	ENV_Salinity	0.577260	0.194878	-0.382382	0.091908	3.000000	1.000000	0	0	1	1.000000	0.000000	0.000000
ASV_222_16S_022_3	ASV_426_16S_022_3	1	ENV_Salinity	0.657117	0.102947	-0.554171	0.000999	3.000000	1.000000	0	0	1	1.000000	0.000000	0.000000
ASV_424_16S_022_3	ASV_427_16S_022_3	1	ENV_Salinity	0.557088	0.033789	-0.523299	0.182817	3.000000	1.000000	0	0	1	1.000000	0.000000	0.000000
ASV_271_16S_022_3	ASV_429_16S_022_3	1	ENV_Salinity	0.588503	1.771955	1.183452	nan	3.000000	1.000000	0	0	1	1.000000	0.000000	0.000000
ASV_93_16S_022_3	ASV_430_16S_022_3	1	ENV_Salinity	0.718305	0.679680	-0.038625	0.182817	3.000000	1.000000	0	0	1	1.000000	0.000000	0.000000
ASV_132_16S_022_3	ASV_430_16S_022_3	1	ENV_Salinity	0.521138	0.722052	0.200914	nan	3.000000	1.000000	0	0	1	1.000000	0.000000	0.000000
ASV_431_16S_022_3	ASV_437_16S_022_3	1	ENV_Salinity	0.576937	1.964672	1.387735	nan	3.000000	1.000000	0	0	1	1.000000	0.000000	0.000000
ASV_80_16S_022_3	ASV_440_16S_022_3	1	ENV_Salinity	0.534490	1.018679	0.484189	nan	3.000000	1.000000	0	0	1	1.000000	0.000000	0.000000
ASV_434_16S_022_3	ASV_444_16S_022_3	1	ENV_Salinity	0.368061	0.067060	-0.301001	0.455544	3.000000	1.000000	0	0	1	1.000000	0.000000	0.000000
ASV_260_16S_022_3	ASV_448_16S_022_3	1	ENV_Salinity	0.640790	0.029723	-0.611067	0.000999	3.000000	1.000000	0	0	1	1.000000	0.000000	0.000000
ASV_348_16S_022_3	ASV_448_16S_022_3	1	ENV_Salinity	0.718056	-0.049841	-0.767898	0.363636	3.000000	1.000000	0	0	1	1.000000	0.000000	0.000000
ASV_110_16S_022_3	ASV_449_16S_022_3	1	ENV_Salinity	0.700397	0.988079	0.287682	nan	3.000000	1.000000	0	0	1	1.000000	0.000000	0.000000
ASV_212_16S_022_3	ASV_449_16S_022_3	1	ENV_Salinity	0.658002	0.914450	0.256448	nan	3.000000	1.000000	0	0	1	1.000000	0.000000	0.000000
ASV_121_16S_022_3	ASV_452_16S_022_3	1	ENV_Salinity	0.752187	0.033789	-0.718398	0.000999	3.000000	1.000000	0	0	1	1.000000	0.000000	0.000000
ASV_49_16S_022_3	ASV_453_16S_022_3	1	ENV_Salinity	0.948768	0.033789	-0.914979	0.091908	3.000000	1.000000	0	0	1	1.000000	0.000000	0.000000
ASV_223_16S_022_3	ASV_456_16S_022_3	1	ENV_Salinity	0.785924	0.100849	-0.685076	0.546454	3.000000	1.000000	0	0	1	1.000000	0.000000	0.000000
ASV_389_16S_022_3	ASV_456_16S_022_3	1	ENV_Salinity	0.670400	0.234968	-0.435431	0.546454	3.000000	1.000000	0	0	1	1.000000	0.000000	0.000000
ASV_308_16S_022_3	ASV_461_16S_022_3	1	ENV_Salinity	1.040536	0.252502	-0.788034	0.091908	3.000000	1.000000	0	0	1	1.000000	0.000000	0.000000
ASV_301_16S_022_3	ASV_462_16S_022_3	1	ENV_Salinity	0.835381	0.076358	-0.759024	0.091908	3.000000	1.000000	0	0	1	1.000000	0.000000	0.000000
ASV_153_16S_022_3	ASV_463_16S_022_3	1	ENV_Salinity	0.500082	0.465069	-0.035013	0.364635	3.000000	1.000000	0	0	1	1.000000	0.000000	0.000000
ASV_126_16S_022_3	ASV_466_16S_022_3	1	ENV_Salinity	0.651104	0.179801	-0.471303	0.364635	3.000000	1.000000	0	0	1	1.000000	0.000000	0.000000
ASV_273_16S_022_3	ASV_466_16S_022_3	1	ENV_Salinity	0.599031	0.308837	-0.290194	0.182817	3.000000	1.000000	0	0	1	1.000000	0.000000	0.000000
ASV_41_16S_022_3	ASV_468_16S_022_3	1	ENV_Salinity	0.446995	0.030582	-0.416413	0.000999	3.000000	1.000000	0	0	1	1.000000	0.000000	0.000000
ASV_345_16S_022_3	ASV_473_16S_022_3	1	ENV_Salinity	0.781995	1.193713	0.411718	nan	3.000000	1.000000	0	0	1	1.000000	0.000000	0.000000
ASV_63_16S_022_3	ASV_475_16S_022_3	1	ENV_Salinity	0.308623	0.922839	0.614215	nan	3.000000	1.000000	0	0	1	1.000000	0.000000	0.000000
ASV_182_16S_022_3	ASV_475_16S_022_3	1	ENV_Salinity	0.449580	1.311510	0.861930	nan	3.000000	1.000000	0	0	1	1.000000	0.000000	0.000000
ASV_295_16S_022_3	ASV_475_16S_022_3	1	ENV_Salinity	0.516195	1.358140	0.841945	nan	3.000000	1.000000	0	0	1	1.000000	0.000000	0.000000
ASV_453_16S_022_3	ASV_476_16S_022_3	1	ENV_Salinity	0.789639	0.033789	-0.755850	0.091908	3.000000	1.000000	0	0	1	1.000000	0.000000	0.000000
ASV_102_16S_022_3	ASV_478_16S_022_3	1	ENV_Salinity	0.753679	0.033789	-0.719890	0.091908	3.000000	1.000000	0	0	1	1.000000	0.000000	0.000000
ASV_258_16S_022_3	ASV_478_16S_022_3	1	ENV_Salinity	0.753679	0.016894	-0.736785	0.637363	3.000000	1.000000	0	0	1	1.000000	0.000000	0.000000
ASV_34_16S_022_3	ASV_479_16S_022_3	1	ENV_Salinity	0.525091	1.152281	0.627190	nan	3.000000	1.000000	0	0	1	1.000000	0.000000	0.000000
ASV_253_16S_022_3	ASV_488_16S_022_3	1	ENV_Salinity	0.588622	1.368459	0.779837	nan	3.000000	1.000000	0	0	1	1.000000	0.000000	0.000000
ASV_390_16S_022_3	ASV_490_16S_022_3	1	ENV_Salinity	0.935195	0.148325	-0.786870	0.091908	3.000000	1.000000	0	0	1	1.000000	0.000000	0.000000
ASV_179_16S_022_3	ASV_491_16S_022_3	1	ENV_Salinity	0.957420	0.224683	-0.732738	0.000999	3.000000	1.000000	0	0	1	1.000000	0.000000	0.000000
ASV_187_16S_022_3	ASV_494_16S_022_3	1	ENV_Salinity	0.925757	0.059463	-0.866294	0.364635	3.000000	1.000000	0	0	1	1.000000	0.000000	0.000000
ASV_382_16S_022_3	ASV_494_16S_022_3	1	ENV_Salinity	0.793190	0.121274	-0.671916	0.000999	3.000000	1.000000	0	0	1	1.000000	0.000000	0.000000
ASV_49_16S_022_3	ASV_495_16S_022_3	1	ENV_Salinity	0.735144	0.167909	-0.567236	0.000999	3.000000	1.000000	0	0	1	1.000000	0.000000	0.000000
ASV_478_16S_022_3	ASV_495_16S_022_3	1	ENV_Salinity	0.502499	0.033789	-0.468710	0.000999	3.000000	1.000000	0	0	1	1.000000	0.000000	0.000000
ASV_332_16S_022_3	ASV_497_16S_022_3	1	ENV_Salinity	0.835879	0.208759	-0.627120	0.091908	3.000000	1.000000	0	0	1	1.000000	0.000000	0.000000
ASV_332_16S_022_3	ASV_499_16S_022_3	1	ENV_Salinity	0.587836	0.130046	-0.457790	0.091908	3.000000	1.000000	0	0	1	1.000000	0.000000	0.000000
ASV_494_16S_022_3	ASV_499_16S_022_3	1	ENV_Salinity	0.847401	0.100331	-0.747070	0.000999	3.000000	1.000000	0	0	1	1.000000	0.000000	0.000000
ASV_170_16S_022_3	ASV_502_16S_022_3	1	ENV_Salinity	0.415087	1.897388	1.482302	nan	3.000000	1.000000	0	0	1	1.000000	0.000000	0.000000
ASV_11_16S_022_3	ASV_503_16S_022_3	1	ENV_Salinity	0.995256	0.186504	-0.808752	0.091908	3.000000	1.000000	0	0	1	1.000000	0.000000	0.000000
ASV_92_16S_022_3	ASV_503_16S_022_3	1	ENV_Salinity	1.000478	0.226384	-0.774094	0.000999	3.000000	1.000000	0	0	1	1.000000	0.000000	0.000000
ASV_216_16S_022_3	ASV_503_16S_022_3	1	ENV_Salinity	0.890259	0.190941	-0.699318	0.091908	3.000000	1.000000	0	0	1	1.000000	0.000000	0.000000
ASV_222_16S_022_3	ASV_503_16S_022_3	1	ENV_Salinity	0.765167	0.177383	-0.587784	0.000999	3.000000	1.000000	0	0	1	1.000000	0.000000	0.000000
ASV_265_16S_022_3	ASV_503_16S_022_3	1	ENV_Salinity	0.731798	0.093235	-0.638563	0.000999	3.000000	1.000000	0	0	1	1.000000	0.000000	0.000000
ASV_412_16S_022_3	ASV_503_16S_022_3	1	ENV_Salinity	0.797283	0.161495	-0.635788	0.000999	3.000000	1.000000	0	0	1	1.000000	0.000000	0.000000
ASV_494_16S_022_3	ASV_503_16S_022_3	1	ENV_Salinity	0.800167	0.110146	-0.690021	0.000999	3.000000	1.000000	0	0	1	1.000000	0.000000	0.000000
ASV_41_16S_022_3	ASV_504_16S_022_3	1	ENV_Salinity	0.677213	0.079759	-0.597454	0.000999	3.000000	1.000000	0	0	1	1.000000	0.000000	0.000000
ASV_113_16S_022_3	ASV_504_16S_022_3	1	ENV_Salinity	0.557596	0.441031	-0.116565	0.091908	3.000000	1.000000	0	0	1	1.000000	0.000000	0.000000
ASV_463_16S_022_3	ASV_504_16S_022_3	1	ENV_Salinity	0.696877	0.652004	-0.044873	0.091908	3.000000	1.000000	0	0	1	1.000000	0.000000	0.000000
ASV_347_16S_022_3	ASV_506_16S_022_3	1	ENV_Salinity	0.941338	0.134120	-0.807218	0.091908	3.000000	1.000000	0	0	1	1.000000	0.000000	0.000000
ASV_477_16S_022_3	ASV_506_16S_022_3	1	ENV_Salinity	0.955496	0.158093	-0.797403	0.091908	3.000000	1.000000	0	0	1	1.000000	0.000000	0.000000
ASV_36_16S_022_3	ASV_512_16S_022_3	1	ENV_Salinity	0.712880	0.607687	-0.105193	0.637363	3.000000	1.000000	0	0	1	1.000000	0.000000	0.000000
ASV_215_16S_022_3	ASV_512_16S_022_3	1	ENV_Salinity	0.527683	0.400612	-0.127071	0.364635	3.000000	1.000000	0	0	1	1.000000	0.000000	0.000000
ASV_386_16S_022_3	ASV_513_16S_022_3	1	ENV_Salinity	0.566234	0.077531	-0.488702	0.091908	3.000000	1.000000	0	0	1	1.000000	0.000000	0.000000
ASV_282_16S_022_3	ASV_515_16S_022_3	1	ENV_Salinity	0.645798	0.042569	-0.603229	0.364635	3.000000	1.000000	0	0	1	1.000000	0.000000	0.000000
ASV_416_16S_022_3	ASV_515_16S_022_3	1	ENV_Salinity	0.402669	1.224469	0.821800	nan	3.000000	1.000000	0	0	1	1.000000	0.000000	0.000000
ASV_11_16S_022_3	ASV_517_16S_022_3	1	ENV_Salinity	0.862689	0.201180	-0.661509	0.273726	3.000000	1.000000	0	0	1	1.000000	0.000000	0.000000
ASV_169_16S_022_3	ASV_525_16S_022_3	1	ENV_Salinity	0.704774	0.667095	-0.037679	0.455544	3.000000	1.000000	0	0	1	1.000000	0.000000	0.000000
ASV_223_16S_022_3	ASV_531_16S_022_3	1	ENV_Salinity	0.645714	0.033789	-0.611925	0.546454	3.000000	1.000000	0	0	1	1.000000	0.000000	0.000000
ASV_262_16S_022_3	ASV_533_16S_022_3	1	ENV_Salinity	0.963140	0.186504	-0.776636	0.091908	3.000000	1.000000	0	0	1	1.000000	0.000000	0.000000
ASV_327_16S_022_3	ASV_533_16S_022_3	1	ENV_Salinity	0.977298	0.234451	-0.742848	0.091908	3.000000	1.000000	0	0	1	1.000000	0.000000	0.000000
ASV_481_16S_022_3	ASV_533_16S_022_3	1	ENV_Salinity	0.768051	0.033789	-0.734263	0.091908	3.000000	1.000000	0	0	1	1.000000	0.000000	0.000000
ASV_365_16S_022_3	ASV_537_16S_022_3	1	ENV_Salinity	0.655317	0.075684	-0.579633	0.000999	3.000000	1.000000	0	0	1	1.000000	0.000000	0.000000
ASV_246_16S_022_3	ASV_538_16S_022_3	1	ENV_Salinity	0.602194	1.813217	1.211023	nan	3.000000	1.000000	0	0	1	1.000000	0.000000	0.000000
ASV_103_16S_022_3	ASV_539_16S_022_3	1	ENV_Salinity	0.809143	0.033789	-0.775354	0.000999	3.000000	1.000000	0	0	1	1.000000	0.000000	0.000000
ASV_531_16S_022_3	ASV_539_16S_022_3	1	ENV_Salinity	0.821969	0.213166	-0.608803	0.273726	3.000000	1.000000	0	0	1	1.000000	0.000000	0.000000
ASV_97_16S_022_3	ASV_540_16S_022_3	1	ENV_Salinity	0.859182	2.024550	1.165368	nan	3.000000	1.000000	0	0	1	1.000000	0.000000	0.000000
ASV_414_16S_022_3	ASV_540_16S_022_3	1	ENV_Salinity	0.583491	0.154584	-0.428906	0.000999	3.000000	1.000000	0	0	1	1.000000	0.000000	0.000000
ASV_317_16S_022_3	ASV_547_16S_022_3	1	ENV_Salinity	0.771851	0.225671	-0.546180	0.182817	3.000000	1.000000	0	0	1	1.000000	0.000000	0.000000
ASV_316_16S_022_3	ASV_552_16S_022_3	1	ENV_Salinity	0.708787	0.393579	-0.315208	0.819181	3.000000	1.000000	0	0	1	1.000000	0.000000	0.000000
ASV_428_16S_022_3	ASV_552_16S_022_3	1	ENV_Salinity	0.906760	0.033789	-0.872971	0.273726	3.000000	1.000000	0	0	1	1.000000	0.000000	0.000000
ASV_11_16S_022_3	ASV_553_16S_022_3	1	ENV_Salinity	0.816201	0.055073	-0.761128	0.091908	3.000000	1.000000	0	0	1	1.000000	0.000000	0.000000
ASV_53_16S_022_3	ASV_553_16S_022_3	1	ENV_Salinity	0.785000	0.166532	-0.618468	0.364635	3.000000	1.000000	0	0	1	1.000000	0.000000	0.000000
ASV_148_16S_022_3	ASV_553_16S_022_3	1	ENV_Salinity	0.603154	0.022985	-0.580169	0.182817	3.000000	1.000000	0	0	1	1.000000	0.000000	0.000000
ASV_490_16S_022_3	ASV_553_16S_022_3	1	ENV_Salinity	0.932311	0.055073	-0.877238	0.091908	3.000000	1.000000	0	0	1	1.000000	0.000000	0.000000
ASV_196_16S_022_3	ASV_560_16S_022_3	1	ENV_Salinity	0.468543	0.029253	-0.439290	0.091908	3.000000	1.000000	0	0	1	1.000000	0.000000	0.000000
ASV_138_16S_022_3	ASV_561_16S_022_3	1	ENV_Salinity	0.789216	0.207076	-0.582141	0.000999	3.000000	1.000000	0	0	1	1.000000	0.000000	0.000000
ASV_227_16S_022_3	ASV_561_16S_022_3	1	ENV_Salinity	0.695171	0.128539	-0.566632	0.091908	3.000000	1.000000	0	0	1	1.000000	0.000000	0.000000
ASV_332_16S_022_3	ASV_561_16S_022_3	1	ENV_Salinity	0.741196	0.141182	-0.600015	0.091908	3.000000	1.000000	0	0	1	1.000000	0.000000	0.000000
ASV_421_16S_022_3	ASV_561_16S_022_3	1	ENV_Salinity	0.882939	0.207076	-0.675863	0.091908	3.000000	1.000000	0	0	1	1.000000	0.000000	0.000000
ASV_453_16S_022_3	ASV_566_16S_022_3	1	ENV_Salinity	0.864827	0.033789	-0.831038	0.000999	3.000000	1.000000	0	0	1	1.000000	0.000000	0.000000
ASV_225_16S_022_3	ASV_569_16S_022_3	1	ENV_Salinity	0.711790	0.711071	-0.000719	0.637363	3.000000	1.000000	0	0	1	1.000000	0.000000	0.000000
ASV_74_16S_022_3	ASV_574_16S_022_3	1	ENV_Salinity	0.909923	0.264838	-0.645085	0.000999	3.000000	1.000000	0	0	1	1.000000	0.000000	0.000000
ASV_137_16S_022_3	ASV_574_16S_022_3	1	ENV_Salinity	0.850500	0.476546	-0.373954	0.000999	3.000000	1.000000	0	0	1	1.000000	0.000000	0.000000
ASV_340_16S_022_3	ASV_574_16S_022_3	1	ENV_Salinity	1.096622	0.262861	-0.833761	0.000999	3.000000	1.000000	0	0	1	1.000000	0.000000	0.000000
ASV_333_16S_022_3	ASV_575_16S_022_3	1	ENV_Salinity	0.437083	3.062706	2.625622	nan	3.000000	1.000000	0	0	1	1.000000	0.000000	0.000000
ASV_294_16S_022_3	ASV_576_16S_022_3	1	ENV_Salinity	0.707191	0.302028	-0.405162	0.455544	3.000000	1.000000	0	0	1	1.000000	0.000000	0.000000
ASV_207_16S_022_3	ASV_579_16S_022_3	1	ENV_Salinity	0.379321	0.391085	0.011764	nan	3.000000	1.000000	0	0	1	1.000000	0.000000	0.000000
ASV_154_16S_022_3	ASV_582_16S_022_3	1	ENV_Salinity	1.185162	0.302028	-0.883134	0.091908	3.000000	1.000000	0	0	1	1.000000	0.000000	0.000000
ASV_269_16S_022_3	ASV_582_16S_022_3	1	ENV_Salinity	1.138674	0.264838	-0.873836	0.091908	3.000000	1.000000	0	0	1	1.000000	0.000000	0.000000
ASV_490_16S_022_3	ASV_582_16S_022_3	1	ENV_Salinity	0.990073	0.110146	-0.879927	0.091908	3.000000	1.000000	0	0	1	1.000000	0.000000	0.000000
ASV_495_16S_022_3	ASV_587_16S_022_3	1	ENV_Salinity	0.864827	3.146603	2.281776	nan	3.000000	1.000000	0	0	1	1.000000	0.000000	0.000000
ASV_268_16S_022_3	ASV_596_16S_022_3	1	ENV_Salinity	0.864827	0.033789	-0.831038	0.364635	3.000000	1.000000	0	0	1	1.000000	0.000000	0.000000
ASV_129_16S_022_3	ASV_605_16S_022_3	1	ENV_Salinity	0.722478	0.045776	-0.676703	0.091908	3.000000	1.000000	0	0	1	1.000000	0.000000	0.000000
ASV_578_16S_022_3	ASV_605_16S_022_3	1	ENV_Salinity	0.520331	0.437929	-0.082402	0.091908	3.000000	1.000000	0	0	1	1.000000	0.000000	0.000000
ASV_556_16S_022_3	ASV_612_16S_022_3	1	ENV_Salinity	0.617949	0.165017	-0.452932	0.182817	3.000000	1.000000	0	0	1	1.000000	0.000000	0.000000
ASV_103_16S_022_3	ASV_615_16S_022_3	1	ENV_Salinity	0.790225	0.134120	-0.656105	0.000999	3.000000	1.000000	0	0	1	1.000000	0.000000	0.000000
ASV_387_16S_022_3	ASV_615_16S_022_3	1	ENV_Salinity	1.094747	0.246633	-0.848114	0.000999	3.000000	1.000000	0	0	1	1.000000	0.000000	0.000000
ASV_304_16S_022_3	ASV_622_16S_022_3	1	ENV_Salinity	0.686597	1.807962	1.121365	nan	3.000000	1.000000	0	0	1	1.000000	0.000000	0.000000
ASV_61_16S_022_3	ASV_621_16S_022_3	1	ENV_Salinity	0.567243	0.000000	-0.567243	0.454545	3.000000	1.000000	0	0	1	1.000000	0.000000	0.000000
ASV_300_16S_022_3	ASV_632_16S_022_3	1	ENV_Salinity	0.688656	0.115525	-0.573132	0.000999	3.000000	1.000000	0	0	1	1.000000	0.000000	0.000000
ASV_340_16S_022_3	ASV_633_16S_022_3	1	ENV_Salinity	0.830359	0.024639	-0.805720	0.091908	3.000000	1.000000	0	0	1	1.000000	0.000000	0.000000
ASV_552_16S_022_3	ASV_636_16S_022_3	1	ENV_Salinity	0.630894	-0.091551	-0.722445	0.454545	3.000000	1.000000	0	0	1	1.000000	0.000000	0.000000
ASV_124_16S_022_3	ASV_640_16S_022_3	1	ENV_Salinity	0.897734	0.134120	-0.763614	0.182817	3.000000	1.000000	0	0	1	1.000000	0.000000	0.000000
ASV_411_16S_022_3	ASV_640_16S_022_3	1	ENV_Salinity	0.804012	0.055073	-0.748938	0.182817	3.000000	1.000000	0	0	1	1.000000	0.000000	0.000000
ASV_455_16S_022_3	ASV_640_16S_022_3	1	ENV_Salinity	0.847616	0.071968	-0.775648	0.182817	3.000000	1.000000	0	0	1	1.000000	0.000000	0.000000
ASV_596_16S_022_3	ASV_640_16S_022_3	1	ENV_Salinity	0.652313	0.033789	-0.618524	0.273726	3.000000	1.000000	0	0	1	1.000000	0.000000	0.000000
ASV_206_16S_022_3	ASV_641_16S_022_3	1	ENV_Salinity	0.661090	0.997572	0.336481	nan	3.000000	1.000000	0	0	1	1.000000	0.000000	0.000000
ASV_234_16S_022_3	ASV_641_16S_022_3	1	ENV_Salinity	0.907969	0.886105	-0.021863	0.182817	3.000000	1.000000	0	0	1	1.000000	0.000000	0.000000
ASV_259_16S_022_3	ASV_644_16S_022_3	1	ENV_Salinity	0.545441	0.112835	-0.432605	0.546454	3.000000	1.000000	0	0	1	1.000000	0.000000	0.000000
ASV_643_16S_022_3	ASV_644_16S_022_3	1	ENV_Salinity	0.545441	0.129730	-0.415711	0.637363	3.000000	1.000000	0	0	1	1.000000	0.000000	0.000000
ASV_66_16S_022_3	ASV_647_16S_022_3	1	ENV_Salinity	0.807065	2.031788	1.224723	nan	3.000000	1.000000	0	0	1	1.000000	0.000000	0.000000
ASV_281_16S_022_3	ASV_647_16S_022_3	1	ENV_Salinity	0.665888	0.208759	-0.457129	0.091908	3.000000	1.000000	0	0	1	1.000000	0.000000	0.000000
ASV_61_16S_022_3	ASV_648_16S_022_3	1	ENV_Salinity	0.519532	0.050166	-0.469366	0.000999	3.000000	1.000000	0	0	1	1.000000	0.000000	0.000000
ASV_361_16S_022_3	ASV_652_16S_022_3	1	ENV_Salinity	0.787143	0.033789	-0.753354	0.182817	3.000000	1.000000	0	0	1	1.000000	0.000000	0.000000
ASV_427_16S_022_3	ASV_652_16S_022_3	1	ENV_Salinity	0.765341	0.033789	-0.731552	0.182817	3.000000	1.000000	0	0	1	1.000000	0.000000	0.000000
ASV_517_16S_022_3	ASV_654_16S_022_3	1	ENV_Salinity	0.707697	0.165017	-0.542681	0.273726	3.000000	1.000000	0	0	1	1.000000	0.000000	0.000000
ASV_331_16S_022_3	ASV_671_16S_022_3	1	ENV_Salinity	0.625005	0.033789	-0.591216	0.000999	3.000000	1.000000	0	0	1	1.000000	0.000000	0.000000
ASV_6_16S_022_3	ASV_670_16S_022_3	1	ENV_Salinity	0.332479	1.665090	1.332611	nan	3.000000	1.000000	0	0	1	1.000000	0.000000	0.000000
ASV_416_16S_022_3	ASV_673_16S_022_3	1	ENV_Salinity	0.408820	-0.057762	-0.466583	0.454545	3.000000	1.000000	0	0	1	1.000000	0.000000	0.000000
ASV_370_16S_022_3	ASV_675_16S_022_3	1	ENV_Salinity	0.733473	2.523164	1.789690	nan	3.000000	1.000000	0	0	1	1.000000	0.000000	0.000000
ASV_428_16S_022_3	ASV_675_16S_022_3	1	ENV_Salinity	0.827196	0.033789	-0.793407	0.273726	3.000000	1.000000	0	0	1	1.000000	0.000000	0.000000
ASV_560_16S_022_3	ASV_679_16S_022_3	1	ENV_Salinity	0.760408	0.264838	-0.495570	0.273726	3.000000	1.000000	0	0	1	1.000000	0.000000	0.000000
ASV_647_16S_022_3	ASV_679_16S_022_3	1	ENV_Salinity	0.821223	0.208759	-0.612464	0.182817	3.000000	1.000000	0	0	1	1.000000	0.000000	0.000000
ASV_14_16S_022_3	ASV_690_16S_022_3	1	ENV_Salinity	0.347916	1.469404	1.121487	nan	3.000000	1.000000	0	0	1	1.000000	0.000000	0.000000
ASV_148_16S_022_3	ASV_697_16S_022_3	1	ENV_Salinity	0.639115	1.279423	0.640308	nan	3.000000	1.000000	0	0	1	1.000000	0.000000	0.000000
ASV_274_16S_022_3	ASV_697_16S_022_3	1	ENV_Salinity	0.673369	1.729386	1.056017	nan	3.000000	1.000000	0	0	1	1.000000	0.000000	0.000000
ASV_361_16S_022_3	ASV_699_16S_022_3	1	ENV_Salinity	0.533073	0.033789	-0.499285	0.364635	3.000000	1.000000	0	0	1	1.000000	0.000000	0.000000
ASV_390_16S_022_3	ASV_708_16S_022_3	1	ENV_Salinity	0.802305	0.186699	-0.615606	0.091908	3.000000	1.000000	0	0	1	1.000000	0.000000	0.000000
ASV_477_16S_022_3	ASV_708_16S_022_3	1	ENV_Salinity	0.768051	0.148325	-0.619726	0.091908	3.000000	1.000000	0	0	1	1.000000	0.000000	0.000000
ASV_424_16S_022_3	ASV_709_16S_022_3	1	ENV_Salinity	0.566149	0.158611	-0.407538	0.637363	3.000000	1.000000	0	0	1	1.000000	0.000000	0.000000
ASV_652_16S_022_3	ASV_709_16S_022_3	1	ENV_Salinity	0.471218	0.033789	-0.437430	0.273726	3.000000	1.000000	0	0	1	1.000000	0.000000	0.000000
ASV_560_16S_022_3	ASV_715_16S_022_3	1	ENV_Salinity	0.762114	0.285409	-0.476704	0.364635	3.000000	1.000000	0	0	1	1.000000	0.000000	0.000000
ASV_284_16S_022_3	ASV_717_16S_022_3	1	ENV_Salinity	0.809143	0.191882	-0.617261	0.273726	3.000000	1.000000	0	0	1	1.000000	0.000000	0.000000
ASV_259_16S_022_3	ASV_718_16S_022_3	1	ENV_Salinity	0.590836	0.184285	-0.406550	0.455544	3.000000	1.000000	0	0	1	1.000000	0.000000	0.000000
ASV_363_16S_022_3	ASV_720_16S_022_3	1	ENV_Salinity	0.519532	0.033789	-0.485743	0.455544	3.000000	1.000000	0	0	1	1.000000	0.000000	0.000000
ASV_426_16S_022_3	ASV_722_16S_022_3	1	ENV_Salinity	0.650140	0.172799	-0.477342	0.091908	3.000000	1.000000	0	0	1	1.000000	0.000000	0.000000
ASV_455_16S_022_3	ASV_722_16S_022_3	1	ENV_Salinity	0.743365	0.177206	-0.566159	0.273726	3.000000	1.000000	0	0	1	1.000000	0.000000	0.000000
ASV_269_16S_022_3	ASV_723_16S_022_3	1	ENV_Salinity	0.836127	0.149313	-0.686814	0.091908	3.000000	1.000000	0	0	1	1.000000	0.000000	0.000000
ASV_519_16S_022_3	ASV_723_16S_022_3	1	ENV_Salinity	0.848362	0.062670	-0.785692	0.091908	3.000000	1.000000	0	0	1	1.000000	0.000000	0.000000
ASV_396_16S_022_3	ASV_728_16S_022_3	1	ENV_Salinity	0.655580	0.091551	-0.564029	0.364635	3.000000	1.000000	0	0	1	1.000000	0.000000	0.000000
ASV_643_16S_022_3	ASV_728_16S_022_3	1	ENV_Salinity	0.670400	0.033789	-0.636611	0.455544	3.000000	1.000000	0	0	1	1.000000	0.000000	0.000000
ASV_556_16S_022_3	ASV_730_16S_022_3	1	ENV_Salinity	0.639751	0.208759	-0.430992	0.364635	3.000000	1.000000	0	0	1	1.000000	0.000000	0.000000
ASV_411_16S_022_3	ASV_736_16S_022_3	1	ENV_Salinity	0.768051	0.148325	-0.619726	0.091908	3.000000	1.000000	0	0	1	1.000000	0.000000	0.000000
ASV_599_16S_022_3	ASV_737_16S_022_3	1	ENV_Salinity	0.847401	2.993379	2.145977	nan	3.000000	1.000000	0	0	1	1.000000	0.000000	0.000000
ASV_463_16S_022_3	ASV_738_16S_022_3	1	ENV_Salinity	0.879731	0.149313	-0.730418	0.364635	3.000000	1.000000	0	0	1	1.000000	0.000000	0.000000
ASV_599_16S_022_3	ASV_739_16S_022_3	1	ENV_Salinity	0.905164	3.166666	2.261502	nan	3.000000	1.000000	0	0	1	1.000000	0.000000	0.000000
ASV_348_16S_022_3	ASV_746_16S_022_3	1	ENV_Salinity	0.626258	-0.037855	-0.664112	0.181818	3.000000	1.000000	0	0	1	1.000000	0.000000	0.000000
ASV_540_16S_022_3	ASV_747_16S_022_3	1	ENV_Salinity	0.662680	0.158611	-0.504069	0.364635	3.000000	1.000000	0	0	1	1.000000	0.000000	0.000000
ASV_311_16S_022_3	ASV_749_16S_022_3	1	ENV_Salinity	0.680843	0.076358	-0.604486	0.091908	3.000000	1.000000	0	0	1	1.000000	0.000000	0.000000
ASV_533_16S_022_3	ASV_749_16S_022_3	1	ENV_Salinity	0.963140	0.199008	-0.764132	0.091908	3.000000	1.000000	0	0	1	1.000000	0.000000	0.000000
ASV_506_16S_022_3	ASV_751_16S_022_3	1	ENV_Salinity	0.941338	0.191882	-0.749456	0.091908	3.000000	1.000000	0	0	1	1.000000	0.000000	0.000000
ASV_749_16S_022_3	ASV_751_16S_022_3	1	ENV_Salinity	0.941338	0.071968	-0.869371	0.091908	3.000000	1.000000	0	0	1	1.000000	0.000000	0.000000
ASV_187_16S_022_3	ASV_752_16S_022_3	1	ENV_Salinity	0.821507	0.045776	-0.775731	0.364635	3.000000	1.000000	0	0	1	1.000000	0.000000	0.000000
ASV_281_16S_022_3	ASV_752_16S_022_3	1	ENV_Salinity	0.654774	0.033789	-0.620985	0.000999	3.000000	1.000000	0	0	1	1.000000	0.000000	0.000000
ASV_383_16S_022_3	ASV_755_16S_022_3	1	ENV_Salinity	0.528981	2.770607	2.241626	nan	3.000000	1.000000	0	0	1	1.000000	0.000000	0.000000
ASV_61_16S_022_3	ASV_758_16S_022_3	1	ENV_Salinity	0.489469	-0.083954	-0.573424	0.454545	3.000000	1.000000	0	0	1	1.000000	0.000000	0.000000
ASV_539_16S_022_3	ASV_758_16S_022_3	1	ENV_Salinity	0.663426	0.124822	-0.538604	0.182817	3.000000	1.000000	0	0	1	1.000000	0.000000	0.000000
ASV_610_16S_022_3	ASV_759_16S_022_3	1	ENV_Salinity	0.571535	0.121088	-0.450447	0.000999	3.000000	1.000000	0	0	1	1.000000	0.000000	0.000000
ASV_23_16S_022_3	ASV_767_16S_022_3	1	ENV_Salinity	0.791236	0.103538	-0.687698	0.364635	3.000000	1.000000	0	0	1	1.000000	0.000000	0.000000
ASV_212_16S_022_3	ASV_767_16S_022_3	1	ENV_Salinity	0.693420	0.133261	-0.560160	0.455544	3.000000	1.000000	0	0	1	1.000000	0.000000	0.000000
ASV_382_16S_022_3	ASV_779_16S_022_3	1	ENV_Salinity	0.844238	0.359765	-0.484473	0.455544	3.000000	1.000000	0	0	1	1.000000	0.000000	0.000000
ASV_350_16S_022_3	ASV_782_16S_022_3	1	ENV_Salinity	0.519532	3.787478	3.267946	nan	3.000000	1.000000	0	0	1	1.000000	0.000000	0.000000
ASV_588_16S_022_3	ASV_782_16S_022_3	1	ENV_Salinity	0.545441	2.994838	2.449397	nan	3.000000	1.000000	0	0	1	1.000000	0.000000	0.000000
ASV_6_16S_022_3	ASV_784_16S_022_3	1	ENV_Salinity	0.622121	0.290936	-0.331185	0.000999	3.000000	1.000000	0	0	1	1.000000	0.000000	0.000000
ASV_134_16S_022_3	ASV_784_16S_022_3	1	ENV_Salinity	0.579850	1.041233	0.461382	nan	3.000000	1.000000	0	0	1	1.000000	0.000000	0.000000
ASV_207_16S_022_3	ASV_784_16S_022_3	1	ENV_Salinity	0.437083	0.269665	-0.167418	0.000999	3.000000	1.000000	0	0	1	1.000000	0.000000	0.000000
ASV_744_16S_022_3	ASV_786_16S_022_3	1	ENV_Salinity	0.828867	0.033789	-0.795078	0.273726	3.000000	1.000000	0	0	1	1.000000	0.000000	0.000000
ASV_102_16S_022_3	ASV_793_16S_022_3	1	ENV_Salinity	0.884958	0.083954	-0.801004	0.000999	3.000000	1.000000	0	0	1	1.000000	0.000000	0.000000
ASV_476_16S_022_3	ASV_793_16S_022_3	1	ENV_Salinity	0.920918	0.033789	-0.887130	0.091908	3.000000	1.000000	0	0	1	1.000000	0.000000	0.000000
ASV_540_16S_022_3	ASV_793_16S_022_3	1	ENV_Salinity	0.733473	0.165017	-0.568457	0.000999	3.000000	1.000000	0	0	1	1.000000	0.000000	0.000000
ASV_310_16S_022_3	ASV_797_16S_022_3	1	ENV_Salinity	0.704306	0.158611	-0.545695	0.455544	3.000000	1.000000	0	0	1	1.000000	0.000000	0.000000
ASV_455_16S_022_3	ASV_797_16S_022_3	1	ENV_Salinity	0.788351	0.100849	-0.687503	0.182817	3.000000	1.000000	0	0	1	1.000000	0.000000	0.000000
ASV_210_16S_022_3	ASV_799_16S_022_3	1	ENV_Salinity	0.277209	2.837345	2.560136	nan	3.000000	1.000000	0	0	1	1.000000	0.000000	0.000000
ASV_199_16S_022_3	ASV_800_16S_022_3	1	ENV_Salinity	0.547242	0.067060	-0.480182	0.728272	3.000000	1.000000	0	0	1	1.000000	0.000000	0.000000
ASV_401_16S_022_3	ASV_803_16S_022_3	1	ENV_Salinity	0.453052	0.330910	-0.122142	0.819181	3.000000	1.000000	0	0	1	1.000000	0.000000	0.000000
ASV_392_16S_022_3	ASV_805_16S_022_3	1	ENV_Salinity	0.737566	0.148325	-0.589241	0.000999	3.000000	1.000000	0	0	1	1.000000	0.000000	0.000000
ASV_248_16S_022_3	ASV_808_16S_022_3	1	ENV_Salinity	0.547893	0.033789	-0.514104	0.000999	3.000000	1.000000	0	0	1	1.000000	0.000000	0.000000
ASV_782_16S_022_3	ASV_808_16S_022_3	1	ENV_Salinity	0.466538	0.033789	-0.432749	0.000999	3.000000	1.000000	0	0	1	1.000000	0.000000	0.000000
ASV_462_16S_022_3	ASV_815_16S_022_3	1	ENV_Salinity	0.883576	0.148325	-0.735251	0.182817	3.000000	1.000000	0	0	1	1.000000	0.000000	0.000000
ASV_739_16S_022_3	ASV_815_16S_022_3	1	ENV_Salinity	0.666471	0.355354	-0.311117	0.455544	3.000000	1.000000	0	0	1	1.000000	0.000000	0.000000
ASV_139_16S_022_3	ASV_818_16S_022_3	1	ENV_Salinity	0.706738	2.325621	1.618883	nan	3.000000	1.000000	0	0	1	1.000000	0.000000	0.000000
ASV_379_16S_022_3	ASV_818_16S_022_3	1	ENV_Salinity	0.499371	0.179425	-0.319946	0.273726	3.000000	1.000000	0	0	1	1.000000	0.000000	0.000000
ASV_739_16S_022_3	ASV_820_16S_022_3	1	ENV_Salinity	0.792523	0.284616	-0.507907	0.273726	3.000000	1.000000	0	0	1	1.000000	0.000000	0.000000
ASV_262_16S_022_3	ASV_819_16S_022_3	1	ENV_Salinity	0.905378	0.301040	-0.604338	0.091908	3.000000	1.000000	0	0	1	1.000000	0.000000	0.000000
ASV_644_16S_022_3	ASV_829_16S_022_3	1	ENV_Salinity	0.519532	0.033789	-0.485743	0.637363	3.000000	1.000000	0	0	1	1.000000	0.000000	0.000000
ASV_710_16S_022_3	ASV_829_16S_022_3	1	ENV_Salinity	0.519532	0.033789	-0.485743	0.637363	3.000000	1.000000	0	0	1	1.000000	0.000000	0.000000
ASV_262_16S_022_3	ASV_831_16S_022_3	1	ENV_Salinity	0.869418	0.224683	-0.644735	0.091908	3.000000	1.000000	0	0	1	1.000000	0.000000	0.000000
ASV_751_16S_022_3	ASV_831_16S_022_3	1	ENV_Salinity	0.938454	0.149313	-0.789141	0.091908	3.000000	1.000000	0	0	1	1.000000	0.000000	0.000000
ASV_370_16S_022_3	ASV_833_16S_022_3	1	ENV_Salinity	0.555706	0.033789	-0.521917	0.364635	3.000000	1.000000	0	0	1	1.000000	0.000000	0.000000
ASV_563_16S_022_3	ASV_833_16S_022_3	1	ENV_Salinity	0.587573	0.033789	-0.553785	0.364635	3.000000	1.000000	0	0	1	1.000000	0.000000	0.000000
ASV_406_16S_022_3	ASV_842_16S_022_3	1	ENV_Salinity	0.753431	0.121274	-0.632157	0.182817	3.000000	1.000000	0	0	1	1.000000	0.000000	0.000000
ASV_779_16S_022_3	ASV_847_16S_022_3	1	ENV_Salinity	0.978681	0.296244	-0.682436	0.273726	3.000000	1.000000	0	0	1	1.000000	0.000000	0.000000
ASV_704_16S_022_3	ASV_851_16S_022_3	1	ENV_Salinity	0.439351	0.033789	-0.405562	0.273726	3.000000	1.000000	0	0	1	1.000000	0.000000	0.000000
ASV_564_16S_022_3	ASV_853_16S_022_3	1	ENV_Salinity	0.775481	0.033789	-0.741692	0.273726	3.000000	1.000000	0	0	1	1.000000	0.000000	0.000000
ASV_722_16S_022_3	ASV_853_16S_022_3	1	ENV_Salinity	0.788351	0.071968	-0.716384	0.364635	3.000000	1.000000	0	0	1	1.000000	0.000000	0.000000
ASV_192_16S_022_3	ASV_859_16S_022_3	1	ENV_Salinity	0.650066	0.045776	-0.604290	0.000999	3.000000	1.000000	0	0	1	1.000000	0.000000	0.000000
ASV_566_16S_022_3	ASV_859_16S_022_3	1	ENV_Salinity	0.864827	0.033789	-0.831038	0.000999	3.000000	1.000000	0	0	1	1.000000	0.000000	0.000000
ASV_68_16S_022_3	ASV_862_16S_022_3	1	ENV_Salinity	0.868457	1.168865	0.300408	nan	3.000000	1.000000	0	0	1	1.000000	0.000000	0.000000
ASV_160_16S_022_3	ASV_862_16S_022_3	1	ENV_Salinity	0.924344	0.289006	-0.635338	0.455544	3.000000	1.000000	0	0	1	1.000000	0.000000	0.000000
ASV_234_16S_022_3	ASV_862_16S_022_3	1	ENV_Salinity	0.578438	0.877343	0.298905	nan	3.000000	1.000000	0	0	1	1.000000	0.000000	0.000000
ASV_384_16S_022_3	ASV_862_16S_022_3	1	ENV_Salinity	0.589045	1.600528	1.011483	nan	3.000000	1.000000	0	0	1	1.000000	0.000000	0.000000
ASV_387_16S_022_3	ASV_862_16S_022_3	1	ENV_Salinity	0.949777	0.181782	-0.767995	0.364635	3.000000	1.000000	0	0	1	1.000000	0.000000	0.000000
ASV_718_16S_022_3	ASV_863_16S_022_3	1	ENV_Salinity	0.847401	0.134120	-0.713282	0.455544	3.000000	1.000000	0	0	1	1.000000	0.000000	0.000000
ASV_803_16S_022_3	ASV_863_16S_022_3	1	ENV_Salinity	0.847401	0.167909	-0.679493	0.455544	3.000000	1.000000	0	0	1	1.000000	0.000000	0.000000
ASV_311_16S_022_3	ASV_865_16S_022_3	1	ENV_Salinity	0.515735	0.190376	-0.325359	0.000999	3.000000	1.000000	0	0	1	1.000000	0.000000	0.000000
ASV_475_16S_022_3	ASV_865_16S_022_3	1	ENV_Salinity	0.342608	1.264348	0.921740	nan	3.000000	1.000000	0	0	1	1.000000	0.000000	0.000000
ASV_80_16S_022_3	ASV_871_16S_022_3	1	ENV_Salinity	0.834919	0.096912	-0.738007	0.000999	3.000000	1.000000	0	0	1	1.000000	0.000000	0.000000
ASV_103_16S_022_3	ASV_871_16S_022_3	1	ENV_Salinity	0.634648	0.048650	-0.585997	0.000999	3.000000	1.000000	0	0	1	1.000000	0.000000	0.000000
ASV_121_16S_022_3	ASV_871_16S_022_3	1	ENV_Salinity	0.748173	0.208158	-0.540015	0.182817	3.000000	1.000000	0	0	1	1.000000	0.000000	0.000000
ASV_387_16S_022_3	ASV_871_16S_022_3	1	ENV_Salinity	0.999816	0.214518	-0.785298	0.000999	3.000000	1.000000	0	0	1	1.000000	0.000000	0.000000
ASV_361_16S_022_3	ASV_878_16S_022_3	1	ENV_Salinity	0.926966	0.033789	-0.893177	0.273726	3.000000	1.000000	0	0	1	1.000000	0.000000	0.000000
ASV_652_16S_022_3	ASV_878_16S_022_3	1	ENV_Salinity	0.691824	0.033789	-0.658035	0.273726	3.000000	1.000000	0	0	1	1.000000	0.000000	0.000000
ASV_675_16S_022_3	ASV_878_16S_022_3	1	ENV_Salinity	0.891005	2.812824	1.921819	nan	3.000000	1.000000	0	0	1	1.000000	0.000000	0.000000
ASV_687_16S_022_3	ASV_878_16S_022_3	1	ENV_Salinity	0.368728	0.949372	0.580644	nan	3.000000	1.000000	0	0	1	1.000000	0.000000	0.000000
ASV_522_16S_022_3	ASV_886_16S_022_3	1	ENV_Salinity	0.707191	0.173287	-0.533904	0.091908	3.000000	1.000000	0	0	1	1.000000	0.000000	0.000000
ASV_476_16S_022_3	ASV_889_16S_022_3	1	ENV_Salinity	0.601329	-0.066124	-0.667453	0.727273	3.000000	1.000000	0	0	1	1.000000	0.000000	0.000000
ASV_98_16S_022_3	ASV_893_16S_022_3	1	ENV_Salinity	0.884168	0.171115	-0.713053	0.091908	3.000000	1.000000	0	0	1	1.000000	0.000000	0.000000
ASV_717_16S_022_3	ASV_893_16S_022_3	1	ENV_Salinity	0.847241	0.071968	-0.775274	0.364635	3.000000	1.000000	0	0	1	1.000000	0.000000	0.000000
ASV_13_16S_022_3	ASV_890_16S_022_3	1	ENV_Salinity	0.500580	0.400854	-0.099726	0.455544	3.000000	1.000000	0	0	1	1.000000	0.000000	0.000000
ASV_318_16S_022_3	ASV_890_16S_022_3	1	ENV_Salinity	0.519965	0.114214	-0.405751	0.273726	3.000000	1.000000	0	0	1	1.000000	0.000000	0.000000
ASV_362_16S_022_3	ASV_890_16S_022_3	1	ENV_Salinity	0.688025	0.151485	-0.536540	0.546454	3.000000	1.000000	0	0	1	1.000000	0.000000	0.000000
ASV_134_16S_022_3	ASV_899_16S_022_3	1	ENV_Salinity	0.567616	-0.021864	-0.589480	0.636364	3.000000	1.000000	0	0	1	1.000000	0.000000	0.000000
ASV_310_16S_022_3	ASV_900_16S_022_3	1	ENV_Salinity	0.587290	0.033789	-0.553501	0.546454	3.000000	1.000000	0	0	1	1.000000	0.000000	0.000000
ASV_863_16S_022_3	ASV_900_16S_022_3	1	ENV_Salinity	0.785263	0.033789	-0.751474	0.546454	3.000000	1.000000	0	0	1	1.000000	0.000000	0.000000
ASV_827_16S_022_3	ASV_910_16S_022_3	1	ENV_Salinity	0.473520	0.033789	-0.439731	0.182817	3.000000	1.000000	0	0	1	1.000000	0.000000	0.000000
ASV_103_16S_022_3	ASV_917_16S_022_3	1	ENV_Salinity	0.661926	0.055073	-0.606852	0.091908	3.000000	1.000000	0	0	1	1.000000	0.000000	0.000000
ASV_428_16S_022_3	ASV_917_16S_022_3	1	ENV_Salinity	0.668067	0.033789	-0.634279	0.273726	3.000000	1.000000	0	0	1	1.000000	0.000000	0.000000
ASV_631_16S_022_3	ASV_917_16S_022_3	1	ENV_Salinity	0.590174	0.033789	-0.556385	0.364635	3.000000	1.000000	0	0	1	1.000000	0.000000	0.000000
ASV_652_16S_022_3	ASV_917_16S_022_3	1	ENV_Salinity	0.746423	0.033789	-0.712634	0.182817	3.000000	1.000000	0	0	1	1.000000	0.000000	0.000000
ASV_36_16S_022_3	ASV_918_16S_022_3	1	ENV_Salinity	0.512490	0.092369	-0.420121	0.637363	3.000000	1.000000	0	0	1	1.000000	0.000000	0.000000
ASV_473_16S_022_3	ASV_918_16S_022_3	1	ENV_Salinity	0.401804	0.587002	0.185198	nan	3.000000	1.000000	0	0	1	1.000000	0.000000	0.000000
ASV_893_16S_022_3	ASV_920_16S_022_3	1	ENV_Salinity	0.837088	0.266068	-0.571020	0.364635	3.000000	1.000000	0	0	1	1.000000	0.000000	0.000000
ASV_149_16S_022_3	ASV_924_16S_022_3	1	ENV_Salinity	0.809487	-0.047291	-0.856777	0.818182	3.000000	1.000000	0	0	1	1.000000	0.000000	0.000000
ASV_833_16S_022_3	ASV_930_16S_022_3	1	ENV_Salinity	0.746418	0.033789	-0.712630	0.455544	3.000000	1.000000	0	0	1	1.000000	0.000000	0.000000
ASV_316_16S_022_3	ASV_931_16S_022_3	1	ENV_Salinity	0.878985	0.196116	-0.682869	0.091908	3.000000	1.000000	0	0	1	1.000000	0.000000	0.000000
ASV_531_16S_022_3	ASV_931_16S_022_3	1	ENV_Salinity	0.774735	2.190582	1.415847	nan	3.000000	1.000000	0	0	1	1.000000	0.000000	0.000000
ASV_831_16S_022_3	ASV_931_16S_022_3	1	ENV_Salinity	0.707405	0.171569	-0.535836	0.182817	3.000000	1.000000	0	0	1	1.000000	0.000000	0.000000
ASV_130_16S_022_3	ASV_932_16S_022_3	1	ENV_Salinity	0.462246	0.148325	-0.313921	0.000999	3.000000	1.000000	0	0	1	1.000000	0.000000	0.000000
ASV_321_16S_022_3	ASV_933_16S_022_3	1	ENV_Salinity	0.449879	0.078576	-0.371303	0.000999	3.000000	1.000000	0	0	1	1.000000	0.000000	0.000000
ASV_648_16S_022_3	ASV_933_16S_022_3	1	ENV_Salinity	0.483572	0.000000	-0.483572	0.545455	3.000000	1.000000	0	0	1	1.000000	0.000000	0.000000
ASV_688_16S_022_3	ASV_933_16S_022_3	1	ENV_Salinity	0.656242	0.094307	-0.561935	0.000999	3.000000	1.000000	0	0	1	1.000000	0.000000	0.000000
ASV_345_16S_022_3	ASV_938_16S_022_3	1	ENV_Salinity	0.564558	0.091551	-0.473007	0.455544	3.000000	1.000000	0	0	1	1.000000	0.000000	0.000000
ASV_224_16S_022_3	ASV_943_16S_022_3	1	ENV_Salinity	0.801301	0.112835	-0.688466	0.637363	3.000000	1.000000	0	0	1	1.000000	0.000000	0.000000
ASV_427_16S_022_3	ASV_943_16S_022_3	1	ENV_Salinity	0.863156	0.033789	-0.829367	0.182817	3.000000	1.000000	0	0	1	1.000000	0.000000	0.000000
ASV_926_16S_022_3	ASV_943_16S_022_3	1	ENV_Salinity	1.094205	0.225671	-0.868534	0.546454	3.000000	1.000000	0	0	1	1.000000	0.000000	0.000000
ASV_397_16S_022_3	ASV_942_16S_022_3	1	ENV_Salinity	0.502966	1.346550	0.843584	nan	3.000000	1.000000	0	0	1	1.000000	0.000000	0.000000
ASV_53_16S_022_3	ASV_947_16S_022_3	1	ENV_Salinity	0.851415	0.264684	-0.586731	0.455544	3.000000	1.000000	0	0	1	1.000000	0.000000	0.000000
ASV_265_16S_022_3	ASV_947_16S_022_3	1	ENV_Salinity	0.828404	0.214518	-0.613886	0.000999	3.000000	1.000000	0	0	1	1.000000	0.000000	0.000000
ASV_850_16S_022_3	ASV_947_16S_022_3	1	ENV_Salinity	0.855045	0.184285	-0.670760	0.364635	3.000000	1.000000	0	0	1	1.000000	0.000000	0.000000
ASV_786_16S_022_3	ASV_951_16S_022_3	1	ENV_Salinity	0.792907	0.167909	-0.624998	0.273726	3.000000	1.000000	0	0	1	1.000000	0.000000	0.000000
ASV_751_16S_022_3	ASV_955_16S_022_3	1	ENV_Salinity	1.056863	0.191882	-0.864981	0.091908	3.000000	1.000000	0	0	1	1.000000	0.000000	0.000000
ASV_94_16S_022_3	ASV_957_16S_022_3	1	ENV_Salinity	0.701516	0.333229	-0.368287	0.091908	3.000000	1.000000	0	0	1	1.000000	0.000000	0.000000
ASV_481_16S_022_3	ASV_957_16S_022_3	1	ENV_Salinity	0.719688	0.033789	-0.685899	0.091908	3.000000	1.000000	0	0	1	1.000000	0.000000	0.000000
ASV_831_16S_022_3	ASV_957_16S_022_3	1	ENV_Salinity	0.832328	0.224683	-0.607645	0.091908	3.000000	1.000000	0	0	1	1.000000	0.000000	0.000000
ASV_709_16S_022_3	ASV_958_16S_022_3	1	ENV_Salinity	0.625005	0.033789	-0.591216	0.455544	3.000000	1.000000	0	0	1	1.000000	0.000000	0.000000
ASV_671_16S_022_3	ASV_962_16S_022_3	1	ENV_Salinity	0.439968	0.000000	-0.439968	0.818182	3.000000	1.000000	0	0	1	1.000000	0.000000	0.000000
ASV_958_16S_022_3	ASV_967_16S_022_3	1	ENV_Salinity	0.541334	0.000000	-0.541334	0.636364	3.000000	1.000000	0	0	1	1.000000	0.000000	0.000000
ASV_680_16S_022_3	ASV_969_16S_022_3	1	ENV_Salinity	0.625005	3.540891	2.915886	nan	3.000000	1.000000	0	0	1	1.000000	0.000000	0.000000
ASV_556_16S_022_3	ASV_971_16S_022_3	1	ENV_Salinity	0.553503	2.424536	1.871033	nan	3.000000	1.000000	0	0	1	1.000000	0.000000	0.000000
ASV_842_16S_022_3	ASV_971_16S_022_3	1	ENV_Salinity	0.686985	0.158611	-0.528374	0.364635	3.000000	1.000000	0	0	1	1.000000	0.000000	0.000000
ASV_878_16S_022_3	ASV_978_16S_022_3	1	ENV_Salinity	0.669738	0.033789	-0.635950	0.273726	3.000000	1.000000	0	0	1	1.000000	0.000000	0.000000
ASV_564_16S_022_3	ASV_979_16S_022_3	1	ENV_Salinity	0.869203	0.033789	-0.835415	0.273726	3.000000	1.000000	0	0	1	1.000000	0.000000	0.000000
ASV_519_16S_022_3	ASV_985_16S_022_3	1	ENV_Salinity	0.722945	0.200985	-0.521961	0.455544	3.000000	1.000000	0	0	1	1.000000	0.000000	0.000000
ASV_240_16S_022_3	ASV_987_16S_022_3	1	ENV_Salinity	0.623912	0.033789	-0.590123	0.455544	3.000000	1.000000	0	0	1	1.000000	0.000000	0.000000
ASV_732_16S_022_3	ASV_987_16S_022_3	1	ENV_Salinity	0.692202	0.033789	-0.658413	0.455544	3.000000	1.000000	0	0	1	1.000000	0.000000	0.000000
ASV_240_16S_022_3	ASV_996_16S_022_3	1	ENV_Salinity	1.000483	0.129730	-0.870753	0.273726	3.000000	1.000000	0	0	1	1.000000	0.000000	0.000000
ASV_955_16S_022_3	ASV_997_16S_022_3	1	ENV_Salinity	0.955496	0.270929	-0.684568	0.091908	3.000000	1.000000	0	0	1	1.000000	0.000000	0.000000
ASV_99_16S_022_3	ASV_1002_16S_022_3	1	ENV_Salinity	0.756140	0.183248	-0.572892	0.091908	3.000000	1.000000	0	0	1	1.000000	0.000000	0.000000
ASV_316_16S_022_3	ASV_1002_16S_022_3	1	ENV_Salinity	0.759024	0.148325	-0.610699	0.091908	3.000000	1.000000	0	0	1	1.000000	0.000000	0.000000
ASV_517_16S_022_3	ASV_1002_16S_022_3	1	ENV_Salinity	0.988741	0.184285	-0.804456	0.273726	3.000000	1.000000	0	0	1	1.000000	0.000000	0.000000
ASV_440_16S_022_3	ASV_1012_16S_022_3	1	ENV_Salinity	0.431200	-0.016894	-0.448094	0.272727	3.000000	1.000000	0	0	1	1.000000	0.000000	0.000000
ASV_488_16S_022_3	ASV_1012_16S_022_3	1	ENV_Salinity	0.757523	0.072956	-0.684568	0.000999	3.000000	1.000000	0	0	1	1.000000	0.000000	0.000000
ASV_513_16S_022_3	ASV_1012_16S_022_3	1	ENV_Salinity	0.786755	0.091551	-0.695204	0.091908	3.000000	1.000000	0	0	1	1.000000	0.000000	0.000000
ASV_680_16S_022_3	ASV_1012_16S_022_3	1	ENV_Salinity	0.587951	0.344402	-0.243549	0.000999	3.000000	1.000000	0	0	1	1.000000	0.000000	0.000000
ASV_267_16S_022_3	ASV_1021_16S_022_3	1	ENV_Salinity	0.661339	0.112835	-0.548503	0.455544	3.000000	1.000000	0	0	1	1.000000	0.000000	0.000000
ASV_328_16S_022_3	ASV_1034_16S_022_3	1	ENV_Salinity	0.444110	0.212869	-0.231241	0.728272	3.000000	1.000000	0	0	1	1.000000	0.000000	0.000000
ASV_829_16S_022_3	ASV_1036_16S_022_3	1	ENV_Salinity	0.519532	0.033789	-0.485743	0.637363	3.000000	1.000000	0	0	1	1.000000	0.000000	0.000000
ASV_347_16S_022_3	ASV_1037_16S_022_3	1	ENV_Salinity	0.825814	0.100849	-0.724965	0.091908	3.000000	1.000000	0	0	1	1.000000	0.000000	0.000000
ASV_477_16S_022_3	ASV_1037_16S_022_3	1	ENV_Salinity	1.071021	0.112835	-0.958186	0.091908	3.000000	1.000000	0	0	1	1.000000	0.000000	0.000000
ASV_462_16S_022_3	ASV_1042_16S_022_3	1	ENV_Salinity	0.674115	0.263850	-0.410265	0.819181	3.000000	1.000000	0	0	1	1.000000	0.000000	0.000000
ASV_949_16S_022_3	ASV_1043_16S_022_3	1	ENV_Salinity	0.569034	0.000000	-0.569034	0.636364	3.000000	1.000000	0	0	1	1.000000	0.000000	0.000000
ASV_725_16S_022_3	ASV_1044_16S_022_3	1	ENV_Salinity	0.645052	0.083954	-0.561098	0.273726	3.000000	1.000000	0	0	1	1.000000	0.000000	0.000000
ASV_730_16S_022_3	ASV_1044_16S_022_3	1	ENV_Salinity	0.802510	0.134120	-0.668390	0.273726	3.000000	1.000000	0	0	1	1.000000	0.000000	0.000000
ASV_550_16S_022_3	ASV_1047_16S_022_3	1	ENV_Salinity	0.425809	3.148024	2.722214	nan	3.000000	1.000000	0	0	1	1.000000	0.000000	0.000000
ASV_827_16S_022_3	ASV_1047_16S_022_3	1	ENV_Salinity	0.438177	0.105239	-0.332938	0.000999	3.000000	1.000000	0	0	1	1.000000	0.000000	0.000000
ASV_997_16S_022_3	ASV_1049_16S_022_3	1	ENV_Salinity	0.558590	0.033789	-0.524801	0.273726	3.000000	1.000000	0	0	1	1.000000	0.000000	0.000000
ASV_351_16S_022_3	ASV_1054_16S_022_3	1	ENV_Salinity	0.425029	-0.062152	-0.487181	0.181818	3.000000	1.000000	0	0	1	1.000000	0.000000	0.000000
ASV_407_16S_022_3	ASV_1054_16S_022_3	1	ENV_Salinity	0.504095	0.033789	-0.470306	0.091908	3.000000	1.000000	0	0	1	1.000000	0.000000	0.000000
ASV_484_16S_022_3	ASV_1054_16S_022_3	1	ENV_Salinity	0.344967	-0.100331	-0.445298	0.181818	3.000000	1.000000	0	0	1	1.000000	0.000000	0.000000
ASV_260_16S_022_3	ASV_1057_16S_022_3	1	ENV_Salinity	0.819085	0.033789	-0.785296	0.000999	3.000000	1.000000	0	0	1	1.000000	0.000000	0.000000
ASV_564_16S_022_3	ASV_1061_16S_022_3	1	ENV_Salinity	0.833243	0.033789	-0.799454	0.273726	3.000000	1.000000	0	0	1	1.000000	0.000000	0.000000
ASV_703_16S_022_3	ASV_1061_16S_022_3	1	ENV_Salinity	0.716217	0.158611	-0.557606	0.637363	3.000000	1.000000	0	0	1	1.000000	0.000000	0.000000
ASV_979_16S_022_3	ASV_1061_16S_022_3	1	ENV_Salinity	0.869203	0.033789	-0.835415	0.273726	3.000000	1.000000	0	0	1	1.000000	0.000000	0.000000
ASV_996_16S_022_3	ASV_1061_16S_022_3	1	ENV_Salinity	0.753679	0.033789	-0.719890	0.273726	3.000000	1.000000	0	0	1	1.000000	0.000000	0.000000
ASV_91_16S_022_3	ASV_1065_16S_022_3	1	ENV_Salinity	0.612638	0.359791	-0.252847	0.000999	3.000000	1.000000	0	0	1	1.000000	0.000000	0.000000
ASV_635_16S_022_3	ASV_1065_16S_022_3	1	ENV_Salinity	0.508387	2.977131	2.468743	nan	3.000000	1.000000	0	0	1	1.000000	0.000000	0.000000
ASV_1054_16S_022_3	ASV_1071_16S_022_3	1	ENV_Salinity	0.425809	0.000000	-0.425809	0.818182	3.000000	1.000000	0	0	1	1.000000	0.000000	0.000000
ASV_988_16S_022_3	ASV_1087_16S_022_3	1	ENV_Salinity	0.464086	0.033789	-0.430297	0.637363	3.000000	1.000000	0	0	1	1.000000	0.000000	0.000000
ASV_274_16S_022_3	ASV_1092_16S_022_3	1	ENV_Salinity	0.591666	0.033789	-0.557877	0.000999	3.000000	1.000000	0	0	1	1.000000	0.000000	0.000000
ASV_437_16S_022_3	ASV_1092_16S_022_3	1	ENV_Salinity	0.623534	0.055073	-0.568460	0.000999	3.000000	1.000000	0	0	1	1.000000	0.000000	0.000000
ASV_486_16S_022_3	ASV_1094_16S_022_3	1	ENV_Salinity	0.632431	0.011987	-0.620444	0.000999	3.000000	1.000000	0	0	1	1.000000	0.000000	0.000000
ASV_335_16S_022_3	ASV_1097_16S_022_3	1	ENV_Salinity	0.849540	0.644536	-0.205003	0.637363	3.000000	1.000000	0	0	1	1.000000	0.000000	0.000000
ASV_605_16S_022_3	ASV_1097_16S_022_3	1	ENV_Salinity	0.659210	0.069749	-0.589461	0.000999	3.000000	1.000000	0	0	1	1.000000	0.000000	0.000000
ASV_736_16S_022_3	ASV_1105_16S_022_3	1	ENV_Salinity	1.042704	0.234968	-0.807736	0.091908	3.000000	1.000000	0	0	1	1.000000	0.000000	0.000000
ASV_749_16S_022_3	ASV_1105_16S_022_3	1	ENV_Salinity	1.078665	0.234968	-0.843696	0.091908	3.000000	1.000000	0	0	1	1.000000	0.000000	0.000000
ASV_599_16S_022_3	ASV_1108_16S_022_3	1	ENV_Salinity	0.691540	0.091551	-0.599989	0.455544	3.000000	1.000000	0	0	1	1.000000	0.000000	0.000000
ASV_978_16S_022_3	ASV_1108_16S_022_3	1	ENV_Salinity	0.785263	0.033789	-0.751474	0.273726	3.000000	1.000000	0	0	1	1.000000	0.000000	0.000000
ASV_406_16S_022_3	ASV_1107_16S_022_3	1	ENV_Salinity	0.685777	0.129056	-0.556720	0.182817	3.000000	1.000000	0	0	1	1.000000	0.000000	0.000000
ASV_931_16S_022_3	ASV_1107_16S_022_3	1	ENV_Salinity	0.733473	0.208759	-0.524714	0.273726	3.000000	1.000000	0	0	1	1.000000	0.000000	0.000000
ASV_42_16S_022_3	ASV_1110_16S_022_3	1	ENV_Salinity	0.298534	0.000000	-0.298534	0.545455	3.000000	1.000000	0	0	1	1.000000	0.000000	0.000000
ASV_1062_16S_022_3	ASV_1110_16S_022_3	1	ENV_Salinity	0.461770	0.000000	-0.461770	0.636364	3.000000	1.000000	0	0	1	1.000000	0.000000	0.000000
ASV_671_16S_022_3	ASV_1115_16S_022_3	1	ENV_Salinity	0.603203	0.033789	-0.569414	0.000999	3.000000	1.000000	0	0	1	1.000000	0.000000	0.000000
ASV_932_16S_022_3	ASV_1115_16S_022_3	1	ENV_Salinity	0.500046	0.158093	-0.341953	0.000999	3.000000	1.000000	0	0	1	1.000000	0.000000	0.000000
ASV_962_16S_022_3	ASV_1115_16S_022_3	1	ENV_Salinity	0.497730	0.000000	-0.497730	0.818182	3.000000	1.000000	0	0	1	1.000000	0.000000	0.000000
ASV_803_16S_022_3	ASV_1117_16S_022_3	1	ENV_Salinity	0.884958	0.055073	-0.829885	0.273726	3.000000	1.000000	0	0	1	1.000000	0.000000	0.000000
ASV_262_16S_022_3	ASV_1125_16S_022_3	1	ENV_Salinity	0.497113	0.110146	-0.386967	0.364635	3.000000	1.000000	0	0	1	1.000000	0.000000	0.000000
ASV_333_16S_022_3	ASV_1127_16S_022_3	1	ENV_Salinity	0.519532	3.088217	2.568685	nan	3.000000	1.000000	0	0	1	1.000000	0.000000	0.000000
ASV_874_16S_022_3	ASV_1145_16S_022_3	1	ENV_Salinity	0.502498	0.158611	-0.343887	0.091908	3.000000	1.000000	0	0	1	1.000000	0.000000	0.000000
ASV_621_16S_022_3	ASV_1144_16S_022_3	1	ENV_Salinity	0.521848	0.000000	-0.521848	0.545455	3.000000	1.000000	0	0	1	1.000000	0.000000	0.000000
ASV_213_16S_022_3	ASV_1147_16S_022_3	1	ENV_Salinity	0.461770	0.000000	-0.461770	0.818182	3.000000	1.000000	0	0	1	1.000000	0.000000	0.000000
ASV_566_16S_022_3	ASV_1147_16S_022_3	1	ENV_Salinity	0.567243	0.033789	-0.533454	0.000999	3.000000	1.000000	0	0	1	1.000000	0.000000	0.000000
ASV_530_16S_022_3	ASV_1149_16S_022_3	1	ENV_Salinity	0.336811	0.299810	-0.037001	0.819181	3.000000	1.000000	0	0	1	1.000000	0.000000	0.000000
ASV_304_16S_022_3	ASV_1153_16S_022_3	1	ENV_Salinity	0.875216	0.996782	0.121567	nan	3.000000	1.000000	0	0	1	1.000000	0.000000	0.000000
ASV_574_16S_022_3	ASV_1153_16S_022_3	1	ENV_Salinity	0.788470	0.077393	-0.711077	0.000999	3.000000	1.000000	0	0	1	1.000000	0.000000	0.000000
ASV_605_16S_022_3	ASV_1153_16S_022_3	1	ENV_Salinity	0.586946	0.143913	-0.443033	0.000999	3.000000	1.000000	0	0	1	1.000000	0.000000	0.000000
ASV_666_16S_022_3	ASV_1153_16S_022_3	1	ENV_Salinity	0.436251	0.174988	-0.261264	0.637363	3.000000	1.000000	0	0	1	1.000000	0.000000	0.000000
ASV_294_16S_022_3	ASV_1155_16S_022_3	1	ENV_Salinity	0.769434	0.148325	-0.621109	0.273726	3.000000	1.000000	0	0	1	1.000000	0.000000	0.000000
ASV_406_16S_022_3	ASV_1155_16S_022_3	1	ENV_Salinity	0.520557	0.141182	-0.379375	0.000999	3.000000	1.000000	0	0	1	1.000000	0.000000	0.000000
ASV_497_16S_022_3	ASV_1155_16S_022_3	1	ENV_Salinity	0.827196	0.234451	-0.592745	0.273726	3.000000	1.000000	0	0	1	1.000000	0.000000	0.000000
ASV_389_16S_022_3	ASV_1154_16S_022_3	1	ENV_Salinity	0.604332	0.186504	-0.417828	0.364635	3.000000	1.000000	0	0	1	1.000000	0.000000	0.000000
ASV_421_16S_022_3	ASV_1154_16S_022_3	1	ENV_Salinity	0.712959	0.293719	-0.419240	0.091908	3.000000	1.000000	0	0	1	1.000000	0.000000	0.000000
ASV_931_16S_022_3	ASV_1154_16S_022_3	1	ENV_Salinity	0.853632	2.285849	1.432217	nan	3.000000	1.000000	0	0	1	1.000000	0.000000	0.000000
ASV_490_16S_022_3	ASV_1158_16S_022_3	1	ENV_Salinity	0.763461	0.196116	-0.567345	0.182817	3.000000	1.000000	0	0	1	1.000000	0.000000	0.000000
ASV_214_16S_022_3	ASV_1164_16S_022_3	1	ENV_Salinity	0.290666	0.169885	-0.120781	0.455544	3.000000	1.000000	0	0	1	1.000000	0.000000	0.000000
ASV_299_16S_022_3	ASV_1164_16S_022_3	1	ENV_Salinity	0.915692	0.115525	-0.800167	0.091908	3.000000	1.000000	0	0	1	1.000000	0.000000	0.000000
ASV_715_16S_022_3	ASV_1164_16S_022_3	1	ENV_Salinity	0.927926	0.143222	-0.784704	0.091908	3.000000	1.000000	0	0	1	1.000000	0.000000	0.000000
ASV_928_16S_022_3	ASV_1171_16S_022_3	1	ENV_Salinity	0.785263	0.112835	-0.672427	0.091908	3.000000	1.000000	0	0	1	1.000000	0.000000	0.000000
ASV_1146_16S_022_3	ASV_1171_16S_022_3	1	ENV_Salinity	0.883362	0.158093	-0.725268	0.091908	3.000000	1.000000	0	0	1	1.000000	0.000000	0.000000
ASV_853_16S_022_3	ASV_1173_16S_022_3	1	ENV_Salinity	0.756946	0.033789	-0.723158	0.182817	3.000000	1.000000	0	0	1	1.000000	0.000000	0.000000
ASV_455_16S_022_3	ASV_1186_16S_022_3	1	ENV_Salinity	0.912061	0.033789	-0.878273	0.000999	3.000000	1.000000	0	0	1	1.000000	0.000000	0.000000
ASV_758_16S_022_3	ASV_1186_16S_022_3	1	ENV_Salinity	0.587713	0.033789	-0.553924	0.000999	3.000000	1.000000	0	0	1	1.000000	0.000000	0.000000
ASV_636_16S_022_3	ASV_1194_16S_022_3	1	ENV_Salinity	0.401227	0.063658	-0.337569	0.273726	3.000000	1.000000	0	0	1	1.000000	0.000000	0.000000
ASV_776_16S_022_3	ASV_1194_16S_022_3	1	ENV_Salinity	0.511271	2.834560	2.323288	nan	3.000000	1.000000	0	0	1	1.000000	0.000000	0.000000
ASV_165_16S_022_3	ASV_1203_16S_022_3	1	ENV_Salinity	0.541334	-0.112835	-0.654169	0.818182	3.000000	1.000000	0	0	1	1.000000	0.000000	0.000000
ASV_644_16S_022_3	ASV_1203_16S_022_3	1	ENV_Salinity	0.625005	0.033789	-0.591216	0.546454	3.000000	1.000000	0	0	1	1.000000	0.000000	0.000000
ASV_833_16S_022_3	ASV_1203_16S_022_3	1	ENV_Salinity	0.587951	0.033789	-0.554163	0.546454	3.000000	1.000000	0	0	1	1.000000	0.000000	0.000000
ASV_424_16S_022_3	ASV_1205_16S_022_3	1	ENV_Salinity	0.764953	0.158611	-0.606342	0.000999	3.000000	1.000000	0	0	1	1.000000	0.000000	0.000000
ASV_744_16S_022_3	ASV_1210_16S_022_3	1	ENV_Salinity	0.567243	0.033789	-0.533454	0.455544	3.000000	1.000000	0	0	1	1.000000	0.000000	0.000000
ASV_268_16S_022_3	ASV_1212_16S_022_3	1	ENV_Salinity	0.633778	0.134120	-0.499658	0.364635	3.000000	1.000000	0	0	1	1.000000	0.000000	0.000000
ASV_824_16S_022_3	ASV_1215_16S_022_3	1	ENV_Salinity	0.646807	0.225671	-0.421136	0.637363	3.000000	1.000000	0	0	1	1.000000	0.000000	0.000000
ASV_601_16S_022_3	ASV_1227_16S_022_3	1	ENV_Salinity	0.284107	0.363826	0.079720	nan	3.000000	1.000000	0	0	1	1.000000	0.000000	0.000000
ASV_636_16S_022_3	ASV_1227_16S_022_3	1	ENV_Salinity	0.489191	0.163472	-0.325719	0.000999	3.000000	1.000000	0	0	1	1.000000	0.000000	0.000000
ASV_461_16S_022_3	ASV_1229_16S_022_3	1	ENV_Salinity	0.721737	0.141182	-0.580555	0.091908	3.000000	1.000000	0	0	1	1.000000	0.000000	0.000000
ASV_497_16S_022_3	ASV_1229_16S_022_3	1	ENV_Salinity	0.733473	0.148325	-0.585148	0.091908	3.000000	1.000000	0	0	1	1.000000	0.000000	0.000000
ASV_819_16S_022_3	ASV_1229_16S_022_3	1	ENV_Salinity	0.710463	0.214518	-0.495945	0.091908	3.000000	1.000000	0	0	1	1.000000	0.000000	0.000000
ASV_519_16S_022_3	ASV_1233_16S_022_3	1	ENV_Salinity	0.849744	0.227647	-0.622097	0.091908	3.000000	1.000000	0	0	1	1.000000	0.000000	0.000000
ASV_522_16S_022_3	ASV_1233_16S_022_3	1	ENV_Salinity	0.756021	0.143222	-0.612799	0.091908	3.000000	1.000000	0	0	1	1.000000	0.000000	0.000000
ASV_576_16S_022_3	ASV_1233_16S_022_3	1	ENV_Salinity	0.776227	0.322600	-0.453627	0.455544	3.000000	1.000000	0	0	1	1.000000	0.000000	0.000000
ASV_736_16S_022_3	ASV_1233_16S_022_3	1	ENV_Salinity	0.708787	0.171115	-0.537672	0.091908	3.000000	1.000000	0	0	1	1.000000	0.000000	0.000000
ASV_363_16S_022_3	ASV_1235_16S_022_3	1	ENV_Salinity	0.497730	0.033789	-0.463941	0.455544	3.000000	1.000000	0	0	1	1.000000	0.000000	0.000000
ASV_18_16S_022_3	ASV_1243_16S_022_3	1	ENV_Salinity	0.385771	0.014861	-0.370909	0.000999	3.000000	1.000000	0	0	1	1.000000	0.000000	0.000000
ASV_158_16S_022_3	ASV_1243_16S_022_3	1	ENV_Salinity	0.542557	0.083954	-0.458602	0.728272	3.000000	1.000000	0	0	1	1.000000	0.000000	0.000000
ASV_1110_16S_022_3	ASV_1244_16S_022_3	1	ENV_Salinity	0.356297	0.000000	-0.356297	0.545455	3.000000	1.000000	0	0	1	1.000000	0.000000	0.000000
ASV_136_16S_022_3	ASV_1250_16S_022_3	1	ENV_Salinity	0.548868	0.164702	-0.384166	0.091908	3.000000	1.000000	0	0	1	1.000000	0.000000	0.000000
ASV_679_16S_022_3	ASV_1250_16S_022_3	1	ENV_Salinity	0.872894	0.199008	-0.673886	0.091908	3.000000	1.000000	0	0	1	1.000000	0.000000	0.000000
ASV_155_16S_022_3	ASV_1258_16S_022_3	1	ENV_Salinity	0.487679	0.033789	-0.453890	0.455544	3.000000	1.000000	0	0	1	1.000000	0.000000	0.000000
ASV_848_16S_022_3	ASV_1265_16S_022_3	1	ENV_Salinity	0.625005	0.000000	-0.625005	0.636364	3.000000	1.000000	0	0	1	1.000000	0.000000	0.000000
ASV_848_16S_022_3	ASV_1270_16S_022_3	1	ENV_Salinity	0.519532	0.000000	-0.519532	0.636364	3.000000	1.000000	0	0	1	1.000000	0.000000	0.000000
ASV_1265_16S_022_3	ASV_1270_16S_022_3	1	ENV_Salinity	0.483572	0.000000	-0.483572	0.636364	3.000000	1.000000	0	0	1	1.000000	0.000000	0.000000
ASV_413_16S_022_3	ASV_1269_16S_022_3	1	ENV_Salinity	0.566980	2.084383	1.517403	nan	3.000000	1.000000	0	0	1	1.000000	0.000000	0.000000
ASV_920_16S_022_3	ASV_1269_16S_022_3	1	ENV_Salinity	0.732837	2.091343	1.358506	nan	3.000000	1.000000	0	0	1	1.000000	0.000000	0.000000
ASV_1094_16S_022_3	ASV_1269_16S_022_3	1	ENV_Salinity	0.635907	-0.095941	-0.731848	0.363636	3.000000	1.000000	0	0	1	1.000000	0.000000	0.000000
ASV_310_16S_022_3	ASV_1287_16S_022_3	1	ENV_Salinity	0.630894	0.043086	-0.587807	0.364635	3.000000	1.000000	0	0	1	1.000000	0.000000	0.000000
ASV_951_16S_022_3	ASV_1287_16S_022_3	1	ENV_Salinity	0.658847	0.199008	-0.459839	0.273726	3.000000	1.000000	0	0	1	1.000000	0.000000	0.000000
ASV_1173_16S_022_3	ASV_1287_16S_022_3	1	ENV_Salinity	0.601085	0.033789	-0.567296	0.182817	3.000000	1.000000	0	0	1	1.000000	0.000000	0.000000
ASV_210_16S_022_3	ASV_1294_16S_022_3	1	ENV_Salinity	0.415758	2.775029	2.359271	nan	3.000000	1.000000	0	0	1	1.000000	0.000000	0.000000
ASV_871_16S_022_3	ASV_1303_16S_022_3	1	ENV_Salinity	0.753723	0.286429	-0.467294	0.455544	3.000000	1.000000	0	0	1	1.000000	0.000000	0.000000
ASV_1250_16S_022_3	ASV_1303_16S_022_3	1	ENV_Salinity	0.874893	0.148325	-0.726568	0.182817	3.000000	1.000000	0	0	1	1.000000	0.000000	0.000000
ASV_764_16S_022_3	ASV_1307_16S_022_3	1	ENV_Salinity	0.519532	0.000000	-0.519532	0.636364	3.000000	1.000000	0	0	1	1.000000	0.000000	0.000000
ASV_1265_16S_022_3	ASV_1307_16S_022_3	1	ENV_Salinity	0.625005	0.000000	-0.625005	0.636364	3.000000	1.000000	0	0	1	1.000000	0.000000	0.000000
ASV_461_16S_022_3	ASV_1317_16S_022_3	1	ENV_Salinity	0.655864	0.129056	-0.526807	0.364635	3.000000	1.000000	0	0	1	1.000000	0.000000	0.000000
ASV_506_16S_022_3	ASV_1317_16S_022_3	1	ENV_Salinity	0.695917	0.055073	-0.640843	0.364635	3.000000	1.000000	0	0	1	1.000000	0.000000	0.000000
ASV_900_16S_022_3	ASV_1317_16S_022_3	1	ENV_Salinity	0.633778	0.033789	-0.599989	0.546454	3.000000	1.000000	0	0	1	1.000000	0.000000	0.000000
ASV_519_16S_022_3	ASV_1320_16S_022_3	1	ENV_Salinity	0.832328	0.224683	-0.607645	0.091908	3.000000	1.000000	0	0	1	1.000000	0.000000	0.000000
ASV_1215_16S_022_3	ASV_1320_16S_022_3	1	ENV_Salinity	0.445865	0.110146	-0.335719	0.273726	3.000000	1.000000	0	0	1	1.000000	0.000000	0.000000
ASV_737_16S_022_3	ASV_1331_16S_022_3	1	ENV_Salinity	0.569034	0.033789	-0.535245	0.455544	3.000000	1.000000	0	0	1	1.000000	0.000000	0.000000
ASV_1289_16S_022_3	ASV_1331_16S_022_3	1	ENV_Salinity	0.591497	0.033789	-0.557708	0.637363	3.000000	1.000000	0	0	1	1.000000	0.000000	0.000000
ASV_31_16S_022_3	ASV_1332_16S_022_3	1	ENV_Salinity	0.554214	3.086047	2.531833	nan	3.000000	1.000000	0	0	1	1.000000	0.000000	0.000000
ASV_413_16S_022_3	ASV_1332_16S_022_3	1	ENV_Salinity	0.513773	3.124871	2.611099	nan	3.000000	1.000000	0	0	1	1.000000	0.000000	0.000000
ASV_697_16S_022_3	ASV_1332_16S_022_3	1	ENV_Salinity	0.552538	2.388642	1.836104	nan	3.000000	1.000000	0	0	1	1.000000	0.000000	0.000000
ASV_1257_16S_022_3	ASV_1332_16S_022_3	1	ENV_Salinity	0.651204	3.277663	2.626459	nan	3.000000	1.000000	0	0	1	1.000000	0.000000	0.000000
ASV_1322_16S_022_3	ASV_1332_16S_022_3	1	ENV_Salinity	0.682767	3.675173	2.992406	nan	3.000000	1.000000	0	0	1	1.000000	0.000000	0.000000
ASV_648_16S_022_3	ASV_1335_16S_022_3	1	ENV_Salinity	0.356297	0.050166	-0.306131	0.000999	3.000000	1.000000	0	0	1	1.000000	0.000000	0.000000
ASV_829_16S_022_3	ASV_1335_16S_022_3	1	ENV_Salinity	0.414059	0.000000	-0.414059	0.818182	3.000000	1.000000	0	0	1	1.000000	0.000000	0.000000
ASV_590_16S_022_3	ASV_1344_16S_022_3	1	ENV_Salinity	0.528697	-0.030914	-0.559611	0.272727	3.000000	1.000000	0	0	1	1.000000	0.000000	0.000000
ASV_1106_16S_022_3	ASV_1344_16S_022_3	1	ENV_Salinity	0.439968	3.138514	2.698546	nan	3.000000	1.000000	0	0	1	1.000000	0.000000	0.000000
ASV_143_16S_022_3	ASV_1348_16S_022_3	1	ENV_Salinity	0.577294	0.033789	-0.543505	0.637363	3.000000	1.000000	0	0	1	1.000000	0.000000	0.000000
ASV_988_16S_022_3	ASV_1348_16S_022_3	1	ENV_Salinity	0.519532	0.033789	-0.485743	0.637363	3.000000	1.000000	0	0	1	1.000000	0.000000	0.000000
ASV_1028_16S_022_3	ASV_1348_16S_022_3	1	ENV_Salinity	0.599096	0.033789	-0.565307	0.637363	3.000000	1.000000	0	0	1	1.000000	0.000000	0.000000
ASV_1058_16S_022_3	ASV_1348_16S_022_3	1	ENV_Salinity	0.577294	0.033789	-0.543505	0.637363	3.000000	1.000000	0	0	1	1.000000	0.000000	0.000000
ASV_1136_16S_022_3	ASV_1348_16S_022_3	1	ENV_Salinity	0.483572	0.033789	-0.449783	0.637363	3.000000	1.000000	0	0	1	1.000000	0.000000	0.000000
ASV_413_16S_022_3	ASV_1353_16S_022_3	1	ENV_Salinity	0.702710	0.033789	-0.668921	0.546454	3.000000	1.000000	0	0	1	1.000000	0.000000	0.000000
ASV_863_16S_022_3	ASV_1353_16S_022_3	1	ENV_Salinity	0.669634	0.033789	-0.635845	0.455544	3.000000	1.000000	0	0	1	1.000000	0.000000	0.000000
ASV_920_16S_022_3	ASV_1353_16S_022_3	1	ENV_Salinity	0.682504	0.033789	-0.648716	0.364635	3.000000	1.000000	0	0	1	1.000000	0.000000	0.000000
ASV_376_16S_022_3	ASV_1362_16S_022_3	1	ENV_Salinity	0.497730	0.000000	-0.497730	0.454545	3.000000	1.000000	0	0	1	1.000000	0.000000	0.000000
ASV_709_16S_022_3	ASV_1362_16S_022_3	1	ENV_Salinity	0.603203	-0.112835	-0.716038	0.454545	3.000000	1.000000	0	0	1	1.000000	0.000000	0.000000
ASV_872_16S_022_3	ASV_1362_16S_022_3	1	ENV_Salinity	0.497730	0.000000	-0.497730	0.454545	3.000000	1.000000	0	0	1	1.000000	0.000000	0.000000
ASV_967_16S_022_3	ASV_1362_16S_022_3	1	ENV_Salinity	0.519532	0.000000	-0.519532	0.454545	3.000000	1.000000	0	0	1	1.000000	0.000000	0.000000
ASV_124_16S_022_3	ASV_1361_16S_022_3	1	ENV_Salinity	0.747632	0.055073	-0.692558	0.273726	3.000000	1.000000	0	0	1	1.000000	0.000000	0.000000
ASV_294_16S_022_3	ASV_1361_16S_022_3	1	ENV_Salinity	0.827196	0.071968	-0.755228	0.273726	3.000000	1.000000	0	0	1	1.000000	0.000000	0.000000
ASV_308_16S_022_3	ASV_1361_16S_022_3	1	ENV_Salinity	0.896232	0.149313	-0.746919	0.273726	3.000000	1.000000	0	0	1	1.000000	0.000000	0.000000
ASV_997_16S_022_3	ASV_1361_16S_022_3	1	ENV_Salinity	0.863156	0.191882	-0.671274	0.091908	3.000000	1.000000	0	0	1	1.000000	0.000000	0.000000
ASV_654_16S_022_3	ASV_1367_16S_022_3	1	ENV_Salinity	0.682892	0.171569	-0.511324	0.182817	3.000000	1.000000	0	0	1	1.000000	0.000000	0.000000
ASV_978_16S_022_3	ASV_1367_16S_022_3	1	ENV_Salinity	0.782379	0.033789	-0.748590	0.273726	3.000000	1.000000	0	0	1	1.000000	0.000000	0.000000
ASV_1058_16S_022_3	ASV_1367_16S_022_3	1	ENV_Salinity	0.636279	0.091551	-0.544728	0.546454	3.000000	1.000000	0	0	1	1.000000	0.000000	0.000000
ASV_94_16S_022_3	ASV_1374_16S_022_3	1	ENV_Salinity	0.695002	0.038179	-0.656823	0.273726	3.000000	1.000000	0	0	1	1.000000	0.000000	0.000000
ASV_339_16S_022_3	ASV_1374_16S_022_3	1	ENV_Salinity	0.710075	0.129730	-0.580345	0.455544	3.000000	1.000000	0	0	1	1.000000	0.000000	0.000000
ASV_1250_16S_022_3	ASV_1374_16S_022_3	1	ENV_Salinity	1.056863	0.033789	-1.023074	0.273726	3.000000	1.000000	0	0	1	1.000000	0.000000	0.000000
ASV_378_16S_022_3	ASV_1379_16S_022_3	1	ENV_Salinity	0.391072	0.181943	-0.209128	0.000999	3.000000	1.000000	0	0	1	1.000000	0.000000	0.000000
ASV_1139_16S_022_3	ASV_1382_16S_022_3	1	ENV_Salinity	0.646807	0.000000	-0.646807	0.818182	3.000000	1.000000	0	0	1	1.000000	0.000000	0.000000
ASV_224_16S_022_3	ASV_1396_16S_022_3	1	ENV_Salinity	0.740948	0.095941	-0.645007	0.728272	3.000000	1.000000	0	0	1	1.000000	0.000000	0.000000
ASV_489_16S_022_3	ASV_1396_16S_022_3	1	ENV_Salinity	0.884958	0.170598	-0.714360	0.910090	3.000000	1.000000	0	0	1	1.000000	0.000000	0.000000
ASV_799_16S_022_3	ASV_1397_16S_022_3	1	ENV_Salinity	0.276732	3.880893	3.604160	nan	3.000000	1.000000	0	0	1	1.000000	0.000000	0.000000
ASV_1127_16S_022_3	ASV_1397_16S_022_3	1	ENV_Salinity	0.298534	3.425567	3.127032	nan	3.000000	1.000000	0	0	1	1.000000	0.000000	0.000000
ASV_823_16S_022_3	ASV_1394_16S_022_3	1	ENV_Salinity	0.625005	0.129730	-0.495275	0.455544	3.000000	1.000000	0	0	1	1.000000	0.000000	0.000000
ASV_1189_16S_022_3	ASV_1401_16S_022_3	1	ENV_Salinity	0.519532	0.000000	-0.519532	0.636364	3.000000	1.000000	0	0	1	1.000000	0.000000	0.000000
ASV_743_16S_022_3	ASV_1407_16S_022_3	1	ENV_Salinity	0.589045	0.033789	-0.555256	0.455544	3.000000	1.000000	0	0	1	1.000000	0.000000	0.000000
ASV_744_16S_022_3	ASV_1407_16S_022_3	1	ENV_Salinity	0.706360	0.033789	-0.672571	0.455544	3.000000	1.000000	0	0	1	1.000000	0.000000	0.000000
ASV_951_16S_022_3	ASV_1407_16S_022_3	1	ENV_Salinity	0.670400	0.033789	-0.636611	0.455544	3.000000	1.000000	0	0	1	1.000000	0.000000	0.000000
ASV_1049_16S_022_3	ASV_1411_16S_022_3	1	ENV_Salinity	0.699184	0.033789	-0.665395	0.455544	3.000000	1.000000	0	0	1	1.000000	0.000000	0.000000
ASV_1317_16S_022_3	ASV_1411_16S_022_3	1	ENV_Salinity	0.677382	0.110146	-0.567236	0.455544	3.000000	1.000000	0	0	1	1.000000	0.000000	0.000000
ASV_917_16S_022_3	ASV_1418_16S_022_3	1	ENV_Salinity	0.704028	0.083954	-0.620073	0.182817	3.000000	1.000000	0	0	1	1.000000	0.000000	0.000000
ASV_255_16S_022_3	ASV_1426_16S_022_3	1	ENV_Salinity	0.675711	2.084736	1.409025	nan	3.000000	1.000000	0	0	1	1.000000	0.000000	0.000000
ASV_1092_16S_022_3	ASV_1426_16S_022_3	1	ENV_Salinity	0.577508	-0.047291	-0.624799	0.545455	3.000000	1.000000	0	0	1	1.000000	0.000000	0.000000
ASV_182_16S_022_3	ASV_1429_16S_022_3	1	ENV_Salinity	0.590920	1.290838	0.699918	nan	3.000000	1.000000	0	0	1	1.000000	0.000000	0.000000
ASV_351_16S_022_3	ASV_1429_16S_022_3	1	ENV_Salinity	0.511108	0.639076	0.127968	nan	3.000000	1.000000	0	0	1	1.000000	0.000000	0.000000
ASV_580_16S_022_3	ASV_1429_16S_022_3	1	ENV_Salinity	0.644267	1.416600	0.772334	nan	3.000000	1.000000	0	0	1	1.000000	0.000000	0.000000
ASV_576_16S_022_3	ASV_1439_16S_022_3	1	ENV_Salinity	0.551330	0.033789	-0.517541	0.455544	3.000000	1.000000	0	0	1	1.000000	0.000000	0.000000
ASV_415_16S_022_3	ASV_1443_16S_022_3	1	ENV_Salinity	0.791236	0.062670	-0.728566	0.182817	3.000000	1.000000	0	0	1	1.000000	0.000000	0.000000
ASV_563_16S_022_3	ASV_1443_16S_022_3	1	ENV_Salinity	0.707579	0.134120	-0.573459	0.273726	3.000000	1.000000	0	0	1	1.000000	0.000000	0.000000
ASV_470_16S_022_3	ASV_1442_16S_022_3	1	ENV_Salinity	0.465205	0.045776	-0.419430	0.728272	3.000000	1.000000	0	0	1	1.000000	0.000000	0.000000
ASV_732_16S_022_3	ASV_1442_16S_022_3	1	ENV_Salinity	0.699184	-0.019583	-0.718768	0.636364	3.000000	1.000000	0	0	1	1.000000	0.000000	0.000000
ASV_824_16S_022_3	ASV_1458_16S_022_3	1	ENV_Salinity	0.484794	0.033789	-0.451006	0.273726	3.000000	1.000000	0	0	1	1.000000	0.000000	0.000000
ASV_1215_16S_022_3	ASV_1458_16S_022_3	1	ENV_Salinity	0.703476	0.033789	-0.669687	0.273726	3.000000	1.000000	0	0	1	1.000000	0.000000	0.000000
ASV_322_16S_022_3	ASV_1459_16S_022_3	1	ENV_Salinity	0.577294	0.000000	-0.577294	0.454545	3.000000	1.000000	0	0	1	1.000000	0.000000	0.000000
ASV_635_16S_022_3	ASV_1459_16S_022_3	1	ENV_Salinity	0.494846	-0.068694	-0.563540	0.636364	3.000000	1.000000	0	0	1	1.000000	0.000000	0.000000
ASV_1258_16S_022_3	ASV_1459_16S_022_3	1	ENV_Salinity	0.461770	0.000000	-0.461770	0.636364	3.000000	1.000000	0	0	1	1.000000	0.000000	0.000000
ASV_622_16S_022_3	ASV_1482_16S_022_3	1	ENV_Salinity	0.728162	-0.106873	-0.835035	0.545455	3.000000	1.000000	0	0	1	1.000000	0.000000	0.000000
ASV_481_16S_022_3	ASV_1491_16S_022_3	1	ENV_Salinity	0.655580	0.033789	-0.621791	0.182817	3.000000	1.000000	0	0	1	1.000000	0.000000	0.000000
ASV_732_16S_022_3	ASV_1490_16S_022_3	1	ENV_Salinity	0.655580	0.071968	-0.583613	0.273726	3.000000	1.000000	0	0	1	1.000000	0.000000	0.000000
ASV_1094_16S_022_3	ASV_1490_16S_022_3	1	ENV_Salinity	0.622539	0.100331	-0.522208	0.182817	3.000000	1.000000	0	0	1	1.000000	0.000000	0.000000
ASV_294_16S_022_3	ASV_1498_16S_022_3	1	ENV_Salinity	0.724447	0.043086	-0.681361	0.273726	3.000000	1.000000	0	0	1	1.000000	0.000000	0.000000
ASV_1094_16S_022_3	ASV_1498_16S_022_3	1	ENV_Salinity	0.666685	0.021284	-0.645401	0.182817	3.000000	1.000000	0	0	1	1.000000	0.000000	0.000000
ASV_1331_16S_022_3	ASV_1508_16S_022_3	1	ENV_Salinity	0.567243	0.033789	-0.533454	0.637363	3.000000	1.000000	0	0	1	1.000000	0.000000	0.000000
ASV_1411_16S_022_3	ASV_1508_16S_022_3	1	ENV_Salinity	0.531283	0.071968	-0.459315	0.637363	3.000000	1.000000	0	0	1	1.000000	0.000000	0.000000
ASV_519_16S_022_3	ASV_1507_16S_022_3	1	ENV_Salinity	0.754813	0.171569	-0.583244	0.091908	3.000000	1.000000	0	0	1	1.000000	0.000000	0.000000
ASV_819_16S_022_3	ASV_1507_16S_022_3	1	ENV_Salinity	0.761248	0.257707	-0.503542	0.091908	3.000000	1.000000	0	0	1	1.000000	0.000000	0.000000
ASV_1320_16S_022_3	ASV_1507_16S_022_3	1	ENV_Salinity	0.562608	0.224324	-0.338285	0.091908	3.000000	1.000000	0	0	1	1.000000	0.000000	0.000000
ASV_988_16S_022_3	ASV_1516_16S_022_3	1	ENV_Salinity	0.682767	0.033789	-0.648979	0.455544	3.000000	1.000000	0	0	1	1.000000	0.000000	0.000000
ASV_1335_16S_022_3	ASV_1521_16S_022_3	1	ENV_Salinity	0.298534	0.000000	-0.298534	0.636364	3.000000	1.000000	0	0	1	1.000000	0.000000	0.000000
ASV_1201_16S_022_3	ASV_1523_16S_022_3	1	ENV_Salinity	0.577294	0.000000	-0.577294	1.000000	3.000000	1.000000	0	0	1	1.000000	0.000000	0.000000
ASV_616_16S_022_3	ASV_1551_16S_022_3	1	ENV_Salinity	0.590836	0.091551	-0.499285	0.364635	3.000000	1.000000	0	0	1	1.000000	0.000000	0.000000
ASV_1458_16S_022_3	ASV_1551_16S_022_3	1	ENV_Salinity	0.645714	0.033789	-0.611925	0.273726	3.000000	1.000000	0	0	1	1.000000	0.000000	0.000000
ASV_1543_16S_022_3	ASV_1551_16S_022_3	1	ENV_Salinity	0.603203	0.033789	-0.569414	0.455544	3.000000	1.000000	0	0	1	1.000000	0.000000	0.000000
ASV_928_16S_022_3	ASV_1556_16S_022_3	1	ENV_Salinity	0.922589	0.033789	-0.888801	0.091908	3.000000	1.000000	0	0	1	1.000000	0.000000	0.000000
ASV_564_16S_022_3	ASV_1560_16S_022_3	1	ENV_Salinity	0.833243	0.033789	-0.799454	0.273726	3.000000	1.000000	0	0	1	1.000000	0.000000	0.000000
ASV_1061_16S_022_3	ASV_1560_16S_022_3	1	ENV_Salinity	0.811441	0.100849	-0.710592	0.273726	3.000000	1.000000	0	0	1	1.000000	0.000000	0.000000
ASV_987_16S_022_3	ASV_1561_16S_022_3	1	ENV_Salinity	0.728162	0.033789	-0.694373	0.455544	3.000000	1.000000	0	0	1	1.000000	0.000000	0.000000
ASV_599_16S_022_3	ASV_1563_16S_022_3	1	ENV_Salinity	0.655580	0.033789	-0.621791	0.455544	3.000000	1.000000	0	0	1	1.000000	0.000000	0.000000
ASV_1317_16S_022_3	ASV_1563_16S_022_3	1	ENV_Salinity	0.619620	0.033789	-0.585831	0.455544	3.000000	1.000000	0	0	1	1.000000	0.000000	0.000000
ASV_1331_16S_022_3	ASV_1563_16S_022_3	1	ENV_Salinity	0.554875	0.033789	-0.521087	0.455544	3.000000	1.000000	0	0	1	1.000000	0.000000	0.000000
ASV_606_16S_022_3	ASV_1566_16S_022_3	1	ENV_Salinity	0.646807	0.000000	-0.646807	0.454545	3.000000	1.000000	0	0	1	1.000000	0.000000	0.000000
ASV_1171_16S_022_3	ASV_1565_16S_022_3	1	ENV_Salinity	0.861560	0.033789	-0.827771	0.091908	3.000000	1.000000	0	0	1	1.000000	0.000000	0.000000
ASV_799_16S_022_3	ASV_1569_16S_022_3	1	ENV_Salinity	0.497730	0.033789	-0.463941	0.637363	3.000000	1.000000	0	0	1	1.000000	0.000000	0.000000
ASV_17_16S_022_3	ASV_1571_16S_022_3	1	ENV_Salinity	0.264543	0.138039	-0.126503	0.091908	3.000000	1.000000	0	0	1	1.000000	0.000000	0.000000
ASV_951_16S_022_3	ASV_1571_16S_022_3	1	ENV_Salinity	0.861943	0.264838	-0.597105	0.091908	3.000000	1.000000	0	0	1	1.000000	0.000000	0.000000
ASV_1565_16S_022_3	ASV_1571_16S_022_3	1	ENV_Salinity	0.880477	0.033789	-0.846689	0.091908	3.000000	1.000000	0	0	1	1.000000	0.000000	0.000000
ASV_1210_16S_022_3	ASV_1576_16S_022_3	1	ENV_Salinity	0.531283	0.033789	-0.497494	0.455544	3.000000	1.000000	0	0	1	1.000000	0.000000	0.000000
ASV_1534_16S_022_3	ASV_1576_16S_022_3	1	ENV_Salinity	0.670400	0.033789	-0.636611	0.455544	3.000000	1.000000	0	0	1	1.000000	0.000000	0.000000
ASV_1310_16S_022_3	ASV_1577_16S_022_3	1	ENV_Salinity	0.519532	0.033789	-0.485743	0.637363	3.000000	1.000000	0	0	1	1.000000	0.000000	0.000000
ASV_1394_16S_022_3	ASV_1577_16S_022_3	1	ENV_Salinity	0.625005	0.129730	-0.495275	0.455544	3.000000	1.000000	0	0	1	1.000000	0.000000	0.000000
ASV_595_16S_022_3	ASV_1578_16S_022_3	1	ENV_Salinity	0.461770	0.000000	-0.461770	0.545455	3.000000	1.000000	0	0	1	1.000000	0.000000	0.000000
ASV_389_16S_022_3	ASV_1581_16S_022_3	1	ENV_Salinity	0.432090	0.302028	-0.130062	0.364635	3.000000	1.000000	0	0	1	1.000000	0.000000	0.000000
ASV_786_16S_022_3	ASV_1581_16S_022_3	1	ENV_Salinity	0.645714	0.167909	-0.477805	0.273726	3.000000	1.000000	0	0	1	1.000000	0.000000	0.000000
ASV_1235_16S_022_3	ASV_1581_16S_022_3	1	ENV_Salinity	0.542557	0.033789	-0.508768	0.273726	3.000000	1.000000	0	0	1	1.000000	0.000000	0.000000
ASV_32_16S_022_3	ASV_1584_16S_022_3	1	ENV_Salinity	0.456106	1.155028	0.698922	nan	3.000000	1.000000	0	0	1	1.000000	0.000000	0.000000
ASV_384_16S_022_3	ASV_1587_16S_022_3	1	ENV_Salinity	0.438689	-0.099912	-0.538602	0.363636	3.000000	1.000000	0	0	1	1.000000	0.000000	0.000000
ASV_746_16S_022_3	ASV_1587_16S_022_3	1	ENV_Salinity	0.470557	0.000000	-0.470557	0.181818	3.000000	1.000000	0	0	1	1.000000	0.000000	0.000000
ASV_644_16S_022_3	ASV_1589_16S_022_3	1	ENV_Salinity	0.442284	0.033789	-0.408495	0.546454	3.000000	1.000000	0	0	1	1.000000	0.000000	0.000000
ASV_1055_16S_022_3	ASV_1589_16S_022_3	1	ENV_Salinity	0.545441	0.033789	-0.511652	0.546454	3.000000	1.000000	0	0	1	1.000000	0.000000	0.000000
ASV_1136_16S_022_3	ASV_1593_16S_022_3	1	ENV_Salinity	0.483572	0.033789	-0.449783	0.455544	3.000000	1.000000	0	0	1	1.000000	0.000000	0.000000
ASV_1110_16S_022_3	ASV_1633_16S_022_3	1	ENV_Salinity	0.461770	0.000000	-0.461770	0.545455	3.000000	1.000000	0	0	1	1.000000	0.000000	0.000000
ASV_64_16S_022_3	ASV_1631_16S_022_3	1	ENV_Salinity	0.322767	0.016894	-0.305873	0.637363	3.000000	1.000000	0	0	1	1.000000	0.000000	0.000000
ASV_720_16S_022_3	ASV_1631_16S_022_3	1	ENV_Salinity	0.599096	0.033789	-0.565307	0.637363	3.000000	1.000000	0	0	1	1.000000	0.000000	0.000000
ASV_1563_16S_022_3	ASV_1632_16S_022_3	1	ENV_Salinity	0.656242	0.033789	-0.622453	0.455544	3.000000	1.000000	0	0	1	1.000000	0.000000	0.000000
ASV_376_16S_022_3	ASV_1645_16S_022_3	1	ENV_Salinity	0.461770	0.050166	-0.411604	0.000999	3.000000	1.000000	0	0	1	1.000000	0.000000	0.000000
ASV_1362_16S_022_3	ASV_1645_16S_022_3	1	ENV_Salinity	0.625005	0.000000	-0.625005	0.454545	3.000000	1.000000	0	0	1	1.000000	0.000000	0.000000
ASV_739_16S_022_3	ASV_1644_16S_022_3	1	ENV_Salinity	0.497730	0.033789	-0.463941	0.455544	3.000000	1.000000	0	0	1	1.000000	0.000000	0.000000
ASV_161_16S_022_3	ASV_1643_16S_022_3	1	ENV_Salinity	0.521173	0.033789	-0.487384	0.364635	3.000000	1.000000	0	0	1	1.000000	0.000000	0.000000
ASV_725_16S_022_3	ASV_1648_16S_022_3	1	ENV_Salinity	0.706360	0.033789	-0.672571	0.273726	3.000000	1.000000	0	0	1	1.000000	0.000000	0.000000
ASV_1565_16S_022_3	ASV_1648_16S_022_3	1	ENV_Salinity	0.626796	0.033789	-0.593007	0.273726	3.000000	1.000000	0	0	1	1.000000	0.000000	0.000000
ASV_962_16S_022_3	ASV_1657_16S_022_3	1	ENV_Salinity	0.483572	0.000000	-0.483572	0.727273	3.000000	1.000000	0	0	1	1.000000	0.000000	0.000000
ASV_1587_16S_022_3	ASV_1657_16S_022_3	1	ENV_Salinity	0.451718	0.000000	-0.451718	0.363636	3.000000	1.000000	0	0	1	1.000000	0.000000	0.000000
ASV_575_16S_022_3	ASV_1658_16S_022_3	1	ENV_Salinity	0.520755	-0.009630	-0.530384	0.454545	3.000000	1.000000	0	0	1	1.000000	0.000000	0.000000
ASV_743_16S_022_3	ASV_1658_16S_022_3	1	ENV_Salinity	0.406323	0.008780	-0.397543	0.455544	3.000000	1.000000	0	0	1	1.000000	0.000000	0.000000
ASV_824_16S_022_3	ASV_1658_16S_022_3	1	ENV_Salinity	0.464086	0.042569	-0.421517	0.637363	3.000000	1.000000	0	0	1	1.000000	0.000000	0.000000
ASV_339_16S_022_3	ASV_1676_16S_022_3	1	ENV_Salinity	0.511271	0.045776	-0.465496	0.455544	3.000000	1.000000	0	0	1	1.000000	0.000000	0.000000
ASV_1287_16S_022_3	ASV_1676_16S_022_3	1	ENV_Salinity	0.670400	0.134120	-0.536280	0.455544	3.000000	1.000000	0	0	1	1.000000	0.000000	0.000000
ASV_306_16S_022_3	ASV_1687_16S_022_3	1	ENV_Salinity	0.590836	0.067060	-0.523776	0.000999	3.000000	1.000000	0	0	1	1.000000	0.000000	0.000000
ASV_930_16S_022_3	ASV_1686_16S_022_3	1	ENV_Salinity	0.706360	0.100849	-0.605511	0.637363	3.000000	1.000000	0	0	1	1.000000	0.000000	0.000000
ASV_1258_16S_022_3	ASV_1686_16S_022_3	1	ENV_Salinity	0.487679	0.033789	-0.453890	0.455544	3.000000	1.000000	0	0	1	1.000000	0.000000	0.000000
ASV_478_16S_022_3	ASV_1693_16S_022_3	1	ENV_Salinity	0.533073	0.000000	-0.533073	0.818182	3.000000	1.000000	0	0	1	1.000000	0.000000	0.000000
ASV_227_16S_022_3	ASV_1697_16S_022_3	1	ENV_Salinity	0.459362	-0.095941	-0.555303	0.636364	3.000000	1.000000	0	0	1	1.000000	0.000000	0.000000
ASV_631_16S_022_3	ASV_1696_16S_022_3	1	ENV_Salinity	0.660965	0.033789	-0.627177	0.455544	3.000000	1.000000	0	0	1	1.000000	0.000000	0.000000
ASV_709_16S_022_3	ASV_1696_16S_022_3	1	ENV_Salinity	0.625005	0.033789	-0.591216	0.455544	3.000000	1.000000	0	0	1	1.000000	0.000000	0.000000
ASV_872_16S_022_3	ASV_1696_16S_022_3	1	ENV_Salinity	0.519532	0.079047	-0.440485	0.455544	3.000000	1.000000	0	0	1	1.000000	0.000000	0.000000
ASV_612_16S_022_3	ASV_1706_16S_022_3	1	ENV_Salinity	0.825599	0.083954	-0.741645	0.091908	3.000000	1.000000	0	0	1	1.000000	0.000000	0.000000
ASV_928_16S_022_3	ASV_1706_16S_022_3	1	ENV_Salinity	0.807065	0.033789	-0.773276	0.091908	3.000000	1.000000	0	0	1	1.000000	0.000000	0.000000
ASV_985_16S_022_3	ASV_1706_16S_022_3	1	ENV_Salinity	0.710075	0.149313	-0.560762	0.455544	3.000000	1.000000	0	0	1	1.000000	0.000000	0.000000
ASV_1107_16S_022_3	ASV_1706_16S_022_3	1	ENV_Salinity	0.639537	0.071968	-0.567569	0.091908	3.000000	1.000000	0	0	1	1.000000	0.000000	0.000000
ASV_848_16S_022_3	ASV_1707_16S_022_3	1	ENV_Salinity	0.464086	-0.036478	-0.500564	1.000000	3.000000	1.000000	0	0	1	1.000000	0.000000	0.000000
ASV_1210_16S_022_3	ASV_1707_16S_022_3	1	ENV_Salinity	0.589045	0.033789	-0.555256	0.455544	3.000000	1.000000	0	0	1	1.000000	0.000000	0.000000
ASV_1686_16S_022_3	ASV_1707_16S_022_3	1	ENV_Salinity	0.625005	3.607950	2.982945	nan	3.000000	1.000000	0	0	1	1.000000	0.000000	0.000000
ASV_1406_16S_022_3	ASV_1705_16S_022_3	1	ENV_Salinity	0.519532	0.000000	-0.519532	0.454545	3.000000	1.000000	0	0	1	1.000000	0.000000	0.000000
ASV_143_16S_022_3	ASV_1716_16S_022_3	1	ENV_Salinity	0.439968	0.033789	-0.406179	0.637363	3.000000	1.000000	0	0	1	1.000000	0.000000	0.000000
ASV_1210_16S_022_3	ASV_1716_16S_022_3	1	ENV_Salinity	0.589045	0.033789	-0.555256	0.455544	3.000000	1.000000	0	0	1	1.000000	0.000000	0.000000
ASV_1648_16S_022_3	ASV_1720_16S_022_3	1	ENV_Salinity	0.740530	0.033789	-0.706741	0.273726	3.000000	1.000000	0	0	1	1.000000	0.000000	0.000000
ASV_180_16S_022_3	ASV_1728_16S_022_3	1	ENV_Salinity	0.682504	0.039167	-0.643337	0.000999	3.000000	1.000000	0	0	1	1.000000	0.000000	0.000000
ASV_992_16S_022_3	ASV_1732_16S_022_3	1	ENV_Salinity	0.689079	0.208759	-0.480320	0.455544	3.000000	1.000000	0	0	1	1.000000	0.000000	0.000000
ASV_930_16S_022_3	ASV_1748_16S_022_3	1	ENV_Salinity	0.648598	0.225671	-0.422927	0.637363	3.000000	1.000000	0	0	1	1.000000	0.000000	0.000000
ASV_1108_16S_022_3	ASV_1748_16S_022_3	1	ENV_Salinity	0.706360	0.033789	-0.672571	0.455544	3.000000	1.000000	0	0	1	1.000000	0.000000	0.000000
ASV_1125_16S_022_3	ASV_1748_16S_022_3	1	ENV_Salinity	0.764122	0.033789	-0.730334	0.455544	3.000000	1.000000	0	0	1	1.000000	0.000000	0.000000
ASV_1265_16S_022_3	ASV_1748_16S_022_3	1	ENV_Salinity	0.625005	-0.112835	-0.737840	0.636364	3.000000	1.000000	0	0	1	1.000000	0.000000	0.000000
ASV_1577_16S_022_3	ASV_1748_16S_022_3	1	ENV_Salinity	0.627457	0.158611	-0.468846	0.819181	3.000000	1.000000	0	0	1	1.000000	0.000000	0.000000
ASV_166_16S_022_3	ASV_1759_16S_022_3	1	ENV_Salinity	0.414059	0.040560	-0.373498	0.819181	3.000000	1.000000	0	0	1	1.000000	0.000000	0.000000
ASV_1037_16S_022_3	ASV_1769_16S_022_3	1	ENV_Salinity	0.576016	0.033789	-0.542227	0.182817	3.000000	1.000000	0	0	1	1.000000	0.000000	0.000000
ASV_1335_16S_022_3	ASV_1769_16S_022_3	1	ENV_Salinity	0.382205	0.000000	-0.382205	0.636364	3.000000	1.000000	0	0	1	1.000000	0.000000	0.000000
ASV_1443_16S_022_3	ASV_1769_16S_022_3	1	ENV_Salinity	0.655580	0.033789	-0.621791	0.182817	3.000000	1.000000	0	0	1	1.000000	0.000000	0.000000
ASV_143_16S_022_3	ASV_1774_16S_022_3	1	ENV_Salinity	0.519532	0.033789	-0.485743	0.637363	3.000000	1.000000	0	0	1	1.000000	0.000000	0.000000
ASV_1036_16S_022_3	ASV_1777_16S_022_3	1	ENV_Salinity	0.545441	0.033789	-0.511652	0.637363	3.000000	1.000000	0	0	1	1.000000	0.000000	0.000000
ASV_1577_16S_022_3	ASV_1777_16S_022_3	1	ENV_Salinity	0.627457	0.033789	-0.593669	0.637363	3.000000	1.000000	0	0	1	1.000000	0.000000	0.000000
ASV_327_16S_022_3	ASV_1781_16S_022_3	1	ENV_Salinity	0.767837	0.134120	-0.633717	0.273726	3.000000	1.000000	0	0	1	1.000000	0.000000	0.000000
ASV_415_16S_022_3	ASV_1781_16S_022_3	1	ENV_Salinity	0.710075	0.149313	-0.560762	0.364635	3.000000	1.000000	0	0	1	1.000000	0.000000	0.000000
ASV_1117_16S_022_3	ASV_1781_16S_022_3	1	ENV_Salinity	0.789639	0.083954	-0.705685	0.273726	3.000000	1.000000	0	0	1	1.000000	0.000000	0.000000
ASV_1186_16S_022_3	ASV_1781_16S_022_3	1	ENV_Salinity	0.649428	0.033789	-0.615640	0.182817	3.000000	1.000000	0	0	1	1.000000	0.000000	0.000000
ASV_1777_16S_022_3	ASV_1781_16S_022_3	1	ENV_Salinity	0.706360	0.033789	-0.672571	0.546454	3.000000	1.000000	0	0	1	1.000000	0.000000	0.000000
ASV_600_16S_022_3	ASV_1795_16S_022_3	1	ENV_Salinity	0.567243	0.000000	-0.567243	0.454545	3.000000	1.000000	0	0	1	1.000000	0.000000	0.000000
ASV_1534_16S_022_3	ASV_1804_16S_022_3	1	ENV_Salinity	0.651204	0.033789	-0.617415	0.273726	3.000000	1.000000	0	0	1	1.000000	0.000000	0.000000
ASV_150_16S_022_3	ASV_1801_16S_022_3	1	ENV_Salinity	0.747632	1.752333	1.004701	nan	3.000000	1.000000	0	0	1	1.000000	0.000000	0.000000
ASV_1201_16S_022_3	ASV_1820_16S_022_3	1	ENV_Salinity	0.599096	0.000000	-0.599096	1.000000	3.000000	1.000000	0	0	1	1.000000	0.000000	0.000000
ASV_1189_16S_022_3	ASV_1825_16S_022_3	1	ENV_Salinity	0.466538	0.000000	-0.466538	0.636364	3.000000	1.000000	0	0	1	1.000000	0.000000	0.000000
ASV_1644_16S_022_3	ASV_1858_16S_022_3	1	ENV_Salinity	0.577294	0.033789	-0.543505	0.455544	3.000000	1.000000	0	0	1	1.000000	0.000000	0.000000
ASV_1087_16S_022_3	ASV_1855_16S_022_3	1	ENV_Salinity	0.567243	0.033789	-0.533454	0.637363	3.000000	1.000000	0	0	1	1.000000	0.000000	0.000000
ASV_1366_16S_022_3	ASV_1855_16S_022_3	1	ENV_Salinity	0.648598	0.083954	-0.564644	0.455544	3.000000	1.000000	0	0	1	1.000000	0.000000	0.000000
ASV_1458_16S_022_3	ASV_1855_16S_022_3	1	ENV_Salinity	0.587951	0.033789	-0.554163	0.273726	3.000000	1.000000	0	0	1	1.000000	0.000000	0.000000
ASV_143_16S_022_3	ASV_1869_16S_022_3	1	ENV_Salinity	0.577294	0.033789	-0.543505	0.637363	3.000000	1.000000	0	0	1	1.000000	0.000000	0.000000
ASV_1055_16S_022_3	ASV_1869_16S_022_3	1	ENV_Salinity	0.461770	0.033789	-0.427981	0.637363	3.000000	1.000000	0	0	1	1.000000	0.000000	0.000000
ASV_1774_16S_022_3	ASV_1869_16S_022_3	1	ENV_Salinity	0.599096	0.033789	-0.565307	0.637363	3.000000	1.000000	0	0	1	1.000000	0.000000	0.000000
ASV_979_16S_022_3	ASV_1881_16S_022_3	1	ENV_Salinity	0.883362	0.191882	-0.691480	0.273726	3.000000	1.000000	0	0	1	1.000000	0.000000	0.000000
ASV_1633_16S_022_3	ASV_1881_16S_022_3	1	ENV_Salinity	0.523639	0.000000	-0.523639	0.545455	3.000000	1.000000	0	0	1	1.000000	0.000000	0.000000
ASV_406_16S_022_3	ASV_1894_16S_022_3	1	ENV_Salinity	0.643844	0.121274	-0.522570	0.182817	3.000000	1.000000	0	0	1	1.000000	0.000000	0.000000
ASV_1287_16S_022_3	ASV_1894_16S_022_3	1	ENV_Salinity	0.615243	0.071968	-0.543276	0.182817	3.000000	1.000000	0	0	1	1.000000	0.000000	0.000000
ASV_1443_16S_022_3	ASV_1894_16S_022_3	1	ENV_Salinity	0.828867	0.033789	-0.795078	0.182817	3.000000	1.000000	0	0	1	1.000000	0.000000	0.000000
ASV_1146_16S_022_3	ASV_1921_16S_022_3	1	ENV_Salinity	0.771105	0.083954	-0.687150	0.273726	3.000000	1.000000	0	0	1	1.000000	0.000000	0.000000
ASV_1331_16S_022_3	ASV_1921_16S_022_3	1	ENV_Salinity	0.728162	0.033789	-0.694373	0.455544	3.000000	1.000000	0	0	1	1.000000	0.000000	0.000000
ASV_1491_16S_022_3	ASV_1921_16S_022_3	1	ENV_Salinity	0.694808	0.100849	-0.593959	0.273726	3.000000	1.000000	0	0	1	1.000000	0.000000	0.000000
ASV_1648_16S_022_3	ASV_1921_16S_022_3	1	ENV_Salinity	0.728162	0.033789	-0.694373	0.273726	3.000000	1.000000	0	0	1	1.000000	0.000000	0.000000
ASV_174_16S_022_3	ASV_1930_16S_022_3	1	ENV_Salinity	0.550499	0.033789	-0.516710	0.455544	3.000000	1.000000	0	0	1	1.000000	0.000000	0.000000
ASV_987_16S_022_3	ASV_1930_16S_022_3	1	ENV_Salinity	0.706360	0.033789	-0.672571	0.455544	3.000000	1.000000	0	0	1	1.000000	0.000000	0.000000
ASV_1577_16S_022_3	ASV_1930_16S_022_3	1	ENV_Salinity	0.728162	0.033789	-0.694373	0.455544	3.000000	1.000000	0	0	1	1.000000	0.000000	0.000000
ASV_705_16S_022_3	ASV_1934_16S_022_3	1	ENV_Salinity	0.682767	0.095941	-0.586826	0.000999	3.000000	1.000000	0	0	1	1.000000	0.000000	0.000000
ASV_1062_16S_022_3	ASV_1934_16S_022_3	1	ENV_Salinity	0.603203	0.000000	-0.603203	0.636364	3.000000	1.000000	0	0	1	1.000000	0.000000	0.000000
ASV_754_16S_022_3	ASV_1971_16S_022_3	1	ENV_Salinity	0.710075	0.158611	-0.551464	0.273726	3.000000	1.000000	0	0	1	1.000000	0.000000	0.000000
ASV_1498_16S_022_3	ASV_1971_16S_022_3	1	ENV_Salinity	0.839972	0.100849	-0.739123	0.273726	3.000000	1.000000	0	0	1	1.000000	0.000000	0.000000
ASV_428_16S_022_3	ASV_1994_16S_022_3	1	ENV_Salinity	0.530189	0.000000	-0.530189	0.454545	3.000000	1.000000	0	0	1	1.000000	0.000000	0.000000
ASV_552_16S_022_3	ASV_1994_16S_022_3	1	ENV_Salinity	0.551991	-0.091551	-0.643542	0.454545	3.000000	1.000000	0	0	1	1.000000	0.000000	0.000000
ASV_1366_16S_022_3	ASV_1999_16S_022_3	1	ENV_Salinity	0.519532	0.033789	-0.485743	0.637363	3.000000	1.000000	0	0	1	1.000000	0.000000	0.000000
ASV_1543_16S_022_3	ASV_1999_16S_022_3	1	ENV_Salinity	0.519532	0.033789	-0.485743	0.637363	3.000000	1.000000	0	0	1	1.000000	0.000000	0.000000
ASV_1632_16S_022_3	ASV_2009_16S_022_3	1	ENV_Salinity	0.567243	0.033789	-0.533454	0.637363	3.000000	1.000000	0	0	1	1.000000	0.000000	0.000000
ASV_1696_16S_022_3	ASV_2014_16S_022_3	1	ENV_Salinity	0.543650	0.033789	-0.509861	0.637363	3.000000	1.000000	0	0	1	1.000000	0.000000	0.000000
ASV_1551_16S_022_3	ASV_2023_16S_022_3	1	ENV_Salinity	0.706360	0.158611	-0.547749	0.637363	3.000000	1.000000	0	0	1	1.000000	0.000000	0.000000
ASV_1855_16S_022_3	ASV_2023_16S_022_3	1	ENV_Salinity	0.706360	0.129730	-0.576630	0.637363	3.000000	1.000000	0	0	1	1.000000	0.000000	0.000000
ASV_1107_16S_022_3	ASV_2030_16S_022_3	1	ENV_Salinity	0.611976	0.000000	-0.611976	0.363636	3.000000	1.000000	0	0	1	1.000000	0.000000	0.000000
ASV_1158_16S_022_3	ASV_2030_16S_022_3	1	ENV_Salinity	0.518254	-0.095941	-0.614195	0.363636	3.000000	1.000000	0	0	1	1.000000	0.000000	0.000000
ASV_1986_16S_022_3	ASV_2057_16S_022_3	1	ENV_Salinity	0.843687	0.000000	-0.843687	0.636364	3.000000	1.000000	0	0	1	1.000000	0.000000	0.000000
ASV_1105_16S_022_3	ASV_2068_16S_022_3	1	ENV_Salinity	0.597818	0.050166	-0.547652	0.091908	3.000000	1.000000	0	0	1	1.000000	0.000000	0.000000
ASV_2030_16S_022_3	ASV_2068_16S_022_3	1	ENV_Salinity	0.535679	0.000000	-0.535679	0.363636	3.000000	1.000000	0	0	1	1.000000	0.000000	0.000000
ASV_1348_16S_022_3	ASV_2083_16S_022_3	1	ENV_Salinity	0.656858	0.033789	-0.623070	0.637363	3.000000	1.000000	0	0	1	1.000000	0.000000	0.000000
ASV_1516_16S_022_3	ASV_2083_16S_022_3	1	ENV_Salinity	0.656858	0.129730	-0.527129	0.455544	3.000000	1.000000	0	0	1	1.000000	0.000000	0.000000
ASV_720_16S_022_3	ASV_2079_16S_022_3	1	ENV_Salinity	0.487679	0.149313	-0.338365	0.455544	3.000000	1.000000	0	0	1	1.000000	0.000000	0.000000
ASV_928_16S_022_3	ASV_2079_16S_022_3	1	ENV_Salinity	0.749303	0.091551	-0.657752	0.091908	3.000000	1.000000	0	0	1	1.000000	0.000000	0.000000
ASV_1146_16S_022_3	ASV_2079_16S_022_3	1	ENV_Salinity	0.633778	0.207076	-0.426702	0.091908	3.000000	1.000000	0	0	1	1.000000	0.000000	0.000000
ASV_1270_16S_022_3	ASV_2093_16S_022_3	1	ENV_Salinity	0.541334	0.000000	-0.541334	0.818182	3.000000	1.000000	0	0	1	1.000000	0.000000	0.000000
ASV_1307_16S_022_3	ASV_2093_16S_022_3	1	ENV_Salinity	0.577294	0.000000	-0.577294	0.636364	3.000000	1.000000	0	0	1	1.000000	0.000000	0.000000
ASV_1869_16S_022_3	ASV_2093_16S_022_3	1	ENV_Salinity	0.493623	0.006772	-0.486851	0.819181	3.000000	1.000000	0	0	1	1.000000	0.000000	0.000000
ASV_2057_16S_022_3	ASV_2093_16S_022_3	1	ENV_Salinity	0.519532	0.000000	-0.519532	0.636364	3.000000	1.000000	0	0	1	1.000000	0.000000	0.000000
ASV_1394_16S_022_3	ASV_2085_16S_022_3	1	ENV_Salinity	0.461770	0.033789	-0.427981	0.455544	3.000000	1.000000	0	0	1	1.000000	0.000000	0.000000
ASV_1593_16S_022_3	ASV_2085_16S_022_3	1	ENV_Salinity	0.378099	0.033789	-0.344310	0.455544	3.000000	1.000000	0	0	1	1.000000	0.000000	0.000000
ASV_1644_16S_022_3	ASV_2085_16S_022_3	1	ENV_Salinity	0.599096	0.033789	-0.565307	0.455544	3.000000	1.000000	0	0	1	1.000000	0.000000	0.000000
ASV_926_16S_022_3	ASV_2102_16S_022_3	1	ENV_Salinity	0.623912	-0.103538	-0.727449	0.545455	3.000000	1.000000	0	0	1	1.000000	0.000000	0.000000
ASV_1062_16S_022_3	ASV_2102_16S_022_3	1	ENV_Salinity	0.484794	0.000000	-0.484794	0.545455	3.000000	1.000000	0	0	1	1.000000	0.000000	0.000000
ASV_1561_16S_022_3	ASV_2102_16S_022_3	1	ENV_Salinity	0.371722	-0.112835	-0.484558	0.545455	3.000000	1.000000	0	0	1	1.000000	0.000000	0.000000
ASV_1633_16S_022_3	ASV_2102_16S_022_3	1	ENV_Salinity	0.542557	0.000000	-0.542557	0.545455	3.000000	1.000000	0	0	1	1.000000	0.000000	0.000000
ASV_339_16S_022_3	ASV_2127_16S_022_3	1	ENV_Salinity	0.473520	3.261552	2.788032	nan	3.000000	1.000000	0	0	1	1.000000	0.000000	0.000000
ASV_988_16S_022_3	ASV_2127_16S_022_3	1	ENV_Salinity	0.406323	0.033789	-0.372535	0.546454	3.000000	1.000000	0	0	1	1.000000	0.000000	0.000000
ASV_1631_16S_022_3	ASV_2155_16S_022_3	1	ENV_Salinity	0.435861	0.000000	-0.435861	0.818182	3.000000	1.000000	0	0	1	1.000000	0.000000	0.000000
ASV_2127_16S_022_3	ASV_2170_16S_022_3	1	ENV_Salinity	0.404007	-0.115525	-0.519532	0.727273	3.000000	1.000000	0	0	1	1.000000	0.000000	0.000000
ASV_1657_16S_022_3	ASV_2185_16S_022_3	1	ENV_Salinity	0.348561	0.000000	-0.348561	0.727273	3.000000	1.000000	0	0	1	1.000000	0.000000	0.000000
ASV_2186_16S_022_3	ASV_2226_16S_022_3	1	ENV_Salinity	0.356297	0.000000	-0.356297	0.454545	3.000000	1.000000	0	0	1	1.000000	0.000000	0.000000
ASV_2181_16S_022_3	ASV_2243_16S_022_3	1	ENV_Salinity	0.384521	0.000000	-0.384521	0.545455	3.000000	1.000000	0	0	1	1.000000	0.000000	0.000000
ASV_823_16S_022_3	ASV_2304_16S_022_3	1	ENV_Salinity	0.740530	0.158611	-0.581919	0.455544	3.000000	1.000000	0	0	1	1.000000	0.000000	0.000000
ASV_1136_16S_022_3	ASV_2304_16S_022_3	1	ENV_Salinity	0.646807	0.033789	-0.613018	0.455544	3.000000	1.000000	0	0	1	1.000000	0.000000	0.000000
ASV_1394_16S_022_3	ASV_2304_16S_022_3	1	ENV_Salinity	0.603203	0.129730	-0.473473	0.455544	3.000000	1.000000	0	0	1	1.000000	0.000000	0.000000
ASV_1561_16S_022_3	ASV_2304_16S_022_3	1	ENV_Salinity	0.567243	0.112835	-0.454407	0.637363	3.000000	1.000000	0	0	1	1.000000	0.000000	0.000000
ASV_1697_16S_022_3	ASV_2371_16S_022_3	1	ENV_Salinity	0.553085	0.000000	-0.553085	0.727273	3.000000	1.000000	0	0	1	1.000000	0.000000	0.000000
ASV_1055_16S_022_3	ASV_2653_16S_022_3	1	ENV_Salinity	0.519532	0.000000	-0.519532	0.727273	3.000000	1.000000	0	0	1	1.000000	0.000000	0.000000
ASV_1589_16S_022_3	ASV_2653_16S_022_3	1	ENV_Salinity	0.519532	0.000000	-0.519532	0.727273	3.000000	1.000000	0	0	1	1.000000	0.000000	0.000000
ASV_1697_16S_022_3	ASV_2653_16S_022_3	1	ENV_Salinity	0.483572	0.000000	-0.483572	0.727273	3.000000	1.000000	0	0	1	1.000000	0.000000	0.000000
ASV_137_16S_022_3	OTU_4_18S_022_3	1	ENV_Salinity	0.419925	0.336093	-0.083833	0.000999	3.000000	1.000000	0	0	1	1.000000	0.000000	0.000000
ASV_574_16S_022_3	OTU_4_18S_022_3	1	ENV_Salinity	0.782035	0.197010	-0.585025	0.000999	3.000000	1.000000	0	0	1	1.000000	0.000000	0.000000
ASV_30_16S_022_3	OTU_6_18S_022_3	1	ENV_Salinity	0.358693	0.187271	-0.171422	0.273726	3.000000	1.000000	0	0	1	1.000000	0.000000	0.000000
ASV_95_16S_022_3	OTU_18_18S_022_3	1	ENV_Salinity	0.342833	0.517408	0.174575	nan	3.000000	1.000000	0	0	1	1.000000	0.000000	0.000000
OTU_15_18S_022_3	OTU_28_18S_022_3	1	ENV_Salinity	0.331171	0.188255	-0.142917	0.182817	3.000000	1.000000	0	0	1	1.000000	0.000000	0.000000
OTU_24_18S_022_3	OTU_46_18S_022_3	1	ENV_Salinity	0.342829	1.011589	0.668760	nan	3.000000	1.000000	0	0	1	1.000000	0.000000	0.000000
OTU_39_18S_022_3	OTU_61_18S_022_3	1	ENV_Salinity	0.753600	0.042413	-0.711187	0.000999	3.000000	1.000000	0	0	1	1.000000	0.000000	0.000000
OTU_29_18S_022_3	OTU_60_18S_022_3	1	ENV_Salinity	0.788008	1.666651	0.878644	nan	3.000000	1.000000	0	0	1	1.000000	0.000000	0.000000
ASV_7_16S_022_3	OTU_67_18S_022_3	1	ENV_Salinity	0.264596	0.038647	-0.225949	0.000999	3.000000	1.000000	0	0	1	1.000000	0.000000	0.000000
ASV_2079_16S_022_3	OTU_67_18S_022_3	1	ENV_Salinity	0.313766	0.940658	0.626892	nan	3.000000	1.000000	0	0	1	1.000000	0.000000	0.000000
OTU_60_18S_022_3	OTU_77_18S_022_3	1	ENV_Salinity	0.650177	1.616644	0.966467	nan	3.000000	1.000000	0	0	1	1.000000	0.000000	0.000000
ASV_25_16S_022_3	OTU_87_18S_022_3	1	ENV_Salinity	0.283610	0.163247	-0.120363	0.091908	3.000000	1.000000	0	0	1	1.000000	0.000000	0.000000
ASV_1092_16S_022_3	OTU_92_18S_022_3	1	ENV_Salinity	0.434209	0.010471	-0.423737	0.000999	3.000000	1.000000	0	0	1	1.000000	0.000000	0.000000
ASV_132_16S_022_3	OTU_95_18S_022_3	1	ENV_Salinity	0.427992	0.311408	-0.116584	0.273726	3.000000	1.000000	0	0	1	1.000000	0.000000	0.000000
ASV_1894_16S_022_3	OTU_95_18S_022_3	1	ENV_Salinity	0.379426	0.000000	-0.379426	0.272727	3.000000	1.000000	0	0	1	1.000000	0.000000	0.000000
ASV_1397_16S_022_3	OTU_107_18S_022_3	1	ENV_Salinity	0.298548	3.319672	3.021124	nan	3.000000	1.000000	0	0	1	1.000000	0.000000	0.000000
ASV_730_16S_022_3	OTU_101_18S_022_3	1	ENV_Salinity	0.717719	0.110146	-0.607572	0.273726	3.000000	1.000000	0	0	1	1.000000	0.000000	0.000000
ASV_363_16S_022_3	OTU_110_18S_022_3	1	ENV_Salinity	0.424213	-0.028881	-0.453094	0.636364	3.000000	1.000000	0	0	1	1.000000	0.000000	0.000000
ASV_15_16S_022_3	OTU_130_18S_022_3	1	ENV_Salinity	0.327541	-0.016894	-0.344435	0.363636	3.000000	1.000000	0	0	1	1.000000	0.000000	0.000000
ASV_1753_16S_022_3	OTU_133_18S_022_3	1	ENV_Salinity	0.453176	0.195432	-0.257744	0.364635	3.000000	1.000000	0	0	1	1.000000	0.000000	0.000000
ASV_98_16S_022_3	OTU_129_18S_022_3	1	ENV_Salinity	0.695171	0.033789	-0.661382	0.091908	3.000000	1.000000	0	0	1	1.000000	0.000000	0.000000
ASV_51_16S_022_3	OTU_148_18S_022_3	1	ENV_Salinity	0.357996	0.854172	0.496176	nan	3.000000	1.000000	0	0	1	1.000000	0.000000	0.000000
ASV_431_16S_022_3	OTU_168_18S_022_3	1	ENV_Salinity	0.483039	0.799396	0.316357	nan	3.000000	1.000000	0	0	1	1.000000	0.000000	0.000000
ASV_1374_16S_022_3	OTU_168_18S_022_3	1	ENV_Salinity	0.523590	0.174988	-0.348602	0.455544	3.000000	1.000000	0	0	1	1.000000	0.000000	0.000000
ASV_525_16S_022_3	OTU_182_18S_022_3	1	ENV_Salinity	0.580978	1.098956	0.517978	nan	3.000000	1.000000	0	0	1	1.000000	0.000000	0.000000
OTU_115_18S_022_3	OTU_186_18S_022_3	1	ENV_Salinity	0.468135	0.882872	0.414737	nan	3.000000	1.000000	0	0	1	1.000000	0.000000	0.000000
ASV_1205_16S_022_3	OTU_188_18S_022_3	1	ENV_Salinity	0.401058	0.041804	-0.359254	0.182817	3.000000	1.000000	0	0	1	1.000000	0.000000	0.000000
ASV_290_16S_022_3	OTU_195_18S_022_3	1	ENV_Salinity	0.715297	1.371814	0.656517	nan	3.000000	1.000000	0	0	1	1.000000	0.000000	0.000000
OTU_28_18S_022_3	OTU_201_18S_022_3	1	ENV_Salinity	0.415495	0.745037	0.329542	nan	3.000000	1.000000	0	0	1	1.000000	0.000000	0.000000
ASV_350_16S_022_3	OTU_207_18S_022_3	1	ENV_Salinity	0.519532	0.283433	-0.236099	0.000999	3.000000	1.000000	0	0	1	1.000000	0.000000	0.000000
ASV_632_16S_022_3	OTU_207_18S_022_3	1	ENV_Salinity	0.692202	0.191882	-0.500320	0.000999	3.000000	1.000000	0	0	1	1.000000	0.000000	0.000000
ASV_1147_16S_022_3	OTU_207_18S_022_3	1	ENV_Salinity	0.646807	0.033789	-0.613018	0.000999	3.000000	1.000000	0	0	1	1.000000	0.000000	0.000000
OTU_133_18S_022_3	OTU_215_18S_022_3	1	ENV_Salinity	0.388103	0.100331	-0.287772	0.273726	3.000000	1.000000	0	0	1	1.000000	0.000000	0.000000
OTU_177_18S_022_3	OTU_215_18S_022_3	1	ENV_Salinity	0.425193	-0.051800	-0.476992	0.818182	3.000000	1.000000	0	0	1	1.000000	0.000000	0.000000
ASV_23_16S_022_3	OTU_217_18S_022_3	1	ENV_Salinity	0.428628	1.120239	0.691610	nan	3.000000	1.000000	0	0	1	1.000000	0.000000	0.000000
ASV_651_16S_022_3	OTU_227_18S_022_3	1	ENV_Salinity	0.439968	0.067060	-0.372908	0.000999	3.000000	1.000000	0	0	1	1.000000	0.000000	0.000000
ASV_473_16S_022_3	OTU_233_18S_022_3	1	ENV_Salinity	0.440475	0.527102	0.086627	nan	3.000000	1.000000	0	0	1	1.000000	0.000000	0.000000
ASV_1481_16S_022_3	OTU_233_18S_022_3	1	ENV_Salinity	0.386179	-0.028462	-0.414641	0.363636	3.000000	1.000000	0	0	1	1.000000	0.000000	0.000000
ASV_185_16S_022_3	OTU_234_18S_022_3	1	ENV_Salinity	0.451962	0.108224	-0.343738	0.364635	3.000000	1.000000	0	0	1	1.000000	0.000000	0.000000
OTU_24_18S_022_3	OTU_234_18S_022_3	1	ENV_Salinity	0.495645	0.208651	-0.286994	0.091908	3.000000	1.000000	0	0	1	1.000000	0.000000	0.000000
OTU_200_18S_022_3	OTU_241_18S_022_3	1	ENV_Salinity	0.583869	0.063512	-0.520357	0.182817	3.000000	1.000000	0	0	1	1.000000	0.000000	0.000000
OTU_183_18S_022_3	OTU_242_18S_022_3	1	ENV_Salinity	0.533037	1.189626	0.656588	nan	3.000000	1.000000	0	0	1	1.000000	0.000000	0.000000
ASV_547_16S_022_3	OTU_266_18S_022_3	1	ENV_Salinity	0.652527	0.019769	-0.632758	0.000999	3.000000	1.000000	0	0	1	1.000000	0.000000	0.000000
ASV_1106_16S_022_3	OTU_287_18S_022_3	1	ENV_Salinity	0.435861	0.129730	-0.306131	0.000999	3.000000	1.000000	0	0	1	1.000000	0.000000	0.000000
OTU_182_18S_022_3	OTU_310_18S_022_3	1	ENV_Salinity	0.501165	0.296059	-0.205107	0.273726	3.000000	1.000000	0	0	1	1.000000	0.000000	0.000000
ASV_400_16S_022_3	OTU_320_18S_022_3	1	ENV_Salinity	0.731131	-0.045776	-0.776906	0.272727	3.000000	1.000000	0	0	1	1.000000	0.000000	0.000000
ASV_411_16S_022_3	OTU_320_18S_022_3	1	ENV_Salinity	0.620366	0.153703	-0.466663	0.273726	3.000000	1.000000	0	0	1	1.000000	0.000000	0.000000
ASV_72_16S_022_3	OTU_318_18S_022_3	1	ENV_Salinity	0.363341	0.398118	0.034776	nan	3.000000	1.000000	0	0	1	1.000000	0.000000	0.000000
ASV_743_16S_022_3	OTU_327_18S_022_3	1	ENV_Salinity	0.322652	0.030582	-0.292070	0.546454	3.000000	1.000000	0	0	1	1.000000	0.000000	0.000000
ASV_1059_16S_022_3	OTU_338_18S_022_3	1	ENV_Salinity	0.404007	0.033789	-0.370219	0.546454	3.000000	1.000000	0	0	1	1.000000	0.000000	0.000000
OTU_24_18S_022_3	OTU_345_18S_022_3	1	ENV_Salinity	0.404515	0.818533	0.414018	nan	3.000000	1.000000	0	0	1	1.000000	0.000000	0.000000
ASV_149_16S_022_3	OTU_350_18S_022_3	1	ENV_Salinity	0.465051	0.677867	0.212816	nan	3.000000	1.000000	0	0	1	1.000000	0.000000	0.000000
ASV_992_16S_022_3	OTU_350_18S_022_3	1	ENV_Salinity	0.367310	1.557677	1.190367	nan	3.000000	1.000000	0	0	1	1.000000	0.000000	0.000000
ASV_111_16S_022_3	OTU_347_18S_022_3	1	ENV_Salinity	0.281302	0.669876	0.388575	nan	3.000000	1.000000	0	0	1	1.000000	0.000000	0.000000
ASV_814_16S_022_3	OTU_365_18S_022_3	1	ENV_Salinity	0.538170	0.033789	-0.504382	0.091908	3.000000	1.000000	0	0	1	1.000000	0.000000	0.000000
ASV_1380_16S_022_3	OTU_351_18S_022_3	1	ENV_Salinity	0.435094	0.196116	-0.238978	0.182817	3.000000	1.000000	0	0	1	1.000000	0.000000	0.000000
OTU_144_18S_022_3	OTU_388_18S_022_3	1	ENV_Salinity	0.612518	1.251178	0.638660	nan	3.000000	1.000000	0	0	1	1.000000	0.000000	0.000000
OTU_222_18S_022_3	OTU_388_18S_022_3	1	ENV_Salinity	0.416504	0.463006	0.046502	nan	3.000000	1.000000	0	0	1	1.000000	0.000000	0.000000
OTU_121_18S_022_3	OTU_384_18S_022_3	1	ENV_Salinity	0.484794	3.600354	3.115559	nan	3.000000	1.000000	0	0	1	1.000000	0.000000	0.000000
ASV_600_16S_022_3	OTU_413_18S_022_3	1	ENV_Salinity	0.531283	-0.056707	-0.587990	0.454545	3.000000	1.000000	0	0	1	1.000000	0.000000	0.000000
ASV_30_16S_022_3	OTU_423_18S_022_3	1	ENV_Salinity	0.355987	0.925352	0.569364	nan	3.000000	1.000000	0	0	1	1.000000	0.000000	0.000000
ASV_585_16S_022_3	OTU_423_18S_022_3	1	ENV_Salinity	0.609753	3.039283	2.429529	nan	3.000000	1.000000	0	0	1	1.000000	0.000000	0.000000
ASV_1632_16S_022_3	OTU_419_18S_022_3	1	ENV_Salinity	0.634440	0.033789	-0.600651	0.455544	3.000000	1.000000	0	0	1	1.000000	0.000000	0.000000
ASV_34_16S_022_3	OTU_393_18S_022_3	1	ENV_Salinity	0.407691	0.165172	-0.242519	0.364635	3.000000	1.000000	0	0	1	1.000000	0.000000	0.000000
ASV_475_16S_022_3	OTU_393_18S_022_3	1	ENV_Salinity	0.395164	0.474993	0.079828	nan	3.000000	1.000000	0	0	1	1.000000	0.000000	0.000000
ASV_588_16S_022_3	OTU_434_18S_022_3	1	ENV_Salinity	0.576016	0.237658	-0.338358	0.091908	3.000000	1.000000	0	0	1	1.000000	0.000000	0.000000
OTU_267_18S_022_3	OTU_373_18S_022_3	1	ENV_Salinity	0.565369	0.088344	-0.477025	0.637363	3.000000	1.000000	0	0	1	1.000000	0.000000	0.000000
OTU_100_18S_022_3	OTU_445_18S_022_3	1	ENV_Salinity	0.618023	0.129730	-0.488294	0.546454	3.000000	1.000000	0	0	1	1.000000	0.000000	0.000000
OTU_350_18S_022_3	OTU_436_18S_022_3	1	ENV_Salinity	0.507263	2.731932	2.224669	nan	3.000000	1.000000	0	0	1	1.000000	0.000000	0.000000
ASV_101_16S_022_3	OTU_455_18S_022_3	1	ENV_Salinity	0.519532	3.787478	3.267946	nan	3.000000	1.000000	0	0	1	1.000000	0.000000	0.000000
OTU_384_18S_022_3	OTU_455_18S_022_3	1	ENV_Salinity	0.519532	3.787478	3.267946	nan	3.000000	1.000000	0	0	1	1.000000	0.000000	0.000000
ASV_1076_16S_022_3	OTU_430_18S_022_3	1	ENV_Salinity	0.682504	0.091551	-0.590953	0.273726	3.000000	1.000000	0	0	1	1.000000	0.000000	0.000000
OTU_87_18S_022_3	OTU_463_18S_022_3	1	ENV_Salinity	0.482870	1.519162	1.036291	nan	3.000000	1.000000	0	0	1	1.000000	0.000000	0.000000
OTU_105_18S_022_3	OTU_463_18S_022_3	1	ENV_Salinity	0.596689	0.247943	-0.348745	0.819181	3.000000	1.000000	0	0	1	1.000000	0.000000	0.000000
OTU_342_18S_022_3	OTU_463_18S_022_3	1	ENV_Salinity	0.647181	0.132419	-0.514763	0.728272	3.000000	1.000000	0	0	1	1.000000	0.000000	0.000000
OTU_329_18S_022_3	OTU_458_18S_022_3	1	ENV_Salinity	0.452041	0.318405	-0.133636	0.637363	3.000000	1.000000	0	0	1	1.000000	0.000000	0.000000
OTU_9_18S_022_3	OTU_466_18S_022_3	1	ENV_Salinity	0.418717	1.038457	0.619740	nan	3.000000	1.000000	0	0	1	1.000000	0.000000	0.000000
ASV_149_16S_022_3	OTU_485_18S_022_3	1	ENV_Salinity	0.420722	0.409394	-0.011327	0.000999	3.000000	1.000000	0	0	1	1.000000	0.000000	0.000000
ASV_754_16S_022_3	OTU_489_18S_022_3	1	ENV_Salinity	0.727784	-0.015958	-0.743742	0.727273	3.000000	1.000000	0	0	1	1.000000	0.000000	0.000000
OTU_128_18S_022_3	OTU_496_18S_022_3	1	ENV_Salinity	0.503289	1.526747	1.023458	nan	3.000000	1.000000	0	0	1	1.000000	0.000000	0.000000
ASV_36_16S_022_3	OTU_509_18S_022_3	1	ENV_Salinity	0.363954	-0.028881	-0.392836	1.000000	3.000000	1.000000	0	0	1	1.000000	0.000000	0.000000
ASV_364_16S_022_3	OTU_509_18S_022_3	1	ENV_Salinity	0.379321	-0.040868	-0.420189	0.909091	3.000000	1.000000	0	0	1	1.000000	0.000000	0.000000
ASV_294_16S_022_3	OTU_516_18S_022_3	1	ENV_Salinity	0.524973	0.035490	-0.489484	0.364635	3.000000	1.000000	0	0	1	1.000000	0.000000	0.000000
OTU_436_18S_022_3	OTU_495_18S_022_3	1	ENV_Salinity	0.423685	2.240156	1.816471	nan	3.000000	1.000000	0	0	1	1.000000	0.000000	0.000000
OTU_507_18S_022_3	OTU_495_18S_022_3	1	ENV_Salinity	0.544899	0.118926	-0.425973	0.273726	3.000000	1.000000	0	0	1	1.000000	0.000000	0.000000
ASV_512_16S_022_3	OTU_535_18S_022_3	1	ENV_Salinity	0.383553	0.078512	-0.305041	0.091908	3.000000	1.000000	0	0	1	1.000000	0.000000	0.000000
ASV_1851_16S_022_3	OTU_519_18S_022_3	1	ENV_Salinity	0.519532	0.079047	-0.440485	0.000999	3.000000	1.000000	0	0	1	1.000000	0.000000	0.000000
ASV_289_16S_022_3	OTU_543_18S_022_3	1	ENV_Salinity	0.489768	0.679190	0.189422	nan	3.000000	1.000000	0	0	1	1.000000	0.000000	0.000000
OTU_167_18S_022_3	OTU_544_18S_022_3	1	ENV_Salinity	0.439968	0.000000	-0.439968	0.454545	3.000000	1.000000	0	0	1	1.000000	0.000000	0.000000
ASV_1380_16S_022_3	OTU_537_18S_022_3	1	ENV_Salinity	0.597818	0.043086	-0.554731	0.273726	3.000000	1.000000	0	0	1	1.000000	0.000000	0.000000
OTU_267_18S_022_3	OTU_534_18S_022_3	1	ENV_Salinity	0.507607	-0.007597	-0.515204	0.181818	3.000000	1.000000	0	0	1	1.000000	0.000000	0.000000
OTU_121_18S_022_3	OTU_550_18S_022_3	1	ENV_Salinity	0.699930	3.878879	3.178949	nan	3.000000	1.000000	0	0	1	1.000000	0.000000	0.000000
OTU_207_18S_022_3	OTU_550_18S_022_3	1	ENV_Salinity	0.645714	0.055073	-0.590640	0.455544	3.000000	1.000000	0	0	1	1.000000	0.000000	0.000000
ASV_33_16S_022_3	OTU_551_18S_022_3	1	ENV_Salinity	0.366451	0.022339	-0.344111	0.364635	3.000000	1.000000	0	0	1	1.000000	0.000000	0.000000
OTU_327_18S_022_3	OTU_491_18S_022_3	1	ENV_Salinity	0.461770	0.000000	-0.461770	0.545455	3.000000	1.000000	0	0	1	1.000000	0.000000	0.000000
OTU_489_18S_022_3	OTU_491_18S_022_3	1	ENV_Salinity	0.492359	0.083437	-0.408922	0.273726	3.000000	1.000000	0	0	1	1.000000	0.000000	0.000000
ASV_1043_16S_022_3	OTU_493_18S_022_3	1	ENV_Salinity	0.407682	-0.112835	-0.520518	0.636364	3.000000	1.000000	0	0	1	1.000000	0.000000	0.000000
OTU_146_18S_022_3	OTU_558_18S_022_3	1	ENV_Salinity	0.480408	-0.091551	-0.571959	0.454545	3.000000	1.000000	0	0	1	1.000000	0.000000	0.000000
OTU_385_18S_022_3	OTU_574_18S_022_3	1	ENV_Salinity	0.528981	0.208759	-0.320221	0.364635	3.000000	1.000000	0	0	1	1.000000	0.000000	0.000000
ASV_1801_16S_022_3	OTU_568_18S_022_3	1	ENV_Salinity	0.899116	0.203869	-0.695248	0.000999	3.000000	1.000000	0	0	1	1.000000	0.000000	0.000000
ASV_560_16S_022_3	OTU_556_18S_022_3	1	ENV_Salinity	0.607048	1.087145	0.480098	nan	3.000000	1.000000	0	0	1	1.000000	0.000000	0.000000
ASV_9_16S_022_3	OTU_585_18S_022_3	1	ENV_Salinity	0.384081	0.908326	0.524245	nan	3.000000	1.000000	0	0	1	1.000000	0.000000	0.000000
OTU_200_18S_022_3	OTU_582_18S_022_3	1	ENV_Salinity	0.557088	0.057762	-0.499326	0.182817	3.000000	1.000000	0	0	1	1.000000	0.000000	0.000000
OTU_605_18S_022_3	OTU_577_18S_022_3	1	ENV_Salinity	0.645052	0.045776	-0.599277	0.728272	3.000000	1.000000	0	0	1	1.000000	0.000000	0.000000
ASV_33_16S_022_3	OTU_624_18S_022_3	1	ENV_Salinity	0.357648	0.022278	-0.335371	0.273726	3.000000	1.000000	0	0	1	1.000000	0.000000	0.000000
ASV_1382_16S_022_3	OTU_624_18S_022_3	1	ENV_Salinity	0.372816	0.000000	-0.372816	0.636364	3.000000	1.000000	0	0	1	1.000000	0.000000	0.000000
OTU_158_18S_022_3	OTU_660_18S_022_3	1	ENV_Salinity	0.653025	0.095268	-0.557757	0.000999	3.000000	1.000000	0	0	1	1.000000	0.000000	0.000000
OTU_243_18S_022_3	OTU_660_18S_022_3	1	ENV_Salinity	0.597818	0.043086	-0.554731	0.000999	3.000000	1.000000	0	0	1	1.000000	0.000000	0.000000
OTU_270_18S_022_3	OTU_655_18S_022_3	1	ENV_Salinity	0.682767	0.033789	-0.648979	0.455544	3.000000	1.000000	0	0	1	1.000000	0.000000	0.000000
ASV_1446_16S_022_3	OTU_652_18S_022_3	1	ENV_Salinity	0.378589	0.437703	0.059114	nan	3.000000	1.000000	0	0	1	1.000000	0.000000	0.000000
OTU_200_18S_022_3	OTU_675_18S_022_3	1	ENV_Salinity	0.691824	0.129056	-0.562768	0.182817	3.000000	1.000000	0	0	1	1.000000	0.000000	0.000000
OTU_574_18S_022_3	OTU_675_18S_022_3	1	ENV_Salinity	0.528981	0.208759	-0.320221	0.364635	3.000000	1.000000	0	0	1	1.000000	0.000000	0.000000
ASV_1825_16S_022_3	OTU_689_18S_022_3	1	ENV_Salinity	0.707022	0.000000	-0.707022	0.545455	3.000000	1.000000	0	0	1	1.000000	0.000000	0.000000
ASV_2181_16S_022_3	OTU_689_18S_022_3	1	ENV_Salinity	0.625005	0.000000	-0.625005	0.545455	3.000000	1.000000	0	0	1	1.000000	0.000000	0.000000
OTU_60_18S_022_3	OTU_707_18S_022_3	1	ENV_Salinity	0.722945	1.937073	1.214128	nan	3.000000	1.000000	0	0	1	1.000000	0.000000	0.000000
ASV_2085_16S_022_3	OTU_716_18S_022_3	1	ENV_Salinity	0.404007	0.033789	-0.370219	0.455544	3.000000	1.000000	0	0	1	1.000000	0.000000	0.000000
OTU_268_18S_022_3	OTU_716_18S_022_3	1	ENV_Salinity	0.566149	0.033789	-0.532361	0.455544	3.000000	1.000000	0	0	1	1.000000	0.000000	0.000000
ASV_874_16S_022_3	OTU_733_18S_022_3	1	ENV_Salinity	0.416375	0.033789	-0.382586	0.091908	3.000000	1.000000	0	0	1	1.000000	0.000000	0.000000
OTU_320_18S_022_3	OTU_729_18S_022_3	1	ENV_Salinity	0.711204	1.822861	1.111657	nan	3.000000	1.000000	0	0	1	1.000000	0.000000	0.000000
ASV_301_16S_022_3	OTU_751_18S_022_3	1	ENV_Salinity	0.394702	-0.007597	-0.402299	0.181818	3.000000	1.000000	0	0	1	1.000000	0.000000	0.000000
ASV_505_16S_022_3	OTU_747_18S_022_3	1	ENV_Salinity	0.385681	0.070932	-0.314749	0.000999	3.000000	1.000000	0	0	1	1.000000	0.000000	0.000000
OTU_345_18S_022_3	OTU_766_18S_022_3	1	ENV_Salinity	0.838470	2.755580	1.917110	nan	3.000000	1.000000	0	0	1	1.000000	0.000000	0.000000
OTU_413_18S_022_3	OTU_771_18S_022_3	1	ENV_Salinity	0.717719	2.655082	1.937364	nan	3.000000	1.000000	0	0	1	1.000000	0.000000	0.000000
OTU_516_18S_022_3	OTU_771_18S_022_3	1	ENV_Salinity	0.614105	2.320886	1.706781	nan	3.000000	1.000000	0	0	1	1.000000	0.000000	0.000000
ASV_300_16S_022_3	OTU_763_18S_022_3	1	ENV_Salinity	0.768220	0.171115	-0.597105	0.000999	3.000000	1.000000	0	0	1	1.000000	0.000000	0.000000
ASV_759_16S_022_3	OTU_763_18S_022_3	1	ENV_Salinity	0.673006	0.100849	-0.572157	0.091908	3.000000	1.000000	0	0	1	1.000000	0.000000	0.000000
OTU_22_18S_022_3	OTU_754_18S_022_3	1	ENV_Salinity	0.571923	2.807047	2.235124	nan	3.000000	1.000000	0	0	1	1.000000	0.000000	0.000000
OTU_707_18S_022_3	OTU_754_18S_022_3	1	ENV_Salinity	0.655580	2.856030	2.200450	nan	3.000000	1.000000	0	0	1	1.000000	0.000000	0.000000
ASV_192_16S_022_3	OTU_798_18S_022_3	1	ENV_Salinity	0.378789	0.209419	-0.169370	0.091908	3.000000	1.000000	0	0	1	1.000000	0.000000	0.000000
ASV_2084_16S_022_3	OTU_817_18S_022_3	1	ENV_Salinity	0.408776	-0.112835	-0.521611	0.636364	3.000000	1.000000	0	0	1	1.000000	0.000000	0.000000
OTU_320_18S_022_3	OTU_811_18S_022_3	1	ENV_Salinity	0.375159	0.657382	0.282224	nan	3.000000	1.000000	0	0	1	1.000000	0.000000	0.000000
OTU_335_18S_022_3	OTU_825_18S_022_3	1	ENV_Salinity	0.670022	0.296603	-0.373419	0.546454	3.000000	1.000000	0	0	1	1.000000	0.000000	0.000000
ASV_782_16S_022_3	OTU_826_18S_022_3	1	ENV_Salinity	0.545441	0.191882	-0.353559	0.000999	3.000000	1.000000	0	0	1	1.000000	0.000000	0.000000
OTU_754_18S_022_3	OTU_518_18S_022_3	1	ENV_Salinity	0.531283	0.083954	-0.447328	0.546454	3.000000	1.000000	0	0	1	1.000000	0.000000	0.000000
OTU_393_18S_022_3	OTU_797_18S_022_3	1	ENV_Salinity	0.538808	0.085009	-0.453798	0.819181	3.000000	1.000000	0	0	1	1.000000	0.000000	0.000000
OTU_698_18S_022_3	OTU_797_18S_022_3	1	ENV_Salinity	0.479070	2.174602	1.695532	nan	3.000000	1.000000	0	0	1	1.000000	0.000000	0.000000
OTU_798_18S_022_3	OTU_797_18S_022_3	1	ENV_Salinity	0.381554	2.064747	1.683193	nan	3.000000	1.000000	0	0	1	1.000000	0.000000	0.000000
OTU_766_18S_022_3	OTU_846_18S_022_3	1	ENV_Salinity	0.681684	2.793112	2.111429	nan	3.000000	1.000000	0	0	1	1.000000	0.000000	0.000000
OTU_662_18S_022_3	OTU_847_18S_022_3	1	ENV_Salinity	0.404007	0.234968	-0.169039	0.455544	3.000000	1.000000	0	0	1	1.000000	0.000000	0.000000
ASV_1732_16S_022_3	OTU_851_18S_022_3	1	ENV_Salinity	0.472427	0.067060	-0.405367	0.091908	3.000000	1.000000	0	0	1	1.000000	0.000000	0.000000
ASV_824_16S_022_3	OTU_850_18S_022_3	1	ENV_Salinity	0.589045	3.356895	2.767850	nan	3.000000	1.000000	0	0	1	1.000000	0.000000	0.000000
ASV_500_16S_022_3	OTU_868_18S_022_3	1	ENV_Salinity	0.566149	0.149313	-0.416836	0.000999	3.000000	1.000000	0	0	1	1.000000	0.000000	0.000000
OTU_644_18S_022_3	OTU_872_18S_022_3	1	ENV_Salinity	0.322652	0.071968	-0.250685	0.637363	3.000000	1.000000	0	0	1	1.000000	0.000000	0.000000
ASV_1139_16S_022_3	OTU_873_18S_022_3	1	ENV_Salinity	0.519532	0.000000	-0.519532	0.818182	3.000000	1.000000	0	0	1	1.000000	0.000000	0.000000
ASV_1201_16S_022_3	OTU_873_18S_022_3	1	ENV_Salinity	0.577294	0.000000	-0.577294	1.000000	3.000000	1.000000	0	0	1	1.000000	0.000000	0.000000
ASV_1382_16S_022_3	OTU_873_18S_022_3	1	ENV_Salinity	0.461770	0.000000	-0.461770	0.818182	3.000000	1.000000	0	0	1	1.000000	0.000000	0.000000
OTU_342_18S_022_3	OTU_787_18S_022_3	1	ENV_Salinity	0.591666	0.045776	-0.545891	0.455544	3.000000	1.000000	0	0	1	1.000000	0.000000	0.000000
OTU_419_18S_022_3	OTU_787_18S_022_3	1	ENV_Salinity	0.680162	0.112835	-0.567326	0.637363	3.000000	1.000000	0	0	1	1.000000	0.000000	0.000000
OTU_716_18S_022_3	OTU_787_18S_022_3	1	ENV_Salinity	0.475311	0.033789	-0.441522	0.455544	3.000000	1.000000	0	0	1	1.000000	0.000000	0.000000
OTU_98_18S_022_3	OTU_866_18S_022_3	1	ENV_Salinity	0.577294	0.000000	-0.577294	0.636364	3.000000	1.000000	0	0	1	1.000000	0.000000	0.000000
OTU_519_18S_022_3	OTU_866_18S_022_3	1	ENV_Salinity	0.435861	0.000000	-0.435861	0.636364	3.000000	1.000000	0	0	1	1.000000	0.000000	0.000000
ASV_958_16S_022_3	OTU_887_18S_022_3	1	ENV_Salinity	0.466538	0.033789	-0.432749	0.637363	3.000000	1.000000	0	0	1	1.000000	0.000000	0.000000
ASV_1190_16S_022_3	OTU_887_18S_022_3	1	ENV_Salinity	0.612638	0.158611	-0.454027	0.637363	3.000000	1.000000	0	0	1	1.000000	0.000000	0.000000
OTU_870_18S_022_3	OTU_894_18S_022_3	1	ENV_Salinity	0.406323	-0.115525	-0.521848	0.727273	3.000000	1.000000	0	0	1	1.000000	0.000000	0.000000
ASV_1335_16S_022_3	OTU_910_18S_022_3	1	ENV_Salinity	0.276732	0.011162	-0.265571	0.637363	3.000000	1.000000	0	0	1	1.000000	0.000000	0.000000
OTU_148_18S_022_3	OTU_917_18S_022_3	1	ENV_Salinity	0.351014	0.033789	-0.317225	0.819181	3.000000	1.000000	0	0	1	1.000000	0.000000	0.000000
OTU_644_18S_022_3	OTU_917_18S_022_3	1	ENV_Salinity	0.368047	0.033789	-0.334258	0.819181	3.000000	1.000000	0	0	1	1.000000	0.000000	0.000000
OTU_724_18S_022_3	OTU_917_18S_022_3	1	ENV_Salinity	0.351014	0.000000	-0.351014	1.000000	3.000000	1.000000	0	0	1	1.000000	0.000000	0.000000
OTU_807_18S_022_3	OTU_920_18S_022_3	1	ENV_Salinity	0.334495	0.119089	-0.215405	0.000999	3.000000	1.000000	0	0	1	1.000000	0.000000	0.000000
ASV_760_16S_022_3	OTU_931_18S_022_3	1	ENV_Salinity	0.464086	0.033789	-0.430297	0.819181	3.000000	1.000000	0	0	1	1.000000	0.000000	0.000000
ASV_2009_16S_022_3	OTU_931_18S_022_3	1	ENV_Salinity	0.625005	0.129730	-0.495275	0.637363	3.000000	1.000000	0	0	1	1.000000	0.000000	0.000000
OTU_86_18S_022_3	OTU_931_18S_022_3	1	ENV_Salinity	0.358613	0.033789	-0.324824	0.546454	3.000000	1.000000	0	0	1	1.000000	0.000000	0.000000
ASV_381_16S_022_3	OTU_942_18S_022_3	1	ENV_Salinity	0.476315	0.033789	-0.442527	0.000999	3.000000	1.000000	0	0	1	1.000000	0.000000	0.000000
ASV_1054_16S_022_3	OTU_942_18S_022_3	1	ENV_Salinity	0.571923	0.033789	-0.538134	0.000999	3.000000	1.000000	0	0	1	1.000000	0.000000	0.000000
OTU_402_18S_022_3	OTU_932_18S_022_3	1	ENV_Salinity	0.574052	0.039098	-0.534955	0.546454	3.000000	1.000000	0	0	1	1.000000	0.000000	0.000000
OTU_456_18S_022_3	OTU_932_18S_022_3	1	ENV_Salinity	0.611221	2.329765	1.718544	nan	3.000000	1.000000	0	0	1	1.000000	0.000000	0.000000
OTU_797_18S_022_3	OTU_932_18S_022_3	1	ENV_Salinity	0.579527	2.687855	2.108328	nan	3.000000	1.000000	0	0	1	1.000000	0.000000	0.000000
ASV_4_16S_022_3	OTU_956_18S_022_3	1	ENV_Salinity	0.341869	1.852749	1.510880	nan	3.000000	1.000000	0	0	1	1.000000	0.000000	0.000000
OTU_563_18S_022_3	OTU_956_18S_022_3	1	ENV_Salinity	0.461770	3.967163	3.505393	nan	3.000000	1.000000	0	0	1	1.000000	0.000000	0.000000
ASV_670_16S_022_3	OTU_977_18S_022_3	1	ENV_Salinity	0.404669	3.510105	3.105436	nan	3.000000	1.000000	0	0	1	1.000000	0.000000	0.000000
OTU_807_18S_022_3	OTU_964_18S_022_3	1	ENV_Salinity	0.483572	0.201180	-0.282392	0.000999	3.000000	1.000000	0	0	1	1.000000	0.000000	0.000000
OTU_716_18S_022_3	OTU_960_18S_022_3	1	ENV_Salinity	0.706360	0.033789	-0.672571	0.455544	3.000000	1.000000	0	0	1	1.000000	0.000000	0.000000
OTU_445_18S_022_3	OTU_992_18S_022_3	1	ENV_Salinity	0.430290	0.014401	-0.415889	0.546454	3.000000	1.000000	0	0	1	1.000000	0.000000	0.000000
ASV_1223_16S_022_3	OTU_985_18S_022_3	1	ENV_Salinity	0.519532	0.000000	-0.519532	0.636364	3.000000	1.000000	0	0	1	1.000000	0.000000	0.000000
ASV_23_16S_022_3	OTU_1014_18S_022_3	1	ENV_Salinity	0.447626	1.102928	0.655302	nan	3.000000	1.000000	0	0	1	1.000000	0.000000	0.000000
OTU_514_18S_022_3	OTU_1024_18S_022_3	1	ENV_Salinity	0.300418	0.028881	-0.271537	0.000999	3.000000	1.000000	0	0	1	1.000000	0.000000	0.000000
OTU_732_18S_022_3	OTU_1024_18S_022_3	1	ENV_Salinity	0.435861	0.095941	-0.339920	0.000999	3.000000	1.000000	0	0	1	1.000000	0.000000	0.000000
OTU_551_18S_022_3	OTU_1070_18S_022_3	1	ENV_Salinity	0.599096	0.067060	-0.532036	0.000999	3.000000	1.000000	0	0	1	1.000000	0.000000	0.000000
OTU_955_18S_022_3	OTU_1075_18S_022_3	1	ENV_Salinity	0.577294	0.158093	-0.419201	0.000999	3.000000	1.000000	0	0	1	1.000000	0.000000	0.000000
OTU_1070_18S_022_3	OTU_1075_18S_022_3	1	ENV_Salinity	0.656858	0.191882	-0.464976	0.000999	3.000000	1.000000	0	0	1	1.000000	0.000000	0.000000
OTU_680_18S_022_3	OTU_1076_18S_022_3	1	ENV_Salinity	0.576016	0.207076	-0.368940	0.455544	3.000000	1.000000	0	0	1	1.000000	0.000000	0.000000
OTU_940_18S_022_3	OTU_1094_18S_022_3	1	ENV_Salinity	0.276732	0.163001	-0.113731	0.819181	3.000000	1.000000	0	0	1	1.000000	0.000000	0.000000
ASV_482_16S_022_3	OTU_1102_18S_022_3	1	ENV_Salinity	0.425193	-0.051800	-0.476992	0.818182	3.000000	1.000000	0	0	1	1.000000	0.000000	0.000000
OTU_870_18S_022_3	OTU_1102_18S_022_3	1	ENV_Salinity	0.567243	0.129730	-0.437513	0.728272	3.000000	1.000000	0	0	1	1.000000	0.000000	0.000000
OTU_612_18S_022_3	OTU_1095_18S_022_3	1	ENV_Salinity	0.680302	0.184285	-0.496016	0.273726	3.000000	1.000000	0	0	1	1.000000	0.000000	0.000000
OTU_889_18S_022_3	OTU_1110_18S_022_3	1	ENV_Salinity	0.545441	0.000000	-0.545441	0.454545	3.000000	1.000000	0	0	1	1.000000	0.000000	0.000000
OTU_561_18S_022_3	OTU_1142_18S_022_3	1	ENV_Salinity	0.414059	-0.039004	-0.453063	1.000000	3.000000	1.000000	0	0	1	1.000000	0.000000	0.000000
OTU_585_18S_022_3	OTU_1142_18S_022_3	1	ENV_Salinity	0.656858	3.972300	3.315441	nan	3.000000	1.000000	0	0	1	1.000000	0.000000	0.000000
OTU_976_18S_022_3	OTU_1142_18S_022_3	1	ENV_Salinity	0.414059	-0.118051	-0.532109	0.818182	3.000000	1.000000	0	0	1	1.000000	0.000000	0.000000
ASV_1145_16S_022_3	OTU_1143_18S_022_3	1	ENV_Salinity	0.524300	0.158611	-0.365689	0.091908	3.000000	1.000000	0	0	1	1.000000	0.000000	0.000000
OTU_28_18S_022_3	OTU_1143_18S_022_3	1	ENV_Salinity	0.228099	1.340619	1.112520	nan	3.000000	1.000000	0	0	1	1.000000	0.000000	0.000000
OTU_469_18S_022_3	OTU_1104_18S_022_3	1	ENV_Salinity	0.435258	0.087485	-0.347773	0.000999	3.000000	1.000000	0	0	1	1.000000	0.000000	0.000000
ASV_93_16S_022_3	OTU_1153_18S_022_3	1	ENV_Salinity	0.703476	0.083954	-0.619522	0.455544	3.000000	1.000000	0	0	1	1.000000	0.000000	0.000000
OTU_46_18S_022_3	OTU_1153_18S_022_3	1	ENV_Salinity	0.489853	0.158611	-0.331242	0.000999	3.000000	1.000000	0	0	1	1.000000	0.000000	0.000000
ASV_174_16S_022_3	OTU_1148_18S_022_3	1	ENV_Salinity	0.513773	0.167909	-0.345864	0.819181	3.000000	1.000000	0	0	1	1.000000	0.000000	0.000000
ASV_501_16S_022_3	OTU_1149_18S_022_3	1	ENV_Salinity	0.456777	0.002357	-0.454419	0.000999	3.000000	1.000000	0	0	1	1.000000	0.000000	0.000000
ASV_765_16S_022_3	OTU_1111_18S_022_3	1	ENV_Salinity	0.655580	-0.049747	-0.705327	0.454545	3.000000	1.000000	0	0	1	1.000000	0.000000	0.000000
OTU_1139_18S_022_3	OTU_1111_18S_022_3	1	ENV_Salinity	0.651204	0.000000	-0.651204	0.454545	3.000000	1.000000	0	0	1	1.000000	0.000000	0.000000
ASV_1139_16S_022_3	OTU_1144_18S_022_3	1	ENV_Salinity	0.509481	-0.106873	-0.616353	0.727273	3.000000	1.000000	0	0	1	1.000000	0.000000	0.000000
OTU_1010_18S_022_3	OTU_1180_18S_022_3	1	ENV_Salinity	0.300850	0.134120	-0.166730	0.364635	3.000000	1.000000	0	0	1	1.000000	0.000000	0.000000
ASV_505_16S_022_3	OTU_1191_18S_022_3	1	ENV_Salinity	0.324443	-0.091551	-0.415994	0.545455	3.000000	1.000000	0	0	1	1.000000	0.000000	0.000000
OTU_1153_18S_022_3	OTU_1191_18S_022_3	1	ENV_Salinity	0.541334	0.000000	-0.541334	0.636364	3.000000	1.000000	0	0	1	1.000000	0.000000	0.000000
ASV_2181_16S_022_3	OTU_1179_18S_022_3	1	ENV_Salinity	0.465876	0.000000	-0.465876	0.545455	3.000000	1.000000	0	0	1	1.000000	0.000000	0.000000
ASV_504_16S_022_3	OTU_1230_18S_022_3	1	ENV_Salinity	0.688273	2.501859	1.813586	nan	3.000000	1.000000	0	0	1	1.000000	0.000000	0.000000
OTU_345_18S_022_3	OTU_1230_18S_022_3	1	ENV_Salinity	0.663587	2.987275	2.323688	nan	3.000000	1.000000	0	0	1	1.000000	0.000000	0.000000
ASV_1028_16S_022_3	OTU_1123_18S_022_3	1	ENV_Salinity	0.589045	0.033789	-0.555256	0.637363	3.000000	1.000000	0	0	1	1.000000	0.000000	0.000000
OTU_268_18S_022_3	OTU_1123_18S_022_3	1	ENV_Salinity	0.666854	0.091551	-0.575303	0.546454	3.000000	1.000000	0	0	1	1.000000	0.000000	0.000000
OTU_287_18S_022_3	OTU_1246_18S_022_3	1	ENV_Salinity	0.435861	0.100849	-0.335012	0.000999	3.000000	1.000000	0	0	1	1.000000	0.000000	0.000000
OTU_733_18S_022_3	OTU_1246_18S_022_3	1	ENV_Salinity	0.435861	0.033789	-0.402072	0.000999	3.000000	1.000000	0	0	1	1.000000	0.000000	0.000000
OTU_29_18S_022_3	OTU_1247_18S_022_3	1	ENV_Salinity	0.504095	1.244674	0.740578	nan	3.000000	1.000000	0	0	1	1.000000	0.000000	0.000000
OTU_58_18S_022_3	OTU_1247_18S_022_3	1	ENV_Salinity	0.396046	0.878606	0.482561	nan	3.000000	1.000000	0	0	1	1.000000	0.000000	0.000000
ASV_610_16S_022_3	OTU_1252_18S_022_3	1	ENV_Salinity	0.542557	0.057762	-0.484794	0.000999	3.000000	1.000000	0	0	1	1.000000	0.000000	0.000000
OTU_866_18S_022_3	OTU_1252_18S_022_3	1	ENV_Salinity	0.519532	0.000000	-0.519532	0.818182	3.000000	1.000000	0	0	1	1.000000	0.000000	0.000000
OTU_1139_18S_022_3	OTU_1252_18S_022_3	1	ENV_Salinity	0.465876	0.079047	-0.386830	0.000999	3.000000	1.000000	0	0	1	1.000000	0.000000	0.000000
ASV_72_16S_022_3	OTU_1262_18S_022_3	1	ENV_Salinity	0.417126	0.939215	0.522090	nan	3.000000	1.000000	0	0	1	1.000000	0.000000	0.000000
ASV_1043_16S_022_3	OTU_1263_18S_022_3	1	ENV_Salinity	0.533073	0.000000	-0.533073	0.636364	3.000000	1.000000	0	0	1	1.000000	0.000000	0.000000
OTU_466_18S_022_3	OTU_1263_18S_022_3	1	ENV_Salinity	0.535963	-0.091551	-0.627514	0.636364	3.000000	1.000000	0	0	1	1.000000	0.000000	0.000000
OTU_1139_18S_022_3	OTU_1263_18S_022_3	1	ENV_Salinity	0.673006	0.000000	-0.673006	0.636364	3.000000	1.000000	0	0	1	1.000000	0.000000	0.000000
OTU_436_18S_022_3	OTU_1266_18S_022_3	1	ENV_Salinity	0.447626	3.157026	2.709400	nan	3.000000	1.000000	0	0	1	1.000000	0.000000	0.000000
OTU_456_18S_022_3	OTU_1284_18S_022_3	1	ENV_Salinity	0.704306	2.618372	1.914066	nan	3.000000	1.000000	0	0	1	1.000000	0.000000	0.000000
OTU_7_18S_022_3	OTU_1285_18S_022_3	1	ENV_Salinity	0.363969	0.025157	-0.338812	0.273726	3.000000	1.000000	0	0	1	1.000000	0.000000	0.000000
OTU_58_18S_022_3	OTU_1285_18S_022_3	1	ENV_Salinity	0.276931	0.021284	-0.255646	0.000999	3.000000	1.000000	0	0	1	1.000000	0.000000	0.000000
OTU_241_18S_022_3	OTU_1287_18S_022_3	1	ENV_Salinity	0.435258	0.356039	-0.079219	0.637363	3.000000	1.000000	0	0	1	1.000000	0.000000	0.000000
ASV_1348_16S_022_3	OTU_1202_18S_022_3	1	ENV_Salinity	0.356297	-0.086643	-0.442940	1.000000	3.000000	1.000000	0	0	1	1.000000	0.000000	0.000000
ASV_2083_16S_022_3	OTU_1202_18S_022_3	1	ENV_Salinity	0.414059	0.038179	-0.375880	0.910090	3.000000	1.000000	0	0	1	1.000000	0.000000	0.000000
OTU_655_18S_022_3	OTU_1295_18S_022_3	1	ENV_Salinity	0.579610	0.033789	-0.545821	0.637363	3.000000	1.000000	0	0	1	1.000000	0.000000	0.000000
ASV_671_16S_022_3	OTU_1294_18S_022_3	1	ENV_Salinity	0.439968	0.033789	-0.406179	0.000999	3.000000	1.000000	0	0	1	1.000000	0.000000	0.000000
ASV_754_16S_022_3	OTU_1258_18S_022_3	1	ENV_Salinity	0.567243	0.033789	-0.533454	0.455544	3.000000	1.000000	0	0	1	1.000000	0.000000	0.000000
ASV_823_16S_022_3	OTU_1258_18S_022_3	1	ENV_Salinity	0.704569	0.033789	-0.670781	0.455544	3.000000	1.000000	0	0	1	1.000000	0.000000	0.000000
ASV_1593_16S_022_3	OTU_1258_18S_022_3	1	ENV_Salinity	0.541334	0.033789	-0.507545	0.455544	3.000000	1.000000	0	0	1	1.000000	0.000000	0.000000
ASV_2304_16S_022_3	OTU_1258_18S_022_3	1	ENV_Salinity	0.682767	0.033789	-0.648979	0.455544	3.000000	1.000000	0	0	1	1.000000	0.000000	0.000000
ASV_2185_16S_022_3	OTU_1290_18S_022_3	1	ENV_Salinity	0.466538	0.000000	-0.466538	0.545455	3.000000	1.000000	0	0	1	1.000000	0.000000	0.000000
OTU_1139_18S_022_3	OTU_1290_18S_022_3	1	ENV_Salinity	0.706360	0.000000	-0.706360	0.636364	3.000000	1.000000	0	0	1	1.000000	0.000000	0.000000
OTU_1283_18S_022_3	OTU_1290_18S_022_3	1	ENV_Salinity	0.728162	-0.014020	-0.742182	0.636364	3.000000	1.000000	0	0	1	1.000000	0.000000	0.000000
OTU_577_18S_022_3	OTU_1281_18S_022_3	1	ENV_Salinity	0.623912	0.045776	-0.578136	0.819181	3.000000	1.000000	0	0	1	1.000000	0.000000	0.000000
OTU_41_18S_022_3	OTU_1338_18S_022_3	1	ENV_Salinity	0.231999	0.155922	-0.076077	0.000999	3.000000	1.000000	0	0	1	1.000000	0.000000	0.000000
OTU_1077_18S_022_3	OTU_1291_18S_022_3	1	ENV_Salinity	0.521848	0.033789	-0.488059	0.455544	3.000000	1.000000	0	0	1	1.000000	0.000000	0.000000
OTU_577_18S_022_3	OTU_1334_18S_022_3	1	ENV_Salinity	0.587951	0.016894	-0.571057	0.728272	3.000000	1.000000	0	0	1	1.000000	0.000000	0.000000
OTU_1210_18S_022_3	OTU_1374_18S_022_3	1	ENV_Salinity	0.541334	0.033789	-0.507545	0.182817	3.000000	1.000000	0	0	1	1.000000	0.000000	0.000000
ASV_189_16S_022_3	OTU_1381_18S_022_3	1	ENV_Salinity	0.403391	0.043743	-0.359648	0.364635	3.000000	1.000000	0	0	1	1.000000	0.000000	0.000000
OTU_338_18S_022_3	OTU_1381_18S_022_3	1	ENV_Salinity	0.492737	-0.052198	-0.544935	0.636364	3.000000	1.000000	0	0	1	1.000000	0.000000	0.000000
OTU_724_18S_022_3	OTU_1381_18S_022_3	1	ENV_Salinity	0.444736	0.000000	-0.444736	0.545455	3.000000	1.000000	0	0	1	1.000000	0.000000	0.000000
ASV_1028_16S_022_3	OTU_1358_18S_022_3	1	ENV_Salinity	0.531283	0.033789	-0.497494	0.637363	3.000000	1.000000	0	0	1	1.000000	0.000000	0.000000
ASV_1136_16S_022_3	OTU_1358_18S_022_3	1	ENV_Salinity	0.495322	0.033789	-0.461533	0.455544	3.000000	1.000000	0	0	1	1.000000	0.000000	0.000000
ASV_1401_16S_022_3	OTU_1413_18S_022_3	1	ENV_Salinity	0.599096	0.000000	-0.599096	0.636364	3.000000	1.000000	0	0	1	1.000000	0.000000	0.000000
OTU_889_18S_022_3	OTU_1413_18S_022_3	1	ENV_Salinity	0.519532	0.000000	-0.519532	0.454545	3.000000	1.000000	0	0	1	1.000000	0.000000	0.000000
OTU_6_18S_022_3	OTU_1422_18S_022_3	1	ENV_Salinity	0.443066	0.171421	-0.271645	0.182817	3.000000	1.000000	0	0	1	1.000000	0.000000	0.000000
OTU_26_18S_022_3	OTU_1422_18S_022_3	1	ENV_Salinity	0.668530	0.054400	-0.614130	0.182817	3.000000	1.000000	0	0	1	1.000000	0.000000	0.000000
OTU_144_18S_022_3	OTU_1422_18S_022_3	1	ENV_Salinity	0.501758	0.033439	-0.468318	0.182817	3.000000	1.000000	0	0	1	1.000000	0.000000	0.000000
ASV_947_16S_022_3	OTU_1432_18S_022_3	1	ENV_Salinity	0.344967	0.482589	0.137623	nan	3.000000	1.000000	0	0	1	1.000000	0.000000	0.000000
OTU_406_18S_022_3	OTU_1432_18S_022_3	1	ENV_Salinity	0.510610	3.020075	2.509466	nan	3.000000	1.000000	0	0	1	1.000000	0.000000	0.000000
OTU_535_18S_022_3	OTU_1485_18S_022_3	1	ENV_Salinity	0.446532	0.477313	0.030781	nan	3.000000	1.000000	0	0	1	1.000000	0.000000	0.000000
OTU_1262_18S_022_3	OTU_1485_18S_022_3	1	ENV_Salinity	0.451286	3.387292	2.936005	nan	3.000000	1.000000	0	0	1	1.000000	0.000000	0.000000
OTU_872_18S_022_3	OTU_1494_18S_022_3	1	ENV_Salinity	0.509481	0.134120	-0.375361	0.637363	3.000000	1.000000	0	0	1	1.000000	0.000000	0.000000
OTU_1404_18S_022_3	OTU_1494_18S_022_3	1	ENV_Salinity	0.461770	0.083954	-0.377815	0.637363	3.000000	1.000000	0	0	1	1.000000	0.000000	0.000000
OTU_955_18S_022_3	OTU_1510_18S_022_3	1	ENV_Salinity	0.437083	0.173287	-0.263797	0.000999	3.000000	1.000000	0	0	1	1.000000	0.000000	0.000000
OTU_184_18S_022_3	OTU_1509_18S_022_3	1	ENV_Salinity	0.519532	0.100849	-0.418683	0.637363	3.000000	1.000000	0	0	1	1.000000	0.000000	0.000000
OTU_408_18S_022_3	OTU_1545_18S_022_3	1	ENV_Salinity	0.589045	0.292731	-0.296314	0.637363	3.000000	1.000000	0	0	1	1.000000	0.000000	0.000000
OTU_662_18S_022_3	OTU_1545_18S_022_3	1	ENV_Salinity	0.589045	0.100849	-0.488196	0.637363	3.000000	1.000000	0	0	1	1.000000	0.000000	0.000000
OTU_1024_18S_022_3	OTU_1545_18S_022_3	1	ENV_Salinity	0.495939	-0.019583	-0.515523	0.818182	3.000000	1.000000	0	0	1	1.000000	0.000000	0.000000
OTU_956_18S_022_3	OTU_1561_18S_022_3	1	ENV_Salinity	0.483572	0.170598	-0.312974	0.819181	3.000000	1.000000	0	0	1	1.000000	0.000000	0.000000
OTU_749_18S_022_3	OTU_1573_18S_022_3	1	ENV_Salinity	0.599096	0.040560	-0.558536	0.637363	3.000000	1.000000	0	0	1	1.000000	0.000000	0.000000
ASV_1043_16S_022_3	OTU_1575_18S_022_3	1	ENV_Salinity	0.446527	0.000000	-0.446527	0.727273	3.000000	1.000000	0	0	1	1.000000	0.000000	0.000000
ASV_1328_16S_022_3	OTU_1575_18S_022_3	1	ENV_Salinity	0.509481	0.033789	-0.475692	0.091908	3.000000	1.000000	0	0	1	1.000000	0.000000	0.000000
OTU_1191_18S_022_3	OTU_1594_18S_022_3	1	ENV_Salinity	0.599096	-0.115525	-0.714621	0.636364	3.000000	1.000000	0	0	1	1.000000	0.000000	0.000000
OTU_1573_18S_022_3	OTU_1594_18S_022_3	1	ENV_Salinity	0.541334	0.033789	-0.507545	0.637363	3.000000	1.000000	0	0	1	1.000000	0.000000	0.000000
OTU_100_18S_022_3	OTU_1598_18S_022_3	1	ENV_Salinity	0.572301	0.112835	-0.459466	0.637363	3.000000	1.000000	0	0	1	1.000000	0.000000	0.000000
OTU_1075_18S_022_3	OTU_1618_18S_022_3	1	ENV_Salinity	0.356297	0.000000	-0.356297	0.727273	3.000000	1.000000	0	0	1	1.000000	0.000000	0.000000
OTU_1404_18S_022_3	OTU_1618_18S_022_3	1	ENV_Salinity	0.356297	0.033789	-0.322508	0.637363	3.000000	1.000000	0	0	1	1.000000	0.000000	0.000000
ASV_41_16S_022_3	OTU_1606_18S_022_3	1	ENV_Salinity	0.483572	0.038179	-0.445393	0.000999	3.000000	1.000000	0	0	1	1.000000	0.000000	0.000000
OTU_551_18S_022_3	OTU_1606_18S_022_3	1	ENV_Salinity	0.493623	0.000000	-0.493623	0.727273	3.000000	1.000000	0	0	1	1.000000	0.000000	0.000000
OTU_509_18S_022_3	OTU_1631_18S_022_3	1	ENV_Salinity	0.438177	0.033789	-0.404388	0.637363	3.000000	1.000000	0	0	1	1.000000	0.000000	0.000000
ASV_932_16S_022_3	OTU_1609_18S_022_3	1	ENV_Salinity	0.416375	0.083954	-0.332421	0.000999	3.000000	1.000000	0	0	1	1.000000	0.000000	0.000000
OTU_453_18S_022_3	OTU_1609_18S_022_3	1	ENV_Salinity	0.656858	0.033789	-0.623070	0.000999	3.000000	1.000000	0	0	1	1.000000	0.000000	0.000000
OTU_920_18S_022_3	OTU_1609_18S_022_3	1	ENV_Salinity	0.356297	0.196790	-0.159507	0.000999	3.000000	1.000000	0	0	1	1.000000	0.000000	0.000000
OTU_422_18S_022_3	OTU_1634_18S_022_3	1	ENV_Salinity	0.525897	0.048650	-0.477247	0.364635	3.000000	1.000000	0	0	1	1.000000	0.000000	0.000000
OTU_466_18S_022_3	OTU_1634_18S_022_3	1	ENV_Salinity	0.593725	0.045776	-0.547950	0.546454	3.000000	1.000000	0	0	1	1.000000	0.000000	0.000000
OTU_749_18S_022_3	OTU_1670_18S_022_3	1	ENV_Salinity	0.521848	0.174988	-0.346860	0.637363	3.000000	1.000000	0	0	1	1.000000	0.000000	0.000000
OTU_1153_18S_022_3	OTU_1670_18S_022_3	1	ENV_Salinity	0.524300	0.033789	-0.490512	0.000999	3.000000	1.000000	0	0	1	1.000000	0.000000	0.000000
OTU_724_18S_022_3	OTU_1682_18S_022_3	1	ENV_Salinity	0.358613	0.176852	-0.181761	0.637363	3.000000	1.000000	0	0	1	1.000000	0.000000	0.000000
OTU_1173_18S_022_3	OTU_1671_18S_022_3	1	ENV_Salinity	0.545441	0.095941	-0.449500	0.637363	3.000000	1.000000	0	0	1	1.000000	0.000000	0.000000
OTU_644_18S_022_3	OTU_1707_18S_022_3	1	ENV_Salinity	0.435861	0.100849	-0.335012	0.819181	3.000000	1.000000	0	0	1	1.000000	0.000000	0.000000
OTU_910_18S_022_3	OTU_1707_18S_022_3	1	ENV_Salinity	0.356297	0.196790	-0.159507	0.819181	3.000000	1.000000	0	0	1	1.000000	0.000000	0.000000
ASV_1593_16S_022_3	OTU_1762_18S_022_3	1	ENV_Salinity	0.435861	0.033789	-0.402072	0.364635	3.000000	1.000000	0	0	1	1.000000	0.000000	0.000000
OTU_46_18S_022_3	OTU_1763_18S_022_3	1	ENV_Salinity	0.516648	-0.109961	-0.626608	0.454545	3.000000	1.000000	0	0	1	1.000000	0.000000	0.000000
OTU_760_18S_022_3	OTU_1763_18S_022_3	1	ENV_Salinity	0.435861	0.000000	-0.435861	0.636364	3.000000	1.000000	0	0	1	1.000000	0.000000	0.000000
OTU_1017_18S_022_3	OTU_1763_18S_022_3	1	ENV_Salinity	0.458885	-0.109961	-0.568846	0.818182	3.000000	1.000000	0	0	1	1.000000	0.000000	0.000000
OTU_1077_18S_022_3	OTU_1767_18S_022_3	1	ENV_Salinity	0.519532	0.033789	-0.485743	0.546454	3.000000	1.000000	0	0	1	1.000000	0.000000	0.000000
OTU_1281_18S_022_3	OTU_1767_18S_022_3	1	ENV_Salinity	0.519532	-0.081736	-0.601268	0.909091	3.000000	1.000000	0	0	1	1.000000	0.000000	0.000000
OTU_1386_18S_022_3	OTU_1767_18S_022_3	1	ENV_Salinity	0.656858	0.033789	-0.623070	0.546454	3.000000	1.000000	0	0	1	1.000000	0.000000	0.000000
ASV_1406_16S_022_3	OTU_1684_18S_022_3	1	ENV_Salinity	0.320336	0.000000	-0.320336	0.818182	3.000000	1.000000	0	0	1	1.000000	0.000000	0.000000
OTU_1707_18S_022_3	OTU_1684_18S_022_3	1	ENV_Salinity	0.378099	0.033789	-0.344310	0.819181	3.000000	1.000000	0	0	1	1.000000	0.000000	0.000000
OTU_985_18S_022_3	OTU_1782_18S_022_3	1	ENV_Salinity	0.322652	0.009298	-0.313355	0.364635	3.000000	1.000000	0	0	1	1.000000	0.000000	0.000000
ASV_181_16S_022_3	OTU_1801_18S_022_3	1	ENV_Salinity	0.324443	-0.050166	-0.374609	0.636364	3.000000	1.000000	0	0	1	1.000000	0.000000	0.000000
OTU_1094_18S_022_3	OTU_1820_18S_022_3	1	ENV_Salinity	0.418166	0.299810	-0.118356	0.637363	3.000000	1.000000	0	0	1	1.000000	0.000000	0.000000
OTU_310_18S_022_3	OTU_1834_18S_022_3	1	ENV_Salinity	0.471218	0.033789	-0.437430	0.455544	3.000000	1.000000	0	0	1	1.000000	0.000000	0.000000
OTU_1024_18S_022_3	OTU_1834_18S_022_3	1	ENV_Salinity	0.483572	0.000000	-0.483572	0.636364	3.000000	1.000000	0	0	1	1.000000	0.000000	0.000000
ASV_233_16S_022_3	OTU_1849_18S_022_3	1	ENV_Salinity	0.548648	0.000000	-0.548648	0.818182	3.000000	1.000000	0	0	1	1.000000	0.000000	0.000000
OTU_251_18S_022_3	OTU_1849_18S_022_3	1	ENV_Salinity	0.648220	0.146107	-0.502113	0.728272	3.000000	1.000000	0	0	1	1.000000	0.000000	0.000000
OTU_825_18S_022_3	OTU_1849_18S_022_3	1	ENV_Salinity	0.669634	0.161300	-0.508334	0.637363	3.000000	1.000000	0	0	1	1.000000	0.000000	0.000000
ASV_89_16S_022_3	OTU_1893_18S_022_3	1	ENV_Salinity	0.275071	0.000000	-0.275071	0.636364	3.000000	1.000000	0	0	1	1.000000	0.000000	0.000000
ASV_1044_16S_022_3	OTU_1844_18S_022_3	1	ENV_Salinity	0.527857	-0.023317	-0.551174	0.818182	3.000000	1.000000	0	0	1	1.000000	0.000000	0.000000
OTU_50_18S_022_3	OTU_1844_18S_022_3	1	ENV_Salinity	0.781249	1.131920	0.350670	nan	3.000000	1.000000	0	0	1	1.000000	0.000000	0.000000
OTU_558_18S_022_3	OTU_1901_18S_022_3	1	ENV_Salinity	0.542975	2.141509	1.598534	nan	3.000000	1.000000	0	0	1	1.000000	0.000000	0.000000
OTU_1262_18S_022_3	OTU_1891_18S_022_3	1	ENV_Salinity	0.646807	0.033789	-0.613018	0.455544	3.000000	1.000000	0	0	1	1.000000	0.000000	0.000000
OTU_519_18S_022_3	OTU_1905_18S_022_3	1	ENV_Salinity	0.493623	0.000000	-0.493623	0.636364	3.000000	1.000000	0	0	1	1.000000	0.000000	0.000000
ASV_501_16S_022_3	OTU_1959_18S_022_3	1	ENV_Salinity	0.439968	0.124305	-0.315663	0.000999	3.000000	1.000000	0	0	1	1.000000	0.000000	0.000000
ASV_156_16S_022_3	OTU_1980_18S_022_3	1	ENV_Salinity	0.316063	0.000000	-0.316063	0.636364	3.000000	1.000000	0	0	1	1.000000	0.000000	0.000000
OTU_191_18S_022_3	OTU_1980_18S_022_3	1	ENV_Salinity	0.464086	0.000000	-0.464086	0.636364	3.000000	1.000000	0	0	1	1.000000	0.000000	0.000000
OTU_577_18S_022_3	OTU_1940_18S_022_3	1	ENV_Salinity	0.609753	0.016894	-0.592859	0.728272	3.000000	1.000000	0	0	1	1.000000	0.000000	0.000000
ASV_1058_16S_022_3	OTU_1995_18S_022_3	1	ENV_Salinity	0.521848	0.033789	-0.488059	0.546454	3.000000	1.000000	0	0	1	1.000000	0.000000	0.000000
ASV_1490_16S_022_3	OTU_1995_18S_022_3	1	ENV_Salinity	0.531283	0.033789	-0.497494	0.455544	3.000000	1.000000	0	0	1	1.000000	0.000000	0.000000
ASV_1593_16S_022_3	OTU_1995_18S_022_3	1	ENV_Salinity	0.541334	0.033789	-0.507545	0.455544	3.000000	1.000000	0	0	1	1.000000	0.000000	0.000000
OTU_1077_18S_022_3	OTU_1995_18S_022_3	1	ENV_Salinity	0.464086	0.033789	-0.430297	0.455544	3.000000	1.000000	0	0	1	1.000000	0.000000	0.000000
OTU_518_18S_022_3	OTU_1927_18S_022_3	1	ENV_Salinity	0.485888	0.033789	-0.452099	0.637363	3.000000	1.000000	0	0	1	1.000000	0.000000	0.000000
OTU_1647_18S_022_3	OTU_1927_18S_022_3	1	ENV_Salinity	0.464086	0.033789	-0.430297	0.637363	3.000000	1.000000	0	0	1	1.000000	0.000000	0.000000
OTU_831_18S_022_3	OTU_1984_18S_022_3	1	ENV_Salinity	0.506596	0.171115	-0.335481	0.364635	3.000000	1.000000	0	0	1	1.000000	0.000000	0.000000
OTU_1298_18S_022_3	OTU_1984_18S_022_3	1	ENV_Salinity	0.372816	0.100849	-0.271967	0.728272	3.000000	1.000000	0	0	1	1.000000	0.000000	0.000000
OTU_1332_18S_022_3	OTU_2035_18S_022_3	1	ENV_Salinity	0.656858	0.095941	-0.560917	0.000999	3.000000	1.000000	0	0	1	1.000000	0.000000	0.000000
OTU_384_18S_022_3	OTU_2036_18S_022_3	1	ENV_Salinity	0.416375	0.158611	-0.257764	0.000999	3.000000	1.000000	0	0	1	1.000000	0.000000	0.000000
OTU_511_18S_022_3	OTU_2018_18S_022_3	1	ENV_Salinity	0.464086	0.033789	-0.430297	0.455544	3.000000	1.000000	0	0	1	1.000000	0.000000	0.000000
OTU_561_18S_022_3	OTU_2150_18S_022_3	1	ENV_Salinity	0.519532	0.050166	-0.469366	0.000999	3.000000	1.000000	0	0	1	1.000000	0.000000	0.000000
OTU_870_18S_022_3	OTU_2160_18S_022_3	1	ENV_Salinity	0.484794	0.149313	-0.335481	0.728272	3.000000	1.000000	0	0	1	1.000000	0.000000	0.000000
OTU_303_18S_022_3	OTU_2094_18S_022_3	1	ENV_Salinity	0.792738	2.382732	1.589994	nan	3.000000	1.000000	0	0	1	1.000000	0.000000	0.000000
OTU_1449_18S_022_3	OTU_2176_18S_022_3	1	ENV_Salinity	0.334495	4.238465	3.903971	nan	3.000000	1.000000	0	0	1	1.000000	0.000000	0.000000
OTU_1334_18S_022_3	OTU_2105_18S_022_3	1	ENV_Salinity	0.586743	0.045776	-0.540967	0.637363	3.000000	1.000000	0	0	1	1.000000	0.000000	0.000000
ASV_89_16S_022_3	OTU_2234_18S_022_3	1	ENV_Salinity	0.311031	0.092734	-0.218297	0.273726	3.000000	1.000000	0	0	1	1.000000	0.000000	0.000000
ASV_651_16S_022_3	OTU_2135_18S_022_3	1	ENV_Salinity	0.625005	0.112835	-0.512170	0.182817	3.000000	1.000000	0	0	1	1.000000	0.000000	0.000000
OTU_1980_18S_022_3	OTU_2245_18S_022_3	1	ENV_Salinity	0.461770	0.000000	-0.461770	0.636364	3.000000	1.000000	0	0	1	1.000000	0.000000	0.000000
OTU_1671_18S_022_3	OTU_2133_18S_022_3	1	ENV_Salinity	0.519532	0.000000	-0.519532	1.000000	3.000000	1.000000	0	0	1	1.000000	0.000000	0.000000
ASV_1851_16S_022_3	OTU_2270_18S_022_3	1	ENV_Salinity	0.439968	0.000000	-0.439968	0.545455	3.000000	1.000000	0	0	1	1.000000	0.000000	0.000000
OTU_868_18S_022_3	OTU_2270_18S_022_3	1	ENV_Salinity	0.439968	0.000000	-0.439968	0.818182	3.000000	1.000000	0	0	1	1.000000	0.000000	0.000000
OTU_582_18S_022_3	OTU_2239_18S_022_3	1	ENV_Salinity	0.552608	0.000000	-0.552608	0.545455	3.000000	1.000000	0	0	1	1.000000	0.000000	0.000000
OTU_1143_18S_022_3	OTU_2239_18S_022_3	1	ENV_Salinity	0.541334	-0.019583	-0.560917	0.818182	3.000000	1.000000	0	0	1	1.000000	0.000000	0.000000
OTU_145_18S_022_3	OTU_2297_18S_022_3	1	ENV_Salinity	0.582063	-0.109961	-0.692024	0.272727	3.000000	1.000000	0	0	1	1.000000	0.000000	0.000000
OTU_2018_18S_022_3	OTU_2297_18S_022_3	1	ENV_Salinity	0.509481	0.033789	-0.475692	0.364635	3.000000	1.000000	0	0	1	1.000000	0.000000	0.000000
OTU_248_18S_022_3	OTU_2304_18S_022_3	1	ENV_Salinity	0.625005	0.033789	-0.591216	0.182817	3.000000	1.000000	0	0	1	1.000000	0.000000	0.000000
OTU_1761_18S_022_3	OTU_2304_18S_022_3	1	ENV_Salinity	0.519532	0.158611	-0.360921	0.000999	3.000000	1.000000	0	0	1	1.000000	0.000000	0.000000
OTU_2105_18S_022_3	OTU_2304_18S_022_3	1	ENV_Salinity	0.587836	-0.011987	-0.599823	0.636364	3.000000	1.000000	0	0	1	1.000000	0.000000	0.000000
ASV_2014_16S_022_3	OTU_2097_18S_022_3	1	ENV_Salinity	0.601412	0.033789	-0.567623	0.637363	3.000000	1.000000	0	0	1	1.000000	0.000000	0.000000
OTU_493_18S_022_3	OTU_2097_18S_022_3	1	ENV_Salinity	0.542557	3.550188	3.007632	nan	3.000000	1.000000	0	0	1	1.000000	0.000000	0.000000
OTU_1557_18S_022_3	OTU_2097_18S_022_3	1	ENV_Salinity	0.519532	0.033789	-0.485743	0.546454	3.000000	1.000000	0	0	1	1.000000	0.000000	0.000000
ASV_992_16S_022_3	OTU_2317_18S_022_3	1	ENV_Salinity	0.449879	-0.066218	-0.516097	0.636364	3.000000	1.000000	0	0	1	1.000000	0.000000	0.000000
ASV_1043_16S_022_3	OTU_2317_18S_022_3	1	ENV_Salinity	0.432369	0.000000	-0.432369	0.636364	3.000000	1.000000	0	0	1	1.000000	0.000000	0.000000
OTU_676_18S_022_3	OTU_2334_18S_022_3	1	ENV_Salinity	0.599096	0.000000	-0.599096	0.727273	3.000000	1.000000	0	0	1	1.000000	0.000000	0.000000
OTU_1142_18S_022_3	OTU_2334_18S_022_3	1	ENV_Salinity	0.493623	-0.118051	-0.611674	0.727273	3.000000	1.000000	0	0	1	1.000000	0.000000	0.000000
ASV_1543_16S_022_3	OTU_2309_18S_022_3	1	ENV_Salinity	0.336811	0.000000	-0.336811	0.818182	3.000000	1.000000	0	0	1	1.000000	0.000000	0.000000
OTU_1210_18S_022_3	OTU_2309_18S_022_3	1	ENV_Salinity	0.461770	0.000000	-0.461770	0.818182	3.000000	1.000000	0	0	1	1.000000	0.000000	0.000000
OTU_214_18S_022_3	OTU_2382_18S_022_3	1	ENV_Salinity	0.356297	0.196790	-0.159507	0.819181	3.000000	1.000000	0	0	1	1.000000	0.000000	0.000000
OTU_1606_18S_022_3	OTU_2383_18S_022_3	1	ENV_Salinity	0.541334	0.000000	-0.541334	0.636364	3.000000	1.000000	0	0	1	1.000000	0.000000	0.000000
OTU_2167_18S_022_3	OTU_2383_18S_022_3	1	ENV_Salinity	0.408776	0.000000	-0.408776	0.545455	3.000000	1.000000	0	0	1	1.000000	0.000000	0.000000
ASV_1143_16S_022_3	OTU_2284_18S_022_3	1	ENV_Salinity	0.438177	0.006772	-0.431405	0.637363	3.000000	1.000000	0	0	1	1.000000	0.000000	0.000000
OTU_711_18S_022_3	OTU_2389_18S_022_3	1	ENV_Salinity	0.577294	0.000000	-0.577294	0.454545	3.000000	1.000000	0	0	1	1.000000	0.000000	0.000000
OTU_558_18S_022_3	OTU_2461_18S_022_3	1	ENV_Salinity	0.486456	-0.074657	-0.561113	0.636364	3.000000	1.000000	0	0	1	1.000000	0.000000	0.000000
OTU_1347_18S_022_3	OTU_2375_18S_022_3	1	ENV_Salinity	0.599096	0.000000	-0.599096	0.454545	3.000000	1.000000	0	0	1	1.000000	0.000000	0.000000
OTU_1086_18S_022_3	OTU_2425_18S_022_3	1	ENV_Salinity	0.363054	3.198284	2.835230	nan	3.000000	1.000000	0	0	1	1.000000	0.000000	0.000000
ASV_1289_16S_022_3	OTU_2399_18S_022_3	1	ENV_Salinity	0.483572	0.033789	-0.449783	0.637363	3.000000	1.000000	0	0	1	1.000000	0.000000	0.000000
OTU_2309_18S_022_3	OTU_2501_18S_022_3	1	ENV_Salinity	0.497730	0.124305	-0.373425	0.000999	3.000000	1.000000	0	0	1	1.000000	0.000000	0.000000
OTU_184_18S_022_3	OTU_2509_18S_022_3	1	ENV_Salinity	0.577294	-0.019583	-0.596878	0.727273	3.000000	1.000000	0	0	1	1.000000	0.000000	0.000000
OTU_551_18S_022_3	OTU_2509_18S_022_3	1	ENV_Salinity	0.656858	0.095941	-0.560917	0.000999	3.000000	1.000000	0	0	1	1.000000	0.000000	0.000000
OTU_955_18S_022_3	OTU_2509_18S_022_3	1	ENV_Salinity	0.577294	0.079047	-0.498248	0.000999	3.000000	1.000000	0	0	1	1.000000	0.000000	0.000000
OTU_1285_18S_022_3	OTU_2509_18S_022_3	1	ENV_Salinity	0.577294	0.079047	-0.498248	0.000999	3.000000	1.000000	0	0	1	1.000000	0.000000	0.000000
OTU_1618_18S_022_3	OTU_2509_18S_022_3	1	ENV_Salinity	0.414059	0.000000	-0.414059	0.727273	3.000000	1.000000	0	0	1	1.000000	0.000000	0.000000
OTU_1338_18S_022_3	OTU_2576_18S_022_3	1	ENV_Salinity	0.599096	0.000000	-0.599096	0.818182	3.000000	1.000000	0	0	1	1.000000	0.000000	0.000000
OTU_1743_18S_022_3	OTU_2539_18S_022_3	1	ENV_Salinity	0.461770	0.079047	-0.382723	0.000999	3.000000	1.000000	0	0	1	1.000000	0.000000	0.000000
OTU_1216_18S_022_3	OTU_2626_18S_022_3	1	ENV_Salinity	0.577294	0.000000	-0.577294	0.636364	3.000000	1.000000	0	0	1	1.000000	0.000000	0.000000
ASV_3_16S_022_3	OTU_2633_18S_022_3	1	ENV_Salinity	0.194642	1.205218	1.010576	nan	3.000000	1.000000	0	0	1	1.000000	0.000000	0.000000
OTU_215_18S_022_3	OTU_2633_18S_022_3	1	ENV_Salinity	0.404007	0.196790	-0.207218	0.637363	3.000000	1.000000	0	0	1	1.000000	0.000000	0.000000
OTU_1142_18S_022_3	OTU_2633_18S_022_3	1	ENV_Salinity	0.577294	3.972300	3.395005	nan	3.000000	1.000000	0	0	1	1.000000	0.000000	0.000000
OTU_1285_18S_022_3	OTU_2633_18S_022_3	1	ENV_Salinity	0.336811	0.147971	-0.188840	0.637363	3.000000	1.000000	0	0	1	1.000000	0.000000	0.000000
OTU_743_18S_022_3	OTU_2680_18S_022_3	1	ENV_Salinity	0.435861	0.000000	-0.435861	0.818182	3.000000	1.000000	0	0	1	1.000000	0.000000	0.000000
OTU_873_18S_022_3	OTU_2680_18S_022_3	1	ENV_Salinity	0.356297	0.000000	-0.356297	0.818182	3.000000	1.000000	0	0	1	1.000000	0.000000	0.000000
OTU_1194_18S_022_3	OTU_2722_18S_022_3	1	ENV_Salinity	0.577294	-0.112835	-0.690130	0.727273	3.000000	1.000000	0	0	1	1.000000	0.000000	0.000000
OTU_1510_18S_022_3	OTU_2722_18S_022_3	1	ENV_Salinity	0.251821	0.118214	-0.133608	0.728272	3.000000	1.000000	0	0	1	1.000000	0.000000	0.000000
OTU_868_18S_022_3	OTU_2736_18S_022_3	1	ENV_Salinity	0.625005	0.033789	-0.591216	0.000999	3.000000	1.000000	0	0	1	1.000000	0.000000	0.000000
OTU_560_18S_022_3	OTU_2662_18S_022_3	1	ENV_Salinity	0.603203	0.000000	-0.603203	0.636364	3.000000	1.000000	0	0	1	1.000000	0.000000	0.000000
OTU_1110_18S_022_3	OTU_2662_18S_022_3	1	ENV_Salinity	0.682767	0.000000	-0.682767	0.454545	3.000000	1.000000	0	0	1	1.000000	0.000000	0.000000
ASV_248_16S_022_3	OTU_2823_18S_022_3	1	ENV_Salinity	0.502498	3.454247	2.951749	nan	3.000000	1.000000	0	0	1	1.000000	0.000000	0.000000
OTU_2284_18S_022_3	OTU_2823_18S_022_3	1	ENV_Salinity	0.519532	3.691537	3.172005	nan	3.000000	1.000000	0	0	1	1.000000	0.000000	0.000000
OTU_214_18S_022_3	OTU_2858_18S_022_3	1	ENV_Salinity	0.577294	4.068241	3.490946	nan	3.000000	1.000000	0	0	1	1.000000	0.000000	0.000000
OTU_1404_18S_022_3	OTU_2858_18S_022_3	1	ENV_Salinity	0.435861	0.129730	-0.306131	0.819181	3.000000	1.000000	0	0	1	1.000000	0.000000	0.000000
OTU_2382_18S_022_3	OTU_2858_18S_022_3	1	ENV_Salinity	0.435861	0.225671	-0.210190	0.819181	3.000000	1.000000	0	0	1	1.000000	0.000000	0.000000
ASV_1727_16S_022_3	OTU_2856_18S_022_3	1	ENV_Salinity	0.461770	0.050166	-0.411604	0.000999	3.000000	1.000000	0	0	1	1.000000	0.000000	0.000000
OTU_1252_18S_022_3	OTU_2856_18S_022_3	1	ENV_Salinity	0.497730	0.000000	-0.497730	0.818182	3.000000	1.000000	0	0	1	1.000000	0.000000	0.000000
ASV_331_16S_022_3	OTU_2878_18S_022_3	1	ENV_Salinity	0.483572	0.033789	-0.449783	0.000999	3.000000	1.000000	0	0	1	1.000000	0.000000	0.000000
ASV_782_16S_022_3	OTU_2878_18S_022_3	1	ENV_Salinity	0.541334	0.033789	-0.507545	0.000999	3.000000	1.000000	0	0	1	1.000000	0.000000	0.000000
ASV_1734_16S_022_3	OTU_2876_18S_022_3	1	ENV_Salinity	0.298534	0.000000	-0.298534	0.636364	3.000000	1.000000	0	0	1	1.000000	0.000000	0.000000
OTU_558_18S_022_3	OTU_2876_18S_022_3	1	ENV_Salinity	0.486456	-0.103538	-0.589994	0.636364	3.000000	1.000000	0	0	1	1.000000	0.000000	0.000000
OTU_145_18S_022_3	OTU_2905_18S_022_3	1	ENV_Salinity	0.670400	0.000000	-0.670400	0.272727	3.000000	1.000000	0	0	1	1.000000	0.000000	0.000000
OTU_558_18S_022_3	OTU_2905_18S_022_3	1	ENV_Salinity	0.533073	-0.021802	-0.554875	0.272727	3.000000	1.000000	0	0	1	1.000000	0.000000	0.000000
OTU_1362_18S_022_3	OTU_2958_18S_022_3	1	ENV_Salinity	0.519532	0.000000	-0.519532	0.545455	3.000000	1.000000	0	0	1	1.000000	0.000000	0.000000
OTU_1086_18S_022_3	OTU_2990_18S_022_3	1	ENV_Salinity	0.443235	0.014861	-0.428374	0.637363	3.000000	1.000000	0	0	1	1.000000	0.000000	0.000000
OTU_2214_18S_022_3	OTU_3023_18S_022_3	1	ENV_Salinity	0.356297	-0.118051	-0.474347	0.636364	3.000000	1.000000	0	0	1	1.000000	0.000000	0.000000
OTU_1347_18S_022_3	OTU_2780_18S_022_3	1	ENV_Salinity	0.599096	0.000000	-0.599096	0.454545	3.000000	1.000000	0	0	1	1.000000	0.000000	0.000000
OTU_1664_18S_022_3	OTU_2780_18S_022_3	1	ENV_Salinity	0.541334	0.011987	-0.529347	0.273726	3.000000	1.000000	0	0	1	1.000000	0.000000	0.000000
ASV_1059_16S_022_3	OTU_3133_18S_022_3	1	ENV_Salinity	0.519532	0.033789	-0.485743	0.637363	3.000000	1.000000	0	0	1	1.000000	0.000000	0.000000
OTU_450_18S_022_3	OTU_3133_18S_022_3	1	ENV_Salinity	0.442284	0.067060	-0.375224	0.455544	3.000000	1.000000	0	0	1	1.000000	0.000000	0.000000
OTU_1594_18S_022_3	OTU_3133_18S_022_3	1	ENV_Salinity	0.625005	0.112835	-0.512170	0.637363	3.000000	1.000000	0	0	1	1.000000	0.000000	0.000000
OTU_2133_18S_022_3	OTU_3149_18S_022_3	1	ENV_Salinity	0.577294	4.140967	3.563673	nan	3.000000	1.000000	0	0	1	1.000000	0.000000	0.000000
OTU_453_18S_022_3	OTU_3210_18S_022_3	1	ENV_Salinity	0.656858	0.033789	-0.623070	0.000999	3.000000	1.000000	0	0	1	1.000000	0.000000	0.000000
OTU_1613_18S_022_3	OTU_3210_18S_022_3	1	ENV_Salinity	0.379321	3.605424	3.226103	nan	3.000000	1.000000	0	0	1	1.000000	0.000000	0.000000
OTU_619_18S_022_3	OTU_3225_18S_022_3	1	ENV_Salinity	0.358613	0.249644	-0.108968	0.819181	3.000000	1.000000	0	0	1	1.000000	0.000000	0.000000
OTU_1557_18S_022_3	OTU_3213_18S_022_3	1	ENV_Salinity	0.519532	0.033789	-0.485743	0.546454	3.000000	1.000000	0	0	1	1.000000	0.000000	0.000000
OTU_1767_18S_022_3	OTU_3213_18S_022_3	1	ENV_Salinity	0.541334	0.033789	-0.507545	0.546454	3.000000	1.000000	0	0	1	1.000000	0.000000	0.000000
OTU_2133_18S_022_3	OTU_3213_18S_022_3	1	ENV_Salinity	0.378099	-0.086643	-0.464742	0.909091	3.000000	1.000000	0	0	1	1.000000	0.000000	0.000000
OTU_977_18S_022_3	OTU_3300_18S_022_3	1	ENV_Salinity	0.435861	3.813833	3.377972	nan	3.000000	1.000000	0	0	1	1.000000	0.000000	0.000000
OTU_1014_18S_022_3	OTU_3300_18S_022_3	1	ENV_Salinity	0.378113	3.348553	2.970441	nan	3.000000	1.000000	0	0	1	1.000000	0.000000	0.000000
OTU_1017_18S_022_3	OTU_3300_18S_022_3	1	ENV_Salinity	0.437083	3.397456	2.960372	nan	3.000000	1.000000	0	0	1	1.000000	0.000000	0.000000
OTU_121_18S_022_3	OTU_3064_18S_022_3	1	ENV_Salinity	0.542557	3.552877	3.010321	nan	3.000000	1.000000	0	0	1	1.000000	0.000000	0.000000
OTU_191_18S_022_3	OTU_3064_18S_022_3	1	ENV_Salinity	0.521848	-0.036478	-0.558326	1.000000	3.000000	1.000000	0	0	1	1.000000	0.000000	0.000000
ASV_892_16S_022_3	OTU_3326_18S_022_3	1	ENV_Salinity	0.300418	3.816727	3.516308	nan	3.000000	1.000000	0	0	1	1.000000	0.000000	0.000000
ASV_1734_16S_022_3	OTU_2812_18S_022_3	1	ENV_Salinity	0.497730	0.000000	-0.497730	0.636364	3.000000	1.000000	0	0	1	1.000000	0.000000	0.000000
OTU_1774_18S_022_3	OTU_2812_18S_022_3	1	ENV_Salinity	0.414059	0.000000	-0.414059	0.454545	3.000000	1.000000	0	0	1	1.000000	0.000000	0.000000
OTU_1898_18S_022_3	OTU_3384_18S_022_3	1	ENV_Salinity	0.543650	0.033789	-0.509861	0.546454	3.000000	1.000000	0	0	1	1.000000	0.000000	0.000000
OTU_1386_18S_022_3	OTU_3350_18S_022_3	1	ENV_Salinity	0.542557	0.167909	-0.374648	0.546454	3.000000	1.000000	0	0	1	1.000000	0.000000	0.000000
OTU_2576_18S_022_3	OTU_3350_18S_022_3	1	ENV_Salinity	0.437083	-0.112835	-0.549919	0.818182	3.000000	1.000000	0	0	1	1.000000	0.000000	0.000000
OTU_844_18S_022_3	OTU_3424_18S_022_3	1	ENV_Salinity	0.541334	0.000000	-0.541334	0.818182	3.000000	1.000000	0	0	1	1.000000	0.000000	0.000000
OTU_1905_18S_022_3	OTU_3424_18S_022_3	1	ENV_Salinity	0.656858	0.000000	-0.656858	0.818182	3.000000	1.000000	0	0	1	1.000000	0.000000	0.000000
OTU_2035_18S_022_3	OTU_3424_18S_022_3	1	ENV_Salinity	0.656858	0.000000	-0.656858	0.818182	3.000000	1.000000	0	0	1	1.000000	0.000000	0.000000
OTU_270_18S_022_3	OTU_3598_18S_022_3	1	ENV_Salinity	0.609092	0.045776	-0.563316	0.364635	3.000000	1.000000	0	0	1	1.000000	0.000000	0.000000
OTU_2297_18S_022_3	OTU_3598_18S_022_3	1	ENV_Salinity	0.615243	0.146107	-0.469137	0.546454	3.000000	1.000000	0	0	1	1.000000	0.000000	0.000000
OTU_3466_18S_022_3	OTU_3610_18S_022_3	1	ENV_Salinity	0.416375	0.050166	-0.366209	0.000999	3.000000	1.000000	0	0	1	1.000000	0.000000	0.000000
OTU_260_18S_022_3	OTU_3658_18S_022_3	1	ENV_Salinity	0.356297	0.196790	-0.159507	0.819181	3.000000	1.000000	0	0	1	1.000000	0.000000	0.000000
OTU_563_18S_022_3	OTU_3658_18S_022_3	1	ENV_Salinity	0.404007	3.893024	3.489016	nan	3.000000	1.000000	0	0	1	1.000000	0.000000	0.000000
OTU_29_18S_022_3	OTU_3663_18S_022_3	1	ENV_Salinity	0.685309	1.438606	0.753297	nan	3.000000	1.000000	0	0	1	1.000000	0.000000	0.000000
OTU_105_18S_022_3	OTU_3663_18S_022_3	1	ENV_Salinity	0.487799	0.102679	-0.385120	0.273726	3.000000	1.000000	0	0	1	1.000000	0.000000	0.000000
OTU_585_18S_022_3	OTU_3962_18S_022_3	1	ENV_Salinity	0.356297	0.040043	-0.316254	0.637363	3.000000	1.000000	0	0	1	1.000000	0.000000	0.000000
OTU_677_18S_022_3	OTU_3962_18S_022_3	1	ENV_Salinity	0.577294	0.000000	-0.577294	0.636364	3.000000	1.000000	0	0	1	1.000000	0.000000	0.000000
ASV_211_16S_022_3	OTU_3990_18S_022_3	1	ENV_Salinity	0.338055	0.038179	-0.299876	0.091908	3.000000	1.000000	0	0	1	1.000000	0.000000	0.000000
OTU_847_18S_022_3	OTU_3990_18S_022_3	1	ENV_Salinity	0.356297	0.006772	-0.349525	0.455544	3.000000	1.000000	0	0	1	1.000000	0.000000	0.000000
OTU_1545_18S_022_3	OTU_3990_18S_022_3	1	ENV_Salinity	0.495939	0.009298	-0.486641	0.637363	3.000000	1.000000	0	0	1	1.000000	0.000000	0.000000
OTU_1485_18S_022_3	OTU_3733_18S_022_3	1	ENV_Salinity	0.367346	0.249644	-0.117701	0.637363	3.000000	1.000000	0	0	1	1.000000	0.000000	0.000000
OTU_611_18S_022_3	OTU_4003_18S_022_3	1	ENV_Salinity	0.483572	0.112835	-0.370736	0.637363	3.000000	1.000000	0	0	1	1.000000	0.000000	0.000000
OTU_535_18S_022_3	OTU_4126_18S_022_3	1	ENV_Salinity	0.606212	-0.046635	-0.652847	0.272727	3.000000	1.000000	0	0	1	1.000000	0.000000	0.000000
ASV_588_16S_022_3	OTU_4302_18S_022_3	1	ENV_Salinity	0.418166	-0.167909	-0.586074	0.727273	3.000000	1.000000	0	0	1	1.000000	0.000000	0.000000
OTU_877_18S_022_3	OTU_4302_18S_022_3	1	ENV_Salinity	0.324443	0.000000	-0.324443	0.545455	3.000000	1.000000	0	0	1	1.000000	0.000000	0.000000
OTU_78_18S_022_3	OTU_5297_18S_022_3	1	ENV_Salinity	0.424352	0.632191	0.207838	nan	3.000000	1.000000	0	0	1	1.000000	0.000000	0.000000
OTU_1561_18S_022_3	OTU_5297_18S_022_3	1	ENV_Salinity	0.456672	0.170598	-0.286074	0.819181	3.000000	1.000000	0	0	1	1.000000	0.000000	0.000000
ASV_111_16S_022_3	OTU_5446_18S_022_3	1	ENV_Salinity	0.357982	0.060637	-0.297345	0.455544	3.000000	1.000000	0	0	1	1.000000	0.000000	0.000000
OTU_511_18S_022_3	OTU_5446_18S_022_3	1	ENV_Salinity	0.577294	0.033789	-0.543505	0.455544	3.000000	1.000000	0	0	1	1.000000	0.000000	0.000000
OTU_831_18S_022_3	OTU_5446_18S_022_3	1	ENV_Salinity	0.379321	0.091551	-0.287770	0.455544	3.000000	1.000000	0	0	1	1.000000	0.000000	0.000000
OTU_847_18S_022_3	OTU_5446_18S_022_3	1	ENV_Salinity	0.334495	0.158611	-0.175884	0.637363	3.000000	1.000000	0	0	1	1.000000	0.000000	0.000000
OTU_1285_18S_022_3	OTU_5773_18S_022_3	1	ENV_Salinity	0.682767	0.000000	-0.682767	0.727273	3.000000	1.000000	0	0	1	1.000000	0.000000	0.000000
OTU_2919_18S_022_3	OTU_5773_18S_022_3	1	ENV_Salinity	0.646807	0.000000	-0.646807	0.727273	3.000000	1.000000	0	0	1	1.000000	0.000000	0.000000
OTU_1374_18S_022_3	OTU_6383_18S_022_3	1	ENV_Salinity	0.380415	3.626709	3.246294	nan	3.000000	1.000000	0	0	1	1.000000	0.000000	0.000000
ASV_165_16S_022_3	OTU_8089_18S_022_3	1	ENV_Salinity	0.493623	0.000000	-0.493623	0.727273	3.000000	1.000000	0	0	1	1.000000	0.000000	0.000000
ASV_20_16S_022_3	ASV_20_16S_3_200	1	ENV_Salinity	0.239085	0.105147	-0.133937	0.364635	3.000000	1.000000	0	0	1	1.000000	0.000000	0.000000
ASV_35_16S_022_3	ASV_35_16S_3_200	1	ENV_Salinity	0.519467	0.648103	0.128637	nan	3.000000	1.000000	0	0	1	1.000000	0.000000	0.000000
ASV_109_16S_022_3	ASV_35_16S_3_200	1	ENV_Salinity	0.599031	0.912499	0.313468	nan	3.000000	1.000000	0	0	1	1.000000	0.000000	0.000000
ASV_26_16S_3_200	ASV_35_16S_3_200	1	ENV_Salinity	0.785144	0.718196	-0.066949	0.637363	3.000000	1.000000	0	0	1	1.000000	0.000000	0.000000
ASV_298_16S_022_3	ASV_37_16S_3_200	1	ENV_Salinity	0.126605	0.308238	0.181634	nan	2.000000	1.000000	0	1	0	1.000000	0.000000	0.000000
ASV_1728_16S_022_3	ASV_58_16S_3_200	1	ENV_Salinity	0.421528	-0.002050	-0.423578	0.181818	3.000000	1.000000	0	0	1	1.000000	0.000000	0.000000
ASV_63_16S_022_3	ASV_63_16S_3_200	1	ENV_Salinity	0.245778	0.795770	0.549991	nan	3.000000	1.000000	0	0	1	1.000000	0.000000	0.000000
ASV_410_16S_022_3	ASV_63_16S_3_200	1	ENV_Salinity	0.373407	0.607982	0.234575	nan	3.000000	1.000000	0	0	1	1.000000	0.000000	0.000000
OTU_1014_18S_022_3	ASV_63_16S_3_200	1	ENV_Salinity	0.326333	2.185285	1.858952	nan	3.000000	1.000000	0	0	1	1.000000	0.000000	0.000000
ASV_50_16S_022_3	ASV_66_16S_3_200	1	ENV_Salinity	0.611593	0.113595	-0.497998	0.091908	3.000000	1.000000	0	0	1	1.000000	0.000000	0.000000
ASV_189_16S_022_3	ASV_66_16S_3_200	1	ENV_Salinity	0.626880	1.186458	0.559578	nan	3.000000	1.000000	0	0	1	1.000000	0.000000	0.000000
ASV_416_16S_022_3	ASV_66_16S_3_200	1	ENV_Salinity	0.450366	0.709100	0.258735	nan	3.000000	1.000000	0	0	1	1.000000	0.000000	0.000000
ASV_585_16S_022_3	ASV_66_16S_3_200	1	ENV_Salinity	0.529144	1.335450	0.806305	nan	3.000000	1.000000	0	0	1	1.000000	0.000000	0.000000
ASV_84_16S_022_3	ASV_84_16S_3_200	1	ENV_Salinity	0.657883	0.160977	-0.496906	0.000999	3.000000	1.000000	0	0	1	1.000000	0.000000	0.000000
ASV_918_16S_022_3	ASV_84_16S_3_200	1	ENV_Salinity	0.431717	0.190410	-0.241307	0.637363	3.000000	1.000000	0	0	1	1.000000	0.000000	0.000000
OTU_217_18S_022_3	ASV_84_16S_3_200	1	ENV_Salinity	0.444543	1.212994	0.768451	nan	3.000000	1.000000	0	0	1	1.000000	0.000000	0.000000
ASV_85_16S_022_3	ASV_85_16S_3_200	1	ENV_Salinity	0.469627	0.283750	-0.185877	0.000999	3.000000	1.000000	0	0	1	1.000000	0.000000	0.000000
ASV_1042_16S_022_3	ASV_96_16S_3_200	1	ENV_Salinity	0.682767	-0.106873	-0.789640	0.636364	3.000000	1.000000	0	0	1	1.000000	0.000000	0.000000
ASV_1401_16S_022_3	ASV_96_16S_3_200	1	ENV_Salinity	0.599096	0.000000	-0.599096	0.636364	3.000000	1.000000	0	0	1	1.000000	0.000000	0.000000
OTU_2040_18S_022_3	ASV_96_16S_3_200	1	ENV_Salinity	0.599096	0.000000	-0.599096	0.636364	3.000000	1.000000	0	0	1	1.000000	0.000000	0.000000
ASV_213_16S_022_3	ASV_101_16S_3_200	1	ENV_Salinity	0.356297	0.000000	-0.356297	0.636364	3.000000	1.000000	0	0	1	1.000000	0.000000	0.000000
OTU_1769_18S_022_3	ASV_101_16S_3_200	1	ENV_Salinity	0.356297	0.000000	-0.356297	0.454545	3.000000	1.000000	0	0	1	1.000000	0.000000	0.000000
ASV_51_16S_3_200	ASV_133_16S_3_200	1	ENV_Salinity	0.645714	0.426605	-0.219109	0.000999	3.000000	1.000000	0	0	1	1.000000	0.000000	0.000000
ASV_113_16S_3_200	ASV_133_16S_3_200	1	ENV_Salinity	0.454509	0.287636	-0.166873	0.000999	3.000000	1.000000	0	0	1	1.000000	0.000000	0.000000
ASV_139_16S_022_3	ASV_134_16S_3_200	1	ENV_Salinity	0.704490	1.848342	1.143852	nan	3.000000	1.000000	0	0	1	1.000000	0.000000	0.000000
ASV_218_16S_022_3	ASV_134_16S_3_200	1	ENV_Salinity	0.700054	1.524334	0.824280	nan	3.000000	1.000000	0	0	1	1.000000	0.000000	0.000000
ASV_134_16S_022_3	ASV_139_16S_3_200	1	ENV_Salinity	0.711671	2.096915	1.385244	nan	3.000000	1.000000	0	0	1	1.000000	0.000000	0.000000
ASV_134_16S_3_200	ASV_139_16S_3_200	1	ENV_Salinity	0.891935	2.066139	1.174204	nan	3.000000	1.000000	0	0	1	1.000000	0.000000	0.000000
ASV_641_16S_022_3	ASV_140_16S_3_200	1	ENV_Salinity	0.669738	0.876466	0.206728	nan	3.000000	1.000000	0	0	1	1.000000	0.000000	0.000000
ASV_1243_16S_022_3	ASV_140_16S_3_200	1	ENV_Salinity	0.429916	0.053372	-0.376544	0.637363	3.000000	1.000000	0	0	1	1.000000	0.000000	0.000000
ASV_1305_16S_022_3	ASV_140_16S_3_200	1	ENV_Salinity	0.458990	0.033409	-0.425581	0.000999	3.000000	1.000000	0	0	1	1.000000	0.000000	0.000000
ASV_84_16S_3_200	ASV_140_16S_3_200	1	ENV_Salinity	0.691540	0.775786	0.084245	nan	3.000000	1.000000	0	0	1	1.000000	0.000000	0.000000
ASV_144_16S_022_3	ASV_144_16S_3_200	1	ENV_Salinity	0.871665	0.212797	-0.658868	0.000999	3.000000	1.000000	0	0	1	1.000000	0.000000	0.000000
ASV_321_16S_022_3	ASV_144_16S_3_200	1	ENV_Salinity	0.764793	0.068438	-0.696354	0.000999	3.000000	1.000000	0	0	1	1.000000	0.000000	0.000000
OTU_788_18S_022_3	ASV_144_16S_3_200	1	ENV_Salinity	0.408700	0.096802	-0.311898	0.455544	3.000000	1.000000	0	0	1	1.000000	0.000000	0.000000
ASV_64_16S_022_3	ASV_152_16S_3_200	1	ENV_Salinity	0.286821	0.096896	-0.189925	0.546454	3.000000	1.000000	0	0	1	1.000000	0.000000	0.000000
ASV_47_16S_022_3	ASV_157_16S_3_200	1	ENV_Salinity	0.493244	0.844874	0.351629	nan	3.000000	1.000000	0	0	1	1.000000	0.000000	0.000000
ASV_65_16S_022_3	ASV_157_16S_3_200	1	ENV_Salinity	0.427738	0.646156	0.218417	nan	3.000000	1.000000	0	0	1	1.000000	0.000000	0.000000
ASV_258_16S_022_3	ASV_157_16S_3_200	1	ENV_Salinity	0.496452	0.151014	-0.345437	0.637363	3.000000	1.000000	0	0	1	1.000000	0.000000	0.000000
ASV_17_16S_022_3	ASV_166_16S_3_200	1	ENV_Salinity	0.154589	0.309121	0.154533	nan	3.000000	1.000000	0	0	1	1.000000	0.000000	0.000000
ASV_1146_16S_022_3	ASV_166_16S_3_200	1	ENV_Salinity	0.555880	0.075840	-0.480040	0.091908	3.000000	1.000000	0	0	1	1.000000	0.000000	0.000000
OTU_1195_18S_022_3	ASV_176_16S_3_200	1	ENV_Salinity	0.429122	0.852746	0.423624	nan	3.000000	1.000000	0	0	1	1.000000	0.000000	0.000000
ASV_168_16S_022_3	ASV_180_16S_3_200	1	ENV_Salinity	0.587002	0.055194	-0.531808	0.091908	3.000000	1.000000	0	0	1	1.000000	0.000000	0.000000
ASV_180_16S_022_3	ASV_180_16S_3_200	1	ENV_Salinity	0.645336	0.067375	-0.577961	0.000999	3.000000	1.000000	0	0	1	1.000000	0.000000	0.000000
ASV_479_16S_022_3	ASV_192_16S_3_200	1	ENV_Salinity	0.743365	1.843821	1.100456	nan	3.000000	1.000000	0	0	1	1.000000	0.000000	0.000000
ASV_585_16S_022_3	ASV_192_16S_3_200	1	ENV_Salinity	0.866319	2.795393	1.929073	nan	3.000000	1.000000	0	0	1	1.000000	0.000000	0.000000
ASV_215_16S_022_3	ASV_215_16S_3_200	1	ENV_Salinity	0.397538	0.200571	-0.196967	0.455544	3.000000	1.000000	0	0	1	1.000000	0.000000	0.000000
ASV_325_16S_022_3	ASV_216_16S_3_200	1	ENV_Salinity	0.630431	1.404292	0.773860	nan	3.000000	1.000000	0	0	1	1.000000	0.000000	0.000000
ASV_1_16S_022_3	ASV_227_16S_3_200	1	ENV_Salinity	0.333309	0.089942	-0.243368	0.000999	3.000000	1.000000	0	0	1	1.000000	0.000000	0.000000
ASV_415_16S_022_3	ASV_227_16S_3_200	1	ENV_Salinity	0.761790	0.355354	-0.406436	0.273726	3.000000	1.000000	0	0	1	1.000000	0.000000	0.000000
ASV_715_16S_022_3	ASV_227_16S_3_200	1	ENV_Salinity	0.757523	0.120432	-0.637091	0.091908	3.000000	1.000000	0	0	1	1.000000	0.000000	0.000000
ASV_161_16S_022_3	ASV_235_16S_3_200	1	ENV_Salinity	0.844438	0.033789	-0.810649	0.455544	3.000000	1.000000	0	0	1	1.000000	0.000000	0.000000
ASV_345_16S_022_3	ASV_235_16S_3_200	1	ENV_Salinity	0.676999	0.033789	-0.643210	0.455544	3.000000	1.000000	0	0	1	1.000000	0.000000	0.000000
ASV_237_16S_022_3	ASV_237_16S_3_200	1	ENV_Salinity	0.486551	0.244272	-0.242279	0.091908	3.000000	1.000000	0	0	1	1.000000	0.000000	0.000000
ASV_1092_16S_022_3	ASV_255_16S_3_200	1	ENV_Salinity	0.415326	-0.021864	-0.437190	0.545455	3.000000	1.000000	0	0	1	1.000000	0.000000	0.000000
ASV_267_16S_022_3	ASV_267_16S_3_200	1	ENV_Salinity	0.567616	2.250182	1.682566	nan	3.000000	1.000000	0	0	1	1.000000	0.000000	0.000000
OTU_1014_18S_022_3	ASV_267_16S_3_200	1	ENV_Salinity	0.480980	2.510967	2.029986	nan	3.000000	1.000000	0	0	1	1.000000	0.000000	0.000000
ASV_739_16S_022_3	ASV_269_16S_3_200	1	ENV_Salinity	0.630511	0.247426	-0.383085	0.455544	3.000000	1.000000	0	0	1	1.000000	0.000000	0.000000
ASV_321_16S_022_3	ASV_274_16S_3_200	1	ENV_Salinity	0.874549	0.115525	-0.759024	0.000999	3.000000	1.000000	0	0	1	1.000000	0.000000	0.000000
ASV_283_16S_022_3	ASV_283_16S_3_200	1	ENV_Salinity	0.458885	0.028881	-0.430004	0.000999	3.000000	1.000000	0	0	1	1.000000	0.000000	0.000000
ASV_658_16S_022_3	ASV_283_16S_3_200	1	ENV_Salinity	0.435861	0.000000	-0.435861	0.636364	3.000000	1.000000	0	0	1	1.000000	0.000000	0.000000
ASV_140_16S_3_200	ASV_286_16S_3_200	1	ENV_Salinity	0.590836	1.925705	1.334869	nan	3.000000	1.000000	0	0	1	1.000000	0.000000	0.000000
ASV_102_16S_022_3	ASV_294_16S_3_200	1	ENV_Salinity	0.401058	0.166626	-0.234432	0.455544	3.000000	1.000000	0	0	1	1.000000	0.000000	0.000000
ASV_297_16S_022_3	ASV_297_16S_3_200	1	ENV_Salinity	0.860565	2.128073	1.267507	nan	3.000000	1.000000	0	0	1	1.000000	0.000000	0.000000
ASV_298_16S_022_3	ASV_298_16S_3_200	1	ENV_Salinity	0.335454	0.548163	0.212709	nan	3.000000	1.000000	0	0	1	1.000000	0.000000	0.000000
OTU_1834_18S_022_3	ASV_298_16S_3_200	1	ENV_Salinity	0.285449	-0.040868	-0.326317	1.000000	3.000000	1.000000	0	0	1	1.000000	0.000000	0.000000
ASV_585_16S_022_3	ASV_300_16S_3_200	1	ENV_Salinity	0.682504	0.149313	-0.533191	0.000999	3.000000	1.000000	0	0	1	1.000000	0.000000	0.000000
ASV_248_16S_3_200	ASV_300_16S_3_200	1	ENV_Salinity	0.688367	0.115525	-0.572843	0.000999	3.000000	1.000000	0	0	1	1.000000	0.000000	0.000000
ASV_67_16S_022_3	ASV_307_16S_3_200	1	ENV_Salinity	0.551409	0.201279	-0.350129	0.273726	3.000000	1.000000	0	0	1	1.000000	0.000000	0.000000
ASV_307_16S_022_3	ASV_307_16S_3_200	1	ENV_Salinity	0.445950	1.102536	0.656586	nan	3.000000	1.000000	0	0	1	1.000000	0.000000	0.000000
ASV_134_16S_3_200	ASV_307_16S_3_200	1	ENV_Salinity	0.801843	1.600053	0.798210	nan	3.000000	1.000000	0	0	1	1.000000	0.000000	0.000000
ASV_486_16S_022_3	ASV_321_16S_3_200	1	ENV_Salinity	0.654233	0.057762	-0.596471	0.000999	3.000000	1.000000	0	0	1	1.000000	0.000000	0.000000
ASV_137_16S_022_3	ASV_337_16S_3_200	1	ENV_Salinity	0.471596	1.066228	0.594632	nan	3.000000	1.000000	0	0	1	1.000000	0.000000	0.000000
ASV_312_16S_022_3	ASV_337_16S_3_200	1	ENV_Salinity	0.556636	0.531964	-0.024672	0.364635	3.000000	1.000000	0	0	1	1.000000	0.000000	0.000000
ASV_479_16S_022_3	ASV_337_16S_3_200	1	ENV_Salinity	0.731131	0.299464	-0.431667	0.819181	3.000000	1.000000	0	0	1	1.000000	0.000000	0.000000
ASV_976_16S_022_3	ASV_345_16S_3_200	1	ENV_Salinity	0.643381	0.050166	-0.593216	0.000999	3.000000	1.000000	0	0	1	1.000000	0.000000	0.000000
OTU_1154_18S_022_3	ASV_345_16S_3_200	1	ENV_Salinity	0.391395	0.156578	-0.234817	0.182817	3.000000	1.000000	0	0	1	1.000000	0.000000	0.000000
ASV_216_16S_3_200	ASV_345_16S_3_200	1	ENV_Salinity	0.653565	0.117225	-0.536340	0.546454	3.000000	1.000000	0	0	1	1.000000	0.000000	0.000000
ASV_1050_16S_022_3	ASV_348_16S_3_200	1	ENV_Salinity	0.466574	2.569721	2.103147	nan	3.000000	1.000000	0	0	1	1.000000	0.000000	0.000000
OTU_1961_18S_022_3	ASV_348_16S_3_200	1	ENV_Salinity	0.619620	0.016894	-0.602725	0.182817	3.000000	1.000000	0	0	1	1.000000	0.000000	0.000000
ASV_1687_16S_022_3	ASV_364_16S_3_200	1	ENV_Salinity	0.358285	1.189504	0.831220	nan	3.000000	1.000000	0	0	1	1.000000	0.000000	0.000000
ASV_216_16S_022_3	ASV_365_16S_3_200	1	ENV_Salinity	0.773606	-0.032088	-0.805693	0.181818	3.000000	1.000000	0	0	1	1.000000	0.000000	0.000000
ASV_345_16S_022_3	ASV_365_16S_3_200	1	ENV_Salinity	0.828484	0.025674	-0.802809	0.000999	3.000000	1.000000	0	0	1	1.000000	0.000000	0.000000
ASV_537_16S_022_3	ASV_365_16S_3_200	1	ENV_Salinity	0.758438	0.021284	-0.737154	0.000999	3.000000	1.000000	0	0	1	1.000000	0.000000	0.000000
ASV_746_16S_022_3	ASV_365_16S_3_200	1	ENV_Salinity	0.567910	0.053696	-0.514213	0.000999	3.000000	1.000000	0	0	1	1.000000	0.000000	0.000000
ASV_274_16S_3_200	ASV_365_16S_3_200	1	ENV_Salinity	0.909923	0.011987	-0.897936	0.000999	3.000000	1.000000	0	0	1	1.000000	0.000000	0.000000
ASV_60_16S_022_3	ASV_379_16S_3_200	1	ENV_Salinity	0.542557	0.167909	-0.374648	0.546454	3.000000	1.000000	0	0	1	1.000000	0.000000	0.000000
ASV_920_16S_022_3	ASV_390_16S_3_200	1	ENV_Salinity	0.558342	0.172799	-0.385543	0.364635	3.000000	1.000000	0	0	1	1.000000	0.000000	0.000000
ASV_321_16S_022_3	ASV_400_16S_3_200	1	ENV_Salinity	0.641201	0.050683	-0.590518	0.091908	3.000000	1.000000	0	0	1	1.000000	0.000000	0.000000
ASV_868_16S_022_3	ASV_400_16S_3_200	1	ENV_Salinity	0.595803	-0.031441	-0.627244	0.636364	3.000000	1.000000	0	0	1	1.000000	0.000000	0.000000
ASV_284_16S_022_3	ASV_405_16S_3_200	1	ENV_Salinity	0.910932	0.033789	-0.877143	0.091908	3.000000	1.000000	0	0	1	1.000000	0.000000	0.000000
ASV_452_16S_022_3	ASV_405_16S_3_200	1	ENV_Salinity	0.850669	0.033789	-0.816880	0.000999	3.000000	1.000000	0	0	1	1.000000	0.000000	0.000000
ASV_390_16S_3_200	ASV_412_16S_3_200	1	ENV_Salinity	0.670185	0.141182	-0.529003	0.091908	3.000000	1.000000	0	0	1	1.000000	0.000000	0.000000
ASV_337_16S_022_3	ASV_413_16S_3_200	1	ENV_Salinity	0.436351	0.577719	0.141367	nan	3.000000	1.000000	0	0	1	1.000000	0.000000	0.000000
ASV_15_16S_022_3	ASV_414_16S_3_200	1	ENV_Salinity	0.466822	0.439187	-0.027635	0.000999	3.000000	1.000000	0	0	1	1.000000	0.000000	0.000000
ASV_32_16S_022_3	ASV_414_16S_3_200	1	ENV_Salinity	0.414580	0.873999	0.459419	nan	3.000000	1.000000	0	0	1	1.000000	0.000000	0.000000
ASV_369_16S_022_3	ASV_431_16S_3_200	1	ENV_Salinity	0.682344	0.105239	-0.577106	0.273726	3.000000	1.000000	0	0	1	1.000000	0.000000	0.000000
ASV_1379_16S_022_3	ASV_431_16S_3_200	1	ENV_Salinity	0.404061	0.590369	0.186308	nan	3.000000	1.000000	0	0	1	1.000000	0.000000	0.000000
ASV_400_16S_3_200	ASV_431_16S_3_200	1	ENV_Salinity	0.691320	0.062670	-0.628650	0.364635	3.000000	1.000000	0	0	1	1.000000	0.000000	0.000000
ASV_310_16S_022_3	ASV_437_16S_3_200	1	ENV_Salinity	0.613468	0.303729	-0.309739	0.455544	3.000000	1.000000	0	0	1	1.000000	0.000000	0.000000
ASV_84_16S_022_3	ASV_448_16S_3_200	1	ENV_Salinity	0.465453	0.033789	-0.431665	0.455544	3.000000	1.000000	0	0	1	1.000000	0.000000	0.000000
ASV_78_16S_022_3	ASV_459_16S_3_200	1	ENV_Salinity	0.336309	0.929150	0.592841	nan	3.000000	1.000000	0	0	1	1.000000	0.000000	0.000000
ASV_370_16S_022_3	ASV_462_16S_3_200	1	ENV_Salinity	0.764500	2.450910	1.686410	nan	3.000000	1.000000	0	0	1	1.000000	0.000000	0.000000
ASV_78_16S_022_3	ASV_464_16S_3_200	1	ENV_Salinity	0.390525	0.035960	-0.354565	0.182817	3.000000	1.000000	0	0	1	1.000000	0.000000	0.000000
ASV_74_16S_022_3	ASV_467_16S_3_200	1	ENV_Salinity	0.366848	0.667438	0.300590	nan	3.000000	1.000000	0	0	1	1.000000	0.000000	0.000000
OTU_69_18S_022_3	ASV_467_16S_3_200	1	ENV_Salinity	0.493105	0.667638	0.174533	nan	3.000000	1.000000	0	0	1	1.000000	0.000000	0.000000
OTU_938_18S_022_3	ASV_473_16S_3_200	1	ENV_Salinity	0.554875	0.000000	-0.554875	0.272727	3.000000	1.000000	0	0	1	1.000000	0.000000	0.000000
ASV_274_16S_3_200	ASV_473_16S_3_200	1	ENV_Salinity	0.735721	0.028881	-0.706840	0.000999	3.000000	1.000000	0	0	1	1.000000	0.000000	0.000000
ASV_378_16S_022_3	ASV_483_16S_3_200	1	ENV_Salinity	0.428789	0.404156	-0.024633	0.182817	3.000000	1.000000	0	0	1	1.000000	0.000000	0.000000
OTU_1561_18S_022_3	ASV_483_16S_3_200	1	ENV_Salinity	0.417007	0.095941	-0.321066	0.455544	3.000000	1.000000	0	0	1	1.000000	0.000000	0.000000
OTU_432_18S_022_3	ASV_488_16S_3_200	1	ENV_Salinity	0.398636	2.276939	1.878302	nan	3.000000	1.000000	0	0	1	1.000000	0.000000	0.000000
ASV_765_16S_022_3	ASV_491_16S_3_200	1	ENV_Salinity	0.655580	0.033789	-0.621791	0.182817	3.000000	1.000000	0	0	1	1.000000	0.000000	0.000000
ASV_364_16S_3_200	ASV_491_16S_3_200	1	ENV_Salinity	0.489853	-0.011987	-0.501839	0.545455	3.000000	1.000000	0	0	1	1.000000	0.000000	0.000000
OTU_1898_18S_022_3	ASV_501_16S_3_200	1	ENV_Salinity	0.567243	0.134120	-0.433123	0.546454	3.000000	1.000000	0	0	1	1.000000	0.000000	0.000000
ASV_466_16S_022_3	ASV_515_16S_3_200	1	ENV_Salinity	0.554214	0.579509	0.025295	nan	3.000000	1.000000	0	0	1	1.000000	0.000000	0.000000
ASV_515_16S_022_3	ASV_515_16S_3_200	1	ENV_Salinity	0.682221	1.043909	0.361688	nan	3.000000	1.000000	0	0	1	1.000000	0.000000	0.000000
OTU_790_18S_022_3	ASV_515_16S_3_200	1	ENV_Salinity	0.687448	1.228178	0.540730	nan	3.000000	1.000000	0	0	1	1.000000	0.000000	0.000000
ASV_1397_16S_022_3	ASV_523_16S_3_200	1	ENV_Salinity	0.378113	3.398719	3.020606	nan	3.000000	1.000000	0	0	1	1.000000	0.000000	0.000000
ASV_110_16S_022_3	ASV_537_16S_3_200	1	ENV_Salinity	0.701606	0.060637	-0.640969	0.455544	3.000000	1.000000	0	0	1	1.000000	0.000000	0.000000
ASV_369_16S_022_3	ASV_537_16S_3_200	1	ENV_Salinity	0.682767	0.038179	-0.644589	0.455544	3.000000	1.000000	0	0	1	1.000000	0.000000	0.000000
ASV_805_16S_022_3	ASV_537_16S_3_200	1	ENV_Salinity	0.582530	0.016894	-0.565636	0.000999	3.000000	1.000000	0	0	1	1.000000	0.000000	0.000000
ASV_88_16S_022_3	ASV_559_16S_3_200	1	ENV_Salinity	0.645714	0.033789	-0.611925	0.000999	3.000000	1.000000	0	0	1	1.000000	0.000000	0.000000
ASV_101_16S_022_3	ASV_559_16S_3_200	1	ENV_Salinity	0.509481	3.545281	3.035800	nan	3.000000	1.000000	0	0	1	1.000000	0.000000	0.000000
ASV_1382_16S_022_3	ASV_559_16S_3_200	1	ENV_Salinity	0.589045	-0.112835	-0.701880	0.818182	3.000000	1.000000	0	0	1	1.000000	0.000000	0.000000
ASV_576_16S_022_3	ASV_576_16S_3_200	1	ENV_Salinity	0.789639	2.898284	2.108645	nan	3.000000	1.000000	0	0	1	1.000000	0.000000	0.000000
OTU_537_18S_022_3	ASV_576_16S_3_200	1	ENV_Salinity	0.597818	0.171115	-0.426702	0.273726	3.000000	1.000000	0	0	1	1.000000	0.000000	0.000000
ASV_294_16S_3_200	ASV_576_16S_3_200	1	ENV_Salinity	0.653909	2.530778	1.876869	nan	3.000000	1.000000	0	0	1	1.000000	0.000000	0.000000
ASV_1254_16S_022_3	ASV_610_16S_3_200	1	ENV_Salinity	0.425809	0.000000	-0.425809	0.636364	3.000000	1.000000	0	0	1	1.000000	0.000000	0.000000
OTU_2680_18S_022_3	ASV_610_16S_3_200	1	ENV_Salinity	0.541334	0.000000	-0.541334	0.818182	3.000000	1.000000	0	0	1	1.000000	0.000000	0.000000
ASV_49_16S_022_3	ASV_624_16S_3_200	1	ENV_Salinity	0.599698	0.274321	-0.325377	0.273726	3.000000	1.000000	0	0	1	1.000000	0.000000	0.000000
ASV_570_16S_022_3	ASV_624_16S_3_200	1	ENV_Salinity	0.574887	0.112835	-0.462051	0.546454	3.000000	1.000000	0	0	1	1.000000	0.000000	0.000000
ASV_1584_16S_022_3	ASV_624_16S_3_200	1	ENV_Salinity	0.504095	0.995029	0.490934	nan	3.000000	1.000000	0	0	1	1.000000	0.000000	0.000000
ASV_320_16S_022_3	ASV_628_16S_3_200	1	ENV_Salinity	0.630673	1.715181	1.084507	nan	3.000000	1.000000	0	0	1	1.000000	0.000000	0.000000
ASV_235_16S_3_200	ASV_628_16S_3_200	1	ENV_Salinity	0.723064	0.091551	-0.631513	0.455544	3.000000	1.000000	0	0	1	1.000000	0.000000	0.000000
ASV_58_16S_022_3	ASV_630_16S_3_200	1	ENV_Salinity	0.115956	1.385003	1.269047	nan	3.000000	1.000000	0	0	1	1.000000	0.000000	0.000000
ASV_1446_16S_022_3	ASV_630_16S_3_200	1	ENV_Salinity	0.542094	0.864430	0.322336	nan	3.000000	1.000000	0	0	1	1.000000	0.000000	0.000000
ASV_176_16S_3_200	ASV_630_16S_3_200	1	ENV_Salinity	0.270908	1.637041	1.366133	nan	3.000000	1.000000	0	0	1	1.000000	0.000000	0.000000
OTU_1154_18S_022_3	ASV_650_16S_3_200	1	ENV_Salinity	0.358190	2.801401	2.443211	nan	3.000000	1.000000	0	0	1	1.000000	0.000000	0.000000
ASV_459_16S_3_200	ASV_650_16S_3_200	1	ENV_Salinity	0.511933	3.252587	2.740654	nan	3.000000	1.000000	0	0	1	1.000000	0.000000	0.000000
OTU_2135_18S_022_3	ASV_651_16S_3_200	1	ENV_Salinity	0.484794	0.074657	-0.410138	0.273726	3.000000	1.000000	0	0	1	1.000000	0.000000	0.000000
ASV_334_16S_022_3	ASV_662_16S_3_200	1	ENV_Salinity	0.744280	0.097642	-0.646638	0.000999	3.000000	1.000000	0	0	1	1.000000	0.000000	0.000000
ASV_499_16S_022_3	ASV_662_16S_3_200	1	ENV_Salinity	0.739521	0.162161	-0.577360	0.182817	3.000000	1.000000	0	0	1	1.000000	0.000000	0.000000
ASV_390_16S_3_200	ASV_662_16S_3_200	1	ENV_Salinity	0.809810	0.141182	-0.668628	0.182817	3.000000	1.000000	0	0	1	1.000000	0.000000	0.000000
ASV_624_16S_3_200	ASV_662_16S_3_200	1	ENV_Salinity	0.716510	0.040868	-0.675642	0.273726	3.000000	1.000000	0	0	1	1.000000	0.000000	0.000000
ASV_357_16S_022_3	ASV_663_16S_3_200	1	ENV_Salinity	0.590836	0.341195	-0.249640	0.364635	3.000000	1.000000	0	0	1	1.000000	0.000000	0.000000
ASV_40_16S_3_200	ASV_663_16S_3_200	1	ENV_Salinity	0.437213	-0.015349	-0.452562	0.636364	3.000000	1.000000	0	0	1	1.000000	0.000000	0.000000
ASV_459_16S_3_200	ASV_663_16S_3_200	1	ENV_Salinity	0.555537	0.186504	-0.369033	0.728272	3.000000	1.000000	0	0	1	1.000000	0.000000	0.000000
ASV_630_16S_3_200	ASV_663_16S_3_200	1	ENV_Salinity	0.497113	0.171115	-0.325998	0.455544	3.000000	1.000000	0	0	1	1.000000	0.000000	0.000000
ASV_102_16S_022_3	ASV_673_16S_3_200	1	ENV_Salinity	0.554875	0.000000	-0.554875	0.727273	3.000000	1.000000	0	0	1	1.000000	0.000000	0.000000
ASV_664_16S_022_3	ASV_673_16S_3_200	1	ENV_Salinity	0.444736	0.000000	-0.444736	0.727273	3.000000	1.000000	0	0	1	1.000000	0.000000	0.000000
ASV_673_16S_022_3	ASV_673_16S_3_200	1	ENV_Salinity	0.492737	0.000000	-0.492737	0.545455	3.000000	1.000000	0	0	1	1.000000	0.000000	0.000000
OTU_4302_18S_022_3	ASV_673_16S_3_200	1	ENV_Salinity	0.439968	0.000000	-0.439968	0.727273	3.000000	1.000000	0	0	1	1.000000	0.000000	0.000000
ASV_449_16S_022_3	ASV_687_16S_3_200	1	ENV_Salinity	0.256497	0.245166	-0.011330	0.273726	3.000000	1.000000	0	0	1	1.000000	0.000000	0.000000
ASV_2185_16S_022_3	ASV_687_16S_3_200	1	ENV_Salinity	0.279048	-0.033789	-0.312837	0.727273	3.000000	1.000000	0	0	1	1.000000	0.000000	0.000000
OTU_1940_18S_022_3	ASV_687_16S_3_200	1	ENV_Salinity	0.303303	-0.022110	-0.325412	0.545455	3.000000	1.000000	0	0	1	1.000000	0.000000	0.000000
ASV_431_16S_3_200	ASV_691_16S_3_200	1	ENV_Salinity	0.364410	1.023759	0.659349	nan	3.000000	1.000000	0	0	1	1.000000	0.000000	0.000000
ASV_705_16S_022_3	ASV_705_16S_3_200	1	ENV_Salinity	0.428125	0.038179	-0.389947	0.000999	3.000000	1.000000	0	0	1	1.000000	0.000000	0.000000
ASV_755_16S_022_3	ASV_705_16S_3_200	1	ENV_Salinity	0.430578	-0.045776	-0.476353	1.000000	3.000000	1.000000	0	0	1	1.000000	0.000000	0.000000
ASV_1149_16S_022_3	ASV_705_16S_3_200	1	ENV_Salinity	0.406323	0.100331	-0.305992	0.455544	3.000000	1.000000	0	0	1	1.000000	0.000000	0.000000
OTU_1828_18S_022_3	ASV_705_16S_3_200	1	ENV_Salinity	0.372816	0.038179	-0.334637	0.000999	3.000000	1.000000	0	0	1	1.000000	0.000000	0.000000
ASV_971_16S_022_3	ASV_706_16S_3_200	1	ENV_Salinity	0.554214	-0.091551	-0.645765	0.454545	3.000000	1.000000	0	0	1	1.000000	0.000000	0.000000
OTU_1263_18S_022_3	ASV_706_16S_3_200	1	ENV_Salinity	0.499719	0.000000	-0.499719	0.454545	3.000000	1.000000	0	0	1	1.000000	0.000000	0.000000
ASV_145_16S_022_3	ASV_723_16S_3_200	1	ENV_Salinity	0.654109	0.093235	-0.560874	0.091908	3.000000	1.000000	0	0	1	1.000000	0.000000	0.000000
ASV_847_16S_022_3	ASV_723_16S_3_200	1	ENV_Salinity	0.725830	0.115490	-0.610340	0.091908	3.000000	1.000000	0	0	1	1.000000	0.000000	0.000000
ASV_889_16S_022_3	ASV_723_16S_3_200	1	ENV_Salinity	0.493105	0.727290	0.234185	nan	3.000000	1.000000	0	0	1	1.000000	0.000000	0.000000
OTU_318_18S_022_3	ASV_723_16S_3_200	1	ENV_Salinity	0.573678	0.198327	-0.375351	0.182817	3.000000	1.000000	0	0	1	1.000000	0.000000	0.000000
OTU_393_18S_022_3	ASV_723_16S_3_200	1	ENV_Salinity	0.754609	0.214518	-0.540091	0.273726	3.000000	1.000000	0	0	1	1.000000	0.000000	0.000000
OTU_1024_18S_022_3	ASV_755_16S_3_200	1	ENV_Salinity	0.378099	0.000000	-0.378099	0.454545	3.000000	1.000000	0	0	1	1.000000	0.000000	0.000000
OTU_1893_18S_022_3	ASV_755_16S_3_200	1	ENV_Salinity	0.483572	0.000000	-0.483572	0.636364	3.000000	1.000000	0	0	1	1.000000	0.000000	0.000000
ASV_379_16S_3_200	ASV_755_16S_3_200	1	ENV_Salinity	0.599096	0.191882	-0.407214	0.546454	3.000000	1.000000	0	0	1	1.000000	0.000000	0.000000
ASV_75_16S_022_3	ASV_777_16S_3_200	1	ENV_Salinity	0.458233	0.076358	-0.381875	0.455544	3.000000	1.000000	0	0	1	1.000000	0.000000	0.000000
ASV_579_16S_022_3	ASV_777_16S_3_200	1	ENV_Salinity	0.542557	0.208776	-0.333780	0.546454	3.000000	1.000000	0	0	1	1.000000	0.000000	0.000000
ASV_286_16S_3_200	ASV_777_16S_3_200	1	ENV_Salinity	0.509481	0.191882	-0.317598	0.455544	3.000000	1.000000	0	0	1	1.000000	0.000000	0.000000
ASV_472_16S_022_3	ASV_784_16S_3_200	1	ENV_Salinity	0.383349	0.144074	-0.239275	0.455544	3.000000	1.000000	0	0	1	1.000000	0.000000	0.000000
OTU_790_18S_022_3	ASV_784_16S_3_200	1	ENV_Salinity	0.562608	2.006730	1.444122	nan	3.000000	1.000000	0	0	1	1.000000	0.000000	0.000000
ASV_345_16S_3_200	ASV_787_16S_3_200	1	ENV_Salinity	0.548062	0.283433	-0.264629	0.637363	3.000000	1.000000	0	0	1	1.000000	0.000000	0.000000
ASV_473_16S_3_200	ASV_787_16S_3_200	1	ENV_Salinity	0.483616	-0.010932	-0.494548	0.636364	3.000000	1.000000	0	0	1	1.000000	0.000000	0.000000
ASV_297_16S_022_3	ASV_808_16S_3_200	1	ENV_Salinity	0.590836	2.627707	2.036872	nan	3.000000	1.000000	0	0	1	1.000000	0.000000	0.000000
ASV_542_16S_3_200	ASV_808_16S_3_200	1	ENV_Salinity	0.525813	0.175976	-0.349837	0.000999	3.000000	1.000000	0	0	1	1.000000	0.000000	0.000000
ASV_884_16S_022_3	ASV_812_16S_3_200	1	ENV_Salinity	0.735144	0.100849	-0.634296	0.000999	3.000000	1.000000	0	0	1	1.000000	0.000000	0.000000
ASV_886_16S_022_3	ASV_858_16S_3_200	1	ENV_Salinity	0.487679	0.124305	-0.363374	0.000999	3.000000	1.000000	0	0	1	1.000000	0.000000	0.000000
ASV_1589_16S_022_3	ASV_863_16S_3_200	1	ENV_Salinity	0.461770	0.033789	-0.427981	0.637363	3.000000	1.000000	0	0	1	1.000000	0.000000	0.000000
ASV_2127_16S_022_3	ASV_863_16S_3_200	1	ENV_Salinity	0.425809	0.112835	-0.312974	0.637363	3.000000	1.000000	0	0	1	1.000000	0.000000	0.000000
ASV_297_16S_022_3	ASV_884_16S_3_200	1	ENV_Salinity	0.518254	2.691551	2.173297	nan	3.000000	1.000000	0	0	1	1.000000	0.000000	0.000000
ASV_566_16S_022_3	ASV_884_16S_3_200	1	ENV_Salinity	0.691540	0.207076	-0.484465	0.000999	3.000000	1.000000	0	0	1	1.000000	0.000000	0.000000
OTU_624_18S_022_3	ASV_884_16S_3_200	1	ENV_Salinity	0.399014	0.094426	-0.304589	0.000999	3.000000	1.000000	0	0	1	1.000000	0.000000	0.000000
ASV_112_16S_022_3	ASV_888_16S_3_200	1	ENV_Salinity	0.519532	0.000000	-0.519532	0.454545	3.000000	1.000000	0	0	1	1.000000	0.000000	0.000000
ASV_1254_16S_022_3	ASV_888_16S_3_200	1	ENV_Salinity	0.673006	0.095941	-0.577065	0.000999	3.000000	1.000000	0	0	1	1.000000	0.000000	0.000000
ASV_1415_16S_022_3	ASV_888_16S_3_200	1	ENV_Salinity	0.519532	0.095941	-0.423591	0.000999	3.000000	1.000000	0	0	1	1.000000	0.000000	0.000000
ASV_152_16S_3_200	ASV_903_16S_3_200	1	ENV_Salinity	0.257908	1.766330	1.508422	nan	3.000000	1.000000	0	0	1	1.000000	0.000000	0.000000
ASV_675_16S_022_3	ASV_905_16S_3_200	1	ENV_Salinity	0.589045	-0.103538	-0.692583	0.636364	3.000000	1.000000	0	0	1	1.000000	0.000000	0.000000
ASV_1223_16S_022_3	ASV_905_16S_3_200	1	ENV_Salinity	0.519532	0.000000	-0.519532	0.636364	3.000000	1.000000	0	0	1	1.000000	0.000000	0.000000
ASV_2023_16S_022_3	ASV_905_16S_3_200	1	ENV_Salinity	0.408776	0.079047	-0.329729	0.637363	3.000000	1.000000	0	0	1	1.000000	0.000000	0.000000
ASV_95_16S_022_3	ASV_904_16S_3_200	1	ENV_Salinity	0.272728	0.053040	-0.219688	0.455544	3.000000	1.000000	0	0	1	1.000000	0.000000	0.000000
ASV_135_16S_022_3	ASV_904_16S_3_200	1	ENV_Salinity	0.251022	0.083954	-0.167067	0.273726	3.000000	1.000000	0	0	1	1.000000	0.000000	0.000000
OTU_662_18S_022_3	ASV_904_16S_3_200	1	ENV_Salinity	0.264890	0.071968	-0.192922	0.273726	3.000000	1.000000	0	0	1	1.000000	0.000000	0.000000
OTU_2160_18S_022_3	ASV_904_16S_3_200	1	ENV_Salinity	0.379321	0.149313	-0.230008	0.455544	3.000000	1.000000	0	0	1	1.000000	0.000000	0.000000
ASV_128_16S_022_3	ASV_910_16S_3_200	1	ENV_Salinity	0.492359	0.902636	0.410278	nan	3.000000	1.000000	0	0	1	1.000000	0.000000	0.000000
ASV_81_16S_022_3	ASV_912_16S_3_200	1	ENV_Salinity	0.397259	0.700279	0.303021	nan	3.000000	1.000000	0	0	1	1.000000	0.000000	0.000000
OTU_313_18S_022_3	ASV_912_16S_3_200	1	ENV_Salinity	0.483711	2.367492	1.883781	nan	3.000000	1.000000	0	0	1	1.000000	0.000000	0.000000
ASV_377_16S_022_3	ASV_932_16S_3_200	1	ENV_Salinity	0.353903	3.223568	2.869665	nan	3.000000	1.000000	0	0	1	1.000000	0.000000	0.000000
ASV_688_16S_022_3	ASV_932_16S_3_200	1	ENV_Salinity	0.495322	3.072554	2.577232	nan	3.000000	1.000000	0	0	1	1.000000	0.000000	0.000000
ASV_932_16S_022_3	ASV_932_16S_3_200	1	ENV_Salinity	0.646807	0.270929	-0.375878	0.000999	3.000000	1.000000	0	0	1	1.000000	0.000000	0.000000
ASV_1643_16S_022_3	ASV_932_16S_3_200	1	ENV_Salinity	0.310299	0.033789	-0.276510	0.182817	3.000000	1.000000	0	0	1	1.000000	0.000000	0.000000
ASV_1734_16S_022_3	ASV_949_16S_3_200	1	ENV_Salinity	0.519532	0.000000	-0.519532	0.545455	3.000000	1.000000	0	0	1	1.000000	0.000000	0.000000
OTU_1762_18S_022_3	ASV_949_16S_3_200	1	ENV_Salinity	0.541334	0.129730	-0.411604	0.364635	3.000000	1.000000	0	0	1	1.000000	0.000000	0.000000
ASV_1587_16S_022_3	ASV_972_16S_3_200	1	ENV_Salinity	0.434974	0.000000	-0.434974	0.363636	3.000000	1.000000	0	0	1	1.000000	0.000000	0.000000
ASV_1446_16S_022_3	ASV_1029_16S_3_200	1	ENV_Salinity	0.472591	0.821740	0.349149	nan	3.000000	1.000000	0	0	1	1.000000	0.000000	0.000000
ASV_213_16S_022_3	ASV_1067_16S_3_200	1	ENV_Salinity	0.439968	0.042569	-0.397399	0.000999	3.000000	1.000000	0	0	1	1.000000	0.000000	0.000000
ASV_1147_16S_022_3	ASV_1067_16S_3_200	1	ENV_Salinity	0.567243	0.033789	-0.533454	0.000999	3.000000	1.000000	0	0	1	1.000000	0.000000	0.000000
ASV_1693_16S_022_3	ASV_1071_16S_3_200	1	ENV_Salinity	0.439968	0.000000	-0.439968	1.000000	3.000000	1.000000	0	0	1	1.000000	0.000000	0.000000
OTU_2439_18S_022_3	ASV_1071_16S_3_200	1	ENV_Salinity	0.519532	0.000000	-0.519532	1.000000	3.000000	1.000000	0	0	1	1.000000	0.000000	0.000000
ASV_157_16S_3_200	ASV_1071_16S_3_200	1	ENV_Salinity	0.404007	0.033271	-0.370736	0.637363	3.000000	1.000000	0	0	1	1.000000	0.000000	0.000000
ASV_1569_16S_022_3	ASV_1076_16S_3_200	1	ENV_Salinity	0.521848	0.000000	-0.521848	0.636364	3.000000	1.000000	0	0	1	1.000000	0.000000	0.000000
ASV_96_16S_3_200	ASV_1076_16S_3_200	1	ENV_Salinity	0.601412	0.000000	-0.601412	0.454545	3.000000	1.000000	0	0	1	1.000000	0.000000	0.000000
ASV_1055_16S_022_3	ASV_1107_16S_3_200	1	ENV_Salinity	0.625005	0.033789	-0.591216	0.546454	3.000000	1.000000	0	0	1	1.000000	0.000000	0.000000
ASV_1394_16S_022_3	ASV_1107_16S_3_200	1	ENV_Salinity	0.603203	0.225671	-0.377532	0.455544	3.000000	1.000000	0	0	1	1.000000	0.000000	0.000000
ASV_1560_16S_022_3	ASV_1107_16S_3_200	1	ENV_Salinity	0.590836	0.071968	-0.518868	0.364635	3.000000	1.000000	0	0	1	1.000000	0.000000	0.000000
ASV_2181_16S_022_3	ASV_1107_16S_3_200	1	ENV_Salinity	0.487679	0.000000	-0.487679	0.545455	3.000000	1.000000	0	0	1	1.000000	0.000000	0.000000
ASV_389_16S_022_3	ASV_1117_16S_3_200	1	ENV_Salinity	0.735144	0.199008	-0.536136	0.364635	3.000000	1.000000	0	0	1	1.000000	0.000000	0.000000
ASV_803_16S_022_3	ASV_1117_16S_3_200	1	ENV_Salinity	0.731877	0.110146	-0.621731	0.364635	3.000000	1.000000	0	0	1	1.000000	0.000000	0.000000
ASV_1676_16S_022_3	ASV_1117_16S_3_200	1	ENV_Salinity	0.648598	0.055073	-0.593525	0.455544	3.000000	1.000000	0	0	1	1.000000	0.000000	0.000000
ASV_13_16S_022_3	ASV_1124_16S_3_200	1	ENV_Salinity	0.403306	0.092070	-0.311236	0.000999	3.000000	1.000000	0	0	1	1.000000	0.000000	0.000000
ASV_297_16S_3_200	ASV_1124_16S_3_200	1	ENV_Salinity	0.447840	0.701359	0.253520	nan	3.000000	1.000000	0	0	1	1.000000	0.000000	0.000000
ASV_513_16S_022_3	ASV_1137_16S_3_200	1	ENV_Salinity	0.391395	0.045776	-0.345619	0.546454	3.000000	1.000000	0	0	1	1.000000	0.000000	0.000000
ASV_173_16S_022_3	ASV_1138_16S_3_200	1	ENV_Salinity	0.541438	0.016894	-0.524543	0.728272	3.000000	1.000000	0	0	1	1.000000	0.000000	0.000000
ASV_673_16S_022_3	ASV_1138_16S_3_200	1	ENV_Salinity	0.615243	0.000000	-0.615243	0.636364	3.000000	1.000000	0	0	1	1.000000	0.000000	0.000000
OTU_100_18S_022_3	ASV_1138_16S_3_200	1	ENV_Salinity	0.579283	0.112835	-0.466448	0.637363	3.000000	1.000000	0	0	1	1.000000	0.000000	0.000000
OTU_940_18S_022_3	ASV_1138_16S_3_200	1	ENV_Salinity	0.346245	0.033789	-0.312456	0.637363	3.000000	1.000000	0	0	1	1.000000	0.000000	0.000000
OTU_1509_18S_022_3	ASV_1193_16S_3_200	1	ENV_Salinity	0.493623	0.129730	-0.363893	0.637363	3.000000	1.000000	0	0	1	1.000000	0.000000	0.000000
ASV_1203_16S_022_3	ASV_1203_16S_3_200	1	ENV_Salinity	0.546102	0.011987	-0.534116	0.728272	3.000000	1.000000	0	0	1	1.000000	0.000000	0.000000
ASV_2653_16S_022_3	ASV_1203_16S_3_200	1	ENV_Salinity	0.656858	0.000000	-0.656858	0.727273	3.000000	1.000000	0	0	1	1.000000	0.000000	0.000000
ASV_815_16S_022_3	ASV_1215_16S_3_200	1	ENV_Salinity	0.636698	0.055073	-0.581624	0.273726	3.000000	1.000000	0	0	1	1.000000	0.000000	0.000000
OTU_105_18S_022_3	ASV_1215_16S_3_200	1	ENV_Salinity	0.744747	0.149313	-0.595434	0.273726	3.000000	1.000000	0	0	1	1.000000	0.000000	0.000000
OTU_729_18S_022_3	ASV_1215_16S_3_200	1	ENV_Salinity	0.722945	0.055073	-0.667872	0.637363	3.000000	1.000000	0	0	1	1.000000	0.000000	0.000000
ASV_817_16S_022_3	ASV_1220_16S_3_200	1	ENV_Salinity	0.666565	0.016894	-0.649671	0.637363	3.000000	1.000000	0	0	1	1.000000	0.000000	0.000000
ASV_321_16S_3_200	ASV_1220_16S_3_200	1	ENV_Salinity	0.680302	0.097642	-0.582660	0.000999	3.000000	1.000000	0	0	1	1.000000	0.000000	0.000000
ASV_1227_16S_022_3	ASV_1227_16S_3_200	1	ENV_Salinity	0.317659	0.114536	-0.203123	0.000999	3.000000	1.000000	0	0	1	1.000000	0.000000	0.000000
ASV_104_16S_022_3	ASV_1226_16S_3_200	1	ENV_Salinity	0.325418	1.279195	0.953777	nan	3.000000	1.000000	0	0	1	1.000000	0.000000	0.000000
ASV_295_16S_022_3	ASV_1251_16S_3_200	1	ENV_Salinity	0.431045	0.110146	-0.320899	0.364635	3.000000	1.000000	0	0	1	1.000000	0.000000	0.000000
ASV_1407_16S_022_3	ASV_1251_16S_3_200	1	ENV_Salinity	0.728162	0.033789	-0.694373	0.455544	3.000000	1.000000	0	0	1	1.000000	0.000000	0.000000
OTU_646_18S_022_3	ASV_1251_16S_3_200	1	ENV_Salinity	0.567243	0.050166	-0.517077	0.455544	3.000000	1.000000	0	0	1	1.000000	0.000000	0.000000
ASV_390_16S_3_200	ASV_1251_16S_3_200	1	ENV_Salinity	0.712134	0.048650	-0.663484	0.364635	3.000000	1.000000	0	0	1	1.000000	0.000000	0.000000
ASV_134_16S_022_3	ASV_1250_16S_3_200	1	ENV_Salinity	0.636652	0.022857	-0.613795	0.637363	3.000000	1.000000	0	0	1	1.000000	0.000000	0.000000
ASV_800_16S_022_3	ASV_1250_16S_3_200	1	ENV_Salinity	0.593048	0.033789	-0.559260	0.546454	3.000000	1.000000	0	0	1	1.000000	0.000000	0.000000
ASV_1212_16S_022_3	ASV_1250_16S_3_200	1	ENV_Salinity	0.649428	0.083954	-0.565474	0.364635	3.000000	1.000000	0	0	1	1.000000	0.000000	0.000000
OTU_1959_18S_022_3	ASV_1254_16S_3_200	1	ENV_Salinity	0.298534	0.000000	-0.298534	0.727273	3.000000	1.000000	0	0	1	1.000000	0.000000	0.000000
ASV_610_16S_3_200	ASV_1254_16S_3_200	1	ENV_Salinity	0.483572	0.000000	-0.483572	0.818182	3.000000	1.000000	0	0	1	1.000000	0.000000	0.000000
ASV_1523_16S_022_3	ASV_1275_16S_3_200	1	ENV_Salinity	0.429916	-0.079047	-0.508963	1.000000	3.000000	1.000000	0	0	1	1.000000	0.000000	0.000000
OTU_2878_18S_022_3	ASV_1275_16S_3_200	1	ENV_Salinity	0.404007	0.055073	-0.348934	0.819181	3.000000	1.000000	0	0	1	1.000000	0.000000	0.000000
ASV_658_16S_022_3	ASV_1283_16S_3_200	1	ENV_Salinity	0.435861	0.000000	-0.435861	0.454545	3.000000	1.000000	0	0	1	1.000000	0.000000	0.000000
ASV_814_16S_022_3	ASV_1283_16S_3_200	1	ENV_Salinity	0.439968	-0.106873	-0.546841	0.454545	3.000000	1.000000	0	0	1	1.000000	0.000000	0.000000
ASV_1380_16S_022_3	ASV_1287_16S_3_200	1	ENV_Salinity	0.576677	0.043086	-0.533591	0.273726	3.000000	1.000000	0	0	1	1.000000	0.000000	0.000000
ASV_402_16S_022_3	ASV_1300_16S_3_200	1	ENV_Salinity	0.318481	0.043557	-0.274924	0.000999	3.000000	1.000000	0	0	1	1.000000	0.000000	0.000000
OTU_506_18S_022_3	ASV_1321_16S_3_200	1	ENV_Salinity	0.389232	0.129056	-0.260176	0.182817	3.000000	1.000000	0	0	1	1.000000	0.000000	0.000000
ASV_643_16S_022_3	ASV_1375_16S_3_200	1	ENV_Salinity	0.444736	-0.033789	-0.478525	0.636364	3.000000	1.000000	0	0	1	1.000000	0.000000	0.000000
OTU_182_18S_022_3	ASV_1375_16S_3_200	1	ENV_Salinity	0.429916	0.299810	-0.130106	0.546454	3.000000	1.000000	0	0	1	1.000000	0.000000	0.000000
OTU_1893_18S_022_3	ASV_1375_16S_3_200	1	ENV_Salinity	0.461770	0.000000	-0.461770	0.636364	3.000000	1.000000	0	0	1	1.000000	0.000000	0.000000
ASV_1999_16S_022_3	ASV_1400_16S_3_200	1	ENV_Salinity	0.541334	0.033789	-0.507545	0.637363	3.000000	1.000000	0	0	1	1.000000	0.000000	0.000000
OTU_307_18S_022_3	ASV_1400_16S_3_200	1	ENV_Salinity	0.322035	0.000000	-0.322035	1.000000	3.000000	1.000000	0	0	1	1.000000	0.000000	0.000000
ASV_820_16S_022_3	ASV_1439_16S_3_200	1	ENV_Salinity	0.905164	0.334782	-0.570382	0.273726	3.000000	1.000000	0	0	1	1.000000	0.000000	0.000000
ASV_1491_16S_022_3	ASV_1439_16S_3_200	1	ENV_Salinity	0.480697	0.055073	-0.425624	0.182817	3.000000	1.000000	0	0	1	1.000000	0.000000	0.000000
ASV_823_16S_022_3	ASV_1457_16S_3_200	1	ENV_Salinity	0.682767	0.112835	-0.569932	0.455544	3.000000	1.000000	0	0	1	1.000000	0.000000	0.000000
ASV_978_16S_022_3	ASV_1457_16S_3_200	1	ENV_Salinity	0.684558	0.033789	-0.650769	0.273726	3.000000	1.000000	0	0	1	1.000000	0.000000	0.000000
ASV_1894_16S_022_3	ASV_1457_16S_3_200	1	ENV_Salinity	0.764122	0.083954	-0.680168	0.273726	3.000000	1.000000	0	0	1	1.000000	0.000000	0.000000
ASV_13_16S_022_3	ASV_1480_16S_3_200	1	ENV_Salinity	0.457970	0.112123	-0.345847	0.273726	3.000000	1.000000	0	0	1	1.000000	0.000000	0.000000
ASV_530_16S_022_3	ASV_1480_16S_3_200	1	ENV_Salinity	0.299757	0.373283	0.073526	nan	3.000000	1.000000	0	0	1	1.000000	0.000000	0.000000
ASV_699_16S_022_3	ASV_1512_16S_3_200	1	ENV_Salinity	0.502498	0.191882	-0.310616	0.364635	3.000000	1.000000	0	0	1	1.000000	0.000000	0.000000
ASV_1707_16S_022_3	ASV_1512_16S_3_200	1	ENV_Salinity	0.464086	0.191882	-0.272204	0.819181	3.000000	1.000000	0	0	1	1.000000	0.000000	0.000000
ASV_1716_16S_022_3	ASV_1512_16S_3_200	1	ENV_Salinity	0.442284	0.033789	-0.408495	0.546454	3.000000	1.000000	0	0	1	1.000000	0.000000	0.000000
ASV_1747_16S_022_3	ASV_1512_16S_3_200	1	ENV_Salinity	0.358613	0.033789	-0.324824	0.546454	3.000000	1.000000	0	0	1	1.000000	0.000000	0.000000
ASV_863_16S_3_200	ASV_1512_16S_3_200	1	ENV_Salinity	0.519532	0.112835	-0.406697	0.637363	3.000000	1.000000	0	0	1	1.000000	0.000000	0.000000
ASV_27_16S_022_3	ASV_1537_16S_3_200	1	ENV_Salinity	0.330098	1.005740	0.675643	nan	3.000000	1.000000	0	0	1	1.000000	0.000000	0.000000
ASV_1648_16S_022_3	ASV_1564_16S_3_200	1	ENV_Salinity	0.625005	0.095941	-0.529064	0.273726	3.000000	1.000000	0	0	1	1.000000	0.000000	0.000000
ASV_2155_16S_022_3	ASV_1564_16S_3_200	1	ENV_Salinity	0.541334	0.067060	-0.474274	0.000999	3.000000	1.000000	0	0	1	1.000000	0.000000	0.000000
ASV_706_16S_3_200	ASV_1564_16S_3_200	1	ENV_Salinity	0.567243	0.050166	-0.517077	0.000999	3.000000	1.000000	0	0	1	1.000000	0.000000	0.000000
ASV_905_16S_3_200	ASV_1564_16S_3_200	1	ENV_Salinity	0.485888	0.000000	-0.485888	0.454545	3.000000	1.000000	0	0	1	1.000000	0.000000	0.000000
ASV_1420_16S_022_3	ASV_1591_16S_3_200	1	ENV_Salinity	0.299011	-0.051800	-0.350811	0.818182	3.000000	1.000000	0	0	1	1.000000	0.000000	0.000000
OTU_984_18S_022_3	ASV_1591_16S_3_200	1	ENV_Salinity	0.541334	0.129730	-0.411604	0.637363	3.000000	1.000000	0	0	1	1.000000	0.000000	0.000000
OTU_1102_18S_022_3	ASV_1591_16S_3_200	1	ENV_Salinity	0.577294	0.225671	-0.351623	0.637363	3.000000	1.000000	0	0	1	1.000000	0.000000	0.000000
ASV_237_16S_3_200	ASV_1591_16S_3_200	1	ENV_Salinity	0.519532	-0.023974	-0.543505	0.818182	3.000000	1.000000	0	0	1	1.000000	0.000000	0.000000
ASV_396_16S_022_3	ASV_1675_16S_3_200	1	ENV_Salinity	0.680302	0.104474	-0.575827	0.091908	3.000000	1.000000	0	0	1	1.000000	0.000000	0.000000
ASV_1094_16S_022_3	ASV_1675_16S_3_200	1	ENV_Salinity	0.680302	0.000000	-0.680302	0.181818	3.000000	1.000000	0	0	1	1.000000	0.000000	0.000000
ASV_1127_16S_022_3	ASV_1715_16S_3_200	1	ENV_Salinity	0.368047	2.886286	2.518239	nan	3.000000	1.000000	0	0	1	1.000000	0.000000	0.000000
ASV_307_16S_3_200	ASV_1821_16S_3_200	1	ENV_Salinity	0.604332	2.367690	1.763358	nan	3.000000	1.000000	0	0	1	1.000000	0.000000	0.000000
ASV_1480_16S_3_200	ASV_1821_16S_3_200	1	ENV_Salinity	0.620366	0.322600	-0.297766	0.455544	3.000000	1.000000	0	0	1	1.000000	0.000000	0.000000
OTU_2167_18S_022_3	ASV_1870_16S_3_200	1	ENV_Salinity	0.521848	0.000000	-0.521848	0.636364	3.000000	1.000000	0	0	1	1.000000	0.000000	0.000000
ASV_468_16S_022_3	ASV_1879_16S_3_200	1	ENV_Salinity	0.807726	0.000000	-0.807726	0.818182	3.000000	1.000000	0	0	1	1.000000	0.000000	0.000000
ASV_1071_16S_022_3	ASV_1879_16S_3_200	1	ENV_Salinity	0.541334	0.000000	-0.541334	0.818182	3.000000	1.000000	0	0	1	1.000000	0.000000	0.000000
ASV_1584_16S_022_3	ASV_1879_16S_3_200	1	ENV_Salinity	0.536341	-0.109961	-0.646301	0.818182	3.000000	1.000000	0	0	1	1.000000	0.000000	0.000000
ASV_414_16S_3_200	ASV_1879_16S_3_200	1	ENV_Salinity	0.533073	-0.095099	-0.628173	0.818182	3.000000	1.000000	0	0	1	1.000000	0.000000	0.000000
ASV_1087_16S_022_3	ASV_1963_16S_3_200	1	ENV_Salinity	0.625005	0.033789	-0.591216	0.637363	3.000000	1.000000	0	0	1	1.000000	0.000000	0.000000
ASV_1289_16S_022_3	ASV_1963_16S_3_200	1	ENV_Salinity	0.569695	0.158611	-0.411084	0.819181	3.000000	1.000000	0	0	1	1.000000	0.000000	0.000000
ASV_1366_16S_022_3	ASV_1963_16S_3_200	1	ENV_Salinity	0.605655	0.033789	-0.571867	0.455544	3.000000	1.000000	0	0	1	1.000000	0.000000	0.000000
ASV_1508_16S_022_3	ASV_1963_16S_3_200	1	ENV_Salinity	0.466538	0.033789	-0.432749	0.637363	3.000000	1.000000	0	0	1	1.000000	0.000000	0.000000
ASV_1858_16S_022_3	ASV_2004_16S_3_200	1	ENV_Salinity	0.497730	0.033789	-0.463941	0.455544	3.000000	1.000000	0	0	1	1.000000	0.000000	0.000000
ASV_1212_16S_022_3	ASV_2007_16S_3_200	1	ENV_Salinity	0.382205	0.033789	-0.348417	0.546454	3.000000	1.000000	0	0	1	1.000000	0.000000	0.000000
OTU_6834_18S_022_3	ASV_2032_16S_3_200	1	ENV_Salinity	0.439968	0.000000	-0.439968	0.545455	3.000000	1.000000	0	0	1	1.000000	0.000000	0.000000
ASV_51_16S_022_3	ASV_2134_16S_3_200	1	ENV_Salinity	0.393942	0.124822	-0.269120	0.637363	3.000000	1.000000	0	0	1	1.000000	0.000000	0.000000
ASV_1059_16S_022_3	ASV_2134_16S_3_200	1	ENV_Salinity	0.599096	0.033789	-0.565307	0.637363	3.000000	1.000000	0	0	1	1.000000	0.000000	0.000000
ASV_616_16S_022_3	ASV_2156_16S_3_200	1	ENV_Salinity	0.439968	0.091551	-0.348417	0.637363	3.000000	1.000000	0	0	1	1.000000	0.000000	0.000000
ASV_718_16S_022_3	ASV_2156_16S_3_200	1	ENV_Salinity	0.404007	0.083954	-0.320053	0.546454	3.000000	1.000000	0	0	1	1.000000	0.000000	0.000000
ASV_1257_16S_022_3	ASV_2156_16S_3_200	1	ENV_Salinity	0.461770	-0.079047	-0.540816	0.818182	3.000000	1.000000	0	0	1	1.000000	0.000000	0.000000
ASV_1397_16S_022_3	ASV_2156_16S_3_200	1	ENV_Salinity	0.356297	0.158611	-0.197686	0.728272	3.000000	1.000000	0	0	1	1.000000	0.000000	0.000000
ASV_1523_16S_022_3	ASV_2281_16S_3_200	1	ENV_Salinity	0.682767	0.033789	-0.648979	0.000999	3.000000	1.000000	0	0	1	1.000000	0.000000	0.000000
ASV_1820_16S_022_3	ASV_2281_16S_3_200	1	ENV_Salinity	0.704569	0.033789	-0.670781	0.000999	3.000000	1.000000	0	0	1	1.000000	0.000000	0.000000
ASV_9_16S_022_3	ASV_2288_16S_3_200	1	ENV_Salinity	0.362279	0.191364	-0.170914	0.637363	3.000000	1.000000	0	0	1	1.000000	0.000000	0.000000
ASV_1059_16S_022_3	ASV_2288_16S_3_200	1	ENV_Salinity	0.519532	0.033789	-0.485743	0.637363	3.000000	1.000000	0	0	1	1.000000	0.000000	0.000000
OTU_1010_18S_022_3	ASV_2288_16S_3_200	1	ENV_Salinity	0.334495	0.158093	-0.176401	0.455544	3.000000	1.000000	0	0	1	1.000000	0.000000	0.000000
ASV_777_16S_3_200	ASV_2288_16S_3_200	1	ENV_Salinity	0.439968	0.083954	-0.356013	0.637363	3.000000	1.000000	0	0	1	1.000000	0.000000	0.000000
ASV_2134_16S_3_200	ASV_2288_16S_3_200	1	ENV_Salinity	0.519532	0.112835	-0.406697	0.637363	3.000000	1.000000	0	0	1	1.000000	0.000000	0.000000
ASV_168_16S_022_3	ASV_2561_16S_3_200	1	ENV_Salinity	0.568656	0.055073	-0.513582	0.182817	3.000000	1.000000	0	0	1	1.000000	0.000000	0.000000
OTU_574_18S_022_3	OTU_3_18S_3_200	1	ENV_Salinity	0.297002	0.075906	-0.221096	0.546454	3.000000	1.000000	0	0	1	1.000000	0.000000	0.000000
OTU_7_18S_022_3	OTU_10_18S_3_200	1	ENV_Salinity	0.477276	0.627364	0.150088	nan	3.000000	1.000000	0	0	1	1.000000	0.000000	0.000000
OTU_39_18S_022_3	OTU_10_18S_3_200	1	ENV_Salinity	0.536246	0.183743	-0.352504	0.000999	3.000000	1.000000	0	0	1	1.000000	0.000000	0.000000
OTU_50_18S_022_3	OTU_10_18S_3_200	1	ENV_Salinity	0.811441	1.266817	0.455376	nan	3.000000	1.000000	0	0	1	1.000000	0.000000	0.000000
ASV_723_16S_3_200	OTU_10_18S_3_200	1	ENV_Salinity	0.819752	0.120221	-0.699530	0.091908	3.000000	1.000000	0	0	1	1.000000	0.000000	0.000000
OTU_906_18S_022_3	OTU_11_18S_3_200	1	ENV_Salinity	0.509432	2.065808	1.556377	nan	3.000000	1.000000	0	0	1	1.000000	0.000000	0.000000
OTU_1247_18S_022_3	OTU_11_18S_3_200	1	ENV_Salinity	0.468881	2.158883	1.690002	nan	3.000000	1.000000	0	0	1	1.000000	0.000000	0.000000
OTU_3_18S_3_200	OTU_11_18S_3_200	1	ENV_Salinity	0.143303	0.647055	0.503752	nan	3.000000	1.000000	0	0	1	1.000000	0.000000	0.000000
OTU_24_18S_022_3	OTU_12_18S_3_200	1	ENV_Salinity	0.369270	0.561402	0.192132	nan	3.000000	1.000000	0	0	1	1.000000	0.000000	0.000000
OTU_158_18S_022_3	OTU_17_18S_3_200	1	ENV_Salinity	0.410164	0.007247	-0.402917	0.273726	3.000000	1.000000	0	0	1	1.000000	0.000000	0.000000
OTU_1247_18S_022_3	OTU_17_18S_3_200	1	ENV_Salinity	0.604332	2.617774	2.013442	nan	3.000000	1.000000	0	0	1	1.000000	0.000000	0.000000
OTU_77_18S_022_3	OTU_18_18S_3_200	1	ENV_Salinity	0.508634	1.144218	0.635584	nan	3.000000	1.000000	0	0	1	1.000000	0.000000	0.000000
OTU_10_18S_3_200	OTU_18_18S_3_200	1	ENV_Salinity	0.660419	1.035711	0.375293	nan	3.000000	1.000000	0	0	1	1.000000	0.000000	0.000000
OTU_2040_18S_022_3	OTU_16_18S_3_200	1	ENV_Salinity	0.425809	0.038179	-0.387631	0.000999	3.000000	1.000000	0	0	1	1.000000	0.000000	0.000000
ASV_113_16S_022_3	OTU_29_18S_3_200	1	ENV_Salinity	0.565488	1.349165	0.783677	nan	3.000000	1.000000	0	0	1	1.000000	0.000000	0.000000
ASV_2185_16S_022_3	OTU_30_18S_3_200	1	ENV_Salinity	0.348561	-0.115525	-0.464086	0.727273	3.000000	1.000000	0	0	1	1.000000	0.000000	0.000000
OTU_421_18S_022_3	OTU_34_18S_3_200	1	ENV_Salinity	0.569541	0.000000	-0.569541	0.454545	3.000000	1.000000	0	0	1	1.000000	0.000000	0.000000
OTU_613_18S_022_3	OTU_38_18S_3_200	1	ENV_Salinity	0.802510	2.886426	2.083916	nan	3.000000	1.000000	0	0	1	1.000000	0.000000	0.000000
OTU_1338_18S_022_3	OTU_44_18S_3_200	1	ENV_Salinity	0.493623	0.000000	-0.493623	0.818182	3.000000	1.000000	0	0	1	1.000000	0.000000	0.000000
OTU_2035_18S_022_3	OTU_44_18S_3_200	1	ENV_Salinity	0.551385	0.000000	-0.551385	0.818182	3.000000	1.000000	0	0	1	1.000000	0.000000	0.000000
ASV_53_16S_022_3	OTU_50_18S_3_200	1	ENV_Salinity	0.859059	0.224324	-0.634735	0.364635	3.000000	1.000000	0	0	1	1.000000	0.000000	0.000000
ASV_723_16S_022_3	OTU_50_18S_3_200	1	ENV_Salinity	0.659210	0.043086	-0.616124	0.091908	3.000000	1.000000	0	0	1	1.000000	0.000000	0.000000
OTU_350_18S_022_3	OTU_50_18S_3_200	1	ENV_Salinity	0.415212	0.551094	0.135882	nan	3.000000	1.000000	0	0	1	1.000000	0.000000	0.000000
ASV_377_16S_3_200	OTU_50_18S_3_200	1	ENV_Salinity	0.451670	0.488235	0.036565	nan	3.000000	1.000000	0	0	1	1.000000	0.000000	0.000000
ASV_1059_16S_022_3	OTU_48_18S_3_200	1	ENV_Salinity	0.324443	-0.042569	-0.367012	0.909091	3.000000	1.000000	0	0	1	1.000000	0.000000	0.000000
OTU_5773_18S_022_3	OTU_48_18S_3_200	1	ENV_Salinity	0.429916	-0.076358	-0.506274	0.727273	3.000000	1.000000	0	0	1	1.000000	0.000000	0.000000
OTU_1283_18S_022_3	OTU_62_18S_3_200	1	ENV_Salinity	0.535679	3.044966	2.509286	nan	3.000000	1.000000	0	0	1	1.000000	0.000000	0.000000
ASV_648_16S_022_3	OTU_68_18S_3_200	1	ENV_Salinity	0.483572	0.134120	-0.349452	0.000999	3.000000	1.000000	0	0	1	1.000000	0.000000	0.000000
OTU_1353_18S_022_3	OTU_71_18S_3_200	1	ENV_Salinity	0.508009	1.927254	1.419244	nan	3.000000	1.000000	0	0	1	1.000000	0.000000	0.000000
ASV_491_16S_022_3	OTU_75_18S_3_200	1	ENV_Salinity	0.579263	0.069749	-0.509514	0.000999	3.000000	1.000000	0	0	1	1.000000	0.000000	0.000000
OTU_4_18S_022_3	OTU_75_18S_3_200	1	ENV_Salinity	0.740853	0.225577	-0.515276	0.000999	3.000000	1.000000	0	0	1	1.000000	0.000000	0.000000
OTU_248_18S_022_3	OTU_75_18S_3_200	1	ENV_Salinity	0.553831	0.067060	-0.486771	0.182817	3.000000	1.000000	0	0	1	1.000000	0.000000	0.000000
ASV_1067_16S_3_200	OTU_75_18S_3_200	1	ENV_Salinity	0.436431	0.997495	0.561064	nan	3.000000	1.000000	0	0	1	1.000000	0.000000	0.000000
OTU_29_18S_3_200	OTU_78_18S_3_200	1	ENV_Salinity	0.698055	2.060069	1.362014	nan	3.000000	1.000000	0	0	1	1.000000	0.000000	0.000000
OTU_71_18S_3_200	OTU_78_18S_3_200	1	ENV_Salinity	0.846655	2.046113	1.199458	nan	3.000000	1.000000	0	0	1	1.000000	0.000000	0.000000
OTU_850_18S_022_3	OTU_82_18S_3_200	1	ENV_Salinity	0.633778	2.779672	2.145894	nan	3.000000	1.000000	0	0	1	1.000000	0.000000	0.000000
OTU_330_18S_022_3	OTU_83_18S_3_200	1	ENV_Salinity	0.334495	0.119089	-0.215405	0.637363	3.000000	1.000000	0	0	1	1.000000	0.000000	0.000000
OTU_676_18S_022_3	OTU_83_18S_3_200	1	ENV_Salinity	0.356297	-0.118051	-0.474347	0.727273	3.000000	1.000000	0	0	1	1.000000	0.000000	0.000000
OTU_870_18S_022_3	OTU_83_18S_3_200	1	ENV_Salinity	0.519532	3.787478	3.267946	nan	3.000000	1.000000	0	0	1	1.000000	0.000000	0.000000
OTU_2633_18S_022_3	OTU_83_18S_3_200	1	ENV_Salinity	0.276732	3.880893	3.604160	nan	3.000000	1.000000	0	0	1	1.000000	0.000000	0.000000
ASV_250_16S_022_3	OTU_86_18S_3_200	1	ENV_Salinity	0.324443	0.245254	-0.079189	0.182817	3.000000	1.000000	0	0	1	1.000000	0.000000	0.000000
ASV_2156_16S_3_200	OTU_86_18S_3_200	1	ENV_Salinity	0.414059	0.033789	-0.380270	0.364635	3.000000	1.000000	0	0	1	1.000000	0.000000	0.000000
ASV_863_16S_3_200	OTU_89_18S_3_200	1	ENV_Salinity	0.324443	0.053372	-0.271071	0.637363	3.000000	1.000000	0	0	1	1.000000	0.000000	0.000000
OTU_660_18S_022_3	OTU_103_18S_3_200	1	ENV_Salinity	0.688656	0.381593	-0.307063	0.000999	3.000000	1.000000	0	0	1	1.000000	0.000000	0.000000
OTU_1143_18S_022_3	OTU_103_18S_3_200	1	ENV_Salinity	0.542557	3.399982	2.857425	nan	3.000000	1.000000	0	0	1	1.000000	0.000000	0.000000
ASV_377_16S_3_200	OTU_103_18S_3_200	1	ENV_Salinity	0.583197	2.351363	1.768166	nan	3.000000	1.000000	0	0	1	1.000000	0.000000	0.000000
ASV_153_16S_022_3	OTU_101_18S_3_200	1	ENV_Salinity	0.706738	0.554362	-0.152376	0.091908	3.000000	1.000000	0	0	1	1.000000	0.000000	0.000000
ASV_612_16S_022_3	OTU_101_18S_3_200	1	ENV_Salinity	0.838470	0.115525	-0.722945	0.091908	3.000000	1.000000	0	0	1	1.000000	0.000000	0.000000
OTU_534_18S_022_3	OTU_101_18S_3_200	1	ENV_Salinity	0.518289	0.023974	-0.494315	0.091908	3.000000	1.000000	0	0	1	1.000000	0.000000	0.000000
OTU_568_18S_022_3	OTU_109_18S_3_200	1	ENV_Salinity	0.674752	0.117225	-0.557526	0.273726	3.000000	1.000000	0	0	1	1.000000	0.000000	0.000000
ASV_1029_16S_022_3	OTU_106_18S_3_200	1	ENV_Salinity	0.710075	0.095941	-0.614134	0.455544	3.000000	1.000000	0	0	1	1.000000	0.000000	0.000000
OTU_38_18S_3_200	OTU_106_18S_3_200	1	ENV_Salinity	0.861774	0.249127	-0.612647	0.182817	3.000000	1.000000	0	0	1	1.000000	0.000000	0.000000
ASV_622_16S_022_3	OTU_118_18S_3_200	1	ENV_Salinity	0.648598	0.033789	-0.614809	0.273726	3.000000	1.000000	0	0	1	1.000000	0.000000	0.000000
ASV_671_16S_022_3	OTU_118_18S_3_200	1	ENV_Salinity	0.545441	0.033789	-0.511652	0.000999	3.000000	1.000000	0	0	1	1.000000	0.000000	0.000000
ASV_1050_16S_022_3	OTU_118_18S_3_200	1	ENV_Salinity	0.566149	0.033789	-0.532361	0.182817	3.000000	1.000000	0	0	1	1.000000	0.000000	0.000000
ASV_357_16S_022_3	OTU_119_18S_3_200	1	ENV_Salinity	0.389615	0.736942	0.347327	nan	3.000000	1.000000	0	0	1	1.000000	0.000000	0.000000
OTU_332_18S_022_3	OTU_116_18S_3_200	1	ENV_Salinity	0.521292	0.160312	-0.360980	0.637363	3.000000	1.000000	0	0	1	1.000000	0.000000	0.000000
ASV_105_16S_022_3	OTU_129_18S_3_200	1	ENV_Salinity	0.211275	0.017098	-0.194177	0.091908	3.000000	1.000000	0	0	1	1.000000	0.000000	0.000000
OTU_2722_18S_022_3	OTU_129_18S_3_200	1	ENV_Salinity	0.465246	0.767749	0.302503	nan	3.000000	1.000000	0	0	1	1.000000	0.000000	0.000000
ASV_1426_16S_022_3	OTU_142_18S_3_200	1	ENV_Salinity	0.616352	0.045241	-0.571112	0.091908	3.000000	1.000000	0	0	1	1.000000	0.000000	0.000000
ASV_767_16S_022_3	OTU_137_18S_3_200	1	ENV_Salinity	0.752470	0.074657	-0.677814	0.273726	3.000000	1.000000	0	0	1	1.000000	0.000000	0.000000
OTU_751_18S_022_3	OTU_137_18S_3_200	1	ENV_Salinity	0.424894	0.000000	-0.424894	0.363636	3.000000	1.000000	0	0	1	1.000000	0.000000	0.000000
OTU_378_18S_022_3	OTU_146_18S_3_200	1	ENV_Salinity	0.451286	0.266068	-0.185218	0.546454	3.000000	1.000000	0	0	1	1.000000	0.000000	0.000000
ASV_21_16S_022_3	OTU_141_18S_3_200	1	ENV_Salinity	0.284649	0.036324	-0.248325	0.000999	3.000000	1.000000	0	0	1	1.000000	0.000000	0.000000
OTU_183_18S_022_3	OTU_141_18S_3_200	1	ENV_Salinity	0.471596	0.563314	0.091717	nan	3.000000	1.000000	0	0	1	1.000000	0.000000	0.000000
ASV_932_16S_022_3	OTU_155_18S_3_200	1	ENV_Salinity	0.682767	0.112835	-0.569932	0.000999	3.000000	1.000000	0	0	1	1.000000	0.000000	0.000000
ASV_932_16S_3_200	OTU_155_18S_3_200	1	ENV_Salinity	0.646807	3.773109	3.126302	nan	3.000000	1.000000	0	0	1	1.000000	0.000000	0.000000
OTU_260_18S_022_3	OTU_152_18S_3_200	1	ENV_Salinity	0.324443	0.199479	-0.124964	0.819181	3.000000	1.000000	0	0	1	1.000000	0.000000	0.000000
OTU_811_18S_022_3	OTU_166_18S_3_200	1	ENV_Salinity	0.323627	0.326197	0.002570	nan	3.000000	1.000000	0	0	1	1.000000	0.000000	0.000000
ASV_126_16S_022_3	OTU_162_18S_3_200	1	ENV_Salinity	0.428738	0.154737	-0.274001	0.364635	3.000000	1.000000	0	0	1	1.000000	0.000000	0.000000
ASV_732_16S_022_3	OTU_183_18S_3_200	1	ENV_Salinity	0.576016	-0.040868	-0.616884	0.636364	3.000000	1.000000	0	0	1	1.000000	0.000000	0.000000
ASV_1971_16S_022_3	OTU_183_18S_3_200	1	ENV_Salinity	0.671276	0.055073	-0.616202	0.728272	3.000000	1.000000	0	0	1	1.000000	0.000000	0.000000
OTU_50_18S_022_3	OTU_189_18S_3_200	1	ENV_Salinity	0.507730	0.869006	0.361276	nan	3.000000	1.000000	0	0	1	1.000000	0.000000	0.000000
OTU_345_18S_022_3	OTU_189_18S_3_200	1	ENV_Salinity	0.754813	2.450392	1.695579	nan	3.000000	1.000000	0	0	1	1.000000	0.000000	0.000000
ASV_767_16S_022_3	OTU_195_18S_3_200	1	ENV_Salinity	0.678252	0.083954	-0.594297	0.546454	3.000000	1.000000	0	0	1	1.000000	0.000000	0.000000
OTU_195_18S_022_3	OTU_195_18S_3_200	1	ENV_Salinity	0.737222	1.437256	0.700034	nan	3.000000	1.000000	0	0	1	1.000000	0.000000	0.000000
OTU_38_18S_3_200	OTU_195_18S_3_200	1	ENV_Salinity	0.782210	2.103106	1.320897	nan	3.000000	1.000000	0	0	1	1.000000	0.000000	0.000000
ASV_1190_16S_022_3	OTU_197_18S_3_200	1	ENV_Salinity	0.603865	0.158611	-0.445254	0.455544	3.000000	1.000000	0	0	1	1.000000	0.000000	0.000000
OTU_101_18S_022_3	OTU_197_18S_3_200	1	ENV_Salinity	0.699184	0.234968	-0.464216	0.455544	3.000000	1.000000	0	0	1	1.000000	0.000000	0.000000
OTU_2309_18S_022_3	OTU_197_18S_3_200	1	ENV_Salinity	0.483572	-0.076690	-0.560261	0.727273	3.000000	1.000000	0	0	1	1.000000	0.000000	0.000000
OTU_1149_18S_022_3	OTU_198_18S_3_200	1	ENV_Salinity	0.451718	-0.109961	-0.561679	0.545455	3.000000	1.000000	0	0	1	1.000000	0.000000	0.000000
OTU_1647_18S_022_3	OTU_198_18S_3_200	1	ENV_Salinity	0.384521	0.000000	-0.384521	0.727273	3.000000	1.000000	0	0	1	1.000000	0.000000	0.000000
ASV_271_16S_022_3	OTU_196_18S_3_200	1	ENV_Salinity	0.395429	0.093252	-0.302177	0.182817	3.000000	1.000000	0	0	1	1.000000	0.000000	0.000000
OTU_18_18S_022_3	OTU_174_18S_3_200	1	ENV_Salinity	0.507730	0.765357	0.257627	nan	3.000000	1.000000	0	0	1	1.000000	0.000000	0.000000
OTU_50_18S_022_3	OTU_174_18S_3_200	1	ENV_Salinity	0.808357	1.145719	0.337362	nan	3.000000	1.000000	0	0	1	1.000000	0.000000	0.000000
OTU_60_18S_022_3	OTU_174_18S_3_200	1	ENV_Salinity	0.805050	1.333164	0.528114	nan	3.000000	1.000000	0	0	1	1.000000	0.000000	0.000000
ASV_800_16S_022_3	OTU_204_18S_3_200	1	ENV_Salinity	0.467210	0.014205	-0.453005	0.546454	3.000000	1.000000	0	0	1	1.000000	0.000000	0.000000
ASV_192_16S_3_200	OTU_204_18S_3_200	1	ENV_Salinity	0.639115	1.745810	1.106695	nan	3.000000	1.000000	0	0	1	1.000000	0.000000	0.000000
OTU_89_18S_3_200	OTU_204_18S_3_200	1	ENV_Salinity	0.566065	0.761233	0.195168	nan	3.000000	1.000000	0	0	1	1.000000	0.000000	0.000000
ASV_910_16S_022_3	OTU_217_18S_3_200	1	ENV_Salinity	0.530274	0.033789	-0.496485	0.182817	3.000000	1.000000	0	0	1	1.000000	0.000000	0.000000
OTU_4_18S_022_3	OTU_217_18S_3_200	1	ENV_Salinity	0.404061	0.223621	-0.180440	0.000999	3.000000	1.000000	0	0	1	1.000000	0.000000	0.000000
ASV_1675_16S_3_200	OTU_212_18S_3_200	1	ENV_Salinity	0.415216	0.012996	-0.402220	0.000999	3.000000	1.000000	0	0	1	1.000000	0.000000	0.000000
OTU_498_18S_022_3	OTU_205_18S_3_200	1	ENV_Salinity	0.661090	2.288380	1.627289	nan	3.000000	1.000000	0	0	1	1.000000	0.000000	0.000000
OTU_141_18S_3_200	OTU_205_18S_3_200	1	ENV_Salinity	0.682892	0.172799	-0.510094	0.000999	3.000000	1.000000	0	0	1	1.000000	0.000000	0.000000
ASV_229_16S_022_3	OTU_231_18S_3_200	1	ENV_Salinity	0.521521	0.110146	-0.411375	0.000999	3.000000	1.000000	0	0	1	1.000000	0.000000	0.000000
ASV_637_16S_022_3	OTU_232_18S_3_200	1	ENV_Salinity	0.404007	0.263850	-0.140158	0.000999	3.000000	1.000000	0	0	1	1.000000	0.000000	0.000000
OTU_1374_18S_022_3	OTU_232_18S_3_200	1	ENV_Salinity	0.541334	0.225671	-0.315663	0.000999	3.000000	1.000000	0	0	1	1.000000	0.000000	0.000000
OTU_1575_18S_022_3	OTU_232_18S_3_200	1	ENV_Salinity	0.432369	0.033789	-0.398580	0.091908	3.000000	1.000000	0	0	1	1.000000	0.000000	0.000000
OTU_763_18S_022_3	OTU_235_18S_3_200	1	ENV_Salinity	0.612359	0.171115	-0.441244	0.000999	3.000000	1.000000	0	0	1	1.000000	0.000000	0.000000
OTU_2856_18S_022_3	OTU_235_18S_3_200	1	ENV_Salinity	0.437083	0.173287	-0.263797	0.000999	3.000000	1.000000	0	0	1	1.000000	0.000000	0.000000
OTU_138_18S_3_200	OTU_236_18S_3_200	1	ENV_Salinity	0.554597	0.100849	-0.453748	0.000999	3.000000	1.000000	0	0	1	1.000000	0.000000	0.000000
ASV_1380_16S_022_3	OTU_213_18S_3_200	1	ENV_Salinity	0.659041	0.112365	-0.546676	0.273726	3.000000	1.000000	0	0	1	1.000000	0.000000	0.000000
OTU_11_18S_3_200	OTU_213_18S_3_200	1	ENV_Salinity	0.581301	1.272878	0.691577	nan	3.000000	1.000000	0	0	1	1.000000	0.000000	0.000000
ASV_429_16S_022_3	OTU_242_18S_3_200	1	ENV_Salinity	0.439933	1.324774	0.884841	nan	3.000000	1.000000	0	0	1	1.000000	0.000000	0.000000
ASV_714_16S_022_3	OTU_242_18S_3_200	1	ENV_Salinity	0.337075	0.432790	0.095715	nan	3.000000	1.000000	0	0	1	1.000000	0.000000	0.000000
OTU_58_18S_022_3	OTU_249_18S_3_200	1	ENV_Salinity	0.483572	0.122133	-0.361439	0.000999	3.000000	1.000000	0	0	1	1.000000	0.000000	0.000000
OTU_215_18S_022_3	OTU_249_18S_3_200	1	ENV_Salinity	0.483572	0.067060	-0.416512	0.273726	3.000000	1.000000	0	0	1	1.000000	0.000000	0.000000
OTU_760_18S_022_3	OTU_249_18S_3_200	1	ENV_Salinity	0.599096	0.000000	-0.599096	0.636364	3.000000	1.000000	0	0	1	1.000000	0.000000	0.000000
OTU_1376_18S_022_3	OTU_249_18S_3_200	1	ENV_Salinity	0.577294	0.158093	-0.419201	0.000999	3.000000	1.000000	0	0	1	1.000000	0.000000	0.000000
OTU_40_18S_3_200	OTU_249_18S_3_200	1	ENV_Salinity	0.308733	-0.033789	-0.342521	0.545455	3.000000	1.000000	0	0	1	1.000000	0.000000	0.000000
OTU_240_18S_3_200	OTU_249_18S_3_200	1	ENV_Salinity	0.519532	0.050166	-0.469366	0.000999	3.000000	1.000000	0	0	1	1.000000	0.000000	0.000000
ASV_556_16S_022_3	OTU_228_18S_3_200	1	ENV_Salinity	0.439351	-0.046216	-0.485567	0.454545	3.000000	1.000000	0	0	1	1.000000	0.000000	0.000000
ASV_606_16S_022_3	OTU_228_18S_3_200	1	ENV_Salinity	0.660965	0.124305	-0.536661	0.000999	3.000000	1.000000	0	0	1	1.000000	0.000000	0.000000
ASV_1705_16S_022_3	OTU_260_18S_3_200	1	ENV_Salinity	0.519532	0.095941	-0.423591	0.000999	3.000000	1.000000	0	0	1	1.000000	0.000000	0.000000
OTU_613_18S_022_3	OTU_270_18S_3_200	1	ENV_Salinity	0.824312	2.746282	1.921970	nan	3.000000	1.000000	0	0	1	1.000000	0.000000	0.000000
OTU_105_18S_3_200	OTU_270_18S_3_200	1	ENV_Salinity	0.743365	2.427240	1.683875	nan	3.000000	1.000000	0	0	1	1.000000	0.000000	0.000000
ASV_1094_16S_022_3	OTU_277_18S_3_200	1	ENV_Salinity	0.576677	0.021284	-0.555393	0.000999	3.000000	1.000000	0	0	1	1.000000	0.000000	0.000000
OTU_2562_18S_022_3	OTU_278_18S_3_200	1	ENV_Salinity	0.656858	0.033789	-0.623070	0.000999	3.000000	1.000000	0	0	1	1.000000	0.000000	0.000000
OTU_436_18S_022_3	OTU_286_18S_3_200	1	ENV_Salinity	0.353903	3.223568	2.869665	nan	3.000000	1.000000	0	0	1	1.000000	0.000000	0.000000
OTU_141_18S_3_200	OTU_245_18S_3_200	1	ENV_Salinity	0.775233	0.108847	-0.666386	0.273726	3.000000	1.000000	0	0	1	1.000000	0.000000	0.000000
ASV_306_16S_022_3	OTU_292_18S_3_200	1	ENV_Salinity	0.519532	0.112835	-0.406697	0.000999	3.000000	1.000000	0	0	1	1.000000	0.000000	0.000000
ASV_637_16S_022_3	OTU_292_18S_3_200	1	ENV_Salinity	0.356297	0.158611	-0.197686	0.000999	3.000000	1.000000	0	0	1	1.000000	0.000000	0.000000
OTU_2150_18S_022_3	OTU_293_18S_3_200	1	ENV_Salinity	0.493623	0.000000	-0.493623	0.636364	3.000000	1.000000	0	0	1	1.000000	0.000000	0.000000
OTU_131_18S_3_200	OTU_293_18S_3_200	1	ENV_Salinity	0.483572	0.000000	-0.483572	0.636364	3.000000	1.000000	0	0	1	1.000000	0.000000	0.000000
OTU_240_18S_3_200	OTU_293_18S_3_200	1	ENV_Salinity	0.577294	0.079047	-0.498248	0.000999	3.000000	1.000000	0	0	1	1.000000	0.000000	0.000000
OTU_286_18S_3_200	OTU_293_18S_3_200	1	ENV_Salinity	0.483572	-0.036478	-0.520050	0.636364	3.000000	1.000000	0	0	1	1.000000	0.000000	0.000000
ASV_1753_16S_022_3	OTU_300_18S_3_200	1	ENV_Salinity	0.785546	2.703614	1.918067	nan	3.000000	1.000000	0	0	1	1.000000	0.000000	0.000000
OTU_50_18S_022_3	OTU_300_18S_3_200	1	ENV_Salinity	0.550484	1.034872	0.484388	nan	3.000000	1.000000	0	0	1	1.000000	0.000000	0.000000
ASV_666_16S_022_3	OTU_291_18S_3_200	1	ENV_Salinity	0.464912	0.000000	-0.464912	0.636364	3.000000	1.000000	0	0	1	1.000000	0.000000	0.000000
OTU_1246_18S_022_3	OTU_298_18S_3_200	1	ENV_Salinity	0.519532	0.083954	-0.435578	0.000999	3.000000	1.000000	0	0	1	1.000000	0.000000	0.000000
OTU_1058_18S_022_3	OTU_303_18S_3_200	1	ENV_Salinity	0.596221	0.100849	-0.495373	0.455544	3.000000	1.000000	0	0	1	1.000000	0.000000	0.000000
OTU_877_18S_022_3	OTU_304_18S_3_200	1	ENV_Salinity	0.317659	0.114536	-0.203123	0.000999	3.000000	1.000000	0	0	1	1.000000	0.000000	0.000000
OTU_1961_18S_022_3	OTU_304_18S_3_200	1	ENV_Salinity	0.473520	0.000000	-0.473520	0.454545	3.000000	1.000000	0	0	1	1.000000	0.000000	0.000000
OTU_712_18S_022_3	OTU_315_18S_3_200	1	ENV_Salinity	0.425809	0.045258	-0.380551	0.819181	3.000000	1.000000	0	0	1	1.000000	0.000000	0.000000
OTU_1024_18S_022_3	OTU_315_18S_3_200	1	ENV_Salinity	0.346907	0.033271	-0.313636	0.637363	3.000000	1.000000	0	0	1	1.000000	0.000000	0.000000
OTU_889_18S_022_3	OTU_322_18S_3_200	1	ENV_Salinity	0.442284	0.000000	-0.442284	0.454545	3.000000	1.000000	0	0	1	1.000000	0.000000	0.000000
OTU_496_18S_022_3	OTU_325_18S_3_200	1	ENV_Salinity	0.710075	-0.062152	-0.772227	0.727273	3.000000	1.000000	0	0	1	1.000000	0.000000	0.000000
OTU_105_18S_3_200	OTU_329_18S_3_200	1	ENV_Salinity	0.868457	2.517855	1.649397	nan	3.000000	1.000000	0	0	1	1.000000	0.000000	0.000000
OTU_38_18S_3_200	OTU_332_18S_3_200	1	ENV_Salinity	0.753679	0.146107	-0.607572	0.546454	3.000000	1.000000	0	0	1	1.000000	0.000000	0.000000
OTU_790_18S_022_3	OTU_348_18S_3_200	1	ENV_Salinity	0.546774	2.115953	1.569178	nan	3.000000	1.000000	0	0	1	1.000000	0.000000	0.000000
ASV_1305_16S_022_3	OTU_290_18S_3_200	1	ENV_Salinity	0.388481	0.127201	-0.261280	0.000999	3.000000	1.000000	0	0	1	1.000000	0.000000	0.000000
OTU_729_18S_022_3	OTU_290_18S_3_200	1	ENV_Salinity	0.560728	1.705165	1.144437	nan	3.000000	1.000000	0	0	1	1.000000	0.000000	0.000000
ASV_462_16S_3_200	OTU_290_18S_3_200	1	ENV_Salinity	0.579849	1.544600	0.964751	nan	3.000000	1.000000	0	0	1	1.000000	0.000000	0.000000
ASV_267_16S_022_3	OTU_361_18S_3_200	1	ENV_Salinity	0.400049	0.400141	0.000092	nan	3.000000	1.000000	0	0	1	1.000000	0.000000	0.000000
ASV_425_16S_022_3	OTU_360_18S_3_200	1	ENV_Salinity	0.627626	0.148325	-0.479301	0.000999	3.000000	1.000000	0	0	1	1.000000	0.000000	0.000000
ASV_472_16S_022_3	OTU_360_18S_3_200	1	ENV_Salinity	0.674115	0.038179	-0.635936	0.000999	3.000000	1.000000	0	0	1	1.000000	0.000000	0.000000
ASV_574_16S_022_3	OTU_360_18S_3_200	1	ENV_Salinity	0.605078	0.061682	-0.543397	0.000999	3.000000	1.000000	0	0	1	1.000000	0.000000	0.000000
OTU_763_18S_022_3	OTU_360_18S_3_200	1	ENV_Salinity	0.749303	0.234451	-0.514852	0.000999	3.000000	1.000000	0	0	1	1.000000	0.000000	0.000000
ASV_769_16S_3_200	OTU_360_18S_3_200	1	ENV_Salinity	0.486585	0.284616	-0.201969	0.000999	3.000000	1.000000	0	0	1	1.000000	0.000000	0.000000
ASV_88_16S_022_3	OTU_368_18S_3_200	1	ENV_Salinity	0.505503	0.033789	-0.471714	0.000999	3.000000	1.000000	0	0	1	1.000000	0.000000	0.000000
ASV_507_16S_022_3	OTU_343_18S_3_200	1	ENV_Salinity	0.943262	1.609989	0.666727	nan	3.000000	1.000000	0	0	1	1.000000	0.000000	0.000000
ASV_687_16S_022_3	OTU_343_18S_3_200	1	ENV_Salinity	0.392668	0.462178	0.069510	nan	3.000000	1.000000	0	0	1	1.000000	0.000000	0.000000
OTU_489_18S_022_3	OTU_343_18S_3_200	1	ENV_Salinity	0.556636	1.786552	1.229916	nan	3.000000	1.000000	0	0	1	1.000000	0.000000	0.000000
OTU_495_18S_022_3	OTU_343_18S_3_200	1	ENV_Salinity	0.479612	0.936642	0.457030	nan	3.000000	1.000000	0	0	1	1.000000	0.000000	0.000000
ASV_949_16S_022_3	OTU_363_18S_3_200	1	ENV_Salinity	0.731877	0.158611	-0.573266	0.546454	3.000000	1.000000	0	0	1	1.000000	0.000000	0.000000
ASV_333_16S_022_3	OTU_356_18S_3_200	1	ENV_Salinity	0.336811	0.045776	-0.291035	0.819181	3.000000	1.000000	0	0	1	1.000000	0.000000	0.000000
ASV_781_16S_022_3	OTU_356_18S_3_200	1	ENV_Salinity	0.461770	0.016894	-0.444875	0.637363	3.000000	1.000000	0	0	1	1.000000	0.000000	0.000000
ASV_582_16S_022_3	OTU_371_18S_3_200	1	ENV_Salinity	0.685603	0.038179	-0.647424	0.091908	3.000000	1.000000	0	0	1	1.000000	0.000000	0.000000
ASV_636_16S_022_3	OTU_371_18S_3_200	1	ENV_Salinity	0.537171	0.028881	-0.508290	0.000999	3.000000	1.000000	0	0	1	1.000000	0.000000	0.000000
ASV_738_16S_022_3	OTU_371_18S_3_200	1	ENV_Salinity	0.608923	-0.086643	-0.695566	0.272727	3.000000	1.000000	0	0	1	1.000000	0.000000	0.000000
OTU_15_18S_022_3	OTU_387_18S_3_200	1	ENV_Salinity	0.353675	0.109500	-0.244174	0.182817	3.000000	1.000000	0	0	1	1.000000	0.000000	0.000000
OTU_2656_18S_022_3	OTU_387_18S_3_200	1	ENV_Salinity	0.495939	0.033789	-0.462150	0.000999	3.000000	1.000000	0	0	1	1.000000	0.000000	0.000000
OTU_1216_18S_022_3	OTU_404_18S_3_200	1	ENV_Salinity	0.579610	0.191882	-0.387728	0.546454	3.000000	1.000000	0	0	1	1.000000	0.000000	0.000000
OTU_613_18S_022_3	OTU_382_18S_3_200	1	ENV_Salinity	0.744747	0.179895	-0.564852	0.819181	3.000000	1.000000	0	0	1	1.000000	0.000000	0.000000
OTU_1902_18S_022_3	OTU_403_18S_3_200	1	ENV_Salinity	0.461770	0.000000	-0.461770	0.636364	3.000000	1.000000	0	0	1	1.000000	0.000000	0.000000
OTU_38_18S_3_200	OTU_413_18S_3_200	1	ENV_Salinity	0.905378	2.428718	1.523340	nan	3.000000	1.000000	0	0	1	1.000000	0.000000	0.000000
OTU_109_18S_3_200	OTU_412_18S_3_200	1	ENV_Salinity	0.584983	0.076358	-0.508625	0.091908	3.000000	1.000000	0	0	1	1.000000	0.000000	0.000000
OTU_382_18S_3_200	OTU_412_18S_3_200	1	ENV_Salinity	0.514986	0.038179	-0.476807	0.182817	3.000000	1.000000	0	0	1	1.000000	0.000000	0.000000
OTU_396_18S_022_3	OTU_419_18S_3_200	1	ENV_Salinity	0.433842	0.579569	0.145727	nan	3.000000	1.000000	0	0	1	1.000000	0.000000	0.000000
ASV_332_16S_022_3	OTU_393_18S_3_200	1	ENV_Salinity	0.634062	0.129056	-0.505005	0.091908	3.000000	1.000000	0	0	1	1.000000	0.000000	0.000000
OTU_419_18S_3_200	OTU_393_18S_3_200	1	ENV_Salinity	0.634062	0.129056	-0.505005	0.091908	3.000000	1.000000	0	0	1	1.000000	0.000000	0.000000
OTU_29_18S_3_200	OTU_373_18S_3_200	1	ENV_Salinity	0.733592	1.956971	1.223379	nan	3.000000	1.000000	0	0	1	1.000000	0.000000	0.000000
OTU_119_18S_3_200	OTU_373_18S_3_200	1	ENV_Salinity	0.393364	1.252783	0.859419	nan	3.000000	1.000000	0	0	1	1.000000	0.000000	0.000000
OTU_128_18S_3_200	OTU_373_18S_3_200	1	ENV_Salinity	0.613856	2.166421	1.552565	nan	3.000000	1.000000	0	0	1	1.000000	0.000000	0.000000
ASV_1322_16S_022_3	OTU_453_18S_3_200	1	ENV_Salinity	0.469144	0.261631	-0.207513	0.364635	3.000000	1.000000	0	0	1	1.000000	0.000000	0.000000
ASV_507_16S_022_3	OTU_444_18S_3_200	1	ENV_Salinity	0.651567	1.431794	0.780228	nan	3.000000	1.000000	0	0	1	1.000000	0.000000	0.000000
OTU_242_18S_3_200	OTU_444_18S_3_200	1	ENV_Salinity	0.493398	1.215515	0.722117	nan	3.000000	1.000000	0	0	1	1.000000	0.000000	0.000000
ASV_556_16S_022_3	OTU_422_18S_3_200	1	ENV_Salinity	0.603791	0.077531	-0.526259	0.182817	3.000000	1.000000	0	0	1	1.000000	0.000000	0.000000
ASV_1158_16S_022_3	OTU_422_18S_3_200	1	ENV_Salinity	0.603791	0.077531	-0.526259	0.182817	3.000000	1.000000	0	0	1	1.000000	0.000000	0.000000
OTU_393_18S_3_200	OTU_422_18S_3_200	1	ENV_Salinity	0.775481	0.100849	-0.674632	0.091908	3.000000	1.000000	0	0	1	1.000000	0.000000	0.000000
ASV_1107_16S_022_3	OTU_430_18S_3_200	1	ENV_Salinity	0.533073	0.071968	-0.461106	0.273726	3.000000	1.000000	0	0	1	1.000000	0.000000	0.000000
OTU_101_18S_022_3	OTU_430_18S_3_200	1	ENV_Salinity	0.612638	0.071968	-0.540670	0.273726	3.000000	1.000000	0	0	1	1.000000	0.000000	0.000000
OTU_268_18S_3_200	OTU_456_18S_3_200	1	ENV_Salinity	0.769434	0.055073	-0.714360	0.091908	3.000000	1.000000	0	0	1	1.000000	0.000000	0.000000
OTU_1756_18S_022_3	OTU_390_18S_3_200	1	ENV_Salinity	0.404007	0.033789	-0.370219	0.182817	3.000000	1.000000	0	0	1	1.000000	0.000000	0.000000
OTU_69_18S_022_3	OTU_458_18S_3_200	1	ENV_Salinity	0.747164	0.867906	0.120742	nan	3.000000	1.000000	0	0	1	1.000000	0.000000	0.000000
ASV_784_16S_3_200	OTU_458_18S_3_200	1	ENV_Salinity	0.478280	0.381456	-0.096824	0.637363	3.000000	1.000000	0	0	1	1.000000	0.000000	0.000000
OTU_71_18S_3_200	OTU_458_18S_3_200	1	ENV_Salinity	0.846655	1.373780	0.527125	nan	3.000000	1.000000	0	0	1	1.000000	0.000000	0.000000
OTU_207_18S_022_3	OTU_472_18S_3_200	1	ENV_Salinity	0.533073	0.149313	-0.383760	0.000999	3.000000	1.000000	0	0	1	1.000000	0.000000	0.000000
OTU_1149_18S_022_3	OTU_472_18S_3_200	1	ENV_Salinity	0.691540	3.319890	2.628350	nan	3.000000	1.000000	0	0	1	1.000000	0.000000	0.000000
OTU_1275_18S_022_3	OTU_478_18S_3_200	1	ENV_Salinity	0.447715	-0.007597	-0.455312	0.090909	3.000000	1.000000	0	0	1	1.000000	0.000000	0.000000
ASV_760_16S_3_200	OTU_478_18S_3_200	1	ENV_Salinity	0.634440	0.067060	-0.567380	0.000999	3.000000	1.000000	0	0	1	1.000000	0.000000	0.000000
ASV_98_16S_022_3	OTU_466_18S_3_200	1	ENV_Salinity	0.834203	0.062670	-0.771534	0.091908	3.000000	1.000000	0	0	1	1.000000	0.000000	0.000000
ASV_612_16S_022_3	OTU_466_18S_3_200	1	ENV_Salinity	0.918034	0.033789	-0.884245	0.091908	3.000000	1.000000	0	0	1	1.000000	0.000000	0.000000
ASV_924_16S_022_3	OTU_466_18S_3_200	1	ENV_Salinity	0.858890	0.083954	-0.774935	0.091908	3.000000	1.000000	0	0	1	1.000000	0.000000	0.000000
OTU_419_18S_3_200	OTU_476_18S_3_200	1	ENV_Salinity	0.743539	0.208759	-0.534780	0.091908	3.000000	1.000000	0	0	1	1.000000	0.000000	0.000000
ASV_58_16S_3_200	OTU_470_18S_3_200	1	ENV_Salinity	0.259634	0.065252	-0.194382	0.091908	3.000000	1.000000	0	0	1	1.000000	0.000000	0.000000
ASV_274_16S_3_200	OTU_470_18S_3_200	1	ENV_Salinity	0.727238	0.050683	-0.676555	0.000999	3.000000	1.000000	0	0	1	1.000000	0.000000	0.000000
ASV_1581_16S_022_3	OTU_471_18S_3_200	1	ENV_Salinity	0.530189	0.302028	-0.228161	0.273726	3.000000	1.000000	0	0	1	1.000000	0.000000	0.000000
OTU_234_18S_022_3	OTU_471_18S_3_200	1	ENV_Salinity	0.378912	-0.032852	-0.411765	0.181818	3.000000	1.000000	0	0	1	1.000000	0.000000	0.000000
ASV_847_16S_022_3	OTU_377_18S_3_200	1	ENV_Salinity	0.506801	0.409736	-0.097065	0.182817	3.000000	1.000000	0	0	1	1.000000	0.000000	0.000000
OTU_26_18S_022_3	OTU_377_18S_3_200	1	ENV_Salinity	0.365844	0.600722	0.234878	nan	3.000000	1.000000	0	0	1	1.000000	0.000000	0.000000
OTU_476_18S_3_200	OTU_377_18S_3_200	1	ENV_Salinity	0.612260	0.215385	-0.396875	0.182817	3.000000	1.000000	0	0	1	1.000000	0.000000	0.000000
ASV_1244_16S_022_3	OTU_487_18S_3_200	1	ENV_Salinity	0.414059	0.000000	-0.414059	0.636364	3.000000	1.000000	0	0	1	1.000000	0.000000	0.000000
OTU_1213_18S_022_3	OTU_487_18S_3_200	1	ENV_Salinity	0.551385	0.000000	-0.551385	0.636364	3.000000	1.000000	0	0	1	1.000000	0.000000	0.000000
OTU_2135_18S_022_3	OTU_492_18S_3_200	1	ENV_Salinity	0.599096	0.033789	-0.565307	0.000999	3.000000	1.000000	0	0	1	1.000000	0.000000	0.000000
OTU_403_18S_3_200	OTU_492_18S_3_200	1	ENV_Salinity	0.519532	0.129730	-0.389802	0.000999	3.000000	1.000000	0	0	1	1.000000	0.000000	0.000000
OTU_128_18S_3_200	OTU_506_18S_3_200	1	ENV_Salinity	0.528981	0.100331	-0.428650	0.182817	3.000000	1.000000	0	0	1	1.000000	0.000000	0.000000
ASV_872_16S_022_3	OTU_515_18S_3_200	1	ENV_Salinity	0.356297	0.050166	-0.306131	0.000999	3.000000	1.000000	0	0	1	1.000000	0.000000	0.000000
ASV_1401_16S_022_3	OTU_515_18S_3_200	1	ENV_Salinity	0.599096	0.000000	-0.599096	0.636364	3.000000	1.000000	0	0	1	1.000000	0.000000	0.000000
OTU_1413_18S_022_3	OTU_515_18S_3_200	1	ENV_Salinity	0.599096	0.000000	-0.599096	0.636364	3.000000	1.000000	0	0	1	1.000000	0.000000	0.000000
OTU_1611_18S_022_3	OTU_515_18S_3_200	1	ENV_Salinity	0.435861	0.067060	-0.368801	0.000999	3.000000	1.000000	0	0	1	1.000000	0.000000	0.000000
OTU_2736_18S_022_3	OTU_515_18S_3_200	1	ENV_Salinity	0.541334	-0.019583	-0.560917	0.636364	3.000000	1.000000	0	0	1	1.000000	0.000000	0.000000
OTU_288_18S_3_200	OTU_536_18S_3_200	1	ENV_Salinity	0.573132	2.207660	1.634529	nan	3.000000	1.000000	0	0	1	1.000000	0.000000	0.000000
OTU_902_18S_022_3	OTU_498_18S_3_200	1	ENV_Salinity	0.691963	2.365726	1.673762	nan	3.000000	1.000000	0	0	1	1.000000	0.000000	0.000000
OTU_151_18S_3_200	OTU_498_18S_3_200	1	ENV_Salinity	0.878985	0.213166	-0.665819	0.819181	3.000000	1.000000	0	0	1	1.000000	0.000000	0.000000
OTU_270_18S_3_200	OTU_498_18S_3_200	1	ENV_Salinity	0.847616	2.518274	1.670658	nan	3.000000	1.000000	0	0	1	1.000000	0.000000	0.000000
OTU_125_18S_3_200	OTU_480_18S_3_200	1	ENV_Salinity	0.774566	2.090566	1.316000	nan	3.000000	1.000000	0	0	1	1.000000	0.000000	0.000000
ASV_269_16S_3_200	OTU_537_18S_3_200	1	ENV_Salinity	0.638154	0.148325	-0.489829	0.091908	3.000000	1.000000	0	0	1	1.000000	0.000000	0.000000
OTU_419_18S_3_200	OTU_537_18S_3_200	1	ENV_Salinity	0.612260	0.063512	-0.548748	0.091908	3.000000	1.000000	0	0	1	1.000000	0.000000	0.000000
OTU_714_18S_022_3	OTU_534_18S_3_200	1	ENV_Salinity	0.477917	0.021284	-0.456633	0.000999	3.000000	1.000000	0	0	1	1.000000	0.000000	0.000000
OTU_236_18S_3_200	OTU_534_18S_3_200	1	ENV_Salinity	0.590557	-0.109961	-0.700518	0.272727	3.000000	1.000000	0	0	1	1.000000	0.000000	0.000000
ASV_1115_16S_022_3	OTU_550_18S_3_200	1	ENV_Salinity	0.497730	0.158093	-0.339637	0.000999	3.000000	1.000000	0	0	1	1.000000	0.000000	0.000000
ASV_2281_16S_3_200	OTU_550_18S_3_200	1	ENV_Salinity	0.519532	0.191882	-0.327650	0.000999	3.000000	1.000000	0	0	1	1.000000	0.000000	0.000000
OTU_398_18S_3_200	OTU_550_18S_3_200	1	ENV_Salinity	0.334495	0.158093	-0.176401	0.000999	3.000000	1.000000	0	0	1	1.000000	0.000000	0.000000
ASV_448_16S_3_200	OTU_539_18S_3_200	1	ENV_Salinity	0.510733	0.033789	-0.476944	0.455544	3.000000	1.000000	0	0	1	1.000000	0.000000	0.000000
OTU_413_18S_022_3	OTU_512_18S_3_200	1	ENV_Salinity	0.680162	-0.010932	-0.691094	0.545455	3.000000	1.000000	0	0	1	1.000000	0.000000	0.000000
OTU_217_18S_3_200	OTU_512_18S_3_200	1	ENV_Salinity	0.623996	-0.008456	-0.632452	0.454545	3.000000	1.000000	0	0	1	1.000000	0.000000	0.000000
OTU_373_18S_3_200	OTU_560_18S_3_200	1	ENV_Salinity	0.552543	-0.079564	-0.632107	0.272727	3.000000	1.000000	0	0	1	1.000000	0.000000	0.000000
OTU_362_18S_3_200	OTU_568_18S_3_200	1	ENV_Salinity	0.439351	0.045776	-0.393575	0.546454	3.000000	1.000000	0	0	1	1.000000	0.000000	0.000000
ASV_358_16S_022_3	OTU_582_18S_3_200	1	ENV_Salinity	0.556959	0.027893	-0.529066	0.182817	3.000000	1.000000	0	0	1	1.000000	0.000000	0.000000
ASV_469_16S_022_3	OTU_582_18S_3_200	1	ENV_Salinity	0.447282	0.158611	-0.288671	0.273726	3.000000	1.000000	0	0	1	1.000000	0.000000	0.000000
ASV_448_16S_3_200	OTU_582_18S_3_200	1	ENV_Salinity	0.628798	0.033789	-0.595009	0.273726	3.000000	1.000000	0	0	1	1.000000	0.000000	0.000000
ASV_666_16S_022_3	OTU_588_18S_3_200	1	ENV_Salinity	0.452871	-0.011987	-0.464858	0.090909	3.000000	1.000000	0	0	1	1.000000	0.000000	0.000000
OTU_453_18S_3_200	OTU_598_18S_3_200	1	ENV_Salinity	0.397040	0.191364	-0.205675	0.455544	3.000000	1.000000	0	0	1	1.000000	0.000000	0.000000
OTU_303_18S_3_200	OTU_605_18S_3_200	1	ENV_Salinity	0.581774	0.064242	-0.517532	0.182817	3.000000	1.000000	0	0	1	1.000000	0.000000	0.000000
OTU_598_18S_3_200	OTU_605_18S_3_200	1	ENV_Salinity	0.476315	2.925133	2.448817	nan	3.000000	1.000000	0	0	1	1.000000	0.000000	0.000000
ASV_755_16S_022_3	OTU_610_18S_3_200	1	ENV_Salinity	0.603865	-0.112835	-0.716700	0.818182	3.000000	1.000000	0	0	1	1.000000	0.000000	0.000000
OTU_712_18S_022_3	OTU_610_18S_3_200	1	ENV_Salinity	0.438177	0.000000	-0.438177	0.818182	3.000000	1.000000	0	0	1	1.000000	0.000000	0.000000
OTU_2037_18S_022_3	OTU_610_18S_3_200	1	ENV_Salinity	0.546102	0.000000	-0.546102	0.636364	3.000000	1.000000	0	0	1	1.000000	0.000000	0.000000
OTU_1252_18S_022_3	OTU_621_18S_3_200	1	ENV_Salinity	0.519532	0.000000	-0.519532	0.818182	3.000000	1.000000	0	0	1	1.000000	0.000000	0.000000
OTU_1290_18S_022_3	OTU_621_18S_3_200	1	ENV_Salinity	0.541334	0.000000	-0.541334	0.636364	3.000000	1.000000	0	0	1	1.000000	0.000000	0.000000
OTU_325_18S_3_200	OTU_613_18S_3_200	1	ENV_Salinity	0.869203	0.158611	-0.710592	0.273726	3.000000	1.000000	0	0	1	1.000000	0.000000	0.000000
ASV_600_16S_022_3	OTU_625_18S_3_200	1	ENV_Salinity	0.487679	0.050166	-0.437513	0.000999	3.000000	1.000000	0	0	1	1.000000	0.000000	0.000000
ASV_431_16S_022_3	OTU_641_18S_3_200	1	ENV_Salinity	0.590836	-0.095941	-0.686777	0.363636	3.000000	1.000000	0	0	1	1.000000	0.000000	0.000000
OTU_72_18S_022_3	OTU_641_18S_3_200	1	ENV_Salinity	0.321116	-0.105912	-0.427028	0.454545	3.000000	1.000000	0	0	1	1.000000	0.000000	0.000000
OTU_671_18S_022_3	OTU_577_18S_3_200	1	ENV_Salinity	0.545814	0.039234	-0.506580	0.455544	3.000000	1.000000	0	0	1	1.000000	0.000000	0.000000
OTU_714_18S_022_3	OTU_577_18S_3_200	1	ENV_Salinity	0.576016	0.150497	-0.425519	0.000999	3.000000	1.000000	0	0	1	1.000000	0.000000	0.000000
OTU_2105_18S_022_3	OTU_577_18S_3_200	1	ENV_Salinity	0.465365	-0.057762	-0.523128	0.272727	3.000000	1.000000	0	0	1	1.000000	0.000000	0.000000
OTU_539_18S_3_200	OTU_577_18S_3_200	1	ENV_Salinity	0.634062	0.165017	-0.469045	0.182817	3.000000	1.000000	0	0	1	1.000000	0.000000	0.000000
ASV_1139_16S_022_3	OTU_624_18S_3_200	1	ENV_Salinity	0.531283	0.000000	-0.531283	0.636364	3.000000	1.000000	0	0	1	1.000000	0.000000	0.000000
OTU_689_18S_022_3	OTU_564_18S_3_200	1	ENV_Salinity	0.487247	0.028881	-0.458366	0.000999	3.000000	1.000000	0	0	1	1.000000	0.000000	0.000000
ASV_776_16S_022_3	OTU_622_18S_3_200	1	ENV_Salinity	0.547893	0.158611	-0.389282	0.637363	3.000000	1.000000	0	0	1	1.000000	0.000000	0.000000
ASV_1258_16S_022_3	OTU_622_18S_3_200	1	ENV_Salinity	0.603203	0.033789	-0.569414	0.455544	3.000000	1.000000	0	0	1	1.000000	0.000000	0.000000
OTU_197_18S_3_200	OTU_622_18S_3_200	1	ENV_Salinity	0.670400	0.033789	-0.636611	0.455544	3.000000	1.000000	0	0	1	1.000000	0.000000	0.000000
OTU_32_18S_3_200	OTU_655_18S_3_200	1	ENV_Salinity	0.514539	0.134120	-0.380419	0.000999	3.000000	1.000000	0	0	1	1.000000	0.000000	0.000000
OTU_236_18S_3_200	OTU_655_18S_3_200	1	ENV_Salinity	0.804181	0.033789	-0.770392	0.000999	3.000000	1.000000	0	0	1	1.000000	0.000000	0.000000
ASV_622_16S_022_3	OTU_670_18S_3_200	1	ENV_Salinity	0.614756	0.184285	-0.430471	0.000999	3.000000	1.000000	0	0	1	1.000000	0.000000	0.000000
OTU_1283_18S_022_3	OTU_670_18S_3_200	1	ENV_Salinity	0.669738	0.184285	-0.485453	0.000999	3.000000	1.000000	0	0	1	1.000000	0.000000	0.000000
ASV_413_16S_022_3	OTU_680_18S_3_200	1	ENV_Salinity	0.564359	0.100849	-0.463510	0.728272	3.000000	1.000000	0	0	1	1.000000	0.000000	0.000000
ASV_434_16S_022_3	OTU_680_18S_3_200	1	ENV_Salinity	0.483586	-0.022919	-0.506504	0.818182	3.000000	1.000000	0	0	1	1.000000	0.000000	0.000000
ASV_1963_16S_3_200	OTU_680_18S_3_200	1	ENV_Salinity	0.682767	0.033789	-0.648979	0.637363	3.000000	1.000000	0	0	1	1.000000	0.000000	0.000000
ASV_255_16S_022_3	OTU_682_18S_3_200	1	ENV_Salinity	0.410194	2.511028	2.100834	nan	3.000000	1.000000	0	0	1	1.000000	0.000000	0.000000
ASV_1999_16S_022_3	OTU_682_18S_3_200	1	ENV_Salinity	0.552608	-0.076172	-0.628780	1.000000	3.000000	1.000000	0	0	1	1.000000	0.000000	0.000000
ASV_255_16S_3_200	OTU_682_18S_3_200	1	ENV_Salinity	0.415326	2.252772	1.837446	nan	3.000000	1.000000	0	0	1	1.000000	0.000000	0.000000
OTU_362_18S_3_200	OTU_671_18S_3_200	1	ENV_Salinity	0.749964	3.891323	3.141359	nan	3.000000	1.000000	0	0	1	1.000000	0.000000	0.000000
OTU_50_18S_022_3	OTU_691_18S_3_200	1	ENV_Salinity	0.318604	1.122632	0.804027	nan	3.000000	1.000000	0	0	1	1.000000	0.000000	0.000000
OTU_286_18S_3_200	OTU_691_18S_3_200	1	ENV_Salinity	0.567243	3.562175	2.994932	nan	3.000000	1.000000	0	0	1	1.000000	0.000000	0.000000
ASV_1949_16S_022_3	OTU_699_18S_3_200	1	ENV_Salinity	0.372816	0.076358	-0.296458	0.000999	3.000000	1.000000	0	0	1	1.000000	0.000000	0.000000
OTU_788_18S_022_3	OTU_699_18S_3_200	1	ENV_Salinity	0.456393	-0.017365	-0.473758	0.636364	3.000000	1.000000	0	0	1	1.000000	0.000000	0.000000
OTU_711_18S_022_3	OTU_726_18S_3_200	1	ENV_Salinity	0.603203	0.000000	-0.603203	0.454545	3.000000	1.000000	0	0	1	1.000000	0.000000	0.000000
OTU_419_18S_022_3	OTU_646_18S_3_200	1	ENV_Salinity	0.659956	2.621334	1.961377	nan	3.000000	1.000000	0	0	1	1.000000	0.000000	0.000000
OTU_34_18S_3_200	OTU_646_18S_3_200	1	ENV_Salinity	0.563320	0.257290	-0.306030	0.364635	3.000000	1.000000	0	0	1	1.000000	0.000000	0.000000
ASV_613_16S_022_3	OTU_711_18S_3_200	1	ENV_Salinity	0.519532	0.100849	-0.418683	0.455544	3.000000	1.000000	0	0	1	1.000000	0.000000	0.000000
ASV_1707_16S_022_3	OTU_711_18S_3_200	1	ENV_Salinity	0.461770	3.816359	3.354589	nan	3.000000	1.000000	0	0	1	1.000000	0.000000	0.000000
ASV_1747_16S_022_3	OTU_711_18S_3_200	1	ENV_Salinity	0.519532	0.033789	-0.485743	0.455544	3.000000	1.000000	0	0	1	1.000000	0.000000	0.000000
OTU_866_18S_022_3	OTU_741_18S_3_200	1	ENV_Salinity	0.461770	0.000000	-0.461770	0.636364	3.000000	1.000000	0	0	1	1.000000	0.000000	0.000000
OTU_2656_18S_022_3	OTU_749_18S_3_200	1	ENV_Salinity	0.327421	0.033789	-0.293632	0.000999	3.000000	1.000000	0	0	1	1.000000	0.000000	0.000000
OTU_8089_18S_022_3	OTU_756_18S_3_200	1	ENV_Salinity	0.416375	0.000000	-0.416375	0.454545	3.000000	1.000000	0	0	1	1.000000	0.000000	0.000000
OTU_729_18S_022_3	OTU_722_18S_3_200	1	ENV_Salinity	0.820761	1.930043	1.109282	nan	3.000000	1.000000	0	0	1	1.000000	0.000000	0.000000
OTU_498_18S_3_200	OTU_722_18S_3_200	1	ENV_Salinity	0.809487	1.884268	1.074781	nan	3.000000	1.000000	0	0	1	1.000000	0.000000	0.000000
ASV_253_16S_022_3	OTU_747_18S_3_200	1	ENV_Salinity	0.705530	-0.040868	-0.746397	0.454545	3.000000	1.000000	0	0	1	1.000000	0.000000	0.000000
OTU_196_18S_3_200	OTU_653_18S_3_200	1	ENV_Salinity	0.612638	0.033789	-0.578849	0.091908	3.000000	1.000000	0	0	1	1.000000	0.000000	0.000000
OTU_68_18S_3_200	OTU_778_18S_3_200	1	ENV_Salinity	0.792907	0.134120	-0.658787	0.000999	3.000000	1.000000	0	0	1	1.000000	0.000000	0.000000
ASV_1459_16S_022_3	OTU_714_18S_3_200	1	ENV_Salinity	0.599096	0.000000	-0.599096	0.636364	3.000000	1.000000	0	0	1	1.000000	0.000000	0.000000
OTU_817_18S_022_3	OTU_714_18S_3_200	1	ENV_Salinity	0.603865	-0.112835	-0.716700	0.636364	3.000000	1.000000	0	0	1	1.000000	0.000000	0.000000
ASV_706_16S_3_200	OTU_714_18S_3_200	1	ENV_Salinity	0.625005	0.000000	-0.625005	0.454545	3.000000	1.000000	0	0	1	1.000000	0.000000	0.000000
ASV_1215_16S_3_200	OTU_698_18S_3_200	1	ENV_Salinity	0.789639	0.191882	-0.597757	0.273726	3.000000	1.000000	0	0	1	1.000000	0.000000	0.000000
ASV_1127_16S_022_3	OTU_800_18S_3_200	1	ENV_Salinity	0.299011	2.443327	2.144316	nan	3.000000	1.000000	0	0	1	1.000000	0.000000	0.000000
ASV_1043_16S_022_3	OTU_791_18S_3_200	1	ENV_Salinity	0.439968	0.000000	-0.439968	0.636364	3.000000	1.000000	0	0	1	1.000000	0.000000	0.000000
ASV_972_16S_3_200	OTU_791_18S_3_200	1	ENV_Salinity	0.519532	0.000000	-0.519532	0.454545	3.000000	1.000000	0	0	1	1.000000	0.000000	0.000000
ASV_1190_16S_022_3	OTU_817_18S_3_200	1	ENV_Salinity	0.521033	0.091551	-0.429482	0.637363	3.000000	1.000000	0	0	1	1.000000	0.000000	0.000000
ASV_444_16S_022_3	OTU_799_18S_3_200	1	ENV_Salinity	0.682767	0.129730	-0.553037	0.000999	3.000000	1.000000	0	0	1	1.000000	0.000000	0.000000
ASV_469_16S_022_3	OTU_799_18S_3_200	1	ENV_Salinity	0.575081	0.033789	-0.541292	0.000999	3.000000	1.000000	0	0	1	1.000000	0.000000	0.000000
OTU_826_18S_022_3	OTU_799_18S_3_200	1	ENV_Salinity	0.632843	0.033789	-0.599054	0.000999	3.000000	1.000000	0	0	1	1.000000	0.000000	0.000000
ASV_725_16S_022_3	OTU_797_18S_3_200	1	ENV_Salinity	0.807065	0.033789	-0.773276	0.273726	3.000000	1.000000	0	0	1	1.000000	0.000000	0.000000
ASV_1632_16S_022_3	OTU_797_18S_3_200	1	ENV_Salinity	0.728162	0.158611	-0.569551	0.455544	3.000000	1.000000	0	0	1	1.000000	0.000000	0.000000
ASV_1223_16S_022_3	OTU_842_18S_3_200	1	ENV_Salinity	0.497730	0.000000	-0.497730	0.454545	3.000000	1.000000	0	0	1	1.000000	0.000000	0.000000
ASV_472_16S_022_3	OTU_761_18S_3_200	1	ENV_Salinity	0.609092	0.115525	-0.493567	0.000999	3.000000	1.000000	0	0	1	1.000000	0.000000	0.000000
OTU_384_18S_022_3	OTU_761_18S_3_200	1	ENV_Salinity	0.520755	0.322600	-0.198154	0.000999	3.000000	1.000000	0	0	1	1.000000	0.000000	0.000000
ASV_643_16S_022_3	OTU_839_18S_3_200	1	ENV_Salinity	0.519532	0.079047	-0.440485	0.546454	3.000000	1.000000	0	0	1	1.000000	0.000000	0.000000
ASV_1375_16S_022_3	OTU_839_18S_3_200	1	ENV_Salinity	0.416375	0.050166	-0.366209	0.000999	3.000000	1.000000	0	0	1	1.000000	0.000000	0.000000
ASV_2032_16S_3_200	OTU_839_18S_3_200	1	ENV_Salinity	0.519532	0.067060	-0.452472	0.000999	3.000000	1.000000	0	0	1	1.000000	0.000000	0.000000
ASV_1002_16S_022_3	OTU_858_18S_3_200	1	ENV_Salinity	0.931565	0.214518	-0.717047	0.182817	3.000000	1.000000	0	0	1	1.000000	0.000000	0.000000
ASV_1411_16S_022_3	OTU_858_18S_3_200	1	ENV_Salinity	0.608346	0.063512	-0.544834	0.455544	3.000000	1.000000	0	0	1	1.000000	0.000000	0.000000
OTU_999_18S_022_3	OTU_868_18S_3_200	1	ENV_Salinity	0.623912	3.335611	2.711699	nan	3.000000	1.000000	0	0	1	1.000000	0.000000	0.000000
OTU_2097_18S_022_3	OTU_868_18S_3_200	1	ENV_Salinity	0.484794	3.483128	2.998334	nan	3.000000	1.000000	0	0	1	1.000000	0.000000	0.000000
OTU_671_18S_3_200	OTU_868_18S_3_200	1	ENV_Salinity	0.429484	3.617248	3.187764	nan	3.000000	1.000000	0	0	1	1.000000	0.000000	0.000000
OTU_698_18S_022_3	OTU_787_18S_3_200	1	ENV_Salinity	0.509218	-0.040868	-0.550086	0.818182	3.000000	1.000000	0	0	1	1.000000	0.000000	0.000000
OTU_787_18S_022_3	OTU_787_18S_3_200	1	ENV_Salinity	0.578796	0.067060	-0.511736	0.455544	3.000000	1.000000	0	0	1	1.000000	0.000000	0.000000
OTU_1304_18S_022_3	OTU_787_18S_3_200	1	ENV_Salinity	0.670400	0.083954	-0.586446	0.273726	3.000000	1.000000	0	0	1	1.000000	0.000000	0.000000
OTU_605_18S_3_200	OTU_871_18S_3_200	1	ENV_Salinity	0.480453	2.347436	1.866982	nan	3.000000	1.000000	0	0	1	1.000000	0.000000	0.000000
ASV_229_16S_022_3	OTU_866_18S_3_200	1	ENV_Salinity	0.646807	0.033789	-0.613018	0.000999	3.000000	1.000000	0	0	1	1.000000	0.000000	0.000000
ASV_306_16S_022_3	OTU_866_18S_3_200	1	ENV_Salinity	0.682767	0.033789	-0.648979	0.091908	3.000000	1.000000	0	0	1	1.000000	0.000000	0.000000
ASV_635_16S_022_3	OTU_866_18S_3_200	1	ENV_Salinity	0.484794	0.100849	-0.383946	0.000999	3.000000	1.000000	0	0	1	1.000000	0.000000	0.000000
OTU_106_18S_3_200	OTU_767_18S_3_200	1	ENV_Salinity	1.032176	0.203869	-0.828308	0.182817	3.000000	1.000000	0	0	1	1.000000	0.000000	0.000000
OTU_536_18S_3_200	OTU_767_18S_3_200	1	ENV_Salinity	0.837088	0.095941	-0.741147	0.273726	3.000000	1.000000	0	0	1	1.000000	0.000000	0.000000
ASV_1215_16S_022_3	OTU_879_18S_3_200	1	ENV_Salinity	0.807726	0.033789	-0.773938	0.273726	3.000000	1.000000	0	0	1	1.000000	0.000000	0.000000
ASV_1551_16S_022_3	OTU_879_18S_3_200	1	ENV_Salinity	0.785924	0.129730	-0.656195	0.273726	3.000000	1.000000	0	0	1	1.000000	0.000000	0.000000
OTU_430_18S_022_3	OTU_879_18S_3_200	1	ENV_Salinity	0.587951	0.062670	-0.525281	0.273726	3.000000	1.000000	0	0	1	1.000000	0.000000	0.000000
ASV_2004_16S_3_200	OTU_879_18S_3_200	1	ENV_Salinity	0.625005	0.083954	-0.541051	0.273726	3.000000	1.000000	0	0	1	1.000000	0.000000	0.000000
OTU_2919_18S_022_3	OTU_886_18S_3_200	1	ENV_Salinity	0.541334	0.067060	-0.474274	0.000999	3.000000	1.000000	0	0	1	1.000000	0.000000	0.000000
ASV_636_16S_022_3	OTU_889_18S_3_200	1	ENV_Salinity	0.516648	0.000000	-0.516648	0.454545	3.000000	1.000000	0	0	1	1.000000	0.000000	0.000000
OTU_756_18S_3_200	OTU_889_18S_3_200	1	ENV_Salinity	0.474137	0.000000	-0.474137	0.454545	3.000000	1.000000	0	0	1	1.000000	0.000000	0.000000
ASV_376_16S_022_3	OTU_855_18S_3_200	1	ENV_Salinity	0.404007	0.100331	-0.303676	0.000999	3.000000	1.000000	0	0	1	1.000000	0.000000	0.000000
ASV_606_16S_022_3	OTU_855_18S_3_200	1	ENV_Salinity	0.406323	0.100331	-0.305992	0.000999	3.000000	1.000000	0	0	1	1.000000	0.000000	0.000000
OTU_756_18S_3_200	OTU_855_18S_3_200	1	ENV_Salinity	0.567243	0.100331	-0.466912	0.000999	3.000000	1.000000	0	0	1	1.000000	0.000000	0.000000
ASV_322_16S_022_3	OTU_829_18S_3_200	1	ENV_Salinity	0.603203	0.000000	-0.603203	0.454545	3.000000	1.000000	0	0	1	1.000000	0.000000	0.000000
ASV_969_16S_022_3	OTU_829_18S_3_200	1	ENV_Salinity	0.660965	0.299810	-0.361155	0.000999	3.000000	1.000000	0	0	1	1.000000	0.000000	0.000000
OTU_142_18S_3_200	OTU_829_18S_3_200	1	ENV_Salinity	0.458895	0.038179	-0.420716	0.000999	3.000000	1.000000	0	0	1	1.000000	0.000000	0.000000
OTU_136_18S_3_200	OTU_902_18S_3_200	1	ENV_Salinity	0.747632	0.055073	-0.692558	0.273726	3.000000	1.000000	0	0	1	1.000000	0.000000	0.000000
ASV_2093_16S_022_3	OTU_923_18S_3_200	1	ENV_Salinity	0.483572	0.067060	-0.416512	0.000999	3.000000	1.000000	0	0	1	1.000000	0.000000	0.000000
OTU_243_18S_022_3	OTU_924_18S_3_200	1	ENV_Salinity	0.425809	0.067060	-0.358749	0.000999	3.000000	1.000000	0	0	1	1.000000	0.000000	0.000000
OTU_68_18S_3_200	OTU_924_18S_3_200	1	ENV_Salinity	0.425809	0.000000	-0.425809	0.454545	3.000000	1.000000	0	0	1	1.000000	0.000000	0.000000
OTU_778_18S_3_200	OTU_924_18S_3_200	1	ENV_Salinity	0.541334	0.000000	-0.541334	0.454545	3.000000	1.000000	0	0	1	1.000000	0.000000	0.000000
ASV_600_16S_022_3	OTU_932_18S_3_200	1	ENV_Salinity	0.567243	-0.042901	-0.610144	0.454545	3.000000	1.000000	0	0	1	1.000000	0.000000	0.000000
OTU_456_18S_3_200	OTU_932_18S_3_200	1	ENV_Salinity	0.713342	0.225671	-0.487671	0.455544	3.000000	1.000000	0	0	1	1.000000	0.000000	0.000000
OTU_183_18S_3_200	OTU_962_18S_3_200	1	ENV_Salinity	0.427451	2.287861	1.860410	nan	3.000000	1.000000	0	0	1	1.000000	0.000000	0.000000
OTU_303_18S_3_200	OTU_904_18S_3_200	1	ENV_Salinity	0.767837	0.033789	-0.734048	0.182817	3.000000	1.000000	0	0	1	1.000000	0.000000	0.000000
OTU_222_18S_022_3	OTU_960_18S_3_200	1	ENV_Salinity	0.486585	0.000000	-0.486585	0.363636	3.000000	1.000000	0	0	1	1.000000	0.000000	0.000000
OTU_413_18S_022_3	OTU_911_18S_3_200	1	ENV_Salinity	0.753679	0.033789	-0.719890	0.273726	3.000000	1.000000	0	0	1	1.000000	0.000000	0.000000
OTU_850_18S_022_3	OTU_911_18S_3_200	1	ENV_Salinity	0.771105	0.033789	-0.737316	0.273726	3.000000	1.000000	0	0	1	1.000000	0.000000	0.000000
OTU_82_18S_3_200	OTU_911_18S_3_200	1	ENV_Salinity	0.805394	0.033789	-0.771605	0.091908	3.000000	1.000000	0	0	1	1.000000	0.000000	0.000000
OTU_268_18S_3_200	OTU_911_18S_3_200	1	ENV_Salinity	0.747632	0.033789	-0.713843	0.091908	3.000000	1.000000	0	0	1	1.000000	0.000000	0.000000
OTU_456_18S_3_200	OTU_911_18S_3_200	1	ENV_Salinity	0.525609	0.033789	-0.491820	0.091908	3.000000	1.000000	0	0	1	1.000000	0.000000	0.000000
OTU_904_18S_3_200	OTU_911_18S_3_200	1	ENV_Salinity	0.863156	0.033789	-0.829367	0.091908	3.000000	1.000000	0	0	1	1.000000	0.000000	0.000000
ASV_500_16S_022_3	OTU_994_18S_3_200	1	ENV_Salinity	0.542557	0.033789	-0.508768	0.182817	3.000000	1.000000	0	0	1	1.000000	0.000000	0.000000
OTU_498_18S_022_3	OTU_994_18S_3_200	1	ENV_Salinity	0.508272	0.033789	-0.474483	0.364635	3.000000	1.000000	0	0	1	1.000000	0.000000	0.000000
ASV_1566_16S_022_3	OTU_909_18S_3_200	1	ENV_Salinity	0.670400	0.033789	-0.636611	0.273726	3.000000	1.000000	0	0	1	1.000000	0.000000	0.000000
ASV_787_16S_3_200	OTU_909_18S_3_200	1	ENV_Salinity	0.574419	0.129730	-0.444689	0.637363	3.000000	1.000000	0	0	1	1.000000	0.000000	0.000000
OTU_128_18S_3_200	OTU_909_18S_3_200	1	ENV_Salinity	0.550121	0.055073	-0.495048	0.364635	3.000000	1.000000	0	0	1	1.000000	0.000000	0.000000
OTU_351_18S_3_200	OTU_909_18S_3_200	1	ENV_Salinity	0.572301	0.033789	-0.538512	0.273726	3.000000	1.000000	0	0	1	1.000000	0.000000	0.000000
OTU_476_18S_3_200	OTU_937_18S_3_200	1	ENV_Salinity	0.597529	0.041452	-0.556077	0.091908	3.000000	1.000000	0	0	1	1.000000	0.000000	0.000000
ASV_762_16S_022_3	OTU_985_18S_3_200	1	ENV_Salinity	0.542557	0.207076	-0.335481	0.455544	3.000000	1.000000	0	0	1	1.000000	0.000000	0.000000
ASV_1439_16S_3_200	OTU_985_18S_3_200	1	ENV_Salinity	0.487679	0.184285	-0.303393	0.455544	3.000000	1.000000	0	0	1	1.000000	0.000000	0.000000
ASV_1088_16S_022_3	OTU_997_18S_3_200	1	ENV_Salinity	0.439968	0.000000	-0.439968	0.363636	3.000000	1.000000	0	0	1	1.000000	0.000000	0.000000
OTU_582_18S_022_3	OTU_997_18S_3_200	1	ENV_Salinity	0.494846	0.000000	-0.494846	0.545455	3.000000	1.000000	0	0	1	1.000000	0.000000	0.000000
ASV_101_16S_3_200	OTU_997_18S_3_200	1	ENV_Salinity	0.493623	0.000000	-0.493623	0.545455	3.000000	1.000000	0	0	1	1.000000	0.000000	0.000000
ASV_673_16S_3_200	OTU_997_18S_3_200	1	ENV_Salinity	0.519532	0.079047	-0.440485	0.000999	3.000000	1.000000	0	0	1	1.000000	0.000000	0.000000
OTU_103_18S_3_200	OTU_997_18S_3_200	1	ENV_Salinity	0.458885	-0.109961	-0.568846	0.545455	3.000000	1.000000	0	0	1	1.000000	0.000000	0.000000
ASV_321_16S_3_200	OTU_973_18S_3_200	1	ENV_Salinity	0.739521	0.000000	-0.739521	0.454545	3.000000	1.000000	0	0	1	1.000000	0.000000	0.000000
OTU_1628_18S_022_3	OTU_989_18S_3_200	1	ENV_Salinity	0.599096	-0.112835	-0.711932	0.636364	3.000000	1.000000	0	0	1	1.000000	0.000000	0.000000
OTU_2662_18S_022_3	OTU_989_18S_3_200	1	ENV_Salinity	0.656858	0.000000	-0.656858	0.454545	3.000000	1.000000	0	0	1	1.000000	0.000000	0.000000
OTU_2876_18S_022_3	OTU_989_18S_3_200	1	ENV_Salinity	0.599096	0.000000	-0.599096	0.636364	3.000000	1.000000	0	0	1	1.000000	0.000000	0.000000
ASV_482_16S_022_3	OTU_1019_18S_3_200	1	ENV_Salinity	0.366306	1.264537	0.898231	nan	3.000000	1.000000	0	0	1	1.000000	0.000000	0.000000
OTU_902_18S_022_3	OTU_1019_18S_3_200	1	ENV_Salinity	0.734015	2.062883	1.328868	nan	3.000000	1.000000	0	0	1	1.000000	0.000000	0.000000
OTU_166_18S_3_200	OTU_1019_18S_3_200	1	ENV_Salinity	0.843771	1.412211	0.568440	nan	3.000000	1.000000	0	0	1	1.000000	0.000000	0.000000
OTU_543_18S_022_3	OTU_505_18S_3_200	1	ENV_Salinity	0.404266	0.290988	-0.113278	0.000999	3.000000	1.000000	0	0	1	1.000000	0.000000	0.000000
ASV_1587_16S_022_3	OTU_1034_18S_3_200	1	ENV_Salinity	0.593441	0.000000	-0.593441	0.181818	3.000000	1.000000	0	0	1	1.000000	0.000000	0.000000
OTU_71_18S_022_3	OTU_1034_18S_3_200	1	ENV_Salinity	0.645052	0.000000	-0.645052	0.272727	3.000000	1.000000	0	0	1	1.000000	0.000000	0.000000
OTU_1460_18S_022_3	OTU_859_18S_3_200	1	ENV_Salinity	0.599096	0.095941	-0.503155	0.000999	3.000000	1.000000	0	0	1	1.000000	0.000000	0.000000
OTU_3598_18S_022_3	OTU_859_18S_3_200	1	ENV_Salinity	0.567243	0.050166	-0.517077	0.364635	3.000000	1.000000	0	0	1	1.000000	0.000000	0.000000
OTU_6834_18S_022_3	OTU_859_18S_3_200	1	ENV_Salinity	0.461770	0.000000	-0.461770	0.636364	3.000000	1.000000	0	0	1	1.000000	0.000000	0.000000
ASV_1593_16S_022_3	OTU_965_18S_3_200	1	ENV_Salinity	0.541334	0.158611	-0.382723	0.819181	3.000000	1.000000	0	0	1	1.000000	0.000000	0.000000
OTU_506_18S_3_200	OTU_965_18S_3_200	1	ENV_Salinity	0.569695	0.112835	-0.456860	0.637363	3.000000	1.000000	0	0	1	1.000000	0.000000	0.000000
OTU_625_18S_3_200	OTU_965_18S_3_200	1	ENV_Salinity	0.492737	0.045258	-0.447479	0.819181	3.000000	1.000000	0	0	1	1.000000	0.000000	0.000000
OTU_166_18S_3_200	OTU_982_18S_3_200	1	ENV_Salinity	0.534366	0.746271	0.211905	nan	3.000000	1.000000	0	0	1	1.000000	0.000000	0.000000
ASV_1029_16S_022_3	OTU_1023_18S_3_200	1	ENV_Salinity	0.379992	3.206793	2.826801	nan	3.000000	1.000000	0	0	1	1.000000	0.000000	0.000000
OTU_362_18S_3_200	OTU_1023_18S_3_200	1	ENV_Salinity	0.475973	3.504413	3.028440	nan	3.000000	1.000000	0	0	1	1.000000	0.000000	0.000000
OTU_534_18S_3_200	OTU_833_18S_3_200	1	ENV_Salinity	0.735144	0.038179	-0.696966	0.000999	3.000000	1.000000	0	0	1	1.000000	0.000000	0.000000
ASV_1551_16S_022_3	OTU_1086_18S_3_200	1	ENV_Salinity	0.379992	0.091551	-0.288441	0.637363	3.000000	1.000000	0	0	1	1.000000	0.000000	0.000000
OTU_506_18S_3_200	OTU_1086_18S_3_200	1	ENV_Salinity	0.511271	0.115525	-0.395747	0.273726	3.000000	1.000000	0	0	1	1.000000	0.000000	0.000000
OTU_151_18S_3_200	OTU_1076_18S_3_200	1	ENV_Salinity	0.788351	0.183102	-0.605249	0.182817	3.000000	1.000000	0	0	1	1.000000	0.000000	0.000000
OTU_909_18S_3_200	OTU_1076_18S_3_200	1	ENV_Salinity	0.666854	0.132419	-0.534435	0.182817	3.000000	1.000000	0	0	1	1.000000	0.000000	0.000000
OTU_136_18S_3_200	OTU_1095_18S_3_200	1	ENV_Salinity	0.794444	0.148325	-0.646119	0.273726	3.000000	1.000000	0	0	1	1.000000	0.000000	0.000000
OTU_467_18S_3_200	OTU_1095_18S_3_200	1	ENV_Salinity	0.638154	0.033789	-0.604366	0.273726	3.000000	1.000000	0	0	1	1.000000	0.000000	0.000000
OTU_2389_18S_022_3	OTU_1106_18S_3_200	1	ENV_Salinity	0.599096	0.095941	-0.503155	0.000999	3.000000	1.000000	0	0	1	1.000000	0.000000	0.000000
OTU_989_18S_3_200	OTU_1106_18S_3_200	1	ENV_Salinity	0.493623	0.000000	-0.493623	0.454545	3.000000	1.000000	0	0	1	1.000000	0.000000	0.000000
ASV_1705_16S_022_3	OTU_1114_18S_3_200	1	ENV_Salinity	0.442284	0.000000	-0.442284	0.454545	3.000000	1.000000	0	0	1	1.000000	0.000000	0.000000
OTU_469_18S_022_3	OTU_1114_18S_3_200	1	ENV_Salinity	0.404021	0.000000	-0.404021	0.272727	3.000000	1.000000	0	0	1	1.000000	0.000000	0.000000
OTU_322_18S_3_200	OTU_1114_18S_3_200	1	ENV_Salinity	0.442284	0.000000	-0.442284	0.454545	3.000000	1.000000	0	0	1	1.000000	0.000000	0.000000
ASV_874_16S_022_3	OTU_1121_18S_3_200	1	ENV_Salinity	0.502498	0.283433	-0.219065	0.000999	3.000000	1.000000	0	0	1	1.000000	0.000000	0.000000
OTU_1195_18S_022_3	OTU_1121_18S_3_200	1	ENV_Salinity	0.569034	-0.069749	-0.638783	0.545455	3.000000	1.000000	0	0	1	1.000000	0.000000	0.000000
OTU_398_18S_3_200	OTU_1121_18S_3_200	1	ENV_Salinity	0.497730	0.033789	-0.463941	0.091908	3.000000	1.000000	0	0	1	1.000000	0.000000	0.000000
ASV_636_16S_022_3	OTU_1105_18S_3_200	1	ENV_Salinity	0.432090	0.057762	-0.374328	0.000999	3.000000	1.000000	0	0	1	1.000000	0.000000	0.000000
OTU_960_18S_3_200	OTU_1105_18S_3_200	1	ENV_Salinity	0.609753	0.000000	-0.609753	0.454545	3.000000	1.000000	0	0	1	1.000000	0.000000	0.000000
ASV_986_16S_022_3	OTU_1104_18S_3_200	1	ENV_Salinity	0.461770	0.033789	-0.427981	0.819181	3.000000	1.000000	0	0	1	1.000000	0.000000	0.000000
ASV_1804_16S_022_3	OTU_1104_18S_3_200	1	ENV_Salinity	0.492737	0.033789	-0.458948	0.273726	3.000000	1.000000	0	0	1	1.000000	0.000000	0.000000
OTU_353_18S_3_200	OTU_1104_18S_3_200	1	ENV_Salinity	0.486585	0.055073	-0.431512	0.455544	3.000000	1.000000	0	0	1	1.000000	0.000000	0.000000
OTU_547_18S_3_200	OTU_1148_18S_3_200	1	ENV_Salinity	0.500922	2.824195	2.323272	nan	3.000000	1.000000	0	0	1	1.000000	0.000000	0.000000
OTU_598_18S_3_200	OTU_1148_18S_3_200	1	ENV_Salinity	0.681296	3.258474	2.577178	nan	3.000000	1.000000	0	0	1	1.000000	0.000000	0.000000
OTU_871_18S_3_200	OTU_1148_18S_3_200	1	ENV_Salinity	0.577975	2.413896	1.835921	nan	3.000000	1.000000	0	0	1	1.000000	0.000000	0.000000
OTU_767_18S_3_200	OTU_1148_18S_3_200	1	ENV_Salinity	0.720061	0.083954	-0.636107	0.364635	3.000000	1.000000	0	0	1	1.000000	0.000000	0.000000
OTU_534_18S_3_200	OTU_1027_18S_3_200	1	ENV_Salinity	0.590557	0.028881	-0.561676	0.000999	3.000000	1.000000	0	0	1	1.000000	0.000000	0.000000
OTU_833_18S_3_200	OTU_1027_18S_3_200	1	ENV_Salinity	0.710458	0.137327	-0.573132	0.000999	3.000000	1.000000	0	0	1	1.000000	0.000000	0.000000
OTU_517_18S_3_200	OTU_1146_18S_3_200	1	ENV_Salinity	0.361741	0.215385	-0.146356	0.000999	3.000000	1.000000	0	0	1	1.000000	0.000000	0.000000
OTU_144_18S_022_3	OTU_1111_18S_3_200	1	ENV_Salinity	0.403391	-0.115525	-0.518915	0.545455	3.000000	1.000000	0	0	1	1.000000	0.000000	0.000000
OTU_794_18S_022_3	OTU_1144_18S_3_200	1	ENV_Salinity	0.415758	0.076358	-0.339400	0.000999	3.000000	1.000000	0	0	1	1.000000	0.000000	0.000000
OTU_86_18S_022_3	OTU_1207_18S_3_200	1	ENV_Salinity	0.356297	0.083954	-0.272342	0.637363	3.000000	1.000000	0	0	1	1.000000	0.000000	0.000000
OTU_622_18S_3_200	OTU_1207_18S_3_200	1	ENV_Salinity	0.519532	0.033789	-0.485743	0.819181	3.000000	1.000000	0	0	1	1.000000	0.000000	0.000000
OTU_101_18S_3_200	OTU_1214_18S_3_200	1	ENV_Salinity	0.649428	0.091551	-0.557877	0.273726	3.000000	1.000000	0	0	1	1.000000	0.000000	0.000000
OTU_622_18S_3_200	OTU_1214_18S_3_200	1	ENV_Salinity	0.648598	0.100849	-0.547749	0.455544	3.000000	1.000000	0	0	1	1.000000	0.000000	0.000000
ASV_473_16S_022_3	OTU_1127_18S_3_200	1	ENV_Salinity	0.615437	0.110146	-0.505291	0.273726	3.000000	1.000000	0	0	1	1.000000	0.000000	0.000000
ASV_448_16S_3_200	OTU_1127_18S_3_200	1	ENV_Salinity	0.680843	0.033789	-0.647055	0.273726	3.000000	1.000000	0	0	1	1.000000	0.000000	0.000000
OTU_270_18S_3_200	OTU_1127_18S_3_200	1	ENV_Salinity	0.772642	0.122133	-0.650509	0.819181	3.000000	1.000000	0	0	1	1.000000	0.000000	0.000000
OTU_734_18S_3_200	OTU_1127_18S_3_200	1	ENV_Salinity	0.738606	0.134120	-0.604486	0.182817	3.000000	1.000000	0	0	1	1.000000	0.000000	0.000000
ASV_1720_16S_022_3	OTU_1165_18S_3_200	1	ENV_Salinity	0.327421	0.000000	-0.327421	0.454545	3.000000	1.000000	0	0	1	1.000000	0.000000	0.000000
OTU_860_18S_022_3	OTU_1165_18S_3_200	1	ENV_Salinity	0.448834	-0.027180	-0.476014	0.545455	3.000000	1.000000	0	0	1	1.000000	0.000000	0.000000
OTU_2389_18S_022_3	OTU_1165_18S_3_200	1	ENV_Salinity	0.483572	0.067060	-0.416512	0.000999	3.000000	1.000000	0	0	1	1.000000	0.000000	0.000000
OTU_711_18S_3_200	OTU_1165_18S_3_200	1	ENV_Salinity	0.300850	0.207951	-0.092899	0.637363	3.000000	1.000000	0	0	1	1.000000	0.000000	0.000000
ASV_732_16S_022_3	OTU_1123_18S_3_200	1	ENV_Salinity	0.615243	0.033789	-0.581455	0.273726	3.000000	1.000000	0	0	1	1.000000	0.000000	0.000000
ASV_1439_16S_022_3	OTU_1123_18S_3_200	1	ENV_Salinity	0.477917	0.033789	-0.444128	0.455544	3.000000	1.000000	0	0	1	1.000000	0.000000	0.000000
ASV_1541_16S_022_3	OTU_1123_18S_3_200	1	ENV_Salinity	0.577294	0.000000	-0.577294	0.636364	3.000000	1.000000	0	0	1	1.000000	0.000000	0.000000
OTU_1123_18S_022_3	OTU_1123_18S_3_200	1	ENV_Salinity	0.673006	0.033789	-0.639217	0.637363	3.000000	1.000000	0	0	1	1.000000	0.000000	0.000000
OTU_373_18S_022_3	OTU_1233_18S_3_200	1	ENV_Salinity	0.509481	-0.103538	-0.613018	0.454545	3.000000	1.000000	0	0	1	1.000000	0.000000	0.000000
OTU_537_18S_022_3	OTU_1233_18S_3_200	1	ENV_Salinity	0.509481	0.067060	-0.442421	0.273726	3.000000	1.000000	0	0	1	1.000000	0.000000	0.000000
OTU_1104_18S_022_3	OTU_1233_18S_3_200	1	ENV_Salinity	0.408776	0.095941	-0.312835	0.000999	3.000000	1.000000	0	0	1	1.000000	0.000000	0.000000
OTU_325_18S_3_200	OTU_1252_18S_3_200	1	ENV_Salinity	0.713342	0.158611	-0.554731	0.546454	3.000000	1.000000	0	0	1	1.000000	0.000000	0.000000
OTU_817_18S_3_200	OTU_1252_18S_3_200	1	ENV_Salinity	0.691540	3.105816	2.414275	nan	3.000000	1.000000	0	0	1	1.000000	0.000000	0.000000
OTU_868_18S_3_200	OTU_1252_18S_3_200	1	ENV_Salinity	0.609753	3.323106	2.713353	nan	3.000000	1.000000	0	0	1	1.000000	0.000000	0.000000
ASV_720_16S_022_3	OTU_1256_18S_3_200	1	ENV_Salinity	0.762332	0.225671	-0.536661	0.455544	3.000000	1.000000	0	0	1	1.000000	0.000000	0.000000
OTU_234_18S_022_3	OTU_1256_18S_3_200	1	ENV_Salinity	0.471218	0.000000	-0.471218	0.272727	3.000000	1.000000	0	0	1	1.000000	0.000000	0.000000
ASV_1963_16S_3_200	OTU_1256_18S_3_200	1	ENV_Salinity	0.627457	0.033789	-0.593669	0.637363	3.000000	1.000000	0	0	1	1.000000	0.000000	0.000000
OTU_191_18S_3_200	OTU_1263_18S_3_200	1	ENV_Salinity	0.603203	0.000000	-0.603203	0.636364	3.000000	1.000000	0	0	1	1.000000	0.000000	0.000000
ASV_1658_16S_022_3	OTU_1266_18S_3_200	1	ENV_Salinity	0.520755	0.081736	-0.439019	0.000999	3.000000	1.000000	0	0	1	1.000000	0.000000	0.000000
OTU_327_18S_022_3	OTU_1266_18S_3_200	1	ENV_Salinity	0.437083	0.115525	-0.321559	0.000999	3.000000	1.000000	0	0	1	1.000000	0.000000	0.000000
OTU_850_18S_022_3	OTU_1266_18S_3_200	1	ENV_Salinity	0.554597	0.121088	-0.433509	0.546454	3.000000	1.000000	0	0	1	1.000000	0.000000	0.000000
OTU_625_18S_3_200	OTU_1266_18S_3_200	1	ENV_Salinity	0.489191	0.081736	-0.407455	0.000999	3.000000	1.000000	0	0	1	1.000000	0.000000	0.000000
ASV_1727_16S_022_3	OTU_1286_18S_3_200	1	ENV_Salinity	0.546102	0.000000	-0.546102	0.454545	3.000000	1.000000	0	0	1	1.000000	0.000000	0.000000
OTU_1050_18S_022_3	OTU_1286_18S_3_200	1	ENV_Salinity	0.542557	0.000000	-0.542557	0.545455	3.000000	1.000000	0	0	1	1.000000	0.000000	0.000000
OTU_1506_18S_022_3	OTU_1286_18S_3_200	1	ENV_Salinity	0.541334	0.000000	-0.541334	0.545455	3.000000	1.000000	0	0	1	1.000000	0.000000	0.000000
ASV_91_16S_022_3	OTU_1202_18S_3_200	1	ENV_Salinity	0.502499	0.071968	-0.430531	0.000999	3.000000	1.000000	0	0	1	1.000000	0.000000	0.000000
ASV_910_16S_022_3	OTU_1202_18S_3_200	1	ENV_Salinity	0.386974	0.033789	-0.353185	0.182817	3.000000	1.000000	0	0	1	1.000000	0.000000	0.000000
ASV_1029_16S_022_3	OTU_1202_18S_3_200	1	ENV_Salinity	0.574419	-0.009112	-0.583531	0.545455	3.000000	1.000000	0	0	1	1.000000	0.000000	0.000000
OTU_1789_18S_022_3	OTU_1258_18S_3_200	1	ENV_Salinity	0.483572	0.100849	-0.382723	0.455544	3.000000	1.000000	0	0	1	1.000000	0.000000	0.000000
OTU_351_18S_3_200	OTU_1258_18S_3_200	1	ENV_Salinity	0.531283	0.071968	-0.459315	0.273726	3.000000	1.000000	0	0	1	1.000000	0.000000	0.000000
OTU_537_18S_3_200	OTU_1258_18S_3_200	1	ENV_Salinity	0.495322	0.043086	-0.452236	0.273726	3.000000	1.000000	0	0	1	1.000000	0.000000	0.000000
OTU_1086_18S_3_200	OTU_1258_18S_3_200	1	ENV_Salinity	0.276835	0.100849	-0.175986	0.273726	3.000000	1.000000	0	0	1	1.000000	0.000000	0.000000
ASV_500_16S_022_3	OTU_1296_18S_3_200	1	ENV_Salinity	0.468051	0.033789	-0.434262	0.000999	3.000000	1.000000	0	0	1	1.000000	0.000000	0.000000
OTU_1801_18S_022_3	OTU_1296_18S_3_200	1	ENV_Salinity	0.577294	0.033789	-0.543505	0.000999	3.000000	1.000000	0	0	1	1.000000	0.000000	0.000000
OTU_741_18S_3_200	OTU_1296_18S_3_200	1	ENV_Salinity	0.603203	0.000000	-0.603203	0.636364	3.000000	1.000000	0	0	1	1.000000	0.000000	0.000000
OTU_938_18S_022_3	OTU_1290_18S_3_200	1	ENV_Salinity	0.634440	0.067060	-0.567380	0.000999	3.000000	1.000000	0	0	1	1.000000	0.000000	0.000000
OTU_1801_18S_022_3	OTU_1290_18S_3_200	1	ENV_Salinity	0.425809	0.033789	-0.392021	0.182817	3.000000	1.000000	0	0	1	1.000000	0.000000	0.000000
ASV_502_16S_022_3	OTU_1309_18S_3_200	1	ENV_Salinity	0.364382	2.718703	2.354320	nan	3.000000	1.000000	0	0	1	1.000000	0.000000	0.000000
OTU_3326_18S_022_3	OTU_1309_18S_3_200	1	ENV_Salinity	0.338985	3.699606	3.360621	nan	3.000000	1.000000	0	0	1	1.000000	0.000000	0.000000
ASV_113_16S_3_200	OTU_1309_18S_3_200	1	ENV_Salinity	0.271654	1.162625	0.890971	nan	3.000000	1.000000	0	0	1	1.000000	0.000000	0.000000
ASV_600_16S_022_3	OTU_1159_18S_3_200	1	ENV_Salinity	0.682767	0.158093	-0.524674	0.000999	3.000000	1.000000	0	0	1	1.000000	0.000000	0.000000
OTU_1086_18S_3_200	OTU_1159_18S_3_200	1	ENV_Salinity	0.590836	0.066414	-0.524422	0.091908	3.000000	1.000000	0	0	1	1.000000	0.000000	0.000000
ASV_1233_16S_022_3	OTU_1172_18S_3_200	1	ENV_Salinity	0.573132	0.137327	-0.435805	0.091908	3.000000	1.000000	0	0	1	1.000000	0.000000	0.000000
OTU_842_18S_3_200	OTU_1172_18S_3_200	1	ENV_Salinity	0.567243	0.021284	-0.545958	0.000999	3.000000	1.000000	0	0	1	1.000000	0.000000	0.000000
OTU_868_18S_022_3	OTU_1332_18S_3_200	1	ENV_Salinity	0.625005	0.033789	-0.591216	0.000999	3.000000	1.000000	0	0	1	1.000000	0.000000	0.000000
OTU_1575_18S_022_3	OTU_1332_18S_3_200	1	ENV_Salinity	0.603203	0.033789	-0.569414	0.091908	3.000000	1.000000	0	0	1	1.000000	0.000000	0.000000
OTU_292_18S_3_200	OTU_1337_18S_3_200	1	ENV_Salinity	0.356297	0.112835	-0.243461	0.000999	3.000000	1.000000	0	0	1	1.000000	0.000000	0.000000
ASV_613_16S_022_3	OTU_1345_18S_3_200	1	ENV_Salinity	0.541334	0.100849	-0.440485	0.455544	3.000000	1.000000	0	0	1	1.000000	0.000000	0.000000
ASV_1720_16S_022_3	OTU_1345_18S_3_200	1	ENV_Salinity	0.704569	0.129730	-0.574840	0.273726	3.000000	1.000000	0	0	1	1.000000	0.000000	0.000000
ASV_1858_16S_022_3	OTU_1345_18S_3_200	1	ENV_Salinity	0.461770	0.033789	-0.427981	0.455544	3.000000	1.000000	0	0	1	1.000000	0.000000	0.000000
ASV_1287_16S_3_200	OTU_1345_18S_3_200	1	ENV_Salinity	0.589045	0.167909	-0.421136	0.273726	3.000000	1.000000	0	0	1	1.000000	0.000000	0.000000
ASV_1457_16S_3_200	OTU_1345_18S_3_200	1	ENV_Salinity	0.682767	0.191882	-0.490885	0.273726	3.000000	1.000000	0	0	1	1.000000	0.000000	0.000000
OTU_2305_18S_022_3	OTU_1347_18S_3_200	1	ENV_Salinity	0.509481	0.033789	-0.475692	0.546454	3.000000	1.000000	0	0	1	1.000000	0.000000	0.000000
OTU_3213_18S_022_3	OTU_1347_18S_3_200	1	ENV_Salinity	0.461770	0.033789	-0.427981	0.546454	3.000000	1.000000	0	0	1	1.000000	0.000000	0.000000
OTU_1304_18S_022_3	OTU_1304_18S_3_200	1	ENV_Salinity	0.865489	0.225671	-0.639818	0.273726	3.000000	1.000000	0	0	1	1.000000	0.000000	0.000000
OTU_613_18S_3_200	OTU_1304_18S_3_200	1	ENV_Salinity	0.749964	0.033789	-0.716175	0.273726	3.000000	1.000000	0	0	1	1.000000	0.000000	0.000000
OTU_62_18S_3_200	OTU_1313_18S_3_200	1	ENV_Salinity	0.535679	0.207076	-0.328604	0.000999	3.000000	1.000000	0	0	1	1.000000	0.000000	0.000000
OTU_142_18S_3_200	OTU_1313_18S_3_200	1	ENV_Salinity	0.516657	0.100331	-0.416326	0.000999	3.000000	1.000000	0	0	1	1.000000	0.000000	0.000000
OTU_866_18S_3_200	OTU_1313_18S_3_200	1	ENV_Salinity	0.625005	0.112835	-0.512170	0.000999	3.000000	1.000000	0	0	1	1.000000	0.000000	0.000000
OTU_456_18S_022_3	OTU_1291_18S_3_200	1	ENV_Salinity	0.685389	0.030582	-0.654807	0.546454	3.000000	1.000000	0	0	1	1.000000	0.000000	0.000000
OTU_698_18S_3_200	OTU_1291_18S_3_200	1	ENV_Salinity	0.905164	0.270929	-0.634235	0.273726	3.000000	1.000000	0	0	1	1.000000	0.000000	0.000000
OTU_2317_18S_022_3	OTU_1245_18S_3_200	1	ENV_Salinity	0.352143	-0.021336	-0.373479	0.272727	3.000000	1.000000	0	0	1	1.000000	0.000000	0.000000
OTU_467_18S_3_200	OTU_1334_18S_3_200	1	ENV_Salinity	0.576677	0.033789	-0.542889	0.273726	3.000000	1.000000	0	0	1	1.000000	0.000000	0.000000
ASV_1556_16S_022_3	OTU_1374_18S_3_200	1	ENV_Salinity	0.519532	0.283433	-0.236099	0.637363	3.000000	1.000000	0	0	1	1.000000	0.000000	0.000000
OTU_931_18S_022_3	OTU_1374_18S_3_200	1	ENV_Salinity	0.541334	0.225671	-0.315663	0.637363	3.000000	1.000000	0	0	1	1.000000	0.000000	0.000000
OTU_1202_18S_022_3	OTU_1374_18S_3_200	1	ENV_Salinity	0.356297	4.138134	3.781838	nan	3.000000	1.000000	0	0	1	1.000000	0.000000	0.000000
OTU_879_18S_3_200	OTU_1374_18S_3_200	1	ENV_Salinity	0.599096	0.129730	-0.469366	0.637363	3.000000	1.000000	0	0	1	1.000000	0.000000	0.000000
OTU_1304_18S_3_200	OTU_1358_18S_3_200	1	ENV_Salinity	0.656858	0.033789	-0.623070	0.364635	3.000000	1.000000	0	0	1	1.000000	0.000000	0.000000
ASV_1065_16S_022_3	OTU_1355_18S_3_200	1	ENV_Salinity	0.547893	0.129730	-0.418163	0.000999	3.000000	1.000000	0	0	1	1.000000	0.000000	0.000000
OTU_1761_18S_022_3	OTU_1355_18S_3_200	1	ENV_Salinity	0.439968	0.196790	-0.243178	0.000999	3.000000	1.000000	0	0	1	1.000000	0.000000	0.000000
OTU_291_18S_3_200	OTU_1399_18S_3_200	1	ENV_Salinity	0.710458	0.170598	-0.539860	0.455544	3.000000	1.000000	0	0	1	1.000000	0.000000	0.000000
OTU_432_18S_022_3	OTU_1404_18S_3_200	1	ENV_Salinity	0.487679	-0.079047	-0.566725	1.000000	3.000000	1.000000	0	0	1	1.000000	0.000000	0.000000
OTU_16_18S_3_200	OTU_1335_18S_3_200	1	ENV_Salinity	0.553085	0.165219	-0.387865	0.000999	3.000000	1.000000	0	0	1	1.000000	0.000000	0.000000
ASV_165_16S_022_3	OTU_1398_18S_3_200	1	ENV_Salinity	0.435861	0.000000	-0.435861	0.636364	3.000000	1.000000	0	0	1	1.000000	0.000000	0.000000
ASV_705_16S_022_3	OTU_1398_18S_3_200	1	ENV_Salinity	0.380415	0.000000	-0.380415	0.545455	3.000000	1.000000	0	0	1	1.000000	0.000000	0.000000
ASV_1406_16S_022_3	OTU_1398_18S_3_200	1	ENV_Salinity	0.599096	0.000000	-0.599096	0.636364	3.000000	1.000000	0	0	1	1.000000	0.000000	0.000000
ASV_1541_16S_022_3	OTU_1398_18S_3_200	1	ENV_Salinity	0.493623	0.000000	-0.493623	0.454545	3.000000	1.000000	0	0	1	1.000000	0.000000	0.000000
OTU_839_18S_3_200	OTU_1398_18S_3_200	1	ENV_Salinity	0.435861	0.000000	-0.435861	0.454545	3.000000	1.000000	0	0	1	1.000000	0.000000	0.000000
OTU_12_18S_3_200	OTU_1444_18S_3_200	1	ENV_Salinity	0.434591	-0.010835	-0.445426	0.636364	3.000000	1.000000	0	0	1	1.000000	0.000000	0.000000
OTU_293_18S_3_200	OTU_1444_18S_3_200	1	ENV_Salinity	0.577294	0.079047	-0.498248	0.000999	3.000000	1.000000	0	0	1	1.000000	0.000000	0.000000
OTU_778_18S_3_200	OTU_1444_18S_3_200	1	ENV_Salinity	0.728162	0.050166	-0.677997	0.000999	3.000000	1.000000	0	0	1	1.000000	0.000000	0.000000
ASV_229_16S_022_3	OTU_1431_18S_3_200	1	ENV_Salinity	0.531283	0.134120	-0.397163	0.000999	3.000000	1.000000	0	0	1	1.000000	0.000000	0.000000
ASV_886_16S_022_3	OTU_1431_18S_3_200	1	ENV_Salinity	0.509481	0.000000	-0.509481	0.454545	3.000000	1.000000	0	0	1	1.000000	0.000000	0.000000
ASV_184_16S_022_3	OTU_1390_18S_3_200	1	ENV_Salinity	0.377212	0.158611	-0.218601	0.091908	3.000000	1.000000	0	0	1	1.000000	0.000000	0.000000
ASV_578_16S_022_3	OTU_1390_18S_3_200	1	ENV_Salinity	0.391111	2.338431	1.947319	nan	3.000000	1.000000	0	0	1	1.000000	0.000000	0.000000
ASV_1050_16S_022_3	OTU_1390_18S_3_200	1	ENV_Salinity	0.456011	2.910457	2.454446	nan	3.000000	1.000000	0	0	1	1.000000	0.000000	0.000000
OTU_1146_18S_3_200	OTU_1390_18S_3_200	1	ENV_Salinity	0.590836	0.264838	-0.325998	0.000999	3.000000	1.000000	0	0	1	1.000000	0.000000	0.000000
ASV_550_16S_022_3	OTU_1364_18S_3_200	1	ENV_Salinity	0.447611	-0.079047	-0.526658	0.818182	3.000000	1.000000	0	0	1	1.000000	0.000000	0.000000
OTU_1609_18S_022_3	OTU_1364_18S_3_200	1	ENV_Salinity	0.378099	0.033789	-0.344310	0.000999	3.000000	1.000000	0	0	1	1.000000	0.000000	0.000000
OTU_866_18S_3_200	OTU_1364_18S_3_200	1	ENV_Salinity	0.541334	0.033789	-0.507545	0.000999	3.000000	1.000000	0	0	1	1.000000	0.000000	0.000000
ASV_248_16S_022_3	OTU_1397_18S_3_200	1	ENV_Salinity	0.497730	3.663187	3.165457	nan	3.000000	1.000000	0	0	1	1.000000	0.000000	0.000000
ASV_1328_16S_022_3	OTU_1397_18S_3_200	1	ENV_Salinity	0.483572	3.928677	3.445105	nan	3.000000	1.000000	0	0	1	1.000000	0.000000	0.000000
OTU_844_18S_022_3	OTU_1397_18S_3_200	1	ENV_Salinity	0.519532	0.158611	-0.360921	0.000999	3.000000	1.000000	0	0	1	1.000000	0.000000	0.000000
OTU_3429_18S_022_3	OTU_1397_18S_3_200	1	ENV_Salinity	0.519532	0.129730	-0.389802	0.000999	3.000000	1.000000	0	0	1	1.000000	0.000000	0.000000
OTU_236_18S_3_200	OTU_1397_18S_3_200	1	ENV_Salinity	0.437083	3.138514	2.701430	nan	3.000000	1.000000	0	0	1	1.000000	0.000000	0.000000
OTU_231_18S_3_200	OTU_1329_18S_3_200	1	ENV_Salinity	0.502499	0.148325	-0.354174	0.000999	3.000000	1.000000	0	0	1	1.000000	0.000000	0.000000
OTU_1355_18S_3_200	OTU_1329_18S_3_200	1	ENV_Salinity	0.569034	0.134120	-0.434914	0.000999	3.000000	1.000000	0	0	1	1.000000	0.000000	0.000000
OTU_413_18S_3_200	OTU_1346_18S_3_200	1	ENV_Salinity	0.792738	2.278221	1.485484	nan	3.000000	1.000000	0	0	1	1.000000	0.000000	0.000000
OTU_467_18S_3_200	OTU_1346_18S_3_200	1	ENV_Salinity	0.674115	-0.069749	-0.743864	0.818182	3.000000	1.000000	0	0	1	1.000000	0.000000	0.000000
ASV_824_16S_022_3	OTU_1406_18S_3_200	1	ENV_Salinity	0.543650	0.158611	-0.385039	0.819181	3.000000	1.000000	0	0	1	1.000000	0.000000	0.000000
ASV_1541_16S_022_3	OTU_1485_18S_3_200	1	ENV_Salinity	0.414059	0.000000	-0.414059	0.454545	3.000000	1.000000	0	0	1	1.000000	0.000000	0.000000
OTU_2539_18S_022_3	OTU_1485_18S_3_200	1	ENV_Salinity	0.414059	0.000000	-0.414059	0.454545	3.000000	1.000000	0	0	1	1.000000	0.000000	0.000000
OTU_260_18S_3_200	OTU_1485_18S_3_200	1	ENV_Salinity	0.577294	0.158093	-0.419201	0.000999	3.000000	1.000000	0	0	1	1.000000	0.000000	0.000000
OTU_910_18S_3_200	OTU_1485_18S_3_200	1	ENV_Salinity	0.325105	0.021284	-0.303820	0.000999	3.000000	1.000000	0	0	1	1.000000	0.000000	0.000000
OTU_807_18S_022_3	OTU_1222_18S_3_200	1	ENV_Salinity	0.324443	-0.028225	-0.352668	0.727273	3.000000	1.000000	0	0	1	1.000000	0.000000	0.000000
OTU_1283_18S_022_3	OTU_1222_18S_3_200	1	ENV_Salinity	0.456115	3.025382	2.569267	nan	3.000000	1.000000	0	0	1	1.000000	0.000000	0.000000
ASV_1481_16S_022_3	OTU_1394_18S_3_200	1	ENV_Salinity	0.599096	0.000000	-0.599096	0.363636	3.000000	1.000000	0	0	1	1.000000	0.000000	0.000000
OTU_817_18S_022_3	OTU_1394_18S_3_200	1	ENV_Salinity	0.599096	-0.112835	-0.711932	0.636364	3.000000	1.000000	0	0	1	1.000000	0.000000	0.000000
OTU_1902_18S_022_3	OTU_1394_18S_3_200	1	ENV_Salinity	0.435861	0.000000	-0.435861	0.545455	3.000000	1.000000	0	0	1	1.000000	0.000000	0.000000
ASV_91_16S_022_3	OTU_1363_18S_3_200	1	ENV_Salinity	0.612638	0.033789	-0.578849	0.091908	3.000000	1.000000	0	0	1	1.000000	0.000000	0.000000
OTU_1756_18S_022_3	OTU_1511_18S_3_200	1	ENV_Salinity	0.497730	0.033789	-0.463941	0.091908	3.000000	1.000000	0	0	1	1.000000	0.000000	0.000000
OTU_683_18S_3_200	OTU_1511_18S_3_200	1	ENV_Salinity	0.356297	0.083954	-0.272342	0.000999	3.000000	1.000000	0	0	1	1.000000	0.000000	0.000000
OTU_1417_18S_3_200	OTU_1511_18S_3_200	1	ENV_Salinity	0.356297	0.083954	-0.272342	0.000999	3.000000	1.000000	0	0	1	1.000000	0.000000	0.000000
OTU_2135_18S_022_3	OTU_1514_18S_3_200	1	ENV_Salinity	0.416375	0.009298	-0.407077	0.000999	3.000000	1.000000	0	0	1	1.000000	0.000000	0.000000
OTU_17_18S_3_200	OTU_1509_18S_3_200	1	ENV_Salinity	0.362586	0.055073	-0.307513	0.546454	3.000000	1.000000	0	0	1	1.000000	0.000000	0.000000
OTU_800_18S_3_200	OTU_1509_18S_3_200	1	ENV_Salinity	0.639751	0.146107	-0.493644	0.364635	3.000000	1.000000	0	0	1	1.000000	0.000000	0.000000
OTU_767_18S_3_200	OTU_1509_18S_3_200	1	ENV_Salinity	0.894850	0.045776	-0.849074	0.273726	3.000000	1.000000	0	0	1	1.000000	0.000000	0.000000
OTU_1148_18S_3_200	OTU_1509_18S_3_200	1	ENV_Salinity	0.882074	0.179895	-0.702179	0.455544	3.000000	1.000000	0	0	1	1.000000	0.000000	0.000000
ASV_644_16S_022_3	OTU_1365_18S_3_200	1	ENV_Salinity	0.497730	0.079047	-0.418683	0.546454	3.000000	1.000000	0	0	1	1.000000	0.000000	0.000000
ASV_1697_16S_022_3	OTU_1365_18S_3_200	1	ENV_Salinity	0.483572	0.000000	-0.483572	0.727273	3.000000	1.000000	0	0	1	1.000000	0.000000	0.000000
OTU_1398_18S_3_200	OTU_1365_18S_3_200	1	ENV_Salinity	0.356297	0.000000	-0.356297	0.545455	3.000000	1.000000	0	0	1	1.000000	0.000000	0.000000
OTU_1557_18S_022_3	OTU_1274_18S_3_200	1	ENV_Salinity	0.577294	0.033789	-0.543505	0.546454	3.000000	1.000000	0	0	1	1.000000	0.000000	0.000000
OTU_1767_18S_022_3	OTU_1274_18S_3_200	1	ENV_Salinity	0.599096	0.033789	-0.565307	0.546454	3.000000	1.000000	0	0	1	1.000000	0.000000	0.000000
ASV_1481_16S_022_3	OTU_1405_18S_3_200	1	ENV_Salinity	0.541334	0.095941	-0.445393	0.000999	3.000000	1.000000	0	0	1	1.000000	0.000000	0.000000
OTU_1358_18S_3_200	OTU_1405_18S_3_200	1	ENV_Salinity	0.493623	0.000000	-0.493623	0.636364	3.000000	1.000000	0	0	1	1.000000	0.000000	0.000000
ASV_248_16S_022_3	OTU_1318_18S_3_200	1	ENV_Salinity	0.386974	0.163001	-0.223973	0.000999	3.000000	1.000000	0	0	1	1.000000	0.000000	0.000000
ASV_1645_16S_022_3	OTU_1477_18S_3_200	1	ENV_Salinity	0.682767	0.158093	-0.524674	0.000999	3.000000	1.000000	0	0	1	1.000000	0.000000	0.000000
OTU_2812_18S_022_3	OTU_1477_18S_3_200	1	ENV_Salinity	0.497730	0.000000	-0.497730	0.454545	3.000000	1.000000	0	0	1	1.000000	0.000000	0.000000
OTU_1165_18S_3_200	OTU_1477_18S_3_200	1	ENV_Salinity	0.293251	0.021284	-0.271967	0.000999	3.000000	1.000000	0	0	1	1.000000	0.000000	0.000000
OTU_353_18S_3_200	OTU_1557_18S_3_200	1	ENV_Salinity	0.609092	0.100849	-0.508243	0.637363	3.000000	1.000000	0	0	1	1.000000	0.000000	0.000000
OTU_817_18S_3_200	OTU_1557_18S_3_200	1	ENV_Salinity	0.633778	0.091551	-0.542227	0.546454	3.000000	1.000000	0	0	1	1.000000	0.000000	0.000000
ASV_1244_16S_022_3	OTU_1562_18S_3_200	1	ENV_Salinity	0.356297	0.000000	-0.356297	0.454545	3.000000	1.000000	0	0	1	1.000000	0.000000	0.000000
ASV_1401_16S_022_3	OTU_1391_18S_3_200	1	ENV_Salinity	0.356297	0.000000	-0.356297	0.636364	3.000000	1.000000	0	0	1	1.000000	0.000000	0.000000
OTU_791_18S_3_200	OTU_1391_18S_3_200	1	ENV_Salinity	0.519532	0.000000	-0.519532	0.727273	3.000000	1.000000	0	0	1	1.000000	0.000000	0.000000
OTU_1286_18S_3_200	OTU_1367_18S_3_200	1	ENV_Salinity	0.589045	0.000000	-0.589045	0.545455	3.000000	1.000000	0	0	1	1.000000	0.000000	0.000000
OTU_1245_18S_3_200	OTU_1576_18S_3_200	1	ENV_Salinity	0.445865	0.090982	-0.354884	0.000999	3.000000	1.000000	0	0	1	1.000000	0.000000	0.000000
OTU_1511_18S_3_200	OTU_1627_18S_3_200	1	ENV_Salinity	0.577294	0.270929	-0.306365	0.000999	3.000000	1.000000	0	0	1	1.000000	0.000000	0.000000
ASV_1569_16S_022_3	OTU_1611_18S_3_200	1	ENV_Salinity	0.519532	0.033789	-0.485743	0.637363	3.000000	1.000000	0	0	1	1.000000	0.000000	0.000000
OTU_86_18S_022_3	OTU_1611_18S_3_200	1	ENV_Salinity	0.356297	0.033789	-0.322508	0.637363	3.000000	1.000000	0	0	1	1.000000	0.000000	0.000000
ASV_606_16S_022_3	OTU_1592_18S_3_200	1	ENV_Salinity	0.625005	0.079047	-0.545958	0.000999	3.000000	1.000000	0	0	1	1.000000	0.000000	0.000000
OTU_1195_18S_022_3	OTU_1592_18S_3_200	1	ENV_Salinity	0.612638	-0.069749	-0.682387	0.454545	3.000000	1.000000	0	0	1	1.000000	0.000000	0.000000
ASV_1986_16S_022_3	OTU_1607_18S_3_200	1	ENV_Salinity	0.634440	0.038179	-0.596261	0.000999	3.000000	1.000000	0	0	1	1.000000	0.000000	0.000000
OTU_348_18S_3_200	OTU_1607_18S_3_200	1	ENV_Salinity	0.309006	-0.047874	-0.356880	0.363636	3.000000	1.000000	0	0	1	1.000000	0.000000	0.000000
OTU_1213_18S_022_3	OTU_1646_18S_3_200	1	ENV_Salinity	0.577294	0.000000	-0.577294	0.636364	3.000000	1.000000	0	0	1	1.000000	0.000000	0.000000
OTU_699_18S_3_200	OTU_1646_18S_3_200	1	ENV_Salinity	0.408776	0.000000	-0.408776	0.545455	3.000000	1.000000	0	0	1	1.000000	0.000000	0.000000
ASV_767_16S_022_3	OTU_1577_18S_3_200	1	ENV_Salinity	0.701606	0.133261	-0.568345	0.273726	3.000000	1.000000	0	0	1	1.000000	0.000000	0.000000
OTU_2439_18S_022_3	OTU_1577_18S_3_200	1	ENV_Salinity	0.403391	0.185459	-0.217931	0.910090	3.000000	1.000000	0	0	1	1.000000	0.000000	0.000000
OTU_1347_18S_3_200	OTU_1650_18S_3_200	1	ENV_Salinity	0.406323	0.033789	-0.372535	0.637363	3.000000	1.000000	0	0	1	1.000000	0.000000	0.000000
OTU_641_18S_3_200	OTU_1536_18S_3_200	1	ENV_Salinity	0.612638	0.000000	-0.612638	0.636364	3.000000	1.000000	0	0	1	1.000000	0.000000	0.000000
ASV_1482_16S_022_3	OTU_1219_18S_3_200	1	ENV_Salinity	0.483572	0.000000	-0.483572	0.545455	3.000000	1.000000	0	0	1	1.000000	0.000000	0.000000
ASV_1825_16S_022_3	OTU_1219_18S_3_200	1	ENV_Salinity	0.541334	0.095941	-0.445393	0.000999	3.000000	1.000000	0	0	1	1.000000	0.000000	0.000000
OTU_519_18S_022_3	OTU_1706_18S_3_200	1	ENV_Salinity	0.656858	0.000000	-0.656858	0.636364	3.000000	1.000000	0	0	1	1.000000	0.000000	0.000000
ASV_760_16S_3_200	OTU_1706_18S_3_200	1	ENV_Salinity	0.541334	0.000000	-0.541334	0.363636	3.000000	1.000000	0	0	1	1.000000	0.000000	0.000000
OTU_1609_18S_022_3	OTU_1702_18S_3_200	1	ENV_Salinity	0.356297	0.083954	-0.272342	0.000999	3.000000	1.000000	0	0	1	1.000000	0.000000	0.000000
OTU_653_18S_3_200	OTU_1702_18S_3_200	1	ENV_Salinity	0.439968	0.083954	-0.356013	0.000999	3.000000	1.000000	0	0	1	1.000000	0.000000	0.000000
OTU_146_18S_3_200	OTU_1732_18S_3_200	1	ENV_Salinity	0.567243	0.134120	-0.433123	0.455544	3.000000	1.000000	0	0	1	1.000000	0.000000	0.000000
OTU_1406_18S_3_200	OTU_1732_18S_3_200	1	ENV_Salinity	0.682767	0.112835	-0.569932	0.455544	3.000000	1.000000	0	0	1	1.000000	0.000000	0.000000
OTU_714_18S_022_3	OTU_1721_18S_3_200	1	ENV_Salinity	0.486585	0.163472	-0.323114	0.000999	3.000000	1.000000	0	0	1	1.000000	0.000000	0.000000
OTU_964_18S_022_3	OTU_1721_18S_3_200	1	ENV_Salinity	0.348129	0.137327	-0.210803	0.000999	3.000000	1.000000	0	0	1	1.000000	0.000000	0.000000
OTU_1304_18S_3_200	OTU_1767_18S_3_200	1	ENV_Salinity	0.703476	0.149313	-0.554163	0.273726	3.000000	1.000000	0	0	1	1.000000	0.000000	0.000000
OTU_1358_18S_3_200	OTU_1767_18S_3_200	1	ENV_Salinity	0.437083	0.149313	-0.287770	0.364635	3.000000	1.000000	0	0	1	1.000000	0.000000	0.000000
ASV_2030_16S_022_3	OTU_1778_18S_3_200	1	ENV_Salinity	0.487679	0.000000	-0.487679	0.363636	3.000000	1.000000	0	0	1	1.000000	0.000000	0.000000
ASV_2243_16S_022_3	OTU_1778_18S_3_200	1	ENV_Salinity	0.348561	0.000000	-0.348561	0.636364	3.000000	1.000000	0	0	1	1.000000	0.000000	0.000000
ASV_1076_16S_022_3	OTU_1454_18S_3_200	1	ENV_Salinity	0.728993	-0.027180	-0.756173	0.454545	3.000000	1.000000	0	0	1	1.000000	0.000000	0.000000
ASV_1795_16S_022_3	OTU_1454_18S_3_200	1	ENV_Salinity	0.554875	0.000000	-0.554875	0.454545	3.000000	1.000000	0	0	1	1.000000	0.000000	0.000000
OTU_1172_18S_3_200	OTU_1454_18S_3_200	1	ENV_Salinity	0.582063	0.009298	-0.572765	0.000999	3.000000	1.000000	0	0	1	1.000000	0.000000	0.000000
OTU_1281_18S_3_200	OTU_1728_18S_3_200	1	ENV_Salinity	0.497730	3.388158	2.890428	nan	3.000000	1.000000	0	0	1	1.000000	0.000000	0.000000
OTU_931_18S_022_3	OTU_1798_18S_3_200	1	ENV_Salinity	0.430578	0.033789	-0.396789	0.819181	3.000000	1.000000	0	0	1	1.000000	0.000000	0.000000
OTU_329_18S_3_200	OTU_1798_18S_3_200	1	ENV_Salinity	0.579562	-0.066124	-0.645685	1.000000	3.000000	1.000000	0	0	1	1.000000	0.000000	0.000000
OTU_1111_18S_3_200	OTU_1798_18S_3_200	1	ENV_Salinity	0.511933	0.000000	-0.511933	1.000000	3.000000	1.000000	0	0	1	1.000000	0.000000	0.000000
OTU_497_18S_3_200	OTU_1786_18S_3_200	1	ENV_Salinity	0.483572	0.000000	-0.483572	0.363636	3.000000	1.000000	0	0	1	1.000000	0.000000	0.000000
OTU_899_18S_3_200	OTU_1786_18S_3_200	1	ENV_Salinity	0.401794	0.076358	-0.325437	0.000999	3.000000	1.000000	0	0	1	1.000000	0.000000	0.000000
OTU_866_18S_022_3	OTU_1680_18S_3_200	1	ENV_Salinity	0.483572	0.000000	-0.483572	0.727273	3.000000	1.000000	0	0	1	1.000000	0.000000	0.000000
OTU_16_18S_3_200	OTU_1680_18S_3_200	1	ENV_Salinity	0.553085	0.165219	-0.387865	0.000999	3.000000	1.000000	0	0	1	1.000000	0.000000	0.000000
ASV_874_16S_022_3	OTU_1819_18S_3_200	1	ENV_Salinity	0.416375	0.009298	-0.407077	0.000999	3.000000	1.000000	0	0	1	1.000000	0.000000	0.000000
ASV_962_16S_022_3	OTU_1819_18S_3_200	1	ENV_Salinity	0.577294	0.000000	-0.577294	0.818182	3.000000	1.000000	0	0	1	1.000000	0.000000	0.000000
OTU_304_18S_3_200	OTU_1819_18S_3_200	1	ENV_Salinity	0.322652	0.067060	-0.255592	0.000999	3.000000	1.000000	0	0	1	1.000000	0.000000	0.000000
OTU_232_18S_3_200	OTU_1836_18S_3_200	1	ENV_Salinity	0.296519	0.043086	-0.253432	0.000999	3.000000	1.000000	0	0	1	1.000000	0.000000	0.000000
ASV_174_16S_022_3	OTU_1625_18S_3_200	1	ENV_Salinity	0.708966	0.033789	-0.675177	0.455544	3.000000	1.000000	0	0	1	1.000000	0.000000	0.000000
OTU_329_18S_022_3	OTU_1625_18S_3_200	1	ENV_Salinity	0.571256	0.014205	-0.557051	0.637363	3.000000	1.000000	0	0	1	1.000000	0.000000	0.000000
OTU_902_18S_022_3	OTU_1625_18S_3_200	1	ENV_Salinity	0.554214	-0.066124	-0.620337	0.818182	3.000000	1.000000	0	0	1	1.000000	0.000000	0.000000
OTU_902_18S_3_200	OTU_1625_18S_3_200	1	ENV_Salinity	0.807065	0.225671	-0.581394	0.455544	3.000000	1.000000	0	0	1	1.000000	0.000000	0.000000
OTU_2736_18S_022_3	OTU_1886_18S_3_200	1	ENV_Salinity	0.541334	0.129730	-0.411604	0.000999	3.000000	1.000000	0	0	1	1.000000	0.000000	0.000000
OTU_390_18S_3_200	OTU_1886_18S_3_200	1	ENV_Salinity	0.483572	0.191882	-0.291690	0.000999	3.000000	1.000000	0	0	1	1.000000	0.000000	0.000000
OTU_995_18S_3_200	OTU_1886_18S_3_200	1	ENV_Salinity	0.519532	0.129730	-0.389802	0.000999	3.000000	1.000000	0	0	1	1.000000	0.000000	0.000000
OTU_1627_18S_3_200	OTU_1886_18S_3_200	1	ENV_Salinity	0.356297	0.083954	-0.272342	0.000999	3.000000	1.000000	0	0	1	1.000000	0.000000	0.000000
OTU_2195_18S_022_3	OTU_1906_18S_3_200	1	ENV_Salinity	0.356297	0.000000	-0.356297	0.545455	3.000000	1.000000	0	0	1	1.000000	0.000000	0.000000
ASV_784_16S_3_200	OTU_1887_18S_3_200	1	ENV_Salinity	0.566820	0.714859	0.148040	nan	3.000000	1.000000	0	0	1	1.000000	0.000000	0.000000
OTU_116_18S_3_200	OTU_1887_18S_3_200	1	ENV_Salinity	0.619399	1.838073	1.218674	nan	3.000000	1.000000	0	0	1	1.000000	0.000000	0.000000
OTU_245_18S_3_200	OTU_1887_18S_3_200	1	ENV_Salinity	0.695171	2.218854	1.523684	nan	3.000000	1.000000	0	0	1	1.000000	0.000000	0.000000
ASV_501_16S_022_3	OTU_1917_18S_3_200	1	ENV_Salinity	0.439968	0.124305	-0.315663	0.000999	3.000000	1.000000	0	0	1	1.000000	0.000000	0.000000
OTU_41_18S_022_3	OTU_1917_18S_3_200	1	ENV_Salinity	0.231999	0.165219	-0.066780	0.182817	3.000000	1.000000	0	0	1	1.000000	0.000000	0.000000
OTU_1094_18S_022_3	OTU_1917_18S_3_200	1	ENV_Salinity	0.334495	0.119089	-0.215405	0.637363	3.000000	1.000000	0	0	1	1.000000	0.000000	0.000000
ASV_1201_16S_3_200	OTU_1917_18S_3_200	1	ENV_Salinity	0.414059	0.079047	-0.335012	0.000999	3.000000	1.000000	0	0	1	1.000000	0.000000	0.000000
ASV_98_16S_022_3	OTU_1844_18S_3_200	1	ENV_Salinity	0.703237	0.045776	-0.657462	0.091908	3.000000	1.000000	0	0	1	1.000000	0.000000	0.000000
OTU_168_18S_022_3	OTU_1844_18S_3_200	1	ENV_Salinity	0.519000	0.299810	-0.219190	0.546454	3.000000	1.000000	0	0	1	1.000000	0.000000	0.000000
OTU_213_18S_3_200	OTU_1844_18S_3_200	1	ENV_Salinity	0.748173	0.148325	-0.599848	0.273726	3.000000	1.000000	0	0	1	1.000000	0.000000	0.000000
OTU_268_18S_3_200	OTU_1844_18S_3_200	1	ENV_Salinity	0.897734	0.067060	-0.830674	0.091908	3.000000	1.000000	0	0	1	1.000000	0.000000	0.000000
OTU_419_18S_3_200	OTU_1844_18S_3_200	1	ENV_Salinity	0.835879	0.165017	-0.670863	0.091908	3.000000	1.000000	0	0	1	1.000000	0.000000	0.000000
OTU_902_18S_3_200	OTU_1844_18S_3_200	1	ENV_Salinity	0.805394	0.083954	-0.721440	0.273726	3.000000	1.000000	0	0	1	1.000000	0.000000	0.000000
ASV_1695_16S_022_3	OTU_1934_18S_3_200	1	ENV_Salinity	0.439968	0.000000	-0.439968	0.454545	3.000000	1.000000	0	0	1	1.000000	0.000000	0.000000
OTU_277_18S_3_200	OTU_1934_18S_3_200	1	ENV_Salinity	0.461770	0.100331	-0.361439	0.000999	3.000000	1.000000	0	0	1	1.000000	0.000000	0.000000
OTU_844_18S_022_3	OTU_1884_18S_3_200	1	ENV_Salinity	0.646807	0.112835	-0.533972	0.637363	3.000000	1.000000	0	0	1	1.000000	0.000000	0.000000
OTU_332_18S_3_200	OTU_1884_18S_3_200	1	ENV_Salinity	0.749964	0.179895	-0.570069	0.637363	3.000000	1.000000	0	0	1	1.000000	0.000000	0.000000
ASV_2010_16S_022_3	OTU_1968_18S_3_200	1	ENV_Salinity	0.435861	0.100849	-0.335012	0.000999	3.000000	1.000000	0	0	1	1.000000	0.000000	0.000000
OTU_1294_18S_022_3	OTU_1968_18S_3_200	1	ENV_Salinity	0.356297	0.083954	-0.272342	0.000999	3.000000	1.000000	0	0	1	1.000000	0.000000	0.000000
ASV_1734_16S_022_3	OTU_1898_18S_3_200	1	ENV_Salinity	0.414059	0.000000	-0.414059	0.636364	3.000000	1.000000	0	0	1	1.000000	0.000000	0.000000
OTU_1077_18S_022_3	OTU_1898_18S_3_200	1	ENV_Salinity	0.577294	0.124822	-0.452472	0.455544	3.000000	1.000000	0	0	1	1.000000	0.000000	0.000000
OTU_2876_18S_022_3	OTU_1898_18S_3_200	1	ENV_Salinity	0.541334	0.000000	-0.541334	0.636364	3.000000	1.000000	0	0	1	1.000000	0.000000	0.000000
OTU_2780_18S_022_3	OTU_1898_18S_3_200	1	ENV_Salinity	0.493623	0.000000	-0.493623	0.454545	3.000000	1.000000	0	0	1	1.000000	0.000000	0.000000
OTU_390_18S_3_200	OTU_1898_18S_3_200	1	ENV_Salinity	0.483572	-0.036478	-0.520050	0.636364	3.000000	1.000000	0	0	1	1.000000	0.000000	0.000000
ASV_1190_16S_022_3	OTU_2009_18S_3_200	1	ENV_Salinity	0.713342	0.000000	-0.713342	0.636364	3.000000	1.000000	0	0	1	1.000000	0.000000	0.000000
ASV_2226_16S_022_3	OTU_2017_18S_3_200	1	ENV_Salinity	0.346245	0.000000	-0.346245	0.272727	3.000000	1.000000	0	0	1	1.000000	0.000000	0.000000
OTU_393_18S_3_200	OTU_2017_18S_3_200	1	ENV_Salinity	0.756946	0.165219	-0.591727	0.091908	3.000000	1.000000	0	0	1	1.000000	0.000000	0.000000
ASV_322_16S_022_3	OTU_2035_18S_3_200	1	ENV_Salinity	0.521848	0.000000	-0.521848	0.454545	3.000000	1.000000	0	0	1	1.000000	0.000000	0.000000
ASV_1524_16S_3_200	OTU_2035_18S_3_200	1	ENV_Salinity	0.300850	0.044950	-0.255900	0.637363	3.000000	1.000000	0	0	1	1.000000	0.000000	0.000000
OTU_534_18S_3_200	OTU_2035_18S_3_200	1	ENV_Salinity	0.589045	0.000000	-0.589045	0.272727	3.000000	1.000000	0	0	1	1.000000	0.000000	0.000000
OTU_1906_18S_3_200	OTU_2035_18S_3_200	1	ENV_Salinity	0.519532	0.158093	-0.361439	0.000999	3.000000	1.000000	0	0	1	1.000000	0.000000	0.000000
OTU_413_18S_3_200	OTU_2037_18S_3_200	1	ENV_Salinity	0.462246	0.030582	-0.431664	0.546454	3.000000	1.000000	0	0	1	1.000000	0.000000	0.000000
OTU_477_18S_3_200	OTU_2037_18S_3_200	1	ENV_Salinity	0.416375	0.283433	-0.132942	0.637363	3.000000	1.000000	0	0	1	1.000000	0.000000	0.000000
OTU_1023_18S_3_200	OTU_2037_18S_3_200	1	ENV_Salinity	0.646807	0.174988	-0.471819	0.364635	3.000000	1.000000	0	0	1	1.000000	0.000000	0.000000
OTU_1463_18S_3_200	OTU_2037_18S_3_200	1	ENV_Salinity	0.542557	0.149313	-0.393243	0.364635	3.000000	1.000000	0	0	1	1.000000	0.000000	0.000000
OTU_1649_18S_3_200	OTU_2041_18S_3_200	1	ENV_Salinity	0.416375	0.033789	-0.382586	0.182817	3.000000	1.000000	0	0	1	1.000000	0.000000	0.000000
ASV_1481_16S_022_3	OTU_1967_18S_3_200	1	ENV_Salinity	0.645714	0.024159	-0.621555	0.182817	3.000000	1.000000	0	0	1	1.000000	0.000000	0.000000
OTU_422_18S_3_200	OTU_1967_18S_3_200	1	ENV_Salinity	0.652696	0.158611	-0.494085	0.364635	3.000000	1.000000	0	0	1	1.000000	0.000000	0.000000
OTU_477_18S_3_200	OTU_1967_18S_3_200	1	ENV_Salinity	0.437083	3.515199	3.078115	nan	3.000000	1.000000	0	0	1	1.000000	0.000000	0.000000
OTU_1898_18S_3_200	OTU_2033_18S_3_200	1	ENV_Salinity	0.414059	0.000000	-0.414059	0.636364	3.000000	1.000000	0	0	1	1.000000	0.000000	0.000000
OTU_610_18S_3_200	OTU_2054_18S_3_200	1	ENV_Salinity	0.599096	0.095941	-0.503155	0.000999	3.000000	1.000000	0	0	1	1.000000	0.000000	0.000000
ASV_161_16S_022_3	OTU_1924_18S_3_200	1	ENV_Salinity	0.548450	0.141182	-0.407268	0.000999	3.000000	1.000000	0	0	1	1.000000	0.000000	0.000000
OTU_232_18S_3_200	OTU_1924_18S_3_200	1	ENV_Salinity	0.648598	0.234451	-0.414147	0.000999	3.000000	1.000000	0	0	1	1.000000	0.000000	0.000000
OTU_734_18S_3_200	OTU_1924_18S_3_200	1	ENV_Salinity	0.747632	0.097642	-0.649990	0.000999	3.000000	1.000000	0	0	1	1.000000	0.000000	0.000000
OTU_937_18S_3_200	OTU_1924_18S_3_200	1	ENV_Salinity	0.539767	0.062737	-0.477030	0.273726	3.000000	1.000000	0	0	1	1.000000	0.000000	0.000000
OTU_558_18S_3_200	OTU_2069_18S_3_200	1	ENV_Salinity	0.704569	0.000000	-0.704569	0.454545	3.000000	1.000000	0	0	1	1.000000	0.000000	0.000000
OTU_726_18S_3_200	OTU_2069_18S_3_200	1	ENV_Salinity	0.682767	0.000000	-0.682767	0.454545	3.000000	1.000000	0	0	1	1.000000	0.000000	0.000000
OTU_1106_18S_3_200	OTU_2069_18S_3_200	1	ENV_Salinity	0.541334	0.000000	-0.541334	0.454545	3.000000	1.000000	0	0	1	1.000000	0.000000	0.000000
ASV_491_16S_3_200	OTU_1970_18S_3_200	1	ENV_Salinity	0.886629	0.033789	-0.852840	0.091908	3.000000	1.000000	0	0	1	1.000000	0.000000	0.000000
OTU_1337_18S_3_200	OTU_1970_18S_3_200	1	ENV_Salinity	0.439968	0.067060	-0.372908	0.000999	3.000000	1.000000	0	0	1	1.000000	0.000000	0.000000
OTU_1390_18S_3_200	OTU_1970_18S_3_200	1	ENV_Salinity	0.691540	0.207076	-0.484465	0.000999	3.000000	1.000000	0	0	1	1.000000	0.000000	0.000000
OTU_868_18S_022_3	OTU_2005_18S_3_200	1	ENV_Salinity	0.626796	0.191882	-0.434914	0.000999	3.000000	1.000000	0	0	1	1.000000	0.000000	0.000000
OTU_391_18S_3_200	OTU_2005_18S_3_200	1	ENV_Salinity	0.603203	0.112835	-0.490368	0.000999	3.000000	1.000000	0	0	1	1.000000	0.000000	0.000000
OTU_1263_18S_3_200	OTU_2005_18S_3_200	1	ENV_Salinity	0.626796	0.033789	-0.593007	0.182817	3.000000	1.000000	0	0	1	1.000000	0.000000	0.000000
ASV_1193_16S_3_200	OTU_2058_18S_3_200	1	ENV_Salinity	0.338601	0.033789	-0.304813	0.455544	3.000000	1.000000	0	0	1	1.000000	0.000000	0.000000
OTU_40_18S_3_200	OTU_2058_18S_3_200	1	ENV_Salinity	0.424142	2.005196	1.581054	nan	3.000000	1.000000	0	0	1	1.000000	0.000000	0.000000
OTU_1562_18S_3_200	OTU_2058_18S_3_200	1	ENV_Salinity	0.280839	-0.090615	-0.371454	0.454545	3.000000	1.000000	0	0	1	1.000000	0.000000	0.000000
ASV_229_16S_3_200	OTU_2031_18S_3_200	1	ENV_Salinity	0.420816	0.000000	-0.420816	0.363636	3.000000	1.000000	0	0	1	1.000000	0.000000	0.000000
OTU_109_18S_3_200	OTU_2031_18S_3_200	1	ENV_Salinity	0.597818	0.033789	-0.564029	0.273726	3.000000	1.000000	0	0	1	1.000000	0.000000	0.000000
OTU_196_18S_3_200	OTU_2031_18S_3_200	1	ENV_Salinity	0.426202	0.071968	-0.354234	0.000999	3.000000	1.000000	0	0	1	1.000000	0.000000	0.000000
ASV_456_16S_022_3	OTU_2155_18S_3_200	1	ENV_Salinity	0.439968	-0.112835	-0.552803	0.818182	3.000000	1.000000	0	0	1	1.000000	0.000000	0.000000
ASV_1036_16S_022_3	OTU_2155_18S_3_200	1	ENV_Salinity	0.439968	0.000000	-0.439968	0.818182	3.000000	1.000000	0	0	1	1.000000	0.000000	0.000000
ASV_1521_16S_022_3	OTU_2155_18S_3_200	1	ENV_Salinity	0.519532	0.000000	-0.519532	0.818182	3.000000	1.000000	0	0	1	1.000000	0.000000	0.000000
ASV_2371_16S_022_3	OTU_2155_18S_3_200	1	ENV_Salinity	0.483572	0.000000	-0.483572	0.727273	3.000000	1.000000	0	0	1	1.000000	0.000000	0.000000
OTU_910_18S_022_3	OTU_2155_18S_3_200	1	ENV_Salinity	0.334495	-0.118051	-0.452545	0.818182	3.000000	1.000000	0	0	1	1.000000	0.000000	0.000000
OTU_303_18S_3_200	OTU_2094_18S_3_200	1	ENV_Salinity	0.710075	0.071968	-0.638107	0.455544	3.000000	1.000000	0	0	1	1.000000	0.000000	0.000000
OTU_1027_18S_3_200	OTU_2094_18S_3_200	1	ENV_Salinity	0.491971	-0.020229	-0.512200	0.363636	3.000000	1.000000	0	0	1	1.000000	0.000000	0.000000
OTU_1252_18S_3_200	OTU_2094_18S_3_200	1	ENV_Salinity	0.633778	3.020873	2.387095	nan	3.000000	1.000000	0	0	1	1.000000	0.000000	0.000000
ASV_910_16S_022_3	OTU_2181_18S_3_200	1	ENV_Salinity	0.521033	0.033789	-0.487245	0.182817	3.000000	1.000000	0	0	1	1.000000	0.000000	0.000000
OTU_577_18S_3_200	OTU_2181_18S_3_200	1	ENV_Salinity	0.825599	0.112835	-0.712764	0.182817	3.000000	1.000000	0	0	1	1.000000	0.000000	0.000000
OTU_871_18S_3_200	OTU_2105_18S_3_200	1	ENV_Salinity	0.593635	1.496022	0.902386	nan	3.000000	1.000000	0	0	1	1.000000	0.000000	0.000000
OTU_1899_18S_022_3	OTU_2088_18S_3_200	1	ENV_Salinity	0.594103	0.134120	-0.459983	0.000999	3.000000	1.000000	0	0	1	1.000000	0.000000	0.000000
OTU_1034_18S_3_200	OTU_2088_18S_3_200	1	ENV_Salinity	0.673006	0.000000	-0.673006	0.272727	3.000000	1.000000	0	0	1	1.000000	0.000000	0.000000
OTU_1226_18S_3_200	OTU_2088_18S_3_200	1	ENV_Salinity	0.519532	0.000000	-0.519532	0.272727	3.000000	1.000000	0	0	1	1.000000	0.000000	0.000000
OTU_2234_18S_022_3	OTU_2203_18S_3_200	1	ENV_Salinity	0.356297	0.050166	-0.306131	0.000999	3.000000	1.000000	0	0	1	1.000000	0.000000	0.000000
OTU_923_18S_3_200	OTU_2203_18S_3_200	1	ENV_Salinity	0.483572	0.038179	-0.445393	0.000999	3.000000	1.000000	0	0	1	1.000000	0.000000	0.000000
OTU_167_18S_022_3	OTU_2253_18S_3_200	1	ENV_Salinity	0.357519	0.000000	-0.357519	0.636364	3.000000	1.000000	0	0	1	1.000000	0.000000	0.000000
OTU_760_18S_022_3	OTU_2253_18S_3_200	1	ENV_Salinity	0.437083	0.115525	-0.321559	0.000999	3.000000	1.000000	0	0	1	1.000000	0.000000	0.000000
ASV_1071_16S_3_200	OTU_2253_18S_3_200	1	ENV_Salinity	0.437083	0.173287	-0.263797	0.000999	3.000000	1.000000	0	0	1	1.000000	0.000000	0.000000
OTU_886_18S_3_200	OTU_2253_18S_3_200	1	ENV_Salinity	0.437083	0.115525	-0.321559	0.000999	3.000000	1.000000	0	0	1	1.000000	0.000000	0.000000
OTU_866_18S_022_3	OTU_2133_18S_3_200	1	ENV_Salinity	0.483572	0.000000	-0.483572	0.818182	3.000000	1.000000	0	0	1	1.000000	0.000000	0.000000
OTU_613_18S_3_200	OTU_2133_18S_3_200	1	ENV_Salinity	0.833243	0.033789	-0.799454	0.273726	3.000000	1.000000	0	0	1	1.000000	0.000000	0.000000
OTU_467_18S_3_200	OTU_2297_18S_3_200	1	ENV_Salinity	0.710075	0.033789	-0.676286	0.273726	3.000000	1.000000	0	0	1	1.000000	0.000000	0.000000
OTU_1104_18S_3_200	OTU_2297_18S_3_200	1	ENV_Salinity	0.626796	0.158093	-0.468703	0.364635	3.000000	1.000000	0	0	1	1.000000	0.000000	0.000000
OTU_1291_18S_3_200	OTU_2297_18S_3_200	1	ENV_Salinity	0.746035	0.158093	-0.587942	0.273726	3.000000	1.000000	0	0	1	1.000000	0.000000	0.000000
OTU_1414_18S_3_200	OTU_2297_18S_3_200	1	ENV_Salinity	0.617735	0.033271	-0.584463	0.182817	3.000000	1.000000	0	0	1	1.000000	0.000000	0.000000
OTU_519_18S_022_3	OTU_2179_18S_3_200	1	ENV_Salinity	0.519532	0.079047	-0.440485	0.000999	3.000000	1.000000	0	0	1	1.000000	0.000000	0.000000
OTU_191_18S_3_200	OTU_2179_18S_3_200	1	ENV_Salinity	0.660965	0.079047	-0.581919	0.000999	3.000000	1.000000	0	0	1	1.000000	0.000000	0.000000
ASV_595_16S_022_3	OTU_2308_18S_3_200	1	ENV_Salinity	0.461770	0.000000	-0.461770	0.545455	3.000000	1.000000	0	0	1	1.000000	0.000000	0.000000
OTU_1111_18S_022_3	OTU_2308_18S_3_200	1	ENV_Salinity	0.541334	0.000000	-0.541334	0.454545	3.000000	1.000000	0	0	1	1.000000	0.000000	0.000000
OTU_322_18S_3_200	OTU_2308_18S_3_200	1	ENV_Salinity	0.577294	0.000000	-0.577294	0.454545	3.000000	1.000000	0	0	1	1.000000	0.000000	0.000000
ASV_1258_16S_022_3	OTU_2322_18S_3_200	1	ENV_Salinity	0.545441	0.033789	-0.511652	0.455544	3.000000	1.000000	0	0	1	1.000000	0.000000	0.000000
OTU_887_18S_022_3	OTU_2322_18S_3_200	1	ENV_Salinity	0.547893	0.033789	-0.514104	0.637363	3.000000	1.000000	0	0	1	1.000000	0.000000	0.000000
OTU_861_18S_022_3	OTU_2333_18S_3_200	1	ENV_Salinity	0.300850	0.000000	-0.300850	0.545455	3.000000	1.000000	0	0	1	1.000000	0.000000	0.000000
OTU_198_18S_3_200	OTU_2333_18S_3_200	1	ENV_Salinity	0.406323	0.000000	-0.406323	0.545455	3.000000	1.000000	0	0	1	1.000000	0.000000	0.000000
ASV_386_16S_022_3	OTU_2344_18S_3_200	1	ENV_Salinity	0.469413	3.087819	2.618405	nan	3.000000	1.000000	0	0	1	1.000000	0.000000	0.000000
ASV_637_16S_022_3	OTU_2344_18S_3_200	1	ENV_Salinity	0.356297	3.909774	3.553477	nan	3.000000	1.000000	0	0	1	1.000000	0.000000	0.000000
OTU_391_18S_3_200	OTU_2344_18S_3_200	1	ENV_Salinity	0.599096	0.158611	-0.440485	0.000999	3.000000	1.000000	0	0	1	1.000000	0.000000	0.000000
OTU_866_18S_3_200	OTU_2344_18S_3_200	1	ENV_Salinity	0.599096	0.158611	-0.440485	0.000999	3.000000	1.000000	0	0	1	1.000000	0.000000	0.000000
OTU_2399_18S_022_3	OTU_2047_18S_3_200	1	ENV_Salinity	0.541334	0.033789	-0.507545	0.637363	3.000000	1.000000	0	0	1	1.000000	0.000000	0.000000
OTU_430_18S_3_200	OTU_2047_18S_3_200	1	ENV_Salinity	0.567243	0.100849	-0.466394	0.455544	3.000000	1.000000	0	0	1	1.000000	0.000000	0.000000
ASV_601_16S_022_3	OTU_2309_18S_3_200	1	ENV_Salinity	0.435861	0.158611	-0.277250	0.000999	3.000000	1.000000	0	0	1	1.000000	0.000000	0.000000
OTU_1296_18S_3_200	OTU_2309_18S_3_200	1	ENV_Salinity	0.519532	0.158611	-0.360921	0.000999	3.000000	1.000000	0	0	1	1.000000	0.000000	0.000000
OTU_1408_18S_3_200	OTU_2309_18S_3_200	1	ENV_Salinity	0.519532	0.112835	-0.406697	0.000999	3.000000	1.000000	0	0	1	1.000000	0.000000	0.000000
OTU_1318_18S_3_200	OTU_2309_18S_3_200	1	ENV_Salinity	0.416375	0.033789	-0.382586	0.000999	3.000000	1.000000	0	0	1	1.000000	0.000000	0.000000
ASV_725_16S_022_3	OTU_2376_18S_3_200	1	ENV_Salinity	0.670400	0.033789	-0.636611	0.273726	3.000000	1.000000	0	0	1	1.000000	0.000000	0.000000
OTU_1284_18S_022_3	OTU_2376_18S_3_200	1	ENV_Salinity	0.609753	-0.076172	-0.685925	1.000000	3.000000	1.000000	0	0	1	1.000000	0.000000	0.000000
OTU_985_18S_3_200	OTU_2376_18S_3_200	1	ENV_Salinity	0.567243	0.134120	-0.433123	0.455544	3.000000	1.000000	0	0	1	1.000000	0.000000	0.000000
OTU_1219_18S_3_200	OTU_1948_18S_3_200	1	ENV_Salinity	0.435861	0.095941	-0.339920	0.000999	3.000000	1.000000	0	0	1	1.000000	0.000000	0.000000
OTU_1680_18S_3_200	OTU_1948_18S_3_200	1	ENV_Salinity	0.425809	0.067060	-0.358749	0.000999	3.000000	1.000000	0	0	1	1.000000	0.000000	0.000000
OTU_1782_18S_022_3	OTU_2305_18S_3_200	1	ENV_Salinity	0.428125	0.179895	-0.248230	0.364635	3.000000	1.000000	0	0	1	1.000000	0.000000	0.000000
OTU_1650_18S_3_200	OTU_2305_18S_3_200	1	ENV_Salinity	0.543650	0.100849	-0.442801	0.455544	3.000000	1.000000	0	0	1	1.000000	0.000000	0.000000
ASV_1795_16S_022_3	OTU_2398_18S_3_200	1	ENV_Salinity	0.492737	0.000000	-0.492737	0.272727	3.000000	1.000000	0	0	1	1.000000	0.000000	0.000000
OTU_505_18S_3_200	OTU_2398_18S_3_200	1	ENV_Salinity	0.691540	0.100331	-0.591209	0.000999	3.000000	1.000000	0	0	1	1.000000	0.000000	0.000000
OTU_1536_18S_3_200	OTU_2398_18S_3_200	1	ENV_Salinity	0.615243	0.038179	-0.577065	0.000999	3.000000	1.000000	0	0	1	1.000000	0.000000	0.000000
OTU_1454_18S_3_200	OTU_2120_18S_3_200	1	ENV_Salinity	0.582063	0.076358	-0.505705	0.000999	3.000000	1.000000	0	0	1	1.000000	0.000000	0.000000
OTU_205_18S_3_200	OTU_2459_18S_3_200	1	ENV_Salinity	0.645714	-0.003207	-0.648920	0.454545	3.000000	1.000000	0	0	1	1.000000	0.000000	0.000000
OTU_881_18S_3_200	OTU_2459_18S_3_200	1	ENV_Salinity	0.670400	0.100331	-0.570069	0.000999	3.000000	1.000000	0	0	1	1.000000	0.000000	0.000000
OTU_1417_18S_3_200	OTU_2466_18S_3_200	1	ENV_Salinity	0.656858	0.033789	-0.623070	0.000999	3.000000	1.000000	0	0	1	1.000000	0.000000	0.000000
ASV_2009_16S_022_3	OTU_2095_18S_3_200	1	ENV_Salinity	0.358613	0.033789	-0.324824	0.637363	3.000000	1.000000	0	0	1	1.000000	0.000000	0.000000
OTU_2399_18S_022_3	OTU_2095_18S_3_200	1	ENV_Salinity	0.435861	0.033789	-0.402072	0.637363	3.000000	1.000000	0	0	1	1.000000	0.000000	0.000000
OTU_2047_18S_3_200	OTU_2095_18S_3_200	1	ENV_Salinity	0.541334	0.033789	-0.507545	0.455544	3.000000	1.000000	0	0	1	1.000000	0.000000	0.000000
OTU_1329_18S_3_200	OTU_2394_18S_3_200	1	ENV_Salinity	0.480697	0.083954	-0.396742	0.091908	3.000000	1.000000	0	0	1	1.000000	0.000000	0.000000
ASV_905_16S_3_200	OTU_2403_18S_3_200	1	ENV_Salinity	0.541334	0.000000	-0.541334	0.636364	3.000000	1.000000	0	0	1	1.000000	0.000000	0.000000
OTU_497_18S_3_200	OTU_2403_18S_3_200	1	ENV_Salinity	0.435861	0.000000	-0.435861	0.636364	3.000000	1.000000	0	0	1	1.000000	0.000000	0.000000
OTU_325_18S_3_200	OTU_2399_18S_3_200	1	ENV_Salinity	0.691540	0.033789	-0.657752	0.273726	3.000000	1.000000	0	0	1	1.000000	0.000000	0.000000
OTU_430_18S_3_200	OTU_2399_18S_3_200	1	ENV_Salinity	0.648598	0.100849	-0.547749	0.273726	3.000000	1.000000	0	0	1	1.000000	0.000000	0.000000
OTU_711_18S_022_3	OTU_2420_18S_3_200	1	ENV_Salinity	0.464086	0.050166	-0.413920	0.000999	3.000000	1.000000	0	0	1	1.000000	0.000000	0.000000
OTU_2195_18S_022_3	OTU_2420_18S_3_200	1	ENV_Salinity	0.541334	0.000000	-0.541334	0.454545	3.000000	1.000000	0	0	1	1.000000	0.000000	0.000000
OTU_989_18S_3_200	OTU_2429_18S_3_200	1	ENV_Salinity	0.577294	0.079047	-0.498248	0.000999	3.000000	1.000000	0	0	1	1.000000	0.000000	0.000000
ASV_415_16S_022_3	OTU_2489_18S_3_200	1	ENV_Salinity	0.451718	0.033789	-0.417929	0.182817	3.000000	1.000000	0	0	1	1.000000	0.000000	0.000000
ASV_606_16S_022_3	OTU_2489_18S_3_200	1	ENV_Salinity	0.464086	0.000000	-0.464086	0.454545	3.000000	1.000000	0	0	1	1.000000	0.000000	0.000000
ASV_1108_16S_022_3	OTU_2489_18S_3_200	1	ENV_Salinity	0.682767	0.033789	-0.648979	0.273726	3.000000	1.000000	0	0	1	1.000000	0.000000	0.000000
OTU_2376_18S_3_200	OTU_2489_18S_3_200	1	ENV_Salinity	0.589045	0.033789	-0.555256	0.273726	3.000000	1.000000	0	0	1	1.000000	0.000000	0.000000
OTU_2305_18S_3_200	OTU_2489_18S_3_200	1	ENV_Salinity	0.704569	0.033789	-0.670781	0.273726	3.000000	1.000000	0	0	1	1.000000	0.000000	0.000000
OTU_1756_18S_022_3	OTU_2496_18S_3_200	1	ENV_Salinity	0.439968	0.033789	-0.406179	0.091908	3.000000	1.000000	0	0	1	1.000000	0.000000	0.000000
ASV_491_16S_3_200	OTU_2496_18S_3_200	1	ENV_Salinity	0.670400	0.158611	-0.511789	0.091908	3.000000	1.000000	0	0	1	1.000000	0.000000	0.000000
OTU_1970_18S_3_200	OTU_2496_18S_3_200	1	ENV_Salinity	0.706360	0.083954	-0.622406	0.000999	3.000000	1.000000	0	0	1	1.000000	0.000000	0.000000
OTU_568_18S_022_3	OTU_1926_18S_3_200	1	ENV_Salinity	0.710075	0.038179	-0.671896	0.273726	3.000000	1.000000	0	0	1	1.000000	0.000000	0.000000
OTU_671_18S_022_3	OTU_1926_18S_3_200	1	ENV_Salinity	0.625378	0.094307	-0.531072	0.455544	3.000000	1.000000	0	0	1	1.000000	0.000000	0.000000
OTU_2005_18S_3_200	OTU_1926_18S_3_200	1	ENV_Salinity	0.691540	0.055073	-0.636467	0.091908	3.000000	1.000000	0	0	1	1.000000	0.000000	0.000000
OTU_136_18S_3_200	OTU_2515_18S_3_200	1	ENV_Salinity	0.689869	0.170598	-0.519272	0.273726	3.000000	1.000000	0	0	1	1.000000	0.000000	0.000000
OTU_1789_18S_022_3	OTU_2449_18S_3_200	1	ENV_Salinity	0.577294	0.033789	-0.543505	0.455544	3.000000	1.000000	0	0	1	1.000000	0.000000	0.000000
OTU_1649_18S_3_200	OTU_2449_18S_3_200	1	ENV_Salinity	0.519532	0.158611	-0.360921	0.364635	3.000000	1.000000	0	0	1	1.000000	0.000000	0.000000
OTU_1210_18S_022_3	OTU_2295_18S_3_200	1	ENV_Salinity	0.569695	0.033789	-0.535906	0.182817	3.000000	1.000000	0	0	1	1.000000	0.000000	0.000000
OTU_995_18S_3_200	OTU_2295_18S_3_200	1	ENV_Salinity	0.660965	0.033789	-0.627177	0.091908	3.000000	1.000000	0	0	1	1.000000	0.000000	0.000000
OTU_1290_18S_3_200	OTU_2295_18S_3_200	1	ENV_Salinity	0.612638	0.100849	-0.511789	0.091908	3.000000	1.000000	0	0	1	1.000000	0.000000	0.000000
ASV_1851_16S_022_3	OTU_2532_18S_3_200	1	ENV_Salinity	0.545441	0.079047	-0.466394	0.000999	3.000000	1.000000	0	0	1	1.000000	0.000000	0.000000
OTU_191_18S_3_200	OTU_2532_18S_3_200	1	ENV_Salinity	0.603203	0.000000	-0.603203	0.454545	3.000000	1.000000	0	0	1	1.000000	0.000000	0.000000
OTU_493_18S_3_200	OTU_2532_18S_3_200	1	ENV_Salinity	0.566149	0.057762	-0.508387	0.000999	3.000000	1.000000	0	0	1	1.000000	0.000000	0.000000
OTU_558_18S_3_200	OTU_2532_18S_3_200	1	ENV_Salinity	0.728162	0.000000	-0.728162	0.454545	3.000000	1.000000	0	0	1	1.000000	0.000000	0.000000
OTU_1281_18S_3_200	OTU_2532_18S_3_200	1	ENV_Salinity	0.626796	-0.014020	-0.640816	0.454545	3.000000	1.000000	0	0	1	1.000000	0.000000	0.000000
OTU_1940_18S_3_200	OTU_2532_18S_3_200	1	ENV_Salinity	0.625005	0.000000	-0.625005	0.454545	3.000000	1.000000	0	0	1	1.000000	0.000000	0.000000
OTU_2420_18S_022_3	OTU_2456_18S_3_200	1	ENV_Salinity	0.519532	0.079047	-0.440485	0.000999	3.000000	1.000000	0	0	1	1.000000	0.000000	0.000000
OTU_2958_18S_022_3	OTU_2456_18S_3_200	1	ENV_Salinity	0.276732	0.033271	-0.243461	0.000999	3.000000	1.000000	0	0	1	1.000000	0.000000	0.000000
OTU_995_18S_3_200	OTU_2456_18S_3_200	1	ENV_Salinity	0.439968	0.079047	-0.360921	0.000999	3.000000	1.000000	0	0	1	1.000000	0.000000	0.000000
OTU_362_18S_3_200	OTU_2418_18S_3_200	1	ENV_Salinity	0.646807	-0.081736	-0.728543	0.636364	3.000000	1.000000	0	0	1	1.000000	0.000000	0.000000
OTU_655_18S_3_200	OTU_2418_18S_3_200	1	ENV_Salinity	0.567243	0.134120	-0.433123	0.000999	3.000000	1.000000	0	0	1	1.000000	0.000000	0.000000
OTU_671_18S_3_200	OTU_2418_18S_3_200	1	ENV_Salinity	0.625005	0.095941	-0.529064	0.455544	3.000000	1.000000	0	0	1	1.000000	0.000000	0.000000
OTU_768_18S_3_200	OTU_2418_18S_3_200	1	ENV_Salinity	0.660965	0.158093	-0.502872	0.000999	3.000000	1.000000	0	0	1	1.000000	0.000000	0.000000
OTU_1296_18S_3_200	OTU_2418_18S_3_200	1	ENV_Salinity	0.603203	0.112835	-0.490368	0.000999	3.000000	1.000000	0	0	1	1.000000	0.000000	0.000000
OTU_1363_18S_3_200	OTU_2418_18S_3_200	1	ENV_Salinity	0.682767	0.033789	-0.648979	0.000999	3.000000	1.000000	0	0	1	1.000000	0.000000	0.000000
OTU_1774_18S_3_200	OTU_2512_18S_3_200	1	ENV_Salinity	0.356297	0.050166	-0.306131	0.000999	3.000000	1.000000	0	0	1	1.000000	0.000000	0.000000
OTU_1646_18S_3_200	OTU_2603_18S_3_200	1	ENV_Salinity	0.462992	-0.106873	-0.569865	0.636364	3.000000	1.000000	0	0	1	1.000000	0.000000	0.000000
OTU_519_18S_022_3	OTU_2433_18S_3_200	1	ENV_Salinity	0.599096	0.000000	-0.599096	0.636364	3.000000	1.000000	0	0	1	1.000000	0.000000	0.000000
OTU_1394_18S_3_200	OTU_2433_18S_3_200	1	ENV_Salinity	0.493623	0.000000	-0.493623	0.636364	3.000000	1.000000	0	0	1	1.000000	0.000000	0.000000
OTU_1391_18S_3_200	OTU_2433_18S_3_200	1	ENV_Salinity	0.356297	0.079047	-0.277250	0.000999	3.000000	1.000000	0	0	1	1.000000	0.000000	0.000000
ASV_1143_16S_022_3	OTU_2631_18S_3_200	1	ENV_Salinity	0.740530	0.000000	-0.740530	0.454545	3.000000	1.000000	0	0	1	1.000000	0.000000	0.000000
OTU_881_18S_3_200	OTU_2631_18S_3_200	1	ENV_Salinity	0.511933	0.100331	-0.411602	0.000999	3.000000	1.000000	0	0	1	1.000000	0.000000	0.000000
OTU_1576_18S_3_200	OTU_2631_18S_3_200	1	ENV_Salinity	0.465445	0.081736	-0.383709	0.000999	3.000000	1.000000	0	0	1	1.000000	0.000000	0.000000
OTU_2459_18S_3_200	OTU_2631_18S_3_200	1	ENV_Salinity	0.547893	0.033271	-0.514622	0.000999	3.000000	1.000000	0	0	1	1.000000	0.000000	0.000000
OTU_799_18S_022_3	OTU_2503_18S_3_200	1	ENV_Salinity	0.497775	0.165219	-0.332555	0.364635	3.000000	1.000000	0	0	1	1.000000	0.000000	0.000000
OTU_1353_18S_022_3	OTU_2503_18S_3_200	1	ENV_Salinity	0.435258	0.007663	-0.427595	0.000999	3.000000	1.000000	0	0	1	1.000000	0.000000	0.000000
OTU_2512_18S_3_200	OTU_2503_18S_3_200	1	ENV_Salinity	0.404007	0.100331	-0.303676	0.000999	3.000000	1.000000	0	0	1	1.000000	0.000000	0.000000
OTU_1362_18S_022_3	OTU_2601_18S_3_200	1	ENV_Salinity	0.483572	0.000000	-0.483572	0.545455	3.000000	1.000000	0	0	1	1.000000	0.000000	0.000000
ASV_1541_16S_3_200	OTU_2578_18S_3_200	1	ENV_Salinity	0.603203	0.033789	-0.569414	0.000999	3.000000	1.000000	0	0	1	1.000000	0.000000	0.000000
OTU_1999_18S_3_200	OTU_2578_18S_3_200	1	ENV_Salinity	0.408776	0.282916	-0.125860	0.000999	3.000000	1.000000	0	0	1	1.000000	0.000000	0.000000
ASV_174_16S_022_3	OTU_2508_18S_3_200	1	ENV_Salinity	0.567243	0.067060	-0.500183	0.455544	3.000000	1.000000	0	0	1	1.000000	0.000000	0.000000
OTU_985_18S_022_3	OTU_2508_18S_3_200	1	ENV_Salinity	0.541334	0.095941	-0.445393	0.000999	3.000000	1.000000	0	0	1	1.000000	0.000000	0.000000
OTU_756_18S_3_200	OTU_2508_18S_3_200	1	ENV_Salinity	0.521848	0.000000	-0.521848	0.454545	3.000000	1.000000	0	0	1	1.000000	0.000000	0.000000
OTU_889_18S_022_3	OTU_2557_18S_3_200	1	ENV_Salinity	0.519532	0.000000	-0.519532	0.454545	3.000000	1.000000	0	0	1	1.000000	0.000000	0.000000
OTU_1506_18S_022_3	OTU_2557_18S_3_200	1	ENV_Salinity	0.493623	0.124822	-0.368801	0.000999	3.000000	1.000000	0	0	1	1.000000	0.000000	0.000000
ASV_1076_16S_3_200	OTU_2557_18S_3_200	1	ENV_Salinity	0.656858	0.000000	-0.656858	0.545455	3.000000	1.000000	0	0	1	1.000000	0.000000	0.000000
ASV_1524_16S_3_200	OTU_2557_18S_3_200	1	ENV_Salinity	0.414059	0.006772	-0.407287	0.637363	3.000000	1.000000	0	0	1	1.000000	0.000000	0.000000
ASV_730_16S_022_3	OTU_2259_18S_3_200	1	ENV_Salinity	0.713342	0.033789	-0.679554	0.273726	3.000000	1.000000	0	0	1	1.000000	0.000000	0.000000
OTU_1148_18S_022_3	OTU_2259_18S_3_200	1	ENV_Salinity	0.571535	0.033789	-0.537746	0.364635	3.000000	1.000000	0	0	1	1.000000	0.000000	0.000000
OTU_197_18S_3_200	OTU_2259_18S_3_200	1	ENV_Salinity	0.615243	0.033789	-0.581455	0.364635	3.000000	1.000000	0	0	1	1.000000	0.000000	0.000000
OTU_363_18S_3_200	OTU_2259_18S_3_200	1	ENV_Salinity	0.669738	0.091551	-0.578187	0.546454	3.000000	1.000000	0	0	1	1.000000	0.000000	0.000000
ASV_714_16S_022_3	OTU_2572_18S_3_200	1	ENV_Salinity	0.199411	0.486532	0.287121	nan	3.000000	1.000000	0	0	1	1.000000	0.000000	0.000000
OTU_137_18S_3_200	OTU_2572_18S_3_200	1	ENV_Salinity	0.388934	0.154018	-0.234916	0.455544	3.000000	1.000000	0	0	1	1.000000	0.000000	0.000000
ASV_858_16S_3_200	OTU_2699_18S_3_200	1	ENV_Salinity	0.519532	0.000000	-0.519532	0.818182	3.000000	1.000000	0	0	1	1.000000	0.000000	0.000000
OTU_995_18S_3_200	OTU_2615_18S_3_200	1	ENV_Salinity	0.464086	0.033789	-0.430297	0.000999	3.000000	1.000000	0	0	1	1.000000	0.000000	0.000000
OTU_1511_18S_3_200	OTU_2615_18S_3_200	1	ENV_Salinity	0.519532	0.191882	-0.327650	0.000999	3.000000	1.000000	0	0	1	1.000000	0.000000	0.000000
OTU_2466_18S_3_200	OTU_2615_18S_3_200	1	ENV_Salinity	0.599096	0.129730	-0.469366	0.000999	3.000000	1.000000	0	0	1	1.000000	0.000000	0.000000
ASV_636_16S_022_3	OTU_2714_18S_3_200	1	ENV_Salinity	0.458885	0.057762	-0.401123	0.000999	3.000000	1.000000	0	0	1	1.000000	0.000000	0.000000
OTU_1782_18S_022_3	OTU_2682_18S_3_200	1	ENV_Salinity	0.380415	0.158611	-0.221804	0.637363	3.000000	1.000000	0	0	1	1.000000	0.000000	0.000000
OTU_1104_18S_3_200	OTU_2682_18S_3_200	1	ENV_Salinity	0.577294	0.112835	-0.464459	0.637363	3.000000	1.000000	0	0	1	1.000000	0.000000	0.000000
OTU_2195_18S_022_3	OTU_2649_18S_3_200	1	ENV_Salinity	0.577294	0.000000	-0.577294	0.454545	3.000000	1.000000	0	0	1	1.000000	0.000000	0.000000
OTU_228_18S_3_200	OTU_2649_18S_3_200	1	ENV_Salinity	0.660965	0.000000	-0.660965	0.454545	3.000000	1.000000	0	0	1	1.000000	0.000000	0.000000
OTU_2420_18S_3_200	OTU_2649_18S_3_200	1	ENV_Salinity	0.625005	0.000000	-0.625005	0.454545	3.000000	1.000000	0	0	1	1.000000	0.000000	0.000000
OTU_467_18S_022_3	OTU_2727_18S_3_200	1	ENV_Salinity	0.358613	0.050166	-0.308447	0.000999	3.000000	1.000000	0	0	1	1.000000	0.000000	0.000000
OTU_1801_18S_022_3	OTU_2727_18S_3_200	1	ENV_Salinity	0.356297	0.000000	-0.356297	0.727273	3.000000	1.000000	0	0	1	1.000000	0.000000	0.000000
OTU_1948_18S_3_200	OTU_2727_18S_3_200	1	ENV_Salinity	0.356297	0.079047	-0.277250	0.000999	3.000000	1.000000	0	0	1	1.000000	0.000000	0.000000
OTU_1940_18S_3_200	OTU_2745_18S_3_200	1	ENV_Salinity	0.682767	0.000000	-0.682767	0.454545	3.000000	1.000000	0	0	1	1.000000	0.000000	0.000000
ASV_550_16S_022_3	OTU_2750_18S_3_200	1	ENV_Salinity	0.505374	-0.079047	-0.584420	1.000000	3.000000	1.000000	0	0	1	1.000000	0.000000	0.000000
ASV_1065_16S_022_3	OTU_2750_18S_3_200	1	ENV_Salinity	0.519532	0.033789	-0.485743	0.000999	3.000000	1.000000	0	0	1	1.000000	0.000000	0.000000
ASV_1820_16S_022_3	OTU_2750_18S_3_200	1	ENV_Salinity	0.599096	0.033789	-0.565307	0.000999	3.000000	1.000000	0	0	1	1.000000	0.000000	0.000000
OTU_844_18S_022_3	OTU_2750_18S_3_200	1	ENV_Salinity	0.541334	0.033789	-0.507545	0.000999	3.000000	1.000000	0	0	1	1.000000	0.000000	0.000000
OTU_398_18S_3_200	OTU_2750_18S_3_200	1	ENV_Salinity	0.414059	0.033789	-0.380270	0.000999	3.000000	1.000000	0	0	1	1.000000	0.000000	0.000000
OTU_550_18S_3_200	OTU_2750_18S_3_200	1	ENV_Salinity	0.577294	0.033789	-0.543505	0.000999	3.000000	1.000000	0	0	1	1.000000	0.000000	0.000000
OTU_799_18S_3_200	OTU_2750_18S_3_200	1	ENV_Salinity	0.541334	0.033789	-0.507545	0.000999	3.000000	1.000000	0	0	1	1.000000	0.000000	0.000000
OTU_430_18S_022_3	OTU_2510_18S_3_200	1	ENV_Salinity	0.609753	0.171115	-0.438638	0.273726	3.000000	1.000000	0	0	1	1.000000	0.000000	0.000000
ASV_1524_16S_3_200	OTU_2510_18S_3_200	1	ENV_Salinity	0.404007	0.263850	-0.140158	0.637363	3.000000	1.000000	0	0	1	1.000000	0.000000	0.000000
OTU_800_18S_3_200	OTU_2510_18S_3_200	1	ENV_Salinity	0.389232	0.041452	-0.347780	0.273726	3.000000	1.000000	0	0	1	1.000000	0.000000	0.000000
OTU_2047_18S_3_200	OTU_2510_18S_3_200	1	ENV_Salinity	0.589045	0.167909	-0.421136	0.455544	3.000000	1.000000	0	0	1	1.000000	0.000000	0.000000
OTU_1611_18S_3_200	OTU_2785_18S_3_200	1	ENV_Salinity	0.378099	0.033789	-0.344310	0.819181	3.000000	1.000000	0	0	1	1.000000	0.000000	0.000000
OTU_2876_18S_022_3	OTU_2589_18S_3_200	1	ENV_Salinity	0.599096	0.000000	-0.599096	0.636364	3.000000	1.000000	0	0	1	1.000000	0.000000	0.000000
OTU_989_18S_3_200	OTU_2589_18S_3_200	1	ENV_Salinity	0.599096	0.000000	-0.599096	0.636364	3.000000	1.000000	0	0	1	1.000000	0.000000	0.000000
OTU_1219_18S_3_200	OTU_2589_18S_3_200	1	ENV_Salinity	0.599096	0.191882	-0.407214	0.000999	3.000000	1.000000	0	0	1	1.000000	0.000000	0.000000
ASV_915_16S_022_3	OTU_2419_18S_3_200	1	ENV_Salinity	0.418827	0.158611	-0.260216	0.000999	3.000000	1.000000	0	0	1	1.000000	0.000000	0.000000
ASV_1029_16S_022_3	OTU_2419_18S_3_200	1	ENV_Salinity	0.497730	0.019769	-0.477961	0.455544	3.000000	1.000000	0	0	1	1.000000	0.000000	0.000000
OTU_492_18S_3_200	OTU_2419_18S_3_200	1	ENV_Salinity	0.656858	0.129730	-0.527129	0.000999	3.000000	1.000000	0	0	1	1.000000	0.000000	0.000000
OTU_653_18S_3_200	OTU_2419_18S_3_200	1	ENV_Salinity	0.577294	0.033789	-0.543505	0.000999	3.000000	1.000000	0	0	1	1.000000	0.000000	0.000000
OTU_1627_18S_3_200	OTU_2419_18S_3_200	1	ENV_Salinity	0.414059	0.112835	-0.301223	0.000999	3.000000	1.000000	0	0	1	1.000000	0.000000	0.000000
ASV_1481_16S_022_3	OTU_2590_18S_3_200	1	ENV_Salinity	0.692202	0.000000	-0.692202	0.272727	3.000000	1.000000	0	0	1	1.000000	0.000000	0.000000
OTU_82_18S_3_200	OTU_2590_18S_3_200	1	ENV_Salinity	0.597818	-0.045776	-0.643593	0.272727	3.000000	1.000000	0	0	1	1.000000	0.000000	0.000000
OTU_493_18S_3_200	OTU_2590_18S_3_200	1	ENV_Salinity	0.475033	0.057762	-0.417270	0.000999	3.000000	1.000000	0	0	1	1.000000	0.000000	0.000000
OTU_1159_18S_3_200	OTU_2590_18S_3_200	1	ENV_Salinity	0.554875	0.079047	-0.475829	0.000999	3.000000	1.000000	0	0	1	1.000000	0.000000	0.000000
ASV_1047_16S_022_3	OTU_2848_18S_3_200	1	ENV_Salinity	0.435861	3.358507	2.922646	nan	3.000000	1.000000	0	0	1	1.000000	0.000000	0.000000
OTU_2699_18S_3_200	OTU_2848_18S_3_200	1	ENV_Salinity	0.435861	-0.022110	-0.457970	0.818182	3.000000	1.000000	0	0	1	1.000000	0.000000	0.000000
ASV_1695_16S_022_3	OTU_2700_18S_3_200	1	ENV_Salinity	0.439968	0.033789	-0.406179	0.364635	3.000000	1.000000	0	0	1	1.000000	0.000000	0.000000
OTU_1714_18S_022_3	OTU_2700_18S_3_200	1	ENV_Salinity	0.497730	0.158611	-0.339119	0.455544	3.000000	1.000000	0	0	1	1.000000	0.000000	0.000000
OTU_1394_18S_3_200	OTU_2744_18S_3_200	1	ENV_Salinity	0.656858	0.000000	-0.656858	0.545455	3.000000	1.000000	0	0	1	1.000000	0.000000	0.000000
OTU_2714_18S_3_200	OTU_2744_18S_3_200	1	ENV_Salinity	0.599096	0.124822	-0.474274	0.000999	3.000000	1.000000	0	0	1	1.000000	0.000000	0.000000
OTU_932_18S_3_200	OTU_2867_18S_3_200	1	ENV_Salinity	0.439968	-0.059795	-0.499763	0.636364	3.000000	1.000000	0	0	1	1.000000	0.000000	0.000000
OTU_1999_18S_3_200	OTU_2867_18S_3_200	1	ENV_Salinity	0.483572	0.121615	-0.361956	0.000999	3.000000	1.000000	0	0	1	1.000000	0.000000	0.000000
OTU_2512_18S_3_200	OTU_2867_18S_3_200	1	ENV_Salinity	0.334495	0.124305	-0.210190	0.000999	3.000000	1.000000	0	0	1	1.000000	0.000000	0.000000
OTU_938_18S_022_3	OTU_2620_18S_3_200	1	ENV_Salinity	0.627457	0.095941	-0.531516	0.000999	3.000000	1.000000	0	0	1	1.000000	0.000000	0.000000
OTU_493_18S_3_200	OTU_2620_18S_3_200	1	ENV_Salinity	0.623912	0.057762	-0.566149	0.000999	3.000000	1.000000	0	0	1	1.000000	0.000000	0.000000
OTU_741_18S_3_200	OTU_2620_18S_3_200	1	ENV_Salinity	0.603203	0.000000	-0.603203	0.545455	3.000000	1.000000	0	0	1	1.000000	0.000000	0.000000
OTU_1335_18S_3_200	OTU_2620_18S_3_200	1	ENV_Salinity	0.670400	0.067060	-0.603340	0.000999	3.000000	1.000000	0	0	1	1.000000	0.000000	0.000000
OTU_2714_18S_3_200	OTU_2620_18S_3_200	1	ENV_Salinity	0.577294	0.124822	-0.452472	0.000999	3.000000	1.000000	0	0	1	1.000000	0.000000	0.000000
OTU_1494_18S_022_3	OTU_2795_18S_3_200	1	ENV_Salinity	0.545441	0.112835	-0.432605	0.637363	3.000000	1.000000	0	0	1	1.000000	0.000000	0.000000
OTU_48_18S_3_200	OTU_2795_18S_3_200	1	ENV_Salinity	0.429916	0.053372	-0.376544	0.637363	3.000000	1.000000	0	0	1	1.000000	0.000000	0.000000
OTU_1077_18S_022_3	OTU_2876_18S_3_200	1	ENV_Salinity	0.660965	0.112835	-0.548130	0.455544	3.000000	1.000000	0	0	1	1.000000	0.000000	0.000000
OTU_1767_18S_022_3	OTU_2876_18S_3_200	1	ENV_Salinity	0.577294	0.033789	-0.543505	0.546454	3.000000	1.000000	0	0	1	1.000000	0.000000	0.000000
OTU_1732_18S_3_200	OTU_2876_18S_3_200	1	ENV_Salinity	0.442284	0.067060	-0.375224	0.455544	3.000000	1.000000	0	0	1	1.000000	0.000000	0.000000
OTU_799_18S_3_200	OTU_2884_18S_3_200	1	ENV_Salinity	0.556546	0.033789	-0.522758	0.000999	3.000000	1.000000	0	0	1	1.000000	0.000000	0.000000
OTU_1286_18S_3_200	OTU_2884_18S_3_200	1	ENV_Salinity	0.567243	0.000000	-0.567243	0.636364	3.000000	1.000000	0	0	1	1.000000	0.000000	0.000000
OTU_2181_18S_3_200	OTU_2884_18S_3_200	1	ENV_Salinity	0.574419	0.033789	-0.540631	0.000999	3.000000	1.000000	0	0	1	1.000000	0.000000	0.000000
ASV_661_16S_022_3	OTU_2914_18S_3_200	1	ENV_Salinity	0.461770	-0.106873	-0.568643	0.636364	3.000000	1.000000	0	0	1	1.000000	0.000000	0.000000
OTU_2289_18S_022_3	OTU_2914_18S_3_200	1	ENV_Salinity	0.414059	0.079047	-0.335012	0.455544	3.000000	1.000000	0	0	1	1.000000	0.000000	0.000000
ASV_501_16S_022_3	OTU_2635_18S_3_200	1	ENV_Salinity	0.577294	0.079047	-0.498248	0.000999	3.000000	1.000000	0	0	1	1.000000	0.000000	0.000000
ASV_1201_16S_022_3	OTU_2635_18S_3_200	1	ENV_Salinity	0.493623	0.000000	-0.493623	0.818182	3.000000	1.000000	0	0	1	1.000000	0.000000	0.000000
OTU_191_18S_022_3	OTU_2635_18S_3_200	1	ENV_Salinity	0.577294	0.079047	-0.498248	0.000999	3.000000	1.000000	0	0	1	1.000000	0.000000	0.000000
OTU_2214_18S_022_3	OTU_2635_18S_3_200	1	ENV_Salinity	0.493623	0.000000	-0.493623	0.636364	3.000000	1.000000	0	0	1	1.000000	0.000000	0.000000
OTU_3210_18S_022_3	OTU_2635_18S_3_200	1	ENV_Salinity	0.493623	0.006772	-0.486851	0.000999	3.000000	1.000000	0	0	1	1.000000	0.000000	0.000000
OTU_621_18S_3_200	OTU_2635_18S_3_200	1	ENV_Salinity	0.435861	0.000000	-0.435861	0.818182	3.000000	1.000000	0	0	1	1.000000	0.000000	0.000000
OTU_851_18S_022_3	OTU_3023_18S_3_200	1	ENV_Salinity	0.599096	0.000000	-0.599096	0.545455	3.000000	1.000000	0	0	1	1.000000	0.000000	0.000000
OTU_2270_18S_022_3	OTU_3023_18S_3_200	1	ENV_Salinity	0.577294	0.000000	-0.577294	0.727273	3.000000	1.000000	0	0	1	1.000000	0.000000	0.000000
OTU_1086_18S_3_200	OTU_2732_18S_3_200	1	ENV_Salinity	0.450122	0.158611	-0.291511	0.637363	3.000000	1.000000	0	0	1	1.000000	0.000000	0.000000
OTU_1258_18S_3_200	OTU_2732_18S_3_200	1	ENV_Salinity	0.589045	0.100849	-0.488196	0.273726	3.000000	1.000000	0	0	1	1.000000	0.000000	0.000000
OTU_2305_18S_3_200	OTU_2732_18S_3_200	1	ENV_Salinity	0.601412	0.033789	-0.567623	0.455544	3.000000	1.000000	0	0	1	1.000000	0.000000	0.000000
OTU_3023_18S_3_200	OTU_3068_18S_3_200	1	ENV_Salinity	0.656858	0.000000	-0.656858	0.727273	3.000000	1.000000	0	0	1	1.000000	0.000000	0.000000
OTU_889_18S_3_200	OTU_3072_18S_3_200	1	ENV_Salinity	0.493623	0.000000	-0.493623	0.818182	3.000000	1.000000	0	0	1	1.000000	0.000000	0.000000
OTU_1906_18S_3_200	OTU_3072_18S_3_200	1	ENV_Salinity	0.356297	0.050166	-0.306131	0.000999	3.000000	1.000000	0	0	1	1.000000	0.000000	0.000000
OTU_1898_18S_3_200	OTU_3113_18S_3_200	1	ENV_Salinity	0.435861	0.000000	-0.435861	0.545455	3.000000	1.000000	0	0	1	1.000000	0.000000	0.000000
OTU_2270_18S_022_3	OTU_2758_18S_3_200	1	ENV_Salinity	0.519532	0.000000	-0.519532	0.727273	3.000000	1.000000	0	0	1	1.000000	0.000000	0.000000
OTU_683_18S_3_200	OTU_3167_18S_3_200	1	ENV_Salinity	0.416375	0.083954	-0.332421	0.000999	3.000000	1.000000	0	0	1	1.000000	0.000000	0.000000
OTU_994_18S_3_200	OTU_3167_18S_3_200	1	ENV_Salinity	0.464086	0.033789	-0.430297	0.000999	3.000000	1.000000	0	0	1	1.000000	0.000000	0.000000
OTU_1408_18S_3_200	OTU_3167_18S_3_200	1	ENV_Salinity	0.577294	0.270929	-0.306365	0.000999	3.000000	1.000000	0	0	1	1.000000	0.000000	0.000000
ASV_42_16S_022_3	OTU_3190_18S_3_200	1	ENV_Salinity	0.356297	0.000000	-0.356297	0.454545	3.000000	1.000000	0	0	1	1.000000	0.000000	0.000000
ASV_2181_16S_022_3	OTU_3190_18S_3_200	1	ENV_Salinity	0.461770	0.000000	-0.461770	0.545455	3.000000	1.000000	0	0	1	1.000000	0.000000	0.000000
OTU_1562_18S_3_200	OTU_3190_18S_3_200	1	ENV_Salinity	0.390466	0.000000	-0.390466	0.454545	3.000000	1.000000	0	0	1	1.000000	0.000000	0.000000
OTU_2309_18S_022_3	OTU_3083_18S_3_200	1	ENV_Salinity	0.276732	0.033271	-0.243461	0.000999	3.000000	1.000000	0	0	1	1.000000	0.000000	0.000000
OTU_1374_18S_3_200	OTU_3083_18S_3_200	1	ENV_Salinity	0.356297	0.040043	-0.316254	0.637363	3.000000	1.000000	0	0	1	1.000000	0.000000	0.000000
OTU_671_18S_3_200	OTU_3206_18S_3_200	1	ENV_Salinity	0.625005	0.045776	-0.579230	0.637363	3.000000	1.000000	0	0	1	1.000000	0.000000	0.000000
OTU_1399_18S_3_200	OTU_3206_18S_3_200	1	ENV_Salinity	0.625005	0.045776	-0.579230	0.637363	3.000000	1.000000	0	0	1	1.000000	0.000000	0.000000
OTU_1252_18S_3_200	OTU_3210_18S_3_200	1	ENV_Salinity	0.576677	0.112835	-0.463842	0.637363	3.000000	1.000000	0	0	1	1.000000	0.000000	0.000000
OTU_2785_18S_3_200	OTU_3210_18S_3_200	1	ENV_Salinity	0.483572	0.033789	-0.449783	0.819181	3.000000	1.000000	0	0	1	1.000000	0.000000	0.000000
OTU_1353_18S_022_3	OTU_3225_18S_3_200	1	ENV_Salinity	0.681296	2.791069	2.109773	nan	3.000000	1.000000	0	0	1	1.000000	0.000000	0.000000
ASV_376_16S_022_3	OTU_3255_18S_3_200	1	ENV_Salinity	0.334495	0.000000	-0.334495	0.454545	3.000000	1.000000	0	0	1	1.000000	0.000000	0.000000
OTU_1902_18S_022_3	OTU_3255_18S_3_200	1	ENV_Salinity	0.519532	0.000000	-0.519532	0.545455	3.000000	1.000000	0	0	1	1.000000	0.000000	0.000000
OTU_2459_18S_3_200	OTU_3255_18S_3_200	1	ENV_Salinity	0.497730	0.079047	-0.418683	0.000999	3.000000	1.000000	0	0	1	1.000000	0.000000	0.000000
OTU_2649_18S_3_200	OTU_3255_18S_3_200	1	ENV_Salinity	0.497730	0.000000	-0.497730	0.454545	3.000000	1.000000	0	0	1	1.000000	0.000000	0.000000
OTU_1629_18S_022_3	OTU_3261_18S_3_200	1	ENV_Salinity	0.519532	0.000000	-0.519532	0.545455	3.000000	1.000000	0	0	1	1.000000	0.000000	0.000000
OTU_2020_18S_3_200	OTU_3261_18S_3_200	1	ENV_Salinity	0.519532	0.000000	-0.519532	0.545455	3.000000	1.000000	0	0	1	1.000000	0.000000	0.000000
ASV_1631_16S_022_3	OTU_3269_18S_3_200	1	ENV_Salinity	0.493623	0.033789	-0.459834	0.637363	3.000000	1.000000	0	0	1	1.000000	0.000000	0.000000
OTU_430_18S_3_200	OTU_3269_18S_3_200	1	ENV_Salinity	0.461770	0.033789	-0.427981	0.637363	3.000000	1.000000	0	0	1	1.000000	0.000000	0.000000
OTU_477_18S_3_200	OTU_3269_18S_3_200	1	ENV_Salinity	0.414059	0.033789	-0.380270	0.637363	3.000000	1.000000	0	0	1	1.000000	0.000000	0.000000
OTU_3210_18S_3_200	OTU_3269_18S_3_200	1	ENV_Salinity	0.425809	0.033789	-0.392021	0.637363	3.000000	1.000000	0	0	1	1.000000	0.000000	0.000000
OTU_2466_18S_3_200	OTU_3295_18S_3_200	1	ENV_Salinity	0.435861	0.033789	-0.402072	0.000999	3.000000	1.000000	0	0	1	1.000000	0.000000	0.000000
OTU_2418_18S_3_200	OTU_3295_18S_3_200	1	ENV_Salinity	0.519532	0.083954	-0.435578	0.000999	3.000000	1.000000	0	0	1	1.000000	0.000000	0.000000
OTU_3206_18S_3_200	OTU_3295_18S_3_200	1	ENV_Salinity	0.577294	0.174988	-0.402306	0.637363	3.000000	1.000000	0	0	1	1.000000	0.000000	0.000000
OTU_1346_18S_022_3	OTU_3223_18S_3_200	1	ENV_Salinity	0.466538	0.033789	-0.432749	0.455544	3.000000	1.000000	0	0	1	1.000000	0.000000	0.000000
OTU_1557_18S_3_200	OTU_3223_18S_3_200	1	ENV_Salinity	0.567243	0.033789	-0.533454	0.364635	3.000000	1.000000	0	0	1	1.000000	0.000000	0.000000
ASV_287_16S_022_3	OTU_3338_18S_3_200	1	ENV_Salinity	0.541334	-0.112835	-0.654169	0.545455	3.000000	1.000000	0	0	1	1.000000	0.000000	0.000000
OTU_330_18S_022_3	OTU_3338_18S_3_200	1	ENV_Salinity	0.356297	0.050166	-0.306131	0.000999	3.000000	1.000000	0	0	1	1.000000	0.000000	0.000000
OTU_480_18S_3_200	OTU_3338_18S_3_200	1	ENV_Salinity	0.353889	-0.128029	-0.481918	0.545455	3.000000	1.000000	0	0	1	1.000000	0.000000	0.000000
OTU_1767_18S_3_200	OTU_2812_18S_3_200	1	ENV_Salinity	0.441852	0.033789	-0.408063	0.273726	3.000000	1.000000	0	0	1	1.000000	0.000000	0.000000
OTU_1728_18S_3_200	OTU_2812_18S_3_200	1	ENV_Salinity	0.599096	0.033789	-0.565307	0.455544	3.000000	1.000000	0	0	1	1.000000	0.000000	0.000000
OTU_3210_18S_3_200	OTU_2812_18S_3_200	1	ENV_Salinity	0.589045	0.033789	-0.555256	0.455544	3.000000	1.000000	0	0	1	1.000000	0.000000	0.000000
ASV_363_16S_022_3	OTU_3386_18S_3_200	1	ENV_Salinity	0.356297	0.033789	-0.322508	0.455544	3.000000	1.000000	0	0	1	1.000000	0.000000	0.000000
OTU_86_18S_3_200	OTU_3386_18S_3_200	1	ENV_Salinity	0.356297	0.033789	-0.322508	0.455544	3.000000	1.000000	0	0	1	1.000000	0.000000	0.000000
OTU_288_18S_3_200	OTU_3386_18S_3_200	1	ENV_Salinity	0.458885	-0.079047	-0.537932	1.000000	3.000000	1.000000	0	0	1	1.000000	0.000000	0.000000
OTU_477_18S_3_200	OTU_3386_18S_3_200	1	ENV_Salinity	0.519532	0.033789	-0.485743	0.455544	3.000000	1.000000	0	0	1	1.000000	0.000000	0.000000
OTU_2041_18S_3_200	OTU_3386_18S_3_200	1	ENV_Salinity	0.461770	0.033789	-0.427981	0.455544	3.000000	1.000000	0	0	1	1.000000	0.000000	0.000000
OTU_1611_18S_022_3	OTU_3160_18S_3_200	1	ENV_Salinity	0.541334	0.000000	-0.541334	0.727273	3.000000	1.000000	0	0	1	1.000000	0.000000	0.000000
OTU_228_18S_3_200	OTU_3160_18S_3_200	1	ENV_Salinity	0.519532	0.000000	-0.519532	0.454545	3.000000	1.000000	0	0	1	1.000000	0.000000	0.000000
ASV_1065_16S_022_3	OTU_3422_18S_3_200	1	ENV_Salinity	0.444736	0.016377	-0.428359	0.000999	3.000000	1.000000	0	0	1	1.000000	0.000000	0.000000
ASV_1587_16S_022_3	OTU_3422_18S_3_200	1	ENV_Salinity	0.545441	0.000000	-0.545441	0.363636	3.000000	1.000000	0	0	1	1.000000	0.000000	0.000000
OTU_1355_18S_3_200	OTU_3422_18S_3_200	1	ENV_Salinity	0.603203	0.158093	-0.445110	0.000999	3.000000	1.000000	0	0	1	1.000000	0.000000	0.000000
OTU_2308_18S_3_200	OTU_3422_18S_3_200	1	ENV_Salinity	0.519532	0.000000	-0.519532	0.636364	3.000000	1.000000	0	0	1	1.000000	0.000000	0.000000
OTU_1318_18S_3_200	OTU_3389_18S_3_200	1	ENV_Salinity	0.577294	0.079047	-0.498248	0.000999	3.000000	1.000000	0	0	1	1.000000	0.000000	0.000000
OTU_1532_18S_3_200	OTU_3389_18S_3_200	1	ENV_Salinity	0.414059	0.079047	-0.335012	0.000999	3.000000	1.000000	0	0	1	1.000000	0.000000	0.000000
OTU_2649_18S_3_200	OTU_2998_18S_3_200	1	ENV_Salinity	0.646807	0.000000	-0.646807	0.363636	3.000000	1.000000	0	0	1	1.000000	0.000000	0.000000
OTU_353_18S_3_200	OTU_3342_18S_3_200	1	ENV_Salinity	0.630605	2.270563	1.639958	nan	3.000000	1.000000	0	0	1	1.000000	0.000000	0.000000
OTU_568_18S_3_200	OTU_3342_18S_3_200	1	ENV_Salinity	0.734761	0.045776	-0.688986	0.546454	3.000000	1.000000	0	0	1	1.000000	0.000000	0.000000
OTU_1463_18S_3_200	OTU_3342_18S_3_200	1	ENV_Salinity	0.529528	-0.015322	-0.544849	0.454545	3.000000	1.000000	0	0	1	1.000000	0.000000	0.000000
OTU_711_18S_022_3	OTU_2303_18S_3_200	1	ENV_Salinity	0.519532	0.050166	-0.469366	0.000999	3.000000	1.000000	0	0	1	1.000000	0.000000	0.000000
OTU_606_18S_3_200	OTU_2303_18S_3_200	1	ENV_Salinity	0.356297	0.044950	-0.311346	0.455544	3.000000	1.000000	0	0	1	1.000000	0.000000	0.000000
ASV_1387_16S_022_3	OTU_3314_18S_3_200	1	ENV_Salinity	0.461770	0.000000	-0.461770	0.454545	3.000000	1.000000	0	0	1	1.000000	0.000000	0.000000
OTU_391_18S_022_3	OTU_3314_18S_3_200	1	ENV_Salinity	0.336811	0.000000	-0.336811	0.636364	3.000000	1.000000	0	0	1	1.000000	0.000000	0.000000
OTU_1421_18S_022_3	OTU_3314_18S_3_200	1	ENV_Salinity	0.437083	-0.109961	-0.547044	0.545455	3.000000	1.000000	0	0	1	1.000000	0.000000	0.000000
OTU_422_18S_3_200	OTU_3454_18S_3_200	1	ENV_Salinity	0.775481	0.033789	-0.741692	0.273726	3.000000	1.000000	0	0	1	1.000000	0.000000	0.000000
OTU_902_18S_3_200	OTU_3454_18S_3_200	1	ENV_Salinity	0.869203	0.129730	-0.739474	0.273726	3.000000	1.000000	0	0	1	1.000000	0.000000	0.000000
OTU_403_18S_3_200	OTU_3603_18S_3_200	1	ENV_Salinity	0.509481	0.100849	-0.408632	0.000999	3.000000	1.000000	0	0	1	1.000000	0.000000	0.000000
OTU_1263_18S_3_200	OTU_3603_18S_3_200	1	ENV_Salinity	0.612638	0.033789	-0.578849	0.091908	3.000000	1.000000	0	0	1	1.000000	0.000000	0.000000
OTU_2615_18S_3_200	OTU_3603_18S_3_200	1	ENV_Salinity	0.531283	0.167909	-0.363374	0.000999	3.000000	1.000000	0	0	1	1.000000	0.000000	0.000000
OTU_3295_18S_3_200	OTU_3603_18S_3_200	1	ENV_Salinity	0.483572	0.167909	-0.315663	0.000999	3.000000	1.000000	0	0	1	1.000000	0.000000	0.000000
ASV_2186_16S_022_3	OTU_3606_18S_3_200	1	ENV_Salinity	0.379321	0.000000	-0.379321	0.272727	3.000000	1.000000	0	0	1	1.000000	0.000000	0.000000
OTU_110_18S_022_3	OTU_3606_18S_3_200	1	ENV_Salinity	0.311160	0.071730	-0.239430	0.182817	3.000000	1.000000	0	0	1	1.000000	0.000000	0.000000
OTU_534_18S_022_3	OTU_3606_18S_3_200	1	ENV_Salinity	0.472427	0.086643	-0.385783	0.000999	3.000000	1.000000	0	0	1	1.000000	0.000000	0.000000
OTU_505_18S_3_200	OTU_3606_18S_3_200	1	ENV_Salinity	0.486585	0.163472	-0.323114	0.000999	3.000000	1.000000	0	0	1	1.000000	0.000000	0.000000
OTU_1358_18S_3_200	OTU_3655_18S_3_200	1	ENV_Salinity	0.356297	0.083954	-0.272342	0.455544	3.000000	1.000000	0	0	1	1.000000	0.000000	0.000000
OTU_568_18S_3_200	OTU_3448_18S_3_200	1	ENV_Salinity	0.429916	0.016894	-0.413022	0.455544	3.000000	1.000000	0	0	1	1.000000	0.000000	0.000000
OTU_1592_18S_3_200	OTU_3448_18S_3_200	1	ENV_Salinity	0.625005	0.112835	-0.512170	0.000999	3.000000	1.000000	0	0	1	1.000000	0.000000	0.000000
OTU_1576_18S_3_200	OTU_3382_18S_3_200	1	ENV_Salinity	0.437083	0.115525	-0.321559	0.000999	3.000000	1.000000	0	0	1	1.000000	0.000000	0.000000
OTU_1111_18S_3_200	OTU_3704_18S_3_200	1	ENV_Salinity	0.550499	0.000000	-0.550499	0.727273	3.000000	1.000000	0	0	1	1.000000	0.000000	0.000000
OTU_2009_18S_3_200	OTU_3704_18S_3_200	1	ENV_Salinity	0.593441	0.000000	-0.593441	0.636364	3.000000	1.000000	0	0	1	1.000000	0.000000	0.000000
OTU_3206_18S_3_200	OTU_3738_18S_3_200	1	ENV_Salinity	0.660965	0.124822	-0.536143	0.637363	3.000000	1.000000	0	0	1	1.000000	0.000000	0.000000
OTU_3295_18S_3_200	OTU_3738_18S_3_200	1	ENV_Salinity	0.519532	0.112835	-0.406697	0.637363	3.000000	1.000000	0	0	1	1.000000	0.000000	0.000000
ASV_61_16S_022_3	OTU_3755_18S_3_200	1	ENV_Salinity	0.461770	0.079047	-0.382723	0.000999	3.000000	1.000000	0	0	1	1.000000	0.000000	0.000000
ASV_1534_16S_022_3	OTU_3773_18S_3_200	1	ENV_Salinity	0.461770	-0.109961	-0.571730	0.636364	3.000000	1.000000	0	0	1	1.000000	0.000000	0.000000
OTU_1213_18S_022_3	OTU_3773_18S_3_200	1	ENV_Salinity	0.493623	0.000000	-0.493623	0.454545	3.000000	1.000000	0	0	1	1.000000	0.000000	0.000000
OTU_379_18S_3_200	OTU_3773_18S_3_200	1	ENV_Salinity	0.438177	0.000000	-0.438177	0.636364	3.000000	1.000000	0	0	1	1.000000	0.000000	0.000000
ASV_2226_16S_022_3	OTU_3782_18S_3_200	1	ENV_Salinity	0.356297	0.000000	-0.356297	0.454545	3.000000	1.000000	0	0	1	1.000000	0.000000	0.000000
OTU_2958_18S_022_3	OTU_3782_18S_3_200	1	ENV_Salinity	0.356297	0.000000	-0.356297	0.545455	3.000000	1.000000	0	0	1	1.000000	0.000000	0.000000
OTU_2020_18S_3_200	OTU_3782_18S_3_200	1	ENV_Salinity	0.435861	0.000000	-0.435861	0.545455	3.000000	1.000000	0	0	1	1.000000	0.000000	0.000000
OTU_2905_18S_3_200	OTU_3563_18S_3_200	1	ENV_Salinity	0.425809	0.167909	-0.257901	0.000999	3.000000	1.000000	0	0	1	1.000000	0.000000	0.000000
OTU_3490_18S_3_200	OTU_3563_18S_3_200	1	ENV_Salinity	0.599096	0.225671	-0.373425	0.000999	3.000000	1.000000	0	0	1	1.000000	0.000000	0.000000
ASV_888_16S_3_200	OTU_3811_18S_3_200	1	ENV_Salinity	0.519532	0.000000	-0.519532	0.454545	3.000000	1.000000	0	0	1	1.000000	0.000000	0.000000
OTU_3072_18S_3_200	OTU_3811_18S_3_200	1	ENV_Salinity	0.435861	0.000000	-0.435861	0.636364	3.000000	1.000000	0	0	1	1.000000	0.000000	0.000000
OTU_3160_18S_3_200	OTU_3811_18S_3_200	1	ENV_Salinity	0.435861	0.000000	-0.435861	0.727273	3.000000	1.000000	0	0	1	1.000000	0.000000	0.000000
OTU_1386_18S_022_3	OTU_3823_18S_3_200	1	ENV_Salinity	0.543650	0.067060	-0.476590	0.364635	3.000000	1.000000	0	0	1	1.000000	0.000000	0.000000
OTU_1431_18S_3_200	OTU_3823_18S_3_200	1	ENV_Salinity	0.543650	0.000000	-0.543650	0.545455	3.000000	1.000000	0	0	1	1.000000	0.000000	0.000000
ASV_466_16S_022_3	OTU_3625_18S_3_200	1	ENV_Salinity	0.541548	0.489455	-0.052092	0.364635	3.000000	1.000000	0	0	1	1.000000	0.000000	0.000000
OTU_1940_18S_3_200	OTU_3944_18S_3_200	1	ENV_Salinity	0.519532	0.000000	-0.519532	0.454545	3.000000	1.000000	0	0	1	1.000000	0.000000	0.000000
OTU_3023_18S_3_200	OTU_3944_18S_3_200	1	ENV_Salinity	0.414059	0.000000	-0.414059	0.636364	3.000000	1.000000	0	0	1	1.000000	0.000000	0.000000
ASV_1401_16S_022_3	OTU_3348_18S_3_200	1	ENV_Salinity	0.435861	0.000000	-0.435861	0.454545	3.000000	1.000000	0	0	1	1.000000	0.000000	0.000000
OTU_1335_18S_3_200	OTU_3348_18S_3_200	1	ENV_Salinity	0.483572	0.067060	-0.416512	0.000999	3.000000	1.000000	0	0	1	1.000000	0.000000	0.000000
OTU_3255_18S_3_200	OTU_3348_18S_3_200	1	ENV_Salinity	0.519532	0.000000	-0.519532	0.545455	3.000000	1.000000	0	0	1	1.000000	0.000000	0.000000
ASV_1067_16S_3_200	OTU_3774_18S_3_200	1	ENV_Salinity	0.484794	3.195205	2.710410	nan	3.000000	1.000000	0	0	1	1.000000	0.000000	0.000000
ASV_1201_16S_3_200	OTU_3774_18S_3_200	1	ENV_Salinity	0.552608	-0.106873	-0.659481	0.636364	3.000000	1.000000	0	0	1	1.000000	0.000000	0.000000
OTU_146_18S_3_200	OTU_3994_18S_3_200	1	ENV_Salinity	0.488340	0.071968	-0.416373	0.273726	3.000000	1.000000	0	0	1	1.000000	0.000000	0.000000
OTU_1399_18S_3_200	OTU_3994_18S_3_200	1	ENV_Salinity	0.589045	-0.079047	-0.668091	0.818182	3.000000	1.000000	0	0	1	1.000000	0.000000	0.000000
OTU_1650_18S_3_200	OTU_3994_18S_3_200	1	ENV_Salinity	0.543650	0.100849	-0.442801	0.455544	3.000000	1.000000	0	0	1	1.000000	0.000000	0.000000
OTU_3782_18S_3_200	OTU_3994_18S_3_200	1	ENV_Salinity	0.599096	0.000000	-0.599096	0.636364	3.000000	1.000000	0	0	1	1.000000	0.000000	0.000000
OTU_3348_18S_3_200	OTU_3733_18S_3_200	1	ENV_Salinity	0.519532	0.079047	-0.440485	0.000999	3.000000	1.000000	0	0	1	1.000000	0.000000	0.000000
OTU_2375_18S_022_3	OTU_4002_18S_3_200	1	ENV_Salinity	0.599096	0.095941	-0.503155	0.000999	3.000000	1.000000	0	0	1	1.000000	0.000000	0.000000
OTU_1721_18S_3_200	OTU_4002_18S_3_200	1	ENV_Salinity	0.437083	0.057762	-0.379321	0.000999	3.000000	1.000000	0	0	1	1.000000	0.000000	0.000000
OTU_2420_18S_022_3	OTU_3532_18S_3_200	1	ENV_Salinity	0.519532	0.000000	-0.519532	0.454545	3.000000	1.000000	0	0	1	1.000000	0.000000	0.000000
OTU_2876_18S_022_3	OTU_3532_18S_3_200	1	ENV_Salinity	0.298534	0.000000	-0.298534	0.454545	3.000000	1.000000	0	0	1	1.000000	0.000000	0.000000
OTU_726_18S_3_200	OTU_3532_18S_3_200	1	ENV_Salinity	0.497730	0.000000	-0.497730	0.454545	3.000000	1.000000	0	0	1	1.000000	0.000000	0.000000
OTU_1898_18S_3_200	OTU_3532_18S_3_200	1	ENV_Salinity	0.414059	0.000000	-0.414059	0.454545	3.000000	1.000000	0	0	1	1.000000	0.000000	0.000000
OTU_768_18S_3_200	OTU_3624_18S_3_200	1	ENV_Salinity	0.519532	0.112835	-0.406697	0.000999	3.000000	1.000000	0	0	1	1.000000	0.000000	0.000000
OTU_1332_18S_3_200	OTU_3624_18S_3_200	1	ENV_Salinity	0.599096	0.158611	-0.440485	0.000999	3.000000	1.000000	0	0	1	1.000000	0.000000	0.000000
OTU_1397_18S_3_200	OTU_3624_18S_3_200	1	ENV_Salinity	0.519532	0.129730	-0.389802	0.000999	3.000000	1.000000	0	0	1	1.000000	0.000000	0.000000
OTU_199_18S_022_3	OTU_3744_18S_3_200	1	ENV_Salinity	0.451670	0.744194	0.292524	nan	3.000000	1.000000	0	0	1	1.000000	0.000000	0.000000
OTU_307_18S_022_3	OTU_3744_18S_3_200	1	ENV_Salinity	0.568870	0.353083	-0.215787	0.273726	3.000000	1.000000	0	0	1	1.000000	0.000000	0.000000
OTU_2508_18S_3_200	OTU_3744_18S_3_200	1	ENV_Salinity	0.530074	0.000419	-0.529655	0.091908	3.000000	1.000000	0	0	1	1.000000	0.000000	0.000000
OTU_257_18S_3_200	OTU_3877_18S_3_200	1	ENV_Salinity	0.865697	0.224324	-0.641373	0.000999	3.000000	1.000000	0	0	1	1.000000	0.000000	0.000000
OTU_387_18S_3_200	OTU_3877_18S_3_200	1	ENV_Salinity	0.526046	0.033789	-0.492258	0.182817	3.000000	1.000000	0	0	1	1.000000	0.000000	0.000000
OTU_1332_18S_3_200	OTU_4181_18S_3_200	1	ENV_Salinity	0.656858	0.033789	-0.623070	0.091908	3.000000	1.000000	0	0	1	1.000000	0.000000	0.000000
OTU_1968_18S_3_200	OTU_4181_18S_3_200	1	ENV_Salinity	0.656858	0.033789	-0.623070	0.000999	3.000000	1.000000	0	0	1	1.000000	0.000000	0.000000
OTU_938_18S_022_3	OTU_4249_18S_3_200	1	ENV_Salinity	0.807726	0.000000	-0.807726	0.454545	3.000000	1.000000	0	0	1	1.000000	0.000000	0.000000
OTU_2876_18S_022_3	OTU_4249_18S_3_200	1	ENV_Salinity	0.541334	0.000000	-0.541334	0.454545	3.000000	1.000000	0	0	1	1.000000	0.000000	0.000000
OTU_2133_18S_3_200	OTU_4249_18S_3_200	1	ENV_Salinity	0.749964	0.095941	-0.654023	0.273726	3.000000	1.000000	0	0	1	1.000000	0.000000	0.000000
OTU_2727_18S_3_200	OTU_4249_18S_3_200	1	ENV_Salinity	0.461770	0.000000	-0.461770	0.454545	3.000000	1.000000	0	0	1	1.000000	0.000000	0.000000
OTU_2040_18S_022_3	OTU_4075_18S_3_200	1	ENV_Salinity	0.378099	0.000000	-0.378099	0.545455	3.000000	1.000000	0	0	1	1.000000	0.000000	0.000000
OTU_741_18S_3_200	OTU_4075_18S_3_200	1	ENV_Salinity	0.519532	0.000000	-0.519532	0.636364	3.000000	1.000000	0	0	1	1.000000	0.000000	0.000000
OTU_1394_18S_3_200	OTU_4075_18S_3_200	1	ENV_Salinity	0.599096	0.000000	-0.599096	0.636364	3.000000	1.000000	0	0	1	1.000000	0.000000	0.000000
OTU_2020_18S_3_200	OTU_4075_18S_3_200	1	ENV_Salinity	0.378099	0.000000	-0.378099	0.545455	3.000000	1.000000	0	0	1	1.000000	0.000000	0.000000
ASV_1593_16S_022_3	OTU_4389_18S_3_200	1	ENV_Salinity	0.435861	0.158611	-0.277250	0.819181	3.000000	1.000000	0	0	1	1.000000	0.000000	0.000000
ASV_1720_16S_022_3	OTU_4389_18S_3_200	1	ENV_Salinity	0.656858	0.033789	-0.623070	0.273726	3.000000	1.000000	0	0	1	1.000000	0.000000	0.000000
OTU_363_18S_3_200	OTU_4389_18S_3_200	1	ENV_Salinity	0.439968	3.328775	2.888807	nan	3.000000	1.000000	0	0	1	1.000000	0.000000	0.000000
OTU_1334_18S_3_200	OTU_4389_18S_3_200	1	ENV_Salinity	0.483572	3.629398	3.145826	nan	3.000000	1.000000	0	0	1	1.000000	0.000000	0.000000
ASV_663_16S_3_200	OTU_3933_18S_3_200	1	ENV_Salinity	0.483572	0.100849	-0.382723	0.637363	3.000000	1.000000	0	0	1	1.000000	0.000000	0.000000
ASV_1138_16S_3_200	OTU_3933_18S_3_200	1	ENV_Salinity	0.368047	0.033789	-0.334258	0.637363	3.000000	1.000000	0	0	1	1.000000	0.000000	0.000000
OTU_2501_18S_022_3	OTU_4115_18S_3_200	1	ENV_Salinity	0.521848	0.158093	-0.363755	0.000999	3.000000	1.000000	0	0	1	1.000000	0.000000	0.000000
OTU_2394_18S_3_200	OTU_4115_18S_3_200	1	ENV_Salinity	0.589045	0.033789	-0.555256	0.000999	3.000000	1.000000	0	0	1	1.000000	0.000000	0.000000
OTU_2712_18S_3_200	OTU_4115_18S_3_200	1	ENV_Salinity	0.464086	0.083954	-0.380131	0.000999	3.000000	1.000000	0	0	1	1.000000	0.000000	0.000000
OTU_391_18S_3_200	OTU_4500_18S_3_200	1	ENV_Salinity	0.599096	0.000000	-0.599096	0.636364	3.000000	1.000000	0	0	1	1.000000	0.000000	0.000000
OTU_1706_18S_3_200	OTU_4500_18S_3_200	1	ENV_Salinity	0.435861	0.000000	-0.435861	0.545455	3.000000	1.000000	0	0	1	1.000000	0.000000	0.000000
OTU_3023_18S_3_200	OTU_4500_18S_3_200	1	ENV_Salinity	0.493623	0.000000	-0.493623	0.545455	3.000000	1.000000	0	0	1	1.000000	0.000000	0.000000
OTU_1629_18S_022_3	OTU_4260_18S_3_200	1	ENV_Salinity	0.704569	0.000000	-0.704569	0.545455	3.000000	1.000000	0	0	1	1.000000	0.000000	0.000000
OTU_621_18S_3_200	OTU_4260_18S_3_200	1	ENV_Salinity	0.380415	0.000000	-0.380415	0.545455	3.000000	1.000000	0	0	1	1.000000	0.000000	0.000000
ASV_1636_16S_022_3	OTU_3576_18S_3_200	1	ENV_Salinity	0.495939	0.000000	-0.495939	0.454545	3.000000	1.000000	0	0	1	1.000000	0.000000	0.000000
OTU_989_18S_3_200	OTU_3576_18S_3_200	1	ENV_Salinity	0.656858	0.000000	-0.656858	0.636364	3.000000	1.000000	0	0	1	1.000000	0.000000	0.000000
OTU_1106_18S_3_200	OTU_3576_18S_3_200	1	ENV_Salinity	0.435861	0.000000	-0.435861	0.454545	3.000000	1.000000	0	0	1	1.000000	0.000000	0.000000
OTU_1219_18S_3_200	OTU_3576_18S_3_200	1	ENV_Salinity	0.599096	0.000000	-0.599096	0.636364	3.000000	1.000000	0	0	1	1.000000	0.000000	0.000000
OTU_3068_18S_3_200	OTU_3576_18S_3_200	1	ENV_Salinity	0.435861	0.000000	-0.435861	0.636364	3.000000	1.000000	0	0	1	1.000000	0.000000	0.000000
ASV_764_16S_022_3	OTU_4154_18S_3_200	1	ENV_Salinity	0.599096	0.000000	-0.599096	0.636364	3.000000	1.000000	0	0	1	1.000000	0.000000	0.000000
ASV_1125_16S_022_3	OTU_4154_18S_3_200	1	ENV_Salinity	0.625005	0.033789	-0.591216	0.455544	3.000000	1.000000	0	0	1	1.000000	0.000000	0.000000
ASV_1310_16S_022_3	OTU_4154_18S_3_200	1	ENV_Salinity	0.461770	0.033789	-0.427981	0.637363	3.000000	1.000000	0	0	1	1.000000	0.000000	0.000000
OTU_102_18S_3_200	OTU_4154_18S_3_200	1	ENV_Salinity	0.519532	0.033789	-0.485743	0.637363	3.000000	1.000000	0	0	1	1.000000	0.000000	0.000000
OTU_797_18S_3_200	OTU_4154_18S_3_200	1	ENV_Salinity	0.567243	0.033789	-0.533454	0.455544	3.000000	1.000000	0	0	1	1.000000	0.000000	0.000000
OTU_1345_18S_3_200	OTU_4154_18S_3_200	1	ENV_Salinity	0.485888	0.033789	-0.452099	0.455544	3.000000	1.000000	0	0	1	1.000000	0.000000	0.000000
OTU_1354_18S_3_200	OTU_4135_18S_3_200	1	ENV_Salinity	0.599096	0.000000	-0.599096	0.454545	3.000000	1.000000	0	0	1	1.000000	0.000000	0.000000
OTU_2242_18S_3_200	OTU_4135_18S_3_200	1	ENV_Salinity	0.599096	0.000000	-0.599096	0.454545	3.000000	1.000000	0	0	1	1.000000	0.000000	0.000000
ASV_211_16S_022_3	OTU_4921_18S_3_200	1	ENV_Salinity	0.473506	0.095941	-0.377565	0.000999	3.000000	1.000000	0	0	1	1.000000	0.000000	0.000000
OTU_2234_18S_022_3	OTU_4921_18S_3_200	1	ENV_Salinity	0.414059	0.000000	-0.414059	0.636364	3.000000	1.000000	0	0	1	1.000000	0.000000	0.000000
OTU_899_18S_3_200	OTU_4921_18S_3_200	1	ENV_Salinity	0.404007	0.067060	-0.336947	0.000999	3.000000	1.000000	0	0	1	1.000000	0.000000	0.000000
OTU_1332_18S_022_3	OTU_4934_18S_3_200	1	ENV_Salinity	0.577294	0.000000	-0.577294	0.636364	3.000000	1.000000	0	0	1	1.000000	0.000000	0.000000
OTU_1576_18S_3_200	OTU_4934_18S_3_200	1	ENV_Salinity	0.542557	0.000000	-0.542557	0.545455	3.000000	1.000000	0	0	1	1.000000	0.000000	0.000000
OTU_2433_18S_3_200	OTU_4934_18S_3_200	1	ENV_Salinity	0.519532	0.000000	-0.519532	0.636364	3.000000	1.000000	0	0	1	1.000000	0.000000	0.000000
OTU_1281_18S_3_200	OTU_4876_18S_3_200	1	ENV_Salinity	0.771105	3.304697	2.533592	nan	3.000000	1.000000	0	0	1	1.000000	0.000000	0.000000
OTU_2069_18S_3_200	OTU_4876_18S_3_200	1	ENV_Salinity	0.531283	-0.109961	-0.641243	0.454545	3.000000	1.000000	0	0	1	1.000000	0.000000	0.000000
OTU_2876_18S_3_200	OTU_4876_18S_3_200	1	ENV_Salinity	0.509481	0.067060	-0.442421	0.546454	3.000000	1.000000	0	0	1	1.000000	0.000000	0.000000
OTU_2382_18S_022_3	OTU_4463_18S_3_200	1	ENV_Salinity	0.378099	0.033789	-0.344310	0.819181	3.000000	1.000000	0	0	1	1.000000	0.000000	0.000000
OTU_3933_18S_3_200	OTU_4463_18S_3_200	1	ENV_Salinity	0.378099	0.033789	-0.344310	0.819181	3.000000	1.000000	0	0	1	1.000000	0.000000	0.000000
OTU_1304_18S_022_3	OTU_4276_18S_3_200	1	ENV_Salinity	0.704569	0.000000	-0.704569	0.454545	3.000000	1.000000	0	0	1	1.000000	0.000000	0.000000
ASV_669_16S_3_200	OTU_4276_18S_3_200	1	ENV_Salinity	0.509481	0.000000	-0.509481	0.181818	3.000000	1.000000	0	0	1	1.000000	0.000000	0.000000
OTU_1405_18S_3_200	OTU_4276_18S_3_200	1	ENV_Salinity	0.656858	0.000000	-0.656858	0.454545	3.000000	1.000000	0	0	1	1.000000	0.000000	0.000000
OTU_2033_18S_3_200	OTU_4276_18S_3_200	1	ENV_Salinity	0.519532	0.000000	-0.519532	0.454545	3.000000	1.000000	0	0	1	1.000000	0.000000	0.000000
OTU_2242_18S_3_200	OTU_4276_18S_3_200	1	ENV_Salinity	0.599096	0.095941	-0.503155	0.000999	3.000000	1.000000	0	0	1	1.000000	0.000000	0.000000
OTU_2295_18S_3_200	OTU_4276_18S_3_200	1	ENV_Salinity	0.682767	-0.016894	-0.699662	0.454545	3.000000	1.000000	0	0	1	1.000000	0.000000	0.000000
OTU_4249_18S_3_200	OTU_4276_18S_3_200	1	ENV_Salinity	0.762332	0.124822	-0.637509	0.000999	3.000000	1.000000	0	0	1	1.000000	0.000000	0.000000
OTU_62_18S_3_200	OTU_4392_18S_3_200	1	ENV_Salinity	0.377212	3.042091	2.664879	nan	3.000000	1.000000	0	0	1	1.000000	0.000000	0.000000
OTU_1121_18S_3_200	OTU_4392_18S_3_200	1	ENV_Salinity	0.569695	0.129730	-0.439965	0.000999	3.000000	1.000000	0	0	1	1.000000	0.000000	0.000000
OTU_1394_18S_3_200	OTU_4392_18S_3_200	1	ENV_Salinity	0.599096	-0.112835	-0.711932	0.636364	3.000000	1.000000	0	0	1	1.000000	0.000000	0.000000
OTU_2394_18S_3_200	OTU_4392_18S_3_200	1	ENV_Salinity	0.594103	0.158611	-0.435492	0.000999	3.000000	1.000000	0	0	1	1.000000	0.000000	0.000000
OTU_741_18S_3_200	OTU_5301_18S_3_200	1	ENV_Salinity	0.461770	0.000000	-0.461770	0.636364	3.000000	1.000000	0	0	1	1.000000	0.000000	0.000000
OTU_1105_18S_3_200	OTU_5301_18S_3_200	1	ENV_Salinity	0.483572	0.067060	-0.416512	0.000999	3.000000	1.000000	0	0	1	1.000000	0.000000	0.000000
OTU_1532_18S_3_200	OTU_5301_18S_3_200	1	ENV_Salinity	0.414059	0.000000	-0.414059	0.727273	3.000000	1.000000	0	0	1	1.000000	0.000000	0.000000
ASV_376_16S_022_3	OTU_5536_18S_3_200	1	ENV_Salinity	0.577294	0.158093	-0.419201	0.000999	3.000000	1.000000	0	0	1	1.000000	0.000000	0.000000
OTU_2303_18S_3_200	OTU_5536_18S_3_200	1	ENV_Salinity	0.493623	0.191882	-0.301741	0.000999	3.000000	1.000000	0	0	1	1.000000	0.000000	0.000000
OTU_866_18S_3_200	OTU_5527_18S_3_200	1	ENV_Salinity	0.519532	0.000000	-0.519532	0.818182	3.000000	1.000000	0	0	1	1.000000	0.000000	0.000000
OTU_4934_18S_3_200	OTU_5527_18S_3_200	1	ENV_Salinity	0.439968	0.000000	-0.439968	0.636364	3.000000	1.000000	0	0	1	1.000000	0.000000	0.000000
OTU_378_18S_022_3	OTU_5560_18S_3_200	1	ENV_Salinity	0.437083	0.021284	-0.415799	0.455544	3.000000	1.000000	0	0	1	1.000000	0.000000	0.000000
OTU_1948_18S_3_200	OTU_5560_18S_3_200	1	ENV_Salinity	0.599096	0.095941	-0.503155	0.000999	3.000000	1.000000	0	0	1	1.000000	0.000000	0.000000
OTU_3261_18S_3_200	OTU_5560_18S_3_200	1	ENV_Salinity	0.356297	0.000000	-0.356297	0.545455	3.000000	1.000000	0	0	1	1.000000	0.000000	0.000000
ASV_1042_16S_022_3	OTU_5090_18S_3_200	1	ENV_Salinity	0.648598	2.967833	2.319235	nan	3.000000	1.000000	0	0	1	1.000000	0.000000	0.000000
ASV_1076_16S_022_3	OTU_5090_18S_3_200	1	ENV_Salinity	0.587951	2.795393	2.207441	nan	3.000000	1.000000	0	0	1	1.000000	0.000000	0.000000
OTU_698_18S_3_200	OTU_5090_18S_3_200	1	ENV_Salinity	0.670400	0.249644	-0.420756	0.819181	3.000000	1.000000	0	0	1	1.000000	0.000000	0.000000
OTU_2342_18S_3_200	OTU_5090_18S_3_200	1	ENV_Salinity	0.545009	-0.055073	-0.600082	0.818182	3.000000	1.000000	0	0	1	1.000000	0.000000	0.000000
OTU_938_18S_022_3	OTU_5666_18S_3_200	1	ENV_Salinity	0.682767	0.158093	-0.524674	0.000999	3.000000	1.000000	0	0	1	1.000000	0.000000	0.000000
OTU_960_18S_3_200	OTU_5666_18S_3_200	1	ENV_Salinity	0.462992	0.000000	-0.462992	0.454545	3.000000	1.000000	0	0	1	1.000000	0.000000	0.000000
OTU_1354_18S_3_200	OTU_5666_18S_3_200	1	ENV_Salinity	0.519532	0.000000	-0.519532	0.454545	3.000000	1.000000	0	0	1	1.000000	0.000000	0.000000
OTU_1682_18S_022_3	OTU_5822_18S_3_200	1	ENV_Salinity	0.378099	-0.118051	-0.496149	0.636364	3.000000	1.000000	0	0	1	1.000000	0.000000	0.000000
OTU_1940_18S_3_200	OTU_5822_18S_3_200	1	ENV_Salinity	0.483572	0.000000	-0.483572	0.454545	3.000000	1.000000	0	0	1	1.000000	0.000000	0.000000
OTU_2179_18S_3_200	OTU_5822_18S_3_200	1	ENV_Salinity	0.519532	0.000000	-0.519532	0.545455	3.000000	1.000000	0	0	1	1.000000	0.000000	0.000000
OTU_2745_18S_3_200	OTU_5822_18S_3_200	1	ENV_Salinity	0.519532	0.000000	-0.519532	0.454545	3.000000	1.000000	0	0	1	1.000000	0.000000	0.000000
OTU_606_18S_3_200	OTU_5861_18S_3_200	1	ENV_Salinity	0.519532	0.129730	-0.389802	0.455544	3.000000	1.000000	0	0	1	1.000000	0.000000	0.000000
OTU_1732_18S_3_200	OTU_5861_18S_3_200	1	ENV_Salinity	0.416375	0.033789	-0.382586	0.273726	3.000000	1.000000	0	0	1	1.000000	0.000000	0.000000
OTU_2322_18S_3_200	OTU_5861_18S_3_200	1	ENV_Salinity	0.461770	0.033789	-0.427981	0.455544	3.000000	1.000000	0	0	1	1.000000	0.000000	0.000000
OTU_1706_18S_3_200	OTU_4651_18S_3_200	1	ENV_Salinity	0.493623	0.000000	-0.493623	0.545455	3.000000	1.000000	0	0	1	1.000000	0.000000	0.000000
OTU_1906_18S_3_200	OTU_4651_18S_3_200	1	ENV_Salinity	0.577294	0.079047	-0.498248	0.000999	3.000000	1.000000	0	0	1	1.000000	0.000000	0.000000
OTU_4500_18S_3_200	OTU_4651_18S_3_200	1	ENV_Salinity	0.656858	0.000000	-0.656858	0.636364	3.000000	1.000000	0	0	1	1.000000	0.000000	0.000000
ASV_781_16S_022_3	OTU_5966_18S_3_200	1	ENV_Salinity	0.378099	-0.022110	-0.400208	0.636364	3.000000	1.000000	0	0	1	1.000000	0.000000	0.000000
OTU_2040_18S_022_3	OTU_5966_18S_3_200	1	ENV_Salinity	0.435861	0.067060	-0.368801	0.000999	3.000000	1.000000	0	0	1	1.000000	0.000000	0.000000
OTU_2033_18S_3_200	OTU_5966_18S_3_200	1	ENV_Salinity	0.577294	0.000000	-0.577294	0.636364	3.000000	1.000000	0	0	1	1.000000	0.000000	0.000000
OTU_2662_18S_022_3	OTU_6104_18S_3_200	1	ENV_Salinity	0.543650	0.009298	-0.534352	0.273726	3.000000	1.000000	0	0	1	1.000000	0.000000	0.000000
OTU_2780_18S_022_3	OTU_6104_18S_3_200	1	ENV_Salinity	0.495939	0.009298	-0.486641	0.455544	3.000000	1.000000	0	0	1	1.000000	0.000000	0.000000
OTU_351_18S_3_200	OTU_6104_18S_3_200	1	ENV_Salinity	0.589045	0.129730	-0.459315	0.455544	3.000000	1.000000	0	0	1	1.000000	0.000000	0.000000
OTU_1649_18S_3_200	OTU_6104_18S_3_200	1	ENV_Salinity	0.599096	0.033789	-0.565307	0.364635	3.000000	1.000000	0	0	1	1.000000	0.000000	0.000000
OTU_214_18S_022_3	OTU_5282_18S_3_200	1	ENV_Salinity	0.497730	3.854537	3.356808	nan	3.000000	1.000000	0	0	1	1.000000	0.000000	0.000000
OTU_1142_18S_022_3	OTU_5282_18S_3_200	1	ENV_Salinity	0.577294	3.691537	3.114242	nan	3.000000	1.000000	0	0	1	1.000000	0.000000	0.000000
OTU_2795_18S_3_200	OTU_5282_18S_3_200	1	ENV_Salinity	0.660965	0.129730	-0.531235	0.637363	3.000000	1.000000	0	0	1	1.000000	0.000000	0.000000
ASV_112_16S_022_3	OTU_5407_18S_3_200	1	ENV_Salinity	0.435861	0.000000	-0.435861	0.727273	3.000000	1.000000	0	0	1	1.000000	0.000000	0.000000
OTU_1332_18S_022_3	OTU_5407_18S_3_200	1	ENV_Salinity	0.435861	0.000000	-0.435861	0.727273	3.000000	1.000000	0	0	1	1.000000	0.000000	0.000000
OTU_1346_18S_022_3	OTU_5407_18S_3_200	1	ENV_Salinity	0.541334	0.000000	-0.541334	0.727273	3.000000	1.000000	0	0	1	1.000000	0.000000	0.000000
OTU_2035_18S_022_3	OTU_5407_18S_3_200	1	ENV_Salinity	0.493623	0.000000	-0.493623	0.727273	3.000000	1.000000	0	0	1	1.000000	0.000000	0.000000
OTU_2459_18S_3_200	OTU_5407_18S_3_200	1	ENV_Salinity	0.519532	0.000000	-0.519532	0.454545	3.000000	1.000000	0	0	1	1.000000	0.000000	0.000000
ASV_764_16S_022_3	OTU_6274_18S_3_200	1	ENV_Salinity	0.378099	0.000000	-0.378099	0.545455	3.000000	1.000000	0	0	1	1.000000	0.000000	0.000000
OTU_2474_18S_3_200	OTU_6274_18S_3_200	1	ENV_Salinity	0.599096	0.000000	-0.599096	0.545455	3.000000	1.000000	0	0	1	1.000000	0.000000	0.000000
OTU_2512_18S_3_200	OTU_5402_18S_3_200	1	ENV_Salinity	0.577294	0.079047	-0.498248	0.000999	3.000000	1.000000	0	0	1	1.000000	0.000000	0.000000
OTU_1362_18S_022_3	OTU_6854_18S_3_200	1	ENV_Salinity	0.519532	0.000000	-0.519532	0.545455	3.000000	1.000000	0	0	1	1.000000	0.000000	0.000000
OTU_2958_18S_022_3	OTU_6854_18S_3_200	1	ENV_Salinity	0.497730	0.124305	-0.373425	0.000999	3.000000	1.000000	0	0	1	1.000000	0.000000	0.000000
ASV_259_16S_022_3	OTU_6332_18S_3_200	1	ENV_Salinity	0.386974	0.163001	-0.223973	0.546454	3.000000	1.000000	0	0	1	1.000000	0.000000	0.000000
OTU_1789_18S_022_3	OTU_6332_18S_3_200	1	ENV_Salinity	0.577294	0.129730	-0.447564	0.637363	3.000000	1.000000	0	0	1	1.000000	0.000000	0.000000
OTU_1786_18S_3_200	OTU_6332_18S_3_200	1	ENV_Salinity	0.332479	0.261161	-0.071318	0.455544	3.000000	1.000000	0	0	1	1.000000	0.000000	0.000000
OTU_3755_18S_3_200	OTU_6332_18S_3_200	1	ENV_Salinity	0.416375	-0.019583	-0.435958	0.636364	3.000000	1.000000	0	0	1	1.000000	0.000000	0.000000
ASV_584_16S_022_3	OTU_5512_18S_3_200	1	ENV_Salinity	0.428694	2.647473	2.218779	nan	3.000000	1.000000	0	0	1	1.000000	0.000000	0.000000
OTU_136_18S_3_200	OTU_5512_18S_3_200	1	ENV_Salinity	0.555751	-0.005896	-0.561647	0.545455	3.000000	1.000000	0	0	1	1.000000	0.000000	0.000000
OTU_3225_18S_3_200	OTU_5512_18S_3_200	1	ENV_Salinity	0.490395	1.898249	1.407854	nan	3.000000	1.000000	0	0	1	1.000000	0.000000	0.000000
OTU_554_18S_022_3	OTU_7128_18S_3_200	1	ENV_Salinity	0.416375	0.047476	-0.368898	0.364635	3.000000	1.000000	0	0	1	1.000000	0.000000	0.000000
OTU_1165_18S_3_200	OTU_7128_18S_3_200	1	ENV_Salinity	0.425809	0.038179	-0.387631	0.000999	3.000000	1.000000	0	0	1	1.000000	0.000000	0.000000
OTU_3823_18S_3_200	OTU_7128_18S_3_200	1	ENV_Salinity	0.599096	0.191882	-0.407214	0.000999	3.000000	1.000000	0	0	1	1.000000	0.000000	0.000000
OTU_1959_18S_022_3	OTU_5358_18S_3_200	1	ENV_Salinity	0.334495	0.000000	-0.334495	0.545455	3.000000	1.000000	0	0	1	1.000000	0.000000	0.000000
OTU_191_18S_3_200	OTU_5358_18S_3_200	1	ENV_Salinity	0.497730	0.000000	-0.497730	0.545455	3.000000	1.000000	0	0	1	1.000000	0.000000	0.000000
OTU_2601_18S_3_200	OTU_5358_18S_3_200	1	ENV_Salinity	0.519532	0.000000	-0.519532	0.545455	3.000000	1.000000	0	0	1	1.000000	0.000000	0.000000
OTU_3733_18S_3_200	OTU_5358_18S_3_200	1	ENV_Salinity	0.439968	0.000000	-0.439968	0.545455	3.000000	1.000000	0	0	1	1.000000	0.000000	0.000000
OTU_1680_18S_3_200	OTU_7531_18S_3_200	1	ENV_Salinity	0.380415	0.000000	-0.380415	0.545455	3.000000	1.000000	0	0	1	1.000000	0.000000	0.000000
OTU_3782_18S_3_200	OTU_7531_18S_3_200	1	ENV_Salinity	0.599096	0.000000	-0.599096	0.636364	3.000000	1.000000	0	0	1	1.000000	0.000000	0.000000
OTU_5560_18S_3_200	OTU_7531_18S_3_200	1	ENV_Salinity	0.435861	0.000000	-0.435861	0.545455	3.000000	1.000000	0	0	1	1.000000	0.000000	0.000000
OTU_1767_18S_022_3	ENV_Salinity	6	nan	0.145472	nan	nan	nan	nan	nan	3	3	0	nan	0.000000	nan
ASV_523_16S_3_200	ENV_Salinity	1	nan	0.046826	nan	nan	nan	nan	nan	1	0	0	nan	0.000000	nan
ASV_1153_16S_022_3	ENV_Salinity	4	nan	0.110227	nan	nan	nan	nan	nan	2	2	0	nan	0.000000	nan
ASV_240_16S_022_3	ENV_Salinity	2	nan	0.068380	nan	nan	nan	nan	nan	1	1	0	nan	0.000000	nan
ASV_751_16S_022_3	ENV_Salinity	4	nan	0.085592	nan	nan	nan	nan	nan	3	1	0	nan	0.000000	nan
OTU_101_18S_022_3	ENV_Salinity	3	nan	0.108681	nan	nan	nan	nan	nan	1	2	0	nan	0.000000	nan
ASV_717_16S_022_3	ENV_Salinity	2	nan	0.114987	nan	nan	nan	nan	nan	0	2	0	nan	0.000000	nan
ASV_610_16S_022_3	ENV_Salinity	2	nan	0.099113	nan	nan	nan	nan	nan	1	1	0	nan	0.000000	nan
ASV_962_16S_022_3	ENV_Salinity	4	nan	0.066570	nan	nan	nan	nan	nan	4	0	0	nan	0.000000	nan
OTU_453_18S_022_3	ENV_Salinity	2	nan	0.145472	nan	nan	nan	nan	nan	0	2	0	nan	0.000000	nan
OTU_1995_18S_022_3	ENV_Salinity	4	nan	0.092478	nan	nan	nan	nan	nan	2	2	0	nan	0.000000	nan
OTU_2036_18S_022_3	ENV_Salinity	1	nan	0.087710	nan	nan	nan	nan	nan	0	1	0	nan	0.000000	nan
OTU_519_18S_022_3	ENV_Salinity	6	nan	0.066570	nan	nan	nan	nan	nan	2	4	0	nan	0.000000	nan
ASV_401_16S_022_3	ENV_Salinity	4	nan	0.106011	nan	nan	nan	nan	nan	2	2	0	nan	0.000000	nan
OTU_207_18S_022_3	ENV_Salinity	5	nan	0.097537	nan	nan	nan	nan	nan	1	4	0	nan	0.000000	nan
OTU_3023_18S_022_3	ENV_Salinity	1	nan	0.065908	nan	nan	nan	nan	nan	1	0	0	nan	0.000000	nan
ASV_10_16S_022_3	ENV_Salinity	1	nan	0.083747	nan	nan	nan	nan	nan	0	1	0	nan	0.000000	nan
ASV_874_16S_022_3	ENV_Salinity	4	nan	0.070676	nan	nan	nan	nan	nan	3	1	0	nan	0.000000	nan
ASV_102_16S_022_3	ENV_Salinity	4	nan	0.078908	nan	nan	nan	nan	nan	3	1	0	nan	0.000000	nan
ASV_214_16S_022_3	ENV_Salinity	2	nan	0.119254	nan	nan	nan	nan	nan	1	1	0	nan	0.000000	nan
ASV_259_16S_022_3	ENV_Salinity	3	nan	0.155299	nan	nan	nan	nan	nan	1	2	0	nan	0.000000	nan
OTU_994_18S_3_200	ENV_Salinity	3	nan	0.092478	nan	nan	nan	nan	nan	2	1	0	nan	0.000000	nan
ASV_519_16S_022_3	ENV_Salinity	5	nan	0.099751	nan	nan	nan	nan	nan	2	3	0	nan	0.000000	nan
ASV_189_16S_022_3	ENV_Salinity	5	nan	0.066962	nan	nan	nan	nan	nan	5	0	0	nan	0.000000	nan
ASV_415_16S_022_3	ENV_Salinity	4	nan	0.059990	nan	nan	nan	nan	nan	4	0	0	nan	0.000000	nan
ASV_15_16S_022_3	ENV_Salinity	3	nan	0.167404	nan	nan	nan	nan	nan	1	2	0	nan	0.000000	nan
ASV_81_16S_022_3	ENV_Salinity	4	nan	0.091684	nan	nan	nan	nan	nan	3	1	0	nan	0.000000	nan
ASV_145_16S_022_3	ENV_Salinity	3	nan	0.109641	nan	nan	nan	nan	nan	2	1	0	nan	0.000000	nan
ASV_66_16S_022_3	ENV_Salinity	4	nan	0.060994	nan	nan	nan	nan	nan	2	2	0	nan	0.000000	nan
ASV_910_16S_3_200	ENV_Salinity	1	nan	0.140479	nan	nan	nan	nan	nan	1	0	0	nan	0.000000	nan
ASV_91_16S_022_3	ENV_Salinity	3	nan	0.108681	nan	nan	nan	nan	nan	0	3	0	nan	0.000000	nan
ASV_1105_16S_022_3	ENV_Salinity	3	nan	0.085592	nan	nan	nan	nan	nan	2	1	0	nan	0.000000	nan
OTU_82_18S_3_200	ENV_Salinity	3	nan	0.059990	nan	nan	nan	nan	nan	3	0	0	nan	0.000000	nan
OTU_257_18S_3_200	ENV_Salinity	1	nan	0.136789	nan	nan	nan	nan	nan	0	1	0	nan	0.000000	nan
OTU_976_18S_022_3	ENV_Salinity	1	nan	0.066570	nan	nan	nan	nan	nan	1	0	0	nan	0.000000	nan
OTU_2589_18S_3_200	ENV_Salinity	3	nan	0.066570	nan	nan	nan	nan	nan	0	3	0	nan	0.000000	nan
ASV_997_16S_022_3	ENV_Salinity	3	nan	0.085592	nan	nan	nan	nan	nan	2	1	0	nan	0.000000	nan
OTU_3990_18S_022_3	ENV_Salinity	3	nan	0.066570	nan	nan	nan	nan	nan	2	1	0	nan	0.000000	nan
OTU_1110_18S_022_3	ENV_Salinity	2	nan	0.090146	nan	nan	nan	nan	nan	0	2	0	nan	0.000000	nan
OTU_142_18S_3_200	ENV_Salinity	3	nan	0.166443	nan	nan	nan	nan	nan	0	3	0	nan	0.000000	nan
OTU_938_18S_022_3	ENV_Salinity	5	nan	0.081782	nan	nan	nan	nan	nan	1	4	0	nan	0.000000	nan
OTU_683_18S_3_200	ENV_Salinity	2	nan	0.145472	nan	nan	nan	nan	nan	1	1	0	nan	0.000000	nan
ASV_1203_16S_3_200	ENV_Salinity	2	nan	0.073944	nan	nan	nan	nan	nan	1	1	0	nan	0.000000	nan
OTU_1680_18S_3_200	ENV_Salinity	4	nan	0.073944	nan	nan	nan	nan	nan	0	4	0	nan	0.000000	nan
OTU_432_18S_022_3	ENV_Salinity	2	nan	0.096875	nan	nan	nan	nan	nan	1	1	0	nan	0.000000	nan
ASV_348_16S_022_3	ENV_Salinity	2	nan	0.100828	nan	nan	nan	nan	nan	2	0	0	nan	0.000000	nan
OTU_2539_18S_022_3	ENV_Salinity	2	nan	0.066570	nan	nan	nan	nan	nan	1	1	0	nan	0.000000	nan
ASV_170_16S_022_3	ENV_Salinity	2	nan	0.084795	nan	nan	nan	nan	nan	2	0	0	nan	0.000000	nan
OTU_2097_18S_022_3	ENV_Salinity	4	nan	0.092478	nan	nan	nan	nan	nan	0	4	0	nan	0.000000	nan
ASV_427_16S_022_3	ENV_Salinity	3	nan	0.078908	nan	nan	nan	nan	nan	2	1	0	nan	0.000000	nan
ASV_389_16S_022_3	ENV_Salinity	4	nan	0.160685	nan	nan	nan	nan	nan	1	3	0	nan	0.000000	nan
ASV_767_16S_022_3	ENV_Salinity	5	nan	0.093066	nan	nan	nan	nan	nan	2	3	0	nan	0.000000	nan
OTU_1611_18S_022_3	ENV_Salinity	2	nan	0.066570	nan	nan	nan	nan	nan	0	2	0	nan	0.000000	nan
OTU_1281_18S_3_200	ENV_Salinity	3	nan	0.081120	nan	nan	nan	nan	nan	2	1	0	nan	0.000000	nan
ASV_35_16S_022_3	ENV_Salinity	4	nan	0.172630	nan	nan	nan	nan	nan	0	4	0	nan	0.000000	nan
ASV_67_16S_022_3	ENV_Salinity	3	nan	0.070051	nan	nan	nan	nan	nan	2	1	0	nan	0.000000	nan
ASV_34_16S_022_3	ENV_Salinity	5	nan	0.074267	nan	nan	nan	nan	nan	4	1	0	nan	0.000000	nan
ASV_868_16S_022_3	ENV_Salinity	1	nan	0.124729	nan	nan	nan	nan	nan	1	0	0	nan	0.000000	nan
ASV_161_16S_022_3	ENV_Salinity	5	nan	0.109641	nan	nan	nan	nan	nan	3	2	0	nan	0.000000	nan
OTU_72_18S_022_3	ENV_Salinity	1	nan	0.108777	nan	nan	nan	nan	nan	0	1	0	nan	0.000000	nan
ASV_237_16S_022_3	ENV_Salinity	3	nan	0.121457	nan	nan	nan	nan	nan	2	1	0	nan	0.000000	nan
ASV_262_16S_022_3	ENV_Salinity	5	nan	0.179315	nan	nan	nan	nan	nan	0	5	0	nan	0.000000	nan
ASV_8_16S_022_3	ENV_Salinity	2	nan	0.237370	nan	nan	nan	nan	nan	0	2	0	nan	0.000000	nan
OTU_318_18S_022_3	ENV_Salinity	2	nan	0.055772	nan	nan	nan	nan	nan	2	0	0	nan	0.000000	nan
OTU_1404_18S_3_200	ENV_Salinity	1	nan	0.150241	nan	nan	nan	nan	nan	0	1	0	nan	0.000000	nan
OTU_560_18S_022_3	ENV_Salinity	1	nan	0.081120	nan	nan	nan	nan	nan	0	1	0	nan	0.000000	nan
ASV_124_16S_022_3	ENV_Salinity	4	nan	0.179315	nan	nan	nan	nan	nan	0	4	0	nan	0.000000	nan
OTU_2439_18S_022_3	ENV_Salinity	2	nan	0.155299	nan	nan	nan	nan	nan	0	2	0	nan	0.000000	nan
ASV_223_16S_022_3	ENV_Salinity	3	nan	0.097537	nan	nan	nan	nan	nan	1	2	0	nan	0.000000	nan
OTU_322_18S_3_200	ENV_Salinity	3	nan	0.073944	nan	nan	nan	nan	nan	0	3	0	nan	0.000000	nan
ASV_351_16S_022_3	ENV_Salinity	3	nan	0.090475	nan	nan	nan	nan	nan	2	1	0	nan	0.000000	nan
ASV_978_16S_022_3	ENV_Salinity	4	nan	0.081120	nan	nan	nan	nan	nan	3	1	0	nan	0.000000	nan
OTU_509_18S_022_3	ENV_Salinity	3	nan	0.087710	nan	nan	nan	nan	nan	2	1	0	nan	0.000000	nan
OTU_2727_18S_3_200	ENV_Salinity	4	nan	0.066570	nan	nan	nan	nan	nan	4	0	0	nan	0.000000	nan
OTU_2914_18S_3_200	ENV_Salinity	2	nan	0.066570	nan	nan	nan	nan	nan	2	0	0	nan	0.000000	nan
ASV_32_16S_022_3	ENV_Salinity	5	nan	0.102958	nan	nan	nan	nan	nan	1	4	0	nan	0.000000	nan
OTU_2009_18S_3_200	ENV_Salinity	2	nan	0.090146	nan	nan	nan	nan	nan	1	1	0	nan	0.000000	nan
ASV_217_16S_022_3	ENV_Salinity	2	nan	0.092862	nan	nan	nan	nan	nan	0	2	0	nan	0.000000	nan
ASV_168_16S_022_3	ENV_Salinity	3	nan	0.066967	nan	nan	nan	nan	nan	3	0	0	nan	0.000000	nan
ASV_679_16S_022_3	ENV_Salinity	3	nan	0.092862	nan	nan	nan	nan	nan	1	2	0	nan	0.000000	nan
ASV_1050_16S_022_3	ENV_Salinity	3	nan	0.062193	nan	nan	nan	nan	nan	2	1	0	nan	0.000000	nan
ASV_863_16S_3_200	ENV_Salinity	4	nan	0.087710	nan	nan	nan	nan	nan	2	2	0	nan	0.000000	nan
OTU_137_18S_3_200	ENV_Salinity	3	nan	0.097238	nan	nan	nan	nan	nan	2	1	0	nan	0.000000	nan
ASV_20_16S_022_3	ENV_Salinity	3	nan	0.152623	nan	nan	nan	nan	nan	2	1	0	nan	0.000000	nan
ASV_345_16S_3_200	ENV_Salinity	4	nan	0.090300	nan	nan	nan	nan	nan	3	1	0	nan	0.000000	nan
ASV_1759_16S_022_3	ENV_Salinity	1	nan	0.087710	nan	nan	nan	nan	nan	0	1	0	nan	0.000000	nan
OTU_75_18S_3_200	ENV_Salinity	4	nan	0.145602	nan	nan	nan	nan	nan	1	3	0	nan	0.000000	nan
ASV_44_16S_022_3	ENV_Salinity	1	nan	0.053013	nan	nan	nan	nan	nan	1	0	0	nan	0.000000	nan
OTU_3295_18S_3_200	ENV_Salinity	5	nan	0.145472	nan	nan	nan	nan	nan	3	2	0	nan	0.000000	nan
ASV_25_16S_022_3	ENV_Salinity	3	nan	0.114868	nan	nan	nan	nan	nan	2	1	0	nan	0.000000	nan
OTU_964_18S_022_3	ENV_Salinity	2	nan	0.073944	nan	nan	nan	nan	nan	1	1	0	nan	0.000000	nan
ASV_481_16S_022_3	ENV_Salinity	3	nan	0.085592	nan	nan	nan	nan	nan	2	1	0	nan	0.000000	nan
ASV_148_16S_022_3	ENV_Salinity	3	nan	0.087591	nan	nan	nan	nan	nan	2	1	0	nan	0.000000	nan
ASV_98_16S_022_3	ENV_Salinity	4	nan	0.092862	nan	nan	nan	nan	nan	4	0	0	nan	0.000000	nan
ASV_106_16S_022_3	ENV_Salinity	1	nan	0.118677	nan	nan	nan	nan	nan	0	1	0	nan	0.000000	nan
ASV_45_16S_022_3	ENV_Salinity	3	nan	0.143647	nan	nan	nan	nan	nan	0	3	0	nan	0.000000	nan
OTU_3658_18S_022_3	ENV_Salinity	2	nan	0.065908	nan	nan	nan	nan	nan	2	0	0	nan	0.000000	nan
ASV_1657_16S_022_3	ENV_Salinity	3	nan	0.073944	nan	nan	nan	nan	nan	2	1	0	nan	0.000000	nan
ASV_65_16S_022_3	ENV_Salinity	4	nan	0.167404	nan	nan	nan	nan	nan	0	4	0	nan	0.000000	nan
ASV_193_16S_022_3	ENV_Salinity	3	nan	0.070474	nan	nan	nan	nan	nan	3	0	0	nan	0.000000	nan
ASV_1561_16S_022_3	ENV_Salinity	3	nan	0.061576	nan	nan	nan	nan	nan	3	0	0	nan	0.000000	nan
ASV_461_16S_022_3	ENV_Salinity	3	nan	0.186584	nan	nan	nan	nan	nan	0	3	0	nan	0.000000	nan
ASV_1054_16S_022_3	ENV_Salinity	5	nan	0.066962	nan	nan	nan	nan	nan	2	3	0	nan	0.000000	nan
ASV_1648_16S_022_3	ENV_Salinity	5	nan	0.155299	nan	nan	nan	nan	nan	0	5	0	nan	0.000000	nan
ASV_345_16S_022_3	ENV_Salinity	6	nan	0.120169	nan	nan	nan	nan	nan	1	5	0	nan	0.000000	nan
OTU_734_18S_3_200	ENV_Salinity	2	nan	0.136789	nan	nan	nan	nan	nan	1	1	0	nan	0.000000	nan
OTU_1318_18S_3_200	ENV_Salinity	3	nan	0.150241	nan	nan	nan	nan	nan	0	3	0	nan	0.000000	nan
ASV_14_16S_022_3	ENV_Salinity	4	nan	0.081120	nan	nan	nan	nan	nan	4	0	0	nan	0.000000	nan
ASV_1999_16S_022_3	ENV_Salinity	4	nan	0.087710	nan	nan	nan	nan	nan	3	1	0	nan	0.000000	nan
OTU_689_18S_022_3	ENV_Salinity	3	nan	0.081782	nan	nan	nan	nan	nan	0	3	0	nan	0.000000	nan
ASV_636_16S_022_3	ENV_Salinity	7	nan	0.090146	nan	nan	nan	nan	nan	2	5	0	nan	0.000000	nan
OTU_1510_18S_022_3	ENV_Salinity	2	nan	0.081782	nan	nan	nan	nan	nan	1	1	0	nan	0.000000	nan
ASV_197_16S_022_3	ENV_Salinity	2	nan	0.066967	nan	nan	nan	nan	nan	1	1	0	nan	0.000000	nan
ASV_88_16S_022_3	ENV_Salinity	4	nan	0.051049	nan	nan	nan	nan	nan	4	0	0	nan	0.000000	nan
ASV_58_16S_022_3	ENV_Salinity	2	nan	0.053013	nan	nan	nan	nan	nan	2	0	0	nan	0.000000	nan
OTU_46_18S_022_3	ENV_Salinity	3	nan	0.056434	nan	nan	nan	nan	nan	2	1	0	nan	0.000000	nan
OTU_133_18S_022_3	ENV_Salinity	2	nan	0.179315	nan	nan	nan	nan	nan	0	2	0	nan	0.000000	nan
OTU_2425_18S_022_3	ENV_Salinity	1	nan	0.061576	nan	nan	nan	nan	nan	1	0	0	nan	0.000000	nan
ASV_267_16S_022_3	ENV_Salinity	4	nan	0.078908	nan	nan	nan	nan	nan	3	1	0	nan	0.000000	nan
OTU_1195_18S_022_3	ENV_Salinity	3	nan	0.105842	nan	nan	nan	nan	nan	0	3	0	nan	0.000000	nan
ASV_416_16S_022_3	ENV_Salinity	3	nan	0.063739	nan	nan	nan	nan	nan	3	0	0	nan	0.000000	nan
OTU_1980_18S_022_3	ENV_Salinity	3	nan	0.073944	nan	nan	nan	nan	nan	1	2	0	nan	0.000000	nan
ASV_670_16S_022_3	ENV_Salinity	2	nan	0.061576	nan	nan	nan	nan	nan	2	0	0	nan	0.000000	nan
ASV_320_16S_022_3	ENV_Salinity	3	nan	0.059100	nan	nan	nan	nan	nan	2	1	0	nan	0.000000	nan
ASV_21_16S_022_3	ENV_Salinity	2	nan	0.207208	nan	nan	nan	nan	nan	0	2	0	nan	0.000000	nan
ASV_309_16S_022_3	ENV_Salinity	2	nan	0.136789	nan	nan	nan	nan	nan	0	2	0	nan	0.000000	nan
ASV_606_16S_022_3	ENV_Salinity	5	nan	0.073944	nan	nan	nan	nan	nan	4	1	0	nan	0.000000	nan
ASV_281_16S_022_3	ENV_Salinity	2	nan	0.081911	nan	nan	nan	nan	nan	1	1	0	nan	0.000000	nan
ASV_1963_16S_3_200	ENV_Salinity	6	nan	0.075735	nan	nan	nan	nan	nan	5	1	0	nan	0.000000	nan
ASV_312_16S_022_3	ENV_Salinity	2	nan	0.062407	nan	nan	nan	nan	nan	2	0	0	nan	0.000000	nan
ASV_386_16S_022_3	ENV_Salinity	4	nan	0.053725	nan	nan	nan	nan	nan	4	0	0	nan	0.000000	nan
ASV_987_16S_022_3	ENV_Salinity	4	nan	0.097537	nan	nan	nan	nan	nan	0	4	0	nan	0.000000	nan
ASV_1307_16S_022_3	ENV_Salinity	3	nan	0.073944	nan	nan	nan	nan	nan	1	2	0	nan	0.000000	nan
ASV_588_16S_022_3	ENV_Salinity	3	nan	0.176439	nan	nan	nan	nan	nan	0	3	0	nan	0.000000	nan
ASV_576_16S_3_200	ENV_Salinity	3	nan	0.059990	nan	nan	nan	nan	nan	3	0	0	nan	0.000000	nan
OTU_467_18S_3_200	ENV_Salinity	4	nan	0.072721	nan	nan	nan	nan	nan	3	1	0	nan	0.000000	nan
ASV_718_16S_022_3	ENV_Salinity	3	nan	0.166443	nan	nan	nan	nan	nan	0	3	0	nan	0.000000	nan
ASV_222_16S_022_3	ENV_Salinity	2	nan	0.252736	nan	nan	nan	nan	nan	0	2	0	nan	0.000000	nan
ASV_851_16S_022_3	ENV_Salinity	1	nan	0.092862	nan	nan	nan	nan	nan	0	1	0	nan	0.000000	nan
OTU_846_18S_022_3	ENV_Salinity	1	nan	0.168040	nan	nan	nan	nan	nan	0	1	0	nan	0.000000	nan
OTU_711_18S_022_3	ENV_Salinity	4	nan	0.073944	nan	nan	nan	nan	nan	1	3	0	nan	0.000000	nan
ASV_225_16S_022_3	ENV_Salinity	3	nan	0.060994	nan	nan	nan	nan	nan	3	0	0	nan	0.000000	nan
ASV_710_16S_022_3	ENV_Salinity	1	nan	0.070676	nan	nan	nan	nan	nan	1	0	0	nan	0.000000	nan
OTU_4651_18S_3_200	ENV_Salinity	3	nan	0.066570	nan	nan	nan	nan	nan	0	3	0	nan	0.000000	nan
OTU_1017_18S_022_3	ENV_Salinity	2	nan	0.056434	nan	nan	nan	nan	nan	2	0	0	nan	0.000000	nan
ASV_784_16S_022_3	ENV_Salinity	3	nan	0.099113	nan	nan	nan	nan	nan	1	2	0	nan	0.000000	nan
ASV_212_16S_022_3	ENV_Salinity	3	nan	0.054017	nan	nan	nan	nan	nan	3	0	0	nan	0.000000	nan
OTU_1406_18S_3_200	ENV_Salinity	2	nan	0.150241	nan	nan	nan	nan	nan	0	2	0	nan	0.000000	nan
OTU_1252_18S_022_3	ENV_Salinity	5	nan	0.073944	nan	nan	nan	nan	nan	2	3	0	nan	0.000000	nan
ASV_616_16S_022_3	ENV_Salinity	2	nan	0.053803	nan	nan	nan	nan	nan	2	0	0	nan	0.000000	nan
ASV_286_16S_3_200	ENV_Salinity	2	nan	0.061576	nan	nan	nan	nan	nan	1	1	0	nan	0.000000	nan
OTU_141_18S_3_200	ENV_Salinity	4	nan	0.121553	nan	nan	nan	nan	nan	1	3	0	nan	0.000000	nan
ASV_144_16S_3_200	ENV_Salinity	3	nan	0.143303	nan	nan	nan	nan	nan	0	3	0	nan	0.000000	nan
ASV_331_16S_022_3	ENV_Salinity	3	nan	0.097537	nan	nan	nan	nan	nan	2	1	0	nan	0.000000	nan
ASV_1633_16S_022_3	ENV_Salinity	3	nan	0.073944	nan	nan	nan	nan	nan	2	1	0	nan	0.000000	nan
OTU_215_18S_022_3	ENV_Salinity	4	nan	0.097537	nan	nan	nan	nan	nan	1	3	0	nan	0.000000	nan
ASV_162_16S_022_3	ENV_Salinity	2	nan	0.120755	nan	nan	nan	nan	nan	2	0	0	nan	0.000000	nan
ASV_1158_16S_022_3	ENV_Salinity	3	nan	0.060994	nan	nan	nan	nan	nan	3	0	0	nan	0.000000	nan
ASV_41_16S_022_3	ENV_Salinity	3	nan	0.104803	nan	nan	nan	nan	nan	1	2	0	nan	0.000000	nan
ASV_426_16S_022_3	ENV_Salinity	3	nan	0.179315	nan	nan	nan	nan	nan	1	2	0	nan	0.000000	nan
ASV_182_16S_022_3	ENV_Salinity	2	nan	0.173172	nan	nan	nan	nan	nan	0	2	0	nan	0.000000	nan
ASV_640_16S_022_3	ENV_Salinity	4	nan	0.099751	nan	nan	nan	nan	nan	3	1	0	nan	0.000000	nan
ASV_1459_16S_022_3	ENV_Salinity	4	nan	0.066570	nan	nan	nan	nan	nan	3	1	0	nan	0.000000	nan
ASV_196_16S_022_3	ENV_Salinity	2	nan	0.119254	nan	nan	nan	nan	nan	0	2	0	nan	0.000000	nan
ASV_2304_16S_022_3	ENV_Salinity	5	nan	0.070676	nan	nan	nan	nan	nan	2	3	0	nan	0.000000	nan
ASV_149_16S_022_3	ENV_Salinity	5	nan	0.111779	nan	nan	nan	nan	nan	0	5	0	nan	0.000000	nan
ASV_732_16S_022_3	ENV_Salinity	5	nan	0.066962	nan	nan	nan	nan	nan	5	0	0	nan	0.000000	nan
ASV_743_16S_022_3	ENV_Salinity	3	nan	0.056518	nan	nan	nan	nan	nan	3	0	0	nan	0.000000	nan
ASV_137_16S_022_3	ENV_Salinity	3	nan	0.066675	nan	nan	nan	nan	nan	3	0	0	nan	0.000000	nan
ASV_494_16S_022_3	ENV_Salinity	4	nan	0.133661	nan	nan	nan	nan	nan	0	4	0	nan	0.000000	nan
OTU_458_18S_022_3	ENV_Salinity	1	nan	0.276414	nan	nan	nan	nan	nan	0	1	0	nan	0.000000	nan
ASV_265_16S_022_3	ENV_Salinity	2	nan	0.179607	nan	nan	nan	nan	nan	0	2	0	nan	0.000000	nan
OTU_1756_18S_022_3	ENV_Salinity	3	nan	0.065908	nan	nan	nan	nan	nan	2	1	0	nan	0.000000	nan
ASV_113_16S_022_3	ENV_Salinity	2	nan	0.054017	nan	nan	nan	nan	nan	2	0	0	nan	0.000000	nan
ASV_163_16S_022_3	ENV_Salinity	3	nan	0.088969	nan	nan	nan	nan	nan	2	1	0	nan	0.000000	nan
ASV_4_16S_022_3	ENV_Salinity	2	nan	0.081120	nan	nan	nan	nan	nan	2	0	0	nan	0.000000	nan
ASV_539_16S_022_3	ENV_Salinity	3	nan	0.090300	nan	nan	nan	nan	nan	0	3	0	nan	0.000000	nan
ASV_624_16S_3_200	ENV_Salinity	4	nan	0.173634	nan	nan	nan	nan	nan	0	4	0	nan	0.000000	nan
OTU_351_18S_3_200	ENV_Salinity	3	nan	0.097537	nan	nan	nan	nan	nan	1	2	0	nan	0.000000	nan
ASV_123_16S_022_3	ENV_Salinity	4	nan	0.074317	nan	nan	nan	nan	nan	4	0	0	nan	0.000000	nan
ASV_269_16S_3_200	ENV_Salinity	2	nan	0.114868	nan	nan	nan	nan	nan	0	2	0	nan	0.000000	nan
OTU_1671_18S_022_3	ENV_Salinity	2	nan	0.411865	nan	nan	nan	nan	nan	0	2	0	nan	0.000000	nan
ASV_1146_16S_022_3	ENV_Salinity	4	nan	0.108681	nan	nan	nan	nan	nan	0	4	0	nan	0.000000	nan
ASV_347_16S_022_3	ENV_Salinity	3	nan	0.085592	nan	nan	nan	nan	nan	3	0	0	nan	0.000000	nan
OTU_1295_18S_022_3	ENV_Salinity	1	nan	0.150241	nan	nan	nan	nan	nan	0	1	0	nan	0.000000	nan
OTU_217_18S_3_200	ENV_Salinity	3	nan	0.060994	nan	nan	nan	nan	nan	3	0	0	nan	0.000000	nan
OTU_960_18S_022_3	ENV_Salinity	1	nan	0.155299	nan	nan	nan	nan	nan	0	1	0	nan	0.000000	nan
ASV_187_16S_022_3	ENV_Salinity	4	nan	0.093066	nan	nan	nan	nan	nan	3	1	0	nan	0.000000	nan
ASV_477_16S_022_3	ENV_Salinity	3	nan	0.099751	nan	nan	nan	nan	nan	3	0	0	nan	0.000000	nan
ASV_808_16S_022_3	ENV_Salinity	2	nan	0.075735	nan	nan	nan	nan	nan	1	1	0	nan	0.000000	nan
ASV_1065_16S_022_3	ENV_Salinity	5	nan	0.075735	nan	nan	nan	nan	nan	2	3	0	nan	0.000000	nan
ASV_216_16S_022_3	ENV_Salinity	3	nan	0.093608	nan	nan	nan	nan	nan	2	1	0	nan	0.000000	nan
ASV_277_16S_022_3	ENV_Salinity	3	nan	0.152623	nan	nan	nan	nan	nan	1	2	0	nan	0.000000	nan
ASV_2_16S_022_3	ENV_Salinity	4	nan	0.073944	nan	nan	nan	nan	nan	1	3	0	nan	0.000000	nan
ASV_103_16S_022_3	ENV_Salinity	4	nan	0.063739	nan	nan	nan	nan	nan	4	0	0	nan	0.000000	nan
ASV_30_16S_022_3	ENV_Salinity	3	nan	0.099751	nan	nan	nan	nan	nan	1	2	0	nan	0.000000	nan
ASV_497_16S_022_3	ENV_Salinity	3	nan	0.121553	nan	nan	nan	nan	nan	0	3	0	nan	0.000000	nan
OTU_1774_18S_022_3	ENV_Salinity	1	nan	0.066570	nan	nan	nan	nan	nan	0	1	0	nan	0.000000	nan
ASV_421_16S_022_3	ENV_Salinity	4	nan	0.194551	nan	nan	nan	nan	nan	0	4	0	nan	0.000000	nan
ASV_258_16S_022_3	ENV_Salinity	3	nan	0.091684	nan	nan	nan	nan	nan	1	2	0	nan	0.000000	nan
ASV_1283_16S_3_200	ENV_Salinity	2	nan	0.066570	nan	nan	nan	nan	nan	1	1	0	nan	0.000000	nan
OTU_7_18S_022_3	ENV_Salinity	2	nan	0.093066	nan	nan	nan	nan	nan	0	2	0	nan	0.000000	nan
ASV_475_16S_022_3	ENV_Salinity	5	nan	0.087839	nan	nan	nan	nan	nan	2	3	0	nan	0.000000	nan
OTU_2403_18S_3_200	ENV_Salinity	2	nan	0.066570	nan	nan	nan	nan	nan	1	1	0	nan	0.000000	nan
ASV_971_16S_022_3	ENV_Salinity	3	nan	0.059990	nan	nan	nan	nan	nan	2	1	0	nan	0.000000	nan
ASV_1804_16S_022_3	ENV_Salinity	2	nan	0.102922	nan	nan	nan	nan	nan	1	1	0	nan	0.000000	nan
ASV_340_16S_022_3	ENV_Salinity	3	nan	0.123800	nan	nan	nan	nan	nan	3	0	0	nan	0.000000	nan
OTU_534_18S_3_200	ENV_Salinity	5	nan	0.090146	nan	nan	nan	nan	nan	2	3	0	nan	0.000000	nan
ASV_992_16S_022_3	ENV_Salinity	3	nan	0.060994	nan	nan	nan	nan	nan	3	0	0	nan	0.000000	nan
OTU_680_18S_022_3	ENV_Salinity	1	nan	0.172630	nan	nan	nan	nan	nan	0	1	0	nan	0.000000	nan
ASV_11_16S_022_3	ENV_Salinity	4	nan	0.133661	nan	nan	nan	nan	nan	1	3	0	nan	0.000000	nan
ASV_211_16S_022_3	ENV_Salinity	2	nan	0.145602	nan	nan	nan	nan	nan	0	2	0	nan	0.000000	nan
ASV_184_16S_022_3	ENV_Salinity	2	nan	0.155299	nan	nan	nan	nan	nan	0	2	0	nan	0.000000	nan
ASV_298_16S_3_200	ENV_Salinity	2	nan	0.053013	nan	nan	nan	nan	nan	2	0	0	nan	0.000000	nan
ASV_295_16S_022_3	ENV_Salinity	2	nan	0.072552	nan	nan	nan	nan	nan	2	0	0	nan	0.000000	nan
ASV_2186_16S_022_3	ENV_Salinity	2	nan	0.066570	nan	nan	nan	nan	nan	1	1	0	nan	0.000000	nan
ASV_246_16S_022_3	ENV_Salinity	3	nan	0.081002	nan	nan	nan	nan	nan	2	1	0	nan	0.000000	nan
ASV_27_16S_022_3	ENV_Salinity	3	nan	0.168040	nan	nan	nan	nan	nan	1	2	0	nan	0.000000	nan
ASV_294_16S_022_3	ENV_Salinity	5	nan	0.121553	nan	nan	nan	nan	nan	1	4	0	nan	0.000000	nan
ASV_972_16S_3_200	ENV_Salinity	2	nan	0.081782	nan	nan	nan	nan	nan	1	1	0	nan	0.000000	nan
OTU_1398_18S_3_200	ENV_Salinity	6	nan	0.066570	nan	nan	nan	nan	nan	1	5	0	nan	0.000000	nan
ASV_269_16S_022_3	ENV_Salinity	2	nan	0.114987	nan	nan	nan	nan	nan	0	2	0	nan	0.000000	nan
OTU_794_18S_022_3	ENV_Salinity	1	nan	0.073944	nan	nan	nan	nan	nan	1	0	0	nan	0.000000	nan
ASV_268_16S_022_3	ENV_Salinity	5	nan	0.102922	nan	nan	nan	nan	nan	2	3	0	nan	0.000000	nan
ASV_129_16S_022_3	ENV_Salinity	3	nan	0.099113	nan	nan	nan	nan	nan	2	1	0	nan	0.000000	nan
ASV_204_16S_022_3	ENV_Salinity	4	nan	0.080035	nan	nan	nan	nan	nan	3	1	0	nan	0.000000	nan
ASV_728_16S_022_3	ENV_Salinity	2	nan	0.066962	nan	nan	nan	nan	nan	1	1	0	nan	0.000000	nan
ASV_1243_16S_022_3	ENV_Salinity	3	nan	0.150241	nan	nan	nan	nan	nan	1	2	0	nan	0.000000	nan
OTU_1050_18S_022_3	ENV_Salinity	1	nan	0.108681	nan	nan	nan	nan	nan	0	1	0	nan	0.000000	nan
OTU_1202_18S_022_3	ENV_Salinity	3	nan	0.169065	nan	nan	nan	nan	nan	0	3	0	nan	0.000000	nan
ASV_661_16S_022_3	ENV_Salinity	1	nan	0.108681	nan	nan	nan	nan	nan	0	1	0	nan	0.000000	nan
OTU_290_18S_3_200	ENV_Salinity	3	nan	0.055772	nan	nan	nan	nan	nan	3	0	0	nan	0.000000	nan
OTU_3733_18S_3_200	ENV_Salinity	2	nan	0.073944	nan	nan	nan	nan	nan	0	2	0	nan	0.000000	nan
ASV_671_16S_022_3	ENV_Salinity	5	nan	0.070676	nan	nan	nan	nan	nan	4	1	0	nan	0.000000	nan
OTU_870_18S_022_3	ENV_Salinity	4	nan	0.092478	nan	nan	nan	nan	nan	2	2	0	nan	0.000000	nan
ASV_19_16S_022_3	ENV_Salinity	3	nan	0.120169	nan	nan	nan	nan	nan	1	2	0	nan	0.000000	nan
ASV_1894_16S_022_3	ENV_Salinity	5	nan	0.160685	nan	nan	nan	nan	nan	1	4	0	nan	0.000000	nan
OTU_5966_18S_3_200	ENV_Salinity	3	nan	0.066570	nan	nan	nan	nan	nan	1	2	0	nan	0.000000	nan
ASV_343_16S_022_3	ENV_Salinity	1	nan	0.075735	nan	nan	nan	nan	nan	1	0	0	nan	0.000000	nan
OTU_605_18S_022_3	ENV_Salinity	1	nan	0.268447	nan	nan	nan	nan	nan	0	1	0	nan	0.000000	nan
OTU_790_18S_022_3	ENV_Salinity	3	nan	0.142145	nan	nan	nan	nan	nan	0	3	0	nan	0.000000	nan
ASV_365_16S_022_3	ENV_Salinity	3	nan	0.077774	nan	nan	nan	nan	nan	3	0	0	nan	0.000000	nan
ASV_109_16S_022_3	ENV_Salinity	3	nan	0.078908	nan	nan	nan	nan	nan	2	1	0	nan	0.000000	nan
ASV_327_16S_022_3	ENV_Salinity	3	nan	0.121553	nan	nan	nan	nan	nan	1	2	0	nan	0.000000	nan
ASV_1110_16S_022_3	ENV_Salinity	4	nan	0.066570	nan	nan	nan	nan	nan	2	2	0	nan	0.000000	nan
OTU_115_18S_022_3	ENV_Salinity	1	nan	0.160685	nan	nan	nan	nan	nan	0	1	0	nan	0.000000	nan
OTU_937_18S_3_200	ENV_Salinity	2	nan	0.102634	nan	nan	nan	nan	nan	1	1	0	nan	0.000000	nan
ASV_160_16S_022_3	ENV_Salinity	3	nan	0.107020	nan	nan	nan	nan	nan	1	2	0	nan	0.000000	nan
OTU_3823_18S_3_200	ENV_Salinity	3	nan	0.073944	nan	nan	nan	nan	nan	1	2	0	nan	0.000000	nan
OTU_3225_18S_022_3	ENV_Salinity	1	nan	0.087710	nan	nan	nan	nan	nan	1	0	0	nan	0.000000	nan
ASV_267_16S_3_200	ENV_Salinity	2	nan	0.143259	nan	nan	nan	nan	nan	0	2	0	nan	0.000000	nan
OTU_1358_18S_3_200	ENV_Salinity	4	nan	0.145472	nan	nan	nan	nan	nan	2	2	0	nan	0.000000	nan
ASV_99_16S_022_3	ENV_Salinity	2	nan	0.144856	nan	nan	nan	nan	nan	0	2	0	nan	0.000000	nan
ASV_1696_16S_022_3	ENV_Salinity	4	nan	0.092478	nan	nan	nan	nan	nan	1	3	0	nan	0.000000	nan
OTU_2234_18S_022_3	ENV_Salinity	3	nan	0.066570	nan	nan	nan	nan	nan	3	0	0	nan	0.000000	nan
ASV_383_16S_022_3	ENV_Salinity	2	nan	0.059698	nan	nan	nan	nan	nan	2	0	0	nan	0.000000	nan
OTU_228_18S_3_200	ENV_Salinity	4	nan	0.081782	nan	nan	nan	nan	nan	0	4	0	nan	0.000000	nan
ASV_350_16S_022_3	ENV_Salinity	2	nan	0.065908	nan	nan	nan	nan	nan	2	0	0	nan	0.000000	nan
ASV_1229_16S_022_3	ENV_Salinity	3	nan	0.114868	nan	nan	nan	nan	nan	3	0	0	nan	0.000000	nan
ASV_49_16S_022_3	ENV_Salinity	3	nan	0.114868	nan	nan	nan	nan	nan	1	2	0	nan	0.000000	nan
ASV_2181_16S_022_3	ENV_Salinity	5	nan	0.073944	nan	nan	nan	nan	nan	3	2	0	nan	0.000000	nan
OTU_1408_18S_3_200	ENV_Salinity	2	nan	0.145472	nan	nan	nan	nan	nan	1	1	0	nan	0.000000	nan
ASV_938_16S_022_3	ENV_Salinity	1	nan	0.099113	nan	nan	nan	nan	nan	1	0	0	nan	0.000000	nan
ASV_376_16S_022_3	ENV_Salinity	5	nan	0.066570	nan	nan	nan	nan	nan	4	1	0	nan	0.000000	nan
ASV_709_16S_022_3	ENV_Salinity	5	nan	0.097537	nan	nan	nan	nan	nan	2	3	0	nan	0.000000	nan
ASV_126_16S_022_3	ENV_Salinity	4	nan	0.133119	nan	nan	nan	nan	nan	0	4	0	nan	0.000000	nan
ASV_612_16S_022_3	ENV_Salinity	4	nan	0.093066	nan	nan	nan	nan	nan	2	2	0	nan	0.000000	nan
OTU_329_18S_022_3	ENV_Salinity	2	nan	0.141428	nan	nan	nan	nan	nan	1	1	0	nan	0.000000	nan
OTU_2284_18S_022_3	ENV_Salinity	2	nan	0.145472	nan	nan	nan	nan	nan	1	1	0	nan	0.000000	nan
ASV_325_16S_022_3	ENV_Salinity	3	nan	0.052546	nan	nan	nan	nan	nan	2	1	0	nan	0.000000	nan
ASV_199_16S_022_3	ENV_Salinity	2	nan	0.068380	nan	nan	nan	nan	nan	2	0	0	nan	0.000000	nan
ASV_121_16S_022_3	ENV_Salinity	4	nan	0.081002	nan	nan	nan	nan	nan	4	0	0	nan	0.000000	nan
ASV_951_16S_022_3	ENV_Salinity	4	nan	0.160685	nan	nan	nan	nan	nan	1	3	0	nan	0.000000	nan
ASV_1541_16S_3_200	ENV_Salinity	1	nan	0.070676	nan	nan	nan	nan	nan	1	0	0	nan	0.000000	nan
OTU_1970_18S_3_200	ENV_Salinity	4	nan	0.160685	nan	nan	nan	nan	nan	0	4	0	nan	0.000000	nan
ASV_405_16S_3_200	ENV_Salinity	2	nan	0.098830	nan	nan	nan	nan	nan	2	0	0	nan	0.000000	nan
ASV_274_16S_022_3	ENV_Salinity	4	nan	0.128822	nan	nan	nan	nan	nan	1	3	0	nan	0.000000	nan
OTU_1070_18S_022_3	ENV_Salinity	2	nan	0.066570	nan	nan	nan	nan	nan	0	2	0	nan	0.000000	nan
ASV_1577_16S_022_3	ENV_Salinity	5	nan	0.097537	nan	nan	nan	nan	nan	0	5	0	nan	0.000000	nan
OTU_3655_18S_3_200	ENV_Salinity	1	nan	0.145472	nan	nan	nan	nan	nan	1	0	0	nan	0.000000	nan
OTU_505_18S_3_200	ENV_Salinity	3	nan	0.119254	nan	nan	nan	nan	nan	1	2	0	nan	0.000000	nan
OTU_924_18S_3_200	ENV_Salinity	3	nan	0.066570	nan	nan	nan	nan	nan	3	0	0	nan	0.000000	nan
ASV_566_16S_022_3	ENV_Salinity	4	nan	0.102922	nan	nan	nan	nan	nan	1	3	0	nan	0.000000	nan
ASV_644_16S_022_3	ENV_Salinity	6	nan	0.070676	nan	nan	nan	nan	nan	5	1	0	nan	0.000000	nan
ASV_1136_16S_022_3	ENV_Salinity	4	nan	0.056518	nan	nan	nan	nan	nan	4	0	0	nan	0.000000	nan
OTU_186_18S_022_3	ENV_Salinity	1	nan	0.066962	nan	nan	nan	nan	nan	1	0	0	nan	0.000000	nan
ASV_1305_16S_022_3	ENV_Salinity	2	nan	0.213892	nan	nan	nan	nan	nan	0	2	0	nan	0.000000	nan
OTU_3598_18S_022_3	ENV_Salinity	3	nan	0.102922	nan	nan	nan	nan	nan	1	2	0	nan	0.000000	nan
ASV_339_16S_022_3	ENV_Salinity	3	nan	0.053803	nan	nan	nan	nan	nan	3	0	0	nan	0.000000	nan
ASV_255_16S_022_3	ENV_Salinity	2	nan	0.102634	nan	nan	nan	nan	nan	0	2	0	nan	0.000000	nan
ASV_779_16S_022_3	ENV_Salinity	2	nan	0.066967	nan	nan	nan	nan	nan	2	0	0	nan	0.000000	nan
ASV_122_16S_022_3	ENV_Salinity	4	nan	0.161898	nan	nan	nan	nan	nan	2	2	0	nan	0.000000	nan
ASV_157_16S_022_3	ENV_Salinity	2	nan	0.070474	nan	nan	nan	nan	nan	2	0	0	nan	0.000000	nan
ASV_580_16S_022_3	ENV_Salinity	1	nan	0.212683	nan	nan	nan	nan	nan	0	1	0	nan	0.000000	nan
ASV_463_16S_022_3	ENV_Salinity	3	nan	0.123800	nan	nan	nan	nan	nan	0	3	0	nan	0.000000	nan
ASV_1190_16S_022_3	ENV_Salinity	4	nan	0.108681	nan	nan	nan	nan	nan	0	4	0	nan	0.000000	nan
ASV_192_16S_022_3	ENV_Salinity	3	nan	0.186584	nan	nan	nan	nan	nan	0	3	0	nan	0.000000	nan
ASV_3_16S_022_3	ENV_Salinity	3	nan	0.059990	nan	nan	nan	nan	nan	3	0	0	nan	0.000000	nan
ASV_390_16S_022_3	ENV_Salinity	3	nan	0.136789	nan	nan	nan	nan	nan	2	1	0	nan	0.000000	nan
ASV_552_16S_022_3	ENV_Salinity	4	nan	0.078908	nan	nan	nan	nan	nan	3	1	0	nan	0.000000	nan
ASV_459_16S_3_200	ENV_Salinity	3	nan	0.159675	nan	nan	nan	nan	nan	1	2	0	nan	0.000000	nan
OTU_516_18S_022_3	ENV_Salinity	2	nan	0.127644	nan	nan	nan	nan	nan	0	2	0	nan	0.000000	nan
ASV_1270_16S_022_3	ENV_Salinity	3	nan	0.066570	nan	nan	nan	nan	nan	2	1	0	nan	0.000000	nan
ASV_803_16S_022_3	ENV_Salinity	4	nan	0.172630	nan	nan	nan	nan	nan	0	4	0	nan	0.000000	nan
ASV_675_16S_022_3	ENV_Salinity	4	nan	0.078908	nan	nan	nan	nan	nan	0	4	0	nan	0.000000	nan
ASV_574_16S_022_3	ENV_Salinity	6	nan	0.203364	nan	nan	nan	nan	nan	0	6	0	nan	0.000000	nan
ASV_564_16S_022_3	ENV_Salinity	4	nan	0.108681	nan	nan	nan	nan	nan	1	3	0	nan	0.000000	nan
ASV_2226_16S_022_3	ENV_Salinity	3	nan	0.066570	nan	nan	nan	nan	nan	3	0	0	nan	0.000000	nan
ASV_687_16S_022_3	ENV_Salinity	2	nan	0.168040	nan	nan	nan	nan	nan	0	2	0	nan	0.000000	nan
ASV_155_16S_022_3	ENV_Salinity	2	nan	0.075735	nan	nan	nan	nan	nan	1	1	0	nan	0.000000	nan
ASV_1362_16S_022_3	ENV_Salinity	5	nan	0.073944	nan	nan	nan	nan	nan	2	3	0	nan	0.000000	nan
ASV_1375_16S_3_200	ENV_Salinity	3	nan	0.073944	nan	nan	nan	nan	nan	2	1	0	nan	0.000000	nan
ASV_362_16S_022_3	ENV_Salinity	4	nan	0.140096	nan	nan	nan	nan	nan	2	2	0	nan	0.000000	nan
OTU_83_18S_3_200	ENV_Salinity	4	nan	0.065908	nan	nan	nan	nan	nan	3	1	0	nan	0.000000	nan
ASV_793_16S_022_3	ENV_Salinity	3	nan	0.093066	nan	nan	nan	nan	nan	1	2	0	nan	0.000000	nan
ASV_705_16S_022_3	ENV_Salinity	3	nan	0.073944	nan	nan	nan	nan	nan	0	3	0	nan	0.000000	nan
ASV_248_16S_022_3	ENV_Salinity	5	nan	0.075735	nan	nan	nan	nan	nan	3	2	0	nan	0.000000	nan
ASV_863_16S_022_3	ENV_Salinity	4	nan	0.166443	nan	nan	nan	nan	nan	2	2	0	nan	0.000000	nan
OTU_4876_18S_3_200	ENV_Salinity	3	nan	0.066962	nan	nan	nan	nan	nan	3	0	0	nan	0.000000	nan
ASV_388_16S_022_3	ENV_Salinity	2	nan	0.059523	nan	nan	nan	nan	nan	2	0	0	nan	0.000000	nan
OTU_86_18S_3_200	ENV_Salinity	3	nan	0.145472	nan	nan	nan	nan	nan	2	1	0	nan	0.000000	nan
ASV_440_16S_022_3	ENV_Salinity	2	nan	0.063739	nan	nan	nan	nan	nan	2	0	0	nan	0.000000	nan
OTU_391_18S_3_200	ENV_Salinity	3	nan	0.092478	nan	nan	nan	nan	nan	1	2	0	nan	0.000000	nan
ASV_135_16S_022_3	ENV_Salinity	2	nan	0.119254	nan	nan	nan	nan	nan	1	1	0	nan	0.000000	nan
OTU_30_18S_3_200	ENV_Salinity	1	nan	0.056518	nan	nan	nan	nan	nan	1	0	0	nan	0.000000	nan
OTU_550_18S_022_3	ENV_Salinity	2	nan	0.151753	nan	nan	nan	nan	nan	0	2	0	nan	0.000000	nan
OTU_22_18S_022_3	ENV_Salinity	1	nan	0.053013	nan	nan	nan	nan	nan	1	0	0	nan	0.000000	nan
OTU_2785_18S_3_200	ENV_Salinity	2	nan	0.087710	nan	nan	nan	nan	nan	1	1	0	nan	0.000000	nan
ASV_884_16S_022_3	ENV_Salinity	1	nan	0.108681	nan	nan	nan	nan	nan	1	0	0	nan	0.000000	nan
OTU_2449_18S_3_200	ENV_Salinity	2	nan	0.150241	nan	nan	nan	nan	nan	0	2	0	nan	0.000000	nan
OTU_1102_18S_022_3	ENV_Salinity	3	nan	0.155299	nan	nan	nan	nan	nan	0	3	0	nan	0.000000	nan
OTU_879_18S_3_200	ENV_Salinity	5	nan	0.097537	nan	nan	nan	nan	nan	2	3	0	nan	0.000000	nan
ASV_1543_16S_022_3	ENV_Salinity	3	nan	0.070676	nan	nan	nan	nan	nan	2	1	0	nan	0.000000	nan
ASV_632_16S_022_3	ENV_Salinity	2	nan	0.066962	nan	nan	nan	nan	nan	2	0	0	nan	0.000000	nan
ASV_473_16S_022_3	ENV_Salinity	4	nan	0.072552	nan	nan	nan	nan	nan	4	0	0	nan	0.000000	nan
ASV_893_16S_022_3	ENV_Salinity	3	nan	0.107020	nan	nan	nan	nan	nan	1	2	0	nan	0.000000	nan
ASV_1061_16S_022_3	ENV_Salinity	5	nan	0.072721	nan	nan	nan	nan	nan	3	2	0	nan	0.000000	nan
OTU_406_18S_022_3	ENV_Salinity	1	nan	0.134159	nan	nan	nan	nan	nan	1	0	0	nan	0.000000	nan
OTU_3563_18S_3_200	ENV_Salinity	2	nan	0.087710	nan	nan	nan	nan	nan	2	0	0	nan	0.000000	nan
ASV_179_16S_022_3	ENV_Salinity	3	nan	0.133661	nan	nan	nan	nan	nan	0	3	0	nan	0.000000	nan
OTU_1397_18S_3_200	ENV_Salinity	6	nan	0.065908	nan	nan	nan	nan	nan	5	1	0	nan	0.000000	nan
ASV_1257_16S_022_3	ENV_Salinity	2	nan	0.140479	nan	nan	nan	nan	nan	1	1	0	nan	0.000000	nan
ASV_1071_16S_022_3	ENV_Salinity	2	nan	0.066570	nan	nan	nan	nan	nan	2	0	0	nan	0.000000	nan
OTU_1144_18S_022_3	ENV_Salinity	1	nan	0.166443	nan	nan	nan	nan	nan	0	1	0	nan	0.000000	nan
ASV_697_16S_022_3	ENV_Salinity	3	nan	0.145602	nan	nan	nan	nan	nan	0	3	0	nan	0.000000	nan
OTU_568_18S_3_200	ENV_Salinity	3	nan	0.099655	nan	nan	nan	nan	nan	3	0	0	nan	0.000000	nan
ASV_943_16S_022_3	ENV_Salinity	3	nan	0.093066	nan	nan	nan	nan	nan	0	3	0	nan	0.000000	nan
ASV_648_16S_022_3	ENV_Salinity	4	nan	0.066570	nan	nan	nan	nan	nan	3	1	0	nan	0.000000	nan
OTU_68_18S_3_200	ENV_Salinity	3	nan	0.090146	nan	nan	nan	nan	nan	1	2	0	nan	0.000000	nan
ASV_730_16S_022_3	ENV_Salinity	4	nan	0.114868	nan	nan	nan	nan	nan	0	4	0	nan	0.000000	nan
ASV_688_16S_022_3	ENV_Salinity	2	nan	0.072721	nan	nan	nan	nan	nan	1	1	0	nan	0.000000	nan
ASV_495_16S_022_3	ENV_Salinity	3	nan	0.102922	nan	nan	nan	nan	nan	2	1	0	nan	0.000000	nan
ASV_706_16S_3_200	ENV_Salinity	4	nan	0.090146	nan	nan	nan	nan	nan	0	4	0	nan	0.000000	nan
ASV_311_16S_022_3	ENV_Salinity	4	nan	0.114987	nan	nan	nan	nan	nan	0	4	0	nan	0.000000	nan
ASV_1139_16S_022_3	ENV_Salinity	4	nan	0.073944	nan	nan	nan	nan	nan	2	2	0	nan	0.000000	nan
ASV_926_16S_022_3	ENV_Salinity	2	nan	0.093066	nan	nan	nan	nan	nan	0	2	0	nan	0.000000	nan
ASV_647_16S_022_3	ENV_Salinity	3	nan	0.068961	nan	nan	nan	nan	nan	2	1	0	nan	0.000000	nan
OTU_2133_18S_3_200	ENV_Salinity	3	nan	0.108681	nan	nan	nan	nan	nan	1	2	0	nan	0.000000	nan
OTU_2496_18S_3_200	ENV_Salinity	3	nan	0.075735	nan	nan	nan	nan	nan	2	1	0	nan	0.000000	nan
ASV_397_16S_022_3	ENV_Salinity	2	nan	0.085095	nan	nan	nan	nan	nan	1	1	0	nan	0.000000	nan
OTU_2662_18S_022_3	ENV_Salinity	4	nan	0.073944	nan	nan	nan	nan	nan	3	1	0	nan	0.000000	nan
OTU_1354_18S_3_200	ENV_Salinity	2	nan	0.066570	nan	nan	nan	nan	nan	1	1	0	nan	0.000000	nan
ASV_306_16S_022_3	ENV_Salinity	4	nan	0.155299	nan	nan	nan	nan	nan	1	3	0	nan	0.000000	nan
ASV_291_16S_022_3	ENV_Salinity	1	nan	0.136789	nan	nan	nan	nan	nan	0	1	0	nan	0.000000	nan
OTU_989_18S_3_200	ENV_Salinity	7	nan	0.066570	nan	nan	nan	nan	nan	2	5	0	nan	0.000000	nan
OTU_2054_18S_3_200	ENV_Salinity	1	nan	0.066570	nan	nan	nan	nan	nan	1	0	0	nan	0.000000	nan
OTU_3384_18S_022_3	ENV_Salinity	1	nan	0.092478	nan	nan	nan	nan	nan	1	0	0	nan	0.000000	nan
ASV_294_16S_3_200	ENV_Salinity	2	nan	0.095160	nan	nan	nan	nan	nan	0	2	0	nan	0.000000	nan
ASV_1287_16S_3_200	ENV_Salinity	2	nan	0.155299	nan	nan	nan	nan	nan	1	1	0	nan	0.000000	nan
OTU_492_18S_3_200	ENV_Salinity	3	nan	0.145472	nan	nan	nan	nan	nan	0	3	0	nan	0.000000	nan
OTU_458_18S_3_200	ENV_Salinity	3	nan	0.117285	nan	nan	nan	nan	nan	1	2	0	nan	0.000000	nan
OTU_1172_18S_3_200	ENV_Salinity	3	nan	0.090146	nan	nan	nan	nan	nan	2	1	0	nan	0.000000	nan
OTU_724_18S_022_3	ENV_Salinity	3	nan	0.073944	nan	nan	nan	nan	nan	2	1	0	nan	0.000000	nan
ASV_889_16S_022_3	ENV_Salinity	2	nan	0.084632	nan	nan	nan	nan	nan	2	0	0	nan	0.000000	nan
OTU_422_18S_022_3	ENV_Salinity	1	nan	0.060994	nan	nan	nan	nan	nan	1	0	0	nan	0.000000	nan
ASV_955_16S_022_3	ENV_Salinity	2	nan	0.099751	nan	nan	nan	nan	nan	0	2	0	nan	0.000000	nan
OTU_997_18S_3_200	ENV_Salinity	5	nan	0.066570	nan	nan	nan	nan	nan	3	2	0	nan	0.000000	nan
ASV_488_16S_022_3	ENV_Salinity	2	nan	0.081911	nan	nan	nan	nan	nan	1	1	0	nan	0.000000	nan
OTU_1284_18S_022_3	ENV_Salinity	2	nan	0.154533	nan	nan	nan	nan	nan	2	0	0	nan	0.000000	nan
ASV_400_16S_022_3	ENV_Salinity	2	nan	0.082334	nan	nan	nan	nan	nan	1	1	0	nan	0.000000	nan
OTU_768_18S_3_200	ENV_Salinity	2	nan	0.150241	nan	nan	nan	nan	nan	0	2	0	nan	0.000000	nan
ASV_633_16S_022_3	ENV_Salinity	1	nan	0.156796	nan	nan	nan	nan	nan	0	1	0	nan	0.000000	nan
OTU_351_18S_022_3	ENV_Salinity	1	nan	0.047040	nan	nan	nan	nan	nan	1	0	0	nan	0.000000	nan
ASV_949_16S_022_3	ENV_Salinity	2	nan	0.114868	nan	nan	nan	nan	nan	0	2	0	nan	0.000000	nan
OTU_29_18S_022_3	ENV_Salinity	3	nan	0.062407	nan	nan	nan	nan	nan	2	1	0	nan	0.000000	nan
ASV_407_16S_022_3	ENV_Salinity	2	nan	0.047040	nan	nan	nan	nan	nan	2	0	0	nan	0.000000	nan
ASV_360_16S_022_3	ENV_Salinity	1	nan	0.111779	nan	nan	nan	nan	nan	0	1	0	nan	0.000000	nan
ASV_979_16S_022_3	ENV_Salinity	3	nan	0.086879	nan	nan	nan	nan	nan	1	2	0	nan	0.000000	nan
ASV_308_16S_022_3	ENV_Salinity	4	nan	0.128822	nan	nan	nan	nan	nan	1	3	0	nan	0.000000	nan
OTU_347_18S_022_3	ENV_Salinity	1	nan	0.065908	nan	nan	nan	nan	nan	1	0	0	nan	0.000000	nan
ASV_996_16S_022_3	ENV_Salinity	2	nan	0.059990	nan	nan	nan	nan	nan	2	0	0	nan	0.000000	nan
ASV_428_16S_022_3	ENV_Salinity	4	nan	0.078908	nan	nan	nan	nan	nan	3	1	0	nan	0.000000	nan
ASV_74_16S_022_3	ENV_Salinity	4	nan	0.133661	nan	nan	nan	nan	nan	4	0	0	nan	0.000000	nan
OTU_167_18S_022_3	ENV_Salinity	2	nan	0.066570	nan	nan	nan	nan	nan	2	0	0	nan	0.000000	nan
ASV_635_16S_022_3	ENV_Salinity	3	nan	0.062193	nan	nan	nan	nan	nan	3	0	0	nan	0.000000	nan
OTU_332_18S_3_200	ENV_Salinity	2	nan	0.201021	nan	nan	nan	nan	nan	0	2	0	nan	0.000000	nan
ASV_829_16S_022_3	ENV_Salinity	4	nan	0.145472	nan	nan	nan	nan	nan	0	4	0	nan	0.000000	nan
ASV_452_16S_022_3	ENV_Salinity	2	nan	0.130697	nan	nan	nan	nan	nan	0	2	0	nan	0.000000	nan
ASV_2084_16S_022_3	ENV_Salinity	1	nan	0.073944	nan	nan	nan	nan	nan	1	0	0	nan	0.000000	nan
OTU_749_18S_3_200	ENV_Salinity	1	nan	0.150241	nan	nan	nan	nan	nan	1	0	0	nan	0.000000	nan
ASV_988_16S_022_3	ENV_Salinity	4	nan	0.070676	nan	nan	nan	nan	nan	3	1	0	nan	0.000000	nan
ASV_1092_16S_022_3	ENV_Salinity	5	nan	0.062193	nan	nan	nan	nan	nan	3	2	0	nan	0.000000	nan
ASV_1193_16S_3_200	ENV_Salinity	2	nan	0.145472	nan	nan	nan	nan	nan	0	2	0	nan	0.000000	nan
ASV_759_16S_022_3	ENV_Salinity	2	nan	0.102922	nan	nan	nan	nan	nan	1	1	0	nan	0.000000	nan
ASV_605_16S_022_3	ENV_Salinity	4	nan	0.183700	nan	nan	nan	nan	nan	0	4	0	nan	0.000000	nan
OTU_4249_18S_3_200	ENV_Salinity	5	nan	0.081782	nan	nan	nan	nan	nan	1	4	0	nan	0.000000	nan
ASV_1205_16S_022_3	ENV_Salinity	2	nan	0.093066	nan	nan	nan	nan	nan	0	2	0	nan	0.000000	nan
OTU_2399_18S_3_200	ENV_Salinity	2	nan	0.102922	nan	nan	nan	nan	nan	1	1	0	nan	0.000000	nan
ASV_585_16S_022_3	ENV_Salinity	4	nan	0.062193	nan	nan	nan	nan	nan	3	1	0	nan	0.000000	nan
ASV_736_16S_022_3	ENV_Salinity	3	nan	0.085592	nan	nan	nan	nan	nan	3	0	0	nan	0.000000	nan
ASV_931_16S_022_3	ENV_Salinity	5	nan	0.060994	nan	nan	nan	nan	nan	4	1	0	nan	0.000000	nan
ASV_42_16S_022_3	ENV_Salinity	2	nan	0.066570	nan	nan	nan	nan	nan	2	0	0	nan	0.000000	nan
OTU_485_18S_022_3	ENV_Salinity	1	nan	0.099113	nan	nan	nan	nan	nan	1	0	0	nan	0.000000	nan
ASV_1320_16S_022_3	ENV_Salinity	3	nan	0.048503	nan	nan	nan	nan	nan	3	0	0	nan	0.000000	nan
ASV_1446_16S_022_3	ENV_Salinity	3	nan	0.118961	nan	nan	nan	nan	nan	0	3	0	nan	0.000000	nan
ASV_1106_16S_022_3	ENV_Salinity	2	nan	0.087710	nan	nan	nan	nan	nan	2	0	0	nan	0.000000	nan
ASV_1439_16S_022_3	ENV_Salinity	2	nan	0.081120	nan	nan	nan	nan	nan	1	1	0	nan	0.000000	nan
OTU_3755_18S_3_200	ENV_Salinity	2	nan	0.066570	nan	nan	nan	nan	nan	2	0	0	nan	0.000000	nan
ASV_530_16S_022_3	ENV_Salinity	2	nan	0.065908	nan	nan	nan	nan	nan	2	0	0	nan	0.000000	nan
OTU_1335_18S_3_200	ENV_Salinity	3	nan	0.081782	nan	nan	nan	nan	nan	1	2	0	nan	0.000000	nan
ASV_213_16S_022_3	ENV_Salinity	3	nan	0.066570	nan	nan	nan	nan	nan	3	0	0	nan	0.000000	nan
ASV_601_16S_022_3	ENV_Salinity	2	nan	0.087710	nan	nan	nan	nan	nan	1	1	0	nan	0.000000	nan
OTU_2620_18S_3_200	ENV_Salinity	5	nan	0.081782	nan	nan	nan	nan	nan	2	3	0	nan	0.000000	nan
ASV_715_16S_022_3	ENV_Salinity	3	nan	0.121553	nan	nan	nan	nan	nan	1	2	0	nan	0.000000	nan
ASV_78_16S_022_3	ENV_Salinity	3	nan	0.071259	nan	nan	nan	nan	nan	3	0	0	nan	0.000000	nan
ASV_967_16S_022_3	ENV_Salinity	2	nan	0.066570	nan	nan	nan	nan	nan	2	0	0	nan	0.000000	nan
ASV_853_16S_022_3	ENV_Salinity	3	nan	0.114868	nan	nan	nan	nan	nan	0	3	0	nan	0.000000	nan
ASV_489_16S_022_3	ENV_Salinity	1	nan	0.094860	nan	nan	nan	nan	nan	0	1	0	nan	0.000000	nan
ASV_758_16S_022_3	ENV_Salinity	3	nan	0.073944	nan	nan	nan	nan	nan	3	0	0	nan	0.000000	nan
OTU_450_18S_022_3	ENV_Salinity	1	nan	0.150241	nan	nan	nan	nan	nan	0	1	0	nan	0.000000	nan
OTU_385_18S_022_3	ENV_Salinity	1	nan	0.166443	nan	nan	nan	nan	nan	0	1	0	nan	0.000000	nan
OTU_1906_18S_3_200	ENV_Salinity	4	nan	0.066570	nan	nan	nan	nan	nan	4	0	0	nan	0.000000	nan
ASV_328_16S_022_3	ENV_Salinity	2	nan	0.145602	nan	nan	nan	nan	nan	1	1	0	nan	0.000000	nan
ASV_437_16S_022_3	ENV_Salinity	2	nan	0.059698	nan	nan	nan	nan	nan	2	0	0	nan	0.000000	nan
ASV_165_16S_022_3	ENV_Salinity	3	nan	0.066570	nan	nan	nan	nan	nan	1	2	0	nan	0.000000	nan
ASV_378_16S_022_3	ENV_Salinity	2	nan	0.053803	nan	nan	nan	nan	nan	2	0	0	nan	0.000000	nan
ASV_1589_16S_022_3	ENV_Salinity	4	nan	0.092478	nan	nan	nan	nan	nan	0	4	0	nan	0.000000	nan
ASV_819_16S_022_3	ENV_Salinity	3	nan	0.121553	nan	nan	nan	nan	nan	2	1	0	nan	0.000000	nan
ASV_576_16S_022_3	ENV_Salinity	4	nan	0.062193	nan	nan	nan	nan	nan	3	1	0	nan	0.000000	nan
ASV_652_16S_022_3	ENV_Salinity	5	nan	0.172630	nan	nan	nan	nan	nan	0	5	0	nan	0.000000	nan
ASV_72_16S_022_3	ENV_Salinity	4	nan	0.136789	nan	nan	nan	nan	nan	1	3	0	nan	0.000000	nan
ASV_158_16S_022_3	ENV_Salinity	2	nan	0.059523	nan	nan	nan	nan	nan	2	0	0	nan	0.000000	nan
OTU_421_18S_022_3	ENV_Salinity	1	nan	0.130697	nan	nan	nan	nan	nan	1	0	0	nan	0.000000	nan
ASV_848_16S_022_3	ENV_Salinity	3	nan	0.073944	nan	nan	nan	nan	nan	2	1	0	nan	0.000000	nan
ASV_130_16S_022_3	ENV_Salinity	2	nan	0.121553	nan	nan	nan	nan	nan	1	1	0	nan	0.000000	nan
ASV_1094_16S_022_3	ENV_Salinity	6	nan	0.119254	nan	nan	nan	nan	nan	2	4	0	nan	0.000000	nan
OTU_1374_18S_022_3	ENV_Salinity	3	nan	0.145472	nan	nan	nan	nan	nan	1	2	0	nan	0.000000	nan
ASV_20_16S_3_200	ENV_Salinity	1	nan	0.102922	nan	nan	nan	nan	nan	1	0	0	nan	0.000000	nan
ASV_400_16S_3_200	ENV_Salinity	3	nan	0.136789	nan	nan	nan	nan	nan	1	2	0	nan	0.000000	nan
ASV_720_16S_022_3	ENV_Salinity	4	nan	0.150241	nan	nan	nan	nan	nan	0	4	0	nan	0.000000	nan
ASV_522_16S_022_3	ENV_Salinity	2	nan	0.128822	nan	nan	nan	nan	nan	0	2	0	nan	0.000000	nan
ASV_764_16S_022_3	ENV_Salinity	3	nan	0.066570	nan	nan	nan	nan	nan	2	1	0	nan	0.000000	nan
ASV_776_16S_022_3	ENV_Salinity	2	nan	0.097537	nan	nan	nan	nan	nan	0	2	0	nan	0.000000	nan
OTU_1902_18S_022_3	ENV_Salinity	3	nan	0.066570	nan	nan	nan	nan	nan	1	2	0	nan	0.000000	nan
ASV_900_16S_022_3	ENV_Salinity	3	nan	0.160685	nan	nan	nan	nan	nan	1	2	0	nan	0.000000	nan
OTU_2382_18S_022_3	ENV_Salinity	3	nan	0.145472	nan	nan	nan	nan	nan	0	3	0	nan	0.000000	nan
OTU_932_18S_022_3	ENV_Salinity	3	nan	0.106434	nan	nan	nan	nan	nan	2	1	0	nan	0.000000	nan
ASV_658_16S_022_3	ENV_Salinity	2	nan	0.066570	nan	nan	nan	nan	nan	0	2	0	nan	0.000000	nan
OTU_3663_18S_022_3	ENV_Salinity	2	nan	0.077774	nan	nan	nan	nan	nan	1	1	0	nan	0.000000	nan
ASV_512_16S_022_3	ENV_Salinity	3	nan	0.182691	nan	nan	nan	nan	nan	0	3	0	nan	0.000000	nan
ASV_1289_16S_022_3	ENV_Salinity	3	nan	0.061576	nan	nan	nan	nan	nan	3	0	0	nan	0.000000	nan
ASV_348_16S_3_200	ENV_Salinity	2	nan	0.077526	nan	nan	nan	nan	nan	0	2	0	nan	0.000000	nan
OTU_3466_18S_022_3	ENV_Salinity	1	nan	0.066570	nan	nan	nan	nan	nan	1	0	0	nan	0.000000	nan
ASV_560_16S_022_3	ENV_Salinity	4	nan	0.066675	nan	nan	nan	nan	nan	3	1	0	nan	0.000000	nan
ASV_590_16S_022_3	ENV_Salinity	1	nan	0.081782	nan	nan	nan	nan	nan	1	0	0	nan	0.000000	nan
OTU_868_18S_022_3	ENV_Salinity	5	nan	0.075735	nan	nan	nan	nan	nan	4	1	0	nan	0.000000	nan
OTU_213_18S_3_200	ENV_Salinity	3	nan	0.063739	nan	nan	nan	nan	nan	3	0	0	nan	0.000000	nan
OTU_1095_18S_3_200	ENV_Salinity	2	nan	0.121553	nan	nan	nan	nan	nan	1	1	0	nan	0.000000	nan
OTU_2682_18S_3_200	ENV_Salinity	2	nan	0.087710	nan	nan	nan	nan	nan	1	1	0	nan	0.000000	nan
OTU_1226_18S_3_200	ENV_Salinity	1	nan	0.066570	nan	nan	nan	nan	nan	1	0	0	nan	0.000000	nan
OTU_873_18S_022_3	ENV_Salinity	4	nan	0.066570	nan	nan	nan	nan	nan	4	0	0	nan	0.000000	nan
ASV_143_16S_022_3	ENV_Salinity	4	nan	0.065908	nan	nan	nan	nan	nan	4	0	0	nan	0.000000	nan
OTU_2308_18S_3_200	ENV_Salinity	4	nan	0.066570	nan	nan	nan	nan	nan	4	0	0	nan	0.000000	nan
OTU_682_18S_3_200	ENV_Salinity	3	nan	0.096771	nan	nan	nan	nan	nan	2	1	0	nan	0.000000	nan
ASV_424_16S_022_3	ENV_Salinity	4	nan	0.062193	nan	nan	nan	nan	nan	4	0	0	nan	0.000000	nan
OTU_889_18S_3_200	ENV_Salinity	3	nan	0.066570	nan	nan	nan	nan	nan	2	1	0	nan	0.000000	nan
OTU_2758_18S_3_200	ENV_Salinity	1	nan	0.073944	nan	nan	nan	nan	nan	0	1	0	nan	0.000000	nan
ASV_1201_16S_3_200	ENV_Salinity	2	nan	0.066570	nan	nan	nan	nan	nan	0	2	0	nan	0.000000	nan
ASV_1127_16S_022_3	ENV_Salinity	4	nan	0.248629	nan	nan	nan	nan	nan	0	4	0	nan	0.000000	nan
ASV_36_16S_022_3	ENV_Salinity	3	nan	0.085885	nan	nan	nan	nan	nan	3	0	0	nan	0.000000	nan
ASV_425_16S_022_3	ENV_Salinity	3	nan	0.068380	nan	nan	nan	nan	nan	3	0	0	nan	0.000000	nan
ASV_1367_16S_022_3	ENV_Salinity	3	nan	0.114868	nan	nan	nan	nan	nan	0	3	0	nan	0.000000	nan
OTU_1230_18S_022_3	ENV_Salinity	2	nan	0.099655	nan	nan	nan	nan	nan	1	1	0	nan	0.000000	nan
ASV_722_16S_022_3	ENV_Salinity	3	nan	0.075064	nan	nan	nan	nan	nan	3	0	0	nan	0.000000	nan
ASV_470_16S_022_3	ENV_Salinity	1	nan	0.192676	nan	nan	nan	nan	nan	0	1	0	nan	0.000000	nan
ASV_533_16S_022_3	ENV_Salinity	4	nan	0.179315	nan	nan	nan	nan	nan	1	3	0	nan	0.000000	nan
ASV_63_16S_022_3	ENV_Salinity	2	nan	0.073944	nan	nan	nan	nan	nan	2	0	0	nan	0.000000	nan
ASV_917_16S_022_3	ENV_Salinity	5	nan	0.099751	nan	nan	nan	nan	nan	2	3	0	nan	0.000000	nan
ASV_824_16S_022_3	ENV_Salinity	5	nan	0.092478	nan	nan	nan	nan	nan	2	3	0	nan	0.000000	nan
ASV_1331_16S_022_3	ENV_Salinity	5	nan	0.097537	nan	nan	nan	nan	nan	1	4	0	nan	0.000000	nan
ASV_1235_16S_022_3	ENV_Salinity	2	nan	0.070676	nan	nan	nan	nan	nan	1	1	0	nan	0.000000	nan
OTU_6834_18S_022_3	ENV_Salinity	2	nan	0.066570	nan	nan	nan	nan	nan	2	0	0	nan	0.000000	nan
OTU_248_18S_022_3	ENV_Salinity	2	nan	0.108681	nan	nan	nan	nan	nan	2	0	0	nan	0.000000	nan
ASV_1411_16S_022_3	ENV_Salinity	4	nan	0.102922	nan	nan	nan	nan	nan	1	3	0	nan	0.000000	nan
OTU_162_18S_3_200	ENV_Salinity	1	nan	0.102958	nan	nan	nan	nan	nan	1	0	0	nan	0.000000	nan
OTU_217_18S_022_3	ENV_Salinity	2	nan	0.149122	nan	nan	nan	nan	nan	0	2	0	nan	0.000000	nan
OTU_2040_18S_022_3	ENV_Salinity	4	nan	0.066570	nan	nan	nan	nan	nan	2	2	0	nan	0.000000	nan
ASV_50_16S_022_3	ENV_Salinity	3	nan	0.133661	nan	nan	nan	nan	nan	1	2	0	nan	0.000000	nan
ASV_1551_16S_022_3	ENV_Salinity	6	nan	0.075735	nan	nan	nan	nan	nan	2	4	0	nan	0.000000	nan
OTU_1404_18S_022_3	ENV_Salinity	3	nan	0.145472	nan	nan	nan	nan	nan	0	3	0	nan	0.000000	nan
ASV_641_16S_022_3	ENV_Salinity	3	nan	0.069384	nan	nan	nan	nan	nan	1	2	0	nan	0.000000	nan
OTU_1557_18S_022_3	ENV_Salinity	3	nan	0.065908	nan	nan	nan	nan	nan	3	0	0	nan	0.000000	nan
ASV_181_16S_022_3	ENV_Salinity	1	nan	0.084209	nan	nan	nan	nan	nan	1	0	0	nan	0.000000	nan
ASV_1335_16S_022_3	ENV_Salinity	5	nan	0.066570	nan	nan	nan	nan	nan	4	1	0	nan	0.000000	nan
ASV_1171_16S_022_3	ENV_Salinity	3	nan	0.086879	nan	nan	nan	nan	nan	2	1	0	nan	0.000000	nan
ASV_1215_16S_022_3	ENV_Salinity	4	nan	0.097537	nan	nan	nan	nan	nan	0	4	0	nan	0.000000	nan
ASV_1210_16S_022_3	ENV_Salinity	4	nan	0.056518	nan	nan	nan	nan	nan	4	0	0	nan	0.000000	nan
ASV_218_16S_022_3	ENV_Salinity	3	nan	0.055772	nan	nan	nan	nan	nan	2	1	0	nan	0.000000	nan
ASV_431_16S_022_3	ENV_Salinity	3	nan	0.092862	nan	nan	nan	nan	nan	1	2	0	nan	0.000000	nan
ASV_904_16S_3_200	ENV_Salinity	4	nan	0.087710	nan	nan	nan	nan	nan	4	0	0	nan	0.000000	nan
ASV_18_16S_022_3	ENV_Salinity	1	nan	0.216776	nan	nan	nan	nan	nan	0	1	0	nan	0.000000	nan
OTU_1304_18S_3_200	ENV_Salinity	4	nan	0.155299	nan	nan	nan	nan	nan	1	3	0	nan	0.000000	nan
ASV_276_16S_022_3	ENV_Salinity	2	nan	0.087710	nan	nan	nan	nan	nan	1	1	0	nan	0.000000	nan
ASV_1317_16S_022_3	ENV_Salinity	5	nan	0.108681	nan	nan	nan	nan	nan	3	2	0	nan	0.000000	nan
ASV_595_16S_022_3	ENV_Salinity	2	nan	0.081782	nan	nan	nan	nan	nan	0	2	0	nan	0.000000	nan
ASV_64_16S_022_3	ENV_Salinity	2	nan	0.083747	nan	nan	nan	nan	nan	2	0	0	nan	0.000000	nan
OTU_858_18S_3_200	ENV_Salinity	2	nan	0.068961	nan	nan	nan	nan	nan	2	0	0	nan	0.000000	nan
ASV_490_16S_022_3	ENV_Salinity	4	nan	0.136789	nan	nan	nan	nan	nan	2	2	0	nan	0.000000	nan
OTU_453_18S_3_200	ENV_Salinity	2	nan	0.140479	nan	nan	nan	nan	nan	1	1	0	nan	0.000000	nan
OTU_291_18S_3_200	ENV_Salinity	2	nan	0.261762	nan	nan	nan	nan	nan	0	2	0	nan	0.000000	nan
ASV_1645_16S_022_3	ENV_Salinity	3	nan	0.073944	nan	nan	nan	nan	nan	1	2	0	nan	0.000000	nan
OTU_1984_18S_022_3	ENV_Salinity	2	nan	0.150241	nan	nan	nan	nan	nan	1	1	0	nan	0.000000	nan
OTU_101_18S_3_200	ENV_Salinity	4	nan	0.121553	nan	nan	nan	nan	nan	0	4	0	nan	0.000000	nan
ASV_930_16S_022_3	ENV_Salinity	3	nan	0.081120	nan	nan	nan	nan	nan	1	2	0	nan	0.000000	nan
ASV_133_16S_3_200	ENV_Salinity	2	nan	0.090146	nan	nan	nan	nan	nan	1	1	0	nan	0.000000	nan
OTU_1607_18S_3_200	ENV_Salinity	2	nan	0.090146	nan	nan	nan	nan	nan	0	2	0	nan	0.000000	nan
ASV_1686_16S_022_3	ENV_Salinity	3	nan	0.075735	nan	nan	nan	nan	nan	3	0	0	nan	0.000000	nan
ASV_101_16S_3_200	ENV_Salinity	3	nan	0.066570	nan	nan	nan	nan	nan	0	3	0	nan	0.000000	nan
ASV_1406_16S_022_3	ENV_Salinity	3	nan	0.066570	nan	nan	nan	nan	nan	2	1	0	nan	0.000000	nan
ASV_180_16S_022_3	ENV_Salinity	2	nan	0.099113	nan	nan	nan	nan	nan	2	0	0	nan	0.000000	nan
ASV_1855_16S_022_3	ENV_Salinity	4	nan	0.081120	nan	nan	nan	nan	nan	3	1	0	nan	0.000000	nan
ASV_104_16S_022_3	ENV_Salinity	1	nan	0.059698	nan	nan	nan	nan	nan	0	1	0	nan	0.000000	nan
OTU_1346_18S_3_200	ENV_Salinity	2	nan	0.152330	nan	nan	nan	nan	nan	0	2	0	nan	0.000000	nan
ASV_2014_16S_022_3	ENV_Salinity	2	nan	0.092478	nan	nan	nan	nan	nan	0	2	0	nan	0.000000	nan
ASV_651_16S_022_3	ENV_Salinity	2	nan	0.160685	nan	nan	nan	nan	nan	0	2	0	nan	0.000000	nan
ASV_166_16S_022_3	ENV_Salinity	2	nan	0.065908	nan	nan	nan	nan	nan	2	0	0	nan	0.000000	nan
OTU_1761_18S_022_3	ENV_Salinity	2	nan	0.065908	nan	nan	nan	nan	nan	2	0	0	nan	0.000000	nan
ASV_322_16S_022_3	ENV_Salinity	3	nan	0.073944	nan	nan	nan	nan	nan	2	1	0	nan	0.000000	nan
ASV_1777_16S_022_3	ENV_Salinity	3	nan	0.075735	nan	nan	nan	nan	nan	2	1	0	nan	0.000000	nan
ASV_600_16S_022_3	ENV_Salinity	5	nan	0.073944	nan	nan	nan	nan	nan	4	1	0	nan	0.000000	nan
OTU_1376_18S_022_3	ENV_Salinity	1	nan	0.073944	nan	nan	nan	nan	nan	0	1	0	nan	0.000000	nan
ASV_2079_16S_022_3	ENV_Salinity	4	nan	0.048044	nan	nan	nan	nan	nan	4	0	0	nan	0.000000	nan
ASV_369_16S_022_3	ENV_Salinity	3	nan	0.119502	nan	nan	nan	nan	nan	1	2	0	nan	0.000000	nan
ASV_1644_16S_022_3	ENV_Salinity	3	nan	0.087710	nan	nan	nan	nan	nan	0	3	0	nan	0.000000	nan
OTU_2150_18S_022_3	ENV_Salinity	2	nan	0.066570	nan	nan	nan	nan	nan	0	2	0	nan	0.000000	nan
OTU_1275_18S_022_3	ENV_Salinity	1	nan	0.090146	nan	nan	nan	nan	nan	1	0	0	nan	0.000000	nan
ASV_599_16S_022_3	ENV_Salinity	4	nan	0.053803	nan	nan	nan	nan	nan	3	1	0	nan	0.000000	nan
ASV_1087_16S_022_3	ENV_Salinity	3	nan	0.092478	nan	nan	nan	nan	nan	0	3	0	nan	0.000000	nan
ASV_68_16S_022_3	ENV_Salinity	2	nan	0.069384	nan	nan	nan	nan	nan	2	0	0	nan	0.000000	nan
ASV_1125_16S_022_3	ENV_Salinity	3	nan	0.075735	nan	nan	nan	nan	nan	3	0	0	nan	0.000000	nan
ASV_150_16S_022_3	ENV_Salinity	1	nan	0.109318	nan	nan	nan	nan	nan	1	0	0	nan	0.000000	nan
ASV_1491_16S_022_3	ENV_Salinity	3	nan	0.102922	nan	nan	nan	nan	nan	1	2	0	nan	0.000000	nan
ASV_379_16S_022_3	ENV_Salinity	2	nan	0.078908	nan	nan	nan	nan	nan	1	1	0	nan	0.000000	nan
ASV_1037_16S_022_3	ENV_Salinity	3	nan	0.121553	nan	nan	nan	nan	nan	0	3	0	nan	0.000000	nan
OTU_378_18S_022_3	ENV_Salinity	2	nan	0.051049	nan	nan	nan	nan	nan	2	0	0	nan	0.000000	nan
OTU_95_18S_022_3	ENV_Salinity	2	nan	0.299225	nan	nan	nan	nan	nan	0	2	0	nan	0.000000	nan
ASV_754_16S_022_3	ENV_Salinity	3	nan	0.086879	nan	nan	nan	nan	nan	2	1	0	nan	0.000000	nan
ASV_1498_16S_022_3	ENV_Salinity	3	nan	0.114987	nan	nan	nan	nan	nan	3	0	0	nan	0.000000	nan
ASV_547_16S_022_3	ENV_Salinity	2	nan	0.077774	nan	nan	nan	nan	nan	2	0	0	nan	0.000000	nan
ASV_540_16S_022_3	ENV_Salinity	4	nan	0.068961	nan	nan	nan	nan	nan	4	0	0	nan	0.000000	nan
ASV_1632_16S_022_3	ENV_Salinity	4	nan	0.061576	nan	nan	nan	nan	nan	4	0	0	nan	0.000000	nan
OTU_2590_18S_3_200	ENV_Salinity	4	nan	0.090146	nan	nan	nan	nan	nan	0	4	0	nan	0.000000	nan
ASV_2030_16S_022_3	ENV_Salinity	4	nan	0.090146	nan	nan	nan	nan	nan	2	2	0	nan	0.000000	nan
ASV_136_16S_022_3	ENV_Salinity	2	nan	0.051133	nan	nan	nan	nan	nan	2	0	0	nan	0.000000	nan
OTU_1111_18S_022_3	ENV_Salinity	3	nan	0.090146	nan	nan	nan	nan	nan	0	3	0	nan	0.000000	nan
OTU_382_18S_3_200	ENV_Salinity	2	nan	0.109318	nan	nan	nan	nan	nan	0	2	0	nan	0.000000	nan
ASV_1516_16S_022_3	ENV_Salinity	2	nan	0.150241	nan	nan	nan	nan	nan	0	2	0	nan	0.000000	nan
ASV_2057_16S_022_3	ENV_Salinity	2	nan	0.081782	nan	nan	nan	nan	nan	1	1	0	nan	0.000000	nan
ASV_192_16S_3_200	ENV_Salinity	3	nan	0.113486	nan	nan	nan	nan	nan	1	2	0	nan	0.000000	nan
ASV_154_16S_022_3	ENV_Salinity	4	nan	0.100828	nan	nan	nan	nan	nan	1	3	0	nan	0.000000	nan
ASV_910_16S_022_3	ENV_Salinity	4	nan	0.072721	nan	nan	nan	nan	nan	3	1	0	nan	0.000000	nan
ASV_1593_16S_022_3	ENV_Salinity	7	nan	0.087710	nan	nan	nan	nan	nan	5	2	0	nan	0.000000	nan
ASV_2032_16S_3_200	ENV_Salinity	2	nan	0.090146	nan	nan	nan	nan	nan	0	2	0	nan	0.000000	nan
OTU_422_18S_3_200	ENV_Salinity	5	nan	0.078908	nan	nan	nan	nan	nan	2	3	0	nan	0.000000	nan
ASV_1631_16S_022_3	ENV_Salinity	4	nan	0.087710	nan	nan	nan	nan	nan	1	3	0	nan	0.000000	nan
ASV_467_16S_3_200	ENV_Salinity	2	nan	0.142857	nan	nan	nan	nan	nan	0	2	0	nan	0.000000	nan
OTU_652_18S_022_3	ENV_Salinity	1	nan	0.098044	nan	nan	nan	nan	nan	1	0	0	nan	0.000000	nan
ASV_2127_16S_022_3	ENV_Salinity	4	nan	0.056518	nan	nan	nan	nan	nan	3	1	0	nan	0.000000	nan
ASV_488_16S_3_200	ENV_Salinity	1	nan	0.091067	nan	nan	nan	nan	nan	1	0	0	nan	0.000000	nan
ASV_95_16S_022_3	ENV_Salinity	2	nan	0.165061	nan	nan	nan	nan	nan	0	2	0	nan	0.000000	nan
ASV_1565_16S_022_3	ENV_Salinity	3	nan	0.086879	nan	nan	nan	nan	nan	2	1	0	nan	0.000000	nan
OTU_1298_18S_022_3	ENV_Salinity	1	nan	0.097537	nan	nan	nan	nan	nan	1	0	0	nan	0.000000	nan
OTU_817_18S_3_200	ENV_Salinity	3	nan	0.053803	nan	nan	nan	nan	nan	3	0	0	nan	0.000000	nan
OTU_24_18S_022_3	ENV_Salinity	4	nan	0.051133	nan	nan	nan	nan	nan	4	0	0	nan	0.000000	nan
ASV_1534_16S_022_3	ENV_Salinity	3	nan	0.160685	nan	nan	nan	nan	nan	0	3	0	nan	0.000000	nan
OTU_707_18S_022_3	ENV_Salinity	2	nan	0.093066	nan	nan	nan	nan	nan	0	2	0	nan	0.000000	nan
OTU_2214_18S_022_3	ENV_Salinity	2	nan	0.066570	nan	nan	nan	nan	nan	0	2	0	nan	0.000000	nan
OTU_1834_18S_022_3	ENV_Salinity	3	nan	0.155299	nan	nan	nan	nan	nan	0	3	0	nan	0.000000	nan
ASV_1753_16S_022_3	ENV_Salinity	2	nan	0.059698	nan	nan	nan	nan	nan	2	0	0	nan	0.000000	nan
OTU_2712_18S_3_200	ENV_Salinity	1	nan	0.150241	nan	nan	nan	nan	nan	0	1	0	nan	0.000000	nan
ASV_26_16S_022_3	ENV_Salinity	2	nan	0.154921	nan	nan	nan	nan	nan	1	1	0	nan	0.000000	nan
ASV_1117_16S_022_3	ENV_Salinity	2	nan	0.172630	nan	nan	nan	nan	nan	0	2	0	nan	0.000000	nan
ASV_1727_16S_022_3	ENV_Salinity	2	nan	0.081782	nan	nan	nan	nan	nan	0	2	0	nan	0.000000	nan
ASV_525_16S_022_3	ENV_Salinity	2	nan	0.165528	nan	nan	nan	nan	nan	1	1	0	nan	0.000000	nan
OTU_1432_18S_022_3	ENV_Salinity	2	nan	0.151753	nan	nan	nan	nan	nan	0	2	0	nan	0.000000	nan
OTU_28_18S_022_3	ENV_Salinity	3	nan	0.072721	nan	nan	nan	nan	nan	2	1	0	nan	0.000000	nan
ASV_1147_16S_022_3	ENV_Salinity	4	nan	0.092478	nan	nan	nan	nan	nan	2	2	0	nan	0.000000	nan
OTU_177_18S_022_3	ENV_Salinity	1	nan	0.074317	nan	nan	nan	nan	nan	1	0	0	nan	0.000000	nan
ASV_1481_16S_022_3	ENV_Salinity	5	nan	0.081782	nan	nan	nan	nan	nan	2	3	0	nan	0.000000	nan
OTU_60_18S_022_3	ENV_Salinity	4	nan	0.090300	nan	nan	nan	nan	nan	2	2	0	nan	0.000000	nan
ASV_1173_16S_022_3	ENV_Salinity	2	nan	0.066962	nan	nan	nan	nan	nan	2	0	0	nan	0.000000	nan
OTU_268_18S_022_3	ENV_Salinity	2	nan	0.179315	nan	nan	nan	nan	nan	0	2	0	nan	0.000000	nan
OTU_183_18S_022_3	ENV_Salinity	2	nan	0.069807	nan	nan	nan	nan	nan	2	0	0	nan	0.000000	nan
OTU_182_18S_022_3	ENV_Salinity	3	nan	0.120755	nan	nan	nan	nan	nan	2	1	0	nan	0.000000	nan
ASV_744_16S_022_3	ENV_Salinity	3	nan	0.081120	nan	nan	nan	nan	nan	0	3	0	nan	0.000000	nan
OTU_489_18S_022_3	ENV_Salinity	3	nan	0.069265	nan	nan	nan	nan	nan	3	0	0	nan	0.000000	nan
ASV_1107_16S_022_3	ENV_Salinity	5	nan	0.093066	nan	nan	nan	nan	nan	1	4	0	nan	0.000000	nan
ASV_630_16S_3_200	ENV_Salinity	4	nan	0.053803	nan	nan	nan	nan	nan	3	1	0	nan	0.000000	nan
ASV_111_16S_022_3	ENV_Salinity	2	nan	0.115872	nan	nan	nan	nan	nan	0	2	0	nan	0.000000	nan
ASV_1108_16S_022_3	ENV_Salinity	4	nan	0.081120	nan	nan	nan	nan	nan	2	2	0	nan	0.000000	nan
ASV_703_16S_022_3	ENV_Salinity	1	nan	0.068380	nan	nan	nan	nan	nan	1	0	0	nan	0.000000	nan
ASV_1524_16S_3_200	ENV_Salinity	3	nan	0.065908	nan	nan	nan	nan	nan	3	0	0	nan	0.000000	nan
OTU_2017_18S_3_200	ENV_Salinity	2	nan	0.090146	nan	nan	nan	nan	nan	1	1	0	nan	0.000000	nan
ASV_814_16S_022_3	ENV_Salinity	2	nan	0.086879	nan	nan	nan	nan	nan	1	1	0	nan	0.000000	nan
OTU_2020_18S_3_200	ENV_Salinity	3	nan	0.066570	nan	nan	nan	nan	nan	0	3	0	nan	0.000000	nan
OTU_872_18S_022_3	ENV_Salinity	2	nan	0.150241	nan	nan	nan	nan	nan	0	2	0	nan	0.000000	nan
ASV_1795_16S_022_3	ENV_Salinity	3	nan	0.081782	nan	nan	nan	nan	nan	2	1	0	nan	0.000000	nan
ASV_455_16S_022_3	ENV_Salinity	4	nan	0.128822	nan	nan	nan	nan	nan	0	4	0	nan	0.000000	nan
OTU_1999_18S_3_200	ENV_Salinity	2	nan	0.056518	nan	nan	nan	nan	nan	2	0	0	nan	0.000000	nan
OTU_144_18S_022_3	ENV_Salinity	3	nan	0.128822	nan	nan	nan	nan	nan	2	1	0	nan	0.000000	nan
OTU_613_18S_3_200	ENV_Salinity	3	nan	0.166443	nan	nan	nan	nan	nan	0	3	0	nan	0.000000	nan
ASV_335_16S_022_3	ENV_Salinity	3	nan	0.108974	nan	nan	nan	nan	nan	2	1	0	nan	0.000000	nan
OTU_222_18S_022_3	ENV_Salinity	2	nan	0.099113	nan	nan	nan	nan	nan	1	1	0	nan	0.000000	nan
ASV_234_16S_022_3	ENV_Salinity	2	nan	0.104803	nan	nan	nan	nan	nan	0	2	0	nan	0.000000	nan
OTU_100_18S_022_3	ENV_Salinity	3	nan	0.066962	nan	nan	nan	nan	nan	2	1	0	nan	0.000000	nan
OTU_714_18S_022_3	ENV_Salinity	3	nan	0.090146	nan	nan	nan	nan	nan	0	3	0	nan	0.000000	nan
OTU_2532_18S_3_200	ENV_Salinity	6	nan	0.081782	nan	nan	nan	nan	nan	2	4	0	nan	0.000000	nan
OTU_350_18S_022_3	ENV_Salinity	4	nan	0.085095	nan	nan	nan	nan	nan	2	2	0	nan	0.000000	nan
OTU_1536_18S_3_200	ENV_Salinity	2	nan	0.090146	nan	nan	nan	nan	nan	1	1	0	nan	0.000000	nan
ASV_872_16S_022_3	ENV_Salinity	3	nan	0.066570	nan	nan	nan	nan	nan	3	0	0	nan	0.000000	nan
ASV_1707_16S_022_3	ENV_Salinity	5	nan	0.092478	nan	nan	nan	nan	nan	1	4	0	nan	0.000000	nan
OTU_887_18S_022_3	ENV_Salinity	3	nan	0.097537	nan	nan	nan	nan	nan	2	1	0	nan	0.000000	nan
ASV_101_16S_022_3	ENV_Salinity	3	nan	0.070676	nan	nan	nan	nan	nan	1	2	0	nan	0.000000	nan
OTU_588_18S_3_200	ENV_Salinity	1	nan	0.194551	nan	nan	nan	nan	nan	0	1	0	nan	0.000000	nan
OTU_1413_18S_022_3	ENV_Salinity	3	nan	0.066570	nan	nan	nan	nan	nan	1	2	0	nan	0.000000	nan
ASV_429_16S_022_3	ENV_Salinity	2	nan	0.083747	nan	nan	nan	nan	nan	1	1	0	nan	0.000000	nan
ASV_1076_16S_022_3	ENV_Salinity	3	nan	0.068380	nan	nan	nan	nan	nan	3	0	0	nan	0.000000	nan
OTU_146_18S_022_3	ENV_Salinity	1	nan	0.099113	nan	nan	nan	nan	nan	0	1	0	nan	0.000000	nan
OTU_342_18S_022_3	ENV_Salinity	2	nan	0.179315	nan	nan	nan	nan	nan	0	2	0	nan	0.000000	nan
ASV_654_16S_022_3	ENV_Salinity	2	nan	0.100828	nan	nan	nan	nan	nan	2	0	0	nan	0.000000	nan
OTU_128_18S_022_3	ENV_Salinity	1	nan	0.066037	nan	nan	nan	nan	nan	1	0	0	nan	0.000000	nan
ASV_364_16S_022_3	ENV_Salinity	1	nan	0.154533	nan	nan	nan	nan	nan	0	1	0	nan	0.000000	nan
OTU_419_18S_3_200	ENV_Salinity	5	nan	0.179315	nan	nan	nan	nan	nan	0	5	0	nan	0.000000	nan
OTU_2489_18S_3_200	ENV_Salinity	5	nan	0.092478	nan	nan	nan	nan	nan	2	3	0	nan	0.000000	nan
OTU_436_18S_022_3	ENV_Salinity	4	nan	0.046826	nan	nan	nan	nan	nan	4	0	0	nan	0.000000	nan
OTU_622_18S_3_200	ENV_Salinity	5	nan	0.075735	nan	nan	nan	nan	nan	4	1	0	nan	0.000000	nan
OTU_507_18S_022_3	ENV_Salinity	1	nan	0.172630	nan	nan	nan	nan	nan	0	1	0	nan	0.000000	nan
OTU_539_18S_3_200	ENV_Salinity	2	nan	0.128822	nan	nan	nan	nan	nan	0	2	0	nan	0.000000	nan
ASV_1851_16S_022_3	ENV_Salinity	3	nan	0.073944	nan	nan	nan	nan	nan	1	2	0	nan	0.000000	nan
ASV_51_16S_3_200	ENV_Salinity	1	nan	0.081782	nan	nan	nan	nan	nan	1	0	0	nan	0.000000	nan
OTU_327_18S_022_3	ENV_Salinity	3	nan	0.066570	nan	nan	nan	nan	nan	2	1	0	nan	0.000000	nan
ASV_1043_16S_022_3	ENV_Salinity	6	nan	0.081782	nan	nan	nan	nan	nan	3	3	0	nan	0.000000	nan
OTU_619_18S_022_3	ENV_Salinity	1	nan	0.150241	nan	nan	nan	nan	nan	0	1	0	nan	0.000000	nan
OTU_825_18S_022_3	ENV_Salinity	2	nan	0.201021	nan	nan	nan	nan	nan	0	2	0	nan	0.000000	nan
ASV_134_16S_3_200	ENV_Salinity	4	nan	0.097745	nan	nan	nan	nan	nan	1	3	0	nan	0.000000	nan
ASV_23_16S_022_3	ENV_Salinity	5	nan	0.073944	nan	nan	nan	nan	nan	4	1	0	nan	0.000000	nan
ASV_1801_16S_022_3	ENV_Salinity	2	nan	0.261762	nan	nan	nan	nan	nan	0	2	0	nan	0.000000	nan
ASV_1366_16S_022_3	ENV_Salinity	3	nan	0.097537	nan	nan	nan	nan	nan	0	3	0	nan	0.000000	nan
OTU_1075_18S_022_3	ENV_Salinity	3	nan	0.066570	nan	nan	nan	nan	nan	0	3	0	nan	0.000000	nan
ASV_1265_16S_022_3	ENV_Salinity	4	nan	0.073944	nan	nan	nan	nan	nan	1	3	0	nan	0.000000	nan
ASV_253_16S_022_3	ENV_Salinity	3	nan	0.066967	nan	nan	nan	nan	nan	3	0	0	nan	0.000000	nan
ASV_1397_16S_022_3	ENV_Salinity	5	nan	0.065908	nan	nan	nan	nan	nan	2	3	0	nan	0.000000	nan
OTU_158_18S_022_3	ENV_Salinity	2	nan	0.119254	nan	nan	nan	nan	nan	1	1	0	nan	0.000000	nan
OTU_243_18S_022_3	ENV_Salinity	2	nan	0.102922	nan	nan	nan	nan	nan	1	1	0	nan	0.000000	nan
ASV_680_16S_022_3	ENV_Salinity	2	nan	0.097537	nan	nan	nan	nan	nan	1	1	0	nan	0.000000	nan
OTU_270_18S_022_3	ENV_Salinity	2	nan	0.179315	nan	nan	nan	nan	nan	0	2	0	nan	0.000000	nan
ASV_517_16S_022_3	ENV_Salinity	3	nan	0.109641	nan	nan	nan	nan	nan	2	1	0	nan	0.000000	nan
ASV_1055_16S_022_3	ENV_Salinity	4	nan	0.070676	nan	nan	nan	nan	nan	3	1	0	nan	0.000000	nan
OTU_2512_18S_3_200	ENV_Salinity	4	nan	0.066570	nan	nan	nan	nan	nan	3	1	0	nan	0.000000	nan
OTU_940_18S_022_3	ENV_Salinity	2	nan	0.145472	nan	nan	nan	nan	nan	0	2	0	nan	0.000000	nan
OTU_2823_18S_022_3	ENV_Salinity	2	nan	0.150241	nan	nan	nan	nan	nan	0	2	0	nan	0.000000	nan
OTU_574_18S_022_3	ENV_Salinity	3	nan	0.155299	nan	nan	nan	nan	nan	2	1	0	nan	0.000000	nan
ASV_505_16S_022_3	ENV_Salinity	2	nan	0.130697	nan	nan	nan	nan	nan	0	2	0	nan	0.000000	nan
ASV_83_16S_022_3	ENV_Salinity	3	nan	0.130697	nan	nan	nan	nan	nan	1	2	0	nan	0.000000	nan
ASV_575_16S_022_3	ENV_Salinity	2	nan	0.154533	nan	nan	nan	nan	nan	1	1	0	nan	0.000000	nan
ASV_287_16S_022_3	ENV_Salinity	2	nan	0.097537	nan	nan	nan	nan	nan	0	2	0	nan	0.000000	nan
ASV_478_16S_022_3	ENV_Salinity	4	nan	0.072721	nan	nan	nan	nan	nan	4	0	0	nan	0.000000	nan
ASV_361_16S_022_3	ENV_Salinity	3	nan	0.078908	nan	nan	nan	nan	nan	1	2	0	nan	0.000000	nan
OTU_413_18S_022_3	ENV_Salinity	4	nan	0.072721	nan	nan	nan	nan	nan	4	0	0	nan	0.000000	nan
ASV_271_16S_022_3	ENV_Salinity	3	nan	0.066967	nan	nan	nan	nan	nan	3	0	0	nan	0.000000	nan
OTU_335_18S_022_3	ENV_Salinity	1	nan	0.084383	nan	nan	nan	nan	nan	1	0	0	nan	0.000000	nan
ASV_47_16S_022_3	ENV_Salinity	3	nan	0.194974	nan	nan	nan	nan	nan	1	2	0	nan	0.000000	nan
ASV_289_16S_022_3	ENV_Salinity	2	nan	0.109318	nan	nan	nan	nan	nan	1	1	0	nan	0.000000	nan
ASV_2009_16S_022_3	ENV_Salinity	3	nan	0.150241	nan	nan	nan	nan	nan	0	3	0	nan	0.000000	nan
ASV_210_16S_022_3	ENV_Salinity	3	nan	0.074317	nan	nan	nan	nan	nan	0	3	0	nan	0.000000	nan
ASV_54_16S_022_3	ENV_Salinity	1	nan	0.121553	nan	nan	nan	nan	nan	0	1	0	nan	0.000000	nan
OTU_826_18S_022_3	ENV_Salinity	2	nan	0.086879	nan	nan	nan	nan	nan	2	0	0	nan	0.000000	nan
OTU_393_18S_022_3	ENV_Salinity	4	nan	0.128822	nan	nan	nan	nan	nan	0	4	0	nan	0.000000	nan
OTU_129_18S_022_3	ENV_Salinity	1	nan	0.166658	nan	nan	nan	nan	nan	0	1	0	nan	0.000000	nan
OTU_698_18S_022_3	ENV_Salinity	2	nan	0.063739	nan	nan	nan	nan	nan	2	0	0	nan	0.000000	nan
OTU_2018_18S_022_3	ENV_Salinity	2	nan	0.092478	nan	nan	nan	nan	nan	1	1	0	nan	0.000000	nan
ASV_765_16S_022_3	ENV_Salinity	2	nan	0.085592	nan	nan	nan	nan	nan	2	0	0	nan	0.000000	nan
ASV_1189_16S_022_3	ENV_Salinity	2	nan	0.073944	nan	nan	nan	nan	nan	1	1	0	nan	0.000000	nan
ASV_176_16S_3_200	ENV_Salinity	2	nan	0.096875	nan	nan	nan	nan	nan	1	1	0	nan	0.000000	nan
OTU_200_18S_022_3	ENV_Salinity	3	nan	0.172630	nan	nan	nan	nan	nan	0	3	0	nan	0.000000	nan
OTU_1332_18S_022_3	ENV_Salinity	3	nan	0.066570	nan	nan	nan	nan	nan	1	2	0	nan	0.000000	nan
OTU_1629_18S_022_3	ENV_Salinity	2	nan	0.073944	nan	nan	nan	nan	nan	0	2	0	nan	0.000000	nan
ASV_1732_16S_022_3	ENV_Salinity	2	nan	0.186584	nan	nan	nan	nan	nan	0	2	0	nan	0.000000	nan
OTU_660_18S_022_3	ENV_Salinity	3	nan	0.121553	nan	nan	nan	nan	nan	0	3	0	nan	0.000000	nan
OTU_644_18S_022_3	ENV_Salinity	3	nan	0.145472	nan	nan	nan	nan	nan	1	2	0	nan	0.000000	nan
OTU_716_18S_022_3	ENV_Salinity	4	nan	0.097537	nan	nan	nan	nan	nan	2	2	0	nan	0.000000	nan
OTU_2848_18S_3_200	ENV_Salinity	2	nan	0.145472	nan	nan	nan	nan	nan	1	1	0	nan	0.000000	nan
OTU_956_18S_022_3	ENV_Salinity	3	nan	0.169065	nan	nan	nan	nan	nan	0	3	0	nan	0.000000	nan
OTU_653_18S_3_200	ENV_Salinity	3	nan	0.075735	nan	nan	nan	nan	nan	3	0	0	nan	0.000000	nan
OTU_859_18S_3_200	ENV_Salinity	3	nan	0.073944	nan	nan	nan	nan	nan	1	2	0	nan	0.000000	nan
OTU_148_18S_022_3	ENV_Salinity	2	nan	0.070676	nan	nan	nan	nan	nan	1	1	0	nan	0.000000	nan
OTU_807_18S_022_3	ENV_Salinity	3	nan	0.066570	nan	nan	nan	nan	nan	1	2	0	nan	0.000000	nan
ASV_1429_16S_022_3	ENV_Salinity	3	nan	0.159014	nan	nan	nan	nan	nan	2	1	0	nan	0.000000	nan
ASV_84_16S_3_200	ENV_Salinity	4	nan	0.059990	nan	nan	nan	nan	nan	3	1	0	nan	0.000000	nan
ASV_7_16S_022_3	ENV_Salinity	4	nan	0.213225	nan	nan	nan	nan	nan	2	2	0	nan	0.000000	nan
OTU_166_18S_3_200	ENV_Salinity	3	nan	0.206710	nan	nan	nan	nan	nan	0	3	0	nan	0.000000	nan
OTU_456_18S_022_3	ENV_Salinity	3	nan	0.160720	nan	nan	nan	nan	nan	0	3	0	nan	0.000000	nan
OTU_547_18S_3_200	ENV_Salinity	1	nan	0.136172	nan	nan	nan	nan	nan	0	1	0	nan	0.000000	nan
ASV_1028_16S_022_3	ENV_Salinity	3	nan	0.092478	nan	nan	nan	nan	nan	2	1	0	nan	0.000000	nan
ASV_662_16S_3_200	ENV_Salinity	4	nan	0.123800	nan	nan	nan	nan	nan	2	2	0	nan	0.000000	nan
OTU_445_18S_022_3	ENV_Salinity	2	nan	0.086879	nan	nan	nan	nan	nan	1	1	0	nan	0.000000	nan
ASV_484_16S_022_3	ENV_Salinity	1	nan	0.130697	nan	nan	nan	nan	nan	0	1	0	nan	0.000000	nan
OTU_1281_18S_022_3	ENV_Salinity	2	nan	0.116071	nan	nan	nan	nan	nan	1	1	0	nan	0.000000	nan
OTU_3149_18S_022_3	ENV_Salinity	1	nan	0.173834	nan	nan	nan	nan	nan	1	0	0	nan	0.000000	nan
OTU_1287_18S_022_3	ENV_Salinity	1	nan	0.061576	nan	nan	nan	nan	nan	1	0	0	nan	0.000000	nan
OTU_514_18S_022_3	ENV_Salinity	1	nan	0.081782	nan	nan	nan	nan	nan	0	1	0	nan	0.000000	nan
OTU_646_18S_022_3	ENV_Salinity	1	nan	0.073944	nan	nan	nan	nan	nan	1	0	0	nan	0.000000	nan
ASV_769_16S_3_200	ENV_Salinity	1	nan	0.051049	nan	nan	nan	nan	nan	1	0	0	nan	0.000000	nan
OTU_551_18S_022_3	ENV_Salinity	4	nan	0.066570	nan	nan	nan	nan	nan	1	3	0	nan	0.000000	nan
ASV_957_16S_022_3	ENV_Salinity	3	nan	0.048503	nan	nan	nan	nan	nan	3	0	0	nan	0.000000	nan
ASV_482_16S_022_3	ENV_Salinity	2	nan	0.074317	nan	nan	nan	nan	nan	1	1	0	nan	0.000000	nan
OTU_232_18S_3_200	ENV_Salinity	5	nan	0.155299	nan	nan	nan	nan	nan	1	4	0	nan	0.000000	nan
OTU_12_18S_3_200	ENV_Salinity	2	nan	0.069807	nan	nan	nan	nan	nan	1	1	0	nan	0.000000	nan
ASV_235_16S_022_3	ENV_Salinity	3	nan	0.093608	nan	nan	nan	nan	nan	1	2	0	nan	0.000000	nan
OTU_1606_18S_022_3	ENV_Salinity	3	nan	0.066570	nan	nan	nan	nan	nan	2	1	0	nan	0.000000	nan
OTU_799_18S_022_3	ENV_Salinity	1	nan	0.155299	nan	nan	nan	nan	nan	0	1	0	nan	0.000000	nan
OTU_39_18S_022_3	ENV_Salinity	2	nan	0.203364	nan	nan	nan	nan	nan	0	2	0	nan	0.000000	nan
OTU_561_18S_022_3	ENV_Salinity	2	nan	0.066570	nan	nan	nan	nan	nan	2	0	0	nan	0.000000	nan
OTU_2680_18S_022_3	ENV_Salinity	3	nan	0.066570	nan	nan	nan	nan	nan	1	2	0	nan	0.000000	nan
ASV_317_16S_022_3	ENV_Salinity	3	nan	0.133119	nan	nan	nan	nan	nan	0	3	0	nan	0.000000	nan
OTU_641_18S_3_200	ENV_Salinity	3	nan	0.081782	nan	nan	nan	nan	nan	3	0	0	nan	0.000000	nan
OTU_455_18S_022_3	ENV_Salinity	2	nan	0.087710	nan	nan	nan	nan	nan	0	2	0	nan	0.000000	nan
ASV_501_16S_022_3	ENV_Salinity	4	nan	0.081782	nan	nan	nan	nan	nan	0	4	0	nan	0.000000	nan
OTU_1139_18S_022_3	ENV_Salinity	4	nan	0.090146	nan	nan	nan	nan	nan	2	2	0	nan	0.000000	nan
ASV_363_16S_022_3	ENV_Salinity	4	nan	0.145472	nan	nan	nan	nan	nan	3	1	0	nan	0.000000	nan
ASV_1458_16S_022_3	ENV_Salinity	4	nan	0.051049	nan	nan	nan	nan	nan	4	0	0	nan	0.000000	nan
OTU_3068_18S_3_200	ENV_Salinity	2	nan	0.066570	nan	nan	nan	nan	nan	0	2	0	nan	0.000000	nan
ASV_132_16S_022_3	ENV_Salinity	3	nan	0.081002	nan	nan	nan	nan	nan	1	2	0	nan	0.000000	nan
OTU_1010_18S_022_3	ENV_Salinity	2	nan	0.145472	nan	nan	nan	nan	nan	1	1	0	nan	0.000000	nan
ASV_1401_16S_022_3	ENV_Salinity	6	nan	0.066570	nan	nan	nan	nan	nan	2	4	0	nan	0.000000	nan
ASV_6_16S_022_3	ENV_Salinity	5	nan	0.073944	nan	nan	nan	nan	nan	2	3	0	nan	0.000000	nan
OTU_287_18S_022_3	ENV_Salinity	2	nan	0.145472	nan	nan	nan	nan	nan	0	2	0	nan	0.000000	nan
ASV_2093_16S_022_3	ENV_Salinity	5	nan	0.066570	nan	nan	nan	nan	nan	4	1	0	nan	0.000000	nan
OTU_3733_18S_022_3	ENV_Salinity	1	nan	0.097537	nan	nan	nan	nan	nan	0	1	0	nan	0.000000	nan
OTU_733_18S_022_3	ENV_Salinity	2	nan	0.087710	nan	nan	nan	nan	nan	1	1	0	nan	0.000000	nan
OTU_58_18S_022_3	ENV_Salinity	3	nan	0.119254	nan	nan	nan	nan	nan	0	3	0	nan	0.000000	nan
OTU_1266_18S_3_200	ENV_Salinity	4	nan	0.090146	nan	nan	nan	nan	nan	0	4	0	nan	0.000000	nan
OTU_999_18S_022_3	ENV_Salinity	1	nan	0.143259	nan	nan	nan	nan	nan	0	1	0	nan	0.000000	nan
OTU_1245_18S_3_200	ENV_Salinity	2	nan	0.048503	nan	nan	nan	nan	nan	2	0	0	nan	0.000000	nan
ASV_621_16S_022_3	ENV_Salinity	2	nan	0.073944	nan	nan	nan	nan	nan	1	1	0	nan	0.000000	nan
OTU_1111_18S_3_200	ENV_Salinity	3	nan	0.081782	nan	nan	nan	nan	nan	3	0	0	nan	0.000000	nan
ASV_430_16S_022_3	ENV_Salinity	2	nan	0.073944	nan	nan	nan	nan	nan	2	0	0	nan	0.000000	nan
OTU_466_18S_022_3	ENV_Salinity	3	nan	0.090475	nan	nan	nan	nan	nan	1	2	0	nan	0.000000	nan
ASV_799_16S_022_3	ENV_Salinity	3	nan	0.065908	nan	nan	nan	nan	nan	2	1	0	nan	0.000000	nan
OTU_398_18S_3_200	ENV_Salinity	3	nan	0.145472	nan	nan	nan	nan	nan	1	2	0	nan	0.000000	nan
OTU_241_18S_022_3	ENV_Salinity	2	nan	0.172630	nan	nan	nan	nan	nan	0	2	0	nan	0.000000	nan
ASV_357_16S_022_3	ENV_Salinity	3	nan	0.059990	nan	nan	nan	nan	nan	2	1	0	nan	0.000000	nan
ASV_787_16S_3_200	ENV_Salinity	3	nan	0.108681	nan	nan	nan	nan	nan	1	2	0	nan	0.000000	nan
ASV_1769_16S_022_3	ENV_Salinity	3	nan	0.081120	nan	nan	nan	nan	nan	1	2	0	nan	0.000000	nan
ASV_1858_16S_022_3	ENV_Salinity	3	nan	0.065908	nan	nan	nan	nan	nan	3	0	0	nan	0.000000	nan
OTU_655_18S_022_3	ENV_Salinity	2	nan	0.070676	nan	nan	nan	nan	nan	2	0	0	nan	0.000000	nan
ASV_332_16S_022_3	ENV_Salinity	4	nan	0.107020	nan	nan	nan	nan	nan	3	1	0	nan	0.000000	nan
ASV_1062_16S_022_3	ENV_Salinity	3	nan	0.073944	nan	nan	nan	nan	nan	1	2	0	nan	0.000000	nan
ASV_412_16S_3_200	ENV_Salinity	1	nan	0.136789	nan	nan	nan	nan	nan	0	1	0	nan	0.000000	nan
OTU_577_18S_022_3	ENV_Salinity	4	nan	0.115793	nan	nan	nan	nan	nan	2	2	0	nan	0.000000	nan
ASV_1379_16S_022_3	ENV_Salinity	2	nan	0.186584	nan	nan	nan	nan	nan	0	2	0	nan	0.000000	nan
ASV_1748_16S_022_3	ENV_Salinity	5	nan	0.097537	nan	nan	nan	nan	nan	1	4	0	nan	0.000000	nan
OTU_1210_18S_022_3	ENV_Salinity	3	nan	0.097537	nan	nan	nan	nan	nan	1	2	0	nan	0.000000	nan
ASV_578_16S_022_3	ENV_Salinity	2	nan	0.141428	nan	nan	nan	nan	nan	1	1	0	nan	0.000000	nan
OTU_26_18S_022_3	ENV_Salinity	2	nan	0.176723	nan	nan	nan	nan	nan	1	1	0	nan	0.000000	nan
ASV_300_16S_022_3	ENV_Salinity	4	nan	0.160685	nan	nan	nan	nan	nan	1	3	0	nan	0.000000	nan
OTU_338_18S_022_3	ENV_Salinity	2	nan	0.048044	nan	nan	nan	nan	nan	2	0	0	nan	0.000000	nan
ASV_928_16S_022_3	ENV_Salinity	4	nan	0.102922	nan	nan	nan	nan	nan	0	4	0	nan	0.000000	nan
ASV_462_16S_3_200	ENV_Salinity	2	nan	0.141428	nan	nan	nan	nan	nan	0	2	0	nan	0.000000	nan
ASV_462_16S_022_3	ENV_Salinity	3	nan	0.128822	nan	nan	nan	nan	nan	1	2	0	nan	0.000000	nan
OTU_767_18S_3_200	ENV_Salinity	4	nan	0.102958	nan	nan	nan	nan	nan	1	3	0	nan	0.000000	nan
OTU_5822_18S_3_200	ENV_Salinity	4	nan	0.066570	nan	nan	nan	nan	nan	4	0	0	nan	0.000000	nan
OTU_6_18S_022_3	ENV_Salinity	2	nan	0.108681	nan	nan	nan	nan	nan	1	1	0	nan	0.000000	nan
OTU_268_18S_3_200	ENV_Salinity	3	nan	0.121553	nan	nan	nan	nan	nan	0	3	0	nan	0.000000	nan
OTU_535_18S_022_3	ENV_Salinity	3	nan	0.114868	nan	nan	nan	nan	nan	1	2	0	nan	0.000000	nan
OTU_2088_18S_3_200	ENV_Salinity	3	nan	0.090146	nan	nan	nan	nan	nan	0	3	0	nan	0.000000	nan
ASV_2085_16S_022_3	ENV_Salinity	4	nan	0.087710	nan	nan	nan	nan	nan	1	3	0	nan	0.000000	nan
OTU_1262_18S_022_3	ENV_Salinity	3	nan	0.061576	nan	nan	nan	nan	nan	2	1	0	nan	0.000000	nan
ASV_84_16S_022_3	ENV_Salinity	2	nan	0.157805	nan	nan	nan	nan	nan	0	2	0	nan	0.000000	nan
OTU_3210_18S_3_200	ENV_Salinity	4	nan	0.061576	nan	nan	nan	nan	nan	4	0	0	nan	0.000000	nan
OTU_2297_18S_022_3	ENV_Salinity	3	nan	0.066962	nan	nan	nan	nan	nan	3	0	0	nan	0.000000	nan
ASV_986_16S_022_3	ENV_Salinity	1	nan	0.145472	nan	nan	nan	nan	nan	0	1	0	nan	0.000000	nan
ASV_1734_16S_022_3	ENV_Salinity	4	nan	0.066570	nan	nan	nan	nan	nan	3	1	0	nan	0.000000	nan
ASV_1394_16S_022_3	ENV_Salinity	5	nan	0.070676	nan	nan	nan	nan	nan	4	1	0	nan	0.000000	nan
ASV_13_16S_022_3	ENV_Salinity	5	nan	0.107020	nan	nan	nan	nan	nan	2	3	0	nan	0.000000	nan
OTU_1024_18S_022_3	ENV_Salinity	6	nan	0.066570	nan	nan	nan	nan	nan	3	3	0	nan	0.000000	nan
OTU_87_18S_022_3	ENV_Salinity	2	nan	0.053725	nan	nan	nan	nan	nan	2	0	0	nan	0.000000	nan
ASV_1328_16S_022_3	ENV_Salinity	2	nan	0.056518	nan	nan	nan	nan	nan	2	0	0	nan	0.000000	nan
OTU_402_18S_022_3	ENV_Salinity	1	nan	0.119254	nan	nan	nan	nan	nan	0	1	0	nan	0.000000	nan
OTU_1573_18S_022_3	ENV_Salinity	2	nan	0.087710	nan	nan	nan	nan	nan	2	0	0	nan	0.000000	nan
OTU_920_18S_022_3	ENV_Salinity	2	nan	0.065908	nan	nan	nan	nan	nan	2	0	0	nan	0.000000	nan
ASV_1382_16S_022_3	ENV_Salinity	4	nan	0.073944	nan	nan	nan	nan	nan	1	3	0	nan	0.000000	nan
OTU_910_18S_022_3	ENV_Salinity	3	nan	0.065908	nan	nan	nan	nan	nan	3	0	0	nan	0.000000	nan
OTU_1647_18S_022_3	ENV_Salinity	2	nan	0.070676	nan	nan	nan	nan	nan	2	0	0	nan	0.000000	nan
ASV_1697_16S_022_3	ENV_Salinity	4	nan	0.073944	nan	nan	nan	nan	nan	0	4	0	nan	0.000000	nan
OTU_977_18S_022_3	ENV_Salinity	2	nan	0.087710	nan	nan	nan	nan	nan	0	2	0	nan	0.000000	nan
OTU_1386_18S_022_3	ENV_Salinity	3	nan	0.150241	nan	nan	nan	nan	nan	0	3	0	nan	0.000000	nan
ASV_1869_16S_022_3	ENV_Salinity	4	nan	0.145472	nan	nan	nan	nan	nan	0	4	0	nan	0.000000	nan
OTU_131_18S_3_200	ENV_Salinity	1	nan	0.073944	nan	nan	nan	nan	nan	0	1	0	nan	0.000000	nan
ASV_1215_16S_3_200	ENV_Salinity	4	nan	0.114868	nan	nan	nan	nan	nan	0	4	0	nan	0.000000	nan
OTU_3190_18S_3_200	ENV_Salinity	3	nan	0.066570	nan	nan	nan	nan	nan	1	2	0	nan	0.000000	nan
OTU_3774_18S_3_200	ENV_Salinity	2	nan	0.062193	nan	nan	nan	nan	nan	2	0	0	nan	0.000000	nan
OTU_1707_18S_022_3	ENV_Salinity	3	nan	0.145472	nan	nan	nan	nan	nan	0	3	0	nan	0.000000	nan
OTU_911_18S_3_200	ENV_Salinity	6	nan	0.078908	nan	nan	nan	nan	nan	2	4	0	nan	0.000000	nan
OTU_498_18S_3_200	ENV_Salinity	4	nan	0.116962	nan	nan	nan	nan	nan	1	3	0	nan	0.000000	nan
OTU_1094_18S_022_3	ENV_Salinity	3	nan	0.065908	nan	nan	nan	nan	nan	3	0	0	nan	0.000000	nan
OTU_310_18S_022_3	ENV_Salinity	2	nan	0.121553	nan	nan	nan	nan	nan	1	1	0	nan	0.000000	nan
ASV_515_16S_022_3	ENV_Salinity	3	nan	0.117285	nan	nan	nan	nan	nan	0	3	0	nan	0.000000	nan
ASV_1145_16S_022_3	ENV_Salinity	2	nan	0.075735	nan	nan	nan	nan	nan	1	1	0	nan	0.000000	nan
ASV_31_16S_022_3	ENV_Salinity	1	nan	0.091360	nan	nan	nan	nan	nan	1	0	0	nan	0.000000	nan
ASV_59_16S_022_3	ENV_Salinity	1	nan	0.066570	nan	nan	nan	nan	nan	1	0	0	nan	0.000000	nan
OTU_50_18S_022_3	ENV_Salinity	6	nan	0.161436	nan	nan	nan	nan	nan	0	6	0	nan	0.000000	nan
OTU_766_18S_022_3	ENV_Salinity	2	nan	0.124436	nan	nan	nan	nan	nan	1	1	0	nan	0.000000	nan
OTU_829_18S_3_200	ENV_Salinity	3	nan	0.102922	nan	nan	nan	nan	nan	1	2	0	nan	0.000000	nan
ASV_1563_16S_022_3	ENV_Salinity	4	nan	0.066962	nan	nan	nan	nan	nan	2	2	0	nan	0.000000	nan
OTU_1891_18S_022_3	ENV_Salinity	1	nan	0.092478	nan	nan	nan	nan	nan	0	1	0	nan	0.000000	nan
OTU_249_18S_3_200	ENV_Salinity	6	nan	0.066570	nan	nan	nan	nan	nan	4	2	0	nan	0.000000	nan
OTU_558_18S_022_3	ENV_Salinity	5	nan	0.059990	nan	nan	nan	nan	nan	5	0	0	nan	0.000000	nan
ASV_156_16S_022_3	ENV_Salinity	4	nan	0.090146	nan	nan	nan	nan	nan	1	3	0	nan	0.000000	nan
OTU_191_18S_022_3	ENV_Salinity	3	nan	0.073944	nan	nan	nan	nan	nan	2	1	0	nan	0.000000	nan
ASV_153_16S_022_3	ENV_Salinity	3	nan	0.061740	nan	nan	nan	nan	nan	2	1	0	nan	0.000000	nan
ASV_1490_16S_022_3	ENV_Salinity	3	nan	0.093066	nan	nan	nan	nan	nan	1	2	0	nan	0.000000	nan
ASV_89_16S_022_3	ENV_Salinity	5	nan	0.145602	nan	nan	nan	nan	nan	0	5	0	nan	0.000000	nan
ASV_2083_16S_022_3	ENV_Salinity	3	nan	0.145472	nan	nan	nan	nan	nan	2	1	0	nan	0.000000	nan
OTU_1485_18S_022_3	ENV_Salinity	3	nan	0.051049	nan	nan	nan	nan	nan	3	0	0	nan	0.000000	nan
OTU_214_18S_022_3	ENV_Salinity	3	nan	0.065908	nan	nan	nan	nan	nan	3	0	0	nan	0.000000	nan
OTU_611_18S_022_3	ENV_Salinity	1	nan	0.056518	nan	nan	nan	nan	nan	1	0	0	nan	0.000000	nan
ASV_553_16S_022_3	ENV_Salinity	4	nan	0.203364	nan	nan	nan	nan	nan	0	4	0	nan	0.000000	nan
OTU_511_18S_022_3	ENV_Salinity	2	nan	0.092478	nan	nan	nan	nan	nan	0	2	0	nan	0.000000	nan
ASV_871_16S_022_3	ENV_Salinity	5	nan	0.213225	nan	nan	nan	nan	nan	0	5	0	nan	0.000000	nan
ASV_37_16S_022_3	ENV_Salinity	1	nan	0.075735	nan	nan	nan	nan	nan	1	0	0	nan	0.000000	nan
ASV_53_16S_022_3	ENV_Salinity	3	nan	0.077774	nan	nan	nan	nan	nan	3	0	0	nan	0.000000	nan
OTU_2179_18S_3_200	ENV_Salinity	3	nan	0.073944	nan	nan	nan	nan	nan	0	3	0	nan	0.000000	nan
ASV_643_16S_022_3	ENV_Salinity	4	nan	0.075735	nan	nan	nan	nan	nan	0	4	0	nan	0.000000	nan
ASV_1374_16S_022_3	ENV_Salinity	4	nan	0.099751	nan	nan	nan	nan	nan	2	2	0	nan	0.000000	nan
OTU_1449_18S_022_3	ENV_Salinity	1	nan	0.169065	nan	nan	nan	nan	nan	0	1	0	nan	0.000000	nan
ASV_610_16S_3_200	ENV_Salinity	3	nan	0.066570	nan	nan	nan	nan	nan	1	2	0	nan	0.000000	nan
OTU_1334_18S_022_3	ENV_Salinity	2	nan	0.097537	nan	nan	nan	nan	nan	1	1	0	nan	0.000000	nan
OTU_1509_18S_022_3	ENV_Salinity	2	nan	0.145472	nan	nan	nan	nan	nan	0	2	0	nan	0.000000	nan
OTU_582_18S_022_3	ENV_Salinity	3	nan	0.099113	nan	nan	nan	nan	nan	1	2	0	nan	0.000000	nan
ASV_958_16S_022_3	ENV_Salinity	3	nan	0.150241	nan	nan	nan	nan	nan	0	3	0	nan	0.000000	nan
OTU_145_18S_022_3	ENV_Salinity	2	nan	0.099113	nan	nan	nan	nan	nan	0	2	0	nan	0.000000	nan
OTU_2105_18S_022_3	ENV_Salinity	3	nan	0.090475	nan	nan	nan	nan	nan	2	1	0	nan	0.000000	nan
OTU_1924_18S_3_200	ENV_Salinity	4	nan	0.172630	nan	nan	nan	nan	nan	0	4	0	nan	0.000000	nan
OTU_676_18S_022_3	ENV_Salinity	2	nan	0.066570	nan	nan	nan	nan	nan	0	2	0	nan	0.000000	nan
ASV_1560_16S_022_3	ENV_Salinity	3	nan	0.086879	nan	nan	nan	nan	nan	1	2	0	nan	0.000000	nan
OTU_2878_18S_022_3	ENV_Salinity	3	nan	0.145472	nan	nan	nan	nan	nan	0	3	0	nan	0.000000	nan
ASV_932_16S_3_200	ENV_Salinity	5	nan	0.056518	nan	nan	nan	nan	nan	4	1	0	nan	0.000000	nan
OTU_1285_18S_022_3	ENV_Salinity	5	nan	0.073944	nan	nan	nan	nan	nan	3	2	0	nan	0.000000	nan
OTU_839_18S_3_200	ENV_Salinity	4	nan	0.066570	nan	nan	nan	nan	nan	3	1	0	nan	0.000000	nan
OTU_2876_18S_3_200	ENV_Salinity	4	nan	0.150241	nan	nan	nan	nan	nan	0	4	0	nan	0.000000	nan
ASV_453_16S_022_3	ENV_Salinity	3	nan	0.108681	nan	nan	nan	nan	nan	2	1	0	nan	0.000000	nan
OTU_1743_18S_022_3	ENV_Salinity	1	nan	0.090146	nan	nan	nan	nan	nan	0	1	0	nan	0.000000	nan
ASV_128_16S_022_3	ENV_Salinity	3	nan	0.157805	nan	nan	nan	nan	nan	0	3	0	nan	0.000000	nan
OTU_1362_18S_022_3	ENV_Salinity	3	nan	0.066570	nan	nan	nan	nan	nan	0	3	0	nan	0.000000	nan
ASV_413_16S_022_3	ENV_Salinity	4	nan	0.062193	nan	nan	nan	nan	nan	3	1	0	nan	0.000000	nan
ASV_297_16S_3_200	ENV_Salinity	2	nan	0.093952	nan	nan	nan	nan	nan	1	1	0	nan	0.000000	nan
OTU_743_18S_022_3	ENV_Salinity	1	nan	0.145472	nan	nan	nan	nan	nan	0	1	0	nan	0.000000	nan
OTU_1077_18S_022_3	ENV_Salinity	5	nan	0.150241	nan	nan	nan	nan	nan	1	4	0	nan	0.000000	nan
OTU_1594_18S_022_3	ENV_Salinity	3	nan	0.092478	nan	nan	nan	nan	nan	1	2	0	nan	0.000000	nan
ASV_622_16S_022_3	ENV_Salinity	4	nan	0.086879	nan	nan	nan	nan	nan	2	2	0	nan	0.000000	nan
OTU_831_18S_022_3	ENV_Salinity	2	nan	0.160685	nan	nan	nan	nan	nan	0	2	0	nan	0.000000	nan
OTU_9_18S_022_3	ENV_Salinity	1	nan	0.143303	nan	nan	nan	nan	nan	0	1	0	nan	0.000000	nan
OTU_2133_18S_022_3	ENV_Salinity	3	nan	0.248629	nan	nan	nan	nan	nan	1	2	0	nan	0.000000	nan
OTU_2466_18S_3_200	ENV_Salinity	3	nan	0.145472	nan	nan	nan	nan	nan	1	2	0	nan	0.000000	nan
OTU_1613_18S_022_3	ENV_Salinity	1	nan	0.051049	nan	nan	nan	nan	nan	1	0	0	nan	0.000000	nan
ASV_1049_16S_022_3	ENV_Salinity	2	nan	0.072721	nan	nan	nan	nan	nan	2	0	0	nan	0.000000	nan
ASV_224_16S_022_3	ENV_Salinity	2	nan	0.090475	nan	nan	nan	nan	nan	2	0	0	nan	0.000000	nan
OTU_390_18S_3_200	ENV_Salinity	3	nan	0.056518	nan	nan	nan	nan	nan	3	0	0	nan	0.000000	nan
OTU_1905_18S_022_3	ENV_Salinity	2	nan	0.066570	nan	nan	nan	nan	nan	0	2	0	nan	0.000000	nan
ASV_1250_16S_022_3	ENV_Salinity	4	nan	0.092862	nan	nan	nan	nan	nan	1	3	0	nan	0.000000	nan
OTU_2035_18S_022_3	ENV_Salinity	4	nan	0.066570	nan	nan	nan	nan	nan	0	4	0	nan	0.000000	nan
OTU_5407_18S_3_200	ENV_Salinity	5	nan	0.066570	nan	nan	nan	nan	nan	2	3	0	nan	0.000000	nan
ASV_337_16S_022_3	ENV_Salinity	2	nan	0.140096	nan	nan	nan	nan	nan	1	1	0	nan	0.000000	nan
OTU_260_18S_022_3	ENV_Salinity	2	nan	0.145472	nan	nan	nan	nan	nan	0	2	0	nan	0.000000	nan
OTU_677_18S_022_3	ENV_Salinity	1	nan	0.066570	nan	nan	nan	nan	nan	0	1	0	nan	0.000000	nan
OTU_3342_18S_3_200	ENV_Salinity	3	nan	0.102634	nan	nan	nan	nan	nan	1	2	0	nan	0.000000	nan
OTU_847_18S_022_3	ENV_Salinity	3	nan	0.065908	nan	nan	nan	nan	nan	2	1	0	nan	0.000000	nan
OTU_2856_18S_022_3	ENV_Salinity	3	nan	0.066570	nan	nan	nan	nan	nan	3	0	0	nan	0.000000	nan
ASV_1201_16S_022_3	ENV_Salinity	4	nan	0.066570	nan	nan	nan	nan	nan	2	2	0	nan	0.000000	nan
OTU_2626_18S_022_3	ENV_Salinity	1	nan	0.066570	nan	nan	nan	nan	nan	1	0	0	nan	0.000000	nan
OTU_1545_18S_022_3	ENV_Salinity	4	nan	0.092478	nan	nan	nan	nan	nan	2	2	0	nan	0.000000	nan
OTU_1154_18S_022_3	ENV_Salinity	2	nan	0.146143	nan	nan	nan	nan	nan	1	1	0	nan	0.000000	nan
ASV_290_16S_022_3	ENV_Salinity	2	nan	0.069384	nan	nan	nan	nan	nan	2	0	0	nan	0.000000	nan
OTU_877_18S_022_3	ENV_Salinity	2	nan	0.090146	nan	nan	nan	nan	nan	0	2	0	nan	0.000000	nan
ASV_1825_16S_022_3	ENV_Salinity	3	nan	0.081782	nan	nan	nan	nan	nan	0	3	0	nan	0.000000	nan
ASV_66_16S_3_200	ENV_Salinity	4	nan	0.072552	nan	nan	nan	nan	nan	1	3	0	nan	0.000000	nan
OTU_78_18S_022_3	ENV_Salinity	1	nan	0.212683	nan	nan	nan	nan	nan	0	1	0	nan	0.000000	nan
ASV_337_16S_3_200	ENV_Salinity	3	nan	0.109318	nan	nan	nan	nan	nan	1	2	0	nan	0.000000	nan
ASV_2185_16S_022_3	ENV_Salinity	4	nan	0.073944	nan	nan	nan	nan	nan	2	2	0	nan	0.000000	nan
OTU_1561_18S_022_3	ENV_Salinity	3	nan	0.159675	nan	nan	nan	nan	nan	1	2	0	nan	0.000000	nan
OTU_2576_18S_022_3	ENV_Salinity	2	nan	0.066570	nan	nan	nan	nan	nan	0	2	0	nan	0.000000	nan
OTU_2176_18S_022_3	ENV_Salinity	1	nan	0.169065	nan	nan	nan	nan	nan	0	1	0	nan	0.000000	nan
OTU_2919_18S_022_3	ENV_Salinity	2	nan	0.073944	nan	nan	nan	nan	nan	0	2	0	nan	0.000000	nan
ASV_26_16S_3_200	ENV_Salinity	1	nan	0.172630	nan	nan	nan	nan	nan	0	1	0	nan	0.000000	nan
ASV_185_16S_022_3	ENV_Salinity	4	nan	0.170750	nan	nan	nan	nan	nan	1	3	0	nan	0.000000	nan
OTU_2375_18S_022_3	ENV_Salinity	2	nan	0.073944	nan	nan	nan	nan	nan	0	2	0	nan	0.000000	nan
ASV_298_16S_022_3	ENV_Salinity	4	nan	0.108777	nan	nan	nan	nan	nan	1	3	0	nan	0.000000	nan
ASV_384_16S_022_3	ENV_Salinity	2	nan	0.062084	nan	nan	nan	nan	nan	2	0	0	nan	0.000000	nan
OTU_2750_18S_3_200	ENV_Salinity	7	nan	0.145472	nan	nan	nan	nan	nan	1	6	0	nan	0.000000	nan
ASV_1728_16S_022_3	ENV_Salinity	2	nan	0.108777	nan	nan	nan	nan	nan	0	2	0	nan	0.000000	nan
OTU_152_18S_3_200	ENV_Salinity	1	nan	0.064162	nan	nan	nan	nan	nan	1	0	0	nan	0.000000	nan
ASV_561_16S_022_3	ENV_Salinity	4	nan	0.090300	nan	nan	nan	nan	nan	3	1	0	nan	0.000000	nan
OTU_2656_18S_022_3	ENV_Salinity	2	nan	0.150241	nan	nan	nan	nan	nan	0	2	0	nan	0.000000	nan
ASV_918_16S_022_3	ENV_Salinity	3	nan	0.099750	nan	nan	nan	nan	nan	0	3	0	nan	0.000000	nan
OTU_1106_18S_3_200	ENV_Salinity	4	nan	0.066570	nan	nan	nan	nan	nan	1	3	0	nan	0.000000	nan
ASV_1566_16S_022_3	ENV_Salinity	2	nan	0.155299	nan	nan	nan	nan	nan	0	2	0	nan	0.000000	nan
ASV_85_16S_022_3	ENV_Salinity	1	nan	0.090146	nan	nan	nan	nan	nan	0	1	0	nan	0.000000	nan
OTU_1014_18S_022_3	ENV_Salinity	4	nan	0.046826	nan	nan	nan	nan	nan	4	0	0	nan	0.000000	nan
ASV_631_16S_022_3	ENV_Salinity	2	nan	0.081120	nan	nan	nan	nan	nan	2	0	0	nan	0.000000	nan
ASV_737_16S_022_3	ENV_Salinity	2	nan	0.086879	nan	nan	nan	nan	nan	1	1	0	nan	0.000000	nan
ASV_431_16S_3_200	ENV_Salinity	4	nan	0.114987	nan	nan	nan	nan	nan	4	0	0	nan	0.000000	nan
ASV_113_16S_3_200	ENV_Salinity	2	nan	0.099113	nan	nan	nan	nan	nan	0	2	0	nan	0.000000	nan
OTU_563_18S_022_3	ENV_Salinity	2	nan	0.159675	nan	nan	nan	nan	nan	1	1	0	nan	0.000000	nan
OTU_788_18S_022_3	ENV_Salinity	2	nan	0.055772	nan	nan	nan	nan	nan	2	0	0	nan	0.000000	nan
ASV_479_16S_022_3	ENV_Salinity	3	nan	0.172163	nan	nan	nan	nan	nan	0	3	0	nan	0.000000	nan
ASV_725_16S_022_3	ENV_Salinity	4	nan	0.081120	nan	nan	nan	nan	nan	3	1	0	nan	0.000000	nan
OTU_985_18S_022_3	ENV_Salinity	3	nan	0.066570	nan	nan	nan	nan	nan	1	2	0	nan	0.000000	nan
ASV_976_16S_022_3	ENV_Salinity	1	nan	0.108777	nan	nan	nan	nan	nan	0	1	0	nan	0.000000	nan
ASV_216_16S_3_200	ENV_Salinity	2	nan	0.054017	nan	nan	nan	nan	nan	1	1	0	nan	0.000000	nan
ASV_563_16S_022_3	ENV_Salinity	2	nan	0.059698	nan	nan	nan	nan	nan	2	0	0	nan	0.000000	nan
ASV_1058_16S_022_3	ENV_Salinity	3	nan	0.070676	nan	nan	nan	nan	nan	3	0	0	nan	0.000000	nan
OTU_384_18S_022_3	ENV_Salinity	4	nan	0.070676	nan	nan	nan	nan	nan	4	0	0	nan	0.000000	nan
OTU_1961_18S_022_3	ENV_Salinity	2	nan	0.066962	nan	nan	nan	nan	nan	2	0	0	nan	0.000000	nan
ASV_1687_16S_022_3	ENV_Salinity	2	nan	0.078908	nan	nan	nan	nan	nan	1	1	0	nan	0.000000	nan
OTU_419_18S_022_3	ENV_Salinity	3	nan	0.072721	nan	nan	nan	nan	nan	0	3	0	nan	0.000000	nan
ASV_140_16S_3_200	ENV_Salinity	5	nan	0.048044	nan	nan	nan	nan	nan	5	0	0	nan	0.000000	nan
ASV_392_16S_022_3	ENV_Salinity	2	nan	0.074934	nan	nan	nan	nan	nan	1	1	0	nan	0.000000	nan
ASV_537_16S_022_3	ENV_Salinity	2	nan	0.157338	nan	nan	nan	nan	nan	1	1	0	nan	0.000000	nan
OTU_1290_18S_3_200	ENV_Salinity	3	nan	0.066962	nan	nan	nan	nan	nan	3	0	0	nan	0.000000	nan
OTU_866_18S_022_3	ENV_Salinity	6	nan	0.066570	nan	nan	nan	nan	nan	5	1	0	nan	0.000000	nan
ASV_274_16S_3_200	ENV_Salinity	4	nan	0.157338	nan	nan	nan	nan	nan	2	2	0	nan	0.000000	nan
ASV_282_16S_022_3	ENV_Salinity	2	nan	0.082334	nan	nan	nan	nan	nan	1	1	0	nan	0.000000	nan
ASV_390_16S_3_200	ENV_Salinity	4	nan	0.136789	nan	nan	nan	nan	nan	1	3	0	nan	0.000000	nan
ASV_175_16S_022_3	ENV_Salinity	3	nan	0.133119	nan	nan	nan	nan	nan	1	2	0	nan	0.000000	nan
ASV_890_16S_022_3	ENV_Salinity	3	nan	0.145353	nan	nan	nan	nan	nan	1	2	0	nan	0.000000	nan
ASV_664_16S_022_3	ENV_Salinity	1	nan	0.073944	nan	nan	nan	nan	nan	1	0	0	nan	0.000000	nan
ASV_466_16S_022_3	ENV_Salinity	4	nan	0.082334	nan	nan	nan	nan	nan	4	0	0	nan	0.000000	nan
OTU_138_18S_3_200	ENV_Salinity	1	nan	0.102922	nan	nan	nan	nan	nan	1	0	0	nan	0.000000	nan
OTU_1142_18S_022_3	ENV_Salinity	6	nan	0.145472	nan	nan	nan	nan	nan	0	6	0	nan	0.000000	nan
OTU_345_18S_022_3	ENV_Salinity	4	nan	0.081156	nan	nan	nan	nan	nan	3	1	0	nan	0.000000	nan
ASV_805_16S_022_3	ENV_Salinity	2	nan	0.186584	nan	nan	nan	nan	nan	0	2	0	nan	0.000000	nan
ASV_1254_16S_022_3	ENV_Salinity	2	nan	0.090146	nan	nan	nan	nan	nan	1	1	0	nan	0.000000	nan
OTU_671_18S_022_3	ENV_Salinity	2	nan	0.168040	nan	nan	nan	nan	nan	0	2	0	nan	0.000000	nan
ASV_1523_16S_022_3	ENV_Salinity	3	nan	0.150241	nan	nan	nan	nan	nan	0	3	0	nan	0.000000	nan
OTU_2005_18S_3_200	ENV_Salinity	4	nan	0.160685	nan	nan	nan	nan	nan	0	4	0	nan	0.000000	nan
ASV_414_16S_022_3	ENV_Salinity	3	nan	0.179315	nan	nan	nan	nan	nan	0	3	0	nan	0.000000	nan
ASV_1578_16S_022_3	ENV_Salinity	1	nan	0.066570	nan	nan	nan	nan	nan	1	0	0	nan	0.000000	nan
OTU_2812_18S_3_200	ENV_Salinity	3	nan	0.150241	nan	nan	nan	nan	nan	1	2	0	nan	0.000000	nan
ASV_570_16S_022_3	ENV_Salinity	1	nan	0.107766	nan	nan	nan	nan	nan	1	0	0	nan	0.000000	nan
ASV_1587_16S_022_3	ENV_Salinity	6	nan	0.090146	nan	nan	nan	nan	nan	1	5	0	nan	0.000000	nan
ASV_1584_16S_022_3	ENV_Salinity	3	nan	0.066962	nan	nan	nan	nan	nan	3	0	0	nan	0.000000	nan
ASV_878_16S_022_3	ENV_Salinity	5	nan	0.072721	nan	nan	nan	nan	nan	5	0	0	nan	0.000000	nan
OTU_1216_18S_022_3	ENV_Salinity	2	nan	0.150241	nan	nan	nan	nan	nan	1	1	0	nan	0.000000	nan
ASV_1322_16S_022_3	ENV_Salinity	2	nan	0.193183	nan	nan	nan	nan	nan	0	2	0	nan	0.000000	nan
OTU_610_18S_3_200	ENV_Salinity	4	nan	0.073944	nan	nan	nan	nan	nan	2	2	0	nan	0.000000	nan
ASV_235_16S_3_200	ENV_Salinity	3	nan	0.119502	nan	nan	nan	nan	nan	1	2	0	nan	0.000000	nan
ASV_476_16S_022_3	ENV_Salinity	3	nan	0.114868	nan	nan	nan	nan	nan	0	3	0	nan	0.000000	nan
ASV_260_16S_022_3	ENV_Salinity	3	nan	0.100585	nan	nan	nan	nan	nan	2	1	0	nan	0.000000	nan
OTU_662_18S_022_3	ENV_Salinity	3	nan	0.150241	nan	nan	nan	nan	nan	0	3	0	nan	0.000000	nan
ASV_233_16S_022_3	ENV_Salinity	3	nan	0.081911	nan	nan	nan	nan	nan	3	0	0	nan	0.000000	nan
OTU_3811_18S_3_200	ENV_Salinity	3	nan	0.066570	nan	nan	nan	nan	nan	1	2	0	nan	0.000000	nan
ASV_228_16S_022_3	ENV_Salinity	1	nan	0.075735	nan	nan	nan	nan	nan	1	0	0	nan	0.000000	nan
ASV_812_16S_3_200	ENV_Salinity	1	nan	0.160685	nan	nan	nan	nan	nan	0	1	0	nan	0.000000	nan
OTU_2135_18S_022_3	ENV_Salinity	4	nan	0.092478	nan	nan	nan	nan	nan	4	0	0	nan	0.000000	nan
OTU_732_18S_022_3	ENV_Salinity	1	nan	0.066570	nan	nan	nan	nan	nan	0	1	0	nan	0.000000	nan
OTU_2867_18S_3_200	ENV_Salinity	3	nan	0.066570	nan	nan	nan	nan	nan	1	2	0	nan	0.000000	nan
ASV_334_16S_022_3	ENV_Salinity	2	nan	0.123800	nan	nan	nan	nan	nan	1	1	0	nan	0.000000	nan
OTU_2383_18S_022_3	ENV_Salinity	2	nan	0.081782	nan	nan	nan	nan	nan	0	2	0	nan	0.000000	nan
OTU_32_18S_3_200	ENV_Salinity	1	nan	0.155299	nan	nan	nan	nan	nan	0	1	0	nan	0.000000	nan
ASV_499_16S_022_3	ENV_Salinity	3	nan	0.123800	nan	nan	nan	nan	nan	1	2	0	nan	0.000000	nan
ASV_673_16S_022_3	ENV_Salinity	3	nan	0.090146	nan	nan	nan	nan	nan	0	3	0	nan	0.000000	nan
OTU_1219_18S_3_200	ENV_Salinity	5	nan	0.066570	nan	nan	nan	nan	nan	2	3	0	nan	0.000000	nan
OTU_4934_18S_3_200	ENV_Salinity	4	nan	0.073944	nan	nan	nan	nan	nan	1	3	0	nan	0.000000	nan
OTU_680_18S_3_200	ENV_Salinity	3	nan	0.092478	nan	nan	nan	nan	nan	1	2	0	nan	0.000000	nan
OTU_4302_18S_022_3	ENV_Salinity	3	nan	0.066570	nan	nan	nan	nan	nan	3	0	0	nan	0.000000	nan
ASV_449_16S_022_3	ENV_Salinity	3	nan	0.066967	nan	nan	nan	nan	nan	1	2	0	nan	0.000000	nan
ASV_513_16S_022_3	ENV_Salinity	3	nan	0.108681	nan	nan	nan	nan	nan	2	1	0	nan	0.000000	nan
OTU_430_18S_3_200	ENV_Salinity	5	nan	0.075735	nan	nan	nan	nan	nan	5	0	0	nan	0.000000	nan
ASV_797_16S_022_3	ENV_Salinity	2	nan	0.114868	nan	nan	nan	nan	nan	1	1	0	nan	0.000000	nan
OTU_267_18S_022_3	ENV_Salinity	2	nan	0.130697	nan	nan	nan	nan	nan	0	2	0	nan	0.000000	nan
OTU_1123_18S_3_200	ENV_Salinity	4	nan	0.102922	nan	nan	nan	nan	nan	1	3	0	nan	0.000000	nan
OTU_1940_18S_022_3	ENV_Salinity	2	nan	0.061576	nan	nan	nan	nan	nan	2	0	0	nan	0.000000	nan
OTU_1828_18S_022_3	ENV_Salinity	1	nan	0.081782	nan	nan	nan	nan	nan	0	1	0	nan	0.000000	nan
OTU_1798_18S_3_200	ENV_Salinity	3	nan	0.155299	nan	nan	nan	nan	nan	0	3	0	nan	0.000000	nan
OTU_1263_18S_022_3	ENV_Salinity	4	nan	0.090146	nan	nan	nan	nan	nan	2	2	0	nan	0.000000	nan
ASV_847_16S_022_3	ENV_Salinity	3	nan	0.107020	nan	nan	nan	nan	nan	1	2	0	nan	0.000000	nan
OTU_1893_18S_022_3	ENV_Salinity	3	nan	0.066570	nan	nan	nan	nan	nan	2	1	0	nan	0.000000	nan
ASV_379_16S_3_200	ENV_Salinity	2	nan	0.150241	nan	nan	nan	nan	nan	0	2	0	nan	0.000000	nan
ASV_434_16S_022_3	ENV_Salinity	2	nan	0.142145	nan	nan	nan	nan	nan	1	1	0	nan	0.000000	nan
ASV_472_16S_022_3	ENV_Salinity	3	nan	0.078908	nan	nan	nan	nan	nan	3	0	0	nan	0.000000	nan
OTU_362_18S_3_200	ENV_Salinity	4	nan	0.159675	nan	nan	nan	nan	nan	1	3	0	nan	0.000000	nan
ASV_933_16S_022_3	ENV_Salinity	3	nan	0.081782	nan	nan	nan	nan	nan	1	2	0	nan	0.000000	nan
ASV_542_16S_3_200	ENV_Salinity	1	nan	0.090146	nan	nan	nan	nan	nan	0	1	0	nan	0.000000	nan
OTU_754_18S_022_3	ENV_Salinity	3	nan	0.066962	nan	nan	nan	nan	nan	2	1	0	nan	0.000000	nan
ASV_413_16S_3_200	ENV_Salinity	1	nan	0.069265	nan	nan	nan	nan	nan	1	0	0	nan	0.000000	nan
ASV_886_16S_022_3	ENV_Salinity	3	nan	0.099113	nan	nan	nan	nan	nan	1	2	0	nan	0.000000	nan
OTU_1702_18S_3_200	ENV_Salinity	2	nan	0.145472	nan	nan	nan	nan	nan	1	1	0	nan	0.000000	nan
OTU_363_18S_3_200	ENV_Salinity	3	nan	0.053803	nan	nan	nan	nan	nan	3	0	0	nan	0.000000	nan
ASV_152_16S_022_3	ENV_Salinity	1	nan	0.093066	nan	nan	nan	nan	nan	1	0	0	nan	0.000000	nan
OTU_2456_18S_3_200	ENV_Salinity	3	nan	0.066570	nan	nan	nan	nan	nan	2	1	0	nan	0.000000	nan
OTU_292_18S_3_200	ENV_Salinity	3	nan	0.145472	nan	nan	nan	nan	nan	1	2	0	nan	0.000000	nan
ASV_112_16S_022_3	ENV_Salinity	2	nan	0.066570	nan	nan	nan	nan	nan	1	1	0	nan	0.000000	nan
OTU_1086_18S_022_3	ENV_Salinity	2	nan	0.066962	nan	nan	nan	nan	nan	0	2	0	nan	0.000000	nan
ASV_1415_16S_022_3	ENV_Salinity	1	nan	0.066570	nan	nan	nan	nan	nan	1	0	0	nan	0.000000	nan
OTU_613_18S_022_3	ENV_Salinity	3	nan	0.077948	nan	nan	nan	nan	nan	3	0	0	nan	0.000000	nan
ASV_2023_16S_022_3	ENV_Salinity	3	nan	0.097537	nan	nan	nan	nan	nan	0	3	0	nan	0.000000	nan
OTU_1836_18S_3_200	ENV_Salinity	1	nan	0.150241	nan	nan	nan	nan	nan	1	0	0	nan	0.000000	nan
OTU_2160_18S_022_3	ENV_Salinity	2	nan	0.155299	nan	nan	nan	nan	nan	0	2	0	nan	0.000000	nan
OTU_3213_18S_022_3	ENV_Salinity	4	nan	0.087710	nan	nan	nan	nan	nan	3	1	0	nan	0.000000	nan
OTU_245_18S_3_200	ENV_Salinity	2	nan	0.070474	nan	nan	nan	nan	nan	2	0	0	nan	0.000000	nan
OTU_313_18S_022_3	ENV_Salinity	1	nan	0.157512	nan	nan	nan	nan	nan	0	1	0	nan	0.000000	nan
ASV_1643_16S_022_3	ENV_Salinity	2	nan	0.179315	nan	nan	nan	nan	nan	0	2	0	nan	0.000000	nan
OTU_4003_18S_022_3	ENV_Salinity	1	nan	0.087710	nan	nan	nan	nan	nan	0	1	0	nan	0.000000	nan
ASV_1716_16S_022_3	ENV_Salinity	3	nan	0.070676	nan	nan	nan	nan	nan	1	2	0	nan	0.000000	nan
OTU_1762_18S_022_3	ENV_Salinity	2	nan	0.145472	nan	nan	nan	nan	nan	1	1	0	nan	0.000000	nan
OTU_456_18S_3_200	ENV_Salinity	3	nan	0.078908	nan	nan	nan	nan	nan	3	0	0	nan	0.000000	nan
ASV_1693_16S_022_3	ENV_Salinity	2	nan	0.081782	nan	nan	nan	nan	nan	0	2	0	nan	0.000000	nan
OTU_469_18S_022_3	ENV_Salinity	2	nan	0.119254	nan	nan	nan	nan	nan	0	2	0	nan	0.000000	nan
OTU_904_18S_3_200	ENV_Salinity	2	nan	0.114868	nan	nan	nan	nan	nan	0	2	0	nan	0.000000	nan
OTU_1148_18S_3_200	ENV_Salinity	5	nan	0.099750	nan	nan	nan	nan	nan	3	2	0	nan	0.000000	nan
OTU_2420_18S_022_3	ENV_Salinity	2	nan	0.066570	nan	nan	nan	nan	nan	0	2	0	nan	0.000000	nan
ASV_486_16S_022_3	ENV_Salinity	2	nan	0.119254	nan	nan	nan	nan	nan	0	2	0	nan	0.000000	nan
ASV_96_16S_3_200	ENV_Salinity	4	nan	0.073944	nan	nan	nan	nan	nan	1	3	0	nan	0.000000	nan
OTU_1332_18S_3_200	ENV_Salinity	4	nan	0.150241	nan	nan	nan	nan	nan	0	4	0	nan	0.000000	nan
ASV_1380_16S_022_3	ENV_Salinity	4	nan	0.179315	nan	nan	nan	nan	nan	0	4	0	nan	0.000000	nan
ASV_1258_16S_022_3	ENV_Salinity	5	nan	0.092478	nan	nan	nan	nan	nan	0	5	0	nan	0.000000	nan
ASV_1676_16S_022_3	ENV_Salinity	3	nan	0.155299	nan	nan	nan	nan	nan	1	2	0	nan	0.000000	nan
OTU_3350_18S_022_3	ENV_Salinity	2	nan	0.051049	nan	nan	nan	nan	nan	2	0	0	nan	0.000000	nan
ASV_173_16S_022_3	ENV_Salinity	1	nan	0.102634	nan	nan	nan	nan	nan	0	1	0	nan	0.000000	nan
OTU_40_18S_3_200	ENV_Salinity	2	nan	0.054926	nan	nan	nan	nan	nan	1	1	0	nan	0.000000	nan
OTU_3424_18S_022_3	ENV_Salinity	3	nan	0.066570	nan	nan	nan	nan	nan	1	2	0	nan	0.000000	nan
OTU_105_18S_022_3	ENV_Salinity	3	nan	0.092862	nan	nan	nan	nan	nan	2	1	0	nan	0.000000	nan
ASV_1203_16S_022_3	ENV_Salinity	4	nan	0.155299	nan	nan	nan	nan	nan	0	4	0	nan	0.000000	nan
OTU_403_18S_3_200	ENV_Salinity	3	nan	0.070676	nan	nan	nan	nan	nan	2	1	0	nan	0.000000	nan
ASV_2653_16S_022_3	ENV_Salinity	4	nan	0.066570	nan	nan	nan	nan	nan	4	0	0	nan	0.000000	nan
ASV_321_16S_022_3	ENV_Salinity	4	nan	0.143303	nan	nan	nan	nan	nan	2	2	0	nan	0.000000	nan
ASV_815_16S_022_3	ENV_Salinity	3	nan	0.099751	nan	nan	nan	nan	nan	2	1	0	nan	0.000000	nan
OTU_729_18S_022_3	ENV_Salinity	4	nan	0.106434	nan	nan	nan	nan	nan	1	3	0	nan	0.000000	nan
OTU_1844_18S_3_200	ENV_Salinity	6	nan	0.107020	nan	nan	nan	nan	nan	4	2	0	nan	0.000000	nan
ASV_817_16S_022_3	ENV_Salinity	1	nan	0.077948	nan	nan	nan	nan	nan	1	0	0	nan	0.000000	nan
ASV_1143_16S_022_3	ENV_Salinity	2	nan	0.073944	nan	nan	nan	nan	nan	2	0	0	nan	0.000000	nan
ASV_321_16S_3_200	ENV_Salinity	3	nan	0.119254	nan	nan	nan	nan	nan	1	2	0	nan	0.000000	nan
ASV_408_16S_022_3	ENV_Salinity	2	nan	0.053725	nan	nan	nan	nan	nan	2	0	0	nan	0.000000	nan
ASV_1407_16S_022_3	ENV_Salinity	4	nan	0.075735	nan	nan	nan	nan	nan	3	1	0	nan	0.000000	nan
OTU_624_18S_022_3	ENV_Salinity	3	nan	0.081782	nan	nan	nan	nan	nan	1	2	0	nan	0.000000	nan
ASV_1344_16S_022_3	ENV_Salinity	2	nan	0.160685	nan	nan	nan	nan	nan	0	2	0	nan	0.000000	nan
ASV_800_16S_022_3	ENV_Salinity	3	nan	0.114868	nan	nan	nan	nan	nan	0	3	0	nan	0.000000	nan
OTU_1959_18S_022_3	ENV_Salinity	3	nan	0.066570	nan	nan	nan	nan	nan	2	1	0	nan	0.000000	nan
ASV_888_16S_3_200	ENV_Salinity	4	nan	0.090146	nan	nan	nan	nan	nan	0	4	0	nan	0.000000	nan
OTU_965_18S_3_200	ENV_Salinity	3	nan	0.097537	nan	nan	nan	nan	nan	0	3	0	nan	0.000000	nan
ASV_402_16S_022_3	ENV_Salinity	2	nan	0.082334	nan	nan	nan	nan	nan	0	2	0	nan	0.000000	nan
OTU_712_18S_022_3	ENV_Salinity	2	nan	0.066570	nan	nan	nan	nan	nan	1	1	0	nan	0.000000	nan
ASV_473_16S_3_200	ENV_Salinity	3	nan	0.119254	nan	nan	nan	nan	nan	1	2	0	nan	0.000000	nan
ASV_699_16S_022_3	ENV_Salinity	2	nan	0.075735	nan	nan	nan	nan	nan	2	0	0	nan	0.000000	nan
ASV_1747_16S_022_3	ENV_Salinity	2	nan	0.087710	nan	nan	nan	nan	nan	1	1	0	nan	0.000000	nan
OTU_1649_18S_3_200	ENV_Salinity	3	nan	0.087710	nan	nan	nan	nan	nan	3	0	0	nan	0.000000	nan
ASV_1420_16S_022_3	ENV_Salinity	1	nan	0.074317	nan	nan	nan	nan	nan	1	0	0	nan	0.000000	nan
OTU_984_18S_022_3	ENV_Salinity	1	nan	0.092478	nan	nan	nan	nan	nan	1	0	0	nan	0.000000	nan
ASV_237_16S_3_200	ENV_Salinity	2	nan	0.172630	nan	nan	nan	nan	nan	0	2	0	nan	0.000000	nan
ASV_307_16S_3_200	ENV_Salinity	4	nan	0.069807	nan	nan	nan	nan	nan	2	2	0	nan	0.000000	nan
ASV_1480_16S_3_200	ENV_Salinity	3	nan	0.086879	nan	nan	nan	nan	nan	1	2	0	nan	0.000000	nan
ASV_584_16S_022_3	ENV_Salinity	1	nan	0.087710	nan	nan	nan	nan	nan	1	0	0	nan	0.000000	nan
ASV_468_16S_022_3	ENV_Salinity	2	nan	0.081782	nan	nan	nan	nan	nan	1	1	0	nan	0.000000	nan
OTU_1263_18S_3_200	ENV_Salinity	3	nan	0.075735	nan	nan	nan	nan	nan	2	1	0	nan	0.000000	nan
OTU_2858_18S_022_3	ENV_Salinity	3	nan	0.087710	nan	nan	nan	nan	nan	2	1	0	nan	0.000000	nan
OTU_2181_18S_3_200	ENV_Salinity	3	nan	0.086879	nan	nan	nan	nan	nan	1	2	0	nan	0.000000	nan
ASV_1212_16S_022_3	ENV_Salinity	3	nan	0.172630	nan	nan	nan	nan	nan	0	3	0	nan	0.000000	nan
ASV_1508_16S_022_3	ENV_Salinity	3	nan	0.092478	nan	nan	nan	nan	nan	2	1	0	nan	0.000000	nan
ASV_1820_16S_022_3	ENV_Salinity	3	nan	0.092478	nan	nan	nan	nan	nan	1	2	0	nan	0.000000	nan
ASV_1521_16S_022_3	ENV_Salinity	2	nan	0.066570	nan	nan	nan	nan	nan	0	2	0	nan	0.000000	nan
ASV_777_16S_3_200	ENV_Salinity	4	nan	0.070676	nan	nan	nan	nan	nan	2	2	0	nan	0.000000	nan
ASV_2134_16S_3_200	ENV_Salinity	3	nan	0.087710	nan	nan	nan	nan	nan	2	1	0	nan	0.000000	nan
ASV_723_16S_3_200	ENV_Salinity	6	nan	0.109641	nan	nan	nan	nan	nan	2	4	0	nan	0.000000	nan
OTU_906_18S_022_3	ENV_Salinity	1	nan	0.139381	nan	nan	nan	nan	nan	0	1	0	nan	0.000000	nan
ASV_40_16S_3_200	ENV_Salinity	1	nan	0.096771	nan	nan	nan	nan	nan	1	0	0	nan	0.000000	nan
ASV_650_16S_3_200	ENV_Salinity	2	nan	0.274538	nan	nan	nan	nan	nan	0	2	0	nan	0.000000	nan
OTU_3300_18S_022_3	ENV_Salinity	3	nan	0.087710	nan	nan	nan	nan	nan	0	3	0	nan	0.000000	nan
ASV_51_16S_022_3	ENV_Salinity	3	nan	0.108895	nan	nan	nan	nan	nan	0	3	0	nan	0.000000	nan
OTU_1247_18S_022_3	ENV_Salinity	4	nan	0.056434	nan	nan	nan	nan	nan	3	1	0	nan	0.000000	nan
OTU_77_18S_022_3	ENV_Salinity	2	nan	0.054926	nan	nan	nan	nan	nan	2	0	0	nan	0.000000	nan
OTU_10_18S_3_200	ENV_Salinity	5	nan	0.063074	nan	nan	nan	nan	nan	4	1	0	nan	0.000000	nan
OTU_480_18S_3_200	ENV_Salinity	2	nan	0.077526	nan	nan	nan	nan	nan	0	2	0	nan	0.000000	nan
ASV_377_16S_3_200	ENV_Salinity	2	nan	0.090475	nan	nan	nan	nan	nan	1	1	0	nan	0.000000	nan
OTU_498_18S_022_3	ENV_Salinity	2	nan	0.066967	nan	nan	nan	nan	nan	2	0	0	nan	0.000000	nan
ASV_139_16S_022_3	ENV_Salinity	3	nan	0.060994	nan	nan	nan	nan	nan	1	2	0	nan	0.000000	nan
OTU_3877_18S_3_200	ENV_Salinity	2	nan	0.063739	nan	nan	nan	nan	nan	2	0	0	nan	0.000000	nan
ASV_760_16S_3_200	ENV_Salinity	2	nan	0.081782	nan	nan	nan	nan	nan	1	1	0	nan	0.000000	nan
OTU_5773_18S_022_3	ENV_Salinity	3	nan	0.073944	nan	nan	nan	nan	nan	1	2	0	nan	0.000000	nan
ASV_17_16S_022_3	ENV_Salinity	3	nan	0.066570	nan	nan	nan	nan	nan	1	2	0	nan	0.000000	nan
OTU_1353_18S_022_3	ENV_Salinity	3	nan	0.046826	nan	nan	nan	nan	nan	3	0	0	nan	0.000000	nan
ASV_823_16S_022_3	ENV_Salinity	4	nan	0.150241	nan	nan	nan	nan	nan	1	3	0	nan	0.000000	nan
ASV_491_16S_022_3	ENV_Salinity	2	nan	0.133661	nan	nan	nan	nan	nan	2	0	0	nan	0.000000	nan
ASV_1576_16S_022_3	ENV_Salinity	2	nan	0.097537	nan	nan	nan	nan	nan	1	1	0	nan	0.000000	nan
OTU_4_18S_022_3	ENV_Salinity	4	nan	0.194551	nan	nan	nan	nan	nan	1	3	0	nan	0.000000	nan
ASV_1067_16S_3_200	ENV_Salinity	4	nan	0.070676	nan	nan	nan	nan	nan	2	2	0	nan	0.000000	nan
OTU_1940_18S_3_200	ENV_Salinity	4	nan	0.073944	nan	nan	nan	nan	nan	1	3	0	nan	0.000000	nan
ASV_1986_16S_022_3	ENV_Salinity	2	nan	0.081782	nan	nan	nan	nan	nan	1	1	0	nan	0.000000	nan
OTU_29_18S_3_200	ENV_Salinity	3	nan	0.071259	nan	nan	nan	nan	nan	2	1	0	nan	0.000000	nan
OTU_1532_18S_3_200	ENV_Salinity	2	nan	0.066570	nan	nan	nan	nan	nan	2	0	0	nan	0.000000	nan
OTU_3422_18S_3_200	ENV_Salinity	4	nan	0.073944	nan	nan	nan	nan	nan	3	1	0	nan	0.000000	nan
OTU_71_18S_3_200	ENV_Salinity	3	nan	0.268447	nan	nan	nan	nan	nan	0	3	0	nan	0.000000	nan
OTU_850_18S_022_3	ENV_Salinity	4	nan	0.066962	nan	nan	nan	nan	nan	3	1	0	nan	0.000000	nan
OTU_330_18S_022_3	ENV_Salinity	2	nan	0.066570	nan	nan	nan	nan	nan	1	1	0	nan	0.000000	nan
OTU_1611_18S_3_200	ENV_Salinity	3	nan	0.145472	nan	nan	nan	nan	nan	0	3	0	nan	0.000000	nan
OTU_2633_18S_022_3	ENV_Salinity	5	nan	0.065908	nan	nan	nan	nan	nan	3	2	0	nan	0.000000	nan
OTU_1027_18S_3_200	ENV_Salinity	3	nan	0.090146	nan	nan	nan	nan	nan	2	1	0	nan	0.000000	nan
OTU_2509_18S_022_3	ENV_Salinity	5	nan	0.066570	nan	nan	nan	nan	nan	2	3	0	nan	0.000000	nan
ASV_250_16S_022_3	ENV_Salinity	1	nan	0.124729	nan	nan	nan	nan	nan	1	0	0	nan	0.000000	nan
ASV_2156_16S_3_200	ENV_Salinity	5	nan	0.145472	nan	nan	nan	nan	nan	1	4	0	nan	0.000000	nan
OTU_534_18S_022_3	ENV_Salinity	3	nan	0.108777	nan	nan	nan	nan	nan	2	1	0	nan	0.000000	nan
OTU_2095_18S_3_200	ENV_Salinity	3	nan	0.145472	nan	nan	nan	nan	nan	1	2	0	nan	0.000000	nan
ASV_1029_16S_022_3	ENV_Salinity	4	nan	0.099655	nan	nan	nan	nan	nan	3	1	0	nan	0.000000	nan
OTU_38_18S_3_200	ENV_Salinity	5	nan	0.091684	nan	nan	nan	nan	nan	3	2	0	nan	0.000000	nan
OTU_332_18S_022_3	ENV_Salinity	1	nan	0.113486	nan	nan	nan	nan	nan	0	1	0	nan	0.000000	nan
ASV_105_16S_022_3	ENV_Salinity	2	nan	0.136684	nan	nan	nan	nan	nan	2	0	0	nan	0.000000	nan
OTU_2722_18S_022_3	ENV_Salinity	3	nan	0.097537	nan	nan	nan	nan	nan	1	2	0	nan	0.000000	nan
ASV_1426_16S_022_3	ENV_Salinity	3	nan	0.088888	nan	nan	nan	nan	nan	2	1	0	nan	0.000000	nan
ASV_905_16S_3_200	ENV_Salinity	5	nan	0.073944	nan	nan	nan	nan	nan	2	3	0	nan	0.000000	nan
ASV_550_16S_022_3	ENV_Salinity	3	nan	0.104519	nan	nan	nan	nan	nan	2	1	0	nan	0.000000	nan
OTU_2259_18S_3_200	ENV_Salinity	4	nan	0.081120	nan	nan	nan	nan	nan	1	3	0	nan	0.000000	nan
OTU_751_18S_022_3	ENV_Salinity	2	nan	0.108681	nan	nan	nan	nan	nan	1	1	0	nan	0.000000	nan
OTU_5446_18S_022_3	ENV_Salinity	4	nan	0.065908	nan	nan	nan	nan	nan	3	1	0	nan	0.000000	nan
OTU_811_18S_022_3	ENV_Salinity	2	nan	0.090146	nan	nan	nan	nan	nan	1	1	0	nan	0.000000	nan
ASV_57_16S_022_3	ENV_Salinity	3	nan	0.237370	nan	nan	nan	nan	nan	0	3	0	nan	0.000000	nan
OTU_195_18S_022_3	ENV_Salinity	2	nan	0.071259	nan	nan	nan	nan	nan	1	1	0	nan	0.000000	nan
OTU_1149_18S_022_3	ENV_Salinity	3	nan	0.066962	nan	nan	nan	nan	nan	2	1	0	nan	0.000000	nan
OTU_18_18S_022_3	ENV_Salinity	2	nan	0.053013	nan	nan	nan	nan	nan	2	0	0	nan	0.000000	nan
ASV_255_16S_3_200	ENV_Salinity	2	nan	0.173172	nan	nan	nan	nan	nan	0	2	0	nan	0.000000	nan
OTU_89_18S_3_200	ENV_Salinity	2	nan	0.066675	nan	nan	nan	nan	nan	2	0	0	nan	0.000000	nan
ASV_1675_16S_3_200	ENV_Salinity	3	nan	0.108777	nan	nan	nan	nan	nan	1	2	0	nan	0.000000	nan
ASV_144_16S_022_3	ENV_Salinity	2	nan	0.067913	nan	nan	nan	nan	nan	2	0	0	nan	0.000000	nan
ASV_229_16S_022_3	ENV_Salinity	3	nan	0.102922	nan	nan	nan	nan	nan	0	3	0	nan	0.000000	nan
OTU_506_18S_3_200	ENV_Salinity	3	nan	0.097537	nan	nan	nan	nan	nan	1	2	0	nan	0.000000	nan
ASV_985_16S_022_3	ENV_Salinity	2	nan	0.059990	nan	nan	nan	nan	nan	2	0	0	nan	0.000000	nan
OTU_1575_18S_022_3	ENV_Salinity	4	nan	0.075735	nan	nan	nan	nan	nan	3	1	0	nan	0.000000	nan
ASV_1227_16S_022_3	ENV_Salinity	3	nan	0.090146	nan	nan	nan	nan	nan	0	3	0	nan	0.000000	nan
OTU_763_18S_022_3	ENV_Salinity	4	nan	0.160685	nan	nan	nan	nan	nan	1	3	0	nan	0.000000	nan
ASV_414_16S_3_200	ENV_Salinity	3	nan	0.099655	nan	nan	nan	nan	nan	2	1	0	nan	0.000000	nan
ASV_406_16S_022_3	ENV_Salinity	4	nan	0.107020	nan	nan	nan	nan	nan	2	2	0	nan	0.000000	nan
OTU_11_18S_3_200	ENV_Salinity	4	nan	0.063739	nan	nan	nan	nan	nan	1	3	0	nan	0.000000	nan
ASV_669_16S_3_200	ENV_Salinity	1	nan	0.099113	nan	nan	nan	nan	nan	0	1	0	nan	0.000000	nan
ASV_1059_16S_022_3	ENV_Salinity	5	nan	0.087710	nan	nan	nan	nan	nan	2	3	0	nan	0.000000	nan
ASV_714_16S_022_3	ENV_Salinity	2	nan	0.048044	nan	nan	nan	nan	nan	2	0	0	nan	0.000000	nan
ASV_206_16S_022_3	ENV_Salinity	2	nan	0.053013	nan	nan	nan	nan	nan	2	0	0	nan	0.000000	nan
OTU_1345_18S_3_200	ENV_Salinity	6	nan	0.092478	nan	nan	nan	nan	nan	5	1	0	nan	0.000000	nan
OTU_467_18S_022_3	ENV_Salinity	1	nan	0.073944	nan	nan	nan	nan	nan	0	1	0	nan	0.000000	nan
OTU_240_18S_3_200	ENV_Salinity	2	nan	0.081782	nan	nan	nan	nan	nan	0	2	0	nan	0.000000	nan
OTU_413_18S_3_200	ENV_Salinity	3	nan	0.077526	nan	nan	nan	nan	nan	3	0	0	nan	0.000000	nan
OTU_985_18S_3_200	ENV_Salinity	3	nan	0.150241	nan	nan	nan	nan	nan	3	0	0	nan	0.000000	nan
ASV_1705_16S_022_3	ENV_Salinity	3	nan	0.073944	nan	nan	nan	nan	nan	0	3	0	nan	0.000000	nan
OTU_188_18S_022_3	ENV_Salinity	1	nan	0.085095	nan	nan	nan	nan	nan	1	0	0	nan	0.000000	nan
OTU_105_18S_3_200	ENV_Salinity	2	nan	0.070474	nan	nan	nan	nan	nan	2	0	0	nan	0.000000	nan
OTU_2562_18S_022_3	ENV_Salinity	1	nan	0.087710	nan	nan	nan	nan	nan	0	1	0	nan	0.000000	nan
ASV_842_16S_022_3	ENV_Salinity	2	nan	0.075064	nan	nan	nan	nan	nan	1	1	0	nan	0.000000	nan
OTU_233_18S_022_3	ENV_Salinity	2	nan	0.179315	nan	nan	nan	nan	nan	0	2	0	nan	0.000000	nan
OTU_1246_18S_022_3	ENV_Salinity	3	nan	0.145472	nan	nan	nan	nan	nan	1	2	0	nan	0.000000	nan
OTU_537_18S_022_3	ENV_Salinity	3	nan	0.102922	nan	nan	nan	nan	nan	1	2	0	nan	0.000000	nan
OTU_1058_18S_022_3	ENV_Salinity	1	nan	0.081120	nan	nan	nan	nan	nan	1	0	0	nan	0.000000	nan
OTU_496_18S_022_3	ENV_Salinity	2	nan	0.113111	nan	nan	nan	nan	nan	0	2	0	nan	0.000000	nan
ASV_507_16S_022_3	ENV_Salinity	2	nan	0.088848	nan	nan	nan	nan	nan	1	1	0	nan	0.000000	nan
OTU_506_18S_022_3	ENV_Salinity	1	nan	0.155299	nan	nan	nan	nan	nan	0	1	0	nan	0.000000	nan
OTU_787_18S_022_3	ENV_Salinity	4	nan	0.072721	nan	nan	nan	nan	nan	3	1	0	nan	0.000000	nan
OTU_2418_18S_3_200	ENV_Salinity	7	nan	0.150241	nan	nan	nan	nan	nan	2	5	0	nan	0.000000	nan
OTU_1309_18S_3_200	ENV_Salinity	3	nan	0.056434	nan	nan	nan	nan	nan	3	0	0	nan	0.000000	nan
ASV_503_16S_022_3	ENV_Salinity	7	nan	0.120169	nan	nan	nan	nan	nan	5	2	0	nan	0.000000	nan
ASV_781_16S_022_3	ENV_Salinity	2	nan	0.087710	nan	nan	nan	nan	nan	1	1	0	nan	0.000000	nan
ASV_582_16S_022_3	ENV_Salinity	4	nan	0.090300	nan	nan	nan	nan	nan	4	0	0	nan	0.000000	nan
ASV_738_16S_022_3	ENV_Salinity	2	nan	0.090724	nan	nan	nan	nan	nan	2	0	0	nan	0.000000	nan
OTU_1682_18S_022_3	ENV_Salinity	2	nan	0.087710	nan	nan	nan	nan	nan	0	2	0	nan	0.000000	nan
OTU_119_18S_3_200	ENV_Salinity	2	nan	0.048503	nan	nan	nan	nan	nan	2	0	0	nan	0.000000	nan
OTU_2041_18S_3_200	ENV_Salinity	2	nan	0.092478	nan	nan	nan	nan	nan	1	1	0	nan	0.000000	nan
ASV_862_16S_022_3	ENV_Salinity	5	nan	0.075898	nan	nan	nan	nan	nan	3	2	0	nan	0.000000	nan
OTU_242_18S_3_200	ENV_Salinity	3	nan	0.145353	nan	nan	nan	nan	nan	0	3	0	nan	0.000000	nan
OTU_1898_18S_3_200	ENV_Salinity	8	nan	0.066570	nan	nan	nan	nan	nan	1	7	0	nan	0.000000	nan
OTU_749_18S_022_3	ENV_Salinity	2	nan	0.193183	nan	nan	nan	nan	nan	0	2	0	nan	0.000000	nan
OTU_393_18S_3_200	ENV_Salinity	4	nan	0.108681	nan	nan	nan	nan	nan	1	3	0	nan	0.000000	nan
OTU_286_18S_3_200	ENV_Salinity	3	nan	0.056518	nan	nan	nan	nan	nan	2	1	0	nan	0.000000	nan
ASV_784_16S_3_200	ENV_Salinity	4	nan	0.097700	nan	nan	nan	nan	nan	3	1	0	nan	0.000000	nan
ASV_1581_16S_022_3	ENV_Salinity	4	nan	0.051049	nan	nan	nan	nan	nan	4	0	0	nan	0.000000	nan
OTU_842_18S_3_200	ENV_Salinity	2	nan	0.073944	nan	nan	nan	nan	nan	1	1	0	nan	0.000000	nan
OTU_234_18S_022_3	ENV_Salinity	4	nan	0.198525	nan	nan	nan	nan	nan	0	4	0	nan	0.000000	nan
OTU_476_18S_3_200	ENV_Salinity	3	nan	0.093066	nan	nan	nan	nan	nan	2	1	0	nan	0.000000	nan
ASV_364_16S_3_200	ENV_Salinity	2	nan	0.051049	nan	nan	nan	nan	nan	2	0	0	nan	0.000000	nan
OTU_942_18S_022_3	ENV_Salinity	2	nan	0.053013	nan	nan	nan	nan	nan	2	0	0	nan	0.000000	nan
ASV_1244_16S_022_3	ENV_Salinity	3	nan	0.066570	nan	nan	nan	nan	nan	3	0	0	nan	0.000000	nan
OTU_1213_18S_022_3	ENV_Salinity	3	nan	0.066570	nan	nan	nan	nan	nan	1	2	0	nan	0.000000	nan
OTU_2736_18S_022_3	ENV_Salinity	3	nan	0.092478	nan	nan	nan	nan	nan	1	2	0	nan	0.000000	nan
ASV_226_16S_022_3	ENV_Salinity	3	nan	0.061576	nan	nan	nan	nan	nan	3	0	0	nan	0.000000	nan
ASV_1442_16S_022_3	ENV_Salinity	2	nan	0.113486	nan	nan	nan	nan	nan	1	1	0	nan	0.000000	nan
OTU_902_18S_022_3	ENV_Salinity	3	nan	0.095160	nan	nan	nan	nan	nan	1	2	0	nan	0.000000	nan
OTU_2884_18S_3_200	ENV_Salinity	3	nan	0.160685	nan	nan	nan	nan	nan	0	3	0	nan	0.000000	nan
OTU_151_18S_3_200	ENV_Salinity	2	nan	0.156715	nan	nan	nan	nan	nan	1	1	0	nan	0.000000	nan
OTU_889_18S_022_3	ENV_Salinity	4	nan	0.073944	nan	nan	nan	nan	nan	1	3	0	nan	0.000000	nan
OTU_98_18S_022_3	ENV_Salinity	1	nan	0.073944	nan	nan	nan	nan	nan	0	1	0	nan	0.000000	nan
OTU_2322_18S_3_200	ENV_Salinity	3	nan	0.075735	nan	nan	nan	nan	nan	3	0	0	nan	0.000000	nan
ASV_1044_16S_022_3	ENV_Salinity	3	nan	0.068380	nan	nan	nan	nan	nan	2	1	0	nan	0.000000	nan
OTU_125_18S_3_200	ENV_Salinity	1	nan	0.066331	nan	nan	nan	nan	nan	1	0	0	nan	0.000000	nan
OTU_917_18S_022_3	ENV_Salinity	3	nan	0.061576	nan	nan	nan	nan	nan	3	0	0	nan	0.000000	nan
OTU_236_18S_3_200	ENV_Salinity	4	nan	0.160685	nan	nan	nan	nan	nan	0	4	0	nan	0.000000	nan
ASV_249_16S_022_3	ENV_Salinity	3	nan	0.080035	nan	nan	nan	nan	nan	2	1	0	nan	0.000000	nan
OTU_1153_18S_022_3	ENV_Salinity	4	nan	0.097537	nan	nan	nan	nan	nan	2	2	0	nan	0.000000	nan
ASV_1115_16S_022_3	ENV_Salinity	4	nan	0.150241	nan	nan	nan	nan	nan	0	4	0	nan	0.000000	nan
OTU_817_18S_022_3	ENV_Salinity	3	nan	0.155299	nan	nan	nan	nan	nan	0	3	0	nan	0.000000	nan
OTU_1346_18S_022_3	ENV_Salinity	2	nan	0.097537	nan	nan	nan	nan	nan	1	1	0	nan	0.000000	nan
ASV_61_16S_022_3	ENV_Salinity	6	nan	0.081782	nan	nan	nan	nan	nan	1	5	0	nan	0.000000	nan
ASV_2281_16S_3_200	ENV_Salinity	3	nan	0.092478	nan	nan	nan	nan	nan	2	1	0	nan	0.000000	nan
OTU_1191_18S_022_3	ENV_Salinity	3	nan	0.066570	nan	nan	nan	nan	nan	3	0	0	nan	0.000000	nan
OTU_320_18S_022_3	ENV_Salinity	4	nan	0.070051	nan	nan	nan	nan	nan	4	0	0	nan	0.000000	nan
OTU_1511_18S_3_200	ENV_Salinity	5	nan	0.145472	nan	nan	nan	nan	nan	3	2	0	nan	0.000000	nan
ASV_377_16S_022_3	ENV_Salinity	1	nan	0.046826	nan	nan	nan	nan	nan	1	0	0	nan	0.000000	nan
ASV_448_16S_3_200	ENV_Salinity	4	nan	0.081911	nan	nan	nan	nan	nan	3	1	0	nan	0.000000	nan
OTU_373_18S_3_200	ENV_Salinity	4	nan	0.081911	nan	nan	nan	nan	nan	1	3	0	nan	0.000000	nan
ASV_833_16S_022_3	ENV_Salinity	4	nan	0.062193	nan	nan	nan	nan	nan	2	2	0	nan	0.000000	nan
OTU_1899_18S_022_3	ENV_Salinity	1	nan	0.081782	nan	nan	nan	nan	nan	1	0	0	nan	0.000000	nan
ASV_469_16S_022_3	ENV_Salinity	2	nan	0.108681	nan	nan	nan	nan	nan	1	1	0	nan	0.000000	nan
ASV_1482_16S_022_3	ENV_Salinity	2	nan	0.081782	nan	nan	nan	nan	nan	1	1	0	nan	0.000000	nan
ASV_75_16S_022_3	ENV_Salinity	3	nan	0.074690	nan	nan	nan	nan	nan	1	2	0	nan	0.000000	nan
OTU_1460_18S_022_3	ENV_Salinity	1	nan	0.066570	nan	nan	nan	nan	nan	1	0	0	nan	0.000000	nan
OTU_2037_18S_022_3	ENV_Salinity	1	nan	0.081782	nan	nan	nan	nan	nan	0	1	0	nan	0.000000	nan
OTU_1290_18S_022_3	ENV_Salinity	4	nan	0.081782	nan	nan	nan	nan	nan	1	3	0	nan	0.000000	nan
ASV_9_16S_022_3	ENV_Salinity	4	nan	0.117285	nan	nan	nan	nan	nan	2	2	0	nan	0.000000	nan
OTU_325_18S_3_200	ENV_Salinity	4	nan	0.108681	nan	nan	nan	nan	nan	2	2	0	nan	0.000000	nan
OTU_251_18S_022_3	ENV_Salinity	1	nan	0.077232	nan	nan	nan	nan	nan	1	0	0	nan	0.000000	nan
OTU_197_18S_3_200	ENV_Salinity	5	nan	0.066962	nan	nan	nan	nan	nan	4	1	0	nan	0.000000	nan
ASV_1949_16S_022_3	ENV_Salinity	1	nan	0.073944	nan	nan	nan	nan	nan	1	0	0	nan	0.000000	nan
OTU_34_18S_3_200	ENV_Salinity	2	nan	0.130697	nan	nan	nan	nan	nan	0	2	0	nan	0.000000	nan
ASV_782_16S_022_3	ENV_Salinity	5	nan	0.092478	nan	nan	nan	nan	nan	2	3	0	nan	0.000000	nan
ASV_273_16S_022_3	ENV_Salinity	2	nan	0.108777	nan	nan	nan	nan	nan	1	1	0	nan	0.000000	nan
ASV_613_16S_022_3	ENV_Salinity	2	nan	0.145472	nan	nan	nan	nan	nan	0	2	0	nan	0.000000	nan
OTU_260_18S_3_200	ENV_Salinity	2	nan	0.066570	nan	nan	nan	nan	nan	1	1	0	nan	0.000000	nan
OTU_8089_18S_022_3	ENV_Salinity	2	nan	0.066570	nan	nan	nan	nan	nan	1	1	0	nan	0.000000	nan
ASV_110_16S_022_3	ENV_Salinity	4	nan	0.047040	nan	nan	nan	nan	nan	4	0	0	nan	0.000000	nan
OTU_1076_18S_022_3	ENV_Salinity	1	nan	0.048044	nan	nan	nan	nan	nan	1	0	0	nan	0.000000	nan
OTU_196_18S_3_200	ENV_Salinity	3	nan	0.102922	nan	nan	nan	nan	nan	0	3	0	nan	0.000000	nan
OTU_15_18S_022_3	ENV_Salinity	2	nan	0.108681	nan	nan	nan	nan	nan	1	1	0	nan	0.000000	nan
ASV_444_16S_022_3	ENV_Salinity	2	nan	0.150241	nan	nan	nan	nan	nan	1	1	0	nan	0.000000	nan
ASV_93_16S_022_3	ENV_Salinity	4	nan	0.110227	nan	nan	nan	nan	nan	0	4	0	nan	0.000000	nan
ASV_1375_16S_022_3	ENV_Salinity	1	nan	0.073944	nan	nan	nan	nan	nan	0	1	0	nan	0.000000	nan
OTU_675_18S_022_3	ENV_Salinity	2	nan	0.166443	nan	nan	nan	nan	nan	1	1	0	nan	0.000000	nan
OTU_671_18S_3_200	ENV_Salinity	4	nan	0.137873	nan	nan	nan	nan	nan	3	1	0	nan	0.000000	nan
OTU_605_18S_3_200	ENV_Salinity	3	nan	0.149122	nan	nan	nan	nan	nan	0	3	0	nan	0.000000	nan
OTU_1390_18S_3_200	ENV_Salinity	5	nan	0.048044	nan	nan	nan	nan	nan	5	0	0	nan	0.000000	nan
ASV_304_16S_022_3	ENV_Salinity	4	nan	0.077232	nan	nan	nan	nan	nan	3	1	0	nan	0.000000	nan
ASV_464_16S_3_200	ENV_Salinity	1	nan	0.160685	nan	nan	nan	nan	nan	0	1	0	nan	0.000000	nan
ASV_278_16S_022_3	ENV_Salinity	2	nan	0.057101	nan	nan	nan	nan	nan	2	0	0	nan	0.000000	nan
ASV_387_16S_022_3	ENV_Salinity	4	nan	0.133661	nan	nan	nan	nan	nan	1	3	0	nan	0.000000	nan
OTU_536_18S_3_200	ENV_Salinity	2	nan	0.095160	nan	nan	nan	nan	nan	2	0	0	nan	0.000000	nan
OTU_303_18S_3_200	ENV_Salinity	4	nan	0.086879	nan	nan	nan	nan	nan	2	2	0	nan	0.000000	nan
ASV_1934_16S_022_3	ENV_Salinity	2	nan	0.073944	nan	nan	nan	nan	nan	1	1	0	nan	0.000000	nan
OTU_430_18S_022_3	ENV_Salinity	3	nan	0.108681	nan	nan	nan	nan	nan	1	2	0	nan	0.000000	nan
ASV_410_16S_022_3	ENV_Salinity	3	nan	0.097745	nan	nan	nan	nan	nan	2	1	0	nan	0.000000	nan
ASV_2004_16S_3_200	ENV_Salinity	2	nan	0.150241	nan	nan	nan	nan	nan	0	2	0	nan	0.000000	nan
OTU_2309_18S_022_3	ENV_Salinity	5	nan	0.066570	nan	nan	nan	nan	nan	4	1	0	nan	0.000000	nan
OTU_2745_18S_3_200	ENV_Salinity	2	nan	0.073944	nan	nan	nan	nan	nan	1	1	0	nan	0.000000	nan
ASV_263_16S_022_3	ENV_Salinity	2	nan	0.271654	nan	nan	nan	nan	nan	0	2	0	nan	0.000000	nan
OTU_756_18S_3_200	ENV_Salinity	4	nan	0.073944	nan	nan	nan	nan	nan	1	3	0	nan	0.000000	nan
OTU_778_18S_3_200	ENV_Salinity	3	nan	0.090146	nan	nan	nan	nan	nan	0	3	0	nan	0.000000	nan
OTU_787_18S_3_200	ENV_Salinity	3	nan	0.072721	nan	nan	nan	nan	nan	1	2	0	nan	0.000000	nan
OTU_1901_18S_022_3	ENV_Salinity	1	nan	0.179315	nan	nan	nan	nan	nan	0	1	0	nan	0.000000	nan
OTU_560_18S_3_200	ENV_Salinity	1	nan	0.108777	nan	nan	nan	nan	nan	0	1	0	nan	0.000000	nan
OTU_183_18S_3_200	ENV_Salinity	3	nan	0.072766	nan	nan	nan	nan	nan	2	1	0	nan	0.000000	nan
OTU_797_18S_022_3	ENV_Salinity	4	nan	0.102634	nan	nan	nan	nan	nan	2	2	0	nan	0.000000	nan
ASV_762_16S_022_3	ENV_Salinity	1	nan	0.155299	nan	nan	nan	nan	nan	0	1	0	nan	0.000000	nan
ASV_1439_16S_3_200	ENV_Salinity	3	nan	0.166443	nan	nan	nan	nan	nan	0	3	0	nan	0.000000	nan
ASV_673_16S_3_200	ENV_Salinity	5	nan	0.081782	nan	nan	nan	nan	nan	1	4	0	nan	0.000000	nan
ASV_307_16S_022_3	ENV_Salinity	2	nan	0.046826	nan	nan	nan	nan	nan	2	0	0	nan	0.000000	nan
OTU_833_18S_3_200	ENV_Salinity	2	nan	0.099113	nan	nan	nan	nan	nan	0	2	0	nan	0.000000	nan
ASV_297_16S_022_3	ENV_Salinity	3	nan	0.066675	nan	nan	nan	nan	nan	2	1	0	nan	0.000000	nan
ASV_1088_16S_022_3	ENV_Salinity	1	nan	0.099113	nan	nan	nan	nan	nan	0	1	0	nan	0.000000	nan
OTU_1786_18S_3_200	ENV_Salinity	3	nan	0.081782	nan	nan	nan	nan	nan	1	2	0	nan	0.000000	nan
ASV_1310_16S_022_3	ENV_Salinity	2	nan	0.065908	nan	nan	nan	nan	nan	2	0	0	nan	0.000000	nan
ASV_412_16S_022_3	ENV_Salinity	1	nan	0.123800	nan	nan	nan	nan	nan	0	1	0	nan	0.000000	nan
OTU_103_18S_3_200	ENV_Salinity	4	nan	0.056434	nan	nan	nan	nan	nan	4	0	0	nan	0.000000	nan
ASV_1149_16S_022_3	ENV_Salinity	2	nan	0.150241	nan	nan	nan	nan	nan	0	2	0	nan	0.000000	nan
ASV_755_16S_022_3	ENV_Salinity	3	nan	0.155299	nan	nan	nan	nan	nan	0	3	0	nan	0.000000	nan
OTU_1121_18S_3_200	ENV_Salinity	4	nan	0.075735	nan	nan	nan	nan	nan	3	1	0	nan	0.000000	nan
ASV_301_16S_022_3	ENV_Salinity	3	nan	0.133661	nan	nan	nan	nan	nan	0	3	0	nan	0.000000	nan
OTU_1628_18S_022_3	ENV_Salinity	1	nan	0.155299	nan	nan	nan	nan	nan	0	1	0	nan	0.000000	nan
OTU_2876_18S_022_3	ENV_Salinity	7	nan	0.066570	nan	nan	nan	nan	nan	1	6	0	nan	0.000000	nan
OTU_543_18S_022_3	ENV_Salinity	2	nan	0.191344	nan	nan	nan	nan	nan	0	2	0	nan	0.000000	nan
ASV_33_16S_022_3	ENV_Salinity	3	nan	0.086879	nan	nan	nan	nan	nan	1	2	0	nan	0.000000	nan
OTU_909_18S_3_200	ENV_Salinity	5	nan	0.081120	nan	nan	nan	nan	nan	4	1	0	nan	0.000000	nan
OTU_585_18S_022_3	ENV_Salinity	3	nan	0.087710	nan	nan	nan	nan	nan	2	1	0	nan	0.000000	nan
OTU_2389_18S_022_3	ENV_Salinity	3	nan	0.066570	nan	nan	nan	nan	nan	2	1	0	nan	0.000000	nan
ASV_1294_16S_022_3	ENV_Salinity	1	nan	0.070676	nan	nan	nan	nan	nan	1	0	0	nan	0.000000	nan
OTU_960_18S_3_200	ENV_Salinity	3	nan	0.081782	nan	nan	nan	nan	nan	2	1	0	nan	0.000000	nan
ASV_2371_16S_022_3	ENV_Salinity	2	nan	0.073944	nan	nan	nan	nan	nan	0	2	0	nan	0.000000	nan
OTU_871_18S_3_200	ENV_Salinity	3	nan	0.066331	nan	nan	nan	nan	nan	3	0	0	nan	0.000000	nan
OTU_2433_18S_3_200	ENV_Salinity	4	nan	0.066570	nan	nan	nan	nan	nan	1	3	0	nan	0.000000	nan
OTU_1399_18S_3_200	ENV_Salinity	3	nan	0.256004	nan	nan	nan	nan	nan	1	2	0	nan	0.000000	nan
OTU_517_18S_3_200	ENV_Salinity	1	nan	0.046826	nan	nan	nan	nan	nan	1	0	0	nan	0.000000	nan
ASV_1720_16S_022_3	ENV_Salinity	4	nan	0.150241	nan	nan	nan	nan	nan	1	3	0	nan	0.000000	nan
ASV_1155_16S_022_3	ENV_Salinity	3	nan	0.114868	nan	nan	nan	nan	nan	2	1	0	nan	0.000000	nan
OTU_711_18S_3_200	ENV_Salinity	4	nan	0.065908	nan	nan	nan	nan	nan	4	0	0	nan	0.000000	nan
OTU_1123_18S_022_3	ENV_Salinity	3	nan	0.160685	nan	nan	nan	nan	nan	1	2	0	nan	0.000000	nan
OTU_373_18S_022_3	ENV_Salinity	2	nan	0.114868	nan	nan	nan	nan	nan	1	1	0	nan	0.000000	nan
ASV_820_16S_022_3	ENV_Salinity	2	nan	0.166443	nan	nan	nan	nan	nan	0	2	0	nan	0.000000	nan
OTU_48_18S_3_200	ENV_Salinity	3	nan	0.073944	nan	nan	nan	nan	nan	1	2	0	nan	0.000000	nan
OTU_3448_18S_3_200	ENV_Salinity	2	nan	0.150241	nan	nan	nan	nan	nan	0	2	0	nan	0.000000	nan
OTU_1104_18S_022_3	ENV_Salinity	2	nan	0.081782	nan	nan	nan	nan	nan	1	1	0	nan	0.000000	nan
OTU_868_18S_3_200	ENV_Salinity	4	nan	0.051049	nan	nan	nan	nan	nan	4	0	0	nan	0.000000	nan
OTU_1374_18S_3_200	ENV_Salinity	5	nan	0.087710	nan	nan	nan	nan	nan	3	2	0	nan	0.000000	nan
OTU_191_18S_3_200	ENV_Salinity	4	nan	0.073944	nan	nan	nan	nan	nan	2	2	0	nan	0.000000	nan
ASV_831_16S_022_3	ENV_Salinity	4	nan	0.085592	nan	nan	nan	nan	nan	2	2	0	nan	0.000000	nan
ASV_1658_16S_022_3	ENV_Salinity	4	nan	0.073944	nan	nan	nan	nan	nan	3	1	0	nan	0.000000	nan
OTU_1506_18S_022_3	ENV_Salinity	2	nan	0.066570	nan	nan	nan	nan	nan	1	1	0	nan	0.000000	nan
OTU_1789_18S_022_3	ENV_Salinity	3	nan	0.145472	nan	nan	nan	nan	nan	2	1	0	nan	0.000000	nan
OTU_537_18S_3_200	ENV_Salinity	3	nan	0.108681	nan	nan	nan	nan	nan	3	0	0	nan	0.000000	nan
ASV_1002_16S_022_3	ENV_Salinity	4	nan	0.109641	nan	nan	nan	nan	nan	1	3	0	nan	0.000000	nan
OTU_1086_18S_3_200	ENV_Salinity	5	nan	0.053803	nan	nan	nan	nan	nan	5	0	0	nan	0.000000	nan
ASV_947_16S_022_3	ENV_Salinity	4	nan	0.120169	nan	nan	nan	nan	nan	2	2	0	nan	0.000000	nan
ASV_1287_16S_022_3	ENV_Salinity	5	nan	0.102922	nan	nan	nan	nan	nan	3	2	0	nan	0.000000	nan
ASV_506_16S_022_3	ENV_Salinity	4	nan	0.179315	nan	nan	nan	nan	nan	0	4	0	nan	0.000000	nan
OTU_1801_18S_022_3	ENV_Salinity	4	nan	0.145472	nan	nan	nan	nan	nan	1	3	0	nan	0.000000	nan
OTU_741_18S_3_200	ENV_Salinity	5	nan	0.073944	nan	nan	nan	nan	nan	2	3	0	nan	0.000000	nan
OTU_1283_18S_022_3	ENV_Salinity	4	nan	0.081120	nan	nan	nan	nan	nan	2	2	0	nan	0.000000	nan
OTU_3326_18S_022_3	ENV_Salinity	2	nan	0.133105	nan	nan	nan	nan	nan	0	2	0	nan	0.000000	nan
OTU_598_18S_3_200	ENV_Salinity	3	nan	0.139166	nan	nan	nan	nan	nan	2	1	0	nan	0.000000	nan
ASV_1186_16S_022_3	ENV_Salinity	3	nan	0.092862	nan	nan	nan	nan	nan	1	2	0	nan	0.000000	nan
OTU_910_18S_3_200	ENV_Salinity	1	nan	0.081782	nan	nan	nan	nan	nan	0	1	0	nan	0.000000	nan
OTU_2305_18S_022_3	ENV_Salinity	1	nan	0.155299	nan	nan	nan	nan	nan	0	1	0	nan	0.000000	nan
OTU_62_18S_3_200	ENV_Salinity	3	nan	0.048044	nan	nan	nan	nan	nan	3	0	0	nan	0.000000	nan
OTU_866_18S_3_200	ENV_Salinity	7	nan	0.092478	nan	nan	nan	nan	nan	3	4	0	nan	0.000000	nan
ASV_1223_16S_022_3	ENV_Salinity	3	nan	0.066570	nan	nan	nan	nan	nan	3	0	0	nan	0.000000	nan
OTU_698_18S_3_200	ENV_Salinity	3	nan	0.072721	nan	nan	nan	nan	nan	3	0	0	nan	0.000000	nan
OTU_2317_18S_022_3	ENV_Salinity	3	nan	0.081782	nan	nan	nan	nan	nan	0	3	0	nan	0.000000	nan
OTU_495_18S_022_3	ENV_Salinity	3	nan	0.063739	nan	nan	nan	nan	nan	2	1	0	nan	0.000000	nan
OTU_1252_18S_3_200	ENV_Salinity	5	nan	0.066962	nan	nan	nan	nan	nan	2	3	0	nan	0.000000	nan
OTU_1576_18S_3_200	ENV_Salinity	4	nan	0.081782	nan	nan	nan	nan	nan	1	3	0	nan	0.000000	nan
ASV_502_16S_022_3	ENV_Salinity	2	nan	0.087591	nan	nan	nan	nan	nan	0	2	0	nan	0.000000	nan
ASV_858_16S_3_200	ENV_Salinity	2	nan	0.073944	nan	nan	nan	nan	nan	1	1	0	nan	0.000000	nan
ASV_1556_16S_022_3	ENV_Salinity	2	nan	0.081120	nan	nan	nan	nan	nan	2	0	0	nan	0.000000	nan
OTU_1898_18S_022_3	ENV_Salinity	2	nan	0.150241	nan	nan	nan	nan	nan	1	1	0	nan	0.000000	nan
OTU_931_18S_022_3	ENV_Salinity	5	nan	0.092478	nan	nan	nan	nan	nan	4	1	0	nan	0.000000	nan
OTU_16_18S_3_200	ENV_Salinity	3	nan	0.073944	nan	nan	nan	nan	nan	1	2	0	nan	0.000000	nan
OTU_1338_18S_022_3	ENV_Salinity	3	nan	0.066570	nan	nan	nan	nan	nan	0	3	0	nan	0.000000	nan
OTU_293_18S_3_200	ENV_Salinity	5	nan	0.066570	nan	nan	nan	nan	nan	3	2	0	nan	0.000000	nan
OTU_1146_18S_3_200	ENV_Salinity	2	nan	0.155299	nan	nan	nan	nan	nan	0	2	0	nan	0.000000	nan
OTU_227_18S_022_3	ENV_Salinity	1	nan	0.145472	nan	nan	nan	nan	nan	1	0	0	nan	0.000000	nan
OTU_3429_18S_022_3	ENV_Salinity	1	nan	0.150241	nan	nan	nan	nan	nan	0	1	0	nan	0.000000	nan
OTU_1609_18S_022_3	ENV_Salinity	5	nan	0.145472	nan	nan	nan	nan	nan	1	4	0	nan	0.000000	nan
OTU_69_18S_022_3	ENV_Salinity	2	nan	0.083747	nan	nan	nan	nan	nan	2	0	0	nan	0.000000	nan
OTU_231_18S_3_200	ENV_Salinity	2	nan	0.102922	nan	nan	nan	nan	nan	1	1	0	nan	0.000000	nan
ASV_504_16S_022_3	ENV_Salinity	4	nan	0.105842	nan	nan	nan	nan	nan	1	3	0	nan	0.000000	nan
OTU_1355_18S_3_200	ENV_Salinity	4	nan	0.075735	nan	nan	nan	nan	nan	1	3	0	nan	0.000000	nan
OTU_199_18S_022_3	ENV_Salinity	1	nan	0.196849	nan	nan	nan	nan	nan	0	1	0	nan	0.000000	nan
OTU_1417_18S_3_200	ENV_Salinity	2	nan	0.145472	nan	nan	nan	nan	nan	0	2	0	nan	0.000000	nan
OTU_17_18S_3_200	ENV_Salinity	3	nan	0.055772	nan	nan	nan	nan	nan	3	0	0	nan	0.000000	nan
OTU_1557_18S_3_200	ENV_Salinity	3	nan	0.102922	nan	nan	nan	nan	nan	1	2	0	nan	0.000000	nan
OTU_491_18S_022_3	ENV_Salinity	2	nan	0.102922	nan	nan	nan	nan	nan	0	2	0	nan	0.000000	nan
ASV_1124_16S_3_200	ENV_Salinity	2	nan	0.224420	nan	nan	nan	nan	nan	0	2	0	nan	0.000000	nan
OTU_800_18S_3_200	ENV_Salinity	3	nan	0.074317	nan	nan	nan	nan	nan	3	0	0	nan	0.000000	nan
ASV_2068_16S_022_3	ENV_Salinity	2	nan	0.090146	nan	nan	nan	nan	nan	0	2	0	nan	0.000000	nan
OTU_625_18S_3_200	ENV_Salinity	3	nan	0.090146	nan	nan	nan	nan	nan	2	1	0	nan	0.000000	nan
OTU_2812_18S_022_3	ENV_Salinity	3	nan	0.066570	nan	nan	nan	nan	nan	2	1	0	nan	0.000000	nan
OTU_1165_18S_3_200	ENV_Salinity	6	nan	0.073944	nan	nan	nan	nan	nan	2	4	0	nan	0.000000	nan
OTU_2459_18S_3_200	ENV_Salinity	5	nan	0.081782	nan	nan	nan	nan	nan	0	5	0	nan	0.000000	nan
ASV_1443_16S_022_3	ENV_Salinity	4	nan	0.078908	nan	nan	nan	nan	nan	2	2	0	nan	0.000000	nan
OTU_791_18S_3_200	ENV_Salinity	3	nan	0.066570	nan	nan	nan	nan	nan	2	1	0	nan	0.000000	nan
ASV_1781_16S_022_3	ENV_Salinity	5	nan	0.086879	nan	nan	nan	nan	nan	3	2	0	nan	0.000000	nan
ASV_500_16S_022_3	ENV_Salinity	3	nan	0.102922	nan	nan	nan	nan	nan	1	2	0	nan	0.000000	nan
OTU_1286_18S_3_200	ENV_Salinity	5	nan	0.073944	nan	nan	nan	nan	nan	4	1	0	nan	0.000000	nan
ASV_579_16S_022_3	ENV_Salinity	2	nan	0.062407	nan	nan	nan	nan	nan	2	0	0	nan	0.000000	nan
OTU_3782_18S_3_200	ENV_Salinity	5	nan	0.066570	nan	nan	nan	nan	nan	1	4	0	nan	0.000000	nan
OTU_1143_18S_022_3	ENV_Salinity	4	nan	0.092478	nan	nan	nan	nan	nan	0	4	0	nan	0.000000	nan
OTU_348_18S_3_200	ENV_Salinity	2	nan	0.059946	nan	nan	nan	nan	nan	2	0	0	nan	0.000000	nan
OTU_962_18S_3_200	ENV_Salinity	1	nan	0.074317	nan	nan	nan	nan	nan	0	1	0	nan	0.000000	nan
OTU_699_18S_3_200	ENV_Salinity	3	nan	0.081782	nan	nan	nan	nan	nan	0	3	0	nan	0.000000	nan
OTU_1618_18S_022_3	ENV_Salinity	3	nan	0.065908	nan	nan	nan	nan	nan	3	0	0	nan	0.000000	nan
ASV_818_16S_022_3	ENV_Salinity	2	nan	0.048503	nan	nan	nan	nan	nan	2	0	0	nan	0.000000	nan
OTU_2905_18S_022_3	ENV_Salinity	2	nan	0.081782	nan	nan	nan	nan	nan	1	1	0	nan	0.000000	nan
OTU_5301_18S_3_200	ENV_Salinity	3	nan	0.066570	nan	nan	nan	nan	nan	2	1	0	nan	0.000000	nan
OTU_1347_18S_3_200	ENV_Salinity	3	nan	0.092478	nan	nan	nan	nan	nan	2	1	0	nan	0.000000	nan
OTU_146_18S_3_200	ENV_Salinity	3	nan	0.155299	nan	nan	nan	nan	nan	0	3	0	nan	0.000000	nan
ASV_2243_16S_022_3	ENV_Salinity	2	nan	0.073944	nan	nan	nan	nan	nan	0	2	0	nan	0.000000	nan
OTU_1625_18S_3_200	ENV_Salinity	4	nan	0.081120	nan	nan	nan	nan	nan	4	0	0	nan	0.000000	nan
OTU_329_18S_3_200	ENV_Salinity	2	nan	0.098044	nan	nan	nan	nan	nan	1	1	0	nan	0.000000	nan
OTU_1304_18S_022_3	ENV_Salinity	3	nan	0.097537	nan	nan	nan	nan	nan	1	2	0	nan	0.000000	nan
ASV_381_16S_022_3	ENV_Salinity	2	nan	0.166443	nan	nan	nan	nan	nan	0	2	0	nan	0.000000	nan
ASV_1047_16S_022_3	ENV_Salinity	3	nan	0.248629	nan	nan	nan	nan	nan	0	3	0	nan	0.000000	nan
ASV_284_16S_022_3	ENV_Salinity	3	nan	0.108974	nan	nan	nan	nan	nan	1	2	0	nan	0.000000	nan
OTU_497_18S_3_200	ENV_Salinity	2	nan	0.066570	nan	nan	nan	nan	nan	1	1	0	nan	0.000000	nan
OTU_899_18S_3_200	ENV_Salinity	2	nan	0.166443	nan	nan	nan	nan	nan	0	2	0	nan	0.000000	nan
OTU_6383_18S_022_3	ENV_Salinity	1	nan	0.056518	nan	nan	nan	nan	nan	1	0	0	nan	0.000000	nan
OTU_646_18S_3_200	ENV_Salinity	2	nan	0.053725	nan	nan	nan	nan	nan	2	0	0	nan	0.000000	nan
OTU_304_18S_3_200	ENV_Salinity	3	nan	0.073944	nan	nan	nan	nan	nan	1	2	0	nan	0.000000	nan
ASV_1353_16S_022_3	ENV_Salinity	3	nan	0.062193	nan	nan	nan	nan	nan	2	1	0	nan	0.000000	nan
OTU_902_18S_3_200	ENV_Salinity	4	nan	0.114868	nan	nan	nan	nan	nan	2	2	0	nan	0.000000	nan
ASV_2155_16S_022_3	ENV_Salinity	2	nan	0.066570	nan	nan	nan	nan	nan	2	0	0	nan	0.000000	nan
OTU_760_18S_022_3	ENV_Salinity	3	nan	0.066570	nan	nan	nan	nan	nan	1	2	0	nan	0.000000	nan
OTU_995_18S_3_200	ENV_Salinity	4	nan	0.070676	nan	nan	nan	nan	nan	3	1	0	nan	0.000000	nan
OTU_106_18S_3_200	ENV_Salinity	3	nan	0.116962	nan	nan	nan	nan	nan	0	3	0	nan	0.000000	nan
OTU_1627_18S_3_200	ENV_Salinity	3	nan	0.145472	nan	nan	nan	nan	nan	2	1	0	nan	0.000000	nan
OTU_1076_18S_3_200	ENV_Salinity	2	nan	0.204000	nan	nan	nan	nan	nan	0	2	0	nan	0.000000	nan
OTU_2195_18S_022_3	ENV_Salinity	3	nan	0.066570	nan	nan	nan	nan	nan	2	1	0	nan	0.000000	nan
ASV_1164_16S_022_3	ENV_Salinity	3	nan	0.128822	nan	nan	nan	nan	nan	0	3	0	nan	0.000000	nan
ASV_1036_16S_022_3	ENV_Salinity	3	nan	0.070676	nan	nan	nan	nan	nan	2	1	0	nan	0.000000	nan
ASV_456_16S_022_3	ENV_Salinity	3	nan	0.075735	nan	nan	nan	nan	nan	2	1	0	nan	0.000000	nan
OTU_116_18S_3_200	ENV_Salinity	2	nan	0.063739	nan	nan	nan	nan	nan	2	0	0	nan	0.000000	nan
ASV_920_16S_022_3	ENV_Salinity	4	nan	0.075064	nan	nan	nan	nan	nan	3	1	0	nan	0.000000	nan
ASV_169_16S_022_3	ENV_Salinity	4	nan	0.172630	nan	nan	nan	nan	nan	0	4	0	nan	0.000000	nan
ASV_1695_16S_022_3	ENV_Salinity	2	nan	0.070676	nan	nan	nan	nan	nan	0	2	0	nan	0.000000	nan
ASV_2010_16S_022_3	ENV_Salinity	1	nan	0.145472	nan	nan	nan	nan	nan	0	1	0	nan	0.000000	nan
OTU_1294_18S_022_3	ENV_Salinity	2	nan	0.145472	nan	nan	nan	nan	nan	1	1	0	nan	0.000000	nan
ASV_1233_16S_022_3	ENV_Salinity	5	nan	0.093066	nan	nan	nan	nan	nan	2	3	0	nan	0.000000	nan
OTU_3624_18S_3_200	ENV_Salinity	3	nan	0.145472	nan	nan	nan	nan	nan	2	1	0	nan	0.000000	nan
OTU_2780_18S_022_3	ENV_Salinity	4	nan	0.066570	nan	nan	nan	nan	nan	2	2	0	nan	0.000000	nan
OTU_2342_18S_3_200	ENV_Salinity	1	nan	0.081782	nan	nan	nan	nan	nan	1	0	0	nan	0.000000	nan
ASV_666_16S_022_3	ENV_Salinity	3	nan	0.074934	nan	nan	nan	nan	nan	3	0	0	nan	0.000000	nan
OTU_477_18S_3_200	ENV_Salinity	4	nan	0.065908	nan	nan	nan	nan	nan	3	1	0	nan	0.000000	nan
OTU_1023_18S_3_200	ENV_Salinity	3	nan	0.159675	nan	nan	nan	nan	nan	0	3	0	nan	0.000000	nan
OTU_1463_18S_3_200	ENV_Salinity	2	nan	0.160685	nan	nan	nan	nan	nan	0	2	0	nan	0.000000	nan
OTU_136_18S_3_200	ENV_Salinity	4	nan	0.121553	nan	nan	nan	nan	nan	0	4	0	nan	0.000000	nan
OTU_558_18S_3_200	ENV_Salinity	2	nan	0.081782	nan	nan	nan	nan	nan	0	2	0	nan	0.000000	nan
OTU_2167_18S_022_3	ENV_Salinity	2	nan	0.073944	nan	nan	nan	nan	nan	2	0	0	nan	0.000000	nan
OTU_1148_18S_022_3	ENV_Salinity	2	nan	0.062193	nan	nan	nan	nan	nan	2	0	0	nan	0.000000	nan
ASV_1034_16S_022_3	ENV_Salinity	1	nan	0.155299	nan	nan	nan	nan	nan	0	1	0	nan	0.000000	nan
OTU_1334_18S_3_200	ENV_Salinity	2	nan	0.061576	nan	nan	nan	nan	nan	2	0	0	nan	0.000000	nan
OTU_3206_18S_3_200	ENV_Salinity	4	nan	0.250945	nan	nan	nan	nan	nan	1	3	0	nan	0.000000	nan
OTU_726_18S_3_200	ENV_Salinity	3	nan	0.073944	nan	nan	nan	nan	nan	1	2	0	nan	0.000000	nan
ASV_491_16S_3_200	ENV_Salinity	4	nan	0.102922	nan	nan	nan	nan	nan	1	3	0	nan	0.000000	nan
ASV_164_16S_022_3	ENV_Salinity	2	nan	0.087710	nan	nan	nan	nan	nan	1	1	0	nan	0.000000	nan
OTU_1337_18S_3_200	ENV_Salinity	2	nan	0.145472	nan	nan	nan	nan	nan	2	0	0	nan	0.000000	nan
OTU_1347_18S_022_3	ENV_Salinity	2	nan	0.066570	nan	nan	nan	nan	nan	1	1	0	nan	0.000000	nan
OTU_1562_18S_3_200	ENV_Salinity	3	nan	0.066570	nan	nan	nan	nan	nan	0	3	0	nan	0.000000	nan
ASV_229_16S_3_200	ENV_Salinity	1	nan	0.081782	nan	nan	nan	nan	nan	0	1	0	nan	0.000000	nan
ASV_1569_16S_022_3	ENV_Salinity	3	nan	0.070676	nan	nan	nan	nan	nan	2	1	0	nan	0.000000	nan
OTU_1421_18S_022_3	ENV_Salinity	1	nan	0.056434	nan	nan	nan	nan	nan	1	0	0	nan	0.000000	nan
OTU_577_18S_3_200	ENV_Salinity	5	nan	0.072721	nan	nan	nan	nan	nan	5	0	0	nan	0.000000	nan
OTU_2253_18S_3_200	ENV_Salinity	4	nan	0.081782	nan	nan	nan	nan	nan	0	4	0	nan	0.000000	nan
OTU_1034_18S_3_200	ENV_Salinity	3	nan	0.090146	nan	nan	nan	nan	nan	2	1	0	nan	0.000000	nan
OTU_923_18S_3_200	ENV_Salinity	2	nan	0.081782	nan	nan	nan	nan	nan	0	2	0	nan	0.000000	nan
OTU_1664_18S_022_3	ENV_Salinity	1	nan	0.097537	nan	nan	nan	nan	nan	0	1	0	nan	0.000000	nan
OTU_2474_18S_3_200	ENV_Salinity	1	nan	0.066570	nan	nan	nan	nan	nan	0	1	0	nan	0.000000	nan
OTU_487_18S_3_200	ENV_Salinity	2	nan	0.066570	nan	nan	nan	nan	nan	0	2	0	nan	0.000000	nan
ASV_1071_16S_3_200	ENV_Salinity	4	nan	0.066570	nan	nan	nan	nan	nan	4	0	0	nan	0.000000	nan
OTU_3261_18S_3_200	ENV_Salinity	3	nan	0.066570	nan	nan	nan	nan	nan	3	0	0	nan	0.000000	nan
OTU_3382_18S_3_200	ENV_Salinity	1	nan	0.066570	nan	nan	nan	nan	nan	1	0	0	nan	0.000000	nan
OTU_886_18S_3_200	ENV_Salinity	2	nan	0.066570	nan	nan	nan	nan	nan	2	0	0	nan	0.000000	nan
OTU_881_18S_3_200	ENV_Salinity	2	nan	0.081782	nan	nan	nan	nan	nan	2	0	0	nan	0.000000	nan
OTU_1104_18S_3_200	ENV_Salinity	5	nan	0.097537	nan	nan	nan	nan	nan	2	3	0	nan	0.000000	nan
OTU_612_18S_022_3	ENV_Salinity	1	nan	0.114868	nan	nan	nan	nan	nan	1	0	0	nan	0.000000	nan
ASV_1774_16S_022_3	ENV_Salinity	2	nan	0.087710	nan	nan	nan	nan	nan	1	1	0	nan	0.000000	nan
ASV_174_16S_022_3	ENV_Salinity	4	nan	0.160685	nan	nan	nan	nan	nan	0	4	0	nan	0.000000	nan
OTU_1291_18S_3_200	ENV_Salinity	3	nan	0.108681	nan	nan	nan	nan	nan	1	2	0	nan	0.000000	nan
ASV_1042_16S_022_3	ENV_Salinity	3	nan	0.086879	nan	nan	nan	nan	nan	2	1	0	nan	0.000000	nan
OTU_1769_18S_022_3	ENV_Salinity	1	nan	0.066570	nan	nan	nan	nan	nan	1	0	0	nan	0.000000	nan
OTU_1414_18S_3_200	ENV_Salinity	1	nan	0.099113	nan	nan	nan	nan	nan	0	1	0	nan	0.000000	nan
OTU_861_18S_022_3	ENV_Salinity	1	nan	0.066570	nan	nan	nan	nan	nan	1	0	0	nan	0.000000	nan
ASV_310_16S_022_3	ENV_Salinity	4	nan	0.062193	nan	nan	nan	nan	nan	4	0	0	nan	0.000000	nan
OTU_242_18S_022_3	ENV_Salinity	1	nan	0.082413	nan	nan	nan	nan	nan	0	1	0	nan	0.000000	nan
OTU_198_18S_3_200	ENV_Salinity	3	nan	0.073944	nan	nan	nan	nan	nan	1	2	0	nan	0.000000	nan
ASV_97_16S_022_3	ENV_Salinity	3	nan	0.074934	nan	nan	nan	nan	nan	2	1	0	nan	0.000000	nan
OTU_129_18S_3_200	ENV_Salinity	2	nan	0.147740	nan	nan	nan	nan	nan	0	2	0	nan	0.000000	nan
OTU_1296_18S_3_200	ENV_Salinity	5	nan	0.155299	nan	nan	nan	nan	nan	0	5	0	nan	0.000000	nan
ASV_723_16S_022_3	ENV_Salinity	3	nan	0.107020	nan	nan	nan	nan	nan	2	1	0	nan	0.000000	nan
OTU_1782_18S_022_3	ENV_Salinity	3	nan	0.056518	nan	nan	nan	nan	nan	3	0	0	nan	0.000000	nan
ASV_708_16S_022_3	ENV_Salinity	2	nan	0.186584	nan	nan	nan	nan	nan	0	2	0	nan	0.000000	nan
OTU_5297_18S_022_3	ENV_Salinity	2	nan	0.096771	nan	nan	nan	nan	nan	2	0	0	nan	0.000000	nan
OTU_1650_18S_3_200	ENV_Salinity	3	nan	0.092478	nan	nan	nan	nan	nan	2	1	0	nan	0.000000	nan
OTU_1454_18S_3_200	ENV_Salinity	4	nan	0.099113	nan	nan	nan	nan	nan	0	4	0	nan	0.000000	nan
OTU_798_18S_022_3	ENV_Salinity	2	nan	0.059946	nan	nan	nan	nan	nan	2	0	0	nan	0.000000	nan
OTU_205_18S_3_200	ENV_Salinity	3	nan	0.068380	nan	nan	nan	nan	nan	2	1	0	nan	0.000000	nan
OTU_2047_18S_3_200	ENV_Salinity	4	nan	0.092478	nan	nan	nan	nan	nan	3	1	0	nan	0.000000	nan
OTU_2239_18S_022_3	ENV_Salinity	2	nan	0.066570	nan	nan	nan	nan	nan	2	0	0	nan	0.000000	nan
OTU_71_18S_022_3	ENV_Salinity	1	nan	0.128822	nan	nan	nan	nan	nan	0	1	0	nan	0.000000	nan
ASV_134_16S_022_3	ENV_Salinity	4	nan	0.146238	nan	nan	nan	nan	nan	0	4	0	nan	0.000000	nan
OTU_1329_18S_3_200	ENV_Salinity	3	nan	0.166443	nan	nan	nan	nan	nan	0	3	0	nan	0.000000	nan
ASV_283_16S_022_3	ENV_Salinity	1	nan	0.090146	nan	nan	nan	nan	nan	0	1	0	nan	0.000000	nan
OTU_174_18S_3_200	ENV_Salinity	3	nan	0.106557	nan	nan	nan	nan	nan	1	2	0	nan	0.000000	nan
OTU_2376_18S_3_200	ENV_Salinity	4	nan	0.155299	nan	nan	nan	nan	nan	0	4	0	nan	0.000000	nan
OTU_2305_18S_3_200	ENV_Salinity	4	nan	0.150241	nan	nan	nan	nan	nan	0	4	0	nan	0.000000	nan
ASV_1541_16S_022_3	ENV_Salinity	3	nan	0.066570	nan	nan	nan	nan	nan	1	2	0	nan	0.000000	nan
OTU_41_18S_022_3	ENV_Salinity	2	nan	0.066570	nan	nan	nan	nan	nan	0	2	0	nan	0.000000	nan
OTU_493_18S_3_200	ENV_Salinity	3	nan	0.090146	nan	nan	nan	nan	nan	0	3	0	nan	0.000000	nan
OTU_86_18S_022_3	ENV_Salinity	3	nan	0.145472	nan	nan	nan	nan	nan	2	1	0	nan	0.000000	nan
ASV_596_16S_022_3	ENV_Salinity	2	nan	0.086879	nan	nan	nan	nan	nan	2	0	0	nan	0.000000	nan
OTU_1598_18S_022_3	ENV_Salinity	1	nan	0.097537	nan	nan	nan	nan	nan	0	1	0	nan	0.000000	nan
OTU_2958_18S_022_3	ENV_Salinity	4	nan	0.066570	nan	nan	nan	nan	nan	2	2	0	nan	0.000000	nan
OTU_2303_18S_3_200	ENV_Salinity	3	nan	0.066570	nan	nan	nan	nan	nan	1	2	0	nan	0.000000	nan
ASV_739_16S_022_3	ENV_Salinity	5	nan	0.053803	nan	nan	nan	nan	nan	4	1	0	nan	0.000000	nan
OTU_655_18S_3_200	ENV_Salinity	3	nan	0.102922	nan	nan	nan	nan	nan	3	0	0	nan	0.000000	nan
OTU_1363_18S_3_200	ENV_Salinity	2	nan	0.097537	nan	nan	nan	nan	nan	2	0	0	nan	0.000000	nan
ASV_138_16S_022_3	ENV_Salinity	2	nan	0.203364	nan	nan	nan	nan	nan	0	2	0	nan	0.000000	nan
ASV_333_16S_022_3	ENV_Salinity	3	nan	0.169065	nan	nan	nan	nan	nan	2	1	0	nan	0.000000	nan
OTU_1774_18S_3_200	ENV_Salinity	1	nan	0.066570	nan	nan	nan	nan	nan	0	1	0	nan	0.000000	nan
OTU_1646_18S_3_200	ENV_Salinity	3	nan	0.073944	nan	nan	nan	nan	nan	1	2	0	nan	0.000000	nan
OTU_2905_18S_3_200	ENV_Salinity	1	nan	0.150241	nan	nan	nan	nan	nan	0	1	0	nan	0.000000	nan
OTU_1394_18S_3_200	ENV_Salinity	7	nan	0.066570	nan	nan	nan	nan	nan	4	3	0	nan	0.000000	nan
OTU_1405_18S_3_200	ENV_Salinity	3	nan	0.066570	nan	nan	nan	nan	nan	3	0	0	nan	0.000000	nan
OTU_1391_18S_3_200	ENV_Salinity	3	nan	0.066570	nan	nan	nan	nan	nan	3	0	0	nan	0.000000	nan
OTU_1968_18S_3_200	ENV_Salinity	3	nan	0.145472	nan	nan	nan	nan	nan	0	3	0	nan	0.000000	nan
OTU_747_18S_022_3	ENV_Salinity	1	nan	0.081782	nan	nan	nan	nan	nan	1	0	0	nan	0.000000	nan
OTU_387_18S_3_200	ENV_Salinity	3	nan	0.145472	nan	nan	nan	nan	nan	1	2	0	nan	0.000000	nan
ASV_1076_16S_3_200	ENV_Salinity	3	nan	0.073944	nan	nan	nan	nan	nan	0	3	0	nan	0.000000	nan
OTU_568_18S_022_3	ENV_Salinity	3	nan	0.188883	nan	nan	nan	nan	nan	1	2	0	nan	0.000000	nan
OTU_493_18S_022_3	ENV_Salinity	2	nan	0.051049	nan	nan	nan	nan	nan	2	0	0	nan	0.000000	nan
ASV_215_16S_022_3	ENV_Salinity	2	nan	0.119254	nan	nan	nan	nan	nan	2	0	0	nan	0.000000	nan
OTU_2420_18S_3_200	ENV_Salinity	3	nan	0.073944	nan	nan	nan	nan	nan	0	3	0	nan	0.000000	nan
ASV_556_16S_022_3	ENV_Salinity	5	nan	0.053725	nan	nan	nan	nan	nan	5	0	0	nan	0.000000	nan
ASV_166_16S_3_200	ENV_Salinity	2	nan	0.053013	nan	nan	nan	nan	nan	2	0	0	nan	0.000000	nan
OTU_1948_18S_3_200	ENV_Salinity	4	nan	0.066570	nan	nan	nan	nan	nan	1	3	0	nan	0.000000	nan
OTU_518_18S_022_3	ENV_Salinity	2	nan	0.092478	nan	nan	nan	nan	nan	0	2	0	nan	0.000000	nan
OTU_550_18S_3_200	ENV_Salinity	4	nan	0.145472	nan	nan	nan	nan	nan	2	2	0	nan	0.000000	nan
ASV_637_16S_022_3	ENV_Salinity	3	nan	0.065908	nan	nan	nan	nan	nan	3	0	0	nan	0.000000	nan
OTU_799_18S_3_200	ENV_Salinity	5	nan	0.155299	nan	nan	nan	nan	nan	1	4	0	nan	0.000000	nan
OTU_1194_18S_022_3	ENV_Salinity	1	nan	0.066570	nan	nan	nan	nan	nan	1	0	0	nan	0.000000	nan
OTU_270_18S_3_200	ENV_Salinity	4	nan	0.113486	nan	nan	nan	nan	nan	1	3	0	nan	0.000000	nan
ASV_299_16S_022_3	ENV_Salinity	3	nan	0.128822	nan	nan	nan	nan	nan	1	2	0	nan	0.000000	nan
ASV_915_16S_022_3	ENV_Salinity	1	nan	0.075735	nan	nan	nan	nan	nan	1	0	0	nan	0.000000	nan
ASV_58_16S_3_200	ENV_Salinity	2	nan	0.102922	nan	nan	nan	nan	nan	2	0	0	nan	0.000000	nan
OTU_1159_18S_3_200	ENV_Salinity	3	nan	0.081782	nan	nan	nan	nan	nan	1	2	0	nan	0.000000	nan
OTU_1721_18S_3_200	ENV_Salinity	3	nan	0.081782	nan	nan	nan	nan	nan	1	2	0	nan	0.000000	nan
OTU_2699_18S_3_200	ENV_Salinity	2	nan	0.066570	nan	nan	nan	nan	nan	2	0	0	nan	0.000000	nan
OTU_184_18S_022_3	ENV_Salinity	2	nan	0.070676	nan	nan	nan	nan	nan	1	1	0	nan	0.000000	nan
ASV_80_16S_022_3	ENV_Salinity	2	nan	0.075357	nan	nan	nan	nan	nan	1	1	0	nan	0.000000	nan
OTU_1714_18S_022_3	ENV_Salinity	1	nan	0.070676	nan	nan	nan	nan	nan	0	1	0	nan	0.000000	nan
OTU_932_18S_3_200	ENV_Salinity	3	nan	0.081120	nan	nan	nan	nan	nan	0	3	0	nan	0.000000	nan
ASV_865_16S_022_3	ENV_Salinity	2	nan	0.054926	nan	nan	nan	nan	nan	2	0	0	nan	0.000000	nan
OTU_1494_18S_022_3	ENV_Salinity	3	nan	0.097537	nan	nan	nan	nan	nan	2	1	0	nan	0.000000	nan
OTU_107_18S_022_3	ENV_Salinity	1	nan	0.046826	nan	nan	nan	nan	nan	1	0	0	nan	0.000000	nan
OTU_1732_18S_3_200	ENV_Salinity	4	nan	0.150241	nan	nan	nan	nan	nan	2	2	0	nan	0.000000	nan
ASV_1457_16S_3_200	ENV_Salinity	4	nan	0.155299	nan	nan	nan	nan	nan	1	3	0	nan	0.000000	nan
OTU_2289_18S_022_3	ENV_Salinity	1	nan	0.145472	nan	nan	nan	nan	nan	0	1	0	nan	0.000000	nan
OTU_3210_18S_022_3	ENV_Salinity	3	nan	0.145472	nan	nan	nan	nan	nan	0	3	0	nan	0.000000	nan
ASV_119_16S_022_3	ENV_Salinity	2	nan	0.148830	nan	nan	nan	nan	nan	1	1	0	nan	0.000000	nan
OTU_621_18S_3_200	ENV_Salinity	4	nan	0.066570	nan	nan	nan	nan	nan	3	1	0	nan	0.000000	nan
ASV_382_16S_022_3	ENV_Salinity	2	nan	0.123800	nan	nan	nan	nan	nan	1	1	0	nan	0.000000	nan
OTU_2270_18S_022_3	ENV_Salinity	4	nan	0.066570	nan	nan	nan	nan	nan	4	0	0	nan	0.000000	nan
OTU_277_18S_3_200	ENV_Salinity	2	nan	0.081782	nan	nan	nan	nan	nan	1	1	0	nan	0.000000	nan
ASV_1057_16S_022_3	ENV_Salinity	1	nan	0.099113	nan	nan	nan	nan	nan	1	0	0	nan	0.000000	nan
ASV_786_16S_022_3	ENV_Salinity	3	nan	0.066962	nan	nan	nan	nan	nan	2	1	0	nan	0.000000	nan
OTU_1258_18S_3_200	ENV_Salinity	5	nan	0.150241	nan	nan	nan	nan	nan	0	5	0	nan	0.000000	nan
OTU_3023_18S_3_200	ENV_Salinity	5	nan	0.066570	nan	nan	nan	nan	nan	1	4	0	nan	0.000000	nan
OTU_855_18S_3_200	ENV_Salinity	3	nan	0.073944	nan	nan	nan	nan	nan	2	1	0	nan	0.000000	nan
OTU_2649_18S_3_200	ENV_Salinity	5	nan	0.073944	nan	nan	nan	nan	nan	3	2	0	nan	0.000000	nan
OTU_1767_18S_3_200	ENV_Salinity	3	nan	0.155299	nan	nan	nan	nan	nan	1	2	0	nan	0.000000	nan
OTU_1728_18S_3_200	ENV_Salinity	2	nan	0.145472	nan	nan	nan	nan	nan	1	1	0	nan	0.000000	nan
OTU_606_18S_3_200	ENV_Salinity	2	nan	0.065908	nan	nan	nan	nan	nan	2	0	0	nan	0.000000	nan
ASV_1387_16S_022_3	ENV_Salinity	1	nan	0.081782	nan	nan	nan	nan	nan	0	1	0	nan	0.000000	nan
OTU_463_18S_022_3	ENV_Salinity	3	nan	0.106434	nan	nan	nan	nan	nan	1	2	0	nan	0.000000	nan
OTU_391_18S_022_3	ENV_Salinity	1	nan	0.073944	nan	nan	nan	nan	nan	0	1	0	nan	0.000000	nan
ASV_227_16S_022_3	ENV_Salinity	3	nan	0.060994	nan	nan	nan	nan	nan	3	0	0	nan	0.000000	nan
OTU_2615_18S_3_200	ENV_Salinity	4	nan	0.150241	nan	nan	nan	nan	nan	0	4	0	nan	0.000000	nan
OTU_2399_18S_022_3	ENV_Salinity	3	nan	0.145472	nan	nan	nan	nan	nan	0	3	0	nan	0.000000	nan
OTU_110_18S_022_3	ENV_Salinity	2	nan	0.166443	nan	nan	nan	nan	nan	0	2	0	nan	0.000000	nan
OTU_1592_18S_3_200	ENV_Salinity	3	nan	0.097537	nan	nan	nan	nan	nan	2	1	0	nan	0.000000	nan
OTU_379_18S_3_200	ENV_Salinity	1	nan	0.073944	nan	nan	nan	nan	nan	0	1	0	nan	0.000000	nan
ASV_1348_16S_022_3	ENV_Salinity	7	nan	0.145472	nan	nan	nan	nan	nan	1	6	0	nan	0.000000	nan
ASV_396_16S_022_3	ENV_Salinity	4	nan	0.066675	nan	nan	nan	nan	nan	4	0	0	nan	0.000000	nan
OTU_3490_18S_3_200	ENV_Salinity	1	nan	0.145472	nan	nan	nan	nan	nan	0	1	0	nan	0.000000	nan
OTU_1222_18S_3_200	ENV_Salinity	2	nan	0.048044	nan	nan	nan	nan	nan	2	0	0	nan	0.000000	nan
OTU_3072_18S_3_200	ENV_Salinity	3	nan	0.066570	nan	nan	nan	nan	nan	0	3	0	nan	0.000000	nan
ASV_746_16S_022_3	ENV_Salinity	3	nan	0.130697	nan	nan	nan	nan	nan	1	2	0	nan	0.000000	nan
OTU_3160_18S_3_200	ENV_Salinity	3	nan	0.066570	nan	nan	nan	nan	nan	1	2	0	nan	0.000000	nan
OTU_1431_18S_3_200	ENV_Salinity	3	nan	0.073944	nan	nan	nan	nan	nan	2	1	0	nan	0.000000	nan
ASV_531_16S_022_3	ENV_Salinity	3	nan	0.082334	nan	nan	nan	nan	nan	2	1	0	nan	0.000000	nan
OTU_315_18S_3_200	ENV_Salinity	2	nan	0.061576	nan	nan	nan	nan	nan	2	0	0	nan	0.000000	nan
OTU_3255_18S_3_200	ENV_Salinity	5	nan	0.066570	nan	nan	nan	nan	nan	4	1	0	nan	0.000000	nan
OTU_3348_18S_3_200	ENV_Salinity	4	nan	0.066570	nan	nan	nan	nan	nan	2	2	0	nan	0.000000	nan
OTU_2508_18S_3_200	ENV_Salinity	4	nan	0.073944	nan	nan	nan	nan	nan	1	3	0	nan	0.000000	nan
ASV_663_16S_3_200	ENV_Salinity	5	nan	0.155299	nan	nan	nan	nan	nan	1	4	0	nan	0.000000	nan
ASV_1138_16S_3_200	ENV_Salinity	5	nan	0.066962	nan	nan	nan	nan	nan	4	1	0	nan	0.000000	nan
OTU_2501_18S_022_3	ENV_Salinity	2	nan	0.073944	nan	nan	nan	nan	nan	1	1	0	nan	0.000000	nan
OTU_2394_18S_3_200	ENV_Salinity	3	nan	0.102922	nan	nan	nan	nan	nan	2	1	0	nan	0.000000	nan
OTU_1706_18S_3_200	ENV_Salinity	4	nan	0.066570	nan	nan	nan	nan	nan	1	3	0	nan	0.000000	nan
ASV_1636_16S_022_3	ENV_Salinity	1	nan	0.073944	nan	nan	nan	nan	nan	0	1	0	nan	0.000000	nan
OTU_102_18S_3_200	ENV_Salinity	1	nan	0.065908	nan	nan	nan	nan	nan	1	0	0	nan	0.000000	nan
OTU_1095_18S_022_3	ENV_Salinity	1	nan	0.179315	nan	nan	nan	nan	nan	0	1	0	nan	0.000000	nan
OTU_844_18S_022_3	ENV_Salinity	4	nan	0.092478	nan	nan	nan	nan	nan	2	2	0	nan	0.000000	nan
OTU_797_18S_3_200	ENV_Salinity	3	nan	0.102922	nan	nan	nan	nan	nan	1	2	0	nan	0.000000	nan
ASV_318_16S_022_3	ENV_Salinity	3	nan	0.172630	nan	nan	nan	nan	nan	0	3	0	nan	0.000000	nan
ASV_690_16S_022_3	ENV_Salinity	1	nan	0.145472	nan	nan	nan	nan	nan	0	1	0	nan	0.000000	nan
OTU_2242_18S_3_200	ENV_Salinity	2	nan	0.066570	nan	nan	nan	nan	nan	1	1	0	nan	0.000000	nan
OTU_2069_18S_3_200	ENV_Salinity	4	nan	0.073944	nan	nan	nan	nan	nan	1	3	0	nan	0.000000	nan
OTU_3_18S_3_200	ENV_Salinity	2	nan	0.059607	nan	nan	nan	nan	nan	2	0	0	nan	0.000000	nan
OTU_3933_18S_3_200	ENV_Salinity	3	nan	0.145472	nan	nan	nan	nan	nan	1	2	0	nan	0.000000	nan
OTU_408_18S_022_3	ENV_Salinity	1	nan	0.102922	nan	nan	nan	nan	nan	0	1	0	nan	0.000000	nan
OTU_2033_18S_3_200	ENV_Salinity	3	nan	0.066570	nan	nan	nan	nan	nan	3	0	0	nan	0.000000	nan
OTU_168_18S_022_3	ENV_Salinity	3	nan	0.150824	nan	nan	nan	nan	nan	0	3	0	nan	0.000000	nan
OTU_1422_18S_022_3	ENV_Salinity	3	nan	0.268447	nan	nan	nan	nan	nan	0	3	0	nan	0.000000	nan
OTU_1105_18S_3_200	ENV_Salinity	3	nan	0.081782	nan	nan	nan	nan	nan	1	2	0	nan	0.000000	nan
OTU_2714_18S_3_200	ENV_Salinity	3	nan	0.066570	nan	nan	nan	nan	nan	3	0	0	nan	0.000000	nan
OTU_3610_18S_022_3	ENV_Salinity	1	nan	0.073944	nan	nan	nan	nan	nan	0	1	0	nan	0.000000	nan
ASV_324_16S_022_3	ENV_Salinity	2	nan	0.107020	nan	nan	nan	nan	nan	2	0	0	nan	0.000000	nan
OTU_2795_18S_3_200	ENV_Salinity	3	nan	0.070676	nan	nan	nan	nan	nan	2	1	0	nan	0.000000	nan
ASV_850_16S_022_3	ENV_Salinity	1	nan	0.090724	nan	nan	nan	nan	nan	1	0	0	nan	0.000000	nan
OTU_3225_18S_3_200	ENV_Salinity	2	nan	0.068380	nan	nan	nan	nan	nan	1	1	0	nan	0.000000	nan
OTU_288_18S_3_200	ENV_Salinity	2	nan	0.115793	nan	nan	nan	nan	nan	1	1	0	nan	0.000000	nan
ASV_760_16S_022_3	ENV_Salinity	1	nan	0.150241	nan	nan	nan	nan	nan	0	1	0	nan	0.000000	nan
OTU_2601_18S_3_200	ENV_Salinity	2	nan	0.066570	nan	nan	nan	nan	nan	0	2	0	nan	0.000000	nan
OTU_851_18S_022_3	ENV_Salinity	2	nan	0.081782	nan	nan	nan	nan	nan	1	1	0	nan	0.000000	nan
OTU_5560_18S_3_200	ENV_Salinity	4	nan	0.066570	nan	nan	nan	nan	nan	0	4	0	nan	0.000000	nan
OTU_109_18S_3_200	ENV_Salinity	3	nan	0.121553	nan	nan	nan	nan	nan	1	2	0	nan	0.000000	nan
ASV_238_16S_022_3	ENV_Salinity	1	nan	0.108974	nan	nan	nan	nan	nan	1	0	0	nan	0.000000	nan
ASV_1_16S_022_3	ENV_Salinity	3	nan	0.166443	nan	nan	nan	nan	nan	0	3	0	nan	0.000000	nan
ASV_264_16S_022_3	ENV_Salinity	1	nan	0.082334	nan	nan	nan	nan	nan	1	0	0	nan	0.000000	nan
ASV_422_16S_022_3	ENV_Salinity	3	nan	0.075357	nan	nan	nan	nan	nan	1	2	0	nan	0.000000	nan
OTU_353_18S_3_200	ENV_Salinity	3	nan	0.068380	nan	nan	nan	nan	nan	3	0	0	nan	0.000000	nan
ASV_131_16S_022_3	ENV_Salinity	2	nan	0.074934	nan	nan	nan	nan	nan	2	0	0	nan	0.000000	nan
ASV_448_16S_022_3	ENV_Salinity	2	nan	0.119254	nan	nan	nan	nan	nan	0	2	0	nan	0.000000	nan
ASV_538_16S_022_3	ENV_Salinity	1	nan	0.258784	nan	nan	nan	nan	nan	0	1	0	nan	0.000000	nan
OTU_128_18S_3_200	ENV_Salinity	3	nan	0.053013	nan	nan	nan	nan	nan	3	0	0	nan	0.000000	nan
ASV_587_16S_022_3	ENV_Salinity	1	nan	0.160685	nan	nan	nan	nan	nan	0	1	0	nan	0.000000	nan
ASV_615_16S_022_3	ENV_Salinity	2	nan	0.108974	nan	nan	nan	nan	nan	1	1	0	nan	0.000000	nan
ASV_747_16S_022_3	ENV_Salinity	1	nan	0.073944	nan	nan	nan	nan	nan	0	1	0	nan	0.000000	nan
ASV_1194_16S_022_3	ENV_Salinity	2	nan	0.059990	nan	nan	nan	nan	nan	2	0	0	nan	0.000000	nan
ASV_752_16S_022_3	ENV_Salinity	2	nan	0.108974	nan	nan	nan	nan	nan	0	2	0	nan	0.000000	nan
ASV_859_16S_022_3	ENV_Salinity	2	nan	0.099751	nan	nan	nan	nan	nan	2	0	0	nan	0.000000	nan
ASV_152_16S_3_200	ENV_Salinity	2	nan	0.150241	nan	nan	nan	nan	nan	0	2	0	nan	0.000000	nan
ASV_899_16S_022_3	ENV_Salinity	1	nan	0.099113	nan	nan	nan	nan	nan	1	0	0	nan	0.000000	nan
ASV_942_16S_022_3	ENV_Salinity	1	nan	0.173172	nan	nan	nan	nan	nan	0	1	0	nan	0.000000	nan
ASV_1012_16S_022_3	ENV_Salinity	4	nan	0.179315	nan	nan	nan	nan	nan	0	4	0	nan	0.000000	nan
ASV_316_16S_022_3	ENV_Salinity	4	nan	0.090300	nan	nan	nan	nan	nan	2	2	0	nan	0.000000	nan
ASV_411_16S_022_3	ENV_Salinity	3	nan	0.128822	nan	nan	nan	nan	nan	0	3	0	nan	0.000000	nan
ASV_1021_16S_022_3	ENV_Salinity	1	nan	0.108681	nan	nan	nan	nan	nan	0	1	0	nan	0.000000	nan
OTU_1127_18S_3_200	ENV_Salinity	4	nan	0.099751	nan	nan	nan	nan	nan	2	2	0	nan	0.000000	nan
ASV_1144_16S_022_3	ENV_Salinity	1	nan	0.073944	nan	nan	nan	nan	nan	1	0	0	nan	0.000000	nan
ASV_1097_16S_022_3	ENV_Salinity	2	nan	0.088302	nan	nan	nan	nan	nan	2	0	0	nan	0.000000	nan
ASV_651_16S_3_200	ENV_Salinity	1	nan	0.201021	nan	nan	nan	nan	nan	0	1	0	nan	0.000000	nan
ASV_1706_16S_022_3	ENV_Salinity	4	nan	0.086879	nan	nan	nan	nan	nan	3	1	0	nan	0.000000	nan
ASV_704_16S_022_3	ENV_Salinity	1	nan	0.075735	nan	nan	nan	nan	nan	1	0	0	nan	0.000000	nan
ASV_1154_16S_022_3	ENV_Salinity	3	nan	0.055772	nan	nan	nan	nan	nan	3	0	0	nan	0.000000	nan
OTU_303_18S_022_3	ENV_Salinity	1	nan	0.146650	nan	nan	nan	nan	nan	0	1	0	nan	0.000000	nan
OTU_1256_18S_3_200	ENV_Salinity	3	nan	0.097537	nan	nan	nan	nan	nan	2	1	0	nan	0.000000	nan
ASV_1269_16S_022_3	ENV_Salinity	3	nan	0.186584	nan	nan	nan	nan	nan	0	3	0	nan	0.000000	nan
OTU_4500_18S_3_200	ENV_Salinity	4	nan	0.066570	nan	nan	nan	nan	nan	1	3	0	nan	0.000000	nan
ASV_1303_16S_022_3	ENV_Salinity	2	nan	0.074934	nan	nan	nan	nan	nan	2	0	0	nan	0.000000	nan
ASV_1332_16S_022_3	ENV_Salinity	5	nan	0.118677	nan	nan	nan	nan	nan	3	2	0	nan	0.000000	nan
OTU_1820_18S_022_3	ENV_Salinity	1	nan	0.081120	nan	nan	nan	nan	nan	0	1	0	nan	0.000000	nan
ASV_1971_16S_022_3	ENV_Salinity	3	nan	0.179315	nan	nan	nan	nan	nan	0	3	0	nan	0.000000	nan
ASV_1361_16S_022_3	ENV_Salinity	4	nan	0.114868	nan	nan	nan	nan	nan	3	1	0	nan	0.000000	nan
ASV_924_16S_022_3	ENV_Salinity	2	nan	0.092862	nan	nan	nan	nan	nan	2	0	0	nan	0.000000	nan
ASV_1396_16S_022_3	ENV_Salinity	2	nan	0.091067	nan	nan	nan	nan	nan	1	1	0	nan	0.000000	nan
ASV_1418_16S_022_3	ENV_Salinity	1	nan	0.114868	nan	nan	nan	nan	nan	0	1	0	nan	0.000000	nan
ASV_1507_16S_022_3	ENV_Salinity	3	nan	0.172630	nan	nan	nan	nan	nan	0	3	0	nan	0.000000	nan
ASV_157_16S_3_200	ENV_Salinity	4	nan	0.096875	nan	nan	nan	nan	nan	2	2	0	nan	0.000000	nan
ASV_227_16S_3_200	ENV_Salinity	3	nan	0.107020	nan	nan	nan	nan	nan	2	1	0	nan	0.000000	nan
ASV_1571_16S_022_3	ENV_Salinity	3	nan	0.166443	nan	nan	nan	nan	nan	0	3	0	nan	0.000000	nan
ASV_892_16S_022_3	ENV_Salinity	1	nan	0.051049	nan	nan	nan	nan	nan	1	0	0	nan	0.000000	nan
ASV_1881_16S_022_3	ENV_Salinity	2	nan	0.086879	nan	nan	nan	nan	nan	1	1	0	nan	0.000000	nan
ASV_1921_16S_022_3	ENV_Salinity	4	nan	0.102922	nan	nan	nan	nan	nan	2	2	0	nan	0.000000	nan
ASV_1930_16S_022_3	ENV_Salinity	3	nan	0.075735	nan	nan	nan	nan	nan	3	0	0	nan	0.000000	nan
ASV_1994_16S_022_3	ENV_Salinity	2	nan	0.081782	nan	nan	nan	nan	nan	0	2	0	nan	0.000000	nan
ASV_2102_16S_022_3	ENV_Salinity	4	nan	0.081782	nan	nan	nan	nan	nan	1	3	0	nan	0.000000	nan
ASV_2170_16S_022_3	ENV_Salinity	1	nan	0.066570	nan	nan	nan	nan	nan	0	1	0	nan	0.000000	nan
OTU_61_18S_022_3	ENV_Salinity	1	nan	0.179607	nan	nan	nan	nan	nan	1	0	0	nan	0.000000	nan
OTU_67_18S_022_3	ENV_Salinity	2	nan	0.224420	nan	nan	nan	nan	nan	0	2	0	nan	0.000000	nan
OTU_955_18S_022_3	ENV_Salinity	3	nan	0.066570	nan	nan	nan	nan	nan	3	0	0	nan	0.000000	nan
OTU_92_18S_022_3	ENV_Salinity	1	nan	0.048044	nan	nan	nan	nan	nan	1	0	0	nan	0.000000	nan
OTU_130_18S_022_3	ENV_Salinity	1	nan	0.250945	nan	nan	nan	nan	nan	0	1	0	nan	0.000000	nan
ASV_92_16S_022_3	ENV_Salinity	2	nan	0.062407	nan	nan	nan	nan	nan	1	1	0	nan	0.000000	nan
OTU_201_18S_022_3	ENV_Salinity	1	nan	0.057101	nan	nan	nan	nan	nan	1	0	0	nan	0.000000	nan
OTU_554_18S_022_3	ENV_Salinity	1	nan	0.070676	nan	nan	nan	nan	nan	0	1	0	nan	0.000000	nan
OTU_266_18S_022_3	ENV_Salinity	1	nan	0.121553	nan	nan	nan	nan	nan	0	1	0	nan	0.000000	nan
OTU_365_18S_022_3	ENV_Salinity	1	nan	0.172630	nan	nan	nan	nan	nan	0	1	0	nan	0.000000	nan
OTU_388_18S_022_3	ENV_Salinity	2	nan	0.201489	nan	nan	nan	nan	nan	0	2	0	nan	0.000000	nan
OTU_423_18S_022_3	ENV_Salinity	2	nan	0.061576	nan	nan	nan	nan	nan	2	0	0	nan	0.000000	nan
ASV_248_16S_3_200	ENV_Salinity	1	nan	0.093066	nan	nan	nan	nan	nan	1	0	0	nan	0.000000	nan
OTU_434_18S_022_3	ENV_Salinity	1	nan	0.113486	nan	nan	nan	nan	nan	1	0	0	nan	0.000000	nan
OTU_544_18S_022_3	ENV_Salinity	1	nan	0.090146	nan	nan	nan	nan	nan	0	1	0	nan	0.000000	nan
OTU_1173_18S_022_3	ENV_Salinity	1	nan	0.274538	nan	nan	nan	nan	nan	1	0	0	nan	0.000000	nan
OTU_556_18S_022_3	ENV_Salinity	1	nan	0.048795	nan	nan	nan	nan	nan	1	0	0	nan	0.000000	nan
OTU_307_18S_022_3	ENV_Salinity	2	nan	0.173634	nan	nan	nan	nan	nan	0	2	0	nan	0.000000	nan
OTU_771_18S_022_3	ENV_Salinity	2	nan	0.116962	nan	nan	nan	nan	nan	1	1	0	nan	0.000000	nan
OTU_860_18S_022_3	ENV_Salinity	1	nan	0.068380	nan	nan	nan	nan	nan	1	0	0	nan	0.000000	nan
OTU_894_18S_022_3	ENV_Salinity	1	nan	0.073944	nan	nan	nan	nan	nan	1	0	0	nan	0.000000	nan
OTU_992_18S_022_3	ENV_Salinity	1	nan	0.136172	nan	nan	nan	nan	nan	0	1	0	nan	0.000000	nan
ASV_628_16S_3_200	ENV_Salinity	2	nan	0.081911	nan	nan	nan	nan	nan	1	1	0	nan	0.000000	nan
OTU_1180_18S_022_3	ENV_Salinity	1	nan	0.150241	nan	nan	nan	nan	nan	0	1	0	nan	0.000000	nan
OTU_1179_18S_022_3	ENV_Salinity	1	nan	0.179315	nan	nan	nan	nan	nan	0	1	0	nan	0.000000	nan
OTU_1266_18S_022_3	ENV_Salinity	1	nan	0.150241	nan	nan	nan	nan	nan	0	1	0	nan	0.000000	nan
ASV_969_16S_022_3	ENV_Salinity	2	nan	0.070676	nan	nan	nan	nan	nan	2	0	0	nan	0.000000	nan
ASV_60_16S_022_3	ENV_Salinity	2	nan	0.068380	nan	nan	nan	nan	nan	2	0	0	nan	0.000000	nan
OTU_1258_18S_022_3	ENV_Salinity	4	nan	0.092478	nan	nan	nan	nan	nan	1	3	0	nan	0.000000	nan
OTU_1291_18S_022_3	ENV_Salinity	1	nan	0.150241	nan	nan	nan	nan	nan	0	1	0	nan	0.000000	nan
OTU_1381_18S_022_3	ENV_Salinity	3	nan	0.081782	nan	nan	nan	nan	nan	0	3	0	nan	0.000000	nan
ASV_569_16S_022_3	ENV_Salinity	1	nan	0.090300	nan	nan	nan	nan	nan	0	1	0	nan	0.000000	nan
ASV_749_16S_022_3	ENV_Salinity	4	nan	0.099751	nan	nan	nan	nan	nan	2	2	0	nan	0.000000	nan
OTU_1358_18S_022_3	ENV_Salinity	2	nan	0.066962	nan	nan	nan	nan	nan	1	1	0	nan	0.000000	nan
ASV_932_16S_022_3	ENV_Salinity	5	nan	0.150241	nan	nan	nan	nan	nan	0	5	0	nan	0.000000	nan
OTU_2578_18S_3_200	ENV_Salinity	2	nan	0.155299	nan	nan	nan	nan	nan	0	2	0	nan	0.000000	nan
OTU_1631_18S_022_3	ENV_Salinity	1	nan	0.150241	nan	nan	nan	nan	nan	0	1	0	nan	0.000000	nan
OTU_1634_18S_022_3	ENV_Salinity	2	nan	0.066962	nan	nan	nan	nan	nan	1	1	0	nan	0.000000	nan
OTU_1670_18S_022_3	ENV_Salinity	2	nan	0.150241	nan	nan	nan	nan	nan	1	1	0	nan	0.000000	nan
OTU_1763_18S_022_3	ENV_Salinity	3	nan	0.066570	nan	nan	nan	nan	nan	0	3	0	nan	0.000000	nan
OTU_1684_18S_022_3	ENV_Salinity	2	nan	0.087710	nan	nan	nan	nan	nan	1	1	0	nan	0.000000	nan
OTU_1849_18S_022_3	ENV_Salinity	3	nan	0.121457	nan	nan	nan	nan	nan	1	2	0	nan	0.000000	nan
ASV_358_16S_022_3	ENV_Salinity	3	nan	0.083747	nan	nan	nan	nan	nan	1	2	0	nan	0.000000	nan
OTU_5666_18S_3_200	ENV_Salinity	3	nan	0.073944	nan	nan	nan	nan	nan	2	1	0	nan	0.000000	nan
OTU_1844_18S_022_3	ENV_Salinity	2	nan	0.060994	nan	nan	nan	nan	nan	2	0	0	nan	0.000000	nan
ASV_827_16S_022_3	ENV_Salinity	2	nan	0.150241	nan	nan	nan	nan	nan	1	1	0	nan	0.000000	nan
OTU_1927_18S_022_3	ENV_Salinity	2	nan	0.092478	nan	nan	nan	nan	nan	0	2	0	nan	0.000000	nan
OTU_2094_18S_022_3	ENV_Salinity	1	nan	0.094568	nan	nan	nan	nan	nan	1	0	0	nan	0.000000	nan
OTU_121_18S_022_3	ENV_Salinity	3	nan	0.093991	nan	nan	nan	nan	nan	2	1	0	nan	0.000000	nan
OTU_2295_18S_3_200	ENV_Salinity	4	nan	0.075735	nan	nan	nan	nan	nan	1	3	0	nan	0.000000	nan
OTU_2245_18S_022_3	ENV_Salinity	1	nan	0.066570	nan	nan	nan	nan	nan	1	0	0	nan	0.000000	nan
ASV_207_16S_022_3	ENV_Salinity	2	nan	0.066570	nan	nan	nan	nan	nan	1	1	0	nan	0.000000	nan
OTU_235_18S_3_200	ENV_Salinity	2	nan	0.160685	nan	nan	nan	nan	nan	1	1	0	nan	0.000000	nan
OTU_2304_18S_022_3	ENV_Salinity	3	nan	0.150241	nan	nan	nan	nan	nan	0	3	0	nan	0.000000	nan
OTU_1917_18S_3_200	ENV_Salinity	4	nan	0.066570	nan	nan	nan	nan	nan	3	1	0	nan	0.000000	nan
OTU_2334_18S_022_3	ENV_Salinity	2	nan	0.066570	nan	nan	nan	nan	nan	1	1	0	nan	0.000000	nan
OTU_396_18S_022_3	ENV_Salinity	1	nan	0.132996	nan	nan	nan	nan	nan	1	0	0	nan	0.000000	nan
OTU_2461_18S_022_3	ENV_Salinity	1	nan	0.066570	nan	nan	nan	nan	nan	0	1	0	nan	0.000000	nan
OTU_2990_18S_022_3	ENV_Salinity	1	nan	0.066570	nan	nan	nan	nan	nan	1	0	0	nan	0.000000	nan
OTU_3133_18S_022_3	ENV_Salinity	3	nan	0.150241	nan	nan	nan	nan	nan	0	3	0	nan	0.000000	nan
OTU_3064_18S_022_3	ENV_Salinity	2	nan	0.150241	nan	nan	nan	nan	nan	0	2	0	nan	0.000000	nan
ASV_370_16S_022_3	ENV_Salinity	3	nan	0.053725	nan	nan	nan	nan	nan	3	0	0	nan	0.000000	nan
OTU_3962_18S_022_3	ENV_Salinity	2	nan	0.066570	nan	nan	nan	nan	nan	2	0	0	nan	0.000000	nan
ASV_94_16S_022_3	ENV_Salinity	2	nan	0.186584	nan	nan	nan	nan	nan	0	2	0	nan	0.000000	nan
OTU_4126_18S_022_3	ENV_Salinity	1	nan	0.070051	nan	nan	nan	nan	nan	1	0	0	nan	0.000000	nan
ASV_35_16S_3_200	ENV_Salinity	3	nan	0.152922	nan	nan	nan	nan	nan	2	1	0	nan	0.000000	nan
ASV_37_16S_3_200	ENV_Salinity	1	nan	0.140962	nan	nan	nan	nan	nan	0	0	1	nan	0.000000	nan
ASV_63_16S_3_200	ENV_Salinity	3	nan	0.137635	nan	nan	nan	nan	nan	0	3	0	nan	0.000000	nan
ASV_85_16S_3_200	ENV_Salinity	1	nan	0.086879	nan	nan	nan	nan	nan	1	0	0	nan	0.000000	nan
ASV_139_16S_3_200	ENV_Salinity	2	nan	0.098044	nan	nan	nan	nan	nan	1	1	0	nan	0.000000	nan
ASV_180_16S_3_200	ENV_Salinity	2	nan	0.119254	nan	nan	nan	nan	nan	0	2	0	nan	0.000000	nan
ASV_215_16S_3_200	ENV_Salinity	1	nan	0.121457	nan	nan	nan	nan	nan	0	1	0	nan	0.000000	nan
ASV_283_16S_3_200	ENV_Salinity	2	nan	0.066570	nan	nan	nan	nan	nan	1	1	0	nan	0.000000	nan
ASV_300_16S_3_200	ENV_Salinity	2	nan	0.114868	nan	nan	nan	nan	nan	0	2	0	nan	0.000000	nan
ASV_365_16S_3_200	ENV_Salinity	5	nan	0.173172	nan	nan	nan	nan	nan	0	5	0	nan	0.000000	nan
ASV_437_16S_3_200	ENV_Salinity	1	nan	0.268447	nan	nan	nan	nan	nan	0	1	0	nan	0.000000	nan
ASV_483_16S_3_200	ENV_Salinity	2	nan	0.078908	nan	nan	nan	nan	nan	1	1	0	nan	0.000000	nan
ASV_501_16S_3_200	ENV_Salinity	1	nan	0.166443	nan	nan	nan	nan	nan	0	1	0	nan	0.000000	nan
ASV_515_16S_3_200	ENV_Salinity	3	nan	0.098830	nan	nan	nan	nan	nan	2	1	0	nan	0.000000	nan
ASV_537_16S_3_200	ENV_Salinity	3	nan	0.087635	nan	nan	nan	nan	nan	2	1	0	nan	0.000000	nan
ASV_559_16S_3_200	ENV_Salinity	3	nan	0.061576	nan	nan	nan	nan	nan	2	1	0	nan	0.000000	nan
ASV_687_16S_3_200	ENV_Salinity	3	nan	0.145472	nan	nan	nan	nan	nan	0	3	0	nan	0.000000	nan
ASV_691_16S_3_200	ENV_Salinity	1	nan	0.136789	nan	nan	nan	nan	nan	0	1	0	nan	0.000000	nan
ASV_705_16S_3_200	ENV_Salinity	4	nan	0.073944	nan	nan	nan	nan	nan	4	0	0	nan	0.000000	nan
ASV_755_16S_3_200	ENV_Salinity	3	nan	0.066570	nan	nan	nan	nan	nan	1	2	0	nan	0.000000	nan
ASV_808_16S_3_200	ENV_Salinity	2	nan	0.075735	nan	nan	nan	nan	nan	1	1	0	nan	0.000000	nan
ASV_884_16S_3_200	ENV_Salinity	3	nan	0.048044	nan	nan	nan	nan	nan	3	0	0	nan	0.000000	nan
ASV_903_16S_3_200	ENV_Salinity	1	nan	0.065908	nan	nan	nan	nan	nan	1	0	0	nan	0.000000	nan
OTU_2031_18S_3_200	ENV_Salinity	3	nan	0.066962	nan	nan	nan	nan	nan	3	0	0	nan	0.000000	nan
ASV_912_16S_3_200	ENV_Salinity	2	nan	0.102634	nan	nan	nan	nan	nan	1	1	0	nan	0.000000	nan
ASV_949_16S_3_200	ENV_Salinity	2	nan	0.155299	nan	nan	nan	nan	nan	0	2	0	nan	0.000000	nan
ASV_1029_16S_3_200	ENV_Salinity	1	nan	0.096771	nan	nan	nan	nan	nan	1	0	0	nan	0.000000	nan
ASV_1107_16S_3_200	ENV_Salinity	4	nan	0.075735	nan	nan	nan	nan	nan	1	3	0	nan	0.000000	nan
ASV_1117_16S_3_200	ENV_Salinity	3	nan	0.166443	nan	nan	nan	nan	nan	1	2	0	nan	0.000000	nan
ASV_1137_16S_3_200	ENV_Salinity	1	nan	0.152623	nan	nan	nan	nan	nan	0	1	0	nan	0.000000	nan
OTU_1887_18S_3_200	ENV_Salinity	3	nan	0.101837	nan	nan	nan	nan	nan	0	3	0	nan	0.000000	nan
ASV_1220_16S_3_200	ENV_Salinity	2	nan	0.093066	nan	nan	nan	nan	nan	1	1	0	nan	0.000000	nan
ASV_1227_16S_3_200	ENV_Salinity	1	nan	0.073944	nan	nan	nan	nan	nan	1	0	0	nan	0.000000	nan
ASV_1226_16S_3_200	ENV_Salinity	1	nan	0.056518	nan	nan	nan	nan	nan	1	0	0	nan	0.000000	nan
ASV_1251_16S_3_200	ENV_Salinity	4	nan	0.102922	nan	nan	nan	nan	nan	1	3	0	nan	0.000000	nan
ASV_1250_16S_3_200	ENV_Salinity	3	nan	0.062193	nan	nan	nan	nan	nan	3	0	0	nan	0.000000	nan
ASV_1254_16S_3_200	ENV_Salinity	2	nan	0.066570	nan	nan	nan	nan	nan	0	2	0	nan	0.000000	nan
OTU_5358_18S_3_200	ENV_Salinity	4	nan	0.066570	nan	nan	nan	nan	nan	3	1	0	nan	0.000000	nan
ASV_1275_16S_3_200	ENV_Salinity	2	nan	0.096875	nan	nan	nan	nan	nan	2	0	0	nan	0.000000	nan
ASV_1300_16S_3_200	ENV_Salinity	1	nan	0.081782	nan	nan	nan	nan	nan	1	0	0	nan	0.000000	nan
ASV_1321_16S_3_200	ENV_Salinity	1	nan	0.047040	nan	nan	nan	nan	nan	1	0	0	nan	0.000000	nan
ASV_1400_16S_3_200	ENV_Salinity	2	nan	0.092478	nan	nan	nan	nan	nan	1	1	0	nan	0.000000	nan
ASV_1512_16S_3_200	ENV_Salinity	5	nan	0.150241	nan	nan	nan	nan	nan	0	5	0	nan	0.000000	nan
ASV_1537_16S_3_200	ENV_Salinity	1	nan	0.139381	nan	nan	nan	nan	nan	1	0	0	nan	0.000000	nan
ASV_1564_16S_3_200	ENV_Salinity	4	nan	0.073944	nan	nan	nan	nan	nan	2	2	0	nan	0.000000	nan
ASV_1591_16S_3_200	ENV_Salinity	4	nan	0.145472	nan	nan	nan	nan	nan	2	2	0	nan	0.000000	nan
ASV_1715_16S_3_200	ENV_Salinity	1	nan	0.238578	nan	nan	nan	nan	nan	1	0	0	nan	0.000000	nan
ASV_1821_16S_3_200	ENV_Salinity	2	nan	0.056434	nan	nan	nan	nan	nan	2	0	0	nan	0.000000	nan
OTU_2333_18S_3_200	ENV_Salinity	2	nan	0.073944	nan	nan	nan	nan	nan	0	2	0	nan	0.000000	nan
ASV_1870_16S_3_200	ENV_Salinity	1	nan	0.073944	nan	nan	nan	nan	nan	0	1	0	nan	0.000000	nan
ASV_1879_16S_3_200	ENV_Salinity	4	nan	0.081782	nan	nan	nan	nan	nan	1	3	0	nan	0.000000	nan
ASV_2007_16S_3_200	ENV_Salinity	1	nan	0.087710	nan	nan	nan	nan	nan	1	0	0	nan	0.000000	nan
ASV_2288_16S_3_200	ENV_Salinity	5	nan	0.145472	nan	nan	nan	nan	nan	0	5	0	nan	0.000000	nan
ASV_2561_16S_3_200	ENV_Salinity	1	nan	0.108681	nan	nan	nan	nan	nan	0	1	0	nan	0.000000	nan
OTU_18_18S_3_200	ENV_Salinity	2	nan	0.060994	nan	nan	nan	nan	nan	1	1	0	nan	0.000000	nan
OTU_44_18S_3_200	ENV_Salinity	2	nan	0.066570	nan	nan	nan	nan	nan	0	2	0	nan	0.000000	nan
OTU_50_18S_3_200	ENV_Salinity	4	nan	0.203364	nan	nan	nan	nan	nan	0	4	0	nan	0.000000	nan
OTU_78_18S_3_200	ENV_Salinity	2	nan	0.155807	nan	nan	nan	nan	nan	1	1	0	nan	0.000000	nan
OTU_118_18S_3_200	ENV_Salinity	3	nan	0.097537	nan	nan	nan	nan	nan	0	3	0	nan	0.000000	nan
OTU_155_18S_3_200	ENV_Salinity	2	nan	0.092478	nan	nan	nan	nan	nan	1	1	0	nan	0.000000	nan
OTU_3269_18S_3_200	ENV_Salinity	4	nan	0.087710	nan	nan	nan	nan	nan	0	4	0	nan	0.000000	nan
OTU_189_18S_3_200	ENV_Salinity	2	nan	0.087267	nan	nan	nan	nan	nan	1	1	0	nan	0.000000	nan
OTU_195_18S_3_200	ENV_Salinity	3	nan	0.113111	nan	nan	nan	nan	nan	0	3	0	nan	0.000000	nan
OTU_204_18S_3_200	ENV_Salinity	3	nan	0.072552	nan	nan	nan	nan	nan	2	1	0	nan	0.000000	nan
OTU_3606_18S_3_200	ENV_Salinity	4	nan	0.081782	nan	nan	nan	nan	nan	3	1	0	nan	0.000000	nan
OTU_212_18S_3_200	ENV_Salinity	1	nan	0.059946	nan	nan	nan	nan	nan	1	0	0	nan	0.000000	nan
OTU_278_18S_3_200	ENV_Salinity	1	nan	0.087710	nan	nan	nan	nan	nan	0	1	0	nan	0.000000	nan
OTU_300_18S_3_200	ENV_Salinity	2	nan	0.062193	nan	nan	nan	nan	nan	1	1	0	nan	0.000000	nan
OTU_343_18S_3_200	ENV_Salinity	4	nan	0.097700	nan	nan	nan	nan	nan	1	3	0	nan	0.000000	nan
OTU_298_18S_3_200	ENV_Salinity	1	nan	0.150241	nan	nan	nan	nan	nan	0	1	0	nan	0.000000	nan
OTU_361_18S_3_200	ENV_Salinity	1	nan	0.157338	nan	nan	nan	nan	nan	0	1	0	nan	0.000000	nan
OTU_360_18S_3_200	ENV_Salinity	5	nan	0.166443	nan	nan	nan	nan	nan	1	4	0	nan	0.000000	nan
OTU_368_18S_3_200	ENV_Salinity	1	nan	0.108681	nan	nan	nan	nan	nan	0	1	0	nan	0.000000	nan
OTU_356_18S_3_200	ENV_Salinity	2	nan	0.171381	nan	nan	nan	nan	nan	0	2	0	nan	0.000000	nan
OTU_3625_18S_3_200	ENV_Salinity	1	nan	0.108681	nan	nan	nan	nan	nan	0	1	0	nan	0.000000	nan
OTU_371_18S_3_200	ENV_Salinity	3	nan	0.119254	nan	nan	nan	nan	nan	0	3	0	nan	0.000000	nan
OTU_404_18S_3_200	ENV_Salinity	1	nan	0.150241	nan	nan	nan	nan	nan	0	1	0	nan	0.000000	nan
OTU_412_18S_3_200	ENV_Salinity	2	nan	0.108681	nan	nan	nan	nan	nan	2	0	0	nan	0.000000	nan
OTU_444_18S_3_200	ENV_Salinity	2	nan	0.051133	nan	nan	nan	nan	nan	2	0	0	nan	0.000000	nan
OTU_472_18S_3_200	ENV_Salinity	2	nan	0.048044	nan	nan	nan	nan	nan	2	0	0	nan	0.000000	nan
OTU_478_18S_3_200	ENV_Salinity	2	nan	0.108777	nan	nan	nan	nan	nan	0	2	0	nan	0.000000	nan
OTU_466_18S_3_200	ENV_Salinity	3	nan	0.121553	nan	nan	nan	nan	nan	0	3	0	nan	0.000000	nan
OTU_470_18S_3_200	ENV_Salinity	2	nan	0.157338	nan	nan	nan	nan	nan	0	2	0	nan	0.000000	nan
OTU_471_18S_3_200	ENV_Salinity	2	nan	0.108681	nan	nan	nan	nan	nan	1	1	0	nan	0.000000	nan
OTU_377_18S_3_200	ENV_Salinity	3	nan	0.046826	nan	nan	nan	nan	nan	3	0	0	nan	0.000000	nan
OTU_515_18S_3_200	ENV_Salinity	5	nan	0.066570	nan	nan	nan	nan	nan	1	4	0	nan	0.000000	nan
OTU_512_18S_3_200	ENV_Salinity	2	nan	0.099113	nan	nan	nan	nan	nan	0	2	0	nan	0.000000	nan
OTU_582_18S_3_200	ENV_Salinity	3	nan	0.063739	nan	nan	nan	nan	nan	3	0	0	nan	0.000000	nan
OTU_624_18S_3_200	ENV_Salinity	1	nan	0.081782	nan	nan	nan	nan	nan	0	1	0	nan	0.000000	nan
OTU_564_18S_3_200	ENV_Salinity	1	nan	0.081782	nan	nan	nan	nan	nan	1	0	0	nan	0.000000	nan
OTU_670_18S_3_200	ENV_Salinity	2	nan	0.166443	nan	nan	nan	nan	nan	0	2	0	nan	0.000000	nan
OTU_691_18S_3_200	ENV_Salinity	2	nan	0.075735	nan	nan	nan	nan	nan	1	1	0	nan	0.000000	nan
OTU_722_18S_3_200	ENV_Salinity	2	nan	0.097745	nan	nan	nan	nan	nan	2	0	0	nan	0.000000	nan
OTU_747_18S_3_200	ENV_Salinity	1	nan	0.121553	nan	nan	nan	nan	nan	0	1	0	nan	0.000000	nan
OTU_714_18S_3_200	ENV_Salinity	3	nan	0.073944	nan	nan	nan	nan	nan	2	1	0	nan	0.000000	nan
OTU_761_18S_3_200	ENV_Salinity	2	nan	0.160685	nan	nan	nan	nan	nan	0	2	0	nan	0.000000	nan
OTU_973_18S_3_200	ENV_Salinity	1	nan	0.099113	nan	nan	nan	nan	nan	1	0	0	nan	0.000000	nan
OTU_1019_18S_3_200	ENV_Salinity	3	nan	0.070051	nan	nan	nan	nan	nan	3	0	0	nan	0.000000	nan
OTU_2120_18S_3_200	ENV_Salinity	1	nan	0.090146	nan	nan	nan	nan	nan	1	0	0	nan	0.000000	nan
OTU_982_18S_3_200	ENV_Salinity	1	nan	0.099113	nan	nan	nan	nan	nan	1	0	0	nan	0.000000	nan
OTU_1114_18S_3_200	ENV_Salinity	3	nan	0.073944	nan	nan	nan	nan	nan	1	2	0	nan	0.000000	nan
OTU_1144_18S_3_200	ENV_Salinity	1	nan	0.099113	nan	nan	nan	nan	nan	0	1	0	nan	0.000000	nan
OTU_1207_18S_3_200	ENV_Salinity	2	nan	0.145472	nan	nan	nan	nan	nan	0	2	0	nan	0.000000	nan
OTU_1214_18S_3_200	ENV_Salinity	2	nan	0.086879	nan	nan	nan	nan	nan	1	1	0	nan	0.000000	nan
OTU_1233_18S_3_200	ENV_Salinity	3	nan	0.073944	nan	nan	nan	nan	nan	3	0	0	nan	0.000000	nan
OTU_1202_18S_3_200	ENV_Salinity	3	nan	0.081120	nan	nan	nan	nan	nan	2	1	0	nan	0.000000	nan
OTU_1313_18S_3_200	ENV_Salinity	3	nan	0.160685	nan	nan	nan	nan	nan	1	2	0	nan	0.000000	nan
OTU_1444_18S_3_200	ENV_Salinity	3	nan	0.081782	nan	nan	nan	nan	nan	1	2	0	nan	0.000000	nan
OTU_1364_18S_3_200	ENV_Salinity	3	nan	0.087710	nan	nan	nan	nan	nan	3	0	0	nan	0.000000	nan
OTU_1485_18S_3_200	ENV_Salinity	4	nan	0.066570	nan	nan	nan	nan	nan	4	0	0	nan	0.000000	nan
OTU_1514_18S_3_200	ENV_Salinity	1	nan	0.169065	nan	nan	nan	nan	nan	0	1	0	nan	0.000000	nan
OTU_1509_18S_3_200	ENV_Salinity	4	nan	0.091684	nan	nan	nan	nan	nan	2	2	0	nan	0.000000	nan
OTU_1365_18S_3_200	ENV_Salinity	3	nan	0.066570	nan	nan	nan	nan	nan	3	0	0	nan	0.000000	nan
OTU_1274_18S_3_200	ENV_Salinity	2	nan	0.087710	nan	nan	nan	nan	nan	1	1	0	nan	0.000000	nan
OTU_1477_18S_3_200	ENV_Salinity	3	nan	0.081782	nan	nan	nan	nan	nan	0	3	0	nan	0.000000	nan
OTU_6332_18S_3_200	ENV_Salinity	4	nan	0.070676	nan	nan	nan	nan	nan	3	1	0	nan	0.000000	nan
OTU_1367_18S_3_200	ENV_Salinity	1	nan	0.090146	nan	nan	nan	nan	nan	0	1	0	nan	0.000000	nan
OTU_1577_18S_3_200	ENV_Salinity	2	nan	0.081120	nan	nan	nan	nan	nan	2	0	0	nan	0.000000	nan
OTU_1778_18S_3_200	ENV_Salinity	2	nan	0.073944	nan	nan	nan	nan	nan	2	0	0	nan	0.000000	nan
OTU_1819_18S_3_200	ENV_Salinity	3	nan	0.066570	nan	nan	nan	nan	nan	2	1	0	nan	0.000000	nan
OTU_1886_18S_3_200	ENV_Salinity	4	nan	0.145472	nan	nan	nan	nan	nan	0	4	0	nan	0.000000	nan
OTU_1934_18S_3_200	ENV_Salinity	2	nan	0.066570	nan	nan	nan	nan	nan	2	0	0	nan	0.000000	nan
OTU_2515_18S_3_200	ENV_Salinity	1	nan	0.059990	nan	nan	nan	nan	nan	1	0	0	nan	0.000000	nan
OTU_1884_18S_3_200	ENV_Salinity	2	nan	0.137873	nan	nan	nan	nan	nan	1	1	0	nan	0.000000	nan
OTU_2035_18S_3_200	ENV_Salinity	4	nan	0.073944	nan	nan	nan	nan	nan	1	3	0	nan	0.000000	nan
OTU_2037_18S_3_200	ENV_Salinity	4	nan	0.092478	nan	nan	nan	nan	nan	2	2	0	nan	0.000000	nan
OTU_1967_18S_3_200	ENV_Salinity	3	nan	0.056434	nan	nan	nan	nan	nan	3	0	0	nan	0.000000	nan
OTU_2058_18S_3_200	ENV_Salinity	3	nan	0.048503	nan	nan	nan	nan	nan	3	0	0	nan	0.000000	nan
OTU_2155_18S_3_200	ENV_Salinity	5	nan	0.066570	nan	nan	nan	nan	nan	4	1	0	nan	0.000000	nan
OTU_2094_18S_3_200	ENV_Salinity	3	nan	0.086879	nan	nan	nan	nan	nan	1	2	0	nan	0.000000	nan
OTU_2105_18S_3_200	ENV_Salinity	1	nan	0.077774	nan	nan	nan	nan	nan	0	1	0	nan	0.000000	nan
OTU_2203_18S_3_200	ENV_Salinity	2	nan	0.066570	nan	nan	nan	nan	nan	1	1	0	nan	0.000000	nan
OTU_2309_18S_3_200	ENV_Salinity	4	nan	0.087710	nan	nan	nan	nan	nan	3	1	0	nan	0.000000	nan
OTU_2297_18S_3_200	ENV_Salinity	4	nan	0.093066	nan	nan	nan	nan	nan	3	1	0	nan	0.000000	nan
OTU_2344_18S_3_200	ENV_Salinity	4	nan	0.087710	nan	nan	nan	nan	nan	2	2	0	nan	0.000000	nan
OTU_2398_18S_3_200	ENV_Salinity	3	nan	0.090146	nan	nan	nan	nan	nan	1	2	0	nan	0.000000	nan
OTU_2429_18S_3_200	ENV_Salinity	1	nan	0.066570	nan	nan	nan	nan	nan	1	0	0	nan	0.000000	nan
OTU_1926_18S_3_200	ENV_Salinity	3	nan	0.108681	nan	nan	nan	nan	nan	3	0	0	nan	0.000000	nan
OTU_2603_18S_3_200	ENV_Salinity	1	nan	0.062193	nan	nan	nan	nan	nan	1	0	0	nan	0.000000	nan
OTU_2631_18S_3_200	ENV_Salinity	4	nan	0.081782	nan	nan	nan	nan	nan	0	4	0	nan	0.000000	nan
OTU_2503_18S_3_200	ENV_Salinity	3	nan	0.081782	nan	nan	nan	nan	nan	1	2	0	nan	0.000000	nan
OTU_2557_18S_3_200	ENV_Salinity	4	nan	0.066570	nan	nan	nan	nan	nan	2	2	0	nan	0.000000	nan
OTU_2572_18S_3_200	ENV_Salinity	2	nan	0.165061	nan	nan	nan	nan	nan	0	2	0	nan	0.000000	nan
OTU_2510_18S_3_200	ENV_Salinity	4	nan	0.155299	nan	nan	nan	nan	nan	0	4	0	nan	0.000000	nan
OTU_3314_18S_3_200	ENV_Salinity	3	nan	0.066570	nan	nan	nan	nan	nan	2	1	0	nan	0.000000	nan
OTU_2419_18S_3_200	ENV_Salinity	5	nan	0.145472	nan	nan	nan	nan	nan	0	5	0	nan	0.000000	nan
OTU_2700_18S_3_200	ENV_Salinity	2	nan	0.065908	nan	nan	nan	nan	nan	2	0	0	nan	0.000000	nan
OTU_2744_18S_3_200	ENV_Salinity	2	nan	0.073944	nan	nan	nan	nan	nan	0	2	0	nan	0.000000	nan
OTU_2635_18S_3_200	ENV_Salinity	6	nan	0.066570	nan	nan	nan	nan	nan	3	3	0	nan	0.000000	nan
OTU_2732_18S_3_200	ENV_Salinity	3	nan	0.092478	nan	nan	nan	nan	nan	2	1	0	nan	0.000000	nan
OTU_3113_18S_3_200	ENV_Salinity	1	nan	0.066570	nan	nan	nan	nan	nan	0	1	0	nan	0.000000	nan
OTU_3167_18S_3_200	ENV_Salinity	3	nan	0.150241	nan	nan	nan	nan	nan	0	3	0	nan	0.000000	nan
OTU_3083_18S_3_200	ENV_Salinity	2	nan	0.066570	nan	nan	nan	nan	nan	1	1	0	nan	0.000000	nan
OTU_3223_18S_3_200	ENV_Salinity	2	nan	0.150241	nan	nan	nan	nan	nan	0	2	0	nan	0.000000	nan
OTU_3338_18S_3_200	ENV_Salinity	3	nan	0.066570	nan	nan	nan	nan	nan	2	1	0	nan	0.000000	nan
OTU_3386_18S_3_200	ENV_Salinity	5	nan	0.145472	nan	nan	nan	nan	nan	0	5	0	nan	0.000000	nan
OTU_3389_18S_3_200	ENV_Salinity	2	nan	0.066570	nan	nan	nan	nan	nan	1	1	0	nan	0.000000	nan
OTU_2998_18S_3_200	ENV_Salinity	1	nan	0.090146	nan	nan	nan	nan	nan	0	1	0	nan	0.000000	nan
OTU_3454_18S_3_200	ENV_Salinity	2	nan	0.166443	nan	nan	nan	nan	nan	0	2	0	nan	0.000000	nan
OTU_3603_18S_3_200	ENV_Salinity	4	nan	0.097537	nan	nan	nan	nan	nan	2	2	0	nan	0.000000	nan
OTU_3704_18S_3_200	ENV_Salinity	2	nan	0.090146	nan	nan	nan	nan	nan	0	2	0	nan	0.000000	nan
OTU_3738_18S_3_200	ENV_Salinity	2	nan	0.171381	nan	nan	nan	nan	nan	1	1	0	nan	0.000000	nan
OTU_3773_18S_3_200	ENV_Salinity	3	nan	0.066570	nan	nan	nan	nan	nan	2	1	0	nan	0.000000	nan
OTU_3944_18S_3_200	ENV_Salinity	2	nan	0.066570	nan	nan	nan	nan	nan	2	0	0	nan	0.000000	nan
OTU_3994_18S_3_200	ENV_Salinity	4	nan	0.150241	nan	nan	nan	nan	nan	2	2	0	nan	0.000000	nan
OTU_4002_18S_3_200	ENV_Salinity	2	nan	0.066570	nan	nan	nan	nan	nan	2	0	0	nan	0.000000	nan
OTU_3532_18S_3_200	ENV_Salinity	4	nan	0.066570	nan	nan	nan	nan	nan	4	0	0	nan	0.000000	nan
OTU_3744_18S_3_200	ENV_Salinity	3	nan	0.059698	nan	nan	nan	nan	nan	3	0	0	nan	0.000000	nan
OTU_4181_18S_3_200	ENV_Salinity	2	nan	0.145472	nan	nan	nan	nan	nan	1	1	0	nan	0.000000	nan
OTU_4075_18S_3_200	ENV_Salinity	4	nan	0.066570	nan	nan	nan	nan	nan	1	3	0	nan	0.000000	nan
OTU_4389_18S_3_200	ENV_Salinity	4	nan	0.145472	nan	nan	nan	nan	nan	1	3	0	nan	0.000000	nan
OTU_4115_18S_3_200	ENV_Salinity	3	nan	0.092478	nan	nan	nan	nan	nan	2	1	0	nan	0.000000	nan
OTU_4260_18S_3_200	ENV_Salinity	2	nan	0.073944	nan	nan	nan	nan	nan	0	2	0	nan	0.000000	nan
OTU_3576_18S_3_200	ENV_Salinity	5	nan	0.066570	nan	nan	nan	nan	nan	1	4	0	nan	0.000000	nan
OTU_4154_18S_3_200	ENV_Salinity	6	nan	0.150241	nan	nan	nan	nan	nan	0	6	0	nan	0.000000	nan
OTU_4135_18S_3_200	ENV_Salinity	2	nan	0.066570	nan	nan	nan	nan	nan	0	2	0	nan	0.000000	nan
OTU_4921_18S_3_200	ENV_Salinity	3	nan	0.066570	nan	nan	nan	nan	nan	2	1	0	nan	0.000000	nan
OTU_4463_18S_3_200	ENV_Salinity	2	nan	0.087710	nan	nan	nan	nan	nan	2	0	0	nan	0.000000	nan
OTU_4276_18S_3_200	ENV_Salinity	7	nan	0.073944	nan	nan	nan	nan	nan	4	3	0	nan	0.000000	nan
OTU_4392_18S_3_200	ENV_Salinity	4	nan	0.155299	nan	nan	nan	nan	nan	0	4	0	nan	0.000000	nan
OTU_5536_18S_3_200	ENV_Salinity	2	nan	0.066570	nan	nan	nan	nan	nan	0	2	0	nan	0.000000	nan
OTU_5527_18S_3_200	ENV_Salinity	2	nan	0.066570	nan	nan	nan	nan	nan	2	0	0	nan	0.000000	nan
OTU_5090_18S_3_200	ENV_Salinity	4	nan	0.155299	nan	nan	nan	nan	nan	0	4	0	nan	0.000000	nan
OTU_5861_18S_3_200	ENV_Salinity	3	nan	0.087710	nan	nan	nan	nan	nan	1	2	0	nan	0.000000	nan
OTU_6104_18S_3_200	ENV_Salinity	4	nan	0.092478	nan	nan	nan	nan	nan	1	3	0	nan	0.000000	nan
OTU_5282_18S_3_200	ENV_Salinity	3	nan	0.070676	nan	nan	nan	nan	nan	1	2	0	nan	0.000000	nan
OTU_6274_18S_3_200	ENV_Salinity	2	nan	0.066570	nan	nan	nan	nan	nan	0	2	0	nan	0.000000	nan
OTU_5402_18S_3_200	ENV_Salinity	1	nan	0.066570	nan	nan	nan	nan	nan	0	1	0	nan	0.000000	nan
OTU_6854_18S_3_200	ENV_Salinity	2	nan	0.066570	nan	nan	nan	nan	nan	1	1	0	nan	0.000000	nan
OTU_5512_18S_3_200	ENV_Salinity	3	nan	0.105842	nan	nan	nan	nan	nan	1	2	0	nan	0.000000	nan
OTU_7128_18S_3_200	ENV_Salinity	3	nan	0.066570	nan	nan	nan	nan	nan	3	0	0	nan	0.000000	nan
OTU_7531_18S_3_200	ENV_Salinity	3	nan	0.066570	nan	nan	nan	nan	nan	1	2	0	nan	0.000000	nan
