Source	Target	num_triplets	ENVs	MutualInformation	ConditionalMutualInformation	InteractionInformation	II_p_value	DataProcessingInequality_MI_rank	DataProcessingInequality_indirect	DPI_num_MI_rank1	DPI_num_MI_rank2	DPI_num_MI_rank3	COMBI_II_DPI	portion_nan_Source_Target	portion_nan_Source_Target_ENV
ASV_2_16S_022_3	ASV_6_16S_022_3	1	ENV_NO3	0.485888	0.738083	0.252195	nan	3.000000	1.000000	0	0	1	1.000000	0.000000	0.000000
ASV_3_16S_022_3	ASV_7_16S_022_3	1	ENV_NO3	0.679927	0.460545	-0.219382	0.134865	3.000000	1.000000	0	0	1	1.000000	0.000000	0.000000
ASV_3_16S_022_3	ASV_8_16S_022_3	1	ENV_NO3	0.593437	0.341471	-0.251967	0.067932	3.000000	1.000000	0	0	1	1.000000	0.000000	0.000000
ASV_4_16S_022_3	ASV_13_16S_022_3	1	ENV_NO3	0.617159	0.535227	-0.081931	0.600400	3.000000	1.000000	0	0	1	1.000000	0.000000	0.000000
ASV_13_16S_022_3	ASV_14_16S_022_3	1	ENV_NO3	0.617159	0.410405	-0.206754	0.666334	3.000000	1.000000	0	0	1	1.000000	0.000000	0.000000
ASV_1_16S_022_3	ASV_20_16S_022_3	1	ENV_NO3	0.785546	0.402265	-0.383281	0.000999	3.000000	1.000000	0	0	1	1.000000	0.000000	0.000000
ASV_19_16S_022_3	ASV_23_16S_022_3	1	ENV_NO3	0.629019	0.294385	-0.334634	0.433566	3.000000	1.000000	0	0	1	1.000000	0.000000	0.000000
ASV_1_16S_022_3	ASV_34_16S_022_3	1	ENV_NO3	0.647130	0.421081	-0.226049	0.368631	3.000000	1.000000	0	0	1	1.000000	0.000000	0.000000
ASV_26_16S_022_3	ASV_35_16S_022_3	1	ENV_NO3	0.725830	0.355796	-0.370033	0.235764	3.000000	1.000000	0	0	1	1.000000	0.000000	0.000000
ASV_20_16S_022_3	ASV_47_16S_022_3	1	ENV_NO3	0.425400	0.128130	-0.297270	0.268731	3.000000	1.000000	0	0	1	1.000000	0.000000	0.000000
ASV_44_16S_022_3	ASV_51_16S_022_3	1	ENV_NO3	0.182496	0.193099	0.010602	nan	1.000000	0.000000	1	0	0	1.000000	0.000000	0.000000
ASV_47_16S_022_3	ASV_57_16S_022_3	1	ENV_NO3	0.737447	0.175169	-0.562278	0.166833	3.000000	1.000000	0	0	1	1.000000	0.000000	0.000000
ASV_34_16S_022_3	ASV_60_16S_022_3	1	ENV_NO3	0.717763	0.278504	-0.439259	0.301698	3.000000	1.000000	0	0	1	1.000000	0.000000	0.000000
ASV_9_16S_022_3	ASV_65_16S_022_3	1	ENV_NO3	0.677322	0.246369	-0.430953	0.100899	3.000000	1.000000	0	0	1	1.000000	0.000000	0.000000
ASV_34_16S_022_3	ASV_72_16S_022_3	1	ENV_NO3	0.758601	0.297232	-0.461369	0.200799	3.000000	1.000000	0	0	1	1.000000	0.000000	0.000000
ASV_30_16S_022_3	ASV_81_16S_022_3	1	ENV_NO3	0.604538	0.271675	-0.332863	0.168831	3.000000	1.000000	0	0	1	1.000000	0.000000	0.000000
ASV_32_16S_022_3	ASV_81_16S_022_3	1	ENV_NO3	0.863480	0.261563	-0.601917	0.101898	3.000000	1.000000	0	0	1	1.000000	0.000000	0.000000
ASV_27_16S_022_3	ASV_83_16S_022_3	1	ENV_NO3	0.649150	0.409151	-0.239998	0.266733	3.000000	1.000000	0	0	1	1.000000	0.000000	0.000000
ASV_78_16S_022_3	ASV_83_16S_022_3	1	ENV_NO3	0.519000	0.638398	0.119399	nan	3.000000	1.000000	0	0	1	1.000000	0.000000	0.000000
ASV_14_16S_022_3	ASV_89_16S_022_3	1	ENV_NO3	0.694425	0.520089	-0.174336	0.600400	3.000000	1.000000	0	0	1	1.000000	0.000000	0.000000
ASV_25_16S_022_3	ASV_89_16S_022_3	1	ENV_NO3	0.810153	0.655540	-0.154613	0.733267	3.000000	1.000000	0	0	1	1.000000	0.000000	0.000000
ASV_32_16S_022_3	ASV_93_16S_022_3	1	ENV_NO3	1.032176	0.382809	-0.649367	0.100899	3.000000	1.000000	0	0	1	1.000000	0.000000	0.000000
ASV_88_16S_022_3	ASV_101_16S_022_3	1	ENV_NO3	0.542557	0.000000	-0.542557	1.000000	3.000000	1.000000	0	0	1	1.000000	0.000000	0.000000
ASV_8_16S_022_3	ASV_105_16S_022_3	1	ENV_NO3	0.381678	0.539991	0.158314	nan	3.000000	1.000000	0	0	1	1.000000	0.000000	0.000000
ASV_57_16S_022_3	ASV_122_16S_022_3	1	ENV_NO3	0.453598	0.098113	-0.355486	0.099900	3.000000	1.000000	0	0	1	1.000000	0.000000	0.000000
ASV_119_16S_022_3	ASV_122_16S_022_3	1	ENV_NO3	0.649691	0.182262	-0.467429	0.267732	3.000000	1.000000	0	0	1	1.000000	0.000000	0.000000
ASV_57_16S_022_3	ASV_123_16S_022_3	1	ENV_NO3	0.662935	0.195835	-0.467100	0.199800	3.000000	1.000000	0	0	1	1.000000	0.000000	0.000000
ASV_99_16S_022_3	ASV_123_16S_022_3	1	ENV_NO3	0.813038	0.195835	-0.617203	0.199800	3.000000	1.000000	0	0	1	1.000000	0.000000	0.000000
ASV_66_16S_022_3	ASV_124_16S_022_3	1	ENV_NO3	0.688487	0.220763	-0.467724	0.334665	3.000000	1.000000	0	0	1	1.000000	0.000000	0.000000
ASV_19_16S_022_3	ASV_126_16S_022_3	1	ENV_NO3	0.848331	0.535878	-0.312453	0.334665	3.000000	1.000000	0	0	1	1.000000	0.000000	0.000000
ASV_68_16S_022_3	ASV_128_16S_022_3	1	ENV_NO3	1.013428	0.163221	-0.850206	0.000999	3.000000	1.000000	0	0	1	1.000000	0.000000	0.000000
ASV_9_16S_022_3	ASV_129_16S_022_3	1	ENV_NO3	0.875171	0.344723	-0.530448	0.267732	3.000000	1.000000	0	0	1	1.000000	0.000000	0.000000
ASV_75_16S_022_3	ASV_129_16S_022_3	1	ENV_NO3	0.695917	0.200615	-0.495302	0.067932	3.000000	1.000000	0	0	1	1.000000	0.000000	0.000000
ASV_10_16S_022_3	ASV_131_16S_022_3	1	ENV_NO3	0.711994	0.518104	-0.193890	0.667333	3.000000	1.000000	0	0	1	1.000000	0.000000	0.000000
ASV_45_16S_022_3	ASV_135_16S_022_3	1	ENV_NO3	0.589463	0.802682	0.213219	nan	3.000000	1.000000	0	0	1	1.000000	0.000000	0.000000
ASV_66_16S_022_3	ASV_139_16S_022_3	1	ENV_NO3	0.783264	0.482912	-0.300352	0.433566	3.000000	1.000000	0	0	1	1.000000	0.000000	0.000000
ASV_23_16S_022_3	ASV_149_16S_022_3	1	ENV_NO3	0.763461	0.697537	-0.065924	0.633367	3.000000	1.000000	0	0	1	1.000000	0.000000	0.000000
ASV_2_16S_022_3	ASV_156_16S_022_3	1	ENV_NO3	0.545441	0.789237	0.243796	nan	3.000000	1.000000	0	0	1	1.000000	0.000000	0.000000
ASV_33_16S_022_3	ASV_156_16S_022_3	1	ENV_NO3	0.539841	0.706170	0.166328	nan	3.000000	1.000000	0	0	1	1.000000	0.000000	0.000000
ASV_54_16S_022_3	ASV_156_16S_022_3	1	ENV_NO3	0.580606	0.752886	0.172280	nan	3.000000	1.000000	0	0	1	1.000000	0.000000	0.000000
ASV_15_16S_022_3	ASV_158_16S_022_3	1	ENV_NO3	0.676736	0.331133	-0.345603	0.267732	3.000000	1.000000	0	0	1	1.000000	0.000000	0.000000
ASV_93_16S_022_3	ASV_160_16S_022_3	1	ENV_NO3	0.742991	0.467476	-0.275514	0.601399	3.000000	1.000000	0	0	1	1.000000	0.000000	0.000000
ASV_144_16S_022_3	ASV_161_16S_022_3	1	ENV_NO3	0.797950	0.550960	-0.246990	0.500500	3.000000	1.000000	0	0	1	1.000000	0.000000	0.000000
ASV_11_16S_022_3	ASV_163_16S_022_3	1	ENV_NO3	0.695917	0.134434	-0.561482	0.167832	3.000000	1.000000	0	0	1	1.000000	0.000000	0.000000
ASV_45_16S_022_3	ASV_164_16S_022_3	1	ENV_NO3	0.389849	0.631223	0.241374	nan	3.000000	1.000000	0	0	1	1.000000	0.000000	0.000000
ASV_131_16S_022_3	ASV_164_16S_022_3	1	ENV_NO3	0.284976	0.140197	-0.144779	0.033966	3.000000	1.000000	0	0	1	1.000000	0.000000	0.000000
ASV_17_16S_022_3	ASV_166_16S_022_3	1	ENV_NO3	0.231999	0.104286	-0.127713	0.368631	3.000000	1.000000	0	0	1	1.000000	0.000000	0.000000
ASV_61_16S_022_3	ASV_168_16S_022_3	1	ENV_NO3	0.564941	0.212454	-0.352487	0.266733	3.000000	1.000000	0	0	1	1.000000	0.000000	0.000000
ASV_50_16S_022_3	ASV_169_16S_022_3	1	ENV_NO3	0.419309	0.508297	0.088988	nan	3.000000	1.000000	0	0	1	1.000000	0.000000	0.000000
ASV_72_16S_022_3	ASV_169_16S_022_3	1	ENV_NO3	0.684687	0.388875	-0.295812	0.301698	3.000000	1.000000	0	0	1	1.000000	0.000000	0.000000
ASV_65_16S_022_3	ASV_175_16S_022_3	1	ENV_NO3	0.866443	0.562705	-0.303738	0.134865	3.000000	1.000000	0	0	1	1.000000	0.000000	0.000000
ASV_123_16S_022_3	ASV_175_16S_022_3	1	ENV_NO3	0.682226	0.294215	-0.388011	0.266733	3.000000	1.000000	0	0	1	1.000000	0.000000	0.000000
ASV_25_16S_022_3	ASV_185_16S_022_3	1	ENV_NO3	0.524226	0.116661	-0.407565	0.299700	3.000000	1.000000	0	0	1	1.000000	0.000000	0.000000
ASV_122_16S_022_3	ASV_185_16S_022_3	1	ENV_NO3	0.849540	0.234921	-0.614618	0.200799	3.000000	1.000000	0	0	1	1.000000	0.000000	0.000000
ASV_32_16S_022_3	ASV_187_16S_022_3	1	ENV_NO3	0.669774	0.084527	-0.585247	0.033966	3.000000	1.000000	0	0	1	1.000000	0.000000	0.000000
ASV_74_16S_022_3	ASV_192_16S_022_3	1	ENV_NO3	0.566234	0.097917	-0.468316	0.000999	3.000000	1.000000	0	0	1	1.000000	0.000000	0.000000
ASV_75_16S_022_3	ASV_193_16S_022_3	1	ENV_NO3	0.926220	0.217509	-0.708710	0.000999	3.000000	1.000000	0	0	1	1.000000	0.000000	0.000000
ASV_61_16S_022_3	ASV_196_16S_022_3	1	ENV_NO3	0.445865	0.122604	-0.323262	0.199800	3.000000	1.000000	0	0	1	1.000000	0.000000	0.000000
ASV_2_16S_022_3	ASV_197_16S_022_3	1	ENV_NO3	0.359671	0.445503	0.085832	nan	3.000000	1.000000	0	0	1	1.000000	0.000000	0.000000
ASV_119_16S_022_3	ASV_199_16S_022_3	1	ENV_NO3	0.639288	0.295890	-0.343398	0.134865	3.000000	1.000000	0	0	1	1.000000	0.000000	0.000000
ASV_148_16S_022_3	ASV_204_16S_022_3	1	ENV_NO3	0.505925	0.091584	-0.414341	0.033966	3.000000	1.000000	0	0	1	1.000000	0.000000	0.000000
ASV_163_16S_022_3	ASV_204_16S_022_3	1	ENV_NO3	0.604655	0.078963	-0.525692	0.000999	3.000000	1.000000	0	0	1	1.000000	0.000000	0.000000
ASV_58_16S_022_3	ASV_210_16S_022_3	1	ENV_NO3	0.231575	0.795014	0.563439	nan	3.000000	1.000000	0	0	1	1.000000	0.000000	0.000000
ASV_204_16S_022_3	ASV_212_16S_022_3	1	ENV_NO3	0.841473	0.322876	-0.518597	0.066933	3.000000	1.000000	0	0	1	1.000000	0.000000	0.000000
ASV_59_16S_022_3	ASV_214_16S_022_3	1	ENV_NO3	0.452202	0.385121	-0.067081	0.667333	3.000000	1.000000	0	0	1	1.000000	0.000000	0.000000
ASV_14_16S_022_3	ASV_217_16S_022_3	1	ENV_NO3	0.611976	0.343125	-0.268851	0.265734	3.000000	1.000000	0	0	1	1.000000	0.000000	0.000000
ASV_197_16S_022_3	ASV_225_16S_022_3	1	ENV_NO3	0.855975	0.908095	0.052120	nan	3.000000	1.000000	0	0	1	1.000000	0.000000	0.000000
ASV_2_16S_022_3	ASV_226_16S_022_3	1	ENV_NO3	0.390241	0.152593	-0.237648	0.167832	3.000000	1.000000	0	0	1	1.000000	0.000000	0.000000
ASV_81_16S_022_3	ASV_226_16S_022_3	1	ENV_NO3	0.670400	0.189617	-0.480783	0.134865	3.000000	1.000000	0	0	1	1.000000	0.000000	0.000000
ASV_154_16S_022_3	ASV_227_16S_022_3	1	ENV_NO3	0.799421	0.282916	-0.516506	0.533467	3.000000	1.000000	0	0	1	1.000000	0.000000	0.000000
ASV_160_16S_022_3	ASV_233_16S_022_3	1	ENV_NO3	0.894476	0.144406	-0.750070	0.333666	3.000000	1.000000	0	0	1	1.000000	0.000000	0.000000
ASV_110_16S_022_3	ASV_235_16S_022_3	1	ENV_NO3	0.764674	0.137448	-0.627226	0.033966	3.000000	1.000000	0	0	1	1.000000	0.000000	0.000000
ASV_26_16S_022_3	ASV_237_16S_022_3	1	ENV_NO3	0.652313	0.338902	-0.313411	0.235764	3.000000	1.000000	0	0	1	1.000000	0.000000	0.000000
ASV_128_16S_022_3	ASV_238_16S_022_3	1	ENV_NO3	0.889797	0.000000	-0.889797	0.534466	3.000000	1.000000	0	0	1	1.000000	0.000000	0.000000
ASV_67_16S_022_3	ASV_246_16S_022_3	1	ENV_NO3	0.403475	0.185645	-0.217830	0.334665	3.000000	1.000000	0	0	1	1.000000	0.000000	0.000000
ASV_35_16S_022_3	ASV_249_16S_022_3	1	ENV_NO3	0.540925	0.227473	-0.313452	0.100899	3.000000	1.000000	0	0	1	1.000000	0.000000	0.000000
ASV_37_16S_022_3	ASV_249_16S_022_3	1	ENV_NO3	0.349844	0.254011	-0.095833	0.166833	3.000000	1.000000	0	0	1	1.000000	0.000000	0.000000
ASV_237_16S_022_3	ASV_249_16S_022_3	1	ENV_NO3	0.528721	0.210579	-0.318142	0.066933	3.000000	1.000000	0	0	1	1.000000	0.000000	0.000000
ASV_235_16S_022_3	ASV_253_16S_022_3	1	ENV_NO3	0.758239	0.343837	-0.414401	0.332667	3.000000	1.000000	0	0	1	1.000000	0.000000	0.000000
ASV_157_16S_022_3	ASV_258_16S_022_3	1	ENV_NO3	0.779325	0.028881	-0.750444	0.134865	3.000000	1.000000	0	0	1	1.000000	0.000000	0.000000
ASV_7_16S_022_3	ASV_263_16S_022_3	1	ENV_NO3	0.526846	0.646235	0.119389	nan	3.000000	1.000000	0	0	1	1.000000	0.000000	0.000000
ASV_27_16S_022_3	ASV_263_16S_022_3	1	ENV_NO3	0.360075	0.213735	-0.146340	0.199800	3.000000	1.000000	0	0	1	1.000000	0.000000	0.000000
ASV_83_16S_022_3	ASV_264_16S_022_3	1	ENV_NO3	0.737645	0.404095	-0.333550	0.333666	3.000000	1.000000	0	0	1	1.000000	0.000000	0.000000
ASV_124_16S_022_3	ASV_268_16S_022_3	1	ENV_NO3	0.713342	0.182584	-0.530758	0.367632	3.000000	1.000000	0	0	1	1.000000	0.000000	0.000000
ASV_170_16S_022_3	ASV_268_16S_022_3	1	ENV_NO3	0.608346	0.112318	-0.496028	0.632368	3.000000	1.000000	0	0	1	1.000000	0.000000	0.000000
ASV_223_16S_022_3	ASV_268_16S_022_3	1	ENV_NO3	0.749964	0.067060	-0.682904	0.533467	3.000000	1.000000	0	0	1	1.000000	0.000000	0.000000
ASV_179_16S_022_3	ASV_271_16S_022_3	1	ENV_NO3	0.639084	0.245012	-0.394072	0.100899	3.000000	1.000000	0	0	1	1.000000	0.000000	0.000000
ASV_45_16S_022_3	ASV_273_16S_022_3	1	ENV_NO3	0.414675	0.575922	0.161247	nan	3.000000	1.000000	0	0	1	1.000000	0.000000	0.000000
ASV_74_16S_022_3	ASV_277_16S_022_3	1	ENV_NO3	0.828061	0.275789	-0.552271	0.000999	3.000000	1.000000	0	0	1	1.000000	0.000000	0.000000
ASV_169_16S_022_3	ASV_277_16S_022_3	1	ENV_NO3	0.801301	0.821277	0.019976	nan	3.000000	1.000000	0	0	1	1.000000	0.000000	0.000000
ASV_106_16S_022_3	ASV_278_16S_022_3	1	ENV_NO3	0.263727	0.185328	-0.078399	0.233766	2.000000	1.000000	0	1	0	1.000000	0.000000	0.000000
ASV_187_16S_022_3	ASV_278_16S_022_3	1	ENV_NO3	0.652233	0.198750	-0.453483	0.066933	3.000000	1.000000	0	0	1	1.000000	0.000000	0.000000
ASV_121_16S_022_3	ASV_284_16S_022_3	1	ENV_NO3	0.795408	0.237455	-0.557953	0.466533	3.000000	1.000000	0	0	1	1.000000	0.000000	0.000000
ASV_228_16S_022_3	ASV_287_16S_022_3	1	ENV_NO3	0.728162	0.153703	-0.574459	0.700300	3.000000	1.000000	0	0	1	1.000000	0.000000	0.000000
ASV_276_16S_022_3	ASV_289_16S_022_3	1	ENV_NO3	0.324443	0.000000	-0.324443	0.532468	3.000000	1.000000	0	0	1	1.000000	0.000000	0.000000
ASV_217_16S_022_3	ASV_290_16S_022_3	1	ENV_NO3	0.662095	0.195559	-0.466535	0.433566	3.000000	1.000000	0	0	1	1.000000	0.000000	0.000000
ASV_6_16S_022_3	ASV_298_16S_022_3	1	ENV_NO3	0.114464	0.244495	0.130030	nan	1.000000	0.000000	1	0	0	1.000000	0.000000	0.000000
ASV_204_16S_022_3	ASV_298_16S_022_3	1	ENV_NO3	0.247275	0.232118	-0.015157	0.200799	2.000000	1.000000	0	1	0	1.000000	0.000000	0.000000
ASV_122_16S_022_3	ASV_299_16S_022_3	1	ENV_NO3	0.542557	0.220246	-0.322311	0.734266	3.000000	1.000000	0	0	1	1.000000	0.000000	0.000000
ASV_88_16S_022_3	ASV_300_16S_022_3	1	ENV_NO3	0.505503	0.000000	-0.505503	0.933067	3.000000	1.000000	0	0	1	1.000000	0.000000	0.000000
ASV_248_16S_022_3	ASV_300_16S_022_3	1	ENV_NO3	0.468051	0.174275	-0.293776	0.101898	3.000000	1.000000	0	0	1	1.000000	0.000000	0.000000
ASV_123_16S_022_3	ASV_301_16S_022_3	1	ENV_NO3	0.682226	0.293994	-0.388231	0.267732	3.000000	1.000000	0	0	1	1.000000	0.000000	0.000000
ASV_179_16S_022_3	ASV_304_16S_022_3	1	ENV_NO3	0.879731	0.393808	-0.485924	0.034965	3.000000	1.000000	0	0	1	1.000000	0.000000	0.000000
ASV_206_16S_022_3	ASV_304_16S_022_3	1	ENV_NO3	0.812575	0.532123	-0.280453	0.631369	3.000000	1.000000	0	0	1	1.000000	0.000000	0.000000
ASV_184_16S_022_3	ASV_306_16S_022_3	1	ENV_NO3	0.627457	0.173287	-0.454171	0.533467	3.000000	1.000000	0	0	1	1.000000	0.000000	0.000000
ASV_6_16S_022_3	ASV_307_16S_022_3	1	ENV_NO3	0.195520	0.363569	0.168049	nan	1.000000	0.000000	1	0	0	1.000000	0.000000	0.000000
ASV_162_16S_022_3	ASV_308_16S_022_3	1	ENV_NO3	0.704146	0.000000	-0.704146	0.333666	3.000000	1.000000	0	0	1	1.000000	0.000000	0.000000
ASV_299_16S_022_3	ASV_308_16S_022_3	1	ENV_NO3	0.915692	0.203869	-0.711823	0.469530	3.000000	1.000000	0	0	1	1.000000	0.000000	0.000000
ASV_97_16S_022_3	ASV_309_16S_022_3	1	ENV_NO3	0.942377	1.122492	0.180115	nan	3.000000	1.000000	0	0	1	1.000000	0.000000	0.000000
ASV_145_16S_022_3	ASV_311_16S_022_3	1	ENV_NO3	0.510933	0.249127	-0.261806	0.467532	3.000000	1.000000	0	0	1	1.000000	0.000000	0.000000
ASV_154_16S_022_3	ASV_316_16S_022_3	1	ENV_NO3	1.069638	0.340678	-0.728960	0.133866	3.000000	1.000000	0	0	1	1.000000	0.000000	0.000000
ASV_67_16S_022_3	ASV_317_16S_022_3	1	ENV_NO3	0.583943	0.339948	-0.243995	0.431568	3.000000	1.000000	0	0	1	1.000000	0.000000	0.000000
ASV_97_16S_022_3	ASV_317_16S_022_3	1	ENV_NO3	0.697169	0.776389	0.079219	nan	3.000000	1.000000	0	0	1	1.000000	0.000000	0.000000
ASV_189_16S_022_3	ASV_318_16S_022_3	1	ENV_NO3	0.769896	0.504472	-0.265424	0.567433	3.000000	1.000000	0	0	1	1.000000	0.000000	0.000000
ASV_161_16S_022_3	ASV_320_16S_022_3	1	ENV_NO3	0.697169	0.341251	-0.355919	0.399600	3.000000	1.000000	0	0	1	1.000000	0.000000	0.000000
ASV_35_16S_022_3	ASV_324_16S_022_3	1	ENV_NO3	0.462451	0.077370	-0.385081	0.301698	3.000000	1.000000	0	0	1	1.000000	0.000000	0.000000
ASV_89_16S_022_3	ASV_324_16S_022_3	1	ENV_NO3	0.945137	0.570026	-0.375111	0.366633	3.000000	1.000000	0	0	1	1.000000	0.000000	0.000000
ASV_92_16S_022_3	ASV_325_16S_022_3	1	ENV_NO3	0.917567	0.487208	-0.430359	0.266733	3.000000	1.000000	0	0	1	1.000000	0.000000	0.000000
ASV_110_16S_022_3	ASV_325_16S_022_3	1	ENV_NO3	0.684101	0.208704	-0.475397	0.132867	3.000000	1.000000	0	0	1	1.000000	0.000000	0.000000
ASV_109_16S_022_3	ASV_327_16S_022_3	1	ENV_NO3	0.535331	0.083437	-0.451895	0.467532	3.000000	1.000000	0	0	1	1.000000	0.000000	0.000000
ASV_152_16S_022_3	ASV_328_16S_022_3	1	ENV_NO3	0.319818	0.200145	-0.119673	0.532468	3.000000	1.000000	0	0	1	1.000000	0.000000	0.000000
ASV_130_16S_022_3	ASV_331_16S_022_3	1	ENV_NO3	0.403391	0.000000	-0.403391	1.000000	3.000000	1.000000	0	0	1	1.000000	0.000000	0.000000
ASV_162_16S_022_3	ASV_334_16S_022_3	1	ENV_NO3	0.618814	0.002689	-0.616124	0.133866	3.000000	1.000000	0	0	1	1.000000	0.000000	0.000000
ASV_126_16S_022_3	ASV_335_16S_022_3	1	ENV_NO3	0.635071	0.519786	-0.115284	0.600400	3.000000	1.000000	0	0	1	1.000000	0.000000	0.000000
ASV_149_16S_022_3	ASV_335_16S_022_3	1	ENV_NO3	0.675044	0.521837	-0.153208	0.600400	3.000000	1.000000	0	0	1	1.000000	0.000000	0.000000
ASV_65_16S_022_3	ASV_337_16S_022_3	1	ENV_NO3	0.614054	0.399726	-0.214328	0.334665	3.000000	1.000000	0	0	1	1.000000	0.000000	0.000000
ASV_291_16S_022_3	ASV_340_16S_022_3	1	ENV_NO3	0.829736	0.160782	-0.668954	0.000999	3.000000	1.000000	0	0	1	1.000000	0.000000	0.000000
ASV_276_16S_022_3	ASV_343_16S_022_3	1	ENV_NO3	0.418827	0.202168	-0.216659	0.467532	3.000000	1.000000	0	0	1	1.000000	0.000000	0.000000
ASV_235_16S_022_3	ASV_345_16S_022_3	1	ENV_NO3	0.781249	0.345538	-0.435711	0.331668	3.000000	1.000000	0	0	1	1.000000	0.000000	0.000000
ASV_262_16S_022_3	ASV_347_16S_022_3	1	ENV_NO3	0.869418	0.260918	-0.608499	0.298701	3.000000	1.000000	0	0	1	1.000000	0.000000	0.000000
ASV_50_16S_022_3	ASV_351_16S_022_3	1	ENV_NO3	0.507557	0.368994	-0.138562	0.701299	3.000000	1.000000	0	0	1	1.000000	0.000000	0.000000
ASV_175_16S_022_3	ASV_357_16S_022_3	1	ENV_NO3	0.645803	0.449101	-0.196702	0.502498	3.000000	1.000000	0	0	1	1.000000	0.000000	0.000000
ASV_121_16S_022_3	ASV_358_16S_022_3	1	ENV_NO3	0.669276	0.501433	-0.167843	0.632368	3.000000	1.000000	0	0	1	1.000000	0.000000	0.000000
ASV_216_16S_022_3	ASV_358_16S_022_3	1	ENV_NO3	0.755355	0.430010	-0.325344	0.532468	3.000000	1.000000	0	0	1	1.000000	0.000000	0.000000
ASV_193_16S_022_3	ASV_360_16S_022_3	1	ENV_NO3	0.444662	0.123982	-0.320680	0.000999	2.000000	1.000000	0	1	0	1.000000	0.000000	0.000000
ASV_233_16S_022_3	ASV_362_16S_022_3	1	ENV_NO3	0.891591	0.173287	-0.718305	0.366633	3.000000	1.000000	0	0	1	1.000000	0.000000	0.000000
ASV_246_16S_022_3	ASV_362_16S_022_3	1	ENV_NO3	0.615606	0.134120	-0.481486	0.166833	3.000000	1.000000	0	0	1	1.000000	0.000000	0.000000
ASV_277_16S_022_3	ASV_362_16S_022_3	1	ENV_NO3	0.429031	0.060063	-0.368968	0.100899	3.000000	1.000000	0	0	1	1.000000	0.000000	0.000000
ASV_274_16S_022_3	ASV_365_16S_022_3	1	ENV_NO3	0.662095	0.061293	-0.600801	0.000999	3.000000	1.000000	0	0	1	1.000000	0.000000	0.000000
ASV_345_16S_022_3	ASV_365_16S_022_3	1	ENV_NO3	0.761323	0.466082	-0.295240	0.465534	3.000000	1.000000	0	0	1	1.000000	0.000000	0.000000
ASV_138_16S_022_3	ASV_369_16S_022_3	1	ENV_NO3	0.840887	0.138768	-0.702119	0.233766	3.000000	1.000000	0	0	1	1.000000	0.000000	0.000000
ASV_267_16S_022_3	ASV_379_16S_022_3	1	ENV_NO3	0.684737	0.186974	-0.497763	0.401598	3.000000	1.000000	0	0	1	1.000000	0.000000	0.000000
ASV_157_16S_022_3	ASV_381_16S_022_3	1	ENV_NO3	0.671230	-0.141717	-0.812947	0.533467	3.000000	1.000000	0	0	1	1.000000	0.000000	0.000000
ASV_66_16S_022_3	ASV_383_16S_022_3	1	ENV_NO3	0.673120	0.320899	-0.352221	0.502498	3.000000	1.000000	0	0	1	1.000000	0.000000	0.000000
ASV_320_16S_022_3	ASV_386_16S_022_3	1	ENV_NO3	0.754639	0.172225	-0.582414	0.299700	3.000000	1.000000	0	0	1	1.000000	0.000000	0.000000
ASV_260_16S_022_3	ASV_387_16S_022_3	1	ENV_NO3	0.943262	0.130718	-0.812544	0.099900	3.000000	1.000000	0	0	1	1.000000	0.000000	0.000000
ASV_21_16S_022_3	ASV_388_16S_022_3	1	ENV_NO3	0.514271	0.169320	-0.344950	0.234765	3.000000	1.000000	0	0	1	1.000000	0.000000	0.000000
ASV_7_16S_022_3	ASV_390_16S_022_3	1	ENV_NO3	0.351261	0.216373	-0.134888	0.466533	3.000000	1.000000	0	0	1	1.000000	0.000000	0.000000
ASV_386_16S_022_3	ASV_392_16S_022_3	1	ENV_NO3	0.694922	0.379650	-0.315273	0.532468	3.000000	1.000000	0	0	1	1.000000	0.000000	0.000000
ASV_132_16S_022_3	ASV_396_16S_022_3	1	ENV_NO3	0.691371	0.086643	-0.604728	0.732268	3.000000	1.000000	0	0	1	1.000000	0.000000	0.000000
ASV_311_16S_022_3	ASV_396_16S_022_3	1	ENV_NO3	0.680843	0.359744	-0.321100	0.800200	3.000000	1.000000	0	0	1	1.000000	0.000000	0.000000
ASV_218_16S_022_3	ASV_397_16S_022_3	1	ENV_NO3	0.582530	0.311797	-0.270734	0.469530	3.000000	1.000000	0	0	1	1.000000	0.000000	0.000000
ASV_274_16S_022_3	ASV_400_16S_022_3	1	ENV_NO3	0.541810	0.144406	-0.397405	0.366633	3.000000	1.000000	0	0	1	1.000000	0.000000	0.000000
ASV_193_16S_022_3	ASV_402_16S_022_3	1	ENV_NO3	0.791777	0.107753	-0.684024	0.000999	3.000000	1.000000	0	0	1	1.000000	0.000000	0.000000
ASV_185_16S_022_3	ASV_401_16S_022_3	1	ENV_NO3	0.934609	0.173287	-0.761323	0.399600	3.000000	1.000000	0	0	1	1.000000	0.000000	0.000000
ASV_225_16S_022_3	ASV_401_16S_022_3	1	ENV_NO3	0.764207	0.096929	-0.667278	0.268731	3.000000	1.000000	0	0	1	1.000000	0.000000	0.000000
ASV_312_16S_022_3	ASV_401_16S_022_3	1	ENV_NO3	0.689402	0.069749	-0.619653	0.068931	3.000000	1.000000	0	0	1	1.000000	0.000000	0.000000
ASV_218_16S_022_3	ASV_407_16S_022_3	1	ENV_NO3	0.443995	0.778275	0.334280	nan	3.000000	1.000000	0	0	1	1.000000	0.000000	0.000000
ASV_109_16S_022_3	ASV_408_16S_022_3	1	ENV_NO3	0.395583	0.403771	0.008188	nan	3.000000	1.000000	0	0	1	1.000000	0.000000	0.000000
ASV_153_16S_022_3	ASV_408_16S_022_3	1	ENV_NO3	0.474481	0.420666	-0.053815	0.600400	3.000000	1.000000	0	0	1	1.000000	0.000000	0.000000
ASV_19_16S_022_3	ASV_410_16S_022_3	1	ENV_NO3	0.685895	0.227278	-0.458618	0.034965	3.000000	1.000000	0	0	1	1.000000	0.000000	0.000000
ASV_163_16S_022_3	ASV_410_16S_022_3	1	ENV_NO3	0.865150	0.205993	-0.659157	0.034965	3.000000	1.000000	0	0	1	1.000000	0.000000	0.000000
ASV_189_16S_022_3	ASV_414_16S_022_3	1	ENV_NO3	0.530488	0.514240	-0.016248	0.567433	3.000000	1.000000	0	0	1	1.000000	0.000000	0.000000
ASV_226_16S_022_3	ASV_414_16S_022_3	1	ENV_NO3	0.329969	0.702296	0.372327	nan	3.000000	1.000000	0	0	1	1.000000	0.000000	0.000000
ASV_145_16S_022_3	ASV_421_16S_022_3	1	ENV_NO3	0.767877	0.250412	-0.517464	0.332667	3.000000	1.000000	0	0	1	1.000000	0.000000	0.000000
ASV_154_16S_022_3	ASV_421_16S_022_3	1	ENV_NO3	0.893467	0.175959	-0.717508	0.099900	3.000000	1.000000	0	0	1	1.000000	0.000000	0.000000
ASV_189_16S_022_3	ASV_422_16S_022_3	1	ENV_NO3	0.966193	0.310371	-0.655822	0.434565	3.000000	1.000000	0	0	1	1.000000	0.000000	0.000000
ASV_318_16S_022_3	ASV_422_16S_022_3	1	ENV_NO3	0.932192	0.446710	-0.485483	0.601399	3.000000	1.000000	0	0	1	1.000000	0.000000	0.000000
ASV_388_16S_022_3	ASV_422_16S_022_3	1	ENV_NO3	0.622788	0.243459	-0.379328	0.267732	3.000000	1.000000	0	0	1	1.000000	0.000000	0.000000
ASV_155_16S_022_3	ASV_424_16S_022_3	1	ENV_NO3	0.623912	0.067060	-0.556852	0.667333	3.000000	1.000000	0	0	1	1.000000	0.000000	0.000000
ASV_282_16S_022_3	ASV_425_16S_022_3	1	ENV_NO3	0.756021	0.389660	-0.366361	0.633367	3.000000	1.000000	0	0	1	1.000000	0.000000	0.000000
ASV_309_16S_022_3	ASV_425_16S_022_3	1	ENV_NO3	0.756021	0.004390	-0.751631	0.199800	3.000000	1.000000	0	0	1	1.000000	0.000000	0.000000
ASV_136_16S_022_3	ASV_426_16S_022_3	1	ENV_NO3	0.577260	0.207224	-0.370036	0.465534	3.000000	1.000000	0	0	1	1.000000	0.000000	0.000000
ASV_222_16S_022_3	ASV_426_16S_022_3	1	ENV_NO3	0.657117	0.100802	-0.556316	0.566434	3.000000	1.000000	0	0	1	1.000000	0.000000	0.000000
ASV_424_16S_022_3	ASV_427_16S_022_3	1	ENV_NO3	0.557088	0.114536	-0.442552	0.934066	3.000000	1.000000	0	0	1	1.000000	0.000000	0.000000
ASV_271_16S_022_3	ASV_429_16S_022_3	1	ENV_NO3	0.588503	0.368133	-0.220370	0.266733	3.000000	1.000000	0	0	1	1.000000	0.000000	0.000000
ASV_93_16S_022_3	ASV_430_16S_022_3	1	ENV_NO3	0.718305	0.147934	-0.570371	0.301698	3.000000	1.000000	0	0	1	1.000000	0.000000	0.000000
ASV_132_16S_022_3	ASV_430_16S_022_3	1	ENV_NO3	0.521138	0.071921	-0.449217	0.401598	3.000000	1.000000	0	0	1	1.000000	0.000000	0.000000
ASV_431_16S_022_3	ASV_437_16S_022_3	1	ENV_NO3	0.576937	0.166678	-0.410258	0.766234	3.000000	1.000000	0	0	1	1.000000	0.000000	0.000000
ASV_80_16S_022_3	ASV_440_16S_022_3	1	ENV_NO3	0.534490	0.330123	-0.204367	0.532468	3.000000	1.000000	0	0	1	1.000000	0.000000	0.000000
ASV_434_16S_022_3	ASV_444_16S_022_3	1	ENV_NO3	0.368061	-0.047476	-0.415538	0.332667	3.000000	1.000000	0	0	1	1.000000	0.000000	0.000000
ASV_260_16S_022_3	ASV_448_16S_022_3	1	ENV_NO3	0.640790	0.168379	-0.472411	0.066933	3.000000	1.000000	0	0	1	1.000000	0.000000	0.000000
ASV_348_16S_022_3	ASV_448_16S_022_3	1	ENV_NO3	0.718056	0.260918	-0.457138	0.701299	3.000000	1.000000	0	0	1	1.000000	0.000000	0.000000
ASV_110_16S_022_3	ASV_449_16S_022_3	1	ENV_NO3	0.700397	0.329442	-0.370956	0.199800	3.000000	1.000000	0	0	1	1.000000	0.000000	0.000000
ASV_212_16S_022_3	ASV_449_16S_022_3	1	ENV_NO3	0.658002	0.557460	-0.100542	0.466533	3.000000	1.000000	0	0	1	1.000000	0.000000	0.000000
ASV_121_16S_022_3	ASV_452_16S_022_3	1	ENV_NO3	0.752187	0.201180	-0.551007	0.800200	3.000000	1.000000	0	0	1	1.000000	0.000000	0.000000
ASV_49_16S_022_3	ASV_453_16S_022_3	1	ENV_NO3	0.948768	0.000000	-0.948768	0.867133	3.000000	1.000000	0	0	1	1.000000	0.000000	0.000000
ASV_223_16S_022_3	ASV_456_16S_022_3	1	ENV_NO3	0.785924	0.269228	-0.516697	0.768232	3.000000	1.000000	0	0	1	1.000000	0.000000	0.000000
ASV_389_16S_022_3	ASV_456_16S_022_3	1	ENV_NO3	0.670400	0.209247	-0.461153	0.600400	3.000000	1.000000	0	0	1	1.000000	0.000000	0.000000
ASV_308_16S_022_3	ASV_461_16S_022_3	1	ENV_NO3	1.040536	0.270216	-0.770320	0.401598	3.000000	1.000000	0	0	1	1.000000	0.000000	0.000000
ASV_301_16S_022_3	ASV_462_16S_022_3	1	ENV_NO3	0.835381	0.125293	-0.710089	0.367632	3.000000	1.000000	0	0	1	1.000000	0.000000	0.000000
ASV_153_16S_022_3	ASV_463_16S_022_3	1	ENV_NO3	0.500082	0.001498	-0.498584	0.100899	3.000000	1.000000	0	0	1	1.000000	0.000000	0.000000
ASV_126_16S_022_3	ASV_466_16S_022_3	1	ENV_NO3	0.651104	0.718257	0.067153	nan	3.000000	1.000000	0	0	1	1.000000	0.000000	0.000000
ASV_273_16S_022_3	ASV_466_16S_022_3	1	ENV_NO3	0.599031	0.170919	-0.428112	0.067932	3.000000	1.000000	0	0	1	1.000000	0.000000	0.000000
ASV_41_16S_022_3	ASV_468_16S_022_3	1	ENV_NO3	0.446995	0.005564	-0.441431	0.000999	3.000000	1.000000	0	0	1	1.000000	0.000000	0.000000
ASV_345_16S_022_3	ASV_473_16S_022_3	1	ENV_NO3	0.781995	0.453578	-0.328418	0.331668	3.000000	1.000000	0	0	1	1.000000	0.000000	0.000000
ASV_63_16S_022_3	ASV_475_16S_022_3	1	ENV_NO3	0.308623	0.536708	0.228084	nan	3.000000	1.000000	0	0	1	1.000000	0.000000	0.000000
ASV_182_16S_022_3	ASV_475_16S_022_3	1	ENV_NO3	0.449580	0.070573	-0.379007	0.300699	3.000000	1.000000	0	0	1	1.000000	0.000000	0.000000
ASV_295_16S_022_3	ASV_475_16S_022_3	1	ENV_NO3	0.516195	0.764488	0.248294	nan	3.000000	1.000000	0	0	1	1.000000	0.000000	0.000000
ASV_453_16S_022_3	ASV_476_16S_022_3	1	ENV_NO3	0.789639	-0.091551	-0.881190	0.766234	3.000000	1.000000	0	0	1	1.000000	0.000000	0.000000
ASV_102_16S_022_3	ASV_478_16S_022_3	1	ENV_NO3	0.753679	0.536479	-0.217200	0.934066	3.000000	1.000000	0	0	1	1.000000	0.000000	0.000000
ASV_258_16S_022_3	ASV_478_16S_022_3	1	ENV_NO3	0.753679	0.000000	-0.753679	1.000000	3.000000	1.000000	0	0	1	1.000000	0.000000	0.000000
ASV_34_16S_022_3	ASV_479_16S_022_3	1	ENV_NO3	0.525091	0.354883	-0.170208	0.867133	3.000000	1.000000	0	0	1	1.000000	0.000000	0.000000
ASV_253_16S_022_3	ASV_488_16S_022_3	1	ENV_NO3	0.588622	0.256528	-0.332093	0.432567	3.000000	1.000000	0	0	1	1.000000	0.000000	0.000000
ASV_390_16S_022_3	ASV_490_16S_022_3	1	ENV_NO3	0.935195	0.326990	-0.608205	0.633367	3.000000	1.000000	0	0	1	1.000000	0.000000	0.000000
ASV_179_16S_022_3	ASV_491_16S_022_3	1	ENV_NO3	0.957420	0.247896	-0.709524	0.000999	3.000000	1.000000	0	0	1	1.000000	0.000000	0.000000
ASV_187_16S_022_3	ASV_494_16S_022_3	1	ENV_NO3	0.925757	0.107069	-0.818689	0.033966	3.000000	1.000000	0	0	1	1.000000	0.000000	0.000000
ASV_382_16S_022_3	ASV_494_16S_022_3	1	ENV_NO3	0.793190	0.158093	-0.635097	0.333666	3.000000	1.000000	0	0	1	1.000000	0.000000	0.000000
ASV_49_16S_022_3	ASV_495_16S_022_3	1	ENV_NO3	0.735144	0.086643	-0.648501	0.532468	3.000000	1.000000	0	0	1	1.000000	0.000000	0.000000
ASV_478_16S_022_3	ASV_495_16S_022_3	1	ENV_NO3	0.502499	0.000000	-0.502499	1.000000	3.000000	1.000000	0	0	1	1.000000	0.000000	0.000000
ASV_332_16S_022_3	ASV_497_16S_022_3	1	ENV_NO3	0.835879	0.307407	-0.528473	0.631369	3.000000	1.000000	0	0	1	1.000000	0.000000	0.000000
ASV_332_16S_022_3	ASV_499_16S_022_3	1	ENV_NO3	0.587836	0.350946	-0.236890	0.699301	3.000000	1.000000	0	0	1	1.000000	0.000000	0.000000
ASV_494_16S_022_3	ASV_499_16S_022_3	1	ENV_NO3	0.847401	0.116366	-0.731035	0.233766	3.000000	1.000000	0	0	1	1.000000	0.000000	0.000000
ASV_170_16S_022_3	ASV_502_16S_022_3	1	ENV_NO3	0.415087	0.036948	-0.378138	0.332667	3.000000	1.000000	0	0	1	1.000000	0.000000	0.000000
ASV_11_16S_022_3	ASV_503_16S_022_3	1	ENV_NO3	0.995256	0.184756	-0.810500	0.100899	3.000000	1.000000	0	0	1	1.000000	0.000000	0.000000
ASV_92_16S_022_3	ASV_503_16S_022_3	1	ENV_NO3	1.000478	0.497736	-0.502742	0.499500	3.000000	1.000000	0	0	1	1.000000	0.000000	0.000000
ASV_216_16S_022_3	ASV_503_16S_022_3	1	ENV_NO3	0.890259	0.340826	-0.549434	0.366633	3.000000	1.000000	0	0	1	1.000000	0.000000	0.000000
ASV_222_16S_022_3	ASV_503_16S_022_3	1	ENV_NO3	0.765167	0.305981	-0.459186	0.467532	3.000000	1.000000	0	0	1	1.000000	0.000000	0.000000
ASV_265_16S_022_3	ASV_503_16S_022_3	1	ENV_NO3	0.731798	0.164110	-0.567687	0.266733	3.000000	1.000000	0	0	1	1.000000	0.000000	0.000000
ASV_412_16S_022_3	ASV_503_16S_022_3	1	ENV_NO3	0.797283	0.480693	-0.316589	0.333666	3.000000	1.000000	0	0	1	1.000000	0.000000	0.000000
ASV_494_16S_022_3	ASV_503_16S_022_3	1	ENV_NO3	0.800167	0.083437	-0.716730	0.133866	3.000000	1.000000	0	0	1	1.000000	0.000000	0.000000
ASV_41_16S_022_3	ASV_504_16S_022_3	1	ENV_NO3	0.677213	0.301769	-0.375444	0.467532	3.000000	1.000000	0	0	1	1.000000	0.000000	0.000000
ASV_113_16S_022_3	ASV_504_16S_022_3	1	ENV_NO3	0.557596	0.223452	-0.334143	0.468531	3.000000	1.000000	0	0	1	1.000000	0.000000	0.000000
ASV_463_16S_022_3	ASV_504_16S_022_3	1	ENV_NO3	0.696877	0.076358	-0.620519	0.335664	3.000000	1.000000	0	0	1	1.000000	0.000000	0.000000
ASV_347_16S_022_3	ASV_506_16S_022_3	1	ENV_NO3	0.941338	0.249644	-0.691694	0.833167	3.000000	1.000000	0	0	1	1.000000	0.000000	0.000000
ASV_477_16S_022_3	ASV_506_16S_022_3	1	ENV_NO3	0.955496	0.269228	-0.686269	0.900100	3.000000	1.000000	0	0	1	1.000000	0.000000	0.000000
ASV_36_16S_022_3	ASV_512_16S_022_3	1	ENV_NO3	0.712880	0.521514	-0.191366	0.534466	3.000000	1.000000	0	0	1	1.000000	0.000000	0.000000
ASV_215_16S_022_3	ASV_512_16S_022_3	1	ENV_NO3	0.527683	0.359132	-0.168551	0.633367	3.000000	1.000000	0	0	1	1.000000	0.000000	0.000000
ASV_386_16S_022_3	ASV_513_16S_022_3	1	ENV_NO3	0.566234	0.115525	-0.450709	0.566434	3.000000	1.000000	0	0	1	1.000000	0.000000	0.000000
ASV_282_16S_022_3	ASV_515_16S_022_3	1	ENV_NO3	0.645798	0.215856	-0.429943	0.666334	3.000000	1.000000	0	0	1	1.000000	0.000000	0.000000
ASV_416_16S_022_3	ASV_515_16S_022_3	1	ENV_NO3	0.402669	-0.016894	-0.419563	0.166833	3.000000	1.000000	0	0	1	1.000000	0.000000	0.000000
ASV_11_16S_022_3	ASV_517_16S_022_3	1	ENV_NO3	0.862689	0.194571	-0.668118	0.300699	3.000000	1.000000	0	0	1	1.000000	0.000000	0.000000
ASV_169_16S_022_3	ASV_525_16S_022_3	1	ENV_NO3	0.704774	0.676871	-0.027902	0.801199	3.000000	1.000000	0	0	1	1.000000	0.000000	0.000000
ASV_223_16S_022_3	ASV_531_16S_022_3	1	ENV_NO3	0.645714	0.240347	-0.405367	0.403596	3.000000	1.000000	0	0	1	1.000000	0.000000	0.000000
ASV_262_16S_022_3	ASV_533_16S_022_3	1	ENV_NO3	0.963140	0.379650	-0.583491	0.632368	3.000000	1.000000	0	0	1	1.000000	0.000000	0.000000
ASV_327_16S_022_3	ASV_533_16S_022_3	1	ENV_NO3	0.977298	0.425620	-0.551678	0.766234	3.000000	1.000000	0	0	1	1.000000	0.000000	0.000000
ASV_481_16S_022_3	ASV_533_16S_022_3	1	ENV_NO3	0.768051	-0.003207	-0.771258	0.267732	3.000000	1.000000	0	0	1	1.000000	0.000000	0.000000
ASV_365_16S_022_3	ASV_537_16S_022_3	1	ENV_NO3	0.655317	0.088659	-0.566658	0.033966	3.000000	1.000000	0	0	1	1.000000	0.000000	0.000000
ASV_246_16S_022_3	ASV_538_16S_022_3	1	ENV_NO3	0.602194	0.179378	-0.422816	0.434565	3.000000	1.000000	0	0	1	1.000000	0.000000	0.000000
ASV_103_16S_022_3	ASV_539_16S_022_3	1	ENV_NO3	0.809143	0.087827	-0.721316	0.200799	3.000000	1.000000	0	0	1	1.000000	0.000000	0.000000
ASV_531_16S_022_3	ASV_539_16S_022_3	1	ENV_NO3	0.821969	0.232232	-0.589737	0.466533	3.000000	1.000000	0	0	1	1.000000	0.000000	0.000000
ASV_97_16S_022_3	ASV_540_16S_022_3	1	ENV_NO3	0.859182	0.274386	-0.584796	0.334665	3.000000	1.000000	0	0	1	1.000000	0.000000	0.000000
ASV_414_16S_022_3	ASV_540_16S_022_3	1	ENV_NO3	0.583491	0.093317	-0.490174	0.567433	3.000000	1.000000	0	0	1	1.000000	0.000000	0.000000
ASV_317_16S_022_3	ASV_547_16S_022_3	1	ENV_NO3	0.771851	0.397564	-0.374287	0.532468	3.000000	1.000000	0	0	1	1.000000	0.000000	0.000000
ASV_316_16S_022_3	ASV_552_16S_022_3	1	ENV_NO3	0.708787	0.246438	-0.462349	0.466533	3.000000	1.000000	0	0	1	1.000000	0.000000	0.000000
ASV_428_16S_022_3	ASV_552_16S_022_3	1	ENV_NO3	0.906760	0.121615	-0.785145	0.400599	3.000000	1.000000	0	0	1	1.000000	0.000000	0.000000
ASV_11_16S_022_3	ASV_553_16S_022_3	1	ENV_NO3	0.816201	0.117225	-0.698975	0.266733	3.000000	1.000000	0	0	1	1.000000	0.000000	0.000000
ASV_53_16S_022_3	ASV_553_16S_022_3	1	ENV_NO3	0.785000	0.153186	-0.631814	0.266733	3.000000	1.000000	0	0	1	1.000000	0.000000	0.000000
ASV_148_16S_022_3	ASV_553_16S_022_3	1	ENV_NO3	0.603154	0.068048	-0.535106	0.099900	3.000000	1.000000	0	0	1	1.000000	0.000000	0.000000
ASV_490_16S_022_3	ASV_553_16S_022_3	1	ENV_NO3	0.932311	0.266021	-0.666290	0.466533	3.000000	1.000000	0	0	1	1.000000	0.000000	0.000000
ASV_196_16S_022_3	ASV_560_16S_022_3	1	ENV_NO3	0.468543	0.283904	-0.184639	0.567433	3.000000	1.000000	0	0	1	1.000000	0.000000	0.000000
ASV_138_16S_022_3	ASV_561_16S_022_3	1	ENV_NO3	0.789216	0.307001	-0.482215	0.066933	3.000000	1.000000	0	0	1	1.000000	0.000000	0.000000
ASV_227_16S_022_3	ASV_561_16S_022_3	1	ENV_NO3	0.695171	0.414817	-0.280354	0.367632	3.000000	1.000000	0	0	1	1.000000	0.000000	0.000000
ASV_332_16S_022_3	ASV_561_16S_022_3	1	ENV_NO3	0.741196	0.352147	-0.389049	0.199800	3.000000	1.000000	0	0	1	1.000000	0.000000	0.000000
ASV_421_16S_022_3	ASV_561_16S_022_3	1	ENV_NO3	0.882939	0.227954	-0.654985	0.066933	3.000000	1.000000	0	0	1	1.000000	0.000000	0.000000
ASV_453_16S_022_3	ASV_566_16S_022_3	1	ENV_NO3	0.864827	-0.091551	-0.956378	0.401598	3.000000	1.000000	0	0	1	1.000000	0.000000	0.000000
ASV_225_16S_022_3	ASV_569_16S_022_3	1	ENV_NO3	0.711790	1.070108	0.358318	nan	3.000000	1.000000	0	0	1	1.000000	0.000000	0.000000
ASV_74_16S_022_3	ASV_574_16S_022_3	1	ENV_NO3	0.909923	0.331380	-0.578543	0.067932	3.000000	1.000000	0	0	1	1.000000	0.000000	0.000000
ASV_137_16S_022_3	ASV_574_16S_022_3	1	ENV_NO3	0.850500	0.178343	-0.672157	0.000999	3.000000	1.000000	0	0	1	1.000000	0.000000	0.000000
ASV_340_16S_022_3	ASV_574_16S_022_3	1	ENV_NO3	1.096622	0.403301	-0.693322	0.100899	3.000000	1.000000	0	0	1	1.000000	0.000000	0.000000
ASV_333_16S_022_3	ASV_575_16S_022_3	1	ENV_NO3	0.437083	0.098630	-0.338453	0.400599	3.000000	1.000000	0	0	1	1.000000	0.000000	0.000000
ASV_294_16S_022_3	ASV_576_16S_022_3	1	ENV_NO3	0.707191	0.270929	-0.436262	0.532468	3.000000	1.000000	0	0	1	1.000000	0.000000	0.000000
ASV_207_16S_022_3	ASV_579_16S_022_3	1	ENV_NO3	0.379321	0.040332	-0.338989	0.000999	2.000000	1.000000	0	1	0	1.000000	0.000000	0.000000
ASV_154_16S_022_3	ASV_582_16S_022_3	1	ENV_NO3	1.185162	0.231049	-0.954113	0.000999	3.000000	1.000000	0	0	1	1.000000	0.000000	0.000000
ASV_269_16S_022_3	ASV_582_16S_022_3	1	ENV_NO3	1.138674	0.231049	-0.907625	0.166833	3.000000	1.000000	0	0	1	1.000000	0.000000	0.000000
ASV_490_16S_022_3	ASV_582_16S_022_3	1	ENV_NO3	0.990073	0.293201	-0.696872	0.499500	3.000000	1.000000	0	0	1	1.000000	0.000000	0.000000
ASV_495_16S_022_3	ASV_587_16S_022_3	1	ENV_NO3	0.864827	0.115525	-0.749303	0.499500	3.000000	1.000000	0	0	1	1.000000	0.000000	0.000000
ASV_268_16S_022_3	ASV_596_16S_022_3	1	ENV_NO3	0.864827	0.000000	-0.864827	0.866134	3.000000	1.000000	0	0	1	1.000000	0.000000	0.000000
ASV_129_16S_022_3	ASV_605_16S_022_3	1	ENV_NO3	0.722478	0.328285	-0.394193	0.368631	3.000000	1.000000	0	0	1	1.000000	0.000000	0.000000
ASV_578_16S_022_3	ASV_605_16S_022_3	1	ENV_NO3	0.520331	0.290163	-0.230169	0.167832	3.000000	1.000000	0	0	1	1.000000	0.000000	0.000000
ASV_556_16S_022_3	ASV_612_16S_022_3	1	ENV_NO3	0.617949	0.096929	-0.521020	0.599401	3.000000	1.000000	0	0	1	1.000000	0.000000	0.000000
ASV_103_16S_022_3	ASV_615_16S_022_3	1	ENV_NO3	0.790225	0.191364	-0.598861	0.301698	3.000000	1.000000	0	0	1	1.000000	0.000000	0.000000
ASV_387_16S_022_3	ASV_615_16S_022_3	1	ENV_NO3	1.094747	0.242518	-0.852229	0.099900	3.000000	1.000000	0	0	1	1.000000	0.000000	0.000000
ASV_304_16S_022_3	ASV_622_16S_022_3	1	ENV_NO3	0.686597	0.105709	-0.580888	0.167832	3.000000	1.000000	0	0	1	1.000000	0.000000	0.000000
ASV_61_16S_022_3	ASV_621_16S_022_3	1	ENV_NO3	0.567243	0.067060	-0.500183	0.298701	3.000000	1.000000	0	0	1	1.000000	0.000000	0.000000
ASV_300_16S_022_3	ASV_632_16S_022_3	1	ENV_NO3	0.688656	0.039167	-0.649489	0.000999	3.000000	1.000000	0	0	1	1.000000	0.000000	0.000000
ASV_340_16S_022_3	ASV_633_16S_022_3	1	ENV_NO3	0.830359	0.206040	-0.624319	0.000999	3.000000	1.000000	0	0	1	1.000000	0.000000	0.000000
ASV_552_16S_022_3	ASV_636_16S_022_3	1	ENV_NO3	0.630894	0.156392	-0.474501	0.834166	3.000000	1.000000	0	0	1	1.000000	0.000000	0.000000
ASV_124_16S_022_3	ASV_640_16S_022_3	1	ENV_NO3	0.897734	0.153703	-0.744031	0.133866	3.000000	1.000000	0	0	1	1.000000	0.000000	0.000000
ASV_411_16S_022_3	ASV_640_16S_022_3	1	ENV_NO3	0.804012	0.115525	-0.688487	0.333666	3.000000	1.000000	0	0	1	1.000000	0.000000	0.000000
ASV_455_16S_022_3	ASV_640_16S_022_3	1	ENV_NO3	0.847616	0.148796	-0.698820	0.299700	3.000000	1.000000	0	0	1	1.000000	0.000000	0.000000
ASV_596_16S_022_3	ASV_640_16S_022_3	1	ENV_NO3	0.652313	0.000000	-0.652313	0.933067	3.000000	1.000000	0	0	1	1.000000	0.000000	0.000000
ASV_206_16S_022_3	ASV_641_16S_022_3	1	ENV_NO3	0.661090	0.424549	-0.236542	0.566434	3.000000	1.000000	0	0	1	1.000000	0.000000	0.000000
ASV_234_16S_022_3	ASV_641_16S_022_3	1	ENV_NO3	0.907969	0.162642	-0.745327	0.033966	3.000000	1.000000	0	0	1	1.000000	0.000000	0.000000
ASV_259_16S_022_3	ASV_644_16S_022_3	1	ENV_NO3	0.545441	0.107928	-0.437513	0.666334	3.000000	1.000000	0	0	1	1.000000	0.000000	0.000000
ASV_643_16S_022_3	ASV_644_16S_022_3	1	ENV_NO3	0.545441	0.115525	-0.429916	0.667333	3.000000	1.000000	0	0	1	1.000000	0.000000	0.000000
ASV_66_16S_022_3	ASV_647_16S_022_3	1	ENV_NO3	0.807065	0.443503	-0.363562	0.600400	3.000000	1.000000	0	0	1	1.000000	0.000000	0.000000
ASV_281_16S_022_3	ASV_647_16S_022_3	1	ENV_NO3	0.665888	0.373236	-0.292651	0.667333	3.000000	1.000000	0	0	1	1.000000	0.000000	0.000000
ASV_61_16S_022_3	ASV_648_16S_022_3	1	ENV_NO3	0.519532	0.107928	-0.411604	0.365634	3.000000	1.000000	0	0	1	1.000000	0.000000	0.000000
ASV_361_16S_022_3	ASV_652_16S_022_3	1	ENV_NO3	0.787143	0.114536	-0.672607	0.833167	3.000000	1.000000	0	0	1	1.000000	0.000000	0.000000
ASV_427_16S_022_3	ASV_652_16S_022_3	1	ENV_NO3	0.765341	0.076358	-0.688983	0.867133	3.000000	1.000000	0	0	1	1.000000	0.000000	0.000000
ASV_517_16S_022_3	ASV_654_16S_022_3	1	ENV_NO3	0.707697	0.403301	-0.304397	0.735265	3.000000	1.000000	0	0	1	1.000000	0.000000	0.000000
ASV_331_16S_022_3	ASV_671_16S_022_3	1	ENV_NO3	0.625005	0.000000	-0.625005	0.867133	3.000000	1.000000	0	0	1	1.000000	0.000000	0.000000
ASV_6_16S_022_3	ASV_670_16S_022_3	1	ENV_NO3	0.332479	0.023974	-0.308505	0.134865	3.000000	1.000000	0	0	1	1.000000	0.000000	0.000000
ASV_416_16S_022_3	ASV_673_16S_022_3	1	ENV_NO3	0.408820	-0.103538	-0.512358	0.799201	3.000000	1.000000	0	0	1	1.000000	0.000000	0.000000
ASV_370_16S_022_3	ASV_675_16S_022_3	1	ENV_NO3	0.733473	0.115525	-0.617949	0.200799	3.000000	1.000000	0	0	1	1.000000	0.000000	0.000000
ASV_428_16S_022_3	ASV_675_16S_022_3	1	ENV_NO3	0.827196	0.000000	-0.827196	0.400599	3.000000	1.000000	0	0	1	1.000000	0.000000	0.000000
ASV_560_16S_022_3	ASV_679_16S_022_3	1	ENV_NO3	0.760408	0.355871	-0.404536	0.600400	3.000000	1.000000	0	0	1	1.000000	0.000000	0.000000
ASV_647_16S_022_3	ASV_679_16S_022_3	1	ENV_NO3	0.821223	0.395038	-0.426185	0.601399	3.000000	1.000000	0	0	1	1.000000	0.000000	0.000000
ASV_14_16S_022_3	ASV_690_16S_022_3	1	ENV_NO3	0.347916	0.136809	-0.211107	0.668332	3.000000	1.000000	0	0	1	1.000000	0.000000	0.000000
ASV_148_16S_022_3	ASV_697_16S_022_3	1	ENV_NO3	0.639115	0.172159	-0.466956	0.067932	3.000000	1.000000	0	0	1	1.000000	0.000000	0.000000
ASV_274_16S_022_3	ASV_697_16S_022_3	1	ENV_NO3	0.673369	0.145247	-0.528121	0.166833	3.000000	1.000000	0	0	1	1.000000	0.000000	0.000000
ASV_361_16S_022_3	ASV_699_16S_022_3	1	ENV_NO3	0.533073	0.085655	-0.447418	0.568432	3.000000	1.000000	0	0	1	1.000000	0.000000	0.000000
ASV_390_16S_022_3	ASV_708_16S_022_3	1	ENV_NO3	0.802305	0.244542	-0.557764	0.399600	3.000000	1.000000	0	0	1	1.000000	0.000000	0.000000
ASV_477_16S_022_3	ASV_708_16S_022_3	1	ENV_NO3	0.768051	0.338264	-0.429787	0.866134	3.000000	1.000000	0	0	1	1.000000	0.000000	0.000000
ASV_424_16S_022_3	ASV_709_16S_022_3	1	ENV_NO3	0.566149	0.076358	-0.489792	0.700300	3.000000	1.000000	0	0	1	1.000000	0.000000	0.000000
ASV_652_16S_022_3	ASV_709_16S_022_3	1	ENV_NO3	0.471218	0.067060	-0.404158	0.600400	3.000000	1.000000	0	0	1	1.000000	0.000000	0.000000
ASV_560_16S_022_3	ASV_715_16S_022_3	1	ENV_NO3	0.762114	0.462098	-0.300016	0.767233	3.000000	1.000000	0	0	1	1.000000	0.000000	0.000000
ASV_284_16S_022_3	ASV_717_16S_022_3	1	ENV_NO3	0.809143	0.139498	-0.669645	0.067932	3.000000	1.000000	0	0	1	1.000000	0.000000	0.000000
ASV_259_16S_022_3	ASV_718_16S_022_3	1	ENV_NO3	0.590836	0.145394	-0.445442	0.000999	3.000000	1.000000	0	0	1	1.000000	0.000000	0.000000
ASV_363_16S_022_3	ASV_720_16S_022_3	1	ENV_NO3	0.519532	0.000000	-0.519532	1.000000	3.000000	1.000000	0	0	1	1.000000	0.000000	0.000000
ASV_426_16S_022_3	ASV_722_16S_022_3	1	ENV_NO3	0.650140	0.271399	-0.378741	0.400599	3.000000	1.000000	0	0	1	1.000000	0.000000	0.000000
ASV_455_16S_022_3	ASV_722_16S_022_3	1	ENV_NO3	0.743365	0.417506	-0.325859	0.800200	3.000000	1.000000	0	0	1	1.000000	0.000000	0.000000
ASV_269_16S_022_3	ASV_723_16S_022_3	1	ENV_NO3	0.836127	0.115525	-0.720603	0.099900	3.000000	1.000000	0	0	1	1.000000	0.000000	0.000000
ASV_519_16S_022_3	ASV_723_16S_022_3	1	ENV_NO3	0.848362	0.117225	-0.731136	0.433566	3.000000	1.000000	0	0	1	1.000000	0.000000	0.000000
ASV_396_16S_022_3	ASV_728_16S_022_3	1	ENV_NO3	0.655580	0.146107	-0.509473	0.667333	3.000000	1.000000	0	0	1	1.000000	0.000000	0.000000
ASV_643_16S_022_3	ASV_728_16S_022_3	1	ENV_NO3	0.670400	0.000000	-0.670400	1.000000	3.000000	1.000000	0	0	1	1.000000	0.000000	0.000000
ASV_556_16S_022_3	ASV_730_16S_022_3	1	ENV_NO3	0.639751	0.145394	-0.494357	0.501499	3.000000	1.000000	0	0	1	1.000000	0.000000	0.000000
ASV_411_16S_022_3	ASV_736_16S_022_3	1	ENV_NO3	0.768051	0.314486	-0.453566	0.732268	3.000000	1.000000	0	0	1	1.000000	0.000000	0.000000
ASV_599_16S_022_3	ASV_737_16S_022_3	1	ENV_NO3	0.847401	0.307407	-0.539995	0.600400	3.000000	1.000000	0	0	1	1.000000	0.000000	0.000000
ASV_463_16S_022_3	ASV_738_16S_022_3	1	ENV_NO3	0.879731	0.310393	-0.569338	0.033966	3.000000	1.000000	0	0	1	1.000000	0.000000	0.000000
ASV_599_16S_022_3	ASV_739_16S_022_3	1	ENV_NO3	0.905164	0.535767	-0.369397	0.700300	3.000000	1.000000	0	0	1	1.000000	0.000000	0.000000
ASV_348_16S_022_3	ASV_746_16S_022_3	1	ENV_NO3	0.626258	0.249597	-0.376660	0.733267	3.000000	1.000000	0	0	1	1.000000	0.000000	0.000000
ASV_540_16S_022_3	ASV_747_16S_022_3	1	ENV_NO3	0.662680	0.421943	-0.240737	0.934066	3.000000	1.000000	0	0	1	1.000000	0.000000	0.000000
ASV_311_16S_022_3	ASV_749_16S_022_3	1	ENV_NO3	0.680843	0.222935	-0.457909	0.664336	3.000000	1.000000	0	0	1	1.000000	0.000000	0.000000
ASV_533_16S_022_3	ASV_749_16S_022_3	1	ENV_NO3	0.963140	0.346056	-0.617084	0.632368	3.000000	1.000000	0	0	1	1.000000	0.000000	0.000000
ASV_506_16S_022_3	ASV_751_16S_022_3	1	ENV_NO3	0.941338	0.153703	-0.787635	0.565435	3.000000	1.000000	0	0	1	1.000000	0.000000	0.000000
ASV_749_16S_022_3	ASV_751_16S_022_3	1	ENV_NO3	0.941338	0.146107	-0.795232	0.499500	3.000000	1.000000	0	0	1	1.000000	0.000000	0.000000
ASV_187_16S_022_3	ASV_752_16S_022_3	1	ENV_NO3	0.821507	0.253490	-0.568017	0.234765	3.000000	1.000000	0	0	1	1.000000	0.000000	0.000000
ASV_281_16S_022_3	ASV_752_16S_022_3	1	ENV_NO3	0.654774	0.306889	-0.347885	0.668332	3.000000	1.000000	0	0	1	1.000000	0.000000	0.000000
ASV_383_16S_022_3	ASV_755_16S_022_3	1	ENV_NO3	0.528981	0.173287	-0.355694	0.667333	3.000000	1.000000	0	0	1	1.000000	0.000000	0.000000
ASV_61_16S_022_3	ASV_758_16S_022_3	1	ENV_NO3	0.489469	0.230531	-0.258938	0.331668	3.000000	1.000000	0	0	1	1.000000	0.000000	0.000000
ASV_539_16S_022_3	ASV_758_16S_022_3	1	ENV_NO3	0.663426	0.244737	-0.418690	0.500500	3.000000	1.000000	0	0	1	1.000000	0.000000	0.000000
ASV_610_16S_022_3	ASV_759_16S_022_3	1	ENV_NO3	0.571535	0.182584	-0.388951	0.733267	3.000000	1.000000	0	0	1	1.000000	0.000000	0.000000
ASV_23_16S_022_3	ASV_767_16S_022_3	1	ENV_NO3	0.791236	0.146107	-0.645129	0.534466	3.000000	1.000000	0	0	1	1.000000	0.000000	0.000000
ASV_212_16S_022_3	ASV_767_16S_022_3	1	ENV_NO3	0.693420	0.174129	-0.519292	0.433566	3.000000	1.000000	0	0	1	1.000000	0.000000	0.000000
ASV_382_16S_022_3	ASV_779_16S_022_3	1	ENV_NO3	0.844238	0.212924	-0.631314	0.301698	3.000000	1.000000	0	0	1	1.000000	0.000000	0.000000
ASV_350_16S_022_3	ASV_782_16S_022_3	1	ENV_NO3	0.519532	0.072438	-0.447094	0.000999	3.000000	1.000000	0	0	1	1.000000	0.000000	0.000000
ASV_588_16S_022_3	ASV_782_16S_022_3	1	ENV_NO3	0.545441	0.675977	0.130537	nan	3.000000	1.000000	0	0	1	1.000000	0.000000	0.000000
ASV_6_16S_022_3	ASV_784_16S_022_3	1	ENV_NO3	0.622121	0.761343	0.139223	nan	3.000000	1.000000	0	0	1	1.000000	0.000000	0.000000
ASV_134_16S_022_3	ASV_784_16S_022_3	1	ENV_NO3	0.579850	0.166678	-0.413172	0.469530	3.000000	1.000000	0	0	1	1.000000	0.000000	0.000000
ASV_207_16S_022_3	ASV_784_16S_022_3	1	ENV_NO3	0.437083	0.260212	-0.176871	0.503497	3.000000	1.000000	0	0	1	1.000000	0.000000	0.000000
ASV_744_16S_022_3	ASV_786_16S_022_3	1	ENV_NO3	0.828867	0.076358	-0.752509	0.200799	3.000000	1.000000	0	0	1	1.000000	0.000000	0.000000
ASV_102_16S_022_3	ASV_793_16S_022_3	1	ENV_NO3	0.884958	0.040868	-0.844090	0.000999	3.000000	1.000000	0	0	1	1.000000	0.000000	0.000000
ASV_476_16S_022_3	ASV_793_16S_022_3	1	ENV_NO3	0.920918	0.000000	-0.920918	0.933067	3.000000	1.000000	0	0	1	1.000000	0.000000	0.000000
ASV_540_16S_022_3	ASV_793_16S_022_3	1	ENV_NO3	0.733473	0.103335	-0.630139	0.100899	3.000000	1.000000	0	0	1	1.000000	0.000000	0.000000
ASV_310_16S_022_3	ASV_797_16S_022_3	1	ENV_NO3	0.704306	0.067060	-0.637247	0.299700	3.000000	1.000000	0	0	1	1.000000	0.000000	0.000000
ASV_455_16S_022_3	ASV_797_16S_022_3	1	ENV_NO3	0.788351	0.107928	-0.680424	0.399600	3.000000	1.000000	0	0	1	1.000000	0.000000	0.000000
ASV_210_16S_022_3	ASV_799_16S_022_3	1	ENV_NO3	0.277209	-0.079564	-0.356773	0.599401	3.000000	1.000000	0	0	1	1.000000	0.000000	0.000000
ASV_199_16S_022_3	ASV_800_16S_022_3	1	ENV_NO3	0.547242	0.000000	-0.547242	0.499500	3.000000	1.000000	0	0	1	1.000000	0.000000	0.000000
ASV_401_16S_022_3	ASV_803_16S_022_3	1	ENV_NO3	0.453052	0.040868	-0.412184	0.267732	3.000000	1.000000	0	0	1	1.000000	0.000000	0.000000
ASV_392_16S_022_3	ASV_805_16S_022_3	1	ENV_NO3	0.737566	0.267009	-0.470557	0.400599	3.000000	1.000000	0	0	1	1.000000	0.000000	0.000000
ASV_248_16S_022_3	ASV_808_16S_022_3	1	ENV_NO3	0.547893	0.000000	-0.547893	1.000000	3.000000	1.000000	0	0	1	1.000000	0.000000	0.000000
ASV_782_16S_022_3	ASV_808_16S_022_3	1	ENV_NO3	0.466538	0.000000	-0.466538	1.000000	3.000000	1.000000	0	0	1	1.000000	0.000000	0.000000
ASV_462_16S_022_3	ASV_815_16S_022_3	1	ENV_NO3	0.883576	0.129212	-0.754364	0.466533	3.000000	1.000000	0	0	1	1.000000	0.000000	0.000000
ASV_739_16S_022_3	ASV_815_16S_022_3	1	ENV_NO3	0.666471	0.386453	-0.280018	0.700300	3.000000	1.000000	0	0	1	1.000000	0.000000	0.000000
ASV_139_16S_022_3	ASV_818_16S_022_3	1	ENV_NO3	0.706738	0.187445	-0.519293	0.434565	3.000000	1.000000	0	0	1	1.000000	0.000000	0.000000
ASV_379_16S_022_3	ASV_818_16S_022_3	1	ENV_NO3	0.499371	0.163472	-0.335900	0.299700	3.000000	1.000000	0	0	1	1.000000	0.000000	0.000000
ASV_739_16S_022_3	ASV_820_16S_022_3	1	ENV_NO3	0.792523	0.230531	-0.561992	0.332667	3.000000	1.000000	0	0	1	1.000000	0.000000	0.000000
ASV_262_16S_022_3	ASV_819_16S_022_3	1	ENV_NO3	0.905378	0.280502	-0.624876	0.265734	3.000000	1.000000	0	0	1	1.000000	0.000000	0.000000
ASV_644_16S_022_3	ASV_829_16S_022_3	1	ENV_NO3	0.519532	0.038179	-0.481353	0.668332	3.000000	1.000000	0	0	1	1.000000	0.000000	0.000000
ASV_710_16S_022_3	ASV_829_16S_022_3	1	ENV_NO3	0.519532	0.000000	-0.519532	0.934066	3.000000	1.000000	0	0	1	1.000000	0.000000	0.000000
ASV_262_16S_022_3	ASV_831_16S_022_3	1	ENV_NO3	0.869418	0.338264	-0.531154	0.599401	3.000000	1.000000	0	0	1	1.000000	0.000000	0.000000
ASV_751_16S_022_3	ASV_831_16S_022_3	1	ENV_NO3	0.938454	0.088344	-0.850110	0.500500	3.000000	1.000000	0	0	1	1.000000	0.000000	0.000000
ASV_370_16S_022_3	ASV_833_16S_022_3	1	ENV_NO3	0.555706	0.000000	-0.555706	0.966034	3.000000	1.000000	0	0	1	1.000000	0.000000	0.000000
ASV_563_16S_022_3	ASV_833_16S_022_3	1	ENV_NO3	0.587573	0.000000	-0.587573	0.933067	3.000000	1.000000	0	0	1	1.000000	0.000000	0.000000
ASV_406_16S_022_3	ASV_842_16S_022_3	1	ENV_NO3	0.753431	0.240347	-0.513084	0.266733	3.000000	1.000000	0	0	1	1.000000	0.000000	0.000000
ASV_779_16S_022_3	ASV_847_16S_022_3	1	ENV_NO3	0.978681	0.280502	-0.698179	0.266733	3.000000	1.000000	0	0	1	1.000000	0.000000	0.000000
ASV_704_16S_022_3	ASV_851_16S_022_3	1	ENV_NO3	0.439351	0.000000	-0.439351	0.933067	3.000000	1.000000	0	0	1	1.000000	0.000000	0.000000
ASV_564_16S_022_3	ASV_853_16S_022_3	1	ENV_NO3	0.775481	0.038179	-0.737302	0.633367	3.000000	1.000000	0	0	1	1.000000	0.000000	0.000000
ASV_722_16S_022_3	ASV_853_16S_022_3	1	ENV_NO3	0.788351	0.386453	-0.401898	0.900100	3.000000	1.000000	0	0	1	1.000000	0.000000	0.000000
ASV_192_16S_022_3	ASV_859_16S_022_3	1	ENV_NO3	0.650066	0.002689	-0.647377	0.000999	3.000000	1.000000	0	0	1	1.000000	0.000000	0.000000
ASV_566_16S_022_3	ASV_859_16S_022_3	1	ENV_NO3	0.864827	0.000000	-0.864827	0.565435	3.000000	1.000000	0	0	1	1.000000	0.000000	0.000000
ASV_68_16S_022_3	ASV_862_16S_022_3	1	ENV_NO3	0.868457	0.134749	-0.733708	0.000999	3.000000	1.000000	0	0	1	1.000000	0.000000	0.000000
ASV_160_16S_022_3	ASV_862_16S_022_3	1	ENV_NO3	0.924344	0.494954	-0.429391	0.334665	3.000000	1.000000	0	0	1	1.000000	0.000000	0.000000
ASV_234_16S_022_3	ASV_862_16S_022_3	1	ENV_NO3	0.578438	0.040851	-0.537587	0.033966	3.000000	1.000000	0	0	1	1.000000	0.000000	0.000000
ASV_384_16S_022_3	ASV_862_16S_022_3	1	ENV_NO3	0.589045	0.443671	-0.145374	0.667333	3.000000	1.000000	0	0	1	1.000000	0.000000	0.000000
ASV_387_16S_022_3	ASV_862_16S_022_3	1	ENV_NO3	0.949777	0.210403	-0.739373	0.099900	3.000000	1.000000	0	0	1	1.000000	0.000000	0.000000
ASV_718_16S_022_3	ASV_863_16S_022_3	1	ENV_NO3	0.847401	0.096929	-0.750472	0.000999	3.000000	1.000000	0	0	1	1.000000	0.000000	0.000000
ASV_803_16S_022_3	ASV_863_16S_022_3	1	ENV_NO3	0.847401	0.139498	-0.707903	0.300699	3.000000	1.000000	0	0	1	1.000000	0.000000	0.000000
ASV_311_16S_022_3	ASV_865_16S_022_3	1	ENV_NO3	0.515735	0.226141	-0.289593	0.733267	3.000000	1.000000	0	0	1	1.000000	0.000000	0.000000
ASV_475_16S_022_3	ASV_865_16S_022_3	1	ENV_NO3	0.342608	0.304800	-0.037809	0.533467	3.000000	1.000000	0	0	1	1.000000	0.000000	0.000000
ASV_80_16S_022_3	ASV_871_16S_022_3	1	ENV_NO3	0.834919	0.499564	-0.335355	0.431568	3.000000	1.000000	0	0	1	1.000000	0.000000	0.000000
ASV_103_16S_022_3	ASV_871_16S_022_3	1	ENV_NO3	0.634648	0.103020	-0.531627	0.333666	3.000000	1.000000	0	0	1	1.000000	0.000000	0.000000
ASV_121_16S_022_3	ASV_871_16S_022_3	1	ENV_NO3	0.748173	0.468301	-0.279873	0.534466	3.000000	1.000000	0	0	1	1.000000	0.000000	0.000000
ASV_387_16S_022_3	ASV_871_16S_022_3	1	ENV_NO3	0.999816	0.226417	-0.773399	0.133866	3.000000	1.000000	0	0	1	1.000000	0.000000	0.000000
ASV_361_16S_022_3	ASV_878_16S_022_3	1	ENV_NO3	0.926966	0.432229	-0.494737	0.833167	3.000000	1.000000	0	0	1	1.000000	0.000000	0.000000
ASV_652_16S_022_3	ASV_878_16S_022_3	1	ENV_NO3	0.691824	0.047476	-0.644347	0.466533	3.000000	1.000000	0	0	1	1.000000	0.000000	0.000000
ASV_675_16S_022_3	ASV_878_16S_022_3	1	ENV_NO3	0.891005	0.086643	-0.804362	0.133866	3.000000	1.000000	0	0	1	1.000000	0.000000	0.000000
ASV_687_16S_022_3	ASV_878_16S_022_3	1	ENV_NO3	0.368728	0.054210	-0.314518	0.465534	3.000000	1.000000	0	0	1	1.000000	0.000000	0.000000
ASV_522_16S_022_3	ASV_886_16S_022_3	1	ENV_NO3	0.707191	0.249644	-0.457546	0.600400	3.000000	1.000000	0	0	1	1.000000	0.000000	0.000000
ASV_476_16S_022_3	ASV_889_16S_022_3	1	ENV_NO3	0.601329	-0.057762	-0.659092	0.300699	3.000000	1.000000	0	0	1	1.000000	0.000000	0.000000
ASV_98_16S_022_3	ASV_893_16S_022_3	1	ENV_NO3	0.884168	0.213637	-0.670531	0.565435	3.000000	1.000000	0	0	1	1.000000	0.000000	0.000000
ASV_717_16S_022_3	ASV_893_16S_022_3	1	ENV_NO3	0.847241	0.165690	-0.681551	0.432567	3.000000	1.000000	0	0	1	1.000000	0.000000	0.000000
ASV_13_16S_022_3	ASV_890_16S_022_3	1	ENV_NO3	0.500580	0.137327	-0.363253	0.166833	3.000000	1.000000	0	0	1	1.000000	0.000000	0.000000
ASV_318_16S_022_3	ASV_890_16S_022_3	1	ENV_NO3	0.519965	0.375455	-0.144510	0.232767	3.000000	1.000000	0	0	1	1.000000	0.000000	0.000000
ASV_362_16S_022_3	ASV_890_16S_022_3	1	ENV_NO3	0.688025	0.116513	-0.571512	0.166833	3.000000	1.000000	0	0	1	1.000000	0.000000	0.000000
ASV_134_16S_022_3	ASV_899_16S_022_3	1	ENV_NO3	0.567616	0.040868	-0.526748	0.100899	3.000000	1.000000	0	0	1	1.000000	0.000000	0.000000
ASV_310_16S_022_3	ASV_900_16S_022_3	1	ENV_NO3	0.587290	0.000000	-0.587290	0.600400	3.000000	1.000000	0	0	1	1.000000	0.000000	0.000000
ASV_863_16S_022_3	ASV_900_16S_022_3	1	ENV_NO3	0.785263	0.000000	-0.785263	0.934066	3.000000	1.000000	0	0	1	1.000000	0.000000	0.000000
ASV_827_16S_022_3	ASV_910_16S_022_3	1	ENV_NO3	0.473520	0.000000	-0.473520	0.933067	3.000000	1.000000	0	0	1	1.000000	0.000000	0.000000
ASV_103_16S_022_3	ASV_917_16S_022_3	1	ENV_NO3	0.661926	0.217557	-0.444369	0.335664	3.000000	1.000000	0	0	1	1.000000	0.000000	0.000000
ASV_428_16S_022_3	ASV_917_16S_022_3	1	ENV_NO3	0.668067	0.121615	-0.546452	0.600400	3.000000	1.000000	0	0	1	1.000000	0.000000	0.000000
ASV_631_16S_022_3	ASV_917_16S_022_3	1	ENV_NO3	0.590174	0.000000	-0.590174	0.800200	3.000000	1.000000	0	0	1	1.000000	0.000000	0.000000
ASV_652_16S_022_3	ASV_917_16S_022_3	1	ENV_NO3	0.746423	0.201180	-0.545243	0.834166	3.000000	1.000000	0	0	1	1.000000	0.000000	0.000000
ASV_36_16S_022_3	ASV_918_16S_022_3	1	ENV_NO3	0.512490	0.014158	-0.498332	0.100899	3.000000	1.000000	0	0	1	1.000000	0.000000	0.000000
ASV_473_16S_022_3	ASV_918_16S_022_3	1	ENV_NO3	0.401804	0.399678	-0.002126	0.266733	3.000000	1.000000	0	0	1	1.000000	0.000000	0.000000
ASV_893_16S_022_3	ASV_920_16S_022_3	1	ENV_NO3	0.837088	0.271399	-0.565688	0.632368	3.000000	1.000000	0	0	1	1.000000	0.000000	0.000000
ASV_149_16S_022_3	ASV_924_16S_022_3	1	ENV_NO3	0.809487	0.346574	-0.462913	0.300699	3.000000	1.000000	0	0	1	1.000000	0.000000	0.000000
ASV_833_16S_022_3	ASV_930_16S_022_3	1	ENV_NO3	0.746418	0.000000	-0.746418	1.000000	3.000000	1.000000	0	0	1	1.000000	0.000000	0.000000
ASV_316_16S_022_3	ASV_931_16S_022_3	1	ENV_NO3	0.878985	0.251863	-0.627122	0.233766	3.000000	1.000000	0	0	1	1.000000	0.000000	0.000000
ASV_531_16S_022_3	ASV_931_16S_022_3	1	ENV_NO3	0.774735	0.326473	-0.448262	0.333666	3.000000	1.000000	0	0	1	1.000000	0.000000	0.000000
ASV_831_16S_022_3	ASV_931_16S_022_3	1	ENV_NO3	0.707405	0.318876	-0.388529	0.566434	3.000000	1.000000	0	0	1	1.000000	0.000000	0.000000
ASV_130_16S_022_3	ASV_932_16S_022_3	1	ENV_NO3	0.462246	0.035960	-0.426286	0.099900	3.000000	1.000000	0	0	1	1.000000	0.000000	0.000000
ASV_321_16S_022_3	ASV_933_16S_022_3	1	ENV_NO3	0.449879	0.106227	-0.343652	0.633367	3.000000	1.000000	0	0	1	1.000000	0.000000	0.000000
ASV_648_16S_022_3	ASV_933_16S_022_3	1	ENV_NO3	0.483572	0.000000	-0.483572	0.666334	3.000000	1.000000	0	0	1	1.000000	0.000000	0.000000
ASV_688_16S_022_3	ASV_933_16S_022_3	1	ENV_NO3	0.656242	0.139498	-0.516744	0.432567	3.000000	1.000000	0	0	1	1.000000	0.000000	0.000000
ASV_345_16S_022_3	ASV_938_16S_022_3	1	ENV_NO3	0.564558	0.177677	-0.386881	0.299700	3.000000	1.000000	0	0	1	1.000000	0.000000	0.000000
ASV_224_16S_022_3	ASV_943_16S_022_3	1	ENV_NO3	0.801301	0.042569	-0.758732	0.398601	3.000000	1.000000	0	0	1	1.000000	0.000000	0.000000
ASV_427_16S_022_3	ASV_943_16S_022_3	1	ENV_NO3	0.863156	0.038179	-0.824977	0.666334	3.000000	1.000000	0	0	1	1.000000	0.000000	0.000000
ASV_926_16S_022_3	ASV_943_16S_022_3	1	ENV_NO3	1.094205	0.191882	-0.902323	0.431568	3.000000	1.000000	0	0	1	1.000000	0.000000	0.000000
ASV_397_16S_022_3	ASV_942_16S_022_3	1	ENV_NO3	0.502966	0.410880	-0.092086	0.535465	3.000000	1.000000	0	0	1	1.000000	0.000000	0.000000
ASV_53_16S_022_3	ASV_947_16S_022_3	1	ENV_NO3	0.851415	0.338654	-0.512761	0.234765	3.000000	1.000000	0	0	1	1.000000	0.000000	0.000000
ASV_265_16S_022_3	ASV_947_16S_022_3	1	ENV_NO3	0.828404	0.248777	-0.579627	0.199800	3.000000	1.000000	0	0	1	1.000000	0.000000	0.000000
ASV_850_16S_022_3	ASV_947_16S_022_3	1	ENV_NO3	0.855045	0.198961	-0.656084	0.000999	3.000000	1.000000	0	0	1	1.000000	0.000000	0.000000
ASV_786_16S_022_3	ASV_951_16S_022_3	1	ENV_NO3	0.792907	0.211466	-0.581441	0.299700	3.000000	1.000000	0	0	1	1.000000	0.000000	0.000000
ASV_751_16S_022_3	ASV_955_16S_022_3	1	ENV_NO3	1.056863	0.163001	-0.893862	0.300699	3.000000	1.000000	0	0	1	1.000000	0.000000	0.000000
ASV_94_16S_022_3	ASV_957_16S_022_3	1	ENV_NO3	0.701516	0.204339	-0.497177	0.566434	3.000000	1.000000	0	0	1	1.000000	0.000000	0.000000
ASV_481_16S_022_3	ASV_957_16S_022_3	1	ENV_NO3	0.719688	0.000000	-0.719688	1.000000	3.000000	1.000000	0	0	1	1.000000	0.000000	0.000000
ASV_831_16S_022_3	ASV_957_16S_022_3	1	ENV_NO3	0.832328	0.300085	-0.532243	0.734266	3.000000	1.000000	0	0	1	1.000000	0.000000	0.000000
ASV_709_16S_022_3	ASV_958_16S_022_3	1	ENV_NO3	0.625005	0.038179	-0.586826	0.735265	3.000000	1.000000	0	0	1	1.000000	0.000000	0.000000
ASV_671_16S_022_3	ASV_962_16S_022_3	1	ENV_NO3	0.439968	0.000000	-0.439968	1.000000	3.000000	1.000000	0	0	1	1.000000	0.000000	0.000000
ASV_958_16S_022_3	ASV_967_16S_022_3	1	ENV_NO3	0.541334	-0.028881	-0.570215	0.033966	3.000000	1.000000	0	0	1	1.000000	0.000000	0.000000
ASV_680_16S_022_3	ASV_969_16S_022_3	1	ENV_NO3	0.625005	0.057762	-0.567243	0.265734	3.000000	1.000000	0	0	1	1.000000	0.000000	0.000000
ASV_556_16S_022_3	ASV_971_16S_022_3	1	ENV_NO3	0.553503	0.215143	-0.338360	0.767233	3.000000	1.000000	0	0	1	1.000000	0.000000	0.000000
ASV_842_16S_022_3	ASV_971_16S_022_3	1	ENV_NO3	0.686985	0.297121	-0.389864	0.734266	3.000000	1.000000	0	0	1	1.000000	0.000000	0.000000
ASV_878_16S_022_3	ASV_978_16S_022_3	1	ENV_NO3	0.669738	0.067060	-0.602678	0.566434	3.000000	1.000000	0	0	1	1.000000	0.000000	0.000000
ASV_564_16S_022_3	ASV_979_16S_022_3	1	ENV_NO3	0.869203	0.067060	-0.802144	0.867133	3.000000	1.000000	0	0	1	1.000000	0.000000	0.000000
ASV_519_16S_022_3	ASV_985_16S_022_3	1	ENV_NO3	0.722945	0.299097	-0.423848	0.733267	3.000000	1.000000	0	0	1	1.000000	0.000000	0.000000
ASV_240_16S_022_3	ASV_987_16S_022_3	1	ENV_NO3	0.623912	0.042569	-0.581343	0.467532	3.000000	1.000000	0	0	1	1.000000	0.000000	0.000000
ASV_732_16S_022_3	ASV_987_16S_022_3	1	ENV_NO3	0.692202	0.018595	-0.673607	0.600400	3.000000	1.000000	0	0	1	1.000000	0.000000	0.000000
ASV_240_16S_022_3	ASV_996_16S_022_3	1	ENV_NO3	1.000483	0.150497	-0.849986	0.100899	3.000000	1.000000	0	0	1	1.000000	0.000000	0.000000
ASV_955_16S_022_3	ASV_997_16S_022_3	1	ENV_NO3	0.955496	0.173287	-0.782210	0.733267	3.000000	1.000000	0	0	1	1.000000	0.000000	0.000000
ASV_99_16S_022_3	ASV_1002_16S_022_3	1	ENV_NO3	0.756140	0.220199	-0.535941	0.033966	3.000000	1.000000	0	0	1	1.000000	0.000000	0.000000
ASV_316_16S_022_3	ASV_1002_16S_022_3	1	ENV_NO3	0.759024	0.152002	-0.607022	0.066933	3.000000	1.000000	0	0	1	1.000000	0.000000	0.000000
ASV_517_16S_022_3	ASV_1002_16S_022_3	1	ENV_NO3	0.988741	0.362238	-0.626504	0.567433	3.000000	1.000000	0	0	1	1.000000	0.000000	0.000000
ASV_440_16S_022_3	ASV_1012_16S_022_3	1	ENV_NO3	0.431200	0.189978	-0.241221	0.665335	3.000000	1.000000	0	0	1	1.000000	0.000000	0.000000
ASV_488_16S_022_3	ASV_1012_16S_022_3	1	ENV_NO3	0.757523	0.231049	-0.526474	0.498501	3.000000	1.000000	0	0	1	1.000000	0.000000	0.000000
ASV_513_16S_022_3	ASV_1012_16S_022_3	1	ENV_NO3	0.786755	0.153703	-0.633052	0.766234	3.000000	1.000000	0	0	1	1.000000	0.000000	0.000000
ASV_680_16S_022_3	ASV_1012_16S_022_3	1	ENV_NO3	0.587951	0.124822	-0.463129	0.866134	3.000000	1.000000	0	0	1	1.000000	0.000000	0.000000
ASV_267_16S_022_3	ASV_1021_16S_022_3	1	ENV_NO3	0.661339	0.038179	-0.623160	0.502498	3.000000	1.000000	0	0	1	1.000000	0.000000	0.000000
ASV_328_16S_022_3	ASV_1034_16S_022_3	1	ENV_NO3	0.444110	0.462246	0.018136	nan	3.000000	1.000000	0	0	1	1.000000	0.000000	0.000000
ASV_829_16S_022_3	ASV_1036_16S_022_3	1	ENV_NO3	0.519532	0.038179	-0.481353	0.668332	3.000000	1.000000	0	0	1	1.000000	0.000000	0.000000
ASV_347_16S_022_3	ASV_1037_16S_022_3	1	ENV_NO3	0.825814	0.258942	-0.566872	0.866134	3.000000	1.000000	0	0	1	1.000000	0.000000	0.000000
ASV_477_16S_022_3	ASV_1037_16S_022_3	1	ENV_NO3	1.071021	0.182584	-0.888437	0.866134	3.000000	1.000000	0	0	1	1.000000	0.000000	0.000000
ASV_462_16S_022_3	ASV_1042_16S_022_3	1	ENV_NO3	0.674115	0.103020	-0.571094	0.434565	3.000000	1.000000	0	0	1	1.000000	0.000000	0.000000
ASV_949_16S_022_3	ASV_1043_16S_022_3	1	ENV_NO3	0.569034	0.000000	-0.569034	1.000000	3.000000	1.000000	0	0	1	1.000000	0.000000	0.000000
ASV_725_16S_022_3	ASV_1044_16S_022_3	1	ENV_NO3	0.645052	0.069749	-0.575303	0.167832	3.000000	1.000000	0	0	1	1.000000	0.000000	0.000000
ASV_730_16S_022_3	ASV_1044_16S_022_3	1	ENV_NO3	0.802510	0.105709	-0.696800	0.234765	3.000000	1.000000	0	0	1	1.000000	0.000000	0.000000
ASV_550_16S_022_3	ASV_1047_16S_022_3	1	ENV_NO3	0.425809	0.115525	-0.310285	0.668332	3.000000	1.000000	0	0	1	1.000000	0.000000	0.000000
ASV_827_16S_022_3	ASV_1047_16S_022_3	1	ENV_NO3	0.438177	0.000000	-0.438177	0.732268	3.000000	1.000000	0	0	1	1.000000	0.000000	0.000000
ASV_997_16S_022_3	ASV_1049_16S_022_3	1	ENV_NO3	0.558590	0.000000	-0.558590	1.000000	3.000000	1.000000	0	0	1	1.000000	0.000000	0.000000
ASV_351_16S_022_3	ASV_1054_16S_022_3	1	ENV_NO3	0.425029	0.499289	0.074260	nan	3.000000	1.000000	0	0	1	1.000000	0.000000	0.000000
ASV_407_16S_022_3	ASV_1054_16S_022_3	1	ENV_NO3	0.504095	-0.153703	-0.657799	0.333666	3.000000	1.000000	0	0	1	1.000000	0.000000	0.000000
ASV_484_16S_022_3	ASV_1054_16S_022_3	1	ENV_NO3	0.344967	-0.148140	-0.493106	0.133866	3.000000	1.000000	0	0	1	1.000000	0.000000	0.000000
ASV_260_16S_022_3	ASV_1057_16S_022_3	1	ENV_NO3	0.819085	0.083437	-0.735648	0.332667	3.000000	1.000000	0	0	1	1.000000	0.000000	0.000000
ASV_564_16S_022_3	ASV_1061_16S_022_3	1	ENV_NO3	0.833243	0.021284	-0.811959	0.666334	3.000000	1.000000	0	0	1	1.000000	0.000000	0.000000
ASV_703_16S_022_3	ASV_1061_16S_022_3	1	ENV_NO3	0.716217	0.121615	-0.594601	0.367632	3.000000	1.000000	0	0	1	1.000000	0.000000	0.000000
ASV_979_16S_022_3	ASV_1061_16S_022_3	1	ENV_NO3	0.869203	0.021284	-0.847919	0.434565	3.000000	1.000000	0	0	1	1.000000	0.000000	0.000000
ASV_996_16S_022_3	ASV_1061_16S_022_3	1	ENV_NO3	0.753679	0.063853	-0.689826	0.266733	3.000000	1.000000	0	0	1	1.000000	0.000000	0.000000
ASV_91_16S_022_3	ASV_1065_16S_022_3	1	ENV_NO3	0.612638	0.144406	-0.468232	0.366633	3.000000	1.000000	0	0	1	1.000000	0.000000	0.000000
ASV_635_16S_022_3	ASV_1065_16S_022_3	1	ENV_NO3	0.508387	0.115525	-0.392863	0.166833	3.000000	1.000000	0	0	1	1.000000	0.000000	0.000000
ASV_1054_16S_022_3	ASV_1071_16S_022_3	1	ENV_NO3	0.425809	-0.067060	-0.492869	0.199800	3.000000	1.000000	0	0	1	1.000000	0.000000	0.000000
ASV_988_16S_022_3	ASV_1087_16S_022_3	1	ENV_NO3	0.464086	0.000000	-0.464086	0.867133	3.000000	1.000000	0	0	1	1.000000	0.000000	0.000000
ASV_274_16S_022_3	ASV_1092_16S_022_3	1	ENV_NO3	0.591666	0.038179	-0.553487	0.066933	3.000000	1.000000	0	0	1	1.000000	0.000000	0.000000
ASV_437_16S_022_3	ASV_1092_16S_022_3	1	ENV_NO3	0.623534	0.086643	-0.536890	0.499500	3.000000	1.000000	0	0	1	1.000000	0.000000	0.000000
ASV_486_16S_022_3	ASV_1094_16S_022_3	1	ENV_NO3	0.632431	0.106227	-0.526204	0.200799	3.000000	1.000000	0	0	1	1.000000	0.000000	0.000000
ASV_335_16S_022_3	ASV_1097_16S_022_3	1	ENV_NO3	0.849540	0.199996	-0.649543	0.000999	3.000000	1.000000	0	0	1	1.000000	0.000000	0.000000
ASV_605_16S_022_3	ASV_1097_16S_022_3	1	ENV_NO3	0.659210	0.091875	-0.567335	0.000999	3.000000	1.000000	0	0	1	1.000000	0.000000	0.000000
ASV_736_16S_022_3	ASV_1105_16S_022_3	1	ENV_NO3	1.042704	0.323783	-0.718921	0.432567	3.000000	1.000000	0	0	1	1.000000	0.000000	0.000000
ASV_749_16S_022_3	ASV_1105_16S_022_3	1	ENV_NO3	1.078665	0.314486	-0.764179	0.399600	3.000000	1.000000	0	0	1	1.000000	0.000000	0.000000
ASV_599_16S_022_3	ASV_1108_16S_022_3	1	ENV_NO3	0.691540	0.287823	-0.403717	0.900100	3.000000	1.000000	0	0	1	1.000000	0.000000	0.000000
ASV_978_16S_022_3	ASV_1108_16S_022_3	1	ENV_NO3	0.785263	0.067060	-0.718203	0.900100	3.000000	1.000000	0	0	1	1.000000	0.000000	0.000000
ASV_406_16S_022_3	ASV_1107_16S_022_3	1	ENV_NO3	0.685777	0.231049	-0.454728	0.800200	3.000000	1.000000	0	0	1	1.000000	0.000000	0.000000
ASV_931_16S_022_3	ASV_1107_16S_022_3	1	ENV_NO3	0.733473	0.299810	-0.433663	0.699301	3.000000	1.000000	0	0	1	1.000000	0.000000	0.000000
ASV_42_16S_022_3	ASV_1110_16S_022_3	1	ENV_NO3	0.298534	0.000000	-0.298534	1.000000	3.000000	1.000000	0	0	1	1.000000	0.000000	0.000000
ASV_1062_16S_022_3	ASV_1110_16S_022_3	1	ENV_NO3	0.461770	0.000000	-0.461770	1.000000	3.000000	1.000000	0	0	1	1.000000	0.000000	0.000000
ASV_671_16S_022_3	ASV_1115_16S_022_3	1	ENV_NO3	0.603203	0.000000	-0.603203	1.000000	3.000000	1.000000	0	0	1	1.000000	0.000000	0.000000
ASV_932_16S_022_3	ASV_1115_16S_022_3	1	ENV_NO3	0.500046	0.105709	-0.394337	0.067932	3.000000	1.000000	0	0	1	1.000000	0.000000	0.000000
ASV_962_16S_022_3	ASV_1115_16S_022_3	1	ENV_NO3	0.497730	0.000000	-0.497730	1.000000	3.000000	1.000000	0	0	1	1.000000	0.000000	0.000000
ASV_803_16S_022_3	ASV_1117_16S_022_3	1	ENV_NO3	0.884958	0.023974	-0.860985	0.167832	3.000000	1.000000	0	0	1	1.000000	0.000000	0.000000
ASV_262_16S_022_3	ASV_1125_16S_022_3	1	ENV_NO3	0.497113	0.163989	-0.333124	0.900100	3.000000	1.000000	0	0	1	1.000000	0.000000	0.000000
ASV_333_16S_022_3	ASV_1127_16S_022_3	1	ENV_NO3	0.519532	0.086643	-0.432889	0.467532	3.000000	1.000000	0	0	1	1.000000	0.000000	0.000000
ASV_874_16S_022_3	ASV_1145_16S_022_3	1	ENV_NO3	0.502498	0.000000	-0.502498	0.866134	3.000000	1.000000	0	0	1	1.000000	0.000000	0.000000
ASV_621_16S_022_3	ASV_1144_16S_022_3	1	ENV_NO3	0.521848	0.000000	-0.521848	0.900100	3.000000	1.000000	0	0	1	1.000000	0.000000	0.000000
ASV_213_16S_022_3	ASV_1147_16S_022_3	1	ENV_NO3	0.461770	0.000000	-0.461770	1.000000	3.000000	1.000000	0	0	1	1.000000	0.000000	0.000000
ASV_566_16S_022_3	ASV_1147_16S_022_3	1	ENV_NO3	0.567243	0.000000	-0.567243	0.934066	3.000000	1.000000	0	0	1	1.000000	0.000000	0.000000
ASV_530_16S_022_3	ASV_1149_16S_022_3	1	ENV_NO3	0.336811	0.040868	-0.295943	0.132867	3.000000	1.000000	0	0	1	1.000000	0.000000	0.000000
ASV_304_16S_022_3	ASV_1153_16S_022_3	1	ENV_NO3	0.875216	0.666606	-0.208610	0.400599	3.000000	1.000000	0	0	1	1.000000	0.000000	0.000000
ASV_574_16S_022_3	ASV_1153_16S_022_3	1	ENV_NO3	0.788470	0.309229	-0.479241	0.234765	3.000000	1.000000	0	0	1	1.000000	0.000000	0.000000
ASV_605_16S_022_3	ASV_1153_16S_022_3	1	ENV_NO3	0.586946	0.442601	-0.144345	0.467532	3.000000	1.000000	0	0	1	1.000000	0.000000	0.000000
ASV_666_16S_022_3	ASV_1153_16S_022_3	1	ENV_NO3	0.436251	0.452654	0.016403	nan	3.000000	1.000000	0	0	1	1.000000	0.000000	0.000000
ASV_294_16S_022_3	ASV_1155_16S_022_3	1	ENV_NO3	0.769434	0.139498	-0.629936	0.466533	3.000000	1.000000	0	0	1	1.000000	0.000000	0.000000
ASV_406_16S_022_3	ASV_1155_16S_022_3	1	ENV_NO3	0.520557	0.109434	-0.411123	0.298701	3.000000	1.000000	0	0	1	1.000000	0.000000	0.000000
ASV_497_16S_022_3	ASV_1155_16S_022_3	1	ENV_NO3	0.827196	0.173287	-0.653909	0.367632	3.000000	1.000000	0	0	1	1.000000	0.000000	0.000000
ASV_389_16S_022_3	ASV_1154_16S_022_3	1	ENV_NO3	0.604332	0.122604	-0.481729	0.498501	3.000000	1.000000	0	0	1	1.000000	0.000000	0.000000
ASV_421_16S_022_3	ASV_1154_16S_022_3	1	ENV_NO3	0.712959	0.206670	-0.506289	0.431568	3.000000	1.000000	0	0	1	1.000000	0.000000	0.000000
ASV_931_16S_022_3	ASV_1154_16S_022_3	1	ENV_NO3	0.853632	0.211419	-0.642214	0.498501	3.000000	1.000000	0	0	1	1.000000	0.000000	0.000000
ASV_490_16S_022_3	ASV_1158_16S_022_3	1	ENV_NO3	0.763461	0.329162	-0.434299	0.633367	3.000000	1.000000	0	0	1	1.000000	0.000000	0.000000
ASV_214_16S_022_3	ASV_1164_16S_022_3	1	ENV_NO3	0.290666	0.319393	0.028728	nan	2.000000	1.000000	0	1	0	1.000000	0.000000	0.000000
ASV_299_16S_022_3	ASV_1164_16S_022_3	1	ENV_NO3	0.915692	0.463799	-0.451893	0.732268	3.000000	1.000000	0	0	1	1.000000	0.000000	0.000000
ASV_715_16S_022_3	ASV_1164_16S_022_3	1	ENV_NO3	0.927926	0.334069	-0.593857	0.733267	3.000000	1.000000	0	0	1	1.000000	0.000000	0.000000
ASV_928_16S_022_3	ASV_1171_16S_022_3	1	ENV_NO3	0.785263	0.153703	-0.631560	0.533467	3.000000	1.000000	0	0	1	1.000000	0.000000	0.000000
ASV_1146_16S_022_3	ASV_1171_16S_022_3	1	ENV_NO3	0.883362	0.249644	-0.633717	0.533467	3.000000	1.000000	0	0	1	1.000000	0.000000	0.000000
ASV_853_16S_022_3	ASV_1173_16S_022_3	1	ENV_NO3	0.756946	0.191882	-0.565064	0.867133	3.000000	1.000000	0	0	1	1.000000	0.000000	0.000000
ASV_455_16S_022_3	ASV_1186_16S_022_3	1	ENV_NO3	0.912061	-0.007597	-0.919658	0.133866	3.000000	1.000000	0	0	1	1.000000	0.000000	0.000000
ASV_758_16S_022_3	ASV_1186_16S_022_3	1	ENV_NO3	0.587713	0.009298	-0.578415	0.266733	3.000000	1.000000	0	0	1	1.000000	0.000000	0.000000
ASV_636_16S_022_3	ASV_1194_16S_022_3	1	ENV_NO3	0.401227	0.214155	-0.187072	0.900100	3.000000	1.000000	0	0	1	1.000000	0.000000	0.000000
ASV_776_16S_022_3	ASV_1194_16S_022_3	1	ENV_NO3	0.511271	0.319393	-0.191878	0.900100	3.000000	1.000000	0	0	1	1.000000	0.000000	0.000000
ASV_165_16S_022_3	ASV_1203_16S_022_3	1	ENV_NO3	0.541334	0.000000	-0.541334	0.900100	3.000000	1.000000	0	0	1	1.000000	0.000000	0.000000
ASV_644_16S_022_3	ASV_1203_16S_022_3	1	ENV_NO3	0.625005	0.009298	-0.615707	0.534466	3.000000	1.000000	0	0	1	1.000000	0.000000	0.000000
ASV_833_16S_022_3	ASV_1203_16S_022_3	1	ENV_NO3	0.587951	0.000000	-0.587951	0.933067	3.000000	1.000000	0	0	1	1.000000	0.000000	0.000000
ASV_424_16S_022_3	ASV_1205_16S_022_3	1	ENV_NO3	0.764953	0.115525	-0.649428	0.000999	3.000000	1.000000	0	0	1	1.000000	0.000000	0.000000
ASV_744_16S_022_3	ASV_1210_16S_022_3	1	ENV_NO3	0.567243	0.000000	-0.567243	1.000000	3.000000	1.000000	0	0	1	1.000000	0.000000	0.000000
ASV_268_16S_022_3	ASV_1212_16S_022_3	1	ENV_NO3	0.633778	0.220763	-0.413015	0.600400	3.000000	1.000000	0	0	1	1.000000	0.000000	0.000000
ASV_824_16S_022_3	ASV_1215_16S_022_3	1	ENV_NO3	0.646807	0.153703	-0.493104	0.601399	3.000000	1.000000	0	0	1	1.000000	0.000000	0.000000
ASV_601_16S_022_3	ASV_1227_16S_022_3	1	ENV_NO3	0.284107	0.115525	-0.168582	0.665335	3.000000	1.000000	0	0	1	1.000000	0.000000	0.000000
ASV_636_16S_022_3	ASV_1227_16S_022_3	1	ENV_NO3	0.489191	0.231049	-0.258142	0.867133	3.000000	1.000000	0	0	1	1.000000	0.000000	0.000000
ASV_461_16S_022_3	ASV_1229_16S_022_3	1	ENV_NO3	0.721737	0.167196	-0.554541	0.266733	3.000000	1.000000	0	0	1	1.000000	0.000000	0.000000
ASV_497_16S_022_3	ASV_1229_16S_022_3	1	ENV_NO3	0.733473	0.148796	-0.584678	0.466533	3.000000	1.000000	0	0	1	1.000000	0.000000	0.000000
ASV_819_16S_022_3	ASV_1229_16S_022_3	1	ENV_NO3	0.710463	0.233268	-0.477195	0.200799	3.000000	1.000000	0	0	1	1.000000	0.000000	0.000000
ASV_519_16S_022_3	ASV_1233_16S_022_3	1	ENV_NO3	0.849744	0.465500	-0.384244	0.766234	3.000000	1.000000	0	0	1	1.000000	0.000000	0.000000
ASV_522_16S_022_3	ASV_1233_16S_022_3	1	ENV_NO3	0.756021	0.163001	-0.593020	0.198801	3.000000	1.000000	0	0	1	1.000000	0.000000	0.000000
ASV_576_16S_022_3	ASV_1233_16S_022_3	1	ENV_NO3	0.776227	0.482394	-0.293833	0.565435	3.000000	1.000000	0	0	1	1.000000	0.000000	0.000000
ASV_736_16S_022_3	ASV_1233_16S_022_3	1	ENV_NO3	0.708787	0.465500	-0.243287	0.665335	3.000000	1.000000	0	0	1	1.000000	0.000000	0.000000
ASV_363_16S_022_3	ASV_1235_16S_022_3	1	ENV_NO3	0.497730	0.000000	-0.497730	1.000000	3.000000	1.000000	0	0	1	1.000000	0.000000	0.000000
ASV_18_16S_022_3	ASV_1243_16S_022_3	1	ENV_NO3	0.385771	0.932882	0.547112	nan	3.000000	1.000000	0	0	1	1.000000	0.000000	0.000000
ASV_158_16S_022_3	ASV_1243_16S_022_3	1	ENV_NO3	0.542557	1.398281	0.855725	nan	3.000000	1.000000	0	0	1	1.000000	0.000000	0.000000
ASV_1110_16S_022_3	ASV_1244_16S_022_3	1	ENV_NO3	0.356297	0.000000	-0.356297	1.000000	3.000000	1.000000	0	0	1	1.000000	0.000000	0.000000
ASV_136_16S_022_3	ASV_1250_16S_022_3	1	ENV_NO3	0.548868	0.175458	-0.373410	0.633367	3.000000	1.000000	0	0	1	1.000000	0.000000	0.000000
ASV_679_16S_022_3	ASV_1250_16S_022_3	1	ENV_NO3	0.872894	0.379327	-0.493567	0.500500	3.000000	1.000000	0	0	1	1.000000	0.000000	0.000000
ASV_155_16S_022_3	ASV_1258_16S_022_3	1	ENV_NO3	0.487679	0.000000	-0.487679	0.833167	3.000000	1.000000	0	0	1	1.000000	0.000000	0.000000
ASV_848_16S_022_3	ASV_1265_16S_022_3	1	ENV_NO3	0.625005	0.000000	-0.625005	0.967033	3.000000	1.000000	0	0	1	1.000000	0.000000	0.000000
ASV_848_16S_022_3	ASV_1270_16S_022_3	1	ENV_NO3	0.519532	0.000000	-0.519532	1.000000	3.000000	1.000000	0	0	1	1.000000	0.000000	0.000000
ASV_1265_16S_022_3	ASV_1270_16S_022_3	1	ENV_NO3	0.483572	0.000000	-0.483572	1.000000	3.000000	1.000000	0	0	1	1.000000	0.000000	0.000000
ASV_413_16S_022_3	ASV_1269_16S_022_3	1	ENV_NO3	0.566980	0.146107	-0.420873	0.767233	3.000000	1.000000	0	0	1	1.000000	0.000000	0.000000
ASV_920_16S_022_3	ASV_1269_16S_022_3	1	ENV_NO3	0.732837	0.158093	-0.574744	0.701299	3.000000	1.000000	0	0	1	1.000000	0.000000	0.000000
ASV_1094_16S_022_3	ASV_1269_16S_022_3	1	ENV_NO3	0.635907	0.240347	-0.395561	0.934066	3.000000	1.000000	0	0	1	1.000000	0.000000	0.000000
ASV_310_16S_022_3	ASV_1287_16S_022_3	1	ENV_NO3	0.630894	0.365169	-0.265725	0.967033	3.000000	1.000000	0	0	1	1.000000	0.000000	0.000000
ASV_951_16S_022_3	ASV_1287_16S_022_3	1	ENV_NO3	0.658847	0.240347	-0.418501	0.767233	3.000000	1.000000	0	0	1	1.000000	0.000000	0.000000
ASV_1173_16S_022_3	ASV_1287_16S_022_3	1	ENV_NO3	0.601085	0.163001	-0.438084	0.667333	3.000000	1.000000	0	0	1	1.000000	0.000000	0.000000
ASV_210_16S_022_3	ASV_1294_16S_022_3	1	ENV_NO3	0.415758	0.031053	-0.384705	0.134865	3.000000	1.000000	0	0	1	1.000000	0.000000	0.000000
ASV_871_16S_022_3	ASV_1303_16S_022_3	1	ENV_NO3	0.753723	0.436424	-0.317299	0.800200	3.000000	1.000000	0	0	1	1.000000	0.000000	0.000000
ASV_1250_16S_022_3	ASV_1303_16S_022_3	1	ENV_NO3	0.874893	0.330863	-0.544030	0.432567	3.000000	1.000000	0	0	1	1.000000	0.000000	0.000000
ASV_764_16S_022_3	ASV_1307_16S_022_3	1	ENV_NO3	0.519532	0.067060	-0.452472	0.000999	3.000000	1.000000	0	0	1	1.000000	0.000000	0.000000
ASV_1265_16S_022_3	ASV_1307_16S_022_3	1	ENV_NO3	0.625005	0.000000	-0.625005	1.000000	3.000000	1.000000	0	0	1	1.000000	0.000000	0.000000
ASV_461_16S_022_3	ASV_1317_16S_022_3	1	ENV_NO3	0.655864	0.250633	-0.405231	0.633367	3.000000	1.000000	0	0	1	1.000000	0.000000	0.000000
ASV_506_16S_022_3	ASV_1317_16S_022_3	1	ENV_NO3	0.695917	0.153703	-0.542213	0.833167	3.000000	1.000000	0	0	1	1.000000	0.000000	0.000000
ASV_900_16S_022_3	ASV_1317_16S_022_3	1	ENV_NO3	0.633778	0.000000	-0.633778	0.600400	3.000000	1.000000	0	0	1	1.000000	0.000000	0.000000
ASV_519_16S_022_3	ASV_1320_16S_022_3	1	ENV_NO3	0.832328	0.202168	-0.630160	0.633367	3.000000	1.000000	0	0	1	1.000000	0.000000	0.000000
ASV_1215_16S_022_3	ASV_1320_16S_022_3	1	ENV_NO3	0.445865	0.057762	-0.388103	0.900100	3.000000	1.000000	0	0	1	1.000000	0.000000	0.000000
ASV_737_16S_022_3	ASV_1331_16S_022_3	1	ENV_NO3	0.569034	0.009298	-0.559736	0.467532	3.000000	1.000000	0	0	1	1.000000	0.000000	0.000000
ASV_1289_16S_022_3	ASV_1331_16S_022_3	1	ENV_NO3	0.591497	-0.007597	-0.599094	0.066933	3.000000	1.000000	0	0	1	1.000000	0.000000	0.000000
ASV_31_16S_022_3	ASV_1332_16S_022_3	1	ENV_NO3	0.554214	0.151485	-0.402729	0.265734	3.000000	1.000000	0	0	1	1.000000	0.000000	0.000000
ASV_413_16S_022_3	ASV_1332_16S_022_3	1	ENV_NO3	0.513773	0.023974	-0.489799	0.000999	3.000000	1.000000	0	0	1	1.000000	0.000000	0.000000
ASV_697_16S_022_3	ASV_1332_16S_022_3	1	ENV_NO3	0.552538	0.075969	-0.476569	0.100899	3.000000	1.000000	0	0	1	1.000000	0.000000	0.000000
ASV_1257_16S_022_3	ASV_1332_16S_022_3	1	ENV_NO3	0.651204	0.040868	-0.610336	0.000999	3.000000	1.000000	0	0	1	1.000000	0.000000	0.000000
ASV_1322_16S_022_3	ASV_1332_16S_022_3	1	ENV_NO3	0.682767	0.069749	-0.613018	0.000999	3.000000	1.000000	0	0	1	1.000000	0.000000	0.000000
ASV_648_16S_022_3	ASV_1335_16S_022_3	1	ENV_NO3	0.356297	0.086643	-0.269653	0.532468	3.000000	1.000000	0	0	1	1.000000	0.000000	0.000000
ASV_829_16S_022_3	ASV_1335_16S_022_3	1	ENV_NO3	0.414059	0.000000	-0.414059	1.000000	3.000000	1.000000	0	0	1	1.000000	0.000000	0.000000
ASV_590_16S_022_3	ASV_1344_16S_022_3	1	ENV_NO3	0.528697	0.067060	-0.461637	0.465534	3.000000	1.000000	0	0	1	1.000000	0.000000	0.000000
ASV_1106_16S_022_3	ASV_1344_16S_022_3	1	ENV_NO3	0.439968	0.115525	-0.324443	0.800200	3.000000	1.000000	0	0	1	1.000000	0.000000	0.000000
ASV_143_16S_022_3	ASV_1348_16S_022_3	1	ENV_NO3	0.577294	0.038179	-0.539115	0.566434	3.000000	1.000000	0	0	1	1.000000	0.000000	0.000000
ASV_988_16S_022_3	ASV_1348_16S_022_3	1	ENV_NO3	0.519532	0.000000	-0.519532	0.833167	3.000000	1.000000	0	0	1	1.000000	0.000000	0.000000
ASV_1028_16S_022_3	ASV_1348_16S_022_3	1	ENV_NO3	0.599096	0.067060	-0.532036	0.566434	3.000000	1.000000	0	0	1	1.000000	0.000000	0.000000
ASV_1058_16S_022_3	ASV_1348_16S_022_3	1	ENV_NO3	0.577294	0.038179	-0.539115	0.566434	3.000000	1.000000	0	0	1	1.000000	0.000000	0.000000
ASV_1136_16S_022_3	ASV_1348_16S_022_3	1	ENV_NO3	0.483572	0.021284	-0.462287	0.566434	3.000000	1.000000	0	0	1	1.000000	0.000000	0.000000
ASV_413_16S_022_3	ASV_1353_16S_022_3	1	ENV_NO3	0.702710	0.000000	-0.702710	0.933067	3.000000	1.000000	0	0	1	1.000000	0.000000	0.000000
ASV_863_16S_022_3	ASV_1353_16S_022_3	1	ENV_NO3	0.669634	0.000000	-0.669634	1.000000	3.000000	1.000000	0	0	1	1.000000	0.000000	0.000000
ASV_920_16S_022_3	ASV_1353_16S_022_3	1	ENV_NO3	0.682504	0.000000	-0.682504	0.967033	3.000000	1.000000	0	0	1	1.000000	0.000000	0.000000
ASV_376_16S_022_3	ASV_1362_16S_022_3	1	ENV_NO3	0.497730	0.000000	-0.497730	1.000000	3.000000	1.000000	0	0	1	1.000000	0.000000	0.000000
ASV_709_16S_022_3	ASV_1362_16S_022_3	1	ENV_NO3	0.603203	0.000000	-0.603203	1.000000	3.000000	1.000000	0	0	1	1.000000	0.000000	0.000000
ASV_872_16S_022_3	ASV_1362_16S_022_3	1	ENV_NO3	0.497730	0.000000	-0.497730	1.000000	3.000000	1.000000	0	0	1	1.000000	0.000000	0.000000
ASV_967_16S_022_3	ASV_1362_16S_022_3	1	ENV_NO3	0.519532	0.038179	-0.481353	0.834166	3.000000	1.000000	0	0	1	1.000000	0.000000	0.000000
ASV_124_16S_022_3	ASV_1361_16S_022_3	1	ENV_NO3	0.747632	0.163001	-0.584631	0.000999	3.000000	1.000000	0	0	1	1.000000	0.000000	0.000000
ASV_294_16S_022_3	ASV_1361_16S_022_3	1	ENV_NO3	0.827196	0.203869	-0.623327	0.201798	3.000000	1.000000	0	0	1	1.000000	0.000000	0.000000
ASV_308_16S_022_3	ASV_1361_16S_022_3	1	ENV_NO3	0.896232	0.124822	-0.771410	0.165834	3.000000	1.000000	0	0	1	1.000000	0.000000	0.000000
ASV_997_16S_022_3	ASV_1361_16S_022_3	1	ENV_NO3	0.863156	0.173287	-0.689869	0.531469	3.000000	1.000000	0	0	1	1.000000	0.000000	0.000000
ASV_654_16S_022_3	ASV_1367_16S_022_3	1	ENV_NO3	0.682892	0.131901	-0.550991	0.331668	3.000000	1.000000	0	0	1	1.000000	0.000000	0.000000
ASV_978_16S_022_3	ASV_1367_16S_022_3	1	ENV_NO3	0.782379	0.000000	-0.782379	0.799201	3.000000	1.000000	0	0	1	1.000000	0.000000	0.000000
ASV_1058_16S_022_3	ASV_1367_16S_022_3	1	ENV_NO3	0.636279	0.107928	-0.528351	0.699301	3.000000	1.000000	0	0	1	1.000000	0.000000	0.000000
ASV_94_16S_022_3	ASV_1374_16S_022_3	1	ENV_NO3	0.695002	0.180366	-0.514636	0.399600	3.000000	1.000000	0	0	1	1.000000	0.000000	0.000000
ASV_339_16S_022_3	ASV_1374_16S_022_3	1	ENV_NO3	0.710075	0.069749	-0.640326	0.500500	3.000000	1.000000	0	0	1	1.000000	0.000000	0.000000
ASV_1250_16S_022_3	ASV_1374_16S_022_3	1	ENV_NO3	1.056863	0.189664	-0.867199	0.266733	3.000000	1.000000	0	0	1	1.000000	0.000000	0.000000
ASV_378_16S_022_3	ASV_1379_16S_022_3	1	ENV_NO3	0.391072	0.902695	0.511623	nan	3.000000	1.000000	0	0	1	1.000000	0.000000	0.000000
ASV_1139_16S_022_3	ASV_1382_16S_022_3	1	ENV_NO3	0.646807	0.000000	-0.646807	0.934066	3.000000	1.000000	0	0	1	1.000000	0.000000	0.000000
ASV_224_16S_022_3	ASV_1396_16S_022_3	1	ENV_NO3	0.740948	0.158093	-0.582855	0.900100	3.000000	1.000000	0	0	1	1.000000	0.000000	0.000000
ASV_489_16S_022_3	ASV_1396_16S_022_3	1	ENV_NO3	0.884958	0.076358	-0.808601	0.401598	3.000000	1.000000	0	0	1	1.000000	0.000000	0.000000
ASV_799_16S_022_3	ASV_1397_16S_022_3	1	ENV_NO3	0.276732	0.000000	-0.276732	0.666334	3.000000	1.000000	0	0	1	1.000000	0.000000	0.000000
ASV_1127_16S_022_3	ASV_1397_16S_022_3	1	ENV_NO3	0.298534	0.000000	-0.298534	0.733267	3.000000	1.000000	0	0	1	1.000000	0.000000	0.000000
ASV_823_16S_022_3	ASV_1394_16S_022_3	1	ENV_NO3	0.625005	0.000000	-0.625005	0.933067	3.000000	1.000000	0	0	1	1.000000	0.000000	0.000000
ASV_1189_16S_022_3	ASV_1401_16S_022_3	1	ENV_NO3	0.519532	0.000000	-0.519532	1.000000	3.000000	1.000000	0	0	1	1.000000	0.000000	0.000000
ASV_743_16S_022_3	ASV_1407_16S_022_3	1	ENV_NO3	0.589045	0.000000	-0.589045	1.000000	3.000000	1.000000	0	0	1	1.000000	0.000000	0.000000
ASV_744_16S_022_3	ASV_1407_16S_022_3	1	ENV_NO3	0.706360	0.000000	-0.706360	1.000000	3.000000	1.000000	0	0	1	1.000000	0.000000	0.000000
ASV_951_16S_022_3	ASV_1407_16S_022_3	1	ENV_NO3	0.670400	0.000000	-0.670400	0.833167	3.000000	1.000000	0	0	1	1.000000	0.000000	0.000000
ASV_1049_16S_022_3	ASV_1411_16S_022_3	1	ENV_NO3	0.699184	0.076358	-0.622826	0.601399	3.000000	1.000000	0	0	1	1.000000	0.000000	0.000000
ASV_1317_16S_022_3	ASV_1411_16S_022_3	1	ENV_NO3	0.677382	0.249644	-0.427738	0.632368	3.000000	1.000000	0	0	1	1.000000	0.000000	0.000000
ASV_917_16S_022_3	ASV_1418_16S_022_3	1	ENV_NO3	0.704028	0.124822	-0.579205	0.801199	3.000000	1.000000	0	0	1	1.000000	0.000000	0.000000
ASV_255_16S_022_3	ASV_1426_16S_022_3	1	ENV_NO3	0.675711	0.353653	-0.322058	0.567433	3.000000	1.000000	0	0	1	1.000000	0.000000	0.000000
ASV_1092_16S_022_3	ASV_1426_16S_022_3	1	ENV_NO3	0.577508	0.115525	-0.461983	0.299700	3.000000	1.000000	0	0	1	1.000000	0.000000	0.000000
ASV_182_16S_022_3	ASV_1429_16S_022_3	1	ENV_NO3	0.590920	0.407543	-0.183378	0.267732	3.000000	1.000000	0	0	1	1.000000	0.000000	0.000000
ASV_351_16S_022_3	ASV_1429_16S_022_3	1	ENV_NO3	0.511108	0.017365	-0.493743	0.033966	3.000000	1.000000	0	0	1	1.000000	0.000000	0.000000
ASV_580_16S_022_3	ASV_1429_16S_022_3	1	ENV_NO3	0.644267	0.411886	-0.232381	0.268731	3.000000	1.000000	0	0	1	1.000000	0.000000	0.000000
ASV_576_16S_022_3	ASV_1439_16S_022_3	1	ENV_NO3	0.551330	0.067060	-0.484270	0.334665	3.000000	1.000000	0	0	1	1.000000	0.000000	0.000000
ASV_415_16S_022_3	ASV_1443_16S_022_3	1	ENV_NO3	0.791236	0.437136	-0.354099	0.800200	3.000000	1.000000	0	0	1	1.000000	0.000000	0.000000
ASV_563_16S_022_3	ASV_1443_16S_022_3	1	ENV_NO3	0.707579	0.261631	-0.445948	0.699301	3.000000	1.000000	0	0	1	1.000000	0.000000	0.000000
ASV_470_16S_022_3	ASV_1442_16S_022_3	1	ENV_NO3	0.465205	0.000000	-0.465205	0.866134	3.000000	1.000000	0	0	1	1.000000	0.000000	0.000000
ASV_732_16S_022_3	ASV_1442_16S_022_3	1	ENV_NO3	0.699184	0.191882	-0.507302	0.767233	3.000000	1.000000	0	0	1	1.000000	0.000000	0.000000
ASV_824_16S_022_3	ASV_1458_16S_022_3	1	ENV_NO3	0.484794	0.021284	-0.463510	0.000999	3.000000	1.000000	0	0	1	1.000000	0.000000	0.000000
ASV_1215_16S_022_3	ASV_1458_16S_022_3	1	ENV_NO3	0.703476	0.042569	-0.660907	0.467532	3.000000	1.000000	0	0	1	1.000000	0.000000	0.000000
ASV_322_16S_022_3	ASV_1459_16S_022_3	1	ENV_NO3	0.577294	0.000000	-0.577294	0.665335	3.000000	1.000000	0	0	1	1.000000	0.000000	0.000000
ASV_635_16S_022_3	ASV_1459_16S_022_3	1	ENV_NO3	0.494846	0.057762	-0.437083	0.633367	3.000000	1.000000	0	0	1	1.000000	0.000000	0.000000
ASV_1258_16S_022_3	ASV_1459_16S_022_3	1	ENV_NO3	0.461770	0.000000	-0.461770	1.000000	3.000000	1.000000	0	0	1	1.000000	0.000000	0.000000
ASV_622_16S_022_3	ASV_1482_16S_022_3	1	ENV_NO3	0.728162	0.000000	-0.728162	1.000000	3.000000	1.000000	0	0	1	1.000000	0.000000	0.000000
ASV_481_16S_022_3	ASV_1491_16S_022_3	1	ENV_NO3	0.655580	0.000000	-0.655580	0.133866	3.000000	1.000000	0	0	1	1.000000	0.000000	0.000000
ASV_732_16S_022_3	ASV_1490_16S_022_3	1	ENV_NO3	0.655580	0.203869	-0.451711	0.566434	3.000000	1.000000	0	0	1	1.000000	0.000000	0.000000
ASV_1094_16S_022_3	ASV_1490_16S_022_3	1	ENV_NO3	0.622539	0.285605	-0.336935	0.432567	3.000000	1.000000	0	0	1	1.000000	0.000000	0.000000
ASV_294_16S_022_3	ASV_1498_16S_022_3	1	ENV_NO3	0.724447	0.011987	-0.712461	0.033966	3.000000	1.000000	0	0	1	1.000000	0.000000	0.000000
ASV_1094_16S_022_3	ASV_1498_16S_022_3	1	ENV_NO3	0.666685	0.086643	-0.580042	0.000999	3.000000	1.000000	0	0	1	1.000000	0.000000	0.000000
ASV_1331_16S_022_3	ASV_1508_16S_022_3	1	ENV_NO3	0.567243	0.009298	-0.557945	0.534466	3.000000	1.000000	0	0	1	1.000000	0.000000	0.000000
ASV_1411_16S_022_3	ASV_1508_16S_022_3	1	ENV_NO3	0.531283	0.163001	-0.368282	0.401598	3.000000	1.000000	0	0	1	1.000000	0.000000	0.000000
ASV_519_16S_022_3	ASV_1507_16S_022_3	1	ENV_NO3	0.754813	0.177677	-0.577136	0.331668	3.000000	1.000000	0	0	1	1.000000	0.000000	0.000000
ASV_819_16S_022_3	ASV_1507_16S_022_3	1	ENV_NO3	0.761248	0.233268	-0.527981	0.299700	3.000000	1.000000	0	0	1	1.000000	0.000000	0.000000
ASV_1320_16S_022_3	ASV_1507_16S_022_3	1	ENV_NO3	0.562608	0.195089	-0.367520	0.733267	3.000000	1.000000	0	0	1	1.000000	0.000000	0.000000
ASV_988_16S_022_3	ASV_1516_16S_022_3	1	ENV_NO3	0.682767	0.000000	-0.682767	0.833167	3.000000	1.000000	0	0	1	1.000000	0.000000	0.000000
ASV_1335_16S_022_3	ASV_1521_16S_022_3	1	ENV_NO3	0.298534	0.000000	-0.298534	1.000000	3.000000	1.000000	0	0	1	1.000000	0.000000	0.000000
ASV_1201_16S_022_3	ASV_1523_16S_022_3	1	ENV_NO3	0.577294	0.000000	-0.577294	1.000000	3.000000	1.000000	0	0	1	1.000000	0.000000	0.000000
ASV_616_16S_022_3	ASV_1551_16S_022_3	1	ENV_NO3	0.590836	0.000000	-0.590836	0.933067	3.000000	1.000000	0	0	1	1.000000	0.000000	0.000000
ASV_1458_16S_022_3	ASV_1551_16S_022_3	1	ENV_NO3	0.645714	0.000000	-0.645714	1.000000	3.000000	1.000000	0	0	1	1.000000	0.000000	0.000000
ASV_1543_16S_022_3	ASV_1551_16S_022_3	1	ENV_NO3	0.603203	0.000000	-0.603203	1.000000	3.000000	1.000000	0	0	1	1.000000	0.000000	0.000000
ASV_928_16S_022_3	ASV_1556_16S_022_3	1	ENV_NO3	0.922589	0.000000	-0.922589	0.498501	3.000000	1.000000	0	0	1	1.000000	0.000000	0.000000
ASV_564_16S_022_3	ASV_1560_16S_022_3	1	ENV_NO3	0.833243	0.067060	-0.766183	0.767233	3.000000	1.000000	0	0	1	1.000000	0.000000	0.000000
ASV_1061_16S_022_3	ASV_1560_16S_022_3	1	ENV_NO3	0.811441	0.133602	-0.677839	0.467532	3.000000	1.000000	0	0	1	1.000000	0.000000	0.000000
ASV_987_16S_022_3	ASV_1561_16S_022_3	1	ENV_NO3	0.728162	0.134120	-0.594042	0.635365	3.000000	1.000000	0	0	1	1.000000	0.000000	0.000000
ASV_599_16S_022_3	ASV_1563_16S_022_3	1	ENV_NO3	0.655580	0.038179	-0.617401	0.000999	3.000000	1.000000	0	0	1	1.000000	0.000000	0.000000
ASV_1317_16S_022_3	ASV_1563_16S_022_3	1	ENV_NO3	0.619620	0.076358	-0.543262	0.735265	3.000000	1.000000	0	0	1	1.000000	0.000000	0.000000
ASV_1331_16S_022_3	ASV_1563_16S_022_3	1	ENV_NO3	0.554875	0.009298	-0.545578	0.534466	3.000000	1.000000	0	0	1	1.000000	0.000000	0.000000
ASV_606_16S_022_3	ASV_1566_16S_022_3	1	ENV_NO3	0.646807	0.067060	-0.579747	0.833167	3.000000	1.000000	0	0	1	1.000000	0.000000	0.000000
ASV_1171_16S_022_3	ASV_1565_16S_022_3	1	ENV_NO3	0.861560	0.143417	-0.718142	0.967033	3.000000	1.000000	0	0	1	1.000000	0.000000	0.000000
ASV_799_16S_022_3	ASV_1569_16S_022_3	1	ENV_NO3	0.497730	0.000000	-0.497730	1.000000	3.000000	1.000000	0	0	1	1.000000	0.000000	0.000000
ASV_17_16S_022_3	ASV_1571_16S_022_3	1	ENV_NO3	0.264543	0.131194	-0.133349	0.534466	2.000000	1.000000	0	1	0	1.000000	0.000000	0.000000
ASV_951_16S_022_3	ASV_1571_16S_022_3	1	ENV_NO3	0.861943	0.326990	-0.534953	0.733267	3.000000	1.000000	0	0	1	1.000000	0.000000	0.000000
ASV_1565_16S_022_3	ASV_1571_16S_022_3	1	ENV_NO3	0.880477	0.134120	-0.746358	0.599401	3.000000	1.000000	0	0	1	1.000000	0.000000	0.000000
ASV_1210_16S_022_3	ASV_1576_16S_022_3	1	ENV_NO3	0.531283	0.000000	-0.531283	1.000000	3.000000	1.000000	0	0	1	1.000000	0.000000	0.000000
ASV_1534_16S_022_3	ASV_1576_16S_022_3	1	ENV_NO3	0.670400	0.000000	-0.670400	1.000000	3.000000	1.000000	0	0	1	1.000000	0.000000	0.000000
ASV_1310_16S_022_3	ASV_1577_16S_022_3	1	ENV_NO3	0.519532	0.000000	-0.519532	0.799201	3.000000	1.000000	0	0	1	1.000000	0.000000	0.000000
ASV_1394_16S_022_3	ASV_1577_16S_022_3	1	ENV_NO3	0.625005	0.000000	-0.625005	0.933067	3.000000	1.000000	0	0	1	1.000000	0.000000	0.000000
ASV_595_16S_022_3	ASV_1578_16S_022_3	1	ENV_NO3	0.461770	0.000000	-0.461770	1.000000	3.000000	1.000000	0	0	1	1.000000	0.000000	0.000000
ASV_389_16S_022_3	ASV_1581_16S_022_3	1	ENV_NO3	0.432090	0.040868	-0.391222	0.665335	3.000000	1.000000	0	0	1	1.000000	0.000000	0.000000
ASV_786_16S_022_3	ASV_1581_16S_022_3	1	ENV_NO3	0.645714	0.057762	-0.587951	0.399600	3.000000	1.000000	0	0	1	1.000000	0.000000	0.000000
ASV_1235_16S_022_3	ASV_1581_16S_022_3	1	ENV_NO3	0.542557	0.000000	-0.542557	1.000000	3.000000	1.000000	0	0	1	1.000000	0.000000	0.000000
ASV_32_16S_022_3	ASV_1584_16S_022_3	1	ENV_NO3	0.456106	0.048465	-0.407641	0.234765	3.000000	1.000000	0	0	1	1.000000	0.000000	0.000000
ASV_384_16S_022_3	ASV_1587_16S_022_3	1	ENV_NO3	0.438689	0.000000	-0.438689	0.866134	3.000000	1.000000	0	0	1	1.000000	0.000000	0.000000
ASV_746_16S_022_3	ASV_1587_16S_022_3	1	ENV_NO3	0.470557	0.000000	-0.470557	0.866134	3.000000	1.000000	0	0	1	1.000000	0.000000	0.000000
ASV_644_16S_022_3	ASV_1589_16S_022_3	1	ENV_NO3	0.442284	0.000000	-0.442284	0.733267	3.000000	1.000000	0	0	1	1.000000	0.000000	0.000000
ASV_1055_16S_022_3	ASV_1589_16S_022_3	1	ENV_NO3	0.545441	0.000000	-0.545441	0.666334	3.000000	1.000000	0	0	1	1.000000	0.000000	0.000000
ASV_1136_16S_022_3	ASV_1593_16S_022_3	1	ENV_NO3	0.483572	0.000000	-0.483572	1.000000	3.000000	1.000000	0	0	1	1.000000	0.000000	0.000000
ASV_1110_16S_022_3	ASV_1633_16S_022_3	1	ENV_NO3	0.461770	0.000000	-0.461770	1.000000	3.000000	1.000000	0	0	1	1.000000	0.000000	0.000000
ASV_64_16S_022_3	ASV_1631_16S_022_3	1	ENV_NO3	0.322767	0.000000	-0.322767	0.633367	3.000000	1.000000	0	0	1	1.000000	0.000000	0.000000
ASV_720_16S_022_3	ASV_1631_16S_022_3	1	ENV_NO3	0.599096	0.000000	-0.599096	1.000000	3.000000	1.000000	0	0	1	1.000000	0.000000	0.000000
ASV_1563_16S_022_3	ASV_1632_16S_022_3	1	ENV_NO3	0.656242	0.000000	-0.656242	1.000000	3.000000	1.000000	0	0	1	1.000000	0.000000	0.000000
ASV_376_16S_022_3	ASV_1645_16S_022_3	1	ENV_NO3	0.461770	0.115525	-0.346245	0.833167	3.000000	1.000000	0	0	1	1.000000	0.000000	0.000000
ASV_1362_16S_022_3	ASV_1645_16S_022_3	1	ENV_NO3	0.625005	0.000000	-0.625005	1.000000	3.000000	1.000000	0	0	1	1.000000	0.000000	0.000000
ASV_739_16S_022_3	ASV_1644_16S_022_3	1	ENV_NO3	0.497730	0.134120	-0.363610	0.635365	3.000000	1.000000	0	0	1	1.000000	0.000000	0.000000
ASV_161_16S_022_3	ASV_1643_16S_022_3	1	ENV_NO3	0.521173	0.030582	-0.490591	0.499500	3.000000	1.000000	0	0	1	1.000000	0.000000	0.000000
ASV_725_16S_022_3	ASV_1648_16S_022_3	1	ENV_NO3	0.706360	0.153703	-0.552657	0.668332	3.000000	1.000000	0	0	1	1.000000	0.000000	0.000000
ASV_1565_16S_022_3	ASV_1648_16S_022_3	1	ENV_NO3	0.626796	0.067060	-0.559736	0.900100	3.000000	1.000000	0	0	1	1.000000	0.000000	0.000000
ASV_962_16S_022_3	ASV_1657_16S_022_3	1	ENV_NO3	0.483572	0.000000	-0.483572	1.000000	3.000000	1.000000	0	0	1	1.000000	0.000000	0.000000
ASV_1587_16S_022_3	ASV_1657_16S_022_3	1	ENV_NO3	0.451718	0.000000	-0.451718	1.000000	3.000000	1.000000	0	0	1	1.000000	0.000000	0.000000
ASV_575_16S_022_3	ASV_1658_16S_022_3	1	ENV_NO3	0.520755	0.124822	-0.395932	0.633367	3.000000	1.000000	0	0	1	1.000000	0.000000	0.000000
ASV_743_16S_022_3	ASV_1658_16S_022_3	1	ENV_NO3	0.406323	0.057762	-0.348561	0.600400	3.000000	1.000000	0	0	1	1.000000	0.000000	0.000000
ASV_824_16S_022_3	ASV_1658_16S_022_3	1	ENV_NO3	0.464086	0.173287	-0.290799	0.700300	3.000000	1.000000	0	0	1	1.000000	0.000000	0.000000
ASV_339_16S_022_3	ASV_1676_16S_022_3	1	ENV_NO3	0.511271	0.040868	-0.470403	0.498501	3.000000	1.000000	0	0	1	1.000000	0.000000	0.000000
ASV_1287_16S_022_3	ASV_1676_16S_022_3	1	ENV_NO3	0.670400	0.240347	-0.430053	0.701299	3.000000	1.000000	0	0	1	1.000000	0.000000	0.000000
ASV_306_16S_022_3	ASV_1687_16S_022_3	1	ENV_NO3	0.590836	0.317692	-0.273143	0.667333	3.000000	1.000000	0	0	1	1.000000	0.000000	0.000000
ASV_930_16S_022_3	ASV_1686_16S_022_3	1	ENV_NO3	0.706360	0.115525	-0.590836	0.733267	3.000000	1.000000	0	0	1	1.000000	0.000000	0.000000
ASV_1258_16S_022_3	ASV_1686_16S_022_3	1	ENV_NO3	0.487679	0.000000	-0.487679	0.701299	3.000000	1.000000	0	0	1	1.000000	0.000000	0.000000
ASV_478_16S_022_3	ASV_1693_16S_022_3	1	ENV_NO3	0.533073	0.536479	0.003406	nan	3.000000	1.000000	0	0	1	1.000000	0.000000	0.000000
ASV_227_16S_022_3	ASV_1697_16S_022_3	1	ENV_NO3	0.459362	0.000000	-0.459362	0.833167	3.000000	1.000000	0	0	1	1.000000	0.000000	0.000000
ASV_631_16S_022_3	ASV_1696_16S_022_3	1	ENV_NO3	0.660965	0.000000	-0.660965	1.000000	3.000000	1.000000	0	0	1	1.000000	0.000000	0.000000
ASV_709_16S_022_3	ASV_1696_16S_022_3	1	ENV_NO3	0.625005	0.182584	-0.442421	0.735265	3.000000	1.000000	0	0	1	1.000000	0.000000	0.000000
ASV_872_16S_022_3	ASV_1696_16S_022_3	1	ENV_NO3	0.519532	0.115525	-0.404007	0.533467	3.000000	1.000000	0	0	1	1.000000	0.000000	0.000000
ASV_612_16S_022_3	ASV_1706_16S_022_3	1	ENV_NO3	0.825599	0.124822	-0.700777	0.532468	3.000000	1.000000	0	0	1	1.000000	0.000000	0.000000
ASV_928_16S_022_3	ASV_1706_16S_022_3	1	ENV_NO3	0.807065	0.038179	-0.768886	0.433566	3.000000	1.000000	0	0	1	1.000000	0.000000	0.000000
ASV_985_16S_022_3	ASV_1706_16S_022_3	1	ENV_NO3	0.710075	0.202168	-0.507907	0.331668	3.000000	1.000000	0	0	1	1.000000	0.000000	0.000000
ASV_1107_16S_022_3	ASV_1706_16S_022_3	1	ENV_NO3	0.639537	0.134120	-0.505417	0.666334	3.000000	1.000000	0	0	1	1.000000	0.000000	0.000000
ASV_848_16S_022_3	ASV_1707_16S_022_3	1	ENV_NO3	0.464086	0.124822	-0.339263	0.666334	3.000000	1.000000	0	0	1	1.000000	0.000000	0.000000
ASV_1210_16S_022_3	ASV_1707_16S_022_3	1	ENV_NO3	0.589045	0.000000	-0.589045	1.000000	3.000000	1.000000	0	0	1	1.000000	0.000000	0.000000
ASV_1686_16S_022_3	ASV_1707_16S_022_3	1	ENV_NO3	0.625005	0.000000	-0.625005	0.299700	3.000000	1.000000	0	0	1	1.000000	0.000000	0.000000
ASV_1406_16S_022_3	ASV_1705_16S_022_3	1	ENV_NO3	0.519532	0.000000	-0.519532	1.000000	3.000000	1.000000	0	0	1	1.000000	0.000000	0.000000
ASV_143_16S_022_3	ASV_1716_16S_022_3	1	ENV_NO3	0.439968	0.076358	-0.363610	0.467532	3.000000	1.000000	0	0	1	1.000000	0.000000	0.000000
ASV_1210_16S_022_3	ASV_1716_16S_022_3	1	ENV_NO3	0.589045	0.000000	-0.589045	1.000000	3.000000	1.000000	0	0	1	1.000000	0.000000	0.000000
ASV_1648_16S_022_3	ASV_1720_16S_022_3	1	ENV_NO3	0.740530	0.067060	-0.673470	0.601399	3.000000	1.000000	0	0	1	1.000000	0.000000	0.000000
ASV_180_16S_022_3	ASV_1728_16S_022_3	1	ENV_NO3	0.682504	0.057762	-0.624742	0.133866	3.000000	1.000000	0	0	1	1.000000	0.000000	0.000000
ASV_992_16S_022_3	ASV_1732_16S_022_3	1	ENV_NO3	0.689079	0.425103	-0.263976	0.301698	3.000000	1.000000	0	0	1	1.000000	0.000000	0.000000
ASV_930_16S_022_3	ASV_1748_16S_022_3	1	ENV_NO3	0.648598	0.000000	-0.648598	0.799201	3.000000	1.000000	0	0	1	1.000000	0.000000	0.000000
ASV_1108_16S_022_3	ASV_1748_16S_022_3	1	ENV_NO3	0.706360	0.220763	-0.485597	0.967033	3.000000	1.000000	0	0	1	1.000000	0.000000	0.000000
ASV_1125_16S_022_3	ASV_1748_16S_022_3	1	ENV_NO3	0.764122	0.336288	-0.427835	0.967033	3.000000	1.000000	0	0	1	1.000000	0.000000	0.000000
ASV_1265_16S_022_3	ASV_1748_16S_022_3	1	ENV_NO3	0.625005	0.000000	-0.625005	0.967033	3.000000	1.000000	0	0	1	1.000000	0.000000	0.000000
ASV_1577_16S_022_3	ASV_1748_16S_022_3	1	ENV_NO3	0.627457	0.182584	-0.444873	0.934066	3.000000	1.000000	0	0	1	1.000000	0.000000	0.000000
ASV_166_16S_022_3	ASV_1759_16S_022_3	1	ENV_NO3	0.414059	0.005564	-0.408495	0.501499	3.000000	1.000000	0	0	1	1.000000	0.000000	0.000000
ASV_1037_16S_022_3	ASV_1769_16S_022_3	1	ENV_NO3	0.576016	0.000000	-0.576016	1.000000	3.000000	1.000000	0	0	1	1.000000	0.000000	0.000000
ASV_1335_16S_022_3	ASV_1769_16S_022_3	1	ENV_NO3	0.382205	0.000000	-0.382205	1.000000	2.000000	1.000000	0	1	0	1.000000	0.000000	0.000000
ASV_1443_16S_022_3	ASV_1769_16S_022_3	1	ENV_NO3	0.655580	0.000000	-0.655580	1.000000	3.000000	1.000000	0	0	1	1.000000	0.000000	0.000000
ASV_143_16S_022_3	ASV_1774_16S_022_3	1	ENV_NO3	0.519532	0.038179	-0.481353	0.666334	3.000000	1.000000	0	0	1	1.000000	0.000000	0.000000
ASV_1036_16S_022_3	ASV_1777_16S_022_3	1	ENV_NO3	0.545441	0.000000	-0.545441	0.666334	3.000000	1.000000	0	0	1	1.000000	0.000000	0.000000
ASV_1577_16S_022_3	ASV_1777_16S_022_3	1	ENV_NO3	0.627457	0.000000	-0.627457	1.000000	3.000000	1.000000	0	0	1	1.000000	0.000000	0.000000
ASV_327_16S_022_3	ASV_1781_16S_022_3	1	ENV_NO3	0.767837	0.240347	-0.527490	0.665335	3.000000	1.000000	0	0	1	1.000000	0.000000	0.000000
ASV_415_16S_022_3	ASV_1781_16S_022_3	1	ENV_NO3	0.710075	0.269228	-0.440847	0.866134	3.000000	1.000000	0	0	1	1.000000	0.000000	0.000000
ASV_1117_16S_022_3	ASV_1781_16S_022_3	1	ENV_NO3	0.789639	0.069749	-0.719890	0.500500	3.000000	1.000000	0	0	1	1.000000	0.000000	0.000000
ASV_1186_16S_022_3	ASV_1781_16S_022_3	1	ENV_NO3	0.649428	0.000000	-0.649428	0.867133	3.000000	1.000000	0	0	1	1.000000	0.000000	0.000000
ASV_1777_16S_022_3	ASV_1781_16S_022_3	1	ENV_NO3	0.706360	0.000000	-0.706360	1.000000	3.000000	1.000000	0	0	1	1.000000	0.000000	0.000000
ASV_600_16S_022_3	ASV_1795_16S_022_3	1	ENV_NO3	0.567243	0.000000	-0.567243	0.933067	3.000000	1.000000	0	0	1	1.000000	0.000000	0.000000
ASV_1534_16S_022_3	ASV_1804_16S_022_3	1	ENV_NO3	0.651204	0.000000	-0.651204	1.000000	3.000000	1.000000	0	0	1	1.000000	0.000000	0.000000
ASV_150_16S_022_3	ASV_1801_16S_022_3	1	ENV_NO3	0.747632	0.115525	-0.632107	0.100899	3.000000	1.000000	0	0	1	1.000000	0.000000	0.000000
ASV_1201_16S_022_3	ASV_1820_16S_022_3	1	ENV_NO3	0.599096	0.000000	-0.599096	1.000000	3.000000	1.000000	0	0	1	1.000000	0.000000	0.000000
ASV_1189_16S_022_3	ASV_1825_16S_022_3	1	ENV_NO3	0.466538	0.000000	-0.466538	0.533467	3.000000	1.000000	0	0	1	1.000000	0.000000	0.000000
ASV_1644_16S_022_3	ASV_1858_16S_022_3	1	ENV_NO3	0.577294	0.076358	-0.500937	0.467532	3.000000	1.000000	0	0	1	1.000000	0.000000	0.000000
ASV_1087_16S_022_3	ASV_1855_16S_022_3	1	ENV_NO3	0.567243	0.000000	-0.567243	0.800200	3.000000	1.000000	0	0	1	1.000000	0.000000	0.000000
ASV_1366_16S_022_3	ASV_1855_16S_022_3	1	ENV_NO3	0.648598	0.000000	-0.648598	0.667333	3.000000	1.000000	0	0	1	1.000000	0.000000	0.000000
ASV_1458_16S_022_3	ASV_1855_16S_022_3	1	ENV_NO3	0.587951	0.000000	-0.587951	1.000000	3.000000	1.000000	0	0	1	1.000000	0.000000	0.000000
ASV_143_16S_022_3	ASV_1869_16S_022_3	1	ENV_NO3	0.577294	0.076358	-0.500937	0.633367	3.000000	1.000000	0	0	1	1.000000	0.000000	0.000000
ASV_1055_16S_022_3	ASV_1869_16S_022_3	1	ENV_NO3	0.461770	0.067060	-0.394710	0.700300	3.000000	1.000000	0	0	1	1.000000	0.000000	0.000000
ASV_1774_16S_022_3	ASV_1869_16S_022_3	1	ENV_NO3	0.599096	0.067060	-0.532036	0.666334	3.000000	1.000000	0	0	1	1.000000	0.000000	0.000000
ASV_979_16S_022_3	ASV_1881_16S_022_3	1	ENV_NO3	0.883362	0.153703	-0.729658	0.800200	3.000000	1.000000	0	0	1	1.000000	0.000000	0.000000
ASV_1633_16S_022_3	ASV_1881_16S_022_3	1	ENV_NO3	0.523639	0.047476	-0.476162	0.666334	3.000000	1.000000	0	0	1	1.000000	0.000000	0.000000
ASV_406_16S_022_3	ASV_1894_16S_022_3	1	ENV_NO3	0.643844	0.269228	-0.374616	0.900100	3.000000	1.000000	0	0	1	1.000000	0.000000	0.000000
ASV_1287_16S_022_3	ASV_1894_16S_022_3	1	ENV_NO3	0.615243	0.269228	-0.346016	0.967033	3.000000	1.000000	0	0	1	1.000000	0.000000	0.000000
ASV_1443_16S_022_3	ASV_1894_16S_022_3	1	ENV_NO3	0.828867	0.088344	-0.740523	0.666334	3.000000	1.000000	0	0	1	1.000000	0.000000	0.000000
ASV_1146_16S_022_3	ASV_1921_16S_022_3	1	ENV_NO3	0.771105	0.124822	-0.646282	0.699301	3.000000	1.000000	0	0	1	1.000000	0.000000	0.000000
ASV_1331_16S_022_3	ASV_1921_16S_022_3	1	ENV_NO3	0.728162	0.000000	-0.728162	1.000000	3.000000	1.000000	0	0	1	1.000000	0.000000	0.000000
ASV_1491_16S_022_3	ASV_1921_16S_022_3	1	ENV_NO3	0.694808	0.000000	-0.694808	0.366633	3.000000	1.000000	0	0	1	1.000000	0.000000	0.000000
ASV_1648_16S_022_3	ASV_1921_16S_022_3	1	ENV_NO3	0.728162	0.115525	-0.612638	0.733267	3.000000	1.000000	0	0	1	1.000000	0.000000	0.000000
ASV_174_16S_022_3	ASV_1930_16S_022_3	1	ENV_NO3	0.550499	0.000000	-0.550499	1.000000	3.000000	1.000000	0	0	1	1.000000	0.000000	0.000000
ASV_987_16S_022_3	ASV_1930_16S_022_3	1	ENV_NO3	0.706360	0.038179	-0.668181	0.666334	3.000000	1.000000	0	0	1	1.000000	0.000000	0.000000
ASV_1577_16S_022_3	ASV_1930_16S_022_3	1	ENV_NO3	0.728162	0.067060	-0.661102	0.867133	3.000000	1.000000	0	0	1	1.000000	0.000000	0.000000
ASV_705_16S_022_3	ASV_1934_16S_022_3	1	ENV_NO3	0.682767	0.115525	-0.567243	0.000999	3.000000	1.000000	0	0	1	1.000000	0.000000	0.000000
ASV_1062_16S_022_3	ASV_1934_16S_022_3	1	ENV_NO3	0.603203	0.000000	-0.603203	1.000000	3.000000	1.000000	0	0	1	1.000000	0.000000	0.000000
ASV_754_16S_022_3	ASV_1971_16S_022_3	1	ENV_NO3	0.710075	0.115525	-0.594550	0.000999	3.000000	1.000000	0	0	1	1.000000	0.000000	0.000000
ASV_1498_16S_022_3	ASV_1971_16S_022_3	1	ENV_NO3	0.839972	0.057762	-0.782210	0.000999	3.000000	1.000000	0	0	1	1.000000	0.000000	0.000000
ASV_428_16S_022_3	ASV_1994_16S_022_3	1	ENV_NO3	0.530189	0.000000	-0.530189	1.000000	3.000000	1.000000	0	0	1	1.000000	0.000000	0.000000
ASV_552_16S_022_3	ASV_1994_16S_022_3	1	ENV_NO3	0.551991	0.040868	-0.511123	0.432567	3.000000	1.000000	0	0	1	1.000000	0.000000	0.000000
ASV_1366_16S_022_3	ASV_1999_16S_022_3	1	ENV_NO3	0.519532	0.000000	-0.519532	0.933067	3.000000	1.000000	0	0	1	1.000000	0.000000	0.000000
ASV_1543_16S_022_3	ASV_1999_16S_022_3	1	ENV_NO3	0.519532	0.000000	-0.519532	0.933067	3.000000	1.000000	0	0	1	1.000000	0.000000	0.000000
ASV_1632_16S_022_3	ASV_2009_16S_022_3	1	ENV_NO3	0.567243	0.000000	-0.567243	1.000000	3.000000	1.000000	0	0	1	1.000000	0.000000	0.000000
ASV_1696_16S_022_3	ASV_2014_16S_022_3	1	ENV_NO3	0.543650	0.000000	-0.543650	1.000000	3.000000	1.000000	0	0	1	1.000000	0.000000	0.000000
ASV_1551_16S_022_3	ASV_2023_16S_022_3	1	ENV_NO3	0.706360	0.000000	-0.706360	0.933067	3.000000	1.000000	0	0	1	1.000000	0.000000	0.000000
ASV_1855_16S_022_3	ASV_2023_16S_022_3	1	ENV_NO3	0.706360	0.000000	-0.706360	0.899101	3.000000	1.000000	0	0	1	1.000000	0.000000	0.000000
ASV_1107_16S_022_3	ASV_2030_16S_022_3	1	ENV_NO3	0.611976	0.000000	-0.611976	0.934066	3.000000	1.000000	0	0	1	1.000000	0.000000	0.000000
ASV_1158_16S_022_3	ASV_2030_16S_022_3	1	ENV_NO3	0.518254	0.000000	-0.518254	0.934066	3.000000	1.000000	0	0	1	1.000000	0.000000	0.000000
ASV_1986_16S_022_3	ASV_2057_16S_022_3	1	ENV_NO3	0.843687	0.000000	-0.843687	0.833167	3.000000	1.000000	0	0	1	1.000000	0.000000	0.000000
ASV_1105_16S_022_3	ASV_2068_16S_022_3	1	ENV_NO3	0.597818	0.069749	-0.528069	0.534466	3.000000	1.000000	0	0	1	1.000000	0.000000	0.000000
ASV_2030_16S_022_3	ASV_2068_16S_022_3	1	ENV_NO3	0.535679	0.000000	-0.535679	1.000000	3.000000	1.000000	0	0	1	1.000000	0.000000	0.000000
ASV_1348_16S_022_3	ASV_2083_16S_022_3	1	ENV_NO3	0.656858	0.067060	-0.589799	0.599401	3.000000	1.000000	0	0	1	1.000000	0.000000	0.000000
ASV_1516_16S_022_3	ASV_2083_16S_022_3	1	ENV_NO3	0.656858	0.182584	-0.474274	0.800200	3.000000	1.000000	0	0	1	1.000000	0.000000	0.000000
ASV_720_16S_022_3	ASV_2079_16S_022_3	1	ENV_NO3	0.487679	0.139498	-0.348180	0.366633	3.000000	1.000000	0	0	1	1.000000	0.000000	0.000000
ASV_928_16S_022_3	ASV_2079_16S_022_3	1	ENV_NO3	0.749303	0.069749	-0.679554	0.533467	3.000000	1.000000	0	0	1	1.000000	0.000000	0.000000
ASV_1146_16S_022_3	ASV_2079_16S_022_3	1	ENV_NO3	0.633778	0.139498	-0.494280	0.699301	3.000000	1.000000	0	0	1	1.000000	0.000000	0.000000
ASV_1270_16S_022_3	ASV_2093_16S_022_3	1	ENV_NO3	0.541334	0.000000	-0.541334	1.000000	3.000000	1.000000	0	0	1	1.000000	0.000000	0.000000
ASV_1307_16S_022_3	ASV_2093_16S_022_3	1	ENV_NO3	0.577294	0.000000	-0.577294	0.833167	3.000000	1.000000	0	0	1	1.000000	0.000000	0.000000
ASV_1869_16S_022_3	ASV_2093_16S_022_3	1	ENV_NO3	0.493623	0.067060	-0.426563	0.532468	3.000000	1.000000	0	0	1	1.000000	0.000000	0.000000
ASV_2057_16S_022_3	ASV_2093_16S_022_3	1	ENV_NO3	0.519532	0.000000	-0.519532	1.000000	3.000000	1.000000	0	0	1	1.000000	0.000000	0.000000
ASV_1394_16S_022_3	ASV_2085_16S_022_3	1	ENV_NO3	0.461770	0.000000	-0.461770	1.000000	3.000000	1.000000	0	0	1	1.000000	0.000000	0.000000
ASV_1593_16S_022_3	ASV_2085_16S_022_3	1	ENV_NO3	0.378099	0.000000	-0.378099	1.000000	3.000000	1.000000	0	0	1	1.000000	0.000000	0.000000
ASV_1644_16S_022_3	ASV_2085_16S_022_3	1	ENV_NO3	0.599096	0.076358	-0.522739	0.467532	3.000000	1.000000	0	0	1	1.000000	0.000000	0.000000
ASV_926_16S_022_3	ASV_2102_16S_022_3	1	ENV_NO3	0.623912	0.000000	-0.623912	0.833167	3.000000	1.000000	0	0	1	1.000000	0.000000	0.000000
ASV_1062_16S_022_3	ASV_2102_16S_022_3	1	ENV_NO3	0.484794	0.000000	-0.484794	1.000000	3.000000	1.000000	0	0	1	1.000000	0.000000	0.000000
ASV_1561_16S_022_3	ASV_2102_16S_022_3	1	ENV_NO3	0.371722	0.000000	-0.371722	0.833167	3.000000	1.000000	0	0	1	1.000000	0.000000	0.000000
ASV_1633_16S_022_3	ASV_2102_16S_022_3	1	ENV_NO3	0.542557	0.000000	-0.542557	0.900100	3.000000	1.000000	0	0	1	1.000000	0.000000	0.000000
ASV_339_16S_022_3	ASV_2127_16S_022_3	1	ENV_NO3	0.473520	0.040868	-0.432652	0.698302	3.000000	1.000000	0	0	1	1.000000	0.000000	0.000000
ASV_988_16S_022_3	ASV_2127_16S_022_3	1	ENV_NO3	0.406323	0.000000	-0.406323	1.000000	3.000000	1.000000	0	0	1	1.000000	0.000000	0.000000
ASV_1631_16S_022_3	ASV_2155_16S_022_3	1	ENV_NO3	0.435861	0.067060	-0.368801	0.834166	3.000000	1.000000	0	0	1	1.000000	0.000000	0.000000
ASV_2127_16S_022_3	ASV_2170_16S_022_3	1	ENV_NO3	0.404007	0.000000	-0.404007	1.000000	3.000000	1.000000	0	0	1	1.000000	0.000000	0.000000
ASV_1657_16S_022_3	ASV_2185_16S_022_3	1	ENV_NO3	0.348561	0.000000	-0.348561	1.000000	3.000000	1.000000	0	0	1	1.000000	0.000000	0.000000
ASV_2186_16S_022_3	ASV_2226_16S_022_3	1	ENV_NO3	0.356297	-0.028881	-0.385178	0.033966	3.000000	1.000000	0	0	1	1.000000	0.000000	0.000000
ASV_2181_16S_022_3	ASV_2243_16S_022_3	1	ENV_NO3	0.384521	0.000000	-0.384521	1.000000	3.000000	1.000000	0	0	1	1.000000	0.000000	0.000000
ASV_823_16S_022_3	ASV_2304_16S_022_3	1	ENV_NO3	0.740530	0.220763	-0.519766	0.833167	3.000000	1.000000	0	0	1	1.000000	0.000000	0.000000
ASV_1136_16S_022_3	ASV_2304_16S_022_3	1	ENV_NO3	0.646807	0.063853	-0.582954	0.400599	3.000000	1.000000	0	0	1	1.000000	0.000000	0.000000
ASV_1394_16S_022_3	ASV_2304_16S_022_3	1	ENV_NO3	0.603203	0.000000	-0.603203	0.933067	3.000000	1.000000	0	0	1	1.000000	0.000000	0.000000
ASV_1561_16S_022_3	ASV_2304_16S_022_3	1	ENV_NO3	0.567243	0.270929	-0.296314	0.867133	3.000000	1.000000	0	0	1	1.000000	0.000000	0.000000
ASV_1697_16S_022_3	ASV_2371_16S_022_3	1	ENV_NO3	0.553085	0.000000	-0.553085	1.000000	3.000000	1.000000	0	0	1	1.000000	0.000000	0.000000
ASV_1055_16S_022_3	ASV_2653_16S_022_3	1	ENV_NO3	0.519532	0.000000	-0.519532	0.666334	3.000000	1.000000	0	0	1	1.000000	0.000000	0.000000
ASV_1589_16S_022_3	ASV_2653_16S_022_3	1	ENV_NO3	0.519532	0.000000	-0.519532	0.666334	3.000000	1.000000	0	0	1	1.000000	0.000000	0.000000
ASV_1697_16S_022_3	ASV_2653_16S_022_3	1	ENV_NO3	0.483572	0.000000	-0.483572	1.000000	3.000000	1.000000	0	0	1	1.000000	0.000000	0.000000
ASV_137_16S_022_3	OTU_4_18S_022_3	1	ENV_NO3	0.419925	0.047947	-0.371978	0.066933	3.000000	1.000000	0	0	1	1.000000	0.000000	0.000000
ASV_574_16S_022_3	OTU_4_18S_022_3	1	ENV_NO3	0.782035	0.106422	-0.675613	0.066933	3.000000	1.000000	0	0	1	1.000000	0.000000	0.000000
ASV_30_16S_022_3	OTU_6_18S_022_3	1	ENV_NO3	0.358693	0.385419	0.026725	nan	3.000000	1.000000	0	0	1	1.000000	0.000000	0.000000
ASV_95_16S_022_3	OTU_18_18S_022_3	1	ENV_NO3	0.342833	0.616844	0.274010	nan	3.000000	1.000000	0	0	1	1.000000	0.000000	0.000000
OTU_15_18S_022_3	OTU_28_18S_022_3	1	ENV_NO3	0.331171	0.528008	0.196837	nan	3.000000	1.000000	0	0	1	1.000000	0.000000	0.000000
OTU_24_18S_022_3	OTU_46_18S_022_3	1	ENV_NO3	0.342829	0.146107	-0.196722	0.467532	2.000000	1.000000	0	1	0	1.000000	0.000000	0.000000
OTU_39_18S_022_3	OTU_61_18S_022_3	1	ENV_NO3	0.753600	0.223923	-0.529677	0.300699	3.000000	1.000000	0	0	1	1.000000	0.000000	0.000000
OTU_29_18S_022_3	OTU_60_18S_022_3	1	ENV_NO3	0.788008	0.201650	-0.586357	0.232767	3.000000	1.000000	0	0	1	1.000000	0.000000	0.000000
ASV_7_16S_022_3	OTU_67_18S_022_3	1	ENV_NO3	0.264596	0.415780	0.151184	nan	3.000000	1.000000	0	0	1	1.000000	0.000000	0.000000
ASV_2079_16S_022_3	OTU_67_18S_022_3	1	ENV_NO3	0.313766	-0.028881	-0.342647	0.399600	3.000000	1.000000	0	0	1	1.000000	0.000000	0.000000
OTU_60_18S_022_3	OTU_77_18S_022_3	1	ENV_NO3	0.650177	0.144406	-0.505771	0.000999	3.000000	1.000000	0	0	1	1.000000	0.000000	0.000000
ASV_25_16S_022_3	OTU_87_18S_022_3	1	ENV_NO3	0.283610	0.044646	-0.238963	0.402597	3.000000	1.000000	0	0	1	1.000000	0.000000	0.000000
ASV_1092_16S_022_3	OTU_92_18S_022_3	1	ENV_NO3	0.434209	0.010286	-0.423923	0.332667	3.000000	1.000000	0	0	1	1.000000	0.000000	0.000000
ASV_132_16S_022_3	OTU_95_18S_022_3	1	ENV_NO3	0.427992	0.099220	-0.328772	0.400599	3.000000	1.000000	0	0	1	1.000000	0.000000	0.000000
ASV_1894_16S_022_3	OTU_95_18S_022_3	1	ENV_NO3	0.379426	0.169316	-0.210111	0.900100	3.000000	1.000000	0	0	1	1.000000	0.000000	0.000000
ASV_1397_16S_022_3	OTU_107_18S_022_3	1	ENV_NO3	0.298548	0.028881	-0.269667	0.367632	3.000000	1.000000	0	0	1	1.000000	0.000000	0.000000
ASV_730_16S_022_3	OTU_101_18S_022_3	1	ENV_NO3	0.717719	0.110617	-0.607102	0.434565	3.000000	1.000000	0	0	1	1.000000	0.000000	0.000000
ASV_363_16S_022_3	OTU_110_18S_022_3	1	ENV_NO3	0.424213	0.000000	-0.424213	1.000000	3.000000	1.000000	0	0	1	1.000000	0.000000	0.000000
ASV_15_16S_022_3	OTU_130_18S_022_3	1	ENV_NO3	0.327541	0.971027	0.643486	nan	3.000000	1.000000	0	0	1	1.000000	0.000000	0.000000
ASV_1753_16S_022_3	OTU_133_18S_022_3	1	ENV_NO3	0.453176	0.108752	-0.344424	0.100899	3.000000	1.000000	0	0	1	1.000000	0.000000	0.000000
ASV_98_16S_022_3	OTU_129_18S_022_3	1	ENV_NO3	0.695171	0.126994	-0.568177	0.466533	3.000000	1.000000	0	0	1	1.000000	0.000000	0.000000
ASV_51_16S_022_3	OTU_148_18S_022_3	1	ENV_NO3	0.357996	0.138510	-0.219486	0.734266	3.000000	1.000000	0	0	1	1.000000	0.000000	0.000000
ASV_431_16S_022_3	OTU_168_18S_022_3	1	ENV_NO3	0.483039	-0.041385	-0.524425	0.233766	3.000000	1.000000	0	0	1	1.000000	0.000000	0.000000
ASV_1374_16S_022_3	OTU_168_18S_022_3	1	ENV_NO3	0.523590	0.009298	-0.514292	0.400599	3.000000	1.000000	0	0	1	1.000000	0.000000	0.000000
ASV_525_16S_022_3	OTU_182_18S_022_3	1	ENV_NO3	0.580978	0.304200	-0.276778	0.700300	3.000000	1.000000	0	0	1	1.000000	0.000000	0.000000
OTU_115_18S_022_3	OTU_186_18S_022_3	1	ENV_NO3	0.468135	1.073453	0.605318	nan	3.000000	1.000000	0	0	1	1.000000	0.000000	0.000000
ASV_1205_16S_022_3	OTU_188_18S_022_3	1	ENV_NO3	0.401058	0.028881	-0.372177	0.666334	3.000000	1.000000	0	0	1	1.000000	0.000000	0.000000
ASV_290_16S_022_3	OTU_195_18S_022_3	1	ENV_NO3	0.715297	0.164977	-0.550320	0.233766	3.000000	1.000000	0	0	1	1.000000	0.000000	0.000000
OTU_28_18S_022_3	OTU_201_18S_022_3	1	ENV_NO3	0.415495	1.154486	0.738990	nan	3.000000	1.000000	0	0	1	1.000000	0.000000	0.000000
ASV_350_16S_022_3	OTU_207_18S_022_3	1	ENV_NO3	0.519532	0.000000	-0.519532	0.700300	3.000000	1.000000	0	0	1	1.000000	0.000000	0.000000
ASV_632_16S_022_3	OTU_207_18S_022_3	1	ENV_NO3	0.692202	0.115525	-0.576677	0.000999	3.000000	1.000000	0	0	1	1.000000	0.000000	0.000000
ASV_1147_16S_022_3	OTU_207_18S_022_3	1	ENV_NO3	0.646807	0.000000	-0.646807	0.934066	3.000000	1.000000	0	0	1	1.000000	0.000000	0.000000
OTU_133_18S_022_3	OTU_215_18S_022_3	1	ENV_NO3	0.388103	1.570692	1.182589	nan	3.000000	1.000000	0	0	1	1.000000	0.000000	0.000000
OTU_177_18S_022_3	OTU_215_18S_022_3	1	ENV_NO3	0.425193	0.061185	-0.364008	0.602398	3.000000	1.000000	0	0	1	1.000000	0.000000	0.000000
ASV_23_16S_022_3	OTU_217_18S_022_3	1	ENV_NO3	0.428628	0.004390	-0.424238	0.100899	3.000000	1.000000	0	0	1	1.000000	0.000000	0.000000
ASV_651_16S_022_3	OTU_227_18S_022_3	1	ENV_NO3	0.439968	2.365188	1.925220	nan	3.000000	1.000000	0	0	1	1.000000	0.000000	0.000000
ASV_473_16S_022_3	OTU_233_18S_022_3	1	ENV_NO3	0.440475	0.549187	0.108712	nan	3.000000	1.000000	0	0	1	1.000000	0.000000	0.000000
ASV_1481_16S_022_3	OTU_233_18S_022_3	1	ENV_NO3	0.386179	0.014676	-0.371503	0.332667	3.000000	1.000000	0	0	1	1.000000	0.000000	0.000000
ASV_185_16S_022_3	OTU_234_18S_022_3	1	ENV_NO3	0.451962	0.128499	-0.323463	0.266733	3.000000	1.000000	0	0	1	1.000000	0.000000	0.000000
OTU_24_18S_022_3	OTU_234_18S_022_3	1	ENV_NO3	0.495645	0.290317	-0.205328	0.468531	3.000000	1.000000	0	0	1	1.000000	0.000000	0.000000
OTU_200_18S_022_3	OTU_241_18S_022_3	1	ENV_NO3	0.583869	0.187963	-0.395906	0.666334	3.000000	1.000000	0	0	1	1.000000	0.000000	0.000000
OTU_183_18S_022_3	OTU_242_18S_022_3	1	ENV_NO3	0.533037	0.294190	-0.238848	0.601399	3.000000	1.000000	0	0	1	1.000000	0.000000	0.000000
ASV_547_16S_022_3	OTU_266_18S_022_3	1	ENV_NO3	0.652527	-0.090377	-0.742904	0.033966	3.000000	1.000000	0	0	1	1.000000	0.000000	0.000000
ASV_1106_16S_022_3	OTU_287_18S_022_3	1	ENV_NO3	0.435861	0.086643	-0.349217	0.533467	3.000000	1.000000	0	0	1	1.000000	0.000000	0.000000
OTU_182_18S_022_3	OTU_310_18S_022_3	1	ENV_NO3	0.501165	0.832866	0.331700	nan	3.000000	1.000000	0	0	1	1.000000	0.000000	0.000000
ASV_400_16S_022_3	OTU_320_18S_022_3	1	ENV_NO3	0.731131	0.339494	-0.391636	0.498501	3.000000	1.000000	0	0	1	1.000000	0.000000	0.000000
ASV_411_16S_022_3	OTU_320_18S_022_3	1	ENV_NO3	0.620366	0.220763	-0.399603	0.632368	3.000000	1.000000	0	0	1	1.000000	0.000000	0.000000
ASV_72_16S_022_3	OTU_318_18S_022_3	1	ENV_NO3	0.363341	-0.007468	-0.370809	0.299700	3.000000	1.000000	0	0	1	1.000000	0.000000	0.000000
ASV_743_16S_022_3	OTU_327_18S_022_3	1	ENV_NO3	0.322652	0.057762	-0.264890	0.468531	3.000000	1.000000	0	0	1	1.000000	0.000000	0.000000
ASV_1059_16S_022_3	OTU_338_18S_022_3	1	ENV_NO3	0.404007	-0.067060	-0.471067	0.234765	3.000000	1.000000	0	0	1	1.000000	0.000000	0.000000
OTU_24_18S_022_3	OTU_345_18S_022_3	1	ENV_NO3	0.404515	0.057762	-0.346752	0.333666	3.000000	1.000000	0	0	1	1.000000	0.000000	0.000000
ASV_149_16S_022_3	OTU_350_18S_022_3	1	ENV_NO3	0.465051	1.050995	0.585944	nan	3.000000	1.000000	0	0	1	1.000000	0.000000	0.000000
ASV_992_16S_022_3	OTU_350_18S_022_3	1	ENV_NO3	0.367310	0.505850	0.138540	nan	3.000000	1.000000	0	0	1	1.000000	0.000000	0.000000
ASV_111_16S_022_3	OTU_347_18S_022_3	1	ENV_NO3	0.281302	0.092207	-0.189094	0.701299	2.000000	1.000000	0	1	0	1.000000	0.000000	0.000000
ASV_814_16S_022_3	OTU_365_18S_022_3	1	ENV_NO3	0.538170	0.033271	-0.504899	0.400599	3.000000	1.000000	0	0	1	1.000000	0.000000	0.000000
ASV_1380_16S_022_3	OTU_351_18S_022_3	1	ENV_NO3	0.435094	0.109434	-0.325661	0.133866	3.000000	1.000000	0	0	1	1.000000	0.000000	0.000000
OTU_144_18S_022_3	OTU_388_18S_022_3	1	ENV_NO3	0.612518	0.671791	0.059273	nan	3.000000	1.000000	0	0	1	1.000000	0.000000	0.000000
OTU_222_18S_022_3	OTU_388_18S_022_3	1	ENV_NO3	0.416504	0.241520	-0.174984	0.601399	3.000000	1.000000	0	0	1	1.000000	0.000000	0.000000
OTU_121_18S_022_3	OTU_384_18S_022_3	1	ENV_NO3	0.484794	0.145394	-0.339400	0.000999	3.000000	1.000000	0	0	1	1.000000	0.000000	0.000000
ASV_600_16S_022_3	OTU_413_18S_022_3	1	ENV_NO3	0.531283	0.124822	-0.406460	0.667333	3.000000	1.000000	0	0	1	1.000000	0.000000	0.000000
ASV_30_16S_022_3	OTU_423_18S_022_3	1	ENV_NO3	0.355987	0.127511	-0.228476	0.368631	3.000000	1.000000	0	0	1	1.000000	0.000000	0.000000
ASV_585_16S_022_3	OTU_423_18S_022_3	1	ENV_NO3	0.609753	0.109434	-0.500320	0.000999	3.000000	1.000000	0	0	1	1.000000	0.000000	0.000000
ASV_1632_16S_022_3	OTU_419_18S_022_3	1	ENV_NO3	0.634440	0.000000	-0.634440	0.933067	3.000000	1.000000	0	0	1	1.000000	0.000000	0.000000
ASV_34_16S_022_3	OTU_393_18S_022_3	1	ENV_NO3	0.407691	0.114019	-0.293672	0.467532	3.000000	1.000000	0	0	1	1.000000	0.000000	0.000000
ASV_475_16S_022_3	OTU_393_18S_022_3	1	ENV_NO3	0.395164	0.337932	-0.057232	0.666334	3.000000	1.000000	0	0	1	1.000000	0.000000	0.000000
ASV_588_16S_022_3	OTU_434_18S_022_3	1	ENV_NO3	0.576016	0.091033	-0.484982	0.600400	3.000000	1.000000	0	0	1	1.000000	0.000000	0.000000
OTU_267_18S_022_3	OTU_373_18S_022_3	1	ENV_NO3	0.565369	0.086643	-0.478726	0.333666	3.000000	1.000000	0	0	1	1.000000	0.000000	0.000000
OTU_100_18S_022_3	OTU_445_18S_022_3	1	ENV_NO3	0.618023	0.000000	-0.618023	0.367632	3.000000	1.000000	0	0	1	1.000000	0.000000	0.000000
OTU_350_18S_022_3	OTU_436_18S_022_3	1	ENV_NO3	0.507263	1.711019	1.203756	nan	3.000000	1.000000	0	0	1	1.000000	0.000000	0.000000
ASV_101_16S_022_3	OTU_455_18S_022_3	1	ENV_NO3	0.519532	0.040868	-0.478664	0.000999	3.000000	1.000000	0	0	1	1.000000	0.000000	0.000000
OTU_384_18S_022_3	OTU_455_18S_022_3	1	ENV_NO3	0.519532	0.040868	-0.478664	0.000999	3.000000	1.000000	0	0	1	1.000000	0.000000	0.000000
ASV_1076_16S_022_3	OTU_430_18S_022_3	1	ENV_NO3	0.682504	0.081736	-0.600769	0.132867	3.000000	1.000000	0	0	1	1.000000	0.000000	0.000000
OTU_87_18S_022_3	OTU_463_18S_022_3	1	ENV_NO3	0.482870	-0.026710	-0.509580	0.400599	3.000000	1.000000	0	0	1	1.000000	0.000000	0.000000
OTU_105_18S_022_3	OTU_463_18S_022_3	1	ENV_NO3	0.596689	0.225153	-0.371535	0.667333	3.000000	1.000000	0	0	1	1.000000	0.000000	0.000000
OTU_342_18S_022_3	OTU_463_18S_022_3	1	ENV_NO3	0.647181	0.107928	-0.539254	0.302697	3.000000	1.000000	0	0	1	1.000000	0.000000	0.000000
OTU_329_18S_022_3	OTU_458_18S_022_3	1	ENV_NO3	0.452041	-0.033789	-0.485830	0.033966	3.000000	1.000000	0	0	1	1.000000	0.000000	0.000000
OTU_9_18S_022_3	OTU_466_18S_022_3	1	ENV_NO3	0.418717	-0.029926	-0.448643	0.066933	3.000000	1.000000	0	0	1	1.000000	0.000000	0.000000
ASV_149_16S_022_3	OTU_485_18S_022_3	1	ENV_NO3	0.420722	1.344144	0.923422	nan	3.000000	1.000000	0	0	1	1.000000	0.000000	0.000000
ASV_754_16S_022_3	OTU_489_18S_022_3	1	ENV_NO3	0.727784	0.048465	-0.679320	0.265734	3.000000	1.000000	0	0	1	1.000000	0.000000	0.000000
OTU_128_18S_022_3	OTU_496_18S_022_3	1	ENV_NO3	0.503289	0.226612	-0.276677	0.200799	3.000000	1.000000	0	0	1	1.000000	0.000000	0.000000
ASV_36_16S_022_3	OTU_509_18S_022_3	1	ENV_NO3	0.363954	-0.045776	-0.409730	0.636364	3.000000	1.000000	0	0	1	1.000000	0.000000	0.000000
ASV_364_16S_022_3	OTU_509_18S_022_3	1	ENV_NO3	0.379321	-0.057762	-0.437083	0.635365	3.000000	1.000000	0	0	1	1.000000	0.000000	0.000000
ASV_294_16S_022_3	OTU_516_18S_022_3	1	ENV_NO3	0.524973	0.186974	-0.337999	0.333666	3.000000	1.000000	0	0	1	1.000000	0.000000	0.000000
OTU_436_18S_022_3	OTU_495_18S_022_3	1	ENV_NO3	0.423685	0.181134	-0.242552	0.635365	3.000000	1.000000	0	0	1	1.000000	0.000000	0.000000
OTU_507_18S_022_3	OTU_495_18S_022_3	1	ENV_NO3	0.544899	0.384217	-0.160682	0.934066	3.000000	1.000000	0	0	1	1.000000	0.000000	0.000000
ASV_512_16S_022_3	OTU_535_18S_022_3	1	ENV_NO3	0.383553	0.002172	-0.381382	0.467532	3.000000	1.000000	0	0	1	1.000000	0.000000	0.000000
ASV_1851_16S_022_3	OTU_519_18S_022_3	1	ENV_NO3	0.519532	0.115525	-0.404007	0.768232	3.000000	1.000000	0	0	1	1.000000	0.000000	0.000000
ASV_289_16S_022_3	OTU_543_18S_022_3	1	ENV_NO3	0.489768	1.059822	0.570054	nan	3.000000	1.000000	0	0	1	1.000000	0.000000	0.000000
OTU_167_18S_022_3	OTU_544_18S_022_3	1	ENV_NO3	0.439968	0.000000	-0.439968	1.000000	3.000000	1.000000	0	0	1	1.000000	0.000000	0.000000
ASV_1380_16S_022_3	OTU_537_18S_022_3	1	ENV_NO3	0.597818	0.079047	-0.518771	0.165834	3.000000	1.000000	0	0	1	1.000000	0.000000	0.000000
OTU_267_18S_022_3	OTU_534_18S_022_3	1	ENV_NO3	0.507607	0.397257	-0.110350	0.834166	3.000000	1.000000	0	0	1	1.000000	0.000000	0.000000
OTU_121_18S_022_3	OTU_550_18S_022_3	1	ENV_NO3	0.699930	0.156668	-0.543262	0.000999	3.000000	1.000000	0	0	1	1.000000	0.000000	0.000000
OTU_207_18S_022_3	OTU_550_18S_022_3	1	ENV_NO3	0.645714	0.096929	-0.548784	0.000999	3.000000	1.000000	0	0	1	1.000000	0.000000	0.000000
ASV_33_16S_022_3	OTU_551_18S_022_3	1	ENV_NO3	0.366451	0.027599	-0.338852	0.201798	3.000000	1.000000	0	0	1	1.000000	0.000000	0.000000
OTU_327_18S_022_3	OTU_491_18S_022_3	1	ENV_NO3	0.461770	0.095941	-0.365829	0.500500	3.000000	1.000000	0	0	1	1.000000	0.000000	0.000000
OTU_489_18S_022_3	OTU_491_18S_022_3	1	ENV_NO3	0.492359	0.192870	-0.299488	0.033966	3.000000	1.000000	0	0	1	1.000000	0.000000	0.000000
ASV_1043_16S_022_3	OTU_493_18S_022_3	1	ENV_NO3	0.407682	0.000000	-0.407682	1.000000	3.000000	1.000000	0	0	1	1.000000	0.000000	0.000000
OTU_146_18S_022_3	OTU_558_18S_022_3	1	ENV_NO3	0.480408	0.052855	-0.427553	0.067932	3.000000	1.000000	0	0	1	1.000000	0.000000	0.000000
OTU_385_18S_022_3	OTU_574_18S_022_3	1	ENV_NO3	0.528981	0.097917	-0.431063	0.299700	3.000000	1.000000	0	0	1	1.000000	0.000000	0.000000
ASV_1801_16S_022_3	OTU_568_18S_022_3	1	ENV_NO3	0.899116	0.000000	-0.899116	0.534466	3.000000	1.000000	0	0	1	1.000000	0.000000	0.000000
ASV_560_16S_022_3	OTU_556_18S_022_3	1	ENV_NO3	0.607048	0.088344	-0.518703	0.333666	3.000000	1.000000	0	0	1	1.000000	0.000000	0.000000
ASV_9_16S_022_3	OTU_585_18S_022_3	1	ENV_NO3	0.384081	-0.033789	-0.417869	0.033966	3.000000	1.000000	0	0	1	1.000000	0.000000	0.000000
OTU_200_18S_022_3	OTU_582_18S_022_3	1	ENV_NO3	0.557088	0.153703	-0.403385	0.367632	3.000000	1.000000	0	0	1	1.000000	0.000000	0.000000
OTU_605_18S_022_3	OTU_577_18S_022_3	1	ENV_NO3	0.645052	0.000000	-0.645052	0.634366	3.000000	1.000000	0	0	1	1.000000	0.000000	0.000000
ASV_33_16S_022_3	OTU_624_18S_022_3	1	ENV_NO3	0.357648	0.203994	-0.153655	0.466533	3.000000	1.000000	0	0	1	1.000000	0.000000	0.000000
ASV_1382_16S_022_3	OTU_624_18S_022_3	1	ENV_NO3	0.372816	0.000000	-0.372816	0.934066	3.000000	1.000000	0	0	1	1.000000	0.000000	0.000000
OTU_158_18S_022_3	OTU_660_18S_022_3	1	ENV_NO3	0.653025	1.738246	1.085222	nan	3.000000	1.000000	0	0	1	1.000000	0.000000	0.000000
OTU_243_18S_022_3	OTU_660_18S_022_3	1	ENV_NO3	0.597818	0.028881	-0.568937	0.465534	3.000000	1.000000	0	0	1	1.000000	0.000000	0.000000
OTU_270_18S_022_3	OTU_655_18S_022_3	1	ENV_NO3	0.682767	0.000000	-0.682767	0.933067	3.000000	1.000000	0	0	1	1.000000	0.000000	0.000000
ASV_1446_16S_022_3	OTU_652_18S_022_3	1	ENV_NO3	0.378589	0.380833	0.002244	nan	3.000000	1.000000	0	0	1	1.000000	0.000000	0.000000
OTU_200_18S_022_3	OTU_675_18S_022_3	1	ENV_NO3	0.691824	0.086643	-0.605180	0.100899	3.000000	1.000000	0	0	1	1.000000	0.000000	0.000000
OTU_574_18S_022_3	OTU_675_18S_022_3	1	ENV_NO3	0.528981	0.163472	-0.365509	0.199800	3.000000	1.000000	0	0	1	1.000000	0.000000	0.000000
ASV_1825_16S_022_3	OTU_689_18S_022_3	1	ENV_NO3	0.707022	0.000000	-0.707022	0.334665	3.000000	1.000000	0	0	1	1.000000	0.000000	0.000000
ASV_2181_16S_022_3	OTU_689_18S_022_3	1	ENV_NO3	0.625005	0.000000	-0.625005	1.000000	3.000000	1.000000	0	0	1	1.000000	0.000000	0.000000
OTU_60_18S_022_3	OTU_707_18S_022_3	1	ENV_NO3	0.722945	0.141199	-0.581746	0.634366	3.000000	1.000000	0	0	1	1.000000	0.000000	0.000000
ASV_2085_16S_022_3	OTU_716_18S_022_3	1	ENV_NO3	0.404007	0.000000	-0.404007	0.901099	3.000000	1.000000	0	0	1	1.000000	0.000000	0.000000
OTU_268_18S_022_3	OTU_716_18S_022_3	1	ENV_NO3	0.566149	0.000000	-0.566149	1.000000	3.000000	1.000000	0	0	1	1.000000	0.000000	0.000000
ASV_874_16S_022_3	OTU_733_18S_022_3	1	ENV_NO3	0.416375	0.000000	-0.416375	0.332667	3.000000	1.000000	0	0	1	1.000000	0.000000	0.000000
OTU_320_18S_022_3	OTU_729_18S_022_3	1	ENV_NO3	0.711204	0.244737	-0.466467	0.598402	3.000000	1.000000	0	0	1	1.000000	0.000000	0.000000
ASV_301_16S_022_3	OTU_751_18S_022_3	1	ENV_NO3	0.394702	-0.007597	-0.402299	0.199800	3.000000	1.000000	0	0	1	1.000000	0.000000	0.000000
ASV_505_16S_022_3	OTU_747_18S_022_3	1	ENV_NO3	0.385681	0.849072	0.463391	nan	3.000000	1.000000	0	0	1	1.000000	0.000000	0.000000
OTU_345_18S_022_3	OTU_766_18S_022_3	1	ENV_NO3	0.838470	0.115525	-0.722945	0.199800	3.000000	1.000000	0	0	1	1.000000	0.000000	0.000000
OTU_413_18S_022_3	OTU_771_18S_022_3	1	ENV_NO3	0.717719	0.165690	-0.552029	0.633367	3.000000	1.000000	0	0	1	1.000000	0.000000	0.000000
OTU_516_18S_022_3	OTU_771_18S_022_3	1	ENV_NO3	0.614105	0.244737	-0.369369	0.601399	3.000000	1.000000	0	0	1	1.000000	0.000000	0.000000
ASV_300_16S_022_3	OTU_763_18S_022_3	1	ENV_NO3	0.768220	0.109434	-0.658787	0.000999	3.000000	1.000000	0	0	1	1.000000	0.000000	0.000000
ASV_759_16S_022_3	OTU_763_18S_022_3	1	ENV_NO3	0.673006	0.000000	-0.673006	0.665335	3.000000	1.000000	0	0	1	1.000000	0.000000	0.000000
OTU_22_18S_022_3	OTU_754_18S_022_3	1	ENV_NO3	0.571923	0.139498	-0.432425	0.000999	3.000000	1.000000	0	0	1	1.000000	0.000000	0.000000
OTU_707_18S_022_3	OTU_754_18S_022_3	1	ENV_NO3	0.655580	0.215856	-0.439724	0.568432	3.000000	1.000000	0	0	1	1.000000	0.000000	0.000000
ASV_192_16S_022_3	OTU_798_18S_022_3	1	ENV_NO3	0.378789	0.315698	-0.063091	0.535465	3.000000	1.000000	0	0	1	1.000000	0.000000	0.000000
ASV_2084_16S_022_3	OTU_817_18S_022_3	1	ENV_NO3	0.408776	0.000000	-0.408776	1.000000	3.000000	1.000000	0	0	1	1.000000	0.000000	0.000000
OTU_320_18S_022_3	OTU_811_18S_022_3	1	ENV_NO3	0.375159	0.597206	0.222048	nan	3.000000	1.000000	0	0	1	1.000000	0.000000	0.000000
OTU_335_18S_022_3	OTU_825_18S_022_3	1	ENV_NO3	0.670022	1.918511	1.248489	nan	3.000000	1.000000	0	0	1	1.000000	0.000000	0.000000
ASV_782_16S_022_3	OTU_826_18S_022_3	1	ENV_NO3	0.545441	-0.100849	-0.646289	0.333666	3.000000	1.000000	0	0	1	1.000000	0.000000	0.000000
OTU_754_18S_022_3	OTU_518_18S_022_3	1	ENV_NO3	0.531283	0.203869	-0.327414	0.367632	3.000000	1.000000	0	0	1	1.000000	0.000000	0.000000
OTU_393_18S_022_3	OTU_797_18S_022_3	1	ENV_NO3	0.538808	0.143888	-0.394920	0.134865	3.000000	1.000000	0	0	1	1.000000	0.000000	0.000000
OTU_698_18S_022_3	OTU_797_18S_022_3	1	ENV_NO3	0.479070	0.086126	-0.392944	0.234765	3.000000	1.000000	0	0	1	1.000000	0.000000	0.000000
OTU_798_18S_022_3	OTU_797_18S_022_3	1	ENV_NO3	0.381554	0.051572	-0.329982	0.467532	3.000000	1.000000	0	0	1	1.000000	0.000000	0.000000
OTU_766_18S_022_3	OTU_846_18S_022_3	1	ENV_NO3	0.681684	0.342896	-0.338788	0.867133	3.000000	1.000000	0	0	1	1.000000	0.000000	0.000000
OTU_662_18S_022_3	OTU_847_18S_022_3	1	ENV_NO3	0.404007	0.086643	-0.317364	0.733267	3.000000	1.000000	0	0	1	1.000000	0.000000	0.000000
ASV_1732_16S_022_3	OTU_851_18S_022_3	1	ENV_NO3	0.472427	0.069749	-0.402678	0.000999	3.000000	1.000000	0	0	1	1.000000	0.000000	0.000000
ASV_824_16S_022_3	OTU_850_18S_022_3	1	ENV_NO3	0.589045	0.252333	-0.336711	0.701299	3.000000	1.000000	0	0	1	1.000000	0.000000	0.000000
ASV_500_16S_022_3	OTU_868_18S_022_3	1	ENV_NO3	0.566149	0.231049	-0.335100	0.666334	3.000000	1.000000	0	0	1	1.000000	0.000000	0.000000
OTU_644_18S_022_3	OTU_872_18S_022_3	1	ENV_NO3	0.322652	2.758488	2.435835	nan	3.000000	1.000000	0	0	1	1.000000	0.000000	0.000000
ASV_1139_16S_022_3	OTU_873_18S_022_3	1	ENV_NO3	0.519532	0.000000	-0.519532	1.000000	3.000000	1.000000	0	0	1	1.000000	0.000000	0.000000
ASV_1201_16S_022_3	OTU_873_18S_022_3	1	ENV_NO3	0.577294	0.000000	-0.577294	1.000000	3.000000	1.000000	0	0	1	1.000000	0.000000	0.000000
ASV_1382_16S_022_3	OTU_873_18S_022_3	1	ENV_NO3	0.461770	0.000000	-0.461770	1.000000	3.000000	1.000000	0	0	1	1.000000	0.000000	0.000000
OTU_342_18S_022_3	OTU_787_18S_022_3	1	ENV_NO3	0.591666	0.148796	-0.442870	0.601399	3.000000	1.000000	0	0	1	1.000000	0.000000	0.000000
OTU_419_18S_022_3	OTU_787_18S_022_3	1	ENV_NO3	0.680162	0.273618	-0.406544	0.436563	3.000000	1.000000	0	0	1	1.000000	0.000000	0.000000
OTU_716_18S_022_3	OTU_787_18S_022_3	1	ENV_NO3	0.475311	0.000000	-0.475311	0.868132	3.000000	1.000000	0	0	1	1.000000	0.000000	0.000000
OTU_98_18S_022_3	OTU_866_18S_022_3	1	ENV_NO3	0.577294	0.000000	-0.577294	0.801199	3.000000	1.000000	0	0	1	1.000000	0.000000	0.000000
OTU_519_18S_022_3	OTU_866_18S_022_3	1	ENV_NO3	0.435861	0.000000	-0.435861	1.000000	3.000000	1.000000	0	0	1	1.000000	0.000000	0.000000
ASV_958_16S_022_3	OTU_887_18S_022_3	1	ENV_NO3	0.466538	0.000000	-0.466538	1.000000	3.000000	1.000000	0	0	1	1.000000	0.000000	0.000000
ASV_1190_16S_022_3	OTU_887_18S_022_3	1	ENV_NO3	0.612638	0.153703	-0.458934	0.400599	3.000000	1.000000	0	0	1	1.000000	0.000000	0.000000
OTU_870_18S_022_3	OTU_894_18S_022_3	1	ENV_NO3	0.406323	0.000000	-0.406323	0.934066	3.000000	1.000000	0	0	1	1.000000	0.000000	0.000000
ASV_1335_16S_022_3	OTU_910_18S_022_3	1	ENV_NO3	0.276732	0.069749	-0.206983	0.567433	3.000000	1.000000	0	0	1	1.000000	0.000000	0.000000
OTU_148_18S_022_3	OTU_917_18S_022_3	1	ENV_NO3	0.351014	-0.057762	-0.408776	0.667333	3.000000	1.000000	0	0	1	1.000000	0.000000	0.000000
OTU_644_18S_022_3	OTU_917_18S_022_3	1	ENV_NO3	0.368047	-0.109961	-0.478008	0.799201	3.000000	1.000000	0	0	1	1.000000	0.000000	0.000000
OTU_724_18S_022_3	OTU_917_18S_022_3	1	ENV_NO3	0.351014	-0.106873	-0.457886	1.000000	3.000000	1.000000	0	0	1	1.000000	0.000000	0.000000
OTU_807_18S_022_3	OTU_920_18S_022_3	1	ENV_NO3	0.334495	0.057762	-0.276732	0.366633	3.000000	1.000000	0	0	1	1.000000	0.000000	0.000000
ASV_760_16S_022_3	OTU_931_18S_022_3	1	ENV_NO3	0.464086	-0.045776	-0.509861	0.735265	3.000000	1.000000	0	0	1	1.000000	0.000000	0.000000
ASV_2009_16S_022_3	OTU_931_18S_022_3	1	ENV_NO3	0.625005	0.086643	-0.538362	0.167832	3.000000	1.000000	0	0	1	1.000000	0.000000	0.000000
OTU_86_18S_022_3	OTU_931_18S_022_3	1	ENV_NO3	0.358613	0.000000	-0.358613	0.934066	3.000000	1.000000	0	0	1	1.000000	0.000000	0.000000
ASV_381_16S_022_3	OTU_942_18S_022_3	1	ENV_NO3	0.476315	-0.153703	-0.630019	0.266733	3.000000	1.000000	0	0	1	1.000000	0.000000	0.000000
ASV_1054_16S_022_3	OTU_942_18S_022_3	1	ENV_NO3	0.571923	-0.153703	-0.725626	0.333666	3.000000	1.000000	0	0	1	1.000000	0.000000	0.000000
OTU_402_18S_022_3	OTU_932_18S_022_3	1	ENV_NO3	0.574052	0.210948	-0.363104	0.133866	3.000000	1.000000	0	0	1	1.000000	0.000000	0.000000
OTU_456_18S_022_3	OTU_932_18S_022_3	1	ENV_NO3	0.611221	0.107928	-0.503293	0.434565	3.000000	1.000000	0	0	1	1.000000	0.000000	0.000000
OTU_797_18S_022_3	OTU_932_18S_022_3	1	ENV_NO3	0.579527	0.107928	-0.471600	0.302697	3.000000	1.000000	0	0	1	1.000000	0.000000	0.000000
ASV_4_16S_022_3	OTU_956_18S_022_3	1	ENV_NO3	0.341869	0.048465	-0.293404	0.734266	3.000000	1.000000	0	0	1	1.000000	0.000000	0.000000
OTU_563_18S_022_3	OTU_956_18S_022_3	1	ENV_NO3	0.461770	0.115525	-0.346245	0.399600	3.000000	1.000000	0	0	1	1.000000	0.000000	0.000000
ASV_670_16S_022_3	OTU_977_18S_022_3	1	ENV_NO3	0.404669	0.028881	-0.375788	0.033966	3.000000	1.000000	0	0	1	1.000000	0.000000	0.000000
OTU_807_18S_022_3	OTU_964_18S_022_3	1	ENV_NO3	0.483572	0.139498	-0.344074	0.333666	3.000000	1.000000	0	0	1	1.000000	0.000000	0.000000
OTU_716_18S_022_3	OTU_960_18S_022_3	1	ENV_NO3	0.706360	0.000000	-0.706360	0.834166	3.000000	1.000000	0	0	1	1.000000	0.000000	0.000000
OTU_445_18S_022_3	OTU_992_18S_022_3	1	ENV_NO3	0.430290	0.068890	-0.361400	0.000999	3.000000	1.000000	0	0	1	1.000000	0.000000	0.000000
ASV_1223_16S_022_3	OTU_985_18S_022_3	1	ENV_NO3	0.519532	0.000000	-0.519532	1.000000	3.000000	1.000000	0	0	1	1.000000	0.000000	0.000000
ASV_23_16S_022_3	OTU_1014_18S_022_3	1	ENV_NO3	0.447626	1.093732	0.646107	nan	3.000000	1.000000	0	0	1	1.000000	0.000000	0.000000
OTU_514_18S_022_3	OTU_1024_18S_022_3	1	ENV_NO3	0.300418	0.040868	-0.259551	0.367632	3.000000	1.000000	0	0	1	1.000000	0.000000	0.000000
OTU_732_18S_022_3	OTU_1024_18S_022_3	1	ENV_NO3	0.435861	0.086643	-0.349217	0.265734	3.000000	1.000000	0	0	1	1.000000	0.000000	0.000000
OTU_551_18S_022_3	OTU_1070_18S_022_3	1	ENV_NO3	0.599096	0.057762	-0.541334	0.033966	3.000000	1.000000	0	0	1	1.000000	0.000000	0.000000
OTU_955_18S_022_3	OTU_1075_18S_022_3	1	ENV_NO3	0.577294	0.139498	-0.437796	0.033966	3.000000	1.000000	0	0	1	1.000000	0.000000	0.000000
OTU_1070_18S_022_3	OTU_1075_18S_022_3	1	ENV_NO3	0.656858	0.173287	-0.483572	0.033966	3.000000	1.000000	0	0	1	1.000000	0.000000	0.000000
OTU_680_18S_022_3	OTU_1076_18S_022_3	1	ENV_NO3	0.576016	0.055544	-0.520472	0.000999	3.000000	1.000000	0	0	1	1.000000	0.000000	0.000000
OTU_940_18S_022_3	OTU_1094_18S_022_3	1	ENV_NO3	0.276732	0.023974	-0.252759	0.000999	3.000000	1.000000	0	0	1	1.000000	0.000000	0.000000
ASV_482_16S_022_3	OTU_1102_18S_022_3	1	ENV_NO3	0.425193	0.019583	-0.405609	0.200799	3.000000	1.000000	0	0	1	1.000000	0.000000	0.000000
OTU_870_18S_022_3	OTU_1102_18S_022_3	1	ENV_NO3	0.567243	0.067060	-0.500183	0.200799	3.000000	1.000000	0	0	1	1.000000	0.000000	0.000000
OTU_612_18S_022_3	OTU_1095_18S_022_3	1	ENV_NO3	0.680302	0.220763	-0.459538	0.466533	3.000000	1.000000	0	0	1	1.000000	0.000000	0.000000
OTU_889_18S_022_3	OTU_1110_18S_022_3	1	ENV_NO3	0.545441	0.000000	-0.545441	0.833167	3.000000	1.000000	0	0	1	1.000000	0.000000	0.000000
OTU_561_18S_022_3	OTU_1142_18S_022_3	1	ENV_NO3	0.414059	0.115525	-0.298534	0.800200	3.000000	1.000000	0	0	1	1.000000	0.000000	0.000000
OTU_585_18S_022_3	OTU_1142_18S_022_3	1	ENV_NO3	0.656858	0.086643	-0.570215	0.000999	3.000000	1.000000	0	0	1	1.000000	0.000000	0.000000
OTU_976_18S_022_3	OTU_1142_18S_022_3	1	ENV_NO3	0.414059	0.000000	-0.414059	1.000000	3.000000	1.000000	0	0	1	1.000000	0.000000	0.000000
ASV_1145_16S_022_3	OTU_1143_18S_022_3	1	ENV_NO3	0.524300	0.086643	-0.437657	0.000999	3.000000	1.000000	0	0	1	1.000000	0.000000	0.000000
OTU_28_18S_022_3	OTU_1143_18S_022_3	1	ENV_NO3	0.228099	0.019583	-0.208515	0.267732	3.000000	1.000000	0	0	1	1.000000	0.000000	0.000000
OTU_469_18S_022_3	OTU_1104_18S_022_3	1	ENV_NO3	0.435258	0.081736	-0.353522	0.034965	3.000000	1.000000	0	0	1	1.000000	0.000000	0.000000
ASV_93_16S_022_3	OTU_1153_18S_022_3	1	ENV_NO3	0.703476	0.000000	-0.703476	0.333666	3.000000	1.000000	0	0	1	1.000000	0.000000	0.000000
OTU_46_18S_022_3	OTU_1153_18S_022_3	1	ENV_NO3	0.489853	-0.057762	-0.547615	0.432567	3.000000	1.000000	0	0	1	1.000000	0.000000	0.000000
ASV_174_16S_022_3	OTU_1148_18S_022_3	1	ENV_NO3	0.513773	0.107928	-0.405845	0.634366	3.000000	1.000000	0	0	1	1.000000	0.000000	0.000000
ASV_501_16S_022_3	OTU_1149_18S_022_3	1	ENV_NO3	0.456777	0.086643	-0.370133	0.365634	3.000000	1.000000	0	0	1	1.000000	0.000000	0.000000
ASV_765_16S_022_3	OTU_1111_18S_022_3	1	ENV_NO3	0.655580	0.028881	-0.626699	0.000999	3.000000	1.000000	0	0	1	1.000000	0.000000	0.000000
OTU_1139_18S_022_3	OTU_1111_18S_022_3	1	ENV_NO3	0.651204	0.021284	-0.629919	0.399600	3.000000	1.000000	0	0	1	1.000000	0.000000	0.000000
ASV_1139_16S_022_3	OTU_1144_18S_022_3	1	ENV_NO3	0.509481	0.000000	-0.509481	1.000000	3.000000	1.000000	0	0	1	1.000000	0.000000	0.000000
OTU_1010_18S_022_3	OTU_1180_18S_022_3	1	ENV_NO3	0.300850	2.646051	2.345201	nan	3.000000	1.000000	0	0	1	1.000000	0.000000	0.000000
ASV_505_16S_022_3	OTU_1191_18S_022_3	1	ENV_NO3	0.324443	0.000000	-0.324443	0.933067	2.000000	1.000000	0	1	0	1.000000	0.000000	0.000000
OTU_1153_18S_022_3	OTU_1191_18S_022_3	1	ENV_NO3	0.541334	0.000000	-0.541334	1.000000	3.000000	1.000000	0	0	1	1.000000	0.000000	0.000000
ASV_2181_16S_022_3	OTU_1179_18S_022_3	1	ENV_NO3	0.465876	0.000000	-0.465876	1.000000	3.000000	1.000000	0	0	1	1.000000	0.000000	0.000000
ASV_504_16S_022_3	OTU_1230_18S_022_3	1	ENV_NO3	0.688273	0.132889	-0.555383	0.134865	3.000000	1.000000	0	0	1	1.000000	0.000000	0.000000
OTU_345_18S_022_3	OTU_1230_18S_022_3	1	ENV_NO3	0.663587	0.081736	-0.581851	0.200799	3.000000	1.000000	0	0	1	1.000000	0.000000	0.000000
ASV_1028_16S_022_3	OTU_1123_18S_022_3	1	ENV_NO3	0.589045	0.000000	-0.589045	0.767233	3.000000	1.000000	0	0	1	1.000000	0.000000	0.000000
OTU_268_18S_022_3	OTU_1123_18S_022_3	1	ENV_NO3	0.666854	0.069749	-0.597105	0.299700	3.000000	1.000000	0	0	1	1.000000	0.000000	0.000000
OTU_287_18S_022_3	OTU_1246_18S_022_3	1	ENV_NO3	0.435861	0.057762	-0.378099	0.133866	3.000000	1.000000	0	0	1	1.000000	0.000000	0.000000
OTU_733_18S_022_3	OTU_1246_18S_022_3	1	ENV_NO3	0.435861	0.000000	-0.435861	0.867133	3.000000	1.000000	0	0	1	1.000000	0.000000	0.000000
OTU_29_18S_022_3	OTU_1247_18S_022_3	1	ENV_NO3	0.504095	0.000000	-0.504095	0.299700	3.000000	1.000000	0	0	1	1.000000	0.000000	0.000000
OTU_58_18S_022_3	OTU_1247_18S_022_3	1	ENV_NO3	0.396046	0.028364	-0.367682	0.100899	3.000000	1.000000	0	0	1	1.000000	0.000000	0.000000
ASV_610_16S_022_3	OTU_1252_18S_022_3	1	ENV_NO3	0.542557	0.057762	-0.484794	0.434565	3.000000	1.000000	0	0	1	1.000000	0.000000	0.000000
OTU_866_18S_022_3	OTU_1252_18S_022_3	1	ENV_NO3	0.519532	0.000000	-0.519532	0.934066	3.000000	1.000000	0	0	1	1.000000	0.000000	0.000000
OTU_1139_18S_022_3	OTU_1252_18S_022_3	1	ENV_NO3	0.465876	0.086643	-0.379233	0.300699	3.000000	1.000000	0	0	1	1.000000	0.000000	0.000000
ASV_72_16S_022_3	OTU_1262_18S_022_3	1	ENV_NO3	0.417126	0.068890	-0.348236	0.433566	3.000000	1.000000	0	0	1	1.000000	0.000000	0.000000
ASV_1043_16S_022_3	OTU_1263_18S_022_3	1	ENV_NO3	0.533073	0.000000	-0.533073	1.000000	3.000000	1.000000	0	0	1	1.000000	0.000000	0.000000
OTU_466_18S_022_3	OTU_1263_18S_022_3	1	ENV_NO3	0.535963	0.173287	-0.362676	0.201798	3.000000	1.000000	0	0	1	1.000000	0.000000	0.000000
OTU_1139_18S_022_3	OTU_1263_18S_022_3	1	ENV_NO3	0.673006	0.483900	-0.189106	0.400599	3.000000	1.000000	0	0	1	1.000000	0.000000	0.000000
OTU_436_18S_022_3	OTU_1266_18S_022_3	1	ENV_NO3	0.447626	-0.055073	-0.502699	0.299700	3.000000	1.000000	0	0	1	1.000000	0.000000	0.000000
OTU_456_18S_022_3	OTU_1284_18S_022_3	1	ENV_NO3	0.704306	0.057762	-0.646544	0.201798	3.000000	1.000000	0	0	1	1.000000	0.000000	0.000000
OTU_7_18S_022_3	OTU_1285_18S_022_3	1	ENV_NO3	0.363969	1.130411	0.766442	nan	3.000000	1.000000	0	0	1	1.000000	0.000000	0.000000
OTU_58_18S_022_3	OTU_1285_18S_022_3	1	ENV_NO3	0.276931	0.992566	0.715635	nan	3.000000	1.000000	0	0	1	1.000000	0.000000	0.000000
OTU_241_18S_022_3	OTU_1287_18S_022_3	1	ENV_NO3	0.435258	-0.052384	-0.487642	0.466533	3.000000	1.000000	0	0	1	1.000000	0.000000	0.000000
ASV_1348_16S_022_3	OTU_1202_18S_022_3	1	ENV_NO3	0.356297	0.000000	-0.356297	1.000000	3.000000	1.000000	0	0	1	1.000000	0.000000	0.000000
ASV_2083_16S_022_3	OTU_1202_18S_022_3	1	ENV_NO3	0.414059	0.086643	-0.327415	0.699301	3.000000	1.000000	0	0	1	1.000000	0.000000	0.000000
OTU_655_18S_022_3	OTU_1295_18S_022_3	1	ENV_NO3	0.579610	0.000000	-0.579610	1.000000	3.000000	1.000000	0	0	1	1.000000	0.000000	0.000000
ASV_671_16S_022_3	OTU_1294_18S_022_3	1	ENV_NO3	0.439968	0.000000	-0.439968	1.000000	3.000000	1.000000	0	0	1	1.000000	0.000000	0.000000
ASV_754_16S_022_3	OTU_1258_18S_022_3	1	ENV_NO3	0.567243	0.000000	-0.567243	0.834166	3.000000	1.000000	0	0	1	1.000000	0.000000	0.000000
ASV_823_16S_022_3	OTU_1258_18S_022_3	1	ENV_NO3	0.704569	0.038179	-0.666391	0.167832	3.000000	1.000000	0	0	1	1.000000	0.000000	0.000000
ASV_1593_16S_022_3	OTU_1258_18S_022_3	1	ENV_NO3	0.541334	0.000000	-0.541334	1.000000	3.000000	1.000000	0	0	1	1.000000	0.000000	0.000000
ASV_2304_16S_022_3	OTU_1258_18S_022_3	1	ENV_NO3	0.682767	0.038179	-0.644589	0.467532	3.000000	1.000000	0	0	1	1.000000	0.000000	0.000000
ASV_2185_16S_022_3	OTU_1290_18S_022_3	1	ENV_NO3	0.466538	0.000000	-0.466538	1.000000	3.000000	1.000000	0	0	1	1.000000	0.000000	0.000000
OTU_1139_18S_022_3	OTU_1290_18S_022_3	1	ENV_NO3	0.706360	0.136809	-0.569551	0.733267	3.000000	1.000000	0	0	1	1.000000	0.000000	0.000000
OTU_1283_18S_022_3	OTU_1290_18S_022_3	1	ENV_NO3	0.728162	0.069749	-0.658413	0.167832	3.000000	1.000000	0	0	1	1.000000	0.000000	0.000000
OTU_577_18S_022_3	OTU_1281_18S_022_3	1	ENV_NO3	0.623912	0.000000	-0.623912	0.834166	3.000000	1.000000	0	0	1	1.000000	0.000000	0.000000
OTU_41_18S_022_3	OTU_1338_18S_022_3	1	ENV_NO3	0.231999	0.008652	-0.223347	0.399600	3.000000	1.000000	0	0	1	1.000000	0.000000	0.000000
OTU_1077_18S_022_3	OTU_1291_18S_022_3	1	ENV_NO3	0.521848	0.067060	-0.454788	0.532468	3.000000	1.000000	0	0	1	1.000000	0.000000	0.000000
OTU_577_18S_022_3	OTU_1334_18S_022_3	1	ENV_NO3	0.587951	0.000000	-0.587951	1.000000	3.000000	1.000000	0	0	1	1.000000	0.000000	0.000000
OTU_1210_18S_022_3	OTU_1374_18S_022_3	1	ENV_NO3	0.541334	0.000000	-0.541334	1.000000	3.000000	1.000000	0	0	1	1.000000	0.000000	0.000000
ASV_189_16S_022_3	OTU_1381_18S_022_3	1	ENV_NO3	0.403391	0.000000	-0.403391	0.535465	3.000000	1.000000	0	0	1	1.000000	0.000000	0.000000
OTU_338_18S_022_3	OTU_1381_18S_022_3	1	ENV_NO3	0.492737	0.048465	-0.444272	0.167832	3.000000	1.000000	0	0	1	1.000000	0.000000	0.000000
OTU_724_18S_022_3	OTU_1381_18S_022_3	1	ENV_NO3	0.444736	0.008652	-0.436084	0.834166	3.000000	1.000000	0	0	1	1.000000	0.000000	0.000000
ASV_1028_16S_022_3	OTU_1358_18S_022_3	1	ENV_NO3	0.531283	0.000000	-0.531283	0.467532	3.000000	1.000000	0	0	1	1.000000	0.000000	0.000000
ASV_1136_16S_022_3	OTU_1358_18S_022_3	1	ENV_NO3	0.495322	0.000000	-0.495322	1.000000	3.000000	1.000000	0	0	1	1.000000	0.000000	0.000000
ASV_1401_16S_022_3	OTU_1413_18S_022_3	1	ENV_NO3	0.599096	0.000000	-0.599096	1.000000	3.000000	1.000000	0	0	1	1.000000	0.000000	0.000000
OTU_889_18S_022_3	OTU_1413_18S_022_3	1	ENV_NO3	0.519532	0.000000	-0.519532	0.833167	3.000000	1.000000	0	0	1	1.000000	0.000000	0.000000
OTU_6_18S_022_3	OTU_1422_18S_022_3	1	ENV_NO3	0.443066	0.674467	0.231402	nan	3.000000	1.000000	0	0	1	1.000000	0.000000	0.000000
OTU_26_18S_022_3	OTU_1422_18S_022_3	1	ENV_NO3	0.668530	0.398626	-0.269904	0.566434	3.000000	1.000000	0	0	1	1.000000	0.000000	0.000000
OTU_144_18S_022_3	OTU_1422_18S_022_3	1	ENV_NO3	0.501758	0.803856	0.302098	nan	3.000000	1.000000	0	0	1	1.000000	0.000000	0.000000
ASV_947_16S_022_3	OTU_1432_18S_022_3	1	ENV_NO3	0.344967	-0.026192	-0.371159	0.033966	2.000000	1.000000	0	1	0	1.000000	0.000000	0.000000
OTU_406_18S_022_3	OTU_1432_18S_022_3	1	ENV_NO3	0.510610	0.144406	-0.366204	0.000999	3.000000	1.000000	0	0	1	1.000000	0.000000	0.000000
OTU_535_18S_022_3	OTU_1485_18S_022_3	1	ENV_NO3	0.446532	0.028881	-0.417651	0.234765	3.000000	1.000000	0	0	1	1.000000	0.000000	0.000000
OTU_1262_18S_022_3	OTU_1485_18S_022_3	1	ENV_NO3	0.451286	0.115525	-0.335762	0.667333	3.000000	1.000000	0	0	1	1.000000	0.000000	0.000000
OTU_872_18S_022_3	OTU_1494_18S_022_3	1	ENV_NO3	0.509481	0.124176	-0.385304	0.733267	3.000000	1.000000	0	0	1	1.000000	0.000000	0.000000
OTU_1404_18S_022_3	OTU_1494_18S_022_3	1	ENV_NO3	0.461770	0.269228	-0.192542	0.666334	3.000000	1.000000	0	0	1	1.000000	0.000000	0.000000
OTU_955_18S_022_3	OTU_1510_18S_022_3	1	ENV_NO3	0.437083	0.145394	-0.291690	0.000999	3.000000	1.000000	0	0	1	1.000000	0.000000	0.000000
OTU_184_18S_022_3	OTU_1509_18S_022_3	1	ENV_NO3	0.519532	0.057762	-0.461770	0.301698	3.000000	1.000000	0	0	1	1.000000	0.000000	0.000000
OTU_408_18S_022_3	OTU_1545_18S_022_3	1	ENV_NO3	0.589045	0.182584	-0.406460	0.667333	3.000000	1.000000	0	0	1	1.000000	0.000000	0.000000
OTU_662_18S_022_3	OTU_1545_18S_022_3	1	ENV_NO3	0.589045	0.000000	-0.589045	0.800200	3.000000	1.000000	0	0	1	1.000000	0.000000	0.000000
OTU_1024_18S_022_3	OTU_1545_18S_022_3	1	ENV_NO3	0.495939	0.000000	-0.495939	0.801199	3.000000	1.000000	0	0	1	1.000000	0.000000	0.000000
OTU_956_18S_022_3	OTU_1561_18S_022_3	1	ENV_NO3	0.483572	0.000000	-0.483572	0.866134	3.000000	1.000000	0	0	1	1.000000	0.000000	0.000000
OTU_749_18S_022_3	OTU_1573_18S_022_3	1	ENV_NO3	0.599096	0.019583	-0.579513	0.000999	3.000000	1.000000	0	0	1	1.000000	0.000000	0.000000
ASV_1043_16S_022_3	OTU_1575_18S_022_3	1	ENV_NO3	0.446527	0.000000	-0.446527	1.000000	3.000000	1.000000	0	0	1	1.000000	0.000000	0.000000
ASV_1328_16S_022_3	OTU_1575_18S_022_3	1	ENV_NO3	0.509481	0.000000	-0.509481	1.000000	3.000000	1.000000	0	0	1	1.000000	0.000000	0.000000
OTU_1191_18S_022_3	OTU_1594_18S_022_3	1	ENV_NO3	0.599096	0.000000	-0.599096	0.933067	3.000000	1.000000	0	0	1	1.000000	0.000000	0.000000
OTU_1573_18S_022_3	OTU_1594_18S_022_3	1	ENV_NO3	0.541334	-0.067060	-0.608394	0.266733	3.000000	1.000000	0	0	1	1.000000	0.000000	0.000000
OTU_100_18S_022_3	OTU_1598_18S_022_3	1	ENV_NO3	0.572301	0.115525	-0.456777	0.334665	3.000000	1.000000	0	0	1	1.000000	0.000000	0.000000
OTU_1075_18S_022_3	OTU_1618_18S_022_3	1	ENV_NO3	0.356297	0.000000	-0.356297	1.000000	3.000000	1.000000	0	0	1	1.000000	0.000000	0.000000
OTU_1404_18S_022_3	OTU_1618_18S_022_3	1	ENV_NO3	0.356297	0.000000	-0.356297	1.000000	3.000000	1.000000	0	0	1	1.000000	0.000000	0.000000
ASV_41_16S_022_3	OTU_1606_18S_022_3	1	ENV_NO3	0.483572	1.614721	1.131149	nan	3.000000	1.000000	0	0	1	1.000000	0.000000	0.000000
OTU_551_18S_022_3	OTU_1606_18S_022_3	1	ENV_NO3	0.493623	-0.020229	-0.513853	0.833167	3.000000	1.000000	0	0	1	1.000000	0.000000	0.000000
OTU_509_18S_022_3	OTU_1631_18S_022_3	1	ENV_NO3	0.438177	0.000000	-0.438177	1.000000	3.000000	1.000000	0	0	1	1.000000	0.000000	0.000000
ASV_932_16S_022_3	OTU_1609_18S_022_3	1	ENV_NO3	0.416375	0.040868	-0.375507	0.000999	3.000000	1.000000	0	0	1	1.000000	0.000000	0.000000
OTU_453_18S_022_3	OTU_1609_18S_022_3	1	ENV_NO3	0.656858	0.000000	-0.656858	0.532468	3.000000	1.000000	0	0	1	1.000000	0.000000	0.000000
OTU_920_18S_022_3	OTU_1609_18S_022_3	1	ENV_NO3	0.356297	0.057762	-0.298534	0.332667	3.000000	1.000000	0	0	1	1.000000	0.000000	0.000000
OTU_422_18S_022_3	OTU_1634_18S_022_3	1	ENV_NO3	0.525897	0.366157	-0.159740	0.733267	3.000000	1.000000	0	0	1	1.000000	0.000000	0.000000
OTU_466_18S_022_3	OTU_1634_18S_022_3	1	ENV_NO3	0.593725	0.298109	-0.295616	0.667333	3.000000	1.000000	0	0	1	1.000000	0.000000	0.000000
OTU_749_18S_022_3	OTU_1670_18S_022_3	1	ENV_NO3	0.521848	-0.045776	-0.567623	0.165834	3.000000	1.000000	0	0	1	1.000000	0.000000	0.000000
OTU_1153_18S_022_3	OTU_1670_18S_022_3	1	ENV_NO3	0.524300	0.011987	-0.512314	0.767233	3.000000	1.000000	0	0	1	1.000000	0.000000	0.000000
OTU_724_18S_022_3	OTU_1682_18S_022_3	1	ENV_NO3	0.358613	0.008652	-0.349961	0.801199	3.000000	1.000000	0	0	1	1.000000	0.000000	0.000000
OTU_1173_18S_022_3	OTU_1671_18S_022_3	1	ENV_NO3	0.545441	0.086643	-0.458797	0.501499	3.000000	1.000000	0	0	1	1.000000	0.000000	0.000000
OTU_644_18S_022_3	OTU_1707_18S_022_3	1	ENV_NO3	0.435861	0.063326	-0.372535	0.735265	3.000000	1.000000	0	0	1	1.000000	0.000000	0.000000
OTU_910_18S_022_3	OTU_1707_18S_022_3	1	ENV_NO3	0.356297	0.040868	-0.315429	0.000999	3.000000	1.000000	0	0	1	1.000000	0.000000	0.000000
ASV_1593_16S_022_3	OTU_1762_18S_022_3	1	ENV_NO3	0.435861	0.000000	-0.435861	1.000000	3.000000	1.000000	0	0	1	1.000000	0.000000	0.000000
OTU_46_18S_022_3	OTU_1763_18S_022_3	1	ENV_NO3	0.516648	0.096929	-0.419718	0.666334	3.000000	1.000000	0	0	1	1.000000	0.000000	0.000000
OTU_760_18S_022_3	OTU_1763_18S_022_3	1	ENV_NO3	0.435861	0.086643	-0.349217	0.666334	3.000000	1.000000	0	0	1	1.000000	0.000000	0.000000
OTU_1017_18S_022_3	OTU_1763_18S_022_3	1	ENV_NO3	0.458885	0.004390	-0.454495	0.666334	3.000000	1.000000	0	0	1	1.000000	0.000000	0.000000
OTU_1077_18S_022_3	OTU_1767_18S_022_3	1	ENV_NO3	0.519532	0.000000	-0.519532	0.834166	3.000000	1.000000	0	0	1	1.000000	0.000000	0.000000
OTU_1281_18S_022_3	OTU_1767_18S_022_3	1	ENV_NO3	0.519532	0.000000	-0.519532	0.834166	3.000000	1.000000	0	0	1	1.000000	0.000000	0.000000
OTU_1386_18S_022_3	OTU_1767_18S_022_3	1	ENV_NO3	0.656858	0.000000	-0.656858	0.934066	3.000000	1.000000	0	0	1	1.000000	0.000000	0.000000
ASV_1406_16S_022_3	OTU_1684_18S_022_3	1	ENV_NO3	0.320336	0.000000	-0.320336	1.000000	3.000000	1.000000	0	0	1	1.000000	0.000000	0.000000
OTU_1707_18S_022_3	OTU_1684_18S_022_3	1	ENV_NO3	0.378099	0.000000	-0.378099	1.000000	3.000000	1.000000	0	0	1	1.000000	0.000000	0.000000
OTU_985_18S_022_3	OTU_1782_18S_022_3	1	ENV_NO3	0.322652	0.000000	-0.322652	1.000000	3.000000	1.000000	0	0	1	1.000000	0.000000	0.000000
ASV_181_16S_022_3	OTU_1801_18S_022_3	1	ENV_NO3	0.324443	-0.067060	-0.391503	0.366633	3.000000	1.000000	0	0	1	1.000000	0.000000	0.000000
OTU_1094_18S_022_3	OTU_1820_18S_022_3	1	ENV_NO3	0.418166	0.238128	-0.180037	0.465534	3.000000	1.000000	0	0	1	1.000000	0.000000	0.000000
OTU_310_18S_022_3	OTU_1834_18S_022_3	1	ENV_NO3	0.471218	0.000000	-0.471218	1.000000	3.000000	1.000000	0	0	1	1.000000	0.000000	0.000000
OTU_1024_18S_022_3	OTU_1834_18S_022_3	1	ENV_NO3	0.483572	0.000000	-0.483572	1.000000	3.000000	1.000000	0	0	1	1.000000	0.000000	0.000000
ASV_233_16S_022_3	OTU_1849_18S_022_3	1	ENV_NO3	0.548648	0.000000	-0.548648	0.868132	3.000000	1.000000	0	0	1	1.000000	0.000000	0.000000
OTU_251_18S_022_3	OTU_1849_18S_022_3	1	ENV_NO3	0.648220	0.081736	-0.566484	0.067932	3.000000	1.000000	0	0	1	1.000000	0.000000	0.000000
OTU_825_18S_022_3	OTU_1849_18S_022_3	1	ENV_NO3	0.669634	0.139498	-0.530136	0.500500	3.000000	1.000000	0	0	1	1.000000	0.000000	0.000000
ASV_89_16S_022_3	OTU_1893_18S_022_3	1	ENV_NO3	0.275071	0.000000	-0.275071	1.000000	3.000000	1.000000	0	0	1	1.000000	0.000000	0.000000
ASV_1044_16S_022_3	OTU_1844_18S_022_3	1	ENV_NO3	0.527857	0.104850	-0.423006	0.499500	3.000000	1.000000	0	0	1	1.000000	0.000000	0.000000
OTU_50_18S_022_3	OTU_1844_18S_022_3	1	ENV_NO3	0.781249	0.289774	-0.491475	0.201798	3.000000	1.000000	0	0	1	1.000000	0.000000	0.000000
OTU_558_18S_022_3	OTU_1901_18S_022_3	1	ENV_NO3	0.542975	0.095941	-0.447034	0.368631	3.000000	1.000000	0	0	1	1.000000	0.000000	0.000000
OTU_1262_18S_022_3	OTU_1891_18S_022_3	1	ENV_NO3	0.646807	0.000000	-0.646807	0.701299	3.000000	1.000000	0	0	1	1.000000	0.000000	0.000000
OTU_519_18S_022_3	OTU_1905_18S_022_3	1	ENV_NO3	0.493623	0.000000	-0.493623	1.000000	3.000000	1.000000	0	0	1	1.000000	0.000000	0.000000
ASV_501_16S_022_3	OTU_1959_18S_022_3	1	ENV_NO3	0.439968	0.057762	-0.382205	0.533467	3.000000	1.000000	0	0	1	1.000000	0.000000	0.000000
ASV_156_16S_022_3	OTU_1980_18S_022_3	1	ENV_NO3	0.316063	-0.045776	-0.361838	0.466533	3.000000	1.000000	0	0	1	1.000000	0.000000	0.000000
OTU_191_18S_022_3	OTU_1980_18S_022_3	1	ENV_NO3	0.464086	0.000000	-0.464086	1.000000	3.000000	1.000000	0	0	1	1.000000	0.000000	0.000000
OTU_577_18S_022_3	OTU_1940_18S_022_3	1	ENV_NO3	0.609753	0.000000	-0.609753	1.000000	3.000000	1.000000	0	0	1	1.000000	0.000000	0.000000
ASV_1058_16S_022_3	OTU_1995_18S_022_3	1	ENV_NO3	0.521848	0.038179	-0.483669	0.566434	3.000000	1.000000	0	0	1	1.000000	0.000000	0.000000
ASV_1490_16S_022_3	OTU_1995_18S_022_3	1	ENV_NO3	0.531283	0.038179	-0.493104	0.434565	3.000000	1.000000	0	0	1	1.000000	0.000000	0.000000
ASV_1593_16S_022_3	OTU_1995_18S_022_3	1	ENV_NO3	0.541334	0.000000	-0.541334	1.000000	3.000000	1.000000	0	0	1	1.000000	0.000000	0.000000
OTU_1077_18S_022_3	OTU_1995_18S_022_3	1	ENV_NO3	0.464086	0.067060	-0.397026	0.700300	3.000000	1.000000	0	0	1	1.000000	0.000000	0.000000
OTU_518_18S_022_3	OTU_1927_18S_022_3	1	ENV_NO3	0.485888	0.000000	-0.485888	0.933067	3.000000	1.000000	0	0	1	1.000000	0.000000	0.000000
OTU_1647_18S_022_3	OTU_1927_18S_022_3	1	ENV_NO3	0.464086	0.000000	-0.464086	1.000000	3.000000	1.000000	0	0	1	1.000000	0.000000	0.000000
OTU_831_18S_022_3	OTU_1984_18S_022_3	1	ENV_NO3	0.506596	0.173287	-0.333309	0.433566	3.000000	1.000000	0	0	1	1.000000	0.000000	0.000000
OTU_1298_18S_022_3	OTU_1984_18S_022_3	1	ENV_NO3	0.372816	0.069749	-0.303067	0.467532	3.000000	1.000000	0	0	1	1.000000	0.000000	0.000000
OTU_1332_18S_022_3	OTU_2035_18S_022_3	1	ENV_NO3	0.656858	0.086643	-0.570215	0.000999	3.000000	1.000000	0	0	1	1.000000	0.000000	0.000000
OTU_384_18S_022_3	OTU_2036_18S_022_3	1	ENV_NO3	0.416375	0.000000	-0.416375	0.867133	3.000000	1.000000	0	0	1	1.000000	0.000000	0.000000
OTU_511_18S_022_3	OTU_2018_18S_022_3	1	ENV_NO3	0.464086	0.000000	-0.464086	1.000000	3.000000	1.000000	0	0	1	1.000000	0.000000	0.000000
OTU_561_18S_022_3	OTU_2150_18S_022_3	1	ENV_NO3	0.519532	-0.023317	-0.542849	0.599401	3.000000	1.000000	0	0	1	1.000000	0.000000	0.000000
OTU_870_18S_022_3	OTU_2160_18S_022_3	1	ENV_NO3	0.484794	0.040868	-0.443926	0.133866	3.000000	1.000000	0	0	1	1.000000	0.000000	0.000000
OTU_303_18S_022_3	OTU_2094_18S_022_3	1	ENV_NO3	0.792738	0.245207	-0.547530	0.265734	3.000000	1.000000	0	0	1	1.000000	0.000000	0.000000
OTU_1449_18S_022_3	OTU_2176_18S_022_3	1	ENV_NO3	0.334495	0.105709	-0.228785	0.000999	3.000000	1.000000	0	0	1	1.000000	0.000000	0.000000
OTU_1334_18S_022_3	OTU_2105_18S_022_3	1	ENV_NO3	0.586743	0.081736	-0.505007	0.100899	3.000000	1.000000	0	0	1	1.000000	0.000000	0.000000
ASV_89_16S_022_3	OTU_2234_18S_022_3	1	ENV_NO3	0.311031	0.106227	-0.204804	0.769231	3.000000	1.000000	0	0	1	1.000000	0.000000	0.000000
ASV_651_16S_022_3	OTU_2135_18S_022_3	1	ENV_NO3	0.625005	0.015612	-0.609393	0.532468	3.000000	1.000000	0	0	1	1.000000	0.000000	0.000000
OTU_1980_18S_022_3	OTU_2245_18S_022_3	1	ENV_NO3	0.461770	0.000000	-0.461770	1.000000	3.000000	1.000000	0	0	1	1.000000	0.000000	0.000000
OTU_1671_18S_022_3	OTU_2133_18S_022_3	1	ENV_NO3	0.519532	0.000000	-0.519532	0.632368	3.000000	1.000000	0	0	1	1.000000	0.000000	0.000000
ASV_1851_16S_022_3	OTU_2270_18S_022_3	1	ENV_NO3	0.439968	0.000000	-0.439968	1.000000	3.000000	1.000000	0	0	1	1.000000	0.000000	0.000000
OTU_868_18S_022_3	OTU_2270_18S_022_3	1	ENV_NO3	0.439968	0.000000	-0.439968	1.000000	3.000000	1.000000	0	0	1	1.000000	0.000000	0.000000
OTU_582_18S_022_3	OTU_2239_18S_022_3	1	ENV_NO3	0.552608	0.231049	-0.321559	0.466533	3.000000	1.000000	0	0	1	1.000000	0.000000	0.000000
OTU_1143_18S_022_3	OTU_2239_18S_022_3	1	ENV_NO3	0.541334	0.057762	-0.483572	0.000999	3.000000	1.000000	0	0	1	1.000000	0.000000	0.000000
OTU_145_18S_022_3	OTU_2297_18S_022_3	1	ENV_NO3	0.582063	0.115525	-0.466539	0.567433	3.000000	1.000000	0	0	1	1.000000	0.000000	0.000000
OTU_2018_18S_022_3	OTU_2297_18S_022_3	1	ENV_NO3	0.509481	0.000000	-0.509481	1.000000	3.000000	1.000000	0	0	1	1.000000	0.000000	0.000000
OTU_248_18S_022_3	OTU_2304_18S_022_3	1	ENV_NO3	0.625005	0.000000	-0.625005	1.000000	3.000000	1.000000	0	0	1	1.000000	0.000000	0.000000
OTU_1761_18S_022_3	OTU_2304_18S_022_3	1	ENV_NO3	0.519532	0.000000	-0.519532	0.866134	3.000000	1.000000	0	0	1	1.000000	0.000000	0.000000
OTU_2105_18S_022_3	OTU_2304_18S_022_3	1	ENV_NO3	0.587836	0.040868	-0.546968	0.100899	3.000000	1.000000	0	0	1	1.000000	0.000000	0.000000
ASV_2014_16S_022_3	OTU_2097_18S_022_3	1	ENV_NO3	0.601412	0.067060	-0.534352	0.733267	3.000000	1.000000	0	0	1	1.000000	0.000000	0.000000
OTU_493_18S_022_3	OTU_2097_18S_022_3	1	ENV_NO3	0.542557	0.069749	-0.472808	0.566434	3.000000	1.000000	0	0	1	1.000000	0.000000	0.000000
OTU_1557_18S_022_3	OTU_2097_18S_022_3	1	ENV_NO3	0.519532	0.038179	-0.481353	0.400599	3.000000	1.000000	0	0	1	1.000000	0.000000	0.000000
ASV_992_16S_022_3	OTU_2317_18S_022_3	1	ENV_NO3	0.449879	0.119915	-0.329964	0.200799	3.000000	1.000000	0	0	1	1.000000	0.000000	0.000000
ASV_1043_16S_022_3	OTU_2317_18S_022_3	1	ENV_NO3	0.432369	0.000000	-0.432369	1.000000	3.000000	1.000000	0	0	1	1.000000	0.000000	0.000000
OTU_676_18S_022_3	OTU_2334_18S_022_3	1	ENV_NO3	0.599096	0.000000	-0.599096	1.000000	3.000000	1.000000	0	0	1	1.000000	0.000000	0.000000
OTU_1142_18S_022_3	OTU_2334_18S_022_3	1	ENV_NO3	0.493623	0.000000	-0.493623	0.933067	3.000000	1.000000	0	0	1	1.000000	0.000000	0.000000
ASV_1543_16S_022_3	OTU_2309_18S_022_3	1	ENV_NO3	0.336811	0.000000	-0.336811	1.000000	3.000000	1.000000	0	0	1	1.000000	0.000000	0.000000
OTU_1210_18S_022_3	OTU_2309_18S_022_3	1	ENV_NO3	0.461770	0.000000	-0.461770	1.000000	3.000000	1.000000	0	0	1	1.000000	0.000000	0.000000
OTU_214_18S_022_3	OTU_2382_18S_022_3	1	ENV_NO3	0.356297	0.040868	-0.315429	0.000999	3.000000	1.000000	0	0	1	1.000000	0.000000	0.000000
OTU_1606_18S_022_3	OTU_2383_18S_022_3	1	ENV_NO3	0.541334	-0.106873	-0.648207	0.634366	3.000000	1.000000	0	0	1	1.000000	0.000000	0.000000
OTU_2167_18S_022_3	OTU_2383_18S_022_3	1	ENV_NO3	0.408776	-0.020229	-0.429005	0.468531	3.000000	1.000000	0	0	1	1.000000	0.000000	0.000000
ASV_1143_16S_022_3	OTU_2284_18S_022_3	1	ENV_NO3	0.438177	0.000000	-0.438177	0.900100	3.000000	1.000000	0	0	1	1.000000	0.000000	0.000000
OTU_711_18S_022_3	OTU_2389_18S_022_3	1	ENV_NO3	0.577294	0.115525	-0.461770	0.500500	3.000000	1.000000	0	0	1	1.000000	0.000000	0.000000
OTU_558_18S_022_3	OTU_2461_18S_022_3	1	ENV_NO3	0.486456	0.028881	-0.457575	0.301698	3.000000	1.000000	0	0	1	1.000000	0.000000	0.000000
OTU_1347_18S_022_3	OTU_2375_18S_022_3	1	ENV_NO3	0.599096	0.067060	-0.532036	0.667333	3.000000	1.000000	0	0	1	1.000000	0.000000	0.000000
OTU_1086_18S_022_3	OTU_2425_18S_022_3	1	ENV_NO3	0.363054	0.000000	-0.363054	0.800200	3.000000	1.000000	0	0	1	1.000000	0.000000	0.000000
ASV_1289_16S_022_3	OTU_2399_18S_022_3	1	ENV_NO3	0.483572	0.000000	-0.483572	1.000000	3.000000	1.000000	0	0	1	1.000000	0.000000	0.000000
OTU_2309_18S_022_3	OTU_2501_18S_022_3	1	ENV_NO3	0.497730	0.139498	-0.358232	0.000999	3.000000	1.000000	0	0	1	1.000000	0.000000	0.000000
OTU_184_18S_022_3	OTU_2509_18S_022_3	1	ENV_NO3	0.577294	0.086643	-0.490651	0.534466	3.000000	1.000000	0	0	1	1.000000	0.000000	0.000000
OTU_551_18S_022_3	OTU_2509_18S_022_3	1	ENV_NO3	0.656858	0.086643	-0.570215	0.000999	3.000000	1.000000	0	0	1	1.000000	0.000000	0.000000
OTU_955_18S_022_3	OTU_2509_18S_022_3	1	ENV_NO3	0.577294	0.069749	-0.507545	0.000999	3.000000	1.000000	0	0	1	1.000000	0.000000	0.000000
OTU_1285_18S_022_3	OTU_2509_18S_022_3	1	ENV_NO3	0.577294	-0.016894	-0.594189	0.699301	3.000000	1.000000	0	0	1	1.000000	0.000000	0.000000
OTU_1618_18S_022_3	OTU_2509_18S_022_3	1	ENV_NO3	0.414059	0.000000	-0.414059	1.000000	3.000000	1.000000	0	0	1	1.000000	0.000000	0.000000
OTU_1338_18S_022_3	OTU_2576_18S_022_3	1	ENV_NO3	0.599096	0.000000	-0.599096	1.000000	3.000000	1.000000	0	0	1	1.000000	0.000000	0.000000
OTU_1743_18S_022_3	OTU_2539_18S_022_3	1	ENV_NO3	0.461770	0.153703	-0.308066	0.766234	3.000000	1.000000	0	0	1	1.000000	0.000000	0.000000
OTU_1216_18S_022_3	OTU_2626_18S_022_3	1	ENV_NO3	0.577294	0.000000	-0.577294	0.899101	3.000000	1.000000	0	0	1	1.000000	0.000000	0.000000
ASV_3_16S_022_3	OTU_2633_18S_022_3	1	ENV_NO3	0.194642	1.149027	0.954385	nan	2.000000	1.000000	0	1	0	1.000000	0.000000	0.000000
OTU_215_18S_022_3	OTU_2633_18S_022_3	1	ENV_NO3	0.404007	2.278545	1.874537	nan	3.000000	1.000000	0	0	1	1.000000	0.000000	0.000000
OTU_1142_18S_022_3	OTU_2633_18S_022_3	1	ENV_NO3	0.577294	0.086643	-0.490651	0.467532	3.000000	1.000000	0	0	1	1.000000	0.000000	0.000000
OTU_1285_18S_022_3	OTU_2633_18S_022_3	1	ENV_NO3	0.336811	2.477087	2.140276	nan	3.000000	1.000000	0	0	1	1.000000	0.000000	0.000000
OTU_743_18S_022_3	OTU_2680_18S_022_3	1	ENV_NO3	0.435861	0.000000	-0.435861	1.000000	3.000000	1.000000	0	0	1	1.000000	0.000000	0.000000
OTU_873_18S_022_3	OTU_2680_18S_022_3	1	ENV_NO3	0.356297	0.000000	-0.356297	1.000000	3.000000	1.000000	0	0	1	1.000000	0.000000	0.000000
OTU_1194_18S_022_3	OTU_2722_18S_022_3	1	ENV_NO3	0.577294	0.000000	-0.577294	0.600400	3.000000	1.000000	0	0	1	1.000000	0.000000	0.000000
OTU_1510_18S_022_3	OTU_2722_18S_022_3	1	ENV_NO3	0.251821	0.019583	-0.232238	0.000999	3.000000	1.000000	0	0	1	1.000000	0.000000	0.000000
OTU_868_18S_022_3	OTU_2736_18S_022_3	1	ENV_NO3	0.625005	0.231049	-0.393956	0.732268	3.000000	1.000000	0	0	1	1.000000	0.000000	0.000000
OTU_560_18S_022_3	OTU_2662_18S_022_3	1	ENV_NO3	0.603203	0.000000	-0.603203	0.766234	3.000000	1.000000	0	0	1	1.000000	0.000000	0.000000
OTU_1110_18S_022_3	OTU_2662_18S_022_3	1	ENV_NO3	0.682767	0.000000	-0.682767	0.666334	3.000000	1.000000	0	0	1	1.000000	0.000000	0.000000
ASV_248_16S_022_3	OTU_2823_18S_022_3	1	ENV_NO3	0.502498	0.000000	-0.502498	0.668332	3.000000	1.000000	0	0	1	1.000000	0.000000	0.000000
OTU_2284_18S_022_3	OTU_2823_18S_022_3	1	ENV_NO3	0.519532	0.115525	-0.404007	0.000999	3.000000	1.000000	0	0	1	1.000000	0.000000	0.000000
OTU_214_18S_022_3	OTU_2858_18S_022_3	1	ENV_NO3	0.577294	0.139498	-0.437796	0.000999	3.000000	1.000000	0	0	1	1.000000	0.000000	0.000000
OTU_1404_18S_022_3	OTU_2858_18S_022_3	1	ENV_NO3	0.435861	0.086643	-0.349217	0.466533	3.000000	1.000000	0	0	1	1.000000	0.000000	0.000000
OTU_2382_18S_022_3	OTU_2858_18S_022_3	1	ENV_NO3	0.435861	0.057762	-0.378099	0.000999	3.000000	1.000000	0	0	1	1.000000	0.000000	0.000000
ASV_1727_16S_022_3	OTU_2856_18S_022_3	1	ENV_NO3	0.461770	0.139498	-0.322272	0.600400	3.000000	1.000000	0	0	1	1.000000	0.000000	0.000000
OTU_1252_18S_022_3	OTU_2856_18S_022_3	1	ENV_NO3	0.497730	0.000000	-0.497730	0.601399	3.000000	1.000000	0	0	1	1.000000	0.000000	0.000000
ASV_331_16S_022_3	OTU_2878_18S_022_3	1	ENV_NO3	0.483572	0.000000	-0.483572	1.000000	3.000000	1.000000	0	0	1	1.000000	0.000000	0.000000
ASV_782_16S_022_3	OTU_2878_18S_022_3	1	ENV_NO3	0.541334	-0.067060	-0.608394	0.100899	3.000000	1.000000	0	0	1	1.000000	0.000000	0.000000
ASV_1734_16S_022_3	OTU_2876_18S_022_3	1	ENV_NO3	0.298534	0.000000	-0.298534	1.000000	3.000000	1.000000	0	0	1	1.000000	0.000000	0.000000
OTU_558_18S_022_3	OTU_2876_18S_022_3	1	ENV_NO3	0.486456	0.000000	-0.486456	0.800200	3.000000	1.000000	0	0	1	1.000000	0.000000	0.000000
OTU_145_18S_022_3	OTU_2905_18S_022_3	1	ENV_NO3	0.670400	0.000000	-0.670400	1.000000	3.000000	1.000000	0	0	1	1.000000	0.000000	0.000000
OTU_558_18S_022_3	OTU_2905_18S_022_3	1	ENV_NO3	0.533073	0.057762	-0.475311	0.700300	3.000000	1.000000	0	0	1	1.000000	0.000000	0.000000
OTU_1362_18S_022_3	OTU_2958_18S_022_3	1	ENV_NO3	0.519532	0.000000	-0.519532	1.000000	3.000000	1.000000	0	0	1	1.000000	0.000000	0.000000
OTU_1086_18S_022_3	OTU_2990_18S_022_3	1	ENV_NO3	0.443235	0.000000	-0.443235	0.801199	3.000000	1.000000	0	0	1	1.000000	0.000000	0.000000
OTU_2214_18S_022_3	OTU_3023_18S_022_3	1	ENV_NO3	0.356297	0.000000	-0.356297	1.000000	3.000000	1.000000	0	0	1	1.000000	0.000000	0.000000
OTU_1347_18S_022_3	OTU_2780_18S_022_3	1	ENV_NO3	0.599096	0.038179	-0.560917	0.734266	3.000000	1.000000	0	0	1	1.000000	0.000000	0.000000
OTU_1664_18S_022_3	OTU_2780_18S_022_3	1	ENV_NO3	0.541334	0.153703	-0.387631	0.801199	3.000000	1.000000	0	0	1	1.000000	0.000000	0.000000
ASV_1059_16S_022_3	OTU_3133_18S_022_3	1	ENV_NO3	0.519532	-0.170598	-0.690130	0.633367	3.000000	1.000000	0	0	1	1.000000	0.000000	0.000000
OTU_450_18S_022_3	OTU_3133_18S_022_3	1	ENV_NO3	0.442284	0.007079	-0.435205	0.535465	3.000000	1.000000	0	0	1	1.000000	0.000000	0.000000
OTU_1594_18S_022_3	OTU_3133_18S_022_3	1	ENV_NO3	0.625005	-0.045776	-0.670781	0.400599	3.000000	1.000000	0	0	1	1.000000	0.000000	0.000000
OTU_2133_18S_022_3	OTU_3149_18S_022_3	1	ENV_NO3	0.577294	0.000000	-0.577294	0.634366	3.000000	1.000000	0	0	1	1.000000	0.000000	0.000000
OTU_453_18S_022_3	OTU_3210_18S_022_3	1	ENV_NO3	0.656858	0.000000	-0.656858	1.000000	3.000000	1.000000	0	0	1	1.000000	0.000000	0.000000
OTU_1613_18S_022_3	OTU_3210_18S_022_3	1	ENV_NO3	0.379321	0.057762	-0.321559	0.368631	3.000000	1.000000	0	0	1	1.000000	0.000000	0.000000
OTU_619_18S_022_3	OTU_3225_18S_022_3	1	ENV_NO3	0.358613	0.086643	-0.271969	0.200799	3.000000	1.000000	0	0	1	1.000000	0.000000	0.000000
OTU_1557_18S_022_3	OTU_3213_18S_022_3	1	ENV_NO3	0.519532	0.038179	-0.481353	0.533467	3.000000	1.000000	0	0	1	1.000000	0.000000	0.000000
OTU_1767_18S_022_3	OTU_3213_18S_022_3	1	ENV_NO3	0.541334	0.000000	-0.541334	0.934066	3.000000	1.000000	0	0	1	1.000000	0.000000	0.000000
OTU_2133_18S_022_3	OTU_3213_18S_022_3	1	ENV_NO3	0.378099	0.000000	-0.378099	0.934066	3.000000	1.000000	0	0	1	1.000000	0.000000	0.000000
OTU_977_18S_022_3	OTU_3300_18S_022_3	1	ENV_NO3	0.435861	0.057762	-0.378099	0.100899	3.000000	1.000000	0	0	1	1.000000	0.000000	0.000000
OTU_1014_18S_022_3	OTU_3300_18S_022_3	1	ENV_NO3	0.378113	-0.002983	-0.381096	0.401598	3.000000	1.000000	0	0	1	1.000000	0.000000	0.000000
OTU_1017_18S_022_3	OTU_3300_18S_022_3	1	ENV_NO3	0.437083	0.035960	-0.401123	0.201798	3.000000	1.000000	0	0	1	1.000000	0.000000	0.000000
OTU_121_18S_022_3	OTU_3064_18S_022_3	1	ENV_NO3	0.542557	0.000000	-0.542557	0.435564	3.000000	1.000000	0	0	1	1.000000	0.000000	0.000000
OTU_191_18S_022_3	OTU_3064_18S_022_3	1	ENV_NO3	0.521848	0.000000	-0.521848	0.601399	3.000000	1.000000	0	0	1	1.000000	0.000000	0.000000
ASV_892_16S_022_3	OTU_3326_18S_022_3	1	ENV_NO3	0.300418	-0.020229	-0.320648	0.866134	3.000000	1.000000	0	0	1	1.000000	0.000000	0.000000
ASV_1734_16S_022_3	OTU_2812_18S_022_3	1	ENV_NO3	0.497730	0.000000	-0.497730	1.000000	3.000000	1.000000	0	0	1	1.000000	0.000000	0.000000
OTU_1774_18S_022_3	OTU_2812_18S_022_3	1	ENV_NO3	0.414059	0.000000	-0.414059	0.966034	3.000000	1.000000	0	0	1	1.000000	0.000000	0.000000
OTU_1898_18S_022_3	OTU_3384_18S_022_3	1	ENV_NO3	0.543650	0.067060	-0.476590	0.533467	3.000000	1.000000	0	0	1	1.000000	0.000000	0.000000
OTU_1386_18S_022_3	OTU_3350_18S_022_3	1	ENV_NO3	0.542557	0.139498	-0.403059	0.400599	3.000000	1.000000	0	0	1	1.000000	0.000000	0.000000
OTU_2576_18S_022_3	OTU_3350_18S_022_3	1	ENV_NO3	0.437083	0.000000	-0.437083	1.000000	3.000000	1.000000	0	0	1	1.000000	0.000000	0.000000
OTU_844_18S_022_3	OTU_3424_18S_022_3	1	ENV_NO3	0.541334	0.000000	-0.541334	1.000000	3.000000	1.000000	0	0	1	1.000000	0.000000	0.000000
OTU_1905_18S_022_3	OTU_3424_18S_022_3	1	ENV_NO3	0.656858	0.000000	-0.656858	1.000000	3.000000	1.000000	0	0	1	1.000000	0.000000	0.000000
OTU_2035_18S_022_3	OTU_3424_18S_022_3	1	ENV_NO3	0.656858	0.000000	-0.656858	1.000000	3.000000	1.000000	0	0	1	1.000000	0.000000	0.000000
OTU_270_18S_022_3	OTU_3598_18S_022_3	1	ENV_NO3	0.609092	0.163001	-0.446091	0.532468	3.000000	1.000000	0	0	1	1.000000	0.000000	0.000000
OTU_2297_18S_022_3	OTU_3598_18S_022_3	1	ENV_NO3	0.615243	0.107928	-0.507316	0.499500	3.000000	1.000000	0	0	1	1.000000	0.000000	0.000000
OTU_3466_18S_022_3	OTU_3610_18S_022_3	1	ENV_NO3	0.416375	0.040868	-0.375507	0.766234	3.000000	1.000000	0	0	1	1.000000	0.000000	0.000000
OTU_260_18S_022_3	OTU_3658_18S_022_3	1	ENV_NO3	0.356297	0.057762	-0.298534	0.201798	3.000000	1.000000	0	0	1	1.000000	0.000000	0.000000
OTU_563_18S_022_3	OTU_3658_18S_022_3	1	ENV_NO3	0.404007	0.057762	-0.346245	0.467532	3.000000	1.000000	0	0	1	1.000000	0.000000	0.000000
OTU_29_18S_022_3	OTU_3663_18S_022_3	1	ENV_NO3	0.685309	0.152473	-0.532836	0.133866	3.000000	1.000000	0	0	1	1.000000	0.000000	0.000000
OTU_105_18S_022_3	OTU_3663_18S_022_3	1	ENV_NO3	0.487799	0.151485	-0.336314	0.135864	3.000000	1.000000	0	0	1	1.000000	0.000000	0.000000
OTU_585_18S_022_3	OTU_3962_18S_022_3	1	ENV_NO3	0.356297	0.037533	-0.318764	0.734266	3.000000	1.000000	0	0	1	1.000000	0.000000	0.000000
OTU_677_18S_022_3	OTU_3962_18S_022_3	1	ENV_NO3	0.577294	-0.106873	-0.684167	1.000000	3.000000	1.000000	0	0	1	1.000000	0.000000	0.000000
ASV_211_16S_022_3	OTU_3990_18S_022_3	1	ENV_NO3	0.338055	0.023974	-0.314081	0.467532	2.000000	1.000000	0	1	0	1.000000	0.000000	0.000000
OTU_847_18S_022_3	OTU_3990_18S_022_3	1	ENV_NO3	0.356297	0.000000	-0.356297	0.733267	3.000000	1.000000	0	0	1	1.000000	0.000000	0.000000
OTU_1545_18S_022_3	OTU_3990_18S_022_3	1	ENV_NO3	0.495939	0.067060	-0.428879	0.567433	3.000000	1.000000	0	0	1	1.000000	0.000000	0.000000
OTU_1485_18S_022_3	OTU_3733_18S_022_3	1	ENV_NO3	0.367346	0.000000	-0.367346	0.267732	3.000000	1.000000	0	0	1	1.000000	0.000000	0.000000
OTU_611_18S_022_3	OTU_4003_18S_022_3	1	ENV_NO3	0.483572	0.057762	-0.425809	0.167832	3.000000	1.000000	0	0	1	1.000000	0.000000	0.000000
OTU_535_18S_022_3	OTU_4126_18S_022_3	1	ENV_NO3	0.606212	0.048465	-0.557748	0.499500	3.000000	1.000000	0	0	1	1.000000	0.000000	0.000000
ASV_588_16S_022_3	OTU_4302_18S_022_3	1	ENV_NO3	0.418166	0.536479	0.118314	nan	3.000000	1.000000	0	0	1	1.000000	0.000000	0.000000
OTU_877_18S_022_3	OTU_4302_18S_022_3	1	ENV_NO3	0.324443	-0.166972	-0.491415	0.400599	3.000000	1.000000	0	0	1	1.000000	0.000000	0.000000
OTU_78_18S_022_3	OTU_5297_18S_022_3	1	ENV_NO3	0.424352	-0.016894	-0.441246	0.066933	3.000000	1.000000	0	0	1	1.000000	0.000000	0.000000
OTU_1561_18S_022_3	OTU_5297_18S_022_3	1	ENV_NO3	0.456672	0.000000	-0.456672	0.533467	3.000000	1.000000	0	0	1	1.000000	0.000000	0.000000
ASV_111_16S_022_3	OTU_5446_18S_022_3	1	ENV_NO3	0.357982	0.034445	-0.323537	0.435564	3.000000	1.000000	0	0	1	1.000000	0.000000	0.000000
OTU_511_18S_022_3	OTU_5446_18S_022_3	1	ENV_NO3	0.577294	0.115525	-0.461770	0.767233	3.000000	1.000000	0	0	1	1.000000	0.000000	0.000000
OTU_831_18S_022_3	OTU_5446_18S_022_3	1	ENV_NO3	0.379321	0.057762	-0.321559	0.365634	3.000000	1.000000	0	0	1	1.000000	0.000000	0.000000
OTU_847_18S_022_3	OTU_5446_18S_022_3	1	ENV_NO3	0.334495	0.000000	-0.334495	0.734266	3.000000	1.000000	0	0	1	1.000000	0.000000	0.000000
OTU_1285_18S_022_3	OTU_5773_18S_022_3	1	ENV_NO3	0.682767	0.000000	-0.682767	1.000000	3.000000	1.000000	0	0	1	1.000000	0.000000	0.000000
OTU_2919_18S_022_3	OTU_5773_18S_022_3	1	ENV_NO3	0.646807	0.000000	-0.646807	1.000000	3.000000	1.000000	0	0	1	1.000000	0.000000	0.000000
OTU_1374_18S_022_3	OTU_6383_18S_022_3	1	ENV_NO3	0.380415	0.069749	-0.310666	0.400599	3.000000	1.000000	0	0	1	1.000000	0.000000	0.000000
ASV_165_16S_022_3	OTU_8089_18S_022_3	1	ENV_NO3	0.493623	0.000000	-0.493623	1.000000	3.000000	1.000000	0	0	1	1.000000	0.000000	0.000000
ASV_20_16S_022_3	ASV_20_16S_3_200	1	ENV_NO3	0.239085	0.058452	-0.180633	0.000999	1.000000	0.000000	1	0	0	0.000000	0.000000	0.000000
ASV_35_16S_022_3	ASV_35_16S_3_200	1	ENV_NO3	0.519467	0.103839	-0.415627	0.000999	3.000000	1.000000	0	0	1	1.000000	0.000000	0.000000
ASV_109_16S_022_3	ASV_35_16S_3_200	1	ENV_NO3	0.599031	0.046394	-0.552637	0.101898	3.000000	1.000000	0	0	1	1.000000	0.000000	0.000000
ASV_26_16S_3_200	ASV_35_16S_3_200	1	ENV_NO3	0.785144	0.139847	-0.645298	0.000999	3.000000	1.000000	0	0	1	1.000000	0.000000	0.000000
ASV_298_16S_022_3	ASV_37_16S_3_200	1	ENV_NO3	0.126605	0.333437	0.206832	nan	2.000000	1.000000	0	1	0	1.000000	0.000000	0.000000
ASV_1728_16S_022_3	ASV_58_16S_3_200	1	ENV_NO3	0.421528	0.016673	-0.404855	0.234765	3.000000	1.000000	0	0	1	1.000000	0.000000	0.000000
ASV_63_16S_022_3	ASV_63_16S_3_200	1	ENV_NO3	0.245778	-0.003597	-0.249375	0.166833	2.000000	1.000000	0	1	0	1.000000	0.000000	0.000000
ASV_410_16S_022_3	ASV_63_16S_3_200	1	ENV_NO3	0.373407	0.063806	-0.309600	0.066933	3.000000	1.000000	0	0	1	1.000000	0.000000	0.000000
OTU_1014_18S_022_3	ASV_63_16S_3_200	1	ENV_NO3	0.326333	0.460896	0.134564	nan	3.000000	1.000000	0	0	1	1.000000	0.000000	0.000000
ASV_50_16S_022_3	ASV_66_16S_3_200	1	ENV_NO3	0.611593	0.373041	-0.238552	0.600400	3.000000	1.000000	0	0	1	1.000000	0.000000	0.000000
ASV_189_16S_022_3	ASV_66_16S_3_200	1	ENV_NO3	0.626880	0.264596	-0.362285	0.701299	3.000000	1.000000	0	0	1	1.000000	0.000000	0.000000
ASV_416_16S_022_3	ASV_66_16S_3_200	1	ENV_NO3	0.450366	0.673369	0.223003	nan	3.000000	1.000000	0	0	1	1.000000	0.000000	0.000000
ASV_585_16S_022_3	ASV_66_16S_3_200	1	ENV_NO3	0.529144	0.000000	-0.529144	0.400599	3.000000	1.000000	0	0	1	1.000000	0.000000	0.000000
ASV_84_16S_022_3	ASV_84_16S_3_200	1	ENV_NO3	0.657883	0.384416	-0.273467	0.299700	3.000000	1.000000	0	0	1	1.000000	0.000000	0.000000
ASV_918_16S_022_3	ASV_84_16S_3_200	1	ENV_NO3	0.431717	0.295822	-0.135895	0.233766	3.000000	1.000000	0	0	1	1.000000	0.000000	0.000000
OTU_217_18S_022_3	ASV_84_16S_3_200	1	ENV_NO3	0.444543	0.048465	-0.396079	0.100899	3.000000	1.000000	0	0	1	1.000000	0.000000	0.000000
ASV_85_16S_022_3	ASV_85_16S_3_200	1	ENV_NO3	0.469627	0.350969	-0.118658	0.232767	3.000000	1.000000	0	0	1	1.000000	0.000000	0.000000
ASV_1042_16S_022_3	ASV_96_16S_3_200	1	ENV_NO3	0.682767	0.086643	-0.596124	0.467532	3.000000	1.000000	0	0	1	1.000000	0.000000	0.000000
ASV_1401_16S_022_3	ASV_96_16S_3_200	1	ENV_NO3	0.599096	0.000000	-0.599096	1.000000	3.000000	1.000000	0	0	1	1.000000	0.000000	0.000000
OTU_2040_18S_022_3	ASV_96_16S_3_200	1	ENV_NO3	0.599096	0.000000	-0.599096	1.000000	3.000000	1.000000	0	0	1	1.000000	0.000000	0.000000
ASV_213_16S_022_3	ASV_101_16S_3_200	1	ENV_NO3	0.356297	0.000000	-0.356297	0.599401	3.000000	1.000000	0	0	1	1.000000	0.000000	0.000000
OTU_1769_18S_022_3	ASV_101_16S_3_200	1	ENV_NO3	0.356297	0.000000	-0.356297	0.665335	3.000000	1.000000	0	0	1	1.000000	0.000000	0.000000
ASV_51_16S_3_200	ASV_133_16S_3_200	1	ENV_NO3	0.645714	0.103820	-0.541894	0.034965	3.000000	1.000000	0	0	1	1.000000	0.000000	0.000000
ASV_113_16S_3_200	ASV_133_16S_3_200	1	ENV_NO3	0.454509	0.093676	-0.360833	0.000999	3.000000	1.000000	0	0	1	1.000000	0.000000	0.000000
ASV_139_16S_022_3	ASV_134_16S_3_200	1	ENV_NO3	0.704490	0.301316	-0.403174	0.367632	3.000000	1.000000	0	0	1	1.000000	0.000000	0.000000
ASV_218_16S_022_3	ASV_134_16S_3_200	1	ENV_NO3	0.700054	0.279514	-0.420540	0.299700	3.000000	1.000000	0	0	1	1.000000	0.000000	0.000000
ASV_134_16S_022_3	ASV_139_16S_3_200	1	ENV_NO3	0.711671	0.273618	-0.438053	0.635365	3.000000	1.000000	0	0	1	1.000000	0.000000	0.000000
ASV_134_16S_3_200	ASV_139_16S_3_200	1	ENV_NO3	0.891935	0.452800	-0.439135	0.568432	3.000000	1.000000	0	0	1	1.000000	0.000000	0.000000
ASV_641_16S_022_3	ASV_140_16S_3_200	1	ENV_NO3	0.669738	0.198272	-0.471466	0.332667	3.000000	1.000000	0	0	1	1.000000	0.000000	0.000000
ASV_1243_16S_022_3	ASV_140_16S_3_200	1	ENV_NO3	0.429916	1.282757	0.852840	nan	3.000000	1.000000	0	0	1	1.000000	0.000000	0.000000
ASV_1305_16S_022_3	ASV_140_16S_3_200	1	ENV_NO3	0.458990	0.099220	-0.359770	0.232767	3.000000	1.000000	0	0	1	1.000000	0.000000	0.000000
ASV_84_16S_3_200	ASV_140_16S_3_200	1	ENV_NO3	0.691540	0.241484	-0.450057	0.299700	3.000000	1.000000	0	0	1	1.000000	0.000000	0.000000
ASV_144_16S_022_3	ASV_144_16S_3_200	1	ENV_NO3	0.871665	0.384752	-0.486912	0.166833	3.000000	1.000000	0	0	1	1.000000	0.000000	0.000000
ASV_321_16S_022_3	ASV_144_16S_3_200	1	ENV_NO3	0.764793	0.357627	-0.407165	0.500500	3.000000	1.000000	0	0	1	1.000000	0.000000	0.000000
OTU_788_18S_022_3	ASV_144_16S_3_200	1	ENV_NO3	0.408700	0.233859	-0.174841	0.500500	3.000000	1.000000	0	0	1	1.000000	0.000000	0.000000
ASV_64_16S_022_3	ASV_152_16S_3_200	1	ENV_NO3	0.286821	0.422119	0.135298	nan	2.000000	1.000000	0	1	0	1.000000	0.000000	0.000000
ASV_47_16S_022_3	ASV_157_16S_3_200	1	ENV_NO3	0.493244	-0.050683	-0.543927	0.066933	3.000000	1.000000	0	0	1	1.000000	0.000000	0.000000
ASV_65_16S_022_3	ASV_157_16S_3_200	1	ENV_NO3	0.427738	-0.052384	-0.480122	0.033966	3.000000	1.000000	0	0	1	1.000000	0.000000	0.000000
ASV_258_16S_022_3	ASV_157_16S_3_200	1	ENV_NO3	0.496452	0.011987	-0.484465	0.000999	3.000000	1.000000	0	0	1	1.000000	0.000000	0.000000
ASV_17_16S_022_3	ASV_166_16S_3_200	1	ENV_NO3	0.154589	0.020456	-0.134133	0.168831	2.000000	1.000000	0	1	0	1.000000	0.000000	0.000000
ASV_1146_16S_022_3	ASV_166_16S_3_200	1	ENV_NO3	0.555880	0.037533	-0.518347	0.734266	3.000000	1.000000	0	0	1	1.000000	0.000000	0.000000
OTU_1195_18S_022_3	ASV_176_16S_3_200	1	ENV_NO3	0.429122	-0.037898	-0.467020	0.100899	3.000000	1.000000	0	0	1	1.000000	0.000000	0.000000
ASV_168_16S_022_3	ASV_180_16S_3_200	1	ENV_NO3	0.587002	0.243553	-0.343449	0.234765	3.000000	1.000000	0	0	1	1.000000	0.000000	0.000000
ASV_180_16S_022_3	ASV_180_16S_3_200	1	ENV_NO3	0.645336	0.136809	-0.508527	0.233766	3.000000	1.000000	0	0	1	1.000000	0.000000	0.000000
ASV_479_16S_022_3	ASV_192_16S_3_200	1	ENV_NO3	0.743365	0.019583	-0.723782	0.266733	3.000000	1.000000	0	0	1	1.000000	0.000000	0.000000
ASV_585_16S_022_3	ASV_192_16S_3_200	1	ENV_NO3	0.866319	0.000000	-0.866319	0.599401	3.000000	1.000000	0	0	1	1.000000	0.000000	0.000000
ASV_215_16S_022_3	ASV_215_16S_3_200	1	ENV_NO3	0.397538	0.251028	-0.146509	0.532468	3.000000	1.000000	0	0	1	1.000000	0.000000	0.000000
ASV_325_16S_022_3	ASV_216_16S_3_200	1	ENV_NO3	0.630431	0.475416	-0.155015	0.133866	3.000000	1.000000	0	0	1	1.000000	0.000000	0.000000
ASV_1_16S_022_3	ASV_227_16S_3_200	1	ENV_NO3	0.333309	0.113972	-0.219338	0.434565	2.000000	1.000000	0	1	0	1.000000	0.000000	0.000000
ASV_415_16S_022_3	ASV_227_16S_3_200	1	ENV_NO3	0.761790	0.513965	-0.247825	0.766234	3.000000	1.000000	0	0	1	1.000000	0.000000	0.000000
ASV_715_16S_022_3	ASV_227_16S_3_200	1	ENV_NO3	0.757523	0.300280	-0.457243	0.767233	3.000000	1.000000	0	0	1	1.000000	0.000000	0.000000
ASV_161_16S_022_3	ASV_235_16S_3_200	1	ENV_NO3	0.844438	0.174988	-0.669450	0.632368	3.000000	1.000000	0	0	1	1.000000	0.000000	0.000000
ASV_345_16S_022_3	ASV_235_16S_3_200	1	ENV_NO3	0.676999	0.042569	-0.634430	0.198801	3.000000	1.000000	0	0	1	1.000000	0.000000	0.000000
ASV_237_16S_022_3	ASV_237_16S_3_200	1	ENV_NO3	0.486551	0.159334	-0.327217	0.100899	3.000000	1.000000	0	0	1	1.000000	0.000000	0.000000
ASV_1092_16S_022_3	ASV_255_16S_3_200	1	ENV_NO3	0.415326	0.068890	-0.346436	0.000999	3.000000	1.000000	0	0	1	1.000000	0.000000	0.000000
ASV_267_16S_022_3	ASV_267_16S_3_200	1	ENV_NO3	0.567616	0.079047	-0.488569	0.468531	3.000000	1.000000	0	0	1	1.000000	0.000000	0.000000
OTU_1014_18S_022_3	ASV_267_16S_3_200	1	ENV_NO3	0.480980	0.093946	-0.387034	0.335664	3.000000	1.000000	0	0	1	1.000000	0.000000	0.000000
ASV_739_16S_022_3	ASV_269_16S_3_200	1	ENV_NO3	0.630511	0.127511	-0.502999	0.667333	3.000000	1.000000	0	0	1	1.000000	0.000000	0.000000
ASV_321_16S_022_3	ASV_274_16S_3_200	1	ENV_NO3	0.874549	0.459880	-0.414669	0.666334	3.000000	1.000000	0	0	1	1.000000	0.000000	0.000000
ASV_283_16S_022_3	ASV_283_16S_3_200	1	ENV_NO3	0.458885	0.040868	-0.418018	0.067932	3.000000	1.000000	0	0	1	1.000000	0.000000	0.000000
ASV_658_16S_022_3	ASV_283_16S_3_200	1	ENV_NO3	0.435861	0.000000	-0.435861	0.733267	3.000000	1.000000	0	0	1	1.000000	0.000000	0.000000
ASV_140_16S_3_200	ASV_286_16S_3_200	1	ENV_NO3	0.590836	0.000000	-0.590836	0.200799	3.000000	1.000000	0	0	1	1.000000	0.000000	0.000000
ASV_102_16S_022_3	ASV_294_16S_3_200	1	ENV_NO3	0.401058	0.067060	-0.333998	0.668332	3.000000	1.000000	0	0	1	1.000000	0.000000	0.000000
ASV_297_16S_022_3	ASV_297_16S_3_200	1	ENV_NO3	0.860565	0.185549	-0.675016	0.000999	3.000000	1.000000	0	0	1	1.000000	0.000000	0.000000
ASV_298_16S_022_3	ASV_298_16S_3_200	1	ENV_NO3	0.335454	0.495598	0.160144	nan	3.000000	1.000000	0	0	1	1.000000	0.000000	0.000000
OTU_1834_18S_022_3	ASV_298_16S_3_200	1	ENV_NO3	0.285449	0.000000	-0.285449	0.934066	3.000000	1.000000	0	0	1	1.000000	0.000000	0.000000
ASV_585_16S_022_3	ASV_300_16S_3_200	1	ENV_NO3	0.682504	0.020572	-0.661933	0.000999	3.000000	1.000000	0	0	1	1.000000	0.000000	0.000000
ASV_248_16S_3_200	ASV_300_16S_3_200	1	ENV_NO3	0.688367	0.145394	-0.542974	0.067932	3.000000	1.000000	0	0	1	1.000000	0.000000	0.000000
ASV_67_16S_022_3	ASV_307_16S_3_200	1	ENV_NO3	0.551409	0.169186	-0.382223	0.167832	3.000000	1.000000	0	0	1	1.000000	0.000000	0.000000
ASV_307_16S_022_3	ASV_307_16S_3_200	1	ENV_NO3	0.445950	0.093158	-0.352792	0.267732	3.000000	1.000000	0	0	1	1.000000	0.000000	0.000000
ASV_134_16S_3_200	ASV_307_16S_3_200	1	ENV_NO3	0.801843	0.177789	-0.624054	0.033966	3.000000	1.000000	0	0	1	1.000000	0.000000	0.000000
ASV_486_16S_022_3	ASV_321_16S_3_200	1	ENV_NO3	0.654233	0.142187	-0.512046	0.165834	3.000000	1.000000	0	0	1	1.000000	0.000000	0.000000
ASV_137_16S_022_3	ASV_337_16S_3_200	1	ENV_NO3	0.471596	0.000000	-0.471596	0.467532	3.000000	1.000000	0	0	1	1.000000	0.000000	0.000000
ASV_312_16S_022_3	ASV_337_16S_3_200	1	ENV_NO3	0.556636	0.011987	-0.544649	0.301698	3.000000	1.000000	0	0	1	1.000000	0.000000	0.000000
ASV_479_16S_022_3	ASV_337_16S_3_200	1	ENV_NO3	0.731131	0.191882	-0.539249	0.701299	3.000000	1.000000	0	0	1	1.000000	0.000000	0.000000
ASV_976_16S_022_3	ASV_345_16S_3_200	1	ENV_NO3	0.643381	0.050166	-0.593216	0.033966	3.000000	1.000000	0	0	1	1.000000	0.000000	0.000000
OTU_1154_18S_022_3	ASV_345_16S_3_200	1	ENV_NO3	0.391395	0.127511	-0.263883	0.400599	3.000000	1.000000	0	0	1	1.000000	0.000000	0.000000
ASV_216_16S_3_200	ASV_345_16S_3_200	1	ENV_NO3	0.653565	0.071450	-0.582115	0.000999	3.000000	1.000000	0	0	1	1.000000	0.000000	0.000000
ASV_1050_16S_022_3	ASV_348_16S_3_200	1	ENV_NO3	0.466574	-0.009298	-0.475872	0.067932	3.000000	1.000000	0	0	1	1.000000	0.000000	0.000000
OTU_1961_18S_022_3	ASV_348_16S_3_200	1	ENV_NO3	0.619620	0.000000	-0.619620	0.899101	3.000000	1.000000	0	0	1	1.000000	0.000000	0.000000
ASV_1687_16S_022_3	ASV_364_16S_3_200	1	ENV_NO3	0.358285	0.474085	0.115800	nan	3.000000	1.000000	0	0	1	1.000000	0.000000	0.000000
ASV_216_16S_022_3	ASV_365_16S_3_200	1	ENV_NO3	0.773606	0.261631	-0.511974	0.365634	3.000000	1.000000	0	0	1	1.000000	0.000000	0.000000
ASV_345_16S_022_3	ASV_365_16S_3_200	1	ENV_NO3	0.828484	0.326473	-0.502011	0.398601	3.000000	1.000000	0	0	1	1.000000	0.000000	0.000000
ASV_537_16S_022_3	ASV_365_16S_3_200	1	ENV_NO3	0.758438	0.182584	-0.575854	0.532468	3.000000	1.000000	0	0	1	1.000000	0.000000	0.000000
ASV_746_16S_022_3	ASV_365_16S_3_200	1	ENV_NO3	0.567910	0.165172	-0.402737	0.431568	3.000000	1.000000	0	0	1	1.000000	0.000000	0.000000
ASV_274_16S_3_200	ASV_365_16S_3_200	1	ENV_NO3	0.909923	0.384752	-0.525171	0.665335	3.000000	1.000000	0	0	1	1.000000	0.000000	0.000000
ASV_60_16S_022_3	ASV_379_16S_3_200	1	ENV_NO3	0.542557	0.202168	-0.340389	0.867133	3.000000	1.000000	0	0	1	1.000000	0.000000	0.000000
ASV_920_16S_022_3	ASV_390_16S_3_200	1	ENV_NO3	0.558342	0.082724	-0.475618	0.434565	3.000000	1.000000	0	0	1	1.000000	0.000000	0.000000
ASV_321_16S_022_3	ASV_400_16S_3_200	1	ENV_NO3	0.641201	0.281215	-0.359987	0.300699	3.000000	1.000000	0	0	1	1.000000	0.000000	0.000000
ASV_868_16S_022_3	ASV_400_16S_3_200	1	ENV_NO3	0.595803	0.145247	-0.450556	0.200799	3.000000	1.000000	0	0	1	1.000000	0.000000	0.000000
ASV_284_16S_022_3	ASV_405_16S_3_200	1	ENV_NO3	0.910932	0.273618	-0.637314	0.732268	3.000000	1.000000	0	0	1	1.000000	0.000000	0.000000
ASV_452_16S_022_3	ASV_405_16S_3_200	1	ENV_NO3	0.850669	-0.019583	-0.870252	0.601399	3.000000	1.000000	0	0	1	1.000000	0.000000	0.000000
ASV_390_16S_3_200	ASV_412_16S_3_200	1	ENV_NO3	0.670185	0.126281	-0.543904	0.166833	3.000000	1.000000	0	0	1	1.000000	0.000000	0.000000
ASV_337_16S_022_3	ASV_413_16S_3_200	1	ENV_NO3	0.436351	0.008909	-0.427442	0.101898	3.000000	1.000000	0	0	1	1.000000	0.000000	0.000000
ASV_15_16S_022_3	ASV_414_16S_3_200	1	ENV_NO3	0.466822	0.500859	0.034037	nan	3.000000	1.000000	0	0	1	1.000000	0.000000	0.000000
ASV_32_16S_022_3	ASV_414_16S_3_200	1	ENV_NO3	0.414580	0.839037	0.424457	nan	3.000000	1.000000	0	0	1	1.000000	0.000000	0.000000
ASV_369_16S_022_3	ASV_431_16S_3_200	1	ENV_NO3	0.682344	0.244542	-0.437803	0.534466	3.000000	1.000000	0	0	1	1.000000	0.000000	0.000000
ASV_1379_16S_022_3	ASV_431_16S_3_200	1	ENV_NO3	0.404061	0.799374	0.395313	nan	3.000000	1.000000	0	0	1	1.000000	0.000000	0.000000
ASV_400_16S_3_200	ASV_431_16S_3_200	1	ENV_NO3	0.691320	0.338977	-0.352343	0.701299	3.000000	1.000000	0	0	1	1.000000	0.000000	0.000000
ASV_310_16S_022_3	ASV_437_16S_3_200	1	ENV_NO3	0.613468	0.337276	-0.276192	0.700300	3.000000	1.000000	0	0	1	1.000000	0.000000	0.000000
ASV_84_16S_022_3	ASV_448_16S_3_200	1	ENV_NO3	0.465453	0.000000	-0.465453	0.434565	3.000000	1.000000	0	0	1	1.000000	0.000000	0.000000
ASV_78_16S_022_3	ASV_459_16S_3_200	1	ENV_NO3	0.336309	0.079047	-0.257262	0.199800	3.000000	1.000000	0	0	1	1.000000	0.000000	0.000000
ASV_370_16S_022_3	ASV_462_16S_3_200	1	ENV_NO3	0.764500	0.396222	-0.368279	0.466533	3.000000	1.000000	0	0	1	1.000000	0.000000	0.000000
ASV_78_16S_022_3	ASV_464_16S_3_200	1	ENV_NO3	0.390525	0.086643	-0.303882	0.733267	3.000000	1.000000	0	0	1	1.000000	0.000000	0.000000
ASV_74_16S_022_3	ASV_467_16S_3_200	1	ENV_NO3	0.366848	0.021284	-0.345564	0.266733	2.000000	1.000000	0	1	0	1.000000	0.000000	0.000000
OTU_69_18S_022_3	ASV_467_16S_3_200	1	ENV_NO3	0.493105	0.067060	-0.426045	0.299700	3.000000	1.000000	0	0	1	1.000000	0.000000	0.000000
OTU_938_18S_022_3	ASV_473_16S_3_200	1	ENV_NO3	0.554875	0.000000	-0.554875	0.133866	3.000000	1.000000	0	0	1	1.000000	0.000000	0.000000
ASV_274_16S_3_200	ASV_473_16S_3_200	1	ENV_NO3	0.735721	0.119915	-0.615807	0.301698	3.000000	1.000000	0	0	1	1.000000	0.000000	0.000000
ASV_378_16S_022_3	ASV_483_16S_3_200	1	ENV_NO3	0.428789	0.174529	-0.254260	0.434565	3.000000	1.000000	0	0	1	1.000000	0.000000	0.000000
OTU_1561_18S_022_3	ASV_483_16S_3_200	1	ENV_NO3	0.417007	0.000000	-0.417007	0.267732	3.000000	1.000000	0	0	1	1.000000	0.000000	0.000000
OTU_432_18S_022_3	ASV_488_16S_3_200	1	ENV_NO3	0.398636	0.178470	-0.220166	0.232767	3.000000	1.000000	0	0	1	1.000000	0.000000	0.000000
ASV_765_16S_022_3	ASV_491_16S_3_200	1	ENV_NO3	0.655580	0.000000	-0.655580	0.666334	3.000000	1.000000	0	0	1	1.000000	0.000000	0.000000
ASV_364_16S_3_200	ASV_491_16S_3_200	1	ENV_NO3	0.489853	-0.045776	-0.535628	0.166833	3.000000	1.000000	0	0	1	1.000000	0.000000	0.000000
OTU_1898_18S_022_3	ASV_501_16S_3_200	1	ENV_NO3	0.567243	0.211466	-0.355777	0.433566	3.000000	1.000000	0	0	1	1.000000	0.000000	0.000000
ASV_466_16S_022_3	ASV_515_16S_3_200	1	ENV_NO3	0.554214	0.274559	-0.279655	0.534466	3.000000	1.000000	0	0	1	1.000000	0.000000	0.000000
ASV_515_16S_022_3	ASV_515_16S_3_200	1	ENV_NO3	0.682221	0.213637	-0.468584	0.333666	3.000000	1.000000	0	0	1	1.000000	0.000000	0.000000
OTU_790_18S_022_3	ASV_515_16S_3_200	1	ENV_NO3	0.687448	1.015035	0.327587	nan	3.000000	1.000000	0	0	1	1.000000	0.000000	0.000000
ASV_1397_16S_022_3	ASV_523_16S_3_200	1	ENV_NO3	0.378113	0.115525	-0.262588	0.400599	3.000000	1.000000	0	0	1	1.000000	0.000000	0.000000
ASV_110_16S_022_3	ASV_537_16S_3_200	1	ENV_NO3	0.701606	0.237640	-0.463966	0.433566	3.000000	1.000000	0	0	1	1.000000	0.000000	0.000000
ASV_369_16S_022_3	ASV_537_16S_3_200	1	ENV_NO3	0.682767	0.245725	-0.437042	0.500500	3.000000	1.000000	0	0	1	1.000000	0.000000	0.000000
ASV_805_16S_022_3	ASV_537_16S_3_200	1	ENV_NO3	0.582530	0.294902	-0.287628	0.666334	3.000000	1.000000	0	0	1	1.000000	0.000000	0.000000
ASV_88_16S_022_3	ASV_559_16S_3_200	1	ENV_NO3	0.645714	0.000000	-0.645714	1.000000	3.000000	1.000000	0	0	1	1.000000	0.000000	0.000000
ASV_101_16S_022_3	ASV_559_16S_3_200	1	ENV_NO3	0.509481	0.081736	-0.427745	0.000999	3.000000	1.000000	0	0	1	1.000000	0.000000	0.000000
ASV_1382_16S_022_3	ASV_559_16S_3_200	1	ENV_NO3	0.589045	0.000000	-0.589045	1.000000	3.000000	1.000000	0	0	1	1.000000	0.000000	0.000000
ASV_576_16S_022_3	ASV_576_16S_3_200	1	ENV_NO3	0.789639	0.415334	-0.374305	0.366633	3.000000	1.000000	0	0	1	1.000000	0.000000	0.000000
OTU_537_18S_022_3	ASV_576_16S_3_200	1	ENV_NO3	0.597818	0.129683	-0.468135	0.300699	3.000000	1.000000	0	0	1	1.000000	0.000000	0.000000
ASV_294_16S_3_200	ASV_576_16S_3_200	1	ENV_NO3	0.653909	0.100331	-0.553578	0.000999	3.000000	1.000000	0	0	1	1.000000	0.000000	0.000000
ASV_1254_16S_022_3	ASV_610_16S_3_200	1	ENV_NO3	0.425809	0.000000	-0.425809	1.000000	3.000000	1.000000	0	0	1	1.000000	0.000000	0.000000
OTU_2680_18S_022_3	ASV_610_16S_3_200	1	ENV_NO3	0.541334	0.000000	-0.541334	1.000000	3.000000	1.000000	0	0	1	1.000000	0.000000	0.000000
ASV_49_16S_022_3	ASV_624_16S_3_200	1	ENV_NO3	0.599698	0.023974	-0.575724	0.033966	3.000000	1.000000	0	0	1	1.000000	0.000000	0.000000
ASV_570_16S_022_3	ASV_624_16S_3_200	1	ENV_NO3	0.574887	0.093723	-0.481164	0.066933	3.000000	1.000000	0	0	1	1.000000	0.000000	0.000000
ASV_1584_16S_022_3	ASV_624_16S_3_200	1	ENV_NO3	0.504095	0.204386	-0.299709	0.399600	3.000000	1.000000	0	0	1	1.000000	0.000000	0.000000
ASV_320_16S_022_3	ASV_628_16S_3_200	1	ENV_NO3	0.630673	0.264432	-0.366242	0.165834	3.000000	1.000000	0	0	1	1.000000	0.000000	0.000000
ASV_235_16S_3_200	ASV_628_16S_3_200	1	ENV_NO3	0.723064	0.047476	-0.675588	0.033966	3.000000	1.000000	0	0	1	1.000000	0.000000	0.000000
ASV_58_16S_022_3	ASV_630_16S_3_200	1	ENV_NO3	0.115956	0.033529	-0.082427	0.267732	2.000000	1.000000	0	1	0	1.000000	0.000000	0.000000
ASV_1446_16S_022_3	ASV_630_16S_3_200	1	ENV_NO3	0.542094	-0.083954	-0.626048	0.066933	3.000000	1.000000	0	0	1	1.000000	0.000000	0.000000
ASV_176_16S_3_200	ASV_630_16S_3_200	1	ENV_NO3	0.270908	0.043258	-0.227650	0.033966	2.000000	1.000000	0	1	0	1.000000	0.000000	0.000000
OTU_1154_18S_022_3	ASV_650_16S_3_200	1	ENV_NO3	0.358190	0.035960	-0.322230	0.334665	3.000000	1.000000	0	0	1	1.000000	0.000000	0.000000
ASV_459_16S_3_200	ASV_650_16S_3_200	1	ENV_NO3	0.511933	0.278525	-0.233407	0.668332	3.000000	1.000000	0	0	1	1.000000	0.000000	0.000000
OTU_2135_18S_022_3	ASV_651_16S_3_200	1	ENV_NO3	0.484794	0.057762	-0.427032	0.466533	3.000000	1.000000	0	0	1	1.000000	0.000000	0.000000
ASV_334_16S_022_3	ASV_662_16S_3_200	1	ENV_NO3	0.744280	0.148601	-0.595680	0.133866	3.000000	1.000000	0	0	1	1.000000	0.000000	0.000000
ASV_499_16S_022_3	ASV_662_16S_3_200	1	ENV_NO3	0.739521	0.311908	-0.427612	0.435564	3.000000	1.000000	0	0	1	1.000000	0.000000	0.000000
ASV_390_16S_3_200	ASV_662_16S_3_200	1	ENV_NO3	0.809810	0.130005	-0.679804	0.199800	3.000000	1.000000	0	0	1	1.000000	0.000000	0.000000
ASV_624_16S_3_200	ASV_662_16S_3_200	1	ENV_NO3	0.716510	0.314244	-0.402267	0.067932	3.000000	1.000000	0	0	1	1.000000	0.000000	0.000000
ASV_357_16S_022_3	ASV_663_16S_3_200	1	ENV_NO3	0.590836	0.000000	-0.590836	0.066933	3.000000	1.000000	0	0	1	1.000000	0.000000	0.000000
ASV_40_16S_3_200	ASV_663_16S_3_200	1	ENV_NO3	0.437213	0.203994	-0.233219	0.600400	3.000000	1.000000	0	0	1	1.000000	0.000000	0.000000
ASV_459_16S_3_200	ASV_663_16S_3_200	1	ENV_NO3	0.555537	0.293201	-0.262336	0.400599	3.000000	1.000000	0	0	1	1.000000	0.000000	0.000000
ASV_630_16S_3_200	ASV_663_16S_3_200	1	ENV_NO3	0.497113	0.111605	-0.385508	0.332667	3.000000	1.000000	0	0	1	1.000000	0.000000	0.000000
ASV_102_16S_022_3	ASV_673_16S_3_200	1	ENV_NO3	0.554875	-0.080329	-0.635204	0.732268	3.000000	1.000000	0	0	1	1.000000	0.000000	0.000000
ASV_664_16S_022_3	ASV_673_16S_3_200	1	ENV_NO3	0.444736	-0.157675	-0.602411	0.400599	3.000000	1.000000	0	0	1	1.000000	0.000000	0.000000
ASV_673_16S_022_3	ASV_673_16S_3_200	1	ENV_NO3	0.492737	-0.042150	-0.534887	0.933067	3.000000	1.000000	0	0	1	1.000000	0.000000	0.000000
OTU_4302_18S_022_3	ASV_673_16S_3_200	1	ENV_NO3	0.439968	-0.166972	-0.606940	0.601399	3.000000	1.000000	0	0	1	1.000000	0.000000	0.000000
ASV_449_16S_022_3	ASV_687_16S_3_200	1	ENV_NO3	0.256497	0.077865	-0.178632	0.398601	3.000000	1.000000	0	0	1	1.000000	0.000000	0.000000
ASV_2185_16S_022_3	ASV_687_16S_3_200	1	ENV_NO3	0.279048	-0.028881	-0.307929	0.600400	3.000000	1.000000	0	0	1	1.000000	0.000000	0.000000
OTU_1940_18S_022_3	ASV_687_16S_3_200	1	ENV_NO3	0.303303	-0.020229	-0.323532	0.532468	3.000000	1.000000	0	0	1	1.000000	0.000000	0.000000
ASV_431_16S_3_200	ASV_691_16S_3_200	1	ENV_NO3	0.364410	0.077346	-0.287064	0.534466	2.000000	1.000000	0	1	0	1.000000	0.000000	0.000000
ASV_705_16S_022_3	ASV_705_16S_3_200	1	ENV_NO3	0.428125	0.139498	-0.288627	0.232767	3.000000	1.000000	0	0	1	1.000000	0.000000	0.000000
ASV_755_16S_022_3	ASV_705_16S_3_200	1	ENV_NO3	0.430578	0.197260	-0.233318	0.801199	3.000000	1.000000	0	0	1	1.000000	0.000000	0.000000
ASV_1149_16S_022_3	ASV_705_16S_3_200	1	ENV_NO3	0.406323	0.105709	-0.300614	0.100899	3.000000	1.000000	0	0	1	1.000000	0.000000	0.000000
OTU_1828_18S_022_3	ASV_705_16S_3_200	1	ENV_NO3	0.372816	0.040868	-0.331948	0.199800	3.000000	1.000000	0	0	1	1.000000	0.000000	0.000000
ASV_971_16S_022_3	ASV_706_16S_3_200	1	ENV_NO3	0.554214	0.281215	-0.272999	0.901099	3.000000	1.000000	0	0	1	1.000000	0.000000	0.000000
OTU_1263_18S_022_3	ASV_706_16S_3_200	1	ENV_NO3	0.499719	0.202168	-0.297551	0.467532	3.000000	1.000000	0	0	1	1.000000	0.000000	0.000000
ASV_145_16S_022_3	ASV_723_16S_3_200	1	ENV_NO3	0.654109	0.263332	-0.390777	0.600400	3.000000	1.000000	0	0	1	1.000000	0.000000	0.000000
ASV_847_16S_022_3	ASV_723_16S_3_200	1	ENV_NO3	0.725830	0.263137	-0.462693	0.400599	3.000000	1.000000	0	0	1	1.000000	0.000000	0.000000
ASV_889_16S_022_3	ASV_723_16S_3_200	1	ENV_NO3	0.493105	0.094953	-0.398152	0.399600	3.000000	1.000000	0	0	1	1.000000	0.000000	0.000000
OTU_318_18S_022_3	ASV_723_16S_3_200	1	ENV_NO3	0.573678	0.129017	-0.444661	0.465534	3.000000	1.000000	0	0	1	1.000000	0.000000	0.000000
OTU_393_18S_022_3	ASV_723_16S_3_200	1	ENV_NO3	0.754609	0.328691	-0.425918	0.799201	3.000000	1.000000	0	0	1	1.000000	0.000000	0.000000
OTU_1024_18S_022_3	ASV_755_16S_3_200	1	ENV_NO3	0.378099	0.000000	-0.378099	0.700300	3.000000	1.000000	0	0	1	1.000000	0.000000	0.000000
OTU_1893_18S_022_3	ASV_755_16S_3_200	1	ENV_NO3	0.483572	0.000000	-0.483572	1.000000	3.000000	1.000000	0	0	1	1.000000	0.000000	0.000000
ASV_379_16S_3_200	ASV_755_16S_3_200	1	ENV_NO3	0.599096	0.115525	-0.483572	0.533467	3.000000	1.000000	0	0	1	1.000000	0.000000	0.000000
ASV_75_16S_022_3	ASV_777_16S_3_200	1	ENV_NO3	0.458233	0.023974	-0.434259	0.634366	3.000000	1.000000	0	0	1	1.000000	0.000000	0.000000
ASV_579_16S_022_3	ASV_777_16S_3_200	1	ENV_NO3	0.542557	0.000000	-0.542557	0.600400	3.000000	1.000000	0	0	1	1.000000	0.000000	0.000000
ASV_286_16S_3_200	ASV_777_16S_3_200	1	ENV_NO3	0.509481	0.069749	-0.439731	0.567433	3.000000	1.000000	0	0	1	1.000000	0.000000	0.000000
ASV_472_16S_022_3	ASV_784_16S_3_200	1	ENV_NO3	0.383349	0.125293	-0.258056	0.568432	3.000000	1.000000	0	0	1	1.000000	0.000000	0.000000
OTU_790_18S_022_3	ASV_784_16S_3_200	1	ENV_NO3	0.562608	1.544193	0.981584	nan	3.000000	1.000000	0	0	1	1.000000	0.000000	0.000000
ASV_345_16S_3_200	ASV_787_16S_3_200	1	ENV_NO3	0.548062	-0.007597	-0.555659	0.367632	3.000000	1.000000	0	0	1	1.000000	0.000000	0.000000
ASV_473_16S_3_200	ASV_787_16S_3_200	1	ENV_NO3	0.483616	0.000000	-0.483616	0.466533	3.000000	1.000000	0	0	1	1.000000	0.000000	0.000000
ASV_297_16S_022_3	ASV_808_16S_3_200	1	ENV_NO3	0.590836	0.145394	-0.445442	0.067932	3.000000	1.000000	0	0	1	1.000000	0.000000	0.000000
ASV_542_16S_3_200	ASV_808_16S_3_200	1	ENV_NO3	0.525813	0.081736	-0.444077	0.067932	3.000000	1.000000	0	0	1	1.000000	0.000000	0.000000
ASV_884_16S_022_3	ASV_812_16S_3_200	1	ENV_NO3	0.735144	0.057762	-0.677382	0.167832	3.000000	1.000000	0	0	1	1.000000	0.000000	0.000000
ASV_886_16S_022_3	ASV_858_16S_3_200	1	ENV_NO3	0.487679	0.276307	-0.211372	0.666334	3.000000	1.000000	0	0	1	1.000000	0.000000	0.000000
ASV_1589_16S_022_3	ASV_863_16S_3_200	1	ENV_NO3	0.461770	0.000000	-0.461770	0.666334	3.000000	1.000000	0	0	1	1.000000	0.000000	0.000000
ASV_2127_16S_022_3	ASV_863_16S_3_200	1	ENV_NO3	0.425809	0.086643	-0.339166	0.733267	3.000000	1.000000	0	0	1	1.000000	0.000000	0.000000
ASV_297_16S_022_3	ASV_884_16S_3_200	1	ENV_NO3	0.518254	0.099618	-0.418635	0.000999	3.000000	1.000000	0	0	1	1.000000	0.000000	0.000000
ASV_566_16S_022_3	ASV_884_16S_3_200	1	ENV_NO3	0.691540	0.122604	-0.568937	0.000999	3.000000	1.000000	0	0	1	1.000000	0.000000	0.000000
OTU_624_18S_022_3	ASV_884_16S_3_200	1	ENV_NO3	0.399014	0.163472	-0.235543	0.233766	3.000000	1.000000	0	0	1	1.000000	0.000000	0.000000
ASV_112_16S_022_3	ASV_888_16S_3_200	1	ENV_NO3	0.519532	0.000000	-0.519532	0.465534	3.000000	1.000000	0	0	1	1.000000	0.000000	0.000000
ASV_1254_16S_022_3	ASV_888_16S_3_200	1	ENV_NO3	0.673006	0.086643	-0.586362	0.000999	3.000000	1.000000	0	0	1	1.000000	0.000000	0.000000
ASV_1415_16S_022_3	ASV_888_16S_3_200	1	ENV_NO3	0.519532	0.086643	-0.432889	0.267732	3.000000	1.000000	0	0	1	1.000000	0.000000	0.000000
ASV_152_16S_3_200	ASV_903_16S_3_200	1	ENV_NO3	0.257908	0.000000	-0.257908	0.866134	1.000000	0.000000	1	0	0	1.000000	0.000000	0.000000
ASV_675_16S_022_3	ASV_905_16S_3_200	1	ENV_NO3	0.589045	0.086643	-0.502401	0.901099	3.000000	1.000000	0	0	1	1.000000	0.000000	0.000000
ASV_1223_16S_022_3	ASV_905_16S_3_200	1	ENV_NO3	0.519532	0.000000	-0.519532	0.767233	3.000000	1.000000	0	0	1	1.000000	0.000000	0.000000
ASV_2023_16S_022_3	ASV_905_16S_3_200	1	ENV_NO3	0.408776	0.124822	-0.283954	0.667333	3.000000	1.000000	0	0	1	1.000000	0.000000	0.000000
ASV_95_16S_022_3	ASV_904_16S_3_200	1	ENV_NO3	0.272728	0.023974	-0.248755	0.367632	2.000000	1.000000	0	1	0	1.000000	0.000000	0.000000
ASV_135_16S_022_3	ASV_904_16S_3_200	1	ENV_NO3	0.251022	0.081736	-0.169286	0.634366	3.000000	1.000000	0	0	1	1.000000	0.000000	0.000000
OTU_662_18S_022_3	ASV_904_16S_3_200	1	ENV_NO3	0.264890	0.086643	-0.178247	0.633367	3.000000	1.000000	0	0	1	1.000000	0.000000	0.000000
OTU_2160_18S_022_3	ASV_904_16S_3_200	1	ENV_NO3	0.379321	0.139498	-0.239823	0.398601	3.000000	1.000000	0	0	1	1.000000	0.000000	0.000000
ASV_128_16S_022_3	ASV_910_16S_3_200	1	ENV_NO3	0.492359	0.076358	-0.416001	0.534466	3.000000	1.000000	0	0	1	1.000000	0.000000	0.000000
ASV_81_16S_022_3	ASV_912_16S_3_200	1	ENV_NO3	0.397259	0.157898	-0.239361	0.167832	3.000000	1.000000	0	0	1	1.000000	0.000000	0.000000
OTU_313_18S_022_3	ASV_912_16S_3_200	1	ENV_NO3	0.483711	0.154691	-0.329019	0.368631	3.000000	1.000000	0	0	1	1.000000	0.000000	0.000000
ASV_377_16S_022_3	ASV_932_16S_3_200	1	ENV_NO3	0.353903	0.086643	-0.267260	0.000999	3.000000	1.000000	0	0	1	1.000000	0.000000	0.000000
ASV_688_16S_022_3	ASV_932_16S_3_200	1	ENV_NO3	0.495322	0.173287	-0.322035	0.299700	3.000000	1.000000	0	0	1	1.000000	0.000000	0.000000
ASV_932_16S_022_3	ASV_932_16S_3_200	1	ENV_NO3	0.646807	0.173287	-0.473520	0.000999	3.000000	1.000000	0	0	1	1.000000	0.000000	0.000000
ASV_1643_16S_022_3	ASV_932_16S_3_200	1	ENV_NO3	0.310299	0.000000	-0.310299	1.000000	3.000000	1.000000	0	0	1	1.000000	0.000000	0.000000
ASV_1734_16S_022_3	ASV_949_16S_3_200	1	ENV_NO3	0.519532	0.000000	-0.519532	1.000000	3.000000	1.000000	0	0	1	1.000000	0.000000	0.000000
OTU_1762_18S_022_3	ASV_949_16S_3_200	1	ENV_NO3	0.541334	0.000000	-0.541334	0.331668	3.000000	1.000000	0	0	1	1.000000	0.000000	0.000000
ASV_1587_16S_022_3	ASV_972_16S_3_200	1	ENV_NO3	0.434974	0.000000	-0.434974	1.000000	3.000000	1.000000	0	0	1	1.000000	0.000000	0.000000
ASV_1446_16S_022_3	ASV_1029_16S_3_200	1	ENV_NO3	0.472591	0.505185	0.032594	nan	3.000000	1.000000	0	0	1	1.000000	0.000000	0.000000
ASV_213_16S_022_3	ASV_1067_16S_3_200	1	ENV_NO3	0.439968	0.105709	-0.334258	0.000999	3.000000	1.000000	0	0	1	1.000000	0.000000	0.000000
ASV_1147_16S_022_3	ASV_1067_16S_3_200	1	ENV_NO3	0.567243	0.000000	-0.567243	1.000000	3.000000	1.000000	0	0	1	1.000000	0.000000	0.000000
ASV_1693_16S_022_3	ASV_1071_16S_3_200	1	ENV_NO3	0.439968	-0.067060	-0.507028	0.199800	3.000000	1.000000	0	0	1	1.000000	0.000000	0.000000
OTU_2439_18S_022_3	ASV_1071_16S_3_200	1	ENV_NO3	0.519532	-0.099912	-0.619444	0.866134	3.000000	1.000000	0	0	1	1.000000	0.000000	0.000000
ASV_157_16S_3_200	ASV_1071_16S_3_200	1	ENV_NO3	0.404007	0.122604	-0.281404	0.000999	3.000000	1.000000	0	0	1	1.000000	0.000000	0.000000
ASV_1569_16S_022_3	ASV_1076_16S_3_200	1	ENV_NO3	0.521848	0.000000	-0.521848	0.933067	3.000000	1.000000	0	0	1	1.000000	0.000000	0.000000
ASV_96_16S_3_200	ASV_1076_16S_3_200	1	ENV_NO3	0.601412	0.000000	-0.601412	0.800200	3.000000	1.000000	0	0	1	1.000000	0.000000	0.000000
ASV_1055_16S_022_3	ASV_1107_16S_3_200	1	ENV_NO3	0.625005	0.067060	-0.557945	0.468531	3.000000	1.000000	0	0	1	1.000000	0.000000	0.000000
ASV_1394_16S_022_3	ASV_1107_16S_3_200	1	ENV_NO3	0.603203	0.000000	-0.603203	0.866134	3.000000	1.000000	0	0	1	1.000000	0.000000	0.000000
ASV_1560_16S_022_3	ASV_1107_16S_3_200	1	ENV_NO3	0.590836	0.213166	-0.377669	0.666334	3.000000	1.000000	0	0	1	1.000000	0.000000	0.000000
ASV_2181_16S_022_3	ASV_1107_16S_3_200	1	ENV_NO3	0.487679	0.000000	-0.487679	1.000000	3.000000	1.000000	0	0	1	1.000000	0.000000	0.000000
ASV_389_16S_022_3	ASV_1117_16S_3_200	1	ENV_NO3	0.735144	0.143888	-0.591256	0.399600	3.000000	1.000000	0	0	1	1.000000	0.000000	0.000000
ASV_803_16S_022_3	ASV_1117_16S_3_200	1	ENV_NO3	0.731877	0.023974	-0.707903	0.300699	3.000000	1.000000	0	0	1	1.000000	0.000000	0.000000
ASV_1676_16S_022_3	ASV_1117_16S_3_200	1	ENV_NO3	0.648598	0.040868	-0.607730	0.099900	3.000000	1.000000	0	0	1	1.000000	0.000000	0.000000
ASV_13_16S_022_3	ASV_1124_16S_3_200	1	ENV_NO3	0.403306	0.664508	0.261202	nan	3.000000	1.000000	0	0	1	1.000000	0.000000	0.000000
ASV_297_16S_3_200	ASV_1124_16S_3_200	1	ENV_NO3	0.447840	0.420518	-0.027322	0.332667	3.000000	1.000000	0	0	1	1.000000	0.000000	0.000000
ASV_513_16S_022_3	ASV_1137_16S_3_200	1	ENV_NO3	0.391395	0.028881	-0.362514	0.599401	3.000000	1.000000	0	0	1	1.000000	0.000000	0.000000
ASV_173_16S_022_3	ASV_1138_16S_3_200	1	ENV_NO3	0.541438	-0.057762	-0.599200	0.033966	3.000000	1.000000	0	0	1	1.000000	0.000000	0.000000
ASV_673_16S_022_3	ASV_1138_16S_3_200	1	ENV_NO3	0.615243	0.057762	-0.557481	0.733267	3.000000	1.000000	0	0	1	1.000000	0.000000	0.000000
OTU_100_18S_022_3	ASV_1138_16S_3_200	1	ENV_NO3	0.579283	0.069749	-0.509534	0.201798	3.000000	1.000000	0	0	1	1.000000	0.000000	0.000000
OTU_940_18S_022_3	ASV_1138_16S_3_200	1	ENV_NO3	0.346245	0.000000	-0.346245	0.767233	3.000000	1.000000	0	0	1	1.000000	0.000000	0.000000
OTU_1509_18S_022_3	ASV_1193_16S_3_200	1	ENV_NO3	0.493623	0.086643	-0.406980	0.267732	3.000000	1.000000	0	0	1	1.000000	0.000000	0.000000
ASV_1203_16S_022_3	ASV_1203_16S_3_200	1	ENV_NO3	0.546102	0.115525	-0.430578	0.668332	3.000000	1.000000	0	0	1	1.000000	0.000000	0.000000
ASV_2653_16S_022_3	ASV_1203_16S_3_200	1	ENV_NO3	0.656858	0.000000	-0.656858	0.766234	3.000000	1.000000	0	0	1	1.000000	0.000000	0.000000
ASV_815_16S_022_3	ASV_1215_16S_3_200	1	ENV_NO3	0.636698	0.000000	-0.636698	0.401598	3.000000	1.000000	0	0	1	1.000000	0.000000	0.000000
OTU_105_18S_022_3	ASV_1215_16S_3_200	1	ENV_NO3	0.744747	0.086643	-0.658104	0.467532	3.000000	1.000000	0	0	1	1.000000	0.000000	0.000000
OTU_729_18S_022_3	ASV_1215_16S_3_200	1	ENV_NO3	0.722945	0.115525	-0.607421	0.768232	3.000000	1.000000	0	0	1	1.000000	0.000000	0.000000
ASV_817_16S_022_3	ASV_1220_16S_3_200	1	ENV_NO3	0.666565	0.000000	-0.666565	1.000000	3.000000	1.000000	0	0	1	1.000000	0.000000	0.000000
ASV_321_16S_3_200	ASV_1220_16S_3_200	1	ENV_NO3	0.680302	0.172769	-0.507532	0.433566	3.000000	1.000000	0	0	1	1.000000	0.000000	0.000000
ASV_1227_16S_022_3	ASV_1227_16S_3_200	1	ENV_NO3	0.317659	0.115525	-0.202135	0.433566	3.000000	1.000000	0	0	1	1.000000	0.000000	0.000000
ASV_104_16S_022_3	ASV_1226_16S_3_200	1	ENV_NO3	0.325418	0.069749	-0.255668	0.733267	2.000000	1.000000	0	1	0	1.000000	0.000000	0.000000
ASV_295_16S_022_3	ASV_1251_16S_3_200	1	ENV_NO3	0.431045	0.163989	-0.267056	0.801199	3.000000	1.000000	0	0	1	1.000000	0.000000	0.000000
ASV_1407_16S_022_3	ASV_1251_16S_3_200	1	ENV_NO3	0.728162	0.000000	-0.728162	1.000000	3.000000	1.000000	0	0	1	1.000000	0.000000	0.000000
OTU_646_18S_022_3	ASV_1251_16S_3_200	1	ENV_NO3	0.567243	0.173287	-0.393956	0.569431	3.000000	1.000000	0	0	1	1.000000	0.000000	0.000000
ASV_390_16S_3_200	ASV_1251_16S_3_200	1	ENV_NO3	0.712134	0.000000	-0.712134	0.600400	3.000000	1.000000	0	0	1	1.000000	0.000000	0.000000
ASV_134_16S_022_3	ASV_1250_16S_3_200	1	ENV_NO3	0.636652	0.191882	-0.444770	0.534466	3.000000	1.000000	0	0	1	1.000000	0.000000	0.000000
ASV_800_16S_022_3	ASV_1250_16S_3_200	1	ENV_NO3	0.593048	0.038179	-0.554870	0.668332	3.000000	1.000000	0	0	1	1.000000	0.000000	0.000000
ASV_1212_16S_022_3	ASV_1250_16S_3_200	1	ENV_NO3	0.649428	0.261631	-0.387797	0.000999	3.000000	1.000000	0	0	1	1.000000	0.000000	0.000000
OTU_1959_18S_022_3	ASV_1254_16S_3_200	1	ENV_NO3	0.298534	0.000000	-0.298534	1.000000	3.000000	1.000000	0	0	1	1.000000	0.000000	0.000000
ASV_610_16S_3_200	ASV_1254_16S_3_200	1	ENV_NO3	0.483572	0.000000	-0.483572	1.000000	3.000000	1.000000	0	0	1	1.000000	0.000000	0.000000
ASV_1523_16S_022_3	ASV_1275_16S_3_200	1	ENV_NO3	0.429916	0.000000	-0.429916	1.000000	3.000000	1.000000	0	0	1	1.000000	0.000000	0.000000
OTU_2878_18S_022_3	ASV_1275_16S_3_200	1	ENV_NO3	0.404007	0.096929	-0.307078	0.067932	3.000000	1.000000	0	0	1	1.000000	0.000000	0.000000
ASV_658_16S_022_3	ASV_1283_16S_3_200	1	ENV_NO3	0.435861	0.000000	-0.435861	0.866134	3.000000	1.000000	0	0	1	1.000000	0.000000	0.000000
ASV_814_16S_022_3	ASV_1283_16S_3_200	1	ENV_NO3	0.439968	0.000000	-0.439968	0.233766	3.000000	1.000000	0	0	1	1.000000	0.000000	0.000000
ASV_1380_16S_022_3	ASV_1287_16S_3_200	1	ENV_NO3	0.576677	0.028881	-0.547796	0.434565	3.000000	1.000000	0	0	1	1.000000	0.000000	0.000000
ASV_402_16S_022_3	ASV_1300_16S_3_200	1	ENV_NO3	0.318481	-0.016894	-0.335375	0.334665	2.000000	1.000000	0	1	0	1.000000	0.000000	0.000000
OTU_506_18S_022_3	ASV_1321_16S_3_200	1	ENV_NO3	0.389232	0.039167	-0.350065	0.367632	3.000000	1.000000	0	0	1	1.000000	0.000000	0.000000
ASV_643_16S_022_3	ASV_1375_16S_3_200	1	ENV_NO3	0.444736	0.000000	-0.444736	0.700300	3.000000	1.000000	0	0	1	1.000000	0.000000	0.000000
OTU_182_18S_022_3	ASV_1375_16S_3_200	1	ENV_NO3	0.429916	-0.028881	-0.458797	0.266733	3.000000	1.000000	0	0	1	1.000000	0.000000	0.000000
OTU_1893_18S_022_3	ASV_1375_16S_3_200	1	ENV_NO3	0.461770	0.000000	-0.461770	1.000000	3.000000	1.000000	0	0	1	1.000000	0.000000	0.000000
ASV_1999_16S_022_3	ASV_1400_16S_3_200	1	ENV_NO3	0.541334	0.000000	-0.541334	0.933067	3.000000	1.000000	0	0	1	1.000000	0.000000	0.000000
OTU_307_18S_022_3	ASV_1400_16S_3_200	1	ENV_NO3	0.322035	0.088344	-0.233691	0.934066	3.000000	1.000000	0	0	1	1.000000	0.000000	0.000000
ASV_820_16S_022_3	ASV_1439_16S_3_200	1	ENV_NO3	0.905164	0.209247	-0.695917	0.733267	3.000000	1.000000	0	0	1	1.000000	0.000000	0.000000
ASV_1491_16S_022_3	ASV_1439_16S_3_200	1	ENV_NO3	0.480697	0.000000	-0.480697	0.633367	3.000000	1.000000	0	0	1	1.000000	0.000000	0.000000
ASV_823_16S_022_3	ASV_1457_16S_3_200	1	ENV_NO3	0.682767	0.220763	-0.462004	0.867133	3.000000	1.000000	0	0	1	1.000000	0.000000	0.000000
ASV_978_16S_022_3	ASV_1457_16S_3_200	1	ENV_NO3	0.684558	0.067060	-0.617498	0.767233	3.000000	1.000000	0	0	1	1.000000	0.000000	0.000000
ASV_1894_16S_022_3	ASV_1457_16S_3_200	1	ENV_NO3	0.764122	0.220763	-0.543359	0.900100	3.000000	1.000000	0	0	1	1.000000	0.000000	0.000000
ASV_13_16S_022_3	ASV_1480_16S_3_200	1	ENV_NO3	0.457970	0.057762	-0.400208	0.399600	3.000000	1.000000	0	0	1	1.000000	0.000000	0.000000
ASV_530_16S_022_3	ASV_1480_16S_3_200	1	ENV_NO3	0.299757	0.000000	-0.299757	0.734266	3.000000	1.000000	0	0	1	1.000000	0.000000	0.000000
ASV_699_16S_022_3	ASV_1512_16S_3_200	1	ENV_NO3	0.502498	0.000000	-0.502498	0.933067	3.000000	1.000000	0	0	1	1.000000	0.000000	0.000000
ASV_1707_16S_022_3	ASV_1512_16S_3_200	1	ENV_NO3	0.464086	0.000000	-0.464086	0.866134	3.000000	1.000000	0	0	1	1.000000	0.000000	0.000000
ASV_1716_16S_022_3	ASV_1512_16S_3_200	1	ENV_NO3	0.442284	0.000000	-0.442284	1.000000	3.000000	1.000000	0	0	1	1.000000	0.000000	0.000000
ASV_1747_16S_022_3	ASV_1512_16S_3_200	1	ENV_NO3	0.358613	0.000000	-0.358613	1.000000	3.000000	1.000000	0	0	1	1.000000	0.000000	0.000000
ASV_863_16S_3_200	ASV_1512_16S_3_200	1	ENV_NO3	0.519532	0.115525	-0.404007	0.832168	3.000000	1.000000	0	0	1	1.000000	0.000000	0.000000
ASV_27_16S_022_3	ASV_1537_16S_3_200	1	ENV_NO3	0.330098	1.151595	0.821498	nan	3.000000	1.000000	0	0	1	1.000000	0.000000	0.000000
ASV_1648_16S_022_3	ASV_1564_16S_3_200	1	ENV_NO3	0.625005	0.115525	-0.509481	0.834166	3.000000	1.000000	0	0	1	1.000000	0.000000	0.000000
ASV_2155_16S_022_3	ASV_1564_16S_3_200	1	ENV_NO3	0.541334	0.115525	-0.425809	0.567433	3.000000	1.000000	0	0	1	1.000000	0.000000	0.000000
ASV_706_16S_3_200	ASV_1564_16S_3_200	1	ENV_NO3	0.567243	0.115525	-0.451718	0.700300	3.000000	1.000000	0	0	1	1.000000	0.000000	0.000000
ASV_905_16S_3_200	ASV_1564_16S_3_200	1	ENV_NO3	0.485888	0.115525	-0.370363	0.832168	3.000000	1.000000	0	0	1	1.000000	0.000000	0.000000
ASV_1420_16S_022_3	ASV_1591_16S_3_200	1	ENV_NO3	0.299011	0.011987	-0.287024	0.166833	3.000000	1.000000	0	0	1	1.000000	0.000000	0.000000
OTU_984_18S_022_3	ASV_1591_16S_3_200	1	ENV_NO3	0.541334	0.086643	-0.454691	0.000999	3.000000	1.000000	0	0	1	1.000000	0.000000	0.000000
OTU_1102_18S_022_3	ASV_1591_16S_3_200	1	ENV_NO3	0.577294	0.173287	-0.404007	0.000999	3.000000	1.000000	0	0	1	1.000000	0.000000	0.000000
ASV_237_16S_3_200	ASV_1591_16S_3_200	1	ENV_NO3	0.519532	0.011987	-0.507545	0.000999	3.000000	1.000000	0	0	1	1.000000	0.000000	0.000000
ASV_396_16S_022_3	ASV_1675_16S_3_200	1	ENV_NO3	0.680302	0.215856	-0.464446	0.298701	3.000000	1.000000	0	0	1	1.000000	0.000000	0.000000
ASV_1094_16S_022_3	ASV_1675_16S_3_200	1	ENV_NO3	0.680302	0.194571	-0.485730	0.500500	3.000000	1.000000	0	0	1	1.000000	0.000000	0.000000
ASV_1127_16S_022_3	ASV_1715_16S_3_200	1	ENV_NO3	0.368047	0.069749	-0.298298	0.467532	3.000000	1.000000	0	0	1	1.000000	0.000000	0.000000
ASV_307_16S_3_200	ASV_1821_16S_3_200	1	ENV_NO3	0.604332	0.137780	-0.466553	0.166833	3.000000	1.000000	0	0	1	1.000000	0.000000	0.000000
ASV_1480_16S_3_200	ASV_1821_16S_3_200	1	ENV_NO3	0.620366	0.173287	-0.447079	0.199800	3.000000	1.000000	0	0	1	1.000000	0.000000	0.000000
OTU_2167_18S_022_3	ASV_1870_16S_3_200	1	ENV_NO3	0.521848	0.000000	-0.521848	0.702298	3.000000	1.000000	0	0	1	1.000000	0.000000	0.000000
ASV_468_16S_022_3	ASV_1879_16S_3_200	1	ENV_NO3	0.807726	0.000000	-0.807726	0.633367	3.000000	1.000000	0	0	1	1.000000	0.000000	0.000000
ASV_1071_16S_022_3	ASV_1879_16S_3_200	1	ENV_NO3	0.541334	0.000000	-0.541334	0.933067	3.000000	1.000000	0	0	1	1.000000	0.000000	0.000000
ASV_1584_16S_022_3	ASV_1879_16S_3_200	1	ENV_NO3	0.536341	0.000000	-0.536341	0.467532	3.000000	1.000000	0	0	1	1.000000	0.000000	0.000000
ASV_414_16S_3_200	ASV_1879_16S_3_200	1	ENV_NO3	0.533073	0.048465	-0.484609	0.067932	3.000000	1.000000	0	0	1	1.000000	0.000000	0.000000
ASV_1087_16S_022_3	ASV_1963_16S_3_200	1	ENV_NO3	0.625005	0.000000	-0.625005	0.866134	3.000000	1.000000	0	0	1	1.000000	0.000000	0.000000
ASV_1289_16S_022_3	ASV_1963_16S_3_200	1	ENV_NO3	0.569695	0.115525	-0.454171	0.267732	3.000000	1.000000	0	0	1	1.000000	0.000000	0.000000
ASV_1366_16S_022_3	ASV_1963_16S_3_200	1	ENV_NO3	0.605655	0.000000	-0.605655	0.666334	3.000000	1.000000	0	0	1	1.000000	0.000000	0.000000
ASV_1508_16S_022_3	ASV_1963_16S_3_200	1	ENV_NO3	0.466538	0.000000	-0.466538	0.733267	3.000000	1.000000	0	0	1	1.000000	0.000000	0.000000
ASV_1858_16S_022_3	ASV_2004_16S_3_200	1	ENV_NO3	0.497730	0.038179	-0.459551	0.534466	3.000000	1.000000	0	0	1	1.000000	0.000000	0.000000
ASV_1212_16S_022_3	ASV_2007_16S_3_200	1	ENV_NO3	0.382205	0.000000	-0.382205	0.867133	3.000000	1.000000	0	0	1	1.000000	0.000000	0.000000
OTU_6834_18S_022_3	ASV_2032_16S_3_200	1	ENV_NO3	0.439968	0.000000	-0.439968	1.000000	3.000000	1.000000	0	0	1	1.000000	0.000000	0.000000
ASV_51_16S_022_3	ASV_2134_16S_3_200	1	ENV_NO3	0.393942	1.184469	0.790527	nan	3.000000	1.000000	0	0	1	1.000000	0.000000	0.000000
ASV_1059_16S_022_3	ASV_2134_16S_3_200	1	ENV_NO3	0.599096	-0.173933	-0.773029	0.567433	3.000000	1.000000	0	0	1	1.000000	0.000000	0.000000
ASV_616_16S_022_3	ASV_2156_16S_3_200	1	ENV_NO3	0.439968	0.069749	-0.370219	0.534466	3.000000	1.000000	0	0	1	1.000000	0.000000	0.000000
ASV_718_16S_022_3	ASV_2156_16S_3_200	1	ENV_NO3	0.404007	0.048465	-0.355543	0.167832	3.000000	1.000000	0	0	1	1.000000	0.000000	0.000000
ASV_1257_16S_022_3	ASV_2156_16S_3_200	1	ENV_NO3	0.461770	0.000000	-0.461770	0.700300	3.000000	1.000000	0	0	1	1.000000	0.000000	0.000000
ASV_1397_16S_022_3	ASV_2156_16S_3_200	1	ENV_NO3	0.356297	0.000000	-0.356297	0.867133	3.000000	1.000000	0	0	1	1.000000	0.000000	0.000000
ASV_1523_16S_022_3	ASV_2281_16S_3_200	1	ENV_NO3	0.682767	0.000000	-0.682767	1.000000	3.000000	1.000000	0	0	1	1.000000	0.000000	0.000000
ASV_1820_16S_022_3	ASV_2281_16S_3_200	1	ENV_NO3	0.704569	0.000000	-0.704569	1.000000	3.000000	1.000000	0	0	1	1.000000	0.000000	0.000000
ASV_9_16S_022_3	ASV_2288_16S_3_200	1	ENV_NO3	0.362279	1.061966	0.699687	nan	2.000000	1.000000	0	1	0	1.000000	0.000000	0.000000
ASV_1059_16S_022_3	ASV_2288_16S_3_200	1	ENV_NO3	0.519532	-0.173933	-0.693465	0.567433	3.000000	1.000000	0	0	1	1.000000	0.000000	0.000000
OTU_1010_18S_022_3	ASV_2288_16S_3_200	1	ENV_NO3	0.334495	2.646051	2.311556	nan	3.000000	1.000000	0	0	1	1.000000	0.000000	0.000000
ASV_777_16S_3_200	ASV_2288_16S_3_200	1	ENV_NO3	0.439968	-0.020229	-0.460197	0.767233	3.000000	1.000000	0	0	1	1.000000	0.000000	0.000000
ASV_2134_16S_3_200	ASV_2288_16S_3_200	1	ENV_NO3	0.519532	2.677421	2.157889	nan	3.000000	1.000000	0	0	1	1.000000	0.000000	0.000000
ASV_168_16S_022_3	ASV_2561_16S_3_200	1	ENV_NO3	0.568656	0.115525	-0.453131	0.435564	3.000000	1.000000	0	0	1	1.000000	0.000000	0.000000
OTU_574_18S_022_3	OTU_3_18S_3_200	1	ENV_NO3	0.297002	0.016691	-0.280310	0.199800	3.000000	1.000000	0	0	1	1.000000	0.000000	0.000000
OTU_7_18S_022_3	OTU_10_18S_3_200	1	ENV_NO3	0.477276	0.203924	-0.273352	0.133866	3.000000	1.000000	0	0	1	1.000000	0.000000	0.000000
OTU_39_18S_022_3	OTU_10_18S_3_200	1	ENV_NO3	0.536246	0.103335	-0.432912	0.232767	3.000000	1.000000	0	0	1	1.000000	0.000000	0.000000
OTU_50_18S_022_3	OTU_10_18S_3_200	1	ENV_NO3	0.811441	0.322528	-0.488913	0.100899	3.000000	1.000000	0	0	1	1.000000	0.000000	0.000000
ASV_723_16S_3_200	OTU_10_18S_3_200	1	ENV_NO3	0.819752	0.350429	-0.469323	0.233766	3.000000	1.000000	0	0	1	1.000000	0.000000	0.000000
OTU_906_18S_022_3	OTU_11_18S_3_200	1	ENV_NO3	0.509432	0.048660	-0.460772	0.264735	3.000000	1.000000	0	0	1	1.000000	0.000000	0.000000
OTU_1247_18S_022_3	OTU_11_18S_3_200	1	ENV_NO3	0.468881	0.079564	-0.389317	0.166833	3.000000	1.000000	0	0	1	1.000000	0.000000	0.000000
OTU_3_18S_3_200	OTU_11_18S_3_200	1	ENV_NO3	0.143303	0.000000	-0.143303	0.265734	2.000000	1.000000	0	1	0	1.000000	0.000000	0.000000
OTU_24_18S_022_3	OTU_12_18S_3_200	1	ENV_NO3	0.369270	0.015176	-0.354094	0.200799	3.000000	1.000000	0	0	1	1.000000	0.000000	0.000000
OTU_158_18S_022_3	OTU_17_18S_3_200	1	ENV_NO3	0.410164	0.262731	-0.147433	0.700300	3.000000	1.000000	0	0	1	1.000000	0.000000	0.000000
OTU_1247_18S_022_3	OTU_17_18S_3_200	1	ENV_NO3	0.604332	0.291483	-0.312849	0.134865	3.000000	1.000000	0	0	1	1.000000	0.000000	0.000000
OTU_77_18S_022_3	OTU_18_18S_3_200	1	ENV_NO3	0.508634	0.192102	-0.316532	0.133866	3.000000	1.000000	0	0	1	1.000000	0.000000	0.000000
OTU_10_18S_3_200	OTU_18_18S_3_200	1	ENV_NO3	0.660419	0.351456	-0.308963	0.332667	3.000000	1.000000	0	0	1	1.000000	0.000000	0.000000
OTU_2040_18S_022_3	OTU_16_18S_3_200	1	ENV_NO3	0.425809	0.000000	-0.425809	0.767233	3.000000	1.000000	0	0	1	1.000000	0.000000	0.000000
ASV_113_16S_022_3	OTU_29_18S_3_200	1	ENV_NO3	0.565488	0.287259	-0.278229	0.368631	3.000000	1.000000	0	0	1	1.000000	0.000000	0.000000
ASV_2185_16S_022_3	OTU_30_18S_3_200	1	ENV_NO3	0.348561	0.000000	-0.348561	1.000000	3.000000	1.000000	0	0	1	1.000000	0.000000	0.000000
OTU_421_18S_022_3	OTU_34_18S_3_200	1	ENV_NO3	0.569541	0.000000	-0.569541	1.000000	3.000000	1.000000	0	0	1	1.000000	0.000000	0.000000
OTU_613_18S_022_3	OTU_38_18S_3_200	1	ENV_NO3	0.802510	0.360261	-0.442248	0.800200	3.000000	1.000000	0	0	1	1.000000	0.000000	0.000000
OTU_1338_18S_022_3	OTU_44_18S_3_200	1	ENV_NO3	0.493623	0.000000	-0.493623	0.933067	3.000000	1.000000	0	0	1	1.000000	0.000000	0.000000
OTU_2035_18S_022_3	OTU_44_18S_3_200	1	ENV_NO3	0.551385	0.000000	-0.551385	0.768232	3.000000	1.000000	0	0	1	1.000000	0.000000	0.000000
ASV_53_16S_022_3	OTU_50_18S_3_200	1	ENV_NO3	0.859059	0.362628	-0.496431	0.466533	3.000000	1.000000	0	0	1	1.000000	0.000000	0.000000
ASV_723_16S_022_3	OTU_50_18S_3_200	1	ENV_NO3	0.659210	0.117225	-0.541985	0.434565	3.000000	1.000000	0	0	1	1.000000	0.000000	0.000000
OTU_350_18S_022_3	OTU_50_18S_3_200	1	ENV_NO3	0.415212	0.650256	0.235044	nan	3.000000	1.000000	0	0	1	1.000000	0.000000	0.000000
ASV_377_16S_3_200	OTU_50_18S_3_200	1	ENV_NO3	0.451670	-0.033789	-0.485458	0.099900	3.000000	1.000000	0	0	1	1.000000	0.000000	0.000000
ASV_1059_16S_022_3	OTU_48_18S_3_200	1	ENV_NO3	0.324443	0.316187	-0.008256	0.934066	3.000000	1.000000	0	0	1	1.000000	0.000000	0.000000
OTU_5773_18S_022_3	OTU_48_18S_3_200	1	ENV_NO3	0.429916	0.000000	-0.429916	0.933067	3.000000	1.000000	0	0	1	1.000000	0.000000	0.000000
OTU_1283_18S_022_3	OTU_62_18S_3_200	1	ENV_NO3	0.535679	0.145394	-0.390285	0.133866	3.000000	1.000000	0	0	1	1.000000	0.000000	0.000000
ASV_648_16S_022_3	OTU_68_18S_3_200	1	ENV_NO3	0.483572	0.093723	-0.389849	0.300699	3.000000	1.000000	0	0	1	1.000000	0.000000	0.000000
OTU_1353_18S_022_3	OTU_71_18S_3_200	1	ENV_NO3	0.508009	0.331185	-0.176824	0.699301	3.000000	1.000000	0	0	1	1.000000	0.000000	0.000000
ASV_491_16S_022_3	OTU_75_18S_3_200	1	ENV_NO3	0.579263	0.143370	-0.435892	0.099900	3.000000	1.000000	0	0	1	1.000000	0.000000	0.000000
OTU_4_18S_022_3	OTU_75_18S_3_200	1	ENV_NO3	0.740853	0.202168	-0.538685	0.199800	3.000000	1.000000	0	0	1	1.000000	0.000000	0.000000
OTU_248_18S_022_3	OTU_75_18S_3_200	1	ENV_NO3	0.553831	0.040868	-0.512963	0.299700	3.000000	1.000000	0	0	1	1.000000	0.000000	0.000000
ASV_1067_16S_3_200	OTU_75_18S_3_200	1	ENV_NO3	0.436431	0.105709	-0.330721	0.333666	3.000000	1.000000	0	0	1	1.000000	0.000000	0.000000
OTU_29_18S_3_200	OTU_78_18S_3_200	1	ENV_NO3	0.698055	0.230014	-0.468041	0.232767	3.000000	1.000000	0	0	1	1.000000	0.000000	0.000000
OTU_71_18S_3_200	OTU_78_18S_3_200	1	ENV_NO3	0.846655	0.300798	-0.545857	0.467532	3.000000	1.000000	0	0	1	1.000000	0.000000	0.000000
OTU_850_18S_022_3	OTU_82_18S_3_200	1	ENV_NO3	0.633778	0.193858	-0.439920	0.267732	3.000000	1.000000	0	0	1	1.000000	0.000000	0.000000
OTU_330_18S_022_3	OTU_83_18S_3_200	1	ENV_NO3	0.334495	0.105709	-0.228785	0.000999	3.000000	1.000000	0	0	1	1.000000	0.000000	0.000000
OTU_676_18S_022_3	OTU_83_18S_3_200	1	ENV_NO3	0.356297	-0.067060	-0.423356	0.267732	3.000000	1.000000	0	0	1	1.000000	0.000000	0.000000
OTU_870_18S_022_3	OTU_83_18S_3_200	1	ENV_NO3	0.519532	0.139498	-0.380034	0.067932	3.000000	1.000000	0	0	1	1.000000	0.000000	0.000000
OTU_2633_18S_022_3	OTU_83_18S_3_200	1	ENV_NO3	0.276732	0.003744	-0.272988	0.600400	3.000000	1.000000	0	0	1	1.000000	0.000000	0.000000
ASV_250_16S_022_3	OTU_86_18S_3_200	1	ENV_NO3	0.324443	0.000000	-0.324443	0.534466	3.000000	1.000000	0	0	1	1.000000	0.000000	0.000000
ASV_2156_16S_3_200	OTU_86_18S_3_200	1	ENV_NO3	0.414059	0.000000	-0.414059	0.867133	3.000000	1.000000	0	0	1	1.000000	0.000000	0.000000
ASV_863_16S_3_200	OTU_89_18S_3_200	1	ENV_NO3	0.324443	0.000000	-0.324443	0.732268	3.000000	1.000000	0	0	1	1.000000	0.000000	0.000000
OTU_660_18S_022_3	OTU_103_18S_3_200	1	ENV_NO3	0.688656	0.087632	-0.601024	0.366633	3.000000	1.000000	0	0	1	1.000000	0.000000	0.000000
OTU_1143_18S_022_3	OTU_103_18S_3_200	1	ENV_NO3	0.542557	0.096929	-0.445627	0.000999	3.000000	1.000000	0	0	1	1.000000	0.000000	0.000000
ASV_377_16S_3_200	OTU_103_18S_3_200	1	ENV_NO3	0.583197	0.174746	-0.408452	0.000999	3.000000	1.000000	0	0	1	1.000000	0.000000	0.000000
ASV_153_16S_022_3	OTU_101_18S_3_200	1	ENV_NO3	0.706738	0.146107	-0.560632	0.367632	3.000000	1.000000	0	0	1	1.000000	0.000000	0.000000
ASV_612_16S_022_3	OTU_101_18S_3_200	1	ENV_NO3	0.838470	0.139498	-0.698972	0.400599	3.000000	1.000000	0	0	1	1.000000	0.000000	0.000000
OTU_534_18S_022_3	OTU_101_18S_3_200	1	ENV_NO3	0.518289	0.209247	-0.309042	0.667333	3.000000	1.000000	0	0	1	1.000000	0.000000	0.000000
OTU_568_18S_022_3	OTU_109_18S_3_200	1	ENV_NO3	0.674752	0.115525	-0.559227	0.367632	3.000000	1.000000	0	0	1	1.000000	0.000000	0.000000
ASV_1029_16S_022_3	OTU_106_18S_3_200	1	ENV_NO3	0.710075	0.209247	-0.500828	0.333666	3.000000	1.000000	0	0	1	1.000000	0.000000	0.000000
OTU_38_18S_3_200	OTU_106_18S_3_200	1	ENV_NO3	0.861774	0.105709	-0.756065	0.066933	3.000000	1.000000	0	0	1	1.000000	0.000000	0.000000
ASV_622_16S_022_3	OTU_118_18S_3_200	1	ENV_NO3	0.648598	0.000000	-0.648598	0.934066	3.000000	1.000000	0	0	1	1.000000	0.000000	0.000000
ASV_671_16S_022_3	OTU_118_18S_3_200	1	ENV_NO3	0.545441	0.000000	-0.545441	0.867133	3.000000	1.000000	0	0	1	1.000000	0.000000	0.000000
ASV_1050_16S_022_3	OTU_118_18S_3_200	1	ENV_NO3	0.566149	0.000000	-0.566149	0.867133	3.000000	1.000000	0	0	1	1.000000	0.000000	0.000000
ASV_357_16S_022_3	OTU_119_18S_3_200	1	ENV_NO3	0.389615	0.085539	-0.304076	0.266733	3.000000	1.000000	0	0	1	1.000000	0.000000	0.000000
OTU_332_18S_022_3	OTU_116_18S_3_200	1	ENV_NO3	0.521292	0.184414	-0.336877	0.667333	3.000000	1.000000	0	0	1	1.000000	0.000000	0.000000
ASV_105_16S_022_3	OTU_129_18S_3_200	1	ENV_NO3	0.211275	0.392914	0.181639	nan	2.000000	1.000000	0	1	0	1.000000	0.000000	0.000000
OTU_2722_18S_022_3	OTU_129_18S_3_200	1	ENV_NO3	0.465246	0.163989	-0.301256	0.734266	3.000000	1.000000	0	0	1	1.000000	0.000000	0.000000
ASV_1426_16S_022_3	OTU_142_18S_3_200	1	ENV_NO3	0.616352	0.212454	-0.403899	0.567433	3.000000	1.000000	0	0	1	1.000000	0.000000	0.000000
ASV_767_16S_022_3	OTU_137_18S_3_200	1	ENV_NO3	0.752470	0.174988	-0.577483	0.435564	3.000000	1.000000	0	0	1	1.000000	0.000000	0.000000
OTU_751_18S_022_3	OTU_137_18S_3_200	1	ENV_NO3	0.424894	0.086643	-0.338250	0.200799	3.000000	1.000000	0	0	1	1.000000	0.000000	0.000000
OTU_378_18S_022_3	OTU_146_18S_3_200	1	ENV_NO3	0.451286	0.139498	-0.311788	0.500500	3.000000	1.000000	0	0	1	1.000000	0.000000	0.000000
ASV_21_16S_022_3	OTU_141_18S_3_200	1	ENV_NO3	0.284649	0.195835	-0.088814	0.601399	2.000000	1.000000	0	1	0	1.000000	0.000000	0.000000
OTU_183_18S_022_3	OTU_141_18S_3_200	1	ENV_NO3	0.471596	0.890407	0.418811	nan	3.000000	1.000000	0	0	1	1.000000	0.000000	0.000000
ASV_932_16S_022_3	OTU_155_18S_3_200	1	ENV_NO3	0.682767	0.040868	-0.641899	0.000999	3.000000	1.000000	0	0	1	1.000000	0.000000	0.000000
ASV_932_16S_3_200	OTU_155_18S_3_200	1	ENV_NO3	0.646807	0.115525	-0.531283	0.067932	3.000000	1.000000	0	0	1	1.000000	0.000000	0.000000
OTU_260_18S_022_3	OTU_152_18S_3_200	1	ENV_NO3	0.324443	0.163989	-0.160454	0.500500	3.000000	1.000000	0	0	1	1.000000	0.000000	0.000000
OTU_811_18S_022_3	OTU_166_18S_3_200	1	ENV_NO3	0.323627	0.807684	0.484056	nan	3.000000	1.000000	0	0	1	1.000000	0.000000	0.000000
ASV_126_16S_022_3	OTU_162_18S_3_200	1	ENV_NO3	0.428738	0.549832	0.121094	nan	3.000000	1.000000	0	0	1	1.000000	0.000000	0.000000
ASV_732_16S_022_3	OTU_183_18S_3_200	1	ENV_NO3	0.576016	0.230061	-0.345955	0.366633	3.000000	1.000000	0	0	1	1.000000	0.000000	0.000000
ASV_1971_16S_022_3	OTU_183_18S_3_200	1	ENV_NO3	0.671276	0.047476	-0.623799	0.000999	3.000000	1.000000	0	0	1	1.000000	0.000000	0.000000
OTU_50_18S_022_3	OTU_189_18S_3_200	1	ENV_NO3	0.507730	1.008816	0.501086	nan	3.000000	1.000000	0	0	1	1.000000	0.000000	0.000000
OTU_345_18S_022_3	OTU_189_18S_3_200	1	ENV_NO3	0.754813	0.142705	-0.612108	0.599401	3.000000	1.000000	0	0	1	1.000000	0.000000	0.000000
ASV_767_16S_022_3	OTU_195_18S_3_200	1	ENV_NO3	0.678252	0.173287	-0.504965	0.467532	3.000000	1.000000	0	0	1	1.000000	0.000000	0.000000
OTU_195_18S_022_3	OTU_195_18S_3_200	1	ENV_NO3	0.737222	0.144406	-0.592817	0.033966	3.000000	1.000000	0	0	1	1.000000	0.000000	0.000000
OTU_38_18S_3_200	OTU_195_18S_3_200	1	ENV_NO3	0.782210	0.337276	-0.444934	0.466533	3.000000	1.000000	0	0	1	1.000000	0.000000	0.000000
ASV_1190_16S_022_3	OTU_197_18S_3_200	1	ENV_NO3	0.603865	0.105239	-0.498626	0.399600	3.000000	1.000000	0	0	1	1.000000	0.000000	0.000000
OTU_101_18S_022_3	OTU_197_18S_3_200	1	ENV_NO3	0.699184	0.471396	-0.227788	0.801199	3.000000	1.000000	0	0	1	1.000000	0.000000	0.000000
OTU_2309_18S_022_3	OTU_197_18S_3_200	1	ENV_NO3	0.483572	0.144406	-0.339166	0.634366	3.000000	1.000000	0	0	1	1.000000	0.000000	0.000000
OTU_1149_18S_022_3	OTU_198_18S_3_200	1	ENV_NO3	0.451718	0.000000	-0.451718	1.000000	3.000000	1.000000	0	0	1	1.000000	0.000000	0.000000
OTU_1647_18S_022_3	OTU_198_18S_3_200	1	ENV_NO3	0.384521	0.000000	-0.384521	1.000000	3.000000	1.000000	0	0	1	1.000000	0.000000	0.000000
ASV_271_16S_022_3	OTU_196_18S_3_200	1	ENV_NO3	0.395429	0.092022	-0.303407	0.133866	3.000000	1.000000	0	0	1	1.000000	0.000000	0.000000
OTU_18_18S_022_3	OTU_174_18S_3_200	1	ENV_NO3	0.507730	0.405472	-0.102258	0.567433	3.000000	1.000000	0	0	1	1.000000	0.000000	0.000000
OTU_50_18S_022_3	OTU_174_18S_3_200	1	ENV_NO3	0.808357	0.675735	-0.132622	0.602398	3.000000	1.000000	0	0	1	1.000000	0.000000	0.000000
OTU_60_18S_022_3	OTU_174_18S_3_200	1	ENV_NO3	0.805050	0.282916	-0.522135	0.566434	3.000000	1.000000	0	0	1	1.000000	0.000000	0.000000
ASV_800_16S_022_3	OTU_204_18S_3_200	1	ENV_NO3	0.467210	0.000000	-0.467210	0.400599	3.000000	1.000000	0	0	1	1.000000	0.000000	0.000000
ASV_192_16S_3_200	OTU_204_18S_3_200	1	ENV_NO3	0.639115	0.005564	-0.633551	0.167832	3.000000	1.000000	0	0	1	1.000000	0.000000	0.000000
OTU_89_18S_3_200	OTU_204_18S_3_200	1	ENV_NO3	0.566065	0.293969	-0.272096	0.333666	3.000000	1.000000	0	0	1	1.000000	0.000000	0.000000
ASV_910_16S_022_3	OTU_217_18S_3_200	1	ENV_NO3	0.530274	0.000000	-0.530274	0.934066	3.000000	1.000000	0	0	1	1.000000	0.000000	0.000000
OTU_4_18S_022_3	OTU_217_18S_3_200	1	ENV_NO3	0.404061	0.046488	-0.357573	0.000999	3.000000	1.000000	0	0	1	1.000000	0.000000	0.000000
ASV_1675_16S_3_200	OTU_212_18S_3_200	1	ENV_NO3	0.415216	0.095894	-0.319322	0.033966	2.000000	1.000000	0	1	0	1.000000	0.000000	0.000000
OTU_498_18S_022_3	OTU_205_18S_3_200	1	ENV_NO3	0.661090	0.174275	-0.486815	0.166833	3.000000	1.000000	0	0	1	1.000000	0.000000	0.000000
OTU_141_18S_3_200	OTU_205_18S_3_200	1	ENV_NO3	0.682892	0.274411	-0.408481	0.266733	3.000000	1.000000	0	0	1	1.000000	0.000000	0.000000
ASV_229_16S_022_3	OTU_231_18S_3_200	1	ENV_NO3	0.521521	0.278525	-0.242995	0.700300	3.000000	1.000000	0	0	1	1.000000	0.000000	0.000000
ASV_637_16S_022_3	OTU_232_18S_3_200	1	ENV_NO3	0.404007	0.202168	-0.201839	0.901099	3.000000	1.000000	0	0	1	1.000000	0.000000	0.000000
OTU_1374_18S_022_3	OTU_232_18S_3_200	1	ENV_NO3	0.541334	0.115525	-0.425809	0.734266	3.000000	1.000000	0	0	1	1.000000	0.000000	0.000000
OTU_1575_18S_022_3	OTU_232_18S_3_200	1	ENV_NO3	0.432369	0.067060	-0.365309	0.268731	3.000000	1.000000	0	0	1	1.000000	0.000000	0.000000
OTU_763_18S_022_3	OTU_235_18S_3_200	1	ENV_NO3	0.612359	0.109434	-0.502926	0.000999	3.000000	1.000000	0	0	1	1.000000	0.000000	0.000000
OTU_2856_18S_022_3	OTU_235_18S_3_200	1	ENV_NO3	0.437083	0.145394	-0.291690	0.000999	3.000000	1.000000	0	0	1	1.000000	0.000000	0.000000
OTU_138_18S_3_200	OTU_236_18S_3_200	1	ENV_NO3	0.554597	0.182584	-0.372013	0.766234	3.000000	1.000000	0	0	1	1.000000	0.000000	0.000000
ASV_1380_16S_022_3	OTU_213_18S_3_200	1	ENV_NO3	0.659041	0.153703	-0.505338	0.100899	3.000000	1.000000	0	0	1	1.000000	0.000000	0.000000
OTU_11_18S_3_200	OTU_213_18S_3_200	1	ENV_NO3	0.581301	-0.045776	-0.627076	0.066933	3.000000	1.000000	0	0	1	1.000000	0.000000	0.000000
ASV_429_16S_022_3	OTU_242_18S_3_200	1	ENV_NO3	0.439933	0.477809	0.037876	nan	3.000000	1.000000	0	0	1	1.000000	0.000000	0.000000
ASV_714_16S_022_3	OTU_242_18S_3_200	1	ENV_NO3	0.337075	0.440619	0.103544	nan	3.000000	1.000000	0	0	1	1.000000	0.000000	0.000000
OTU_58_18S_022_3	OTU_249_18S_3_200	1	ENV_NO3	0.483572	1.245633	0.762061	nan	3.000000	1.000000	0	0	1	1.000000	0.000000	0.000000
OTU_215_18S_022_3	OTU_249_18S_3_200	1	ENV_NO3	0.483572	2.278545	1.794973	nan	3.000000	1.000000	0	0	1	1.000000	0.000000	0.000000
OTU_760_18S_022_3	OTU_249_18S_3_200	1	ENV_NO3	0.599096	-0.106873	-0.705969	0.600400	3.000000	1.000000	0	0	1	1.000000	0.000000	0.000000
OTU_1376_18S_022_3	OTU_249_18S_3_200	1	ENV_NO3	0.577294	2.764064	2.186770	nan	3.000000	1.000000	0	0	1	1.000000	0.000000	0.000000
OTU_40_18S_3_200	OTU_249_18S_3_200	1	ENV_NO3	0.308733	1.965796	1.657064	nan	3.000000	1.000000	0	0	1	1.000000	0.000000	0.000000
OTU_240_18S_3_200	OTU_249_18S_3_200	1	ENV_NO3	0.519532	0.008652	-0.510880	0.867133	3.000000	1.000000	0	0	1	1.000000	0.000000	0.000000
ASV_556_16S_022_3	OTU_228_18S_3_200	1	ENV_NO3	0.439351	0.106227	-0.333124	0.666334	3.000000	1.000000	0	0	1	1.000000	0.000000	0.000000
ASV_606_16S_022_3	OTU_228_18S_3_200	1	ENV_NO3	0.660965	0.057762	-0.603203	0.466533	3.000000	1.000000	0	0	1	1.000000	0.000000	0.000000
ASV_1705_16S_022_3	OTU_260_18S_3_200	1	ENV_NO3	0.519532	0.115525	-0.404007	0.665335	3.000000	1.000000	0	0	1	1.000000	0.000000	0.000000
OTU_613_18S_022_3	OTU_270_18S_3_200	1	ENV_NO3	0.824312	0.435436	-0.388876	0.733267	3.000000	1.000000	0	0	1	1.000000	0.000000	0.000000
OTU_105_18S_3_200	OTU_270_18S_3_200	1	ENV_NO3	0.743365	0.334069	-0.409296	0.601399	3.000000	1.000000	0	0	1	1.000000	0.000000	0.000000
ASV_1094_16S_022_3	OTU_277_18S_3_200	1	ENV_NO3	0.576677	0.238128	-0.338549	0.400599	3.000000	1.000000	0	0	1	1.000000	0.000000	0.000000
OTU_2562_18S_022_3	OTU_278_18S_3_200	1	ENV_NO3	0.656858	0.000000	-0.656858	1.000000	3.000000	1.000000	0	0	1	1.000000	0.000000	0.000000
OTU_436_18S_022_3	OTU_286_18S_3_200	1	ENV_NO3	0.353903	2.253508	1.899605	nan	3.000000	1.000000	0	0	1	1.000000	0.000000	0.000000
OTU_141_18S_3_200	OTU_245_18S_3_200	1	ENV_NO3	0.775233	0.349780	-0.425452	0.567433	3.000000	1.000000	0	0	1	1.000000	0.000000	0.000000
ASV_306_16S_022_3	OTU_292_18S_3_200	1	ENV_NO3	0.519532	0.086643	-0.432889	0.400599	3.000000	1.000000	0	0	1	1.000000	0.000000	0.000000
ASV_637_16S_022_3	OTU_292_18S_3_200	1	ENV_NO3	0.356297	0.000000	-0.356297	0.766234	3.000000	1.000000	0	0	1	1.000000	0.000000	0.000000
OTU_2150_18S_022_3	OTU_293_18S_3_200	1	ENV_NO3	0.493623	0.000000	-0.493623	0.866134	3.000000	1.000000	0	0	1	1.000000	0.000000	0.000000
OTU_131_18S_3_200	OTU_293_18S_3_200	1	ENV_NO3	0.483572	0.069749	-0.413823	0.800200	3.000000	1.000000	0	0	1	1.000000	0.000000	0.000000
OTU_240_18S_3_200	OTU_293_18S_3_200	1	ENV_NO3	0.577294	0.067060	-0.510234	0.402597	3.000000	1.000000	0	0	1	1.000000	0.000000	0.000000
OTU_286_18S_3_200	OTU_293_18S_3_200	1	ENV_NO3	0.483572	0.000000	-0.483572	0.933067	3.000000	1.000000	0	0	1	1.000000	0.000000	0.000000
ASV_1753_16S_022_3	OTU_300_18S_3_200	1	ENV_NO3	0.785546	0.172225	-0.613322	0.000999	3.000000	1.000000	0	0	1	1.000000	0.000000	0.000000
OTU_50_18S_022_3	OTU_300_18S_3_200	1	ENV_NO3	0.550484	0.050166	-0.500318	0.334665	3.000000	1.000000	0	0	1	1.000000	0.000000	0.000000
ASV_666_16S_022_3	OTU_291_18S_3_200	1	ENV_NO3	0.464912	0.038179	-0.426733	0.535465	3.000000	1.000000	0	0	1	1.000000	0.000000	0.000000
OTU_1246_18S_022_3	OTU_298_18S_3_200	1	ENV_NO3	0.519532	0.057762	-0.461770	0.400599	3.000000	1.000000	0	0	1	1.000000	0.000000	0.000000
OTU_1058_18S_022_3	OTU_303_18S_3_200	1	ENV_NO3	0.596221	0.240347	-0.355875	0.900100	3.000000	1.000000	0	0	1	1.000000	0.000000	0.000000
OTU_877_18S_022_3	OTU_304_18S_3_200	1	ENV_NO3	0.317659	0.095176	-0.222483	0.468531	3.000000	1.000000	0	0	1	1.000000	0.000000	0.000000
OTU_1961_18S_022_3	OTU_304_18S_3_200	1	ENV_NO3	0.473520	0.000000	-0.473520	0.733267	3.000000	1.000000	0	0	1	1.000000	0.000000	0.000000
OTU_712_18S_022_3	OTU_315_18S_3_200	1	ENV_NO3	0.425809	2.813831	2.388021	nan	3.000000	1.000000	0	0	1	1.000000	0.000000	0.000000
OTU_1024_18S_022_3	OTU_315_18S_3_200	1	ENV_NO3	0.346907	0.020638	-0.326268	0.700300	3.000000	1.000000	0	0	1	1.000000	0.000000	0.000000
OTU_889_18S_022_3	OTU_322_18S_3_200	1	ENV_NO3	0.442284	0.000000	-0.442284	0.933067	3.000000	1.000000	0	0	1	1.000000	0.000000	0.000000
OTU_496_18S_022_3	OTU_325_18S_3_200	1	ENV_NO3	0.710075	0.091033	-0.619041	0.266733	3.000000	1.000000	0	0	1	1.000000	0.000000	0.000000
OTU_105_18S_3_200	OTU_329_18S_3_200	1	ENV_NO3	0.868457	0.441997	-0.426460	0.700300	3.000000	1.000000	0	0	1	1.000000	0.000000	0.000000
OTU_38_18S_3_200	OTU_332_18S_3_200	1	ENV_NO3	0.753679	0.259413	-0.494266	0.366633	3.000000	1.000000	0	0	1	1.000000	0.000000	0.000000
OTU_790_18S_022_3	OTU_348_18S_3_200	1	ENV_NO3	0.546774	0.943780	0.397005	nan	3.000000	1.000000	0	0	1	1.000000	0.000000	0.000000
ASV_1305_16S_022_3	OTU_290_18S_3_200	1	ENV_NO3	0.388481	0.067060	-0.321421	0.232767	3.000000	1.000000	0	0	1	1.000000	0.000000	0.000000
OTU_729_18S_022_3	OTU_290_18S_3_200	1	ENV_NO3	0.560728	0.231049	-0.329679	0.600400	3.000000	1.000000	0	0	1	1.000000	0.000000	0.000000
ASV_462_16S_3_200	OTU_290_18S_3_200	1	ENV_NO3	0.579849	0.193065	-0.386783	0.331668	3.000000	1.000000	0	0	1	1.000000	0.000000	0.000000
ASV_267_16S_022_3	OTU_361_18S_3_200	1	ENV_NO3	0.400049	0.014861	-0.385188	0.634366	3.000000	1.000000	0	0	1	1.000000	0.000000	0.000000
ASV_425_16S_022_3	OTU_360_18S_3_200	1	ENV_NO3	0.627626	0.193858	-0.433768	0.499500	3.000000	1.000000	0	0	1	1.000000	0.000000	0.000000
ASV_472_16S_022_3	OTU_360_18S_3_200	1	ENV_NO3	0.674115	0.002689	-0.671426	0.100899	3.000000	1.000000	0	0	1	1.000000	0.000000	0.000000
ASV_574_16S_022_3	OTU_360_18S_3_200	1	ENV_NO3	0.605078	0.005378	-0.599700	0.167832	3.000000	1.000000	0	0	1	1.000000	0.000000	0.000000
OTU_763_18S_022_3	OTU_360_18S_3_200	1	ENV_NO3	0.749303	0.193858	-0.555444	0.200799	3.000000	1.000000	0	0	1	1.000000	0.000000	0.000000
ASV_769_16S_3_200	OTU_360_18S_3_200	1	ENV_NO3	0.486585	0.109434	-0.377152	0.233766	3.000000	1.000000	0	0	1	1.000000	0.000000	0.000000
ASV_88_16S_022_3	OTU_368_18S_3_200	1	ENV_NO3	0.505503	0.000000	-0.505503	0.733267	3.000000	1.000000	0	0	1	1.000000	0.000000	0.000000
ASV_507_16S_022_3	OTU_343_18S_3_200	1	ENV_NO3	0.943262	0.069749	-0.873513	0.466533	3.000000	1.000000	0	0	1	1.000000	0.000000	0.000000
ASV_687_16S_022_3	OTU_343_18S_3_200	1	ENV_NO3	0.392668	0.022889	-0.369779	0.066933	3.000000	1.000000	0	0	1	1.000000	0.000000	0.000000
OTU_489_18S_022_3	OTU_343_18S_3_200	1	ENV_NO3	0.556636	0.137797	-0.418838	0.165834	3.000000	1.000000	0	0	1	1.000000	0.000000	0.000000
OTU_495_18S_022_3	OTU_343_18S_3_200	1	ENV_NO3	0.479612	-0.004066	-0.483678	0.200799	3.000000	1.000000	0	0	1	1.000000	0.000000	0.000000
ASV_949_16S_022_3	OTU_363_18S_3_200	1	ENV_NO3	0.731877	0.095941	-0.635936	0.568432	3.000000	1.000000	0	0	1	1.000000	0.000000	0.000000
ASV_333_16S_022_3	OTU_356_18S_3_200	1	ENV_NO3	0.336811	0.000000	-0.336811	1.000000	3.000000	1.000000	0	0	1	1.000000	0.000000	0.000000
ASV_781_16S_022_3	OTU_356_18S_3_200	1	ENV_NO3	0.461770	0.000000	-0.461770	1.000000	3.000000	1.000000	0	0	1	1.000000	0.000000	0.000000
ASV_582_16S_022_3	OTU_371_18S_3_200	1	ENV_NO3	0.685603	0.252333	-0.433269	0.600400	3.000000	1.000000	0	0	1	1.000000	0.000000	0.000000
ASV_636_16S_022_3	OTU_371_18S_3_200	1	ENV_NO3	0.537171	0.000000	-0.537171	0.699301	3.000000	1.000000	0	0	1	1.000000	0.000000	0.000000
ASV_738_16S_022_3	OTU_371_18S_3_200	1	ENV_NO3	0.608923	0.463799	-0.145124	0.833167	3.000000	1.000000	0	0	1	1.000000	0.000000	0.000000
OTU_15_18S_022_3	OTU_387_18S_3_200	1	ENV_NO3	0.353675	-0.009298	-0.362972	0.565435	3.000000	1.000000	0	0	1	1.000000	0.000000	0.000000
OTU_2656_18S_022_3	OTU_387_18S_3_200	1	ENV_NO3	0.495939	0.000000	-0.495939	1.000000	3.000000	1.000000	0	0	1	1.000000	0.000000	0.000000
OTU_1216_18S_022_3	OTU_404_18S_3_200	1	ENV_NO3	0.579610	0.173287	-0.406323	0.334665	3.000000	1.000000	0	0	1	1.000000	0.000000	0.000000
OTU_613_18S_022_3	OTU_382_18S_3_200	1	ENV_NO3	0.744747	0.028881	-0.715866	0.134865	3.000000	1.000000	0	0	1	1.000000	0.000000	0.000000
OTU_1902_18S_022_3	OTU_403_18S_3_200	1	ENV_NO3	0.461770	0.067060	-0.394710	0.600400	3.000000	1.000000	0	0	1	1.000000	0.000000	0.000000
OTU_38_18S_3_200	OTU_413_18S_3_200	1	ENV_NO3	0.905378	0.262102	-0.643276	0.165834	3.000000	1.000000	0	0	1	1.000000	0.000000	0.000000
OTU_109_18S_3_200	OTU_412_18S_3_200	1	ENV_NO3	0.584983	0.057762	-0.527220	0.199800	3.000000	1.000000	0	0	1	1.000000	0.000000	0.000000
OTU_382_18S_3_200	OTU_412_18S_3_200	1	ENV_NO3	0.514986	0.028881	-0.486105	0.366633	3.000000	1.000000	0	0	1	1.000000	0.000000	0.000000
OTU_396_18S_022_3	OTU_419_18S_3_200	1	ENV_NO3	0.433842	0.433217	-0.000625	0.400599	3.000000	1.000000	0	0	1	1.000000	0.000000	0.000000
ASV_332_16S_022_3	OTU_393_18S_3_200	1	ENV_NO3	0.634062	0.273618	-0.360444	0.534466	3.000000	1.000000	0	0	1	1.000000	0.000000	0.000000
OTU_419_18S_3_200	OTU_393_18S_3_200	1	ENV_NO3	0.634062	0.218545	-0.415517	0.434565	3.000000	1.000000	0	0	1	1.000000	0.000000	0.000000
OTU_29_18S_3_200	OTU_373_18S_3_200	1	ENV_NO3	0.733592	0.249127	-0.484465	0.500500	3.000000	1.000000	0	0	1	1.000000	0.000000	0.000000
OTU_119_18S_3_200	OTU_373_18S_3_200	1	ENV_NO3	0.393364	0.083907	-0.309457	0.132867	3.000000	1.000000	0	0	1	1.000000	0.000000	0.000000
OTU_128_18S_3_200	OTU_373_18S_3_200	1	ENV_NO3	0.613856	0.182584	-0.431272	0.300699	3.000000	1.000000	0	0	1	1.000000	0.000000	0.000000
ASV_1322_16S_022_3	OTU_453_18S_3_200	1	ENV_NO3	0.469144	0.000000	-0.469144	0.465534	3.000000	1.000000	0	0	1	1.000000	0.000000	0.000000
ASV_507_16S_022_3	OTU_444_18S_3_200	1	ENV_NO3	0.651567	0.103335	-0.548232	0.531469	3.000000	1.000000	0	0	1	1.000000	0.000000	0.000000
OTU_242_18S_3_200	OTU_444_18S_3_200	1	ENV_NO3	0.493398	0.172078	-0.321320	0.432567	3.000000	1.000000	0	0	1	1.000000	0.000000	0.000000
ASV_556_16S_022_3	OTU_422_18S_3_200	1	ENV_NO3	0.603791	0.048465	-0.555326	0.500500	3.000000	1.000000	0	0	1	1.000000	0.000000	0.000000
ASV_1158_16S_022_3	OTU_422_18S_3_200	1	ENV_NO3	0.603791	0.079047	-0.524744	0.500500	3.000000	1.000000	0	0	1	1.000000	0.000000	0.000000
OTU_393_18S_3_200	OTU_422_18S_3_200	1	ENV_NO3	0.775481	0.146107	-0.629374	0.701299	3.000000	1.000000	0	0	1	1.000000	0.000000	0.000000
ASV_1107_16S_022_3	OTU_430_18S_3_200	1	ENV_NO3	0.533073	0.249644	-0.283429	0.933067	3.000000	1.000000	0	0	1	1.000000	0.000000	0.000000
OTU_101_18S_022_3	OTU_430_18S_3_200	1	ENV_NO3	0.612638	0.355871	-0.256766	0.967033	3.000000	1.000000	0	0	1	1.000000	0.000000	0.000000
OTU_268_18S_3_200	OTU_456_18S_3_200	1	ENV_NO3	0.769434	0.064841	-0.704592	0.467532	3.000000	1.000000	0	0	1	1.000000	0.000000	0.000000
OTU_1756_18S_022_3	OTU_390_18S_3_200	1	ENV_NO3	0.404007	0.000000	-0.404007	1.000000	3.000000	1.000000	0	0	1	1.000000	0.000000	0.000000
OTU_69_18S_022_3	OTU_458_18S_3_200	1	ENV_NO3	0.747164	0.263607	-0.483557	0.399600	3.000000	1.000000	0	0	1	1.000000	0.000000	0.000000
ASV_784_16S_3_200	OTU_458_18S_3_200	1	ENV_NO3	0.478280	0.278801	-0.199479	0.565435	3.000000	1.000000	0	0	1	1.000000	0.000000	0.000000
OTU_71_18S_3_200	OTU_458_18S_3_200	1	ENV_NO3	0.846655	0.203156	-0.643499	0.433566	3.000000	1.000000	0	0	1	1.000000	0.000000	0.000000
OTU_207_18S_022_3	OTU_472_18S_3_200	1	ENV_NO3	0.533073	0.081736	-0.451338	0.000999	3.000000	1.000000	0	0	1	1.000000	0.000000	0.000000
OTU_1149_18S_022_3	OTU_472_18S_3_200	1	ENV_NO3	0.691540	0.163472	-0.528069	0.000999	3.000000	1.000000	0	0	1	1.000000	0.000000	0.000000
OTU_1275_18S_022_3	OTU_478_18S_3_200	1	ENV_NO3	0.447715	0.069749	-0.377966	0.501499	3.000000	1.000000	0	0	1	1.000000	0.000000	0.000000
ASV_760_16S_3_200	OTU_478_18S_3_200	1	ENV_NO3	0.634440	0.069749	-0.564691	0.333666	3.000000	1.000000	0	0	1	1.000000	0.000000	0.000000
ASV_98_16S_022_3	OTU_466_18S_3_200	1	ENV_NO3	0.834203	0.148796	-0.685408	0.635365	3.000000	1.000000	0	0	1	1.000000	0.000000	0.000000
ASV_612_16S_022_3	OTU_466_18S_3_200	1	ENV_NO3	0.918034	0.000000	-0.918034	0.899101	3.000000	1.000000	0	0	1	1.000000	0.000000	0.000000
ASV_924_16S_022_3	OTU_466_18S_3_200	1	ENV_NO3	0.858890	0.040868	-0.818022	0.034965	3.000000	1.000000	0	0	1	1.000000	0.000000	0.000000
OTU_419_18S_3_200	OTU_476_18S_3_200	1	ENV_NO3	0.743539	0.259930	-0.483609	0.600400	3.000000	1.000000	0	0	1	1.000000	0.000000	0.000000
ASV_58_16S_3_200	OTU_470_18S_3_200	1	ENV_NO3	0.259634	0.150797	-0.108837	0.400599	2.000000	1.000000	0	1	0	1.000000	0.000000	0.000000
ASV_274_16S_3_200	OTU_470_18S_3_200	1	ENV_NO3	0.727238	0.231502	-0.495735	0.701299	3.000000	1.000000	0	0	1	1.000000	0.000000	0.000000
ASV_1581_16S_022_3	OTU_471_18S_3_200	1	ENV_NO3	0.530189	0.057762	-0.472427	0.633367	3.000000	1.000000	0	0	1	1.000000	0.000000	0.000000
OTU_234_18S_022_3	OTU_471_18S_3_200	1	ENV_NO3	0.378912	0.079047	-0.299866	0.533467	3.000000	1.000000	0	0	1	1.000000	0.000000	0.000000
ASV_847_16S_022_3	OTU_377_18S_3_200	1	ENV_NO3	0.506801	0.260918	-0.245882	0.767233	3.000000	1.000000	0	0	1	1.000000	0.000000	0.000000
OTU_26_18S_022_3	OTU_377_18S_3_200	1	ENV_NO3	0.365844	0.023974	-0.341870	0.267732	2.000000	1.000000	0	1	0	1.000000	0.000000	0.000000
OTU_476_18S_3_200	OTU_377_18S_3_200	1	ENV_NO3	0.612260	0.221234	-0.391026	0.733267	3.000000	1.000000	0	0	1	1.000000	0.000000	0.000000
ASV_1244_16S_022_3	OTU_487_18S_3_200	1	ENV_NO3	0.414059	0.038179	-0.375880	0.000999	3.000000	1.000000	0	0	1	1.000000	0.000000	0.000000
OTU_1213_18S_022_3	OTU_487_18S_3_200	1	ENV_NO3	0.551385	0.000000	-0.551385	1.000000	3.000000	1.000000	0	0	1	1.000000	0.000000	0.000000
OTU_2135_18S_022_3	OTU_492_18S_3_200	1	ENV_NO3	0.599096	0.000000	-0.599096	0.633367	3.000000	1.000000	0	0	1	1.000000	0.000000	0.000000
OTU_403_18S_3_200	OTU_492_18S_3_200	1	ENV_NO3	0.519532	0.182584	-0.336947	0.800200	3.000000	1.000000	0	0	1	1.000000	0.000000	0.000000
OTU_128_18S_3_200	OTU_506_18S_3_200	1	ENV_NO3	0.528981	0.240347	-0.288634	0.835165	3.000000	1.000000	0	0	1	1.000000	0.000000	0.000000
ASV_872_16S_022_3	OTU_515_18S_3_200	1	ENV_NO3	0.356297	0.086643	-0.269653	0.400599	3.000000	1.000000	0	0	1	1.000000	0.000000	0.000000
ASV_1401_16S_022_3	OTU_515_18S_3_200	1	ENV_NO3	0.599096	0.000000	-0.599096	1.000000	3.000000	1.000000	0	0	1	1.000000	0.000000	0.000000
OTU_1413_18S_022_3	OTU_515_18S_3_200	1	ENV_NO3	0.599096	0.000000	-0.599096	0.966034	3.000000	1.000000	0	0	1	1.000000	0.000000	0.000000
OTU_1611_18S_022_3	OTU_515_18S_3_200	1	ENV_NO3	0.435861	0.124822	-0.311039	0.533467	3.000000	1.000000	0	0	1	1.000000	0.000000	0.000000
OTU_2736_18S_022_3	OTU_515_18S_3_200	1	ENV_NO3	0.541334	0.057762	-0.483572	0.000999	3.000000	1.000000	0	0	1	1.000000	0.000000	0.000000
OTU_288_18S_3_200	OTU_536_18S_3_200	1	ENV_NO3	0.573132	0.173287	-0.399845	0.300699	3.000000	1.000000	0	0	1	1.000000	0.000000	0.000000
OTU_902_18S_022_3	OTU_498_18S_3_200	1	ENV_NO3	0.691963	0.300280	-0.391683	0.701299	3.000000	1.000000	0	0	1	1.000000	0.000000	0.000000
OTU_151_18S_3_200	OTU_498_18S_3_200	1	ENV_NO3	0.878985	0.139498	-0.739487	0.234765	3.000000	1.000000	0	0	1	1.000000	0.000000	0.000000
OTU_270_18S_3_200	OTU_498_18S_3_200	1	ENV_NO3	0.847616	0.391831	-0.455784	0.668332	3.000000	1.000000	0	0	1	1.000000	0.000000	0.000000
OTU_125_18S_3_200	OTU_480_18S_3_200	1	ENV_NO3	0.774566	0.327758	-0.446808	0.434565	3.000000	1.000000	0	0	1	1.000000	0.000000	0.000000
ASV_269_16S_3_200	OTU_537_18S_3_200	1	ENV_NO3	0.638154	0.173287	-0.464868	0.767233	3.000000	1.000000	0	0	1	1.000000	0.000000	0.000000
OTU_419_18S_3_200	OTU_537_18S_3_200	1	ENV_NO3	0.612260	0.231049	-0.381211	0.735265	3.000000	1.000000	0	0	1	1.000000	0.000000	0.000000
OTU_714_18S_022_3	OTU_534_18S_3_200	1	ENV_NO3	0.477917	0.019583	-0.458333	0.000999	3.000000	1.000000	0	0	1	1.000000	0.000000	0.000000
OTU_236_18S_3_200	OTU_534_18S_3_200	1	ENV_NO3	0.590557	0.000000	-0.590557	0.599401	3.000000	1.000000	0	0	1	1.000000	0.000000	0.000000
ASV_1115_16S_022_3	OTU_550_18S_3_200	1	ENV_NO3	0.497730	0.105709	-0.392021	0.067932	3.000000	1.000000	0	0	1	1.000000	0.000000	0.000000
ASV_2281_16S_3_200	OTU_550_18S_3_200	1	ENV_NO3	0.519532	0.139498	-0.380034	0.134865	3.000000	1.000000	0	0	1	1.000000	0.000000	0.000000
OTU_398_18S_3_200	OTU_550_18S_3_200	1	ENV_NO3	0.334495	0.139498	-0.194997	0.300699	3.000000	1.000000	0	0	1	1.000000	0.000000	0.000000
ASV_448_16S_3_200	OTU_539_18S_3_200	1	ENV_NO3	0.510733	0.000000	-0.510733	0.933067	3.000000	1.000000	0	0	1	1.000000	0.000000	0.000000
OTU_413_18S_022_3	OTU_512_18S_3_200	1	ENV_NO3	0.680162	0.057762	-0.622400	0.233766	3.000000	1.000000	0	0	1	1.000000	0.000000	0.000000
OTU_217_18S_3_200	OTU_512_18S_3_200	1	ENV_NO3	0.623996	0.057762	-0.566234	0.000999	3.000000	1.000000	0	0	1	1.000000	0.000000	0.000000
OTU_373_18S_3_200	OTU_560_18S_3_200	1	ENV_NO3	0.552543	0.240347	-0.312196	0.667333	3.000000	1.000000	0	0	1	1.000000	0.000000	0.000000
OTU_362_18S_3_200	OTU_568_18S_3_200	1	ENV_NO3	0.439351	0.000000	-0.439351	1.000000	3.000000	1.000000	0	0	1	1.000000	0.000000	0.000000
ASV_358_16S_022_3	OTU_582_18S_3_200	1	ENV_NO3	0.556959	0.407008	-0.149951	0.500500	3.000000	1.000000	0	0	1	1.000000	0.000000	0.000000
ASV_469_16S_022_3	OTU_582_18S_3_200	1	ENV_NO3	0.447282	0.034445	-0.412837	0.066933	3.000000	1.000000	0	0	1	1.000000	0.000000	0.000000
ASV_448_16S_3_200	OTU_582_18S_3_200	1	ENV_NO3	0.628798	0.000000	-0.628798	0.434565	3.000000	1.000000	0	0	1	1.000000	0.000000	0.000000
ASV_666_16S_022_3	OTU_588_18S_3_200	1	ENV_NO3	0.452871	-0.028881	-0.481752	0.200799	3.000000	1.000000	0	0	1	1.000000	0.000000	0.000000
OTU_453_18S_3_200	OTU_598_18S_3_200	1	ENV_NO3	0.397040	0.063140	-0.333899	0.132867	3.000000	1.000000	0	0	1	1.000000	0.000000	0.000000
OTU_303_18S_3_200	OTU_605_18S_3_200	1	ENV_NO3	0.581774	0.240347	-0.341428	0.634366	3.000000	1.000000	0	0	1	1.000000	0.000000	0.000000
OTU_598_18S_3_200	OTU_605_18S_3_200	1	ENV_NO3	0.476315	0.109434	-0.366882	0.399600	3.000000	1.000000	0	0	1	1.000000	0.000000	0.000000
ASV_755_16S_022_3	OTU_610_18S_3_200	1	ENV_NO3	0.603865	0.000000	-0.603865	1.000000	3.000000	1.000000	0	0	1	1.000000	0.000000	0.000000
OTU_712_18S_022_3	OTU_610_18S_3_200	1	ENV_NO3	0.438177	0.005564	-0.432613	0.834166	3.000000	1.000000	0	0	1	1.000000	0.000000	0.000000
OTU_2037_18S_022_3	OTU_610_18S_3_200	1	ENV_NO3	0.546102	0.000000	-0.546102	1.000000	3.000000	1.000000	0	0	1	1.000000	0.000000	0.000000
OTU_1252_18S_022_3	OTU_621_18S_3_200	1	ENV_NO3	0.519532	0.000000	-0.519532	1.000000	3.000000	1.000000	0	0	1	1.000000	0.000000	0.000000
OTU_1290_18S_022_3	OTU_621_18S_3_200	1	ENV_NO3	0.541334	0.000000	-0.541334	0.767233	3.000000	1.000000	0	0	1	1.000000	0.000000	0.000000
OTU_325_18S_3_200	OTU_613_18S_3_200	1	ENV_NO3	0.869203	0.115525	-0.753679	0.167832	3.000000	1.000000	0	0	1	1.000000	0.000000	0.000000
ASV_600_16S_022_3	OTU_625_18S_3_200	1	ENV_NO3	0.487679	0.202168	-0.285511	0.668332	3.000000	1.000000	0	0	1	1.000000	0.000000	0.000000
ASV_431_16S_022_3	OTU_641_18S_3_200	1	ENV_NO3	0.590836	0.000000	-0.590836	1.000000	3.000000	1.000000	0	0	1	1.000000	0.000000	0.000000
OTU_72_18S_022_3	OTU_641_18S_3_200	1	ENV_NO3	0.321116	-0.067060	-0.388176	0.399600	3.000000	1.000000	0	0	1	1.000000	0.000000	0.000000
OTU_671_18S_022_3	OTU_577_18S_3_200	1	ENV_NO3	0.545814	0.160782	-0.385032	0.566434	3.000000	1.000000	0	0	1	1.000000	0.000000	0.000000
OTU_714_18S_022_3	OTU_577_18S_3_200	1	ENV_NO3	0.576016	0.145394	-0.430622	0.066933	3.000000	1.000000	0	0	1	1.000000	0.000000	0.000000
OTU_2105_18S_022_3	OTU_577_18S_3_200	1	ENV_NO3	0.465365	0.064841	-0.400524	0.133866	3.000000	1.000000	0	0	1	1.000000	0.000000	0.000000
OTU_539_18S_3_200	OTU_577_18S_3_200	1	ENV_NO3	0.634062	0.122604	-0.511458	0.100899	3.000000	1.000000	0	0	1	1.000000	0.000000	0.000000
ASV_1139_16S_022_3	OTU_624_18S_3_200	1	ENV_NO3	0.531283	0.000000	-0.531283	1.000000	3.000000	1.000000	0	0	1	1.000000	0.000000	0.000000
OTU_689_18S_022_3	OTU_564_18S_3_200	1	ENV_NO3	0.487247	0.086643	-0.400603	0.967033	3.000000	1.000000	0	0	1	1.000000	0.000000	0.000000
ASV_776_16S_022_3	OTU_622_18S_3_200	1	ENV_NO3	0.547893	0.000000	-0.547893	0.867133	3.000000	1.000000	0	0	1	1.000000	0.000000	0.000000
ASV_1258_16S_022_3	OTU_622_18S_3_200	1	ENV_NO3	0.603203	0.000000	-0.603203	1.000000	3.000000	1.000000	0	0	1	1.000000	0.000000	0.000000
OTU_197_18S_3_200	OTU_622_18S_3_200	1	ENV_NO3	0.670400	0.115525	-0.554875	0.569431	3.000000	1.000000	0	0	1	1.000000	0.000000	0.000000
OTU_32_18S_3_200	OTU_655_18S_3_200	1	ENV_NO3	0.514539	0.269228	-0.245311	0.867133	3.000000	1.000000	0	0	1	1.000000	0.000000	0.000000
OTU_236_18S_3_200	OTU_655_18S_3_200	1	ENV_NO3	0.804181	0.153703	-0.650477	0.532468	3.000000	1.000000	0	0	1	1.000000	0.000000	0.000000
ASV_622_16S_022_3	OTU_670_18S_3_200	1	ENV_NO3	0.614756	0.199949	-0.414806	0.400599	3.000000	1.000000	0	0	1	1.000000	0.000000	0.000000
OTU_1283_18S_022_3	OTU_670_18S_3_200	1	ENV_NO3	0.669738	0.132889	-0.536849	0.466533	3.000000	1.000000	0	0	1	1.000000	0.000000	0.000000
ASV_413_16S_022_3	OTU_680_18S_3_200	1	ENV_NO3	0.564359	0.134120	-0.430239	0.434565	3.000000	1.000000	0	0	1	1.000000	0.000000	0.000000
ASV_434_16S_022_3	OTU_680_18S_3_200	1	ENV_NO3	0.483586	-0.028881	-0.512467	0.467532	3.000000	1.000000	0	0	1	1.000000	0.000000	0.000000
ASV_1963_16S_3_200	OTU_680_18S_3_200	1	ENV_NO3	0.682767	0.000000	-0.682767	0.934066	3.000000	1.000000	0	0	1	1.000000	0.000000	0.000000
ASV_255_16S_022_3	OTU_682_18S_3_200	1	ENV_NO3	0.410194	0.198961	-0.211233	0.300699	3.000000	1.000000	0	0	1	1.000000	0.000000	0.000000
ASV_1999_16S_022_3	OTU_682_18S_3_200	1	ENV_NO3	0.552608	0.000000	-0.552608	0.933067	3.000000	1.000000	0	0	1	1.000000	0.000000	0.000000
ASV_255_16S_3_200	OTU_682_18S_3_200	1	ENV_NO3	0.415326	0.108899	-0.306427	0.100899	3.000000	1.000000	0	0	1	1.000000	0.000000	0.000000
OTU_362_18S_3_200	OTU_671_18S_3_200	1	ENV_NO3	0.749964	0.252333	-0.497631	0.834166	3.000000	1.000000	0	0	1	1.000000	0.000000	0.000000
OTU_50_18S_022_3	OTU_691_18S_3_200	1	ENV_NO3	0.318604	0.027893	-0.290711	0.268731	2.000000	1.000000	0	1	0	1.000000	0.000000	0.000000
OTU_286_18S_3_200	OTU_691_18S_3_200	1	ENV_NO3	0.567243	0.066414	-0.500829	0.801199	3.000000	1.000000	0	0	1	1.000000	0.000000	0.000000
ASV_1949_16S_022_3	OTU_699_18S_3_200	1	ENV_NO3	0.372816	0.081736	-0.291080	0.000999	3.000000	1.000000	0	0	1	1.000000	0.000000	0.000000
OTU_788_18S_022_3	OTU_699_18S_3_200	1	ENV_NO3	0.456393	0.215856	-0.240538	0.400599	3.000000	1.000000	0	0	1	1.000000	0.000000	0.000000
OTU_711_18S_022_3	OTU_726_18S_3_200	1	ENV_NO3	0.603203	0.000000	-0.603203	1.000000	3.000000	1.000000	0	0	1	1.000000	0.000000	0.000000
OTU_419_18S_022_3	OTU_646_18S_3_200	1	ENV_NO3	0.659956	0.145394	-0.514563	0.500500	3.000000	1.000000	0	0	1	1.000000	0.000000	0.000000
OTU_34_18S_3_200	OTU_646_18S_3_200	1	ENV_NO3	0.563320	0.172225	-0.391095	0.268731	3.000000	1.000000	0	0	1	1.000000	0.000000	0.000000
ASV_613_16S_022_3	OTU_711_18S_3_200	1	ENV_NO3	0.519532	0.115525	-0.404007	0.867133	3.000000	1.000000	0	0	1	1.000000	0.000000	0.000000
ASV_1707_16S_022_3	OTU_711_18S_3_200	1	ENV_NO3	0.461770	0.086643	-0.375126	0.534466	3.000000	1.000000	0	0	1	1.000000	0.000000	0.000000
ASV_1747_16S_022_3	OTU_711_18S_3_200	1	ENV_NO3	0.519532	0.000000	-0.519532	1.000000	3.000000	1.000000	0	0	1	1.000000	0.000000	0.000000
OTU_866_18S_022_3	OTU_741_18S_3_200	1	ENV_NO3	0.461770	0.000000	-0.461770	1.000000	3.000000	1.000000	0	0	1	1.000000	0.000000	0.000000
OTU_2656_18S_022_3	OTU_749_18S_3_200	1	ENV_NO3	0.327421	0.000000	-0.327421	0.967033	3.000000	1.000000	0	0	1	1.000000	0.000000	0.000000
OTU_8089_18S_022_3	OTU_756_18S_3_200	1	ENV_NO3	0.416375	0.000000	-0.416375	0.933067	3.000000	1.000000	0	0	1	1.000000	0.000000	0.000000
OTU_729_18S_022_3	OTU_722_18S_3_200	1	ENV_NO3	0.820761	0.239116	-0.581644	0.600400	3.000000	1.000000	0	0	1	1.000000	0.000000	0.000000
OTU_498_18S_3_200	OTU_722_18S_3_200	1	ENV_NO3	0.809487	0.277295	-0.532191	0.499500	3.000000	1.000000	0	0	1	1.000000	0.000000	0.000000
ASV_253_16S_022_3	OTU_747_18S_3_200	1	ENV_NO3	0.705530	0.238128	-0.467401	0.433566	3.000000	1.000000	0	0	1	1.000000	0.000000	0.000000
OTU_196_18S_3_200	OTU_653_18S_3_200	1	ENV_NO3	0.612638	0.086643	-0.525994	0.334665	3.000000	1.000000	0	0	1	1.000000	0.000000	0.000000
OTU_68_18S_3_200	OTU_778_18S_3_200	1	ENV_NO3	0.792907	0.093723	-0.699184	0.500500	3.000000	1.000000	0	0	1	1.000000	0.000000	0.000000
ASV_1459_16S_022_3	OTU_714_18S_3_200	1	ENV_NO3	0.599096	0.000000	-0.599096	0.933067	3.000000	1.000000	0	0	1	1.000000	0.000000	0.000000
OTU_817_18S_022_3	OTU_714_18S_3_200	1	ENV_NO3	0.603865	0.067060	-0.536805	0.467532	3.000000	1.000000	0	0	1	1.000000	0.000000	0.000000
ASV_706_16S_3_200	OTU_714_18S_3_200	1	ENV_NO3	0.625005	0.202168	-0.422837	0.734266	3.000000	1.000000	0	0	1	1.000000	0.000000	0.000000
ASV_1215_16S_3_200	OTU_698_18S_3_200	1	ENV_NO3	0.789639	0.086643	-0.702996	0.467532	3.000000	1.000000	0	0	1	1.000000	0.000000	0.000000
ASV_1127_16S_022_3	OTU_800_18S_3_200	1	ENV_NO3	0.299011	0.048465	-0.250546	0.699301	3.000000	1.000000	0	0	1	1.000000	0.000000	0.000000
ASV_1043_16S_022_3	OTU_791_18S_3_200	1	ENV_NO3	0.439968	0.000000	-0.439968	1.000000	3.000000	1.000000	0	0	1	1.000000	0.000000	0.000000
ASV_972_16S_3_200	OTU_791_18S_3_200	1	ENV_NO3	0.519532	0.000000	-0.519532	0.933067	3.000000	1.000000	0	0	1	1.000000	0.000000	0.000000
ASV_1190_16S_022_3	OTU_817_18S_3_200	1	ENV_NO3	0.521033	0.028881	-0.492152	0.000999	3.000000	1.000000	0	0	1	1.000000	0.000000	0.000000
ASV_444_16S_022_3	OTU_799_18S_3_200	1	ENV_NO3	0.682767	0.086643	-0.596124	0.000999	3.000000	1.000000	0	0	1	1.000000	0.000000	0.000000
ASV_469_16S_022_3	OTU_799_18S_3_200	1	ENV_NO3	0.575081	0.086643	-0.488437	0.000999	3.000000	1.000000	0	0	1	1.000000	0.000000	0.000000
OTU_826_18S_022_3	OTU_799_18S_3_200	1	ENV_NO3	0.632843	-0.091551	-0.724394	0.302697	3.000000	1.000000	0	0	1	1.000000	0.000000	0.000000
ASV_725_16S_022_3	OTU_797_18S_3_200	1	ENV_NO3	0.807065	0.223452	-0.583613	0.733267	3.000000	1.000000	0	0	1	1.000000	0.000000	0.000000
ASV_1632_16S_022_3	OTU_797_18S_3_200	1	ENV_NO3	0.728162	0.000000	-0.728162	0.933067	3.000000	1.000000	0	0	1	1.000000	0.000000	0.000000
ASV_1223_16S_022_3	OTU_842_18S_3_200	1	ENV_NO3	0.497730	0.000000	-0.497730	1.000000	3.000000	1.000000	0	0	1	1.000000	0.000000	0.000000
ASV_472_16S_022_3	OTU_761_18S_3_200	1	ENV_NO3	0.609092	0.151485	-0.457607	0.234765	3.000000	1.000000	0	0	1	1.000000	0.000000	0.000000
OTU_384_18S_022_3	OTU_761_18S_3_200	1	ENV_NO3	0.520755	0.081736	-0.439019	0.166833	3.000000	1.000000	0	0	1	1.000000	0.000000	0.000000
ASV_643_16S_022_3	OTU_839_18S_3_200	1	ENV_NO3	0.519532	0.115525	-0.404007	0.634366	3.000000	1.000000	0	0	1	1.000000	0.000000	0.000000
ASV_1375_16S_022_3	OTU_839_18S_3_200	1	ENV_NO3	0.416375	0.000000	-0.416375	0.799201	3.000000	1.000000	0	0	1	1.000000	0.000000	0.000000
ASV_2032_16S_3_200	OTU_839_18S_3_200	1	ENV_NO3	0.519532	0.086643	-0.432889	0.500500	3.000000	1.000000	0	0	1	1.000000	0.000000	0.000000
ASV_1002_16S_022_3	OTU_858_18S_3_200	1	ENV_NO3	0.931565	0.310371	-0.621194	0.400599	3.000000	1.000000	0	0	1	1.000000	0.000000	0.000000
ASV_1411_16S_022_3	OTU_858_18S_3_200	1	ENV_NO3	0.608346	0.278525	-0.329820	0.767233	3.000000	1.000000	0	0	1	1.000000	0.000000	0.000000
OTU_999_18S_022_3	OTU_868_18S_3_200	1	ENV_NO3	0.623912	0.000000	-0.623912	0.600400	3.000000	1.000000	0	0	1	1.000000	0.000000	0.000000
OTU_2097_18S_022_3	OTU_868_18S_3_200	1	ENV_NO3	0.484794	0.115525	-0.369270	0.701299	3.000000	1.000000	0	0	1	1.000000	0.000000	0.000000
OTU_671_18S_3_200	OTU_868_18S_3_200	1	ENV_NO3	0.429484	0.057762	-0.371722	0.365634	3.000000	1.000000	0	0	1	1.000000	0.000000	0.000000
OTU_698_18S_022_3	OTU_787_18S_3_200	1	ENV_NO3	0.509218	0.066542	-0.442675	0.201798	3.000000	1.000000	0	0	1	1.000000	0.000000	0.000000
OTU_787_18S_022_3	OTU_787_18S_3_200	1	ENV_NO3	0.578796	0.314486	-0.264310	0.335664	3.000000	1.000000	0	0	1	1.000000	0.000000	0.000000
OTU_1304_18S_022_3	OTU_787_18S_3_200	1	ENV_NO3	0.670400	0.107928	-0.562472	0.401598	3.000000	1.000000	0	0	1	1.000000	0.000000	0.000000
OTU_605_18S_3_200	OTU_871_18S_3_200	1	ENV_NO3	0.480453	0.109434	-0.371020	0.467532	3.000000	1.000000	0	0	1	1.000000	0.000000	0.000000
ASV_229_16S_022_3	OTU_866_18S_3_200	1	ENV_NO3	0.646807	0.000000	-0.646807	0.666334	3.000000	1.000000	0	0	1	1.000000	0.000000	0.000000
ASV_306_16S_022_3	OTU_866_18S_3_200	1	ENV_NO3	0.682767	0.000000	-0.682767	0.866134	3.000000	1.000000	0	0	1	1.000000	0.000000	0.000000
ASV_635_16S_022_3	OTU_866_18S_3_200	1	ENV_NO3	0.484794	0.057762	-0.427032	0.166833	3.000000	1.000000	0	0	1	1.000000	0.000000	0.000000
OTU_106_18S_3_200	OTU_767_18S_3_200	1	ENV_NO3	1.032176	0.139498	-0.892678	0.000999	3.000000	1.000000	0	0	1	1.000000	0.000000	0.000000
OTU_536_18S_3_200	OTU_767_18S_3_200	1	ENV_NO3	0.837088	0.079047	-0.758041	0.533467	3.000000	1.000000	0	0	1	1.000000	0.000000	0.000000
ASV_1215_16S_022_3	OTU_879_18S_3_200	1	ENV_NO3	0.807726	0.076358	-0.731369	0.634366	3.000000	1.000000	0	0	1	1.000000	0.000000	0.000000
ASV_1551_16S_022_3	OTU_879_18S_3_200	1	ENV_NO3	0.785924	0.000000	-0.785924	0.933067	3.000000	1.000000	0	0	1	1.000000	0.000000	0.000000
OTU_430_18S_022_3	OTU_879_18S_3_200	1	ENV_NO3	0.587951	0.000000	-0.587951	0.701299	3.000000	1.000000	0	0	1	1.000000	0.000000	0.000000
ASV_2004_16S_3_200	OTU_879_18S_3_200	1	ENV_NO3	0.625005	0.153703	-0.471302	0.666334	3.000000	1.000000	0	0	1	1.000000	0.000000	0.000000
OTU_2919_18S_022_3	OTU_886_18S_3_200	1	ENV_NO3	0.541334	-0.009298	-0.550632	0.200799	3.000000	1.000000	0	0	1	1.000000	0.000000	0.000000
ASV_636_16S_022_3	OTU_889_18S_3_200	1	ENV_NO3	0.516648	0.000000	-0.516648	0.934066	3.000000	1.000000	0	0	1	1.000000	0.000000	0.000000
OTU_756_18S_3_200	OTU_889_18S_3_200	1	ENV_NO3	0.474137	0.000000	-0.474137	0.867133	3.000000	1.000000	0	0	1	1.000000	0.000000	0.000000
ASV_376_16S_022_3	OTU_855_18S_3_200	1	ENV_NO3	0.404007	0.139498	-0.264509	0.834166	3.000000	1.000000	0	0	1	1.000000	0.000000	0.000000
ASV_606_16S_022_3	OTU_855_18S_3_200	1	ENV_NO3	0.406323	0.110617	-0.295707	0.567433	3.000000	1.000000	0	0	1	1.000000	0.000000	0.000000
OTU_756_18S_3_200	OTU_855_18S_3_200	1	ENV_NO3	0.567243	0.209247	-0.357996	0.933067	3.000000	1.000000	0	0	1	1.000000	0.000000	0.000000
ASV_322_16S_022_3	OTU_829_18S_3_200	1	ENV_NO3	0.603203	0.067060	-0.536143	0.566434	3.000000	1.000000	0	0	1	1.000000	0.000000	0.000000
ASV_969_16S_022_3	OTU_829_18S_3_200	1	ENV_NO3	0.660965	0.040868	-0.620097	0.199800	3.000000	1.000000	0	0	1	1.000000	0.000000	0.000000
OTU_142_18S_3_200	OTU_829_18S_3_200	1	ENV_NO3	0.458895	0.011987	-0.446908	0.033966	3.000000	1.000000	0	0	1	1.000000	0.000000	0.000000
OTU_136_18S_3_200	OTU_902_18S_3_200	1	ENV_NO3	0.747632	0.203156	-0.544475	0.767233	3.000000	1.000000	0	0	1	1.000000	0.000000	0.000000
ASV_2093_16S_022_3	OTU_923_18S_3_200	1	ENV_NO3	0.483572	0.136809	-0.346763	0.666334	3.000000	1.000000	0	0	1	1.000000	0.000000	0.000000
OTU_243_18S_022_3	OTU_924_18S_3_200	1	ENV_NO3	0.425809	0.057762	-0.368047	0.000999	3.000000	1.000000	0	0	1	1.000000	0.000000	0.000000
OTU_68_18S_3_200	OTU_924_18S_3_200	1	ENV_NO3	0.425809	0.225671	-0.200139	0.934066	3.000000	1.000000	0	0	1	1.000000	0.000000	0.000000
OTU_778_18S_3_200	OTU_924_18S_3_200	1	ENV_NO3	0.541334	0.067060	-0.474274	0.700300	3.000000	1.000000	0	0	1	1.000000	0.000000	0.000000
ASV_600_16S_022_3	OTU_932_18S_3_200	1	ENV_NO3	0.567243	0.124822	-0.442421	0.668332	3.000000	1.000000	0	0	1	1.000000	0.000000	0.000000
OTU_456_18S_3_200	OTU_932_18S_3_200	1	ENV_NO3	0.713342	0.139498	-0.573844	0.434565	3.000000	1.000000	0	0	1	1.000000	0.000000	0.000000
OTU_183_18S_3_200	OTU_962_18S_3_200	1	ENV_NO3	0.427451	0.109434	-0.318017	0.332667	3.000000	1.000000	0	0	1	1.000000	0.000000	0.000000
OTU_303_18S_3_200	OTU_904_18S_3_200	1	ENV_NO3	0.767837	0.278525	-0.489312	0.868132	3.000000	1.000000	0	0	1	1.000000	0.000000	0.000000
OTU_222_18S_022_3	OTU_960_18S_3_200	1	ENV_NO3	0.486585	0.000000	-0.486585	1.000000	3.000000	1.000000	0	0	1	1.000000	0.000000	0.000000
OTU_413_18S_022_3	OTU_911_18S_3_200	1	ENV_NO3	0.753679	0.038179	-0.715500	0.334665	3.000000	1.000000	0	0	1	1.000000	0.000000	0.000000
OTU_850_18S_022_3	OTU_911_18S_3_200	1	ENV_NO3	0.771105	0.067060	-0.704045	0.668332	3.000000	1.000000	0	0	1	1.000000	0.000000	0.000000
OTU_82_18S_3_200	OTU_911_18S_3_200	1	ENV_NO3	0.805394	0.000000	-0.805394	0.533467	3.000000	1.000000	0	0	1	1.000000	0.000000	0.000000
OTU_268_18S_3_200	OTU_911_18S_3_200	1	ENV_NO3	0.747632	0.000000	-0.747632	0.867133	3.000000	1.000000	0	0	1	1.000000	0.000000	0.000000
OTU_456_18S_3_200	OTU_911_18S_3_200	1	ENV_NO3	0.525609	0.000000	-0.525609	0.833167	3.000000	1.000000	0	0	1	1.000000	0.000000	0.000000
OTU_904_18S_3_200	OTU_911_18S_3_200	1	ENV_NO3	0.863156	0.038179	-0.824977	0.600400	3.000000	1.000000	0	0	1	1.000000	0.000000	0.000000
ASV_500_16S_022_3	OTU_994_18S_3_200	1	ENV_NO3	0.542557	0.000000	-0.542557	1.000000	3.000000	1.000000	0	0	1	1.000000	0.000000	0.000000
OTU_498_18S_022_3	OTU_994_18S_3_200	1	ENV_NO3	0.508272	0.067060	-0.441212	0.666334	3.000000	1.000000	0	0	1	1.000000	0.000000	0.000000
ASV_1566_16S_022_3	OTU_909_18S_3_200	1	ENV_NO3	0.670400	0.067060	-0.603340	0.500500	3.000000	1.000000	0	0	1	1.000000	0.000000	0.000000
ASV_787_16S_3_200	OTU_909_18S_3_200	1	ENV_NO3	0.574419	0.115525	-0.458895	0.734266	3.000000	1.000000	0	0	1	1.000000	0.000000	0.000000
OTU_128_18S_3_200	OTU_909_18S_3_200	1	ENV_NO3	0.550121	0.182584	-0.367537	0.835165	3.000000	1.000000	0	0	1	1.000000	0.000000	0.000000
OTU_351_18S_3_200	OTU_909_18S_3_200	1	ENV_NO3	0.572301	0.086643	-0.485658	0.566434	3.000000	1.000000	0	0	1	1.000000	0.000000	0.000000
OTU_476_18S_3_200	OTU_937_18S_3_200	1	ENV_NO3	0.597529	0.163472	-0.434058	0.835165	3.000000	1.000000	0	0	1	1.000000	0.000000	0.000000
ASV_762_16S_022_3	OTU_985_18S_3_200	1	ENV_NO3	0.542557	0.139498	-0.403059	0.701299	3.000000	1.000000	0	0	1	1.000000	0.000000	0.000000
ASV_1439_16S_3_200	OTU_985_18S_3_200	1	ENV_NO3	0.487679	0.139498	-0.348180	0.800200	3.000000	1.000000	0	0	1	1.000000	0.000000	0.000000
ASV_1088_16S_022_3	OTU_997_18S_3_200	1	ENV_NO3	0.439968	0.000000	-0.439968	0.833167	3.000000	1.000000	0	0	1	1.000000	0.000000	0.000000
OTU_582_18S_022_3	OTU_997_18S_3_200	1	ENV_NO3	0.494846	0.115525	-0.379321	0.533467	3.000000	1.000000	0	0	1	1.000000	0.000000	0.000000
ASV_101_16S_3_200	OTU_997_18S_3_200	1	ENV_NO3	0.493623	0.000000	-0.493623	0.866134	3.000000	1.000000	0	0	1	1.000000	0.000000	0.000000
ASV_673_16S_3_200	OTU_997_18S_3_200	1	ENV_NO3	0.519532	-0.013269	-0.532801	0.800200	3.000000	1.000000	0	0	1	1.000000	0.000000	0.000000
OTU_103_18S_3_200	OTU_997_18S_3_200	1	ENV_NO3	0.458885	0.000000	-0.458885	0.700300	3.000000	1.000000	0	0	1	1.000000	0.000000	0.000000
ASV_321_16S_3_200	OTU_973_18S_3_200	1	ENV_NO3	0.739521	0.086643	-0.652877	0.367632	3.000000	1.000000	0	0	1	1.000000	0.000000	0.000000
OTU_1628_18S_022_3	OTU_989_18S_3_200	1	ENV_NO3	0.599096	0.000000	-0.599096	1.000000	3.000000	1.000000	0	0	1	1.000000	0.000000	0.000000
OTU_2662_18S_022_3	OTU_989_18S_3_200	1	ENV_NO3	0.656858	0.000000	-0.656858	1.000000	3.000000	1.000000	0	0	1	1.000000	0.000000	0.000000
OTU_2876_18S_022_3	OTU_989_18S_3_200	1	ENV_NO3	0.599096	0.000000	-0.599096	0.934066	3.000000	1.000000	0	0	1	1.000000	0.000000	0.000000
ASV_482_16S_022_3	OTU_1019_18S_3_200	1	ENV_NO3	0.366306	0.000000	-0.366306	0.466533	3.000000	1.000000	0	0	1	1.000000	0.000000	0.000000
OTU_902_18S_022_3	OTU_1019_18S_3_200	1	ENV_NO3	0.734015	0.210948	-0.523067	0.334665	3.000000	1.000000	0	0	1	1.000000	0.000000	0.000000
OTU_166_18S_3_200	OTU_1019_18S_3_200	1	ENV_NO3	0.843771	0.365169	-0.478602	0.401598	3.000000	1.000000	0	0	1	1.000000	0.000000	0.000000
OTU_543_18S_022_3	OTU_505_18S_3_200	1	ENV_NO3	0.404266	0.597206	0.192940	nan	3.000000	1.000000	0	0	1	1.000000	0.000000	0.000000
ASV_1587_16S_022_3	OTU_1034_18S_3_200	1	ENV_NO3	0.593441	0.000000	-0.593441	0.933067	3.000000	1.000000	0	0	1	1.000000	0.000000	0.000000
OTU_71_18S_022_3	OTU_1034_18S_3_200	1	ENV_NO3	0.645052	0.000000	-0.645052	1.000000	3.000000	1.000000	0	0	1	1.000000	0.000000	0.000000
OTU_1460_18S_022_3	OTU_859_18S_3_200	1	ENV_NO3	0.599096	0.000000	-0.599096	0.933067	3.000000	1.000000	0	0	1	1.000000	0.000000	0.000000
OTU_3598_18S_022_3	OTU_859_18S_3_200	1	ENV_NO3	0.567243	0.086643	-0.480599	0.400599	3.000000	1.000000	0	0	1	1.000000	0.000000	0.000000
OTU_6834_18S_022_3	OTU_859_18S_3_200	1	ENV_NO3	0.461770	0.000000	-0.461770	1.000000	3.000000	1.000000	0	0	1	1.000000	0.000000	0.000000
ASV_1593_16S_022_3	OTU_965_18S_3_200	1	ENV_NO3	0.541334	0.000000	-0.541334	0.933067	3.000000	1.000000	0	0	1	1.000000	0.000000	0.000000
OTU_506_18S_3_200	OTU_965_18S_3_200	1	ENV_NO3	0.569695	0.057762	-0.511933	0.567433	3.000000	1.000000	0	0	1	1.000000	0.000000	0.000000
OTU_625_18S_3_200	OTU_965_18S_3_200	1	ENV_NO3	0.492737	0.107928	-0.384809	0.533467	3.000000	1.000000	0	0	1	1.000000	0.000000	0.000000
OTU_166_18S_3_200	OTU_982_18S_3_200	1	ENV_NO3	0.534366	0.395038	-0.139328	0.368631	3.000000	1.000000	0	0	1	1.000000	0.000000	0.000000
ASV_1029_16S_022_3	OTU_1023_18S_3_200	1	ENV_NO3	0.379992	0.165690	-0.214302	0.701299	3.000000	1.000000	0	0	1	1.000000	0.000000	0.000000
OTU_362_18S_3_200	OTU_1023_18S_3_200	1	ENV_NO3	0.475973	0.223452	-0.252520	0.800200	3.000000	1.000000	0	0	1	1.000000	0.000000	0.000000
OTU_534_18S_3_200	OTU_833_18S_3_200	1	ENV_NO3	0.735144	0.057762	-0.677382	0.434565	3.000000	1.000000	0	0	1	1.000000	0.000000	0.000000
ASV_1551_16S_022_3	OTU_1086_18S_3_200	1	ENV_NO3	0.379992	0.000000	-0.379992	0.933067	3.000000	1.000000	0	0	1	1.000000	0.000000	0.000000
OTU_506_18S_3_200	OTU_1086_18S_3_200	1	ENV_NO3	0.511271	0.281215	-0.230057	0.868132	3.000000	1.000000	0	0	1	1.000000	0.000000	0.000000
OTU_151_18S_3_200	OTU_1076_18S_3_200	1	ENV_NO3	0.788351	0.137327	-0.651025	0.066933	3.000000	1.000000	0	0	1	1.000000	0.000000	0.000000
OTU_909_18S_3_200	OTU_1076_18S_3_200	1	ENV_NO3	0.666854	0.057762	-0.609092	0.134865	3.000000	1.000000	0	0	1	1.000000	0.000000	0.000000
OTU_136_18S_3_200	OTU_1095_18S_3_200	1	ENV_NO3	0.794444	0.217832	-0.576612	0.167832	3.000000	1.000000	0	0	1	1.000000	0.000000	0.000000
OTU_467_18S_3_200	OTU_1095_18S_3_200	1	ENV_NO3	0.638154	0.000000	-0.638154	0.532468	3.000000	1.000000	0	0	1	1.000000	0.000000	0.000000
OTU_2389_18S_022_3	OTU_1106_18S_3_200	1	ENV_NO3	0.599096	0.115525	-0.483572	0.667333	3.000000	1.000000	0	0	1	1.000000	0.000000	0.000000
OTU_989_18S_3_200	OTU_1106_18S_3_200	1	ENV_NO3	0.493623	0.000000	-0.493623	1.000000	3.000000	1.000000	0	0	1	1.000000	0.000000	0.000000
ASV_1705_16S_022_3	OTU_1114_18S_3_200	1	ENV_NO3	0.442284	0.000000	-0.442284	0.766234	3.000000	1.000000	0	0	1	1.000000	0.000000	0.000000
OTU_469_18S_022_3	OTU_1114_18S_3_200	1	ENV_NO3	0.404021	0.000000	-0.404021	1.000000	3.000000	1.000000	0	0	1	1.000000	0.000000	0.000000
OTU_322_18S_3_200	OTU_1114_18S_3_200	1	ENV_NO3	0.442284	0.000000	-0.442284	0.899101	3.000000	1.000000	0	0	1	1.000000	0.000000	0.000000
ASV_874_16S_022_3	OTU_1121_18S_3_200	1	ENV_NO3	0.502498	0.000000	-0.502498	0.701299	3.000000	1.000000	0	0	1	1.000000	0.000000	0.000000
OTU_1195_18S_022_3	OTU_1121_18S_3_200	1	ENV_NO3	0.569034	0.000000	-0.569034	0.300699	3.000000	1.000000	0	0	1	1.000000	0.000000	0.000000
OTU_398_18S_3_200	OTU_1121_18S_3_200	1	ENV_NO3	0.497730	0.000000	-0.497730	0.734266	3.000000	1.000000	0	0	1	1.000000	0.000000	0.000000
ASV_636_16S_022_3	OTU_1105_18S_3_200	1	ENV_NO3	0.432090	0.156392	-0.275698	0.801199	3.000000	1.000000	0	0	1	1.000000	0.000000	0.000000
OTU_960_18S_3_200	OTU_1105_18S_3_200	1	ENV_NO3	0.609753	0.000000	-0.609753	1.000000	3.000000	1.000000	0	0	1	1.000000	0.000000	0.000000
ASV_986_16S_022_3	OTU_1104_18S_3_200	1	ENV_NO3	0.461770	0.000000	-0.461770	1.000000	3.000000	1.000000	0	0	1	1.000000	0.000000	0.000000
ASV_1804_16S_022_3	OTU_1104_18S_3_200	1	ENV_NO3	0.492737	0.000000	-0.492737	0.632368	3.000000	1.000000	0	0	1	1.000000	0.000000	0.000000
OTU_353_18S_3_200	OTU_1104_18S_3_200	1	ENV_NO3	0.486585	0.211466	-0.275120	0.666334	3.000000	1.000000	0	0	1	1.000000	0.000000	0.000000
OTU_547_18S_3_200	OTU_1148_18S_3_200	1	ENV_NO3	0.500922	0.082724	-0.418198	0.532468	3.000000	1.000000	0	0	1	1.000000	0.000000	0.000000
OTU_598_18S_3_200	OTU_1148_18S_3_200	1	ENV_NO3	0.681296	0.145394	-0.535902	0.466533	3.000000	1.000000	0	0	1	1.000000	0.000000	0.000000
OTU_871_18S_3_200	OTU_1148_18S_3_200	1	ENV_NO3	0.577975	0.152473	-0.425502	0.601399	3.000000	1.000000	0	0	1	1.000000	0.000000	0.000000
OTU_767_18S_3_200	OTU_1148_18S_3_200	1	ENV_NO3	0.720061	0.165690	-0.554371	0.466533	3.000000	1.000000	0	0	1	1.000000	0.000000	0.000000
OTU_534_18S_3_200	OTU_1027_18S_3_200	1	ENV_NO3	0.590557	0.028881	-0.561676	0.099900	3.000000	1.000000	0	0	1	1.000000	0.000000	0.000000
OTU_833_18S_3_200	OTU_1027_18S_3_200	1	ENV_NO3	0.710458	0.288811	-0.421647	0.768232	3.000000	1.000000	0	0	1	1.000000	0.000000	0.000000
OTU_517_18S_3_200	OTU_1146_18S_3_200	1	ENV_NO3	0.361741	0.163472	-0.198270	0.333666	3.000000	1.000000	0	0	1	1.000000	0.000000	0.000000
OTU_144_18S_022_3	OTU_1111_18S_3_200	1	ENV_NO3	0.403391	-0.057762	-0.461153	0.534466	3.000000	1.000000	0	0	1	1.000000	0.000000	0.000000
OTU_794_18S_022_3	OTU_1144_18S_3_200	1	ENV_NO3	0.415758	0.139498	-0.276260	0.432567	3.000000	1.000000	0	0	1	1.000000	0.000000	0.000000
OTU_86_18S_022_3	OTU_1207_18S_3_200	1	ENV_NO3	0.356297	0.057762	-0.298534	0.100899	3.000000	1.000000	0	0	1	1.000000	0.000000	0.000000
OTU_622_18S_3_200	OTU_1207_18S_3_200	1	ENV_NO3	0.519532	0.000000	-0.519532	0.733267	3.000000	1.000000	0	0	1	1.000000	0.000000	0.000000
OTU_101_18S_3_200	OTU_1214_18S_3_200	1	ENV_NO3	0.649428	0.064841	-0.584587	0.100899	3.000000	1.000000	0	0	1	1.000000	0.000000	0.000000
OTU_622_18S_3_200	OTU_1214_18S_3_200	1	ENV_NO3	0.648598	0.069749	-0.578849	0.134865	3.000000	1.000000	0	0	1	1.000000	0.000000	0.000000
ASV_473_16S_022_3	OTU_1127_18S_3_200	1	ENV_NO3	0.615437	0.090174	-0.525263	0.300699	3.000000	1.000000	0	0	1	1.000000	0.000000	0.000000
ASV_448_16S_3_200	OTU_1127_18S_3_200	1	ENV_NO3	0.680843	0.000000	-0.680843	0.833167	3.000000	1.000000	0	0	1	1.000000	0.000000	0.000000
OTU_270_18S_3_200	OTU_1127_18S_3_200	1	ENV_NO3	0.772642	0.086643	-0.685999	0.334665	3.000000	1.000000	0	0	1	1.000000	0.000000	0.000000
OTU_734_18S_3_200	OTU_1127_18S_3_200	1	ENV_NO3	0.738606	0.096929	-0.641676	0.133866	3.000000	1.000000	0	0	1	1.000000	0.000000	0.000000
ASV_1720_16S_022_3	OTU_1165_18S_3_200	1	ENV_NO3	0.327421	0.000000	-0.327421	0.933067	2.000000	1.000000	0	1	0	1.000000	0.000000	0.000000
OTU_860_18S_022_3	OTU_1165_18S_3_200	1	ENV_NO3	0.448834	0.151485	-0.297349	0.200799	3.000000	1.000000	0	0	1	1.000000	0.000000	0.000000
OTU_2389_18S_022_3	OTU_1165_18S_3_200	1	ENV_NO3	0.483572	0.069749	-0.413823	0.000999	3.000000	1.000000	0	0	1	1.000000	0.000000	0.000000
OTU_711_18S_3_200	OTU_1165_18S_3_200	1	ENV_NO3	0.300850	0.069749	-0.231101	0.602398	3.000000	1.000000	0	0	1	1.000000	0.000000	0.000000
ASV_732_16S_022_3	OTU_1123_18S_3_200	1	ENV_NO3	0.615243	0.163001	-0.452243	0.734266	3.000000	1.000000	0	0	1	1.000000	0.000000	0.000000
ASV_1439_16S_022_3	OTU_1123_18S_3_200	1	ENV_NO3	0.477917	0.067060	-0.410857	0.701299	3.000000	1.000000	0	0	1	1.000000	0.000000	0.000000
ASV_1541_16S_022_3	OTU_1123_18S_3_200	1	ENV_NO3	0.577294	0.000000	-0.577294	0.766234	3.000000	1.000000	0	0	1	1.000000	0.000000	0.000000
OTU_1123_18S_022_3	OTU_1123_18S_3_200	1	ENV_NO3	0.673006	0.086643	-0.586362	0.167832	3.000000	1.000000	0	0	1	1.000000	0.000000	0.000000
OTU_373_18S_022_3	OTU_1233_18S_3_200	1	ENV_NO3	0.509481	0.000000	-0.509481	0.701299	3.000000	1.000000	0	0	1	1.000000	0.000000	0.000000
OTU_537_18S_022_3	OTU_1233_18S_3_200	1	ENV_NO3	0.509481	0.069749	-0.439731	0.232767	3.000000	1.000000	0	0	1	1.000000	0.000000	0.000000
OTU_1104_18S_022_3	OTU_1233_18S_3_200	1	ENV_NO3	0.408776	0.086643	-0.322132	0.000999	3.000000	1.000000	0	0	1	1.000000	0.000000	0.000000
OTU_325_18S_3_200	OTU_1252_18S_3_200	1	ENV_NO3	0.713342	0.067060	-0.646282	0.634366	3.000000	1.000000	0	0	1	1.000000	0.000000	0.000000
OTU_817_18S_3_200	OTU_1252_18S_3_200	1	ENV_NO3	0.691540	0.144406	-0.547135	0.268731	3.000000	1.000000	0	0	1	1.000000	0.000000	0.000000
OTU_868_18S_3_200	OTU_1252_18S_3_200	1	ENV_NO3	0.609753	0.115525	-0.494229	0.634366	3.000000	1.000000	0	0	1	1.000000	0.000000	0.000000
ASV_720_16S_022_3	OTU_1256_18S_3_200	1	ENV_NO3	0.762332	0.240347	-0.521985	0.201798	3.000000	1.000000	0	0	1	1.000000	0.000000	0.000000
OTU_234_18S_022_3	OTU_1256_18S_3_200	1	ENV_NO3	0.471218	0.088344	-0.382874	0.501499	3.000000	1.000000	0	0	1	1.000000	0.000000	0.000000
ASV_1963_16S_3_200	OTU_1256_18S_3_200	1	ENV_NO3	0.627457	0.000000	-0.627457	0.733267	3.000000	1.000000	0	0	1	1.000000	0.000000	0.000000
OTU_191_18S_3_200	OTU_1263_18S_3_200	1	ENV_NO3	0.603203	0.000000	-0.603203	1.000000	3.000000	1.000000	0	0	1	1.000000	0.000000	0.000000
ASV_1658_16S_022_3	OTU_1266_18S_3_200	1	ENV_NO3	0.520755	0.107928	-0.412827	0.433566	3.000000	1.000000	0	0	1	1.000000	0.000000	0.000000
OTU_327_18S_022_3	OTU_1266_18S_3_200	1	ENV_NO3	0.437083	0.206558	-0.230525	0.601399	3.000000	1.000000	0	0	1	1.000000	0.000000	0.000000
OTU_850_18S_022_3	OTU_1266_18S_3_200	1	ENV_NO3	0.554597	0.209247	-0.345350	0.467532	3.000000	1.000000	0	0	1	1.000000	0.000000	0.000000
OTU_625_18S_3_200	OTU_1266_18S_3_200	1	ENV_NO3	0.489191	0.189664	-0.299527	0.600400	3.000000	1.000000	0	0	1	1.000000	0.000000	0.000000
ASV_1727_16S_022_3	OTU_1286_18S_3_200	1	ENV_NO3	0.546102	0.000000	-0.546102	0.933067	3.000000	1.000000	0	0	1	1.000000	0.000000	0.000000
OTU_1050_18S_022_3	OTU_1286_18S_3_200	1	ENV_NO3	0.542557	0.000000	-0.542557	1.000000	3.000000	1.000000	0	0	1	1.000000	0.000000	0.000000
OTU_1506_18S_022_3	OTU_1286_18S_3_200	1	ENV_NO3	0.541334	0.000000	-0.541334	0.933067	3.000000	1.000000	0	0	1	1.000000	0.000000	0.000000
ASV_91_16S_022_3	OTU_1202_18S_3_200	1	ENV_NO3	0.502499	0.057762	-0.444737	0.300699	3.000000	1.000000	0	0	1	1.000000	0.000000	0.000000
ASV_910_16S_022_3	OTU_1202_18S_3_200	1	ENV_NO3	0.386974	0.000000	-0.386974	0.934066	3.000000	1.000000	0	0	1	1.000000	0.000000	0.000000
ASV_1029_16S_022_3	OTU_1202_18S_3_200	1	ENV_NO3	0.574419	0.144406	-0.430014	0.200799	3.000000	1.000000	0	0	1	1.000000	0.000000	0.000000
OTU_1789_18S_022_3	OTU_1258_18S_3_200	1	ENV_NO3	0.483572	0.069749	-0.413823	0.666334	3.000000	1.000000	0	0	1	1.000000	0.000000	0.000000
OTU_351_18S_3_200	OTU_1258_18S_3_200	1	ENV_NO3	0.531283	0.040868	-0.490415	0.132867	3.000000	1.000000	0	0	1	1.000000	0.000000	0.000000
OTU_537_18S_3_200	OTU_1258_18S_3_200	1	ENV_NO3	0.495322	0.110617	-0.384705	0.633367	3.000000	1.000000	0	0	1	1.000000	0.000000	0.000000
OTU_1086_18S_3_200	OTU_1258_18S_3_200	1	ENV_NO3	0.276835	0.110617	-0.166218	0.634366	3.000000	1.000000	0	0	1	1.000000	0.000000	0.000000
ASV_500_16S_022_3	OTU_1296_18S_3_200	1	ENV_NO3	0.468051	0.000000	-0.468051	1.000000	3.000000	1.000000	0	0	1	1.000000	0.000000	0.000000
OTU_1801_18S_022_3	OTU_1296_18S_3_200	1	ENV_NO3	0.577294	0.000000	-0.577294	1.000000	3.000000	1.000000	0	0	1	1.000000	0.000000	0.000000
OTU_741_18S_3_200	OTU_1296_18S_3_200	1	ENV_NO3	0.603203	0.000000	-0.603203	1.000000	3.000000	1.000000	0	0	1	1.000000	0.000000	0.000000
OTU_938_18S_022_3	OTU_1290_18S_3_200	1	ENV_NO3	0.634440	0.115525	-0.518915	0.466533	3.000000	1.000000	0	0	1	1.000000	0.000000	0.000000
OTU_1801_18S_022_3	OTU_1290_18S_3_200	1	ENV_NO3	0.425809	0.000000	-0.425809	1.000000	3.000000	1.000000	0	0	1	1.000000	0.000000	0.000000
ASV_502_16S_022_3	OTU_1309_18S_3_200	1	ENV_NO3	0.364382	0.080552	-0.283830	0.199800	3.000000	1.000000	0	0	1	1.000000	0.000000	0.000000
OTU_3326_18S_022_3	OTU_1309_18S_3_200	1	ENV_NO3	0.338985	0.000000	-0.338985	0.666334	3.000000	1.000000	0	0	1	1.000000	0.000000	0.000000
ASV_113_16S_3_200	OTU_1309_18S_3_200	1	ENV_NO3	0.271654	-0.009815	-0.281469	0.333666	3.000000	1.000000	0	0	1	1.000000	0.000000	0.000000
ASV_600_16S_022_3	OTU_1159_18S_3_200	1	ENV_NO3	0.682767	0.269228	-0.413539	0.834166	3.000000	1.000000	0	0	1	1.000000	0.000000	0.000000
OTU_1086_18S_3_200	OTU_1159_18S_3_200	1	ENV_NO3	0.590836	0.379845	-0.210991	0.801199	3.000000	1.000000	0	0	1	1.000000	0.000000	0.000000
ASV_1233_16S_022_3	OTU_1172_18S_3_200	1	ENV_NO3	0.573132	0.355871	-0.217260	0.867133	3.000000	1.000000	0	0	1	1.000000	0.000000	0.000000
OTU_842_18S_3_200	OTU_1172_18S_3_200	1	ENV_NO3	0.567243	0.238128	-0.329115	0.698302	3.000000	1.000000	0	0	1	1.000000	0.000000	0.000000
OTU_868_18S_022_3	OTU_1332_18S_3_200	1	ENV_NO3	0.625005	0.136809	-0.488196	0.700300	3.000000	1.000000	0	0	1	1.000000	0.000000	0.000000
OTU_1575_18S_022_3	OTU_1332_18S_3_200	1	ENV_NO3	0.603203	0.000000	-0.603203	0.801199	3.000000	1.000000	0	0	1	1.000000	0.000000	0.000000
OTU_292_18S_3_200	OTU_1337_18S_3_200	1	ENV_NO3	0.356297	0.086643	-0.269653	0.399600	3.000000	1.000000	0	0	1	1.000000	0.000000	0.000000
ASV_613_16S_022_3	OTU_1345_18S_3_200	1	ENV_NO3	0.541334	0.115525	-0.425809	0.866134	3.000000	1.000000	0	0	1	1.000000	0.000000	0.000000
ASV_1720_16S_022_3	OTU_1345_18S_3_200	1	ENV_NO3	0.704569	0.000000	-0.704569	0.365634	3.000000	1.000000	0	0	1	1.000000	0.000000	0.000000
ASV_1858_16S_022_3	OTU_1345_18S_3_200	1	ENV_NO3	0.461770	0.038179	-0.423591	0.468531	3.000000	1.000000	0	0	1	1.000000	0.000000	0.000000
ASV_1287_16S_3_200	OTU_1345_18S_3_200	1	ENV_NO3	0.589045	0.086643	-0.502401	0.766234	3.000000	1.000000	0	0	1	1.000000	0.000000	0.000000
ASV_1457_16S_3_200	OTU_1345_18S_3_200	1	ENV_NO3	0.682767	0.153703	-0.529064	0.666334	3.000000	1.000000	0	0	1	1.000000	0.000000	0.000000
OTU_2305_18S_022_3	OTU_1347_18S_3_200	1	ENV_NO3	0.509481	0.000000	-0.509481	1.000000	3.000000	1.000000	0	0	1	1.000000	0.000000	0.000000
OTU_3213_18S_022_3	OTU_1347_18S_3_200	1	ENV_NO3	0.461770	0.067060	-0.394710	0.533467	3.000000	1.000000	0	0	1	1.000000	0.000000	0.000000
OTU_1304_18S_022_3	OTU_1304_18S_3_200	1	ENV_NO3	0.865489	0.115525	-0.749964	0.400599	3.000000	1.000000	0	0	1	1.000000	0.000000	0.000000
OTU_613_18S_3_200	OTU_1304_18S_3_200	1	ENV_NO3	0.749964	0.153703	-0.596261	0.800200	3.000000	1.000000	0	0	1	1.000000	0.000000	0.000000
OTU_62_18S_3_200	OTU_1313_18S_3_200	1	ENV_NO3	0.535679	0.145394	-0.390285	0.133866	3.000000	1.000000	0	0	1	1.000000	0.000000	0.000000
OTU_142_18S_3_200	OTU_1313_18S_3_200	1	ENV_NO3	0.516657	0.081736	-0.434921	0.099900	3.000000	1.000000	0	0	1	1.000000	0.000000	0.000000
OTU_866_18S_3_200	OTU_1313_18S_3_200	1	ENV_NO3	0.625005	0.069749	-0.555256	0.234765	3.000000	1.000000	0	0	1	1.000000	0.000000	0.000000
OTU_456_18S_022_3	OTU_1291_18S_3_200	1	ENV_NO3	0.685389	0.028881	-0.656508	0.533467	3.000000	1.000000	0	0	1	1.000000	0.000000	0.000000
OTU_698_18S_3_200	OTU_1291_18S_3_200	1	ENV_NO3	0.905164	0.211466	-0.693698	0.533467	3.000000	1.000000	0	0	1	1.000000	0.000000	0.000000
OTU_2317_18S_022_3	OTU_1245_18S_3_200	1	ENV_NO3	0.352143	0.125137	-0.227006	0.266733	3.000000	1.000000	0	0	1	1.000000	0.000000	0.000000
OTU_467_18S_3_200	OTU_1334_18S_3_200	1	ENV_NO3	0.576677	0.000000	-0.576677	1.000000	3.000000	1.000000	0	0	1	1.000000	0.000000	0.000000
ASV_1556_16S_022_3	OTU_1374_18S_3_200	1	ENV_NO3	0.519532	0.038179	-0.481353	0.535465	3.000000	1.000000	0	0	1	1.000000	0.000000	0.000000
OTU_931_18S_022_3	OTU_1374_18S_3_200	1	ENV_NO3	0.541334	0.086643	-0.454691	0.534466	3.000000	1.000000	0	0	1	1.000000	0.000000	0.000000
OTU_1202_18S_022_3	OTU_1374_18S_3_200	1	ENV_NO3	0.356297	0.086643	-0.269653	0.501499	3.000000	1.000000	0	0	1	1.000000	0.000000	0.000000
OTU_879_18S_3_200	OTU_1374_18S_3_200	1	ENV_NO3	0.599096	0.298109	-0.300987	0.934066	3.000000	1.000000	0	0	1	1.000000	0.000000	0.000000
OTU_1304_18S_3_200	OTU_1358_18S_3_200	1	ENV_NO3	0.656858	0.231049	-0.425809	0.733267	3.000000	1.000000	0	0	1	1.000000	0.000000	0.000000
ASV_1065_16S_022_3	OTU_1355_18S_3_200	1	ENV_NO3	0.547893	0.231049	-0.316844	0.532468	3.000000	1.000000	0	0	1	1.000000	0.000000	0.000000
OTU_1761_18S_022_3	OTU_1355_18S_3_200	1	ENV_NO3	0.439968	0.231049	-0.208919	0.566434	3.000000	1.000000	0	0	1	1.000000	0.000000	0.000000
OTU_291_18S_3_200	OTU_1399_18S_3_200	1	ENV_NO3	0.710458	0.067060	-0.643398	0.500500	3.000000	1.000000	0	0	1	1.000000	0.000000	0.000000
OTU_432_18S_022_3	OTU_1404_18S_3_200	1	ENV_NO3	0.487679	0.048465	-0.439214	0.666334	3.000000	1.000000	0	0	1	1.000000	0.000000	0.000000
OTU_16_18S_3_200	OTU_1335_18S_3_200	1	ENV_NO3	0.553085	0.139498	-0.413586	0.568432	3.000000	1.000000	0	0	1	1.000000	0.000000	0.000000
ASV_165_16S_022_3	OTU_1398_18S_3_200	1	ENV_NO3	0.435861	0.000000	-0.435861	0.934066	3.000000	1.000000	0	0	1	1.000000	0.000000	0.000000
ASV_705_16S_022_3	OTU_1398_18S_3_200	1	ENV_NO3	0.380415	0.115525	-0.264890	0.600400	3.000000	1.000000	0	0	1	1.000000	0.000000	0.000000
ASV_1406_16S_022_3	OTU_1398_18S_3_200	1	ENV_NO3	0.599096	0.000000	-0.599096	1.000000	3.000000	1.000000	0	0	1	1.000000	0.000000	0.000000
ASV_1541_16S_022_3	OTU_1398_18S_3_200	1	ENV_NO3	0.493623	0.000000	-0.493623	0.699301	3.000000	1.000000	0	0	1	1.000000	0.000000	0.000000
OTU_839_18S_3_200	OTU_1398_18S_3_200	1	ENV_NO3	0.435861	0.115525	-0.320336	0.800200	3.000000	1.000000	0	0	1	1.000000	0.000000	0.000000
OTU_12_18S_3_200	OTU_1444_18S_3_200	1	ENV_NO3	0.434591	0.103335	-0.331256	0.466533	3.000000	1.000000	0	0	1	1.000000	0.000000	0.000000
OTU_293_18S_3_200	OTU_1444_18S_3_200	1	ENV_NO3	0.577294	0.153703	-0.423591	0.767233	3.000000	1.000000	0	0	1	1.000000	0.000000	0.000000
OTU_778_18S_3_200	OTU_1444_18S_3_200	1	ENV_NO3	0.728162	0.211466	-0.516697	0.834166	3.000000	1.000000	0	0	1	1.000000	0.000000	0.000000
ASV_229_16S_022_3	OTU_1431_18S_3_200	1	ENV_NO3	0.531283	0.153703	-0.377579	0.666334	3.000000	1.000000	0	0	1	1.000000	0.000000	0.000000
ASV_886_16S_022_3	OTU_1431_18S_3_200	1	ENV_NO3	0.509481	0.269228	-0.240253	0.867133	3.000000	1.000000	0	0	1	1.000000	0.000000	0.000000
ASV_184_16S_022_3	OTU_1390_18S_3_200	1	ENV_NO3	0.377212	0.096929	-0.280283	0.433566	3.000000	1.000000	0	0	1	1.000000	0.000000	0.000000
ASV_578_16S_022_3	OTU_1390_18S_3_200	1	ENV_NO3	0.391111	0.025479	-0.365632	0.067932	3.000000	1.000000	0	0	1	1.000000	0.000000	0.000000
ASV_1050_16S_022_3	OTU_1390_18S_3_200	1	ENV_NO3	0.456011	0.081541	-0.374470	0.100899	3.000000	1.000000	0	0	1	1.000000	0.000000	0.000000
OTU_1146_18S_3_200	OTU_1390_18S_3_200	1	ENV_NO3	0.590836	0.193858	-0.396977	0.333666	3.000000	1.000000	0	0	1	1.000000	0.000000	0.000000
ASV_550_16S_022_3	OTU_1364_18S_3_200	1	ENV_NO3	0.447611	0.000000	-0.447611	0.866134	3.000000	1.000000	0	0	1	1.000000	0.000000	0.000000
OTU_1609_18S_022_3	OTU_1364_18S_3_200	1	ENV_NO3	0.378099	0.000000	-0.378099	0.933067	3.000000	1.000000	0	0	1	1.000000	0.000000	0.000000
OTU_866_18S_3_200	OTU_1364_18S_3_200	1	ENV_NO3	0.541334	0.000000	-0.541334	0.933067	3.000000	1.000000	0	0	1	1.000000	0.000000	0.000000
ASV_248_16S_022_3	OTU_1397_18S_3_200	1	ENV_NO3	0.497730	0.238128	-0.259602	0.033966	3.000000	1.000000	0	0	1	1.000000	0.000000	0.000000
ASV_1328_16S_022_3	OTU_1397_18S_3_200	1	ENV_NO3	0.483572	0.209247	-0.274325	0.033966	3.000000	1.000000	0	0	1	1.000000	0.000000	0.000000
OTU_844_18S_022_3	OTU_1397_18S_3_200	1	ENV_NO3	0.519532	0.000000	-0.519532	0.600400	3.000000	1.000000	0	0	1	1.000000	0.000000	0.000000
OTU_3429_18S_022_3	OTU_1397_18S_3_200	1	ENV_NO3	0.519532	0.069749	-0.449783	0.000999	3.000000	1.000000	0	0	1	1.000000	0.000000	0.000000
OTU_236_18S_3_200	OTU_1397_18S_3_200	1	ENV_NO3	0.437083	0.069749	-0.367334	0.033966	3.000000	1.000000	0	0	1	1.000000	0.000000	0.000000
OTU_231_18S_3_200	OTU_1329_18S_3_200	1	ENV_NO3	0.502499	0.336288	-0.166211	0.668332	3.000000	1.000000	0	0	1	1.000000	0.000000	0.000000
OTU_1355_18S_3_200	OTU_1329_18S_3_200	1	ENV_NO3	0.569034	0.338977	-0.230057	0.533467	3.000000	1.000000	0	0	1	1.000000	0.000000	0.000000
OTU_413_18S_3_200	OTU_1346_18S_3_200	1	ENV_NO3	0.792738	0.040868	-0.751870	0.200799	3.000000	1.000000	0	0	1	1.000000	0.000000	0.000000
OTU_467_18S_3_200	OTU_1346_18S_3_200	1	ENV_NO3	0.674115	0.000000	-0.674115	0.933067	3.000000	1.000000	0	0	1	1.000000	0.000000	0.000000
ASV_824_16S_022_3	OTU_1406_18S_3_200	1	ENV_NO3	0.543650	0.000000	-0.543650	0.833167	3.000000	1.000000	0	0	1	1.000000	0.000000	0.000000
ASV_1541_16S_022_3	OTU_1485_18S_3_200	1	ENV_NO3	0.414059	0.000000	-0.414059	0.832168	3.000000	1.000000	0	0	1	1.000000	0.000000	0.000000
OTU_2539_18S_022_3	OTU_1485_18S_3_200	1	ENV_NO3	0.414059	0.115525	-0.298534	0.901099	3.000000	1.000000	0	0	1	1.000000	0.000000	0.000000
OTU_260_18S_3_200	OTU_1485_18S_3_200	1	ENV_NO3	0.577294	0.115525	-0.461770	0.700300	3.000000	1.000000	0	0	1	1.000000	0.000000	0.000000
OTU_910_18S_3_200	OTU_1485_18S_3_200	1	ENV_NO3	0.325105	-0.103538	-0.428642	0.666334	3.000000	1.000000	0	0	1	1.000000	0.000000	0.000000
OTU_807_18S_022_3	OTU_1222_18S_3_200	1	ENV_NO3	0.324443	0.028881	-0.295562	0.333666	3.000000	1.000000	0	0	1	1.000000	0.000000	0.000000
OTU_1283_18S_022_3	OTU_1222_18S_3_200	1	ENV_NO3	0.456115	0.011987	-0.444128	0.133866	3.000000	1.000000	0	0	1	1.000000	0.000000	0.000000
ASV_1481_16S_022_3	OTU_1394_18S_3_200	1	ENV_NO3	0.599096	0.000000	-0.599096	0.399600	3.000000	1.000000	0	0	1	1.000000	0.000000	0.000000
OTU_817_18S_022_3	OTU_1394_18S_3_200	1	ENV_NO3	0.599096	0.000000	-0.599096	0.933067	3.000000	1.000000	0	0	1	1.000000	0.000000	0.000000
OTU_1902_18S_022_3	OTU_1394_18S_3_200	1	ENV_NO3	0.435861	0.000000	-0.435861	1.000000	3.000000	1.000000	0	0	1	1.000000	0.000000	0.000000
ASV_91_16S_022_3	OTU_1363_18S_3_200	1	ENV_NO3	0.612638	0.115525	-0.497113	0.635365	3.000000	1.000000	0	0	1	1.000000	0.000000	0.000000
OTU_1756_18S_022_3	OTU_1511_18S_3_200	1	ENV_NO3	0.497730	0.000000	-0.497730	1.000000	3.000000	1.000000	0	0	1	1.000000	0.000000	0.000000
OTU_683_18S_3_200	OTU_1511_18S_3_200	1	ENV_NO3	0.356297	0.057762	-0.298534	0.400599	3.000000	1.000000	0	0	1	1.000000	0.000000	0.000000
OTU_1417_18S_3_200	OTU_1511_18S_3_200	1	ENV_NO3	0.356297	0.086643	-0.269653	0.600400	3.000000	1.000000	0	0	1	1.000000	0.000000	0.000000
OTU_2135_18S_022_3	OTU_1514_18S_3_200	1	ENV_NO3	0.416375	0.000000	-0.416375	0.799201	3.000000	1.000000	0	0	1	1.000000	0.000000	0.000000
OTU_17_18S_3_200	OTU_1509_18S_3_200	1	ENV_NO3	0.362586	0.021284	-0.341302	0.101898	3.000000	1.000000	0	0	1	1.000000	0.000000	0.000000
OTU_800_18S_3_200	OTU_1509_18S_3_200	1	ENV_NO3	0.639751	0.212454	-0.427297	0.734266	3.000000	1.000000	0	0	1	1.000000	0.000000	0.000000
OTU_767_18S_3_200	OTU_1509_18S_3_200	1	ENV_NO3	0.894850	0.252333	-0.642516	0.700300	3.000000	1.000000	0	0	1	1.000000	0.000000	0.000000
OTU_1148_18S_3_200	OTU_1509_18S_3_200	1	ENV_NO3	0.882074	0.372248	-0.509826	0.733267	3.000000	1.000000	0	0	1	1.000000	0.000000	0.000000
ASV_644_16S_022_3	OTU_1365_18S_3_200	1	ENV_NO3	0.497730	0.086643	-0.411087	0.433566	3.000000	1.000000	0	0	1	1.000000	0.000000	0.000000
ASV_1697_16S_022_3	OTU_1365_18S_3_200	1	ENV_NO3	0.483572	0.000000	-0.483572	1.000000	3.000000	1.000000	0	0	1	1.000000	0.000000	0.000000
OTU_1398_18S_3_200	OTU_1365_18S_3_200	1	ENV_NO3	0.356297	0.086643	-0.269653	0.600400	3.000000	1.000000	0	0	1	1.000000	0.000000	0.000000
OTU_1557_18S_022_3	OTU_1274_18S_3_200	1	ENV_NO3	0.577294	0.134120	-0.443174	0.602398	3.000000	1.000000	0	0	1	1.000000	0.000000	0.000000
OTU_1767_18S_022_3	OTU_1274_18S_3_200	1	ENV_NO3	0.599096	0.000000	-0.599096	0.834166	3.000000	1.000000	0	0	1	1.000000	0.000000	0.000000
ASV_1481_16S_022_3	OTU_1405_18S_3_200	1	ENV_NO3	0.541334	0.086643	-0.454691	0.166833	3.000000	1.000000	0	0	1	1.000000	0.000000	0.000000
OTU_1358_18S_3_200	OTU_1405_18S_3_200	1	ENV_NO3	0.493623	0.000000	-0.493623	0.934066	3.000000	1.000000	0	0	1	1.000000	0.000000	0.000000
ASV_248_16S_022_3	OTU_1318_18S_3_200	1	ENV_NO3	0.386974	0.110617	-0.276357	0.000999	3.000000	1.000000	0	0	1	1.000000	0.000000	0.000000
ASV_1645_16S_022_3	OTU_1477_18S_3_200	1	ENV_NO3	0.682767	0.086643	-0.596124	0.632368	3.000000	1.000000	0	0	1	1.000000	0.000000	0.000000
OTU_2812_18S_022_3	OTU_1477_18S_3_200	1	ENV_NO3	0.497730	0.000000	-0.497730	1.000000	3.000000	1.000000	0	0	1	1.000000	0.000000	0.000000
OTU_1165_18S_3_200	OTU_1477_18S_3_200	1	ENV_NO3	0.293251	0.110617	-0.182634	0.602398	2.000000	1.000000	0	1	0	1.000000	0.000000	0.000000
OTU_353_18S_3_200	OTU_1557_18S_3_200	1	ENV_NO3	0.609092	0.057762	-0.551330	0.333666	3.000000	1.000000	0	0	1	1.000000	0.000000	0.000000
OTU_817_18S_3_200	OTU_1557_18S_3_200	1	ENV_NO3	0.633778	0.057762	-0.576016	0.466533	3.000000	1.000000	0	0	1	1.000000	0.000000	0.000000
ASV_1244_16S_022_3	OTU_1562_18S_3_200	1	ENV_NO3	0.356297	0.000000	-0.356297	0.833167	3.000000	1.000000	0	0	1	1.000000	0.000000	0.000000
ASV_1401_16S_022_3	OTU_1391_18S_3_200	1	ENV_NO3	0.356297	0.000000	-0.356297	1.000000	3.000000	1.000000	0	0	1	1.000000	0.000000	0.000000
OTU_791_18S_3_200	OTU_1391_18S_3_200	1	ENV_NO3	0.519532	0.000000	-0.519532	1.000000	3.000000	1.000000	0	0	1	1.000000	0.000000	0.000000
OTU_1286_18S_3_200	OTU_1367_18S_3_200	1	ENV_NO3	0.589045	0.000000	-0.589045	0.933067	3.000000	1.000000	0	0	1	1.000000	0.000000	0.000000
OTU_1245_18S_3_200	OTU_1576_18S_3_200	1	ENV_NO3	0.445865	0.218859	-0.227006	0.635365	3.000000	1.000000	0	0	1	1.000000	0.000000	0.000000
OTU_1511_18S_3_200	OTU_1627_18S_3_200	1	ENV_NO3	0.577294	0.173287	-0.404007	0.399600	3.000000	1.000000	0	0	1	1.000000	0.000000	0.000000
ASV_1569_16S_022_3	OTU_1611_18S_3_200	1	ENV_NO3	0.519532	0.000000	-0.519532	0.934066	3.000000	1.000000	0	0	1	1.000000	0.000000	0.000000
OTU_86_18S_022_3	OTU_1611_18S_3_200	1	ENV_NO3	0.356297	0.000000	-0.356297	1.000000	3.000000	1.000000	0	0	1	1.000000	0.000000	0.000000
ASV_606_16S_022_3	OTU_1592_18S_3_200	1	ENV_NO3	0.625005	0.153703	-0.471302	0.833167	3.000000	1.000000	0	0	1	1.000000	0.000000	0.000000
OTU_1195_18S_022_3	OTU_1592_18S_3_200	1	ENV_NO3	0.612638	0.067060	-0.545578	0.333666	3.000000	1.000000	0	0	1	1.000000	0.000000	0.000000
ASV_1986_16S_022_3	OTU_1607_18S_3_200	1	ENV_NO3	0.634440	0.231049	-0.403391	0.900100	3.000000	1.000000	0	0	1	1.000000	0.000000	0.000000
OTU_348_18S_3_200	OTU_1607_18S_3_200	1	ENV_NO3	0.309006	0.202168	-0.106839	0.800200	3.000000	1.000000	0	0	1	1.000000	0.000000	0.000000
OTU_1213_18S_022_3	OTU_1646_18S_3_200	1	ENV_NO3	0.577294	0.000000	-0.577294	1.000000	3.000000	1.000000	0	0	1	1.000000	0.000000	0.000000
OTU_699_18S_3_200	OTU_1646_18S_3_200	1	ENV_NO3	0.408776	0.067060	-0.341716	0.401598	3.000000	1.000000	0	0	1	1.000000	0.000000	0.000000
ASV_767_16S_022_3	OTU_1577_18S_3_200	1	ENV_NO3	0.701606	0.107069	-0.594537	0.233766	3.000000	1.000000	0	0	1	1.000000	0.000000	0.000000
OTU_2439_18S_022_3	OTU_1577_18S_3_200	1	ENV_NO3	0.403391	0.997571	0.594180	nan	3.000000	1.000000	0	0	1	1.000000	0.000000	0.000000
OTU_1347_18S_3_200	OTU_1650_18S_3_200	1	ENV_NO3	0.406323	0.000000	-0.406323	1.000000	3.000000	1.000000	0	0	1	1.000000	0.000000	0.000000
OTU_641_18S_3_200	OTU_1536_18S_3_200	1	ENV_NO3	0.612638	-0.028881	-0.641519	0.066933	3.000000	1.000000	0	0	1	1.000000	0.000000	0.000000
ASV_1482_16S_022_3	OTU_1219_18S_3_200	1	ENV_NO3	0.483572	0.000000	-0.483572	1.000000	3.000000	1.000000	0	0	1	1.000000	0.000000	0.000000
ASV_1825_16S_022_3	OTU_1219_18S_3_200	1	ENV_NO3	0.541334	0.086643	-0.454691	0.234765	3.000000	1.000000	0	0	1	1.000000	0.000000	0.000000
OTU_519_18S_022_3	OTU_1706_18S_3_200	1	ENV_NO3	0.656858	0.000000	-0.656858	0.934066	3.000000	1.000000	0	0	1	1.000000	0.000000	0.000000
ASV_760_16S_3_200	OTU_1706_18S_3_200	1	ENV_NO3	0.541334	0.000000	-0.541334	0.532468	3.000000	1.000000	0	0	1	1.000000	0.000000	0.000000
OTU_1609_18S_022_3	OTU_1702_18S_3_200	1	ENV_NO3	0.356297	0.057762	-0.298534	0.166833	3.000000	1.000000	0	0	1	1.000000	0.000000	0.000000
OTU_653_18S_3_200	OTU_1702_18S_3_200	1	ENV_NO3	0.439968	0.057762	-0.382205	0.266733	3.000000	1.000000	0	0	1	1.000000	0.000000	0.000000
OTU_146_18S_3_200	OTU_1732_18S_3_200	1	ENV_NO3	0.567243	0.264320	-0.302923	0.668332	3.000000	1.000000	0	0	1	1.000000	0.000000	0.000000
OTU_1406_18S_3_200	OTU_1732_18S_3_200	1	ENV_NO3	0.682767	0.153703	-0.529064	0.768232	3.000000	1.000000	0	0	1	1.000000	0.000000	0.000000
OTU_714_18S_022_3	OTU_1721_18S_3_200	1	ENV_NO3	0.486585	0.193858	-0.292727	0.566434	3.000000	1.000000	0	0	1	1.000000	0.000000	0.000000
OTU_964_18S_022_3	OTU_1721_18S_3_200	1	ENV_NO3	0.348129	0.209247	-0.138882	0.467532	3.000000	1.000000	0	0	1	1.000000	0.000000	0.000000
OTU_1304_18S_3_200	OTU_1767_18S_3_200	1	ENV_NO3	0.703476	0.267009	-0.436467	0.799201	3.000000	1.000000	0	0	1	1.000000	0.000000	0.000000
OTU_1358_18S_3_200	OTU_1767_18S_3_200	1	ENV_NO3	0.437083	0.139498	-0.297585	0.467532	3.000000	1.000000	0	0	1	1.000000	0.000000	0.000000
ASV_2030_16S_022_3	OTU_1778_18S_3_200	1	ENV_NO3	0.487679	0.000000	-0.487679	1.000000	3.000000	1.000000	0	0	1	1.000000	0.000000	0.000000
ASV_2243_16S_022_3	OTU_1778_18S_3_200	1	ENV_NO3	0.348561	0.000000	-0.348561	1.000000	3.000000	1.000000	0	0	1	1.000000	0.000000	0.000000
ASV_1076_16S_022_3	OTU_1454_18S_3_200	1	ENV_NO3	0.728993	0.148796	-0.580197	0.165834	3.000000	1.000000	0	0	1	1.000000	0.000000	0.000000
ASV_1795_16S_022_3	OTU_1454_18S_3_200	1	ENV_NO3	0.554875	0.000000	-0.554875	1.000000	3.000000	1.000000	0	0	1	1.000000	0.000000	0.000000
OTU_1172_18S_3_200	OTU_1454_18S_3_200	1	ENV_NO3	0.582063	0.310096	-0.271967	0.667333	3.000000	1.000000	0	0	1	1.000000	0.000000	0.000000
OTU_1281_18S_3_200	OTU_1728_18S_3_200	1	ENV_NO3	0.497730	0.000000	-0.497730	0.333666	3.000000	1.000000	0	0	1	1.000000	0.000000	0.000000
OTU_931_18S_022_3	OTU_1798_18S_3_200	1	ENV_NO3	0.430578	0.000000	-0.430578	1.000000	3.000000	1.000000	0	0	1	1.000000	0.000000	0.000000
OTU_329_18S_3_200	OTU_1798_18S_3_200	1	ENV_NO3	0.579562	0.067060	-0.512502	0.668332	3.000000	1.000000	0	0	1	1.000000	0.000000	0.000000
OTU_1111_18S_3_200	OTU_1798_18S_3_200	1	ENV_NO3	0.511933	0.000000	-0.511933	0.933067	3.000000	1.000000	0	0	1	1.000000	0.000000	0.000000
OTU_497_18S_3_200	OTU_1786_18S_3_200	1	ENV_NO3	0.483572	0.000000	-0.483572	0.299700	3.000000	1.000000	0	0	1	1.000000	0.000000	0.000000
OTU_899_18S_3_200	OTU_1786_18S_3_200	1	ENV_NO3	0.401794	0.105709	-0.296085	0.167832	3.000000	1.000000	0	0	1	1.000000	0.000000	0.000000
OTU_866_18S_022_3	OTU_1680_18S_3_200	1	ENV_NO3	0.483572	0.000000	-0.483572	0.867133	3.000000	1.000000	0	0	1	1.000000	0.000000	0.000000
OTU_16_18S_3_200	OTU_1680_18S_3_200	1	ENV_NO3	0.553085	0.105709	-0.447375	0.266733	3.000000	1.000000	0	0	1	1.000000	0.000000	0.000000
ASV_874_16S_022_3	OTU_1819_18S_3_200	1	ENV_NO3	0.416375	0.000000	-0.416375	0.532468	3.000000	1.000000	0	0	1	1.000000	0.000000	0.000000
ASV_962_16S_022_3	OTU_1819_18S_3_200	1	ENV_NO3	0.577294	0.000000	-0.577294	1.000000	3.000000	1.000000	0	0	1	1.000000	0.000000	0.000000
OTU_304_18S_3_200	OTU_1819_18S_3_200	1	ENV_NO3	0.322652	0.057762	-0.264890	0.000999	3.000000	1.000000	0	0	1	1.000000	0.000000	0.000000
OTU_232_18S_3_200	OTU_1836_18S_3_200	1	ENV_NO3	0.296519	0.040868	-0.255651	0.433566	3.000000	1.000000	0	0	1	1.000000	0.000000	0.000000
ASV_174_16S_022_3	OTU_1625_18S_3_200	1	ENV_NO3	0.708966	0.153703	-0.555263	0.867133	3.000000	1.000000	0	0	1	1.000000	0.000000	0.000000
OTU_329_18S_022_3	OTU_1625_18S_3_200	1	ENV_NO3	0.571256	0.095941	-0.475315	0.599401	3.000000	1.000000	0	0	1	1.000000	0.000000	0.000000
OTU_902_18S_022_3	OTU_1625_18S_3_200	1	ENV_NO3	0.554214	0.252333	-0.301880	0.800200	3.000000	1.000000	0	0	1	1.000000	0.000000	0.000000
OTU_902_18S_3_200	OTU_1625_18S_3_200	1	ENV_NO3	0.807065	0.396739	-0.410326	0.568432	3.000000	1.000000	0	0	1	1.000000	0.000000	0.000000
OTU_2736_18S_022_3	OTU_1886_18S_3_200	1	ENV_NO3	0.541334	0.057762	-0.483572	0.000999	3.000000	1.000000	0	0	1	1.000000	0.000000	0.000000
OTU_390_18S_3_200	OTU_1886_18S_3_200	1	ENV_NO3	0.483572	0.115525	-0.368047	0.000999	3.000000	1.000000	0	0	1	1.000000	0.000000	0.000000
OTU_995_18S_3_200	OTU_1886_18S_3_200	1	ENV_NO3	0.519532	0.086643	-0.432889	0.167832	3.000000	1.000000	0	0	1	1.000000	0.000000	0.000000
OTU_1627_18S_3_200	OTU_1886_18S_3_200	1	ENV_NO3	0.356297	0.057762	-0.298534	0.333666	3.000000	1.000000	0	0	1	1.000000	0.000000	0.000000
OTU_2195_18S_022_3	OTU_1906_18S_3_200	1	ENV_NO3	0.356297	0.000000	-0.356297	1.000000	3.000000	1.000000	0	0	1	1.000000	0.000000	0.000000
ASV_784_16S_3_200	OTU_1887_18S_3_200	1	ENV_NO3	0.566820	0.123592	-0.443228	0.468531	3.000000	1.000000	0	0	1	1.000000	0.000000	0.000000
OTU_116_18S_3_200	OTU_1887_18S_3_200	1	ENV_NO3	0.619399	0.175109	-0.444290	0.201798	3.000000	1.000000	0	0	1	1.000000	0.000000	0.000000
OTU_245_18S_3_200	OTU_1887_18S_3_200	1	ENV_NO3	0.695171	0.127511	-0.567659	0.333666	3.000000	1.000000	0	0	1	1.000000	0.000000	0.000000
ASV_501_16S_022_3	OTU_1917_18S_3_200	1	ENV_NO3	0.439968	0.057762	-0.382205	0.533467	3.000000	1.000000	0	0	1	1.000000	0.000000	0.000000
OTU_41_18S_022_3	OTU_1917_18S_3_200	1	ENV_NO3	0.231999	0.017303	-0.214696	0.566434	3.000000	1.000000	0	0	1	1.000000	0.000000	0.000000
OTU_1094_18S_022_3	OTU_1917_18S_3_200	1	ENV_NO3	0.334495	0.139498	-0.194997	0.335664	3.000000	1.000000	0	0	1	1.000000	0.000000	0.000000
ASV_1201_16S_3_200	OTU_1917_18S_3_200	1	ENV_NO3	0.414059	0.000000	-0.414059	0.900100	3.000000	1.000000	0	0	1	1.000000	0.000000	0.000000
ASV_98_16S_022_3	OTU_1844_18S_3_200	1	ENV_NO3	0.703237	0.177677	-0.525561	0.432567	3.000000	1.000000	0	0	1	1.000000	0.000000	0.000000
OTU_168_18S_022_3	OTU_1844_18S_3_200	1	ENV_NO3	0.519000	0.038179	-0.480821	0.332667	3.000000	1.000000	0	0	1	1.000000	0.000000	0.000000
OTU_213_18S_3_200	OTU_1844_18S_3_200	1	ENV_NO3	0.748173	0.189664	-0.558510	0.433566	3.000000	1.000000	0	0	1	1.000000	0.000000	0.000000
OTU_268_18S_3_200	OTU_1844_18S_3_200	1	ENV_NO3	0.897734	0.110617	-0.787117	0.066933	3.000000	1.000000	0	0	1	1.000000	0.000000	0.000000
OTU_419_18S_3_200	OTU_1844_18S_3_200	1	ENV_NO3	0.835879	0.153703	-0.682176	0.332667	3.000000	1.000000	0	0	1	1.000000	0.000000	0.000000
OTU_902_18S_3_200	OTU_1844_18S_3_200	1	ENV_NO3	0.805394	0.086643	-0.718750	0.265734	3.000000	1.000000	0	0	1	1.000000	0.000000	0.000000
ASV_1695_16S_022_3	OTU_1934_18S_3_200	1	ENV_NO3	0.439968	0.000000	-0.439968	1.000000	3.000000	1.000000	0	0	1	1.000000	0.000000	0.000000
OTU_277_18S_3_200	OTU_1934_18S_3_200	1	ENV_NO3	0.461770	0.040868	-0.420902	0.466533	3.000000	1.000000	0	0	1	1.000000	0.000000	0.000000
OTU_844_18S_022_3	OTU_1884_18S_3_200	1	ENV_NO3	0.646807	0.086643	-0.560164	0.000999	3.000000	1.000000	0	0	1	1.000000	0.000000	0.000000
OTU_332_18S_3_200	OTU_1884_18S_3_200	1	ENV_NO3	0.749964	0.139498	-0.610466	0.167832	3.000000	1.000000	0	0	1	1.000000	0.000000	0.000000
ASV_2010_16S_022_3	OTU_1968_18S_3_200	1	ENV_NO3	0.435861	0.086643	-0.349217	0.433566	3.000000	1.000000	0	0	1	1.000000	0.000000	0.000000
OTU_1294_18S_022_3	OTU_1968_18S_3_200	1	ENV_NO3	0.356297	0.069749	-0.286548	0.533467	3.000000	1.000000	0	0	1	1.000000	0.000000	0.000000
ASV_1734_16S_022_3	OTU_1898_18S_3_200	1	ENV_NO3	0.414059	0.000000	-0.414059	1.000000	3.000000	1.000000	0	0	1	1.000000	0.000000	0.000000
OTU_1077_18S_022_3	OTU_1898_18S_3_200	1	ENV_NO3	0.577294	0.115525	-0.461770	0.000999	3.000000	1.000000	0	0	1	1.000000	0.000000	0.000000
OTU_2876_18S_022_3	OTU_1898_18S_3_200	1	ENV_NO3	0.541334	0.000000	-0.541334	0.833167	3.000000	1.000000	0	0	1	1.000000	0.000000	0.000000
OTU_2780_18S_022_3	OTU_1898_18S_3_200	1	ENV_NO3	0.493623	0.000000	-0.493623	0.600400	3.000000	1.000000	0	0	1	1.000000	0.000000	0.000000
OTU_390_18S_3_200	OTU_1898_18S_3_200	1	ENV_NO3	0.483572	0.057762	-0.425809	0.000999	3.000000	1.000000	0	0	1	1.000000	0.000000	0.000000
ASV_1190_16S_022_3	OTU_2009_18S_3_200	1	ENV_NO3	0.713342	-0.028881	-0.742223	0.033966	3.000000	1.000000	0	0	1	1.000000	0.000000	0.000000
ASV_2226_16S_022_3	OTU_2017_18S_3_200	1	ENV_NO3	0.346245	0.000000	-0.346245	1.000000	3.000000	1.000000	0	0	1	1.000000	0.000000	0.000000
OTU_393_18S_3_200	OTU_2017_18S_3_200	1	ENV_NO3	0.756946	0.391831	-0.365115	0.767233	3.000000	1.000000	0	0	1	1.000000	0.000000	0.000000
ASV_322_16S_022_3	OTU_2035_18S_3_200	1	ENV_NO3	0.521848	0.086643	-0.435205	0.500500	3.000000	1.000000	0	0	1	1.000000	0.000000	0.000000
ASV_1524_16S_3_200	OTU_2035_18S_3_200	1	ENV_NO3	0.300850	0.173287	-0.127564	0.734266	3.000000	1.000000	0	0	1	1.000000	0.000000	0.000000
OTU_534_18S_3_200	OTU_2035_18S_3_200	1	ENV_NO3	0.589045	0.057762	-0.531283	0.467532	3.000000	1.000000	0	0	1	1.000000	0.000000	0.000000
OTU_1906_18S_3_200	OTU_2035_18S_3_200	1	ENV_NO3	0.519532	0.173287	-0.346245	0.667333	3.000000	1.000000	0	0	1	1.000000	0.000000	0.000000
OTU_413_18S_3_200	OTU_2037_18S_3_200	1	ENV_NO3	0.462246	0.081736	-0.380510	0.200799	3.000000	1.000000	0	0	1	1.000000	0.000000	0.000000
OTU_477_18S_3_200	OTU_2037_18S_3_200	1	ENV_NO3	0.416375	0.000000	-0.416375	0.866134	3.000000	1.000000	0	0	1	1.000000	0.000000	0.000000
OTU_1023_18S_3_200	OTU_2037_18S_3_200	1	ENV_NO3	0.646807	0.173287	-0.473520	0.634366	3.000000	1.000000	0	0	1	1.000000	0.000000	0.000000
OTU_1463_18S_3_200	OTU_2037_18S_3_200	1	ENV_NO3	0.542557	0.139498	-0.403059	0.534466	3.000000	1.000000	0	0	1	1.000000	0.000000	0.000000
OTU_1649_18S_3_200	OTU_2041_18S_3_200	1	ENV_NO3	0.416375	0.000000	-0.416375	0.900100	3.000000	1.000000	0	0	1	1.000000	0.000000	0.000000
ASV_1481_16S_022_3	OTU_1967_18S_3_200	1	ENV_NO3	0.645714	0.115525	-0.530189	0.100899	3.000000	1.000000	0	0	1	1.000000	0.000000	0.000000
OTU_422_18S_3_200	OTU_1967_18S_3_200	1	ENV_NO3	0.652696	0.000000	-0.652696	0.367632	3.000000	1.000000	0	0	1	1.000000	0.000000	0.000000
OTU_477_18S_3_200	OTU_1967_18S_3_200	1	ENV_NO3	0.437083	0.057762	-0.379321	0.732268	3.000000	1.000000	0	0	1	1.000000	0.000000	0.000000
OTU_1898_18S_3_200	OTU_2033_18S_3_200	1	ENV_NO3	0.414059	0.000000	-0.414059	0.933067	3.000000	1.000000	0	0	1	1.000000	0.000000	0.000000
OTU_610_18S_3_200	OTU_2054_18S_3_200	1	ENV_NO3	0.599096	0.115525	-0.483572	0.700300	3.000000	1.000000	0	0	1	1.000000	0.000000	0.000000
ASV_161_16S_022_3	OTU_1924_18S_3_200	1	ENV_NO3	0.548450	0.339965	-0.208485	0.766234	3.000000	1.000000	0	0	1	1.000000	0.000000	0.000000
OTU_232_18S_3_200	OTU_1924_18S_3_200	1	ENV_NO3	0.648598	0.231049	-0.417549	0.767233	3.000000	1.000000	0	0	1	1.000000	0.000000	0.000000
OTU_734_18S_3_200	OTU_1924_18S_3_200	1	ENV_NO3	0.747632	0.039167	-0.708465	0.333666	3.000000	1.000000	0	0	1	1.000000	0.000000	0.000000
OTU_937_18S_3_200	OTU_1924_18S_3_200	1	ENV_NO3	0.539767	0.267009	-0.272757	0.900100	3.000000	1.000000	0	0	1	1.000000	0.000000	0.000000
OTU_558_18S_3_200	OTU_2069_18S_3_200	1	ENV_NO3	0.704569	0.000000	-0.704569	0.766234	3.000000	1.000000	0	0	1	1.000000	0.000000	0.000000
OTU_726_18S_3_200	OTU_2069_18S_3_200	1	ENV_NO3	0.682767	0.000000	-0.682767	1.000000	3.000000	1.000000	0	0	1	1.000000	0.000000	0.000000
OTU_1106_18S_3_200	OTU_2069_18S_3_200	1	ENV_NO3	0.541334	0.000000	-0.541334	1.000000	3.000000	1.000000	0	0	1	1.000000	0.000000	0.000000
ASV_491_16S_3_200	OTU_1970_18S_3_200	1	ENV_NO3	0.886629	0.000000	-0.886629	0.465534	3.000000	1.000000	0	0	1	1.000000	0.000000	0.000000
OTU_1337_18S_3_200	OTU_1970_18S_3_200	1	ENV_NO3	0.439968	0.040868	-0.399100	0.200799	3.000000	1.000000	0	0	1	1.000000	0.000000	0.000000
OTU_1390_18S_3_200	OTU_1970_18S_3_200	1	ENV_NO3	0.691540	0.145394	-0.546146	0.133866	3.000000	1.000000	0	0	1	1.000000	0.000000	0.000000
OTU_868_18S_022_3	OTU_2005_18S_3_200	1	ENV_NO3	0.626796	0.281215	-0.345581	0.700300	3.000000	1.000000	0	0	1	1.000000	0.000000	0.000000
OTU_391_18S_3_200	OTU_2005_18S_3_200	1	ENV_NO3	0.603203	0.086643	-0.516560	0.400599	3.000000	1.000000	0	0	1	1.000000	0.000000	0.000000
OTU_1263_18S_3_200	OTU_2005_18S_3_200	1	ENV_NO3	0.626796	0.000000	-0.626796	1.000000	3.000000	1.000000	0	0	1	1.000000	0.000000	0.000000
ASV_1193_16S_3_200	OTU_2058_18S_3_200	1	ENV_NO3	0.338601	0.115525	-0.223077	0.600400	3.000000	1.000000	0	0	1	1.000000	0.000000	0.000000
OTU_40_18S_3_200	OTU_2058_18S_3_200	1	ENV_NO3	0.424142	0.235551	-0.188591	0.569431	3.000000	1.000000	0	0	1	1.000000	0.000000	0.000000
OTU_1562_18S_3_200	OTU_2058_18S_3_200	1	ENV_NO3	0.280839	0.098630	-0.182209	0.634366	3.000000	1.000000	0	0	1	1.000000	0.000000	0.000000
ASV_229_16S_3_200	OTU_2031_18S_3_200	1	ENV_NO3	0.420816	0.124822	-0.295994	0.732268	3.000000	1.000000	0	0	1	1.000000	0.000000	0.000000
OTU_109_18S_3_200	OTU_2031_18S_3_200	1	ENV_NO3	0.597818	0.000000	-0.597818	0.333666	3.000000	1.000000	0	0	1	1.000000	0.000000	0.000000
OTU_196_18S_3_200	OTU_2031_18S_3_200	1	ENV_NO3	0.426202	0.079047	-0.347155	0.333666	3.000000	1.000000	0	0	1	1.000000	0.000000	0.000000
ASV_456_16S_022_3	OTU_2155_18S_3_200	1	ENV_NO3	0.439968	0.000000	-0.439968	0.599401	3.000000	1.000000	0	0	1	1.000000	0.000000	0.000000
ASV_1036_16S_022_3	OTU_2155_18S_3_200	1	ENV_NO3	0.439968	0.000000	-0.439968	0.599401	3.000000	1.000000	0	0	1	1.000000	0.000000	0.000000
ASV_1521_16S_022_3	OTU_2155_18S_3_200	1	ENV_NO3	0.519532	0.000000	-0.519532	0.666334	3.000000	1.000000	0	0	1	1.000000	0.000000	0.000000
ASV_2371_16S_022_3	OTU_2155_18S_3_200	1	ENV_NO3	0.483572	0.000000	-0.483572	1.000000	3.000000	1.000000	0	0	1	1.000000	0.000000	0.000000
OTU_910_18S_022_3	OTU_2155_18S_3_200	1	ENV_NO3	0.334495	0.000000	-0.334495	1.000000	3.000000	1.000000	0	0	1	1.000000	0.000000	0.000000
OTU_303_18S_3_200	OTU_2094_18S_3_200	1	ENV_NO3	0.710075	0.115525	-0.594550	0.867133	3.000000	1.000000	0	0	1	1.000000	0.000000	0.000000
OTU_1027_18S_3_200	OTU_2094_18S_3_200	1	ENV_NO3	0.491971	0.057762	-0.434209	0.699301	3.000000	1.000000	0	0	1	1.000000	0.000000	0.000000
OTU_1252_18S_3_200	OTU_2094_18S_3_200	1	ENV_NO3	0.633778	0.000000	-0.633778	0.800200	3.000000	1.000000	0	0	1	1.000000	0.000000	0.000000
ASV_910_16S_022_3	OTU_2181_18S_3_200	1	ENV_NO3	0.521033	0.067060	-0.453973	0.733267	3.000000	1.000000	0	0	1	1.000000	0.000000	0.000000
OTU_577_18S_3_200	OTU_2181_18S_3_200	1	ENV_NO3	0.825599	0.136809	-0.688790	0.667333	3.000000	1.000000	0	0	1	1.000000	0.000000	0.000000
OTU_871_18S_3_200	OTU_2105_18S_3_200	1	ENV_NO3	0.593635	0.271204	-0.322431	0.533467	3.000000	1.000000	0	0	1	1.000000	0.000000	0.000000
OTU_1899_18S_022_3	OTU_2088_18S_3_200	1	ENV_NO3	0.594103	0.139498	-0.454605	0.767233	3.000000	1.000000	0	0	1	1.000000	0.000000	0.000000
OTU_1034_18S_3_200	OTU_2088_18S_3_200	1	ENV_NO3	0.673006	0.067060	-0.605946	0.733267	3.000000	1.000000	0	0	1	1.000000	0.000000	0.000000
OTU_1226_18S_3_200	OTU_2088_18S_3_200	1	ENV_NO3	0.519532	0.000000	-0.519532	0.866134	3.000000	1.000000	0	0	1	1.000000	0.000000	0.000000
OTU_2234_18S_022_3	OTU_2203_18S_3_200	1	ENV_NO3	0.356297	0.057762	-0.298534	0.033966	3.000000	1.000000	0	0	1	1.000000	0.000000	0.000000
OTU_923_18S_3_200	OTU_2203_18S_3_200	1	ENV_NO3	0.483572	0.127511	-0.356060	0.468531	3.000000	1.000000	0	0	1	1.000000	0.000000	0.000000
OTU_167_18S_022_3	OTU_2253_18S_3_200	1	ENV_NO3	0.357519	0.000000	-0.357519	1.000000	3.000000	1.000000	0	0	1	1.000000	0.000000	0.000000
OTU_760_18S_022_3	OTU_2253_18S_3_200	1	ENV_NO3	0.437083	0.096929	-0.340154	0.034965	3.000000	1.000000	0	0	1	1.000000	0.000000	0.000000
ASV_1071_16S_3_200	OTU_2253_18S_3_200	1	ENV_NO3	0.437083	0.145394	-0.291690	0.000999	3.000000	1.000000	0	0	1	1.000000	0.000000	0.000000
OTU_886_18S_3_200	OTU_2253_18S_3_200	1	ENV_NO3	0.437083	0.096929	-0.340154	0.000999	3.000000	1.000000	0	0	1	1.000000	0.000000	0.000000
OTU_866_18S_022_3	OTU_2133_18S_3_200	1	ENV_NO3	0.483572	0.115525	-0.368047	0.900100	3.000000	1.000000	0	0	1	1.000000	0.000000	0.000000
OTU_613_18S_3_200	OTU_2133_18S_3_200	1	ENV_NO3	0.833243	0.067060	-0.766183	0.534466	3.000000	1.000000	0	0	1	1.000000	0.000000	0.000000
OTU_467_18S_3_200	OTU_2297_18S_3_200	1	ENV_NO3	0.710075	0.009298	-0.700777	0.534466	3.000000	1.000000	0	0	1	1.000000	0.000000	0.000000
OTU_1104_18S_3_200	OTU_2297_18S_3_200	1	ENV_NO3	0.626796	0.211466	-0.415330	0.566434	3.000000	1.000000	0	0	1	1.000000	0.000000	0.000000
OTU_1291_18S_3_200	OTU_2297_18S_3_200	1	ENV_NO3	0.746035	0.144406	-0.601629	0.634366	3.000000	1.000000	0	0	1	1.000000	0.000000	0.000000
OTU_1414_18S_3_200	OTU_2297_18S_3_200	1	ENV_NO3	0.617735	0.011987	-0.605748	0.102897	3.000000	1.000000	0	0	1	1.000000	0.000000	0.000000
OTU_519_18S_022_3	OTU_2179_18S_3_200	1	ENV_NO3	0.519532	0.115525	-0.404007	0.967033	3.000000	1.000000	0	0	1	1.000000	0.000000	0.000000
OTU_191_18S_3_200	OTU_2179_18S_3_200	1	ENV_NO3	0.660965	0.182584	-0.478381	0.900100	3.000000	1.000000	0	0	1	1.000000	0.000000	0.000000
ASV_595_16S_022_3	OTU_2308_18S_3_200	1	ENV_NO3	0.461770	0.000000	-0.461770	1.000000	3.000000	1.000000	0	0	1	1.000000	0.000000	0.000000
OTU_1111_18S_022_3	OTU_2308_18S_3_200	1	ENV_NO3	0.541334	0.000000	-0.541334	1.000000	3.000000	1.000000	0	0	1	1.000000	0.000000	0.000000
OTU_322_18S_3_200	OTU_2308_18S_3_200	1	ENV_NO3	0.577294	0.000000	-0.577294	1.000000	3.000000	1.000000	0	0	1	1.000000	0.000000	0.000000
ASV_1258_16S_022_3	OTU_2322_18S_3_200	1	ENV_NO3	0.545441	0.000000	-0.545441	1.000000	3.000000	1.000000	0	0	1	1.000000	0.000000	0.000000
OTU_887_18S_022_3	OTU_2322_18S_3_200	1	ENV_NO3	0.547893	0.000000	-0.547893	0.900100	3.000000	1.000000	0	0	1	1.000000	0.000000	0.000000
OTU_861_18S_022_3	OTU_2333_18S_3_200	1	ENV_NO3	0.300850	0.000000	-0.300850	0.700300	3.000000	1.000000	0	0	1	1.000000	0.000000	0.000000
OTU_198_18S_3_200	OTU_2333_18S_3_200	1	ENV_NO3	0.406323	0.000000	-0.406323	1.000000	3.000000	1.000000	0	0	1	1.000000	0.000000	0.000000
ASV_386_16S_022_3	OTU_2344_18S_3_200	1	ENV_NO3	0.469413	0.096929	-0.372484	0.466533	3.000000	1.000000	0	0	1	1.000000	0.000000	0.000000
ASV_637_16S_022_3	OTU_2344_18S_3_200	1	ENV_NO3	0.356297	0.086643	-0.269653	0.566434	3.000000	1.000000	0	0	1	1.000000	0.000000	0.000000
OTU_391_18S_3_200	OTU_2344_18S_3_200	1	ENV_NO3	0.599096	0.000000	-0.599096	0.767233	3.000000	1.000000	0	0	1	1.000000	0.000000	0.000000
OTU_866_18S_3_200	OTU_2344_18S_3_200	1	ENV_NO3	0.599096	0.000000	-0.599096	0.600400	3.000000	1.000000	0	0	1	1.000000	0.000000	0.000000
OTU_2399_18S_022_3	OTU_2047_18S_3_200	1	ENV_NO3	0.541334	0.000000	-0.541334	1.000000	3.000000	1.000000	0	0	1	1.000000	0.000000	0.000000
OTU_430_18S_3_200	OTU_2047_18S_3_200	1	ENV_NO3	0.567243	0.269228	-0.298015	0.800200	3.000000	1.000000	0	0	1	1.000000	0.000000	0.000000
ASV_601_16S_022_3	OTU_2309_18S_3_200	1	ENV_NO3	0.435861	0.231049	-0.204812	0.900100	3.000000	1.000000	0	0	1	1.000000	0.000000	0.000000
OTU_1296_18S_3_200	OTU_2309_18S_3_200	1	ENV_NO3	0.519532	0.086643	-0.432889	0.801199	3.000000	1.000000	0	0	1	1.000000	0.000000	0.000000
OTU_1408_18S_3_200	OTU_2309_18S_3_200	1	ENV_NO3	0.519532	0.173287	-0.346245	0.867133	3.000000	1.000000	0	0	1	1.000000	0.000000	0.000000
OTU_1318_18S_3_200	OTU_2309_18S_3_200	1	ENV_NO3	0.416375	0.000000	-0.416375	0.967033	3.000000	1.000000	0	0	1	1.000000	0.000000	0.000000
ASV_725_16S_022_3	OTU_2376_18S_3_200	1	ENV_NO3	0.670400	0.240347	-0.430053	0.733267	3.000000	1.000000	0	0	1	1.000000	0.000000	0.000000
OTU_1284_18S_022_3	OTU_2376_18S_3_200	1	ENV_NO3	0.609753	0.038179	-0.571575	0.268731	3.000000	1.000000	0	0	1	1.000000	0.000000	0.000000
OTU_985_18S_3_200	OTU_2376_18S_3_200	1	ENV_NO3	0.567243	0.144406	-0.422837	0.734266	3.000000	1.000000	0	0	1	1.000000	0.000000	0.000000
OTU_1219_18S_3_200	OTU_1948_18S_3_200	1	ENV_NO3	0.435861	0.153703	-0.282158	0.667333	3.000000	1.000000	0	0	1	1.000000	0.000000	0.000000
OTU_1680_18S_3_200	OTU_1948_18S_3_200	1	ENV_NO3	0.425809	0.069749	-0.356060	0.468531	3.000000	1.000000	0	0	1	1.000000	0.000000	0.000000
OTU_1782_18S_022_3	OTU_2305_18S_3_200	1	ENV_NO3	0.428125	0.115525	-0.312601	0.900100	3.000000	1.000000	0	0	1	1.000000	0.000000	0.000000
OTU_1650_18S_3_200	OTU_2305_18S_3_200	1	ENV_NO3	0.543650	0.000000	-0.543650	1.000000	3.000000	1.000000	0	0	1	1.000000	0.000000	0.000000
ASV_1795_16S_022_3	OTU_2398_18S_3_200	1	ENV_NO3	0.492737	0.000000	-0.492737	0.933067	3.000000	1.000000	0	0	1	1.000000	0.000000	0.000000
OTU_505_18S_3_200	OTU_2398_18S_3_200	1	ENV_NO3	0.691540	0.310096	-0.381445	0.766234	3.000000	1.000000	0	0	1	1.000000	0.000000	0.000000
OTU_1536_18S_3_200	OTU_2398_18S_3_200	1	ENV_NO3	0.615243	0.312785	-0.302459	0.967033	3.000000	1.000000	0	0	1	1.000000	0.000000	0.000000
OTU_1454_18S_3_200	OTU_2120_18S_3_200	1	ENV_NO3	0.582063	0.139498	-0.442565	0.132867	3.000000	1.000000	0	0	1	1.000000	0.000000	0.000000
OTU_205_18S_3_200	OTU_2459_18S_3_200	1	ENV_NO3	0.645714	0.130200	-0.515513	0.266733	3.000000	1.000000	0	0	1	1.000000	0.000000	0.000000
OTU_881_18S_3_200	OTU_2459_18S_3_200	1	ENV_NO3	0.670400	0.175458	-0.494942	0.435564	3.000000	1.000000	0	0	1	1.000000	0.000000	0.000000
OTU_1417_18S_3_200	OTU_2466_18S_3_200	1	ENV_NO3	0.656858	0.000000	-0.656858	0.765235	3.000000	1.000000	0	0	1	1.000000	0.000000	0.000000
ASV_2009_16S_022_3	OTU_2095_18S_3_200	1	ENV_NO3	0.358613	0.000000	-0.358613	0.867133	3.000000	1.000000	0	0	1	1.000000	0.000000	0.000000
OTU_2399_18S_022_3	OTU_2095_18S_3_200	1	ENV_NO3	0.435861	0.000000	-0.435861	1.000000	3.000000	1.000000	0	0	1	1.000000	0.000000	0.000000
OTU_2047_18S_3_200	OTU_2095_18S_3_200	1	ENV_NO3	0.541334	0.067060	-0.474274	0.667333	3.000000	1.000000	0	0	1	1.000000	0.000000	0.000000
OTU_1329_18S_3_200	OTU_2394_18S_3_200	1	ENV_NO3	0.480697	0.095941	-0.384756	0.800200	3.000000	1.000000	0	0	1	1.000000	0.000000	0.000000
ASV_905_16S_3_200	OTU_2403_18S_3_200	1	ENV_NO3	0.541334	0.115525	-0.425809	0.800200	3.000000	1.000000	0	0	1	1.000000	0.000000	0.000000
OTU_497_18S_3_200	OTU_2403_18S_3_200	1	ENV_NO3	0.435861	0.000000	-0.435861	0.767233	3.000000	1.000000	0	0	1	1.000000	0.000000	0.000000
OTU_325_18S_3_200	OTU_2399_18S_3_200	1	ENV_NO3	0.691540	0.000000	-0.691540	1.000000	3.000000	1.000000	0	0	1	1.000000	0.000000	0.000000
OTU_430_18S_3_200	OTU_2399_18S_3_200	1	ENV_NO3	0.648598	0.000000	-0.648598	0.933067	3.000000	1.000000	0	0	1	1.000000	0.000000	0.000000
OTU_711_18S_022_3	OTU_2420_18S_3_200	1	ENV_NO3	0.464086	0.240347	-0.223739	0.700300	3.000000	1.000000	0	0	1	1.000000	0.000000	0.000000
OTU_2195_18S_022_3	OTU_2420_18S_3_200	1	ENV_NO3	0.541334	0.000000	-0.541334	1.000000	3.000000	1.000000	0	0	1	1.000000	0.000000	0.000000
OTU_989_18S_3_200	OTU_2429_18S_3_200	1	ENV_NO3	0.577294	0.069749	-0.507545	0.166833	3.000000	1.000000	0	0	1	1.000000	0.000000	0.000000
ASV_415_16S_022_3	OTU_2489_18S_3_200	1	ENV_NO3	0.451718	0.067060	-0.384658	0.733267	3.000000	1.000000	0	0	1	1.000000	0.000000	0.000000
ASV_606_16S_022_3	OTU_2489_18S_3_200	1	ENV_NO3	0.464086	0.067060	-0.397026	0.666334	3.000000	1.000000	0	0	1	1.000000	0.000000	0.000000
ASV_1108_16S_022_3	OTU_2489_18S_3_200	1	ENV_NO3	0.682767	0.067060	-0.615707	0.900100	3.000000	1.000000	0	0	1	1.000000	0.000000	0.000000
OTU_2376_18S_3_200	OTU_2489_18S_3_200	1	ENV_NO3	0.589045	0.000000	-0.589045	0.866134	3.000000	1.000000	0	0	1	1.000000	0.000000	0.000000
OTU_2305_18S_3_200	OTU_2489_18S_3_200	1	ENV_NO3	0.704569	0.067060	-0.637509	0.666334	3.000000	1.000000	0	0	1	1.000000	0.000000	0.000000
OTU_1756_18S_022_3	OTU_2496_18S_3_200	1	ENV_NO3	0.439968	0.000000	-0.439968	1.000000	3.000000	1.000000	0	0	1	1.000000	0.000000	0.000000
ASV_491_16S_3_200	OTU_2496_18S_3_200	1	ENV_NO3	0.670400	0.000000	-0.670400	0.599401	3.000000	1.000000	0	0	1	1.000000	0.000000	0.000000
OTU_1970_18S_3_200	OTU_2496_18S_3_200	1	ENV_NO3	0.706360	0.023974	-0.682387	0.000999	3.000000	1.000000	0	0	1	1.000000	0.000000	0.000000
OTU_568_18S_022_3	OTU_1926_18S_3_200	1	ENV_NO3	0.710075	0.202168	-0.507907	0.567433	3.000000	1.000000	0	0	1	1.000000	0.000000	0.000000
OTU_671_18S_022_3	OTU_1926_18S_3_200	1	ENV_NO3	0.625378	0.139498	-0.485880	0.367632	3.000000	1.000000	0	0	1	1.000000	0.000000	0.000000
OTU_2005_18S_3_200	OTU_1926_18S_3_200	1	ENV_NO3	0.691540	0.202168	-0.489372	0.699301	3.000000	1.000000	0	0	1	1.000000	0.000000	0.000000
OTU_136_18S_3_200	OTU_2515_18S_3_200	1	ENV_NO3	0.689869	0.186262	-0.503608	0.368631	3.000000	1.000000	0	0	1	1.000000	0.000000	0.000000
OTU_1789_18S_022_3	OTU_2449_18S_3_200	1	ENV_NO3	0.577294	0.067060	-0.510234	0.666334	3.000000	1.000000	0	0	1	1.000000	0.000000	0.000000
OTU_1649_18S_3_200	OTU_2449_18S_3_200	1	ENV_NO3	0.519532	0.182584	-0.336947	0.766234	3.000000	1.000000	0	0	1	1.000000	0.000000	0.000000
OTU_1210_18S_022_3	OTU_2295_18S_3_200	1	ENV_NO3	0.569695	0.000000	-0.569695	1.000000	3.000000	1.000000	0	0	1	1.000000	0.000000	0.000000
OTU_995_18S_3_200	OTU_2295_18S_3_200	1	ENV_NO3	0.660965	0.000000	-0.660965	0.833167	3.000000	1.000000	0	0	1	1.000000	0.000000	0.000000
OTU_1290_18S_3_200	OTU_2295_18S_3_200	1	ENV_NO3	0.612638	0.086643	-0.525994	0.766234	3.000000	1.000000	0	0	1	1.000000	0.000000	0.000000
ASV_1851_16S_022_3	OTU_2532_18S_3_200	1	ENV_NO3	0.545441	0.086643	-0.458797	0.501499	3.000000	1.000000	0	0	1	1.000000	0.000000	0.000000
OTU_191_18S_3_200	OTU_2532_18S_3_200	1	ENV_NO3	0.603203	0.067060	-0.536143	0.800200	3.000000	1.000000	0	0	1	1.000000	0.000000	0.000000
OTU_493_18S_3_200	OTU_2532_18S_3_200	1	ENV_NO3	0.566149	0.057762	-0.508387	0.233766	3.000000	1.000000	0	0	1	1.000000	0.000000	0.000000
OTU_558_18S_3_200	OTU_2532_18S_3_200	1	ENV_NO3	0.728162	0.000000	-0.728162	0.532468	3.000000	1.000000	0	0	1	1.000000	0.000000	0.000000
OTU_1281_18S_3_200	OTU_2532_18S_3_200	1	ENV_NO3	0.626796	0.153703	-0.473093	0.600400	3.000000	1.000000	0	0	1	1.000000	0.000000	0.000000
OTU_1940_18S_3_200	OTU_2532_18S_3_200	1	ENV_NO3	0.625005	0.067060	-0.557945	0.533467	3.000000	1.000000	0	0	1	1.000000	0.000000	0.000000
OTU_2420_18S_022_3	OTU_2456_18S_3_200	1	ENV_NO3	0.519532	0.086643	-0.432889	0.400599	3.000000	1.000000	0	0	1	1.000000	0.000000	0.000000
OTU_2958_18S_022_3	OTU_2456_18S_3_200	1	ENV_NO3	0.276732	0.057762	-0.218970	0.533467	3.000000	1.000000	0	0	1	1.000000	0.000000	0.000000
OTU_995_18S_3_200	OTU_2456_18S_3_200	1	ENV_NO3	0.439968	0.086643	-0.353324	0.567433	3.000000	1.000000	0	0	1	1.000000	0.000000	0.000000
OTU_362_18S_3_200	OTU_2418_18S_3_200	1	ENV_NO3	0.646807	0.346574	-0.300233	0.901099	3.000000	1.000000	0	0	1	1.000000	0.000000	0.000000
OTU_655_18S_3_200	OTU_2418_18S_3_200	1	ENV_NO3	0.567243	0.259930	-0.307313	0.768232	3.000000	1.000000	0	0	1	1.000000	0.000000	0.000000
OTU_671_18S_3_200	OTU_2418_18S_3_200	1	ENV_NO3	0.625005	0.144406	-0.480599	0.532468	3.000000	1.000000	0	0	1	1.000000	0.000000	0.000000
OTU_768_18S_3_200	OTU_2418_18S_3_200	1	ENV_NO3	0.660965	0.173287	-0.487679	0.634366	3.000000	1.000000	0	0	1	1.000000	0.000000	0.000000
OTU_1296_18S_3_200	OTU_2418_18S_3_200	1	ENV_NO3	0.603203	0.115525	-0.487679	0.767233	3.000000	1.000000	0	0	1	1.000000	0.000000	0.000000
OTU_1363_18S_3_200	OTU_2418_18S_3_200	1	ENV_NO3	0.682767	0.000000	-0.682767	0.934066	3.000000	1.000000	0	0	1	1.000000	0.000000	0.000000
OTU_1774_18S_3_200	OTU_2512_18S_3_200	1	ENV_NO3	0.356297	0.115525	-0.240772	0.834166	3.000000	1.000000	0	0	1	1.000000	0.000000	0.000000
OTU_1646_18S_3_200	OTU_2603_18S_3_200	1	ENV_NO3	0.462992	0.000000	-0.462992	0.800200	3.000000	1.000000	0	0	1	1.000000	0.000000	0.000000
OTU_519_18S_022_3	OTU_2433_18S_3_200	1	ENV_NO3	0.599096	0.000000	-0.599096	1.000000	3.000000	1.000000	0	0	1	1.000000	0.000000	0.000000
OTU_1394_18S_3_200	OTU_2433_18S_3_200	1	ENV_NO3	0.493623	0.000000	-0.493623	0.934066	3.000000	1.000000	0	0	1	1.000000	0.000000	0.000000
OTU_1391_18S_3_200	OTU_2433_18S_3_200	1	ENV_NO3	0.356297	0.086643	-0.269653	0.534466	3.000000	1.000000	0	0	1	1.000000	0.000000	0.000000
ASV_1143_16S_022_3	OTU_2631_18S_3_200	1	ENV_NO3	0.740530	0.069749	-0.670781	0.834166	3.000000	1.000000	0	0	1	1.000000	0.000000	0.000000
OTU_881_18S_3_200	OTU_2631_18S_3_200	1	ENV_NO3	0.511933	0.105709	-0.406224	0.301698	3.000000	1.000000	0	0	1	1.000000	0.000000	0.000000
OTU_1576_18S_3_200	OTU_2631_18S_3_200	1	ENV_NO3	0.465445	0.105709	-0.359735	0.334665	3.000000	1.000000	0	0	1	1.000000	0.000000	0.000000
OTU_2459_18S_3_200	OTU_2631_18S_3_200	1	ENV_NO3	0.547893	0.023974	-0.523920	0.000999	3.000000	1.000000	0	0	1	1.000000	0.000000	0.000000
OTU_799_18S_022_3	OTU_2503_18S_3_200	1	ENV_NO3	0.497775	0.324772	-0.173003	0.735265	3.000000	1.000000	0	0	1	1.000000	0.000000	0.000000
OTU_1353_18S_022_3	OTU_2503_18S_3_200	1	ENV_NO3	0.435258	0.232037	-0.203221	0.768232	3.000000	1.000000	0	0	1	1.000000	0.000000	0.000000
OTU_2512_18S_3_200	OTU_2503_18S_3_200	1	ENV_NO3	0.404007	0.202168	-0.201839	0.834166	3.000000	1.000000	0	0	1	1.000000	0.000000	0.000000
OTU_1362_18S_022_3	OTU_2601_18S_3_200	1	ENV_NO3	0.483572	0.000000	-0.483572	1.000000	3.000000	1.000000	0	0	1	1.000000	0.000000	0.000000
ASV_1541_16S_3_200	OTU_2578_18S_3_200	1	ENV_NO3	0.603203	0.000000	-0.603203	0.665335	3.000000	1.000000	0	0	1	1.000000	0.000000	0.000000
OTU_1999_18S_3_200	OTU_2578_18S_3_200	1	ENV_NO3	0.408776	0.023974	-0.384802	0.034965	3.000000	1.000000	0	0	1	1.000000	0.000000	0.000000
ASV_174_16S_022_3	OTU_2508_18S_3_200	1	ENV_NO3	0.567243	0.086643	-0.480599	0.267732	3.000000	1.000000	0	0	1	1.000000	0.000000	0.000000
OTU_985_18S_022_3	OTU_2508_18S_3_200	1	ENV_NO3	0.541334	0.000000	-0.541334	1.000000	3.000000	1.000000	0	0	1	1.000000	0.000000	0.000000
OTU_756_18S_3_200	OTU_2508_18S_3_200	1	ENV_NO3	0.521848	0.298109	-0.223739	0.967033	3.000000	1.000000	0	0	1	1.000000	0.000000	0.000000
OTU_889_18S_022_3	OTU_2557_18S_3_200	1	ENV_NO3	0.519532	0.000000	-0.519532	0.933067	3.000000	1.000000	0	0	1	1.000000	0.000000	0.000000
OTU_1506_18S_022_3	OTU_2557_18S_3_200	1	ENV_NO3	0.493623	0.115525	-0.378099	0.166833	3.000000	1.000000	0	0	1	1.000000	0.000000	0.000000
ASV_1076_16S_3_200	OTU_2557_18S_3_200	1	ENV_NO3	0.656858	0.000000	-0.656858	0.967033	3.000000	1.000000	0	0	1	1.000000	0.000000	0.000000
ASV_1524_16S_3_200	OTU_2557_18S_3_200	1	ENV_NO3	0.414059	0.000000	-0.414059	0.900100	3.000000	1.000000	0	0	1	1.000000	0.000000	0.000000
ASV_730_16S_022_3	OTU_2259_18S_3_200	1	ENV_NO3	0.713342	0.000000	-0.713342	0.967033	3.000000	1.000000	0	0	1	1.000000	0.000000	0.000000
OTU_1148_18S_022_3	OTU_2259_18S_3_200	1	ENV_NO3	0.571535	0.153703	-0.417832	0.867133	3.000000	1.000000	0	0	1	1.000000	0.000000	0.000000
OTU_197_18S_3_200	OTU_2259_18S_3_200	1	ENV_NO3	0.615243	0.182584	-0.432659	0.934066	3.000000	1.000000	0	0	1	1.000000	0.000000	0.000000
OTU_363_18S_3_200	OTU_2259_18S_3_200	1	ENV_NO3	0.669738	0.057762	-0.611976	0.133866	3.000000	1.000000	0	0	1	1.000000	0.000000	0.000000
ASV_714_16S_022_3	OTU_2572_18S_3_200	1	ENV_NO3	0.199411	0.360146	0.160736	nan	3.000000	1.000000	0	0	1	1.000000	0.000000	0.000000
OTU_137_18S_3_200	OTU_2572_18S_3_200	1	ENV_NO3	0.388934	0.323588	-0.065345	0.268731	3.000000	1.000000	0	0	1	1.000000	0.000000	0.000000
ASV_858_16S_3_200	OTU_2699_18S_3_200	1	ENV_NO3	0.519532	0.000000	-0.519532	0.933067	3.000000	1.000000	0	0	1	1.000000	0.000000	0.000000
OTU_995_18S_3_200	OTU_2615_18S_3_200	1	ENV_NO3	0.464086	0.000000	-0.464086	0.933067	3.000000	1.000000	0	0	1	1.000000	0.000000	0.000000
OTU_1511_18S_3_200	OTU_2615_18S_3_200	1	ENV_NO3	0.519532	0.173287	-0.346245	0.533467	3.000000	1.000000	0	0	1	1.000000	0.000000	0.000000
OTU_2466_18S_3_200	OTU_2615_18S_3_200	1	ENV_NO3	0.599096	0.115525	-0.483572	0.500500	3.000000	1.000000	0	0	1	1.000000	0.000000	0.000000
ASV_636_16S_022_3	OTU_2714_18S_3_200	1	ENV_NO3	0.458885	0.000000	-0.458885	0.933067	3.000000	1.000000	0	0	1	1.000000	0.000000	0.000000
OTU_1782_18S_022_3	OTU_2682_18S_3_200	1	ENV_NO3	0.380415	0.000000	-0.380415	0.598402	3.000000	1.000000	0	0	1	1.000000	0.000000	0.000000
OTU_1104_18S_3_200	OTU_2682_18S_3_200	1	ENV_NO3	0.577294	0.153703	-0.423591	0.701299	3.000000	1.000000	0	0	1	1.000000	0.000000	0.000000
OTU_2195_18S_022_3	OTU_2649_18S_3_200	1	ENV_NO3	0.577294	0.000000	-0.577294	1.000000	3.000000	1.000000	0	0	1	1.000000	0.000000	0.000000
OTU_228_18S_3_200	OTU_2649_18S_3_200	1	ENV_NO3	0.660965	0.000000	-0.660965	0.834166	3.000000	1.000000	0	0	1	1.000000	0.000000	0.000000
OTU_2420_18S_3_200	OTU_2649_18S_3_200	1	ENV_NO3	0.625005	0.153703	-0.471302	0.868132	3.000000	1.000000	0	0	1	1.000000	0.000000	0.000000
OTU_467_18S_022_3	OTU_2727_18S_3_200	1	ENV_NO3	0.358613	0.040868	-0.317745	0.000999	3.000000	1.000000	0	0	1	1.000000	0.000000	0.000000
OTU_1801_18S_022_3	OTU_2727_18S_3_200	1	ENV_NO3	0.356297	0.000000	-0.356297	1.000000	3.000000	1.000000	0	0	1	1.000000	0.000000	0.000000
OTU_1948_18S_3_200	OTU_2727_18S_3_200	1	ENV_NO3	0.356297	0.069749	-0.286548	0.201798	3.000000	1.000000	0	0	1	1.000000	0.000000	0.000000
OTU_1940_18S_3_200	OTU_2745_18S_3_200	1	ENV_NO3	0.682767	0.067060	-0.615707	0.566434	3.000000	1.000000	0	0	1	1.000000	0.000000	0.000000
ASV_550_16S_022_3	OTU_2750_18S_3_200	1	ENV_NO3	0.505374	0.000000	-0.505374	0.866134	3.000000	1.000000	0	0	1	1.000000	0.000000	0.000000
ASV_1065_16S_022_3	OTU_2750_18S_3_200	1	ENV_NO3	0.519532	0.000000	-0.519532	1.000000	3.000000	1.000000	0	0	1	1.000000	0.000000	0.000000
ASV_1820_16S_022_3	OTU_2750_18S_3_200	1	ENV_NO3	0.599096	0.000000	-0.599096	0.933067	3.000000	1.000000	0	0	1	1.000000	0.000000	0.000000
OTU_844_18S_022_3	OTU_2750_18S_3_200	1	ENV_NO3	0.541334	0.000000	-0.541334	1.000000	3.000000	1.000000	0	0	1	1.000000	0.000000	0.000000
OTU_398_18S_3_200	OTU_2750_18S_3_200	1	ENV_NO3	0.414059	0.000000	-0.414059	1.000000	3.000000	1.000000	0	0	1	1.000000	0.000000	0.000000
OTU_550_18S_3_200	OTU_2750_18S_3_200	1	ENV_NO3	0.577294	0.000000	-0.577294	1.000000	3.000000	1.000000	0	0	1	1.000000	0.000000	0.000000
OTU_799_18S_3_200	OTU_2750_18S_3_200	1	ENV_NO3	0.541334	0.000000	-0.541334	0.933067	3.000000	1.000000	0	0	1	1.000000	0.000000	0.000000
OTU_430_18S_022_3	OTU_2510_18S_3_200	1	ENV_NO3	0.609753	0.105709	-0.504044	0.132867	3.000000	1.000000	0	0	1	1.000000	0.000000	0.000000
ASV_1524_16S_3_200	OTU_2510_18S_3_200	1	ENV_NO3	0.404007	0.127511	-0.276496	0.533467	3.000000	1.000000	0	0	1	1.000000	0.000000	0.000000
OTU_800_18S_3_200	OTU_2510_18S_3_200	1	ENV_NO3	0.389232	0.181354	-0.207878	0.599401	3.000000	1.000000	0	0	1	1.000000	0.000000	0.000000
OTU_2047_18S_3_200	OTU_2510_18S_3_200	1	ENV_NO3	0.589045	0.252333	-0.336711	0.734266	3.000000	1.000000	0	0	1	1.000000	0.000000	0.000000
OTU_1611_18S_3_200	OTU_2785_18S_3_200	1	ENV_NO3	0.378099	0.000000	-0.378099	1.000000	3.000000	1.000000	0	0	1	1.000000	0.000000	0.000000
OTU_2876_18S_022_3	OTU_2589_18S_3_200	1	ENV_NO3	0.599096	0.000000	-0.599096	1.000000	3.000000	1.000000	0	0	1	1.000000	0.000000	0.000000
OTU_989_18S_3_200	OTU_2589_18S_3_200	1	ENV_NO3	0.599096	0.000000	-0.599096	0.833167	3.000000	1.000000	0	0	1	1.000000	0.000000	0.000000
OTU_1219_18S_3_200	OTU_2589_18S_3_200	1	ENV_NO3	0.599096	0.173287	-0.425809	0.034965	3.000000	1.000000	0	0	1	1.000000	0.000000	0.000000
ASV_915_16S_022_3	OTU_2419_18S_3_200	1	ENV_NO3	0.418827	0.000000	-0.418827	0.799201	3.000000	1.000000	0	0	1	1.000000	0.000000	0.000000
ASV_1029_16S_022_3	OTU_2419_18S_3_200	1	ENV_NO3	0.497730	0.021284	-0.476446	0.200799	3.000000	1.000000	0	0	1	1.000000	0.000000	0.000000
OTU_492_18S_3_200	OTU_2419_18S_3_200	1	ENV_NO3	0.656858	0.067060	-0.589799	0.502498	3.000000	1.000000	0	0	1	1.000000	0.000000	0.000000
OTU_653_18S_3_200	OTU_2419_18S_3_200	1	ENV_NO3	0.577294	0.000000	-0.577294	0.866134	3.000000	1.000000	0	0	1	1.000000	0.000000	0.000000
OTU_1627_18S_3_200	OTU_2419_18S_3_200	1	ENV_NO3	0.414059	0.000000	-0.414059	0.933067	3.000000	1.000000	0	0	1	1.000000	0.000000	0.000000
ASV_1481_16S_022_3	OTU_2590_18S_3_200	1	ENV_NO3	0.692202	0.000000	-0.692202	0.465534	3.000000	1.000000	0	0	1	1.000000	0.000000	0.000000
OTU_82_18S_3_200	OTU_2590_18S_3_200	1	ENV_NO3	0.597818	0.115525	-0.482293	0.467532	3.000000	1.000000	0	0	1	1.000000	0.000000	0.000000
OTU_493_18S_3_200	OTU_2590_18S_3_200	1	ENV_NO3	0.475033	0.057762	-0.417270	0.233766	3.000000	1.000000	0	0	1	1.000000	0.000000	0.000000
OTU_1159_18S_3_200	OTU_2590_18S_3_200	1	ENV_NO3	0.554875	0.153703	-0.401172	0.835165	3.000000	1.000000	0	0	1	1.000000	0.000000	0.000000
ASV_1047_16S_022_3	OTU_2848_18S_3_200	1	ENV_NO3	0.435861	0.115525	-0.320336	0.668332	3.000000	1.000000	0	0	1	1.000000	0.000000	0.000000
OTU_2699_18S_3_200	OTU_2848_18S_3_200	1	ENV_NO3	0.435861	0.000000	-0.435861	0.933067	3.000000	1.000000	0	0	1	1.000000	0.000000	0.000000
ASV_1695_16S_022_3	OTU_2700_18S_3_200	1	ENV_NO3	0.439968	0.000000	-0.439968	1.000000	3.000000	1.000000	0	0	1	1.000000	0.000000	0.000000
OTU_1714_18S_022_3	OTU_2700_18S_3_200	1	ENV_NO3	0.497730	0.000000	-0.497730	0.666334	3.000000	1.000000	0	0	1	1.000000	0.000000	0.000000
OTU_1394_18S_3_200	OTU_2744_18S_3_200	1	ENV_NO3	0.656858	0.115525	-0.541334	0.733267	3.000000	1.000000	0	0	1	1.000000	0.000000	0.000000
OTU_2714_18S_3_200	OTU_2744_18S_3_200	1	ENV_NO3	0.599096	0.000000	-0.599096	0.166833	3.000000	1.000000	0	0	1	1.000000	0.000000	0.000000
OTU_932_18S_3_200	OTU_2867_18S_3_200	1	ENV_NO3	0.439968	0.057762	-0.382205	0.334665	3.000000	1.000000	0	0	1	1.000000	0.000000	0.000000
OTU_1999_18S_3_200	OTU_2867_18S_3_200	1	ENV_NO3	0.483572	0.139498	-0.344074	0.199800	3.000000	1.000000	0	0	1	1.000000	0.000000	0.000000
OTU_2512_18S_3_200	OTU_2867_18S_3_200	1	ENV_NO3	0.334495	0.086643	-0.247851	0.633367	3.000000	1.000000	0	0	1	1.000000	0.000000	0.000000
OTU_938_18S_022_3	OTU_2620_18S_3_200	1	ENV_NO3	0.627457	0.000000	-0.627457	0.133866	3.000000	1.000000	0	0	1	1.000000	0.000000	0.000000
OTU_493_18S_3_200	OTU_2620_18S_3_200	1	ENV_NO3	0.623912	0.173287	-0.450625	0.666334	3.000000	1.000000	0	0	1	1.000000	0.000000	0.000000
OTU_741_18S_3_200	OTU_2620_18S_3_200	1	ENV_NO3	0.603203	0.000000	-0.603203	1.000000	3.000000	1.000000	0	0	1	1.000000	0.000000	0.000000
OTU_1335_18S_3_200	OTU_2620_18S_3_200	1	ENV_NO3	0.670400	0.202168	-0.468232	0.900100	3.000000	1.000000	0	0	1	1.000000	0.000000	0.000000
OTU_2714_18S_3_200	OTU_2620_18S_3_200	1	ENV_NO3	0.577294	0.000000	-0.577294	0.133866	3.000000	1.000000	0	0	1	1.000000	0.000000	0.000000
OTU_1494_18S_022_3	OTU_2795_18S_3_200	1	ENV_NO3	0.545441	0.086643	-0.458797	0.467532	3.000000	1.000000	0	0	1	1.000000	0.000000	0.000000
OTU_48_18S_3_200	OTU_2795_18S_3_200	1	ENV_NO3	0.429916	0.000000	-0.429916	0.199800	3.000000	1.000000	0	0	1	1.000000	0.000000	0.000000
OTU_1077_18S_022_3	OTU_2876_18S_3_200	1	ENV_NO3	0.660965	0.069749	-0.591216	0.000999	3.000000	1.000000	0	0	1	1.000000	0.000000	0.000000
OTU_1767_18S_022_3	OTU_2876_18S_3_200	1	ENV_NO3	0.577294	0.000000	-0.577294	1.000000	3.000000	1.000000	0	0	1	1.000000	0.000000	0.000000
OTU_1732_18S_3_200	OTU_2876_18S_3_200	1	ENV_NO3	0.442284	0.110617	-0.331667	0.400599	3.000000	1.000000	0	0	1	1.000000	0.000000	0.000000
OTU_799_18S_3_200	OTU_2884_18S_3_200	1	ENV_NO3	0.556546	0.086643	-0.469903	0.467532	3.000000	1.000000	0	0	1	1.000000	0.000000	0.000000
OTU_1286_18S_3_200	OTU_2884_18S_3_200	1	ENV_NO3	0.567243	0.000000	-0.567243	0.933067	3.000000	1.000000	0	0	1	1.000000	0.000000	0.000000
OTU_2181_18S_3_200	OTU_2884_18S_3_200	1	ENV_NO3	0.574419	0.038179	-0.536241	0.466533	3.000000	1.000000	0	0	1	1.000000	0.000000	0.000000
ASV_661_16S_022_3	OTU_2914_18S_3_200	1	ENV_NO3	0.461770	0.000000	-0.461770	1.000000	3.000000	1.000000	0	0	1	1.000000	0.000000	0.000000
OTU_2289_18S_022_3	OTU_2914_18S_3_200	1	ENV_NO3	0.414059	0.115525	-0.298534	0.566434	3.000000	1.000000	0	0	1	1.000000	0.000000	0.000000
ASV_501_16S_022_3	OTU_2635_18S_3_200	1	ENV_NO3	0.577294	0.086643	-0.490651	0.500500	3.000000	1.000000	0	0	1	1.000000	0.000000	0.000000
ASV_1201_16S_022_3	OTU_2635_18S_3_200	1	ENV_NO3	0.493623	0.000000	-0.493623	1.000000	3.000000	1.000000	0	0	1	1.000000	0.000000	0.000000
OTU_191_18S_022_3	OTU_2635_18S_3_200	1	ENV_NO3	0.577294	0.069749	-0.507545	0.000999	3.000000	1.000000	0	0	1	1.000000	0.000000	0.000000
OTU_2214_18S_022_3	OTU_2635_18S_3_200	1	ENV_NO3	0.493623	0.000000	-0.493623	1.000000	3.000000	1.000000	0	0	1	1.000000	0.000000	0.000000
OTU_3210_18S_022_3	OTU_2635_18S_3_200	1	ENV_NO3	0.493623	0.000000	-0.493623	0.933067	3.000000	1.000000	0	0	1	1.000000	0.000000	0.000000
OTU_621_18S_3_200	OTU_2635_18S_3_200	1	ENV_NO3	0.435861	0.000000	-0.435861	0.868132	3.000000	1.000000	0	0	1	1.000000	0.000000	0.000000
OTU_851_18S_022_3	OTU_3023_18S_3_200	1	ENV_NO3	0.599096	0.000000	-0.599096	1.000000	3.000000	1.000000	0	0	1	1.000000	0.000000	0.000000
OTU_2270_18S_022_3	OTU_3023_18S_3_200	1	ENV_NO3	0.577294	0.000000	-0.577294	1.000000	3.000000	1.000000	0	0	1	1.000000	0.000000	0.000000
OTU_1086_18S_3_200	OTU_2732_18S_3_200	1	ENV_NO3	0.450122	0.067060	-0.383062	0.501499	3.000000	1.000000	0	0	1	1.000000	0.000000	0.000000
OTU_1258_18S_3_200	OTU_2732_18S_3_200	1	ENV_NO3	0.589045	0.069749	-0.519296	0.232767	3.000000	1.000000	0	0	1	1.000000	0.000000	0.000000
OTU_2305_18S_3_200	OTU_2732_18S_3_200	1	ENV_NO3	0.601412	0.067060	-0.534352	0.666334	3.000000	1.000000	0	0	1	1.000000	0.000000	0.000000
OTU_3023_18S_3_200	OTU_3068_18S_3_200	1	ENV_NO3	0.656858	0.000000	-0.656858	1.000000	3.000000	1.000000	0	0	1	1.000000	0.000000	0.000000
OTU_889_18S_3_200	OTU_3072_18S_3_200	1	ENV_NO3	0.493623	0.000000	-0.493623	1.000000	3.000000	1.000000	0	0	1	1.000000	0.000000	0.000000
OTU_1906_18S_3_200	OTU_3072_18S_3_200	1	ENV_NO3	0.356297	0.115525	-0.240772	0.834166	3.000000	1.000000	0	0	1	1.000000	0.000000	0.000000
OTU_1898_18S_3_200	OTU_3113_18S_3_200	1	ENV_NO3	0.435861	0.000000	-0.435861	0.666334	3.000000	1.000000	0	0	1	1.000000	0.000000	0.000000
OTU_2270_18S_022_3	OTU_2758_18S_3_200	1	ENV_NO3	0.519532	0.000000	-0.519532	1.000000	3.000000	1.000000	0	0	1	1.000000	0.000000	0.000000
OTU_683_18S_3_200	OTU_3167_18S_3_200	1	ENV_NO3	0.416375	0.124822	-0.291553	0.700300	3.000000	1.000000	0	0	1	1.000000	0.000000	0.000000
OTU_994_18S_3_200	OTU_3167_18S_3_200	1	ENV_NO3	0.464086	0.067060	-0.397026	0.666334	3.000000	1.000000	0	0	1	1.000000	0.000000	0.000000
OTU_1408_18S_3_200	OTU_3167_18S_3_200	1	ENV_NO3	0.577294	0.288811	-0.288483	0.667333	3.000000	1.000000	0	0	1	1.000000	0.000000	0.000000
ASV_42_16S_022_3	OTU_3190_18S_3_200	1	ENV_NO3	0.356297	0.000000	-0.356297	0.766234	3.000000	1.000000	0	0	1	1.000000	0.000000	0.000000
ASV_2181_16S_022_3	OTU_3190_18S_3_200	1	ENV_NO3	0.461770	0.000000	-0.461770	1.000000	3.000000	1.000000	0	0	1	1.000000	0.000000	0.000000
OTU_1562_18S_3_200	OTU_3190_18S_3_200	1	ENV_NO3	0.390466	0.000000	-0.390466	0.866134	3.000000	1.000000	0	0	1	1.000000	0.000000	0.000000
OTU_2309_18S_022_3	OTU_3083_18S_3_200	1	ENV_NO3	0.276732	0.040868	-0.235864	0.000999	3.000000	1.000000	0	0	1	1.000000	0.000000	0.000000
OTU_1374_18S_3_200	OTU_3083_18S_3_200	1	ENV_NO3	0.356297	0.139498	-0.216799	0.735265	3.000000	1.000000	0	0	1	1.000000	0.000000	0.000000
OTU_671_18S_3_200	OTU_3206_18S_3_200	1	ENV_NO3	0.625005	0.000000	-0.625005	0.299700	3.000000	1.000000	0	0	1	1.000000	0.000000	0.000000
OTU_1399_18S_3_200	OTU_3206_18S_3_200	1	ENV_NO3	0.625005	0.000000	-0.625005	0.465534	3.000000	1.000000	0	0	1	1.000000	0.000000	0.000000
OTU_1252_18S_3_200	OTU_3210_18S_3_200	1	ENV_NO3	0.576677	0.153703	-0.422974	0.801199	3.000000	1.000000	0	0	1	1.000000	0.000000	0.000000
OTU_2785_18S_3_200	OTU_3210_18S_3_200	1	ENV_NO3	0.483572	0.000000	-0.483572	0.768232	3.000000	1.000000	0	0	1	1.000000	0.000000	0.000000
OTU_1353_18S_022_3	OTU_3225_18S_3_200	1	ENV_NO3	0.681296	0.242323	-0.438973	0.298701	3.000000	1.000000	0	0	1	1.000000	0.000000	0.000000
ASV_376_16S_022_3	OTU_3255_18S_3_200	1	ENV_NO3	0.334495	0.000000	-0.334495	0.933067	3.000000	1.000000	0	0	1	1.000000	0.000000	0.000000
OTU_1902_18S_022_3	OTU_3255_18S_3_200	1	ENV_NO3	0.519532	0.000000	-0.519532	1.000000	3.000000	1.000000	0	0	1	1.000000	0.000000	0.000000
OTU_2459_18S_3_200	OTU_3255_18S_3_200	1	ENV_NO3	0.497730	0.069749	-0.427981	0.132867	3.000000	1.000000	0	0	1	1.000000	0.000000	0.000000
OTU_2649_18S_3_200	OTU_3255_18S_3_200	1	ENV_NO3	0.497730	0.000000	-0.497730	1.000000	3.000000	1.000000	0	0	1	1.000000	0.000000	0.000000
OTU_1629_18S_022_3	OTU_3261_18S_3_200	1	ENV_NO3	0.519532	0.000000	-0.519532	1.000000	3.000000	1.000000	0	0	1	1.000000	0.000000	0.000000
OTU_2020_18S_3_200	OTU_3261_18S_3_200	1	ENV_NO3	0.519532	0.000000	-0.519532	1.000000	3.000000	1.000000	0	0	1	1.000000	0.000000	0.000000
ASV_1631_16S_022_3	OTU_3269_18S_3_200	1	ENV_NO3	0.493623	0.000000	-0.493623	0.934066	3.000000	1.000000	0	0	1	1.000000	0.000000	0.000000
OTU_430_18S_3_200	OTU_3269_18S_3_200	1	ENV_NO3	0.461770	0.000000	-0.461770	0.934066	3.000000	1.000000	0	0	1	1.000000	0.000000	0.000000
OTU_477_18S_3_200	OTU_3269_18S_3_200	1	ENV_NO3	0.414059	0.000000	-0.414059	1.000000	3.000000	1.000000	0	0	1	1.000000	0.000000	0.000000
OTU_3210_18S_3_200	OTU_3269_18S_3_200	1	ENV_NO3	0.425809	0.000000	-0.425809	1.000000	3.000000	1.000000	0	0	1	1.000000	0.000000	0.000000
OTU_2466_18S_3_200	OTU_3295_18S_3_200	1	ENV_NO3	0.435861	0.000000	-0.435861	0.934066	3.000000	1.000000	0	0	1	1.000000	0.000000	0.000000
OTU_2418_18S_3_200	OTU_3295_18S_3_200	1	ENV_NO3	0.519532	0.057762	-0.461770	0.366633	3.000000	1.000000	0	0	1	1.000000	0.000000	0.000000
OTU_3206_18S_3_200	OTU_3295_18S_3_200	1	ENV_NO3	0.577294	0.173287	-0.404007	0.399600	3.000000	1.000000	0	0	1	1.000000	0.000000	0.000000
OTU_1346_18S_022_3	OTU_3223_18S_3_200	1	ENV_NO3	0.466538	0.000000	-0.466538	1.000000	3.000000	1.000000	0	0	1	1.000000	0.000000	0.000000
OTU_1557_18S_3_200	OTU_3223_18S_3_200	1	ENV_NO3	0.567243	0.000000	-0.567243	1.000000	3.000000	1.000000	0	0	1	1.000000	0.000000	0.000000
ASV_287_16S_022_3	OTU_3338_18S_3_200	1	ENV_NO3	0.541334	0.000000	-0.541334	0.566434	3.000000	1.000000	0	0	1	1.000000	0.000000	0.000000
OTU_330_18S_022_3	OTU_3338_18S_3_200	1	ENV_NO3	0.356297	0.040868	-0.315429	0.000999	3.000000	1.000000	0	0	1	1.000000	0.000000	0.000000
OTU_480_18S_3_200	OTU_3338_18S_3_200	1	ENV_NO3	0.353889	0.098630	-0.255259	0.600400	3.000000	1.000000	0	0	1	1.000000	0.000000	0.000000
OTU_1767_18S_3_200	OTU_2812_18S_3_200	1	ENV_NO3	0.441852	0.000000	-0.441852	0.600400	3.000000	1.000000	0	0	1	1.000000	0.000000	0.000000
OTU_1728_18S_3_200	OTU_2812_18S_3_200	1	ENV_NO3	0.599096	0.115525	-0.483572	0.735265	3.000000	1.000000	0	0	1	1.000000	0.000000	0.000000
OTU_3210_18S_3_200	OTU_2812_18S_3_200	1	ENV_NO3	0.589045	0.000000	-0.589045	0.599401	3.000000	1.000000	0	0	1	1.000000	0.000000	0.000000
ASV_363_16S_022_3	OTU_3386_18S_3_200	1	ENV_NO3	0.356297	0.000000	-0.356297	1.000000	3.000000	1.000000	0	0	1	1.000000	0.000000	0.000000
OTU_86_18S_3_200	OTU_3386_18S_3_200	1	ENV_NO3	0.356297	0.000000	-0.356297	1.000000	3.000000	1.000000	0	0	1	1.000000	0.000000	0.000000
OTU_288_18S_3_200	OTU_3386_18S_3_200	1	ENV_NO3	0.458885	0.000000	-0.458885	1.000000	3.000000	1.000000	0	0	1	1.000000	0.000000	0.000000
OTU_477_18S_3_200	OTU_3386_18S_3_200	1	ENV_NO3	0.519532	0.000000	-0.519532	1.000000	3.000000	1.000000	0	0	1	1.000000	0.000000	0.000000
OTU_2041_18S_3_200	OTU_3386_18S_3_200	1	ENV_NO3	0.461770	0.000000	-0.461770	1.000000	3.000000	1.000000	0	0	1	1.000000	0.000000	0.000000
OTU_1611_18S_022_3	OTU_3160_18S_3_200	1	ENV_NO3	0.541334	0.000000	-0.541334	0.933067	3.000000	1.000000	0	0	1	1.000000	0.000000	0.000000
OTU_228_18S_3_200	OTU_3160_18S_3_200	1	ENV_NO3	0.519532	0.000000	-0.519532	1.000000	3.000000	1.000000	0	0	1	1.000000	0.000000	0.000000
ASV_1065_16S_022_3	OTU_3422_18S_3_200	1	ENV_NO3	0.444736	0.057762	-0.386974	0.333666	3.000000	1.000000	0	0	1	1.000000	0.000000	0.000000
ASV_1587_16S_022_3	OTU_3422_18S_3_200	1	ENV_NO3	0.545441	0.000000	-0.545441	1.000000	3.000000	1.000000	0	0	1	1.000000	0.000000	0.000000
OTU_1355_18S_3_200	OTU_3422_18S_3_200	1	ENV_NO3	0.603203	0.310096	-0.293107	0.499500	3.000000	1.000000	0	0	1	1.000000	0.000000	0.000000
OTU_2308_18S_3_200	OTU_3422_18S_3_200	1	ENV_NO3	0.519532	0.000000	-0.519532	1.000000	3.000000	1.000000	0	0	1	1.000000	0.000000	0.000000
OTU_1318_18S_3_200	OTU_3389_18S_3_200	1	ENV_NO3	0.577294	0.069749	-0.507545	0.000999	3.000000	1.000000	0	0	1	1.000000	0.000000	0.000000
OTU_1532_18S_3_200	OTU_3389_18S_3_200	1	ENV_NO3	0.414059	0.069749	-0.344310	0.000999	3.000000	1.000000	0	0	1	1.000000	0.000000	0.000000
OTU_2649_18S_3_200	OTU_2998_18S_3_200	1	ENV_NO3	0.646807	-0.036478	-0.683285	0.501499	3.000000	1.000000	0	0	1	1.000000	0.000000	0.000000
OTU_353_18S_3_200	OTU_3342_18S_3_200	1	ENV_NO3	0.630605	0.269228	-0.361377	0.633367	3.000000	1.000000	0	0	1	1.000000	0.000000	0.000000
OTU_568_18S_3_200	OTU_3342_18S_3_200	1	ENV_NO3	0.734761	0.000000	-0.734761	1.000000	3.000000	1.000000	0	0	1	1.000000	0.000000	0.000000
OTU_1463_18S_3_200	OTU_3342_18S_3_200	1	ENV_NO3	0.529528	0.081736	-0.447792	0.866134	3.000000	1.000000	0	0	1	1.000000	0.000000	0.000000
OTU_711_18S_022_3	OTU_2303_18S_3_200	1	ENV_NO3	0.519532	0.269228	-0.250304	0.900100	3.000000	1.000000	0	0	1	1.000000	0.000000	0.000000
OTU_606_18S_3_200	OTU_2303_18S_3_200	1	ENV_NO3	0.356297	0.231049	-0.125247	0.967033	3.000000	1.000000	0	0	1	1.000000	0.000000	0.000000
ASV_1387_16S_022_3	OTU_3314_18S_3_200	1	ENV_NO3	0.461770	0.000000	-0.461770	1.000000	3.000000	1.000000	0	0	1	1.000000	0.000000	0.000000
OTU_391_18S_022_3	OTU_3314_18S_3_200	1	ENV_NO3	0.336811	0.000000	-0.336811	0.933067	3.000000	1.000000	0	0	1	1.000000	0.000000	0.000000
OTU_1421_18S_022_3	OTU_3314_18S_3_200	1	ENV_NO3	0.437083	0.000000	-0.437083	1.000000	3.000000	1.000000	0	0	1	1.000000	0.000000	0.000000
OTU_422_18S_3_200	OTU_3454_18S_3_200	1	ENV_NO3	0.775481	0.095941	-0.679540	0.733267	3.000000	1.000000	0	0	1	1.000000	0.000000	0.000000
OTU_902_18S_3_200	OTU_3454_18S_3_200	1	ENV_NO3	0.869203	0.367858	-0.501345	0.666334	3.000000	1.000000	0	0	1	1.000000	0.000000	0.000000
OTU_403_18S_3_200	OTU_3603_18S_3_200	1	ENV_NO3	0.509481	0.069749	-0.439731	0.666334	3.000000	1.000000	0	0	1	1.000000	0.000000	0.000000
OTU_1263_18S_3_200	OTU_3603_18S_3_200	1	ENV_NO3	0.612638	0.000000	-0.612638	1.000000	3.000000	1.000000	0	0	1	1.000000	0.000000	0.000000
OTU_2615_18S_3_200	OTU_3603_18S_3_200	1	ENV_NO3	0.531283	0.139498	-0.391784	0.533467	3.000000	1.000000	0	0	1	1.000000	0.000000	0.000000
OTU_3295_18S_3_200	OTU_3603_18S_3_200	1	ENV_NO3	0.483572	0.139498	-0.344074	0.300699	3.000000	1.000000	0	0	1	1.000000	0.000000	0.000000
ASV_2186_16S_022_3	OTU_3606_18S_3_200	1	ENV_NO3	0.379321	-0.028881	-0.408202	0.200799	3.000000	1.000000	0	0	1	1.000000	0.000000	0.000000
OTU_110_18S_022_3	OTU_3606_18S_3_200	1	ENV_NO3	0.311160	0.023974	-0.287187	0.633367	3.000000	1.000000	0	0	1	1.000000	0.000000	0.000000
OTU_534_18S_022_3	OTU_3606_18S_3_200	1	ENV_NO3	0.472427	0.202168	-0.270259	0.765235	3.000000	1.000000	0	0	1	1.000000	0.000000	0.000000
OTU_505_18S_3_200	OTU_3606_18S_3_200	1	ENV_NO3	0.486585	0.231049	-0.255536	0.833167	3.000000	1.000000	0	0	1	1.000000	0.000000	0.000000
OTU_1358_18S_3_200	OTU_3655_18S_3_200	1	ENV_NO3	0.356297	0.057762	-0.298534	0.334665	3.000000	1.000000	0	0	1	1.000000	0.000000	0.000000
OTU_568_18S_3_200	OTU_3448_18S_3_200	1	ENV_NO3	0.429916	0.000000	-0.429916	1.000000	3.000000	1.000000	0	0	1	1.000000	0.000000	0.000000
OTU_1592_18S_3_200	OTU_3448_18S_3_200	1	ENV_NO3	0.625005	0.153703	-0.471302	0.833167	3.000000	1.000000	0	0	1	1.000000	0.000000	0.000000
OTU_1576_18S_3_200	OTU_3382_18S_3_200	1	ENV_NO3	0.437083	0.185274	-0.251810	0.802198	3.000000	1.000000	0	0	1	1.000000	0.000000	0.000000
OTU_1111_18S_3_200	OTU_3704_18S_3_200	1	ENV_NO3	0.550499	0.000000	-0.550499	0.701299	3.000000	1.000000	0	0	1	1.000000	0.000000	0.000000
OTU_2009_18S_3_200	OTU_3704_18S_3_200	1	ENV_NO3	0.593441	0.000000	-0.593441	0.733267	3.000000	1.000000	0	0	1	1.000000	0.000000	0.000000
OTU_3206_18S_3_200	OTU_3738_18S_3_200	1	ENV_NO3	0.660965	0.086643	-0.574322	0.365634	3.000000	1.000000	0	0	1	1.000000	0.000000	0.000000
OTU_3295_18S_3_200	OTU_3738_18S_3_200	1	ENV_NO3	0.519532	0.086643	-0.432889	0.067932	3.000000	1.000000	0	0	1	1.000000	0.000000	0.000000
ASV_61_16S_022_3	OTU_3755_18S_3_200	1	ENV_NO3	0.461770	0.069749	-0.392021	0.000999	3.000000	1.000000	0	0	1	1.000000	0.000000	0.000000
ASV_1534_16S_022_3	OTU_3773_18S_3_200	1	ENV_NO3	0.461770	0.000000	-0.461770	1.000000	3.000000	1.000000	0	0	1	1.000000	0.000000	0.000000
OTU_1213_18S_022_3	OTU_3773_18S_3_200	1	ENV_NO3	0.493623	0.000000	-0.493623	1.000000	3.000000	1.000000	0	0	1	1.000000	0.000000	0.000000
OTU_379_18S_3_200	OTU_3773_18S_3_200	1	ENV_NO3	0.438177	0.000000	-0.438177	1.000000	3.000000	1.000000	0	0	1	1.000000	0.000000	0.000000
ASV_2226_16S_022_3	OTU_3782_18S_3_200	1	ENV_NO3	0.356297	0.000000	-0.356297	1.000000	3.000000	1.000000	0	0	1	1.000000	0.000000	0.000000
OTU_2958_18S_022_3	OTU_3782_18S_3_200	1	ENV_NO3	0.356297	0.000000	-0.356297	1.000000	3.000000	1.000000	0	0	1	1.000000	0.000000	0.000000
OTU_2020_18S_3_200	OTU_3782_18S_3_200	1	ENV_NO3	0.435861	0.000000	-0.435861	1.000000	3.000000	1.000000	0	0	1	1.000000	0.000000	0.000000
OTU_2905_18S_3_200	OTU_3563_18S_3_200	1	ENV_NO3	0.425809	0.202168	-0.223641	0.900100	3.000000	1.000000	0	0	1	1.000000	0.000000	0.000000
OTU_3490_18S_3_200	OTU_3563_18S_3_200	1	ENV_NO3	0.599096	0.115525	-0.483572	0.833167	3.000000	1.000000	0	0	1	1.000000	0.000000	0.000000
ASV_888_16S_3_200	OTU_3811_18S_3_200	1	ENV_NO3	0.519532	0.000000	-0.519532	0.532468	3.000000	1.000000	0	0	1	1.000000	0.000000	0.000000
OTU_3072_18S_3_200	OTU_3811_18S_3_200	1	ENV_NO3	0.435861	0.000000	-0.435861	0.801199	3.000000	1.000000	0	0	1	1.000000	0.000000	0.000000
OTU_3160_18S_3_200	OTU_3811_18S_3_200	1	ENV_NO3	0.435861	0.000000	-0.435861	1.000000	3.000000	1.000000	0	0	1	1.000000	0.000000	0.000000
OTU_1386_18S_022_3	OTU_3823_18S_3_200	1	ENV_NO3	0.543650	0.086643	-0.457007	0.532468	3.000000	1.000000	0	0	1	1.000000	0.000000	0.000000
OTU_1431_18S_3_200	OTU_3823_18S_3_200	1	ENV_NO3	0.543650	0.067060	-0.476590	0.533467	3.000000	1.000000	0	0	1	1.000000	0.000000	0.000000
ASV_466_16S_022_3	OTU_3625_18S_3_200	1	ENV_NO3	0.541548	0.292442	-0.249106	0.199800	3.000000	1.000000	0	0	1	1.000000	0.000000	0.000000
OTU_1940_18S_3_200	OTU_3944_18S_3_200	1	ENV_NO3	0.519532	0.067060	-0.452472	0.733267	3.000000	1.000000	0	0	1	1.000000	0.000000	0.000000
OTU_3023_18S_3_200	OTU_3944_18S_3_200	1	ENV_NO3	0.414059	0.000000	-0.414059	1.000000	3.000000	1.000000	0	0	1	1.000000	0.000000	0.000000
ASV_1401_16S_022_3	OTU_3348_18S_3_200	1	ENV_NO3	0.435861	0.000000	-0.435861	1.000000	3.000000	1.000000	0	0	1	1.000000	0.000000	0.000000
OTU_1335_18S_3_200	OTU_3348_18S_3_200	1	ENV_NO3	0.483572	0.086643	-0.396928	0.834166	3.000000	1.000000	0	0	1	1.000000	0.000000	0.000000
OTU_3255_18S_3_200	OTU_3348_18S_3_200	1	ENV_NO3	0.519532	0.086643	-0.432889	0.834166	3.000000	1.000000	0	0	1	1.000000	0.000000	0.000000
ASV_1067_16S_3_200	OTU_3774_18S_3_200	1	ENV_NO3	0.484794	0.173287	-0.311507	0.000999	3.000000	1.000000	0	0	1	1.000000	0.000000	0.000000
ASV_1201_16S_3_200	OTU_3774_18S_3_200	1	ENV_NO3	0.552608	0.057762	-0.494846	0.666334	3.000000	1.000000	0	0	1	1.000000	0.000000	0.000000
OTU_146_18S_3_200	OTU_3994_18S_3_200	1	ENV_NO3	0.488340	0.069749	-0.418591	0.699301	3.000000	1.000000	0	0	1	1.000000	0.000000	0.000000
OTU_1399_18S_3_200	OTU_3994_18S_3_200	1	ENV_NO3	0.589045	0.000000	-0.589045	0.699301	3.000000	1.000000	0	0	1	1.000000	0.000000	0.000000
OTU_1650_18S_3_200	OTU_3994_18S_3_200	1	ENV_NO3	0.543650	0.000000	-0.543650	0.934066	3.000000	1.000000	0	0	1	1.000000	0.000000	0.000000
OTU_3782_18S_3_200	OTU_3994_18S_3_200	1	ENV_NO3	0.599096	0.000000	-0.599096	1.000000	3.000000	1.000000	0	0	1	1.000000	0.000000	0.000000
OTU_3348_18S_3_200	OTU_3733_18S_3_200	1	ENV_NO3	0.519532	0.086643	-0.432889	0.901099	3.000000	1.000000	0	0	1	1.000000	0.000000	0.000000
OTU_2375_18S_022_3	OTU_4002_18S_3_200	1	ENV_NO3	0.599096	0.182584	-0.416512	0.767233	3.000000	1.000000	0	0	1	1.000000	0.000000	0.000000
OTU_1721_18S_3_200	OTU_4002_18S_3_200	1	ENV_NO3	0.437083	0.069749	-0.367334	0.766234	3.000000	1.000000	0	0	1	1.000000	0.000000	0.000000
OTU_2420_18S_022_3	OTU_3532_18S_3_200	1	ENV_NO3	0.519532	0.067060	-0.452472	0.900100	3.000000	1.000000	0	0	1	1.000000	0.000000	0.000000
OTU_2876_18S_022_3	OTU_3532_18S_3_200	1	ENV_NO3	0.298534	0.000000	-0.298534	0.833167	3.000000	1.000000	0	0	1	1.000000	0.000000	0.000000
OTU_726_18S_3_200	OTU_3532_18S_3_200	1	ENV_NO3	0.497730	0.000000	-0.497730	1.000000	3.000000	1.000000	0	0	1	1.000000	0.000000	0.000000
OTU_1898_18S_3_200	OTU_3532_18S_3_200	1	ENV_NO3	0.414059	0.000000	-0.414059	0.667333	3.000000	1.000000	0	0	1	1.000000	0.000000	0.000000
OTU_768_18S_3_200	OTU_3624_18S_3_200	1	ENV_NO3	0.519532	0.086643	-0.432889	0.434565	3.000000	1.000000	0	0	1	1.000000	0.000000	0.000000
OTU_1332_18S_3_200	OTU_3624_18S_3_200	1	ENV_NO3	0.599096	0.115525	-0.483572	0.133866	3.000000	1.000000	0	0	1	1.000000	0.000000	0.000000
OTU_1397_18S_3_200	OTU_3624_18S_3_200	1	ENV_NO3	0.519532	0.069749	-0.449783	0.033966	3.000000	1.000000	0	0	1	1.000000	0.000000	0.000000
OTU_199_18S_022_3	OTU_3744_18S_3_200	1	ENV_NO3	0.451670	-0.016894	-0.468564	0.266733	3.000000	1.000000	0	0	1	1.000000	0.000000	0.000000
OTU_307_18S_022_3	OTU_3744_18S_3_200	1	ENV_NO3	0.568870	0.295420	-0.273450	0.501499	3.000000	1.000000	0	0	1	1.000000	0.000000	0.000000
OTU_2508_18S_3_200	OTU_3744_18S_3_200	1	ENV_NO3	0.530074	0.319393	-0.210681	0.833167	3.000000	1.000000	0	0	1	1.000000	0.000000	0.000000
OTU_257_18S_3_200	OTU_3877_18S_3_200	1	ENV_NO3	0.865697	0.147734	-0.717963	0.000999	3.000000	1.000000	0	0	1	1.000000	0.000000	0.000000
OTU_387_18S_3_200	OTU_3877_18S_3_200	1	ENV_NO3	0.526046	0.000000	-0.526046	0.600400	3.000000	1.000000	0	0	1	1.000000	0.000000	0.000000
OTU_1332_18S_3_200	OTU_4181_18S_3_200	1	ENV_NO3	0.656858	0.067060	-0.589799	0.533467	3.000000	1.000000	0	0	1	1.000000	0.000000	0.000000
OTU_1968_18S_3_200	OTU_4181_18S_3_200	1	ENV_NO3	0.656858	0.000000	-0.656858	1.000000	3.000000	1.000000	0	0	1	1.000000	0.000000	0.000000
OTU_938_18S_022_3	OTU_4249_18S_3_200	1	ENV_NO3	0.807726	0.115525	-0.692202	0.934066	3.000000	1.000000	0	0	1	1.000000	0.000000	0.000000
OTU_2876_18S_022_3	OTU_4249_18S_3_200	1	ENV_NO3	0.541334	0.000000	-0.541334	0.934066	3.000000	1.000000	0	0	1	1.000000	0.000000	0.000000
OTU_2133_18S_3_200	OTU_4249_18S_3_200	1	ENV_NO3	0.749964	0.057762	-0.692202	0.834166	3.000000	1.000000	0	0	1	1.000000	0.000000	0.000000
OTU_2727_18S_3_200	OTU_4249_18S_3_200	1	ENV_NO3	0.461770	0.069749	-0.392021	0.834166	3.000000	1.000000	0	0	1	1.000000	0.000000	0.000000
OTU_2040_18S_022_3	OTU_4075_18S_3_200	1	ENV_NO3	0.378099	0.000000	-0.378099	1.000000	3.000000	1.000000	0	0	1	1.000000	0.000000	0.000000
OTU_741_18S_3_200	OTU_4075_18S_3_200	1	ENV_NO3	0.519532	0.000000	-0.519532	1.000000	3.000000	1.000000	0	0	1	1.000000	0.000000	0.000000
OTU_1394_18S_3_200	OTU_4075_18S_3_200	1	ENV_NO3	0.599096	0.000000	-0.599096	1.000000	3.000000	1.000000	0	0	1	1.000000	0.000000	0.000000
OTU_2020_18S_3_200	OTU_4075_18S_3_200	1	ENV_NO3	0.378099	0.000000	-0.378099	1.000000	3.000000	1.000000	0	0	1	1.000000	0.000000	0.000000
ASV_1593_16S_022_3	OTU_4389_18S_3_200	1	ENV_NO3	0.435861	0.000000	-0.435861	1.000000	3.000000	1.000000	0	0	1	1.000000	0.000000	0.000000
ASV_1720_16S_022_3	OTU_4389_18S_3_200	1	ENV_NO3	0.656858	0.067060	-0.589799	0.667333	3.000000	1.000000	0	0	1	1.000000	0.000000	0.000000
OTU_363_18S_3_200	OTU_4389_18S_3_200	1	ENV_NO3	0.439968	0.124822	-0.315145	0.800200	3.000000	1.000000	0	0	1	1.000000	0.000000	0.000000
OTU_1334_18S_3_200	OTU_4389_18S_3_200	1	ENV_NO3	0.483572	0.069749	-0.413823	0.668332	3.000000	1.000000	0	0	1	1.000000	0.000000	0.000000
ASV_663_16S_3_200	OTU_3933_18S_3_200	1	ENV_NO3	0.483572	0.069749	-0.413823	0.867133	3.000000	1.000000	0	0	1	1.000000	0.000000	0.000000
ASV_1138_16S_3_200	OTU_3933_18S_3_200	1	ENV_NO3	0.368047	-0.067060	-0.435107	0.335664	3.000000	1.000000	0	0	1	1.000000	0.000000	0.000000
OTU_2501_18S_022_3	OTU_4115_18S_3_200	1	ENV_NO3	0.521848	0.139498	-0.382350	0.034965	3.000000	1.000000	0	0	1	1.000000	0.000000	0.000000
OTU_2394_18S_3_200	OTU_4115_18S_3_200	1	ENV_NO3	0.589045	0.000000	-0.589045	0.867133	3.000000	1.000000	0	0	1	1.000000	0.000000	0.000000
OTU_2712_18S_3_200	OTU_4115_18S_3_200	1	ENV_NO3	0.464086	0.057762	-0.406323	0.000999	3.000000	1.000000	0	0	1	1.000000	0.000000	0.000000
OTU_391_18S_3_200	OTU_4500_18S_3_200	1	ENV_NO3	0.599096	0.000000	-0.599096	1.000000	3.000000	1.000000	0	0	1	1.000000	0.000000	0.000000
OTU_1706_18S_3_200	OTU_4500_18S_3_200	1	ENV_NO3	0.435861	0.000000	-0.435861	1.000000	3.000000	1.000000	0	0	1	1.000000	0.000000	0.000000
OTU_3023_18S_3_200	OTU_4500_18S_3_200	1	ENV_NO3	0.493623	0.000000	-0.493623	1.000000	3.000000	1.000000	0	0	1	1.000000	0.000000	0.000000
OTU_1629_18S_022_3	OTU_4260_18S_3_200	1	ENV_NO3	0.704569	0.115525	-0.589045	0.901099	3.000000	1.000000	0	0	1	1.000000	0.000000	0.000000
OTU_621_18S_3_200	OTU_4260_18S_3_200	1	ENV_NO3	0.380415	0.000000	-0.380415	0.933067	3.000000	1.000000	0	0	1	1.000000	0.000000	0.000000
ASV_1636_16S_022_3	OTU_3576_18S_3_200	1	ENV_NO3	0.495939	0.000000	-0.495939	0.833167	3.000000	1.000000	0	0	1	1.000000	0.000000	0.000000
OTU_989_18S_3_200	OTU_3576_18S_3_200	1	ENV_NO3	0.656858	0.000000	-0.656858	1.000000	3.000000	1.000000	0	0	1	1.000000	0.000000	0.000000
OTU_1106_18S_3_200	OTU_3576_18S_3_200	1	ENV_NO3	0.435861	0.115525	-0.320336	0.933067	3.000000	1.000000	0	0	1	1.000000	0.000000	0.000000
OTU_1219_18S_3_200	OTU_3576_18S_3_200	1	ENV_NO3	0.599096	0.153703	-0.445393	0.767233	3.000000	1.000000	0	0	1	1.000000	0.000000	0.000000
OTU_3068_18S_3_200	OTU_3576_18S_3_200	1	ENV_NO3	0.435861	0.000000	-0.435861	0.966034	3.000000	1.000000	0	0	1	1.000000	0.000000	0.000000
ASV_764_16S_022_3	OTU_4154_18S_3_200	1	ENV_NO3	0.599096	0.067060	-0.532036	0.667333	3.000000	1.000000	0	0	1	1.000000	0.000000	0.000000
ASV_1125_16S_022_3	OTU_4154_18S_3_200	1	ENV_NO3	0.625005	0.067060	-0.557945	0.667333	3.000000	1.000000	0	0	1	1.000000	0.000000	0.000000
ASV_1310_16S_022_3	OTU_4154_18S_3_200	1	ENV_NO3	0.461770	0.000000	-0.461770	0.833167	3.000000	1.000000	0	0	1	1.000000	0.000000	0.000000
OTU_102_18S_3_200	OTU_4154_18S_3_200	1	ENV_NO3	0.519532	0.000000	-0.519532	1.000000	3.000000	1.000000	0	0	1	1.000000	0.000000	0.000000
OTU_797_18S_3_200	OTU_4154_18S_3_200	1	ENV_NO3	0.567243	0.000000	-0.567243	0.833167	3.000000	1.000000	0	0	1	1.000000	0.000000	0.000000
OTU_1345_18S_3_200	OTU_4154_18S_3_200	1	ENV_NO3	0.485888	0.000000	-0.485888	1.000000	3.000000	1.000000	0	0	1	1.000000	0.000000	0.000000
OTU_1354_18S_3_200	OTU_4135_18S_3_200	1	ENV_NO3	0.599096	0.000000	-0.599096	1.000000	3.000000	1.000000	0	0	1	1.000000	0.000000	0.000000
OTU_2242_18S_3_200	OTU_4135_18S_3_200	1	ENV_NO3	0.599096	0.000000	-0.599096	0.966034	3.000000	1.000000	0	0	1	1.000000	0.000000	0.000000
ASV_211_16S_022_3	OTU_4921_18S_3_200	1	ENV_NO3	0.473506	0.000000	-0.473506	0.933067	3.000000	1.000000	0	0	1	1.000000	0.000000	0.000000
OTU_2234_18S_022_3	OTU_4921_18S_3_200	1	ENV_NO3	0.414059	0.000000	-0.414059	0.933067	3.000000	1.000000	0	0	1	1.000000	0.000000	0.000000
OTU_899_18S_3_200	OTU_4921_18S_3_200	1	ENV_NO3	0.404007	0.000000	-0.404007	0.933067	3.000000	1.000000	0	0	1	1.000000	0.000000	0.000000
OTU_1332_18S_022_3	OTU_4934_18S_3_200	1	ENV_NO3	0.577294	0.000000	-0.577294	1.000000	3.000000	1.000000	0	0	1	1.000000	0.000000	0.000000
OTU_1576_18S_3_200	OTU_4934_18S_3_200	1	ENV_NO3	0.542557	0.000000	-0.542557	1.000000	3.000000	1.000000	0	0	1	1.000000	0.000000	0.000000
OTU_2433_18S_3_200	OTU_4934_18S_3_200	1	ENV_NO3	0.519532	0.000000	-0.519532	1.000000	3.000000	1.000000	0	0	1	1.000000	0.000000	0.000000
OTU_1281_18S_3_200	OTU_4876_18S_3_200	1	ENV_NO3	0.771105	0.173287	-0.597818	0.666334	3.000000	1.000000	0	0	1	1.000000	0.000000	0.000000
OTU_2069_18S_3_200	OTU_4876_18S_3_200	1	ENV_NO3	0.531283	0.000000	-0.531283	1.000000	3.000000	1.000000	0	0	1	1.000000	0.000000	0.000000
OTU_2876_18S_3_200	OTU_4876_18S_3_200	1	ENV_NO3	0.509481	0.110617	-0.398864	0.668332	3.000000	1.000000	0	0	1	1.000000	0.000000	0.000000
OTU_2382_18S_022_3	OTU_4463_18S_3_200	1	ENV_NO3	0.378099	0.000000	-0.378099	1.000000	3.000000	1.000000	0	0	1	1.000000	0.000000	0.000000
OTU_3933_18S_3_200	OTU_4463_18S_3_200	1	ENV_NO3	0.378099	-0.067060	-0.445158	0.535465	3.000000	1.000000	0	0	1	1.000000	0.000000	0.000000
OTU_1304_18S_022_3	OTU_4276_18S_3_200	1	ENV_NO3	0.704569	0.000000	-0.704569	1.000000	3.000000	1.000000	0	0	1	1.000000	0.000000	0.000000
ASV_669_16S_3_200	OTU_4276_18S_3_200	1	ENV_NO3	0.509481	0.000000	-0.509481	1.000000	3.000000	1.000000	0	0	1	1.000000	0.000000	0.000000
OTU_1405_18S_3_200	OTU_4276_18S_3_200	1	ENV_NO3	0.656858	-0.028881	-0.685740	0.100899	3.000000	1.000000	0	0	1	1.000000	0.000000	0.000000
OTU_2033_18S_3_200	OTU_4276_18S_3_200	1	ENV_NO3	0.519532	0.000000	-0.519532	1.000000	3.000000	1.000000	0	0	1	1.000000	0.000000	0.000000
OTU_2242_18S_3_200	OTU_4276_18S_3_200	1	ENV_NO3	0.599096	0.202168	-0.396928	0.834166	3.000000	1.000000	0	0	1	1.000000	0.000000	0.000000
OTU_2295_18S_3_200	OTU_4276_18S_3_200	1	ENV_NO3	0.682767	0.086643	-0.596124	0.901099	3.000000	1.000000	0	0	1	1.000000	0.000000	0.000000
OTU_4249_18S_3_200	OTU_4276_18S_3_200	1	ENV_NO3	0.762332	0.231049	-0.531283	0.834166	3.000000	1.000000	0	0	1	1.000000	0.000000	0.000000
OTU_62_18S_3_200	OTU_4392_18S_3_200	1	ENV_NO3	0.377212	0.048465	-0.328748	0.234765	3.000000	1.000000	0	0	1	1.000000	0.000000	0.000000
OTU_1121_18S_3_200	OTU_4392_18S_3_200	1	ENV_NO3	0.569695	0.000000	-0.569695	1.000000	3.000000	1.000000	0	0	1	1.000000	0.000000	0.000000
OTU_1394_18S_3_200	OTU_4392_18S_3_200	1	ENV_NO3	0.599096	0.000000	-0.599096	0.733267	3.000000	1.000000	0	0	1	1.000000	0.000000	0.000000
OTU_2394_18S_3_200	OTU_4392_18S_3_200	1	ENV_NO3	0.594103	0.000000	-0.594103	0.867133	3.000000	1.000000	0	0	1	1.000000	0.000000	0.000000
OTU_741_18S_3_200	OTU_5301_18S_3_200	1	ENV_NO3	0.461770	0.000000	-0.461770	1.000000	3.000000	1.000000	0	0	1	1.000000	0.000000	0.000000
OTU_1105_18S_3_200	OTU_5301_18S_3_200	1	ENV_NO3	0.483572	0.115525	-0.368047	0.834166	3.000000	1.000000	0	0	1	1.000000	0.000000	0.000000
OTU_1532_18S_3_200	OTU_5301_18S_3_200	1	ENV_NO3	0.414059	0.000000	-0.414059	1.000000	3.000000	1.000000	0	0	1	1.000000	0.000000	0.000000
ASV_376_16S_022_3	OTU_5536_18S_3_200	1	ENV_NO3	0.577294	0.231049	-0.346245	0.900100	3.000000	1.000000	0	0	1	1.000000	0.000000	0.000000
OTU_2303_18S_3_200	OTU_5536_18S_3_200	1	ENV_NO3	0.493623	0.182584	-0.311039	0.866134	3.000000	1.000000	0	0	1	1.000000	0.000000	0.000000
OTU_866_18S_3_200	OTU_5527_18S_3_200	1	ENV_NO3	0.519532	0.000000	-0.519532	1.000000	3.000000	1.000000	0	0	1	1.000000	0.000000	0.000000
OTU_4934_18S_3_200	OTU_5527_18S_3_200	1	ENV_NO3	0.439968	0.000000	-0.439968	0.934066	3.000000	1.000000	0	0	1	1.000000	0.000000	0.000000
OTU_378_18S_022_3	OTU_5560_18S_3_200	1	ENV_NO3	0.437083	0.173287	-0.263797	0.466533	3.000000	1.000000	0	0	1	1.000000	0.000000	0.000000
OTU_1948_18S_3_200	OTU_5560_18S_3_200	1	ENV_NO3	0.599096	0.086643	-0.512453	0.268731	3.000000	1.000000	0	0	1	1.000000	0.000000	0.000000
OTU_3261_18S_3_200	OTU_5560_18S_3_200	1	ENV_NO3	0.356297	0.000000	-0.356297	1.000000	3.000000	1.000000	0	0	1	1.000000	0.000000	0.000000
ASV_1042_16S_022_3	OTU_5090_18S_3_200	1	ENV_NO3	0.648598	0.079047	-0.569551	0.568432	3.000000	1.000000	0	0	1	1.000000	0.000000	0.000000
ASV_1076_16S_022_3	OTU_5090_18S_3_200	1	ENV_NO3	0.587951	0.057762	-0.530189	0.535465	3.000000	1.000000	0	0	1	1.000000	0.000000	0.000000
OTU_698_18S_3_200	OTU_5090_18S_3_200	1	ENV_NO3	0.670400	0.211466	-0.458934	0.834166	3.000000	1.000000	0	0	1	1.000000	0.000000	0.000000
OTU_2342_18S_3_200	OTU_5090_18S_3_200	1	ENV_NO3	0.545009	0.173287	-0.371722	0.735265	3.000000	1.000000	0	0	1	1.000000	0.000000	0.000000
OTU_938_18S_022_3	OTU_5666_18S_3_200	1	ENV_NO3	0.682767	0.086643	-0.596124	0.267732	3.000000	1.000000	0	0	1	1.000000	0.000000	0.000000
OTU_960_18S_3_200	OTU_5666_18S_3_200	1	ENV_NO3	0.462992	0.000000	-0.462992	1.000000	3.000000	1.000000	0	0	1	1.000000	0.000000	0.000000
OTU_1354_18S_3_200	OTU_5666_18S_3_200	1	ENV_NO3	0.519532	0.000000	-0.519532	1.000000	3.000000	1.000000	0	0	1	1.000000	0.000000	0.000000
OTU_1682_18S_022_3	OTU_5822_18S_3_200	1	ENV_NO3	0.378099	0.000000	-0.378099	1.000000	3.000000	1.000000	0	0	1	1.000000	0.000000	0.000000
OTU_1940_18S_3_200	OTU_5822_18S_3_200	1	ENV_NO3	0.483572	0.067060	-0.416512	0.666334	3.000000	1.000000	0	0	1	1.000000	0.000000	0.000000
OTU_2179_18S_3_200	OTU_5822_18S_3_200	1	ENV_NO3	0.519532	0.067060	-0.452472	0.800200	3.000000	1.000000	0	0	1	1.000000	0.000000	0.000000
OTU_2745_18S_3_200	OTU_5822_18S_3_200	1	ENV_NO3	0.519532	0.067060	-0.452472	0.733267	3.000000	1.000000	0	0	1	1.000000	0.000000	0.000000
OTU_606_18S_3_200	OTU_5861_18S_3_200	1	ENV_NO3	0.519532	0.115525	-0.404007	0.901099	3.000000	1.000000	0	0	1	1.000000	0.000000	0.000000
OTU_1732_18S_3_200	OTU_5861_18S_3_200	1	ENV_NO3	0.416375	0.086643	-0.329731	0.868132	3.000000	1.000000	0	0	1	1.000000	0.000000	0.000000
OTU_2322_18S_3_200	OTU_5861_18S_3_200	1	ENV_NO3	0.461770	0.000000	-0.461770	1.000000	3.000000	1.000000	0	0	1	1.000000	0.000000	0.000000
OTU_1706_18S_3_200	OTU_4651_18S_3_200	1	ENV_NO3	0.493623	0.000000	-0.493623	0.967033	3.000000	1.000000	0	0	1	1.000000	0.000000	0.000000
OTU_1906_18S_3_200	OTU_4651_18S_3_200	1	ENV_NO3	0.577294	0.086643	-0.490651	0.633367	3.000000	1.000000	0	0	1	1.000000	0.000000	0.000000
OTU_4500_18S_3_200	OTU_4651_18S_3_200	1	ENV_NO3	0.656858	0.000000	-0.656858	1.000000	3.000000	1.000000	0	0	1	1.000000	0.000000	0.000000
ASV_781_16S_022_3	OTU_5966_18S_3_200	1	ENV_NO3	0.378099	0.086643	-0.291455	0.533467	3.000000	1.000000	0	0	1	1.000000	0.000000	0.000000
OTU_2040_18S_022_3	OTU_5966_18S_3_200	1	ENV_NO3	0.435861	0.000000	-0.435861	0.866134	3.000000	1.000000	0	0	1	1.000000	0.000000	0.000000
OTU_2033_18S_3_200	OTU_5966_18S_3_200	1	ENV_NO3	0.577294	0.067060	-0.510234	0.766234	3.000000	1.000000	0	0	1	1.000000	0.000000	0.000000
OTU_2662_18S_022_3	OTU_6104_18S_3_200	1	ENV_NO3	0.543650	0.115525	-0.428125	0.400599	3.000000	1.000000	0	0	1	1.000000	0.000000	0.000000
OTU_2780_18S_022_3	OTU_6104_18S_3_200	1	ENV_NO3	0.495939	0.288811	-0.207128	0.801199	3.000000	1.000000	0	0	1	1.000000	0.000000	0.000000
OTU_351_18S_3_200	OTU_6104_18S_3_200	1	ENV_NO3	0.589045	0.211466	-0.377579	0.500500	3.000000	1.000000	0	0	1	1.000000	0.000000	0.000000
OTU_1649_18S_3_200	OTU_6104_18S_3_200	1	ENV_NO3	0.599096	0.115525	-0.483572	0.568432	3.000000	1.000000	0	0	1	1.000000	0.000000	0.000000
OTU_214_18S_022_3	OTU_5282_18S_3_200	1	ENV_NO3	0.497730	0.105709	-0.392021	0.000999	3.000000	1.000000	0	0	1	1.000000	0.000000	0.000000
OTU_1142_18S_022_3	OTU_5282_18S_3_200	1	ENV_NO3	0.577294	0.069749	-0.507545	0.000999	3.000000	1.000000	0	0	1	1.000000	0.000000	0.000000
OTU_2795_18S_3_200	OTU_5282_18S_3_200	1	ENV_NO3	0.660965	0.069749	-0.591216	0.000999	3.000000	1.000000	0	0	1	1.000000	0.000000	0.000000
ASV_112_16S_022_3	OTU_5407_18S_3_200	1	ENV_NO3	0.435861	0.000000	-0.435861	0.933067	3.000000	1.000000	0	0	1	1.000000	0.000000	0.000000
OTU_1332_18S_022_3	OTU_5407_18S_3_200	1	ENV_NO3	0.435861	0.000000	-0.435861	0.933067	3.000000	1.000000	0	0	1	1.000000	0.000000	0.000000
OTU_1346_18S_022_3	OTU_5407_18S_3_200	1	ENV_NO3	0.541334	0.000000	-0.541334	0.967033	3.000000	1.000000	0	0	1	1.000000	0.000000	0.000000
OTU_2035_18S_022_3	OTU_5407_18S_3_200	1	ENV_NO3	0.493623	0.000000	-0.493623	1.000000	3.000000	1.000000	0	0	1	1.000000	0.000000	0.000000
OTU_2459_18S_3_200	OTU_5407_18S_3_200	1	ENV_NO3	0.519532	0.000000	-0.519532	0.933067	3.000000	1.000000	0	0	1	1.000000	0.000000	0.000000
ASV_764_16S_022_3	OTU_6274_18S_3_200	1	ENV_NO3	0.378099	-0.028881	-0.406980	0.166833	3.000000	1.000000	0	0	1	1.000000	0.000000	0.000000
OTU_2474_18S_3_200	OTU_6274_18S_3_200	1	ENV_NO3	0.599096	0.000000	-0.599096	1.000000	3.000000	1.000000	0	0	1	1.000000	0.000000	0.000000
OTU_2512_18S_3_200	OTU_5402_18S_3_200	1	ENV_NO3	0.577294	0.115525	-0.461770	0.835165	3.000000	1.000000	0	0	1	1.000000	0.000000	0.000000
OTU_1362_18S_022_3	OTU_6854_18S_3_200	1	ENV_NO3	0.519532	0.000000	-0.519532	1.000000	3.000000	1.000000	0	0	1	1.000000	0.000000	0.000000
OTU_2958_18S_022_3	OTU_6854_18S_3_200	1	ENV_NO3	0.497730	0.173287	-0.324443	0.533467	3.000000	1.000000	0	0	1	1.000000	0.000000	0.000000
ASV_259_16S_022_3	OTU_6332_18S_3_200	1	ENV_NO3	0.386974	0.069749	-0.317225	0.633367	3.000000	1.000000	0	0	1	1.000000	0.000000	0.000000
OTU_1789_18S_022_3	OTU_6332_18S_3_200	1	ENV_NO3	0.577294	0.000000	-0.577294	0.933067	3.000000	1.000000	0	0	1	1.000000	0.000000	0.000000
OTU_1786_18S_3_200	OTU_6332_18S_3_200	1	ENV_NO3	0.332479	0.069749	-0.262730	0.633367	3.000000	1.000000	0	0	1	1.000000	0.000000	0.000000
OTU_3755_18S_3_200	OTU_6332_18S_3_200	1	ENV_NO3	0.416375	0.115525	-0.300850	0.700300	3.000000	1.000000	0	0	1	1.000000	0.000000	0.000000
ASV_584_16S_022_3	OTU_5512_18S_3_200	1	ENV_NO3	0.428694	0.095941	-0.332753	0.599401	3.000000	1.000000	0	0	1	1.000000	0.000000	0.000000
OTU_136_18S_3_200	OTU_5512_18S_3_200	1	ENV_NO3	0.555751	0.039167	-0.516584	0.000999	3.000000	1.000000	0	0	1	1.000000	0.000000	0.000000
OTU_3225_18S_3_200	OTU_5512_18S_3_200	1	ENV_NO3	0.490395	0.182584	-0.307811	0.366633	3.000000	1.000000	0	0	1	1.000000	0.000000	0.000000
OTU_554_18S_022_3	OTU_7128_18S_3_200	1	ENV_NO3	0.416375	0.069749	-0.346626	0.635365	3.000000	1.000000	0	0	1	1.000000	0.000000	0.000000
OTU_1165_18S_3_200	OTU_7128_18S_3_200	1	ENV_NO3	0.425809	0.069749	-0.356060	0.601399	3.000000	1.000000	0	0	1	1.000000	0.000000	0.000000
OTU_3823_18S_3_200	OTU_7128_18S_3_200	1	ENV_NO3	0.599096	0.115525	-0.483572	0.635365	3.000000	1.000000	0	0	1	1.000000	0.000000	0.000000
OTU_1959_18S_022_3	OTU_5358_18S_3_200	1	ENV_NO3	0.334495	0.000000	-0.334495	1.000000	3.000000	1.000000	0	0	1	1.000000	0.000000	0.000000
OTU_191_18S_3_200	OTU_5358_18S_3_200	1	ENV_NO3	0.497730	0.000000	-0.497730	1.000000	3.000000	1.000000	0	0	1	1.000000	0.000000	0.000000
OTU_2601_18S_3_200	OTU_5358_18S_3_200	1	ENV_NO3	0.519532	0.000000	-0.519532	1.000000	3.000000	1.000000	0	0	1	1.000000	0.000000	0.000000
OTU_3733_18S_3_200	OTU_5358_18S_3_200	1	ENV_NO3	0.439968	0.000000	-0.439968	1.000000	3.000000	1.000000	0	0	1	1.000000	0.000000	0.000000
OTU_1680_18S_3_200	OTU_7531_18S_3_200	1	ENV_NO3	0.380415	0.000000	-0.380415	1.000000	3.000000	1.000000	0	0	1	1.000000	0.000000	0.000000
OTU_3782_18S_3_200	OTU_7531_18S_3_200	1	ENV_NO3	0.599096	0.000000	-0.599096	0.934066	3.000000	1.000000	0	0	1	1.000000	0.000000	0.000000
OTU_5560_18S_3_200	OTU_7531_18S_3_200	1	ENV_NO3	0.435861	0.000000	-0.435861	1.000000	3.000000	1.000000	0	0	1	1.000000	0.000000	0.000000
OTU_1767_18S_022_3	ENV_NO3	6	nan	0.207705	nan	nan	nan	nan	nan	2	4	0	nan	0.000000	nan
ASV_523_16S_3_200	ENV_NO3	1	nan	0.127028	nan	nan	nan	nan	nan	0	1	0	nan	0.000000	nan
ASV_1153_16S_022_3	ENV_NO3	4	nan	0.212056	nan	nan	nan	nan	nan	1	3	0	nan	0.000000	nan
ASV_240_16S_022_3	ENV_NO3	2	nan	0.281317	nan	nan	nan	nan	nan	1	1	0	nan	0.000000	nan
ASV_751_16S_022_3	ENV_NO3	4	nan	0.398344	nan	nan	nan	nan	nan	0	4	0	nan	0.000000	nan
OTU_101_18S_022_3	ENV_NO3	3	nan	0.180816	nan	nan	nan	nan	nan	2	1	0	nan	0.000000	nan
ASV_717_16S_022_3	ENV_NO3	2	nan	0.203204	nan	nan	nan	nan	nan	2	0	0	nan	0.000000	nan
ASV_610_16S_022_3	ENV_NO3	2	nan	0.120169	nan	nan	nan	nan	nan	2	0	0	nan	0.000000	nan
ASV_962_16S_022_3	ENV_NO3	4	nan	0.108682	nan	nan	nan	nan	nan	3	1	0	nan	0.000000	nan
OTU_453_18S_022_3	ENV_NO3	2	nan	0.108682	nan	nan	nan	nan	nan	0	2	0	nan	0.000000	nan
OTU_1995_18S_022_3	ENV_NO3	4	nan	0.175852	nan	nan	nan	nan	nan	3	1	0	nan	0.000000	nan
OTU_2036_18S_022_3	ENV_NO3	1	nan	0.108682	nan	nan	nan	nan	nan	1	0	0	nan	0.000000	nan
OTU_519_18S_022_3	ENV_NO3	6	nan	0.255576	nan	nan	nan	nan	nan	0	6	0	nan	0.000000	nan
ASV_401_16S_022_3	ENV_NO3	4	nan	0.331555	nan	nan	nan	nan	nan	1	3	0	nan	0.000000	nan
OTU_207_18S_022_3	ENV_NO3	5	nan	0.149793	nan	nan	nan	nan	nan	3	2	0	nan	0.000000	nan
OTU_3023_18S_022_3	ENV_NO3	1	nan	0.108682	nan	nan	nan	nan	nan	1	0	0	nan	0.000000	nan
ASV_10_16S_022_3	ENV_NO3	1	nan	0.223211	nan	nan	nan	nan	nan	0	1	0	nan	0.000000	nan
ASV_874_16S_022_3	ENV_NO3	4	nan	0.192353	nan	nan	nan	nan	nan	0	4	0	nan	0.000000	nan
ASV_102_16S_022_3	ENV_NO3	4	nan	0.257217	nan	nan	nan	nan	nan	1	3	0	nan	0.000000	nan
ASV_214_16S_022_3	ENV_NO3	2	nan	0.143940	nan	nan	nan	nan	nan	1	1	0	nan	0.000000	nan
ASV_259_16S_022_3	ENV_NO3	3	nan	0.177101	nan	nan	nan	nan	nan	1	2	0	nan	0.000000	nan
OTU_994_18S_3_200	ENV_NO3	3	nan	0.109904	nan	nan	nan	nan	nan	2	1	0	nan	0.000000	nan
ASV_519_16S_022_3	ENV_NO3	5	nan	0.294093	nan	nan	nan	nan	nan	1	4	0	nan	0.000000	nan
ASV_189_16S_022_3	ENV_NO3	5	nan	0.262981	nan	nan	nan	nan	nan	4	1	0	nan	0.000000	nan
ASV_415_16S_022_3	ENV_NO3	4	nan	0.348055	nan	nan	nan	nan	nan	2	2	0	nan	0.000000	nan
ASV_15_16S_022_3	ENV_NO3	3	nan	0.283391	nan	nan	nan	nan	nan	0	3	0	nan	0.000000	nan
ASV_81_16S_022_3	ENV_NO3	4	nan	0.316481	nan	nan	nan	nan	nan	1	3	0	nan	0.000000	nan
ASV_145_16S_022_3	ENV_NO3	3	nan	0.365760	nan	nan	nan	nan	nan	1	2	0	nan	0.000000	nan
ASV_66_16S_022_3	ENV_NO3	4	nan	0.212400	nan	nan	nan	nan	nan	2	2	0	nan	0.000000	nan
ASV_910_16S_3_200	ENV_NO3	1	nan	0.285873	nan	nan	nan	nan	nan	1	0	0	nan	0.000000	nan
ASV_91_16S_022_3	ENV_NO3	3	nan	0.186584	nan	nan	nan	nan	nan	1	2	0	nan	0.000000	nan
ASV_1105_16S_022_3	ENV_NO3	3	nan	0.340582	nan	nan	nan	nan	nan	0	3	0	nan	0.000000	nan
OTU_82_18S_3_200	ENV_NO3	3	nan	0.248827	nan	nan	nan	nan	nan	0	3	0	nan	0.000000	nan
OTU_257_18S_3_200	ENV_NO3	1	nan	0.189045	nan	nan	nan	nan	nan	1	0	0	nan	0.000000	nan
OTU_976_18S_022_3	ENV_NO3	1	nan	0.255576	nan	nan	nan	nan	nan	1	0	0	nan	0.000000	nan
OTU_2589_18S_3_200	ENV_NO3	3	nan	0.093563	nan	nan	nan	nan	nan	2	1	0	nan	0.000000	nan
ASV_997_16S_022_3	ENV_NO3	3	nan	0.318780	nan	nan	nan	nan	nan	1	2	0	nan	0.000000	nan
OTU_3990_18S_022_3	ENV_NO3	3	nan	0.149943	nan	nan	nan	nan	nan	2	1	0	nan	0.000000	nan
OTU_1110_18S_022_3	ENV_NO3	2	nan	0.204010	nan	nan	nan	nan	nan	0	2	0	nan	0.000000	nan
OTU_142_18S_3_200	ENV_NO3	3	nan	0.142980	nan	nan	nan	nan	nan	3	0	0	nan	0.000000	nan
OTU_938_18S_022_3	ENV_NO3	5	nan	0.270824	nan	nan	nan	nan	nan	2	3	0	nan	0.000000	nan
OTU_683_18S_3_200	ENV_NO3	2	nan	0.151325	nan	nan	nan	nan	nan	1	1	0	nan	0.000000	nan
ASV_1203_16S_3_200	ENV_NO3	2	nan	0.220838	nan	nan	nan	nan	nan	0	2	0	nan	0.000000	nan
OTU_1680_18S_3_200	ENV_NO3	4	nan	0.073944	nan	nan	nan	nan	nan	3	1	0	nan	0.000000	nan
OTU_432_18S_022_3	ENV_NO3	2	nan	0.137272	nan	nan	nan	nan	nan	2	0	0	nan	0.000000	nan
ASV_348_16S_022_3	ENV_NO3	2	nan	0.334016	nan	nan	nan	nan	nan	0	2	0	nan	0.000000	nan
OTU_2539_18S_022_3	ENV_NO3	2	nan	0.149943	nan	nan	nan	nan	nan	0	2	0	nan	0.000000	nan
ASV_170_16S_022_3	ENV_NO3	2	nan	0.204333	nan	nan	nan	nan	nan	1	1	0	nan	0.000000	nan
OTU_2097_18S_022_3	ENV_NO3	4	nan	0.163076	nan	nan	nan	nan	nan	1	3	0	nan	0.000000	nan
ASV_427_16S_022_3	ENV_NO3	3	nan	0.254333	nan	nan	nan	nan	nan	2	1	0	nan	0.000000	nan
ASV_389_16S_022_3	ENV_NO3	4	nan	0.366938	nan	nan	nan	nan	nan	0	4	0	nan	0.000000	nan
ASV_767_16S_022_3	ENV_NO3	5	nan	0.224141	nan	nan	nan	nan	nan	2	3	0	nan	0.000000	nan
OTU_1611_18S_022_3	ENV_NO3	2	nan	0.151325	nan	nan	nan	nan	nan	0	2	0	nan	0.000000	nan
OTU_1281_18S_3_200	ENV_NO3	3	nan	0.234202	nan	nan	nan	nan	nan	1	2	0	nan	0.000000	nan
ASV_35_16S_022_3	ENV_NO3	4	nan	0.281317	nan	nan	nan	nan	nan	3	1	0	nan	0.000000	nan
ASV_67_16S_022_3	ENV_NO3	3	nan	0.239040	nan	nan	nan	nan	nan	2	1	0	nan	0.000000	nan
ASV_34_16S_022_3	ENV_NO3	5	nan	0.279884	nan	nan	nan	nan	nan	2	3	0	nan	0.000000	nan
ASV_868_16S_022_3	ENV_NO3	1	nan	0.376834	nan	nan	nan	nan	nan	0	1	0	nan	0.000000	nan
ASV_161_16S_022_3	ENV_NO3	5	nan	0.144109	nan	nan	nan	nan	nan	4	1	0	nan	0.000000	nan
OTU_72_18S_022_3	ENV_NO3	1	nan	0.186972	nan	nan	nan	nan	nan	1	0	0	nan	0.000000	nan
ASV_237_16S_022_3	ENV_NO3	3	nan	0.348011	nan	nan	nan	nan	nan	1	2	0	nan	0.000000	nan
ASV_262_16S_022_3	ENV_NO3	5	nan	0.271545	nan	nan	nan	nan	nan	2	3	0	nan	0.000000	nan
ASV_8_16S_022_3	ENV_NO3	2	nan	0.232824	nan	nan	nan	nan	nan	1	1	0	nan	0.000000	nan
OTU_318_18S_022_3	ENV_NO3	2	nan	0.321289	nan	nan	nan	nan	nan	1	1	0	nan	0.000000	nan
OTU_1404_18S_3_200	ENV_NO3	1	nan	0.163076	nan	nan	nan	nan	nan	0	1	0	nan	0.000000	nan
OTU_560_18S_022_3	ENV_NO3	1	nan	0.264071	nan	nan	nan	nan	nan	0	1	0	nan	0.000000	nan
ASV_124_16S_022_3	ENV_NO3	4	nan	0.272877	nan	nan	nan	nan	nan	0	4	0	nan	0.000000	nan
OTU_2439_18S_022_3	ENV_NO3	2	nan	0.231656	nan	nan	nan	nan	nan	2	0	0	nan	0.000000	nan
ASV_223_16S_022_3	ENV_NO3	3	nan	0.186669	nan	nan	nan	nan	nan	1	2	0	nan	0.000000	nan
OTU_322_18S_3_200	ENV_NO3	3	nan	0.167666	nan	nan	nan	nan	nan	0	3	0	nan	0.000000	nan
ASV_351_16S_022_3	ENV_NO3	3	nan	0.350224	nan	nan	nan	nan	nan	0	3	0	nan	0.000000	nan
ASV_978_16S_022_3	ENV_NO3	4	nan	0.336110	nan	nan	nan	nan	nan	2	2	0	nan	0.000000	nan
OTU_509_18S_022_3	ENV_NO3	3	nan	0.108682	nan	nan	nan	nan	nan	3	0	0	nan	0.000000	nan
OTU_2727_18S_3_200	ENV_NO3	4	nan	0.108682	nan	nan	nan	nan	nan	3	1	0	nan	0.000000	nan
OTU_2914_18S_3_200	ENV_NO3	2	nan	0.128141	nan	nan	nan	nan	nan	2	0	0	nan	0.000000	nan
ASV_32_16S_022_3	ENV_NO3	5	nan	0.385518	nan	nan	nan	nan	nan	0	5	0	nan	0.000000	nan
OTU_2009_18S_3_200	ENV_NO3	2	nan	0.206308	nan	nan	nan	nan	nan	1	1	0	nan	0.000000	nan
ASV_217_16S_022_3	ENV_NO3	2	nan	0.218914	nan	nan	nan	nan	nan	1	1	0	nan	0.000000	nan
ASV_168_16S_022_3	ENV_NO3	3	nan	0.116339	nan	nan	nan	nan	nan	3	0	0	nan	0.000000	nan
ASV_679_16S_022_3	ENV_NO3	3	nan	0.212400	nan	nan	nan	nan	nan	2	1	0	nan	0.000000	nan
ASV_1050_16S_022_3	ENV_NO3	3	nan	0.197858	nan	nan	nan	nan	nan	1	2	0	nan	0.000000	nan
ASV_863_16S_3_200	ENV_NO3	4	nan	0.281222	nan	nan	nan	nan	nan	1	3	0	nan	0.000000	nan
OTU_137_18S_3_200	ENV_NO3	3	nan	0.299225	nan	nan	nan	nan	nan	1	2	0	nan	0.000000	nan
ASV_20_16S_022_3	ENV_NO3	3	nan	0.322279	nan	nan	nan	nan	nan	0	3	0	nan	0.000000	nan
ASV_345_16S_3_200	ENV_NO3	4	nan	0.248016	nan	nan	nan	nan	nan	1	3	0	nan	0.000000	nan
ASV_1759_16S_022_3	ENV_NO3	1	nan	0.207705	nan	nan	nan	nan	nan	0	1	0	nan	0.000000	nan
OTU_75_18S_3_200	ENV_NO3	4	nan	0.169542	nan	nan	nan	nan	nan	1	3	0	nan	0.000000	nan
ASV_44_16S_022_3	ENV_NO3	1	nan	0.225817	nan	nan	nan	nan	nan	0	1	0	nan	0.000000	nan
OTU_3295_18S_3_200	ENV_NO3	5	nan	0.255576	nan	nan	nan	nan	nan	0	5	0	nan	0.000000	nan
ASV_25_16S_022_3	ENV_NO3	3	nan	0.204214	nan	nan	nan	nan	nan	3	0	0	nan	0.000000	nan
OTU_964_18S_022_3	ENV_NO3	2	nan	0.073944	nan	nan	nan	nan	nan	1	1	0	nan	0.000000	nan
ASV_481_16S_022_3	ENV_NO3	3	nan	0.225057	nan	nan	nan	nan	nan	2	1	0	nan	0.000000	nan
ASV_148_16S_022_3	ENV_NO3	3	nan	0.257510	nan	nan	nan	nan	nan	2	1	0	nan	0.000000	nan
ASV_98_16S_022_3	ENV_NO3	4	nan	0.287204	nan	nan	nan	nan	nan	1	3	0	nan	0.000000	nan
ASV_106_16S_022_3	ENV_NO3	1	nan	0.172809	nan	nan	nan	nan	nan	1	0	0	nan	0.000000	nan
ASV_45_16S_022_3	ENV_NO3	3	nan	0.322623	nan	nan	nan	nan	nan	0	3	0	nan	0.000000	nan
OTU_3658_18S_022_3	ENV_NO3	2	nan	0.071761	nan	nan	nan	nan	nan	2	0	0	nan	0.000000	nan
ASV_1657_16S_022_3	ENV_NO3	3	nan	0.073944	nan	nan	nan	nan	nan	3	0	0	nan	0.000000	nan
ASV_65_16S_022_3	ENV_NO3	4	nan	0.398292	nan	nan	nan	nan	nan	0	4	0	nan	0.000000	nan
ASV_193_16S_022_3	ENV_NO3	3	nan	0.490683	nan	nan	nan	nan	nan	0	2	1	nan	0.000000	nan
ASV_1561_16S_022_3	ENV_NO3	3	nan	0.300811	nan	nan	nan	nan	nan	2	1	0	nan	0.000000	nan
ASV_461_16S_022_3	ENV_NO3	3	nan	0.288880	nan	nan	nan	nan	nan	2	1	0	nan	0.000000	nan
ASV_1054_16S_022_3	ENV_NO3	5	nan	0.214538	nan	nan	nan	nan	nan	4	1	0	nan	0.000000	nan
ASV_1648_16S_022_3	ENV_NO3	5	nan	0.314969	nan	nan	nan	nan	nan	4	1	0	nan	0.000000	nan
ASV_345_16S_022_3	ENV_NO3	6	nan	0.342082	nan	nan	nan	nan	nan	0	6	0	nan	0.000000	nan
OTU_734_18S_3_200	ENV_NO3	2	nan	0.297389	nan	nan	nan	nan	nan	0	2	0	nan	0.000000	nan
OTU_1318_18S_3_200	ENV_NO3	3	nan	0.128499	nan	nan	nan	nan	nan	1	2	0	nan	0.000000	nan
ASV_14_16S_022_3	ENV_NO3	4	nan	0.146248	nan	nan	nan	nan	nan	4	0	0	nan	0.000000	nan
ASV_1999_16S_022_3	ENV_NO3	4	nan	0.149943	nan	nan	nan	nan	nan	2	2	0	nan	0.000000	nan
OTU_689_18S_022_3	ENV_NO3	3	nan	0.186669	nan	nan	nan	nan	nan	0	3	0	nan	0.000000	nan
ASV_636_16S_022_3	ENV_NO3	7	nan	0.173555	nan	nan	nan	nan	nan	6	1	0	nan	0.000000	nan
OTU_1510_18S_022_3	ENV_NO3	2	nan	0.149793	nan	nan	nan	nan	nan	1	1	0	nan	0.000000	nan
ASV_197_16S_022_3	ENV_NO3	2	nan	0.239508	nan	nan	nan	nan	nan	0	2	0	nan	0.000000	nan
ASV_88_16S_022_3	ENV_NO3	4	nan	0.149793	nan	nan	nan	nan	nan	1	3	0	nan	0.000000	nan
ASV_58_16S_022_3	ENV_NO3	2	nan	0.072735	nan	nan	nan	nan	nan	2	0	0	nan	0.000000	nan
OTU_46_18S_022_3	ENV_NO3	3	nan	0.343635	nan	nan	nan	nan	nan	0	2	1	nan	0.000000	nan
OTU_133_18S_022_3	ENV_NO3	2	nan	0.244640	nan	nan	nan	nan	nan	1	1	0	nan	0.000000	nan
OTU_2425_18S_022_3	ENV_NO3	1	nan	0.119339	nan	nan	nan	nan	nan	1	0	0	nan	0.000000	nan
ASV_267_16S_022_3	ENV_NO3	4	nan	0.306004	nan	nan	nan	nan	nan	0	4	0	nan	0.000000	nan
OTU_1195_18S_022_3	ENV_NO3	3	nan	0.263478	nan	nan	nan	nan	nan	2	1	0	nan	0.000000	nan
ASV_416_16S_022_3	ENV_NO3	3	nan	0.139673	nan	nan	nan	nan	nan	3	0	0	nan	0.000000	nan
OTU_1980_18S_022_3	ENV_NO3	3	nan	0.128499	nan	nan	nan	nan	nan	0	3	0	nan	0.000000	nan
ASV_670_16S_022_3	ENV_NO3	2	nan	0.185168	nan	nan	nan	nan	nan	1	1	0	nan	0.000000	nan
ASV_320_16S_022_3	ENV_NO3	3	nan	0.259290	nan	nan	nan	nan	nan	2	1	0	nan	0.000000	nan
ASV_21_16S_022_3	ENV_NO3	2	nan	0.327755	nan	nan	nan	nan	nan	1	0	1	nan	0.000000	nan
ASV_309_16S_022_3	ENV_NO3	2	nan	0.279884	nan	nan	nan	nan	nan	0	2	0	nan	0.000000	nan
ASV_606_16S_022_3	ENV_NO3	5	nan	0.234996	nan	nan	nan	nan	nan	4	1	0	nan	0.000000	nan
ASV_281_16S_022_3	ENV_NO3	2	nan	0.240293	nan	nan	nan	nan	nan	0	2	0	nan	0.000000	nan
ASV_1963_16S_3_200	ENV_NO3	6	nan	0.222629	nan	nan	nan	nan	nan	4	2	0	nan	0.000000	nan
ASV_312_16S_022_3	ENV_NO3	2	nan	0.381594	nan	nan	nan	nan	nan	1	1	0	nan	0.000000	nan
ASV_386_16S_022_3	ENV_NO3	4	nan	0.269247	nan	nan	nan	nan	nan	0	4	0	nan	0.000000	nan
ASV_987_16S_022_3	ENV_NO3	4	nan	0.314969	nan	nan	nan	nan	nan	1	3	0	nan	0.000000	nan
ASV_1307_16S_022_3	ENV_NO3	3	nan	0.233614	nan	nan	nan	nan	nan	2	1	0	nan	0.000000	nan
ASV_588_16S_022_3	ENV_NO3	3	nan	0.228696	nan	nan	nan	nan	nan	0	3	0	nan	0.000000	nan
ASV_576_16S_3_200	ENV_NO3	3	nan	0.248241	nan	nan	nan	nan	nan	0	3	0	nan	0.000000	nan
OTU_467_18S_3_200	ENV_NO3	4	nan	0.210685	nan	nan	nan	nan	nan	3	1	0	nan	0.000000	nan
ASV_718_16S_022_3	ENV_NO3	3	nan	0.213569	nan	nan	nan	nan	nan	1	2	0	nan	0.000000	nan
ASV_222_16S_022_3	ENV_NO3	2	nan	0.261603	nan	nan	nan	nan	nan	1	1	0	nan	0.000000	nan
ASV_851_16S_022_3	ENV_NO3	1	nan	0.136928	nan	nan	nan	nan	nan	0	1	0	nan	0.000000	nan
OTU_846_18S_022_3	ENV_NO3	1	nan	0.245943	nan	nan	nan	nan	nan	0	1	0	nan	0.000000	nan
OTU_711_18S_022_3	ENV_NO3	4	nan	0.234996	nan	nan	nan	nan	nan	3	1	0	nan	0.000000	nan
ASV_225_16S_022_3	ENV_NO3	3	nan	0.218168	nan	nan	nan	nan	nan	2	1	0	nan	0.000000	nan
ASV_710_16S_022_3	ENV_NO3	1	nan	0.141274	nan	nan	nan	nan	nan	1	0	0	nan	0.000000	nan
OTU_4651_18S_3_200	ENV_NO3	3	nan	0.255576	nan	nan	nan	nan	nan	0	3	0	nan	0.000000	nan
OTU_1017_18S_022_3	ENV_NO3	2	nan	0.195357	nan	nan	nan	nan	nan	1	1	0	nan	0.000000	nan
ASV_784_16S_022_3	ENV_NO3	3	nan	0.161898	nan	nan	nan	nan	nan	1	2	0	nan	0.000000	nan
ASV_212_16S_022_3	ENV_NO3	3	nan	0.182954	nan	nan	nan	nan	nan	3	0	0	nan	0.000000	nan
OTU_1406_18S_3_200	ENV_NO3	2	nan	0.220838	nan	nan	nan	nan	nan	0	2	0	nan	0.000000	nan
OTU_1252_18S_022_3	ENV_NO3	5	nan	0.128499	nan	nan	nan	nan	nan	0	5	0	nan	0.000000	nan
ASV_616_16S_022_3	ENV_NO3	2	nan	0.152922	nan	nan	nan	nan	nan	1	1	0	nan	0.000000	nan
ASV_286_16S_3_200	ENV_NO3	2	nan	0.234863	nan	nan	nan	nan	nan	0	2	0	nan	0.000000	nan
OTU_141_18S_3_200	ENV_NO3	4	nan	0.164534	nan	nan	nan	nan	nan	3	1	0	nan	0.000000	nan
ASV_144_16S_3_200	ENV_NO3	3	nan	0.199653	nan	nan	nan	nan	nan	1	2	0	nan	0.000000	nan
ASV_331_16S_022_3	ENV_NO3	3	nan	0.231656	nan	nan	nan	nan	nan	1	2	0	nan	0.000000	nan
ASV_1633_16S_022_3	ENV_NO3	3	nan	0.211812	nan	nan	nan	nan	nan	0	3	0	nan	0.000000	nan
OTU_215_18S_022_3	ENV_NO3	4	nan	0.231656	nan	nan	nan	nan	nan	2	2	0	nan	0.000000	nan
ASV_162_16S_022_3	ENV_NO3	2	nan	0.290412	nan	nan	nan	nan	nan	2	0	0	nan	0.000000	nan
ASV_1158_16S_022_3	ENV_NO3	3	nan	0.198241	nan	nan	nan	nan	nan	2	1	0	nan	0.000000	nan
ASV_41_16S_022_3	ENV_NO3	3	nan	0.330808	nan	nan	nan	nan	nan	0	3	0	nan	0.000000	nan
ASV_426_16S_022_3	ENV_NO3	3	nan	0.370151	nan	nan	nan	nan	nan	0	3	0	nan	0.000000	nan
ASV_182_16S_022_3	ENV_NO3	2	nan	0.338069	nan	nan	nan	nan	nan	0	2	0	nan	0.000000	nan
ASV_640_16S_022_3	ENV_NO3	4	nan	0.258719	nan	nan	nan	nan	nan	2	2	0	nan	0.000000	nan
ASV_1459_16S_022_3	ENV_NO3	4	nan	0.243666	nan	nan	nan	nan	nan	2	2	0	nan	0.000000	nan
ASV_196_16S_022_3	ENV_NO3	2	nan	0.115624	nan	nan	nan	nan	nan	2	0	0	nan	0.000000	nan
ASV_2304_16S_022_3	ENV_NO3	5	nan	0.307131	nan	nan	nan	nan	nan	2	3	0	nan	0.000000	nan
ASV_149_16S_022_3	ENV_NO3	5	nan	0.216960	nan	nan	nan	nan	nan	1	4	0	nan	0.000000	nan
ASV_732_16S_022_3	ENV_NO3	5	nan	0.229611	nan	nan	nan	nan	nan	1	4	0	nan	0.000000	nan
ASV_743_16S_022_3	ENV_NO3	3	nan	0.105314	nan	nan	nan	nan	nan	3	0	0	nan	0.000000	nan
ASV_137_16S_022_3	ENV_NO3	3	nan	0.255835	nan	nan	nan	nan	nan	1	2	0	nan	0.000000	nan
ASV_494_16S_022_3	ENV_NO3	4	nan	0.292043	nan	nan	nan	nan	nan	1	3	0	nan	0.000000	nan
OTU_458_18S_022_3	ENV_NO3	1	nan	0.317396	nan	nan	nan	nan	nan	0	1	0	nan	0.000000	nan
ASV_265_16S_022_3	ENV_NO3	2	nan	0.373950	nan	nan	nan	nan	nan	1	1	0	nan	0.000000	nan
OTU_1756_18S_022_3	ENV_NO3	3	nan	0.071761	nan	nan	nan	nan	nan	2	1	0	nan	0.000000	nan
ASV_113_16S_022_3	ENV_NO3	2	nan	0.211191	nan	nan	nan	nan	nan	1	1	0	nan	0.000000	nan
ASV_163_16S_022_3	ENV_NO3	3	nan	0.282644	nan	nan	nan	nan	nan	2	1	0	nan	0.000000	nan
ASV_4_16S_022_3	ENV_NO3	2	nan	0.124446	nan	nan	nan	nan	nan	1	1	0	nan	0.000000	nan
ASV_539_16S_022_3	ENV_NO3	3	nan	0.309329	nan	nan	nan	nan	nan	0	3	0	nan	0.000000	nan
ASV_624_16S_3_200	ENV_NO3	4	nan	0.268953	nan	nan	nan	nan	nan	1	3	0	nan	0.000000	nan
OTU_351_18S_3_200	ENV_NO3	3	nan	0.119339	nan	nan	nan	nan	nan	3	0	0	nan	0.000000	nan
ASV_123_16S_022_3	ENV_NO3	4	nan	0.174022	nan	nan	nan	nan	nan	4	0	0	nan	0.000000	nan
ASV_269_16S_3_200	ENV_NO3	2	nan	0.348055	nan	nan	nan	nan	nan	0	2	0	nan	0.000000	nan
OTU_1671_18S_022_3	ENV_NO3	2	nan	0.088102	nan	nan	nan	nan	nan	2	0	0	nan	0.000000	nan
ASV_1146_16S_022_3	ENV_NO3	4	nan	0.421433	nan	nan	nan	nan	nan	2	2	0	nan	0.000000	nan
ASV_347_16S_022_3	ENV_NO3	3	nan	0.282819	nan	nan	nan	nan	nan	1	2	0	nan	0.000000	nan
OTU_1295_18S_022_3	ENV_NO3	1	nan	0.128499	nan	nan	nan	nan	nan	1	0	0	nan	0.000000	nan
OTU_217_18S_3_200	ENV_NO3	3	nan	0.298478	nan	nan	nan	nan	nan	0	3	0	nan	0.000000	nan
OTU_960_18S_022_3	ENV_NO3	1	nan	0.222629	nan	nan	nan	nan	nan	0	1	0	nan	0.000000	nan
ASV_187_16S_022_3	ENV_NO3	4	nan	0.352148	nan	nan	nan	nan	nan	1	3	0	nan	0.000000	nan
ASV_477_16S_022_3	ENV_NO3	3	nan	0.354740	nan	nan	nan	nan	nan	0	3	0	nan	0.000000	nan
ASV_808_16S_022_3	ENV_NO3	2	nan	0.231656	nan	nan	nan	nan	nan	0	2	0	nan	0.000000	nan
ASV_1065_16S_022_3	ENV_NO3	5	nan	0.105604	nan	nan	nan	nan	nan	4	1	0	nan	0.000000	nan
ASV_216_16S_022_3	ENV_NO3	3	nan	0.298478	nan	nan	nan	nan	nan	1	2	0	nan	0.000000	nan
ASV_277_16S_022_3	ENV_NO3	3	nan	0.189045	nan	nan	nan	nan	nan	2	1	0	nan	0.000000	nan
ASV_2_16S_022_3	ENV_NO3	4	nan	0.128499	nan	nan	nan	nan	nan	3	1	0	nan	0.000000	nan
ASV_103_16S_022_3	ENV_NO3	4	nan	0.235534	nan	nan	nan	nan	nan	3	1	0	nan	0.000000	nan
ASV_30_16S_022_3	ENV_NO3	3	nan	0.141056	nan	nan	nan	nan	nan	3	0	0	nan	0.000000	nan
ASV_497_16S_022_3	ENV_NO3	3	nan	0.304621	nan	nan	nan	nan	nan	1	2	0	nan	0.000000	nan
OTU_1774_18S_022_3	ENV_NO3	1	nan	0.207705	nan	nan	nan	nan	nan	0	1	0	nan	0.000000	nan
ASV_421_16S_022_3	ENV_NO3	4	nan	0.252776	nan	nan	nan	nan	nan	4	0	0	nan	0.000000	nan
ASV_258_16S_022_3	ENV_NO3	3	nan	0.295888	nan	nan	nan	nan	nan	2	1	0	nan	0.000000	nan
ASV_1283_16S_3_200	ENV_NO3	2	nan	0.151325	nan	nan	nan	nan	nan	1	1	0	nan	0.000000	nan
OTU_7_18S_022_3	ENV_NO3	2	nan	0.202339	nan	nan	nan	nan	nan	1	1	0	nan	0.000000	nan
ASV_475_16S_022_3	ENV_NO3	5	nan	0.212479	nan	nan	nan	nan	nan	3	2	0	nan	0.000000	nan
OTU_2403_18S_3_200	ENV_NO3	2	nan	0.151325	nan	nan	nan	nan	nan	0	2	0	nan	0.000000	nan
ASV_971_16S_022_3	ENV_NO3	3	nan	0.254333	nan	nan	nan	nan	nan	1	2	0	nan	0.000000	nan
ASV_1804_16S_022_3	ENV_NO3	2	nan	0.313766	nan	nan	nan	nan	nan	0	2	0	nan	0.000000	nan
ASV_340_16S_022_3	ENV_NO3	3	nan	0.216030	nan	nan	nan	nan	nan	1	2	0	nan	0.000000	nan
OTU_534_18S_3_200	ENV_NO3	5	nan	0.285873	nan	nan	nan	nan	nan	0	5	0	nan	0.000000	nan
ASV_992_16S_022_3	ENV_NO3	3	nan	0.125192	nan	nan	nan	nan	nan	3	0	0	nan	0.000000	nan
OTU_680_18S_022_3	ENV_NO3	1	nan	0.388029	nan	nan	nan	nan	nan	0	1	0	nan	0.000000	nan
ASV_11_16S_022_3	ENV_NO3	4	nan	0.270241	nan	nan	nan	nan	nan	2	2	0	nan	0.000000	nan
ASV_211_16S_022_3	ENV_NO3	2	nan	0.368644	nan	nan	nan	nan	nan	0	1	1	nan	0.000000	nan
ASV_184_16S_022_3	ENV_NO3	2	nan	0.127406	nan	nan	nan	nan	nan	1	1	0	nan	0.000000	nan
ASV_298_16S_3_200	ENV_NO3	2	nan	0.200545	nan	nan	nan	nan	nan	1	1	0	nan	0.000000	nan
ASV_295_16S_022_3	ENV_NO3	2	nan	0.212479	nan	nan	nan	nan	nan	0	2	0	nan	0.000000	nan
ASV_2186_16S_022_3	ENV_NO3	2	nan	0.303024	nan	nan	nan	nan	nan	0	2	0	nan	0.000000	nan
ASV_246_16S_022_3	ENV_NO3	3	nan	0.290089	nan	nan	nan	nan	nan	2	1	0	nan	0.000000	nan
ASV_27_16S_022_3	ENV_NO3	3	nan	0.204214	nan	nan	nan	nan	nan	2	1	0	nan	0.000000	nan
ASV_294_16S_022_3	ENV_NO3	5	nan	0.200957	nan	nan	nan	nan	nan	4	1	0	nan	0.000000	nan
ASV_972_16S_3_200	ENV_NO3	2	nan	0.185168	nan	nan	nan	nan	nan	0	2	0	nan	0.000000	nan
OTU_1398_18S_3_200	ENV_NO3	6	nan	0.149943	nan	nan	nan	nan	nan	2	4	0	nan	0.000000	nan
ASV_269_16S_022_3	ENV_NO3	2	nan	0.323488	nan	nan	nan	nan	nan	0	2	0	nan	0.000000	nan
OTU_794_18S_022_3	ENV_NO3	1	nan	0.167666	nan	nan	nan	nan	nan	0	1	0	nan	0.000000	nan
ASV_268_16S_022_3	ENV_NO3	5	nan	0.140479	nan	nan	nan	nan	nan	4	1	0	nan	0.000000	nan
ASV_129_16S_022_3	ENV_NO3	3	nan	0.282182	nan	nan	nan	nan	nan	2	1	0	nan	0.000000	nan
ASV_204_16S_022_3	ENV_NO3	4	nan	0.368101	nan	nan	nan	nan	nan	0	3	1	nan	0.000000	nan
ASV_728_16S_022_3	ENV_NO3	2	nan	0.287373	nan	nan	nan	nan	nan	1	1	0	nan	0.000000	nan
ASV_1243_16S_022_3	ENV_NO3	3	nan	0.271917	nan	nan	nan	nan	nan	1	2	0	nan	0.000000	nan
OTU_1050_18S_022_3	ENV_NO3	1	nan	0.166658	nan	nan	nan	nan	nan	0	1	0	nan	0.000000	nan
OTU_1202_18S_022_3	ENV_NO3	3	nan	0.128141	nan	nan	nan	nan	nan	3	0	0	nan	0.000000	nan
ASV_661_16S_022_3	ENV_NO3	1	nan	0.411865	nan	nan	nan	nan	nan	0	1	0	nan	0.000000	nan
OTU_290_18S_3_200	ENV_NO3	3	nan	0.193561	nan	nan	nan	nan	nan	2	1	0	nan	0.000000	nan
OTU_3733_18S_3_200	ENV_NO3	2	nan	0.234996	nan	nan	nan	nan	nan	1	1	0	nan	0.000000	nan
ASV_671_16S_022_3	ENV_NO3	5	nan	0.128499	nan	nan	nan	nan	nan	2	3	0	nan	0.000000	nan
OTU_870_18S_022_3	ENV_NO3	4	nan	0.109904	nan	nan	nan	nan	nan	0	4	0	nan	0.000000	nan
ASV_19_16S_022_3	ENV_NO3	3	nan	0.180070	nan	nan	nan	nan	nan	1	2	0	nan	0.000000	nan
ASV_1894_16S_022_3	ENV_NO3	5	nan	0.357912	nan	nan	nan	nan	nan	2	3	0	nan	0.000000	nan
OTU_5966_18S_3_200	ENV_NO3	3	nan	0.093563	nan	nan	nan	nan	nan	1	2	0	nan	0.000000	nan
ASV_343_16S_022_3	ENV_NO3	1	nan	0.155299	nan	nan	nan	nan	nan	0	1	0	nan	0.000000	nan
OTU_605_18S_022_3	ENV_NO3	1	nan	0.226558	nan	nan	nan	nan	nan	0	1	0	nan	0.000000	nan
OTU_790_18S_022_3	ENV_NO3	3	nan	0.140484	nan	nan	nan	nan	nan	2	1	0	nan	0.000000	nan
ASV_365_16S_022_3	ENV_NO3	3	nan	0.304447	nan	nan	nan	nan	nan	1	2	0	nan	0.000000	nan
ASV_109_16S_022_3	ENV_NO3	3	nan	0.276135	nan	nan	nan	nan	nan	2	1	0	nan	0.000000	nan
ASV_327_16S_022_3	ENV_NO3	3	nan	0.296978	nan	nan	nan	nan	nan	2	1	0	nan	0.000000	nan
ASV_1110_16S_022_3	ENV_NO3	4	nan	0.207705	nan	nan	nan	nan	nan	1	3	0	nan	0.000000	nan
OTU_115_18S_022_3	ENV_NO3	1	nan	0.204010	nan	nan	nan	nan	nan	1	0	0	nan	0.000000	nan
OTU_937_18S_3_200	ENV_NO3	2	nan	0.168677	nan	nan	nan	nan	nan	2	0	0	nan	0.000000	nan
ASV_160_16S_022_3	ENV_NO3	3	nan	0.282445	nan	nan	nan	nan	nan	2	1	0	nan	0.000000	nan
OTU_3823_18S_3_200	ENV_NO3	3	nan	0.255416	nan	nan	nan	nan	nan	1	2	0	nan	0.000000	nan
OTU_3225_18S_022_3	ENV_NO3	1	nan	0.207705	nan	nan	nan	nan	nan	0	1	0	nan	0.000000	nan
ASV_267_16S_3_200	ENV_NO3	2	nan	0.260380	nan	nan	nan	nan	nan	1	1	0	nan	0.000000	nan
OTU_1358_18S_3_200	ENV_NO3	4	nan	0.301428	nan	nan	nan	nan	nan	1	3	0	nan	0.000000	nan
ASV_99_16S_022_3	ENV_NO3	2	nan	0.262095	nan	nan	nan	nan	nan	1	1	0	nan	0.000000	nan
ASV_1696_16S_022_3	ENV_NO3	4	nan	0.291376	nan	nan	nan	nan	nan	1	3	0	nan	0.000000	nan
OTU_2234_18S_022_3	ENV_NO3	3	nan	0.128141	nan	nan	nan	nan	nan	3	0	0	nan	0.000000	nan
ASV_383_16S_022_3	ENV_NO3	2	nan	0.122059	nan	nan	nan	nan	nan	2	0	0	nan	0.000000	nan
OTU_228_18S_3_200	ENV_NO3	4	nan	0.249022	nan	nan	nan	nan	nan	0	4	0	nan	0.000000	nan
ASV_350_16S_022_3	ENV_NO3	2	nan	0.108682	nan	nan	nan	nan	nan	2	0	0	nan	0.000000	nan
ASV_1229_16S_022_3	ENV_NO3	3	nan	0.348055	nan	nan	nan	nan	nan	0	3	0	nan	0.000000	nan
ASV_49_16S_022_3	ENV_NO3	3	nan	0.330267	nan	nan	nan	nan	nan	1	2	0	nan	0.000000	nan
ASV_2181_16S_022_3	ENV_NO3	5	nan	0.154050	nan	nan	nan	nan	nan	4	1	0	nan	0.000000	nan
OTU_1408_18S_3_200	ENV_NO3	2	nan	0.176012	nan	nan	nan	nan	nan	2	0	0	nan	0.000000	nan
ASV_938_16S_022_3	ENV_NO3	1	nan	0.260380	nan	nan	nan	nan	nan	1	0	0	nan	0.000000	nan
ASV_376_16S_022_3	ENV_NO3	5	nan	0.164101	nan	nan	nan	nan	nan	4	1	0	nan	0.000000	nan
ASV_709_16S_022_3	ENV_NO3	5	nan	0.314969	nan	nan	nan	nan	nan	1	4	0	nan	0.000000	nan
ASV_126_16S_022_3	ENV_NO3	4	nan	0.175310	nan	nan	nan	nan	nan	4	0	0	nan	0.000000	nan
ASV_612_16S_022_3	ENV_NO3	4	nan	0.320162	nan	nan	nan	nan	nan	1	3	0	nan	0.000000	nan
OTU_329_18S_022_3	ENV_NO3	2	nan	0.217362	nan	nan	nan	nan	nan	1	1	0	nan	0.000000	nan
OTU_2284_18S_022_3	ENV_NO3	2	nan	0.108682	nan	nan	nan	nan	nan	2	0	0	nan	0.000000	nan
ASV_325_16S_022_3	ENV_NO3	3	nan	0.274459	nan	nan	nan	nan	nan	2	1	0	nan	0.000000	nan
ASV_199_16S_022_3	ENV_NO3	2	nan	0.314979	nan	nan	nan	nan	nan	0	2	0	nan	0.000000	nan
ASV_121_16S_022_3	ENV_NO3	4	nan	0.172888	nan	nan	nan	nan	nan	2	2	0	nan	0.000000	nan
ASV_951_16S_022_3	ENV_NO3	4	nan	0.287373	nan	nan	nan	nan	nan	1	3	0	nan	0.000000	nan
ASV_1541_16S_3_200	ENV_NO3	1	nan	0.128499	nan	nan	nan	nan	nan	1	0	0	nan	0.000000	nan
OTU_1970_18S_3_200	ENV_NO3	4	nan	0.204010	nan	nan	nan	nan	nan	0	4	0	nan	0.000000	nan
ASV_405_16S_3_200	ENV_NO3	2	nan	0.157522	nan	nan	nan	nan	nan	1	1	0	nan	0.000000	nan
ASV_274_16S_022_3	ENV_NO3	4	nan	0.233072	nan	nan	nan	nan	nan	2	2	0	nan	0.000000	nan
OTU_1070_18S_022_3	ENV_NO3	2	nan	0.108682	nan	nan	nan	nan	nan	0	2	0	nan	0.000000	nan
ASV_1577_16S_022_3	ENV_NO3	5	nan	0.279009	nan	nan	nan	nan	nan	3	2	0	nan	0.000000	nan
OTU_3655_18S_3_200	ENV_NO3	1	nan	0.221864	nan	nan	nan	nan	nan	1	0	0	nan	0.000000	nan
OTU_505_18S_3_200	ENV_NO3	3	nan	0.159228	nan	nan	nan	nan	nan	3	0	0	nan	0.000000	nan
OTU_924_18S_3_200	ENV_NO3	3	nan	0.197814	nan	nan	nan	nan	nan	3	0	0	nan	0.000000	nan
ASV_566_16S_022_3	ENV_NO3	4	nan	0.172809	nan	nan	nan	nan	nan	3	1	0	nan	0.000000	nan
ASV_644_16S_022_3	ENV_NO3	6	nan	0.141274	nan	nan	nan	nan	nan	5	1	0	nan	0.000000	nan
ASV_1136_16S_022_3	ENV_NO3	4	nan	0.292973	nan	nan	nan	nan	nan	2	2	0	nan	0.000000	nan
OTU_186_18S_022_3	ENV_NO3	1	nan	0.238294	nan	nan	nan	nan	nan	0	1	0	nan	0.000000	nan
ASV_1305_16S_022_3	ENV_NO3	2	nan	0.234779	nan	nan	nan	nan	nan	0	2	0	nan	0.000000	nan
OTU_3598_18S_022_3	ENV_NO3	3	nan	0.170348	nan	nan	nan	nan	nan	0	3	0	nan	0.000000	nan
ASV_339_16S_022_3	ENV_NO3	3	nan	0.216776	nan	nan	nan	nan	nan	2	1	0	nan	0.000000	nan
ASV_255_16S_022_3	ENV_NO3	2	nan	0.166379	nan	nan	nan	nan	nan	1	1	0	nan	0.000000	nan
ASV_779_16S_022_3	ENV_NO3	2	nan	0.346642	nan	nan	nan	nan	nan	0	2	0	nan	0.000000	nan
ASV_122_16S_022_3	ENV_NO3	4	nan	0.290835	nan	nan	nan	nan	nan	2	2	0	nan	0.000000	nan
ASV_157_16S_022_3	ENV_NO3	2	nan	0.298478	nan	nan	nan	nan	nan	0	2	0	nan	0.000000	nan
ASV_580_16S_022_3	ENV_NO3	1	nan	0.193019	nan	nan	nan	nan	nan	1	0	0	nan	0.000000	nan
ASV_463_16S_022_3	ENV_NO3	3	nan	0.390525	nan	nan	nan	nan	nan	0	3	0	nan	0.000000	nan
ASV_1190_16S_022_3	ENV_NO3	4	nan	0.312051	nan	nan	nan	nan	nan	0	4	0	nan	0.000000	nan
ASV_192_16S_022_3	ENV_NO3	3	nan	0.290089	nan	nan	nan	nan	nan	0	3	0	nan	0.000000	nan
ASV_3_16S_022_3	ENV_NO3	3	nan	0.391659	nan	nan	nan	nan	nan	0	2	1	nan	0.000000	nan
ASV_390_16S_022_3	ENV_NO3	3	nan	0.232649	nan	nan	nan	nan	nan	2	1	0	nan	0.000000	nan
ASV_552_16S_022_3	ENV_NO3	4	nan	0.355699	nan	nan	nan	nan	nan	0	4	0	nan	0.000000	nan
ASV_459_16S_3_200	ENV_NO3	3	nan	0.266233	nan	nan	nan	nan	nan	0	3	0	nan	0.000000	nan
OTU_516_18S_022_3	ENV_NO3	2	nan	0.190429	nan	nan	nan	nan	nan	1	1	0	nan	0.000000	nan
ASV_1270_16S_022_3	ENV_NO3	3	nan	0.207705	nan	nan	nan	nan	nan	2	1	0	nan	0.000000	nan
ASV_803_16S_022_3	ENV_NO3	4	nan	0.306004	nan	nan	nan	nan	nan	3	1	0	nan	0.000000	nan
ASV_675_16S_022_3	ENV_NO3	4	nan	0.369857	nan	nan	nan	nan	nan	0	4	0	nan	0.000000	nan
ASV_574_16S_022_3	ENV_NO3	6	nan	0.187713	nan	nan	nan	nan	nan	4	2	0	nan	0.000000	nan
ASV_564_16S_022_3	ENV_NO3	4	nan	0.260380	nan	nan	nan	nan	nan	2	2	0	nan	0.000000	nan
ASV_2226_16S_022_3	ENV_NO3	3	nan	0.164101	nan	nan	nan	nan	nan	3	0	0	nan	0.000000	nan
ASV_687_16S_022_3	ENV_NO3	2	nan	0.291845	nan	nan	nan	nan	nan	2	0	0	nan	0.000000	nan
ASV_155_16S_022_3	ENV_NO3	2	nan	0.244431	nan	nan	nan	nan	nan	1	1	0	nan	0.000000	nan
ASV_1362_16S_022_3	ENV_NO3	5	nan	0.291376	nan	nan	nan	nan	nan	3	2	0	nan	0.000000	nan
ASV_1375_16S_3_200	ENV_NO3	3	nan	0.220838	nan	nan	nan	nan	nan	0	3	0	nan	0.000000	nan
ASV_362_16S_022_3	ENV_NO3	4	nan	0.337323	nan	nan	nan	nan	nan	0	4	0	nan	0.000000	nan
OTU_83_18S_3_200	ENV_NO3	4	nan	0.108682	nan	nan	nan	nan	nan	3	1	0	nan	0.000000	nan
ASV_793_16S_022_3	ENV_NO3	3	nan	0.293177	nan	nan	nan	nan	nan	0	3	0	nan	0.000000	nan
ASV_705_16S_022_3	ENV_NO3	3	nan	0.105314	nan	nan	nan	nan	nan	2	1	0	nan	0.000000	nan
ASV_248_16S_022_3	ENV_NO3	5	nan	0.105604	nan	nan	nan	nan	nan	5	0	0	nan	0.000000	nan
ASV_863_16S_022_3	ENV_NO3	4	nan	0.326209	nan	nan	nan	nan	nan	0	4	0	nan	0.000000	nan
OTU_4876_18S_3_200	ENV_NO3	3	nan	0.162281	nan	nan	nan	nan	nan	3	0	0	nan	0.000000	nan
ASV_388_16S_022_3	ENV_NO3	2	nan	0.369390	nan	nan	nan	nan	nan	0	2	0	nan	0.000000	nan
OTU_86_18S_3_200	ENV_NO3	3	nan	0.221864	nan	nan	nan	nan	nan	2	1	0	nan	0.000000	nan
ASV_440_16S_022_3	ENV_NO3	2	nan	0.131825	nan	nan	nan	nan	nan	2	0	0	nan	0.000000	nan
OTU_391_18S_3_200	ENV_NO3	3	nan	0.271917	nan	nan	nan	nan	nan	0	3	0	nan	0.000000	nan
ASV_135_16S_022_3	ENV_NO3	2	nan	0.216990	nan	nan	nan	nan	nan	1	1	0	nan	0.000000	nan
OTU_30_18S_3_200	ENV_NO3	1	nan	0.073944	nan	nan	nan	nan	nan	1	0	0	nan	0.000000	nan
OTU_550_18S_022_3	ENV_NO3	2	nan	0.172809	nan	nan	nan	nan	nan	0	2	0	nan	0.000000	nan
OTU_22_18S_022_3	ENV_NO3	1	nan	0.140484	nan	nan	nan	nan	nan	1	0	0	nan	0.000000	nan
OTU_2785_18S_3_200	ENV_NO3	2	nan	0.093563	nan	nan	nan	nan	nan	2	0	0	nan	0.000000	nan
ASV_884_16S_022_3	ENV_NO3	1	nan	0.197858	nan	nan	nan	nan	nan	0	1	0	nan	0.000000	nan
OTU_2449_18S_3_200	ENV_NO3	2	nan	0.141274	nan	nan	nan	nan	nan	2	0	0	nan	0.000000	nan
OTU_1102_18S_022_3	ENV_NO3	3	nan	0.105604	nan	nan	nan	nan	nan	3	0	0	nan	0.000000	nan
OTU_879_18S_3_200	ENV_NO3	5	nan	0.186669	nan	nan	nan	nan	nan	3	2	0	nan	0.000000	nan
ASV_1543_16S_022_3	ENV_NO3	3	nan	0.141274	nan	nan	nan	nan	nan	2	1	0	nan	0.000000	nan
ASV_632_16S_022_3	ENV_NO3	2	nan	0.172809	nan	nan	nan	nan	nan	0	2	0	nan	0.000000	nan
ASV_473_16S_022_3	ENV_NO3	4	nan	0.289159	nan	nan	nan	nan	nan	1	3	0	nan	0.000000	nan
ASV_893_16S_022_3	ENV_NO3	3	nan	0.212400	nan	nan	nan	nan	nan	1	2	0	nan	0.000000	nan
ASV_1061_16S_022_3	ENV_NO3	5	nan	0.260380	nan	nan	nan	nan	nan	1	4	0	nan	0.000000	nan
OTU_406_18S_022_3	ENV_NO3	1	nan	0.140389	nan	nan	nan	nan	nan	1	0	0	nan	0.000000	nan
OTU_3563_18S_3_200	ENV_NO3	2	nan	0.185903	nan	nan	nan	nan	nan	1	1	0	nan	0.000000	nan
ASV_179_16S_022_3	ENV_NO3	3	nan	0.210524	nan	nan	nan	nan	nan	2	1	0	nan	0.000000	nan
OTU_1397_18S_3_200	ENV_NO3	6	nan	0.108682	nan	nan	nan	nan	nan	4	2	0	nan	0.000000	nan
ASV_1257_16S_022_3	ENV_NO3	2	nan	0.146248	nan	nan	nan	nan	nan	1	1	0	nan	0.000000	nan
ASV_1071_16S_022_3	ENV_NO3	2	nan	0.255576	nan	nan	nan	nan	nan	0	2	0	nan	0.000000	nan
OTU_1144_18S_022_3	ENV_NO3	1	nan	0.130697	nan	nan	nan	nan	nan	0	1	0	nan	0.000000	nan
ASV_697_16S_022_3	ENV_NO3	3	nan	0.209595	nan	nan	nan	nan	nan	2	1	0	nan	0.000000	nan
OTU_568_18S_3_200	ENV_NO3	3	nan	0.152922	nan	nan	nan	nan	nan	3	0	0	nan	0.000000	nan
ASV_943_16S_022_3	ENV_NO3	3	nan	0.348055	nan	nan	nan	nan	nan	1	2	0	nan	0.000000	nan
ASV_648_16S_022_3	ENV_NO3	4	nan	0.151325	nan	nan	nan	nan	nan	1	3	0	nan	0.000000	nan
OTU_68_18S_3_200	ENV_NO3	3	nan	0.241845	nan	nan	nan	nan	nan	0	3	0	nan	0.000000	nan
ASV_730_16S_022_3	ENV_NO3	4	nan	0.270043	nan	nan	nan	nan	nan	1	3	0	nan	0.000000	nan
ASV_688_16S_022_3	ENV_NO3	2	nan	0.172426	nan	nan	nan	nan	nan	0	2	0	nan	0.000000	nan
ASV_495_16S_022_3	ENV_NO3	3	nan	0.390123	nan	nan	nan	nan	nan	0	3	0	nan	0.000000	nan
ASV_706_16S_3_200	ENV_NO3	4	nan	0.198241	nan	nan	nan	nan	nan	3	1	0	nan	0.000000	nan
ASV_311_16S_022_3	ENV_NO3	4	nan	0.425863	nan	nan	nan	nan	nan	0	4	0	nan	0.000000	nan
ASV_1139_16S_022_3	ENV_NO3	4	nan	0.128499	nan	nan	nan	nan	nan	2	2	0	nan	0.000000	nan
ASV_926_16S_022_3	ENV_NO3	2	nan	0.348055	nan	nan	nan	nan	nan	0	2	0	nan	0.000000	nan
ASV_647_16S_022_3	ENV_NO3	3	nan	0.229019	nan	nan	nan	nan	nan	1	2	0	nan	0.000000	nan
OTU_2133_18S_3_200	ENV_NO3	3	nan	0.290249	nan	nan	nan	nan	nan	0	3	0	nan	0.000000	nan
OTU_2496_18S_3_200	ENV_NO3	3	nan	0.185168	nan	nan	nan	nan	nan	1	2	0	nan	0.000000	nan
ASV_397_16S_022_3	ENV_NO3	2	nan	0.125192	nan	nan	nan	nan	nan	2	0	0	nan	0.000000	nan
OTU_2662_18S_022_3	ENV_NO3	4	nan	0.109904	nan	nan	nan	nan	nan	4	0	0	nan	0.000000	nan
OTU_1354_18S_3_200	ENV_NO3	2	nan	0.243666	nan	nan	nan	nan	nan	0	2	0	nan	0.000000	nan
ASV_306_16S_022_3	ENV_NO3	4	nan	0.209854	nan	nan	nan	nan	nan	2	2	0	nan	0.000000	nan
ASV_291_16S_022_3	ENV_NO3	1	nan	0.209639	nan	nan	nan	nan	nan	1	0	0	nan	0.000000	nan
OTU_989_18S_3_200	ENV_NO3	7	nan	0.151325	nan	nan	nan	nan	nan	1	6	0	nan	0.000000	nan
OTU_2054_18S_3_200	ENV_NO3	1	nan	0.093563	nan	nan	nan	nan	nan	1	0	0	nan	0.000000	nan
OTU_3384_18S_022_3	ENV_NO3	1	nan	0.105314	nan	nan	nan	nan	nan	1	0	0	nan	0.000000	nan
ASV_294_16S_3_200	ENV_NO3	2	nan	0.212400	nan	nan	nan	nan	nan	2	0	0	nan	0.000000	nan
ASV_1287_16S_3_200	ENV_NO3	2	nan	0.279009	nan	nan	nan	nan	nan	2	0	0	nan	0.000000	nan
OTU_492_18S_3_200	ENV_NO3	3	nan	0.093563	nan	nan	nan	nan	nan	3	0	0	nan	0.000000	nan
OTU_458_18S_3_200	ENV_NO3	3	nan	0.223674	nan	nan	nan	nan	nan	1	2	0	nan	0.000000	nan
OTU_1172_18S_3_200	ENV_NO3	3	nan	0.220043	nan	nan	nan	nan	nan	2	1	0	nan	0.000000	nan
OTU_724_18S_022_3	ENV_NO3	3	nan	0.177234	nan	nan	nan	nan	nan	1	2	0	nan	0.000000	nan
ASV_889_16S_022_3	ENV_NO3	2	nan	0.234281	nan	nan	nan	nan	nan	2	0	0	nan	0.000000	nan
OTU_422_18S_022_3	ENV_NO3	1	nan	0.143363	nan	nan	nan	nan	nan	0	1	0	nan	0.000000	nan
ASV_955_16S_022_3	ENV_NO3	2	nan	0.296978	nan	nan	nan	nan	nan	2	0	0	nan	0.000000	nan
OTU_997_18S_3_200	ENV_NO3	5	nan	0.108682	nan	nan	nan	nan	nan	3	2	0	nan	0.000000	nan
ASV_488_16S_022_3	ENV_NO3	2	nan	0.285652	nan	nan	nan	nan	nan	0	2	0	nan	0.000000	nan
OTU_1284_18S_022_3	ENV_NO3	2	nan	0.185998	nan	nan	nan	nan	nan	2	0	0	nan	0.000000	nan
ASV_400_16S_022_3	ENV_NO3	2	nan	0.363884	nan	nan	nan	nan	nan	0	2	0	nan	0.000000	nan
OTU_768_18S_3_200	ENV_NO3	2	nan	0.192353	nan	nan	nan	nan	nan	0	2	0	nan	0.000000	nan
ASV_633_16S_022_3	ENV_NO3	1	nan	0.245013	nan	nan	nan	nan	nan	0	1	0	nan	0.000000	nan
OTU_351_18S_022_3	ENV_NO3	1	nan	0.179205	nan	nan	nan	nan	nan	1	0	0	nan	0.000000	nan
ASV_949_16S_022_3	ENV_NO3	2	nan	0.284202	nan	nan	nan	nan	nan	1	1	0	nan	0.000000	nan
OTU_29_18S_022_3	ENV_NO3	3	nan	0.189389	nan	nan	nan	nan	nan	2	1	0	nan	0.000000	nan
ASV_407_16S_022_3	ENV_NO3	2	nan	0.225349	nan	nan	nan	nan	nan	1	1	0	nan	0.000000	nan
ASV_360_16S_022_3	ENV_NO3	1	nan	0.163494	nan	nan	nan	nan	nan	1	0	0	nan	0.000000	nan
ASV_979_16S_022_3	ENV_NO3	3	nan	0.274538	nan	nan	nan	nan	nan	0	3	0	nan	0.000000	nan
ASV_308_16S_022_3	ENV_NO3	4	nan	0.337323	nan	nan	nan	nan	nan	0	4	0	nan	0.000000	nan
OTU_347_18S_022_3	ENV_NO3	1	nan	0.128141	nan	nan	nan	nan	nan	1	0	0	nan	0.000000	nan
ASV_996_16S_022_3	ENV_NO3	2	nan	0.248241	nan	nan	nan	nan	nan	2	0	0	nan	0.000000	nan
ASV_428_16S_022_3	ENV_NO3	4	nan	0.333897	nan	nan	nan	nan	nan	2	2	0	nan	0.000000	nan
ASV_74_16S_022_3	ENV_NO3	4	nan	0.197858	nan	nan	nan	nan	nan	2	2	0	nan	0.000000	nan
OTU_167_18S_022_3	ENV_NO3	2	nan	0.176012	nan	nan	nan	nan	nan	2	0	0	nan	0.000000	nan
ASV_635_16S_022_3	ENV_NO3	3	nan	0.243761	nan	nan	nan	nan	nan	0	3	0	nan	0.000000	nan
OTU_332_18S_3_200	ENV_NO3	2	nan	0.114664	nan	nan	nan	nan	nan	2	0	0	nan	0.000000	nan
ASV_829_16S_022_3	ENV_NO3	4	nan	0.149943	nan	nan	nan	nan	nan	1	3	0	nan	0.000000	nan
ASV_452_16S_022_3	ENV_NO3	2	nan	0.143363	nan	nan	nan	nan	nan	2	0	0	nan	0.000000	nan
ASV_2084_16S_022_3	ENV_NO3	1	nan	0.177234	nan	nan	nan	nan	nan	1	0	0	nan	0.000000	nan
OTU_749_18S_3_200	ENV_NO3	1	nan	0.178194	nan	nan	nan	nan	nan	0	1	0	nan	0.000000	nan
ASV_988_16S_022_3	ENV_NO3	4	nan	0.211812	nan	nan	nan	nan	nan	3	1	0	nan	0.000000	nan
ASV_1092_16S_022_3	ENV_NO3	5	nan	0.161898	nan	nan	nan	nan	nan	4	1	0	nan	0.000000	nan
ASV_1193_16S_3_200	ENV_NO3	2	nan	0.151325	nan	nan	nan	nan	nan	0	2	0	nan	0.000000	nan
ASV_759_16S_022_3	ENV_NO3	2	nan	0.146248	nan	nan	nan	nan	nan	1	1	0	nan	0.000000	nan
ASV_605_16S_022_3	ENV_NO3	4	nan	0.181278	nan	nan	nan	nan	nan	3	1	0	nan	0.000000	nan
OTU_4249_18S_3_200	ENV_NO3	5	nan	0.270824	nan	nan	nan	nan	nan	2	3	0	nan	0.000000	nan
ASV_1205_16S_022_3	ENV_NO3	2	nan	0.385568	nan	nan	nan	nan	nan	0	2	0	nan	0.000000	nan
OTU_2399_18S_3_200	ENV_NO3	2	nan	0.277806	nan	nan	nan	nan	nan	0	2	0	nan	0.000000	nan
ASV_585_16S_022_3	ENV_NO3	4	nan	0.197858	nan	nan	nan	nan	nan	3	1	0	nan	0.000000	nan
ASV_736_16S_022_3	ENV_NO3	3	nan	0.246859	nan	nan	nan	nan	nan	2	1	0	nan	0.000000	nan
ASV_931_16S_022_3	ENV_NO3	5	nan	0.254128	nan	nan	nan	nan	nan	5	0	0	nan	0.000000	nan
ASV_42_16S_022_3	ENV_NO3	2	nan	0.071761	nan	nan	nan	nan	nan	2	0	0	nan	0.000000	nan
OTU_485_18S_022_3	ENV_NO3	1	nan	0.127028	nan	nan	nan	nan	nan	1	0	0	nan	0.000000	nan
ASV_1320_16S_022_3	ENV_NO3	3	nan	0.209770	nan	nan	nan	nan	nan	3	0	0	nan	0.000000	nan
ASV_1446_16S_022_3	ENV_NO3	3	nan	0.231864	nan	nan	nan	nan	nan	0	3	0	nan	0.000000	nan
ASV_1106_16S_022_3	ENV_NO3	2	nan	0.197814	nan	nan	nan	nan	nan	0	2	0	nan	0.000000	nan
ASV_1439_16S_022_3	ENV_NO3	2	nan	0.140479	nan	nan	nan	nan	nan	2	0	0	nan	0.000000	nan
OTU_3755_18S_3_200	ENV_NO3	2	nan	0.108682	nan	nan	nan	nan	nan	2	0	0	nan	0.000000	nan
ASV_530_16S_022_3	ENV_NO3	2	nan	0.071761	nan	nan	nan	nan	nan	2	0	0	nan	0.000000	nan
OTU_1335_18S_3_200	ENV_NO3	3	nan	0.155299	nan	nan	nan	nan	nan	2	1	0	nan	0.000000	nan
ASV_213_16S_022_3	ENV_NO3	3	nan	0.108682	nan	nan	nan	nan	nan	3	0	0	nan	0.000000	nan
ASV_601_16S_022_3	ENV_NO3	2	nan	0.093563	nan	nan	nan	nan	nan	2	0	0	nan	0.000000	nan
OTU_2620_18S_3_200	ENV_NO3	5	nan	0.328586	nan	nan	nan	nan	nan	0	5	0	nan	0.000000	nan
ASV_715_16S_022_3	ENV_NO3	3	nan	0.373658	nan	nan	nan	nan	nan	2	1	0	nan	0.000000	nan
ASV_78_16S_022_3	ENV_NO3	3	nan	0.237832	nan	nan	nan	nan	nan	3	0	0	nan	0.000000	nan
ASV_967_16S_022_3	ENV_NO3	2	nan	0.360787	nan	nan	nan	nan	nan	0	2	0	nan	0.000000	nan
ASV_853_16S_022_3	ENV_NO3	3	nan	0.276135	nan	nan	nan	nan	nan	1	2	0	nan	0.000000	nan
ASV_489_16S_022_3	ENV_NO3	1	nan	0.192596	nan	nan	nan	nan	nan	1	0	0	nan	0.000000	nan
ASV_758_16S_022_3	ENV_NO3	3	nan	0.168796	nan	nan	nan	nan	nan	2	1	0	nan	0.000000	nan
OTU_450_18S_022_3	ENV_NO3	1	nan	0.128499	nan	nan	nan	nan	nan	1	0	0	nan	0.000000	nan
OTU_385_18S_022_3	ENV_NO3	1	nan	0.127613	nan	nan	nan	nan	nan	0	1	0	nan	0.000000	nan
OTU_1906_18S_3_200	ENV_NO3	4	nan	0.176012	nan	nan	nan	nan	nan	4	0	0	nan	0.000000	nan
ASV_328_16S_022_3	ENV_NO3	2	nan	0.234948	nan	nan	nan	nan	nan	0	2	0	nan	0.000000	nan
ASV_437_16S_022_3	ENV_NO3	2	nan	0.201623	nan	nan	nan	nan	nan	1	1	0	nan	0.000000	nan
ASV_165_16S_022_3	ENV_NO3	3	nan	0.151325	nan	nan	nan	nan	nan	1	2	0	nan	0.000000	nan
ASV_378_16S_022_3	ENV_NO3	2	nan	0.153508	nan	nan	nan	nan	nan	0	2	0	nan	0.000000	nan
ASV_1589_16S_022_3	ENV_NO3	4	nan	0.211812	nan	nan	nan	nan	nan	1	3	0	nan	0.000000	nan
ASV_819_16S_022_3	ENV_NO3	3	nan	0.235123	nan	nan	nan	nan	nan	3	0	0	nan	0.000000	nan
ASV_576_16S_022_3	ENV_NO3	4	nan	0.213892	nan	nan	nan	nan	nan	2	2	0	nan	0.000000	nan
ASV_652_16S_022_3	ENV_NO3	5	nan	0.286200	nan	nan	nan	nan	nan	2	3	0	nan	0.000000	nan
ASV_72_16S_022_3	ENV_NO3	4	nan	0.258544	nan	nan	nan	nan	nan	2	2	0	nan	0.000000	nan
ASV_158_16S_022_3	ENV_NO3	2	nan	0.206710	nan	nan	nan	nan	nan	2	0	0	nan	0.000000	nan
OTU_421_18S_022_3	ENV_NO3	1	nan	0.125938	nan	nan	nan	nan	nan	1	0	0	nan	0.000000	nan
ASV_848_16S_022_3	ENV_NO3	3	nan	0.291376	nan	nan	nan	nan	nan	1	2	0	nan	0.000000	nan
ASV_130_16S_022_3	ENV_NO3	2	nan	0.151584	nan	nan	nan	nan	nan	1	1	0	nan	0.000000	nan
ASV_1094_16S_022_3	ENV_NO3	6	nan	0.123268	nan	nan	nan	nan	nan	5	1	0	nan	0.000000	nan
OTU_1374_18S_022_3	ENV_NO3	3	nan	0.207705	nan	nan	nan	nan	nan	1	2	0	nan	0.000000	nan
ASV_20_16S_3_200	ENV_NO3	1	nan	0.390123	nan	nan	nan	nan	nan	0	0	1	nan	0.000000	nan
ASV_400_16S_3_200	ENV_NO3	3	nan	0.331131	nan	nan	nan	nan	nan	2	1	0	nan	0.000000	nan
ASV_720_16S_022_3	ENV_NO3	4	nan	0.370941	nan	nan	nan	nan	nan	0	4	0	nan	0.000000	nan
ASV_522_16S_022_3	ENV_NO3	2	nan	0.337323	nan	nan	nan	nan	nan	0	2	0	nan	0.000000	nan
ASV_764_16S_022_3	ENV_NO3	3	nan	0.243666	nan	nan	nan	nan	nan	1	2	0	nan	0.000000	nan
ASV_776_16S_022_3	ENV_NO3	2	nan	0.244431	nan	nan	nan	nan	nan	1	1	0	nan	0.000000	nan
OTU_1902_18S_022_3	ENV_NO3	3	nan	0.185903	nan	nan	nan	nan	nan	2	1	0	nan	0.000000	nan
ASV_900_16S_022_3	ENV_NO3	3	nan	0.234202	nan	nan	nan	nan	nan	1	2	0	nan	0.000000	nan
OTU_2382_18S_022_3	ENV_NO3	3	nan	0.255576	nan	nan	nan	nan	nan	0	3	0	nan	0.000000	nan
OTU_932_18S_022_3	ENV_NO3	3	nan	0.245476	nan	nan	nan	nan	nan	3	0	0	nan	0.000000	nan
ASV_658_16S_022_3	ENV_NO3	2	nan	0.093563	nan	nan	nan	nan	nan	2	0	0	nan	0.000000	nan
OTU_3663_18S_022_3	ENV_NO3	2	nan	0.249568	nan	nan	nan	nan	nan	0	2	0	nan	0.000000	nan
ASV_512_16S_022_3	ENV_NO3	3	nan	0.322156	nan	nan	nan	nan	nan	0	3	0	nan	0.000000	nan
ASV_1289_16S_022_3	ENV_NO3	3	nan	0.208471	nan	nan	nan	nan	nan	2	1	0	nan	0.000000	nan
ASV_348_16S_3_200	ENV_NO3	2	nan	0.255835	nan	nan	nan	nan	nan	0	2	0	nan	0.000000	nan
OTU_3466_18S_022_3	ENV_NO3	1	nan	0.108682	nan	nan	nan	nan	nan	1	0	0	nan	0.000000	nan
ASV_560_16S_022_3	ENV_NO3	4	nan	0.193313	nan	nan	nan	nan	nan	3	1	0	nan	0.000000	nan
ASV_590_16S_022_3	ENV_NO3	1	nan	0.186669	nan	nan	nan	nan	nan	0	1	0	nan	0.000000	nan
OTU_868_18S_022_3	ENV_NO3	5	nan	0.127406	nan	nan	nan	nan	nan	2	3	0	nan	0.000000	nan
OTU_213_18S_3_200	ENV_NO3	3	nan	0.195560	nan	nan	nan	nan	nan	3	0	0	nan	0.000000	nan
OTU_1095_18S_3_200	ENV_NO3	2	nan	0.280521	nan	nan	nan	nan	nan	1	1	0	nan	0.000000	nan
OTU_2682_18S_3_200	ENV_NO3	2	nan	0.093563	nan	nan	nan	nan	nan	2	0	0	nan	0.000000	nan
OTU_1226_18S_3_200	ENV_NO3	1	nan	0.071761	nan	nan	nan	nan	nan	1	0	0	nan	0.000000	nan
OTU_873_18S_022_3	ENV_NO3	4	nan	0.108682	nan	nan	nan	nan	nan	4	0	0	nan	0.000000	nan
ASV_143_16S_022_3	ENV_NO3	4	nan	0.201658	nan	nan	nan	nan	nan	4	0	0	nan	0.000000	nan
OTU_2308_18S_3_200	ENV_NO3	4	nan	0.151325	nan	nan	nan	nan	nan	1	3	0	nan	0.000000	nan
OTU_682_18S_3_200	ENV_NO3	3	nan	0.128236	nan	nan	nan	nan	nan	2	1	0	nan	0.000000	nan
ASV_424_16S_022_3	ENV_NO3	4	nan	0.249852	nan	nan	nan	nan	nan	3	1	0	nan	0.000000	nan
OTU_889_18S_3_200	ENV_NO3	3	nan	0.255576	nan	nan	nan	nan	nan	0	3	0	nan	0.000000	nan
OTU_2758_18S_3_200	ENV_NO3	1	nan	0.109904	nan	nan	nan	nan	nan	0	1	0	nan	0.000000	nan
ASV_1201_16S_3_200	ENV_NO3	2	nan	0.151325	nan	nan	nan	nan	nan	0	2	0	nan	0.000000	nan
ASV_1127_16S_022_3	ENV_NO3	4	nan	0.093563	nan	nan	nan	nan	nan	1	3	0	nan	0.000000	nan
ASV_36_16S_022_3	ENV_NO3	3	nan	0.225349	nan	nan	nan	nan	nan	2	1	0	nan	0.000000	nan
ASV_425_16S_022_3	ENV_NO3	3	nan	0.142439	nan	nan	nan	nan	nan	1	2	0	nan	0.000000	nan
ASV_1367_16S_022_3	ENV_NO3	3	nan	0.309211	nan	nan	nan	nan	nan	2	1	0	nan	0.000000	nan
OTU_1230_18S_022_3	ENV_NO3	2	nan	0.328670	nan	nan	nan	nan	nan	0	2	0	nan	0.000000	nan
ASV_722_16S_022_3	ENV_NO3	3	nan	0.258133	nan	nan	nan	nan	nan	3	0	0	nan	0.000000	nan
ASV_470_16S_022_3	ENV_NO3	1	nan	0.131283	nan	nan	nan	nan	nan	1	0	0	nan	0.000000	nan
ASV_533_16S_022_3	ENV_NO3	4	nan	0.304621	nan	nan	nan	nan	nan	0	4	0	nan	0.000000	nan
ASV_63_16S_022_3	ENV_NO3	2	nan	0.073944	nan	nan	nan	nan	nan	2	0	0	nan	0.000000	nan
ASV_917_16S_022_3	ENV_NO3	5	nan	0.275176	nan	nan	nan	nan	nan	2	3	0	nan	0.000000	nan
ASV_824_16S_022_3	ENV_NO3	5	nan	0.105314	nan	nan	nan	nan	nan	4	1	0	nan	0.000000	nan
ASV_1331_16S_022_3	ENV_NO3	5	nan	0.314969	nan	nan	nan	nan	nan	3	2	0	nan	0.000000	nan
ASV_1235_16S_022_3	ENV_NO3	2	nan	0.233614	nan	nan	nan	nan	nan	0	2	0	nan	0.000000	nan
OTU_6834_18S_022_3	ENV_NO3	2	nan	0.071761	nan	nan	nan	nan	nan	2	0	0	nan	0.000000	nan
OTU_248_18S_022_3	ENV_NO3	2	nan	0.166658	nan	nan	nan	nan	nan	1	1	0	nan	0.000000	nan
ASV_1411_16S_022_3	ENV_NO3	4	nan	0.229611	nan	nan	nan	nan	nan	2	2	0	nan	0.000000	nan
OTU_162_18S_3_200	ENV_NO3	1	nan	0.212231	nan	nan	nan	nan	nan	0	1	0	nan	0.000000	nan
OTU_217_18S_022_3	ENV_NO3	2	nan	0.260101	nan	nan	nan	nan	nan	0	2	0	nan	0.000000	nan
OTU_2040_18S_022_3	ENV_NO3	4	nan	0.093563	nan	nan	nan	nan	nan	2	2	0	nan	0.000000	nan
ASV_50_16S_022_3	ENV_NO3	3	nan	0.293719	nan	nan	nan	nan	nan	2	1	0	nan	0.000000	nan
ASV_1551_16S_022_3	ENV_NO3	6	nan	0.222629	nan	nan	nan	nan	nan	0	6	0	nan	0.000000	nan
OTU_1404_18S_022_3	ENV_NO3	3	nan	0.093563	nan	nan	nan	nan	nan	3	0	0	nan	0.000000	nan
ASV_641_16S_022_3	ENV_NO3	3	nan	0.220123	nan	nan	nan	nan	nan	2	1	0	nan	0.000000	nan
OTU_1557_18S_022_3	ENV_NO3	3	nan	0.128141	nan	nan	nan	nan	nan	2	1	0	nan	0.000000	nan
ASV_181_16S_022_3	ENV_NO3	1	nan	0.287950	nan	nan	nan	nan	nan	0	1	0	nan	0.000000	nan
ASV_1335_16S_022_3	ENV_NO3	5	nan	0.128141	nan	nan	nan	nan	nan	4	1	0	nan	0.000000	nan
ASV_1171_16S_022_3	ENV_NO3	3	nan	0.341868	nan	nan	nan	nan	nan	3	0	0	nan	0.000000	nan
ASV_1215_16S_022_3	ENV_NO3	4	nan	0.244431	nan	nan	nan	nan	nan	0	4	0	nan	0.000000	nan
ASV_1210_16S_022_3	ENV_NO3	4	nan	0.271171	nan	nan	nan	nan	nan	4	0	0	nan	0.000000	nan
ASV_218_16S_022_3	ENV_NO3	3	nan	0.229521	nan	nan	nan	nan	nan	0	3	0	nan	0.000000	nan
ASV_431_16S_022_3	ENV_NO3	3	nan	0.240716	nan	nan	nan	nan	nan	1	2	0	nan	0.000000	nan
ASV_904_16S_3_200	ENV_NO3	4	nan	0.093563	nan	nan	nan	nan	nan	4	0	0	nan	0.000000	nan
ASV_18_16S_022_3	ENV_NO3	1	nan	0.283779	nan	nan	nan	nan	nan	0	1	0	nan	0.000000	nan
OTU_1304_18S_3_200	ENV_NO3	4	nan	0.323995	nan	nan	nan	nan	nan	0	4	0	nan	0.000000	nan
ASV_276_16S_022_3	ENV_NO3	2	nan	0.151325	nan	nan	nan	nan	nan	2	0	0	nan	0.000000	nan
ASV_1317_16S_022_3	ENV_NO3	5	nan	0.180816	nan	nan	nan	nan	nan	5	0	0	nan	0.000000	nan
ASV_595_16S_022_3	ENV_NO3	2	nan	0.097537	nan	nan	nan	nan	nan	2	0	0	nan	0.000000	nan
ASV_64_16S_022_3	ENV_NO3	2	nan	0.200663	nan	nan	nan	nan	nan	2	0	0	nan	0.000000	nan
OTU_858_18S_3_200	ENV_NO3	2	nan	0.229019	nan	nan	nan	nan	nan	2	0	0	nan	0.000000	nan
ASV_490_16S_022_3	ENV_NO3	4	nan	0.276253	nan	nan	nan	nan	nan	2	2	0	nan	0.000000	nan
OTU_453_18S_3_200	ENV_NO3	2	nan	0.146248	nan	nan	nan	nan	nan	1	1	0	nan	0.000000	nan
OTU_291_18S_3_200	ENV_NO3	2	nan	0.163494	nan	nan	nan	nan	nan	1	1	0	nan	0.000000	nan
ASV_1645_16S_022_3	ENV_NO3	3	nan	0.313178	nan	nan	nan	nan	nan	0	3	0	nan	0.000000	nan
OTU_1984_18S_022_3	ENV_NO3	2	nan	0.073944	nan	nan	nan	nan	nan	2	0	0	nan	0.000000	nan
OTU_101_18S_3_200	ENV_NO3	4	nan	0.234033	nan	nan	nan	nan	nan	2	2	0	nan	0.000000	nan
ASV_930_16S_022_3	ENV_NO3	3	nan	0.402898	nan	nan	nan	nan	nan	0	3	0	nan	0.000000	nan
ASV_133_16S_3_200	ENV_NO3	2	nan	0.289080	nan	nan	nan	nan	nan	0	2	0	nan	0.000000	nan
OTU_1607_18S_3_200	ENV_NO3	2	nan	0.220043	nan	nan	nan	nan	nan	1	1	0	nan	0.000000	nan
ASV_1686_16S_022_3	ENV_NO3	3	nan	0.314969	nan	nan	nan	nan	nan	2	1	0	nan	0.000000	nan
ASV_101_16S_3_200	ENV_NO3	3	nan	0.108682	nan	nan	nan	nan	nan	0	3	0	nan	0.000000	nan
ASV_1406_16S_022_3	ENV_NO3	3	nan	0.092181	nan	nan	nan	nan	nan	3	0	0	nan	0.000000	nan
ASV_180_16S_022_3	ENV_NO3	2	nan	0.161898	nan	nan	nan	nan	nan	1	1	0	nan	0.000000	nan
ASV_1855_16S_022_3	ENV_NO3	4	nan	0.207809	nan	nan	nan	nan	nan	3	1	0	nan	0.000000	nan
ASV_104_16S_022_3	ENV_NO3	1	nan	0.422145	nan	nan	nan	nan	nan	0	0	1	nan	0.000000	nan
OTU_1346_18S_3_200	ENV_NO3	2	nan	0.181030	nan	nan	nan	nan	nan	2	0	0	nan	0.000000	nan
ASV_2014_16S_022_3	ENV_NO3	2	nan	0.175852	nan	nan	nan	nan	nan	1	1	0	nan	0.000000	nan
ASV_651_16S_022_3	ENV_NO3	2	nan	0.206308	nan	nan	nan	nan	nan	0	2	0	nan	0.000000	nan
ASV_166_16S_022_3	ENV_NO3	2	nan	0.128141	nan	nan	nan	nan	nan	2	0	0	nan	0.000000	nan
OTU_1761_18S_022_3	ENV_NO3	2	nan	0.071761	nan	nan	nan	nan	nan	2	0	0	nan	0.000000	nan
ASV_322_16S_022_3	ENV_NO3	3	nan	0.234996	nan	nan	nan	nan	nan	2	1	0	nan	0.000000	nan
ASV_1777_16S_022_3	ENV_NO3	3	nan	0.222629	nan	nan	nan	nan	nan	2	1	0	nan	0.000000	nan
ASV_600_16S_022_3	ENV_NO3	5	nan	0.109904	nan	nan	nan	nan	nan	4	1	0	nan	0.000000	nan
OTU_1376_18S_022_3	ENV_NO3	1	nan	0.234996	nan	nan	nan	nan	nan	0	1	0	nan	0.000000	nan
ASV_2079_16S_022_3	ENV_NO3	4	nan	0.207809	nan	nan	nan	nan	nan	4	0	0	nan	0.000000	nan
ASV_369_16S_022_3	ENV_NO3	3	nan	0.297812	nan	nan	nan	nan	nan	1	2	0	nan	0.000000	nan
ASV_1644_16S_022_3	ENV_NO3	3	nan	0.281222	nan	nan	nan	nan	nan	1	2	0	nan	0.000000	nan
OTU_2150_18S_022_3	ENV_NO3	2	nan	0.301428	nan	nan	nan	nan	nan	0	2	0	nan	0.000000	nan
OTU_1275_18S_022_3	ENV_NO3	1	nan	0.090784	nan	nan	nan	nan	nan	1	0	0	nan	0.000000	nan
ASV_599_16S_022_3	ENV_NO3	4	nan	0.305908	nan	nan	nan	nan	nan	2	2	0	nan	0.000000	nan
ASV_1087_16S_022_3	ENV_NO3	3	nan	0.233614	nan	nan	nan	nan	nan	0	3	0	nan	0.000000	nan
ASV_68_16S_022_3	ENV_NO3	2	nan	0.389317	nan	nan	nan	nan	nan	0	2	0	nan	0.000000	nan
ASV_1125_16S_022_3	ENV_NO3	3	nan	0.257207	nan	nan	nan	nan	nan	2	1	0	nan	0.000000	nan
ASV_150_16S_022_3	ENV_NO3	1	nan	0.165245	nan	nan	nan	nan	nan	1	0	0	nan	0.000000	nan
ASV_1491_16S_022_3	ENV_NO3	3	nan	0.345136	nan	nan	nan	nan	nan	1	2	0	nan	0.000000	nan
ASV_379_16S_022_3	ENV_NO3	2	nan	0.234083	nan	nan	nan	nan	nan	1	1	0	nan	0.000000	nan
ASV_1037_16S_022_3	ENV_NO3	3	nan	0.318780	nan	nan	nan	nan	nan	2	1	0	nan	0.000000	nan
OTU_378_18S_022_3	ENV_NO3	2	nan	0.161982	nan	nan	nan	nan	nan	0	2	0	nan	0.000000	nan
OTU_95_18S_022_3	ENV_NO3	2	nan	0.354740	nan	nan	nan	nan	nan	1	1	0	nan	0.000000	nan
ASV_754_16S_022_3	ENV_NO3	3	nan	0.332301	nan	nan	nan	nan	nan	1	2	0	nan	0.000000	nan
ASV_1498_16S_022_3	ENV_NO3	3	nan	0.296926	nan	nan	nan	nan	nan	0	3	0	nan	0.000000	nan
ASV_547_16S_022_3	ENV_NO3	2	nan	0.263727	nan	nan	nan	nan	nan	2	0	0	nan	0.000000	nan
ASV_540_16S_022_3	ENV_NO3	4	nan	0.236742	nan	nan	nan	nan	nan	1	3	0	nan	0.000000	nan
ASV_1632_16S_022_3	ENV_NO3	4	nan	0.186669	nan	nan	nan	nan	nan	2	2	0	nan	0.000000	nan
OTU_2590_18S_3_200	ENV_NO3	4	nan	0.192150	nan	nan	nan	nan	nan	3	1	0	nan	0.000000	nan
ASV_2030_16S_022_3	ENV_NO3	4	nan	0.176439	nan	nan	nan	nan	nan	3	1	0	nan	0.000000	nan
ASV_136_16S_022_3	ENV_NO3	2	nan	0.127067	nan	nan	nan	nan	nan	2	0	0	nan	0.000000	nan
OTU_1111_18S_022_3	ENV_NO3	3	nan	0.146248	nan	nan	nan	nan	nan	2	1	0	nan	0.000000	nan
OTU_382_18S_3_200	ENV_NO3	2	nan	0.197112	nan	nan	nan	nan	nan	0	2	0	nan	0.000000	nan
ASV_1516_16S_022_3	ENV_NO3	2	nan	0.233614	nan	nan	nan	nan	nan	1	1	0	nan	0.000000	nan
ASV_2057_16S_022_3	ENV_NO3	2	nan	0.244431	nan	nan	nan	nan	nan	1	1	0	nan	0.000000	nan
ASV_192_16S_3_200	ENV_NO3	3	nan	0.255835	nan	nan	nan	nan	nan	1	2	0	nan	0.000000	nan
ASV_154_16S_022_3	ENV_NO3	4	nan	0.334016	nan	nan	nan	nan	nan	0	4	0	nan	0.000000	nan
ASV_910_16S_022_3	ENV_NO3	4	nan	0.130697	nan	nan	nan	nan	nan	3	1	0	nan	0.000000	nan
ASV_1593_16S_022_3	ENV_NO3	7	nan	0.223460	nan	nan	nan	nan	nan	4	3	0	nan	0.000000	nan
ASV_2032_16S_3_200	ENV_NO3	2	nan	0.234202	nan	nan	nan	nan	nan	0	2	0	nan	0.000000	nan
OTU_422_18S_3_200	ENV_NO3	5	nan	0.245943	nan	nan	nan	nan	nan	2	3	0	nan	0.000000	nan
ASV_1631_16S_022_3	ENV_NO3	4	nan	0.303024	nan	nan	nan	nan	nan	1	3	0	nan	0.000000	nan
ASV_467_16S_3_200	ENV_NO3	2	nan	0.393753	nan	nan	nan	nan	nan	0	1	1	nan	0.000000	nan
OTU_652_18S_022_3	ENV_NO3	1	nan	0.153971	nan	nan	nan	nan	nan	1	0	0	nan	0.000000	nan
ASV_2127_16S_022_3	ENV_NO3	4	nan	0.175852	nan	nan	nan	nan	nan	3	1	0	nan	0.000000	nan
ASV_488_16S_3_200	ENV_NO3	1	nan	0.159943	nan	nan	nan	nan	nan	0	1	0	nan	0.000000	nan
ASV_95_16S_022_3	ENV_NO3	2	nan	0.318142	nan	nan	nan	nan	nan	0	1	1	nan	0.000000	nan
ASV_1565_16S_022_3	ENV_NO3	3	nan	0.399631	nan	nan	nan	nan	nan	0	3	0	nan	0.000000	nan
OTU_1298_18S_022_3	ENV_NO3	1	nan	0.177101	nan	nan	nan	nan	nan	0	1	0	nan	0.000000	nan
OTU_817_18S_3_200	ENV_NO3	3	nan	0.246645	nan	nan	nan	nan	nan	2	1	0	nan	0.000000	nan
OTU_24_18S_022_3	ENV_NO3	4	nan	0.205502	nan	nan	nan	nan	nan	3	1	0	nan	0.000000	nan
ASV_1534_16S_022_3	ENV_NO3	3	nan	0.265571	nan	nan	nan	nan	nan	3	0	0	nan	0.000000	nan
OTU_707_18S_022_3	ENV_NO3	2	nan	0.166379	nan	nan	nan	nan	nan	2	0	0	nan	0.000000	nan
OTU_2214_18S_022_3	ENV_NO3	2	nan	0.108682	nan	nan	nan	nan	nan	0	2	0	nan	0.000000	nan
OTU_1834_18S_022_3	ENV_NO3	3	nan	0.266233	nan	nan	nan	nan	nan	0	3	0	nan	0.000000	nan
ASV_1753_16S_022_3	ENV_NO3	2	nan	0.317690	nan	nan	nan	nan	nan	1	1	0	nan	0.000000	nan
OTU_2712_18S_3_200	ENV_NO3	1	nan	0.088102	nan	nan	nan	nan	nan	1	0	0	nan	0.000000	nan
ASV_26_16S_022_3	ENV_NO3	2	nan	0.409910	nan	nan	nan	nan	nan	0	2	0	nan	0.000000	nan
ASV_1117_16S_022_3	ENV_NO3	2	nan	0.363766	nan	nan	nan	nan	nan	0	2	0	nan	0.000000	nan
ASV_1727_16S_022_3	ENV_NO3	2	nan	0.127406	nan	nan	nan	nan	nan	1	1	0	nan	0.000000	nan
ASV_525_16S_022_3	ENV_NO3	2	nan	0.208386	nan	nan	nan	nan	nan	0	2	0	nan	0.000000	nan
OTU_1432_18S_022_3	ENV_NO3	2	nan	0.172809	nan	nan	nan	nan	nan	1	1	0	nan	0.000000	nan
OTU_28_18S_022_3	ENV_NO3	3	nan	0.150624	nan	nan	nan	nan	nan	2	1	0	nan	0.000000	nan
ASV_1147_16S_022_3	ENV_NO3	4	nan	0.128499	nan	nan	nan	nan	nan	2	2	0	nan	0.000000	nan
OTU_177_18S_022_3	ENV_NO3	1	nan	0.251911	nan	nan	nan	nan	nan	0	1	0	nan	0.000000	nan
ASV_1481_16S_022_3	ENV_NO3	5	nan	0.289418	nan	nan	nan	nan	nan	0	5	0	nan	0.000000	nan
OTU_60_18S_022_3	ENV_NO3	4	nan	0.168452	nan	nan	nan	nan	nan	2	2	0	nan	0.000000	nan
ASV_1173_16S_022_3	ENV_NO3	2	nan	0.287373	nan	nan	nan	nan	nan	0	2	0	nan	0.000000	nan
OTU_268_18S_022_3	ENV_NO3	2	nan	0.291795	nan	nan	nan	nan	nan	0	2	0	nan	0.000000	nan
OTU_183_18S_022_3	ENV_NO3	2	nan	0.149878	nan	nan	nan	nan	nan	2	0	0	nan	0.000000	nan
OTU_182_18S_022_3	ENV_NO3	3	nan	0.181402	nan	nan	nan	nan	nan	2	1	0	nan	0.000000	nan
ASV_744_16S_022_3	ENV_NO3	3	nan	0.323334	nan	nan	nan	nan	nan	0	3	0	nan	0.000000	nan
OTU_489_18S_022_3	ENV_NO3	3	nan	0.189389	nan	nan	nan	nan	nan	2	1	0	nan	0.000000	nan
ASV_1107_16S_022_3	ENV_NO3	5	nan	0.312095	nan	nan	nan	nan	nan	1	4	0	nan	0.000000	nan
ASV_630_16S_3_200	ENV_NO3	4	nan	0.189468	nan	nan	nan	nan	nan	3	0	1	nan	0.000000	nan
ASV_111_16S_022_3	ENV_NO3	2	nan	0.332017	nan	nan	nan	nan	nan	0	1	1	nan	0.000000	nan
ASV_1108_16S_022_3	ENV_NO3	4	nan	0.357912	nan	nan	nan	nan	nan	0	4	0	nan	0.000000	nan
ASV_703_16S_022_3	ENV_NO3	1	nan	0.223555	nan	nan	nan	nan	nan	1	0	0	nan	0.000000	nan
ASV_1524_16S_3_200	ENV_NO3	3	nan	0.071761	nan	nan	nan	nan	nan	3	0	0	nan	0.000000	nan
OTU_2017_18S_3_200	ENV_NO3	2	nan	0.192150	nan	nan	nan	nan	nan	1	1	0	nan	0.000000	nan
ASV_814_16S_022_3	ENV_NO3	2	nan	0.186584	nan	nan	nan	nan	nan	1	1	0	nan	0.000000	nan
OTU_2020_18S_3_200	ENV_NO3	3	nan	0.243666	nan	nan	nan	nan	nan	0	3	0	nan	0.000000	nan
OTU_872_18S_022_3	ENV_NO3	2	nan	0.141274	nan	nan	nan	nan	nan	2	0	0	nan	0.000000	nan
ASV_1795_16S_022_3	ENV_NO3	3	nan	0.097537	nan	nan	nan	nan	nan	3	0	0	nan	0.000000	nan
ASV_455_16S_022_3	ENV_NO3	4	nan	0.391455	nan	nan	nan	nan	nan	0	4	0	nan	0.000000	nan
OTU_1999_18S_3_200	ENV_NO3	2	nan	0.073944	nan	nan	nan	nan	nan	1	1	0	nan	0.000000	nan
OTU_144_18S_022_3	ENV_NO3	3	nan	0.176439	nan	nan	nan	nan	nan	2	1	0	nan	0.000000	nan
OTU_613_18S_3_200	ENV_NO3	3	nan	0.254289	nan	nan	nan	nan	nan	2	1	0	nan	0.000000	nan
ASV_335_16S_022_3	ENV_NO3	3	nan	0.218914	nan	nan	nan	nan	nan	1	2	0	nan	0.000000	nan
OTU_222_18S_022_3	ENV_NO3	2	nan	0.310499	nan	nan	nan	nan	nan	0	2	0	nan	0.000000	nan
ASV_234_16S_022_3	ENV_NO3	2	nan	0.385224	nan	nan	nan	nan	nan	0	2	0	nan	0.000000	nan
OTU_100_18S_022_3	ENV_NO3	3	nan	0.110287	nan	nan	nan	nan	nan	2	1	0	nan	0.000000	nan
OTU_714_18S_022_3	ENV_NO3	3	nan	0.230994	nan	nan	nan	nan	nan	1	2	0	nan	0.000000	nan
OTU_2532_18S_3_200	ENV_NO3	6	nan	0.191259	nan	nan	nan	nan	nan	6	0	0	nan	0.000000	nan
OTU_350_18S_022_3	ENV_NO3	4	nan	0.146994	nan	nan	nan	nan	nan	3	1	0	nan	0.000000	nan
OTU_1536_18S_3_200	ENV_NO3	2	nan	0.249912	nan	nan	nan	nan	nan	1	1	0	nan	0.000000	nan
ASV_872_16S_022_3	ENV_NO3	3	nan	0.128141	nan	nan	nan	nan	nan	3	0	0	nan	0.000000	nan
ASV_1707_16S_022_3	ENV_NO3	5	nan	0.386695	nan	nan	nan	nan	nan	0	5	0	nan	0.000000	nan
OTU_887_18S_022_3	ENV_NO3	3	nan	0.244431	nan	nan	nan	nan	nan	3	0	0	nan	0.000000	nan
ASV_101_16S_022_3	ENV_NO3	3	nan	0.128499	nan	nan	nan	nan	nan	2	1	0	nan	0.000000	nan
OTU_588_18S_3_200	ENV_NO3	1	nan	0.119665	nan	nan	nan	nan	nan	1	0	0	nan	0.000000	nan
OTU_1413_18S_022_3	ENV_NO3	3	nan	0.093563	nan	nan	nan	nan	nan	1	2	0	nan	0.000000	nan
ASV_429_16S_022_3	ENV_NO3	2	nan	0.151291	nan	nan	nan	nan	nan	1	1	0	nan	0.000000	nan
ASV_1076_16S_022_3	ENV_NO3	3	nan	0.235415	nan	nan	nan	nan	nan	0	3	0	nan	0.000000	nan
OTU_146_18S_022_3	ENV_NO3	1	nan	0.186584	nan	nan	nan	nan	nan	0	1	0	nan	0.000000	nan
OTU_342_18S_022_3	ENV_NO3	2	nan	0.431420	nan	nan	nan	nan	nan	0	2	0	nan	0.000000	nan
ASV_654_16S_022_3	ENV_NO3	2	nan	0.467249	nan	nan	nan	nan	nan	0	2	0	nan	0.000000	nan
OTU_128_18S_022_3	ENV_NO3	1	nan	0.295594	nan	nan	nan	nan	nan	1	0	0	nan	0.000000	nan
ASV_364_16S_022_3	ENV_NO3	1	nan	0.255621	nan	nan	nan	nan	nan	0	1	0	nan	0.000000	nan
OTU_419_18S_3_200	ENV_NO3	5	nan	0.211022	nan	nan	nan	nan	nan	3	2	0	nan	0.000000	nan
OTU_2489_18S_3_200	ENV_NO3	5	nan	0.255416	nan	nan	nan	nan	nan	3	2	0	nan	0.000000	nan
OTU_436_18S_022_3	ENV_NO3	4	nan	0.240254	nan	nan	nan	nan	nan	1	3	0	nan	0.000000	nan
OTU_622_18S_3_200	ENV_NO3	5	nan	0.302193	nan	nan	nan	nan	nan	0	5	0	nan	0.000000	nan
OTU_507_18S_022_3	ENV_NO3	1	nan	0.377501	nan	nan	nan	nan	nan	0	1	0	nan	0.000000	nan
OTU_539_18S_3_200	ENV_NO3	2	nan	0.298478	nan	nan	nan	nan	nan	0	2	0	nan	0.000000	nan
ASV_1851_16S_022_3	ENV_NO3	3	nan	0.192353	nan	nan	nan	nan	nan	1	2	0	nan	0.000000	nan
ASV_51_16S_3_200	ENV_NO3	1	nan	0.244431	nan	nan	nan	nan	nan	1	0	0	nan	0.000000	nan
OTU_327_18S_022_3	ENV_NO3	3	nan	0.151325	nan	nan	nan	nan	nan	1	2	0	nan	0.000000	nan
ASV_1043_16S_022_3	ENV_NO3	6	nan	0.075735	nan	nan	nan	nan	nan	5	1	0	nan	0.000000	nan
OTU_619_18S_022_3	ENV_NO3	1	nan	0.141274	nan	nan	nan	nan	nan	1	0	0	nan	0.000000	nan
OTU_825_18S_022_3	ENV_NO3	2	nan	0.161898	nan	nan	nan	nan	nan	1	1	0	nan	0.000000	nan
ASV_134_16S_3_200	ENV_NO3	4	nan	0.223797	nan	nan	nan	nan	nan	1	3	0	nan	0.000000	nan
ASV_23_16S_022_3	ENV_NO3	5	nan	0.139350	nan	nan	nan	nan	nan	5	0	0	nan	0.000000	nan
ASV_1801_16S_022_3	ENV_NO3	2	nan	0.188927	nan	nan	nan	nan	nan	1	1	0	nan	0.000000	nan
ASV_1366_16S_022_3	ENV_NO3	3	nan	0.257207	nan	nan	nan	nan	nan	0	3	0	nan	0.000000	nan
OTU_1075_18S_022_3	ENV_NO3	3	nan	0.108682	nan	nan	nan	nan	nan	0	3	0	nan	0.000000	nan
ASV_1265_16S_022_3	ENV_NO3	4	nan	0.255416	nan	nan	nan	nan	nan	2	2	0	nan	0.000000	nan
ASV_253_16S_022_3	ENV_NO3	3	nan	0.206432	nan	nan	nan	nan	nan	2	1	0	nan	0.000000	nan
ASV_1397_16S_022_3	ENV_NO3	5	nan	0.071761	nan	nan	nan	nan	nan	4	1	0	nan	0.000000	nan
OTU_158_18S_022_3	ENV_NO3	2	nan	0.143861	nan	nan	nan	nan	nan	2	0	0	nan	0.000000	nan
OTU_243_18S_022_3	ENV_NO3	2	nan	0.250498	nan	nan	nan	nan	nan	0	2	0	nan	0.000000	nan
ASV_680_16S_022_3	ENV_NO3	2	nan	0.328586	nan	nan	nan	nan	nan	0	2	0	nan	0.000000	nan
OTU_270_18S_022_3	ENV_NO3	2	nan	0.141056	nan	nan	nan	nan	nan	2	0	0	nan	0.000000	nan
ASV_517_16S_022_3	ENV_NO3	3	nan	0.234948	nan	nan	nan	nan	nan	3	0	0	nan	0.000000	nan
ASV_1055_16S_022_3	ENV_NO3	4	nan	0.211812	nan	nan	nan	nan	nan	2	2	0	nan	0.000000	nan
OTU_2512_18S_3_200	ENV_NO3	4	nan	0.164101	nan	nan	nan	nan	nan	2	2	0	nan	0.000000	nan
OTU_940_18S_022_3	ENV_NO3	2	nan	0.108682	nan	nan	nan	nan	nan	1	1	0	nan	0.000000	nan
OTU_2823_18S_022_3	ENV_NO3	2	nan	0.128499	nan	nan	nan	nan	nan	0	2	0	nan	0.000000	nan
OTU_574_18S_022_3	ENV_NO3	3	nan	0.091445	nan	nan	nan	nan	nan	3	0	0	nan	0.000000	nan
ASV_505_16S_022_3	ENV_NO3	2	nan	0.370861	nan	nan	nan	nan	nan	0	1	1	nan	0.000000	nan
ASV_83_16S_022_3	ENV_NO3	3	nan	0.244809	nan	nan	nan	nan	nan	0	3	0	nan	0.000000	nan
ASV_575_16S_022_3	ENV_NO3	2	nan	0.185998	nan	nan	nan	nan	nan	0	2	0	nan	0.000000	nan
ASV_287_16S_022_3	ENV_NO3	2	nan	0.185168	nan	nan	nan	nan	nan	0	2	0	nan	0.000000	nan
ASV_478_16S_022_3	ENV_NO3	4	nan	0.249106	nan	nan	nan	nan	nan	3	1	0	nan	0.000000	nan
ASV_361_16S_022_3	ENV_NO3	3	nan	0.254333	nan	nan	nan	nan	nan	3	0	0	nan	0.000000	nan
OTU_413_18S_022_3	ENV_NO3	4	nan	0.150624	nan	nan	nan	nan	nan	1	3	0	nan	0.000000	nan
ASV_271_16S_022_3	ENV_NO3	3	nan	0.149878	nan	nan	nan	nan	nan	2	1	0	nan	0.000000	nan
OTU_335_18S_022_3	ENV_NO3	1	nan	0.145243	nan	nan	nan	nan	nan	1	0	0	nan	0.000000	nan
ASV_47_16S_022_3	ENV_NO3	3	nan	0.273046	nan	nan	nan	nan	nan	3	0	0	nan	0.000000	nan
ASV_289_16S_022_3	ENV_NO3	2	nan	0.153508	nan	nan	nan	nan	nan	1	1	0	nan	0.000000	nan
ASV_2009_16S_022_3	ENV_NO3	3	nan	0.141274	nan	nan	nan	nan	nan	3	0	0	nan	0.000000	nan
ASV_210_16S_022_3	ENV_NO3	3	nan	0.132294	nan	nan	nan	nan	nan	0	3	0	nan	0.000000	nan
ASV_54_16S_022_3	ENV_NO3	1	nan	0.213439	nan	nan	nan	nan	nan	0	1	0	nan	0.000000	nan
OTU_826_18S_022_3	ENV_NO3	2	nan	0.249106	nan	nan	nan	nan	nan	0	2	0	nan	0.000000	nan
OTU_393_18S_022_3	ENV_NO3	4	nan	0.328347	nan	nan	nan	nan	nan	1	3	0	nan	0.000000	nan
OTU_129_18S_022_3	ENV_NO3	1	nan	0.320743	nan	nan	nan	nan	nan	0	1	0	nan	0.000000	nan
OTU_698_18S_022_3	ENV_NO3	2	nan	0.306445	nan	nan	nan	nan	nan	1	1	0	nan	0.000000	nan
OTU_2018_18S_022_3	ENV_NO3	2	nan	0.088102	nan	nan	nan	nan	nan	2	0	0	nan	0.000000	nan
ASV_765_16S_022_3	ENV_NO3	2	nan	0.271201	nan	nan	nan	nan	nan	0	2	0	nan	0.000000	nan
ASV_1189_16S_022_3	ENV_NO3	2	nan	0.141274	nan	nan	nan	nan	nan	1	1	0	nan	0.000000	nan
ASV_176_16S_3_200	ENV_NO3	2	nan	0.287373	nan	nan	nan	nan	nan	0	1	1	nan	0.000000	nan
OTU_200_18S_022_3	ENV_NO3	3	nan	0.167125	nan	nan	nan	nan	nan	0	3	0	nan	0.000000	nan
OTU_1332_18S_022_3	ENV_NO3	3	nan	0.108682	nan	nan	nan	nan	nan	2	1	0	nan	0.000000	nan
OTU_1629_18S_022_3	ENV_NO3	2	nan	0.256798	nan	nan	nan	nan	nan	0	2	0	nan	0.000000	nan
ASV_1732_16S_022_3	ENV_NO3	2	nan	0.172426	nan	nan	nan	nan	nan	0	2	0	nan	0.000000	nan
OTU_660_18S_022_3	ENV_NO3	3	nan	0.223505	nan	nan	nan	nan	nan	1	2	0	nan	0.000000	nan
OTU_644_18S_022_3	ENV_NO3	3	nan	0.243666	nan	nan	nan	nan	nan	0	3	0	nan	0.000000	nan
OTU_716_18S_022_3	ENV_NO3	4	nan	0.222629	nan	nan	nan	nan	nan	2	2	0	nan	0.000000	nan
OTU_2848_18S_3_200	ENV_NO3	2	nan	0.151325	nan	nan	nan	nan	nan	1	1	0	nan	0.000000	nan
OTU_956_18S_022_3	ENV_NO3	3	nan	0.071761	nan	nan	nan	nan	nan	3	0	0	nan	0.000000	nan
OTU_653_18S_3_200	ENV_NO3	3	nan	0.105604	nan	nan	nan	nan	nan	2	1	0	nan	0.000000	nan
OTU_859_18S_3_200	ENV_NO3	3	nan	0.109904	nan	nan	nan	nan	nan	2	1	0	nan	0.000000	nan
OTU_148_18S_022_3	ENV_NO3	2	nan	0.234996	nan	nan	nan	nan	nan	1	1	0	nan	0.000000	nan
OTU_807_18S_022_3	ENV_NO3	3	nan	0.071761	nan	nan	nan	nan	nan	2	1	0	nan	0.000000	nan
ASV_1429_16S_022_3	ENV_NO3	3	nan	0.305455	nan	nan	nan	nan	nan	2	1	0	nan	0.000000	nan
ASV_84_16S_3_200	ENV_NO3	4	nan	0.144577	nan	nan	nan	nan	nan	2	2	0	nan	0.000000	nan
ASV_7_16S_022_3	ENV_NO3	4	nan	0.217362	nan	nan	nan	nan	nan	2	2	0	nan	0.000000	nan
OTU_166_18S_3_200	ENV_NO3	3	nan	0.212400	nan	nan	nan	nan	nan	1	2	0	nan	0.000000	nan
OTU_456_18S_022_3	ENV_NO3	3	nan	0.269993	nan	nan	nan	nan	nan	0	3	0	nan	0.000000	nan
OTU_547_18S_3_200	ENV_NO3	1	nan	0.119144	nan	nan	nan	nan	nan	1	0	0	nan	0.000000	nan
ASV_1028_16S_022_3	ENV_NO3	3	nan	0.233614	nan	nan	nan	nan	nan	1	2	0	nan	0.000000	nan
ASV_662_16S_3_200	ENV_NO3	4	nan	0.220123	nan	nan	nan	nan	nan	3	1	0	nan	0.000000	nan
OTU_445_18S_022_3	ENV_NO3	2	nan	0.144856	nan	nan	nan	nan	nan	0	2	0	nan	0.000000	nan
ASV_484_16S_022_3	ENV_NO3	1	nan	0.115872	nan	nan	nan	nan	nan	1	0	0	nan	0.000000	nan
OTU_1281_18S_022_3	ENV_NO3	2	nan	0.155299	nan	nan	nan	nan	nan	1	1	0	nan	0.000000	nan
OTU_3149_18S_022_3	ENV_NO3	1	nan	0.105604	nan	nan	nan	nan	nan	1	0	0	nan	0.000000	nan
OTU_1287_18S_022_3	ENV_NO3	1	nan	0.328586	nan	nan	nan	nan	nan	0	1	0	nan	0.000000	nan
OTU_514_18S_022_3	ENV_NO3	1	nan	0.161982	nan	nan	nan	nan	nan	1	0	0	nan	0.000000	nan
OTU_646_18S_022_3	ENV_NO3	1	nan	0.088102	nan	nan	nan	nan	nan	1	0	0	nan	0.000000	nan
ASV_769_16S_3_200	ENV_NO3	1	nan	0.080917	nan	nan	nan	nan	nan	1	0	0	nan	0.000000	nan
OTU_551_18S_022_3	ENV_NO3	4	nan	0.108682	nan	nan	nan	nan	nan	2	2	0	nan	0.000000	nan
ASV_957_16S_022_3	ENV_NO3	3	nan	0.220298	nan	nan	nan	nan	nan	3	0	0	nan	0.000000	nan
ASV_482_16S_022_3	ENV_NO3	2	nan	0.119144	nan	nan	nan	nan	nan	1	1	0	nan	0.000000	nan
OTU_232_18S_3_200	ENV_NO3	5	nan	0.208471	nan	nan	nan	nan	nan	0	5	0	nan	0.000000	nan
OTU_12_18S_3_200	ENV_NO3	2	nan	0.193561	nan	nan	nan	nan	nan	2	0	0	nan	0.000000	nan
ASV_235_16S_022_3	ENV_NO3	3	nan	0.333230	nan	nan	nan	nan	nan	1	2	0	nan	0.000000	nan
OTU_1606_18S_022_3	ENV_NO3	3	nan	0.255576	nan	nan	nan	nan	nan	2	1	0	nan	0.000000	nan
OTU_799_18S_022_3	ENV_NO3	1	nan	0.091445	nan	nan	nan	nan	nan	1	0	0	nan	0.000000	nan
OTU_39_18S_022_3	ENV_NO3	2	nan	0.216030	nan	nan	nan	nan	nan	2	0	0	nan	0.000000	nan
OTU_561_18S_022_3	ENV_NO3	2	nan	0.164101	nan	nan	nan	nan	nan	2	0	0	nan	0.000000	nan
OTU_2680_18S_022_3	ENV_NO3	3	nan	0.108682	nan	nan	nan	nan	nan	0	3	0	nan	0.000000	nan
ASV_317_16S_022_3	ENV_NO3	3	nan	0.395752	nan	nan	nan	nan	nan	0	3	0	nan	0.000000	nan
OTU_641_18S_3_200	ENV_NO3	3	nan	0.249022	nan	nan	nan	nan	nan	1	2	0	nan	0.000000	nan
OTU_455_18S_022_3	ENV_NO3	2	nan	0.108682	nan	nan	nan	nan	nan	2	0	0	nan	0.000000	nan
ASV_501_16S_022_3	ENV_NO3	4	nan	0.105604	nan	nan	nan	nan	nan	2	2	0	nan	0.000000	nan
OTU_1139_18S_022_3	ENV_NO3	4	nan	0.124446	nan	nan	nan	nan	nan	4	0	0	nan	0.000000	nan
ASV_363_16S_022_3	ENV_NO3	4	nan	0.223460	nan	nan	nan	nan	nan	4	0	0	nan	0.000000	nan
ASV_1458_16S_022_3	ENV_NO3	4	nan	0.161982	nan	nan	nan	nan	nan	3	1	0	nan	0.000000	nan
OTU_3068_18S_3_200	ENV_NO3	2	nan	0.108682	nan	nan	nan	nan	nan	1	1	0	nan	0.000000	nan
ASV_132_16S_022_3	ENV_NO3	3	nan	0.324373	nan	nan	nan	nan	nan	2	1	0	nan	0.000000	nan
OTU_1010_18S_022_3	ENV_NO3	2	nan	0.176012	nan	nan	nan	nan	nan	0	2	0	nan	0.000000	nan
ASV_1401_16S_022_3	ENV_NO3	6	nan	0.093563	nan	nan	nan	nan	nan	4	2	0	nan	0.000000	nan
ASV_6_16S_022_3	ENV_NO3	5	nan	0.214155	nan	nan	nan	nan	nan	0	3	2	nan	0.000000	nan
OTU_287_18S_022_3	ENV_NO3	2	nan	0.108682	nan	nan	nan	nan	nan	1	1	0	nan	0.000000	nan
ASV_2093_16S_022_3	ENV_NO3	5	nan	0.149943	nan	nan	nan	nan	nan	4	1	0	nan	0.000000	nan
OTU_3733_18S_022_3	ENV_NO3	1	nan	0.185168	nan	nan	nan	nan	nan	0	1	0	nan	0.000000	nan
OTU_733_18S_022_3	ENV_NO3	2	nan	0.108682	nan	nan	nan	nan	nan	1	1	0	nan	0.000000	nan
OTU_58_18S_022_3	ENV_NO3	3	nan	0.202832	nan	nan	nan	nan	nan	1	2	0	nan	0.000000	nan
OTU_1266_18S_3_200	ENV_NO3	4	nan	0.109701	nan	nan	nan	nan	nan	3	1	0	nan	0.000000	nan
OTU_999_18S_022_3	ENV_NO3	1	nan	0.268447	nan	nan	nan	nan	nan	0	1	0	nan	0.000000	nan
OTU_1245_18S_3_200	ENV_NO3	2	nan	0.140389	nan	nan	nan	nan	nan	1	1	0	nan	0.000000	nan
ASV_621_16S_022_3	ENV_NO3	2	nan	0.109904	nan	nan	nan	nan	nan	1	1	0	nan	0.000000	nan
OTU_1111_18S_3_200	ENV_NO3	3	nan	0.155299	nan	nan	nan	nan	nan	2	1	0	nan	0.000000	nan
ASV_430_16S_022_3	ENV_NO3	2	nan	0.309006	nan	nan	nan	nan	nan	2	0	0	nan	0.000000	nan
OTU_466_18S_022_3	ENV_NO3	3	nan	0.232824	nan	nan	nan	nan	nan	1	2	0	nan	0.000000	nan
ASV_799_16S_022_3	ENV_NO3	3	nan	0.071761	nan	nan	nan	nan	nan	2	1	0	nan	0.000000	nan
OTU_398_18S_3_200	ENV_NO3	3	nan	0.176012	nan	nan	nan	nan	nan	1	2	0	nan	0.000000	nan
OTU_241_18S_022_3	ENV_NO3	2	nan	0.145243	nan	nan	nan	nan	nan	2	0	0	nan	0.000000	nan
ASV_357_16S_022_3	ENV_NO3	3	nan	0.144577	nan	nan	nan	nan	nan	2	1	0	nan	0.000000	nan
ASV_787_16S_3_200	ENV_NO3	3	nan	0.222544	nan	nan	nan	nan	nan	2	1	0	nan	0.000000	nan
ASV_1769_16S_022_3	ENV_NO3	3	nan	0.402898	nan	nan	nan	nan	nan	1	1	1	nan	0.000000	nan
ASV_1858_16S_022_3	ENV_NO3	3	nan	0.201658	nan	nan	nan	nan	nan	3	0	0	nan	0.000000	nan
OTU_655_18S_022_3	ENV_NO3	2	nan	0.167666	nan	nan	nan	nan	nan	0	2	0	nan	0.000000	nan
ASV_332_16S_022_3	ENV_NO3	4	nan	0.242392	nan	nan	nan	nan	nan	4	0	0	nan	0.000000	nan
ASV_1062_16S_022_3	ENV_NO3	3	nan	0.083512	nan	nan	nan	nan	nan	3	0	0	nan	0.000000	nan
ASV_412_16S_3_200	ENV_NO3	1	nan	0.308663	nan	nan	nan	nan	nan	0	1	0	nan	0.000000	nan
OTU_577_18S_022_3	ENV_NO3	4	nan	0.145662	nan	nan	nan	nan	nan	2	2	0	nan	0.000000	nan
ASV_1379_16S_022_3	ENV_NO3	2	nan	0.149878	nan	nan	nan	nan	nan	2	0	0	nan	0.000000	nan
ASV_1748_16S_022_3	ENV_NO3	5	nan	0.314969	nan	nan	nan	nan	nan	2	3	0	nan	0.000000	nan
OTU_1210_18S_022_3	ENV_NO3	3	nan	0.119339	nan	nan	nan	nan	nan	2	1	0	nan	0.000000	nan
ASV_578_16S_022_3	ENV_NO3	2	nan	0.162484	nan	nan	nan	nan	nan	1	1	0	nan	0.000000	nan
OTU_26_18S_022_3	ENV_NO3	2	nan	0.409910	nan	nan	nan	nan	nan	0	1	1	nan	0.000000	nan
ASV_300_16S_022_3	ENV_NO3	4	nan	0.172809	nan	nan	nan	nan	nan	0	4	0	nan	0.000000	nan
OTU_338_18S_022_3	ENV_NO3	2	nan	0.230994	nan	nan	nan	nan	nan	2	0	0	nan	0.000000	nan
ASV_928_16S_022_3	ENV_NO3	4	nan	0.381096	nan	nan	nan	nan	nan	0	4	0	nan	0.000000	nan
ASV_462_16S_3_200	ENV_NO3	2	nan	0.268610	nan	nan	nan	nan	nan	0	2	0	nan	0.000000	nan
ASV_462_16S_022_3	ENV_NO3	3	nan	0.311891	nan	nan	nan	nan	nan	1	2	0	nan	0.000000	nan
OTU_767_18S_3_200	ENV_NO3	4	nan	0.235908	nan	nan	nan	nan	nan	1	3	0	nan	0.000000	nan
OTU_5822_18S_3_200	ENV_NO3	4	nan	0.243666	nan	nan	nan	nan	nan	0	4	0	nan	0.000000	nan
OTU_6_18S_022_3	ENV_NO3	2	nan	0.232487	nan	nan	nan	nan	nan	1	1	0	nan	0.000000	nan
OTU_268_18S_3_200	ENV_NO3	3	nan	0.318357	nan	nan	nan	nan	nan	0	3	0	nan	0.000000	nan
OTU_535_18S_022_3	ENV_NO3	3	nan	0.140484	nan	nan	nan	nan	nan	3	0	0	nan	0.000000	nan
OTU_2088_18S_3_200	ENV_NO3	3	nan	0.228110	nan	nan	nan	nan	nan	1	2	0	nan	0.000000	nan
ASV_2085_16S_022_3	ENV_NO3	4	nan	0.223460	nan	nan	nan	nan	nan	3	1	0	nan	0.000000	nan
OTU_1262_18S_022_3	ENV_NO3	3	nan	0.119339	nan	nan	nan	nan	nan	2	1	0	nan	0.000000	nan
ASV_84_16S_022_3	ENV_NO3	2	nan	0.142901	nan	nan	nan	nan	nan	2	0	0	nan	0.000000	nan
OTU_3210_18S_3_200	ENV_NO3	4	nan	0.234863	nan	nan	nan	nan	nan	2	2	0	nan	0.000000	nan
OTU_2297_18S_022_3	ENV_NO3	3	nan	0.156190	nan	nan	nan	nan	nan	2	1	0	nan	0.000000	nan
ASV_986_16S_022_3	ENV_NO3	1	nan	0.151325	nan	nan	nan	nan	nan	1	0	0	nan	0.000000	nan
ASV_1734_16S_022_3	ENV_NO3	4	nan	0.128141	nan	nan	nan	nan	nan	2	2	0	nan	0.000000	nan
ASV_1394_16S_022_3	ENV_NO3	5	nan	0.307131	nan	nan	nan	nan	nan	3	2	0	nan	0.000000	nan
ASV_13_16S_022_3	ENV_NO3	5	nan	0.150624	nan	nan	nan	nan	nan	1	4	0	nan	0.000000	nan
OTU_1024_18S_022_3	ENV_NO3	6	nan	0.207705	nan	nan	nan	nan	nan	3	3	0	nan	0.000000	nan
OTU_87_18S_022_3	ENV_NO3	2	nan	0.282396	nan	nan	nan	nan	nan	1	1	0	nan	0.000000	nan
ASV_1328_16S_022_3	ENV_NO3	2	nan	0.073944	nan	nan	nan	nan	nan	2	0	0	nan	0.000000	nan
OTU_402_18S_022_3	ENV_NO3	1	nan	0.314264	nan	nan	nan	nan	nan	0	1	0	nan	0.000000	nan
OTU_1573_18S_022_3	ENV_NO3	2	nan	0.197814	nan	nan	nan	nan	nan	2	0	0	nan	0.000000	nan
OTU_920_18S_022_3	ENV_NO3	2	nan	0.071761	nan	nan	nan	nan	nan	1	1	0	nan	0.000000	nan
ASV_1382_16S_022_3	ENV_NO3	4	nan	0.128499	nan	nan	nan	nan	nan	1	3	0	nan	0.000000	nan
OTU_910_18S_022_3	ENV_NO3	3	nan	0.151325	nan	nan	nan	nan	nan	1	2	0	nan	0.000000	nan
OTU_1647_18S_022_3	ENV_NO3	2	nan	0.088102	nan	nan	nan	nan	nan	2	0	0	nan	0.000000	nan
ASV_1697_16S_022_3	ENV_NO3	4	nan	0.105314	nan	nan	nan	nan	nan	3	1	0	nan	0.000000	nan
OTU_977_18S_022_3	ENV_NO3	2	nan	0.151325	nan	nan	nan	nan	nan	1	1	0	nan	0.000000	nan
OTU_1386_18S_022_3	ENV_NO3	3	nan	0.291376	nan	nan	nan	nan	nan	0	3	0	nan	0.000000	nan
ASV_1869_16S_022_3	ENV_NO3	4	nan	0.223460	nan	nan	nan	nan	nan	1	3	0	nan	0.000000	nan
OTU_131_18S_3_200	ENV_NO3	1	nan	0.220838	nan	nan	nan	nan	nan	1	0	0	nan	0.000000	nan
ASV_1215_16S_3_200	ENV_NO3	4	nan	0.341964	nan	nan	nan	nan	nan	0	4	0	nan	0.000000	nan
OTU_3190_18S_3_200	ENV_NO3	3	nan	0.149943	nan	nan	nan	nan	nan	2	1	0	nan	0.000000	nan
OTU_3774_18S_3_200	ENV_NO3	2	nan	0.104136	nan	nan	nan	nan	nan	2	0	0	nan	0.000000	nan
OTU_1707_18S_022_3	ENV_NO3	3	nan	0.151325	nan	nan	nan	nan	nan	2	1	0	nan	0.000000	nan
OTU_911_18S_3_200	ENV_NO3	6	nan	0.188181	nan	nan	nan	nan	nan	4	2	0	nan	0.000000	nan
OTU_498_18S_3_200	ENV_NO3	4	nan	0.262518	nan	nan	nan	nan	nan	1	3	0	nan	0.000000	nan
OTU_1094_18S_022_3	ENV_NO3	3	nan	0.108682	nan	nan	nan	nan	nan	1	2	0	nan	0.000000	nan
OTU_310_18S_022_3	ENV_NO3	2	nan	0.143861	nan	nan	nan	nan	nan	2	0	0	nan	0.000000	nan
ASV_515_16S_022_3	ENV_NO3	3	nan	0.310961	nan	nan	nan	nan	nan	0	3	0	nan	0.000000	nan
ASV_1145_16S_022_3	ENV_NO3	2	nan	0.105604	nan	nan	nan	nan	nan	2	0	0	nan	0.000000	nan
ASV_31_16S_022_3	ENV_NO3	1	nan	0.144577	nan	nan	nan	nan	nan	1	0	0	nan	0.000000	nan
ASV_59_16S_022_3	ENV_NO3	1	nan	0.108682	nan	nan	nan	nan	nan	1	0	0	nan	0.000000	nan
OTU_50_18S_022_3	ENV_NO3	6	nan	0.319818	nan	nan	nan	nan	nan	2	3	1	nan	0.000000	nan
OTU_766_18S_022_3	ENV_NO3	2	nan	0.240175	nan	nan	nan	nan	nan	2	0	0	nan	0.000000	nan
OTU_829_18S_3_200	ENV_NO3	3	nan	0.285873	nan	nan	nan	nan	nan	0	3	0	nan	0.000000	nan
ASV_1563_16S_022_3	ENV_NO3	4	nan	0.287373	nan	nan	nan	nan	nan	2	2	0	nan	0.000000	nan
OTU_1891_18S_022_3	ENV_NO3	1	nan	0.109904	nan	nan	nan	nan	nan	1	0	0	nan	0.000000	nan
OTU_249_18S_3_200	ENV_NO3	6	nan	0.197814	nan	nan	nan	nan	nan	4	2	0	nan	0.000000	nan
OTU_558_18S_022_3	ENV_NO3	5	nan	0.122775	nan	nan	nan	nan	nan	4	1	0	nan	0.000000	nan
ASV_156_16S_022_3	ENV_NO3	4	nan	0.124446	nan	nan	nan	nan	nan	4	0	0	nan	0.000000	nan
OTU_191_18S_022_3	ENV_NO3	3	nan	0.128499	nan	nan	nan	nan	nan	2	1	0	nan	0.000000	nan
ASV_153_16S_022_3	ENV_NO3	3	nan	0.229442	nan	nan	nan	nan	nan	2	1	0	nan	0.000000	nan
ASV_1490_16S_022_3	ENV_NO3	3	nan	0.190479	nan	nan	nan	nan	nan	1	2	0	nan	0.000000	nan
ASV_89_16S_022_3	ENV_NO3	5	nan	0.204756	nan	nan	nan	nan	nan	1	4	0	nan	0.000000	nan
ASV_2083_16S_022_3	ENV_NO3	3	nan	0.281222	nan	nan	nan	nan	nan	0	3	0	nan	0.000000	nan
OTU_1485_18S_022_3	ENV_NO3	3	nan	0.161982	nan	nan	nan	nan	nan	1	2	0	nan	0.000000	nan
OTU_214_18S_022_3	ENV_NO3	3	nan	0.255576	nan	nan	nan	nan	nan	3	0	0	nan	0.000000	nan
OTU_611_18S_022_3	ENV_NO3	1	nan	0.167666	nan	nan	nan	nan	nan	0	1	0	nan	0.000000	nan
ASV_553_16S_022_3	ENV_NO3	4	nan	0.282182	nan	nan	nan	nan	nan	1	3	0	nan	0.000000	nan
OTU_511_18S_022_3	ENV_NO3	2	nan	0.163076	nan	nan	nan	nan	nan	0	2	0	nan	0.000000	nan
ASV_871_16S_022_3	ENV_NO3	5	nan	0.221798	nan	nan	nan	nan	nan	3	2	0	nan	0.000000	nan
ASV_37_16S_022_3	ENV_NO3	1	nan	0.185168	nan	nan	nan	nan	nan	1	0	0	nan	0.000000	nan
ASV_53_16S_022_3	ENV_NO3	3	nan	0.292710	nan	nan	nan	nan	nan	1	2	0	nan	0.000000	nan
OTU_2179_18S_3_200	ENV_NO3	3	nan	0.177234	nan	nan	nan	nan	nan	3	0	0	nan	0.000000	nan
ASV_643_16S_022_3	ENV_NO3	4	nan	0.164867	nan	nan	nan	nan	nan	2	2	0	nan	0.000000	nan
ASV_1374_16S_022_3	ENV_NO3	4	nan	0.272877	nan	nan	nan	nan	nan	1	3	0	nan	0.000000	nan
OTU_1449_18S_022_3	ENV_NO3	1	nan	0.108682	nan	nan	nan	nan	nan	0	1	0	nan	0.000000	nan
ASV_610_16S_3_200	ENV_NO3	3	nan	0.108682	nan	nan	nan	nan	nan	1	2	0	nan	0.000000	nan
OTU_1334_18S_022_3	ENV_NO3	2	nan	0.127406	nan	nan	nan	nan	nan	2	0	0	nan	0.000000	nan
OTU_1509_18S_022_3	ENV_NO3	2	nan	0.151325	nan	nan	nan	nan	nan	0	2	0	nan	0.000000	nan
OTU_582_18S_022_3	ENV_NO3	3	nan	0.120169	nan	nan	nan	nan	nan	1	2	0	nan	0.000000	nan
ASV_958_16S_022_3	ENV_NO3	3	nan	0.328933	nan	nan	nan	nan	nan	1	2	0	nan	0.000000	nan
OTU_145_18S_022_3	ENV_NO3	2	nan	0.208386	nan	nan	nan	nan	nan	0	2	0	nan	0.000000	nan
OTU_2105_18S_022_3	ENV_NO3	3	nan	0.183452	nan	nan	nan	nan	nan	1	2	0	nan	0.000000	nan
OTU_1924_18S_3_200	ENV_NO3	4	nan	0.202339	nan	nan	nan	nan	nan	2	2	0	nan	0.000000	nan
OTU_676_18S_022_3	ENV_NO3	2	nan	0.197814	nan	nan	nan	nan	nan	1	1	0	nan	0.000000	nan
ASV_1560_16S_022_3	ENV_NO3	3	nan	0.238578	nan	nan	nan	nan	nan	3	0	0	nan	0.000000	nan
OTU_2878_18S_022_3	ENV_NO3	3	nan	0.255576	nan	nan	nan	nan	nan	0	3	0	nan	0.000000	nan
ASV_932_16S_3_200	ENV_NO3	5	nan	0.128499	nan	nan	nan	nan	nan	2	3	0	nan	0.000000	nan
OTU_1285_18S_022_3	ENV_NO3	5	nan	0.192353	nan	nan	nan	nan	nan	3	2	0	nan	0.000000	nan
OTU_839_18S_3_200	ENV_NO3	4	nan	0.149943	nan	nan	nan	nan	nan	2	2	0	nan	0.000000	nan
OTU_2876_18S_3_200	ENV_NO3	4	nan	0.220838	nan	nan	nan	nan	nan	0	4	0	nan	0.000000	nan
ASV_453_16S_022_3	ENV_NO3	3	nan	0.328670	nan	nan	nan	nan	nan	1	2	0	nan	0.000000	nan
OTU_1743_18S_022_3	ENV_NO3	1	nan	0.112586	nan	nan	nan	nan	nan	1	0	0	nan	0.000000	nan
ASV_128_16S_022_3	ENV_NO3	3	nan	0.355032	nan	nan	nan	nan	nan	1	2	0	nan	0.000000	nan
OTU_1362_18S_022_3	ENV_NO3	3	nan	0.185903	nan	nan	nan	nan	nan	2	1	0	nan	0.000000	nan
ASV_413_16S_022_3	ENV_NO3	4	nan	0.185998	nan	nan	nan	nan	nan	1	3	0	nan	0.000000	nan
ASV_297_16S_3_200	ENV_NO3	2	nan	0.149878	nan	nan	nan	nan	nan	1	1	0	nan	0.000000	nan
OTU_743_18S_022_3	ENV_NO3	1	nan	0.108682	nan	nan	nan	nan	nan	0	1	0	nan	0.000000	nan
OTU_1077_18S_022_3	ENV_NO3	5	nan	0.141274	nan	nan	nan	nan	nan	5	0	0	nan	0.000000	nan
OTU_1594_18S_022_3	ENV_NO3	3	nan	0.271917	nan	nan	nan	nan	nan	0	3	0	nan	0.000000	nan
ASV_622_16S_022_3	ENV_NO3	4	nan	0.166658	nan	nan	nan	nan	nan	1	3	0	nan	0.000000	nan
OTU_831_18S_022_3	ENV_NO3	2	nan	0.145662	nan	nan	nan	nan	nan	0	2	0	nan	0.000000	nan
OTU_9_18S_022_3	ENV_NO3	1	nan	0.307917	nan	nan	nan	nan	nan	0	1	0	nan	0.000000	nan
OTU_2133_18S_022_3	ENV_NO3	3	nan	0.151325	nan	nan	nan	nan	nan	0	3	0	nan	0.000000	nan
OTU_2466_18S_3_200	ENV_NO3	3	nan	0.197814	nan	nan	nan	nan	nan	2	1	0	nan	0.000000	nan
OTU_1613_18S_022_3	ENV_NO3	1	nan	0.080917	nan	nan	nan	nan	nan	1	0	0	nan	0.000000	nan
ASV_1049_16S_022_3	ENV_NO3	2	nan	0.385472	nan	nan	nan	nan	nan	0	2	0	nan	0.000000	nan
ASV_224_16S_022_3	ENV_NO3	2	nan	0.372449	nan	nan	nan	nan	nan	0	2	0	nan	0.000000	nan
OTU_390_18S_3_200	ENV_NO3	3	nan	0.167666	nan	nan	nan	nan	nan	0	3	0	nan	0.000000	nan
OTU_1905_18S_022_3	ENV_NO3	2	nan	0.108682	nan	nan	nan	nan	nan	1	1	0	nan	0.000000	nan
ASV_1250_16S_022_3	ENV_NO3	4	nan	0.313766	nan	nan	nan	nan	nan	0	4	0	nan	0.000000	nan
OTU_2035_18S_022_3	ENV_NO3	4	nan	0.108682	nan	nan	nan	nan	nan	2	2	0	nan	0.000000	nan
OTU_5407_18S_3_200	ENV_NO3	5	nan	0.151325	nan	nan	nan	nan	nan	1	4	0	nan	0.000000	nan
ASV_337_16S_022_3	ENV_NO3	2	nan	0.240049	nan	nan	nan	nan	nan	2	0	0	nan	0.000000	nan
OTU_260_18S_022_3	ENV_NO3	2	nan	0.108682	nan	nan	nan	nan	nan	1	1	0	nan	0.000000	nan
OTU_677_18S_022_3	ENV_NO3	1	nan	0.255576	nan	nan	nan	nan	nan	0	1	0	nan	0.000000	nan
OTU_3342_18S_3_200	ENV_NO3	3	nan	0.202339	nan	nan	nan	nan	nan	1	2	0	nan	0.000000	nan
OTU_847_18S_022_3	ENV_NO3	3	nan	0.128141	nan	nan	nan	nan	nan	2	1	0	nan	0.000000	nan
OTU_2856_18S_022_3	ENV_NO3	3	nan	0.108682	nan	nan	nan	nan	nan	3	0	0	nan	0.000000	nan
ASV_1201_16S_022_3	ENV_NO3	4	nan	0.108682	nan	nan	nan	nan	nan	2	2	0	nan	0.000000	nan
OTU_2626_18S_022_3	ENV_NO3	1	nan	0.071761	nan	nan	nan	nan	nan	1	0	0	nan	0.000000	nan
OTU_1545_18S_022_3	ENV_NO3	4	nan	0.233614	nan	nan	nan	nan	nan	0	4	0	nan	0.000000	nan
OTU_1154_18S_022_3	ENV_NO3	2	nan	0.216776	nan	nan	nan	nan	nan	2	0	0	nan	0.000000	nan
ASV_290_16S_022_3	ENV_NO3	2	nan	0.229442	nan	nan	nan	nan	nan	1	1	0	nan	0.000000	nan
OTU_877_18S_022_3	ENV_NO3	2	nan	0.126744	nan	nan	nan	nan	nan	2	0	0	nan	0.000000	nan
ASV_1825_16S_022_3	ENV_NO3	3	nan	0.186669	nan	nan	nan	nan	nan	0	3	0	nan	0.000000	nan
ASV_66_16S_3_200	ENV_NO3	4	nan	0.338069	nan	nan	nan	nan	nan	0	4	0	nan	0.000000	nan
OTU_78_18S_022_3	ENV_NO3	1	nan	0.345171	nan	nan	nan	nan	nan	0	1	0	nan	0.000000	nan
ASV_337_16S_3_200	ENV_NO3	3	nan	0.422070	nan	nan	nan	nan	nan	0	3	0	nan	0.000000	nan
ASV_2185_16S_022_3	ENV_NO3	4	nan	0.109904	nan	nan	nan	nan	nan	1	3	0	nan	0.000000	nan
OTU_1561_18S_022_3	ENV_NO3	3	nan	0.119339	nan	nan	nan	nan	nan	2	1	0	nan	0.000000	nan
OTU_2576_18S_022_3	ENV_NO3	2	nan	0.151325	nan	nan	nan	nan	nan	1	1	0	nan	0.000000	nan
OTU_2176_18S_022_3	ENV_NO3	1	nan	0.108682	nan	nan	nan	nan	nan	0	1	0	nan	0.000000	nan
OTU_2919_18S_022_3	ENV_NO3	2	nan	0.214155	nan	nan	nan	nan	nan	1	1	0	nan	0.000000	nan
ASV_26_16S_3_200	ENV_NO3	1	nan	0.327806	nan	nan	nan	nan	nan	1	0	0	nan	0.000000	nan
ASV_185_16S_022_3	ENV_NO3	4	nan	0.303238	nan	nan	nan	nan	nan	1	3	0	nan	0.000000	nan
OTU_2375_18S_022_3	ENV_NO3	2	nan	0.105314	nan	nan	nan	nan	nan	2	0	0	nan	0.000000	nan
ASV_298_16S_022_3	ENV_NO3	4	nan	0.119144	nan	nan	nan	nan	nan	3	1	0	nan	0.000000	nan
ASV_384_16S_022_3	ENV_NO3	2	nan	0.168796	nan	nan	nan	nan	nan	1	1	0	nan	0.000000	nan
OTU_2750_18S_3_200	ENV_NO3	7	nan	0.108682	nan	nan	nan	nan	nan	5	2	0	nan	0.000000	nan
ASV_1728_16S_022_3	ENV_NO3	2	nan	0.177653	nan	nan	nan	nan	nan	0	2	0	nan	0.000000	nan
OTU_152_18S_3_200	ENV_NO3	1	nan	0.290835	nan	nan	nan	nan	nan	0	1	0	nan	0.000000	nan
ASV_561_16S_022_3	ENV_NO3	4	nan	0.388894	nan	nan	nan	nan	nan	0	4	0	nan	0.000000	nan
OTU_2656_18S_022_3	ENV_NO3	2	nan	0.109904	nan	nan	nan	nan	nan	2	0	0	nan	0.000000	nan
ASV_918_16S_022_3	ENV_NO3	3	nan	0.273251	nan	nan	nan	nan	nan	1	2	0	nan	0.000000	nan
OTU_1106_18S_3_200	ENV_NO3	4	nan	0.197814	nan	nan	nan	nan	nan	2	2	0	nan	0.000000	nan
ASV_1566_16S_022_3	ENV_NO3	2	nan	0.288035	nan	nan	nan	nan	nan	0	2	0	nan	0.000000	nan
ASV_85_16S_022_3	ENV_NO3	1	nan	0.145662	nan	nan	nan	nan	nan	1	0	0	nan	0.000000	nan
OTU_1014_18S_022_3	ENV_NO3	4	nan	0.173516	nan	nan	nan	nan	nan	2	2	0	nan	0.000000	nan
ASV_631_16S_022_3	ENV_NO3	2	nan	0.234202	nan	nan	nan	nan	nan	2	0	0	nan	0.000000	nan
ASV_737_16S_022_3	ENV_NO3	2	nan	0.341868	nan	nan	nan	nan	nan	0	2	0	nan	0.000000	nan
ASV_431_16S_3_200	ENV_NO3	4	nan	0.394662	nan	nan	nan	nan	nan	0	3	1	nan	0.000000	nan
ASV_113_16S_3_200	ENV_NO3	2	nan	0.224420	nan	nan	nan	nan	nan	2	0	0	nan	0.000000	nan
OTU_563_18S_022_3	ENV_NO3	2	nan	0.119339	nan	nan	nan	nan	nan	0	2	0	nan	0.000000	nan
OTU_788_18S_022_3	ENV_NO3	2	nan	0.131706	nan	nan	nan	nan	nan	1	1	0	nan	0.000000	nan
ASV_479_16S_022_3	ENV_NO3	3	nan	0.364631	nan	nan	nan	nan	nan	1	2	0	nan	0.000000	nan
ASV_725_16S_022_3	ENV_NO3	4	nan	0.323334	nan	nan	nan	nan	nan	1	3	0	nan	0.000000	nan
OTU_985_18S_022_3	ENV_NO3	3	nan	0.149943	nan	nan	nan	nan	nan	1	2	0	nan	0.000000	nan
ASV_976_16S_022_3	ENV_NO3	1	nan	0.240175	nan	nan	nan	nan	nan	1	0	0	nan	0.000000	nan
ASV_216_16S_3_200	ENV_NO3	2	nan	0.283112	nan	nan	nan	nan	nan	0	2	0	nan	0.000000	nan
ASV_563_16S_022_3	ENV_NO3	2	nan	0.314687	nan	nan	nan	nan	nan	1	1	0	nan	0.000000	nan
ASV_1058_16S_022_3	ENV_NO3	3	nan	0.211812	nan	nan	nan	nan	nan	2	1	0	nan	0.000000	nan
OTU_384_18S_022_3	ENV_NO3	4	nan	0.128499	nan	nan	nan	nan	nan	1	3	0	nan	0.000000	nan
OTU_1961_18S_022_3	ENV_NO3	2	nan	0.172809	nan	nan	nan	nan	nan	1	1	0	nan	0.000000	nan
ASV_1687_16S_022_3	ENV_NO3	2	nan	0.245943	nan	nan	nan	nan	nan	0	2	0	nan	0.000000	nan
OTU_419_18S_022_3	ENV_NO3	3	nan	0.174724	nan	nan	nan	nan	nan	2	1	0	nan	0.000000	nan
ASV_140_16S_3_200	ENV_NO3	5	nan	0.126744	nan	nan	nan	nan	nan	5	0	0	nan	0.000000	nan
ASV_392_16S_022_3	ENV_NO3	2	nan	0.166035	nan	nan	nan	nan	nan	2	0	0	nan	0.000000	nan
ASV_537_16S_022_3	ENV_NO3	2	nan	0.232064	nan	nan	nan	nan	nan	2	0	0	nan	0.000000	nan
OTU_1290_18S_3_200	ENV_NO3	3	nan	0.192150	nan	nan	nan	nan	nan	2	1	0	nan	0.000000	nan
OTU_866_18S_022_3	ENV_NO3	6	nan	0.108682	nan	nan	nan	nan	nan	5	1	0	nan	0.000000	nan
ASV_274_16S_3_200	ENV_NO3	4	nan	0.192552	nan	nan	nan	nan	nan	3	1	0	nan	0.000000	nan
ASV_282_16S_022_3	ENV_NO3	2	nan	0.140558	nan	nan	nan	nan	nan	2	0	0	nan	0.000000	nan
ASV_390_16S_3_200	ENV_NO3	4	nan	0.144233	nan	nan	nan	nan	nan	3	1	0	nan	0.000000	nan
ASV_175_16S_022_3	ENV_NO3	3	nan	0.300900	nan	nan	nan	nan	nan	1	2	0	nan	0.000000	nan
ASV_890_16S_022_3	ENV_NO3	3	nan	0.277174	nan	nan	nan	nan	nan	2	1	0	nan	0.000000	nan
ASV_664_16S_022_3	ENV_NO3	1	nan	0.234996	nan	nan	nan	nan	nan	0	1	0	nan	0.000000	nan
ASV_466_16S_022_3	ENV_NO3	4	nan	0.187713	nan	nan	nan	nan	nan	1	3	0	nan	0.000000	nan
OTU_138_18S_3_200	ENV_NO3	1	nan	0.170348	nan	nan	nan	nan	nan	0	1	0	nan	0.000000	nan
OTU_1142_18S_022_3	ENV_NO3	6	nan	0.255576	nan	nan	nan	nan	nan	1	5	0	nan	0.000000	nan
OTU_345_18S_022_3	ENV_NO3	4	nan	0.292541	nan	nan	nan	nan	nan	1	3	0	nan	0.000000	nan
ASV_805_16S_022_3	ENV_NO3	2	nan	0.176439	nan	nan	nan	nan	nan	1	1	0	nan	0.000000	nan
ASV_1254_16S_022_3	ENV_NO3	2	nan	0.172809	nan	nan	nan	nan	nan	0	2	0	nan	0.000000	nan
OTU_671_18S_022_3	ENV_NO3	2	nan	0.226016	nan	nan	nan	nan	nan	1	1	0	nan	0.000000	nan
ASV_1523_16S_022_3	ENV_NO3	3	nan	0.128499	nan	nan	nan	nan	nan	2	1	0	nan	0.000000	nan
OTU_2005_18S_3_200	ENV_NO3	4	nan	0.184506	nan	nan	nan	nan	nan	3	1	0	nan	0.000000	nan
ASV_414_16S_022_3	ENV_NO3	3	nan	0.151584	nan	nan	nan	nan	nan	3	0	0	nan	0.000000	nan
ASV_1578_16S_022_3	ENV_NO3	1	nan	0.207705	nan	nan	nan	nan	nan	0	1	0	nan	0.000000	nan
OTU_2812_18S_3_200	ENV_NO3	3	nan	0.314561	nan	nan	nan	nan	nan	0	3	0	nan	0.000000	nan
ASV_570_16S_022_3	ENV_NO3	1	nan	0.233072	nan	nan	nan	nan	nan	1	0	0	nan	0.000000	nan
ASV_1587_16S_022_3	ENV_NO3	6	nan	0.146248	nan	nan	nan	nan	nan	4	2	0	nan	0.000000	nan
ASV_1584_16S_022_3	ENV_NO3	3	nan	0.250498	nan	nan	nan	nan	nan	2	1	0	nan	0.000000	nan
ASV_878_16S_022_3	ENV_NO3	5	nan	0.305908	nan	nan	nan	nan	nan	2	3	0	nan	0.000000	nan
OTU_1216_18S_022_3	ENV_NO3	2	nan	0.141274	nan	nan	nan	nan	nan	1	1	0	nan	0.000000	nan
ASV_1322_16S_022_3	ENV_NO3	2	nan	0.109904	nan	nan	nan	nan	nan	2	0	0	nan	0.000000	nan
OTU_610_18S_3_200	ENV_NO3	4	nan	0.109904	nan	nan	nan	nan	nan	3	1	0	nan	0.000000	nan
ASV_235_16S_3_200	ENV_NO3	3	nan	0.230188	nan	nan	nan	nan	nan	2	1	0	nan	0.000000	nan
ASV_476_16S_022_3	ENV_NO3	3	nan	0.257217	nan	nan	nan	nan	nan	2	1	0	nan	0.000000	nan
ASV_260_16S_022_3	ENV_NO3	3	nan	0.316729	nan	nan	nan	nan	nan	1	2	0	nan	0.000000	nan
OTU_662_18S_022_3	ENV_NO3	3	nan	0.197654	nan	nan	nan	nan	nan	1	2	0	nan	0.000000	nan
ASV_233_16S_022_3	ENV_NO3	3	nan	0.321612	nan	nan	nan	nan	nan	1	2	0	nan	0.000000	nan
OTU_3811_18S_3_200	ENV_NO3	3	nan	0.108682	nan	nan	nan	nan	nan	2	1	0	nan	0.000000	nan
ASV_228_16S_022_3	ENV_NO3	1	nan	0.105604	nan	nan	nan	nan	nan	1	0	0	nan	0.000000	nan
ASV_812_16S_3_200	ENV_NO3	1	nan	0.172809	nan	nan	nan	nan	nan	1	0	0	nan	0.000000	nan
OTU_2135_18S_022_3	ENV_NO3	4	nan	0.167666	nan	nan	nan	nan	nan	1	3	0	nan	0.000000	nan
OTU_732_18S_022_3	ENV_NO3	1	nan	0.149943	nan	nan	nan	nan	nan	1	0	0	nan	0.000000	nan
OTU_2867_18S_3_200	ENV_NO3	3	nan	0.071761	nan	nan	nan	nan	nan	3	0	0	nan	0.000000	nan
ASV_334_16S_022_3	ENV_NO3	2	nan	0.389317	nan	nan	nan	nan	nan	0	2	0	nan	0.000000	nan
OTU_2383_18S_022_3	ENV_NO3	2	nan	0.270824	nan	nan	nan	nan	nan	1	1	0	nan	0.000000	nan
OTU_32_18S_3_200	ENV_NO3	1	nan	0.191259	nan	nan	nan	nan	nan	0	1	0	nan	0.000000	nan
ASV_499_16S_022_3	ENV_NO3	3	nan	0.259713	nan	nan	nan	nan	nan	1	2	0	nan	0.000000	nan
ASV_673_16S_022_3	ENV_NO3	3	nan	0.264071	nan	nan	nan	nan	nan	0	3	0	nan	0.000000	nan
OTU_1219_18S_3_200	ENV_NO3	5	nan	0.151325	nan	nan	nan	nan	nan	1	4	0	nan	0.000000	nan
OTU_4934_18S_3_200	ENV_NO3	4	nan	0.192353	nan	nan	nan	nan	nan	2	2	0	nan	0.000000	nan
OTU_680_18S_3_200	ENV_NO3	3	nan	0.163076	nan	nan	nan	nan	nan	3	0	0	nan	0.000000	nan
OTU_4302_18S_022_3	ENV_NO3	3	nan	0.176012	nan	nan	nan	nan	nan	2	1	0	nan	0.000000	nan
ASV_449_16S_022_3	ENV_NO3	3	nan	0.185838	nan	nan	nan	nan	nan	1	2	0	nan	0.000000	nan
ASV_513_16S_022_3	ENV_NO3	3	nan	0.232487	nan	nan	nan	nan	nan	1	2	0	nan	0.000000	nan
OTU_430_18S_3_200	ENV_NO3	5	nan	0.244431	nan	nan	nan	nan	nan	2	3	0	nan	0.000000	nan
ASV_797_16S_022_3	ENV_NO3	2	nan	0.375040	nan	nan	nan	nan	nan	1	1	0	nan	0.000000	nan
OTU_267_18S_022_3	ENV_NO3	2	nan	0.243600	nan	nan	nan	nan	nan	0	2	0	nan	0.000000	nan
OTU_1123_18S_3_200	ENV_NO3	4	nan	0.176439	nan	nan	nan	nan	nan	2	2	0	nan	0.000000	nan
OTU_1940_18S_022_3	ENV_NO3	2	nan	0.119339	nan	nan	nan	nan	nan	1	1	0	nan	0.000000	nan
OTU_1828_18S_022_3	ENV_NO3	1	nan	0.289418	nan	nan	nan	nan	nan	0	1	0	nan	0.000000	nan
OTU_1798_18S_3_200	ENV_NO3	3	nan	0.141141	nan	nan	nan	nan	nan	3	0	0	nan	0.000000	nan
OTU_1263_18S_022_3	ENV_NO3	4	nan	0.192150	nan	nan	nan	nan	nan	2	2	0	nan	0.000000	nan
ASV_847_16S_022_3	ENV_NO3	3	nan	0.267078	nan	nan	nan	nan	nan	2	1	0	nan	0.000000	nan
OTU_1893_18S_022_3	ENV_NO3	3	nan	0.092181	nan	nan	nan	nan	nan	2	1	0	nan	0.000000	nan
ASV_379_16S_3_200	ENV_NO3	2	nan	0.233614	nan	nan	nan	nan	nan	0	2	0	nan	0.000000	nan
ASV_434_16S_022_3	ENV_NO3	2	nan	0.186972	nan	nan	nan	nan	nan	0	2	0	nan	0.000000	nan
ASV_472_16S_022_3	ENV_NO3	3	nan	0.246689	nan	nan	nan	nan	nan	0	3	0	nan	0.000000	nan
OTU_362_18S_3_200	ENV_NO3	4	nan	0.234863	nan	nan	nan	nan	nan	0	4	0	nan	0.000000	nan
ASV_933_16S_022_3	ENV_NO3	3	nan	0.119339	nan	nan	nan	nan	nan	3	0	0	nan	0.000000	nan
ASV_542_16S_3_200	ENV_NO3	1	nan	0.099759	nan	nan	nan	nan	nan	1	0	0	nan	0.000000	nan
OTU_754_18S_022_3	ENV_NO3	3	nan	0.220043	nan	nan	nan	nan	nan	1	2	0	nan	0.000000	nan
ASV_413_16S_3_200	ENV_NO3	1	nan	0.275468	nan	nan	nan	nan	nan	0	1	0	nan	0.000000	nan
ASV_886_16S_022_3	ENV_NO3	3	nan	0.216776	nan	nan	nan	nan	nan	3	0	0	nan	0.000000	nan
OTU_1702_18S_3_200	ENV_NO3	2	nan	0.071761	nan	nan	nan	nan	nan	2	0	0	nan	0.000000	nan
OTU_363_18S_3_200	ENV_NO3	3	nan	0.310499	nan	nan	nan	nan	nan	1	2	0	nan	0.000000	nan
ASV_152_16S_022_3	ENV_NO3	1	nan	0.152966	nan	nan	nan	nan	nan	1	0	0	nan	0.000000	nan
OTU_2456_18S_3_200	ENV_NO3	3	nan	0.221864	nan	nan	nan	nan	nan	1	2	0	nan	0.000000	nan
OTU_292_18S_3_200	ENV_NO3	3	nan	0.197814	nan	nan	nan	nan	nan	1	2	0	nan	0.000000	nan
ASV_112_16S_022_3	ENV_NO3	2	nan	0.108682	nan	nan	nan	nan	nan	2	0	0	nan	0.000000	nan
OTU_1086_18S_022_3	ENV_NO3	2	nan	0.309175	nan	nan	nan	nan	nan	0	2	0	nan	0.000000	nan
ASV_1415_16S_022_3	ENV_NO3	1	nan	0.108682	nan	nan	nan	nan	nan	1	0	0	nan	0.000000	nan
OTU_613_18S_022_3	ENV_NO3	3	nan	0.177653	nan	nan	nan	nan	nan	3	0	0	nan	0.000000	nan
ASV_2023_16S_022_3	ENV_NO3	3	nan	0.222629	nan	nan	nan	nan	nan	0	3	0	nan	0.000000	nan
OTU_1836_18S_3_200	ENV_NO3	1	nan	0.073944	nan	nan	nan	nan	nan	1	0	0	nan	0.000000	nan
OTU_2160_18S_022_3	ENV_NO3	2	nan	0.094653	nan	nan	nan	nan	nan	1	1	0	nan	0.000000	nan
OTU_3213_18S_022_3	ENV_NO3	4	nan	0.092181	nan	nan	nan	nan	nan	3	1	0	nan	0.000000	nan
OTU_245_18S_3_200	ENV_NO3	2	nan	0.220123	nan	nan	nan	nan	nan	1	1	0	nan	0.000000	nan
OTU_313_18S_022_3	ENV_NO3	1	nan	0.257217	nan	nan	nan	nan	nan	0	1	0	nan	0.000000	nan
ASV_1643_16S_022_3	ENV_NO3	2	nan	0.122059	nan	nan	nan	nan	nan	2	0	0	nan	0.000000	nan
OTU_4003_18S_022_3	ENV_NO3	1	nan	0.151325	nan	nan	nan	nan	nan	1	0	0	nan	0.000000	nan
ASV_1716_16S_022_3	ENV_NO3	3	nan	0.307131	nan	nan	nan	nan	nan	1	2	0	nan	0.000000	nan
OTU_1762_18S_022_3	ENV_NO3	2	nan	0.223460	nan	nan	nan	nan	nan	1	1	0	nan	0.000000	nan
OTU_456_18S_3_200	ENV_NO3	3	nan	0.209983	nan	nan	nan	nan	nan	1	2	0	nan	0.000000	nan
ASV_1693_16S_022_3	ENV_NO3	2	nan	0.231656	nan	nan	nan	nan	nan	2	0	0	nan	0.000000	nan
OTU_469_18S_022_3	ENV_NO3	2	nan	0.151584	nan	nan	nan	nan	nan	1	1	0	nan	0.000000	nan
OTU_904_18S_3_200	ENV_NO3	2	nan	0.202339	nan	nan	nan	nan	nan	0	2	0	nan	0.000000	nan
OTU_1148_18S_3_200	ENV_NO3	5	nan	0.221257	nan	nan	nan	nan	nan	1	4	0	nan	0.000000	nan
OTU_2420_18S_022_3	ENV_NO3	2	nan	0.243666	nan	nan	nan	nan	nan	0	2	0	nan	0.000000	nan
ASV_486_16S_022_3	ENV_NO3	2	nan	0.296555	nan	nan	nan	nan	nan	0	2	0	nan	0.000000	nan
ASV_96_16S_3_200	ENV_NO3	4	nan	0.109904	nan	nan	nan	nan	nan	2	2	0	nan	0.000000	nan
OTU_1332_18S_3_200	ENV_NO3	4	nan	0.109904	nan	nan	nan	nan	nan	1	3	0	nan	0.000000	nan
ASV_1380_16S_022_3	ENV_NO3	4	nan	0.294679	nan	nan	nan	nan	nan	0	4	0	nan	0.000000	nan
ASV_1258_16S_022_3	ENV_NO3	5	nan	0.175852	nan	nan	nan	nan	nan	5	0	0	nan	0.000000	nan
ASV_1676_16S_022_3	ENV_NO3	3	nan	0.372732	nan	nan	nan	nan	nan	0	3	0	nan	0.000000	nan
OTU_3350_18S_022_3	ENV_NO3	2	nan	0.161982	nan	nan	nan	nan	nan	1	1	0	nan	0.000000	nan
ASV_173_16S_022_3	ENV_NO3	1	nan	0.240175	nan	nan	nan	nan	nan	0	1	0	nan	0.000000	nan
OTU_40_18S_3_200	ENV_NO3	2	nan	0.119665	nan	nan	nan	nan	nan	1	1	0	nan	0.000000	nan
OTU_3424_18S_022_3	ENV_NO3	3	nan	0.108682	nan	nan	nan	nan	nan	1	2	0	nan	0.000000	nan
OTU_105_18S_022_3	ENV_NO3	3	nan	0.207640	nan	nan	nan	nan	nan	3	0	0	nan	0.000000	nan
ASV_1203_16S_022_3	ENV_NO3	4	nan	0.177101	nan	nan	nan	nan	nan	2	2	0	nan	0.000000	nan
OTU_403_18S_3_200	ENV_NO3	3	nan	0.234996	nan	nan	nan	nan	nan	0	3	0	nan	0.000000	nan
ASV_2653_16S_022_3	ENV_NO3	4	nan	0.207705	nan	nan	nan	nan	nan	3	1	0	nan	0.000000	nan
ASV_321_16S_022_3	ENV_NO3	4	nan	0.134167	nan	nan	nan	nan	nan	3	1	0	nan	0.000000	nan
ASV_815_16S_022_3	ENV_NO3	3	nan	0.275176	nan	nan	nan	nan	nan	3	0	0	nan	0.000000	nan
OTU_729_18S_022_3	ENV_NO3	4	nan	0.165911	nan	nan	nan	nan	nan	4	0	0	nan	0.000000	nan
OTU_1844_18S_3_200	ENV_NO3	6	nan	0.248360	nan	nan	nan	nan	nan	2	4	0	nan	0.000000	nan
ASV_817_16S_022_3	ENV_NO3	1	nan	0.317278	nan	nan	nan	nan	nan	1	0	0	nan	0.000000	nan
ASV_1143_16S_022_3	ENV_NO3	2	nan	0.314561	nan	nan	nan	nan	nan	1	1	0	nan	0.000000	nan
ASV_321_16S_3_200	ENV_NO3	3	nan	0.166872	nan	nan	nan	nan	nan	3	0	0	nan	0.000000	nan
ASV_408_16S_022_3	ENV_NO3	2	nan	0.130911	nan	nan	nan	nan	nan	2	0	0	nan	0.000000	nan
ASV_1407_16S_022_3	ENV_NO3	4	nan	0.222629	nan	nan	nan	nan	nan	2	2	0	nan	0.000000	nan
OTU_624_18S_022_3	ENV_NO3	3	nan	0.091445	nan	nan	nan	nan	nan	3	0	0	nan	0.000000	nan
ASV_1344_16S_022_3	ENV_NO3	2	nan	0.176439	nan	nan	nan	nan	nan	2	0	0	nan	0.000000	nan
ASV_800_16S_022_3	ENV_NO3	3	nan	0.122775	nan	nan	nan	nan	nan	3	0	0	nan	0.000000	nan
OTU_1959_18S_022_3	ENV_NO3	3	nan	0.071761	nan	nan	nan	nan	nan	3	0	0	nan	0.000000	nan
ASV_888_16S_3_200	ENV_NO3	4	nan	0.172809	nan	nan	nan	nan	nan	0	4	0	nan	0.000000	nan
OTU_965_18S_3_200	ENV_NO3	3	nan	0.244431	nan	nan	nan	nan	nan	0	3	0	nan	0.000000	nan
ASV_402_16S_022_3	ENV_NO3	2	nan	0.468881	nan	nan	nan	nan	nan	1	0	1	nan	0.000000	nan
OTU_712_18S_022_3	ENV_NO3	2	nan	0.243666	nan	nan	nan	nan	nan	1	1	0	nan	0.000000	nan
ASV_473_16S_3_200	ENV_NO3	3	nan	0.274753	nan	nan	nan	nan	nan	0	3	0	nan	0.000000	nan
ASV_699_16S_022_3	ENV_NO3	2	nan	0.410288	nan	nan	nan	nan	nan	0	2	0	nan	0.000000	nan
ASV_1747_16S_022_3	ENV_NO3	2	nan	0.245262	nan	nan	nan	nan	nan	2	0	0	nan	0.000000	nan
OTU_1649_18S_3_200	ENV_NO3	3	nan	0.149943	nan	nan	nan	nan	nan	2	1	0	nan	0.000000	nan
ASV_1420_16S_022_3	ENV_NO3	1	nan	0.096333	nan	nan	nan	nan	nan	1	0	0	nan	0.000000	nan
OTU_984_18S_022_3	ENV_NO3	1	nan	0.128499	nan	nan	nan	nan	nan	0	1	0	nan	0.000000	nan
ASV_237_16S_3_200	ENV_NO3	2	nan	0.224141	nan	nan	nan	nan	nan	1	1	0	nan	0.000000	nan
ASV_307_16S_3_200	ENV_NO3	4	nan	0.171759	nan	nan	nan	nan	nan	3	1	0	nan	0.000000	nan
ASV_1480_16S_3_200	ENV_NO3	3	nan	0.106434	nan	nan	nan	nan	nan	2	1	0	nan	0.000000	nan
ASV_584_16S_022_3	ENV_NO3	1	nan	0.151325	nan	nan	nan	nan	nan	1	0	0	nan	0.000000	nan
ASV_468_16S_022_3	ENV_NO3	2	nan	0.231656	nan	nan	nan	nan	nan	1	1	0	nan	0.000000	nan
OTU_1263_18S_3_200	ENV_NO3	3	nan	0.191259	nan	nan	nan	nan	nan	1	2	0	nan	0.000000	nan
OTU_2858_18S_022_3	ENV_NO3	3	nan	0.255576	nan	nan	nan	nan	nan	0	3	0	nan	0.000000	nan
OTU_2181_18S_3_200	ENV_NO3	3	nan	0.222544	nan	nan	nan	nan	nan	0	3	0	nan	0.000000	nan
ASV_1212_16S_022_3	ENV_NO3	3	nan	0.180537	nan	nan	nan	nan	nan	1	2	0	nan	0.000000	nan
ASV_1508_16S_022_3	ENV_NO3	3	nan	0.328933	nan	nan	nan	nan	nan	0	3	0	nan	0.000000	nan
ASV_1820_16S_022_3	ENV_NO3	3	nan	0.128499	nan	nan	nan	nan	nan	0	3	0	nan	0.000000	nan
ASV_1521_16S_022_3	ENV_NO3	2	nan	0.092181	nan	nan	nan	nan	nan	2	0	0	nan	0.000000	nan
ASV_777_16S_3_200	ENV_NO3	4	nan	0.177234	nan	nan	nan	nan	nan	3	1	0	nan	0.000000	nan
ASV_2134_16S_3_200	ENV_NO3	3	nan	0.255576	nan	nan	nan	nan	nan	1	2	0	nan	0.000000	nan
ASV_723_16S_3_200	ENV_NO3	6	nan	0.332221	nan	nan	nan	nan	nan	2	4	0	nan	0.000000	nan
OTU_906_18S_022_3	ENV_NO3	1	nan	0.151584	nan	nan	nan	nan	nan	1	0	0	nan	0.000000	nan
ASV_40_16S_3_200	ENV_NO3	1	nan	0.207800	nan	nan	nan	nan	nan	1	0	0	nan	0.000000	nan
ASV_650_16S_3_200	ENV_NO3	2	nan	0.244431	nan	nan	nan	nan	nan	1	1	0	nan	0.000000	nan
OTU_3300_18S_022_3	ENV_NO3	3	nan	0.151325	nan	nan	nan	nan	nan	2	1	0	nan	0.000000	nan
ASV_51_16S_022_3	ENV_NO3	3	nan	0.283112	nan	nan	nan	nan	nan	0	2	1	nan	0.000000	nan
OTU_1247_18S_022_3	ENV_NO3	4	nan	0.239384	nan	nan	nan	nan	nan	2	2	0	nan	0.000000	nan
OTU_77_18S_022_3	ENV_NO3	2	nan	0.119665	nan	nan	nan	nan	nan	2	0	0	nan	0.000000	nan
OTU_10_18S_3_200	ENV_NO3	5	nan	0.394076	nan	nan	nan	nan	nan	0	5	0	nan	0.000000	nan
OTU_480_18S_3_200	ENV_NO3	2	nan	0.151584	nan	nan	nan	nan	nan	0	2	0	nan	0.000000	nan
ASV_377_16S_3_200	ENV_NO3	2	nan	0.151584	nan	nan	nan	nan	nan	2	0	0	nan	0.000000	nan
OTU_498_18S_022_3	ENV_NO3	2	nan	0.218914	nan	nan	nan	nan	nan	1	1	0	nan	0.000000	nan
ASV_139_16S_022_3	ENV_NO3	3	nan	0.212400	nan	nan	nan	nan	nan	1	2	0	nan	0.000000	nan
OTU_3877_18S_3_200	ENV_NO3	2	nan	0.189587	nan	nan	nan	nan	nan	0	2	0	nan	0.000000	nan
ASV_760_16S_3_200	ENV_NO3	2	nan	0.289418	nan	nan	nan	nan	nan	0	2	0	nan	0.000000	nan
OTU_5773_18S_022_3	ENV_NO3	3	nan	0.214155	nan	nan	nan	nan	nan	0	3	0	nan	0.000000	nan
ASV_17_16S_022_3	ENV_NO3	3	nan	0.151325	nan	nan	nan	nan	nan	2	1	0	nan	0.000000	nan
OTU_1353_18S_022_3	ENV_NO3	3	nan	0.127613	nan	nan	nan	nan	nan	3	0	0	nan	0.000000	nan
ASV_823_16S_022_3	ENV_NO3	4	nan	0.328933	nan	nan	nan	nan	nan	2	2	0	nan	0.000000	nan
ASV_491_16S_022_3	ENV_NO3	2	nan	0.290835	nan	nan	nan	nan	nan	0	2	0	nan	0.000000	nan
ASV_1576_16S_022_3	ENV_NO3	2	nan	0.336771	nan	nan	nan	nan	nan	0	2	0	nan	0.000000	nan
OTU_4_18S_022_3	ENV_NO3	4	nan	0.139673	nan	nan	nan	nan	nan	4	0	0	nan	0.000000	nan
ASV_1067_16S_3_200	ENV_NO3	4	nan	0.128499	nan	nan	nan	nan	nan	2	2	0	nan	0.000000	nan
OTU_1940_18S_3_200	ENV_NO3	4	nan	0.199036	nan	nan	nan	nan	nan	1	3	0	nan	0.000000	nan
ASV_1986_16S_022_3	ENV_NO3	2	nan	0.266233	nan	nan	nan	nan	nan	0	2	0	nan	0.000000	nan
OTU_29_18S_3_200	ENV_NO3	3	nan	0.203080	nan	nan	nan	nan	nan	2	1	0	nan	0.000000	nan
OTU_1532_18S_3_200	ENV_NO3	2	nan	0.108682	nan	nan	nan	nan	nan	2	0	0	nan	0.000000	nan
OTU_3422_18S_3_200	ENV_NO3	4	nan	0.088102	nan	nan	nan	nan	nan	4	0	0	nan	0.000000	nan
OTU_71_18S_3_200	ENV_NO3	3	nan	0.312637	nan	nan	nan	nan	nan	0	3	0	nan	0.000000	nan
OTU_850_18S_022_3	ENV_NO3	4	nan	0.098427	nan	nan	nan	nan	nan	4	0	0	nan	0.000000	nan
OTU_330_18S_022_3	ENV_NO3	2	nan	0.108682	nan	nan	nan	nan	nan	1	1	0	nan	0.000000	nan
OTU_1611_18S_3_200	ENV_NO3	3	nan	0.151325	nan	nan	nan	nan	nan	0	3	0	nan	0.000000	nan
OTU_2633_18S_022_3	ENV_NO3	5	nan	0.176012	nan	nan	nan	nan	nan	4	1	0	nan	0.000000	nan
OTU_1027_18S_3_200	ENV_NO3	3	nan	0.204010	nan	nan	nan	nan	nan	2	1	0	nan	0.000000	nan
OTU_2509_18S_022_3	ENV_NO3	5	nan	0.108682	nan	nan	nan	nan	nan	1	4	0	nan	0.000000	nan
ASV_250_16S_022_3	ENV_NO3	1	nan	0.250782	nan	nan	nan	nan	nan	0	1	0	nan	0.000000	nan
ASV_2156_16S_3_200	ENV_NO3	5	nan	0.151325	nan	nan	nan	nan	nan	3	2	0	nan	0.000000	nan
OTU_534_18S_022_3	ENV_NO3	3	nan	0.202339	nan	nan	nan	nan	nan	2	1	0	nan	0.000000	nan
OTU_2095_18S_3_200	ENV_NO3	3	nan	0.149943	nan	nan	nan	nan	nan	1	2	0	nan	0.000000	nan
ASV_1029_16S_022_3	ENV_NO3	4	nan	0.186584	nan	nan	nan	nan	nan	1	3	0	nan	0.000000	nan
OTU_38_18S_3_200	ENV_NO3	5	nan	0.260594	nan	nan	nan	nan	nan	1	4	0	nan	0.000000	nan
OTU_332_18S_022_3	ENV_NO3	1	nan	0.259465	nan	nan	nan	nan	nan	0	1	0	nan	0.000000	nan
ASV_105_16S_022_3	ENV_NO3	2	nan	0.072735	nan	nan	nan	nan	nan	2	0	0	nan	0.000000	nan
OTU_2722_18S_022_3	ENV_NO3	3	nan	0.149793	nan	nan	nan	nan	nan	1	2	0	nan	0.000000	nan
ASV_1426_16S_022_3	ENV_NO3	3	nan	0.167706	nan	nan	nan	nan	nan	0	3	0	nan	0.000000	nan
ASV_905_16S_3_200	ENV_NO3	5	nan	0.105314	nan	nan	nan	nan	nan	5	0	0	nan	0.000000	nan
ASV_550_16S_022_3	ENV_NO3	3	nan	0.170348	nan	nan	nan	nan	nan	1	2	0	nan	0.000000	nan
OTU_2259_18S_3_200	ENV_NO3	4	nan	0.323334	nan	nan	nan	nan	nan	0	4	0	nan	0.000000	nan
OTU_751_18S_022_3	ENV_NO3	2	nan	0.326209	nan	nan	nan	nan	nan	0	2	0	nan	0.000000	nan
OTU_5446_18S_022_3	ENV_NO3	4	nan	0.128141	nan	nan	nan	nan	nan	3	1	0	nan	0.000000	nan
OTU_811_18S_022_3	ENV_NO3	2	nan	0.195620	nan	nan	nan	nan	nan	2	0	0	nan	0.000000	nan
ASV_57_16S_022_3	ENV_NO3	3	nan	0.299612	nan	nan	nan	nan	nan	0	3	0	nan	0.000000	nan
OTU_195_18S_022_3	ENV_NO3	2	nan	0.295594	nan	nan	nan	nan	nan	0	2	0	nan	0.000000	nan
OTU_1149_18S_022_3	ENV_NO3	3	nan	0.172809	nan	nan	nan	nan	nan	1	2	0	nan	0.000000	nan
OTU_18_18S_022_3	ENV_NO3	2	nan	0.109283	nan	nan	nan	nan	nan	2	0	0	nan	0.000000	nan
ASV_255_16S_3_200	ENV_NO3	2	nan	0.104429	nan	nan	nan	nan	nan	2	0	0	nan	0.000000	nan
OTU_89_18S_3_200	ENV_NO3	2	nan	0.236917	nan	nan	nan	nan	nan	1	1	0	nan	0.000000	nan
ASV_1675_16S_3_200	ENV_NO3	3	nan	0.421528	nan	nan	nan	nan	nan	0	2	1	nan	0.000000	nan
ASV_144_16S_022_3	ENV_NO3	2	nan	0.203826	nan	nan	nan	nan	nan	0	2	0	nan	0.000000	nan
ASV_229_16S_022_3	ENV_NO3	3	nan	0.220043	nan	nan	nan	nan	nan	1	2	0	nan	0.000000	nan
OTU_506_18S_3_200	ENV_NO3	3	nan	0.244431	nan	nan	nan	nan	nan	1	2	0	nan	0.000000	nan
ASV_985_16S_022_3	ENV_NO3	2	nan	0.308888	nan	nan	nan	nan	nan	1	1	0	nan	0.000000	nan
OTU_1575_18S_022_3	ENV_NO3	4	nan	0.075735	nan	nan	nan	nan	nan	2	2	0	nan	0.000000	nan
ASV_1227_16S_022_3	ENV_NO3	3	nan	0.126744	nan	nan	nan	nan	nan	1	2	0	nan	0.000000	nan
OTU_763_18S_022_3	ENV_NO3	4	nan	0.172809	nan	nan	nan	nan	nan	0	4	0	nan	0.000000	nan
ASV_414_16S_3_200	ENV_NO3	3	nan	0.216030	nan	nan	nan	nan	nan	3	0	0	nan	0.000000	nan
ASV_406_16S_022_3	ENV_NO3	4	nan	0.267078	nan	nan	nan	nan	nan	3	1	0	nan	0.000000	nan
OTU_11_18S_3_200	ENV_NO3	4	nan	0.259290	nan	nan	nan	nan	nan	0	3	1	nan	0.000000	nan
ASV_669_16S_3_200	ENV_NO3	1	nan	0.210685	nan	nan	nan	nan	nan	1	0	0	nan	0.000000	nan
ASV_1059_16S_022_3	ENV_NO3	5	nan	0.255576	nan	nan	nan	nan	nan	0	5	0	nan	0.000000	nan
ASV_714_16S_022_3	ENV_NO3	2	nan	0.195620	nan	nan	nan	nan	nan	0	2	0	nan	0.000000	nan
ASV_206_16S_022_3	ENV_NO3	2	nan	0.222932	nan	nan	nan	nan	nan	1	1	0	nan	0.000000	nan
OTU_1345_18S_3_200	ENV_NO3	6	nan	0.386695	nan	nan	nan	nan	nan	1	5	0	nan	0.000000	nan
OTU_467_18S_022_3	ENV_NO3	1	nan	0.167666	nan	nan	nan	nan	nan	0	1	0	nan	0.000000	nan
OTU_240_18S_3_200	ENV_NO3	2	nan	0.191259	nan	nan	nan	nan	nan	2	0	0	nan	0.000000	nan
OTU_413_18S_3_200	ENV_NO3	3	nan	0.246436	nan	nan	nan	nan	nan	2	1	0	nan	0.000000	nan
OTU_985_18S_3_200	ENV_NO3	3	nan	0.291376	nan	nan	nan	nan	nan	1	2	0	nan	0.000000	nan
ASV_1705_16S_022_3	ENV_NO3	3	nan	0.141274	nan	nan	nan	nan	nan	2	1	0	nan	0.000000	nan
OTU_188_18S_022_3	ENV_NO3	1	nan	0.149878	nan	nan	nan	nan	nan	1	0	0	nan	0.000000	nan
OTU_105_18S_3_200	ENV_NO3	2	nan	0.267278	nan	nan	nan	nan	nan	1	1	0	nan	0.000000	nan
OTU_2562_18S_022_3	ENV_NO3	1	nan	0.108682	nan	nan	nan	nan	nan	0	1	0	nan	0.000000	nan
ASV_842_16S_022_3	ENV_NO3	2	nan	0.351856	nan	nan	nan	nan	nan	0	2	0	nan	0.000000	nan
OTU_233_18S_022_3	ENV_NO3	2	nan	0.263478	nan	nan	nan	nan	nan	2	0	0	nan	0.000000	nan
OTU_1246_18S_022_3	ENV_NO3	3	nan	0.108682	nan	nan	nan	nan	nan	0	3	0	nan	0.000000	nan
OTU_537_18S_022_3	ENV_NO3	3	nan	0.162281	nan	nan	nan	nan	nan	2	1	0	nan	0.000000	nan
OTU_1058_18S_022_3	ENV_NO3	1	nan	0.206308	nan	nan	nan	nan	nan	0	1	0	nan	0.000000	nan
OTU_496_18S_022_3	ENV_NO3	2	nan	0.319857	nan	nan	nan	nan	nan	0	2	0	nan	0.000000	nan
ASV_507_16S_022_3	ENV_NO3	2	nan	0.229521	nan	nan	nan	nan	nan	1	1	0	nan	0.000000	nan
OTU_506_18S_022_3	ENV_NO3	1	nan	0.186669	nan	nan	nan	nan	nan	0	1	0	nan	0.000000	nan
OTU_787_18S_022_3	ENV_NO3	4	nan	0.131120	nan	nan	nan	nan	nan	4	0	0	nan	0.000000	nan
OTU_2418_18S_3_200	ENV_NO3	7	nan	0.192353	nan	nan	nan	nan	nan	5	2	0	nan	0.000000	nan
OTU_1309_18S_3_200	ENV_NO3	3	nan	0.239384	nan	nan	nan	nan	nan	1	2	0	nan	0.000000	nan
ASV_503_16S_022_3	ENV_NO3	7	nan	0.231317	nan	nan	nan	nan	nan	5	2	0	nan	0.000000	nan
ASV_781_16S_022_3	ENV_NO3	2	nan	0.108682	nan	nan	nan	nan	nan	0	2	0	nan	0.000000	nan
ASV_582_16S_022_3	ENV_NO3	4	nan	0.309329	nan	nan	nan	nan	nan	2	2	0	nan	0.000000	nan
ASV_738_16S_022_3	ENV_NO3	2	nan	0.219660	nan	nan	nan	nan	nan	1	1	0	nan	0.000000	nan
OTU_1682_18S_022_3	ENV_NO3	2	nan	0.093563	nan	nan	nan	nan	nan	2	0	0	nan	0.000000	nan
OTU_119_18S_3_200	ENV_NO3	2	nan	0.115624	nan	nan	nan	nan	nan	2	0	0	nan	0.000000	nan
OTU_2041_18S_3_200	ENV_NO3	2	nan	0.175852	nan	nan	nan	nan	nan	1	1	0	nan	0.000000	nan
ASV_862_16S_022_3	ENV_NO3	5	nan	0.223007	nan	nan	nan	nan	nan	4	1	0	nan	0.000000	nan
OTU_242_18S_3_200	ENV_NO3	3	nan	0.164534	nan	nan	nan	nan	nan	1	2	0	nan	0.000000	nan
OTU_1898_18S_3_200	ENV_NO3	8	nan	0.151325	nan	nan	nan	nan	nan	3	5	0	nan	0.000000	nan
OTU_749_18S_022_3	ENV_NO3	2	nan	0.271917	nan	nan	nan	nan	nan	0	2	0	nan	0.000000	nan
OTU_393_18S_3_200	ENV_NO3	4	nan	0.254289	nan	nan	nan	nan	nan	0	4	0	nan	0.000000	nan
OTU_286_18S_3_200	ENV_NO3	3	nan	0.141274	nan	nan	nan	nan	nan	3	0	0	nan	0.000000	nan
ASV_784_16S_3_200	ENV_NO3	4	nan	0.185838	nan	nan	nan	nan	nan	3	1	0	nan	0.000000	nan
ASV_1581_16S_022_3	ENV_NO3	4	nan	0.232521	nan	nan	nan	nan	nan	4	0	0	nan	0.000000	nan
OTU_842_18S_3_200	ENV_NO3	2	nan	0.220838	nan	nan	nan	nan	nan	0	2	0	nan	0.000000	nan
OTU_234_18S_022_3	ENV_NO3	4	nan	0.256127	nan	nan	nan	nan	nan	3	1	0	nan	0.000000	nan
OTU_476_18S_3_200	ENV_NO3	3	nan	0.306004	nan	nan	nan	nan	nan	0	3	0	nan	0.000000	nan
ASV_364_16S_3_200	ENV_NO3	2	nan	0.130613	nan	nan	nan	nan	nan	2	0	0	nan	0.000000	nan
OTU_942_18S_022_3	ENV_NO3	2	nan	0.231322	nan	nan	nan	nan	nan	0	2	0	nan	0.000000	nan
ASV_1244_16S_022_3	ENV_NO3	3	nan	0.128141	nan	nan	nan	nan	nan	3	0	0	nan	0.000000	nan
OTU_1213_18S_022_3	ENV_NO3	3	nan	0.151325	nan	nan	nan	nan	nan	1	2	0	nan	0.000000	nan
OTU_2736_18S_022_3	ENV_NO3	3	nan	0.167666	nan	nan	nan	nan	nan	0	3	0	nan	0.000000	nan
ASV_226_16S_022_3	ENV_NO3	3	nan	0.234863	nan	nan	nan	nan	nan	1	2	0	nan	0.000000	nan
ASV_1442_16S_022_3	ENV_NO3	2	nan	0.164996	nan	nan	nan	nan	nan	1	1	0	nan	0.000000	nan
OTU_902_18S_022_3	ENV_NO3	3	nan	0.117548	nan	nan	nan	nan	nan	2	1	0	nan	0.000000	nan
OTU_2884_18S_3_200	ENV_NO3	3	nan	0.124446	nan	nan	nan	nan	nan	3	0	0	nan	0.000000	nan
OTU_151_18S_3_200	ENV_NO3	2	nan	0.236742	nan	nan	nan	nan	nan	2	0	0	nan	0.000000	nan
OTU_889_18S_022_3	ENV_NO3	4	nan	0.088102	nan	nan	nan	nan	nan	4	0	0	nan	0.000000	nan
OTU_98_18S_022_3	ENV_NO3	1	nan	0.128499	nan	nan	nan	nan	nan	0	1	0	nan	0.000000	nan
OTU_2322_18S_3_200	ENV_NO3	3	nan	0.302193	nan	nan	nan	nan	nan	0	3	0	nan	0.000000	nan
ASV_1044_16S_022_3	ENV_NO3	3	nan	0.259515	nan	nan	nan	nan	nan	3	0	0	nan	0.000000	nan
OTU_125_18S_3_200	ENV_NO3	1	nan	0.140389	nan	nan	nan	nan	nan	1	0	0	nan	0.000000	nan
OTU_917_18S_022_3	ENV_NO3	3	nan	0.155299	nan	nan	nan	nan	nan	3	0	0	nan	0.000000	nan
OTU_236_18S_3_200	ENV_NO3	4	nan	0.145662	nan	nan	nan	nan	nan	3	1	0	nan	0.000000	nan
ASV_249_16S_022_3	ENV_NO3	3	nan	0.329256	nan	nan	nan	nan	nan	1	2	0	nan	0.000000	nan
OTU_1153_18S_022_3	ENV_NO3	4	nan	0.231656	nan	nan	nan	nan	nan	3	1	0	nan	0.000000	nan
ASV_1115_16S_022_3	ENV_NO3	4	nan	0.128499	nan	nan	nan	nan	nan	0	4	0	nan	0.000000	nan
OTU_817_18S_022_3	ENV_NO3	3	nan	0.270824	nan	nan	nan	nan	nan	0	3	0	nan	0.000000	nan
OTU_1346_18S_022_3	ENV_NO3	2	nan	0.119339	nan	nan	nan	nan	nan	2	0	0	nan	0.000000	nan
ASV_61_16S_022_3	ENV_NO3	6	nan	0.127406	nan	nan	nan	nan	nan	2	4	0	nan	0.000000	nan
ASV_2281_16S_3_200	ENV_NO3	3	nan	0.128499	nan	nan	nan	nan	nan	0	3	0	nan	0.000000	nan
OTU_1191_18S_022_3	ENV_NO3	3	nan	0.255576	nan	nan	nan	nan	nan	2	1	0	nan	0.000000	nan
OTU_320_18S_022_3	ENV_NO3	4	nan	0.205502	nan	nan	nan	nan	nan	2	2	0	nan	0.000000	nan
OTU_1511_18S_3_200	ENV_NO3	5	nan	0.071761	nan	nan	nan	nan	nan	3	2	0	nan	0.000000	nan
ASV_377_16S_022_3	ENV_NO3	1	nan	0.104803	nan	nan	nan	nan	nan	1	0	0	nan	0.000000	nan
ASV_448_16S_3_200	ENV_NO3	4	nan	0.282768	nan	nan	nan	nan	nan	1	3	0	nan	0.000000	nan
OTU_373_18S_3_200	ENV_NO3	4	nan	0.181402	nan	nan	nan	nan	nan	3	1	0	nan	0.000000	nan
ASV_833_16S_022_3	ENV_NO3	4	nan	0.271654	nan	nan	nan	nan	nan	2	2	0	nan	0.000000	nan
OTU_1899_18S_022_3	ENV_NO3	1	nan	0.195696	nan	nan	nan	nan	nan	1	0	0	nan	0.000000	nan
ASV_469_16S_022_3	ENV_NO3	2	nan	0.186584	nan	nan	nan	nan	nan	0	2	0	nan	0.000000	nan
ASV_1482_16S_022_3	ENV_NO3	2	nan	0.127406	nan	nan	nan	nan	nan	2	0	0	nan	0.000000	nan
ASV_75_16S_022_3	ENV_NO3	3	nan	0.320280	nan	nan	nan	nan	nan	1	2	0	nan	0.000000	nan
OTU_1460_18S_022_3	ENV_NO3	1	nan	0.151325	nan	nan	nan	nan	nan	0	1	0	nan	0.000000	nan
OTU_2037_18S_022_3	ENV_NO3	1	nan	0.127406	nan	nan	nan	nan	nan	0	1	0	nan	0.000000	nan
OTU_1290_18S_022_3	ENV_NO3	4	nan	0.127406	nan	nan	nan	nan	nan	1	3	0	nan	0.000000	nan
ASV_9_16S_022_3	ENV_NO3	4	nan	0.372274	nan	nan	nan	nan	nan	1	2	1	nan	0.000000	nan
OTU_325_18S_3_200	ENV_NO3	4	nan	0.210685	nan	nan	nan	nan	nan	4	0	0	nan	0.000000	nan
OTU_251_18S_022_3	ENV_NO3	1	nan	0.288617	nan	nan	nan	nan	nan	0	1	0	nan	0.000000	nan
OTU_197_18S_3_200	ENV_NO3	5	nan	0.162281	nan	nan	nan	nan	nan	4	1	0	nan	0.000000	nan
ASV_1949_16S_022_3	ENV_NO3	1	nan	0.073944	nan	nan	nan	nan	nan	1	0	0	nan	0.000000	nan
OTU_34_18S_3_200	ENV_NO3	2	nan	0.135799	nan	nan	nan	nan	nan	1	1	0	nan	0.000000	nan
ASV_782_16S_022_3	ENV_NO3	5	nan	0.214155	nan	nan	nan	nan	nan	4	1	0	nan	0.000000	nan
ASV_273_16S_022_3	ENV_NO3	2	nan	0.188927	nan	nan	nan	nan	nan	1	1	0	nan	0.000000	nan
ASV_613_16S_022_3	ENV_NO3	2	nan	0.303024	nan	nan	nan	nan	nan	1	1	0	nan	0.000000	nan
OTU_260_18S_3_200	ENV_NO3	2	nan	0.149943	nan	nan	nan	nan	nan	0	2	0	nan	0.000000	nan
OTU_8089_18S_022_3	ENV_NO3	2	nan	0.108682	nan	nan	nan	nan	nan	2	0	0	nan	0.000000	nan
ASV_110_16S_022_3	ENV_NO3	4	nan	0.304914	nan	nan	nan	nan	nan	1	3	0	nan	0.000000	nan
OTU_1076_18S_022_3	ENV_NO3	1	nan	0.172809	nan	nan	nan	nan	nan	1	0	0	nan	0.000000	nan
OTU_196_18S_3_200	ENV_NO3	3	nan	0.110287	nan	nan	nan	nan	nan	2	1	0	nan	0.000000	nan
OTU_15_18S_022_3	ENV_NO3	2	nan	0.266148	nan	nan	nan	nan	nan	0	2	0	nan	0.000000	nan
ASV_444_16S_022_3	ENV_NO3	2	nan	0.128499	nan	nan	nan	nan	nan	2	0	0	nan	0.000000	nan
ASV_93_16S_022_3	ENV_NO3	4	nan	0.315844	nan	nan	nan	nan	nan	1	3	0	nan	0.000000	nan
ASV_1375_16S_022_3	ENV_NO3	1	nan	0.141274	nan	nan	nan	nan	nan	1	0	0	nan	0.000000	nan
OTU_675_18S_022_3	ENV_NO3	2	nan	0.104803	nan	nan	nan	nan	nan	1	1	0	nan	0.000000	nan
OTU_671_18S_3_200	ENV_NO3	4	nan	0.213061	nan	nan	nan	nan	nan	2	2	0	nan	0.000000	nan
OTU_605_18S_3_200	ENV_NO3	3	nan	0.320162	nan	nan	nan	nan	nan	0	3	0	nan	0.000000	nan
OTU_1390_18S_3_200	ENV_NO3	5	nan	0.091370	nan	nan	nan	nan	nan	5	0	0	nan	0.000000	nan
ASV_304_16S_022_3	ENV_NO3	4	nan	0.236623	nan	nan	nan	nan	nan	0	4	0	nan	0.000000	nan
ASV_464_16S_3_200	ENV_NO3	1	nan	0.320449	nan	nan	nan	nan	nan	0	1	0	nan	0.000000	nan
ASV_278_16S_022_3	ENV_NO3	2	nan	0.307998	nan	nan	nan	nan	nan	1	0	1	nan	0.000000	nan
ASV_387_16S_022_3	ENV_NO3	4	nan	0.319614	nan	nan	nan	nan	nan	1	3	0	nan	0.000000	nan
OTU_536_18S_3_200	ENV_NO3	2	nan	0.218914	nan	nan	nan	nan	nan	2	0	0	nan	0.000000	nan
OTU_303_18S_3_200	ENV_NO3	4	nan	0.152922	nan	nan	nan	nan	nan	4	0	0	nan	0.000000	nan
ASV_1934_16S_022_3	ENV_NO3	2	nan	0.141274	nan	nan	nan	nan	nan	0	2	0	nan	0.000000	nan
OTU_430_18S_022_3	ENV_NO3	3	nan	0.128236	nan	nan	nan	nan	nan	3	0	0	nan	0.000000	nan
ASV_410_16S_022_3	ENV_NO3	3	nan	0.354609	nan	nan	nan	nan	nan	0	3	0	nan	0.000000	nan
ASV_2004_16S_3_200	ENV_NO3	2	nan	0.211812	nan	nan	nan	nan	nan	0	2	0	nan	0.000000	nan
OTU_2309_18S_022_3	ENV_NO3	5	nan	0.071761	nan	nan	nan	nan	nan	5	0	0	nan	0.000000	nan
OTU_2745_18S_3_200	ENV_NO3	2	nan	0.177234	nan	nan	nan	nan	nan	2	0	0	nan	0.000000	nan
ASV_263_16S_022_3	ENV_NO3	2	nan	0.185998	nan	nan	nan	nan	nan	2	0	0	nan	0.000000	nan
OTU_756_18S_3_200	ENV_NO3	4	nan	0.177234	nan	nan	nan	nan	nan	2	2	0	nan	0.000000	nan
OTU_778_18S_3_200	ENV_NO3	3	nan	0.220043	nan	nan	nan	nan	nan	2	1	0	nan	0.000000	nan
OTU_787_18S_3_200	ENV_NO3	3	nan	0.232487	nan	nan	nan	nan	nan	2	1	0	nan	0.000000	nan
OTU_1901_18S_022_3	ENV_NO3	1	nan	0.316481	nan	nan	nan	nan	nan	0	1	0	nan	0.000000	nan
OTU_560_18S_3_200	ENV_NO3	1	nan	0.218372	nan	nan	nan	nan	nan	0	1	0	nan	0.000000	nan
OTU_183_18S_3_200	ENV_NO3	3	nan	0.193313	nan	nan	nan	nan	nan	2	1	0	nan	0.000000	nan
OTU_797_18S_022_3	ENV_NO3	4	nan	0.320162	nan	nan	nan	nan	nan	1	3	0	nan	0.000000	nan
ASV_762_16S_022_3	ENV_NO3	1	nan	0.183784	nan	nan	nan	nan	nan	1	0	0	nan	0.000000	nan
ASV_1439_16S_3_200	ENV_NO3	3	nan	0.305908	nan	nan	nan	nan	nan	1	2	0	nan	0.000000	nan
ASV_673_16S_3_200	ENV_NO3	5	nan	0.209854	nan	nan	nan	nan	nan	3	2	0	nan	0.000000	nan
ASV_307_16S_022_3	ENV_NO3	2	nan	0.209053	nan	nan	nan	nan	nan	0	2	0	nan	0.000000	nan
OTU_833_18S_3_200	ENV_NO3	2	nan	0.186584	nan	nan	nan	nan	nan	2	0	0	nan	0.000000	nan
ASV_297_16S_022_3	ENV_NO3	3	nan	0.158561	nan	nan	nan	nan	nan	1	2	0	nan	0.000000	nan
ASV_1088_16S_022_3	ENV_NO3	1	nan	0.107020	nan	nan	nan	nan	nan	1	0	0	nan	0.000000	nan
OTU_1786_18S_3_200	ENV_NO3	3	nan	0.091445	nan	nan	nan	nan	nan	3	0	0	nan	0.000000	nan
ASV_1310_16S_022_3	ENV_NO3	2	nan	0.128141	nan	nan	nan	nan	nan	2	0	0	nan	0.000000	nan
ASV_412_16S_022_3	ENV_NO3	1	nan	0.197858	nan	nan	nan	nan	nan	1	0	0	nan	0.000000	nan
OTU_103_18S_3_200	ENV_NO3	4	nan	0.172809	nan	nan	nan	nan	nan	1	3	0	nan	0.000000	nan
ASV_1149_16S_022_3	ENV_NO3	2	nan	0.128499	nan	nan	nan	nan	nan	0	2	0	nan	0.000000	nan
ASV_755_16S_022_3	ENV_NO3	3	nan	0.177101	nan	nan	nan	nan	nan	0	3	0	nan	0.000000	nan
OTU_1121_18S_3_200	ENV_NO3	4	nan	0.191259	nan	nan	nan	nan	nan	3	1	0	nan	0.000000	nan
ASV_301_16S_022_3	ENV_NO3	3	nan	0.319614	nan	nan	nan	nan	nan	1	2	0	nan	0.000000	nan
OTU_1628_18S_022_3	ENV_NO3	1	nan	0.127406	nan	nan	nan	nan	nan	1	0	0	nan	0.000000	nan
OTU_2876_18S_022_3	ENV_NO3	7	nan	0.093563	nan	nan	nan	nan	nan	6	1	0	nan	0.000000	nan
OTU_543_18S_022_3	ENV_NO3	2	nan	0.189683	nan	nan	nan	nan	nan	0	2	0	nan	0.000000	nan
ASV_33_16S_022_3	ENV_NO3	3	nan	0.246645	nan	nan	nan	nan	nan	0	3	0	nan	0.000000	nan
OTU_909_18S_3_200	ENV_NO3	5	nan	0.198241	nan	nan	nan	nan	nan	4	1	0	nan	0.000000	nan
OTU_585_18S_022_3	ENV_NO3	3	nan	0.255576	nan	nan	nan	nan	nan	1	2	0	nan	0.000000	nan
OTU_2389_18S_022_3	ENV_NO3	3	nan	0.255576	nan	nan	nan	nan	nan	0	3	0	nan	0.000000	nan
ASV_1294_16S_022_3	ENV_NO3	1	nan	0.128499	nan	nan	nan	nan	nan	1	0	0	nan	0.000000	nan
OTU_960_18S_3_200	ENV_NO3	3	nan	0.130613	nan	nan	nan	nan	nan	3	0	0	nan	0.000000	nan
ASV_2371_16S_022_3	ENV_NO3	2	nan	0.127116	nan	nan	nan	nan	nan	1	1	0	nan	0.000000	nan
OTU_871_18S_3_200	ENV_NO3	3	nan	0.138435	nan	nan	nan	nan	nan	2	1	0	nan	0.000000	nan
OTU_2433_18S_3_200	ENV_NO3	4	nan	0.255576	nan	nan	nan	nan	nan	0	4	0	nan	0.000000	nan
OTU_1399_18S_3_200	ENV_NO3	3	nan	0.299608	nan	nan	nan	nan	nan	1	2	0	nan	0.000000	nan
OTU_517_18S_3_200	ENV_NO3	1	nan	0.104803	nan	nan	nan	nan	nan	0	1	0	nan	0.000000	nan
ASV_1720_16S_022_3	ENV_NO3	4	nan	0.386695	nan	nan	nan	nan	nan	0	3	1	nan	0.000000	nan
ASV_1155_16S_022_3	ENV_NO3	3	nan	0.262400	nan	nan	nan	nan	nan	2	1	0	nan	0.000000	nan
OTU_711_18S_3_200	ENV_NO3	4	nan	0.281222	nan	nan	nan	nan	nan	2	2	0	nan	0.000000	nan
OTU_1123_18S_022_3	ENV_NO3	3	nan	0.198241	nan	nan	nan	nan	nan	2	1	0	nan	0.000000	nan
OTU_373_18S_022_3	ENV_NO3	2	nan	0.190056	nan	nan	nan	nan	nan	1	1	0	nan	0.000000	nan
ASV_820_16S_022_3	ENV_NO3	2	nan	0.305908	nan	nan	nan	nan	nan	0	2	0	nan	0.000000	nan
OTU_48_18S_3_200	ENV_NO3	3	nan	0.211733	nan	nan	nan	nan	nan	3	0	0	nan	0.000000	nan
OTU_3448_18S_3_200	ENV_NO3	2	nan	0.234996	nan	nan	nan	nan	nan	1	1	0	nan	0.000000	nan
OTU_1104_18S_022_3	ENV_NO3	2	nan	0.149793	nan	nan	nan	nan	nan	1	1	0	nan	0.000000	nan
OTU_868_18S_3_200	ENV_NO3	4	nan	0.161982	nan	nan	nan	nan	nan	4	0	0	nan	0.000000	nan
OTU_1374_18S_3_200	ENV_NO3	5	nan	0.149943	nan	nan	nan	nan	nan	4	1	0	nan	0.000000	nan
OTU_191_18S_3_200	ENV_NO3	4	nan	0.234996	nan	nan	nan	nan	nan	0	4	0	nan	0.000000	nan
ASV_831_16S_022_3	ENV_NO3	4	nan	0.258133	nan	nan	nan	nan	nan	2	2	0	nan	0.000000	nan
ASV_1658_16S_022_3	ENV_NO3	4	nan	0.141274	nan	nan	nan	nan	nan	1	3	0	nan	0.000000	nan
OTU_1506_18S_022_3	ENV_NO3	2	nan	0.108682	nan	nan	nan	nan	nan	1	1	0	nan	0.000000	nan
OTU_1789_18S_022_3	ENV_NO3	3	nan	0.207705	nan	nan	nan	nan	nan	0	3	0	nan	0.000000	nan
OTU_537_18S_3_200	ENV_NO3	3	nan	0.180816	nan	nan	nan	nan	nan	2	1	0	nan	0.000000	nan
ASV_1002_16S_022_3	ENV_NO3	4	nan	0.367515	nan	nan	nan	nan	nan	0	4	0	nan	0.000000	nan
OTU_1086_18S_3_200	ENV_NO3	5	nan	0.152922	nan	nan	nan	nan	nan	4	1	0	nan	0.000000	nan
ASV_947_16S_022_3	ENV_NO3	4	nan	0.396961	nan	nan	nan	nan	nan	0	3	1	nan	0.000000	nan
ASV_1287_16S_022_3	ENV_NO3	5	nan	0.229611	nan	nan	nan	nan	nan	4	1	0	nan	0.000000	nan
ASV_506_16S_022_3	ENV_NO3	4	nan	0.282819	nan	nan	nan	nan	nan	3	1	0	nan	0.000000	nan
OTU_1801_18S_022_3	ENV_NO3	4	nan	0.108682	nan	nan	nan	nan	nan	3	1	0	nan	0.000000	nan
OTU_741_18S_3_200	ENV_NO3	5	nan	0.192353	nan	nan	nan	nan	nan	4	1	0	nan	0.000000	nan
OTU_1283_18S_022_3	ENV_NO3	4	nan	0.204010	nan	nan	nan	nan	nan	0	4	0	nan	0.000000	nan
OTU_3326_18S_022_3	ENV_NO3	2	nan	0.197814	nan	nan	nan	nan	nan	1	1	0	nan	0.000000	nan
OTU_598_18S_3_200	ENV_NO3	3	nan	0.173516	nan	nan	nan	nan	nan	2	1	0	nan	0.000000	nan
ASV_1186_16S_022_3	ENV_NO3	3	nan	0.380927	nan	nan	nan	nan	nan	1	2	0	nan	0.000000	nan
OTU_910_18S_3_200	ENV_NO3	1	nan	0.155299	nan	nan	nan	nan	nan	0	1	0	nan	0.000000	nan
OTU_2305_18S_022_3	ENV_NO3	1	nan	0.234863	nan	nan	nan	nan	nan	0	1	0	nan	0.000000	nan
OTU_62_18S_3_200	ENV_NO3	3	nan	0.195620	nan	nan	nan	nan	nan	3	0	0	nan	0.000000	nan
OTU_866_18S_3_200	ENV_NO3	7	nan	0.214155	nan	nan	nan	nan	nan	5	2	0	nan	0.000000	nan
ASV_1223_16S_022_3	ENV_NO3	3	nan	0.128141	nan	nan	nan	nan	nan	2	1	0	nan	0.000000	nan
OTU_698_18S_3_200	ENV_NO3	3	nan	0.210685	nan	nan	nan	nan	nan	1	2	0	nan	0.000000	nan
OTU_2317_18S_022_3	ENV_NO3	3	nan	0.185168	nan	nan	nan	nan	nan	0	3	0	nan	0.000000	nan
OTU_495_18S_022_3	ENV_NO3	3	nan	0.211389	nan	nan	nan	nan	nan	3	0	0	nan	0.000000	nan
OTU_1252_18S_3_200	ENV_NO3	5	nan	0.220043	nan	nan	nan	nan	nan	3	2	0	nan	0.000000	nan
OTU_1576_18S_3_200	ENV_NO3	4	nan	0.130613	nan	nan	nan	nan	nan	4	0	0	nan	0.000000	nan
ASV_502_16S_022_3	ENV_NO3	2	nan	0.257510	nan	nan	nan	nan	nan	0	2	0	nan	0.000000	nan
ASV_858_16S_3_200	ENV_NO3	2	nan	0.220838	nan	nan	nan	nan	nan	0	2	0	nan	0.000000	nan
ASV_1556_16S_022_3	ENV_NO3	2	nan	0.323334	nan	nan	nan	nan	nan	1	1	0	nan	0.000000	nan
OTU_1898_18S_022_3	ENV_NO3	2	nan	0.163076	nan	nan	nan	nan	nan	0	2	0	nan	0.000000	nan
OTU_931_18S_022_3	ENV_NO3	5	nan	0.220838	nan	nan	nan	nan	nan	1	4	0	nan	0.000000	nan
OTU_16_18S_3_200	ENV_NO3	3	nan	0.073944	nan	nan	nan	nan	nan	2	1	0	nan	0.000000	nan
OTU_1338_18S_022_3	ENV_NO3	3	nan	0.093563	nan	nan	nan	nan	nan	2	1	0	nan	0.000000	nan
OTU_293_18S_3_200	ENV_NO3	5	nan	0.301428	nan	nan	nan	nan	nan	0	5	0	nan	0.000000	nan
OTU_1146_18S_3_200	ENV_NO3	2	nan	0.091445	nan	nan	nan	nan	nan	1	1	0	nan	0.000000	nan
OTU_227_18S_022_3	ENV_NO3	1	nan	0.176012	nan	nan	nan	nan	nan	1	0	0	nan	0.000000	nan
OTU_3429_18S_022_3	ENV_NO3	1	nan	0.109904	nan	nan	nan	nan	nan	0	1	0	nan	0.000000	nan
OTU_1609_18S_022_3	ENV_NO3	5	nan	0.108682	nan	nan	nan	nan	nan	2	3	0	nan	0.000000	nan
OTU_69_18S_022_3	ENV_NO3	2	nan	0.209053	nan	nan	nan	nan	nan	2	0	0	nan	0.000000	nan
OTU_231_18S_3_200	ENV_NO3	2	nan	0.162281	nan	nan	nan	nan	nan	1	1	0	nan	0.000000	nan
ASV_504_16S_022_3	ENV_NO3	4	nan	0.226389	nan	nan	nan	nan	nan	3	1	0	nan	0.000000	nan
OTU_1355_18S_3_200	ENV_NO3	4	nan	0.127406	nan	nan	nan	nan	nan	0	4	0	nan	0.000000	nan
OTU_199_18S_022_3	ENV_NO3	1	nan	0.364631	nan	nan	nan	nan	nan	0	1	0	nan	0.000000	nan
OTU_1417_18S_3_200	ENV_NO3	2	nan	0.197814	nan	nan	nan	nan	nan	0	2	0	nan	0.000000	nan
OTU_17_18S_3_200	ENV_NO3	3	nan	0.251323	nan	nan	nan	nan	nan	0	3	0	nan	0.000000	nan
OTU_1557_18S_3_200	ENV_NO3	3	nan	0.277806	nan	nan	nan	nan	nan	0	3	0	nan	0.000000	nan
OTU_491_18S_022_3	ENV_NO3	2	nan	0.170348	nan	nan	nan	nan	nan	1	1	0	nan	0.000000	nan
ASV_1124_16S_3_200	ENV_NO3	2	nan	0.115624	nan	nan	nan	nan	nan	2	0	0	nan	0.000000	nan
OTU_800_18S_3_200	ENV_NO3	3	nan	0.119144	nan	nan	nan	nan	nan	2	1	0	nan	0.000000	nan
ASV_2068_16S_022_3	ENV_NO3	2	nan	0.287373	nan	nan	nan	nan	nan	1	1	0	nan	0.000000	nan
OTU_625_18S_3_200	ENV_NO3	3	nan	0.170348	nan	nan	nan	nan	nan	1	2	0	nan	0.000000	nan
OTU_2812_18S_022_3	ENV_NO3	3	nan	0.128141	nan	nan	nan	nan	nan	2	1	0	nan	0.000000	nan
OTU_1165_18S_3_200	ENV_NO3	6	nan	0.220838	nan	nan	nan	nan	nan	6	0	0	nan	0.000000	nan
OTU_2459_18S_3_200	ENV_NO3	5	nan	0.270824	nan	nan	nan	nan	nan	1	4	0	nan	0.000000	nan
ASV_1443_16S_022_3	ENV_NO3	4	nan	0.413461	nan	nan	nan	nan	nan	0	4	0	nan	0.000000	nan
OTU_791_18S_3_200	ENV_NO3	3	nan	0.151325	nan	nan	nan	nan	nan	1	2	0	nan	0.000000	nan
ASV_1781_16S_022_3	ENV_NO3	5	nan	0.332301	nan	nan	nan	nan	nan	3	2	0	nan	0.000000	nan
ASV_500_16S_022_3	ENV_NO3	3	nan	0.099759	nan	nan	nan	nan	nan	3	0	0	nan	0.000000	nan
OTU_1286_18S_3_200	ENV_NO3	5	nan	0.128499	nan	nan	nan	nan	nan	2	3	0	nan	0.000000	nan
ASV_579_16S_022_3	ENV_NO3	2	nan	0.385224	nan	nan	nan	nan	nan	0	1	1	nan	0.000000	nan
OTU_3782_18S_3_200	ENV_NO3	5	nan	0.243666	nan	nan	nan	nan	nan	1	4	0	nan	0.000000	nan
OTU_1143_18S_022_3	ENV_NO3	4	nan	0.128499	nan	nan	nan	nan	nan	2	2	0	nan	0.000000	nan
OTU_348_18S_3_200	ENV_NO3	2	nan	0.115872	nan	nan	nan	nan	nan	2	0	0	nan	0.000000	nan
OTU_962_18S_3_200	ENV_NO3	1	nan	0.119144	nan	nan	nan	nan	nan	1	0	0	nan	0.000000	nan
OTU_699_18S_3_200	ENV_NO3	3	nan	0.119339	nan	nan	nan	nan	nan	1	2	0	nan	0.000000	nan
OTU_1618_18S_022_3	ENV_NO3	3	nan	0.108682	nan	nan	nan	nan	nan	2	1	0	nan	0.000000	nan
ASV_818_16S_022_3	ENV_NO3	2	nan	0.115624	nan	nan	nan	nan	nan	2	0	0	nan	0.000000	nan
OTU_2905_18S_022_3	ENV_NO3	2	nan	0.155299	nan	nan	nan	nan	nan	1	1	0	nan	0.000000	nan
OTU_5301_18S_3_200	ENV_NO3	3	nan	0.255576	nan	nan	nan	nan	nan	0	3	0	nan	0.000000	nan
OTU_1347_18S_3_200	ENV_NO3	3	nan	0.083512	nan	nan	nan	nan	nan	3	0	0	nan	0.000000	nan
OTU_146_18S_3_200	ENV_NO3	3	nan	0.141141	nan	nan	nan	nan	nan	3	0	0	nan	0.000000	nan
ASV_2243_16S_022_3	ENV_NO3	2	nan	0.291376	nan	nan	nan	nan	nan	0	2	0	nan	0.000000	nan
OTU_1625_18S_3_200	ENV_NO3	4	nan	0.112586	nan	nan	nan	nan	nan	4	0	0	nan	0.000000	nan
OTU_329_18S_3_200	ENV_NO3	2	nan	0.226558	nan	nan	nan	nan	nan	1	1	0	nan	0.000000	nan
OTU_1304_18S_022_3	ENV_NO3	3	nan	0.266233	nan	nan	nan	nan	nan	2	1	0	nan	0.000000	nan
ASV_381_16S_022_3	ENV_NO3	2	nan	0.216030	nan	nan	nan	nan	nan	2	0	0	nan	0.000000	nan
ASV_1047_16S_022_3	ENV_NO3	3	nan	0.093563	nan	nan	nan	nan	nan	3	0	0	nan	0.000000	nan
ASV_284_16S_022_3	ENV_NO3	3	nan	0.248439	nan	nan	nan	nan	nan	0	3	0	nan	0.000000	nan
OTU_497_18S_3_200	ENV_NO3	2	nan	0.151325	nan	nan	nan	nan	nan	0	2	0	nan	0.000000	nan
OTU_899_18S_3_200	ENV_NO3	2	nan	0.092862	nan	nan	nan	nan	nan	1	1	0	nan	0.000000	nan
OTU_6383_18S_022_3	ENV_NO3	1	nan	0.127116	nan	nan	nan	nan	nan	1	0	0	nan	0.000000	nan
OTU_646_18S_3_200	ENV_NO3	2	nan	0.189683	nan	nan	nan	nan	nan	0	2	0	nan	0.000000	nan
OTU_304_18S_3_200	ENV_NO3	3	nan	0.128499	nan	nan	nan	nan	nan	1	2	0	nan	0.000000	nan
ASV_1353_16S_022_3	ENV_NO3	3	nan	0.185998	nan	nan	nan	nan	nan	2	1	0	nan	0.000000	nan
OTU_902_18S_3_200	ENV_NO3	4	nan	0.245943	nan	nan	nan	nan	nan	3	1	0	nan	0.000000	nan
ASV_2155_16S_022_3	ENV_NO3	2	nan	0.303024	nan	nan	nan	nan	nan	1	1	0	nan	0.000000	nan
OTU_760_18S_022_3	ENV_NO3	3	nan	0.255576	nan	nan	nan	nan	nan	2	1	0	nan	0.000000	nan
OTU_995_18S_3_200	ENV_NO3	4	nan	0.177234	nan	nan	nan	nan	nan	3	1	0	nan	0.000000	nan
OTU_106_18S_3_200	ENV_NO3	3	nan	0.276676	nan	nan	nan	nan	nan	0	3	0	nan	0.000000	nan
OTU_1627_18S_3_200	ENV_NO3	3	nan	0.071761	nan	nan	nan	nan	nan	2	1	0	nan	0.000000	nan
OTU_1076_18S_3_200	ENV_NO3	2	nan	0.314979	nan	nan	nan	nan	nan	0	2	0	nan	0.000000	nan
OTU_2195_18S_022_3	ENV_NO3	3	nan	0.197814	nan	nan	nan	nan	nan	2	1	0	nan	0.000000	nan
ASV_1164_16S_022_3	ENV_NO3	3	nan	0.395085	nan	nan	nan	nan	nan	0	2	1	nan	0.000000	nan
ASV_1036_16S_022_3	ENV_NO3	3	nan	0.211812	nan	nan	nan	nan	nan	1	2	0	nan	0.000000	nan
ASV_456_16S_022_3	ENV_NO3	3	nan	0.164867	nan	nan	nan	nan	nan	2	1	0	nan	0.000000	nan
OTU_116_18S_3_200	ENV_NO3	2	nan	0.133700	nan	nan	nan	nan	nan	2	0	0	nan	0.000000	nan
ASV_920_16S_022_3	ENV_NO3	4	nan	0.212231	nan	nan	nan	nan	nan	1	3	0	nan	0.000000	nan
ASV_169_16S_022_3	ENV_NO3	4	nan	0.143568	nan	nan	nan	nan	nan	4	0	0	nan	0.000000	nan
ASV_1695_16S_022_3	ENV_NO3	2	nan	0.141274	nan	nan	nan	nan	nan	0	2	0	nan	0.000000	nan
ASV_2010_16S_022_3	ENV_NO3	1	nan	0.108682	nan	nan	nan	nan	nan	0	1	0	nan	0.000000	nan
OTU_1294_18S_022_3	ENV_NO3	2	nan	0.108682	nan	nan	nan	nan	nan	1	1	0	nan	0.000000	nan
ASV_1233_16S_022_3	ENV_NO3	5	nan	0.265607	nan	nan	nan	nan	nan	2	3	0	nan	0.000000	nan
OTU_3624_18S_3_200	ENV_NO3	3	nan	0.108682	nan	nan	nan	nan	nan	2	1	0	nan	0.000000	nan
OTU_2780_18S_022_3	ENV_NO3	4	nan	0.207705	nan	nan	nan	nan	nan	0	4	0	nan	0.000000	nan
OTU_2342_18S_3_200	ENV_NO3	1	nan	0.080917	nan	nan	nan	nan	nan	1	0	0	nan	0.000000	nan
ASV_666_16S_022_3	ENV_NO3	3	nan	0.155507	nan	nan	nan	nan	nan	2	1	0	nan	0.000000	nan
OTU_477_18S_3_200	ENV_NO3	4	nan	0.164101	nan	nan	nan	nan	nan	4	0	0	nan	0.000000	nan
OTU_1023_18S_3_200	ENV_NO3	3	nan	0.155299	nan	nan	nan	nan	nan	3	0	0	nan	0.000000	nan
OTU_1463_18S_3_200	ENV_NO3	2	nan	0.195357	nan	nan	nan	nan	nan	2	0	0	nan	0.000000	nan
OTU_136_18S_3_200	ENV_NO3	4	nan	0.319365	nan	nan	nan	nan	nan	0	4	0	nan	0.000000	nan
OTU_558_18S_3_200	ENV_NO3	2	nan	0.270824	nan	nan	nan	nan	nan	0	2	0	nan	0.000000	nan
OTU_2167_18S_022_3	ENV_NO3	2	nan	0.314561	nan	nan	nan	nan	nan	0	2	0	nan	0.000000	nan
OTU_1148_18S_022_3	ENV_NO3	2	nan	0.128236	nan	nan	nan	nan	nan	2	0	0	nan	0.000000	nan
ASV_1034_16S_022_3	ENV_NO3	1	nan	0.213061	nan	nan	nan	nan	nan	1	0	0	nan	0.000000	nan
OTU_1334_18S_3_200	ENV_NO3	2	nan	0.288035	nan	nan	nan	nan	nan	1	1	0	nan	0.000000	nan
OTU_3206_18S_3_200	ENV_NO3	4	nan	0.234996	nan	nan	nan	nan	nan	2	2	0	nan	0.000000	nan
OTU_726_18S_3_200	ENV_NO3	3	nan	0.177234	nan	nan	nan	nan	nan	3	0	0	nan	0.000000	nan
ASV_491_16S_3_200	ENV_NO3	4	nan	0.146248	nan	nan	nan	nan	nan	3	1	0	nan	0.000000	nan
ASV_164_16S_022_3	ENV_NO3	2	nan	0.281222	nan	nan	nan	nan	nan	1	1	0	nan	0.000000	nan
OTU_1337_18S_3_200	ENV_NO3	2	nan	0.071761	nan	nan	nan	nan	nan	2	0	0	nan	0.000000	nan
OTU_1347_18S_022_3	ENV_NO3	2	nan	0.149943	nan	nan	nan	nan	nan	1	1	0	nan	0.000000	nan
OTU_1562_18S_3_200	ENV_NO3	3	nan	0.151325	nan	nan	nan	nan	nan	0	3	0	nan	0.000000	nan
ASV_229_16S_3_200	ENV_NO3	1	nan	0.208471	nan	nan	nan	nan	nan	1	0	0	nan	0.000000	nan
ASV_1569_16S_022_3	ENV_NO3	3	nan	0.088102	nan	nan	nan	nan	nan	2	1	0	nan	0.000000	nan
OTU_1421_18S_022_3	ENV_NO3	1	nan	0.109701	nan	nan	nan	nan	nan	0	1	0	nan	0.000000	nan
OTU_577_18S_3_200	ENV_NO3	5	nan	0.186584	nan	nan	nan	nan	nan	4	1	0	nan	0.000000	nan
OTU_2253_18S_3_200	ENV_NO3	4	nan	0.289418	nan	nan	nan	nan	nan	0	4	0	nan	0.000000	nan
OTU_1034_18S_3_200	ENV_NO3	3	nan	0.264071	nan	nan	nan	nan	nan	1	2	0	nan	0.000000	nan
OTU_923_18S_3_200	ENV_NO3	2	nan	0.141141	nan	nan	nan	nan	nan	2	0	0	nan	0.000000	nan
OTU_1664_18S_022_3	ENV_NO3	1	nan	0.186669	nan	nan	nan	nan	nan	1	0	0	nan	0.000000	nan
OTU_2474_18S_3_200	ENV_NO3	1	nan	0.255576	nan	nan	nan	nan	nan	0	1	0	nan	0.000000	nan
OTU_487_18S_3_200	ENV_NO3	2	nan	0.151325	nan	nan	nan	nan	nan	0	2	0	nan	0.000000	nan
ASV_1071_16S_3_200	ENV_NO3	4	nan	0.255576	nan	nan	nan	nan	nan	2	2	0	nan	0.000000	nan
OTU_3261_18S_3_200	ENV_NO3	3	nan	0.164101	nan	nan	nan	nan	nan	2	1	0	nan	0.000000	nan
OTU_3382_18S_3_200	ENV_NO3	1	nan	0.197814	nan	nan	nan	nan	nan	0	1	0	nan	0.000000	nan
OTU_886_18S_3_200	ENV_NO3	2	nan	0.255576	nan	nan	nan	nan	nan	1	1	0	nan	0.000000	nan
OTU_881_18S_3_200	ENV_NO3	2	nan	0.177101	nan	nan	nan	nan	nan	2	0	0	nan	0.000000	nan
OTU_1104_18S_3_200	ENV_NO3	5	nan	0.191259	nan	nan	nan	nan	nan	3	2	0	nan	0.000000	nan
OTU_612_18S_022_3	ENV_NO3	1	nan	0.202339	nan	nan	nan	nan	nan	1	0	0	nan	0.000000	nan
ASV_1774_16S_022_3	ENV_NO3	2	nan	0.281222	nan	nan	nan	nan	nan	0	2	0	nan	0.000000	nan
ASV_174_16S_022_3	ENV_NO3	4	nan	0.234202	nan	nan	nan	nan	nan	1	3	0	nan	0.000000	nan
OTU_1291_18S_3_200	ENV_NO3	3	nan	0.188883	nan	nan	nan	nan	nan	3	0	0	nan	0.000000	nan
ASV_1042_16S_022_3	ENV_NO3	3	nan	0.246645	nan	nan	nan	nan	nan	1	2	0	nan	0.000000	nan
OTU_1769_18S_022_3	ENV_NO3	1	nan	0.071761	nan	nan	nan	nan	nan	1	0	0	nan	0.000000	nan
OTU_1414_18S_3_200	ENV_NO3	1	nan	0.302109	nan	nan	nan	nan	nan	0	1	0	nan	0.000000	nan
OTU_861_18S_022_3	ENV_NO3	1	nan	0.071761	nan	nan	nan	nan	nan	1	0	0	nan	0.000000	nan
ASV_310_16S_022_3	ENV_NO3	4	nan	0.192090	nan	nan	nan	nan	nan	4	0	0	nan	0.000000	nan
OTU_242_18S_022_3	ENV_NO3	1	nan	0.309086	nan	nan	nan	nan	nan	0	1	0	nan	0.000000	nan
OTU_198_18S_3_200	ENV_NO3	3	nan	0.128499	nan	nan	nan	nan	nan	2	1	0	nan	0.000000	nan
ASV_97_16S_022_3	ENV_NO3	3	nan	0.209639	nan	nan	nan	nan	nan	3	0	0	nan	0.000000	nan
OTU_129_18S_3_200	ENV_NO3	2	nan	0.218168	nan	nan	nan	nan	nan	0	1	1	nan	0.000000	nan
OTU_1296_18S_3_200	ENV_NO3	5	nan	0.289418	nan	nan	nan	nan	nan	0	5	0	nan	0.000000	nan
ASV_723_16S_022_3	ENV_NO3	3	nan	0.279561	nan	nan	nan	nan	nan	2	1	0	nan	0.000000	nan
OTU_1782_18S_022_3	ENV_NO3	3	nan	0.197654	nan	nan	nan	nan	nan	1	2	0	nan	0.000000	nan
ASV_708_16S_022_3	ENV_NO3	2	nan	0.278815	nan	nan	nan	nan	nan	1	1	0	nan	0.000000	nan
OTU_5297_18S_022_3	ENV_NO3	2	nan	0.161898	nan	nan	nan	nan	nan	1	1	0	nan	0.000000	nan
OTU_1650_18S_3_200	ENV_NO3	3	nan	0.313178	nan	nan	nan	nan	nan	1	2	0	nan	0.000000	nan
OTU_1454_18S_3_200	ENV_NO3	4	nan	0.172426	nan	nan	nan	nan	nan	2	2	0	nan	0.000000	nan
OTU_798_18S_022_3	ENV_NO3	2	nan	0.221213	nan	nan	nan	nan	nan	2	0	0	nan	0.000000	nan
OTU_205_18S_3_200	ENV_NO3	3	nan	0.261977	nan	nan	nan	nan	nan	1	2	0	nan	0.000000	nan
OTU_2047_18S_3_200	ENV_NO3	4	nan	0.105314	nan	nan	nan	nan	nan	4	0	0	nan	0.000000	nan
OTU_2239_18S_022_3	ENV_NO3	2	nan	0.108682	nan	nan	nan	nan	nan	2	0	0	nan	0.000000	nan
OTU_71_18S_022_3	ENV_NO3	1	nan	0.313845	nan	nan	nan	nan	nan	0	1	0	nan	0.000000	nan
ASV_134_16S_022_3	ENV_NO3	4	nan	0.132294	nan	nan	nan	nan	nan	3	1	0	nan	0.000000	nan
OTU_1329_18S_3_200	ENV_NO3	3	nan	0.107020	nan	nan	nan	nan	nan	3	0	0	nan	0.000000	nan
ASV_283_16S_022_3	ENV_NO3	1	nan	0.109701	nan	nan	nan	nan	nan	1	0	0	nan	0.000000	nan
OTU_174_18S_3_200	ENV_NO3	3	nan	0.185376	nan	nan	nan	nan	nan	1	2	0	nan	0.000000	nan
OTU_2376_18S_3_200	ENV_NO3	4	nan	0.208471	nan	nan	nan	nan	nan	3	1	0	nan	0.000000	nan
OTU_2305_18S_3_200	ENV_NO3	4	nan	0.313178	nan	nan	nan	nan	nan	0	4	0	nan	0.000000	nan
ASV_1541_16S_022_3	ENV_NO3	3	nan	0.151325	nan	nan	nan	nan	nan	1	2	0	nan	0.000000	nan
OTU_41_18S_022_3	ENV_NO3	2	nan	0.093563	nan	nan	nan	nan	nan	0	2	0	nan	0.000000	nan
OTU_493_18S_3_200	ENV_NO3	3	nan	0.239384	nan	nan	nan	nan	nan	1	2	0	nan	0.000000	nan
OTU_86_18S_022_3	ENV_NO3	3	nan	0.128141	nan	nan	nan	nan	nan	3	0	0	nan	0.000000	nan
ASV_596_16S_022_3	ENV_NO3	2	nan	0.109318	nan	nan	nan	nan	nan	2	0	0	nan	0.000000	nan
OTU_1598_18S_022_3	ENV_NO3	1	nan	0.097537	nan	nan	nan	nan	nan	1	0	0	nan	0.000000	nan
OTU_2958_18S_022_3	ENV_NO3	4	nan	0.221864	nan	nan	nan	nan	nan	1	3	0	nan	0.000000	nan
OTU_2303_18S_3_200	ENV_NO3	3	nan	0.243666	nan	nan	nan	nan	nan	1	2	0	nan	0.000000	nan
ASV_739_16S_022_3	ENV_NO3	5	nan	0.305908	nan	nan	nan	nan	nan	1	4	0	nan	0.000000	nan
OTU_655_18S_3_200	ENV_NO3	3	nan	0.170348	nan	nan	nan	nan	nan	2	1	0	nan	0.000000	nan
OTU_1363_18S_3_200	ENV_NO3	2	nan	0.209854	nan	nan	nan	nan	nan	0	2	0	nan	0.000000	nan
ASV_138_16S_022_3	ENV_NO3	2	nan	0.261589	nan	nan	nan	nan	nan	2	0	0	nan	0.000000	nan
ASV_333_16S_022_3	ENV_NO3	3	nan	0.071761	nan	nan	nan	nan	nan	3	0	0	nan	0.000000	nan
OTU_1774_18S_3_200	ENV_NO3	1	nan	0.197814	nan	nan	nan	nan	nan	0	1	0	nan	0.000000	nan
OTU_1646_18S_3_200	ENV_NO3	3	nan	0.088102	nan	nan	nan	nan	nan	3	0	0	nan	0.000000	nan
OTU_2905_18S_3_200	ENV_NO3	1	nan	0.141274	nan	nan	nan	nan	nan	1	0	0	nan	0.000000	nan
OTU_1394_18S_3_200	ENV_NO3	7	nan	0.255576	nan	nan	nan	nan	nan	3	4	0	nan	0.000000	nan
OTU_1405_18S_3_200	ENV_NO3	3	nan	0.255576	nan	nan	nan	nan	nan	3	0	0	nan	0.000000	nan
OTU_1391_18S_3_200	ENV_NO3	3	nan	0.071761	nan	nan	nan	nan	nan	3	0	0	nan	0.000000	nan
OTU_1968_18S_3_200	ENV_NO3	3	nan	0.093563	nan	nan	nan	nan	nan	2	1	0	nan	0.000000	nan
OTU_747_18S_022_3	ENV_NO3	1	nan	0.209854	nan	nan	nan	nan	nan	1	0	0	nan	0.000000	nan
OTU_387_18S_3_200	ENV_NO3	3	nan	0.151325	nan	nan	nan	nan	nan	2	1	0	nan	0.000000	nan
ASV_1076_16S_3_200	ENV_NO3	3	nan	0.128499	nan	nan	nan	nan	nan	0	3	0	nan	0.000000	nan
OTU_568_18S_022_3	ENV_NO3	3	nan	0.258967	nan	nan	nan	nan	nan	2	1	0	nan	0.000000	nan
OTU_493_18S_022_3	ENV_NO3	2	nan	0.094653	nan	nan	nan	nan	nan	1	1	0	nan	0.000000	nan
ASV_215_16S_022_3	ENV_NO3	2	nan	0.123268	nan	nan	nan	nan	nan	2	0	0	nan	0.000000	nan
OTU_2420_18S_3_200	ENV_NO3	3	nan	0.256798	nan	nan	nan	nan	nan	0	3	0	nan	0.000000	nan
ASV_556_16S_022_3	ENV_NO3	5	nan	0.131920	nan	nan	nan	nan	nan	5	0	0	nan	0.000000	nan
ASV_166_16S_3_200	ENV_NO3	2	nan	0.433095	nan	nan	nan	nan	nan	0	1	1	nan	0.000000	nan
OTU_1948_18S_3_200	ENV_NO3	4	nan	0.093563	nan	nan	nan	nan	nan	3	1	0	nan	0.000000	nan
OTU_518_18S_022_3	ENV_NO3	2	nan	0.220838	nan	nan	nan	nan	nan	0	2	0	nan	0.000000	nan
OTU_550_18S_3_200	ENV_NO3	4	nan	0.108682	nan	nan	nan	nan	nan	4	0	0	nan	0.000000	nan
ASV_637_16S_022_3	ENV_NO3	3	nan	0.164101	nan	nan	nan	nan	nan	3	0	0	nan	0.000000	nan
OTU_799_18S_3_200	ENV_NO3	5	nan	0.149793	nan	nan	nan	nan	nan	2	3	0	nan	0.000000	nan
OTU_1194_18S_022_3	ENV_NO3	1	nan	0.108682	nan	nan	nan	nan	nan	1	0	0	nan	0.000000	nan
OTU_270_18S_3_200	ENV_NO3	4	nan	0.318357	nan	nan	nan	nan	nan	0	4	0	nan	0.000000	nan
ASV_299_16S_022_3	ENV_NO3	3	nan	0.243600	nan	nan	nan	nan	nan	3	0	0	nan	0.000000	nan
ASV_915_16S_022_3	ENV_NO3	1	nan	0.105604	nan	nan	nan	nan	nan	1	0	0	nan	0.000000	nan
ASV_58_16S_3_200	ENV_NO3	2	nan	0.109701	nan	nan	nan	nan	nan	2	0	0	nan	0.000000	nan
OTU_1159_18S_3_200	ENV_NO3	3	nan	0.191259	nan	nan	nan	nan	nan	1	2	0	nan	0.000000	nan
OTU_1721_18S_3_200	ENV_NO3	3	nan	0.130613	nan	nan	nan	nan	nan	2	1	0	nan	0.000000	nan
OTU_2699_18S_3_200	ENV_NO3	2	nan	0.207705	nan	nan	nan	nan	nan	1	1	0	nan	0.000000	nan
OTU_184_18S_022_3	ENV_NO3	2	nan	0.088102	nan	nan	nan	nan	nan	2	0	0	nan	0.000000	nan
ASV_80_16S_022_3	ENV_NO3	2	nan	0.283112	nan	nan	nan	nan	nan	0	2	0	nan	0.000000	nan
OTU_1714_18S_022_3	ENV_NO3	1	nan	0.141274	nan	nan	nan	nan	nan	0	1	0	nan	0.000000	nan
OTU_932_18S_3_200	ENV_NO3	3	nan	0.170348	nan	nan	nan	nan	nan	1	2	0	nan	0.000000	nan
ASV_865_16S_022_3	ENV_NO3	2	nan	0.302272	nan	nan	nan	nan	nan	1	1	0	nan	0.000000	nan
OTU_1494_18S_022_3	ENV_NO3	3	nan	0.191259	nan	nan	nan	nan	nan	1	2	0	nan	0.000000	nan
OTU_107_18S_022_3	ENV_NO3	1	nan	0.127028	nan	nan	nan	nan	nan	0	1	0	nan	0.000000	nan
OTU_1732_18S_3_200	ENV_NO3	4	nan	0.141274	nan	nan	nan	nan	nan	3	1	0	nan	0.000000	nan
ASV_1457_16S_3_200	ENV_NO3	4	nan	0.468051	nan	nan	nan	nan	nan	0	4	0	nan	0.000000	nan
OTU_2289_18S_022_3	ENV_NO3	1	nan	0.151325	nan	nan	nan	nan	nan	0	1	0	nan	0.000000	nan
OTU_3210_18S_022_3	ENV_NO3	3	nan	0.108682	nan	nan	nan	nan	nan	0	3	0	nan	0.000000	nan
ASV_119_16S_022_3	ENV_NO3	2	nan	0.171217	nan	nan	nan	nan	nan	2	0	0	nan	0.000000	nan
OTU_621_18S_3_200	ENV_NO3	4	nan	0.108682	nan	nan	nan	nan	nan	3	1	0	nan	0.000000	nan
ASV_382_16S_022_3	ENV_NO3	2	nan	0.259172	nan	nan	nan	nan	nan	2	0	0	nan	0.000000	nan
OTU_2270_18S_022_3	ENV_NO3	4	nan	0.108682	nan	nan	nan	nan	nan	4	0	0	nan	0.000000	nan
OTU_277_18S_3_200	ENV_NO3	2	nan	0.091445	nan	nan	nan	nan	nan	1	1	0	nan	0.000000	nan
ASV_1057_16S_022_3	ENV_NO3	1	nan	0.238578	nan	nan	nan	nan	nan	1	0	0	nan	0.000000	nan
ASV_786_16S_022_3	ENV_NO3	3	nan	0.287373	nan	nan	nan	nan	nan	1	2	0	nan	0.000000	nan
OTU_1258_18S_3_200	ENV_NO3	5	nan	0.127116	nan	nan	nan	nan	nan	4	1	0	nan	0.000000	nan
OTU_3023_18S_3_200	ENV_NO3	5	nan	0.108682	nan	nan	nan	nan	nan	2	3	0	nan	0.000000	nan
OTU_855_18S_3_200	ENV_NO3	3	nan	0.220838	nan	nan	nan	nan	nan	1	2	0	nan	0.000000	nan
OTU_2649_18S_3_200	ENV_NO3	5	nan	0.234996	nan	nan	nan	nan	nan	3	2	0	nan	0.000000	nan
OTU_1767_18S_3_200	ENV_NO3	3	nan	0.183784	nan	nan	nan	nan	nan	3	0	0	nan	0.000000	nan
OTU_1728_18S_3_200	ENV_NO3	2	nan	0.301428	nan	nan	nan	nan	nan	1	1	0	nan	0.000000	nan
OTU_606_18S_3_200	ENV_NO3	2	nan	0.164101	nan	nan	nan	nan	nan	2	0	0	nan	0.000000	nan
ASV_1387_16S_022_3	ENV_NO3	1	nan	0.195696	nan	nan	nan	nan	nan	0	1	0	nan	0.000000	nan
OTU_463_18S_022_3	ENV_NO3	3	nan	0.301363	nan	nan	nan	nan	nan	1	2	0	nan	0.000000	nan
OTU_391_18S_022_3	ENV_NO3	1	nan	0.141274	nan	nan	nan	nan	nan	0	1	0	nan	0.000000	nan
ASV_227_16S_022_3	ENV_NO3	3	nan	0.254128	nan	nan	nan	nan	nan	2	1	0	nan	0.000000	nan
OTU_2615_18S_3_200	ENV_NO3	4	nan	0.199036	nan	nan	nan	nan	nan	0	4	0	nan	0.000000	nan
OTU_2399_18S_022_3	ENV_NO3	3	nan	0.151325	nan	nan	nan	nan	nan	1	2	0	nan	0.000000	nan
OTU_110_18S_022_3	ENV_NO3	2	nan	0.296340	nan	nan	nan	nan	nan	0	2	0	nan	0.000000	nan
OTU_1592_18S_3_200	ENV_NO3	3	nan	0.270824	nan	nan	nan	nan	nan	0	3	0	nan	0.000000	nan
OTU_379_18S_3_200	ENV_NO3	1	nan	0.109904	nan	nan	nan	nan	nan	1	0	0	nan	0.000000	nan
ASV_1348_16S_022_3	ENV_NO3	7	nan	0.223460	nan	nan	nan	nan	nan	3	4	0	nan	0.000000	nan
ASV_396_16S_022_3	ENV_NO3	4	nan	0.404435	nan	nan	nan	nan	nan	2	2	0	nan	0.000000	nan
OTU_3490_18S_3_200	ENV_NO3	1	nan	0.243666	nan	nan	nan	nan	nan	0	1	0	nan	0.000000	nan
OTU_1222_18S_3_200	ENV_NO3	2	nan	0.090784	nan	nan	nan	nan	nan	1	1	0	nan	0.000000	nan
OTU_3072_18S_3_200	ENV_NO3	3	nan	0.197814	nan	nan	nan	nan	nan	1	2	0	nan	0.000000	nan
ASV_746_16S_022_3	ENV_NO3	3	nan	0.208307	nan	nan	nan	nan	nan	2	1	0	nan	0.000000	nan
OTU_3160_18S_3_200	ENV_NO3	3	nan	0.093563	nan	nan	nan	nan	nan	3	0	0	nan	0.000000	nan
OTU_1431_18S_3_200	ENV_NO3	3	nan	0.255416	nan	nan	nan	nan	nan	0	3	0	nan	0.000000	nan
ASV_531_16S_022_3	ENV_NO3	3	nan	0.265402	nan	nan	nan	nan	nan	1	2	0	nan	0.000000	nan
OTU_315_18S_3_200	ENV_NO3	2	nan	0.288035	nan	nan	nan	nan	nan	0	2	0	nan	0.000000	nan
OTU_3255_18S_3_200	ENV_NO3	5	nan	0.164101	nan	nan	nan	nan	nan	4	1	0	nan	0.000000	nan
OTU_3348_18S_3_200	ENV_NO3	4	nan	0.301428	nan	nan	nan	nan	nan	0	4	0	nan	0.000000	nan
OTU_2508_18S_3_200	ENV_NO3	4	nan	0.105314	nan	nan	nan	nan	nan	4	0	0	nan	0.000000	nan
ASV_663_16S_3_200	ENV_NO3	5	nan	0.234863	nan	nan	nan	nan	nan	1	4	0	nan	0.000000	nan
ASV_1138_16S_3_200	ENV_NO3	5	nan	0.214538	nan	nan	nan	nan	nan	2	3	0	nan	0.000000	nan
OTU_2501_18S_022_3	ENV_NO3	2	nan	0.167666	nan	nan	nan	nan	nan	1	1	0	nan	0.000000	nan
OTU_2394_18S_3_200	ENV_NO3	3	nan	0.192150	nan	nan	nan	nan	nan	1	2	0	nan	0.000000	nan
OTU_1706_18S_3_200	ENV_NO3	4	nan	0.255576	nan	nan	nan	nan	nan	1	3	0	nan	0.000000	nan
ASV_1636_16S_022_3	ENV_NO3	1	nan	0.128499	nan	nan	nan	nan	nan	1	0	0	nan	0.000000	nan
OTU_102_18S_3_200	ENV_NO3	1	nan	0.223460	nan	nan	nan	nan	nan	1	0	0	nan	0.000000	nan
OTU_1095_18S_022_3	ENV_NO3	1	nan	0.215115	nan	nan	nan	nan	nan	0	1	0	nan	0.000000	nan
OTU_844_18S_022_3	ENV_NO3	4	nan	0.128499	nan	nan	nan	nan	nan	0	4	0	nan	0.000000	nan
OTU_797_18S_3_200	ENV_NO3	3	nan	0.460660	nan	nan	nan	nan	nan	0	3	0	nan	0.000000	nan
ASV_318_16S_022_3	ENV_NO3	3	nan	0.293177	nan	nan	nan	nan	nan	1	2	0	nan	0.000000	nan
ASV_690_16S_022_3	ENV_NO3	1	nan	0.149943	nan	nan	nan	nan	nan	0	1	0	nan	0.000000	nan
OTU_2242_18S_3_200	ENV_NO3	2	nan	0.243666	nan	nan	nan	nan	nan	1	1	0	nan	0.000000	nan
OTU_2069_18S_3_200	ENV_NO3	4	nan	0.256798	nan	nan	nan	nan	nan	1	3	0	nan	0.000000	nan
OTU_3_18S_3_200	ENV_NO3	2	nan	0.135998	nan	nan	nan	nan	nan	1	1	0	nan	0.000000	nan
OTU_3933_18S_3_200	ENV_NO3	3	nan	0.197814	nan	nan	nan	nan	nan	3	0	0	nan	0.000000	nan
OTU_408_18S_022_3	ENV_NO3	1	nan	0.229611	nan	nan	nan	nan	nan	1	0	0	nan	0.000000	nan
OTU_2033_18S_3_200	ENV_NO3	3	nan	0.071761	nan	nan	nan	nan	nan	3	0	0	nan	0.000000	nan
OTU_168_18S_022_3	ENV_NO3	3	nan	0.167120	nan	nan	nan	nan	nan	3	0	0	nan	0.000000	nan
OTU_1422_18S_022_3	ENV_NO3	3	nan	0.240716	nan	nan	nan	nan	nan	1	2	0	nan	0.000000	nan
OTU_1105_18S_3_200	ENV_NO3	3	nan	0.234863	nan	nan	nan	nan	nan	1	2	0	nan	0.000000	nan
OTU_2714_18S_3_200	ENV_NO3	3	nan	0.301428	nan	nan	nan	nan	nan	2	1	0	nan	0.000000	nan
OTU_3610_18S_022_3	ENV_NO3	1	nan	0.192353	nan	nan	nan	nan	nan	0	1	0	nan	0.000000	nan
ASV_324_16S_022_3	ENV_NO3	2	nan	0.233072	nan	nan	nan	nan	nan	1	1	0	nan	0.000000	nan
OTU_2795_18S_3_200	ENV_NO3	3	nan	0.271917	nan	nan	nan	nan	nan	0	3	0	nan	0.000000	nan
ASV_850_16S_022_3	ENV_NO3	1	nan	0.231397	nan	nan	nan	nan	nan	1	0	0	nan	0.000000	nan
OTU_3225_18S_3_200	ENV_NO3	2	nan	0.257217	nan	nan	nan	nan	nan	1	1	0	nan	0.000000	nan
OTU_288_18S_3_200	ENV_NO3	2	nan	0.239384	nan	nan	nan	nan	nan	1	1	0	nan	0.000000	nan
ASV_760_16S_022_3	ENV_NO3	1	nan	0.233614	nan	nan	nan	nan	nan	0	1	0	nan	0.000000	nan
OTU_2601_18S_3_200	ENV_NO3	2	nan	0.185903	nan	nan	nan	nan	nan	1	1	0	nan	0.000000	nan
OTU_851_18S_022_3	ENV_NO3	2	nan	0.149793	nan	nan	nan	nan	nan	1	1	0	nan	0.000000	nan
OTU_5560_18S_3_200	ENV_NO3	4	nan	0.151325	nan	nan	nan	nan	nan	3	1	0	nan	0.000000	nan
OTU_109_18S_3_200	ENV_NO3	3	nan	0.259465	nan	nan	nan	nan	nan	0	3	0	nan	0.000000	nan
ASV_238_16S_022_3	ENV_NO3	1	nan	0.201951	nan	nan	nan	nan	nan	1	0	0	nan	0.000000	nan
ASV_1_16S_022_3	ENV_NO3	3	nan	0.224420	nan	nan	nan	nan	nan	3	0	0	nan	0.000000	nan
ASV_264_16S_022_3	ENV_NO3	1	nan	0.223674	nan	nan	nan	nan	nan	1	0	0	nan	0.000000	nan
ASV_422_16S_022_3	ENV_NO3	3	nan	0.316188	nan	nan	nan	nan	nan	1	2	0	nan	0.000000	nan
OTU_353_18S_3_200	ENV_NO3	3	nan	0.235415	nan	nan	nan	nan	nan	1	2	0	nan	0.000000	nan
ASV_131_16S_022_3	ENV_NO3	2	nan	0.155507	nan	nan	nan	nan	nan	2	0	0	nan	0.000000	nan
ASV_448_16S_022_3	ENV_NO3	2	nan	0.315273	nan	nan	nan	nan	nan	2	0	0	nan	0.000000	nan
ASV_538_16S_022_3	ENV_NO3	1	nan	0.354103	nan	nan	nan	nan	nan	0	1	0	nan	0.000000	nan
OTU_128_18S_3_200	ENV_NO3	3	nan	0.200545	nan	nan	nan	nan	nan	1	2	0	nan	0.000000	nan
ASV_587_16S_022_3	ENV_NO3	1	nan	0.288757	nan	nan	nan	nan	nan	1	0	0	nan	0.000000	nan
ASV_615_16S_022_3	ENV_NO3	2	nan	0.328003	nan	nan	nan	nan	nan	0	2	0	nan	0.000000	nan
ASV_747_16S_022_3	ENV_NO3	1	nan	0.201205	nan	nan	nan	nan	nan	1	0	0	nan	0.000000	nan
ASV_1194_16S_022_3	ENV_NO3	2	nan	0.226439	nan	nan	nan	nan	nan	1	1	0	nan	0.000000	nan
ASV_752_16S_022_3	ENV_NO3	2	nan	0.187793	nan	nan	nan	nan	nan	2	0	0	nan	0.000000	nan
ASV_859_16S_022_3	ENV_NO3	2	nan	0.255835	nan	nan	nan	nan	nan	1	1	0	nan	0.000000	nan
ASV_152_16S_3_200	ENV_NO3	2	nan	0.406901	nan	nan	nan	nan	nan	0	1	1	nan	0.000000	nan
ASV_899_16S_022_3	ENV_NO3	1	nan	0.130697	nan	nan	nan	nan	nan	1	0	0	nan	0.000000	nan
ASV_942_16S_022_3	ENV_NO3	1	nan	0.244809	nan	nan	nan	nan	nan	0	1	0	nan	0.000000	nan
ASV_1012_16S_022_3	ENV_NO3	4	nan	0.190429	nan	nan	nan	nan	nan	3	1	0	nan	0.000000	nan
ASV_316_16S_022_3	ENV_NO3	4	nan	0.309329	nan	nan	nan	nan	nan	3	1	0	nan	0.000000	nan
ASV_411_16S_022_3	ENV_NO3	3	nan	0.246485	nan	nan	nan	nan	nan	2	1	0	nan	0.000000	nan
ASV_1021_16S_022_3	ENV_NO3	1	nan	0.210685	nan	nan	nan	nan	nan	1	0	0	nan	0.000000	nan
OTU_1127_18S_3_200	ENV_NO3	4	nan	0.259465	nan	nan	nan	nan	nan	4	0	0	nan	0.000000	nan
ASV_1144_16S_022_3	ENV_NO3	1	nan	0.088102	nan	nan	nan	nan	nan	1	0	0	nan	0.000000	nan
ASV_1097_16S_022_3	ENV_NO3	2	nan	0.339198	nan	nan	nan	nan	nan	0	2	0	nan	0.000000	nan
ASV_651_16S_3_200	ENV_NO3	1	nan	0.120169	nan	nan	nan	nan	nan	1	0	0	nan	0.000000	nan
ASV_1706_16S_022_3	ENV_NO3	4	nan	0.332301	nan	nan	nan	nan	nan	1	3	0	nan	0.000000	nan
ASV_704_16S_022_3	ENV_NO3	1	nan	0.105604	nan	nan	nan	nan	nan	1	0	0	nan	0.000000	nan
ASV_1154_16S_022_3	ENV_NO3	3	nan	0.260643	nan	nan	nan	nan	nan	1	2	0	nan	0.000000	nan
OTU_303_18S_022_3	ENV_NO3	1	nan	0.286781	nan	nan	nan	nan	nan	1	0	0	nan	0.000000	nan
OTU_1256_18S_3_200	ENV_NO3	3	nan	0.323995	nan	nan	nan	nan	nan	1	2	0	nan	0.000000	nan
ASV_1269_16S_022_3	ENV_NO3	3	nan	0.209515	nan	nan	nan	nan	nan	1	2	0	nan	0.000000	nan
OTU_4500_18S_3_200	ENV_NO3	4	nan	0.255576	nan	nan	nan	nan	nan	1	3	0	nan	0.000000	nan
ASV_1303_16S_022_3	ENV_NO3	2	nan	0.177309	nan	nan	nan	nan	nan	2	0	0	nan	0.000000	nan
ASV_1332_16S_022_3	ENV_NO3	5	nan	0.146248	nan	nan	nan	nan	nan	2	3	0	nan	0.000000	nan
OTU_1820_18S_022_3	ENV_NO3	1	nan	0.124446	nan	nan	nan	nan	nan	0	1	0	nan	0.000000	nan
ASV_1971_16S_022_3	ENV_NO3	3	nan	0.215115	nan	nan	nan	nan	nan	2	1	0	nan	0.000000	nan
ASV_1361_16S_022_3	ENV_NO3	4	nan	0.226439	nan	nan	nan	nan	nan	3	1	0	nan	0.000000	nan
ASV_924_16S_022_3	ENV_NO3	2	nan	0.212400	nan	nan	nan	nan	nan	2	0	0	nan	0.000000	nan
ASV_1396_16S_022_3	ENV_NO3	2	nan	0.288880	nan	nan	nan	nan	nan	1	1	0	nan	0.000000	nan
ASV_1418_16S_022_3	ENV_NO3	1	nan	0.262400	nan	nan	nan	nan	nan	1	0	0	nan	0.000000	nan
ASV_1507_16S_022_3	ENV_NO3	3	nan	0.286200	nan	nan	nan	nan	nan	1	2	0	nan	0.000000	nan
ASV_157_16S_3_200	ENV_NO3	4	nan	0.308260	nan	nan	nan	nan	nan	1	3	0	nan	0.000000	nan
ASV_227_16S_3_200	ENV_NO3	3	nan	0.386110	nan	nan	nan	nan	nan	0	2	1	nan	0.000000	nan
ASV_1571_16S_022_3	ENV_NO3	3	nan	0.338984	nan	nan	nan	nan	nan	1	1	1	nan	0.000000	nan
ASV_892_16S_022_3	ENV_NO3	1	nan	0.161982	nan	nan	nan	nan	nan	1	0	0	nan	0.000000	nan
ASV_1881_16S_022_3	ENV_NO3	2	nan	0.194974	nan	nan	nan	nan	nan	2	0	0	nan	0.000000	nan
ASV_1921_16S_022_3	ENV_NO3	4	nan	0.437476	nan	nan	nan	nan	nan	0	4	0	nan	0.000000	nan
ASV_1930_16S_022_3	ENV_NO3	3	nan	0.394534	nan	nan	nan	nan	nan	0	3	0	nan	0.000000	nan
ASV_1994_16S_022_3	ENV_NO3	2	nan	0.161982	nan	nan	nan	nan	nan	2	0	0	nan	0.000000	nan
ASV_2102_16S_022_3	ENV_NO3	4	nan	0.161982	nan	nan	nan	nan	nan	3	1	0	nan	0.000000	nan
ASV_2170_16S_022_3	ENV_NO3	1	nan	0.128141	nan	nan	nan	nan	nan	1	0	0	nan	0.000000	nan
OTU_61_18S_022_3	ENV_NO3	1	nan	0.244267	nan	nan	nan	nan	nan	0	1	0	nan	0.000000	nan
OTU_67_18S_022_3	ENV_NO3	2	nan	0.213608	nan	nan	nan	nan	nan	1	1	0	nan	0.000000	nan
OTU_955_18S_022_3	ENV_NO3	3	nan	0.108682	nan	nan	nan	nan	nan	3	0	0	nan	0.000000	nan
OTU_92_18S_022_3	ENV_NO3	1	nan	0.195620	nan	nan	nan	nan	nan	0	1	0	nan	0.000000	nan
OTU_130_18S_022_3	ENV_NO3	1	nan	0.177234	nan	nan	nan	nan	nan	1	0	0	nan	0.000000	nan
ASV_92_16S_022_3	ENV_NO3	2	nan	0.222465	nan	nan	nan	nan	nan	2	0	0	nan	0.000000	nan
OTU_201_18S_022_3	ENV_NO3	1	nan	0.292710	nan	nan	nan	nan	nan	0	1	0	nan	0.000000	nan
OTU_554_18S_022_3	ENV_NO3	1	nan	0.167666	nan	nan	nan	nan	nan	1	0	0	nan	0.000000	nan
OTU_266_18S_022_3	ENV_NO3	1	nan	0.271201	nan	nan	nan	nan	nan	0	1	0	nan	0.000000	nan
OTU_365_18S_022_3	ENV_NO3	1	nan	0.283779	nan	nan	nan	nan	nan	0	1	0	nan	0.000000	nan
OTU_388_18S_022_3	ENV_NO3	2	nan	0.280769	nan	nan	nan	nan	nan	1	1	0	nan	0.000000	nan
OTU_423_18S_022_3	ENV_NO3	2	nan	0.149793	nan	nan	nan	nan	nan	1	1	0	nan	0.000000	nan
ASV_248_16S_3_200	ENV_NO3	1	nan	0.167125	nan	nan	nan	nan	nan	1	0	0	nan	0.000000	nan
OTU_434_18S_022_3	ENV_NO3	1	nan	0.224634	nan	nan	nan	nan	nan	1	0	0	nan	0.000000	nan
OTU_544_18S_022_3	ENV_NO3	1	nan	0.308260	nan	nan	nan	nan	nan	0	1	0	nan	0.000000	nan
OTU_1173_18S_022_3	ENV_NO3	1	nan	0.246645	nan	nan	nan	nan	nan	0	1	0	nan	0.000000	nan
OTU_556_18S_022_3	ENV_NO3	1	nan	0.223474	nan	nan	nan	nan	nan	0	1	0	nan	0.000000	nan
OTU_307_18S_022_3	ENV_NO3	2	nan	0.254128	nan	nan	nan	nan	nan	1	1	0	nan	0.000000	nan
OTU_771_18S_022_3	ENV_NO3	2	nan	0.139350	nan	nan	nan	nan	nan	2	0	0	nan	0.000000	nan
OTU_860_18S_022_3	ENV_NO3	1	nan	0.317278	nan	nan	nan	nan	nan	0	1	0	nan	0.000000	nan
OTU_894_18S_022_3	ENV_NO3	1	nan	0.109904	nan	nan	nan	nan	nan	1	0	0	nan	0.000000	nan
OTU_992_18S_022_3	ENV_NO3	1	nan	0.121099	nan	nan	nan	nan	nan	1	0	0	nan	0.000000	nan
ASV_628_16S_3_200	ENV_NO3	2	nan	0.308663	nan	nan	nan	nan	nan	0	2	0	nan	0.000000	nan
OTU_1180_18S_022_3	ENV_NO3	1	nan	0.141274	nan	nan	nan	nan	nan	1	0	0	nan	0.000000	nan
OTU_1179_18S_022_3	ENV_NO3	1	nan	0.272877	nan	nan	nan	nan	nan	0	1	0	nan	0.000000	nan
OTU_1266_18S_022_3	ENV_NO3	1	nan	0.314561	nan	nan	nan	nan	nan	0	1	0	nan	0.000000	nan
ASV_969_16S_022_3	ENV_NO3	2	nan	0.234996	nan	nan	nan	nan	nan	2	0	0	nan	0.000000	nan
ASV_60_16S_022_3	ENV_NO3	2	nan	0.199455	nan	nan	nan	nan	nan	2	0	0	nan	0.000000	nan
OTU_1258_18S_022_3	ENV_NO3	4	nan	0.386695	nan	nan	nan	nan	nan	0	4	0	nan	0.000000	nan
OTU_1291_18S_022_3	ENV_NO3	1	nan	0.313178	nan	nan	nan	nan	nan	0	1	0	nan	0.000000	nan
OTU_1381_18S_022_3	ENV_NO3	3	nan	0.289418	nan	nan	nan	nan	nan	0	3	0	nan	0.000000	nan
ASV_569_16S_022_3	ENV_NO3	1	nan	0.200319	nan	nan	nan	nan	nan	1	0	0	nan	0.000000	nan
ASV_749_16S_022_3	ENV_NO3	4	nan	0.282819	nan	nan	nan	nan	nan	4	0	0	nan	0.000000	nan
OTU_1358_18S_022_3	ENV_NO3	2	nan	0.402898	nan	nan	nan	nan	nan	0	2	0	nan	0.000000	nan
ASV_932_16S_022_3	ENV_NO3	5	nan	0.128499	nan	nan	nan	nan	nan	2	3	0	nan	0.000000	nan
OTU_2578_18S_3_200	ENV_NO3	2	nan	0.149793	nan	nan	nan	nan	nan	0	2	0	nan	0.000000	nan
OTU_1631_18S_022_3	ENV_NO3	1	nan	0.167666	nan	nan	nan	nan	nan	0	1	0	nan	0.000000	nan
OTU_1634_18S_022_3	ENV_NO3	2	nan	0.098427	nan	nan	nan	nan	nan	2	0	0	nan	0.000000	nan
OTU_1670_18S_022_3	ENV_NO3	2	nan	0.192353	nan	nan	nan	nan	nan	2	0	0	nan	0.000000	nan
OTU_1763_18S_022_3	ENV_NO3	3	nan	0.301428	nan	nan	nan	nan	nan	1	2	0	nan	0.000000	nan
OTU_1684_18S_022_3	ENV_NO3	2	nan	0.207705	nan	nan	nan	nan	nan	0	2	0	nan	0.000000	nan
OTU_1849_18S_022_3	ENV_NO3	3	nan	0.222544	nan	nan	nan	nan	nan	2	1	0	nan	0.000000	nan
ASV_358_16S_022_3	ENV_NO3	3	nan	0.154175	nan	nan	nan	nan	nan	2	1	0	nan	0.000000	nan
OTU_5666_18S_3_200	ENV_NO3	3	nan	0.234996	nan	nan	nan	nan	nan	2	1	0	nan	0.000000	nan
OTU_1844_18S_022_3	ENV_NO3	2	nan	0.292506	nan	nan	nan	nan	nan	1	1	0	nan	0.000000	nan
ASV_827_16S_022_3	ENV_NO3	2	nan	0.128499	nan	nan	nan	nan	nan	1	1	0	nan	0.000000	nan
OTU_1927_18S_022_3	ENV_NO3	2	nan	0.109904	nan	nan	nan	nan	nan	1	1	0	nan	0.000000	nan
OTU_2094_18S_022_3	ENV_NO3	1	nan	0.354317	nan	nan	nan	nan	nan	0	1	0	nan	0.000000	nan
OTU_121_18S_022_3	ENV_NO3	3	nan	0.172809	nan	nan	nan	nan	nan	1	2	0	nan	0.000000	nan
OTU_2295_18S_3_200	ENV_NO3	4	nan	0.249022	nan	nan	nan	nan	nan	1	3	0	nan	0.000000	nan
OTU_2245_18S_022_3	ENV_NO3	1	nan	0.108682	nan	nan	nan	nan	nan	1	0	0	nan	0.000000	nan
ASV_207_16S_022_3	ENV_NO3	2	nan	0.071761	nan	nan	nan	nan	nan	2	0	0	nan	0.000000	nan
OTU_235_18S_3_200	ENV_NO3	2	nan	0.172809	nan	nan	nan	nan	nan	0	2	0	nan	0.000000	nan
OTU_2304_18S_022_3	ENV_NO3	3	nan	0.109904	nan	nan	nan	nan	nan	2	1	0	nan	0.000000	nan
OTU_1917_18S_3_200	ENV_NO3	4	nan	0.071761	nan	nan	nan	nan	nan	4	0	0	nan	0.000000	nan
OTU_2334_18S_022_3	ENV_NO3	2	nan	0.255576	nan	nan	nan	nan	nan	0	2	0	nan	0.000000	nan
OTU_396_18S_022_3	ENV_NO3	1	nan	0.127067	nan	nan	nan	nan	nan	1	0	0	nan	0.000000	nan
OTU_2461_18S_022_3	ENV_NO3	1	nan	0.151325	nan	nan	nan	nan	nan	0	1	0	nan	0.000000	nan
OTU_2990_18S_022_3	ENV_NO3	1	nan	0.093563	nan	nan	nan	nan	nan	1	0	0	nan	0.000000	nan
OTU_3133_18S_022_3	ENV_NO3	3	nan	0.192353	nan	nan	nan	nan	nan	2	1	0	nan	0.000000	nan
OTU_3064_18S_022_3	ENV_NO3	2	nan	0.128499	nan	nan	nan	nan	nan	1	1	0	nan	0.000000	nan
ASV_370_16S_022_3	ENV_NO3	3	nan	0.246859	nan	nan	nan	nan	nan	3	0	0	nan	0.000000	nan
OTU_3962_18S_022_3	ENV_NO3	2	nan	0.176012	nan	nan	nan	nan	nan	2	0	0	nan	0.000000	nan
ASV_94_16S_022_3	ENV_NO3	2	nan	0.260643	nan	nan	nan	nan	nan	1	1	0	nan	0.000000	nan
OTU_4126_18S_022_3	ENV_NO3	1	nan	0.144109	nan	nan	nan	nan	nan	0	1	0	nan	0.000000	nan
ASV_35_16S_3_200	ENV_NO3	3	nan	0.349726	nan	nan	nan	nan	nan	0	3	0	nan	0.000000	nan
ASV_37_16S_3_200	ENV_NO3	1	nan	0.393330	nan	nan	nan	nan	nan	0	0	1	nan	0.000000	nan
ASV_63_16S_3_200	ENV_NO3	3	nan	0.285329	nan	nan	nan	nan	nan	1	1	1	nan	0.000000	nan
ASV_85_16S_3_200	ENV_NO3	1	nan	0.304993	nan	nan	nan	nan	nan	0	1	0	nan	0.000000	nan
ASV_139_16S_3_200	ENV_NO3	2	nan	0.168796	nan	nan	nan	nan	nan	1	1	0	nan	0.000000	nan
ASV_180_16S_3_200	ENV_NO3	2	nan	0.155135	nan	nan	nan	nan	nan	1	1	0	nan	0.000000	nan
ASV_215_16S_3_200	ENV_NO3	1	nan	0.268447	nan	nan	nan	nan	nan	0	1	0	nan	0.000000	nan
ASV_283_16S_3_200	ENV_NO3	2	nan	0.151325	nan	nan	nan	nan	nan	0	2	0	nan	0.000000	nan
ASV_300_16S_3_200	ENV_NO3	2	nan	0.225349	nan	nan	nan	nan	nan	0	2	0	nan	0.000000	nan
ASV_365_16S_3_200	ENV_NO3	5	nan	0.302109	nan	nan	nan	nan	nan	1	4	0	nan	0.000000	nan
ASV_437_16S_3_200	ENV_NO3	1	nan	0.201126	nan	nan	nan	nan	nan	0	1	0	nan	0.000000	nan
ASV_483_16S_3_200	ENV_NO3	2	nan	0.152220	nan	nan	nan	nan	nan	1	1	0	nan	0.000000	nan
ASV_501_16S_3_200	ENV_NO3	1	nan	0.107020	nan	nan	nan	nan	nan	1	0	0	nan	0.000000	nan
ASV_515_16S_3_200	ENV_NO3	3	nan	0.168050	nan	nan	nan	nan	nan	2	1	0	nan	0.000000	nan
ASV_537_16S_3_200	ENV_NO3	3	nan	0.226558	nan	nan	nan	nan	nan	2	1	0	nan	0.000000	nan
ASV_559_16S_3_200	ENV_NO3	3	nan	0.149793	nan	nan	nan	nan	nan	0	3	0	nan	0.000000	nan
ASV_687_16S_3_200	ENV_NO3	3	nan	0.071761	nan	nan	nan	nan	nan	3	0	0	nan	0.000000	nan
ASV_691_16S_3_200	ENV_NO3	1	nan	0.235534	nan	nan	nan	nan	nan	1	0	0	nan	0.000000	nan
ASV_705_16S_3_200	ENV_NO3	4	nan	0.073944	nan	nan	nan	nan	nan	4	0	0	nan	0.000000	nan
ASV_755_16S_3_200	ENV_NO3	3	nan	0.092181	nan	nan	nan	nan	nan	2	1	0	nan	0.000000	nan
ASV_808_16S_3_200	ENV_NO3	2	nan	0.149793	nan	nan	nan	nan	nan	1	1	0	nan	0.000000	nan
ASV_884_16S_3_200	ENV_NO3	3	nan	0.172809	nan	nan	nan	nan	nan	0	3	0	nan	0.000000	nan
ASV_903_16S_3_200	ENV_NO3	1	nan	0.437083	nan	nan	nan	nan	nan	0	0	1	nan	0.000000	nan
OTU_2031_18S_3_200	ENV_NO3	3	nan	0.249912	nan	nan	nan	nan	nan	1	2	0	nan	0.000000	nan
ASV_912_16S_3_200	ENV_NO3	2	nan	0.207098	nan	nan	nan	nan	nan	2	0	0	nan	0.000000	nan
ASV_949_16S_3_200	ENV_NO3	2	nan	0.279009	nan	nan	nan	nan	nan	0	2	0	nan	0.000000	nan
ASV_1029_16S_3_200	ENV_NO3	1	nan	0.120169	nan	nan	nan	nan	nan	1	0	0	nan	0.000000	nan
ASV_1107_16S_3_200	ENV_NO3	4	nan	0.314969	nan	nan	nan	nan	nan	0	4	0	nan	0.000000	nan
ASV_1117_16S_3_200	ENV_NO3	3	nan	0.296340	nan	nan	nan	nan	nan	3	0	0	nan	0.000000	nan
ASV_1137_16S_3_200	ENV_NO3	1	nan	0.177309	nan	nan	nan	nan	nan	1	0	0	nan	0.000000	nan
OTU_1887_18S_3_200	ENV_NO3	3	nan	0.326372	nan	nan	nan	nan	nan	0	3	0	nan	0.000000	nan
ASV_1220_16S_3_200	ENV_NO3	2	nan	0.339665	nan	nan	nan	nan	nan	0	2	0	nan	0.000000	nan
ASV_1227_16S_3_200	ENV_NO3	1	nan	0.105314	nan	nan	nan	nan	nan	1	0	0	nan	0.000000	nan
ASV_1226_16S_3_200	ENV_NO3	1	nan	0.255416	nan	nan	nan	nan	nan	1	0	0	nan	0.000000	nan
ASV_1251_16S_3_200	ENV_NO3	4	nan	0.140479	nan	nan	nan	nan	nan	3	1	0	nan	0.000000	nan
ASV_1250_16S_3_200	ENV_NO3	3	nan	0.185998	nan	nan	nan	nan	nan	0	3	0	nan	0.000000	nan
ASV_1254_16S_3_200	ENV_NO3	2	nan	0.108682	nan	nan	nan	nan	nan	0	2	0	nan	0.000000	nan
OTU_5358_18S_3_200	ENV_NO3	4	nan	0.221864	nan	nan	nan	nan	nan	2	2	0	nan	0.000000	nan
ASV_1275_16S_3_200	ENV_NO3	2	nan	0.230994	nan	nan	nan	nan	nan	1	1	0	nan	0.000000	nan
ASV_1300_16S_3_200	ENV_NO3	1	nan	0.312085	nan	nan	nan	nan	nan	1	0	0	nan	0.000000	nan
ASV_1321_16S_3_200	ENV_NO3	1	nan	0.119144	nan	nan	nan	nan	nan	1	0	0	nan	0.000000	nan
ASV_1400_16S_3_200	ENV_NO3	2	nan	0.291376	nan	nan	nan	nan	nan	0	2	0	nan	0.000000	nan
ASV_1512_16S_3_200	ENV_NO3	5	nan	0.307131	nan	nan	nan	nan	nan	2	3	0	nan	0.000000	nan
ASV_1537_16S_3_200	ENV_NO3	1	nan	0.246859	nan	nan	nan	nan	nan	0	1	0	nan	0.000000	nan
ASV_1564_16S_3_200	ENV_NO3	4	nan	0.313178	nan	nan	nan	nan	nan	1	3	0	nan	0.000000	nan
ASV_1591_16S_3_200	ENV_NO3	4	nan	0.108682	nan	nan	nan	nan	nan	2	2	0	nan	0.000000	nan
ASV_1715_16S_3_200	ENV_NO3	1	nan	0.091445	nan	nan	nan	nan	nan	1	0	0	nan	0.000000	nan
ASV_1821_16S_3_200	ENV_NO3	2	nan	0.145662	nan	nan	nan	nan	nan	1	1	0	nan	0.000000	nan
OTU_2333_18S_3_200	ENV_NO3	2	nan	0.128499	nan	nan	nan	nan	nan	0	2	0	nan	0.000000	nan
ASV_1870_16S_3_200	ENV_NO3	1	nan	0.313178	nan	nan	nan	nan	nan	1	0	0	nan	0.000000	nan
ASV_1879_16S_3_200	ENV_NO3	4	nan	0.231656	nan	nan	nan	nan	nan	2	2	0	nan	0.000000	nan
ASV_2007_16S_3_200	ENV_NO3	1	nan	0.093563	nan	nan	nan	nan	nan	1	0	0	nan	0.000000	nan
ASV_2288_16S_3_200	ENV_NO3	5	nan	0.176012	nan	nan	nan	nan	nan	4	1	0	nan	0.000000	nan
ASV_2561_16S_3_200	ENV_NO3	1	nan	0.128822	nan	nan	nan	nan	nan	0	1	0	nan	0.000000	nan
OTU_18_18S_3_200	ENV_NO3	2	nan	0.146994	nan	nan	nan	nan	nan	1	1	0	nan	0.000000	nan
OTU_44_18S_3_200	ENV_NO3	2	nan	0.151325	nan	nan	nan	nan	nan	0	2	0	nan	0.000000	nan
OTU_50_18S_3_200	ENV_NO3	4	nan	0.234948	nan	nan	nan	nan	nan	2	2	0	nan	0.000000	nan
OTU_78_18S_3_200	ENV_NO3	2	nan	0.276676	nan	nan	nan	nan	nan	1	1	0	nan	0.000000	nan
OTU_118_18S_3_200	ENV_NO3	3	nan	0.149793	nan	nan	nan	nan	nan	2	1	0	nan	0.000000	nan
OTU_155_18S_3_200	ENV_NO3	2	nan	0.128499	nan	nan	nan	nan	nan	0	2	0	nan	0.000000	nan
OTU_3269_18S_3_200	ENV_NO3	4	nan	0.243666	nan	nan	nan	nan	nan	2	2	0	nan	0.000000	nan
OTU_189_18S_3_200	ENV_NO3	2	nan	0.145243	nan	nan	nan	nan	nan	2	0	0	nan	0.000000	nan
OTU_195_18S_3_200	ENV_NO3	3	nan	0.217824	nan	nan	nan	nan	nan	3	0	0	nan	0.000000	nan
OTU_204_18S_3_200	ENV_NO3	3	nan	0.176519	nan	nan	nan	nan	nan	2	1	0	nan	0.000000	nan
OTU_3606_18S_3_200	ENV_NO3	4	nan	0.161982	nan	nan	nan	nan	nan	3	1	0	nan	0.000000	nan
OTU_212_18S_3_200	ENV_NO3	1	nan	0.188922	nan	nan	nan	nan	nan	1	0	0	nan	0.000000	nan
OTU_278_18S_3_200	ENV_NO3	1	nan	0.108682	nan	nan	nan	nan	nan	0	1	0	nan	0.000000	nan
OTU_300_18S_3_200	ENV_NO3	2	nan	0.328670	nan	nan	nan	nan	nan	0	2	0	nan	0.000000	nan
OTU_343_18S_3_200	ENV_NO3	4	nan	0.338531	nan	nan	nan	nan	nan	0	4	0	nan	0.000000	nan
OTU_298_18S_3_200	ENV_NO3	1	nan	0.088102	nan	nan	nan	nan	nan	1	0	0	nan	0.000000	nan
OTU_361_18S_3_200	ENV_NO3	1	nan	0.261589	nan	nan	nan	nan	nan	1	0	0	nan	0.000000	nan
OTU_360_18S_3_200	ENV_NO3	5	nan	0.111779	nan	nan	nan	nan	nan	4	1	0	nan	0.000000	nan
OTU_368_18S_3_200	ENV_NO3	1	nan	0.120169	nan	nan	nan	nan	nan	1	0	0	nan	0.000000	nan
OTU_356_18S_3_200	ENV_NO3	2	nan	0.088102	nan	nan	nan	nan	nan	1	1	0	nan	0.000000	nan
OTU_3625_18S_3_200	ENV_NO3	1	nan	0.161898	nan	nan	nan	nan	nan	1	0	0	nan	0.000000	nan
OTU_371_18S_3_200	ENV_NO3	3	nan	0.188674	nan	nan	nan	nan	nan	2	1	0	nan	0.000000	nan
OTU_404_18S_3_200	ENV_NO3	1	nan	0.167666	nan	nan	nan	nan	nan	0	1	0	nan	0.000000	nan
OTU_412_18S_3_200	ENV_NO3	2	nan	0.142980	nan	nan	nan	nan	nan	2	0	0	nan	0.000000	nan
OTU_444_18S_3_200	ENV_NO3	2	nan	0.151832	nan	nan	nan	nan	nan	2	0	0	nan	0.000000	nan
OTU_472_18S_3_200	ENV_NO3	2	nan	0.172809	nan	nan	nan	nan	nan	0	2	0	nan	0.000000	nan
OTU_478_18S_3_200	ENV_NO3	2	nan	0.226016	nan	nan	nan	nan	nan	1	1	0	nan	0.000000	nan
OTU_466_18S_3_200	ENV_NO3	3	nan	0.234033	nan	nan	nan	nan	nan	2	1	0	nan	0.000000	nan
OTU_470_18S_3_200	ENV_NO3	2	nan	0.286737	nan	nan	nan	nan	nan	0	1	1	nan	0.000000	nan
OTU_471_18S_3_200	ENV_NO3	2	nan	0.327710	nan	nan	nan	nan	nan	0	2	0	nan	0.000000	nan
OTU_377_18S_3_200	ENV_NO3	3	nan	0.176723	nan	nan	nan	nan	nan	3	0	0	nan	0.000000	nan
OTU_515_18S_3_200	ENV_NO3	5	nan	0.151325	nan	nan	nan	nan	nan	1	4	0	nan	0.000000	nan
OTU_512_18S_3_200	ENV_NO3	2	nan	0.130697	nan	nan	nan	nan	nan	2	0	0	nan	0.000000	nan
OTU_582_18S_3_200	ENV_NO3	3	nan	0.149534	nan	nan	nan	nan	nan	3	0	0	nan	0.000000	nan
OTU_624_18S_3_200	ENV_NO3	1	nan	0.149793	nan	nan	nan	nan	nan	0	1	0	nan	0.000000	nan
OTU_564_18S_3_200	ENV_NO3	1	nan	0.161982	nan	nan	nan	nan	nan	1	0	0	nan	0.000000	nan
OTU_670_18S_3_200	ENV_NO3	2	nan	0.111779	nan	nan	nan	nan	nan	2	0	0	nan	0.000000	nan
OTU_691_18S_3_200	ENV_NO3	2	nan	0.191259	nan	nan	nan	nan	nan	1	1	0	nan	0.000000	nan
OTU_722_18S_3_200	ENV_NO3	2	nan	0.259757	nan	nan	nan	nan	nan	1	1	0	nan	0.000000	nan
OTU_747_18S_3_200	ENV_NO3	1	nan	0.165742	nan	nan	nan	nan	nan	1	0	0	nan	0.000000	nan
OTU_714_18S_3_200	ENV_NO3	3	nan	0.256798	nan	nan	nan	nan	nan	1	2	0	nan	0.000000	nan
OTU_761_18S_3_200	ENV_NO3	2	nan	0.099759	nan	nan	nan	nan	nan	2	0	0	nan	0.000000	nan
OTU_973_18S_3_200	ENV_NO3	1	nan	0.224420	nan	nan	nan	nan	nan	0	1	0	nan	0.000000	nan
OTU_1019_18S_3_200	ENV_NO3	3	nan	0.217238	nan	nan	nan	nan	nan	0	3	0	nan	0.000000	nan
OTU_2120_18S_3_200	ENV_NO3	1	nan	0.146248	nan	nan	nan	nan	nan	1	0	0	nan	0.000000	nan
OTU_982_18S_3_200	ENV_NO3	1	nan	0.127613	nan	nan	nan	nan	nan	1	0	0	nan	0.000000	nan
OTU_1114_18S_3_200	ENV_NO3	3	nan	0.167666	nan	nan	nan	nan	nan	0	3	0	nan	0.000000	nan
OTU_1144_18S_3_200	ENV_NO3	1	nan	0.114664	nan	nan	nan	nan	nan	1	0	0	nan	0.000000	nan
OTU_1207_18S_3_200	ENV_NO3	2	nan	0.207705	nan	nan	nan	nan	nan	1	1	0	nan	0.000000	nan
OTU_1214_18S_3_200	ENV_NO3	2	nan	0.296340	nan	nan	nan	nan	nan	1	1	0	nan	0.000000	nan
OTU_1233_18S_3_200	ENV_NO3	3	nan	0.088102	nan	nan	nan	nan	nan	3	0	0	nan	0.000000	nan
OTU_1202_18S_3_200	ENV_NO3	3	nan	0.172809	nan	nan	nan	nan	nan	2	1	0	nan	0.000000	nan
OTU_1313_18S_3_200	ENV_NO3	3	nan	0.308260	nan	nan	nan	nan	nan	0	3	0	nan	0.000000	nan
OTU_1444_18S_3_200	ENV_NO3	3	nan	0.249022	nan	nan	nan	nan	nan	1	2	0	nan	0.000000	nan
OTU_1364_18S_3_200	ENV_NO3	3	nan	0.197814	nan	nan	nan	nan	nan	1	2	0	nan	0.000000	nan
OTU_1485_18S_3_200	ENV_NO3	4	nan	0.128141	nan	nan	nan	nan	nan	4	0	0	nan	0.000000	nan
OTU_1514_18S_3_200	ENV_NO3	1	nan	0.128141	nan	nan	nan	nan	nan	1	0	0	nan	0.000000	nan
OTU_1509_18S_3_200	ENV_NO3	4	nan	0.202832	nan	nan	nan	nan	nan	3	1	0	nan	0.000000	nan
OTU_1365_18S_3_200	ENV_NO3	3	nan	0.071761	nan	nan	nan	nan	nan	3	0	0	nan	0.000000	nan
OTU_1274_18S_3_200	ENV_NO3	2	nan	0.207705	nan	nan	nan	nan	nan	0	2	0	nan	0.000000	nan
OTU_1477_18S_3_200	ENV_NO3	3	nan	0.302193	nan	nan	nan	nan	nan	1	1	1	nan	0.000000	nan
OTU_6332_18S_3_200	ENV_NO3	4	nan	0.141274	nan	nan	nan	nan	nan	2	2	0	nan	0.000000	nan
OTU_1367_18S_3_200	ENV_NO3	1	nan	0.204010	nan	nan	nan	nan	nan	0	1	0	nan	0.000000	nan
OTU_1577_18S_3_200	ENV_NO3	2	nan	0.353819	nan	nan	nan	nan	nan	0	2	0	nan	0.000000	nan
OTU_1778_18S_3_200	ENV_NO3	2	nan	0.105314	nan	nan	nan	nan	nan	2	0	0	nan	0.000000	nan
OTU_1819_18S_3_200	ENV_NO3	3	nan	0.108682	nan	nan	nan	nan	nan	2	1	0	nan	0.000000	nan
OTU_1886_18S_3_200	ENV_NO3	4	nan	0.151325	nan	nan	nan	nan	nan	3	1	0	nan	0.000000	nan
OTU_1934_18S_3_200	ENV_NO3	2	nan	0.071761	nan	nan	nan	nan	nan	2	0	0	nan	0.000000	nan
OTU_2515_18S_3_200	ENV_NO3	1	nan	0.226439	nan	nan	nan	nan	nan	1	0	0	nan	0.000000	nan
OTU_1884_18S_3_200	ENV_NO3	2	nan	0.127406	nan	nan	nan	nan	nan	1	1	0	nan	0.000000	nan
OTU_2035_18S_3_200	ENV_NO3	4	nan	0.214155	nan	nan	nan	nan	nan	2	2	0	nan	0.000000	nan
OTU_2037_18S_3_200	ENV_NO3	4	nan	0.256798	nan	nan	nan	nan	nan	0	4	0	nan	0.000000	nan
OTU_1967_18S_3_200	ENV_NO3	3	nan	0.239384	nan	nan	nan	nan	nan	2	1	0	nan	0.000000	nan
OTU_2058_18S_3_200	ENV_NO3	3	nan	0.115624	nan	nan	nan	nan	nan	3	0	0	nan	0.000000	nan
OTU_2155_18S_3_200	ENV_NO3	5	nan	0.128141	nan	nan	nan	nan	nan	3	2	0	nan	0.000000	nan
OTU_2094_18S_3_200	ENV_NO3	3	nan	0.268447	nan	nan	nan	nan	nan	0	3	0	nan	0.000000	nan
OTU_2105_18S_3_200	ENV_NO3	1	nan	0.130030	nan	nan	nan	nan	nan	1	0	0	nan	0.000000	nan
OTU_2203_18S_3_200	ENV_NO3	2	nan	0.151325	nan	nan	nan	nan	nan	0	2	0	nan	0.000000	nan
OTU_2309_18S_3_200	ENV_NO3	4	nan	0.255576	nan	nan	nan	nan	nan	1	3	0	nan	0.000000	nan
OTU_2297_18S_3_200	ENV_NO3	4	nan	0.260101	nan	nan	nan	nan	nan	1	3	0	nan	0.000000	nan
OTU_2344_18S_3_200	ENV_NO3	4	nan	0.255576	nan	nan	nan	nan	nan	2	2	0	nan	0.000000	nan
OTU_2398_18S_3_200	ENV_NO3	3	nan	0.335568	nan	nan	nan	nan	nan	0	3	0	nan	0.000000	nan
OTU_2429_18S_3_200	ENV_NO3	1	nan	0.151325	nan	nan	nan	nan	nan	1	0	0	nan	0.000000	nan
OTU_1926_18S_3_200	ENV_NO3	3	nan	0.302109	nan	nan	nan	nan	nan	0	3	0	nan	0.000000	nan
OTU_2603_18S_3_200	ENV_NO3	1	nan	0.164196	nan	nan	nan	nan	nan	0	1	0	nan	0.000000	nan
OTU_2631_18S_3_200	ENV_NO3	4	nan	0.328586	nan	nan	nan	nan	nan	0	4	0	nan	0.000000	nan
OTU_2503_18S_3_200	ENV_NO3	3	nan	0.155299	nan	nan	nan	nan	nan	1	2	0	nan	0.000000	nan
OTU_2557_18S_3_200	ENV_NO3	4	nan	0.108682	nan	nan	nan	nan	nan	1	3	0	nan	0.000000	nan
OTU_2572_18S_3_200	ENV_NO3	2	nan	0.186584	nan	nan	nan	nan	nan	2	0	0	nan	0.000000	nan
OTU_2510_18S_3_200	ENV_NO3	4	nan	0.141141	nan	nan	nan	nan	nan	0	4	0	nan	0.000000	nan
OTU_3314_18S_3_200	ENV_NO3	3	nan	0.108682	nan	nan	nan	nan	nan	3	0	0	nan	0.000000	nan
OTU_2419_18S_3_200	ENV_NO3	5	nan	0.151325	nan	nan	nan	nan	nan	1	4	0	nan	0.000000	nan
OTU_2700_18S_3_200	ENV_NO3	2	nan	0.128141	nan	nan	nan	nan	nan	2	0	0	nan	0.000000	nan
OTU_2744_18S_3_200	ENV_NO3	2	nan	0.314561	nan	nan	nan	nan	nan	0	2	0	nan	0.000000	nan
OTU_2635_18S_3_200	ENV_NO3	6	nan	0.108682	nan	nan	nan	nan	nan	1	5	0	nan	0.000000	nan
OTU_2732_18S_3_200	ENV_NO3	3	nan	0.163076	nan	nan	nan	nan	nan	1	2	0	nan	0.000000	nan
OTU_3113_18S_3_200	ENV_NO3	1	nan	0.151325	nan	nan	nan	nan	nan	0	1	0	nan	0.000000	nan
OTU_3167_18S_3_200	ENV_NO3	3	nan	0.234996	nan	nan	nan	nan	nan	0	3	0	nan	0.000000	nan
OTU_3083_18S_3_200	ENV_NO3	2	nan	0.151325	nan	nan	nan	nan	nan	0	2	0	nan	0.000000	nan
OTU_3223_18S_3_200	ENV_NO3	2	nan	0.233614	nan	nan	nan	nan	nan	1	1	0	nan	0.000000	nan
OTU_3338_18S_3_200	ENV_NO3	3	nan	0.108682	nan	nan	nan	nan	nan	2	1	0	nan	0.000000	nan
OTU_3386_18S_3_200	ENV_NO3	5	nan	0.301428	nan	nan	nan	nan	nan	0	5	0	nan	0.000000	nan
OTU_3389_18S_3_200	ENV_NO3	2	nan	0.108682	nan	nan	nan	nan	nan	1	1	0	nan	0.000000	nan
OTU_2998_18S_3_200	ENV_NO3	1	nan	0.335568	nan	nan	nan	nan	nan	0	1	0	nan	0.000000	nan
OTU_3454_18S_3_200	ENV_NO3	2	nan	0.348011	nan	nan	nan	nan	nan	0	2	0	nan	0.000000	nan
OTU_3603_18S_3_200	ENV_NO3	4	nan	0.177101	nan	nan	nan	nan	nan	4	0	0	nan	0.000000	nan
OTU_3704_18S_3_200	ENV_NO3	2	nan	0.204010	nan	nan	nan	nan	nan	1	1	0	nan	0.000000	nan
OTU_3738_18S_3_200	ENV_NO3	2	nan	0.177234	nan	nan	nan	nan	nan	2	0	0	nan	0.000000	nan
OTU_3773_18S_3_200	ENV_NO3	3	nan	0.301428	nan	nan	nan	nan	nan	0	3	0	nan	0.000000	nan
OTU_3944_18S_3_200	ENV_NO3	2	nan	0.071761	nan	nan	nan	nan	nan	2	0	0	nan	0.000000	nan
OTU_3994_18S_3_200	ENV_NO3	4	nan	0.313178	nan	nan	nan	nan	nan	0	4	0	nan	0.000000	nan
OTU_4002_18S_3_200	ENV_NO3	2	nan	0.151325	nan	nan	nan	nan	nan	0	2	0	nan	0.000000	nan
OTU_3532_18S_3_200	ENV_NO3	4	nan	0.221864	nan	nan	nan	nan	nan	1	3	0	nan	0.000000	nan
OTU_3744_18S_3_200	ENV_NO3	3	nan	0.220964	nan	nan	nan	nan	nan	2	1	0	nan	0.000000	nan
OTU_4181_18S_3_200	ENV_NO3	2	nan	0.093563	nan	nan	nan	nan	nan	1	1	0	nan	0.000000	nan
OTU_4075_18S_3_200	ENV_NO3	4	nan	0.197814	nan	nan	nan	nan	nan	2	2	0	nan	0.000000	nan
OTU_4389_18S_3_200	ENV_NO3	4	nan	0.303024	nan	nan	nan	nan	nan	2	2	0	nan	0.000000	nan
OTU_4115_18S_3_200	ENV_NO3	3	nan	0.167666	nan	nan	nan	nan	nan	1	2	0	nan	0.000000	nan
OTU_4260_18S_3_200	ENV_NO3	2	nan	0.256798	nan	nan	nan	nan	nan	1	1	0	nan	0.000000	nan
OTU_3576_18S_3_200	ENV_NO3	5	nan	0.151325	nan	nan	nan	nan	nan	1	4	0	nan	0.000000	nan
OTU_4154_18S_3_200	ENV_NO3	6	nan	0.255416	nan	nan	nan	nan	nan	3	3	0	nan	0.000000	nan
OTU_4135_18S_3_200	ENV_NO3	2	nan	0.243666	nan	nan	nan	nan	nan	1	1	0	nan	0.000000	nan
OTU_4921_18S_3_200	ENV_NO3	3	nan	0.207705	nan	nan	nan	nan	nan	1	2	0	nan	0.000000	nan
OTU_4463_18S_3_200	ENV_NO3	2	nan	0.197814	nan	nan	nan	nan	nan	1	1	0	nan	0.000000	nan
OTU_4276_18S_3_200	ENV_NO3	7	nan	0.314561	nan	nan	nan	nan	nan	0	7	0	nan	0.000000	nan
OTU_4392_18S_3_200	ENV_NO3	4	nan	0.231656	nan	nan	nan	nan	nan	1	3	0	nan	0.000000	nan
OTU_5536_18S_3_200	ENV_NO3	2	nan	0.243666	nan	nan	nan	nan	nan	0	2	0	nan	0.000000	nan
OTU_5527_18S_3_200	ENV_NO3	2	nan	0.255576	nan	nan	nan	nan	nan	0	2	0	nan	0.000000	nan
OTU_5090_18S_3_200	ENV_NO3	4	nan	0.177101	nan	nan	nan	nan	nan	3	1	0	nan	0.000000	nan
OTU_5861_18S_3_200	ENV_NO3	3	nan	0.243666	nan	nan	nan	nan	nan	1	2	0	nan	0.000000	nan
OTU_6104_18S_3_200	ENV_NO3	4	nan	0.163076	nan	nan	nan	nan	nan	1	3	0	nan	0.000000	nan
OTU_5282_18S_3_200	ENV_NO3	3	nan	0.271917	nan	nan	nan	nan	nan	0	3	0	nan	0.000000	nan
OTU_6274_18S_3_200	ENV_NO3	2	nan	0.197814	nan	nan	nan	nan	nan	2	0	0	nan	0.000000	nan
OTU_5402_18S_3_200	ENV_NO3	1	nan	0.243666	nan	nan	nan	nan	nan	0	1	0	nan	0.000000	nan
OTU_6854_18S_3_200	ENV_NO3	2	nan	0.221864	nan	nan	nan	nan	nan	0	2	0	nan	0.000000	nan
OTU_5512_18S_3_200	ENV_NO3	3	nan	0.272877	nan	nan	nan	nan	nan	1	2	0	nan	0.000000	nan
OTU_7128_18S_3_200	ENV_NO3	3	nan	0.243666	nan	nan	nan	nan	nan	1	2	0	nan	0.000000	nan
OTU_7531_18S_3_200	ENV_NO3	3	nan	0.243666	nan	nan	nan	nan	nan	0	3	0	nan	0.000000	nan
