Source	Target	num_triplets	ENVs	MutualInformation	ConditionalMutualInformation	InteractionInformation	II_p_value	DataProcessingInequality_MI_rank	DataProcessingInequality_indirect	DPI_num_MI_rank1	DPI_num_MI_rank2	DPI_num_MI_rank3	COMBI_II_DPI	portion_nan_Source_Target	portion_nan_Source_Target_ENV
ASV_2_16S_022_3	ASV_6_16S_022_3	1	ENV_Temperature	0.485888	0.678982	0.193095	nan	3.000000	1.000000	0	0	1	1.000000	0.000000	0.000000
ASV_3_16S_022_3	ASV_7_16S_022_3	1	ENV_Temperature	0.679927	0.350765	-0.329162	0.000999	3.000000	1.000000	0	0	1	1.000000	0.000000	0.000000
ASV_3_16S_022_3	ASV_8_16S_022_3	1	ENV_Temperature	0.593437	0.232358	-0.361080	0.000999	3.000000	1.000000	0	0	1	1.000000	0.000000	0.000000
ASV_4_16S_022_3	ASV_13_16S_022_3	1	ENV_Temperature	0.617159	0.367768	-0.249390	0.500500	3.000000	1.000000	0	0	1	1.000000	0.000000	0.000000
ASV_13_16S_022_3	ASV_14_16S_022_3	1	ENV_Temperature	0.617159	0.372146	-0.245013	0.428571	3.000000	1.000000	0	0	1	1.000000	0.000000	0.000000
ASV_1_16S_022_3	ASV_20_16S_022_3	1	ENV_Temperature	0.785546	0.479504	-0.306042	0.429570	3.000000	1.000000	0	0	1	1.000000	0.000000	0.000000
ASV_19_16S_022_3	ASV_23_16S_022_3	1	ENV_Temperature	0.629019	0.224997	-0.404021	0.572428	3.000000	1.000000	0	0	1	1.000000	0.000000	0.000000
ASV_1_16S_022_3	ASV_34_16S_022_3	1	ENV_Temperature	0.647130	0.401520	-0.245610	0.572428	3.000000	1.000000	0	0	1	1.000000	0.000000	0.000000
ASV_26_16S_022_3	ASV_35_16S_022_3	1	ENV_Temperature	0.725830	0.079990	-0.645839	0.000999	3.000000	1.000000	0	0	1	1.000000	0.000000	0.000000
ASV_20_16S_022_3	ASV_47_16S_022_3	1	ENV_Temperature	0.425400	0.113890	-0.311511	0.000999	2.000000	1.000000	0	1	0	1.000000	0.000000	0.000000
ASV_44_16S_022_3	ASV_51_16S_022_3	1	ENV_Temperature	0.182496	0.219641	0.037145	nan	2.000000	1.000000	0	1	0	1.000000	0.000000	0.000000
ASV_47_16S_022_3	ASV_57_16S_022_3	1	ENV_Temperature	0.737447	0.172860	-0.564588	0.072927	3.000000	1.000000	0	0	1	1.000000	0.000000	0.000000
ASV_34_16S_022_3	ASV_60_16S_022_3	1	ENV_Temperature	0.717763	0.975648	0.257886	nan	3.000000	1.000000	0	0	1	1.000000	0.000000	0.000000
ASV_9_16S_022_3	ASV_65_16S_022_3	1	ENV_Temperature	0.677322	0.189914	-0.487408	0.071928	3.000000	1.000000	0	0	1	1.000000	0.000000	0.000000
ASV_34_16S_022_3	ASV_72_16S_022_3	1	ENV_Temperature	0.758601	0.704054	-0.054547	0.500500	3.000000	1.000000	0	0	1	1.000000	0.000000	0.000000
ASV_30_16S_022_3	ASV_81_16S_022_3	1	ENV_Temperature	0.604538	0.126679	-0.477859	0.000999	3.000000	1.000000	0	0	1	1.000000	0.000000	0.000000
ASV_32_16S_022_3	ASV_81_16S_022_3	1	ENV_Temperature	0.863480	0.205166	-0.658314	0.000999	3.000000	1.000000	0	0	1	1.000000	0.000000	0.000000
ASV_27_16S_022_3	ASV_83_16S_022_3	1	ENV_Temperature	0.649150	0.664260	0.015110	nan	3.000000	1.000000	0	0	1	1.000000	0.000000	0.000000
ASV_78_16S_022_3	ASV_83_16S_022_3	1	ENV_Temperature	0.519000	0.245523	-0.273476	0.142857	3.000000	1.000000	0	0	1	1.000000	0.000000	0.000000
ASV_14_16S_022_3	ASV_89_16S_022_3	1	ENV_Temperature	0.694425	0.672612	-0.021813	0.786214	3.000000	1.000000	0	0	1	1.000000	0.000000	0.000000
ASV_25_16S_022_3	ASV_89_16S_022_3	1	ENV_Temperature	0.810153	0.457772	-0.352381	0.429570	3.000000	1.000000	0	0	1	1.000000	0.000000	0.000000
ASV_32_16S_022_3	ASV_93_16S_022_3	1	ENV_Temperature	1.032176	0.338867	-0.693310	0.000999	3.000000	1.000000	0	0	1	1.000000	0.000000	0.000000
ASV_88_16S_022_3	ASV_101_16S_022_3	1	ENV_Temperature	0.542557	0.000000	-0.542557	0.571429	3.000000	1.000000	0	0	1	1.000000	0.000000	0.000000
ASV_8_16S_022_3	ASV_105_16S_022_3	1	ENV_Temperature	0.381678	0.085206	-0.296471	0.071928	2.000000	1.000000	0	1	0	1.000000	0.000000	0.000000
ASV_57_16S_022_3	ASV_122_16S_022_3	1	ENV_Temperature	0.453598	0.047700	-0.405898	0.000999	2.000000	1.000000	0	1	0	1.000000	0.000000	0.000000
ASV_119_16S_022_3	ASV_122_16S_022_3	1	ENV_Temperature	0.649691	0.202754	-0.446937	0.285714	3.000000	1.000000	0	0	1	1.000000	0.000000	0.000000
ASV_57_16S_022_3	ASV_123_16S_022_3	1	ENV_Temperature	0.662935	0.037492	-0.625443	0.000999	3.000000	1.000000	0	0	1	1.000000	0.000000	0.000000
ASV_99_16S_022_3	ASV_123_16S_022_3	1	ENV_Temperature	0.813038	0.214839	-0.598198	0.000999	3.000000	1.000000	0	0	1	1.000000	0.000000	0.000000
ASV_66_16S_022_3	ASV_124_16S_022_3	1	ENV_Temperature	0.688487	0.820930	0.132443	nan	3.000000	1.000000	0	0	1	1.000000	0.000000	0.000000
ASV_19_16S_022_3	ASV_126_16S_022_3	1	ENV_Temperature	0.848331	0.253386	-0.594945	0.142857	3.000000	1.000000	0	0	1	1.000000	0.000000	0.000000
ASV_68_16S_022_3	ASV_128_16S_022_3	1	ENV_Temperature	1.013428	0.386000	-0.627428	0.357642	3.000000	1.000000	0	0	1	1.000000	0.000000	0.000000
ASV_9_16S_022_3	ASV_129_16S_022_3	1	ENV_Temperature	0.875171	0.308939	-0.566232	0.143856	3.000000	1.000000	0	0	1	1.000000	0.000000	0.000000
ASV_75_16S_022_3	ASV_129_16S_022_3	1	ENV_Temperature	0.695917	0.180440	-0.515477	0.000999	3.000000	1.000000	0	0	1	1.000000	0.000000	0.000000
ASV_10_16S_022_3	ASV_131_16S_022_3	1	ENV_Temperature	0.711994	0.348166	-0.363829	0.071928	3.000000	1.000000	0	0	1	1.000000	0.000000	0.000000
ASV_45_16S_022_3	ASV_135_16S_022_3	1	ENV_Temperature	0.589463	0.210339	-0.379125	0.071928	3.000000	1.000000	0	0	1	1.000000	0.000000	0.000000
ASV_66_16S_022_3	ASV_139_16S_022_3	1	ENV_Temperature	0.783264	0.763780	-0.019484	0.571429	3.000000	1.000000	0	0	1	1.000000	0.000000	0.000000
ASV_23_16S_022_3	ASV_149_16S_022_3	1	ENV_Temperature	0.763461	0.299007	-0.464454	0.358641	3.000000	1.000000	0	0	1	1.000000	0.000000	0.000000
ASV_2_16S_022_3	ASV_156_16S_022_3	1	ENV_Temperature	0.545441	0.298564	-0.246877	0.072927	3.000000	1.000000	0	0	1	1.000000	0.000000	0.000000
ASV_33_16S_022_3	ASV_156_16S_022_3	1	ENV_Temperature	0.539841	0.205430	-0.334411	0.143856	3.000000	1.000000	0	0	1	1.000000	0.000000	0.000000
ASV_54_16S_022_3	ASV_156_16S_022_3	1	ENV_Temperature	0.580606	0.125884	-0.454722	0.214785	3.000000	1.000000	0	0	1	1.000000	0.000000	0.000000
ASV_15_16S_022_3	ASV_158_16S_022_3	1	ENV_Temperature	0.676736	0.310838	-0.365898	0.072927	3.000000	1.000000	0	0	1	1.000000	0.000000	0.000000
ASV_93_16S_022_3	ASV_160_16S_022_3	1	ENV_Temperature	0.742991	0.288877	-0.454113	0.213786	3.000000	1.000000	0	0	1	1.000000	0.000000	0.000000
ASV_144_16S_022_3	ASV_161_16S_022_3	1	ENV_Temperature	0.797950	0.439511	-0.358439	0.357642	3.000000	1.000000	0	0	1	1.000000	0.000000	0.000000
ASV_11_16S_022_3	ASV_163_16S_022_3	1	ENV_Temperature	0.695917	0.272806	-0.423111	0.501499	3.000000	1.000000	0	0	1	1.000000	0.000000	0.000000
ASV_45_16S_022_3	ASV_164_16S_022_3	1	ENV_Temperature	0.389849	0.370189	-0.019660	0.285714	3.000000	1.000000	0	0	1	1.000000	0.000000	0.000000
ASV_131_16S_022_3	ASV_164_16S_022_3	1	ENV_Temperature	0.284976	0.182405	-0.102571	0.214785	2.000000	1.000000	0	1	0	1.000000	0.000000	0.000000
ASV_17_16S_022_3	ASV_166_16S_022_3	1	ENV_Temperature	0.231999	0.067618	-0.164381	0.500500	2.000000	1.000000	0	1	0	1.000000	0.000000	0.000000
ASV_61_16S_022_3	ASV_168_16S_022_3	1	ENV_Temperature	0.564941	0.095268	-0.469673	0.000999	3.000000	1.000000	0	0	1	1.000000	0.000000	0.000000
ASV_50_16S_022_3	ASV_169_16S_022_3	1	ENV_Temperature	0.419309	0.228233	-0.191076	0.786214	3.000000	1.000000	0	0	1	1.000000	0.000000	0.000000
ASV_72_16S_022_3	ASV_169_16S_022_3	1	ENV_Temperature	0.684687	0.778711	0.094024	nan	3.000000	1.000000	0	0	1	1.000000	0.000000	0.000000
ASV_65_16S_022_3	ASV_175_16S_022_3	1	ENV_Temperature	0.866443	0.437352	-0.429091	0.142857	3.000000	1.000000	0	0	1	1.000000	0.000000	0.000000
ASV_123_16S_022_3	ASV_175_16S_022_3	1	ENV_Temperature	0.682226	0.262444	-0.419781	0.000999	3.000000	1.000000	0	0	1	1.000000	0.000000	0.000000
ASV_25_16S_022_3	ASV_185_16S_022_3	1	ENV_Temperature	0.524226	0.219968	-0.304258	0.500500	3.000000	1.000000	0	0	1	1.000000	0.000000	0.000000
ASV_122_16S_022_3	ASV_185_16S_022_3	1	ENV_Temperature	0.849540	0.363054	-0.486486	0.357642	3.000000	1.000000	0	0	1	1.000000	0.000000	0.000000
ASV_32_16S_022_3	ASV_187_16S_022_3	1	ENV_Temperature	0.669774	0.303810	-0.365964	0.072927	3.000000	1.000000	0	0	1	1.000000	0.000000	0.000000
ASV_74_16S_022_3	ASV_192_16S_022_3	1	ENV_Temperature	0.566234	0.050036	-0.516197	0.144855	3.000000	1.000000	0	0	1	1.000000	0.000000	0.000000
ASV_75_16S_022_3	ASV_193_16S_022_3	1	ENV_Temperature	0.926220	0.219766	-0.706454	0.000999	3.000000	1.000000	0	0	1	1.000000	0.000000	0.000000
ASV_61_16S_022_3	ASV_196_16S_022_3	1	ENV_Temperature	0.445865	0.014188	-0.431677	0.072927	3.000000	1.000000	0	0	1	1.000000	0.000000	0.000000
ASV_2_16S_022_3	ASV_197_16S_022_3	1	ENV_Temperature	0.359671	0.689259	0.329587	nan	3.000000	1.000000	0	0	1	1.000000	0.000000	0.000000
ASV_119_16S_022_3	ASV_199_16S_022_3	1	ENV_Temperature	0.639288	1.208548	0.569259	nan	3.000000	1.000000	0	0	1	1.000000	0.000000	0.000000
ASV_148_16S_022_3	ASV_204_16S_022_3	1	ENV_Temperature	0.505925	0.192419	-0.313506	0.144855	3.000000	1.000000	0	0	1	1.000000	0.000000	0.000000
ASV_163_16S_022_3	ASV_204_16S_022_3	1	ENV_Temperature	0.604655	0.277882	-0.326774	0.287712	3.000000	1.000000	0	0	1	1.000000	0.000000	0.000000
ASV_58_16S_022_3	ASV_210_16S_022_3	1	ENV_Temperature	0.231575	0.023850	-0.207725	0.571429	3.000000	1.000000	0	0	1	1.000000	0.000000	0.000000
ASV_204_16S_022_3	ASV_212_16S_022_3	1	ENV_Temperature	0.841473	0.255774	-0.585698	0.071928	3.000000	1.000000	0	0	1	1.000000	0.000000	0.000000
ASV_59_16S_022_3	ASV_214_16S_022_3	1	ENV_Temperature	0.452202	0.516734	0.064532	nan	3.000000	1.000000	0	0	1	1.000000	0.000000	0.000000
ASV_14_16S_022_3	ASV_217_16S_022_3	1	ENV_Temperature	0.611976	0.498414	-0.113562	0.499500	3.000000	1.000000	0	0	1	1.000000	0.000000	0.000000
ASV_197_16S_022_3	ASV_225_16S_022_3	1	ENV_Temperature	0.855975	1.342517	0.486542	nan	3.000000	1.000000	0	0	1	1.000000	0.000000	0.000000
ASV_2_16S_022_3	ASV_226_16S_022_3	1	ENV_Temperature	0.390241	0.218719	-0.171522	0.214785	3.000000	1.000000	0	0	1	1.000000	0.000000	0.000000
ASV_81_16S_022_3	ASV_226_16S_022_3	1	ENV_Temperature	0.670400	0.281000	-0.389399	0.214785	3.000000	1.000000	0	0	1	1.000000	0.000000	0.000000
ASV_154_16S_022_3	ASV_227_16S_022_3	1	ENV_Temperature	0.799421	0.060823	-0.738599	0.143856	3.000000	1.000000	0	0	1	1.000000	0.000000	0.000000
ASV_160_16S_022_3	ASV_233_16S_022_3	1	ENV_Temperature	0.894476	1.029595	0.135120	nan	3.000000	1.000000	0	0	1	1.000000	0.000000	0.000000
ASV_110_16S_022_3	ASV_235_16S_022_3	1	ENV_Temperature	0.764674	0.367565	-0.397109	0.142857	3.000000	1.000000	0	0	1	1.000000	0.000000	0.000000
ASV_26_16S_022_3	ASV_237_16S_022_3	1	ENV_Temperature	0.652313	0.025731	-0.626582	0.000999	3.000000	1.000000	0	0	1	1.000000	0.000000	0.000000
ASV_128_16S_022_3	ASV_238_16S_022_3	1	ENV_Temperature	0.889797	0.105912	-0.783885	0.215784	3.000000	1.000000	0	0	1	1.000000	0.000000	0.000000
ASV_67_16S_022_3	ASV_246_16S_022_3	1	ENV_Temperature	0.403475	0.305883	-0.097592	0.287712	2.000000	1.000000	0	1	0	1.000000	0.000000	0.000000
ASV_35_16S_022_3	ASV_249_16S_022_3	1	ENV_Temperature	0.540925	0.140338	-0.400587	0.000999	3.000000	1.000000	0	0	1	1.000000	0.000000	0.000000
ASV_37_16S_022_3	ASV_249_16S_022_3	1	ENV_Temperature	0.349844	0.337803	-0.012042	0.716284	3.000000	1.000000	0	0	1	1.000000	0.000000	0.000000
ASV_237_16S_022_3	ASV_249_16S_022_3	1	ENV_Temperature	0.528721	0.192401	-0.336320	0.072927	3.000000	1.000000	0	0	1	1.000000	0.000000	0.000000
ASV_235_16S_022_3	ASV_253_16S_022_3	1	ENV_Temperature	0.758239	0.292389	-0.465850	0.572428	3.000000	1.000000	0	0	1	1.000000	0.000000	0.000000
ASV_157_16S_022_3	ASV_258_16S_022_3	1	ENV_Temperature	0.779325	0.199164	-0.580161	0.502498	3.000000	1.000000	0	0	1	1.000000	0.000000	0.000000
ASV_7_16S_022_3	ASV_263_16S_022_3	1	ENV_Temperature	0.526846	0.304958	-0.221888	0.000999	3.000000	1.000000	0	0	1	1.000000	0.000000	0.000000
ASV_27_16S_022_3	ASV_263_16S_022_3	1	ENV_Temperature	0.360075	0.203230	-0.156845	0.357642	3.000000	1.000000	0	0	1	1.000000	0.000000	0.000000
ASV_83_16S_022_3	ASV_264_16S_022_3	1	ENV_Temperature	0.737645	0.618098	-0.119547	0.643357	3.000000	1.000000	0	0	1	1.000000	0.000000	0.000000
ASV_124_16S_022_3	ASV_268_16S_022_3	1	ENV_Temperature	0.713342	1.279173	0.565831	nan	3.000000	1.000000	0	0	1	1.000000	0.000000	0.000000
ASV_170_16S_022_3	ASV_268_16S_022_3	1	ENV_Temperature	0.608346	1.419743	0.811397	nan	3.000000	1.000000	0	0	1	1.000000	0.000000	0.000000
ASV_223_16S_022_3	ASV_268_16S_022_3	1	ENV_Temperature	0.749964	1.764821	1.014857	nan	3.000000	1.000000	0	0	1	1.000000	0.000000	0.000000
ASV_179_16S_022_3	ASV_271_16S_022_3	1	ENV_Temperature	0.639084	1.452544	0.813460	nan	3.000000	1.000000	0	0	1	1.000000	0.000000	0.000000
ASV_45_16S_022_3	ASV_273_16S_022_3	1	ENV_Temperature	0.414675	0.314513	-0.100162	0.143856	3.000000	1.000000	0	0	1	1.000000	0.000000	0.000000
ASV_74_16S_022_3	ASV_277_16S_022_3	1	ENV_Temperature	0.828061	1.448792	0.620732	nan	3.000000	1.000000	0	0	1	1.000000	0.000000	0.000000
ASV_169_16S_022_3	ASV_277_16S_022_3	1	ENV_Temperature	0.801301	1.000659	0.199358	nan	3.000000	1.000000	0	0	1	1.000000	0.000000	0.000000
ASV_106_16S_022_3	ASV_278_16S_022_3	1	ENV_Temperature	0.263727	0.023723	-0.240003	0.000999	2.000000	1.000000	0	1	0	1.000000	0.000000	0.000000
ASV_187_16S_022_3	ASV_278_16S_022_3	1	ENV_Temperature	0.652233	0.234498	-0.417735	0.072927	2.000000	1.000000	0	1	0	1.000000	0.000000	0.000000
ASV_121_16S_022_3	ASV_284_16S_022_3	1	ENV_Temperature	0.795408	0.432100	-0.363308	0.428571	3.000000	1.000000	0	0	1	1.000000	0.000000	0.000000
ASV_228_16S_022_3	ASV_287_16S_022_3	1	ENV_Temperature	0.728162	0.083954	-0.644208	0.000999	3.000000	1.000000	0	0	1	1.000000	0.000000	0.000000
ASV_276_16S_022_3	ASV_289_16S_022_3	1	ENV_Temperature	0.324443	0.038179	-0.286264	0.287712	3.000000	1.000000	0	0	1	1.000000	0.000000	0.000000
ASV_217_16S_022_3	ASV_290_16S_022_3	1	ENV_Temperature	0.662095	0.223646	-0.438449	0.570430	3.000000	1.000000	0	0	1	1.000000	0.000000	0.000000
ASV_6_16S_022_3	ASV_298_16S_022_3	1	ENV_Temperature	0.114464	-0.077200	-0.191664	0.427572	3.000000	1.000000	0	0	1	1.000000	0.000000	0.000000
ASV_204_16S_022_3	ASV_298_16S_022_3	1	ENV_Temperature	0.247275	-0.023325	-0.270600	0.214785	2.000000	1.000000	0	1	0	1.000000	0.000000	0.000000
ASV_122_16S_022_3	ASV_299_16S_022_3	1	ENV_Temperature	0.542557	0.018595	-0.523961	0.071928	3.000000	1.000000	0	0	1	1.000000	0.000000	0.000000
ASV_88_16S_022_3	ASV_300_16S_022_3	1	ENV_Temperature	0.505503	0.023317	-0.482186	0.144855	3.000000	1.000000	0	0	1	1.000000	0.000000	0.000000
ASV_248_16S_022_3	ASV_300_16S_022_3	1	ENV_Temperature	0.468051	0.058161	-0.409890	0.571429	3.000000	1.000000	0	0	1	1.000000	0.000000	0.000000
ASV_123_16S_022_3	ASV_301_16S_022_3	1	ENV_Temperature	0.682226	0.035775	-0.646450	0.000999	3.000000	1.000000	0	0	1	1.000000	0.000000	0.000000
ASV_179_16S_022_3	ASV_304_16S_022_3	1	ENV_Temperature	0.879731	0.976832	0.097101	nan	3.000000	1.000000	0	0	1	1.000000	0.000000	0.000000
ASV_206_16S_022_3	ASV_304_16S_022_3	1	ENV_Temperature	0.812575	0.164055	-0.648520	0.072927	3.000000	1.000000	0	0	1	1.000000	0.000000	0.000000
ASV_184_16S_022_3	ASV_306_16S_022_3	1	ENV_Temperature	0.627457	0.081080	-0.546378	0.214785	3.000000	1.000000	0	0	1	1.000000	0.000000	0.000000
ASV_6_16S_022_3	ASV_307_16S_022_3	1	ENV_Temperature	0.195520	0.086169	-0.109352	0.714286	3.000000	1.000000	0	0	1	1.000000	0.000000	0.000000
ASV_162_16S_022_3	ASV_308_16S_022_3	1	ENV_Temperature	0.704146	0.000000	-0.704146	0.286713	3.000000	1.000000	0	0	1	1.000000	0.000000	0.000000
ASV_299_16S_022_3	ASV_308_16S_022_3	1	ENV_Temperature	0.915692	0.057762	-0.857929	0.000999	3.000000	1.000000	0	0	1	1.000000	0.000000	0.000000
ASV_97_16S_022_3	ASV_309_16S_022_3	1	ENV_Temperature	0.942377	0.391564	-0.550813	0.714286	3.000000	1.000000	0	0	1	1.000000	0.000000	0.000000
ASV_145_16S_022_3	ASV_311_16S_022_3	1	ENV_Temperature	0.510933	0.037191	-0.473742	0.000999	2.000000	1.000000	0	1	0	1.000000	0.000000	0.000000
ASV_154_16S_022_3	ASV_316_16S_022_3	1	ENV_Temperature	1.069638	0.220293	-0.849345	0.000999	3.000000	1.000000	0	0	1	1.000000	0.000000	0.000000
ASV_67_16S_022_3	ASV_317_16S_022_3	1	ENV_Temperature	0.583943	0.111005	-0.472938	0.000999	3.000000	1.000000	0	0	1	1.000000	0.000000	0.000000
ASV_97_16S_022_3	ASV_317_16S_022_3	1	ENV_Temperature	0.697169	0.072827	-0.624343	0.000999	3.000000	1.000000	0	0	1	1.000000	0.000000	0.000000
ASV_189_16S_022_3	ASV_318_16S_022_3	1	ENV_Temperature	0.769896	0.435262	-0.334634	0.214785	3.000000	1.000000	0	0	1	1.000000	0.000000	0.000000
ASV_161_16S_022_3	ASV_320_16S_022_3	1	ENV_Temperature	0.697169	0.261678	-0.435491	0.644356	3.000000	1.000000	0	0	1	1.000000	0.000000	0.000000
ASV_35_16S_022_3	ASV_324_16S_022_3	1	ENV_Temperature	0.462451	-0.045997	-0.508448	0.071928	3.000000	1.000000	0	0	1	1.000000	0.000000	0.000000
ASV_89_16S_022_3	ASV_324_16S_022_3	1	ENV_Temperature	0.945137	0.640056	-0.305081	0.714286	3.000000	1.000000	0	0	1	1.000000	0.000000	0.000000
ASV_92_16S_022_3	ASV_325_16S_022_3	1	ENV_Temperature	0.917567	0.263637	-0.653930	0.000999	3.000000	1.000000	0	0	1	1.000000	0.000000	0.000000
ASV_110_16S_022_3	ASV_325_16S_022_3	1	ENV_Temperature	0.684101	0.355198	-0.328903	0.071928	3.000000	1.000000	0	0	1	1.000000	0.000000	0.000000
ASV_109_16S_022_3	ASV_327_16S_022_3	1	ENV_Temperature	0.535331	-0.015193	-0.550525	0.071928	3.000000	1.000000	0	0	1	1.000000	0.000000	0.000000
ASV_152_16S_022_3	ASV_328_16S_022_3	1	ENV_Temperature	0.319818	0.242054	-0.077764	0.572428	3.000000	1.000000	0	0	1	1.000000	0.000000	0.000000
ASV_130_16S_022_3	ASV_331_16S_022_3	1	ENV_Temperature	0.403391	0.000000	-0.403391	1.000000	3.000000	1.000000	0	0	1	1.000000	0.000000	0.000000
ASV_162_16S_022_3	ASV_334_16S_022_3	1	ENV_Temperature	0.618814	0.009298	-0.609516	0.071928	3.000000	1.000000	0	0	1	1.000000	0.000000	0.000000
ASV_126_16S_022_3	ASV_335_16S_022_3	1	ENV_Temperature	0.635071	0.613030	-0.022040	0.786214	3.000000	1.000000	0	0	1	1.000000	0.000000	0.000000
ASV_149_16S_022_3	ASV_335_16S_022_3	1	ENV_Temperature	0.675044	0.250503	-0.424541	0.501499	3.000000	1.000000	0	0	1	1.000000	0.000000	0.000000
ASV_65_16S_022_3	ASV_337_16S_022_3	1	ENV_Temperature	0.614054	0.461270	-0.152784	0.430569	3.000000	1.000000	0	0	1	1.000000	0.000000	0.000000
ASV_291_16S_022_3	ASV_340_16S_022_3	1	ENV_Temperature	0.829736	0.059268	-0.770468	0.000999	3.000000	1.000000	0	0	1	1.000000	0.000000	0.000000
ASV_276_16S_022_3	ASV_343_16S_022_3	1	ENV_Temperature	0.418827	-0.015958	-0.434785	0.498501	3.000000	1.000000	0	0	1	1.000000	0.000000	0.000000
ASV_235_16S_022_3	ASV_345_16S_022_3	1	ENV_Temperature	0.781249	0.470955	-0.310295	0.357642	3.000000	1.000000	0	0	1	1.000000	0.000000	0.000000
ASV_262_16S_022_3	ASV_347_16S_022_3	1	ENV_Temperature	0.869418	0.104768	-0.764650	0.000999	3.000000	1.000000	0	0	1	1.000000	0.000000	0.000000
ASV_50_16S_022_3	ASV_351_16S_022_3	1	ENV_Temperature	0.507557	0.155779	-0.351778	0.143856	3.000000	1.000000	0	0	1	1.000000	0.000000	0.000000
ASV_175_16S_022_3	ASV_357_16S_022_3	1	ENV_Temperature	0.645803	0.259950	-0.385853	0.071928	3.000000	1.000000	0	0	1	1.000000	0.000000	0.000000
ASV_121_16S_022_3	ASV_358_16S_022_3	1	ENV_Temperature	0.669276	0.018078	-0.651198	0.000999	3.000000	1.000000	0	0	1	1.000000	0.000000	0.000000
ASV_216_16S_022_3	ASV_358_16S_022_3	1	ENV_Temperature	0.755355	0.067902	-0.687453	0.072927	3.000000	1.000000	0	0	1	1.000000	0.000000	0.000000
ASV_193_16S_022_3	ASV_360_16S_022_3	1	ENV_Temperature	0.444662	0.280393	-0.164269	0.214785	3.000000	1.000000	0	0	1	1.000000	0.000000	0.000000
ASV_233_16S_022_3	ASV_362_16S_022_3	1	ENV_Temperature	0.891591	0.930918	0.039327	nan	3.000000	1.000000	0	0	1	1.000000	0.000000	0.000000
ASV_246_16S_022_3	ASV_362_16S_022_3	1	ENV_Temperature	0.615606	0.563504	-0.052103	0.643357	3.000000	1.000000	0	0	1	1.000000	0.000000	0.000000
ASV_277_16S_022_3	ASV_362_16S_022_3	1	ENV_Temperature	0.429031	0.645581	0.216550	nan	2.000000	1.000000	0	1	0	1.000000	0.000000	0.000000
ASV_274_16S_022_3	ASV_365_16S_022_3	1	ENV_Temperature	0.662095	0.435121	-0.226974	0.428571	3.000000	1.000000	0	0	1	1.000000	0.000000	0.000000
ASV_345_16S_022_3	ASV_365_16S_022_3	1	ENV_Temperature	0.761323	0.503872	-0.257450	0.286713	3.000000	1.000000	0	0	1	1.000000	0.000000	0.000000
ASV_138_16S_022_3	ASV_369_16S_022_3	1	ENV_Temperature	0.840887	0.272482	-0.568405	0.071928	3.000000	1.000000	0	0	1	1.000000	0.000000	0.000000
ASV_267_16S_022_3	ASV_379_16S_022_3	1	ENV_Temperature	0.684737	-0.071782	-0.756519	0.142857	3.000000	1.000000	0	0	1	1.000000	0.000000	0.000000
ASV_157_16S_022_3	ASV_381_16S_022_3	1	ENV_Temperature	0.671230	0.072123	-0.599107	0.072927	3.000000	1.000000	0	0	1	1.000000	0.000000	0.000000
ASV_66_16S_022_3	ASV_383_16S_022_3	1	ENV_Temperature	0.673120	0.848962	0.175841	nan	3.000000	1.000000	0	0	1	1.000000	0.000000	0.000000
ASV_320_16S_022_3	ASV_386_16S_022_3	1	ENV_Temperature	0.754639	1.418755	0.664116	nan	3.000000	1.000000	0	0	1	1.000000	0.000000	0.000000
ASV_260_16S_022_3	ASV_387_16S_022_3	1	ENV_Temperature	0.943262	0.319782	-0.623480	0.358641	3.000000	1.000000	0	0	1	1.000000	0.000000	0.000000
ASV_21_16S_022_3	ASV_388_16S_022_3	1	ENV_Temperature	0.514271	0.019920	-0.494351	0.000999	3.000000	1.000000	0	0	1	1.000000	0.000000	0.000000
ASV_7_16S_022_3	ASV_390_16S_022_3	1	ENV_Temperature	0.351261	0.078041	-0.273220	0.000999	2.000000	1.000000	0	1	0	1.000000	0.000000	0.000000
ASV_386_16S_022_3	ASV_392_16S_022_3	1	ENV_Temperature	0.694922	1.457756	0.762834	nan	3.000000	1.000000	0	0	1	1.000000	0.000000	0.000000
ASV_132_16S_022_3	ASV_396_16S_022_3	1	ENV_Temperature	0.691371	0.101366	-0.590005	0.000999	3.000000	1.000000	0	0	1	1.000000	0.000000	0.000000
ASV_311_16S_022_3	ASV_396_16S_022_3	1	ENV_Temperature	0.680843	0.027893	-0.652950	0.000999	3.000000	1.000000	0	0	1	1.000000	0.000000	0.000000
ASV_218_16S_022_3	ASV_397_16S_022_3	1	ENV_Temperature	0.582530	0.507101	-0.075430	0.429570	3.000000	1.000000	0	0	1	1.000000	0.000000	0.000000
ASV_274_16S_022_3	ASV_400_16S_022_3	1	ENV_Temperature	0.541810	0.113695	-0.428116	0.499500	3.000000	1.000000	0	0	1	1.000000	0.000000	0.000000
ASV_193_16S_022_3	ASV_402_16S_022_3	1	ENV_Temperature	0.791777	0.234082	-0.557695	0.000999	3.000000	1.000000	0	0	1	1.000000	0.000000	0.000000
ASV_185_16S_022_3	ASV_401_16S_022_3	1	ENV_Temperature	0.934609	0.226530	-0.708079	0.357642	3.000000	1.000000	0	0	1	1.000000	0.000000	0.000000
ASV_225_16S_022_3	ASV_401_16S_022_3	1	ENV_Temperature	0.764207	0.007282	-0.756925	0.000999	3.000000	1.000000	0	0	1	1.000000	0.000000	0.000000
ASV_312_16S_022_3	ASV_401_16S_022_3	1	ENV_Temperature	0.689402	0.015064	-0.674338	0.000999	3.000000	1.000000	0	0	1	1.000000	0.000000	0.000000
ASV_218_16S_022_3	ASV_407_16S_022_3	1	ENV_Temperature	0.443995	0.122133	-0.321862	0.643357	3.000000	1.000000	0	0	1	1.000000	0.000000	0.000000
ASV_109_16S_022_3	ASV_408_16S_022_3	1	ENV_Temperature	0.395583	0.076358	-0.319225	0.715285	3.000000	1.000000	0	0	1	1.000000	0.000000	0.000000
ASV_153_16S_022_3	ASV_408_16S_022_3	1	ENV_Temperature	0.474481	0.009298	-0.465183	0.429570	3.000000	1.000000	0	0	1	1.000000	0.000000	0.000000
ASV_19_16S_022_3	ASV_410_16S_022_3	1	ENV_Temperature	0.685895	0.473614	-0.212281	0.643357	3.000000	1.000000	0	0	1	1.000000	0.000000	0.000000
ASV_163_16S_022_3	ASV_410_16S_022_3	1	ENV_Temperature	0.865150	0.506556	-0.358594	0.500500	3.000000	1.000000	0	0	1	1.000000	0.000000	0.000000
ASV_189_16S_022_3	ASV_414_16S_022_3	1	ENV_Temperature	0.530488	-0.014020	-0.544507	0.214785	3.000000	1.000000	0	0	1	1.000000	0.000000	0.000000
ASV_226_16S_022_3	ASV_414_16S_022_3	1	ENV_Temperature	0.329969	0.017888	-0.312082	0.572428	2.000000	1.000000	0	1	0	1.000000	0.000000	0.000000
ASV_145_16S_022_3	ASV_421_16S_022_3	1	ENV_Temperature	0.767877	0.079314	-0.688563	0.000999	3.000000	1.000000	0	0	1	1.000000	0.000000	0.000000
ASV_154_16S_022_3	ASV_421_16S_022_3	1	ENV_Temperature	0.893467	0.067578	-0.825889	0.000999	3.000000	1.000000	0	0	1	1.000000	0.000000	0.000000
ASV_189_16S_022_3	ASV_422_16S_022_3	1	ENV_Temperature	0.966193	0.345744	-0.620449	0.000999	3.000000	1.000000	0	0	1	1.000000	0.000000	0.000000
ASV_318_16S_022_3	ASV_422_16S_022_3	1	ENV_Temperature	0.932192	0.597771	-0.334422	0.501499	3.000000	1.000000	0	0	1	1.000000	0.000000	0.000000
ASV_388_16S_022_3	ASV_422_16S_022_3	1	ENV_Temperature	0.622788	0.351649	-0.271138	0.000999	3.000000	1.000000	0	0	1	1.000000	0.000000	0.000000
ASV_155_16S_022_3	ASV_424_16S_022_3	1	ENV_Temperature	0.623912	0.000000	-0.623912	0.928072	3.000000	1.000000	0	0	1	1.000000	0.000000	0.000000
ASV_282_16S_022_3	ASV_425_16S_022_3	1	ENV_Temperature	0.756021	0.178722	-0.577300	0.143856	3.000000	1.000000	0	0	1	1.000000	0.000000	0.000000
ASV_309_16S_022_3	ASV_425_16S_022_3	1	ENV_Temperature	0.756021	0.094767	-0.661254	0.142857	3.000000	1.000000	0	0	1	1.000000	0.000000	0.000000
ASV_136_16S_022_3	ASV_426_16S_022_3	1	ENV_Temperature	0.577260	0.119169	-0.458091	0.000999	3.000000	1.000000	0	0	1	1.000000	0.000000	0.000000
ASV_222_16S_022_3	ASV_426_16S_022_3	1	ENV_Temperature	0.657117	0.156126	-0.500991	0.000999	3.000000	1.000000	0	0	1	1.000000	0.000000	0.000000
ASV_424_16S_022_3	ASV_427_16S_022_3	1	ENV_Temperature	0.557088	0.000000	-0.557088	0.929071	3.000000	1.000000	0	0	1	1.000000	0.000000	0.000000
ASV_271_16S_022_3	ASV_429_16S_022_3	1	ENV_Temperature	0.588503	1.538531	0.950028	nan	3.000000	1.000000	0	0	1	1.000000	0.000000	0.000000
ASV_93_16S_022_3	ASV_430_16S_022_3	1	ENV_Temperature	0.718305	-0.011987	-0.730291	0.143856	3.000000	1.000000	0	0	1	1.000000	0.000000	0.000000
ASV_132_16S_022_3	ASV_430_16S_022_3	1	ENV_Temperature	0.521138	0.060774	-0.460364	0.000999	3.000000	1.000000	0	0	1	1.000000	0.000000	0.000000
ASV_431_16S_022_3	ASV_437_16S_022_3	1	ENV_Temperature	0.576937	0.126855	-0.450082	0.429570	3.000000	1.000000	0	0	1	1.000000	0.000000	0.000000
ASV_80_16S_022_3	ASV_440_16S_022_3	1	ENV_Temperature	0.534490	0.062182	-0.472308	0.000999	3.000000	1.000000	0	0	1	1.000000	0.000000	0.000000
ASV_434_16S_022_3	ASV_444_16S_022_3	1	ENV_Temperature	0.368061	0.203213	-0.164849	0.786214	3.000000	1.000000	0	0	1	1.000000	0.000000	0.000000
ASV_260_16S_022_3	ASV_448_16S_022_3	1	ENV_Temperature	0.640790	0.407931	-0.232859	0.572428	3.000000	1.000000	0	0	1	1.000000	0.000000	0.000000
ASV_348_16S_022_3	ASV_448_16S_022_3	1	ENV_Temperature	0.718056	0.230393	-0.487663	0.429570	3.000000	1.000000	0	0	1	1.000000	0.000000	0.000000
ASV_110_16S_022_3	ASV_449_16S_022_3	1	ENV_Temperature	0.700397	0.169942	-0.530456	0.071928	3.000000	1.000000	0	0	1	1.000000	0.000000	0.000000
ASV_212_16S_022_3	ASV_449_16S_022_3	1	ENV_Temperature	0.658002	0.382442	-0.275560	0.000999	3.000000	1.000000	0	0	1	1.000000	0.000000	0.000000
ASV_121_16S_022_3	ASV_452_16S_022_3	1	ENV_Temperature	0.752187	-0.112835	-0.865022	0.643357	3.000000	1.000000	0	0	1	1.000000	0.000000	0.000000
ASV_49_16S_022_3	ASV_453_16S_022_3	1	ENV_Temperature	0.948768	0.104397	-0.844371	0.286713	3.000000	1.000000	0	0	1	1.000000	0.000000	0.000000
ASV_223_16S_022_3	ASV_456_16S_022_3	1	ENV_Temperature	0.785924	-0.109961	-0.895885	0.571429	3.000000	1.000000	0	0	1	1.000000	0.000000	0.000000
ASV_389_16S_022_3	ASV_456_16S_022_3	1	ENV_Temperature	0.670400	0.076358	-0.594042	0.000999	3.000000	1.000000	0	0	1	1.000000	0.000000	0.000000
ASV_308_16S_022_3	ASV_461_16S_022_3	1	ENV_Temperature	1.040536	0.158779	-0.881756	0.000999	3.000000	1.000000	0	0	1	1.000000	0.000000	0.000000
ASV_301_16S_022_3	ASV_462_16S_022_3	1	ENV_Temperature	0.835381	0.018595	-0.816786	0.000999	3.000000	1.000000	0	0	1	1.000000	0.000000	0.000000
ASV_153_16S_022_3	ASV_463_16S_022_3	1	ENV_Temperature	0.500082	-0.008067	-0.508149	0.071928	2.000000	1.000000	0	1	0	1.000000	0.000000	0.000000
ASV_126_16S_022_3	ASV_466_16S_022_3	1	ENV_Temperature	0.651104	0.311492	-0.339613	0.142857	3.000000	1.000000	0	0	1	1.000000	0.000000	0.000000
ASV_273_16S_022_3	ASV_466_16S_022_3	1	ENV_Temperature	0.599031	0.284744	-0.314287	0.214785	3.000000	1.000000	0	0	1	1.000000	0.000000	0.000000
ASV_41_16S_022_3	ASV_468_16S_022_3	1	ENV_Temperature	0.446995	0.000000	-0.446995	0.357642	1.000000	0.000000	1	0	0	1.000000	0.000000	0.000000
ASV_345_16S_022_3	ASV_473_16S_022_3	1	ENV_Temperature	0.781995	0.535167	-0.246828	0.143856	3.000000	1.000000	0	0	1	1.000000	0.000000	0.000000
ASV_63_16S_022_3	ASV_475_16S_022_3	1	ENV_Temperature	0.308623	0.046488	-0.262135	0.428571	3.000000	1.000000	0	0	1	1.000000	0.000000	0.000000
ASV_182_16S_022_3	ASV_475_16S_022_3	1	ENV_Temperature	0.449580	0.031414	-0.418166	0.357642	3.000000	1.000000	0	0	1	1.000000	0.000000	0.000000
ASV_295_16S_022_3	ASV_475_16S_022_3	1	ENV_Temperature	0.516195	-0.011987	-0.528181	0.357642	3.000000	1.000000	0	0	1	1.000000	0.000000	0.000000
ASV_453_16S_022_3	ASV_476_16S_022_3	1	ENV_Temperature	0.789639	0.000000	-0.789639	1.000000	3.000000	1.000000	0	0	1	1.000000	0.000000	0.000000
ASV_102_16S_022_3	ASV_478_16S_022_3	1	ENV_Temperature	0.753679	0.046635	-0.707044	0.214785	3.000000	1.000000	0	0	1	1.000000	0.000000	0.000000
ASV_258_16S_022_3	ASV_478_16S_022_3	1	ENV_Temperature	0.753679	0.023317	-0.730362	0.000999	3.000000	1.000000	0	0	1	1.000000	0.000000	0.000000
ASV_34_16S_022_3	ASV_479_16S_022_3	1	ENV_Temperature	0.525091	-0.028022	-0.553113	0.071928	3.000000	1.000000	0	0	1	1.000000	0.000000	0.000000
ASV_253_16S_022_3	ASV_488_16S_022_3	1	ENV_Temperature	0.588622	0.236345	-0.352276	0.286713	3.000000	1.000000	0	0	1	1.000000	0.000000	0.000000
ASV_390_16S_022_3	ASV_490_16S_022_3	1	ENV_Temperature	0.935195	0.078576	-0.856619	0.000999	3.000000	1.000000	0	0	1	1.000000	0.000000	0.000000
ASV_179_16S_022_3	ASV_491_16S_022_3	1	ENV_Temperature	0.957420	1.400160	0.442739	nan	3.000000	1.000000	0	0	1	1.000000	0.000000	0.000000
ASV_187_16S_022_3	ASV_494_16S_022_3	1	ENV_Temperature	0.925757	0.402691	-0.523066	0.713287	3.000000	1.000000	0	0	1	1.000000	0.000000	0.000000
ASV_382_16S_022_3	ASV_494_16S_022_3	1	ENV_Temperature	0.793190	0.253378	-0.539812	0.500500	3.000000	1.000000	0	0	1	1.000000	0.000000	0.000000
ASV_49_16S_022_3	ASV_495_16S_022_3	1	ENV_Temperature	0.735144	0.083954	-0.651190	0.643357	3.000000	1.000000	0	0	1	1.000000	0.000000	0.000000
ASV_478_16S_022_3	ASV_495_16S_022_3	1	ENV_Temperature	0.502499	0.023317	-0.479181	0.714286	3.000000	1.000000	0	0	1	1.000000	0.000000	0.000000
ASV_332_16S_022_3	ASV_497_16S_022_3	1	ENV_Temperature	0.835879	0.152715	-0.683164	0.071928	3.000000	1.000000	0	0	1	1.000000	0.000000	0.000000
ASV_332_16S_022_3	ASV_499_16S_022_3	1	ENV_Temperature	0.587836	0.157347	-0.430489	0.071928	3.000000	1.000000	0	0	1	1.000000	0.000000	0.000000
ASV_494_16S_022_3	ASV_499_16S_022_3	1	ENV_Temperature	0.847401	0.323174	-0.524227	0.571429	3.000000	1.000000	0	0	1	1.000000	0.000000	0.000000
ASV_170_16S_022_3	ASV_502_16S_022_3	1	ENV_Temperature	0.415087	1.438497	1.023410	nan	3.000000	1.000000	0	0	1	1.000000	0.000000	0.000000
ASV_11_16S_022_3	ASV_503_16S_022_3	1	ENV_Temperature	0.995256	0.361167	-0.634089	0.214785	3.000000	1.000000	0	0	1	1.000000	0.000000	0.000000
ASV_92_16S_022_3	ASV_503_16S_022_3	1	ENV_Temperature	1.000478	0.386842	-0.613636	0.000999	3.000000	1.000000	0	0	1	1.000000	0.000000	0.000000
ASV_216_16S_022_3	ASV_503_16S_022_3	1	ENV_Temperature	0.890259	0.297807	-0.592453	0.000999	3.000000	1.000000	0	0	1	1.000000	0.000000	0.000000
ASV_222_16S_022_3	ASV_503_16S_022_3	1	ENV_Temperature	0.765167	0.296474	-0.468693	0.000999	3.000000	1.000000	0	0	1	1.000000	0.000000	0.000000
ASV_265_16S_022_3	ASV_503_16S_022_3	1	ENV_Temperature	0.731798	0.245125	-0.486672	0.000999	3.000000	1.000000	0	0	1	1.000000	0.000000	0.000000
ASV_412_16S_022_3	ASV_503_16S_022_3	1	ENV_Temperature	0.797283	0.592412	-0.204871	0.357642	3.000000	1.000000	0	0	1	1.000000	0.000000	0.000000
ASV_494_16S_022_3	ASV_503_16S_022_3	1	ENV_Temperature	0.800167	0.462672	-0.337495	0.571429	3.000000	1.000000	0	0	1	1.000000	0.000000	0.000000
ASV_41_16S_022_3	ASV_504_16S_022_3	1	ENV_Temperature	0.677213	0.091551	-0.585662	0.143856	3.000000	1.000000	0	0	1	1.000000	0.000000	0.000000
ASV_113_16S_022_3	ASV_504_16S_022_3	1	ENV_Temperature	0.557596	0.104397	-0.453199	0.144855	3.000000	1.000000	0	0	1	1.000000	0.000000	0.000000
ASV_463_16S_022_3	ASV_504_16S_022_3	1	ENV_Temperature	0.696877	0.000000	-0.696877	0.214785	3.000000	1.000000	0	0	1	1.000000	0.000000	0.000000
ASV_347_16S_022_3	ASV_506_16S_022_3	1	ENV_Temperature	0.941338	0.076358	-0.864981	0.000999	3.000000	1.000000	0	0	1	1.000000	0.000000	0.000000
ASV_477_16S_022_3	ASV_506_16S_022_3	1	ENV_Temperature	0.955496	0.100331	-0.855165	0.072927	3.000000	1.000000	0	0	1	1.000000	0.000000	0.000000
ASV_36_16S_022_3	ASV_512_16S_022_3	1	ENV_Temperature	0.712880	0.130987	-0.581893	0.000999	3.000000	1.000000	0	0	1	1.000000	0.000000	0.000000
ASV_215_16S_022_3	ASV_512_16S_022_3	1	ENV_Temperature	0.527683	0.135904	-0.391779	0.000999	3.000000	1.000000	0	0	1	1.000000	0.000000	0.000000
ASV_386_16S_022_3	ASV_513_16S_022_3	1	ENV_Temperature	0.566234	-0.034445	-0.600679	0.715285	3.000000	1.000000	0	0	1	1.000000	0.000000	0.000000
ASV_282_16S_022_3	ASV_515_16S_022_3	1	ENV_Temperature	0.645798	0.206290	-0.439508	0.643357	3.000000	1.000000	0	0	1	1.000000	0.000000	0.000000
ASV_416_16S_022_3	ASV_515_16S_022_3	1	ENV_Temperature	0.402669	1.688612	1.285943	nan	3.000000	1.000000	0	0	1	1.000000	0.000000	0.000000
ASV_11_16S_022_3	ASV_517_16S_022_3	1	ENV_Temperature	0.862689	0.284292	-0.578397	0.571429	3.000000	1.000000	0	0	1	1.000000	0.000000	0.000000
ASV_169_16S_022_3	ASV_525_16S_022_3	1	ENV_Temperature	0.704774	0.808211	0.103437	nan	3.000000	1.000000	0	0	1	1.000000	0.000000	0.000000
ASV_223_16S_022_3	ASV_531_16S_022_3	1	ENV_Temperature	0.645714	0.237130	-0.408583	0.787213	3.000000	1.000000	0	0	1	1.000000	0.000000	0.000000
ASV_262_16S_022_3	ASV_533_16S_022_3	1	ENV_Temperature	0.963140	0.104768	-0.858372	0.000999	3.000000	1.000000	0	0	1	1.000000	0.000000	0.000000
ASV_327_16S_022_3	ASV_533_16S_022_3	1	ENV_Temperature	0.977298	0.152715	-0.824583	0.000999	3.000000	1.000000	0	0	1	1.000000	0.000000	0.000000
ASV_481_16S_022_3	ASV_533_16S_022_3	1	ENV_Temperature	0.768051	0.000000	-0.768051	0.857143	3.000000	1.000000	0	0	1	1.000000	0.000000	0.000000
ASV_365_16S_022_3	ASV_537_16S_022_3	1	ENV_Temperature	0.655317	0.286981	-0.368336	0.571429	3.000000	1.000000	0	0	1	1.000000	0.000000	0.000000
ASV_246_16S_022_3	ASV_538_16S_022_3	1	ENV_Temperature	0.602194	-0.003548	-0.605742	0.143856	3.000000	1.000000	0	0	1	1.000000	0.000000	0.000000
ASV_103_16S_022_3	ASV_539_16S_022_3	1	ENV_Temperature	0.809143	0.000000	-0.809143	0.143856	3.000000	1.000000	0	0	1	1.000000	0.000000	0.000000
ASV_531_16S_022_3	ASV_539_16S_022_3	1	ENV_Temperature	0.821969	1.030717	0.208748	nan	3.000000	1.000000	0	0	1	1.000000	0.000000	0.000000
ASV_97_16S_022_3	ASV_540_16S_022_3	1	ENV_Temperature	0.859182	0.224829	-0.634353	0.071928	3.000000	1.000000	0	0	1	1.000000	0.000000	0.000000
ASV_414_16S_022_3	ASV_540_16S_022_3	1	ENV_Temperature	0.583491	0.137327	-0.446164	0.572428	3.000000	1.000000	0	0	1	1.000000	0.000000	0.000000
ASV_317_16S_022_3	ASV_547_16S_022_3	1	ENV_Temperature	0.771851	0.092410	-0.679440	0.000999	3.000000	1.000000	0	0	1	1.000000	0.000000	0.000000
ASV_316_16S_022_3	ASV_552_16S_022_3	1	ENV_Temperature	0.708787	0.311844	-0.396943	0.287712	3.000000	1.000000	0	0	1	1.000000	0.000000	0.000000
ASV_428_16S_022_3	ASV_552_16S_022_3	1	ENV_Temperature	0.906760	0.000000	-0.906760	0.929071	3.000000	1.000000	0	0	1	1.000000	0.000000	0.000000
ASV_11_16S_022_3	ASV_553_16S_022_3	1	ENV_Temperature	0.816201	0.420103	-0.396097	0.430569	3.000000	1.000000	0	0	1	1.000000	0.000000	0.000000
ASV_53_16S_022_3	ASV_553_16S_022_3	1	ENV_Temperature	0.785000	0.462155	-0.322845	0.358641	3.000000	1.000000	0	0	1	1.000000	0.000000	0.000000
ASV_148_16S_022_3	ASV_553_16S_022_3	1	ENV_Temperature	0.603154	0.469429	-0.133725	0.357642	3.000000	1.000000	0	0	1	1.000000	0.000000	0.000000
ASV_490_16S_022_3	ASV_553_16S_022_3	1	ENV_Temperature	0.932311	0.194101	-0.738210	0.215784	3.000000	1.000000	0	0	1	1.000000	0.000000	0.000000
ASV_196_16S_022_3	ASV_560_16S_022_3	1	ENV_Temperature	0.468543	0.097625	-0.370918	0.000999	3.000000	1.000000	0	0	1	1.000000	0.000000	0.000000
ASV_138_16S_022_3	ASV_561_16S_022_3	1	ENV_Temperature	0.789216	0.101366	-0.687850	0.000999	3.000000	1.000000	0	0	1	1.000000	0.000000	0.000000
ASV_227_16S_022_3	ASV_561_16S_022_3	1	ENV_Temperature	0.695171	0.046803	-0.648368	0.072927	3.000000	1.000000	0	0	1	1.000000	0.000000	0.000000
ASV_332_16S_022_3	ASV_561_16S_022_3	1	ENV_Temperature	0.741196	0.123316	-0.617880	0.072927	3.000000	1.000000	0	0	1	1.000000	0.000000	0.000000
ASV_421_16S_022_3	ASV_561_16S_022_3	1	ENV_Temperature	0.882939	0.101366	-0.781572	0.000999	3.000000	1.000000	0	0	1	1.000000	0.000000	0.000000
ASV_453_16S_022_3	ASV_566_16S_022_3	1	ENV_Temperature	0.864827	0.000000	-0.864827	0.357642	3.000000	1.000000	0	0	1	1.000000	0.000000	0.000000
ASV_225_16S_022_3	ASV_569_16S_022_3	1	ENV_Temperature	0.711790	0.499004	-0.212786	0.643357	3.000000	1.000000	0	0	1	1.000000	0.000000	0.000000
ASV_74_16S_022_3	ASV_574_16S_022_3	1	ENV_Temperature	0.909923	1.686921	0.776997	nan	3.000000	1.000000	0	0	1	1.000000	0.000000	0.000000
ASV_137_16S_022_3	ASV_574_16S_022_3	1	ENV_Temperature	0.850500	0.066072	-0.784428	0.072927	3.000000	1.000000	0	0	1	1.000000	0.000000	0.000000
ASV_340_16S_022_3	ASV_574_16S_022_3	1	ENV_Temperature	1.096622	1.665636	0.569014	nan	3.000000	1.000000	0	0	1	1.000000	0.000000	0.000000
ASV_333_16S_022_3	ASV_575_16S_022_3	1	ENV_Temperature	0.437083	0.091551	-0.345532	0.000999	3.000000	1.000000	0	0	1	1.000000	0.000000	0.000000
ASV_294_16S_022_3	ASV_576_16S_022_3	1	ENV_Temperature	0.707191	1.006744	0.299553	nan	3.000000	1.000000	0	0	1	1.000000	0.000000	0.000000
ASV_207_16S_022_3	ASV_579_16S_022_3	1	ENV_Temperature	0.379321	0.115216	-0.264105	0.071928	3.000000	1.000000	0	0	1	1.000000	0.000000	0.000000
ASV_154_16S_022_3	ASV_582_16S_022_3	1	ENV_Temperature	1.185162	0.220293	-0.964870	0.000999	3.000000	1.000000	0	0	1	1.000000	0.000000	0.000000
ASV_269_16S_022_3	ASV_582_16S_022_3	1	ENV_Temperature	1.138674	0.183102	-0.955572	0.000999	3.000000	1.000000	0	0	1	1.000000	0.000000	0.000000
ASV_490_16S_022_3	ASV_582_16S_022_3	1	ENV_Temperature	0.990073	0.052384	-0.937689	0.000999	3.000000	1.000000	0	0	1	1.000000	0.000000	0.000000
ASV_495_16S_022_3	ASV_587_16S_022_3	1	ENV_Temperature	0.864827	0.217232	-0.647595	0.786214	3.000000	1.000000	0	0	1	1.000000	0.000000	0.000000
ASV_268_16S_022_3	ASV_596_16S_022_3	1	ENV_Temperature	0.864827	0.000000	-0.864827	1.000000	3.000000	1.000000	0	0	1	1.000000	0.000000	0.000000
ASV_129_16S_022_3	ASV_605_16S_022_3	1	ENV_Temperature	0.722478	0.187937	-0.534541	0.072927	3.000000	1.000000	0	0	1	1.000000	0.000000	0.000000
ASV_578_16S_022_3	ASV_605_16S_022_3	1	ENV_Temperature	0.520331	0.780896	0.260565	nan	3.000000	1.000000	0	0	1	1.000000	0.000000	0.000000
ASV_556_16S_022_3	ASV_612_16S_022_3	1	ENV_Temperature	0.617949	0.095268	-0.522681	0.000999	3.000000	1.000000	0	0	1	1.000000	0.000000	0.000000
ASV_103_16S_022_3	ASV_615_16S_022_3	1	ENV_Temperature	0.790225	0.110146	-0.680079	0.214785	3.000000	1.000000	0	0	1	1.000000	0.000000	0.000000
ASV_387_16S_022_3	ASV_615_16S_022_3	1	ENV_Temperature	1.094747	0.454466	-0.640281	0.072927	3.000000	1.000000	0	0	1	1.000000	0.000000	0.000000
ASV_304_16S_022_3	ASV_622_16S_022_3	1	ENV_Temperature	0.686597	0.058289	-0.628308	0.143856	3.000000	1.000000	0	0	1	1.000000	0.000000	0.000000
ASV_61_16S_022_3	ASV_621_16S_022_3	1	ENV_Temperature	0.567243	0.000000	-0.567243	0.214785	3.000000	1.000000	0	0	1	1.000000	0.000000	0.000000
ASV_300_16S_022_3	ASV_632_16S_022_3	1	ENV_Temperature	0.688656	0.083954	-0.604702	0.143856	3.000000	1.000000	0	0	1	1.000000	0.000000	0.000000
ASV_340_16S_022_3	ASV_633_16S_022_3	1	ENV_Temperature	0.830359	1.124650	0.294291	nan	3.000000	1.000000	0	0	1	1.000000	0.000000	0.000000
ASV_552_16S_022_3	ASV_636_16S_022_3	1	ENV_Temperature	0.630894	-0.081080	-0.711973	0.143856	3.000000	1.000000	0	0	1	1.000000	0.000000	0.000000
ASV_124_16S_022_3	ASV_640_16S_022_3	1	ENV_Temperature	0.897734	0.091551	-0.806183	0.000999	3.000000	1.000000	0	0	1	1.000000	0.000000	0.000000
ASV_411_16S_022_3	ASV_640_16S_022_3	1	ENV_Temperature	0.804012	0.009298	-0.794714	0.000999	3.000000	1.000000	0	0	1	1.000000	0.000000	0.000000
ASV_455_16S_022_3	ASV_640_16S_022_3	1	ENV_Temperature	0.847616	0.026192	-0.821424	0.000999	3.000000	1.000000	0	0	1	1.000000	0.000000	0.000000
ASV_596_16S_022_3	ASV_640_16S_022_3	1	ENV_Temperature	0.652313	0.000000	-0.652313	0.929071	3.000000	1.000000	0	0	1	1.000000	0.000000	0.000000
ASV_206_16S_022_3	ASV_641_16S_022_3	1	ENV_Temperature	0.661090	0.118278	-0.542812	0.000999	3.000000	1.000000	0	0	1	1.000000	0.000000	0.000000
ASV_234_16S_022_3	ASV_641_16S_022_3	1	ENV_Temperature	0.907969	0.310873	-0.597096	0.072927	3.000000	1.000000	0	0	1	1.000000	0.000000	0.000000
ASV_259_16S_022_3	ASV_644_16S_022_3	1	ENV_Temperature	0.545441	0.067060	-0.478381	0.000999	3.000000	1.000000	0	0	1	1.000000	0.000000	0.000000
ASV_643_16S_022_3	ASV_644_16S_022_3	1	ENV_Temperature	0.545441	0.067060	-0.478381	0.000999	3.000000	1.000000	0	0	1	1.000000	0.000000	0.000000
ASV_66_16S_022_3	ASV_647_16S_022_3	1	ENV_Temperature	0.807065	-0.003333	-0.810398	0.143856	3.000000	1.000000	0	0	1	1.000000	0.000000	0.000000
ASV_281_16S_022_3	ASV_647_16S_022_3	1	ENV_Temperature	0.665888	1.077723	0.411836	nan	3.000000	1.000000	0	0	1	1.000000	0.000000	0.000000
ASV_61_16S_022_3	ASV_648_16S_022_3	1	ENV_Temperature	0.519532	0.038179	-0.481353	0.000999	3.000000	1.000000	0	0	1	1.000000	0.000000	0.000000
ASV_361_16S_022_3	ASV_652_16S_022_3	1	ENV_Temperature	0.787143	0.000000	-0.787143	0.856144	3.000000	1.000000	0	0	1	1.000000	0.000000	0.000000
ASV_427_16S_022_3	ASV_652_16S_022_3	1	ENV_Temperature	0.765341	0.000000	-0.765341	0.857143	3.000000	1.000000	0	0	1	1.000000	0.000000	0.000000
ASV_517_16S_022_3	ASV_654_16S_022_3	1	ENV_Temperature	0.707697	1.018381	0.310684	nan	3.000000	1.000000	0	0	1	1.000000	0.000000	0.000000
ASV_331_16S_022_3	ASV_671_16S_022_3	1	ENV_Temperature	0.625005	0.052198	-0.572807	0.572428	3.000000	1.000000	0	0	1	1.000000	0.000000	0.000000
ASV_6_16S_022_3	ASV_670_16S_022_3	1	ENV_Temperature	0.332479	-0.051500	-0.383978	0.143856	3.000000	1.000000	0	0	1	1.000000	0.000000	0.000000
ASV_416_16S_022_3	ASV_673_16S_022_3	1	ENV_Temperature	0.408820	-0.040868	-0.449688	0.714286	3.000000	1.000000	0	0	1	1.000000	0.000000	0.000000
ASV_370_16S_022_3	ASV_675_16S_022_3	1	ENV_Temperature	0.733473	0.104768	-0.628705	0.000999	3.000000	1.000000	0	0	1	1.000000	0.000000	0.000000
ASV_428_16S_022_3	ASV_675_16S_022_3	1	ENV_Temperature	0.827196	0.000000	-0.827196	1.000000	3.000000	1.000000	0	0	1	1.000000	0.000000	0.000000
ASV_560_16S_022_3	ASV_679_16S_022_3	1	ENV_Temperature	0.760408	0.152715	-0.607692	0.000999	3.000000	1.000000	0	0	1	1.000000	0.000000	0.000000
ASV_647_16S_022_3	ASV_679_16S_022_3	1	ENV_Temperature	0.821223	1.077723	0.256500	nan	3.000000	1.000000	0	0	1	1.000000	0.000000	0.000000
ASV_14_16S_022_3	ASV_690_16S_022_3	1	ENV_Temperature	0.347916	-0.015958	-0.363874	0.285714	3.000000	1.000000	0	0	1	1.000000	0.000000	0.000000
ASV_148_16S_022_3	ASV_697_16S_022_3	1	ENV_Temperature	0.639115	0.735839	0.096724	nan	3.000000	1.000000	0	0	1	1.000000	0.000000	0.000000
ASV_274_16S_022_3	ASV_697_16S_022_3	1	ENV_Temperature	0.673369	0.321815	-0.351554	0.572428	3.000000	1.000000	0	0	1	1.000000	0.000000	0.000000
ASV_361_16S_022_3	ASV_699_16S_022_3	1	ENV_Temperature	0.533073	0.000000	-0.533073	0.142857	3.000000	1.000000	0	0	1	1.000000	0.000000	0.000000
ASV_390_16S_022_3	ASV_708_16S_022_3	1	ENV_Temperature	0.802305	0.092976	-0.709329	0.000999	3.000000	1.000000	0	0	1	1.000000	0.000000	0.000000
ASV_477_16S_022_3	ASV_708_16S_022_3	1	ENV_Temperature	0.768051	0.078576	-0.689475	0.000999	3.000000	1.000000	0	0	1	1.000000	0.000000	0.000000
ASV_424_16S_022_3	ASV_709_16S_022_3	1	ENV_Temperature	0.566149	0.000000	-0.566149	0.856144	3.000000	1.000000	0	0	1	1.000000	0.000000	0.000000
ASV_652_16S_022_3	ASV_709_16S_022_3	1	ENV_Temperature	0.471218	0.000000	-0.471218	0.856144	3.000000	1.000000	0	0	1	1.000000	0.000000	0.000000
ASV_560_16S_022_3	ASV_715_16S_022_3	1	ENV_Temperature	0.762114	0.115525	-0.646589	0.000999	3.000000	1.000000	0	0	1	1.000000	0.000000	0.000000
ASV_284_16S_022_3	ASV_717_16S_022_3	1	ENV_Temperature	0.809143	0.162345	-0.646798	0.571429	3.000000	1.000000	0	0	1	1.000000	0.000000	0.000000
ASV_259_16S_022_3	ASV_718_16S_022_3	1	ENV_Temperature	0.590836	0.050683	-0.540152	0.215784	3.000000	1.000000	0	0	1	1.000000	0.000000	0.000000
ASV_363_16S_022_3	ASV_720_16S_022_3	1	ENV_Temperature	0.519532	0.000000	-0.519532	1.000000	3.000000	1.000000	0	0	1	1.000000	0.000000	0.000000
ASV_426_16S_022_3	ASV_722_16S_022_3	1	ENV_Temperature	0.650140	0.050683	-0.599457	0.000999	3.000000	1.000000	0	0	1	1.000000	0.000000	0.000000
ASV_455_16S_022_3	ASV_722_16S_022_3	1	ENV_Temperature	0.743365	0.033789	-0.709576	0.000999	3.000000	1.000000	0	0	1	1.000000	0.000000	0.000000
ASV_269_16S_022_3	ASV_723_16S_022_3	1	ENV_Temperature	0.836127	0.091551	-0.744576	0.000999	3.000000	1.000000	0	0	1	1.000000	0.000000	0.000000
ASV_519_16S_022_3	ASV_723_16S_022_3	1	ENV_Temperature	0.848362	0.016894	-0.831467	0.000999	3.000000	1.000000	0	0	1	1.000000	0.000000	0.000000
ASV_396_16S_022_3	ASV_728_16S_022_3	1	ENV_Temperature	0.655580	0.038179	-0.617401	0.000999	3.000000	1.000000	0	0	1	1.000000	0.000000	0.000000
ASV_643_16S_022_3	ASV_728_16S_022_3	1	ENV_Temperature	0.670400	0.000000	-0.670400	0.858142	3.000000	1.000000	0	0	1	1.000000	0.000000	0.000000
ASV_556_16S_022_3	ASV_730_16S_022_3	1	ENV_Temperature	0.639751	0.127023	-0.512727	0.000999	3.000000	1.000000	0	0	1	1.000000	0.000000	0.000000
ASV_411_16S_022_3	ASV_736_16S_022_3	1	ENV_Temperature	0.768051	0.078576	-0.689475	0.000999	3.000000	1.000000	0	0	1	1.000000	0.000000	0.000000
ASV_599_16S_022_3	ASV_737_16S_022_3	1	ENV_Temperature	0.847401	0.114536	-0.732865	0.000999	3.000000	1.000000	0	0	1	1.000000	0.000000	0.000000
ASV_463_16S_022_3	ASV_738_16S_022_3	1	ENV_Temperature	0.879731	0.067578	-0.812154	0.000999	3.000000	1.000000	0	0	1	1.000000	0.000000	0.000000
ASV_599_16S_022_3	ASV_739_16S_022_3	1	ENV_Temperature	0.905164	0.229073	-0.676091	0.000999	3.000000	1.000000	0	0	1	1.000000	0.000000	0.000000
ASV_348_16S_022_3	ASV_746_16S_022_3	1	ENV_Temperature	0.626258	0.200006	-0.426252	0.501499	3.000000	1.000000	0	0	1	1.000000	0.000000	0.000000
ASV_540_16S_022_3	ASV_747_16S_022_3	1	ENV_Temperature	0.662680	-0.010471	-0.673152	0.071928	3.000000	1.000000	0	0	1	1.000000	0.000000	0.000000
ASV_311_16S_022_3	ASV_749_16S_022_3	1	ENV_Temperature	0.680843	0.018595	-0.662248	0.000999	3.000000	1.000000	0	0	1	1.000000	0.000000	0.000000
ASV_533_16S_022_3	ASV_749_16S_022_3	1	ENV_Temperature	0.963140	0.129259	-0.833881	0.000999	3.000000	1.000000	0	0	1	1.000000	0.000000	0.000000
ASV_506_16S_022_3	ASV_751_16S_022_3	1	ENV_Temperature	0.941338	0.134120	-0.807218	0.072927	3.000000	1.000000	0	0	1	1.000000	0.000000	0.000000
ASV_749_16S_022_3	ASV_751_16S_022_3	1	ENV_Temperature	0.941338	0.026192	-0.915146	0.000999	3.000000	1.000000	0	0	1	1.000000	0.000000	0.000000
ASV_187_16S_022_3	ASV_752_16S_022_3	1	ENV_Temperature	0.821507	0.551017	-0.270490	0.286713	3.000000	1.000000	0	0	1	1.000000	0.000000	0.000000
ASV_281_16S_022_3	ASV_752_16S_022_3	1	ENV_Temperature	0.654774	0.179239	-0.475535	0.286713	3.000000	1.000000	0	0	1	1.000000	0.000000	0.000000
ASV_383_16S_022_3	ASV_755_16S_022_3	1	ENV_Temperature	0.528981	-0.036478	-0.565458	0.285714	3.000000	1.000000	0	0	1	1.000000	0.000000	0.000000
ASV_61_16S_022_3	ASV_758_16S_022_3	1	ENV_Temperature	0.489469	0.191882	-0.297587	0.143856	3.000000	1.000000	0	0	1	1.000000	0.000000	0.000000
ASV_539_16S_022_3	ASV_758_16S_022_3	1	ENV_Temperature	0.663426	0.021284	-0.642142	0.072927	3.000000	1.000000	0	0	1	1.000000	0.000000	0.000000
ASV_610_16S_022_3	ASV_759_16S_022_3	1	ENV_Temperature	0.571535	0.151014	-0.420521	0.214785	3.000000	1.000000	0	0	1	1.000000	0.000000	0.000000
ASV_23_16S_022_3	ASV_767_16S_022_3	1	ENV_Temperature	0.791236	0.299339	-0.491896	0.642358	3.000000	1.000000	0	0	1	1.000000	0.000000	0.000000
ASV_212_16S_022_3	ASV_767_16S_022_3	1	ENV_Temperature	0.693420	0.362683	-0.330738	0.499500	3.000000	1.000000	0	0	1	1.000000	0.000000	0.000000
ASV_382_16S_022_3	ASV_779_16S_022_3	1	ENV_Temperature	0.844238	0.242069	-0.602169	0.214785	3.000000	1.000000	0	0	1	1.000000	0.000000	0.000000
ASV_350_16S_022_3	ASV_782_16S_022_3	1	ENV_Temperature	0.519532	0.000000	-0.519532	1.000000	3.000000	1.000000	0	0	1	1.000000	0.000000	0.000000
ASV_588_16S_022_3	ASV_782_16S_022_3	1	ENV_Temperature	0.545441	0.023317	-0.522123	0.000999	3.000000	1.000000	0	0	1	1.000000	0.000000	0.000000
ASV_6_16S_022_3	ASV_784_16S_022_3	1	ENV_Temperature	0.622121	0.978793	0.356672	nan	3.000000	1.000000	0	0	1	1.000000	0.000000	0.000000
ASV_134_16S_022_3	ASV_784_16S_022_3	1	ENV_Temperature	0.579850	0.039362	-0.540488	0.071928	3.000000	1.000000	0	0	1	1.000000	0.000000	0.000000
ASV_207_16S_022_3	ASV_784_16S_022_3	1	ENV_Temperature	0.437083	0.129313	-0.307771	0.786214	3.000000	1.000000	0	0	1	1.000000	0.000000	0.000000
ASV_744_16S_022_3	ASV_786_16S_022_3	1	ENV_Temperature	0.828867	0.000000	-0.828867	0.214785	3.000000	1.000000	0	0	1	1.000000	0.000000	0.000000
ASV_102_16S_022_3	ASV_793_16S_022_3	1	ENV_Temperature	0.884958	0.069952	-0.815006	0.429570	3.000000	1.000000	0	0	1	1.000000	0.000000	0.000000
ASV_476_16S_022_3	ASV_793_16S_022_3	1	ENV_Temperature	0.920918	0.081080	-0.839839	0.857143	3.000000	1.000000	0	0	1	1.000000	0.000000	0.000000
ASV_540_16S_022_3	ASV_793_16S_022_3	1	ENV_Temperature	0.733473	0.069093	-0.664381	0.071928	3.000000	1.000000	0	0	1	1.000000	0.000000	0.000000
ASV_310_16S_022_3	ASV_797_16S_022_3	1	ENV_Temperature	0.704306	0.112835	-0.591471	0.357642	3.000000	1.000000	0	0	1	1.000000	0.000000	0.000000
ASV_455_16S_022_3	ASV_797_16S_022_3	1	ENV_Temperature	0.788351	0.055073	-0.733278	0.000999	3.000000	1.000000	0	0	1	1.000000	0.000000	0.000000
ASV_210_16S_022_3	ASV_799_16S_022_3	1	ENV_Temperature	0.277209	0.076358	-0.200851	0.071928	3.000000	1.000000	0	0	1	1.000000	0.000000	0.000000
ASV_199_16S_022_3	ASV_800_16S_022_3	1	ENV_Temperature	0.547242	0.112835	-0.434406	0.574426	3.000000	1.000000	0	0	1	1.000000	0.000000	0.000000
ASV_401_16S_022_3	ASV_803_16S_022_3	1	ENV_Temperature	0.453052	0.026192	-0.426860	0.000999	3.000000	1.000000	0	0	1	1.000000	0.000000	0.000000
ASV_392_16S_022_3	ASV_805_16S_022_3	1	ENV_Temperature	0.737566	1.090175	0.352609	nan	3.000000	1.000000	0	0	1	1.000000	0.000000	0.000000
ASV_248_16S_022_3	ASV_808_16S_022_3	1	ENV_Temperature	0.547893	-0.106873	-0.654766	0.071928	3.000000	1.000000	0	0	1	1.000000	0.000000	0.000000
ASV_782_16S_022_3	ASV_808_16S_022_3	1	ENV_Temperature	0.466538	0.000000	-0.466538	1.000000	3.000000	1.000000	0	0	1	1.000000	0.000000	0.000000
ASV_462_16S_022_3	ASV_815_16S_022_3	1	ENV_Temperature	0.883576	0.078576	-0.805000	0.000999	3.000000	1.000000	0	0	1	1.000000	0.000000	0.000000
ASV_739_16S_022_3	ASV_815_16S_022_3	1	ENV_Temperature	0.666471	0.085138	-0.581333	0.000999	3.000000	1.000000	0	0	1	1.000000	0.000000	0.000000
ASV_139_16S_022_3	ASV_818_16S_022_3	1	ENV_Temperature	0.706738	0.081931	-0.624807	0.000999	3.000000	1.000000	0	0	1	1.000000	0.000000	0.000000
ASV_379_16S_022_3	ASV_818_16S_022_3	1	ENV_Temperature	0.499371	0.083105	-0.416266	0.071928	3.000000	1.000000	0	0	1	1.000000	0.000000	0.000000
ASV_739_16S_022_3	ASV_820_16S_022_3	1	ENV_Temperature	0.792523	0.152910	-0.639613	0.000999	3.000000	1.000000	0	0	1	1.000000	0.000000	0.000000
ASV_262_16S_022_3	ASV_819_16S_022_3	1	ENV_Temperature	0.905378	0.183344	-0.722034	0.000999	3.000000	1.000000	0	0	1	1.000000	0.000000	0.000000
ASV_644_16S_022_3	ASV_829_16S_022_3	1	ENV_Temperature	0.519532	0.000000	-0.519532	1.000000	3.000000	1.000000	0	0	1	1.000000	0.000000	0.000000
ASV_710_16S_022_3	ASV_829_16S_022_3	1	ENV_Temperature	0.519532	0.000000	-0.519532	1.000000	3.000000	1.000000	0	0	1	1.000000	0.000000	0.000000
ASV_262_16S_022_3	ASV_831_16S_022_3	1	ENV_Temperature	0.869418	0.130960	-0.738458	0.000999	3.000000	1.000000	0	0	1	1.000000	0.000000	0.000000
ASV_751_16S_022_3	ASV_831_16S_022_3	1	ENV_Temperature	0.938454	0.091551	-0.846903	0.000999	3.000000	1.000000	0	0	1	1.000000	0.000000	0.000000
ASV_370_16S_022_3	ASV_833_16S_022_3	1	ENV_Temperature	0.555706	0.000000	-0.555706	1.000000	3.000000	1.000000	0	0	1	1.000000	0.000000	0.000000
ASV_563_16S_022_3	ASV_833_16S_022_3	1	ENV_Temperature	0.587573	0.000000	-0.587573	1.000000	3.000000	1.000000	0	0	1	1.000000	0.000000	0.000000
ASV_406_16S_022_3	ASV_842_16S_022_3	1	ENV_Temperature	0.753431	0.063512	-0.689919	0.000999	3.000000	1.000000	0	0	1	1.000000	0.000000	0.000000
ASV_779_16S_022_3	ASV_847_16S_022_3	1	ENV_Temperature	0.978681	0.151997	-0.826683	0.000999	3.000000	1.000000	0	0	1	1.000000	0.000000	0.000000
ASV_704_16S_022_3	ASV_851_16S_022_3	1	ENV_Temperature	0.439351	0.052198	-0.387152	0.429570	3.000000	1.000000	0	0	1	1.000000	0.000000	0.000000
ASV_564_16S_022_3	ASV_853_16S_022_3	1	ENV_Temperature	0.775481	0.000000	-0.775481	0.856144	3.000000	1.000000	0	0	1	1.000000	0.000000	0.000000
ASV_722_16S_022_3	ASV_853_16S_022_3	1	ENV_Temperature	0.788351	0.016894	-0.771457	0.000999	3.000000	1.000000	0	0	1	1.000000	0.000000	0.000000
ASV_192_16S_022_3	ASV_859_16S_022_3	1	ENV_Temperature	0.650066	0.065886	-0.584180	0.000999	3.000000	1.000000	0	0	1	1.000000	0.000000	0.000000
ASV_566_16S_022_3	ASV_859_16S_022_3	1	ENV_Temperature	0.864827	0.070608	-0.794219	0.571429	3.000000	1.000000	0	0	1	1.000000	0.000000	0.000000
ASV_68_16S_022_3	ASV_862_16S_022_3	1	ENV_Temperature	0.868457	0.203381	-0.665076	0.215784	3.000000	1.000000	0	0	1	1.000000	0.000000	0.000000
ASV_160_16S_022_3	ASV_862_16S_022_3	1	ENV_Temperature	0.924344	0.389553	-0.534792	0.142857	3.000000	1.000000	0	0	1	1.000000	0.000000	0.000000
ASV_234_16S_022_3	ASV_862_16S_022_3	1	ENV_Temperature	0.578438	0.096498	-0.481940	0.000999	3.000000	1.000000	0	0	1	1.000000	0.000000	0.000000
ASV_384_16S_022_3	ASV_862_16S_022_3	1	ENV_Temperature	0.589045	0.197631	-0.391413	0.000999	3.000000	1.000000	0	0	1	1.000000	0.000000	0.000000
ASV_387_16S_022_3	ASV_862_16S_022_3	1	ENV_Temperature	0.949777	0.258454	-0.691323	0.143856	3.000000	1.000000	0	0	1	1.000000	0.000000	0.000000
ASV_718_16S_022_3	ASV_863_16S_022_3	1	ENV_Temperature	0.847401	0.091551	-0.755850	0.215784	3.000000	1.000000	0	0	1	1.000000	0.000000	0.000000
ASV_803_16S_022_3	ASV_863_16S_022_3	1	ENV_Temperature	0.847401	0.110146	-0.737255	0.000999	3.000000	1.000000	0	0	1	1.000000	0.000000	0.000000
ASV_311_16S_022_3	ASV_865_16S_022_3	1	ENV_Temperature	0.515735	0.046488	-0.469247	0.000999	3.000000	1.000000	0	0	1	1.000000	0.000000	0.000000
ASV_475_16S_022_3	ASV_865_16S_022_3	1	ENV_Temperature	0.342608	-0.013170	-0.355778	0.071928	3.000000	1.000000	0	0	1	1.000000	0.000000	0.000000
ASV_80_16S_022_3	ASV_871_16S_022_3	1	ENV_Temperature	0.834919	0.277731	-0.557188	0.000999	3.000000	1.000000	0	0	1	1.000000	0.000000	0.000000
ASV_103_16S_022_3	ASV_871_16S_022_3	1	ENV_Temperature	0.634648	0.071968	-0.562680	0.000999	3.000000	1.000000	0	0	1	1.000000	0.000000	0.000000
ASV_121_16S_022_3	ASV_871_16S_022_3	1	ENV_Temperature	0.748173	0.308461	-0.439712	0.143856	3.000000	1.000000	0	0	1	1.000000	0.000000	0.000000
ASV_387_16S_022_3	ASV_871_16S_022_3	1	ENV_Temperature	0.999816	0.263055	-0.736761	0.143856	3.000000	1.000000	0	0	1	1.000000	0.000000	0.000000
ASV_361_16S_022_3	ASV_878_16S_022_3	1	ENV_Temperature	0.926966	0.000000	-0.926966	0.142857	3.000000	1.000000	0	0	1	1.000000	0.000000	0.000000
ASV_652_16S_022_3	ASV_878_16S_022_3	1	ENV_Temperature	0.691824	0.000000	-0.691824	0.786214	3.000000	1.000000	0	0	1	1.000000	0.000000	0.000000
ASV_675_16S_022_3	ASV_878_16S_022_3	1	ENV_Temperature	0.891005	0.129259	-0.761746	0.071928	3.000000	1.000000	0	0	1	1.000000	0.000000	0.000000
ASV_687_16S_022_3	ASV_878_16S_022_3	1	ENV_Temperature	0.368728	0.042616	-0.326112	0.000999	3.000000	1.000000	0	0	1	1.000000	0.000000	0.000000
ASV_522_16S_022_3	ASV_886_16S_022_3	1	ENV_Temperature	0.707191	0.418412	-0.288779	0.286713	3.000000	1.000000	0	0	1	1.000000	0.000000	0.000000
ASV_476_16S_022_3	ASV_889_16S_022_3	1	ENV_Temperature	0.601329	0.014020	-0.587310	0.358641	3.000000	1.000000	0	0	1	1.000000	0.000000	0.000000
ASV_98_16S_022_3	ASV_893_16S_022_3	1	ENV_Temperature	0.884168	0.137854	-0.746314	0.429570	3.000000	1.000000	0	0	1	1.000000	0.000000	0.000000
ASV_717_16S_022_3	ASV_893_16S_022_3	1	ENV_Temperature	0.847241	0.299154	-0.548088	0.714286	3.000000	1.000000	0	0	1	1.000000	0.000000	0.000000
ASV_13_16S_022_3	ASV_890_16S_022_3	1	ENV_Temperature	0.500580	0.127190	-0.373390	0.428571	3.000000	1.000000	0	0	1	1.000000	0.000000	0.000000
ASV_318_16S_022_3	ASV_890_16S_022_3	1	ENV_Temperature	0.519965	0.458743	-0.061221	0.571429	3.000000	1.000000	0	0	1	1.000000	0.000000	0.000000
ASV_362_16S_022_3	ASV_890_16S_022_3	1	ENV_Temperature	0.688025	0.375843	-0.312181	0.499500	3.000000	1.000000	0	0	1	1.000000	0.000000	0.000000
ASV_134_16S_022_3	ASV_899_16S_022_3	1	ENV_Temperature	0.567616	0.055073	-0.512543	0.000999	3.000000	1.000000	0	0	1	1.000000	0.000000	0.000000
ASV_310_16S_022_3	ASV_900_16S_022_3	1	ENV_Temperature	0.587290	0.000000	-0.587290	0.928072	3.000000	1.000000	0	0	1	1.000000	0.000000	0.000000
ASV_863_16S_022_3	ASV_900_16S_022_3	1	ENV_Temperature	0.785263	0.000000	-0.785263	0.928072	3.000000	1.000000	0	0	1	1.000000	0.000000	0.000000
ASV_827_16S_022_3	ASV_910_16S_022_3	1	ENV_Temperature	0.473520	0.000000	-0.473520	0.713287	3.000000	1.000000	0	0	1	1.000000	0.000000	0.000000
ASV_103_16S_022_3	ASV_917_16S_022_3	1	ENV_Temperature	0.661926	0.009298	-0.652628	0.000999	3.000000	1.000000	0	0	1	1.000000	0.000000	0.000000
ASV_428_16S_022_3	ASV_917_16S_022_3	1	ENV_Temperature	0.668067	0.000000	-0.668067	0.928072	3.000000	1.000000	0	0	1	1.000000	0.000000	0.000000
ASV_631_16S_022_3	ASV_917_16S_022_3	1	ENV_Temperature	0.590174	0.000000	-0.590174	1.000000	3.000000	1.000000	0	0	1	1.000000	0.000000	0.000000
ASV_652_16S_022_3	ASV_917_16S_022_3	1	ENV_Temperature	0.746423	0.000000	-0.746423	0.928072	3.000000	1.000000	0	0	1	1.000000	0.000000	0.000000
ASV_36_16S_022_3	ASV_918_16S_022_3	1	ENV_Temperature	0.512490	0.567079	0.054589	nan	3.000000	1.000000	0	0	1	1.000000	0.000000	0.000000
ASV_473_16S_022_3	ASV_918_16S_022_3	1	ENV_Temperature	0.401804	0.205062	-0.196742	0.215784	3.000000	1.000000	0	0	1	1.000000	0.000000	0.000000
ASV_893_16S_022_3	ASV_920_16S_022_3	1	ENV_Temperature	0.837088	0.235301	-0.601787	0.357642	3.000000	1.000000	0	0	1	1.000000	0.000000	0.000000
ASV_149_16S_022_3	ASV_924_16S_022_3	1	ENV_Temperature	0.809487	0.373672	-0.435815	0.571429	3.000000	1.000000	0	0	1	1.000000	0.000000	0.000000
ASV_833_16S_022_3	ASV_930_16S_022_3	1	ENV_Temperature	0.746418	0.000000	-0.746418	1.000000	3.000000	1.000000	0	0	1	1.000000	0.000000	0.000000
ASV_316_16S_022_3	ASV_931_16S_022_3	1	ENV_Temperature	0.878985	0.042616	-0.836370	0.000999	3.000000	1.000000	0	0	1	1.000000	0.000000	0.000000
ASV_531_16S_022_3	ASV_931_16S_022_3	1	ENV_Temperature	0.774735	0.067578	-0.707157	0.000999	3.000000	1.000000	0	0	1	1.000000	0.000000	0.000000
ASV_831_16S_022_3	ASV_931_16S_022_3	1	ENV_Temperature	0.707405	0.067578	-0.639827	0.000999	3.000000	1.000000	0	0	1	1.000000	0.000000	0.000000
ASV_130_16S_022_3	ASV_932_16S_022_3	1	ENV_Temperature	0.462246	0.076358	-0.385889	0.215784	3.000000	1.000000	0	0	1	1.000000	0.000000	0.000000
ASV_321_16S_022_3	ASV_933_16S_022_3	1	ENV_Temperature	0.449879	-0.024491	-0.474370	0.215784	3.000000	1.000000	0	0	1	1.000000	0.000000	0.000000
ASV_648_16S_022_3	ASV_933_16S_022_3	1	ENV_Temperature	0.483572	0.000000	-0.483572	0.500500	3.000000	1.000000	0	0	1	1.000000	0.000000	0.000000
ASV_688_16S_022_3	ASV_933_16S_022_3	1	ENV_Temperature	0.656242	0.134120	-0.522122	0.644356	3.000000	1.000000	0	0	1	1.000000	0.000000	0.000000
ASV_345_16S_022_3	ASV_938_16S_022_3	1	ENV_Temperature	0.564558	0.389531	-0.175027	0.071928	3.000000	1.000000	0	0	1	1.000000	0.000000	0.000000
ASV_224_16S_022_3	ASV_943_16S_022_3	1	ENV_Temperature	0.801301	0.083954	-0.717347	0.000999	3.000000	1.000000	0	0	1	1.000000	0.000000	0.000000
ASV_427_16S_022_3	ASV_943_16S_022_3	1	ENV_Temperature	0.863156	0.000000	-0.863156	0.929071	3.000000	1.000000	0	0	1	1.000000	0.000000	0.000000
ASV_926_16S_022_3	ASV_943_16S_022_3	1	ENV_Temperature	1.094205	0.134120	-0.960085	0.000999	3.000000	1.000000	0	0	1	1.000000	0.000000	0.000000
ASV_397_16S_022_3	ASV_942_16S_022_3	1	ENV_Temperature	0.502966	0.245452	-0.257514	0.286713	3.000000	1.000000	0	0	1	1.000000	0.000000	0.000000
ASV_53_16S_022_3	ASV_947_16S_022_3	1	ENV_Temperature	0.851415	0.295291	-0.556124	0.000999	3.000000	1.000000	0	0	1	1.000000	0.000000	0.000000
ASV_265_16S_022_3	ASV_947_16S_022_3	1	ENV_Temperature	0.828404	0.185477	-0.642928	0.000999	3.000000	1.000000	0	0	1	1.000000	0.000000	0.000000
ASV_850_16S_022_3	ASV_947_16S_022_3	1	ENV_Temperature	0.855045	0.322803	-0.532242	0.357642	3.000000	1.000000	0	0	1	1.000000	0.000000	0.000000
ASV_786_16S_022_3	ASV_951_16S_022_3	1	ENV_Temperature	0.792907	0.110146	-0.682760	0.000999	3.000000	1.000000	0	0	1	1.000000	0.000000	0.000000
ASV_751_16S_022_3	ASV_955_16S_022_3	1	ENV_Temperature	1.056863	0.134120	-0.922743	0.000999	3.000000	1.000000	0	0	1	1.000000	0.000000	0.000000
ASV_94_16S_022_3	ASV_957_16S_022_3	1	ENV_Temperature	0.701516	0.191560	-0.509956	0.000999	3.000000	1.000000	0	0	1	1.000000	0.000000	0.000000
ASV_481_16S_022_3	ASV_957_16S_022_3	1	ENV_Temperature	0.719688	0.000000	-0.719688	1.000000	3.000000	1.000000	0	0	1	1.000000	0.000000	0.000000
ASV_831_16S_022_3	ASV_957_16S_022_3	1	ENV_Temperature	0.832328	0.106422	-0.725906	0.000999	3.000000	1.000000	0	0	1	1.000000	0.000000	0.000000
ASV_709_16S_022_3	ASV_958_16S_022_3	1	ENV_Temperature	0.625005	0.000000	-0.625005	1.000000	3.000000	1.000000	0	0	1	1.000000	0.000000	0.000000
ASV_671_16S_022_3	ASV_962_16S_022_3	1	ENV_Temperature	0.439968	0.000000	-0.439968	1.000000	3.000000	1.000000	0	0	1	1.000000	0.000000	0.000000
ASV_958_16S_022_3	ASV_967_16S_022_3	1	ENV_Temperature	0.541334	0.000000	-0.541334	1.000000	3.000000	1.000000	0	0	1	1.000000	0.000000	0.000000
ASV_680_16S_022_3	ASV_969_16S_022_3	1	ENV_Temperature	0.625005	0.083954	-0.541051	0.572428	3.000000	1.000000	0	0	1	1.000000	0.000000	0.000000
ASV_556_16S_022_3	ASV_971_16S_022_3	1	ENV_Temperature	0.553503	1.000623	0.447120	nan	3.000000	1.000000	0	0	1	1.000000	0.000000	0.000000
ASV_842_16S_022_3	ASV_971_16S_022_3	1	ENV_Temperature	0.686985	0.100849	-0.586136	0.357642	3.000000	1.000000	0	0	1	1.000000	0.000000	0.000000
ASV_878_16S_022_3	ASV_978_16S_022_3	1	ENV_Temperature	0.669738	0.000000	-0.669738	0.858142	3.000000	1.000000	0	0	1	1.000000	0.000000	0.000000
ASV_564_16S_022_3	ASV_979_16S_022_3	1	ENV_Temperature	0.869203	0.000000	-0.869203	1.000000	3.000000	1.000000	0	0	1	1.000000	0.000000	0.000000
ASV_519_16S_022_3	ASV_985_16S_022_3	1	ENV_Temperature	0.722945	0.050683	-0.672262	0.000999	3.000000	1.000000	0	0	1	1.000000	0.000000	0.000000
ASV_240_16S_022_3	ASV_987_16S_022_3	1	ENV_Temperature	0.623912	0.000000	-0.623912	0.929071	3.000000	1.000000	0	0	1	1.000000	0.000000	0.000000
ASV_732_16S_022_3	ASV_987_16S_022_3	1	ENV_Temperature	0.692202	0.000000	-0.692202	1.000000	3.000000	1.000000	0	0	1	1.000000	0.000000	0.000000
ASV_240_16S_022_3	ASV_996_16S_022_3	1	ENV_Temperature	1.000483	0.083954	-0.916528	0.000999	3.000000	1.000000	0	0	1	1.000000	0.000000	0.000000
ASV_955_16S_022_3	ASV_997_16S_022_3	1	ENV_Temperature	0.955496	0.201180	-0.754317	0.000999	3.000000	1.000000	0	0	1	1.000000	0.000000	0.000000
ASV_99_16S_022_3	ASV_1002_16S_022_3	1	ENV_Temperature	0.756140	0.554741	-0.201399	0.358641	3.000000	1.000000	0	0	1	1.000000	0.000000	0.000000
ASV_316_16S_022_3	ASV_1002_16S_022_3	1	ENV_Temperature	0.759024	0.156439	-0.602585	0.214785	3.000000	1.000000	0	0	1	1.000000	0.000000	0.000000
ASV_517_16S_022_3	ASV_1002_16S_022_3	1	ENV_Temperature	0.988741	0.251677	-0.737064	0.214785	3.000000	1.000000	0	0	1	1.000000	0.000000	0.000000
ASV_440_16S_022_3	ASV_1012_16S_022_3	1	ENV_Temperature	0.431200	-0.110302	-0.541502	0.142857	3.000000	1.000000	0	0	1	1.000000	0.000000	0.000000
ASV_488_16S_022_3	ASV_1012_16S_022_3	1	ENV_Temperature	0.757523	0.245116	-0.512408	0.143856	3.000000	1.000000	0	0	1	1.000000	0.000000	0.000000
ASV_513_16S_022_3	ASV_1012_16S_022_3	1	ENV_Temperature	0.786755	0.830880	0.044125	nan	3.000000	1.000000	0	0	1	1.000000	0.000000	0.000000
ASV_680_16S_022_3	ASV_1012_16S_022_3	1	ENV_Temperature	0.587951	0.045776	-0.542176	0.429570	3.000000	1.000000	0	0	1	1.000000	0.000000	0.000000
ASV_267_16S_022_3	ASV_1021_16S_022_3	1	ENV_Temperature	0.661339	0.000000	-0.661339	0.142857	3.000000	1.000000	0	0	1	1.000000	0.000000	0.000000
ASV_328_16S_022_3	ASV_1034_16S_022_3	1	ENV_Temperature	0.444110	0.446768	0.002657	nan	3.000000	1.000000	0	0	1	1.000000	0.000000	0.000000
ASV_829_16S_022_3	ASV_1036_16S_022_3	1	ENV_Temperature	0.519532	-0.081080	-0.600612	0.142857	3.000000	1.000000	0	0	1	1.000000	0.000000	0.000000
ASV_347_16S_022_3	ASV_1037_16S_022_3	1	ENV_Temperature	0.825814	0.055073	-0.770740	0.000999	3.000000	1.000000	0	0	1	1.000000	0.000000	0.000000
ASV_477_16S_022_3	ASV_1037_16S_022_3	1	ENV_Temperature	1.071021	0.067060	-1.003961	0.072927	3.000000	1.000000	0	0	1	1.000000	0.000000	0.000000
ASV_462_16S_022_3	ASV_1042_16S_022_3	1	ENV_Temperature	0.674115	0.009298	-0.664817	0.000999	3.000000	1.000000	0	0	1	1.000000	0.000000	0.000000
ASV_949_16S_022_3	ASV_1043_16S_022_3	1	ENV_Temperature	0.569034	0.000000	-0.569034	1.000000	3.000000	1.000000	0	0	1	1.000000	0.000000	0.000000
ASV_725_16S_022_3	ASV_1044_16S_022_3	1	ENV_Temperature	0.645052	0.258942	-0.386110	0.858142	3.000000	1.000000	0	0	1	1.000000	0.000000	0.000000
ASV_730_16S_022_3	ASV_1044_16S_022_3	1	ENV_Temperature	0.802510	0.076358	-0.726152	0.000999	3.000000	1.000000	0	0	1	1.000000	0.000000	0.000000
ASV_550_16S_022_3	ASV_1047_16S_022_3	1	ENV_Temperature	0.425809	0.055073	-0.370736	0.143856	3.000000	1.000000	0	0	1	1.000000	0.000000	0.000000
ASV_827_16S_022_3	ASV_1047_16S_022_3	1	ENV_Temperature	0.438177	0.000000	-0.438177	0.857143	3.000000	1.000000	0	0	1	1.000000	0.000000	0.000000
ASV_997_16S_022_3	ASV_1049_16S_022_3	1	ENV_Temperature	0.558590	0.000000	-0.558590	1.000000	3.000000	1.000000	0	0	1	1.000000	0.000000	0.000000
ASV_351_16S_022_3	ASV_1054_16S_022_3	1	ENV_Temperature	0.425029	0.000000	-0.425029	0.858142	3.000000	1.000000	0	0	1	1.000000	0.000000	0.000000
ASV_407_16S_022_3	ASV_1054_16S_022_3	1	ENV_Temperature	0.504095	0.000000	-0.504095	1.000000	3.000000	1.000000	0	0	1	1.000000	0.000000	0.000000
ASV_484_16S_022_3	ASV_1054_16S_022_3	1	ENV_Temperature	0.344967	0.000000	-0.344967	1.000000	3.000000	1.000000	0	0	1	1.000000	0.000000	0.000000
ASV_260_16S_022_3	ASV_1057_16S_022_3	1	ENV_Temperature	0.819085	0.067060	-0.752025	0.357642	3.000000	1.000000	0	0	1	1.000000	0.000000	0.000000
ASV_564_16S_022_3	ASV_1061_16S_022_3	1	ENV_Temperature	0.833243	0.000000	-0.833243	0.857143	3.000000	1.000000	0	0	1	1.000000	0.000000	0.000000
ASV_703_16S_022_3	ASV_1061_16S_022_3	1	ENV_Temperature	0.716217	0.000000	-0.716217	0.500500	3.000000	1.000000	0	0	1	1.000000	0.000000	0.000000
ASV_979_16S_022_3	ASV_1061_16S_022_3	1	ENV_Temperature	0.869203	0.000000	-0.869203	0.857143	3.000000	1.000000	0	0	1	1.000000	0.000000	0.000000
ASV_996_16S_022_3	ASV_1061_16S_022_3	1	ENV_Temperature	0.753679	0.000000	-0.753679	0.572428	3.000000	1.000000	0	0	1	1.000000	0.000000	0.000000
ASV_91_16S_022_3	ASV_1065_16S_022_3	1	ENV_Temperature	0.612638	2.392382	1.779744	nan	3.000000	1.000000	0	0	1	1.000000	0.000000	0.000000
ASV_635_16S_022_3	ASV_1065_16S_022_3	1	ENV_Temperature	0.508387	0.070333	-0.438054	0.857143	3.000000	1.000000	0	0	1	1.000000	0.000000	0.000000
ASV_1054_16S_022_3	ASV_1071_16S_022_3	1	ENV_Temperature	0.425809	0.000000	-0.425809	1.000000	3.000000	1.000000	0	0	1	1.000000	0.000000	0.000000
ASV_988_16S_022_3	ASV_1087_16S_022_3	1	ENV_Temperature	0.464086	0.000000	-0.464086	1.000000	3.000000	1.000000	0	0	1	1.000000	0.000000	0.000000
ASV_274_16S_022_3	ASV_1092_16S_022_3	1	ENV_Temperature	0.591666	0.948632	0.356966	nan	3.000000	1.000000	0	0	1	1.000000	0.000000	0.000000
ASV_437_16S_022_3	ASV_1092_16S_022_3	1	ENV_Temperature	0.623534	0.881231	0.257697	nan	3.000000	1.000000	0	0	1	1.000000	0.000000	0.000000
ASV_486_16S_022_3	ASV_1094_16S_022_3	1	ENV_Temperature	0.632431	0.026192	-0.606239	0.215784	3.000000	1.000000	0	0	1	1.000000	0.000000	0.000000
ASV_335_16S_022_3	ASV_1097_16S_022_3	1	ENV_Temperature	0.849540	0.313027	-0.536513	0.000999	3.000000	1.000000	0	0	1	1.000000	0.000000	0.000000
ASV_605_16S_022_3	ASV_1097_16S_022_3	1	ENV_Temperature	0.659210	0.466777	-0.192433	0.357642	3.000000	1.000000	0	0	1	1.000000	0.000000	0.000000
ASV_736_16S_022_3	ASV_1105_16S_022_3	1	ENV_Temperature	1.042704	0.165219	-0.877485	0.000999	3.000000	1.000000	0	0	1	1.000000	0.000000	0.000000
ASV_749_16S_022_3	ASV_1105_16S_022_3	1	ENV_Temperature	1.078665	0.165219	-0.913445	0.000999	3.000000	1.000000	0	0	1	1.000000	0.000000	0.000000
ASV_599_16S_022_3	ASV_1108_16S_022_3	1	ENV_Temperature	0.691540	0.038179	-0.653362	0.000999	3.000000	1.000000	0	0	1	1.000000	0.000000	0.000000
ASV_978_16S_022_3	ASV_1108_16S_022_3	1	ENV_Temperature	0.785263	0.000000	-0.785263	0.929071	3.000000	1.000000	0	0	1	1.000000	0.000000	0.000000
ASV_406_16S_022_3	ASV_1107_16S_022_3	1	ENV_Temperature	0.685777	0.059307	-0.626469	0.000999	3.000000	1.000000	0	0	1	1.000000	0.000000	0.000000
ASV_931_16S_022_3	ASV_1107_16S_022_3	1	ENV_Temperature	0.733473	0.104768	-0.628705	0.000999	3.000000	1.000000	0	0	1	1.000000	0.000000	0.000000
ASV_42_16S_022_3	ASV_1110_16S_022_3	1	ENV_Temperature	0.298534	0.000000	-0.298534	1.000000	3.000000	1.000000	0	0	1	1.000000	0.000000	0.000000
ASV_1062_16S_022_3	ASV_1110_16S_022_3	1	ENV_Temperature	0.461770	0.000000	-0.461770	1.000000	3.000000	1.000000	0	0	1	1.000000	0.000000	0.000000
ASV_671_16S_022_3	ASV_1115_16S_022_3	1	ENV_Temperature	0.603203	0.000000	-0.603203	1.000000	3.000000	1.000000	0	0	1	1.000000	0.000000	0.000000
ASV_932_16S_022_3	ASV_1115_16S_022_3	1	ENV_Temperature	0.500046	0.055073	-0.444973	0.286713	3.000000	1.000000	0	0	1	1.000000	0.000000	0.000000
ASV_962_16S_022_3	ASV_1115_16S_022_3	1	ENV_Temperature	0.497730	0.000000	-0.497730	1.000000	3.000000	1.000000	0	0	1	1.000000	0.000000	0.000000
ASV_803_16S_022_3	ASV_1117_16S_022_3	1	ENV_Temperature	0.884958	0.009298	-0.875661	0.000999	3.000000	1.000000	0	0	1	1.000000	0.000000	0.000000
ASV_262_16S_022_3	ASV_1125_16S_022_3	1	ENV_Temperature	0.497113	0.052384	-0.444729	0.000999	3.000000	1.000000	0	0	1	1.000000	0.000000	0.000000
ASV_333_16S_022_3	ASV_1127_16S_022_3	1	ENV_Temperature	0.519532	0.083954	-0.435578	0.143856	3.000000	1.000000	0	0	1	1.000000	0.000000	0.000000
ASV_874_16S_022_3	ASV_1145_16S_022_3	1	ENV_Temperature	0.502498	0.083954	-0.418544	0.643357	3.000000	1.000000	0	0	1	1.000000	0.000000	0.000000
ASV_621_16S_022_3	ASV_1144_16S_022_3	1	ENV_Temperature	0.521848	0.000000	-0.521848	0.713287	3.000000	1.000000	0	0	1	1.000000	0.000000	0.000000
ASV_213_16S_022_3	ASV_1147_16S_022_3	1	ENV_Temperature	0.461770	0.000000	-0.461770	1.000000	3.000000	1.000000	0	0	1	1.000000	0.000000	0.000000
ASV_566_16S_022_3	ASV_1147_16S_022_3	1	ENV_Temperature	0.567243	0.023317	-0.543925	0.286713	3.000000	1.000000	0	0	1	1.000000	0.000000	0.000000
ASV_530_16S_022_3	ASV_1149_16S_022_3	1	ENV_Temperature	0.336811	0.126523	-0.210287	0.787213	3.000000	1.000000	0	0	1	1.000000	0.000000	0.000000
ASV_304_16S_022_3	ASV_1153_16S_022_3	1	ENV_Temperature	0.875216	0.134499	-0.740717	0.000999	3.000000	1.000000	0	0	1	1.000000	0.000000	0.000000
ASV_574_16S_022_3	ASV_1153_16S_022_3	1	ENV_Temperature	0.788470	0.431815	-0.356655	0.572428	3.000000	1.000000	0	0	1	1.000000	0.000000	0.000000
ASV_605_16S_022_3	ASV_1153_16S_022_3	1	ENV_Temperature	0.586946	0.153314	-0.433632	0.071928	3.000000	1.000000	0	0	1	1.000000	0.000000	0.000000
ASV_666_16S_022_3	ASV_1153_16S_022_3	1	ENV_Temperature	0.436251	0.344605	-0.091646	0.500500	3.000000	1.000000	0	0	1	1.000000	0.000000	0.000000
ASV_294_16S_022_3	ASV_1155_16S_022_3	1	ENV_Temperature	0.769434	0.078576	-0.690858	0.000999	3.000000	1.000000	0	0	1	1.000000	0.000000	0.000000
ASV_406_16S_022_3	ASV_1155_16S_022_3	1	ENV_Temperature	0.520557	0.059446	-0.461111	0.000999	3.000000	1.000000	0	0	1	1.000000	0.000000	0.000000
ASV_497_16S_022_3	ASV_1155_16S_022_3	1	ENV_Temperature	0.827196	0.152715	-0.674481	0.000999	3.000000	1.000000	0	0	1	1.000000	0.000000	0.000000
ASV_389_16S_022_3	ASV_1154_16S_022_3	1	ENV_Temperature	0.604332	0.085138	-0.519195	0.000999	3.000000	1.000000	0	0	1	1.000000	0.000000	0.000000
ASV_421_16S_022_3	ASV_1154_16S_022_3	1	ENV_Temperature	0.712959	0.095894	-0.617065	0.000999	3.000000	1.000000	0	0	1	1.000000	0.000000	0.000000
ASV_931_16S_022_3	ASV_1154_16S_022_3	1	ENV_Temperature	0.853632	0.110044	-0.743588	0.000999	3.000000	1.000000	0	0	1	1.000000	0.000000	0.000000
ASV_490_16S_022_3	ASV_1158_16S_022_3	1	ENV_Temperature	0.763461	0.042616	-0.720845	0.000999	3.000000	1.000000	0	0	1	1.000000	0.000000	0.000000
ASV_214_16S_022_3	ASV_1164_16S_022_3	1	ENV_Temperature	0.290666	0.047947	-0.242719	0.000999	2.000000	1.000000	0	1	0	1.000000	0.000000	0.000000
ASV_299_16S_022_3	ASV_1164_16S_022_3	1	ENV_Temperature	0.915692	0.057762	-0.857929	0.000999	3.000000	1.000000	0	0	1	1.000000	0.000000	0.000000
ASV_715_16S_022_3	ASV_1164_16S_022_3	1	ENV_Temperature	0.927926	0.073473	-0.854453	0.000999	3.000000	1.000000	0	0	1	1.000000	0.000000	0.000000
ASV_928_16S_022_3	ASV_1171_16S_022_3	1	ENV_Temperature	0.785263	0.067060	-0.718203	0.000999	3.000000	1.000000	0	0	1	1.000000	0.000000	0.000000
ASV_1146_16S_022_3	ASV_1171_16S_022_3	1	ENV_Temperature	0.883362	0.100331	-0.783031	0.000999	3.000000	1.000000	0	0	1	1.000000	0.000000	0.000000
ASV_853_16S_022_3	ASV_1173_16S_022_3	1	ENV_Temperature	0.756946	0.000000	-0.756946	0.569431	3.000000	1.000000	0	0	1	1.000000	0.000000	0.000000
ASV_455_16S_022_3	ASV_1186_16S_022_3	1	ENV_Temperature	0.912061	0.000000	-0.912061	0.857143	3.000000	1.000000	0	0	1	1.000000	0.000000	0.000000
ASV_758_16S_022_3	ASV_1186_16S_022_3	1	ENV_Temperature	0.587713	0.000000	-0.587713	0.715285	3.000000	1.000000	0	0	1	1.000000	0.000000	0.000000
ASV_636_16S_022_3	ASV_1194_16S_022_3	1	ENV_Temperature	0.401227	0.032605	-0.368622	0.000999	3.000000	1.000000	0	0	1	1.000000	0.000000	0.000000
ASV_776_16S_022_3	ASV_1194_16S_022_3	1	ENV_Temperature	0.511271	0.011331	-0.499941	0.357642	3.000000	1.000000	0	0	1	1.000000	0.000000	0.000000
ASV_165_16S_022_3	ASV_1203_16S_022_3	1	ENV_Temperature	0.541334	0.000000	-0.541334	1.000000	3.000000	1.000000	0	0	1	1.000000	0.000000	0.000000
ASV_644_16S_022_3	ASV_1203_16S_022_3	1	ENV_Temperature	0.625005	0.000000	-0.625005	0.928072	3.000000	1.000000	0	0	1	1.000000	0.000000	0.000000
ASV_833_16S_022_3	ASV_1203_16S_022_3	1	ENV_Temperature	0.587951	0.000000	-0.587951	0.928072	3.000000	1.000000	0	0	1	1.000000	0.000000	0.000000
ASV_424_16S_022_3	ASV_1205_16S_022_3	1	ENV_Temperature	0.764953	0.112835	-0.652117	0.000999	3.000000	1.000000	0	0	1	1.000000	0.000000	0.000000
ASV_744_16S_022_3	ASV_1210_16S_022_3	1	ENV_Temperature	0.567243	0.000000	-0.567243	1.000000	3.000000	1.000000	0	0	1	1.000000	0.000000	0.000000
ASV_268_16S_022_3	ASV_1212_16S_022_3	1	ENV_Temperature	0.633778	1.379863	0.746085	nan	3.000000	1.000000	0	0	1	1.000000	0.000000	0.000000
ASV_824_16S_022_3	ASV_1215_16S_022_3	1	ENV_Temperature	0.646807	-0.011987	-0.658794	0.499500	3.000000	1.000000	0	0	1	1.000000	0.000000	0.000000
ASV_601_16S_022_3	ASV_1227_16S_022_3	1	ENV_Temperature	0.284107	0.038179	-0.245928	0.143856	3.000000	1.000000	0	0	1	1.000000	0.000000	0.000000
ASV_636_16S_022_3	ASV_1227_16S_022_3	1	ENV_Temperature	0.489191	0.115525	-0.373666	0.000999	3.000000	1.000000	0	0	1	1.000000	0.000000	0.000000
ASV_461_16S_022_3	ASV_1229_16S_022_3	1	ENV_Temperature	0.721737	0.059446	-0.662291	0.000999	3.000000	1.000000	0	0	1	1.000000	0.000000	0.000000
ASV_497_16S_022_3	ASV_1229_16S_022_3	1	ENV_Temperature	0.733473	0.078576	-0.654897	0.000999	3.000000	1.000000	0	0	1	1.000000	0.000000	0.000000
ASV_819_16S_022_3	ASV_1229_16S_022_3	1	ENV_Temperature	0.710463	0.120796	-0.589667	0.000999	3.000000	1.000000	0	0	1	1.000000	0.000000	0.000000
ASV_519_16S_022_3	ASV_1233_16S_022_3	1	ENV_Temperature	0.849744	0.145911	-0.703832	0.000999	3.000000	1.000000	0	0	1	1.000000	0.000000	0.000000
ASV_522_16S_022_3	ASV_1233_16S_022_3	1	ENV_Temperature	0.756021	0.983595	0.227573	nan	3.000000	1.000000	0	0	1	1.000000	0.000000	0.000000
ASV_576_16S_022_3	ASV_1233_16S_022_3	1	ENV_Temperature	0.776227	1.118867	0.342640	nan	3.000000	1.000000	0	0	1	1.000000	0.000000	0.000000
ASV_736_16S_022_3	ASV_1233_16S_022_3	1	ENV_Temperature	0.708787	1.074321	0.365534	nan	3.000000	1.000000	0	0	1	1.000000	0.000000	0.000000
ASV_363_16S_022_3	ASV_1235_16S_022_3	1	ENV_Temperature	0.497730	0.000000	-0.497730	1.000000	3.000000	1.000000	0	0	1	1.000000	0.000000	0.000000
ASV_18_16S_022_3	ASV_1243_16S_022_3	1	ENV_Temperature	0.385771	0.083954	-0.301816	0.501499	3.000000	1.000000	0	0	1	1.000000	0.000000	0.000000
ASV_158_16S_022_3	ASV_1243_16S_022_3	1	ENV_Temperature	0.542557	0.083954	-0.458602	0.715285	3.000000	1.000000	0	0	1	1.000000	0.000000	0.000000
ASV_1110_16S_022_3	ASV_1244_16S_022_3	1	ENV_Temperature	0.356297	0.000000	-0.356297	1.000000	3.000000	1.000000	0	0	1	1.000000	0.000000	0.000000
ASV_136_16S_022_3	ASV_1250_16S_022_3	1	ENV_Temperature	0.548868	0.145165	-0.403703	0.215784	3.000000	1.000000	0	0	1	1.000000	0.000000	0.000000
ASV_679_16S_022_3	ASV_1250_16S_022_3	1	ENV_Temperature	0.872894	0.979205	0.106311	nan	3.000000	1.000000	0	0	1	1.000000	0.000000	0.000000
ASV_155_16S_022_3	ASV_1258_16S_022_3	1	ENV_Temperature	0.487679	0.000000	-0.487679	0.928072	3.000000	1.000000	0	0	1	1.000000	0.000000	0.000000
ASV_848_16S_022_3	ASV_1265_16S_022_3	1	ENV_Temperature	0.625005	0.000000	-0.625005	1.000000	3.000000	1.000000	0	0	1	1.000000	0.000000	0.000000
ASV_848_16S_022_3	ASV_1270_16S_022_3	1	ENV_Temperature	0.519532	0.000000	-0.519532	1.000000	3.000000	1.000000	0	0	1	1.000000	0.000000	0.000000
ASV_1265_16S_022_3	ASV_1270_16S_022_3	1	ENV_Temperature	0.483572	0.000000	-0.483572	1.000000	3.000000	1.000000	0	0	1	1.000000	0.000000	0.000000
ASV_413_16S_022_3	ASV_1269_16S_022_3	1	ENV_Temperature	0.566980	0.055073	-0.511907	0.000999	3.000000	1.000000	0	0	1	1.000000	0.000000	0.000000
ASV_920_16S_022_3	ASV_1269_16S_022_3	1	ENV_Temperature	0.732837	0.045776	-0.687062	0.000999	3.000000	1.000000	0	0	1	1.000000	0.000000	0.000000
ASV_1094_16S_022_3	ASV_1269_16S_022_3	1	ENV_Temperature	0.635907	0.112835	-0.523072	0.571429	3.000000	1.000000	0	0	1	1.000000	0.000000	0.000000
ASV_310_16S_022_3	ASV_1287_16S_022_3	1	ENV_Temperature	0.630894	-0.002689	-0.633583	0.071928	3.000000	1.000000	0	0	1	1.000000	0.000000	0.000000
ASV_951_16S_022_3	ASV_1287_16S_022_3	1	ENV_Temperature	0.658847	0.129259	-0.529588	0.000999	3.000000	1.000000	0	0	1	1.000000	0.000000	0.000000
ASV_1173_16S_022_3	ASV_1287_16S_022_3	1	ENV_Temperature	0.601085	0.000000	-0.601085	0.143856	3.000000	1.000000	0	0	1	1.000000	0.000000	0.000000
ASV_210_16S_022_3	ASV_1294_16S_022_3	1	ENV_Temperature	0.415758	0.110146	-0.305612	0.714286	3.000000	1.000000	0	0	1	1.000000	0.000000	0.000000
ASV_871_16S_022_3	ASV_1303_16S_022_3	1	ENV_Temperature	0.753723	0.266215	-0.487509	0.357642	3.000000	1.000000	0	0	1	1.000000	0.000000	0.000000
ASV_1250_16S_022_3	ASV_1303_16S_022_3	1	ENV_Temperature	0.874893	1.047780	0.172887	nan	3.000000	1.000000	0	0	1	1.000000	0.000000	0.000000
ASV_764_16S_022_3	ASV_1307_16S_022_3	1	ENV_Temperature	0.519532	0.972955	0.453423	nan	3.000000	1.000000	0	0	1	1.000000	0.000000	0.000000
ASV_1265_16S_022_3	ASV_1307_16S_022_3	1	ENV_Temperature	0.625005	0.000000	-0.625005	1.000000	3.000000	1.000000	0	0	1	1.000000	0.000000	0.000000
ASV_461_16S_022_3	ASV_1317_16S_022_3	1	ENV_Temperature	0.655864	0.327862	-0.328002	0.642358	3.000000	1.000000	0	0	1	1.000000	0.000000	0.000000
ASV_506_16S_022_3	ASV_1317_16S_022_3	1	ENV_Temperature	0.695917	0.213166	-0.482750	0.714286	3.000000	1.000000	0	0	1	1.000000	0.000000	0.000000
ASV_900_16S_022_3	ASV_1317_16S_022_3	1	ENV_Temperature	0.633778	0.000000	-0.633778	0.928072	3.000000	1.000000	0	0	1	1.000000	0.000000	0.000000
ASV_519_16S_022_3	ASV_1320_16S_022_3	1	ENV_Temperature	0.832328	0.130960	-0.701368	0.000999	3.000000	1.000000	0	0	1	1.000000	0.000000	0.000000
ASV_1215_16S_022_3	ASV_1320_16S_022_3	1	ENV_Temperature	0.445865	1.316364	0.870499	nan	3.000000	1.000000	0	0	1	1.000000	0.000000	0.000000
ASV_737_16S_022_3	ASV_1331_16S_022_3	1	ENV_Temperature	0.569034	0.000000	-0.569034	0.929071	3.000000	1.000000	0	0	1	1.000000	0.000000	0.000000
ASV_1289_16S_022_3	ASV_1331_16S_022_3	1	ENV_Temperature	0.591497	0.000000	-0.591497	1.000000	3.000000	1.000000	0	0	1	1.000000	0.000000	0.000000
ASV_31_16S_022_3	ASV_1332_16S_022_3	1	ENV_Temperature	0.554214	0.198823	-0.355391	0.500500	3.000000	1.000000	0	0	1	1.000000	0.000000	0.000000
ASV_413_16S_022_3	ASV_1332_16S_022_3	1	ENV_Temperature	0.513773	0.081265	-0.432508	0.429570	3.000000	1.000000	0	0	1	1.000000	0.000000	0.000000
ASV_697_16S_022_3	ASV_1332_16S_022_3	1	ENV_Temperature	0.552538	0.108973	-0.443566	0.429570	3.000000	1.000000	0	0	1	1.000000	0.000000	0.000000
ASV_1257_16S_022_3	ASV_1332_16S_022_3	1	ENV_Temperature	0.651204	0.344929	-0.306275	0.571429	3.000000	1.000000	0	0	1	1.000000	0.000000	0.000000
ASV_1322_16S_022_3	ASV_1332_16S_022_3	1	ENV_Temperature	0.682767	0.306750	-0.376017	0.500500	3.000000	1.000000	0	0	1	1.000000	0.000000	0.000000
ASV_648_16S_022_3	ASV_1335_16S_022_3	1	ENV_Temperature	0.356297	0.038179	-0.318118	0.000999	3.000000	1.000000	0	0	1	1.000000	0.000000	0.000000
ASV_829_16S_022_3	ASV_1335_16S_022_3	1	ENV_Temperature	0.414059	0.000000	-0.414059	1.000000	3.000000	1.000000	0	0	1	1.000000	0.000000	0.000000
ASV_590_16S_022_3	ASV_1344_16S_022_3	1	ENV_Temperature	0.528697	0.112835	-0.415862	0.358641	3.000000	1.000000	0	0	1	1.000000	0.000000	0.000000
ASV_1106_16S_022_3	ASV_1344_16S_022_3	1	ENV_Temperature	0.439968	0.000000	-0.439968	1.000000	3.000000	1.000000	0	0	1	1.000000	0.000000	0.000000
ASV_143_16S_022_3	ASV_1348_16S_022_3	1	ENV_Temperature	0.577294	0.000000	-0.577294	0.856144	3.000000	1.000000	0	0	1	1.000000	0.000000	0.000000
ASV_988_16S_022_3	ASV_1348_16S_022_3	1	ENV_Temperature	0.519532	0.000000	-0.519532	0.928072	3.000000	1.000000	0	0	1	1.000000	0.000000	0.000000
ASV_1028_16S_022_3	ASV_1348_16S_022_3	1	ENV_Temperature	0.599096	0.000000	-0.599096	0.856144	3.000000	1.000000	0	0	1	1.000000	0.000000	0.000000
ASV_1058_16S_022_3	ASV_1348_16S_022_3	1	ENV_Temperature	0.577294	0.000000	-0.577294	0.856144	3.000000	1.000000	0	0	1	1.000000	0.000000	0.000000
ASV_1136_16S_022_3	ASV_1348_16S_022_3	1	ENV_Temperature	0.483572	0.000000	-0.483572	0.856144	3.000000	1.000000	0	0	1	1.000000	0.000000	0.000000
ASV_413_16S_022_3	ASV_1353_16S_022_3	1	ENV_Temperature	0.702710	0.000000	-0.702710	0.928072	3.000000	1.000000	0	0	1	1.000000	0.000000	0.000000
ASV_863_16S_022_3	ASV_1353_16S_022_3	1	ENV_Temperature	0.669634	0.000000	-0.669634	1.000000	3.000000	1.000000	0	0	1	1.000000	0.000000	0.000000
ASV_920_16S_022_3	ASV_1353_16S_022_3	1	ENV_Temperature	0.682504	0.000000	-0.682504	1.000000	3.000000	1.000000	0	0	1	1.000000	0.000000	0.000000
ASV_376_16S_022_3	ASV_1362_16S_022_3	1	ENV_Temperature	0.497730	0.000000	-0.497730	1.000000	3.000000	1.000000	0	0	1	1.000000	0.000000	0.000000
ASV_709_16S_022_3	ASV_1362_16S_022_3	1	ENV_Temperature	0.603203	0.000000	-0.603203	1.000000	3.000000	1.000000	0	0	1	1.000000	0.000000	0.000000
ASV_872_16S_022_3	ASV_1362_16S_022_3	1	ENV_Temperature	0.497730	0.000000	-0.497730	1.000000	3.000000	1.000000	0	0	1	1.000000	0.000000	0.000000
ASV_967_16S_022_3	ASV_1362_16S_022_3	1	ENV_Temperature	0.519532	0.000000	-0.519532	1.000000	3.000000	1.000000	0	0	1	1.000000	0.000000	0.000000
ASV_124_16S_022_3	ASV_1361_16S_022_3	1	ENV_Temperature	0.747632	-0.138842	-0.886473	0.071928	3.000000	1.000000	0	0	1	1.000000	0.000000	0.000000
ASV_294_16S_022_3	ASV_1361_16S_022_3	1	ENV_Temperature	0.827196	0.999147	0.171951	nan	3.000000	1.000000	0	0	1	1.000000	0.000000	0.000000
ASV_308_16S_022_3	ASV_1361_16S_022_3	1	ENV_Temperature	0.896232	0.091551	-0.804681	0.000999	3.000000	1.000000	0	0	1	1.000000	0.000000	0.000000
ASV_997_16S_022_3	ASV_1361_16S_022_3	1	ENV_Temperature	0.863156	0.134120	-0.729036	0.000999	3.000000	1.000000	0	0	1	1.000000	0.000000	0.000000
ASV_654_16S_022_3	ASV_1367_16S_022_3	1	ENV_Temperature	0.682892	0.161300	-0.521592	0.072927	3.000000	1.000000	0	0	1	1.000000	0.000000	0.000000
ASV_978_16S_022_3	ASV_1367_16S_022_3	1	ENV_Temperature	0.782379	0.000000	-0.782379	1.000000	3.000000	1.000000	0	0	1	1.000000	0.000000	0.000000
ASV_1058_16S_022_3	ASV_1367_16S_022_3	1	ENV_Temperature	0.636279	0.045776	-0.590504	0.000999	3.000000	1.000000	0	0	1	1.000000	0.000000	0.000000
ASV_94_16S_022_3	ASV_1374_16S_022_3	1	ENV_Temperature	0.695002	0.133464	-0.561538	0.572428	3.000000	1.000000	0	0	1	1.000000	0.000000	0.000000
ASV_339_16S_022_3	ASV_1374_16S_022_3	1	ENV_Temperature	0.710075	0.000000	-0.710075	0.571429	3.000000	1.000000	0	0	1	1.000000	0.000000	0.000000
ASV_1250_16S_022_3	ASV_1374_16S_022_3	1	ENV_Temperature	1.056863	0.059463	-0.997400	0.715285	3.000000	1.000000	0	0	1	1.000000	0.000000	0.000000
ASV_378_16S_022_3	ASV_1379_16S_022_3	1	ENV_Temperature	0.391072	0.074528	-0.316544	0.071928	3.000000	1.000000	0	0	1	1.000000	0.000000	0.000000
ASV_1139_16S_022_3	ASV_1382_16S_022_3	1	ENV_Temperature	0.646807	0.023317	-0.623490	0.572428	3.000000	1.000000	0	0	1	1.000000	0.000000	0.000000
ASV_224_16S_022_3	ASV_1396_16S_022_3	1	ENV_Temperature	0.740948	0.031756	-0.709192	0.000999	3.000000	1.000000	0	0	1	1.000000	0.000000	0.000000
ASV_489_16S_022_3	ASV_1396_16S_022_3	1	ENV_Temperature	0.884958	0.638475	-0.246483	0.786214	3.000000	1.000000	0	0	1	1.000000	0.000000	0.000000
ASV_799_16S_022_3	ASV_1397_16S_022_3	1	ENV_Temperature	0.276732	0.021284	-0.255448	0.000999	3.000000	1.000000	0	0	1	1.000000	0.000000	0.000000
ASV_1127_16S_022_3	ASV_1397_16S_022_3	1	ENV_Temperature	0.298534	0.067060	-0.231474	0.143856	3.000000	1.000000	0	0	1	1.000000	0.000000	0.000000
ASV_823_16S_022_3	ASV_1394_16S_022_3	1	ENV_Temperature	0.625005	0.083954	-0.541051	0.000999	3.000000	1.000000	0	0	1	1.000000	0.000000	0.000000
ASV_1189_16S_022_3	ASV_1401_16S_022_3	1	ENV_Temperature	0.519532	0.000000	-0.519532	0.928072	3.000000	1.000000	0	0	1	1.000000	0.000000	0.000000
ASV_743_16S_022_3	ASV_1407_16S_022_3	1	ENV_Temperature	0.589045	-0.081080	-0.670124	0.071928	3.000000	1.000000	0	0	1	1.000000	0.000000	0.000000
ASV_744_16S_022_3	ASV_1407_16S_022_3	1	ENV_Temperature	0.706360	0.000000	-0.706360	1.000000	3.000000	1.000000	0	0	1	1.000000	0.000000	0.000000
ASV_951_16S_022_3	ASV_1407_16S_022_3	1	ENV_Temperature	0.670400	0.000000	-0.670400	1.000000	3.000000	1.000000	0	0	1	1.000000	0.000000	0.000000
ASV_1049_16S_022_3	ASV_1411_16S_022_3	1	ENV_Temperature	0.699184	0.000000	-0.699184	1.000000	3.000000	1.000000	0	0	1	1.000000	0.000000	0.000000
ASV_1317_16S_022_3	ASV_1411_16S_022_3	1	ENV_Temperature	0.677382	0.076358	-0.601024	0.072927	3.000000	1.000000	0	0	1	1.000000	0.000000	0.000000
ASV_917_16S_022_3	ASV_1418_16S_022_3	1	ENV_Temperature	0.704028	0.038179	-0.665849	0.000999	3.000000	1.000000	0	0	1	1.000000	0.000000	0.000000
ASV_255_16S_022_3	ASV_1426_16S_022_3	1	ENV_Temperature	0.675711	1.393878	0.718167	nan	3.000000	1.000000	0	0	1	1.000000	0.000000	0.000000
ASV_1092_16S_022_3	ASV_1426_16S_022_3	1	ENV_Temperature	0.577508	0.069935	-0.507573	0.500500	3.000000	1.000000	0	0	1	1.000000	0.000000	0.000000
ASV_182_16S_022_3	ASV_1429_16S_022_3	1	ENV_Temperature	0.590920	0.132790	-0.458130	0.000999	3.000000	1.000000	0	0	1	1.000000	0.000000	0.000000
ASV_351_16S_022_3	ASV_1429_16S_022_3	1	ENV_Temperature	0.511108	0.055008	-0.456100	0.000999	3.000000	1.000000	0	0	1	1.000000	0.000000	0.000000
ASV_580_16S_022_3	ASV_1429_16S_022_3	1	ENV_Temperature	0.644267	0.259848	-0.384418	0.214785	3.000000	1.000000	0	0	1	1.000000	0.000000	0.000000
ASV_576_16S_022_3	ASV_1439_16S_022_3	1	ENV_Temperature	0.551330	0.972955	0.421626	nan	3.000000	1.000000	0	0	1	1.000000	0.000000	0.000000
ASV_415_16S_022_3	ASV_1443_16S_022_3	1	ENV_Temperature	0.791236	0.016894	-0.774341	0.000999	3.000000	1.000000	0	0	1	1.000000	0.000000	0.000000
ASV_563_16S_022_3	ASV_1443_16S_022_3	1	ENV_Temperature	0.707579	0.063512	-0.644067	0.000999	3.000000	1.000000	0	0	1	1.000000	0.000000	0.000000
ASV_470_16S_022_3	ASV_1442_16S_022_3	1	ENV_Temperature	0.465205	0.023317	-0.441888	0.144855	3.000000	1.000000	0	0	1	1.000000	0.000000	0.000000
ASV_732_16S_022_3	ASV_1442_16S_022_3	1	ENV_Temperature	0.699184	0.122133	-0.577051	0.357642	3.000000	1.000000	0	0	1	1.000000	0.000000	0.000000
ASV_824_16S_022_3	ASV_1458_16S_022_3	1	ENV_Temperature	0.484794	-0.081080	-0.565874	0.071928	3.000000	1.000000	0	0	1	1.000000	0.000000	0.000000
ASV_1215_16S_022_3	ASV_1458_16S_022_3	1	ENV_Temperature	0.703476	-0.177021	-0.880497	0.785215	3.000000	1.000000	0	0	1	1.000000	0.000000	0.000000
ASV_322_16S_022_3	ASV_1459_16S_022_3	1	ENV_Temperature	0.577294	0.000000	-0.577294	0.784216	3.000000	1.000000	0	0	1	1.000000	0.000000	0.000000
ASV_635_16S_022_3	ASV_1459_16S_022_3	1	ENV_Temperature	0.494846	0.093252	-0.401594	0.143856	3.000000	1.000000	0	0	1	1.000000	0.000000	0.000000
ASV_1258_16S_022_3	ASV_1459_16S_022_3	1	ENV_Temperature	0.461770	0.000000	-0.461770	1.000000	3.000000	1.000000	0	0	1	1.000000	0.000000	0.000000
ASV_622_16S_022_3	ASV_1482_16S_022_3	1	ENV_Temperature	0.728162	0.000000	-0.728162	0.929071	3.000000	1.000000	0	0	1	1.000000	0.000000	0.000000
ASV_481_16S_022_3	ASV_1491_16S_022_3	1	ENV_Temperature	0.655580	-0.081080	-0.736660	0.071928	3.000000	1.000000	0	0	1	1.000000	0.000000	0.000000
ASV_732_16S_022_3	ASV_1490_16S_022_3	1	ENV_Temperature	0.655580	0.038179	-0.617401	0.000999	3.000000	1.000000	0	0	1	1.000000	0.000000	0.000000
ASV_1094_16S_022_3	ASV_1490_16S_022_3	1	ENV_Temperature	0.622539	0.865874	0.243334	nan	3.000000	1.000000	0	0	1	1.000000	0.000000	0.000000
ASV_294_16S_022_3	ASV_1498_16S_022_3	1	ENV_Temperature	0.724447	0.116569	-0.607878	0.286713	3.000000	1.000000	0	0	1	1.000000	0.000000	0.000000
ASV_1094_16S_022_3	ASV_1498_16S_022_3	1	ENV_Temperature	0.666685	0.122133	-0.544552	0.357642	3.000000	1.000000	0	0	1	1.000000	0.000000	0.000000
ASV_1331_16S_022_3	ASV_1508_16S_022_3	1	ENV_Temperature	0.567243	0.000000	-0.567243	1.000000	3.000000	1.000000	0	0	1	1.000000	0.000000	0.000000
ASV_1411_16S_022_3	ASV_1508_16S_022_3	1	ENV_Temperature	0.531283	0.026192	-0.505090	0.000999	3.000000	1.000000	0	0	1	1.000000	0.000000	0.000000
ASV_519_16S_022_3	ASV_1507_16S_022_3	1	ENV_Temperature	0.754813	0.089833	-0.664980	0.000999	3.000000	1.000000	0	0	1	1.000000	0.000000	0.000000
ASV_819_16S_022_3	ASV_1507_16S_022_3	1	ENV_Temperature	0.761248	0.151997	-0.609251	0.000999	3.000000	1.000000	0	0	1	1.000000	0.000000	0.000000
ASV_1320_16S_022_3	ASV_1507_16S_022_3	1	ENV_Temperature	0.562608	0.118614	-0.443994	0.000999	3.000000	1.000000	0	0	1	1.000000	0.000000	0.000000
ASV_988_16S_022_3	ASV_1516_16S_022_3	1	ENV_Temperature	0.682767	0.000000	-0.682767	0.928072	3.000000	1.000000	0	0	1	1.000000	0.000000	0.000000
ASV_1335_16S_022_3	ASV_1521_16S_022_3	1	ENV_Temperature	0.298534	-0.081080	-0.379614	0.286713	3.000000	1.000000	0	0	1	1.000000	0.000000	0.000000
ASV_1201_16S_022_3	ASV_1523_16S_022_3	1	ENV_Temperature	0.577294	0.000000	-0.577294	0.928072	3.000000	1.000000	0	0	1	1.000000	0.000000	0.000000
ASV_616_16S_022_3	ASV_1551_16S_022_3	1	ENV_Temperature	0.590836	0.055073	-0.535762	0.573427	3.000000	1.000000	0	0	1	1.000000	0.000000	0.000000
ASV_1458_16S_022_3	ASV_1551_16S_022_3	1	ENV_Temperature	0.645714	0.000000	-0.645714	1.000000	3.000000	1.000000	0	0	1	1.000000	0.000000	0.000000
ASV_1543_16S_022_3	ASV_1551_16S_022_3	1	ENV_Temperature	0.603203	0.000000	-0.603203	1.000000	3.000000	1.000000	0	0	1	1.000000	0.000000	0.000000
ASV_928_16S_022_3	ASV_1556_16S_022_3	1	ENV_Temperature	0.922589	0.000000	-0.922589	0.429570	3.000000	1.000000	0	0	1	1.000000	0.000000	0.000000
ASV_564_16S_022_3	ASV_1560_16S_022_3	1	ENV_Temperature	0.833243	0.000000	-0.833243	0.928072	3.000000	1.000000	0	0	1	1.000000	0.000000	0.000000
ASV_1061_16S_022_3	ASV_1560_16S_022_3	1	ENV_Temperature	0.811441	0.055073	-0.756368	0.000999	3.000000	1.000000	0	0	1	1.000000	0.000000	0.000000
ASV_987_16S_022_3	ASV_1561_16S_022_3	1	ENV_Temperature	0.728162	0.000000	-0.728162	1.000000	3.000000	1.000000	0	0	1	1.000000	0.000000	0.000000
ASV_599_16S_022_3	ASV_1563_16S_022_3	1	ENV_Temperature	0.655580	0.000000	-0.655580	1.000000	3.000000	1.000000	0	0	1	1.000000	0.000000	0.000000
ASV_1317_16S_022_3	ASV_1563_16S_022_3	1	ENV_Temperature	0.619620	-0.167723	-0.787343	0.786214	3.000000	1.000000	0	0	1	1.000000	0.000000	0.000000
ASV_1331_16S_022_3	ASV_1563_16S_022_3	1	ENV_Temperature	0.554875	0.000000	-0.554875	1.000000	3.000000	1.000000	0	0	1	1.000000	0.000000	0.000000
ASV_606_16S_022_3	ASV_1566_16S_022_3	1	ENV_Temperature	0.646807	0.000000	-0.646807	1.000000	3.000000	1.000000	0	0	1	1.000000	0.000000	0.000000
ASV_1171_16S_022_3	ASV_1565_16S_022_3	1	ENV_Temperature	0.861560	0.000000	-0.861560	1.000000	3.000000	1.000000	0	0	1	1.000000	0.000000	0.000000
ASV_799_16S_022_3	ASV_1569_16S_022_3	1	ENV_Temperature	0.497730	0.000000	-0.497730	1.000000	3.000000	1.000000	0	0	1	1.000000	0.000000	0.000000
ASV_17_16S_022_3	ASV_1571_16S_022_3	1	ENV_Temperature	0.264543	0.029813	-0.234730	0.000999	2.000000	1.000000	0	1	0	1.000000	0.000000	0.000000
ASV_951_16S_022_3	ASV_1571_16S_022_3	1	ENV_Temperature	0.861943	0.183102	-0.678841	0.000999	3.000000	1.000000	0	0	1	1.000000	0.000000	0.000000
ASV_1565_16S_022_3	ASV_1571_16S_022_3	1	ENV_Temperature	0.880477	0.000000	-0.880477	1.000000	3.000000	1.000000	0	0	1	1.000000	0.000000	0.000000
ASV_1210_16S_022_3	ASV_1576_16S_022_3	1	ENV_Temperature	0.531283	0.000000	-0.531283	1.000000	3.000000	1.000000	0	0	1	1.000000	0.000000	0.000000
ASV_1534_16S_022_3	ASV_1576_16S_022_3	1	ENV_Temperature	0.670400	0.000000	-0.670400	1.000000	3.000000	1.000000	0	0	1	1.000000	0.000000	0.000000
ASV_1310_16S_022_3	ASV_1577_16S_022_3	1	ENV_Temperature	0.519532	0.000000	-0.519532	0.929071	3.000000	1.000000	0	0	1	1.000000	0.000000	0.000000
ASV_1394_16S_022_3	ASV_1577_16S_022_3	1	ENV_Temperature	0.625005	0.083954	-0.541051	0.000999	3.000000	1.000000	0	0	1	1.000000	0.000000	0.000000
ASV_595_16S_022_3	ASV_1578_16S_022_3	1	ENV_Temperature	0.461770	0.000000	-0.461770	1.000000	3.000000	1.000000	0	0	1	1.000000	0.000000	0.000000
ASV_389_16S_022_3	ASV_1581_16S_022_3	1	ENV_Temperature	0.432090	0.033789	-0.398302	0.000999	3.000000	1.000000	0	0	1	1.000000	0.000000	0.000000
ASV_786_16S_022_3	ASV_1581_16S_022_3	1	ENV_Temperature	0.645714	0.016894	-0.628819	0.000999	3.000000	1.000000	0	0	1	1.000000	0.000000	0.000000
ASV_1235_16S_022_3	ASV_1581_16S_022_3	1	ENV_Temperature	0.542557	0.000000	-0.542557	1.000000	3.000000	1.000000	0	0	1	1.000000	0.000000	0.000000
ASV_32_16S_022_3	ASV_1584_16S_022_3	1	ENV_Temperature	0.456106	0.012923	-0.443183	0.071928	2.000000	1.000000	0	1	0	1.000000	0.000000	0.000000
ASV_384_16S_022_3	ASV_1587_16S_022_3	1	ENV_Temperature	0.438689	-0.014861	-0.453551	0.286713	3.000000	1.000000	0	0	1	1.000000	0.000000	0.000000
ASV_746_16S_022_3	ASV_1587_16S_022_3	1	ENV_Temperature	0.470557	-0.028881	-0.499438	0.357642	3.000000	1.000000	0	0	1	1.000000	0.000000	0.000000
ASV_644_16S_022_3	ASV_1589_16S_022_3	1	ENV_Temperature	0.442284	-0.081080	-0.523363	0.214785	3.000000	1.000000	0	0	1	1.000000	0.000000	0.000000
ASV_1055_16S_022_3	ASV_1589_16S_022_3	1	ENV_Temperature	0.545441	0.000000	-0.545441	0.856144	3.000000	1.000000	0	0	1	1.000000	0.000000	0.000000
ASV_1136_16S_022_3	ASV_1593_16S_022_3	1	ENV_Temperature	0.483572	0.000000	-0.483572	1.000000	3.000000	1.000000	0	0	1	1.000000	0.000000	0.000000
ASV_1110_16S_022_3	ASV_1633_16S_022_3	1	ENV_Temperature	0.461770	0.000000	-0.461770	1.000000	3.000000	1.000000	0	0	1	1.000000	0.000000	0.000000
ASV_64_16S_022_3	ASV_1631_16S_022_3	1	ENV_Temperature	0.322767	0.486478	0.163710	nan	3.000000	1.000000	0	0	1	1.000000	0.000000	0.000000
ASV_720_16S_022_3	ASV_1631_16S_022_3	1	ENV_Temperature	0.599096	0.000000	-0.599096	1.000000	3.000000	1.000000	0	0	1	1.000000	0.000000	0.000000
ASV_1563_16S_022_3	ASV_1632_16S_022_3	1	ENV_Temperature	0.656242	0.000000	-0.656242	1.000000	3.000000	1.000000	0	0	1	1.000000	0.000000	0.000000
ASV_376_16S_022_3	ASV_1645_16S_022_3	1	ENV_Temperature	0.461770	0.038179	-0.423591	0.286713	3.000000	1.000000	0	0	1	1.000000	0.000000	0.000000
ASV_1362_16S_022_3	ASV_1645_16S_022_3	1	ENV_Temperature	0.625005	0.000000	-0.625005	1.000000	3.000000	1.000000	0	0	1	1.000000	0.000000	0.000000
ASV_739_16S_022_3	ASV_1644_16S_022_3	1	ENV_Temperature	0.497730	0.000000	-0.497730	1.000000	3.000000	1.000000	0	0	1	1.000000	0.000000	0.000000
ASV_161_16S_022_3	ASV_1643_16S_022_3	1	ENV_Temperature	0.521173	0.035304	-0.485869	0.713287	3.000000	1.000000	0	0	1	1.000000	0.000000	0.000000
ASV_725_16S_022_3	ASV_1648_16S_022_3	1	ENV_Temperature	0.706360	0.000000	-0.706360	0.714286	3.000000	1.000000	0	0	1	1.000000	0.000000	0.000000
ASV_1565_16S_022_3	ASV_1648_16S_022_3	1	ENV_Temperature	0.626796	0.000000	-0.626796	1.000000	3.000000	1.000000	0	0	1	1.000000	0.000000	0.000000
ASV_962_16S_022_3	ASV_1657_16S_022_3	1	ENV_Temperature	0.483572	0.000000	-0.483572	1.000000	3.000000	1.000000	0	0	1	1.000000	0.000000	0.000000
ASV_1587_16S_022_3	ASV_1657_16S_022_3	1	ENV_Temperature	0.451718	0.000000	-0.451718	1.000000	3.000000	1.000000	0	0	1	1.000000	0.000000	0.000000
ASV_575_16S_022_3	ASV_1658_16S_022_3	1	ENV_Temperature	0.520755	0.057762	-0.462992	0.000999	3.000000	1.000000	0	0	1	1.000000	0.000000	0.000000
ASV_743_16S_022_3	ASV_1658_16S_022_3	1	ENV_Temperature	0.406323	0.076358	-0.329966	0.000999	3.000000	1.000000	0	0	1	1.000000	0.000000	0.000000
ASV_824_16S_022_3	ASV_1658_16S_022_3	1	ENV_Temperature	0.464086	0.038179	-0.425907	0.000999	3.000000	1.000000	0	0	1	1.000000	0.000000	0.000000
ASV_339_16S_022_3	ASV_1676_16S_022_3	1	ENV_Temperature	0.511271	0.062670	-0.448601	0.429570	3.000000	1.000000	0	0	1	1.000000	0.000000	0.000000
ASV_1287_16S_022_3	ASV_1676_16S_022_3	1	ENV_Temperature	0.670400	0.110146	-0.560254	0.358641	3.000000	1.000000	0	0	1	1.000000	0.000000	0.000000
ASV_306_16S_022_3	ASV_1687_16S_022_3	1	ENV_Temperature	0.590836	0.175082	-0.415753	0.500500	3.000000	1.000000	0	0	1	1.000000	0.000000	0.000000
ASV_930_16S_022_3	ASV_1686_16S_022_3	1	ENV_Temperature	0.706360	0.038179	-0.668181	0.142857	3.000000	1.000000	0	0	1	1.000000	0.000000	0.000000
ASV_1258_16S_022_3	ASV_1686_16S_022_3	1	ENV_Temperature	0.487679	0.000000	-0.487679	1.000000	3.000000	1.000000	0	0	1	1.000000	0.000000	0.000000
ASV_478_16S_022_3	ASV_1693_16S_022_3	1	ENV_Temperature	0.533073	0.023317	-0.509756	0.500500	3.000000	1.000000	0	0	1	1.000000	0.000000	0.000000
ASV_227_16S_022_3	ASV_1697_16S_022_3	1	ENV_Temperature	0.459362	0.000000	-0.459362	1.000000	3.000000	1.000000	0	0	1	1.000000	0.000000	0.000000
ASV_631_16S_022_3	ASV_1696_16S_022_3	1	ENV_Temperature	0.660965	0.000000	-0.660965	1.000000	3.000000	1.000000	0	0	1	1.000000	0.000000	0.000000
ASV_709_16S_022_3	ASV_1696_16S_022_3	1	ENV_Temperature	0.625005	0.972955	0.347950	nan	3.000000	1.000000	0	0	1	1.000000	0.000000	0.000000
ASV_872_16S_022_3	ASV_1696_16S_022_3	1	ENV_Temperature	0.519532	-0.100663	-0.620195	0.785215	3.000000	1.000000	0	0	1	1.000000	0.000000	0.000000
ASV_612_16S_022_3	ASV_1706_16S_022_3	1	ENV_Temperature	0.825599	0.038179	-0.787421	0.000999	3.000000	1.000000	0	0	1	1.000000	0.000000	0.000000
ASV_928_16S_022_3	ASV_1706_16S_022_3	1	ENV_Temperature	0.807065	0.000000	-0.807065	0.714286	3.000000	1.000000	0	0	1	1.000000	0.000000	0.000000
ASV_985_16S_022_3	ASV_1706_16S_022_3	1	ENV_Temperature	0.710075	0.076358	-0.633717	0.000999	3.000000	1.000000	0	0	1	1.000000	0.000000	0.000000
ASV_1107_16S_022_3	ASV_1706_16S_022_3	1	ENV_Temperature	0.639537	0.026192	-0.613345	0.000999	3.000000	1.000000	0	0	1	1.000000	0.000000	0.000000
ASV_848_16S_022_3	ASV_1707_16S_022_3	1	ENV_Temperature	0.464086	0.083954	-0.380131	0.357642	3.000000	1.000000	0	0	1	1.000000	0.000000	0.000000
ASV_1210_16S_022_3	ASV_1707_16S_022_3	1	ENV_Temperature	0.589045	0.000000	-0.589045	1.000000	3.000000	1.000000	0	0	1	1.000000	0.000000	0.000000
ASV_1686_16S_022_3	ASV_1707_16S_022_3	1	ENV_Temperature	0.625005	0.134120	-0.490885	0.142857	3.000000	1.000000	0	0	1	1.000000	0.000000	0.000000
ASV_1406_16S_022_3	ASV_1705_16S_022_3	1	ENV_Temperature	0.519532	0.000000	-0.519532	1.000000	3.000000	1.000000	0	0	1	1.000000	0.000000	0.000000
ASV_143_16S_022_3	ASV_1716_16S_022_3	1	ENV_Temperature	0.439968	0.000000	-0.439968	0.928072	3.000000	1.000000	0	0	1	1.000000	0.000000	0.000000
ASV_1210_16S_022_3	ASV_1716_16S_022_3	1	ENV_Temperature	0.589045	0.000000	-0.589045	1.000000	3.000000	1.000000	0	0	1	1.000000	0.000000	0.000000
ASV_1648_16S_022_3	ASV_1720_16S_022_3	1	ENV_Temperature	0.740530	0.000000	-0.740530	0.929071	3.000000	1.000000	0	0	1	1.000000	0.000000	0.000000
ASV_180_16S_022_3	ASV_1728_16S_022_3	1	ENV_Temperature	0.682504	0.016894	-0.665610	0.143856	3.000000	1.000000	0	0	1	1.000000	0.000000	0.000000
ASV_992_16S_022_3	ASV_1732_16S_022_3	1	ENV_Temperature	0.689079	1.742140	1.053061	nan	3.000000	1.000000	0	0	1	1.000000	0.000000	0.000000
ASV_930_16S_022_3	ASV_1748_16S_022_3	1	ENV_Temperature	0.648598	0.055073	-0.593525	0.000999	3.000000	1.000000	0	0	1	1.000000	0.000000	0.000000
ASV_1108_16S_022_3	ASV_1748_16S_022_3	1	ENV_Temperature	0.706360	0.000000	-0.706360	0.143856	3.000000	1.000000	0	0	1	1.000000	0.000000	0.000000
ASV_1125_16S_022_3	ASV_1748_16S_022_3	1	ENV_Temperature	0.764122	0.000000	-0.764122	0.071928	3.000000	1.000000	0	0	1	1.000000	0.000000	0.000000
ASV_1265_16S_022_3	ASV_1748_16S_022_3	1	ENV_Temperature	0.625005	0.000000	-0.625005	0.928072	3.000000	1.000000	0	0	1	1.000000	0.000000	0.000000
ASV_1577_16S_022_3	ASV_1748_16S_022_3	1	ENV_Temperature	0.627457	0.000000	-0.627457	0.642358	3.000000	1.000000	0	0	1	1.000000	0.000000	0.000000
ASV_166_16S_022_3	ASV_1759_16S_022_3	1	ENV_Temperature	0.414059	-0.032852	-0.446911	0.214785	3.000000	1.000000	0	0	1	1.000000	0.000000	0.000000
ASV_1037_16S_022_3	ASV_1769_16S_022_3	1	ENV_Temperature	0.576016	0.000000	-0.576016	1.000000	3.000000	1.000000	0	0	1	1.000000	0.000000	0.000000
ASV_1335_16S_022_3	ASV_1769_16S_022_3	1	ENV_Temperature	0.382205	0.000000	-0.382205	1.000000	3.000000	1.000000	0	0	1	1.000000	0.000000	0.000000
ASV_1443_16S_022_3	ASV_1769_16S_022_3	1	ENV_Temperature	0.655580	0.000000	-0.655580	1.000000	3.000000	1.000000	0	0	1	1.000000	0.000000	0.000000
ASV_143_16S_022_3	ASV_1774_16S_022_3	1	ENV_Temperature	0.519532	0.000000	-0.519532	0.928072	3.000000	1.000000	0	0	1	1.000000	0.000000	0.000000
ASV_1036_16S_022_3	ASV_1777_16S_022_3	1	ENV_Temperature	0.545441	0.000000	-0.545441	0.928072	3.000000	1.000000	0	0	1	1.000000	0.000000	0.000000
ASV_1577_16S_022_3	ASV_1777_16S_022_3	1	ENV_Temperature	0.627457	0.000000	-0.627457	1.000000	3.000000	1.000000	0	0	1	1.000000	0.000000	0.000000
ASV_327_16S_022_3	ASV_1781_16S_022_3	1	ENV_Temperature	0.767837	0.076358	-0.691480	0.000999	3.000000	1.000000	0	0	1	1.000000	0.000000	0.000000
ASV_415_16S_022_3	ASV_1781_16S_022_3	1	ENV_Temperature	0.710075	0.091551	-0.618524	0.143856	3.000000	1.000000	0	0	1	1.000000	0.000000	0.000000
ASV_1117_16S_022_3	ASV_1781_16S_022_3	1	ENV_Temperature	0.789639	0.038179	-0.751460	0.000999	3.000000	1.000000	0	0	1	1.000000	0.000000	0.000000
ASV_1186_16S_022_3	ASV_1781_16S_022_3	1	ENV_Temperature	0.649428	0.000000	-0.649428	0.857143	3.000000	1.000000	0	0	1	1.000000	0.000000	0.000000
ASV_1777_16S_022_3	ASV_1781_16S_022_3	1	ENV_Temperature	0.706360	0.000000	-0.706360	0.928072	3.000000	1.000000	0	0	1	1.000000	0.000000	0.000000
ASV_600_16S_022_3	ASV_1795_16S_022_3	1	ENV_Temperature	0.567243	0.000000	-0.567243	0.929071	3.000000	1.000000	0	0	1	1.000000	0.000000	0.000000
ASV_1534_16S_022_3	ASV_1804_16S_022_3	1	ENV_Temperature	0.651204	0.000000	-0.651204	1.000000	3.000000	1.000000	0	0	1	1.000000	0.000000	0.000000
ASV_150_16S_022_3	ASV_1801_16S_022_3	1	ENV_Temperature	0.747632	-0.031570	-0.779202	0.214785	3.000000	1.000000	0	0	1	1.000000	0.000000	0.000000
ASV_1201_16S_022_3	ASV_1820_16S_022_3	1	ENV_Temperature	0.599096	0.000000	-0.599096	0.858142	3.000000	1.000000	0	0	1	1.000000	0.000000	0.000000
ASV_1189_16S_022_3	ASV_1825_16S_022_3	1	ENV_Temperature	0.466538	-0.007597	-0.474135	0.642358	3.000000	1.000000	0	0	1	1.000000	0.000000	0.000000
ASV_1644_16S_022_3	ASV_1858_16S_022_3	1	ENV_Temperature	0.577294	0.000000	-0.577294	0.929071	3.000000	1.000000	0	0	1	1.000000	0.000000	0.000000
ASV_1087_16S_022_3	ASV_1855_16S_022_3	1	ENV_Temperature	0.567243	0.083954	-0.483288	0.857143	3.000000	1.000000	0	0	1	1.000000	0.000000	0.000000
ASV_1366_16S_022_3	ASV_1855_16S_022_3	1	ENV_Temperature	0.648598	0.038179	-0.610419	0.000999	3.000000	1.000000	0	0	1	1.000000	0.000000	0.000000
ASV_1458_16S_022_3	ASV_1855_16S_022_3	1	ENV_Temperature	0.587951	0.000000	-0.587951	1.000000	3.000000	1.000000	0	0	1	1.000000	0.000000	0.000000
ASV_143_16S_022_3	ASV_1869_16S_022_3	1	ENV_Temperature	0.577294	0.000000	-0.577294	0.856144	3.000000	1.000000	0	0	1	1.000000	0.000000	0.000000
ASV_1055_16S_022_3	ASV_1869_16S_022_3	1	ENV_Temperature	0.461770	0.000000	-0.461770	0.928072	3.000000	1.000000	0	0	1	1.000000	0.000000	0.000000
ASV_1774_16S_022_3	ASV_1869_16S_022_3	1	ENV_Temperature	0.599096	0.000000	-0.599096	0.928072	3.000000	1.000000	0	0	1	1.000000	0.000000	0.000000
ASV_979_16S_022_3	ASV_1881_16S_022_3	1	ENV_Temperature	0.883362	0.134120	-0.749242	0.000999	3.000000	1.000000	0	0	1	1.000000	0.000000	0.000000
ASV_1633_16S_022_3	ASV_1881_16S_022_3	1	ENV_Temperature	0.523639	0.000000	-0.523639	0.856144	3.000000	1.000000	0	0	1	1.000000	0.000000	0.000000
ASV_406_16S_022_3	ASV_1894_16S_022_3	1	ENV_Temperature	0.643844	0.063512	-0.580332	0.000999	3.000000	1.000000	0	0	1	1.000000	0.000000	0.000000
ASV_1287_16S_022_3	ASV_1894_16S_022_3	1	ENV_Temperature	0.615243	0.026192	-0.589051	0.000999	3.000000	1.000000	0	0	1	1.000000	0.000000	0.000000
ASV_1443_16S_022_3	ASV_1894_16S_022_3	1	ENV_Temperature	0.828867	0.000000	-0.828867	0.785215	3.000000	1.000000	0	0	1	1.000000	0.000000	0.000000
ASV_1146_16S_022_3	ASV_1921_16S_022_3	1	ENV_Temperature	0.771105	0.038179	-0.732926	0.000999	3.000000	1.000000	0	0	1	1.000000	0.000000	0.000000
ASV_1331_16S_022_3	ASV_1921_16S_022_3	1	ENV_Temperature	0.728162	0.000000	-0.728162	1.000000	3.000000	1.000000	0	0	1	1.000000	0.000000	0.000000
ASV_1491_16S_022_3	ASV_1921_16S_022_3	1	ENV_Temperature	0.694808	-0.026006	-0.720814	0.142857	3.000000	1.000000	0	0	1	1.000000	0.000000	0.000000
ASV_1648_16S_022_3	ASV_1921_16S_022_3	1	ENV_Temperature	0.728162	0.000000	-0.728162	0.428571	3.000000	1.000000	0	0	1	1.000000	0.000000	0.000000
ASV_174_16S_022_3	ASV_1930_16S_022_3	1	ENV_Temperature	0.550499	0.000000	-0.550499	1.000000	3.000000	1.000000	0	0	1	1.000000	0.000000	0.000000
ASV_987_16S_022_3	ASV_1930_16S_022_3	1	ENV_Temperature	0.706360	0.000000	-0.706360	0.929071	3.000000	1.000000	0	0	1	1.000000	0.000000	0.000000
ASV_1577_16S_022_3	ASV_1930_16S_022_3	1	ENV_Temperature	0.728162	0.000000	-0.728162	1.000000	3.000000	1.000000	0	0	1	1.000000	0.000000	0.000000
ASV_705_16S_022_3	ASV_1934_16S_022_3	1	ENV_Temperature	0.682767	0.112835	-0.569932	0.714286	3.000000	1.000000	0	0	1	1.000000	0.000000	0.000000
ASV_1062_16S_022_3	ASV_1934_16S_022_3	1	ENV_Temperature	0.603203	0.000000	-0.603203	1.000000	3.000000	1.000000	0	0	1	1.000000	0.000000	0.000000
ASV_754_16S_022_3	ASV_1971_16S_022_3	1	ENV_Temperature	0.710075	0.097974	-0.612101	0.429570	3.000000	1.000000	0	0	1	1.000000	0.000000	0.000000
ASV_1498_16S_022_3	ASV_1971_16S_022_3	1	ENV_Temperature	0.839972	0.268572	-0.571400	0.572428	3.000000	1.000000	0	0	1	1.000000	0.000000	0.000000
ASV_428_16S_022_3	ASV_1994_16S_022_3	1	ENV_Temperature	0.530189	0.000000	-0.530189	1.000000	3.000000	1.000000	0	0	1	1.000000	0.000000	0.000000
ASV_552_16S_022_3	ASV_1994_16S_022_3	1	ENV_Temperature	0.551991	-0.081080	-0.633071	0.143856	3.000000	1.000000	0	0	1	1.000000	0.000000	0.000000
ASV_1366_16S_022_3	ASV_1999_16S_022_3	1	ENV_Temperature	0.519532	0.000000	-0.519532	0.929071	3.000000	1.000000	0	0	1	1.000000	0.000000	0.000000
ASV_1543_16S_022_3	ASV_1999_16S_022_3	1	ENV_Temperature	0.519532	0.000000	-0.519532	0.929071	3.000000	1.000000	0	0	1	1.000000	0.000000	0.000000
ASV_1632_16S_022_3	ASV_2009_16S_022_3	1	ENV_Temperature	0.567243	0.000000	-0.567243	0.929071	3.000000	1.000000	0	0	1	1.000000	0.000000	0.000000
ASV_1696_16S_022_3	ASV_2014_16S_022_3	1	ENV_Temperature	0.543650	0.081080	-0.462570	0.929071	3.000000	1.000000	0	0	1	1.000000	0.000000	0.000000
ASV_1551_16S_022_3	ASV_2023_16S_022_3	1	ENV_Temperature	0.706360	0.083954	-0.622406	0.144855	3.000000	1.000000	0	0	1	1.000000	0.000000	0.000000
ASV_1855_16S_022_3	ASV_2023_16S_022_3	1	ENV_Temperature	0.706360	0.000000	-0.706360	0.929071	3.000000	1.000000	0	0	1	1.000000	0.000000	0.000000
ASV_1107_16S_022_3	ASV_2030_16S_022_3	1	ENV_Temperature	0.611976	0.000000	-0.611976	0.928072	3.000000	1.000000	0	0	1	1.000000	0.000000	0.000000
ASV_1158_16S_022_3	ASV_2030_16S_022_3	1	ENV_Temperature	0.518254	0.000000	-0.518254	0.928072	3.000000	1.000000	0	0	1	1.000000	0.000000	0.000000
ASV_1986_16S_022_3	ASV_2057_16S_022_3	1	ENV_Temperature	0.843687	0.000000	-0.843687	0.929071	3.000000	1.000000	0	0	1	1.000000	0.000000	0.000000
ASV_1105_16S_022_3	ASV_2068_16S_022_3	1	ENV_Temperature	0.597818	0.038179	-0.559639	0.000999	3.000000	1.000000	0	0	1	1.000000	0.000000	0.000000
ASV_2030_16S_022_3	ASV_2068_16S_022_3	1	ENV_Temperature	0.535679	0.000000	-0.535679	1.000000	3.000000	1.000000	0	0	1	1.000000	0.000000	0.000000
ASV_1348_16S_022_3	ASV_2083_16S_022_3	1	ENV_Temperature	0.656858	0.000000	-0.656858	0.928072	3.000000	1.000000	0	0	1	1.000000	0.000000	0.000000
ASV_1516_16S_022_3	ASV_2083_16S_022_3	1	ENV_Temperature	0.656858	0.083954	-0.572904	0.000999	3.000000	1.000000	0	0	1	1.000000	0.000000	0.000000
ASV_720_16S_022_3	ASV_2079_16S_022_3	1	ENV_Temperature	0.487679	0.076358	-0.411321	0.000999	3.000000	1.000000	0	0	1	1.000000	0.000000	0.000000
ASV_928_16S_022_3	ASV_2079_16S_022_3	1	ENV_Temperature	0.749303	0.038179	-0.711124	0.000999	3.000000	1.000000	0	0	1	1.000000	0.000000	0.000000
ASV_1146_16S_022_3	ASV_2079_16S_022_3	1	ENV_Temperature	0.633778	0.114536	-0.519242	0.000999	3.000000	1.000000	0	0	1	1.000000	0.000000	0.000000
ASV_1270_16S_022_3	ASV_2093_16S_022_3	1	ENV_Temperature	0.541334	0.000000	-0.541334	1.000000	3.000000	1.000000	0	0	1	1.000000	0.000000	0.000000
ASV_1307_16S_022_3	ASV_2093_16S_022_3	1	ENV_Temperature	0.577294	0.000000	-0.577294	1.000000	3.000000	1.000000	0	0	1	1.000000	0.000000	0.000000
ASV_1869_16S_022_3	ASV_2093_16S_022_3	1	ENV_Temperature	0.493623	0.000000	-0.493623	0.714286	3.000000	1.000000	0	0	1	1.000000	0.000000	0.000000
ASV_2057_16S_022_3	ASV_2093_16S_022_3	1	ENV_Temperature	0.519532	0.000000	-0.519532	1.000000	3.000000	1.000000	0	0	1	1.000000	0.000000	0.000000
ASV_1394_16S_022_3	ASV_2085_16S_022_3	1	ENV_Temperature	0.461770	0.000000	-0.461770	1.000000	3.000000	1.000000	0	0	1	1.000000	0.000000	0.000000
ASV_1593_16S_022_3	ASV_2085_16S_022_3	1	ENV_Temperature	0.378099	0.000000	-0.378099	1.000000	3.000000	1.000000	0	0	1	1.000000	0.000000	0.000000
ASV_1644_16S_022_3	ASV_2085_16S_022_3	1	ENV_Temperature	0.599096	0.000000	-0.599096	0.929071	3.000000	1.000000	0	0	1	1.000000	0.000000	0.000000
ASV_926_16S_022_3	ASV_2102_16S_022_3	1	ENV_Temperature	0.623912	0.000000	-0.623912	0.929071	3.000000	1.000000	0	0	1	1.000000	0.000000	0.000000
ASV_1062_16S_022_3	ASV_2102_16S_022_3	1	ENV_Temperature	0.484794	0.000000	-0.484794	1.000000	3.000000	1.000000	0	0	1	1.000000	0.000000	0.000000
ASV_1561_16S_022_3	ASV_2102_16S_022_3	1	ENV_Temperature	0.371722	0.000000	-0.371722	1.000000	3.000000	1.000000	0	0	1	1.000000	0.000000	0.000000
ASV_1633_16S_022_3	ASV_2102_16S_022_3	1	ENV_Temperature	0.542557	0.000000	-0.542557	1.000000	3.000000	1.000000	0	0	1	1.000000	0.000000	0.000000
ASV_339_16S_022_3	ASV_2127_16S_022_3	1	ENV_Temperature	0.473520	0.101366	-0.372154	0.000999	3.000000	1.000000	0	0	1	1.000000	0.000000	0.000000
ASV_988_16S_022_3	ASV_2127_16S_022_3	1	ENV_Temperature	0.406323	0.000000	-0.406323	1.000000	3.000000	1.000000	0	0	1	1.000000	0.000000	0.000000
ASV_1631_16S_022_3	ASV_2155_16S_022_3	1	ENV_Temperature	0.435861	0.000000	-0.435861	1.000000	3.000000	1.000000	0	0	1	1.000000	0.000000	0.000000
ASV_2127_16S_022_3	ASV_2170_16S_022_3	1	ENV_Temperature	0.404007	0.000000	-0.404007	1.000000	3.000000	1.000000	0	0	1	1.000000	0.000000	0.000000
ASV_1657_16S_022_3	ASV_2185_16S_022_3	1	ENV_Temperature	0.348561	0.000000	-0.348561	1.000000	3.000000	1.000000	0	0	1	1.000000	0.000000	0.000000
ASV_2186_16S_022_3	ASV_2226_16S_022_3	1	ENV_Temperature	0.356297	0.000000	-0.356297	1.000000	3.000000	1.000000	0	0	1	1.000000	0.000000	0.000000
ASV_2181_16S_022_3	ASV_2243_16S_022_3	1	ENV_Temperature	0.384521	0.000000	-0.384521	1.000000	3.000000	1.000000	0	0	1	1.000000	0.000000	0.000000
ASV_823_16S_022_3	ASV_2304_16S_022_3	1	ENV_Temperature	0.740530	0.112835	-0.627694	0.000999	3.000000	1.000000	0	0	1	1.000000	0.000000	0.000000
ASV_1136_16S_022_3	ASV_2304_16S_022_3	1	ENV_Temperature	0.646807	0.000000	-0.646807	0.856144	3.000000	1.000000	0	0	1	1.000000	0.000000	0.000000
ASV_1394_16S_022_3	ASV_2304_16S_022_3	1	ENV_Temperature	0.603203	0.083954	-0.519249	0.000999	3.000000	1.000000	0	0	1	1.000000	0.000000	0.000000
ASV_1561_16S_022_3	ASV_2304_16S_022_3	1	ENV_Temperature	0.567243	0.055073	-0.512170	0.000999	3.000000	1.000000	0	0	1	1.000000	0.000000	0.000000
ASV_1697_16S_022_3	ASV_2371_16S_022_3	1	ENV_Temperature	0.553085	0.000000	-0.553085	1.000000	3.000000	1.000000	0	0	1	1.000000	0.000000	0.000000
ASV_1055_16S_022_3	ASV_2653_16S_022_3	1	ENV_Temperature	0.519532	0.000000	-0.519532	0.856144	3.000000	1.000000	0	0	1	1.000000	0.000000	0.000000
ASV_1589_16S_022_3	ASV_2653_16S_022_3	1	ENV_Temperature	0.519532	0.000000	-0.519532	0.856144	3.000000	1.000000	0	0	1	1.000000	0.000000	0.000000
ASV_1697_16S_022_3	ASV_2653_16S_022_3	1	ENV_Temperature	0.483572	0.000000	-0.483572	1.000000	3.000000	1.000000	0	0	1	1.000000	0.000000	0.000000
ASV_137_16S_022_3	OTU_4_18S_022_3	1	ENV_Temperature	0.419925	0.042098	-0.377827	0.429570	3.000000	1.000000	0	0	1	1.000000	0.000000	0.000000
ASV_574_16S_022_3	OTU_4_18S_022_3	1	ENV_Temperature	0.782035	1.608725	0.826690	nan	3.000000	1.000000	0	0	1	1.000000	0.000000	0.000000
ASV_30_16S_022_3	OTU_6_18S_022_3	1	ENV_Temperature	0.358693	0.089672	-0.269021	0.143856	3.000000	1.000000	0	0	1	1.000000	0.000000	0.000000
ASV_95_16S_022_3	OTU_18_18S_022_3	1	ENV_Temperature	0.342833	0.696717	0.353884	nan	3.000000	1.000000	0	0	1	1.000000	0.000000	0.000000
OTU_15_18S_022_3	OTU_28_18S_022_3	1	ENV_Temperature	0.331171	0.289216	-0.041955	0.358641	3.000000	1.000000	0	0	1	1.000000	0.000000	0.000000
OTU_24_18S_022_3	OTU_46_18S_022_3	1	ENV_Temperature	0.342829	0.038179	-0.304650	0.429570	3.000000	1.000000	0	0	1	1.000000	0.000000	0.000000
OTU_39_18S_022_3	OTU_61_18S_022_3	1	ENV_Temperature	0.753600	0.248656	-0.504943	0.358641	3.000000	1.000000	0	0	1	1.000000	0.000000	0.000000
OTU_29_18S_022_3	OTU_60_18S_022_3	1	ENV_Temperature	0.788008	1.092404	0.304396	nan	3.000000	1.000000	0	0	1	1.000000	0.000000	0.000000
ASV_7_16S_022_3	OTU_67_18S_022_3	1	ENV_Temperature	0.264596	0.120112	-0.144484	0.072927	2.000000	1.000000	0	1	0	1.000000	0.000000	0.000000
ASV_2079_16S_022_3	OTU_67_18S_022_3	1	ENV_Temperature	0.313766	-0.042901	-0.356667	0.071928	2.000000	1.000000	0	1	0	1.000000	0.000000	0.000000
OTU_60_18S_022_3	OTU_77_18S_022_3	1	ENV_Temperature	0.650177	1.270118	0.619941	nan	3.000000	1.000000	0	0	1	1.000000	0.000000	0.000000
ASV_25_16S_022_3	OTU_87_18S_022_3	1	ENV_Temperature	0.283610	0.042272	-0.241338	0.429570	3.000000	1.000000	0	0	1	1.000000	0.000000	0.000000
ASV_1092_16S_022_3	OTU_92_18S_022_3	1	ENV_Temperature	0.434209	0.454548	0.020340	nan	3.000000	1.000000	0	0	1	1.000000	0.000000	0.000000
ASV_132_16S_022_3	OTU_95_18S_022_3	1	ENV_Temperature	0.427992	0.233941	-0.194051	0.215784	3.000000	1.000000	0	0	1	1.000000	0.000000	0.000000
ASV_1894_16S_022_3	OTU_95_18S_022_3	1	ENV_Temperature	0.379426	0.000000	-0.379426	0.142857	3.000000	1.000000	0	0	1	1.000000	0.000000	0.000000
ASV_1397_16S_022_3	OTU_107_18S_022_3	1	ENV_Temperature	0.298548	0.042569	-0.255980	0.000999	3.000000	1.000000	0	0	1	1.000000	0.000000	0.000000
ASV_730_16S_022_3	OTU_101_18S_022_3	1	ENV_Temperature	0.717719	0.131431	-0.586288	0.071928	3.000000	1.000000	0	0	1	1.000000	0.000000	0.000000
ASV_363_16S_022_3	OTU_110_18S_022_3	1	ENV_Temperature	0.424213	0.000000	-0.424213	1.000000	3.000000	1.000000	0	0	1	1.000000	0.000000	0.000000
ASV_15_16S_022_3	OTU_130_18S_022_3	1	ENV_Temperature	0.327541	0.031756	-0.295785	0.573427	3.000000	1.000000	0	0	1	1.000000	0.000000	0.000000
ASV_1753_16S_022_3	OTU_133_18S_022_3	1	ENV_Temperature	0.453176	0.026192	-0.426984	0.714286	3.000000	1.000000	0	0	1	1.000000	0.000000	0.000000
ASV_98_16S_022_3	OTU_129_18S_022_3	1	ENV_Temperature	0.695171	0.304264	-0.390906	0.714286	3.000000	1.000000	0	0	1	1.000000	0.000000	0.000000
ASV_51_16S_022_3	OTU_148_18S_022_3	1	ENV_Temperature	0.357996	0.071968	-0.286028	0.357642	3.000000	1.000000	0	0	1	1.000000	0.000000	0.000000
ASV_431_16S_022_3	OTU_168_18S_022_3	1	ENV_Temperature	0.483039	0.052198	-0.430841	0.215784	3.000000	1.000000	0	0	1	1.000000	0.000000	0.000000
ASV_1374_16S_022_3	OTU_168_18S_022_3	1	ENV_Temperature	0.523590	0.483098	-0.040493	0.787213	3.000000	1.000000	0	0	1	1.000000	0.000000	0.000000
ASV_525_16S_022_3	OTU_182_18S_022_3	1	ENV_Temperature	0.580978	1.054898	0.473920	nan	3.000000	1.000000	0	0	1	1.000000	0.000000	0.000000
OTU_115_18S_022_3	OTU_186_18S_022_3	1	ENV_Temperature	0.468135	0.628741	0.160606	nan	3.000000	1.000000	0	0	1	1.000000	0.000000	0.000000
ASV_1205_16S_022_3	OTU_188_18S_022_3	1	ENV_Temperature	0.401058	0.000000	-0.401058	0.284715	3.000000	1.000000	0	0	1	1.000000	0.000000	0.000000
ASV_290_16S_022_3	OTU_195_18S_022_3	1	ENV_Temperature	0.715297	0.307471	-0.407826	0.499500	3.000000	1.000000	0	0	1	1.000000	0.000000	0.000000
OTU_28_18S_022_3	OTU_201_18S_022_3	1	ENV_Temperature	0.415495	0.480410	0.064915	nan	3.000000	1.000000	0	0	1	1.000000	0.000000	0.000000
ASV_350_16S_022_3	OTU_207_18S_022_3	1	ENV_Temperature	0.519532	0.000000	-0.519532	1.000000	3.000000	1.000000	0	0	1	1.000000	0.000000	0.000000
ASV_632_16S_022_3	OTU_207_18S_022_3	1	ENV_Temperature	0.692202	0.136153	-0.556049	0.571429	3.000000	1.000000	0	0	1	1.000000	0.000000	0.000000
ASV_1147_16S_022_3	OTU_207_18S_022_3	1	ENV_Temperature	0.646807	0.104397	-0.542410	0.286713	3.000000	1.000000	0	0	1	1.000000	0.000000	0.000000
OTU_133_18S_022_3	OTU_215_18S_022_3	1	ENV_Temperature	0.388103	0.110146	-0.277957	0.786214	3.000000	1.000000	0	0	1	1.000000	0.000000	0.000000
OTU_177_18S_022_3	OTU_215_18S_022_3	1	ENV_Temperature	0.425193	0.172299	-0.252894	0.285714	3.000000	1.000000	0	0	1	1.000000	0.000000	0.000000
ASV_23_16S_022_3	OTU_217_18S_022_3	1	ENV_Temperature	0.428628	0.169600	-0.259029	0.285714	3.000000	1.000000	0	0	1	1.000000	0.000000	0.000000
ASV_651_16S_022_3	OTU_227_18S_022_3	1	ENV_Temperature	0.439968	0.055073	-0.384894	0.215784	3.000000	1.000000	0	0	1	1.000000	0.000000	0.000000
ASV_473_16S_022_3	OTU_233_18S_022_3	1	ENV_Temperature	0.440475	0.562347	0.121872	nan	3.000000	1.000000	0	0	1	1.000000	0.000000	0.000000
ASV_1481_16S_022_3	OTU_233_18S_022_3	1	ENV_Temperature	0.386179	0.026192	-0.359987	0.500500	3.000000	1.000000	0	0	1	1.000000	0.000000	0.000000
ASV_185_16S_022_3	OTU_234_18S_022_3	1	ENV_Temperature	0.451962	0.248500	-0.203462	0.500500	3.000000	1.000000	0	0	1	1.000000	0.000000	0.000000
OTU_24_18S_022_3	OTU_234_18S_022_3	1	ENV_Temperature	0.495645	0.505556	0.009910	nan	3.000000	1.000000	0	0	1	1.000000	0.000000	0.000000
OTU_200_18S_022_3	OTU_241_18S_022_3	1	ENV_Temperature	0.583869	0.088344	-0.495524	0.499500	3.000000	1.000000	0	0	1	1.000000	0.000000	0.000000
OTU_183_18S_022_3	OTU_242_18S_022_3	1	ENV_Temperature	0.533037	1.374800	0.841762	nan	3.000000	1.000000	0	0	1	1.000000	0.000000	0.000000
ASV_547_16S_022_3	OTU_266_18S_022_3	1	ENV_Temperature	0.652527	0.103223	-0.549304	0.214785	3.000000	1.000000	0	0	1	1.000000	0.000000	0.000000
ASV_1106_16S_022_3	OTU_287_18S_022_3	1	ENV_Temperature	0.435861	0.000000	-0.435861	1.000000	3.000000	1.000000	0	0	1	1.000000	0.000000	0.000000
OTU_182_18S_022_3	OTU_310_18S_022_3	1	ENV_Temperature	0.501165	0.376685	-0.124480	0.572428	3.000000	1.000000	0	0	1	1.000000	0.000000	0.000000
ASV_400_16S_022_3	OTU_320_18S_022_3	1	ENV_Temperature	0.731131	0.250503	-0.480627	0.357642	3.000000	1.000000	0	0	1	1.000000	0.000000	0.000000
ASV_411_16S_022_3	OTU_320_18S_022_3	1	ENV_Temperature	0.620366	0.088862	-0.531504	0.000999	3.000000	1.000000	0	0	1	1.000000	0.000000	0.000000
ASV_72_16S_022_3	OTU_318_18S_022_3	1	ENV_Temperature	0.363341	0.462905	0.099564	nan	2.000000	1.000000	0	1	0	1.000000	0.000000	0.000000
ASV_743_16S_022_3	OTU_327_18S_022_3	1	ENV_Temperature	0.322652	0.026192	-0.296460	0.000999	3.000000	1.000000	0	0	1	1.000000	0.000000	0.000000
ASV_1059_16S_022_3	OTU_338_18S_022_3	1	ENV_Temperature	0.404007	0.000000	-0.404007	1.000000	3.000000	1.000000	0	0	1	1.000000	0.000000	0.000000
OTU_24_18S_022_3	OTU_345_18S_022_3	1	ENV_Temperature	0.404515	0.220781	-0.183734	0.500500	3.000000	1.000000	0	0	1	1.000000	0.000000	0.000000
ASV_149_16S_022_3	OTU_350_18S_022_3	1	ENV_Temperature	0.465051	0.384299	-0.080752	0.715285	3.000000	1.000000	0	0	1	1.000000	0.000000	0.000000
ASV_992_16S_022_3	OTU_350_18S_022_3	1	ENV_Temperature	0.367310	0.268287	-0.099024	0.359640	3.000000	1.000000	0	0	1	1.000000	0.000000	0.000000
ASV_111_16S_022_3	OTU_347_18S_022_3	1	ENV_Temperature	0.281302	0.009298	-0.272004	0.143856	3.000000	1.000000	0	0	1	1.000000	0.000000	0.000000
ASV_814_16S_022_3	OTU_365_18S_022_3	1	ENV_Temperature	0.538170	0.144091	-0.394079	0.213786	3.000000	1.000000	0	0	1	1.000000	0.000000	0.000000
ASV_1380_16S_022_3	OTU_351_18S_022_3	1	ENV_Temperature	0.435094	0.042616	-0.392479	0.000999	3.000000	1.000000	0	0	1	1.000000	0.000000	0.000000
OTU_144_18S_022_3	OTU_388_18S_022_3	1	ENV_Temperature	0.612518	0.546458	-0.066059	0.428571	3.000000	1.000000	0	0	1	1.000000	0.000000	0.000000
OTU_222_18S_022_3	OTU_388_18S_022_3	1	ENV_Temperature	0.416504	-0.021284	-0.437788	0.214785	3.000000	1.000000	0	0	1	1.000000	0.000000	0.000000
OTU_121_18S_022_3	OTU_384_18S_022_3	1	ENV_Temperature	0.484794	0.112835	-0.371959	0.858142	3.000000	1.000000	0	0	1	1.000000	0.000000	0.000000
ASV_600_16S_022_3	OTU_413_18S_022_3	1	ENV_Temperature	0.531283	0.038179	-0.493104	0.000999	3.000000	1.000000	0	0	1	1.000000	0.000000	0.000000
ASV_30_16S_022_3	OTU_423_18S_022_3	1	ENV_Temperature	0.355987	-0.003207	-0.359194	0.499500	3.000000	1.000000	0	0	1	1.000000	0.000000	0.000000
ASV_585_16S_022_3	OTU_423_18S_022_3	1	ENV_Temperature	0.609753	0.083954	-0.525799	0.858142	3.000000	1.000000	0	0	1	1.000000	0.000000	0.000000
ASV_1632_16S_022_3	OTU_419_18S_022_3	1	ENV_Temperature	0.634440	0.000000	-0.634440	0.429570	3.000000	1.000000	0	0	1	1.000000	0.000000	0.000000
ASV_34_16S_022_3	OTU_393_18S_022_3	1	ENV_Temperature	0.407691	0.245819	-0.161872	0.500500	3.000000	1.000000	0	0	1	1.000000	0.000000	0.000000
ASV_475_16S_022_3	OTU_393_18S_022_3	1	ENV_Temperature	0.395164	0.186309	-0.208856	0.499500	3.000000	1.000000	0	0	1	1.000000	0.000000	0.000000
ASV_588_16S_022_3	OTU_434_18S_022_3	1	ENV_Temperature	0.576016	0.041727	-0.534289	0.214785	3.000000	1.000000	0	0	1	1.000000	0.000000	0.000000
OTU_267_18S_022_3	OTU_373_18S_022_3	1	ENV_Temperature	0.565369	0.006423	-0.558946	0.143856	3.000000	1.000000	0	0	1	1.000000	0.000000	0.000000
OTU_100_18S_022_3	OTU_445_18S_022_3	1	ENV_Temperature	0.618023	0.038179	-0.579845	0.285714	3.000000	1.000000	0	0	1	1.000000	0.000000	0.000000
OTU_350_18S_022_3	OTU_436_18S_022_3	1	ENV_Temperature	0.507263	0.089380	-0.417884	0.144855	3.000000	1.000000	0	0	1	1.000000	0.000000	0.000000
ASV_101_16S_022_3	OTU_455_18S_022_3	1	ENV_Temperature	0.519532	0.081080	-0.438452	0.000999	3.000000	1.000000	0	0	1	1.000000	0.000000	0.000000
OTU_384_18S_022_3	OTU_455_18S_022_3	1	ENV_Temperature	0.519532	0.000000	-0.519532	0.214785	3.000000	1.000000	0	0	1	1.000000	0.000000	0.000000
ASV_1076_16S_022_3	OTU_430_18S_022_3	1	ENV_Temperature	0.682504	-0.088159	-0.770663	0.213786	3.000000	1.000000	0	0	1	1.000000	0.000000	0.000000
OTU_87_18S_022_3	OTU_463_18S_022_3	1	ENV_Temperature	0.482870	0.680367	0.197497	nan	3.000000	1.000000	0	0	1	1.000000	0.000000	0.000000
OTU_105_18S_022_3	OTU_463_18S_022_3	1	ENV_Temperature	0.596689	1.220100	0.623412	nan	3.000000	1.000000	0	0	1	1.000000	0.000000	0.000000
OTU_342_18S_022_3	OTU_463_18S_022_3	1	ENV_Temperature	0.647181	0.238702	-0.408479	0.715285	3.000000	1.000000	0	0	1	1.000000	0.000000	0.000000
OTU_329_18S_022_3	OTU_458_18S_022_3	1	ENV_Temperature	0.452041	0.125008	-0.327033	0.143856	3.000000	1.000000	0	0	1	1.000000	0.000000	0.000000
OTU_9_18S_022_3	OTU_466_18S_022_3	1	ENV_Temperature	0.418717	0.972147	0.553430	nan	3.000000	1.000000	0	0	1	1.000000	0.000000	0.000000
ASV_149_16S_022_3	OTU_485_18S_022_3	1	ENV_Temperature	0.420722	-0.045776	-0.466497	0.499500	3.000000	1.000000	0	0	1	1.000000	0.000000	0.000000
ASV_754_16S_022_3	OTU_489_18S_022_3	1	ENV_Temperature	0.727784	0.078390	-0.649394	0.500500	3.000000	1.000000	0	0	1	1.000000	0.000000	0.000000
OTU_128_18S_022_3	OTU_496_18S_022_3	1	ENV_Temperature	0.503289	0.246113	-0.257176	0.571429	3.000000	1.000000	0	0	1	1.000000	0.000000	0.000000
ASV_36_16S_022_3	OTU_509_18S_022_3	1	ENV_Temperature	0.363954	0.000000	-0.363954	0.929071	3.000000	1.000000	0	0	1	1.000000	0.000000	0.000000
ASV_364_16S_022_3	OTU_509_18S_022_3	1	ENV_Temperature	0.379321	-0.057762	-0.437083	0.286713	3.000000	1.000000	0	0	1	1.000000	0.000000	0.000000
ASV_294_16S_022_3	OTU_516_18S_022_3	1	ENV_Temperature	0.524973	-0.071782	-0.596755	0.071928	3.000000	1.000000	0	0	1	1.000000	0.000000	0.000000
OTU_436_18S_022_3	OTU_495_18S_022_3	1	ENV_Temperature	0.423685	0.050683	-0.373002	0.000999	3.000000	1.000000	0	0	1	1.000000	0.000000	0.000000
OTU_507_18S_022_3	OTU_495_18S_022_3	1	ENV_Temperature	0.544899	0.108973	-0.435927	0.142857	3.000000	1.000000	0	0	1	1.000000	0.000000	0.000000
ASV_512_16S_022_3	OTU_535_18S_022_3	1	ENV_Temperature	0.383553	0.046488	-0.337065	0.000999	3.000000	1.000000	0	0	1	1.000000	0.000000	0.000000
ASV_1851_16S_022_3	OTU_519_18S_022_3	1	ENV_Temperature	0.519532	0.148140	-0.371392	0.786214	3.000000	1.000000	0	0	1	1.000000	0.000000	0.000000
ASV_289_16S_022_3	OTU_543_18S_022_3	1	ENV_Temperature	0.489768	0.214211	-0.275557	0.716284	3.000000	1.000000	0	0	1	1.000000	0.000000	0.000000
OTU_167_18S_022_3	OTU_544_18S_022_3	1	ENV_Temperature	0.439968	0.000000	-0.439968	1.000000	3.000000	1.000000	0	0	1	1.000000	0.000000	0.000000
ASV_1380_16S_022_3	OTU_537_18S_022_3	1	ENV_Temperature	0.597818	-0.002689	-0.600507	0.142857	3.000000	1.000000	0	0	1	1.000000	0.000000	0.000000
OTU_267_18S_022_3	OTU_534_18S_022_3	1	ENV_Temperature	0.507607	-0.011987	-0.519594	0.143856	3.000000	1.000000	0	0	1	1.000000	0.000000	0.000000
OTU_121_18S_022_3	OTU_550_18S_022_3	1	ENV_Temperature	0.699930	0.083954	-0.615976	0.715285	3.000000	1.000000	0	0	1	1.000000	0.000000	0.000000
OTU_207_18S_022_3	OTU_550_18S_022_3	1	ENV_Temperature	0.645714	0.083954	-0.561759	0.643357	3.000000	1.000000	0	0	1	1.000000	0.000000	0.000000
ASV_33_16S_022_3	OTU_551_18S_022_3	1	ENV_Temperature	0.366451	0.048227	-0.318223	0.785215	3.000000	1.000000	0	0	1	1.000000	0.000000	0.000000
OTU_327_18S_022_3	OTU_491_18S_022_3	1	ENV_Temperature	0.461770	-0.015958	-0.477728	0.571429	3.000000	1.000000	0	0	1	1.000000	0.000000	0.000000
OTU_489_18S_022_3	OTU_491_18S_022_3	1	ENV_Temperature	0.492359	0.291837	-0.200522	0.786214	3.000000	1.000000	0	0	1	1.000000	0.000000	0.000000
ASV_1043_16S_022_3	OTU_493_18S_022_3	1	ENV_Temperature	0.407682	0.000000	-0.407682	1.000000	3.000000	1.000000	0	0	1	1.000000	0.000000	0.000000
OTU_146_18S_022_3	OTU_558_18S_022_3	1	ENV_Temperature	0.480408	0.136153	-0.344255	0.285714	3.000000	1.000000	0	0	1	1.000000	0.000000	0.000000
OTU_385_18S_022_3	OTU_574_18S_022_3	1	ENV_Temperature	0.528981	0.136338	-0.392642	0.429570	3.000000	1.000000	0	0	1	1.000000	0.000000	0.000000
ASV_1801_16S_022_3	OTU_568_18S_022_3	1	ENV_Temperature	0.899116	0.052198	-0.846918	0.429570	3.000000	1.000000	0	0	1	1.000000	0.000000	0.000000
ASV_560_16S_022_3	OTU_556_18S_022_3	1	ENV_Temperature	0.607048	-0.007597	-0.614644	0.071928	3.000000	1.000000	0	0	1	1.000000	0.000000	0.000000
ASV_9_16S_022_3	OTU_585_18S_022_3	1	ENV_Temperature	0.384081	0.016894	-0.367186	0.286713	3.000000	1.000000	0	0	1	1.000000	0.000000	0.000000
OTU_200_18S_022_3	OTU_582_18S_022_3	1	ENV_Temperature	0.557088	0.328894	-0.228194	0.500500	3.000000	1.000000	0	0	1	1.000000	0.000000	0.000000
OTU_605_18S_022_3	OTU_577_18S_022_3	1	ENV_Temperature	0.645052	0.017754	-0.627299	0.359640	3.000000	1.000000	0	0	1	1.000000	0.000000	0.000000
ASV_33_16S_022_3	OTU_624_18S_022_3	1	ENV_Temperature	0.357648	0.061150	-0.296498	0.358641	3.000000	1.000000	0	0	1	1.000000	0.000000	0.000000
ASV_1382_16S_022_3	OTU_624_18S_022_3	1	ENV_Temperature	0.372816	0.000000	-0.372816	0.786214	3.000000	1.000000	0	0	1	1.000000	0.000000	0.000000
OTU_158_18S_022_3	OTU_660_18S_022_3	1	ENV_Temperature	0.653025	0.097974	-0.555051	0.071928	3.000000	1.000000	0	0	1	1.000000	0.000000	0.000000
OTU_243_18S_022_3	OTU_660_18S_022_3	1	ENV_Temperature	0.597818	0.000000	-0.597818	0.928072	3.000000	1.000000	0	0	1	1.000000	0.000000	0.000000
OTU_270_18S_022_3	OTU_655_18S_022_3	1	ENV_Temperature	0.682767	0.081080	-0.601688	0.501499	3.000000	1.000000	0	0	1	1.000000	0.000000	0.000000
ASV_1446_16S_022_3	OTU_652_18S_022_3	1	ENV_Temperature	0.378589	0.002219	-0.376371	0.214785	3.000000	1.000000	0	0	1	1.000000	0.000000	0.000000
OTU_200_18S_022_3	OTU_675_18S_022_3	1	ENV_Temperature	0.691824	0.167391	-0.524433	0.500500	3.000000	1.000000	0	0	1	1.000000	0.000000	0.000000
OTU_574_18S_022_3	OTU_675_18S_022_3	1	ENV_Temperature	0.528981	0.172299	-0.356682	0.643357	3.000000	1.000000	0	0	1	1.000000	0.000000	0.000000
ASV_1825_16S_022_3	OTU_689_18S_022_3	1	ENV_Temperature	0.707022	-0.170598	-0.877619	0.929071	3.000000	1.000000	0	0	1	1.000000	0.000000	0.000000
ASV_2181_16S_022_3	OTU_689_18S_022_3	1	ENV_Temperature	0.625005	0.000000	-0.625005	1.000000	3.000000	1.000000	0	0	1	1.000000	0.000000	0.000000
OTU_60_18S_022_3	OTU_707_18S_022_3	1	ENV_Temperature	0.722945	-0.034963	-0.757908	0.356643	3.000000	1.000000	0	0	1	1.000000	0.000000	0.000000
ASV_2085_16S_022_3	OTU_716_18S_022_3	1	ENV_Temperature	0.404007	0.000000	-0.404007	1.000000	3.000000	1.000000	0	0	1	1.000000	0.000000	0.000000
OTU_268_18S_022_3	OTU_716_18S_022_3	1	ENV_Temperature	0.566149	0.000000	-0.566149	0.929071	3.000000	1.000000	0	0	1	1.000000	0.000000	0.000000
ASV_874_16S_022_3	OTU_733_18S_022_3	1	ENV_Temperature	0.416375	0.000000	-0.416375	0.142857	3.000000	1.000000	0	0	1	1.000000	0.000000	0.000000
OTU_320_18S_022_3	OTU_729_18S_022_3	1	ENV_Temperature	0.711204	0.318081	-0.393123	0.358641	3.000000	1.000000	0	0	1	1.000000	0.000000	0.000000
ASV_301_16S_022_3	OTU_751_18S_022_3	1	ENV_Temperature	0.394702	0.009298	-0.385404	0.143856	2.000000	1.000000	0	1	0	1.000000	0.000000	0.000000
ASV_505_16S_022_3	OTU_747_18S_022_3	1	ENV_Temperature	0.385681	0.026192	-0.359489	0.357642	3.000000	1.000000	0	0	1	1.000000	0.000000	0.000000
OTU_345_18S_022_3	OTU_766_18S_022_3	1	ENV_Temperature	0.838470	0.035304	-0.803166	0.500500	3.000000	1.000000	0	0	1	1.000000	0.000000	0.000000
OTU_413_18S_022_3	OTU_771_18S_022_3	1	ENV_Temperature	0.717719	0.186318	-0.531400	0.430569	3.000000	1.000000	0	0	1	1.000000	0.000000	0.000000
OTU_516_18S_022_3	OTU_771_18S_022_3	1	ENV_Temperature	0.614105	0.100331	-0.513774	0.072927	3.000000	1.000000	0	0	1	1.000000	0.000000	0.000000
ASV_300_16S_022_3	OTU_763_18S_022_3	1	ENV_Temperature	0.768220	0.067060	-0.701160	0.357642	3.000000	1.000000	0	0	1	1.000000	0.000000	0.000000
ASV_759_16S_022_3	OTU_763_18S_022_3	1	ENV_Temperature	0.673006	0.067060	-0.605946	0.357642	3.000000	1.000000	0	0	1	1.000000	0.000000	0.000000
OTU_22_18S_022_3	OTU_754_18S_022_3	1	ENV_Temperature	0.571923	2.178551	1.606628	nan	3.000000	1.000000	0	0	1	1.000000	0.000000	0.000000
OTU_707_18S_022_3	OTU_754_18S_022_3	1	ENV_Temperature	0.655580	0.086406	-0.569174	0.786214	3.000000	1.000000	0	0	1	1.000000	0.000000	0.000000
ASV_192_16S_022_3	OTU_798_18S_022_3	1	ENV_Temperature	0.378789	0.323313	-0.055476	0.358641	3.000000	1.000000	0	0	1	1.000000	0.000000	0.000000
ASV_2084_16S_022_3	OTU_817_18S_022_3	1	ENV_Temperature	0.408776	0.000000	-0.408776	1.000000	3.000000	1.000000	0	0	1	1.000000	0.000000	0.000000
OTU_320_18S_022_3	OTU_811_18S_022_3	1	ENV_Temperature	0.375159	0.000000	-0.375159	0.571429	3.000000	1.000000	0	0	1	1.000000	0.000000	0.000000
OTU_335_18S_022_3	OTU_825_18S_022_3	1	ENV_Temperature	0.670022	0.112835	-0.557186	0.785215	3.000000	1.000000	0	0	1	1.000000	0.000000	0.000000
ASV_782_16S_022_3	OTU_826_18S_022_3	1	ENV_Temperature	0.545441	0.000000	-0.545441	0.214785	3.000000	1.000000	0	0	1	1.000000	0.000000	0.000000
OTU_754_18S_022_3	OTU_518_18S_022_3	1	ENV_Temperature	0.531283	0.261911	-0.269371	0.500500	3.000000	1.000000	0	0	1	1.000000	0.000000	0.000000
OTU_393_18S_022_3	OTU_797_18S_022_3	1	ENV_Temperature	0.538808	0.067060	-0.471748	0.000999	3.000000	1.000000	0	0	1	1.000000	0.000000	0.000000
OTU_698_18S_022_3	OTU_797_18S_022_3	1	ENV_Temperature	0.479070	0.059463	-0.419607	0.071928	3.000000	1.000000	0	0	1	1.000000	0.000000	0.000000
OTU_798_18S_022_3	OTU_797_18S_022_3	1	ENV_Temperature	0.381554	0.018595	-0.362959	0.000999	3.000000	1.000000	0	0	1	1.000000	0.000000	0.000000
OTU_766_18S_022_3	OTU_846_18S_022_3	1	ENV_Temperature	0.681684	0.134793	-0.546891	0.500500	3.000000	1.000000	0	0	1	1.000000	0.000000	0.000000
OTU_662_18S_022_3	OTU_847_18S_022_3	1	ENV_Temperature	0.404007	0.038179	-0.365829	0.214785	3.000000	1.000000	0	0	1	1.000000	0.000000	0.000000
ASV_1732_16S_022_3	OTU_851_18S_022_3	1	ENV_Temperature	0.472427	-0.010471	-0.482898	0.642358	3.000000	1.000000	0	0	1	1.000000	0.000000	0.000000
ASV_824_16S_022_3	OTU_850_18S_022_3	1	ENV_Temperature	0.589045	0.122133	-0.466912	0.357642	3.000000	1.000000	0	0	1	1.000000	0.000000	0.000000
ASV_500_16S_022_3	OTU_868_18S_022_3	1	ENV_Temperature	0.566149	0.110146	-0.456003	0.071928	3.000000	1.000000	0	0	1	1.000000	0.000000	0.000000
OTU_644_18S_022_3	OTU_872_18S_022_3	1	ENV_Temperature	0.322652	0.055073	-0.267579	0.572428	3.000000	1.000000	0	0	1	1.000000	0.000000	0.000000
ASV_1139_16S_022_3	OTU_873_18S_022_3	1	ENV_Temperature	0.519532	0.000000	-0.519532	1.000000	3.000000	1.000000	0	0	1	1.000000	0.000000	0.000000
ASV_1201_16S_022_3	OTU_873_18S_022_3	1	ENV_Temperature	0.577294	0.000000	-0.577294	1.000000	3.000000	1.000000	0	0	1	1.000000	0.000000	0.000000
ASV_1382_16S_022_3	OTU_873_18S_022_3	1	ENV_Temperature	0.461770	0.000000	-0.461770	1.000000	3.000000	1.000000	0	0	1	1.000000	0.000000	0.000000
OTU_342_18S_022_3	OTU_787_18S_022_3	1	ENV_Temperature	0.591666	0.359134	-0.232532	0.858142	3.000000	1.000000	0	0	1	1.000000	0.000000	0.000000
OTU_419_18S_022_3	OTU_787_18S_022_3	1	ENV_Temperature	0.680162	0.357619	-0.322543	0.644356	3.000000	1.000000	0	0	1	1.000000	0.000000	0.000000
OTU_716_18S_022_3	OTU_787_18S_022_3	1	ENV_Temperature	0.475311	0.000000	-0.475311	0.929071	3.000000	1.000000	0	0	1	1.000000	0.000000	0.000000
OTU_98_18S_022_3	OTU_866_18S_022_3	1	ENV_Temperature	0.577294	0.000000	-0.577294	0.928072	3.000000	1.000000	0	0	1	1.000000	0.000000	0.000000
OTU_519_18S_022_3	OTU_866_18S_022_3	1	ENV_Temperature	0.435861	0.000000	-0.435861	1.000000	3.000000	1.000000	0	0	1	1.000000	0.000000	0.000000
ASV_958_16S_022_3	OTU_887_18S_022_3	1	ENV_Temperature	0.466538	0.000000	-0.466538	1.000000	3.000000	1.000000	0	0	1	1.000000	0.000000	0.000000
ASV_1190_16S_022_3	OTU_887_18S_022_3	1	ENV_Temperature	0.612638	0.229219	-0.383419	0.786214	3.000000	1.000000	0	0	1	1.000000	0.000000	0.000000
OTU_870_18S_022_3	OTU_894_18S_022_3	1	ENV_Temperature	0.406323	0.052198	-0.354125	0.571429	3.000000	1.000000	0	0	1	1.000000	0.000000	0.000000
ASV_1335_16S_022_3	OTU_910_18S_022_3	1	ENV_Temperature	0.276732	0.021284	-0.255448	0.000999	3.000000	1.000000	0	0	1	1.000000	0.000000	0.000000
OTU_148_18S_022_3	OTU_917_18S_022_3	1	ENV_Temperature	0.351014	0.000000	-0.351014	1.000000	3.000000	1.000000	0	0	1	1.000000	0.000000	0.000000
OTU_644_18S_022_3	OTU_917_18S_022_3	1	ENV_Temperature	0.368047	0.000000	-0.368047	1.000000	3.000000	1.000000	0	0	1	1.000000	0.000000	0.000000
OTU_724_18S_022_3	OTU_917_18S_022_3	1	ENV_Temperature	0.351014	0.000000	-0.351014	1.000000	3.000000	1.000000	0	0	1	1.000000	0.000000	0.000000
OTU_807_18S_022_3	OTU_920_18S_022_3	1	ENV_Temperature	0.334495	0.083954	-0.250540	0.643357	3.000000	1.000000	0	0	1	1.000000	0.000000	0.000000
ASV_760_16S_022_3	OTU_931_18S_022_3	1	ENV_Temperature	0.464086	0.000000	-0.464086	1.000000	3.000000	1.000000	0	0	1	1.000000	0.000000	0.000000
ASV_2009_16S_022_3	OTU_931_18S_022_3	1	ENV_Temperature	0.625005	0.083954	-0.541051	0.000999	3.000000	1.000000	0	0	1	1.000000	0.000000	0.000000
OTU_86_18S_022_3	OTU_931_18S_022_3	1	ENV_Temperature	0.358613	0.225671	-0.132942	0.786214	3.000000	1.000000	0	0	1	1.000000	0.000000	0.000000
ASV_381_16S_022_3	OTU_942_18S_022_3	1	ENV_Temperature	0.476315	0.128370	-0.347945	0.142857	3.000000	1.000000	0	0	1	1.000000	0.000000	0.000000
ASV_1054_16S_022_3	OTU_942_18S_022_3	1	ENV_Temperature	0.571923	0.243239	-0.328684	0.285714	3.000000	1.000000	0	0	1	1.000000	0.000000	0.000000
OTU_402_18S_022_3	OTU_932_18S_022_3	1	ENV_Temperature	0.574052	0.978031	0.403979	nan	3.000000	1.000000	0	0	1	1.000000	0.000000	0.000000
OTU_456_18S_022_3	OTU_932_18S_022_3	1	ENV_Temperature	0.611221	-0.040868	-0.652089	0.071928	3.000000	1.000000	0	0	1	1.000000	0.000000	0.000000
OTU_797_18S_022_3	OTU_932_18S_022_3	1	ENV_Temperature	0.579527	0.067060	-0.512467	0.000999	3.000000	1.000000	0	0	1	1.000000	0.000000	0.000000
ASV_4_16S_022_3	OTU_956_18S_022_3	1	ENV_Temperature	0.341869	0.179895	-0.161973	0.572428	3.000000	1.000000	0	0	1	1.000000	0.000000	0.000000
OTU_563_18S_022_3	OTU_956_18S_022_3	1	ENV_Temperature	0.461770	0.122133	-0.339637	0.430569	3.000000	1.000000	0	0	1	1.000000	0.000000	0.000000
ASV_670_16S_022_3	OTU_977_18S_022_3	1	ENV_Temperature	0.404669	0.026192	-0.378477	0.071928	3.000000	1.000000	0	0	1	1.000000	0.000000	0.000000
OTU_807_18S_022_3	OTU_964_18S_022_3	1	ENV_Temperature	0.483572	0.134120	-0.349452	0.500500	3.000000	1.000000	0	0	1	1.000000	0.000000	0.000000
OTU_716_18S_022_3	OTU_960_18S_022_3	1	ENV_Temperature	0.706360	0.000000	-0.706360	1.000000	3.000000	1.000000	0	0	1	1.000000	0.000000	0.000000
OTU_445_18S_022_3	OTU_992_18S_022_3	1	ENV_Temperature	0.430290	0.000000	-0.430290	0.714286	3.000000	1.000000	0	0	1	1.000000	0.000000	0.000000
ASV_1223_16S_022_3	OTU_985_18S_022_3	1	ENV_Temperature	0.519532	-0.184617	-0.704149	0.928072	3.000000	1.000000	0	0	1	1.000000	0.000000	0.000000
ASV_23_16S_022_3	OTU_1014_18S_022_3	1	ENV_Temperature	0.447626	0.204045	-0.243581	0.428571	3.000000	1.000000	0	0	1	1.000000	0.000000	0.000000
OTU_514_18S_022_3	OTU_1024_18S_022_3	1	ENV_Temperature	0.300418	0.055073	-0.245345	0.572428	3.000000	1.000000	0	0	1	1.000000	0.000000	0.000000
OTU_732_18S_022_3	OTU_1024_18S_022_3	1	ENV_Temperature	0.435861	0.112835	-0.323025	0.572428	3.000000	1.000000	0	0	1	1.000000	0.000000	0.000000
OTU_551_18S_022_3	OTU_1070_18S_022_3	1	ENV_Temperature	0.599096	0.000000	-0.599096	1.000000	3.000000	1.000000	0	0	1	1.000000	0.000000	0.000000
OTU_955_18S_022_3	OTU_1075_18S_022_3	1	ENV_Temperature	0.577294	0.000000	-0.577294	1.000000	3.000000	1.000000	0	0	1	1.000000	0.000000	0.000000
OTU_1070_18S_022_3	OTU_1075_18S_022_3	1	ENV_Temperature	0.656858	0.000000	-0.656858	1.000000	3.000000	1.000000	0	0	1	1.000000	0.000000	0.000000
OTU_680_18S_022_3	OTU_1076_18S_022_3	1	ENV_Temperature	0.576016	0.165219	-0.410796	0.500500	3.000000	1.000000	0	0	1	1.000000	0.000000	0.000000
OTU_940_18S_022_3	OTU_1094_18S_022_3	1	ENV_Temperature	0.276732	0.000000	-0.276732	0.928072	3.000000	1.000000	0	0	1	1.000000	0.000000	0.000000
ASV_482_16S_022_3	OTU_1102_18S_022_3	1	ENV_Temperature	0.425193	-0.004390	-0.429583	0.500500	3.000000	1.000000	0	0	1	1.000000	0.000000	0.000000
OTU_870_18S_022_3	OTU_1102_18S_022_3	1	ENV_Temperature	0.567243	0.217232	-0.350010	0.714286	3.000000	1.000000	0	0	1	1.000000	0.000000	0.000000
OTU_612_18S_022_3	OTU_1095_18S_022_3	1	ENV_Temperature	0.680302	0.107457	-0.572844	0.142857	3.000000	1.000000	0	0	1	1.000000	0.000000	0.000000
OTU_889_18S_022_3	OTU_1110_18S_022_3	1	ENV_Temperature	0.545441	0.000000	-0.545441	0.857143	3.000000	1.000000	0	0	1	1.000000	0.000000	0.000000
OTU_561_18S_022_3	OTU_1142_18S_022_3	1	ENV_Temperature	0.414059	0.000000	-0.414059	1.000000	3.000000	1.000000	0	0	1	1.000000	0.000000	0.000000
OTU_585_18S_022_3	OTU_1142_18S_022_3	1	ENV_Temperature	0.656858	0.165034	-0.491825	0.572428	3.000000	1.000000	0	0	1	1.000000	0.000000	0.000000
OTU_976_18S_022_3	OTU_1142_18S_022_3	1	ENV_Temperature	0.414059	0.000000	-0.414059	1.000000	3.000000	1.000000	0	0	1	1.000000	0.000000	0.000000
ASV_1145_16S_022_3	OTU_1143_18S_022_3	1	ENV_Temperature	0.524300	0.000000	-0.524300	0.356643	3.000000	1.000000	0	0	1	1.000000	0.000000	0.000000
OTU_28_18S_022_3	OTU_1143_18S_022_3	1	ENV_Temperature	0.228099	-0.005564	-0.233663	0.143856	2.000000	1.000000	0	1	0	1.000000	0.000000	0.000000
OTU_469_18S_022_3	OTU_1104_18S_022_3	1	ENV_Temperature	0.435258	0.055073	-0.380185	0.716284	3.000000	1.000000	0	0	1	1.000000	0.000000	0.000000
ASV_93_16S_022_3	OTU_1153_18S_022_3	1	ENV_Temperature	0.703476	0.095099	-0.608377	0.642358	3.000000	1.000000	0	0	1	1.000000	0.000000	0.000000
OTU_46_18S_022_3	OTU_1153_18S_022_3	1	ENV_Temperature	0.489853	0.000000	-0.489853	0.428571	3.000000	1.000000	0	0	1	1.000000	0.000000	0.000000
ASV_174_16S_022_3	OTU_1148_18S_022_3	1	ENV_Temperature	0.513773	0.134120	-0.379653	0.786214	3.000000	1.000000	0	0	1	1.000000	0.000000	0.000000
ASV_501_16S_022_3	OTU_1149_18S_022_3	1	ENV_Temperature	0.456777	0.107272	-0.349505	0.357642	3.000000	1.000000	0	0	1	1.000000	0.000000	0.000000
ASV_765_16S_022_3	OTU_1111_18S_022_3	1	ENV_Temperature	0.655580	0.232094	-0.423486	0.642358	3.000000	1.000000	0	0	1	1.000000	0.000000	0.000000
OTU_1139_18S_022_3	OTU_1111_18S_022_3	1	ENV_Temperature	0.651204	0.196790	-0.454414	0.571429	3.000000	1.000000	0	0	1	1.000000	0.000000	0.000000
ASV_1139_16S_022_3	OTU_1144_18S_022_3	1	ENV_Temperature	0.509481	0.000000	-0.509481	1.000000	3.000000	1.000000	0	0	1	1.000000	0.000000	0.000000
OTU_1010_18S_022_3	OTU_1180_18S_022_3	1	ENV_Temperature	0.300850	0.000000	-0.300850	0.785215	3.000000	1.000000	0	0	1	1.000000	0.000000	0.000000
ASV_505_16S_022_3	OTU_1191_18S_022_3	1	ENV_Temperature	0.324443	0.000000	-0.324443	0.713287	3.000000	1.000000	0	0	1	1.000000	0.000000	0.000000
OTU_1153_18S_022_3	OTU_1191_18S_022_3	1	ENV_Temperature	0.541334	0.000000	-0.541334	0.928072	3.000000	1.000000	0	0	1	1.000000	0.000000	0.000000
ASV_2181_16S_022_3	OTU_1179_18S_022_3	1	ENV_Temperature	0.465876	0.000000	-0.465876	1.000000	3.000000	1.000000	0	0	1	1.000000	0.000000	0.000000
ASV_504_16S_022_3	OTU_1230_18S_022_3	1	ENV_Temperature	0.688273	0.083954	-0.604319	0.214785	3.000000	1.000000	0	0	1	1.000000	0.000000	0.000000
OTU_345_18S_022_3	OTU_1230_18S_022_3	1	ENV_Temperature	0.663587	0.081080	-0.582507	0.571429	3.000000	1.000000	0	0	1	1.000000	0.000000	0.000000
ASV_1028_16S_022_3	OTU_1123_18S_022_3	1	ENV_Temperature	0.589045	0.000000	-0.589045	1.000000	3.000000	1.000000	0	0	1	1.000000	0.000000	0.000000
OTU_268_18S_022_3	OTU_1123_18S_022_3	1	ENV_Temperature	0.666854	0.148140	-0.518715	0.787213	3.000000	1.000000	0	0	1	1.000000	0.000000	0.000000
OTU_287_18S_022_3	OTU_1246_18S_022_3	1	ENV_Temperature	0.435861	0.112835	-0.323025	0.714286	3.000000	1.000000	0	0	1	1.000000	0.000000	0.000000
OTU_733_18S_022_3	OTU_1246_18S_022_3	1	ENV_Temperature	0.435861	0.000000	-0.435861	1.000000	3.000000	1.000000	0	0	1	1.000000	0.000000	0.000000
OTU_29_18S_022_3	OTU_1247_18S_022_3	1	ENV_Temperature	0.504095	0.355401	-0.148695	0.572428	3.000000	1.000000	0	0	1	1.000000	0.000000	0.000000
OTU_58_18S_022_3	OTU_1247_18S_022_3	1	ENV_Temperature	0.396046	0.113177	-0.282869	0.213786	3.000000	1.000000	0	0	1	1.000000	0.000000	0.000000
ASV_610_16S_022_3	OTU_1252_18S_022_3	1	ENV_Temperature	0.542557	0.081080	-0.461477	0.286713	3.000000	1.000000	0	0	1	1.000000	0.000000	0.000000
OTU_866_18S_022_3	OTU_1252_18S_022_3	1	ENV_Temperature	0.519532	0.000000	-0.519532	1.000000	3.000000	1.000000	0	0	1	1.000000	0.000000	0.000000
OTU_1139_18S_022_3	OTU_1252_18S_022_3	1	ENV_Temperature	0.465876	0.165034	-0.300843	0.714286	3.000000	1.000000	0	0	1	1.000000	0.000000	0.000000
ASV_72_16S_022_3	OTU_1262_18S_022_3	1	ENV_Temperature	0.417126	0.086173	-0.330953	0.214785	2.000000	1.000000	0	1	0	1.000000	0.000000	0.000000
ASV_1043_16S_022_3	OTU_1263_18S_022_3	1	ENV_Temperature	0.533073	0.000000	-0.533073	1.000000	3.000000	1.000000	0	0	1	1.000000	0.000000	0.000000
OTU_466_18S_022_3	OTU_1263_18S_022_3	1	ENV_Temperature	0.535963	1.536117	1.000154	nan	3.000000	1.000000	0	0	1	1.000000	0.000000	0.000000
OTU_1139_18S_022_3	OTU_1263_18S_022_3	1	ENV_Temperature	0.673006	-0.014861	-0.687867	0.356643	3.000000	1.000000	0	0	1	1.000000	0.000000	0.000000
OTU_436_18S_022_3	OTU_1266_18S_022_3	1	ENV_Temperature	0.447626	0.045776	-0.401850	0.572428	3.000000	1.000000	0	0	1	1.000000	0.000000	0.000000
OTU_456_18S_022_3	OTU_1284_18S_022_3	1	ENV_Temperature	0.704306	0.045776	-0.658531	0.000999	3.000000	1.000000	0	0	1	1.000000	0.000000	0.000000
OTU_7_18S_022_3	OTU_1285_18S_022_3	1	ENV_Temperature	0.363969	0.000000	-0.363969	0.928072	3.000000	1.000000	0	0	1	1.000000	0.000000	0.000000
OTU_58_18S_022_3	OTU_1285_18S_022_3	1	ENV_Temperature	0.276931	-0.028881	-0.305812	0.570430	2.000000	1.000000	0	1	0	1.000000	0.000000	0.000000
OTU_241_18S_022_3	OTU_1287_18S_022_3	1	ENV_Temperature	0.435258	0.000000	-0.435258	0.214785	3.000000	1.000000	0	0	1	1.000000	0.000000	0.000000
ASV_1348_16S_022_3	OTU_1202_18S_022_3	1	ENV_Temperature	0.356297	0.000000	-0.356297	1.000000	3.000000	1.000000	0	0	1	1.000000	0.000000	0.000000
ASV_2083_16S_022_3	OTU_1202_18S_022_3	1	ENV_Temperature	0.414059	0.112835	-0.301223	0.857143	3.000000	1.000000	0	0	1	1.000000	0.000000	0.000000
OTU_655_18S_022_3	OTU_1295_18S_022_3	1	ENV_Temperature	0.579610	0.000000	-0.579610	1.000000	3.000000	1.000000	0	0	1	1.000000	0.000000	0.000000
ASV_671_16S_022_3	OTU_1294_18S_022_3	1	ENV_Temperature	0.439968	0.000000	-0.439968	1.000000	3.000000	1.000000	0	0	1	1.000000	0.000000	0.000000
ASV_754_16S_022_3	OTU_1258_18S_022_3	1	ENV_Temperature	0.567243	0.052198	-0.515044	0.858142	3.000000	1.000000	0	0	1	1.000000	0.000000	0.000000
ASV_823_16S_022_3	OTU_1258_18S_022_3	1	ENV_Temperature	0.704569	0.000000	-0.704569	1.000000	3.000000	1.000000	0	0	1	1.000000	0.000000	0.000000
ASV_1593_16S_022_3	OTU_1258_18S_022_3	1	ENV_Temperature	0.541334	-0.081080	-0.622414	0.357642	3.000000	1.000000	0	0	1	1.000000	0.000000	0.000000
ASV_2304_16S_022_3	OTU_1258_18S_022_3	1	ENV_Temperature	0.682767	0.000000	-0.682767	1.000000	3.000000	1.000000	0	0	1	1.000000	0.000000	0.000000
ASV_2185_16S_022_3	OTU_1290_18S_022_3	1	ENV_Temperature	0.466538	0.000000	-0.466538	1.000000	3.000000	1.000000	0	0	1	1.000000	0.000000	0.000000
OTU_1139_18S_022_3	OTU_1290_18S_022_3	1	ENV_Temperature	0.706360	0.112835	-0.593525	0.285714	3.000000	1.000000	0	0	1	1.000000	0.000000	0.000000
OTU_1283_18S_022_3	OTU_1290_18S_022_3	1	ENV_Temperature	0.728162	0.083954	-0.644208	0.214785	3.000000	1.000000	0	0	1	1.000000	0.000000	0.000000
OTU_577_18S_022_3	OTU_1281_18S_022_3	1	ENV_Temperature	0.623912	0.052198	-0.571713	0.216783	3.000000	1.000000	0	0	1	1.000000	0.000000	0.000000
OTU_41_18S_022_3	OTU_1338_18S_022_3	1	ENV_Temperature	0.231999	1.319966	1.087967	nan	2.000000	1.000000	0	1	0	1.000000	0.000000	0.000000
OTU_1077_18S_022_3	OTU_1291_18S_022_3	1	ENV_Temperature	0.521848	0.112835	-0.409013	0.786214	3.000000	1.000000	0	0	1	1.000000	0.000000	0.000000
OTU_577_18S_022_3	OTU_1334_18S_022_3	1	ENV_Temperature	0.587951	0.000000	-0.587951	1.000000	3.000000	1.000000	0	0	1	1.000000	0.000000	0.000000
OTU_1210_18S_022_3	OTU_1374_18S_022_3	1	ENV_Temperature	0.541334	0.000000	-0.541334	1.000000	3.000000	1.000000	0	0	1	1.000000	0.000000	0.000000
ASV_189_16S_022_3	OTU_1381_18S_022_3	1	ENV_Temperature	0.403391	0.000000	-0.403391	0.644356	3.000000	1.000000	0	0	1	1.000000	0.000000	0.000000
OTU_338_18S_022_3	OTU_1381_18S_022_3	1	ENV_Temperature	0.492737	0.067060	-0.425677	0.571429	3.000000	1.000000	0	0	1	1.000000	0.000000	0.000000
OTU_724_18S_022_3	OTU_1381_18S_022_3	1	ENV_Temperature	0.444736	0.052198	-0.392538	0.285714	3.000000	1.000000	0	0	1	1.000000	0.000000	0.000000
ASV_1028_16S_022_3	OTU_1358_18S_022_3	1	ENV_Temperature	0.531283	0.000000	-0.531283	0.857143	3.000000	1.000000	0	0	1	1.000000	0.000000	0.000000
ASV_1136_16S_022_3	OTU_1358_18S_022_3	1	ENV_Temperature	0.495322	0.000000	-0.495322	1.000000	3.000000	1.000000	0	0	1	1.000000	0.000000	0.000000
ASV_1401_16S_022_3	OTU_1413_18S_022_3	1	ENV_Temperature	0.599096	0.000000	-0.599096	0.928072	3.000000	1.000000	0	0	1	1.000000	0.000000	0.000000
OTU_889_18S_022_3	OTU_1413_18S_022_3	1	ENV_Temperature	0.519532	0.000000	-0.519532	0.928072	3.000000	1.000000	0	0	1	1.000000	0.000000	0.000000
OTU_6_18S_022_3	OTU_1422_18S_022_3	1	ENV_Temperature	0.443066	0.038769	-0.404296	0.285714	3.000000	1.000000	0	0	1	1.000000	0.000000	0.000000
OTU_26_18S_022_3	OTU_1422_18S_022_3	1	ENV_Temperature	0.668530	0.073483	-0.595047	0.214785	3.000000	1.000000	0	0	1	1.000000	0.000000	0.000000
OTU_144_18S_022_3	OTU_1422_18S_022_3	1	ENV_Temperature	0.501758	0.037005	-0.464753	0.429570	3.000000	1.000000	0	0	1	1.000000	0.000000	0.000000
ASV_947_16S_022_3	OTU_1432_18S_022_3	1	ENV_Temperature	0.344967	0.014020	-0.330947	0.358641	3.000000	1.000000	0	0	1	1.000000	0.000000	0.000000
OTU_406_18S_022_3	OTU_1432_18S_022_3	1	ENV_Temperature	0.510610	0.045776	-0.464834	0.715285	3.000000	1.000000	0	0	1	1.000000	0.000000	0.000000
OTU_535_18S_022_3	OTU_1485_18S_022_3	1	ENV_Temperature	0.446532	0.115525	-0.331008	0.071928	3.000000	1.000000	0	0	1	1.000000	0.000000	0.000000
OTU_1262_18S_022_3	OTU_1485_18S_022_3	1	ENV_Temperature	0.451286	0.101366	-0.349920	0.000999	3.000000	1.000000	0	0	1	1.000000	0.000000	0.000000
OTU_872_18S_022_3	OTU_1494_18S_022_3	1	ENV_Temperature	0.509481	0.139027	-0.370453	0.358641	3.000000	1.000000	0	0	1	1.000000	0.000000	0.000000
OTU_1404_18S_022_3	OTU_1494_18S_022_3	1	ENV_Temperature	0.461770	0.220107	-0.241663	0.714286	3.000000	1.000000	0	0	1	1.000000	0.000000	0.000000
OTU_955_18S_022_3	OTU_1510_18S_022_3	1	ENV_Temperature	0.437083	0.000000	-0.437083	0.928072	3.000000	1.000000	0	0	1	1.000000	0.000000	0.000000
OTU_184_18S_022_3	OTU_1509_18S_022_3	1	ENV_Temperature	0.519532	0.000000	-0.519532	0.928072	3.000000	1.000000	0	0	1	1.000000	0.000000	0.000000
OTU_408_18S_022_3	OTU_1545_18S_022_3	1	ENV_Temperature	0.589045	0.122133	-0.466912	0.072927	3.000000	1.000000	0	0	1	1.000000	0.000000	0.000000
OTU_662_18S_022_3	OTU_1545_18S_022_3	1	ENV_Temperature	0.589045	0.038179	-0.550866	0.071928	3.000000	1.000000	0	0	1	1.000000	0.000000	0.000000
OTU_1024_18S_022_3	OTU_1545_18S_022_3	1	ENV_Temperature	0.495939	0.000000	-0.495939	0.858142	3.000000	1.000000	0	0	1	1.000000	0.000000	0.000000
OTU_956_18S_022_3	OTU_1561_18S_022_3	1	ENV_Temperature	0.483572	0.000000	-0.483572	1.000000	3.000000	1.000000	0	0	1	1.000000	0.000000	0.000000
OTU_749_18S_022_3	OTU_1573_18S_022_3	1	ENV_Temperature	0.599096	0.165034	-0.434062	0.715285	3.000000	1.000000	0	0	1	1.000000	0.000000	0.000000
ASV_1043_16S_022_3	OTU_1575_18S_022_3	1	ENV_Temperature	0.446527	0.000000	-0.446527	1.000000	3.000000	1.000000	0	0	1	1.000000	0.000000	0.000000
ASV_1328_16S_022_3	OTU_1575_18S_022_3	1	ENV_Temperature	0.509481	-0.173933	-0.683413	1.000000	3.000000	1.000000	0	0	1	1.000000	0.000000	0.000000
OTU_1191_18S_022_3	OTU_1594_18S_022_3	1	ENV_Temperature	0.599096	0.081080	-0.518017	0.357642	3.000000	1.000000	0	0	1	1.000000	0.000000	0.000000
OTU_1573_18S_022_3	OTU_1594_18S_022_3	1	ENV_Temperature	0.541334	0.193915	-0.347419	0.857143	3.000000	1.000000	0	0	1	1.000000	0.000000	0.000000
OTU_100_18S_022_3	OTU_1598_18S_022_3	1	ENV_Temperature	0.572301	0.047476	-0.524825	0.642358	3.000000	1.000000	0	0	1	1.000000	0.000000	0.000000
OTU_1075_18S_022_3	OTU_1618_18S_022_3	1	ENV_Temperature	0.356297	0.000000	-0.356297	1.000000	3.000000	1.000000	0	0	1	1.000000	0.000000	0.000000
OTU_1404_18S_022_3	OTU_1618_18S_022_3	1	ENV_Temperature	0.356297	0.000000	-0.356297	1.000000	3.000000	1.000000	0	0	1	1.000000	0.000000	0.000000
ASV_41_16S_022_3	OTU_1606_18S_022_3	1	ENV_Temperature	0.483572	0.000000	-0.483572	0.571429	2.000000	1.000000	0	1	0	1.000000	0.000000	0.000000
OTU_551_18S_022_3	OTU_1606_18S_022_3	1	ENV_Temperature	0.493623	0.081080	-0.412544	0.786214	3.000000	1.000000	0	0	1	1.000000	0.000000	0.000000
OTU_509_18S_022_3	OTU_1631_18S_022_3	1	ENV_Temperature	0.438177	0.000000	-0.438177	1.000000	3.000000	1.000000	0	0	1	1.000000	0.000000	0.000000
ASV_932_16S_022_3	OTU_1609_18S_022_3	1	ENV_Temperature	0.416375	0.000000	-0.416375	0.571429	3.000000	1.000000	0	0	1	1.000000	0.000000	0.000000
OTU_453_18S_022_3	OTU_1609_18S_022_3	1	ENV_Temperature	0.656858	0.000000	-0.656858	0.643357	3.000000	1.000000	0	0	1	1.000000	0.000000	0.000000
OTU_920_18S_022_3	OTU_1609_18S_022_3	1	ENV_Temperature	0.356297	0.000000	-0.356297	0.786214	3.000000	1.000000	0	0	1	1.000000	0.000000	0.000000
OTU_422_18S_022_3	OTU_1634_18S_022_3	1	ENV_Temperature	0.525897	0.086829	-0.439068	0.214785	3.000000	1.000000	0	0	1	1.000000	0.000000	0.000000
OTU_466_18S_022_3	OTU_1634_18S_022_3	1	ENV_Temperature	0.593725	0.010471	-0.583254	0.214785	3.000000	1.000000	0	0	1	1.000000	0.000000	0.000000
OTU_749_18S_022_3	OTU_1670_18S_022_3	1	ENV_Temperature	0.521848	0.081080	-0.440768	0.572428	3.000000	1.000000	0	0	1	1.000000	0.000000	0.000000
OTU_1153_18S_022_3	OTU_1670_18S_022_3	1	ENV_Temperature	0.524300	0.052198	-0.472102	0.429570	3.000000	1.000000	0	0	1	1.000000	0.000000	0.000000
OTU_724_18S_022_3	OTU_1682_18S_022_3	1	ENV_Temperature	0.358613	0.083954	-0.274658	0.572428	3.000000	1.000000	0	0	1	1.000000	0.000000	0.000000
OTU_1173_18S_022_3	OTU_1671_18S_022_3	1	ENV_Temperature	0.545441	0.052198	-0.493242	0.144855	3.000000	1.000000	0	0	1	1.000000	0.000000	0.000000
OTU_644_18S_022_3	OTU_1707_18S_022_3	1	ENV_Temperature	0.435861	0.000000	-0.435861	0.929071	3.000000	1.000000	0	0	1	1.000000	0.000000	0.000000
OTU_910_18S_022_3	OTU_1707_18S_022_3	1	ENV_Temperature	0.356297	0.067060	-0.289237	0.501499	3.000000	1.000000	0	0	1	1.000000	0.000000	0.000000
ASV_1593_16S_022_3	OTU_1762_18S_022_3	1	ENV_Temperature	0.435861	0.000000	-0.435861	0.857143	3.000000	1.000000	0	0	1	1.000000	0.000000	0.000000
OTU_46_18S_022_3	OTU_1763_18S_022_3	1	ENV_Temperature	0.516648	0.000000	-0.516648	0.643357	3.000000	1.000000	0	0	1	1.000000	0.000000	0.000000
OTU_760_18S_022_3	OTU_1763_18S_022_3	1	ENV_Temperature	0.435861	0.081080	-0.354781	0.357642	3.000000	1.000000	0	0	1	1.000000	0.000000	0.000000
OTU_1017_18S_022_3	OTU_1763_18S_022_3	1	ENV_Temperature	0.458885	0.165034	-0.293852	0.571429	3.000000	1.000000	0	0	1	1.000000	0.000000	0.000000
OTU_1077_18S_022_3	OTU_1767_18S_022_3	1	ENV_Temperature	0.519532	0.035304	-0.484228	0.642358	3.000000	1.000000	0	0	1	1.000000	0.000000	0.000000
OTU_1281_18S_022_3	OTU_1767_18S_022_3	1	ENV_Temperature	0.519532	0.000000	-0.519532	0.858142	3.000000	1.000000	0	0	1	1.000000	0.000000	0.000000
OTU_1386_18S_022_3	OTU_1767_18S_022_3	1	ENV_Temperature	0.656858	0.081080	-0.575779	0.857143	3.000000	1.000000	0	0	1	1.000000	0.000000	0.000000
ASV_1406_16S_022_3	OTU_1684_18S_022_3	1	ENV_Temperature	0.320336	0.000000	-0.320336	1.000000	3.000000	1.000000	0	0	1	1.000000	0.000000	0.000000
OTU_1707_18S_022_3	OTU_1684_18S_022_3	1	ENV_Temperature	0.378099	0.000000	-0.378099	1.000000	3.000000	1.000000	0	0	1	1.000000	0.000000	0.000000
OTU_985_18S_022_3	OTU_1782_18S_022_3	1	ENV_Temperature	0.322652	0.064371	-0.258281	0.929071	3.000000	1.000000	0	0	1	1.000000	0.000000	0.000000
ASV_181_16S_022_3	OTU_1801_18S_022_3	1	ENV_Temperature	0.324443	0.000000	-0.324443	0.929071	3.000000	1.000000	0	0	1	1.000000	0.000000	0.000000
OTU_1094_18S_022_3	OTU_1820_18S_022_3	1	ENV_Temperature	0.418166	0.167909	-0.250257	0.572428	3.000000	1.000000	0	0	1	1.000000	0.000000	0.000000
OTU_310_18S_022_3	OTU_1834_18S_022_3	1	ENV_Temperature	0.471218	0.000000	-0.471218	1.000000	3.000000	1.000000	0	0	1	1.000000	0.000000	0.000000
OTU_1024_18S_022_3	OTU_1834_18S_022_3	1	ENV_Temperature	0.483572	0.000000	-0.483572	1.000000	3.000000	1.000000	0	0	1	1.000000	0.000000	0.000000
ASV_233_16S_022_3	OTU_1849_18S_022_3	1	ENV_Temperature	0.548648	0.000000	-0.548648	0.501499	3.000000	1.000000	0	0	1	1.000000	0.000000	0.000000
OTU_251_18S_022_3	OTU_1849_18S_022_3	1	ENV_Temperature	0.648220	0.188351	-0.459869	0.501499	3.000000	1.000000	0	0	1	1.000000	0.000000	0.000000
OTU_825_18S_022_3	OTU_1849_18S_022_3	1	ENV_Temperature	0.669634	0.219921	-0.449712	0.572428	3.000000	1.000000	0	0	1	1.000000	0.000000	0.000000
ASV_89_16S_022_3	OTU_1893_18S_022_3	1	ENV_Temperature	0.275071	-0.028881	-0.303952	0.499500	3.000000	1.000000	0	0	1	1.000000	0.000000	0.000000
ASV_1044_16S_022_3	OTU_1844_18S_022_3	1	ENV_Temperature	0.527857	0.018595	-0.509261	0.143856	3.000000	1.000000	0	0	1	1.000000	0.000000	0.000000
OTU_50_18S_022_3	OTU_1844_18S_022_3	1	ENV_Temperature	0.781249	0.241505	-0.539745	0.286713	3.000000	1.000000	0	0	1	1.000000	0.000000	0.000000
OTU_558_18S_022_3	OTU_1901_18S_022_3	1	ENV_Temperature	0.542975	0.142576	-0.400399	0.644356	3.000000	1.000000	0	0	1	1.000000	0.000000	0.000000
OTU_1262_18S_022_3	OTU_1891_18S_022_3	1	ENV_Temperature	0.646807	0.000000	-0.646807	0.786214	3.000000	1.000000	0	0	1	1.000000	0.000000	0.000000
OTU_519_18S_022_3	OTU_1905_18S_022_3	1	ENV_Temperature	0.493623	0.000000	-0.493623	0.643357	3.000000	1.000000	0	0	1	1.000000	0.000000	0.000000
ASV_501_16S_022_3	OTU_1959_18S_022_3	1	ENV_Temperature	0.439968	0.055073	-0.384894	0.643357	3.000000	1.000000	0	0	1	1.000000	0.000000	0.000000
ASV_156_16S_022_3	OTU_1980_18S_022_3	1	ENV_Temperature	0.316063	0.000000	-0.316063	0.928072	3.000000	1.000000	0	0	1	1.000000	0.000000	0.000000
OTU_191_18S_022_3	OTU_1980_18S_022_3	1	ENV_Temperature	0.464086	0.000000	-0.464086	1.000000	3.000000	1.000000	0	0	1	1.000000	0.000000	0.000000
OTU_577_18S_022_3	OTU_1940_18S_022_3	1	ENV_Temperature	0.609753	0.000000	-0.609753	1.000000	3.000000	1.000000	0	0	1	1.000000	0.000000	0.000000
ASV_1058_16S_022_3	OTU_1995_18S_022_3	1	ENV_Temperature	0.521848	0.000000	-0.521848	0.785215	3.000000	1.000000	0	0	1	1.000000	0.000000	0.000000
ASV_1490_16S_022_3	OTU_1995_18S_022_3	1	ENV_Temperature	0.531283	-0.081080	-0.612362	0.214785	3.000000	1.000000	0	0	1	1.000000	0.000000	0.000000
ASV_1593_16S_022_3	OTU_1995_18S_022_3	1	ENV_Temperature	0.541334	0.000000	-0.541334	0.856144	3.000000	1.000000	0	0	1	1.000000	0.000000	0.000000
OTU_1077_18S_022_3	OTU_1995_18S_022_3	1	ENV_Temperature	0.464086	0.112835	-0.351250	0.785215	3.000000	1.000000	0	0	1	1.000000	0.000000	0.000000
OTU_518_18S_022_3	OTU_1927_18S_022_3	1	ENV_Temperature	0.485888	0.000000	-0.485888	0.928072	3.000000	1.000000	0	0	1	1.000000	0.000000	0.000000
OTU_1647_18S_022_3	OTU_1927_18S_022_3	1	ENV_Temperature	0.464086	0.000000	-0.464086	1.000000	3.000000	1.000000	0	0	1	1.000000	0.000000	0.000000
OTU_831_18S_022_3	OTU_1984_18S_022_3	1	ENV_Temperature	0.506596	0.038179	-0.468417	0.643357	3.000000	1.000000	0	0	1	1.000000	0.000000	0.000000
OTU_1298_18S_022_3	OTU_1984_18S_022_3	1	ENV_Temperature	0.372816	0.000000	-0.372816	0.928072	3.000000	1.000000	0	0	1	1.000000	0.000000	0.000000
OTU_1332_18S_022_3	OTU_2035_18S_022_3	1	ENV_Temperature	0.656858	0.112835	-0.544023	0.715285	3.000000	1.000000	0	0	1	1.000000	0.000000	0.000000
OTU_384_18S_022_3	OTU_2036_18S_022_3	1	ENV_Temperature	0.416375	0.081080	-0.335295	0.644356	3.000000	1.000000	0	0	1	1.000000	0.000000	0.000000
OTU_511_18S_022_3	OTU_2018_18S_022_3	1	ENV_Temperature	0.464086	0.000000	-0.464086	1.000000	3.000000	1.000000	0	0	1	1.000000	0.000000	0.000000
OTU_561_18S_022_3	OTU_2150_18S_022_3	1	ENV_Temperature	0.519532	0.083954	-0.435578	0.501499	3.000000	1.000000	0	0	1	1.000000	0.000000	0.000000
OTU_870_18S_022_3	OTU_2160_18S_022_3	1	ENV_Temperature	0.484794	0.067060	-0.417734	0.357642	3.000000	1.000000	0	0	1	1.000000	0.000000	0.000000
OTU_303_18S_022_3	OTU_2094_18S_022_3	1	ENV_Temperature	0.792738	-0.010286	-0.803023	0.499500	3.000000	1.000000	0	0	1	1.000000	0.000000	0.000000
OTU_1449_18S_022_3	OTU_2176_18S_022_3	1	ENV_Temperature	0.334495	0.000000	-0.334495	0.928072	3.000000	1.000000	0	0	1	1.000000	0.000000	0.000000
OTU_1334_18S_022_3	OTU_2105_18S_022_3	1	ENV_Temperature	0.586743	0.055073	-0.531670	0.571429	3.000000	1.000000	0	0	1	1.000000	0.000000	0.000000
ASV_89_16S_022_3	OTU_2234_18S_022_3	1	ENV_Temperature	0.311031	1.157626	0.846595	nan	3.000000	1.000000	0	0	1	1.000000	0.000000	0.000000
ASV_651_16S_022_3	OTU_2135_18S_022_3	1	ENV_Temperature	0.625005	0.165034	-0.459971	0.502498	3.000000	1.000000	0	0	1	1.000000	0.000000	0.000000
OTU_1980_18S_022_3	OTU_2245_18S_022_3	1	ENV_Temperature	0.461770	0.000000	-0.461770	1.000000	3.000000	1.000000	0	0	1	1.000000	0.000000	0.000000
OTU_1671_18S_022_3	OTU_2133_18S_022_3	1	ENV_Temperature	0.519532	0.193915	-0.325617	0.786214	3.000000	1.000000	0	0	1	1.000000	0.000000	0.000000
ASV_1851_16S_022_3	OTU_2270_18S_022_3	1	ENV_Temperature	0.439968	0.000000	-0.439968	1.000000	3.000000	1.000000	0	0	1	1.000000	0.000000	0.000000
OTU_868_18S_022_3	OTU_2270_18S_022_3	1	ENV_Temperature	0.439968	0.000000	-0.439968	1.000000	3.000000	1.000000	0	0	1	1.000000	0.000000	0.000000
OTU_582_18S_022_3	OTU_2239_18S_022_3	1	ENV_Temperature	0.552608	0.067060	-0.485548	0.142857	3.000000	1.000000	0	0	1	1.000000	0.000000	0.000000
OTU_1143_18S_022_3	OTU_2239_18S_022_3	1	ENV_Temperature	0.541334	0.000000	-0.541334	0.928072	3.000000	1.000000	0	0	1	1.000000	0.000000	0.000000
OTU_145_18S_022_3	OTU_2297_18S_022_3	1	ENV_Temperature	0.582063	0.193915	-0.388148	0.858142	3.000000	1.000000	0	0	1	1.000000	0.000000	0.000000
OTU_2018_18S_022_3	OTU_2297_18S_022_3	1	ENV_Temperature	0.509481	0.000000	-0.509481	1.000000	3.000000	1.000000	0	0	1	1.000000	0.000000	0.000000
OTU_248_18S_022_3	OTU_2304_18S_022_3	1	ENV_Temperature	0.625005	0.112835	-0.512170	0.929071	3.000000	1.000000	0	0	1	1.000000	0.000000	0.000000
OTU_1761_18S_022_3	OTU_2304_18S_022_3	1	ENV_Temperature	0.519532	0.083954	-0.435578	0.858142	3.000000	1.000000	0	0	1	1.000000	0.000000	0.000000
OTU_2105_18S_022_3	OTU_2304_18S_022_3	1	ENV_Temperature	0.587836	0.148140	-0.439697	0.785215	3.000000	1.000000	0	0	1	1.000000	0.000000	0.000000
ASV_2014_16S_022_3	OTU_2097_18S_022_3	1	ENV_Temperature	0.601412	0.000000	-0.601412	0.929071	3.000000	1.000000	0	0	1	1.000000	0.000000	0.000000
OTU_493_18S_022_3	OTU_2097_18S_022_3	1	ENV_Temperature	0.542557	0.110146	-0.432410	0.214785	3.000000	1.000000	0	0	1	1.000000	0.000000	0.000000
OTU_1557_18S_022_3	OTU_2097_18S_022_3	1	ENV_Temperature	0.519532	0.000000	-0.519532	0.929071	3.000000	1.000000	0	0	1	1.000000	0.000000	0.000000
ASV_992_16S_022_3	OTU_2317_18S_022_3	1	ENV_Temperature	0.449879	0.151873	-0.298005	0.144855	3.000000	1.000000	0	0	1	1.000000	0.000000	0.000000
ASV_1043_16S_022_3	OTU_2317_18S_022_3	1	ENV_Temperature	0.432369	0.000000	-0.432369	1.000000	3.000000	1.000000	0	0	1	1.000000	0.000000	0.000000
OTU_676_18S_022_3	OTU_2334_18S_022_3	1	ENV_Temperature	0.599096	0.023317	-0.575779	0.358641	3.000000	1.000000	0	0	1	1.000000	0.000000	0.000000
OTU_1142_18S_022_3	OTU_2334_18S_022_3	1	ENV_Temperature	0.493623	0.052198	-0.441425	0.429570	3.000000	1.000000	0	0	1	1.000000	0.000000	0.000000
ASV_1543_16S_022_3	OTU_2309_18S_022_3	1	ENV_Temperature	0.336811	0.000000	-0.336811	1.000000	3.000000	1.000000	0	0	1	1.000000	0.000000	0.000000
OTU_1210_18S_022_3	OTU_2309_18S_022_3	1	ENV_Temperature	0.461770	-0.178194	-0.639964	0.572428	3.000000	1.000000	0	0	1	1.000000	0.000000	0.000000
OTU_214_18S_022_3	OTU_2382_18S_022_3	1	ENV_Temperature	0.356297	0.083954	-0.272342	0.643357	3.000000	1.000000	0	0	1	1.000000	0.000000	0.000000
OTU_1606_18S_022_3	OTU_2383_18S_022_3	1	ENV_Temperature	0.541334	0.081080	-0.460254	0.786214	3.000000	1.000000	0	0	1	1.000000	0.000000	0.000000
OTU_2167_18S_022_3	OTU_2383_18S_022_3	1	ENV_Temperature	0.408776	0.104397	-0.304379	0.785215	3.000000	1.000000	0	0	1	1.000000	0.000000	0.000000
ASV_1143_16S_022_3	OTU_2284_18S_022_3	1	ENV_Temperature	0.438177	0.000000	-0.438177	0.571429	3.000000	1.000000	0	0	1	1.000000	0.000000	0.000000
OTU_711_18S_022_3	OTU_2389_18S_022_3	1	ENV_Temperature	0.577294	0.112835	-0.464459	0.641359	3.000000	1.000000	0	0	1	1.000000	0.000000	0.000000
OTU_558_18S_022_3	OTU_2461_18S_022_3	1	ENV_Temperature	0.486456	0.026192	-0.460264	0.358641	3.000000	1.000000	0	0	1	1.000000	0.000000	0.000000
OTU_1347_18S_022_3	OTU_2375_18S_022_3	1	ENV_Temperature	0.599096	0.000000	-0.599096	0.929071	3.000000	1.000000	0	0	1	1.000000	0.000000	0.000000
OTU_1086_18S_022_3	OTU_2425_18S_022_3	1	ENV_Temperature	0.363054	-0.007597	-0.370651	0.642358	3.000000	1.000000	0	0	1	1.000000	0.000000	0.000000
ASV_1289_16S_022_3	OTU_2399_18S_022_3	1	ENV_Temperature	0.483572	-0.081080	-0.564651	0.143856	3.000000	1.000000	0	0	1	1.000000	0.000000	0.000000
OTU_2309_18S_022_3	OTU_2501_18S_022_3	1	ENV_Temperature	0.497730	-0.010286	-0.508016	0.714286	3.000000	1.000000	0	0	1	1.000000	0.000000	0.000000
OTU_184_18S_022_3	OTU_2509_18S_022_3	1	ENV_Temperature	0.577294	0.000000	-0.577294	1.000000	3.000000	1.000000	0	0	1	1.000000	0.000000	0.000000
OTU_551_18S_022_3	OTU_2509_18S_022_3	1	ENV_Temperature	0.656858	0.112835	-0.544023	0.714286	3.000000	1.000000	0	0	1	1.000000	0.000000	0.000000
OTU_955_18S_022_3	OTU_2509_18S_022_3	1	ENV_Temperature	0.577294	0.000000	-0.577294	1.000000	3.000000	1.000000	0	0	1	1.000000	0.000000	0.000000
OTU_1285_18S_022_3	OTU_2509_18S_022_3	1	ENV_Temperature	0.577294	0.000000	-0.577294	1.000000	3.000000	1.000000	0	0	1	1.000000	0.000000	0.000000
OTU_1618_18S_022_3	OTU_2509_18S_022_3	1	ENV_Temperature	0.414059	0.000000	-0.414059	1.000000	3.000000	1.000000	0	0	1	1.000000	0.000000	0.000000
OTU_1338_18S_022_3	OTU_2576_18S_022_3	1	ENV_Temperature	0.599096	-0.177021	-0.776117	1.000000	3.000000	1.000000	0	0	1	1.000000	0.000000	0.000000
OTU_1743_18S_022_3	OTU_2539_18S_022_3	1	ENV_Temperature	0.461770	0.083954	-0.377815	0.358641	3.000000	1.000000	0	0	1	1.000000	0.000000	0.000000
OTU_1216_18S_022_3	OTU_2626_18S_022_3	1	ENV_Temperature	0.577294	0.000000	-0.577294	1.000000	3.000000	1.000000	0	0	1	1.000000	0.000000	0.000000
ASV_3_16S_022_3	OTU_2633_18S_022_3	1	ENV_Temperature	0.194642	-0.002689	-0.197331	0.428571	2.000000	1.000000	0	1	0	1.000000	0.000000	0.000000
OTU_215_18S_022_3	OTU_2633_18S_022_3	1	ENV_Temperature	0.404007	0.083954	-0.320053	0.356643	3.000000	1.000000	0	0	1	1.000000	0.000000	0.000000
OTU_1142_18S_022_3	OTU_2633_18S_022_3	1	ENV_Temperature	0.577294	0.083954	-0.493340	0.572428	3.000000	1.000000	0	0	1	1.000000	0.000000	0.000000
OTU_1285_18S_022_3	OTU_2633_18S_022_3	1	ENV_Temperature	0.336811	0.000000	-0.336811	0.928072	3.000000	1.000000	0	0	1	1.000000	0.000000	0.000000
OTU_743_18S_022_3	OTU_2680_18S_022_3	1	ENV_Temperature	0.435861	0.081080	-0.354781	0.858142	3.000000	1.000000	0	0	1	1.000000	0.000000	0.000000
OTU_873_18S_022_3	OTU_2680_18S_022_3	1	ENV_Temperature	0.356297	0.000000	-0.356297	1.000000	3.000000	1.000000	0	0	1	1.000000	0.000000	0.000000
OTU_1194_18S_022_3	OTU_2722_18S_022_3	1	ENV_Temperature	0.577294	0.081080	-0.496215	0.785215	3.000000	1.000000	0	0	1	1.000000	0.000000	0.000000
OTU_1510_18S_022_3	OTU_2722_18S_022_3	1	ENV_Temperature	0.251821	0.000000	-0.251821	0.786214	3.000000	1.000000	0	0	1	1.000000	0.000000	0.000000
OTU_868_18S_022_3	OTU_2736_18S_022_3	1	ENV_Temperature	0.625005	0.107272	-0.517733	0.357642	3.000000	1.000000	0	0	1	1.000000	0.000000	0.000000
OTU_560_18S_022_3	OTU_2662_18S_022_3	1	ENV_Temperature	0.603203	0.000000	-0.603203	0.928072	3.000000	1.000000	0	0	1	1.000000	0.000000	0.000000
OTU_1110_18S_022_3	OTU_2662_18S_022_3	1	ENV_Temperature	0.682767	0.000000	-0.682767	0.785215	3.000000	1.000000	0	0	1	1.000000	0.000000	0.000000
ASV_248_16S_022_3	OTU_2823_18S_022_3	1	ENV_Temperature	0.502498	0.087042	-0.415456	0.929071	3.000000	1.000000	0	0	1	1.000000	0.000000	0.000000
OTU_2284_18S_022_3	OTU_2823_18S_022_3	1	ENV_Temperature	0.519532	0.193915	-0.325617	0.715285	3.000000	1.000000	0	0	1	1.000000	0.000000	0.000000
OTU_214_18S_022_3	OTU_2858_18S_022_3	1	ENV_Temperature	0.577294	0.083954	-0.493340	0.356643	3.000000	1.000000	0	0	1	1.000000	0.000000	0.000000
OTU_1404_18S_022_3	OTU_2858_18S_022_3	1	ENV_Temperature	0.435861	0.000000	-0.435861	0.928072	3.000000	1.000000	0	0	1	1.000000	0.000000	0.000000
OTU_2382_18S_022_3	OTU_2858_18S_022_3	1	ENV_Temperature	0.435861	0.112835	-0.323025	0.786214	3.000000	1.000000	0	0	1	1.000000	0.000000	0.000000
ASV_1727_16S_022_3	OTU_2856_18S_022_3	1	ENV_Temperature	0.461770	0.038179	-0.423591	0.000999	3.000000	1.000000	0	0	1	1.000000	0.000000	0.000000
OTU_1252_18S_022_3	OTU_2856_18S_022_3	1	ENV_Temperature	0.497730	0.067060	-0.430670	0.429570	3.000000	1.000000	0	0	1	1.000000	0.000000	0.000000
ASV_331_16S_022_3	OTU_2878_18S_022_3	1	ENV_Temperature	0.483572	0.000000	-0.483572	1.000000	3.000000	1.000000	0	0	1	1.000000	0.000000	0.000000
ASV_782_16S_022_3	OTU_2878_18S_022_3	1	ENV_Temperature	0.541334	0.000000	-0.541334	1.000000	3.000000	1.000000	0	0	1	1.000000	0.000000	0.000000
ASV_1734_16S_022_3	OTU_2876_18S_022_3	1	ENV_Temperature	0.298534	0.000000	-0.298534	1.000000	3.000000	1.000000	0	0	1	1.000000	0.000000	0.000000
OTU_558_18S_022_3	OTU_2876_18S_022_3	1	ENV_Temperature	0.486456	0.081080	-0.405376	0.714286	3.000000	1.000000	0	0	1	1.000000	0.000000	0.000000
OTU_145_18S_022_3	OTU_2905_18S_022_3	1	ENV_Temperature	0.670400	0.000000	-0.670400	0.929071	3.000000	1.000000	0	0	1	1.000000	0.000000	0.000000
OTU_558_18S_022_3	OTU_2905_18S_022_3	1	ENV_Temperature	0.533073	0.026192	-0.506881	0.286713	3.000000	1.000000	0	0	1	1.000000	0.000000	0.000000
OTU_1362_18S_022_3	OTU_2958_18S_022_3	1	ENV_Temperature	0.519532	0.000000	-0.519532	1.000000	3.000000	1.000000	0	0	1	1.000000	0.000000	0.000000
OTU_1086_18S_022_3	OTU_2990_18S_022_3	1	ENV_Temperature	0.443235	-0.095941	-0.539176	0.356643	3.000000	1.000000	0	0	1	1.000000	0.000000	0.000000
OTU_2214_18S_022_3	OTU_3023_18S_022_3	1	ENV_Temperature	0.356297	0.000000	-0.356297	1.000000	3.000000	1.000000	0	0	1	1.000000	0.000000	0.000000
OTU_1347_18S_022_3	OTU_2780_18S_022_3	1	ENV_Temperature	0.599096	0.000000	-0.599096	1.000000	3.000000	1.000000	0	0	1	1.000000	0.000000	0.000000
OTU_1664_18S_022_3	OTU_2780_18S_022_3	1	ENV_Temperature	0.541334	0.083954	-0.457380	0.000999	3.000000	1.000000	0	0	1	1.000000	0.000000	0.000000
ASV_1059_16S_022_3	OTU_3133_18S_022_3	1	ENV_Temperature	0.519532	0.000000	-0.519532	0.785215	3.000000	1.000000	0	0	1	1.000000	0.000000	0.000000
OTU_450_18S_022_3	OTU_3133_18S_022_3	1	ENV_Temperature	0.442284	0.000000	-0.442284	1.000000	3.000000	1.000000	0	0	1	1.000000	0.000000	0.000000
OTU_1594_18S_022_3	OTU_3133_18S_022_3	1	ENV_Temperature	0.625005	0.193915	-0.431090	0.714286	3.000000	1.000000	0	0	1	1.000000	0.000000	0.000000
OTU_2133_18S_022_3	OTU_3149_18S_022_3	1	ENV_Temperature	0.577294	0.193915	-0.383379	0.715285	3.000000	1.000000	0	0	1	1.000000	0.000000	0.000000
OTU_453_18S_022_3	OTU_3210_18S_022_3	1	ENV_Temperature	0.656858	0.000000	-0.656858	1.000000	3.000000	1.000000	0	0	1	1.000000	0.000000	0.000000
OTU_1613_18S_022_3	OTU_3210_18S_022_3	1	ENV_Temperature	0.379321	0.000000	-0.379321	1.000000	3.000000	1.000000	0	0	1	1.000000	0.000000	0.000000
OTU_619_18S_022_3	OTU_3225_18S_022_3	1	ENV_Temperature	0.358613	0.083954	-0.274658	0.357642	3.000000	1.000000	0	0	1	1.000000	0.000000	0.000000
OTU_1557_18S_022_3	OTU_3213_18S_022_3	1	ENV_Temperature	0.519532	0.081080	-0.438452	0.715285	3.000000	1.000000	0	0	1	1.000000	0.000000	0.000000
OTU_1767_18S_022_3	OTU_3213_18S_022_3	1	ENV_Temperature	0.541334	0.081080	-0.460254	0.786214	3.000000	1.000000	0	0	1	1.000000	0.000000	0.000000
OTU_2133_18S_022_3	OTU_3213_18S_022_3	1	ENV_Temperature	0.378099	0.081080	-0.297019	0.786214	3.000000	1.000000	0	0	1	1.000000	0.000000	0.000000
OTU_977_18S_022_3	OTU_3300_18S_022_3	1	ENV_Temperature	0.435861	0.083954	-0.351907	0.286713	3.000000	1.000000	0	0	1	1.000000	0.000000	0.000000
OTU_1014_18S_022_3	OTU_3300_18S_022_3	1	ENV_Temperature	0.378113	0.045776	-0.332337	0.143856	3.000000	1.000000	0	0	1	1.000000	0.000000	0.000000
OTU_1017_18S_022_3	OTU_3300_18S_022_3	1	ENV_Temperature	0.437083	0.215199	-0.221884	0.429570	3.000000	1.000000	0	0	1	1.000000	0.000000	0.000000
OTU_121_18S_022_3	OTU_3064_18S_022_3	1	ENV_Temperature	0.542557	0.000000	-0.542557	1.000000	3.000000	1.000000	0	0	1	1.000000	0.000000	0.000000
OTU_191_18S_022_3	OTU_3064_18S_022_3	1	ENV_Temperature	0.521848	0.081080	-0.440768	0.572428	3.000000	1.000000	0	0	1	1.000000	0.000000	0.000000
ASV_892_16S_022_3	OTU_3326_18S_022_3	1	ENV_Temperature	0.300418	0.000000	-0.300418	0.858142	3.000000	1.000000	0	0	1	1.000000	0.000000	0.000000
ASV_1734_16S_022_3	OTU_2812_18S_022_3	1	ENV_Temperature	0.497730	0.000000	-0.497730	1.000000	3.000000	1.000000	0	0	1	1.000000	0.000000	0.000000
OTU_1774_18S_022_3	OTU_2812_18S_022_3	1	ENV_Temperature	0.414059	0.000000	-0.414059	1.000000	3.000000	1.000000	0	0	1	1.000000	0.000000	0.000000
OTU_1898_18S_022_3	OTU_3384_18S_022_3	1	ENV_Temperature	0.543650	0.000000	-0.543650	0.928072	3.000000	1.000000	0	0	1	1.000000	0.000000	0.000000
OTU_1386_18S_022_3	OTU_3350_18S_022_3	1	ENV_Temperature	0.542557	0.134120	-0.408437	0.571429	3.000000	1.000000	0	0	1	1.000000	0.000000	0.000000
OTU_2576_18S_022_3	OTU_3350_18S_022_3	1	ENV_Temperature	0.437083	0.000000	-0.437083	1.000000	3.000000	1.000000	0	0	1	1.000000	0.000000	0.000000
OTU_844_18S_022_3	OTU_3424_18S_022_3	1	ENV_Temperature	0.541334	0.081080	-0.460254	0.572428	3.000000	1.000000	0	0	1	1.000000	0.000000	0.000000
OTU_1905_18S_022_3	OTU_3424_18S_022_3	1	ENV_Temperature	0.656858	0.081080	-0.575779	0.429570	3.000000	1.000000	0	0	1	1.000000	0.000000	0.000000
OTU_2035_18S_022_3	OTU_3424_18S_022_3	1	ENV_Temperature	0.656858	0.000000	-0.656858	1.000000	3.000000	1.000000	0	0	1	1.000000	0.000000	0.000000
OTU_270_18S_022_3	OTU_3598_18S_022_3	1	ENV_Temperature	0.609092	0.191226	-0.417866	0.787213	3.000000	1.000000	0	0	1	1.000000	0.000000	0.000000
OTU_2297_18S_022_3	OTU_3598_18S_022_3	1	ENV_Temperature	0.615243	0.119258	-0.495985	0.643357	3.000000	1.000000	0	0	1	1.000000	0.000000	0.000000
OTU_3466_18S_022_3	OTU_3610_18S_022_3	1	ENV_Temperature	0.416375	0.000000	-0.416375	1.000000	3.000000	1.000000	0	0	1	1.000000	0.000000	0.000000
OTU_260_18S_022_3	OTU_3658_18S_022_3	1	ENV_Temperature	0.356297	0.067060	-0.289237	0.429570	3.000000	1.000000	0	0	1	1.000000	0.000000	0.000000
OTU_563_18S_022_3	OTU_3658_18S_022_3	1	ENV_Temperature	0.404007	0.088344	-0.315663	0.215784	3.000000	1.000000	0	0	1	1.000000	0.000000	0.000000
OTU_29_18S_022_3	OTU_3663_18S_022_3	1	ENV_Temperature	0.685309	0.182787	-0.502522	0.072927	3.000000	1.000000	0	0	1	1.000000	0.000000	0.000000
OTU_105_18S_022_3	OTU_3663_18S_022_3	1	ENV_Temperature	0.487799	0.321483	-0.166316	0.644356	3.000000	1.000000	0	0	1	1.000000	0.000000	0.000000
OTU_585_18S_022_3	OTU_3962_18S_022_3	1	ENV_Temperature	0.356297	0.055073	-0.301223	0.286713	3.000000	1.000000	0	0	1	1.000000	0.000000	0.000000
OTU_677_18S_022_3	OTU_3962_18S_022_3	1	ENV_Temperature	0.577294	0.000000	-0.577294	1.000000	3.000000	1.000000	0	0	1	1.000000	0.000000	0.000000
ASV_211_16S_022_3	OTU_3990_18S_022_3	1	ENV_Temperature	0.338055	0.038179	-0.299876	0.500500	3.000000	1.000000	0	0	1	1.000000	0.000000	0.000000
OTU_847_18S_022_3	OTU_3990_18S_022_3	1	ENV_Temperature	0.356297	0.000000	-0.356297	0.715285	3.000000	1.000000	0	0	1	1.000000	0.000000	0.000000
OTU_1545_18S_022_3	OTU_3990_18S_022_3	1	ENV_Temperature	0.495939	0.000000	-0.495939	0.715285	3.000000	1.000000	0	0	1	1.000000	0.000000	0.000000
OTU_1485_18S_022_3	OTU_3733_18S_022_3	1	ENV_Temperature	0.367346	0.149313	-0.218033	0.358641	3.000000	1.000000	0	0	1	1.000000	0.000000	0.000000
OTU_611_18S_022_3	OTU_4003_18S_022_3	1	ENV_Temperature	0.483572	0.083954	-0.399617	0.501499	3.000000	1.000000	0	0	1	1.000000	0.000000	0.000000
OTU_535_18S_022_3	OTU_4126_18S_022_3	1	ENV_Temperature	0.606212	0.034972	-0.571240	0.144855	3.000000	1.000000	0	0	1	1.000000	0.000000	0.000000
ASV_588_16S_022_3	OTU_4302_18S_022_3	1	ENV_Temperature	0.418166	0.075516	-0.342650	0.000999	3.000000	1.000000	0	0	1	1.000000	0.000000	0.000000
OTU_877_18S_022_3	OTU_4302_18S_022_3	1	ENV_Temperature	0.324443	0.000000	-0.324443	1.000000	3.000000	1.000000	0	0	1	1.000000	0.000000	0.000000
OTU_78_18S_022_3	OTU_5297_18S_022_3	1	ENV_Temperature	0.424352	0.047476	-0.376876	0.215784	3.000000	1.000000	0	0	1	1.000000	0.000000	0.000000
OTU_1561_18S_022_3	OTU_5297_18S_022_3	1	ENV_Temperature	0.456672	0.083954	-0.372718	0.644356	3.000000	1.000000	0	0	1	1.000000	0.000000	0.000000
ASV_111_16S_022_3	OTU_5446_18S_022_3	1	ENV_Temperature	0.357982	0.055073	-0.302908	0.645355	3.000000	1.000000	0	0	1	1.000000	0.000000	0.000000
OTU_511_18S_022_3	OTU_5446_18S_022_3	1	ENV_Temperature	0.577294	0.000000	-0.577294	0.929071	3.000000	1.000000	0	0	1	1.000000	0.000000	0.000000
OTU_831_18S_022_3	OTU_5446_18S_022_3	1	ENV_Temperature	0.379321	0.067060	-0.312261	0.643357	3.000000	1.000000	0	0	1	1.000000	0.000000	0.000000
OTU_847_18S_022_3	OTU_5446_18S_022_3	1	ENV_Temperature	0.334495	0.000000	-0.334495	0.929071	3.000000	1.000000	0	0	1	1.000000	0.000000	0.000000
OTU_1285_18S_022_3	OTU_5773_18S_022_3	1	ENV_Temperature	0.682767	0.000000	-0.682767	1.000000	3.000000	1.000000	0	0	1	1.000000	0.000000	0.000000
OTU_2919_18S_022_3	OTU_5773_18S_022_3	1	ENV_Temperature	0.646807	0.081080	-0.565727	0.429570	3.000000	1.000000	0	0	1	1.000000	0.000000	0.000000
OTU_1374_18S_022_3	OTU_6383_18S_022_3	1	ENV_Temperature	0.380415	0.000000	-0.380415	1.000000	3.000000	1.000000	0	0	1	1.000000	0.000000	0.000000
ASV_165_16S_022_3	OTU_8089_18S_022_3	1	ENV_Temperature	0.493623	0.000000	-0.493623	1.000000	3.000000	1.000000	0	0	1	1.000000	0.000000	0.000000
ASV_20_16S_022_3	ASV_20_16S_3_200	1	ENV_Temperature	0.239085	0.130382	-0.108703	0.284715	3.000000	1.000000	0	0	1	1.000000	0.000000	0.000000
ASV_35_16S_022_3	ASV_35_16S_3_200	1	ENV_Temperature	0.519467	0.085673	-0.433794	0.000999	3.000000	1.000000	0	0	1	1.000000	0.000000	0.000000
ASV_109_16S_022_3	ASV_35_16S_3_200	1	ENV_Temperature	0.599031	0.096800	-0.502231	0.000999	3.000000	1.000000	0	0	1	1.000000	0.000000	0.000000
ASV_26_16S_3_200	ASV_35_16S_3_200	1	ENV_Temperature	0.785144	0.181430	-0.603714	0.000999	3.000000	1.000000	0	0	1	1.000000	0.000000	0.000000
ASV_298_16S_022_3	ASV_37_16S_3_200	1	ENV_Temperature	0.126605	0.008439	-0.118165	0.214785	3.000000	1.000000	0	0	1	1.000000	0.000000	0.000000
ASV_1728_16S_022_3	ASV_58_16S_3_200	1	ENV_Temperature	0.421528	0.616803	0.195275	nan	3.000000	1.000000	0	0	1	1.000000	0.000000	0.000000
ASV_63_16S_022_3	ASV_63_16S_3_200	1	ENV_Temperature	0.245778	0.035120	-0.210658	0.214785	3.000000	1.000000	0	0	1	1.000000	0.000000	0.000000
ASV_410_16S_022_3	ASV_63_16S_3_200	1	ENV_Temperature	0.373407	0.071628	-0.301779	0.142857	3.000000	1.000000	0	0	1	1.000000	0.000000	0.000000
OTU_1014_18S_022_3	ASV_63_16S_3_200	1	ENV_Temperature	0.326333	0.047947	-0.278386	0.144855	3.000000	1.000000	0	0	1	1.000000	0.000000	0.000000
ASV_50_16S_022_3	ASV_66_16S_3_200	1	ENV_Temperature	0.611593	0.298499	-0.313094	0.643357	3.000000	1.000000	0	0	1	1.000000	0.000000	0.000000
ASV_189_16S_022_3	ASV_66_16S_3_200	1	ENV_Temperature	0.626880	0.013153	-0.613728	0.000999	3.000000	1.000000	0	0	1	1.000000	0.000000	0.000000
ASV_416_16S_022_3	ASV_66_16S_3_200	1	ENV_Temperature	0.450366	0.533790	0.083425	nan	2.000000	1.000000	0	1	0	1.000000	0.000000	0.000000
ASV_585_16S_022_3	ASV_66_16S_3_200	1	ENV_Temperature	0.529144	0.083954	-0.445190	0.715285	3.000000	1.000000	0	0	1	1.000000	0.000000	0.000000
ASV_84_16S_022_3	ASV_84_16S_3_200	1	ENV_Temperature	0.657883	0.492180	-0.165703	0.213786	3.000000	1.000000	0	0	1	1.000000	0.000000	0.000000
ASV_918_16S_022_3	ASV_84_16S_3_200	1	ENV_Temperature	0.431717	0.462440	0.030723	nan	3.000000	1.000000	0	0	1	1.000000	0.000000	0.000000
OTU_217_18S_022_3	ASV_84_16S_3_200	1	ENV_Temperature	0.444543	-0.013170	-0.457713	0.071928	3.000000	1.000000	0	0	1	1.000000	0.000000	0.000000
ASV_85_16S_022_3	ASV_85_16S_3_200	1	ENV_Temperature	0.469627	0.588341	0.118714	nan	3.000000	1.000000	0	0	1	1.000000	0.000000	0.000000
ASV_1042_16S_022_3	ASV_96_16S_3_200	1	ENV_Temperature	0.682767	0.000000	-0.682767	0.356643	3.000000	1.000000	0	0	1	1.000000	0.000000	0.000000
ASV_1401_16S_022_3	ASV_96_16S_3_200	1	ENV_Temperature	0.599096	0.000000	-0.599096	0.928072	3.000000	1.000000	0	0	1	1.000000	0.000000	0.000000
OTU_2040_18S_022_3	ASV_96_16S_3_200	1	ENV_Temperature	0.599096	0.000000	-0.599096	0.858142	3.000000	1.000000	0	0	1	1.000000	0.000000	0.000000
ASV_213_16S_022_3	ASV_101_16S_3_200	1	ENV_Temperature	0.356297	0.000000	-0.356297	0.857143	3.000000	1.000000	0	0	1	1.000000	0.000000	0.000000
OTU_1769_18S_022_3	ASV_101_16S_3_200	1	ENV_Temperature	0.356297	0.000000	-0.356297	0.786214	3.000000	1.000000	0	0	1	1.000000	0.000000	0.000000
ASV_51_16S_3_200	ASV_133_16S_3_200	1	ENV_Temperature	0.645714	0.195526	-0.450188	0.356643	3.000000	1.000000	0	0	1	1.000000	0.000000	0.000000
ASV_113_16S_3_200	ASV_133_16S_3_200	1	ENV_Temperature	0.454509	0.505929	0.051421	nan	3.000000	1.000000	0	0	1	1.000000	0.000000	0.000000
ASV_139_16S_022_3	ASV_134_16S_3_200	1	ENV_Temperature	0.704490	0.655193	-0.049297	0.715285	3.000000	1.000000	0	0	1	1.000000	0.000000	0.000000
ASV_218_16S_022_3	ASV_134_16S_3_200	1	ENV_Temperature	0.700054	0.697826	-0.002227	0.786214	3.000000	1.000000	0	0	1	1.000000	0.000000	0.000000
ASV_134_16S_022_3	ASV_139_16S_3_200	1	ENV_Temperature	0.711671	-0.033271	-0.744943	0.071928	3.000000	1.000000	0	0	1	1.000000	0.000000	0.000000
ASV_134_16S_3_200	ASV_139_16S_3_200	1	ENV_Temperature	0.891935	0.711272	-0.180663	0.714286	3.000000	1.000000	0	0	1	1.000000	0.000000	0.000000
ASV_641_16S_022_3	ASV_140_16S_3_200	1	ENV_Temperature	0.669738	0.162796	-0.506942	0.072927	3.000000	1.000000	0	0	1	1.000000	0.000000	0.000000
ASV_1243_16S_022_3	ASV_140_16S_3_200	1	ENV_Temperature	0.429916	0.067060	-0.362856	0.714286	3.000000	1.000000	0	0	1	1.000000	0.000000	0.000000
ASV_1305_16S_022_3	ASV_140_16S_3_200	1	ENV_Temperature	0.458990	0.214397	-0.244593	0.571429	3.000000	1.000000	0	0	1	1.000000	0.000000	0.000000
ASV_84_16S_3_200	ASV_140_16S_3_200	1	ENV_Temperature	0.691540	0.084392	-0.607148	0.000999	3.000000	1.000000	0	0	1	1.000000	0.000000	0.000000
ASV_144_16S_022_3	ASV_144_16S_3_200	1	ENV_Temperature	0.871665	1.405050	0.533385	nan	3.000000	1.000000	0	0	1	1.000000	0.000000	0.000000
ASV_321_16S_022_3	ASV_144_16S_3_200	1	ENV_Temperature	0.764793	0.143288	-0.621504	0.215784	3.000000	1.000000	0	0	1	1.000000	0.000000	0.000000
OTU_788_18S_022_3	ASV_144_16S_3_200	1	ENV_Temperature	0.408700	1.072129	0.663429	nan	3.000000	1.000000	0	0	1	1.000000	0.000000	0.000000
ASV_64_16S_022_3	ASV_152_16S_3_200	1	ENV_Temperature	0.286821	0.499869	0.213048	nan	3.000000	1.000000	0	0	1	1.000000	0.000000	0.000000
ASV_47_16S_022_3	ASV_157_16S_3_200	1	ENV_Temperature	0.493244	-0.011987	-0.505231	0.215784	3.000000	1.000000	0	0	1	1.000000	0.000000	0.000000
ASV_65_16S_022_3	ASV_157_16S_3_200	1	ENV_Temperature	0.427738	-0.002689	-0.430427	0.358641	3.000000	1.000000	0	0	1	1.000000	0.000000	0.000000
ASV_258_16S_022_3	ASV_157_16S_3_200	1	ENV_Temperature	0.496452	0.083954	-0.412497	0.715285	3.000000	1.000000	0	0	1	1.000000	0.000000	0.000000
ASV_17_16S_022_3	ASV_166_16S_3_200	1	ENV_Temperature	0.154589	0.857193	0.702605	nan	1.000000	0.000000	1	0	0	1.000000	0.000000	0.000000
ASV_1146_16S_022_3	ASV_166_16S_3_200	1	ENV_Temperature	0.555880	-0.014020	-0.569899	0.285714	3.000000	1.000000	0	0	1	1.000000	0.000000	0.000000
OTU_1195_18S_022_3	ASV_176_16S_3_200	1	ENV_Temperature	0.429122	0.162185	-0.266937	0.071928	3.000000	1.000000	0	0	1	1.000000	0.000000	0.000000
ASV_168_16S_022_3	ASV_180_16S_3_200	1	ENV_Temperature	0.587002	0.033754	-0.553248	0.000999	3.000000	1.000000	0	0	1	1.000000	0.000000	0.000000
ASV_180_16S_022_3	ASV_180_16S_3_200	1	ENV_Temperature	0.645336	0.031414	-0.613921	0.000999	3.000000	1.000000	0	0	1	1.000000	0.000000	0.000000
ASV_479_16S_022_3	ASV_192_16S_3_200	1	ENV_Temperature	0.743365	0.083954	-0.659411	0.500500	3.000000	1.000000	0	0	1	1.000000	0.000000	0.000000
ASV_585_16S_022_3	ASV_192_16S_3_200	1	ENV_Temperature	0.866319	0.081080	-0.785240	0.714286	3.000000	1.000000	0	0	1	1.000000	0.000000	0.000000
ASV_215_16S_022_3	ASV_215_16S_3_200	1	ENV_Temperature	0.397538	0.239615	-0.157922	0.215784	3.000000	1.000000	0	0	1	1.000000	0.000000	0.000000
ASV_325_16S_022_3	ASV_216_16S_3_200	1	ENV_Temperature	0.630431	0.271105	-0.359327	0.000999	3.000000	1.000000	0	0	1	1.000000	0.000000	0.000000
ASV_1_16S_022_3	ASV_227_16S_3_200	1	ENV_Temperature	0.333309	0.064811	-0.268499	0.000999	2.000000	1.000000	0	1	0	1.000000	0.000000	0.000000
ASV_415_16S_022_3	ASV_227_16S_3_200	1	ENV_Temperature	0.761790	0.249644	-0.512146	0.285714	3.000000	1.000000	0	0	1	1.000000	0.000000	0.000000
ASV_715_16S_022_3	ASV_227_16S_3_200	1	ENV_Temperature	0.757523	0.050683	-0.706840	0.000999	3.000000	1.000000	0	0	1	1.000000	0.000000	0.000000
ASV_161_16S_022_3	ASV_235_16S_3_200	1	ENV_Temperature	0.844438	0.000000	-0.844438	0.786214	3.000000	1.000000	0	0	1	1.000000	0.000000	0.000000
ASV_345_16S_022_3	ASV_235_16S_3_200	1	ENV_Temperature	0.676999	0.112835	-0.564163	0.143856	3.000000	1.000000	0	0	1	1.000000	0.000000	0.000000
ASV_237_16S_022_3	ASV_237_16S_3_200	1	ENV_Temperature	0.486551	0.252475	-0.234076	0.214785	3.000000	1.000000	0	0	1	1.000000	0.000000	0.000000
ASV_1092_16S_022_3	ASV_255_16S_3_200	1	ENV_Temperature	0.415326	0.131431	-0.283895	0.785215	3.000000	1.000000	0	0	1	1.000000	0.000000	0.000000
ASV_267_16S_022_3	ASV_267_16S_3_200	1	ENV_Temperature	0.567616	0.052384	-0.515232	0.000999	3.000000	1.000000	0	0	1	1.000000	0.000000	0.000000
OTU_1014_18S_022_3	ASV_267_16S_3_200	1	ENV_Temperature	0.480980	0.101366	-0.379614	0.000999	3.000000	1.000000	0	0	1	1.000000	0.000000	0.000000
ASV_739_16S_022_3	ASV_269_16S_3_200	1	ENV_Temperature	0.630511	0.085138	-0.545373	0.000999	3.000000	1.000000	0	0	1	1.000000	0.000000	0.000000
ASV_321_16S_022_3	ASV_274_16S_3_200	1	ENV_Temperature	0.874549	0.722102	-0.152447	0.642358	3.000000	1.000000	0	0	1	1.000000	0.000000	0.000000
ASV_283_16S_022_3	ASV_283_16S_3_200	1	ENV_Temperature	0.458885	-0.106873	-0.565758	0.143856	3.000000	1.000000	0	0	1	1.000000	0.000000	0.000000
ASV_658_16S_022_3	ASV_283_16S_3_200	1	ENV_Temperature	0.435861	0.081080	-0.354781	0.429570	3.000000	1.000000	0	0	1	1.000000	0.000000	0.000000
ASV_140_16S_3_200	ASV_286_16S_3_200	1	ENV_Temperature	0.590836	0.292731	-0.298105	0.142857	3.000000	1.000000	0	0	1	1.000000	0.000000	0.000000
ASV_102_16S_022_3	ASV_294_16S_3_200	1	ENV_Temperature	0.401058	0.000000	-0.401058	0.714286	2.000000	1.000000	0	1	0	1.000000	0.000000	0.000000
ASV_297_16S_022_3	ASV_297_16S_3_200	1	ENV_Temperature	0.860565	2.301994	1.441429	nan	3.000000	1.000000	0	0	1	1.000000	0.000000	0.000000
ASV_298_16S_022_3	ASV_298_16S_3_200	1	ENV_Temperature	0.335454	0.059416	-0.276038	0.071928	3.000000	1.000000	0	0	1	1.000000	0.000000	0.000000
OTU_1834_18S_022_3	ASV_298_16S_3_200	1	ENV_Temperature	0.285449	0.000000	-0.285449	1.000000	3.000000	1.000000	0	0	1	1.000000	0.000000	0.000000
ASV_585_16S_022_3	ASV_300_16S_3_200	1	ENV_Temperature	0.682504	0.083954	-0.598550	0.285714	3.000000	1.000000	0	0	1	1.000000	0.000000	0.000000
ASV_248_16S_3_200	ASV_300_16S_3_200	1	ENV_Temperature	0.688367	0.116569	-0.571798	0.715285	3.000000	1.000000	0	0	1	1.000000	0.000000	0.000000
ASV_67_16S_022_3	ASV_307_16S_3_200	1	ENV_Temperature	0.551409	0.075691	-0.475718	0.000999	3.000000	1.000000	0	0	1	1.000000	0.000000	0.000000
ASV_307_16S_022_3	ASV_307_16S_3_200	1	ENV_Temperature	0.445950	0.070533	-0.375417	0.000999	3.000000	1.000000	0	0	1	1.000000	0.000000	0.000000
ASV_134_16S_3_200	ASV_307_16S_3_200	1	ENV_Temperature	0.801843	0.069944	-0.731899	0.000999	3.000000	1.000000	0	0	1	1.000000	0.000000	0.000000
ASV_486_16S_022_3	ASV_321_16S_3_200	1	ENV_Temperature	0.654233	0.238702	-0.415531	0.358641	3.000000	1.000000	0	0	1	1.000000	0.000000	0.000000
ASV_137_16S_022_3	ASV_337_16S_3_200	1	ENV_Temperature	0.471596	0.000000	-0.471596	0.357642	3.000000	1.000000	0	0	1	1.000000	0.000000	0.000000
ASV_312_16S_022_3	ASV_337_16S_3_200	1	ENV_Temperature	0.556636	0.364181	-0.192455	0.429570	3.000000	1.000000	0	0	1	1.000000	0.000000	0.000000
ASV_479_16S_022_3	ASV_337_16S_3_200	1	ENV_Temperature	0.731131	0.038179	-0.692952	0.357642	3.000000	1.000000	0	0	1	1.000000	0.000000	0.000000
ASV_976_16S_022_3	ASV_345_16S_3_200	1	ENV_Temperature	0.643381	0.084813	-0.558568	0.429570	3.000000	1.000000	0	0	1	1.000000	0.000000	0.000000
OTU_1154_18S_022_3	ASV_345_16S_3_200	1	ENV_Temperature	0.391395	0.313505	-0.077889	0.644356	3.000000	1.000000	0	0	1	1.000000	0.000000	0.000000
ASV_216_16S_3_200	ASV_345_16S_3_200	1	ENV_Temperature	0.653565	0.649811	-0.003755	0.714286	3.000000	1.000000	0	0	1	1.000000	0.000000	0.000000
ASV_1050_16S_022_3	ASV_348_16S_3_200	1	ENV_Temperature	0.466574	0.087688	-0.378886	0.071928	3.000000	1.000000	0	0	1	1.000000	0.000000	0.000000
OTU_1961_18S_022_3	ASV_348_16S_3_200	1	ENV_Temperature	0.619620	0.167909	-0.451711	0.429570	3.000000	1.000000	0	0	1	1.000000	0.000000	0.000000
ASV_1687_16S_022_3	ASV_364_16S_3_200	1	ENV_Temperature	0.358285	0.902167	0.543883	nan	3.000000	1.000000	0	0	1	1.000000	0.000000	0.000000
ASV_216_16S_022_3	ASV_365_16S_3_200	1	ENV_Temperature	0.773606	0.067902	-0.705704	0.071928	3.000000	1.000000	0	0	1	1.000000	0.000000	0.000000
ASV_345_16S_022_3	ASV_365_16S_3_200	1	ENV_Temperature	0.828484	0.143417	-0.685066	0.000999	3.000000	1.000000	0	0	1	1.000000	0.000000	0.000000
ASV_537_16S_022_3	ASV_365_16S_3_200	1	ENV_Temperature	0.758438	0.088344	-0.670094	0.214785	3.000000	1.000000	0	0	1	1.000000	0.000000	0.000000
ASV_746_16S_022_3	ASV_365_16S_3_200	1	ENV_Temperature	0.567910	0.109629	-0.458281	0.286713	3.000000	1.000000	0	0	1	1.000000	0.000000	0.000000
ASV_274_16S_3_200	ASV_365_16S_3_200	1	ENV_Temperature	0.909923	0.000000	-0.909923	0.071928	3.000000	1.000000	0	0	1	1.000000	0.000000	0.000000
ASV_60_16S_022_3	ASV_379_16S_3_200	1	ENV_Temperature	0.542557	0.158611	-0.383946	0.214785	3.000000	1.000000	0	0	1	1.000000	0.000000	0.000000
ASV_920_16S_022_3	ASV_390_16S_3_200	1	ENV_Temperature	0.558342	0.050683	-0.507659	0.000999	3.000000	1.000000	0	0	1	1.000000	0.000000	0.000000
ASV_321_16S_022_3	ASV_400_16S_3_200	1	ENV_Temperature	0.641201	0.001230	-0.639971	0.214785	3.000000	1.000000	0	0	1	1.000000	0.000000	0.000000
ASV_868_16S_022_3	ASV_400_16S_3_200	1	ENV_Temperature	0.595803	0.183815	-0.411988	0.214785	3.000000	1.000000	0	0	1	1.000000	0.000000	0.000000
ASV_284_16S_022_3	ASV_405_16S_3_200	1	ENV_Temperature	0.910932	0.046635	-0.864297	0.214785	3.000000	1.000000	0	0	1	1.000000	0.000000	0.000000
ASV_452_16S_022_3	ASV_405_16S_3_200	1	ENV_Temperature	0.850669	0.606578	-0.244091	0.857143	3.000000	1.000000	0	0	1	1.000000	0.000000	0.000000
ASV_390_16S_3_200	ASV_412_16S_3_200	1	ENV_Temperature	0.670185	0.114536	-0.555648	0.571429	3.000000	1.000000	0	0	1	1.000000	0.000000	0.000000
ASV_337_16S_022_3	ASV_413_16S_3_200	1	ENV_Temperature	0.436351	1.246339	0.809988	nan	3.000000	1.000000	0	0	1	1.000000	0.000000	0.000000
ASV_15_16S_022_3	ASV_414_16S_3_200	1	ENV_Temperature	0.466822	0.052198	-0.414624	0.000999	2.000000	1.000000	0	1	0	1.000000	0.000000	0.000000
ASV_32_16S_022_3	ASV_414_16S_3_200	1	ENV_Temperature	0.414580	0.012923	-0.401657	0.143856	1.000000	0.000000	1	0	0	1.000000	0.000000	0.000000
ASV_369_16S_022_3	ASV_431_16S_3_200	1	ENV_Temperature	0.682344	0.215199	-0.467145	0.143856	3.000000	1.000000	0	0	1	1.000000	0.000000	0.000000
ASV_1379_16S_022_3	ASV_431_16S_3_200	1	ENV_Temperature	0.404061	0.480711	0.076650	nan	3.000000	1.000000	0	0	1	1.000000	0.000000	0.000000
ASV_400_16S_3_200	ASV_431_16S_3_200	1	ENV_Temperature	0.691320	-0.140016	-0.831336	0.071928	3.000000	1.000000	0	0	1	1.000000	0.000000	0.000000
ASV_310_16S_022_3	ASV_437_16S_3_200	1	ENV_Temperature	0.613468	1.523910	0.910442	nan	3.000000	1.000000	0	0	1	1.000000	0.000000	0.000000
ASV_84_16S_022_3	ASV_448_16S_3_200	1	ENV_Temperature	0.465453	0.058621	-0.406832	0.430569	3.000000	1.000000	0	0	1	1.000000	0.000000	0.000000
ASV_78_16S_022_3	ASV_459_16S_3_200	1	ENV_Temperature	0.336309	0.096800	-0.239509	0.428571	3.000000	1.000000	0	0	1	1.000000	0.000000	0.000000
ASV_370_16S_022_3	ASV_462_16S_3_200	1	ENV_Temperature	0.764500	0.144398	-0.620103	0.000999	3.000000	1.000000	0	0	1	1.000000	0.000000	0.000000
ASV_78_16S_022_3	ASV_464_16S_3_200	1	ENV_Temperature	0.390525	-0.011987	-0.402512	0.071928	3.000000	1.000000	0	0	1	1.000000	0.000000	0.000000
ASV_74_16S_022_3	ASV_467_16S_3_200	1	ENV_Temperature	0.366848	0.801339	0.434491	nan	3.000000	1.000000	0	0	1	1.000000	0.000000	0.000000
OTU_69_18S_022_3	ASV_467_16S_3_200	1	ENV_Temperature	0.493105	0.421455	-0.071650	0.500500	3.000000	1.000000	0	0	1	1.000000	0.000000	0.000000
OTU_938_18S_022_3	ASV_473_16S_3_200	1	ENV_Temperature	0.554875	-0.074657	-0.629532	0.071928	3.000000	1.000000	0	0	1	1.000000	0.000000	0.000000
ASV_274_16S_3_200	ASV_473_16S_3_200	1	ENV_Temperature	0.735721	0.615875	-0.119846	0.857143	3.000000	1.000000	0	0	1	1.000000	0.000000	0.000000
ASV_378_16S_022_3	ASV_483_16S_3_200	1	ENV_Temperature	0.428789	0.369986	-0.058803	0.285714	3.000000	1.000000	0	0	1	1.000000	0.000000	0.000000
OTU_1561_18S_022_3	ASV_483_16S_3_200	1	ENV_Temperature	0.417007	0.065122	-0.351886	0.929071	3.000000	1.000000	0	0	1	1.000000	0.000000	0.000000
OTU_432_18S_022_3	ASV_488_16S_3_200	1	ENV_Temperature	0.398636	0.265551	-0.133086	0.715285	3.000000	1.000000	0	0	1	1.000000	0.000000	0.000000
ASV_765_16S_022_3	ASV_491_16S_3_200	1	ENV_Temperature	0.655580	0.052198	-0.603382	0.499500	3.000000	1.000000	0	0	1	1.000000	0.000000	0.000000
ASV_364_16S_3_200	ASV_491_16S_3_200	1	ENV_Temperature	0.489853	0.005963	-0.483890	0.644356	3.000000	1.000000	0	0	1	1.000000	0.000000	0.000000
OTU_1898_18S_022_3	ASV_501_16S_3_200	1	ENV_Temperature	0.567243	0.215199	-0.352043	0.572428	3.000000	1.000000	0	0	1	1.000000	0.000000	0.000000
ASV_466_16S_022_3	ASV_515_16S_3_200	1	ENV_Temperature	0.554214	0.277703	-0.276511	0.571429	3.000000	1.000000	0	0	1	1.000000	0.000000	0.000000
ASV_515_16S_022_3	ASV_515_16S_3_200	1	ENV_Temperature	0.682221	0.334173	-0.348048	0.715285	3.000000	1.000000	0	0	1	1.000000	0.000000	0.000000
OTU_790_18S_022_3	ASV_515_16S_3_200	1	ENV_Temperature	0.687448	0.191040	-0.496407	0.429570	3.000000	1.000000	0	0	1	1.000000	0.000000	0.000000
ASV_1397_16S_022_3	ASV_523_16S_3_200	1	ENV_Temperature	0.378113	0.137327	-0.240786	0.143856	3.000000	1.000000	0	0	1	1.000000	0.000000	0.000000
ASV_110_16S_022_3	ASV_537_16S_3_200	1	ENV_Temperature	0.701606	0.504887	-0.196719	0.358641	3.000000	1.000000	0	0	1	1.000000	0.000000	0.000000
ASV_369_16S_022_3	ASV_537_16S_3_200	1	ENV_Temperature	0.682767	0.011331	-0.671437	0.000999	3.000000	1.000000	0	0	1	1.000000	0.000000	0.000000
ASV_805_16S_022_3	ASV_537_16S_3_200	1	ENV_Temperature	0.582530	-0.057762	-0.640293	0.429570	3.000000	1.000000	0	0	1	1.000000	0.000000	0.000000
ASV_88_16S_022_3	ASV_559_16S_3_200	1	ENV_Temperature	0.645714	0.000000	-0.645714	1.000000	3.000000	1.000000	0	0	1	1.000000	0.000000	0.000000
ASV_101_16S_022_3	ASV_559_16S_3_200	1	ENV_Temperature	0.509481	0.112835	-0.396645	0.786214	3.000000	1.000000	0	0	1	1.000000	0.000000	0.000000
ASV_1382_16S_022_3	ASV_559_16S_3_200	1	ENV_Temperature	0.589045	0.000000	-0.589045	1.000000	3.000000	1.000000	0	0	1	1.000000	0.000000	0.000000
ASV_576_16S_022_3	ASV_576_16S_3_200	1	ENV_Temperature	0.789639	0.190894	-0.598745	0.000999	3.000000	1.000000	0	0	1	1.000000	0.000000	0.000000
OTU_537_18S_022_3	ASV_576_16S_3_200	1	ENV_Temperature	0.597818	0.078576	-0.519242	0.000999	3.000000	1.000000	0	0	1	1.000000	0.000000	0.000000
ASV_294_16S_3_200	ASV_576_16S_3_200	1	ENV_Temperature	0.653909	-0.007597	-0.661506	0.071928	3.000000	1.000000	0	0	1	1.000000	0.000000	0.000000
ASV_1254_16S_022_3	ASV_610_16S_3_200	1	ENV_Temperature	0.425809	0.000000	-0.425809	1.000000	3.000000	1.000000	0	0	1	1.000000	0.000000	0.000000
OTU_2680_18S_022_3	ASV_610_16S_3_200	1	ENV_Temperature	0.541334	0.000000	-0.541334	1.000000	3.000000	1.000000	0	0	1	1.000000	0.000000	0.000000
ASV_49_16S_022_3	ASV_624_16S_3_200	1	ENV_Temperature	0.599698	0.087503	-0.512195	0.143856	3.000000	1.000000	0	0	1	1.000000	0.000000	0.000000
ASV_570_16S_022_3	ASV_624_16S_3_200	1	ENV_Temperature	0.574887	0.132290	-0.442597	0.072927	3.000000	1.000000	0	0	1	1.000000	0.000000	0.000000
ASV_1584_16S_022_3	ASV_624_16S_3_200	1	ENV_Temperature	0.504095	0.087503	-0.416593	0.430569	3.000000	1.000000	0	0	1	1.000000	0.000000	0.000000
ASV_320_16S_022_3	ASV_628_16S_3_200	1	ENV_Temperature	0.630673	0.149499	-0.481175	0.429570	3.000000	1.000000	0	0	1	1.000000	0.000000	0.000000
ASV_235_16S_3_200	ASV_628_16S_3_200	1	ENV_Temperature	0.723064	-0.011987	-0.735051	0.143856	3.000000	1.000000	0	0	1	1.000000	0.000000	0.000000
ASV_58_16S_022_3	ASV_630_16S_3_200	1	ENV_Temperature	0.115956	-0.018073	-0.134029	0.571429	2.000000	1.000000	0	1	0	1.000000	0.000000	0.000000
ASV_1446_16S_022_3	ASV_630_16S_3_200	1	ENV_Temperature	0.542094	0.225200	-0.316894	0.356643	3.000000	1.000000	0	0	1	1.000000	0.000000	0.000000
ASV_176_16S_3_200	ASV_630_16S_3_200	1	ENV_Temperature	0.270908	-0.006070	-0.276978	0.285714	3.000000	1.000000	0	0	1	1.000000	0.000000	0.000000
OTU_1154_18S_022_3	ASV_650_16S_3_200	1	ENV_Temperature	0.358190	0.200338	-0.157852	0.286713	3.000000	1.000000	0	0	1	1.000000	0.000000	0.000000
ASV_459_16S_3_200	ASV_650_16S_3_200	1	ENV_Temperature	0.511933	0.246299	-0.265634	0.572428	3.000000	1.000000	0	0	1	1.000000	0.000000	0.000000
OTU_2135_18S_022_3	ASV_651_16S_3_200	1	ENV_Temperature	0.484794	0.000000	-0.484794	1.000000	3.000000	1.000000	0	0	1	1.000000	0.000000	0.000000
ASV_334_16S_022_3	ASV_662_16S_3_200	1	ENV_Temperature	0.744280	0.050683	-0.693597	0.072927	3.000000	1.000000	0	0	1	1.000000	0.000000	0.000000
ASV_499_16S_022_3	ASV_662_16S_3_200	1	ENV_Temperature	0.739521	0.229922	-0.509598	0.286713	3.000000	1.000000	0	0	1	1.000000	0.000000	0.000000
ASV_390_16S_3_200	ASV_662_16S_3_200	1	ENV_Temperature	0.809810	0.184803	-0.625007	0.357642	3.000000	1.000000	0	0	1	1.000000	0.000000	0.000000
ASV_624_16S_3_200	ASV_662_16S_3_200	1	ENV_Temperature	0.716510	0.186318	-0.530192	0.072927	3.000000	1.000000	0	0	1	1.000000	0.000000	0.000000
ASV_357_16S_022_3	ASV_663_16S_3_200	1	ENV_Temperature	0.590836	0.151014	-0.439821	0.715285	3.000000	1.000000	0	0	1	1.000000	0.000000	0.000000
ASV_40_16S_3_200	ASV_663_16S_3_200	1	ENV_Temperature	0.437213	0.040212	-0.397001	0.786214	3.000000	1.000000	0	0	1	1.000000	0.000000	0.000000
ASV_459_16S_3_200	ASV_663_16S_3_200	1	ENV_Temperature	0.555537	0.342055	-0.213482	0.501499	3.000000	1.000000	0	0	1	1.000000	0.000000	0.000000
ASV_630_16S_3_200	ASV_663_16S_3_200	1	ENV_Temperature	0.497113	0.064371	-0.432742	0.500500	3.000000	1.000000	0	0	1	1.000000	0.000000	0.000000
ASV_102_16S_022_3	ASV_673_16S_3_200	1	ENV_Temperature	0.554875	0.000000	-0.554875	0.714286	2.000000	1.000000	0	1	0	1.000000	0.000000	0.000000
ASV_664_16S_022_3	ASV_673_16S_3_200	1	ENV_Temperature	0.444736	0.052198	-0.392538	0.144855	3.000000	1.000000	0	0	1	1.000000	0.000000	0.000000
ASV_673_16S_022_3	ASV_673_16S_3_200	1	ENV_Temperature	0.492737	0.000000	-0.492737	0.571429	3.000000	1.000000	0	0	1	1.000000	0.000000	0.000000
OTU_4302_18S_022_3	ASV_673_16S_3_200	1	ENV_Temperature	0.439968	0.000000	-0.439968	0.571429	3.000000	1.000000	0	0	1	1.000000	0.000000	0.000000
ASV_449_16S_022_3	ASV_687_16S_3_200	1	ENV_Temperature	0.256497	0.060921	-0.195575	0.571429	3.000000	1.000000	0	0	1	1.000000	0.000000	0.000000
ASV_2185_16S_022_3	ASV_687_16S_3_200	1	ENV_Temperature	0.279048	0.000000	-0.279048	1.000000	3.000000	1.000000	0	0	1	1.000000	0.000000	0.000000
OTU_1940_18S_022_3	ASV_687_16S_3_200	1	ENV_Temperature	0.303303	0.005963	-0.297340	0.643357	3.000000	1.000000	0	0	1	1.000000	0.000000	0.000000
ASV_431_16S_3_200	ASV_691_16S_3_200	1	ENV_Temperature	0.364410	0.917904	0.553494	nan	3.000000	1.000000	0	0	1	1.000000	0.000000	0.000000
ASV_705_16S_022_3	ASV_705_16S_3_200	1	ENV_Temperature	0.428125	-0.044839	-0.472965	0.429570	3.000000	1.000000	0	0	1	1.000000	0.000000	0.000000
ASV_755_16S_022_3	ASV_705_16S_3_200	1	ENV_Temperature	0.430578	0.000000	-0.430578	0.357642	3.000000	1.000000	0	0	1	1.000000	0.000000	0.000000
ASV_1149_16S_022_3	ASV_705_16S_3_200	1	ENV_Temperature	0.406323	0.076358	-0.329966	0.000999	3.000000	1.000000	0	0	1	1.000000	0.000000	0.000000
OTU_1828_18S_022_3	ASV_705_16S_3_200	1	ENV_Temperature	0.372816	0.110146	-0.262669	0.357642	3.000000	1.000000	0	0	1	1.000000	0.000000	0.000000
ASV_971_16S_022_3	ASV_706_16S_3_200	1	ENV_Temperature	0.554214	0.000000	-0.554214	0.071928	3.000000	1.000000	0	0	1	1.000000	0.000000	0.000000
OTU_1263_18S_022_3	ASV_706_16S_3_200	1	ENV_Temperature	0.499719	0.067060	-0.432659	0.643357	3.000000	1.000000	0	0	1	1.000000	0.000000	0.000000
ASV_145_16S_022_3	ASV_723_16S_3_200	1	ENV_Temperature	0.654109	0.011499	-0.642610	0.000999	3.000000	1.000000	0	0	1	1.000000	0.000000	0.000000
ASV_847_16S_022_3	ASV_723_16S_3_200	1	ENV_Temperature	0.725830	0.033754	-0.692076	0.000999	3.000000	1.000000	0	0	1	1.000000	0.000000	0.000000
ASV_889_16S_022_3	ASV_723_16S_3_200	1	ENV_Temperature	0.493105	0.000000	-0.493105	0.071928	1.000000	0.000000	1	0	0	1.000000	0.000000	0.000000
OTU_318_18S_022_3	ASV_723_16S_3_200	1	ENV_Temperature	0.573678	0.092618	-0.481060	0.000999	3.000000	1.000000	0	0	1	1.000000	0.000000	0.000000
OTU_393_18S_022_3	ASV_723_16S_3_200	1	ENV_Temperature	0.754609	0.190535	-0.564074	0.000999	3.000000	1.000000	0	0	1	1.000000	0.000000	0.000000
OTU_1024_18S_022_3	ASV_755_16S_3_200	1	ENV_Temperature	0.378099	0.000000	-0.378099	0.929071	3.000000	1.000000	0	0	1	1.000000	0.000000	0.000000
OTU_1893_18S_022_3	ASV_755_16S_3_200	1	ENV_Temperature	0.483572	0.000000	-0.483572	1.000000	3.000000	1.000000	0	0	1	1.000000	0.000000	0.000000
ASV_379_16S_3_200	ASV_755_16S_3_200	1	ENV_Temperature	0.599096	0.167909	-0.431188	0.000999	3.000000	1.000000	0	0	1	1.000000	0.000000	0.000000
ASV_75_16S_022_3	ASV_777_16S_3_200	1	ENV_Temperature	0.458233	0.000000	-0.458233	0.572428	3.000000	1.000000	0	0	1	1.000000	0.000000	0.000000
ASV_579_16S_022_3	ASV_777_16S_3_200	1	ENV_Temperature	0.542557	-0.045776	-0.588332	0.286713	3.000000	1.000000	0	0	1	1.000000	0.000000	0.000000
ASV_286_16S_3_200	ASV_777_16S_3_200	1	ENV_Temperature	0.509481	0.067060	-0.442421	0.214785	3.000000	1.000000	0	0	1	1.000000	0.000000	0.000000
ASV_472_16S_022_3	ASV_784_16S_3_200	1	ENV_Temperature	0.383349	0.107272	-0.276077	0.501499	3.000000	1.000000	0	0	1	1.000000	0.000000	0.000000
OTU_790_18S_022_3	ASV_784_16S_3_200	1	ENV_Temperature	0.562608	0.145265	-0.417344	0.286713	3.000000	1.000000	0	0	1	1.000000	0.000000	0.000000
ASV_345_16S_3_200	ASV_787_16S_3_200	1	ENV_Temperature	0.548062	-0.067060	-0.615122	0.142857	3.000000	1.000000	0	0	1	1.000000	0.000000	0.000000
ASV_473_16S_3_200	ASV_787_16S_3_200	1	ENV_Temperature	0.483616	-0.074657	-0.558273	0.142857	3.000000	1.000000	0	0	1	1.000000	0.000000	0.000000
ASV_297_16S_022_3	ASV_808_16S_3_200	1	ENV_Temperature	0.590836	0.032615	-0.558221	0.071928	3.000000	1.000000	0	0	1	1.000000	0.000000	0.000000
ASV_542_16S_3_200	ASV_808_16S_3_200	1	ENV_Temperature	0.525813	0.058161	-0.467652	0.715285	3.000000	1.000000	0	0	1	1.000000	0.000000	0.000000
ASV_884_16S_022_3	ASV_812_16S_3_200	1	ENV_Temperature	0.735144	0.090377	-0.644767	0.142857	3.000000	1.000000	0	0	1	1.000000	0.000000	0.000000
ASV_886_16S_022_3	ASV_858_16S_3_200	1	ENV_Temperature	0.487679	0.083954	-0.403724	0.215784	3.000000	1.000000	0	0	1	1.000000	0.000000	0.000000
ASV_1589_16S_022_3	ASV_863_16S_3_200	1	ENV_Temperature	0.461770	0.000000	-0.461770	0.928072	3.000000	1.000000	0	0	1	1.000000	0.000000	0.000000
ASV_2127_16S_022_3	ASV_863_16S_3_200	1	ENV_Temperature	0.425809	0.055073	-0.370736	0.000999	3.000000	1.000000	0	0	1	1.000000	0.000000	0.000000
ASV_297_16S_022_3	ASV_884_16S_3_200	1	ENV_Temperature	0.518254	-0.103538	-0.621791	0.071928	3.000000	1.000000	0	0	1	1.000000	0.000000	0.000000
ASV_566_16S_022_3	ASV_884_16S_3_200	1	ENV_Temperature	0.691540	0.112835	-0.578705	0.857143	3.000000	1.000000	0	0	1	1.000000	0.000000	0.000000
OTU_624_18S_022_3	ASV_884_16S_3_200	1	ENV_Temperature	0.399014	0.083954	-0.315060	0.786214	3.000000	1.000000	0	0	1	1.000000	0.000000	0.000000
ASV_112_16S_022_3	ASV_888_16S_3_200	1	ENV_Temperature	0.519532	0.000000	-0.519532	0.356643	3.000000	1.000000	0	0	1	1.000000	0.000000	0.000000
ASV_1254_16S_022_3	ASV_888_16S_3_200	1	ENV_Temperature	0.673006	0.136153	-0.536853	0.143856	3.000000	1.000000	0	0	1	1.000000	0.000000	0.000000
ASV_1415_16S_022_3	ASV_888_16S_3_200	1	ENV_Temperature	0.519532	0.083954	-0.435578	0.429570	3.000000	1.000000	0	0	1	1.000000	0.000000	0.000000
ASV_152_16S_3_200	ASV_903_16S_3_200	1	ENV_Temperature	0.257908	0.059117	-0.198790	0.284715	3.000000	1.000000	0	0	1	1.000000	0.000000	0.000000
ASV_675_16S_022_3	ASV_905_16S_3_200	1	ENV_Temperature	0.589045	0.000000	-0.589045	0.571429	3.000000	1.000000	0	0	1	1.000000	0.000000	0.000000
ASV_1223_16S_022_3	ASV_905_16S_3_200	1	ENV_Temperature	0.519532	0.000000	-0.519532	1.000000	3.000000	1.000000	0	0	1	1.000000	0.000000	0.000000
ASV_2023_16S_022_3	ASV_905_16S_3_200	1	ENV_Temperature	0.408776	0.055073	-0.353703	0.000999	3.000000	1.000000	0	0	1	1.000000	0.000000	0.000000
ASV_95_16S_022_3	ASV_904_16S_3_200	1	ENV_Temperature	0.272728	0.000000	-0.272728	1.000000	3.000000	1.000000	0	0	1	1.000000	0.000000	0.000000
ASV_135_16S_022_3	ASV_904_16S_3_200	1	ENV_Temperature	0.251022	0.000000	-0.251022	1.000000	2.000000	1.000000	0	1	0	1.000000	0.000000	0.000000
OTU_662_18S_022_3	ASV_904_16S_3_200	1	ENV_Temperature	0.264890	0.000000	-0.264890	1.000000	3.000000	1.000000	0	0	1	1.000000	0.000000	0.000000
OTU_2160_18S_022_3	ASV_904_16S_3_200	1	ENV_Temperature	0.379321	0.000000	-0.379321	1.000000	3.000000	1.000000	0	0	1	1.000000	0.000000	0.000000
ASV_128_16S_022_3	ASV_910_16S_3_200	1	ENV_Temperature	0.492359	0.000000	-0.492359	0.499500	3.000000	1.000000	0	0	1	1.000000	0.000000	0.000000
ASV_81_16S_022_3	ASV_912_16S_3_200	1	ENV_Temperature	0.397259	-0.013170	-0.410429	0.143856	2.000000	1.000000	0	1	0	1.000000	0.000000	0.000000
OTU_313_18S_022_3	ASV_912_16S_3_200	1	ENV_Temperature	0.483711	0.069093	-0.414618	0.144855	3.000000	1.000000	0	0	1	1.000000	0.000000	0.000000
ASV_377_16S_022_3	ASV_932_16S_3_200	1	ENV_Temperature	0.353903	0.038179	-0.315724	0.786214	3.000000	1.000000	0	0	1	1.000000	0.000000	0.000000
ASV_688_16S_022_3	ASV_932_16S_3_200	1	ENV_Temperature	0.495322	0.055073	-0.440249	0.715285	3.000000	1.000000	0	0	1	1.000000	0.000000	0.000000
ASV_932_16S_022_3	ASV_932_16S_3_200	1	ENV_Temperature	0.646807	0.167909	-0.478898	0.429570	3.000000	1.000000	0	0	1	1.000000	0.000000	0.000000
ASV_1643_16S_022_3	ASV_932_16S_3_200	1	ENV_Temperature	0.310299	0.000000	-0.310299	1.000000	3.000000	1.000000	0	0	1	1.000000	0.000000	0.000000
ASV_1734_16S_022_3	ASV_949_16S_3_200	1	ENV_Temperature	0.519532	0.000000	-0.519532	1.000000	3.000000	1.000000	0	0	1	1.000000	0.000000	0.000000
OTU_1762_18S_022_3	ASV_949_16S_3_200	1	ENV_Temperature	0.541334	0.002875	-0.538459	0.144855	3.000000	1.000000	0	0	1	1.000000	0.000000	0.000000
ASV_1587_16S_022_3	ASV_972_16S_3_200	1	ENV_Temperature	0.434974	0.000000	-0.434974	1.000000	3.000000	1.000000	0	0	1	1.000000	0.000000	0.000000
ASV_1446_16S_022_3	ASV_1029_16S_3_200	1	ENV_Temperature	0.472591	-0.065359	-0.537950	0.071928	3.000000	1.000000	0	0	1	1.000000	0.000000	0.000000
ASV_213_16S_022_3	ASV_1067_16S_3_200	1	ENV_Temperature	0.439968	0.000000	-0.439968	0.929071	3.000000	1.000000	0	0	1	1.000000	0.000000	0.000000
ASV_1147_16S_022_3	ASV_1067_16S_3_200	1	ENV_Temperature	0.567243	0.000000	-0.567243	1.000000	3.000000	1.000000	0	0	1	1.000000	0.000000	0.000000
ASV_1693_16S_022_3	ASV_1071_16S_3_200	1	ENV_Temperature	0.439968	0.000000	-0.439968	1.000000	3.000000	1.000000	0	0	1	1.000000	0.000000	0.000000
OTU_2439_18S_022_3	ASV_1071_16S_3_200	1	ENV_Temperature	0.519532	0.000000	-0.519532	0.928072	3.000000	1.000000	0	0	1	1.000000	0.000000	0.000000
ASV_157_16S_3_200	ASV_1071_16S_3_200	1	ENV_Temperature	0.404007	0.000000	-0.404007	0.928072	3.000000	1.000000	0	0	1	1.000000	0.000000	0.000000
ASV_1569_16S_022_3	ASV_1076_16S_3_200	1	ENV_Temperature	0.521848	0.000000	-0.521848	0.929071	3.000000	1.000000	0	0	1	1.000000	0.000000	0.000000
ASV_96_16S_3_200	ASV_1076_16S_3_200	1	ENV_Temperature	0.601412	0.000000	-0.601412	0.929071	3.000000	1.000000	0	0	1	1.000000	0.000000	0.000000
ASV_1055_16S_022_3	ASV_1107_16S_3_200	1	ENV_Temperature	0.625005	0.000000	-0.625005	0.856144	3.000000	1.000000	0	0	1	1.000000	0.000000	0.000000
ASV_1394_16S_022_3	ASV_1107_16S_3_200	1	ENV_Temperature	0.603203	0.167909	-0.435294	0.000999	3.000000	1.000000	0	0	1	1.000000	0.000000	0.000000
ASV_1560_16S_022_3	ASV_1107_16S_3_200	1	ENV_Temperature	0.590836	0.026192	-0.564644	0.000999	3.000000	1.000000	0	0	1	1.000000	0.000000	0.000000
ASV_2181_16S_022_3	ASV_1107_16S_3_200	1	ENV_Temperature	0.487679	0.000000	-0.487679	1.000000	3.000000	1.000000	0	0	1	1.000000	0.000000	0.000000
ASV_389_16S_022_3	ASV_1117_16S_3_200	1	ENV_Temperature	0.735144	0.129259	-0.605885	0.000999	3.000000	1.000000	0	0	1	1.000000	0.000000	0.000000
ASV_803_16S_022_3	ASV_1117_16S_3_200	1	ENV_Temperature	0.731877	0.052384	-0.679493	0.000999	3.000000	1.000000	0	0	1	1.000000	0.000000	0.000000
ASV_1676_16S_022_3	ASV_1117_16S_3_200	1	ENV_Temperature	0.648598	0.017080	-0.631518	0.714286	3.000000	1.000000	0	0	1	1.000000	0.000000	0.000000
ASV_13_16S_022_3	ASV_1124_16S_3_200	1	ENV_Temperature	0.403306	0.157900	-0.245406	0.072927	3.000000	1.000000	0	0	1	1.000000	0.000000	0.000000
ASV_297_16S_3_200	ASV_1124_16S_3_200	1	ENV_Temperature	0.447840	0.892393	0.444554	nan	3.000000	1.000000	0	0	1	1.000000	0.000000	0.000000
ASV_513_16S_022_3	ASV_1137_16S_3_200	1	ENV_Temperature	0.391395	0.386988	-0.004406	0.786214	3.000000	1.000000	0	0	1	1.000000	0.000000	0.000000
ASV_173_16S_022_3	ASV_1138_16S_3_200	1	ENV_Temperature	0.541438	-0.028881	-0.570319	0.785215	3.000000	1.000000	0	0	1	1.000000	0.000000	0.000000
ASV_673_16S_022_3	ASV_1138_16S_3_200	1	ENV_Temperature	0.615243	0.000000	-0.615243	0.785215	3.000000	1.000000	0	0	1	1.000000	0.000000	0.000000
OTU_100_18S_022_3	ASV_1138_16S_3_200	1	ENV_Temperature	0.579283	0.067060	-0.512223	0.000999	3.000000	1.000000	0	0	1	1.000000	0.000000	0.000000
OTU_940_18S_022_3	ASV_1138_16S_3_200	1	ENV_Temperature	0.346245	0.000000	-0.346245	0.928072	3.000000	1.000000	0	0	1	1.000000	0.000000	0.000000
OTU_1509_18S_022_3	ASV_1193_16S_3_200	1	ENV_Temperature	0.493623	0.112835	-0.380788	0.786214	3.000000	1.000000	0	0	1	1.000000	0.000000	0.000000
ASV_1203_16S_022_3	ASV_1203_16S_3_200	1	ENV_Temperature	0.546102	0.012923	-0.533179	0.785215	3.000000	1.000000	0	0	1	1.000000	0.000000	0.000000
ASV_2653_16S_022_3	ASV_1203_16S_3_200	1	ENV_Temperature	0.656858	0.000000	-0.656858	1.000000	3.000000	1.000000	0	0	1	1.000000	0.000000	0.000000
ASV_815_16S_022_3	ASV_1215_16S_3_200	1	ENV_Temperature	0.636698	0.172299	-0.464399	0.429570	3.000000	1.000000	0	0	1	1.000000	0.000000	0.000000
OTU_105_18S_022_3	ASV_1215_16S_3_200	1	ENV_Temperature	0.744747	0.304061	-0.440686	0.358641	3.000000	1.000000	0	0	1	1.000000	0.000000	0.000000
OTU_729_18S_022_3	ASV_1215_16S_3_200	1	ENV_Temperature	0.722945	0.110146	-0.612799	0.429570	3.000000	1.000000	0	0	1	1.000000	0.000000	0.000000
ASV_817_16S_022_3	ASV_1220_16S_3_200	1	ENV_Temperature	0.666565	0.081080	-0.585486	0.714286	3.000000	1.000000	0	0	1	1.000000	0.000000	0.000000
ASV_321_16S_3_200	ASV_1220_16S_3_200	1	ENV_Temperature	0.680302	0.246955	-0.433346	0.357642	3.000000	1.000000	0	0	1	1.000000	0.000000	0.000000
ASV_1227_16S_022_3	ASV_1227_16S_3_200	1	ENV_Temperature	0.317659	0.266487	-0.051172	0.714286	3.000000	1.000000	0	0	1	1.000000	0.000000	0.000000
ASV_104_16S_022_3	ASV_1226_16S_3_200	1	ENV_Temperature	0.325418	1.193217	0.867800	nan	2.000000	1.000000	0	1	0	1.000000	0.000000	0.000000
ASV_295_16S_022_3	ASV_1251_16S_3_200	1	ENV_Temperature	0.431045	0.000000	-0.431045	0.428571	3.000000	1.000000	0	0	1	1.000000	0.000000	0.000000
ASV_1407_16S_022_3	ASV_1251_16S_3_200	1	ENV_Temperature	0.728162	0.000000	-0.728162	1.000000	3.000000	1.000000	0	0	1	1.000000	0.000000	0.000000
OTU_646_18S_022_3	ASV_1251_16S_3_200	1	ENV_Temperature	0.567243	0.139027	-0.428215	0.644356	3.000000	1.000000	0	0	1	1.000000	0.000000	0.000000
ASV_390_16S_3_200	ASV_1251_16S_3_200	1	ENV_Temperature	0.712134	0.009298	-0.702836	0.000999	3.000000	1.000000	0	0	1	1.000000	0.000000	0.000000
ASV_134_16S_022_3	ASV_1250_16S_3_200	1	ENV_Temperature	0.636652	0.081265	-0.555387	0.713287	3.000000	1.000000	0	0	1	1.000000	0.000000	0.000000
ASV_800_16S_022_3	ASV_1250_16S_3_200	1	ENV_Temperature	0.593048	0.000000	-0.593048	1.000000	3.000000	1.000000	0	0	1	1.000000	0.000000	0.000000
ASV_1212_16S_022_3	ASV_1250_16S_3_200	1	ENV_Temperature	0.649428	1.189682	0.540254	nan	3.000000	1.000000	0	0	1	1.000000	0.000000	0.000000
OTU_1959_18S_022_3	ASV_1254_16S_3_200	1	ENV_Temperature	0.298534	0.000000	-0.298534	1.000000	3.000000	1.000000	0	0	1	1.000000	0.000000	0.000000
ASV_610_16S_3_200	ASV_1254_16S_3_200	1	ENV_Temperature	0.483572	0.000000	-0.483572	1.000000	3.000000	1.000000	0	0	1	1.000000	0.000000	0.000000
ASV_1523_16S_022_3	ASV_1275_16S_3_200	1	ENV_Temperature	0.429916	0.000000	-0.429916	1.000000	3.000000	1.000000	0	0	1	1.000000	0.000000	0.000000
OTU_2878_18S_022_3	ASV_1275_16S_3_200	1	ENV_Temperature	0.404007	0.000000	-0.404007	0.929071	3.000000	1.000000	0	0	1	1.000000	0.000000	0.000000
ASV_658_16S_022_3	ASV_1283_16S_3_200	1	ENV_Temperature	0.435861	0.000000	-0.435861	0.500500	3.000000	1.000000	0	0	1	1.000000	0.000000	0.000000
ASV_814_16S_022_3	ASV_1283_16S_3_200	1	ENV_Temperature	0.439968	0.075516	-0.364452	0.429570	3.000000	1.000000	0	0	1	1.000000	0.000000	0.000000
ASV_1380_16S_022_3	ASV_1287_16S_3_200	1	ENV_Temperature	0.576677	-0.002689	-0.579366	0.071928	3.000000	1.000000	0	0	1	1.000000	0.000000	0.000000
ASV_402_16S_022_3	ASV_1300_16S_3_200	1	ENV_Temperature	0.318481	1.038606	0.720125	nan	3.000000	1.000000	0	0	1	1.000000	0.000000	0.000000
OTU_506_18S_022_3	ASV_1321_16S_3_200	1	ENV_Temperature	0.389232	0.061479	-0.327754	0.213786	3.000000	1.000000	0	0	1	1.000000	0.000000	0.000000
ASV_643_16S_022_3	ASV_1375_16S_3_200	1	ENV_Temperature	0.444736	0.000000	-0.444736	0.643357	3.000000	1.000000	0	0	1	1.000000	0.000000	0.000000
OTU_182_18S_022_3	ASV_1375_16S_3_200	1	ENV_Temperature	0.429916	0.263850	-0.166067	0.357642	3.000000	1.000000	0	0	1	1.000000	0.000000	0.000000
OTU_1893_18S_022_3	ASV_1375_16S_3_200	1	ENV_Temperature	0.461770	0.000000	-0.461770	1.000000	3.000000	1.000000	0	0	1	1.000000	0.000000	0.000000
ASV_1999_16S_022_3	ASV_1400_16S_3_200	1	ENV_Temperature	0.541334	0.000000	-0.541334	1.000000	3.000000	1.000000	0	0	1	1.000000	0.000000	0.000000
OTU_307_18S_022_3	ASV_1400_16S_3_200	1	ENV_Temperature	0.322035	0.000000	-0.322035	0.929071	2.000000	1.000000	0	1	0	1.000000	0.000000	0.000000
ASV_820_16S_022_3	ASV_1439_16S_3_200	1	ENV_Temperature	0.905164	0.229073	-0.676091	0.000999	3.000000	1.000000	0	0	1	1.000000	0.000000	0.000000
ASV_1491_16S_022_3	ASV_1439_16S_3_200	1	ENV_Temperature	0.480697	0.009298	-0.471399	0.000999	3.000000	1.000000	0	0	1	1.000000	0.000000	0.000000
ASV_823_16S_022_3	ASV_1457_16S_3_200	1	ENV_Temperature	0.682767	0.067060	-0.615707	0.000999	3.000000	1.000000	0	0	1	1.000000	0.000000	0.000000
ASV_978_16S_022_3	ASV_1457_16S_3_200	1	ENV_Temperature	0.684558	0.000000	-0.684558	1.000000	3.000000	1.000000	0	0	1	1.000000	0.000000	0.000000
ASV_1894_16S_022_3	ASV_1457_16S_3_200	1	ENV_Temperature	0.764122	0.038179	-0.725944	0.000999	3.000000	1.000000	0	0	1	1.000000	0.000000	0.000000
ASV_13_16S_022_3	ASV_1480_16S_3_200	1	ENV_Temperature	0.457970	0.773768	0.315799	nan	3.000000	1.000000	0	0	1	1.000000	0.000000	0.000000
ASV_530_16S_022_3	ASV_1480_16S_3_200	1	ENV_Temperature	0.299757	1.708195	1.408439	nan	3.000000	1.000000	0	0	1	1.000000	0.000000	0.000000
ASV_699_16S_022_3	ASV_1512_16S_3_200	1	ENV_Temperature	0.502498	0.134120	-0.368378	0.071928	3.000000	1.000000	0	0	1	1.000000	0.000000	0.000000
ASV_1707_16S_022_3	ASV_1512_16S_3_200	1	ENV_Temperature	0.464086	0.038179	-0.425907	0.142857	3.000000	1.000000	0	0	1	1.000000	0.000000	0.000000
ASV_1716_16S_022_3	ASV_1512_16S_3_200	1	ENV_Temperature	0.442284	0.000000	-0.442284	1.000000	3.000000	1.000000	0	0	1	1.000000	0.000000	0.000000
ASV_1747_16S_022_3	ASV_1512_16S_3_200	1	ENV_Temperature	0.358613	0.000000	-0.358613	1.000000	3.000000	1.000000	0	0	1	1.000000	0.000000	0.000000
ASV_863_16S_3_200	ASV_1512_16S_3_200	1	ENV_Temperature	0.519532	0.067060	-0.452472	0.000999	3.000000	1.000000	0	0	1	1.000000	0.000000	0.000000
ASV_27_16S_022_3	ASV_1537_16S_3_200	1	ENV_Temperature	0.330098	0.668242	0.338144	nan	3.000000	1.000000	0	0	1	1.000000	0.000000	0.000000
ASV_1648_16S_022_3	ASV_1564_16S_3_200	1	ENV_Temperature	0.625005	0.083954	-0.541051	0.142857	3.000000	1.000000	0	0	1	1.000000	0.000000	0.000000
ASV_2155_16S_022_3	ASV_1564_16S_3_200	1	ENV_Temperature	0.541334	0.055073	-0.486261	0.071928	3.000000	1.000000	0	0	1	1.000000	0.000000	0.000000
ASV_706_16S_3_200	ASV_1564_16S_3_200	1	ENV_Temperature	0.567243	0.038179	-0.529064	0.000999	3.000000	1.000000	0	0	1	1.000000	0.000000	0.000000
ASV_905_16S_3_200	ASV_1564_16S_3_200	1	ENV_Temperature	0.485888	0.000000	-0.485888	0.571429	3.000000	1.000000	0	0	1	1.000000	0.000000	0.000000
ASV_1420_16S_022_3	ASV_1591_16S_3_200	1	ENV_Temperature	0.299011	0.000000	-0.299011	0.928072	3.000000	1.000000	0	0	1	1.000000	0.000000	0.000000
OTU_984_18S_022_3	ASV_1591_16S_3_200	1	ENV_Temperature	0.541334	0.000000	-0.541334	0.928072	3.000000	1.000000	0	0	1	1.000000	0.000000	0.000000
OTU_1102_18S_022_3	ASV_1591_16S_3_200	1	ENV_Temperature	0.577294	0.000000	-0.577294	0.928072	3.000000	1.000000	0	0	1	1.000000	0.000000	0.000000
ASV_237_16S_3_200	ASV_1591_16S_3_200	1	ENV_Temperature	0.519532	-0.057762	-0.577294	0.357642	3.000000	1.000000	0	0	1	1.000000	0.000000	0.000000
ASV_396_16S_022_3	ASV_1675_16S_3_200	1	ENV_Temperature	0.680302	0.078576	-0.601726	0.000999	3.000000	1.000000	0	0	1	1.000000	0.000000	0.000000
ASV_1094_16S_022_3	ASV_1675_16S_3_200	1	ENV_Temperature	0.680302	0.000000	-0.680302	0.286713	3.000000	1.000000	0	0	1	1.000000	0.000000	0.000000
ASV_1127_16S_022_3	ASV_1715_16S_3_200	1	ENV_Temperature	0.368047	0.083954	-0.284093	0.572428	3.000000	1.000000	0	0	1	1.000000	0.000000	0.000000
ASV_307_16S_3_200	ASV_1821_16S_3_200	1	ENV_Temperature	0.604332	0.106422	-0.497910	0.000999	3.000000	1.000000	0	0	1	1.000000	0.000000	0.000000
ASV_1480_16S_3_200	ASV_1821_16S_3_200	1	ENV_Temperature	0.620366	0.096459	-0.523907	0.000999	3.000000	1.000000	0	0	1	1.000000	0.000000	0.000000
OTU_2167_18S_022_3	ASV_1870_16S_3_200	1	ENV_Temperature	0.521848	0.052198	-0.469649	0.500500	3.000000	1.000000	0	0	1	1.000000	0.000000	0.000000
ASV_468_16S_022_3	ASV_1879_16S_3_200	1	ENV_Temperature	0.807726	0.000000	-0.807726	0.714286	3.000000	1.000000	0	0	1	1.000000	0.000000	0.000000
ASV_1071_16S_022_3	ASV_1879_16S_3_200	1	ENV_Temperature	0.541334	0.000000	-0.541334	1.000000	3.000000	1.000000	0	0	1	1.000000	0.000000	0.000000
ASV_1584_16S_022_3	ASV_1879_16S_3_200	1	ENV_Temperature	0.536341	0.000000	-0.536341	0.215784	3.000000	1.000000	0	0	1	1.000000	0.000000	0.000000
ASV_414_16S_3_200	ASV_1879_16S_3_200	1	ENV_Temperature	0.533073	0.000000	-0.533073	0.214785	3.000000	1.000000	0	0	1	1.000000	0.000000	0.000000
ASV_1087_16S_022_3	ASV_1963_16S_3_200	1	ENV_Temperature	0.625005	0.112835	-0.512170	0.786214	3.000000	1.000000	0	0	1	1.000000	0.000000	0.000000
ASV_1289_16S_022_3	ASV_1963_16S_3_200	1	ENV_Temperature	0.569695	0.112835	-0.456860	0.142857	3.000000	1.000000	0	0	1	1.000000	0.000000	0.000000
ASV_1366_16S_022_3	ASV_1963_16S_3_200	1	ENV_Temperature	0.605655	0.000000	-0.605655	0.571429	3.000000	1.000000	0	0	1	1.000000	0.000000	0.000000
ASV_1508_16S_022_3	ASV_1963_16S_3_200	1	ENV_Temperature	0.466538	0.000000	-0.466538	0.643357	3.000000	1.000000	0	0	1	1.000000	0.000000	0.000000
ASV_1858_16S_022_3	ASV_2004_16S_3_200	1	ENV_Temperature	0.497730	0.000000	-0.497730	1.000000	3.000000	1.000000	0	0	1	1.000000	0.000000	0.000000
ASV_1212_16S_022_3	ASV_2007_16S_3_200	1	ENV_Temperature	0.382205	-0.081080	-0.463285	0.786214	3.000000	1.000000	0	0	1	1.000000	0.000000	0.000000
OTU_6834_18S_022_3	ASV_2032_16S_3_200	1	ENV_Temperature	0.439968	-0.074657	-0.514624	0.501499	3.000000	1.000000	0	0	1	1.000000	0.000000	0.000000
ASV_51_16S_022_3	ASV_2134_16S_3_200	1	ENV_Temperature	0.393942	0.045776	-0.348166	0.499500	3.000000	1.000000	0	0	1	1.000000	0.000000	0.000000
ASV_1059_16S_022_3	ASV_2134_16S_3_200	1	ENV_Temperature	0.599096	0.081080	-0.518017	0.571429	3.000000	1.000000	0	0	1	1.000000	0.000000	0.000000
ASV_616_16S_022_3	ASV_2156_16S_3_200	1	ENV_Temperature	0.439968	-0.036478	-0.476446	0.499500	3.000000	1.000000	0	0	1	1.000000	0.000000	0.000000
ASV_718_16S_022_3	ASV_2156_16S_3_200	1	ENV_Temperature	0.404007	-0.040868	-0.444875	0.643357	3.000000	1.000000	0	0	1	1.000000	0.000000	0.000000
ASV_1257_16S_022_3	ASV_2156_16S_3_200	1	ENV_Temperature	0.461770	0.112835	-0.348934	0.358641	3.000000	1.000000	0	0	1	1.000000	0.000000	0.000000
ASV_1397_16S_022_3	ASV_2156_16S_3_200	1	ENV_Temperature	0.356297	0.000000	-0.356297	0.714286	3.000000	1.000000	0	0	1	1.000000	0.000000	0.000000
ASV_1523_16S_022_3	ASV_2281_16S_3_200	1	ENV_Temperature	0.682767	0.000000	-0.682767	1.000000	3.000000	1.000000	0	0	1	1.000000	0.000000	0.000000
ASV_1820_16S_022_3	ASV_2281_16S_3_200	1	ENV_Temperature	0.704569	0.000000	-0.704569	1.000000	3.000000	1.000000	0	0	1	1.000000	0.000000	0.000000
ASV_9_16S_022_3	ASV_2288_16S_3_200	1	ENV_Temperature	0.362279	0.000000	-0.362279	1.000000	3.000000	1.000000	0	0	1	1.000000	0.000000	0.000000
ASV_1059_16S_022_3	ASV_2288_16S_3_200	1	ENV_Temperature	0.519532	0.000000	-0.519532	1.000000	3.000000	1.000000	0	0	1	1.000000	0.000000	0.000000
OTU_1010_18S_022_3	ASV_2288_16S_3_200	1	ENV_Temperature	0.334495	0.000000	-0.334495	1.000000	3.000000	1.000000	0	0	1	1.000000	0.000000	0.000000
ASV_777_16S_3_200	ASV_2288_16S_3_200	1	ENV_Temperature	0.439968	0.000000	-0.439968	1.000000	3.000000	1.000000	0	0	1	1.000000	0.000000	0.000000
ASV_2134_16S_3_200	ASV_2288_16S_3_200	1	ENV_Temperature	0.519532	0.000000	-0.519532	1.000000	3.000000	1.000000	0	0	1	1.000000	0.000000	0.000000
ASV_168_16S_022_3	ASV_2561_16S_3_200	1	ENV_Temperature	0.568656	0.205228	-0.363427	0.428571	3.000000	1.000000	0	0	1	1.000000	0.000000	0.000000
OTU_574_18S_022_3	OTU_3_18S_3_200	1	ENV_Temperature	0.297002	-0.019583	-0.316585	0.715285	3.000000	1.000000	0	0	1	1.000000	0.000000	0.000000
OTU_7_18S_022_3	OTU_10_18S_3_200	1	ENV_Temperature	0.477276	0.097164	-0.380112	0.000999	3.000000	1.000000	0	0	1	1.000000	0.000000	0.000000
OTU_39_18S_022_3	OTU_10_18S_3_200	1	ENV_Temperature	0.536246	0.091922	-0.444324	0.000999	3.000000	1.000000	0	0	1	1.000000	0.000000	0.000000
OTU_50_18S_022_3	OTU_10_18S_3_200	1	ENV_Temperature	0.811441	0.215895	-0.595546	0.071928	3.000000	1.000000	0	0	1	1.000000	0.000000	0.000000
ASV_723_16S_3_200	OTU_10_18S_3_200	1	ENV_Temperature	0.819752	0.151997	-0.667754	0.000999	3.000000	1.000000	0	0	1	1.000000	0.000000	0.000000
OTU_906_18S_022_3	OTU_11_18S_3_200	1	ENV_Temperature	0.509432	0.057762	-0.451670	0.713287	3.000000	1.000000	0	0	1	1.000000	0.000000	0.000000
OTU_1247_18S_022_3	OTU_11_18S_3_200	1	ENV_Temperature	0.468881	0.074657	-0.394224	0.714286	3.000000	1.000000	0	0	1	1.000000	0.000000	0.000000
OTU_3_18S_3_200	OTU_11_18S_3_200	1	ENV_Temperature	0.143303	-0.035960	-0.179263	0.641359	2.000000	1.000000	0	1	0	1.000000	0.000000	0.000000
OTU_24_18S_022_3	OTU_12_18S_3_200	1	ENV_Temperature	0.369270	-0.044748	-0.414018	0.213786	3.000000	1.000000	0	0	1	1.000000	0.000000	0.000000
OTU_158_18S_022_3	OTU_17_18S_3_200	1	ENV_Temperature	0.410164	0.483447	0.073283	nan	3.000000	1.000000	0	0	1	1.000000	0.000000	0.000000
OTU_1247_18S_022_3	OTU_17_18S_3_200	1	ENV_Temperature	0.604332	0.383440	-0.220892	0.286713	3.000000	1.000000	0	0	1	1.000000	0.000000	0.000000
OTU_77_18S_022_3	OTU_18_18S_3_200	1	ENV_Temperature	0.508634	0.077956	-0.430678	0.286713	3.000000	1.000000	0	0	1	1.000000	0.000000	0.000000
OTU_10_18S_3_200	OTU_18_18S_3_200	1	ENV_Temperature	0.660419	0.318212	-0.342207	0.000999	3.000000	1.000000	0	0	1	1.000000	0.000000	0.000000
OTU_2040_18S_022_3	OTU_16_18S_3_200	1	ENV_Temperature	0.425809	0.038179	-0.387631	0.142857	3.000000	1.000000	0	0	1	1.000000	0.000000	0.000000
ASV_113_16S_022_3	OTU_29_18S_3_200	1	ENV_Temperature	0.565488	0.118602	-0.446886	0.000999	3.000000	1.000000	0	0	1	1.000000	0.000000	0.000000
ASV_2185_16S_022_3	OTU_30_18S_3_200	1	ENV_Temperature	0.348561	0.000000	-0.348561	1.000000	3.000000	1.000000	0	0	1	1.000000	0.000000	0.000000
OTU_421_18S_022_3	OTU_34_18S_3_200	1	ENV_Temperature	0.569541	0.000000	-0.569541	1.000000	3.000000	1.000000	0	0	1	1.000000	0.000000	0.000000
OTU_613_18S_022_3	OTU_38_18S_3_200	1	ENV_Temperature	0.802510	0.324690	-0.477820	0.357642	3.000000	1.000000	0	0	1	1.000000	0.000000	0.000000
OTU_1338_18S_022_3	OTU_44_18S_3_200	1	ENV_Temperature	0.493623	-0.177021	-0.670644	1.000000	3.000000	1.000000	0	0	1	1.000000	0.000000	0.000000
OTU_2035_18S_022_3	OTU_44_18S_3_200	1	ENV_Temperature	0.551385	-0.067060	-0.618445	0.786214	3.000000	1.000000	0	0	1	1.000000	0.000000	0.000000
ASV_53_16S_022_3	OTU_50_18S_3_200	1	ENV_Temperature	0.859059	0.243424	-0.615634	0.144855	3.000000	1.000000	0	0	1	1.000000	0.000000	0.000000
ASV_723_16S_022_3	OTU_50_18S_3_200	1	ENV_Temperature	0.659210	0.028225	-0.630985	0.430569	3.000000	1.000000	0	0	1	1.000000	0.000000	0.000000
OTU_350_18S_022_3	OTU_50_18S_3_200	1	ENV_Temperature	0.415212	0.278573	-0.136639	0.286713	3.000000	1.000000	0	0	1	1.000000	0.000000	0.000000
ASV_377_16S_3_200	OTU_50_18S_3_200	1	ENV_Temperature	0.451670	0.271446	-0.180223	0.571429	3.000000	1.000000	0	0	1	1.000000	0.000000	0.000000
ASV_1059_16S_022_3	OTU_48_18S_3_200	1	ENV_Temperature	0.324443	0.023317	-0.301126	0.857143	3.000000	1.000000	0	0	1	1.000000	0.000000	0.000000
OTU_5773_18S_022_3	OTU_48_18S_3_200	1	ENV_Temperature	0.429916	0.023317	-0.406599	0.857143	3.000000	1.000000	0	0	1	1.000000	0.000000	0.000000
OTU_1283_18S_022_3	OTU_62_18S_3_200	1	ENV_Temperature	0.535679	0.134120	-0.401559	0.357642	3.000000	1.000000	0	0	1	1.000000	0.000000	0.000000
ASV_648_16S_022_3	OTU_68_18S_3_200	1	ENV_Temperature	0.483572	0.134120	-0.349452	0.357642	3.000000	1.000000	0	0	1	1.000000	0.000000	0.000000
OTU_1353_18S_022_3	OTU_71_18S_3_200	1	ENV_Temperature	0.508009	0.149313	-0.358696	0.358641	3.000000	1.000000	0	0	1	1.000000	0.000000	0.000000
ASV_491_16S_022_3	OTU_75_18S_3_200	1	ENV_Temperature	0.579263	1.214842	0.635579	nan	3.000000	1.000000	0	0	1	1.000000	0.000000	0.000000
OTU_4_18S_022_3	OTU_75_18S_3_200	1	ENV_Temperature	0.740853	1.639927	0.899074	nan	3.000000	1.000000	0	0	1	1.000000	0.000000	0.000000
OTU_248_18S_022_3	OTU_75_18S_3_200	1	ENV_Temperature	0.553831	-0.054888	-0.608718	0.071928	3.000000	1.000000	0	0	1	1.000000	0.000000	0.000000
ASV_1067_16S_3_200	OTU_75_18S_3_200	1	ENV_Temperature	0.436431	-0.086643	-0.523074	0.071928	3.000000	1.000000	0	0	1	1.000000	0.000000	0.000000
OTU_29_18S_3_200	OTU_78_18S_3_200	1	ENV_Temperature	0.698055	0.309496	-0.388559	0.143856	3.000000	1.000000	0	0	1	1.000000	0.000000	0.000000
OTU_71_18S_3_200	OTU_78_18S_3_200	1	ENV_Temperature	0.846655	0.382452	-0.464204	0.215784	3.000000	1.000000	0	0	1	1.000000	0.000000	0.000000
OTU_850_18S_022_3	OTU_82_18S_3_200	1	ENV_Temperature	0.633778	0.235301	-0.398478	0.286713	3.000000	1.000000	0	0	1	1.000000	0.000000	0.000000
OTU_330_18S_022_3	OTU_83_18S_3_200	1	ENV_Temperature	0.334495	0.000000	-0.334495	0.928072	3.000000	1.000000	0	0	1	1.000000	0.000000	0.000000
OTU_676_18S_022_3	OTU_83_18S_3_200	1	ENV_Temperature	0.356297	0.000000	-0.356297	1.000000	3.000000	1.000000	0	0	1	1.000000	0.000000	0.000000
OTU_870_18S_022_3	OTU_83_18S_3_200	1	ENV_Temperature	0.519532	0.112835	-0.406697	0.572428	3.000000	1.000000	0	0	1	1.000000	0.000000	0.000000
OTU_2633_18S_022_3	OTU_83_18S_3_200	1	ENV_Temperature	0.276732	0.083954	-0.192778	0.286713	3.000000	1.000000	0	0	1	1.000000	0.000000	0.000000
ASV_250_16S_022_3	OTU_86_18S_3_200	1	ENV_Temperature	0.324443	0.271446	-0.052997	0.715285	3.000000	1.000000	0	0	1	1.000000	0.000000	0.000000
ASV_2156_16S_3_200	OTU_86_18S_3_200	1	ENV_Temperature	0.414059	0.000000	-0.414059	0.714286	3.000000	1.000000	0	0	1	1.000000	0.000000	0.000000
ASV_863_16S_3_200	OTU_89_18S_3_200	1	ENV_Temperature	0.324443	0.000000	-0.324443	0.213786	3.000000	1.000000	0	0	1	1.000000	0.000000	0.000000
OTU_660_18S_022_3	OTU_103_18S_3_200	1	ENV_Temperature	0.688656	0.000000	-0.688656	0.427572	3.000000	1.000000	0	0	1	1.000000	0.000000	0.000000
OTU_1143_18S_022_3	OTU_103_18S_3_200	1	ENV_Temperature	0.542557	0.052198	-0.490358	0.000999	3.000000	1.000000	0	0	1	1.000000	0.000000	0.000000
ASV_377_16S_3_200	OTU_103_18S_3_200	1	ENV_Temperature	0.583197	0.067060	-0.516137	0.285714	3.000000	1.000000	0	0	1	1.000000	0.000000	0.000000
ASV_153_16S_022_3	OTU_101_18S_3_200	1	ENV_Temperature	0.706738	0.451537	-0.255201	0.214785	3.000000	1.000000	0	0	1	1.000000	0.000000	0.000000
ASV_612_16S_022_3	OTU_101_18S_3_200	1	ENV_Temperature	0.838470	0.076358	-0.762112	0.000999	3.000000	1.000000	0	0	1	1.000000	0.000000	0.000000
OTU_534_18S_022_3	OTU_101_18S_3_200	1	ENV_Temperature	0.518289	0.033789	-0.484500	0.072927	3.000000	1.000000	0	0	1	1.000000	0.000000	0.000000
OTU_568_18S_022_3	OTU_109_18S_3_200	1	ENV_Temperature	0.674752	0.272305	-0.402446	0.213786	3.000000	1.000000	0	0	1	1.000000	0.000000	0.000000
ASV_1029_16S_022_3	OTU_106_18S_3_200	1	ENV_Temperature	0.710075	0.061496	-0.648579	0.143856	3.000000	1.000000	0	0	1	1.000000	0.000000	0.000000
OTU_38_18S_3_200	OTU_106_18S_3_200	1	ENV_Temperature	0.861774	0.162345	-0.699429	0.286713	3.000000	1.000000	0	0	1	1.000000	0.000000	0.000000
ASV_622_16S_022_3	OTU_118_18S_3_200	1	ENV_Temperature	0.648598	0.000000	-0.648598	1.000000	3.000000	1.000000	0	0	1	1.000000	0.000000	0.000000
ASV_671_16S_022_3	OTU_118_18S_3_200	1	ENV_Temperature	0.545441	0.052198	-0.493242	0.572428	3.000000	1.000000	0	0	1	1.000000	0.000000	0.000000
ASV_1050_16S_022_3	OTU_118_18S_3_200	1	ENV_Temperature	0.566149	0.081080	-0.485070	0.572428	3.000000	1.000000	0	0	1	1.000000	0.000000	0.000000
ASV_357_16S_022_3	OTU_119_18S_3_200	1	ENV_Temperature	0.389615	-0.007820	-0.397435	0.143856	3.000000	1.000000	0	0	1	1.000000	0.000000	0.000000
OTU_332_18S_022_3	OTU_116_18S_3_200	1	ENV_Temperature	0.521292	0.261817	-0.259475	0.142857	3.000000	1.000000	0	0	1	1.000000	0.000000	0.000000
ASV_105_16S_022_3	OTU_129_18S_3_200	1	ENV_Temperature	0.211275	0.114549	-0.096727	0.929071	3.000000	1.000000	0	0	1	1.000000	0.000000	0.000000
OTU_2722_18S_022_3	OTU_129_18S_3_200	1	ENV_Temperature	0.465246	0.136153	-0.329093	0.858142	3.000000	1.000000	0	0	1	1.000000	0.000000	0.000000
ASV_1426_16S_022_3	OTU_142_18S_3_200	1	ENV_Temperature	0.616352	1.371734	0.755382	nan	3.000000	1.000000	0	0	1	1.000000	0.000000	0.000000
ASV_767_16S_022_3	OTU_137_18S_3_200	1	ENV_Temperature	0.752470	0.157437	-0.595033	0.644356	3.000000	1.000000	0	0	1	1.000000	0.000000	0.000000
OTU_751_18S_022_3	OTU_137_18S_3_200	1	ENV_Temperature	0.424894	0.210809	-0.214084	0.714286	3.000000	1.000000	0	0	1	1.000000	0.000000	0.000000
OTU_378_18S_022_3	OTU_146_18S_3_200	1	ENV_Temperature	0.451286	0.076358	-0.374929	0.214785	3.000000	1.000000	0	0	1	1.000000	0.000000	0.000000
ASV_21_16S_022_3	OTU_141_18S_3_200	1	ENV_Temperature	0.284649	0.016553	-0.268096	0.072927	2.000000	1.000000	0	1	0	1.000000	0.000000	0.000000
OTU_183_18S_022_3	OTU_141_18S_3_200	1	ENV_Temperature	0.471596	0.477534	0.005937	nan	3.000000	1.000000	0	0	1	1.000000	0.000000	0.000000
ASV_932_16S_022_3	OTU_155_18S_3_200	1	ENV_Temperature	0.682767	0.083954	-0.598813	0.215784	3.000000	1.000000	0	0	1	1.000000	0.000000	0.000000
ASV_932_16S_3_200	OTU_155_18S_3_200	1	ENV_Temperature	0.646807	0.083954	-0.562853	0.715285	3.000000	1.000000	0	0	1	1.000000	0.000000	0.000000
OTU_260_18S_022_3	OTU_152_18S_3_200	1	ENV_Temperature	0.324443	0.000000	-0.324443	0.570430	3.000000	1.000000	0	0	1	1.000000	0.000000	0.000000
OTU_811_18S_022_3	OTU_166_18S_3_200	1	ENV_Temperature	0.323627	0.000000	-0.323627	0.713287	3.000000	1.000000	0	0	1	1.000000	0.000000	0.000000
ASV_126_16S_022_3	OTU_162_18S_3_200	1	ENV_Temperature	0.428738	0.207279	-0.221460	0.000999	3.000000	1.000000	0	0	1	1.000000	0.000000	0.000000
ASV_732_16S_022_3	OTU_183_18S_3_200	1	ENV_Temperature	0.576016	0.016894	-0.559121	0.000999	3.000000	1.000000	0	0	1	1.000000	0.000000	0.000000
ASV_1971_16S_022_3	OTU_183_18S_3_200	1	ENV_Temperature	0.671276	1.045091	0.373815	nan	3.000000	1.000000	0	0	1	1.000000	0.000000	0.000000
OTU_50_18S_022_3	OTU_189_18S_3_200	1	ENV_Temperature	0.507730	0.530220	0.022490	nan	3.000000	1.000000	0	0	1	1.000000	0.000000	0.000000
OTU_345_18S_022_3	OTU_189_18S_3_200	1	ENV_Temperature	0.754813	0.464520	-0.290293	0.785215	3.000000	1.000000	0	0	1	1.000000	0.000000	0.000000
ASV_767_16S_022_3	OTU_195_18S_3_200	1	ENV_Temperature	0.678252	0.261316	-0.416935	0.500500	3.000000	1.000000	0	0	1	1.000000	0.000000	0.000000
OTU_195_18S_022_3	OTU_195_18S_3_200	1	ENV_Temperature	0.737222	0.301714	-0.435509	0.286713	3.000000	1.000000	0	0	1	1.000000	0.000000	0.000000
OTU_38_18S_3_200	OTU_195_18S_3_200	1	ENV_Temperature	0.782210	0.185144	-0.597065	0.143856	3.000000	1.000000	0	0	1	1.000000	0.000000	0.000000
ASV_1190_16S_022_3	OTU_197_18S_3_200	1	ENV_Temperature	0.603865	0.418930	-0.184935	0.929071	3.000000	1.000000	0	0	1	1.000000	0.000000	0.000000
OTU_101_18S_022_3	OTU_197_18S_3_200	1	ENV_Temperature	0.699184	-0.002504	-0.701688	0.142857	3.000000	1.000000	0	0	1	1.000000	0.000000	0.000000
OTU_2309_18S_022_3	OTU_197_18S_3_200	1	ENV_Temperature	0.483572	0.144121	-0.339451	0.786214	3.000000	1.000000	0	0	1	1.000000	0.000000	0.000000
OTU_1149_18S_022_3	OTU_198_18S_3_200	1	ENV_Temperature	0.451718	0.023317	-0.428401	0.429570	3.000000	1.000000	0	0	1	1.000000	0.000000	0.000000
OTU_1647_18S_022_3	OTU_198_18S_3_200	1	ENV_Temperature	0.384521	0.052198	-0.332323	0.571429	3.000000	1.000000	0	0	1	1.000000	0.000000	0.000000
ASV_271_16S_022_3	OTU_196_18S_3_200	1	ENV_Temperature	0.395429	-0.015193	-0.410622	0.285714	3.000000	1.000000	0	0	1	1.000000	0.000000	0.000000
OTU_18_18S_022_3	OTU_174_18S_3_200	1	ENV_Temperature	0.507730	0.303081	-0.204649	0.643357	3.000000	1.000000	0	0	1	1.000000	0.000000	0.000000
OTU_50_18S_022_3	OTU_174_18S_3_200	1	ENV_Temperature	0.808357	0.671281	-0.137077	0.572428	3.000000	1.000000	0	0	1	1.000000	0.000000	0.000000
OTU_60_18S_022_3	OTU_174_18S_3_200	1	ENV_Temperature	0.805050	0.139027	-0.666023	0.643357	3.000000	1.000000	0	0	1	1.000000	0.000000	0.000000
ASV_800_16S_022_3	OTU_204_18S_3_200	1	ENV_Temperature	0.467210	0.000000	-0.467210	0.430569	3.000000	1.000000	0	0	1	1.000000	0.000000	0.000000
ASV_192_16S_3_200	OTU_204_18S_3_200	1	ENV_Temperature	0.639115	0.002875	-0.636240	0.072927	3.000000	1.000000	0	0	1	1.000000	0.000000	0.000000
OTU_89_18S_3_200	OTU_204_18S_3_200	1	ENV_Temperature	0.566065	0.115361	-0.450704	0.144855	3.000000	1.000000	0	0	1	1.000000	0.000000	0.000000
ASV_910_16S_022_3	OTU_217_18S_3_200	1	ENV_Temperature	0.530274	0.081080	-0.449194	0.572428	3.000000	1.000000	0	0	1	1.000000	0.000000	0.000000
OTU_4_18S_022_3	OTU_217_18S_3_200	1	ENV_Temperature	0.404061	0.069749	-0.334312	0.286713	3.000000	1.000000	0	0	1	1.000000	0.000000	0.000000
ASV_1675_16S_3_200	OTU_212_18S_3_200	1	ENV_Temperature	0.415216	0.104768	-0.310448	0.072927	3.000000	1.000000	0	0	1	1.000000	0.000000	0.000000
OTU_498_18S_022_3	OTU_205_18S_3_200	1	ENV_Temperature	0.661090	0.283118	-0.377972	0.357642	3.000000	1.000000	0	0	1	1.000000	0.000000	0.000000
OTU_141_18S_3_200	OTU_205_18S_3_200	1	ENV_Temperature	0.682892	0.253710	-0.429182	0.285714	3.000000	1.000000	0	0	1	1.000000	0.000000	0.000000
ASV_229_16S_022_3	OTU_231_18S_3_200	1	ENV_Temperature	0.521521	2.631126	2.109605	nan	3.000000	1.000000	0	0	1	1.000000	0.000000	0.000000
ASV_637_16S_022_3	OTU_232_18S_3_200	1	ENV_Temperature	0.404007	0.041452	-0.362555	0.929071	3.000000	1.000000	0	0	1	1.000000	0.000000	0.000000
OTU_1374_18S_022_3	OTU_232_18S_3_200	1	ENV_Temperature	0.541334	0.055073	-0.486261	0.429570	3.000000	1.000000	0	0	1	1.000000	0.000000	0.000000
OTU_1575_18S_022_3	OTU_232_18S_3_200	1	ENV_Temperature	0.432369	0.598981	0.166612	nan	3.000000	1.000000	0	0	1	1.000000	0.000000	0.000000
OTU_763_18S_022_3	OTU_235_18S_3_200	1	ENV_Temperature	0.612359	0.088344	-0.524015	0.429570	3.000000	1.000000	0	0	1	1.000000	0.000000	0.000000
OTU_2856_18S_022_3	OTU_235_18S_3_200	1	ENV_Temperature	0.437083	0.201180	-0.235904	0.500500	3.000000	1.000000	0	0	1	1.000000	0.000000	0.000000
OTU_138_18S_3_200	OTU_236_18S_3_200	1	ENV_Temperature	0.554597	0.385797	-0.168800	0.644356	3.000000	1.000000	0	0	1	1.000000	0.000000	0.000000
ASV_1380_16S_022_3	OTU_213_18S_3_200	1	ENV_Temperature	0.659041	0.059307	-0.599734	0.071928	3.000000	1.000000	0	0	1	1.000000	0.000000	0.000000
OTU_11_18S_3_200	OTU_213_18S_3_200	1	ENV_Temperature	0.581301	0.311787	-0.269514	0.570430	3.000000	1.000000	0	0	1	1.000000	0.000000	0.000000
ASV_429_16S_022_3	OTU_242_18S_3_200	1	ENV_Temperature	0.439933	0.850494	0.410561	nan	3.000000	1.000000	0	0	1	1.000000	0.000000	0.000000
ASV_714_16S_022_3	OTU_242_18S_3_200	1	ENV_Temperature	0.337075	0.217777	-0.119298	0.572428	3.000000	1.000000	0	0	1	1.000000	0.000000	0.000000
OTU_58_18S_022_3	OTU_249_18S_3_200	1	ENV_Temperature	0.483572	-0.028881	-0.512453	0.642358	3.000000	1.000000	0	0	1	1.000000	0.000000	0.000000
OTU_215_18S_022_3	OTU_249_18S_3_200	1	ENV_Temperature	0.483572	0.000000	-0.483572	1.000000	3.000000	1.000000	0	0	1	1.000000	0.000000	0.000000
OTU_760_18S_022_3	OTU_249_18S_3_200	1	ENV_Temperature	0.599096	0.000000	-0.599096	1.000000	3.000000	1.000000	0	0	1	1.000000	0.000000	0.000000
OTU_1376_18S_022_3	OTU_249_18S_3_200	1	ENV_Temperature	0.577294	0.000000	-0.577294	1.000000	3.000000	1.000000	0	0	1	1.000000	0.000000	0.000000
OTU_40_18S_3_200	OTU_249_18S_3_200	1	ENV_Temperature	0.308733	0.000000	-0.308733	1.000000	3.000000	1.000000	0	0	1	1.000000	0.000000	0.000000
OTU_240_18S_3_200	OTU_249_18S_3_200	1	ENV_Temperature	0.519532	0.000000	-0.519532	1.000000	3.000000	1.000000	0	0	1	1.000000	0.000000	0.000000
ASV_556_16S_022_3	OTU_228_18S_3_200	1	ENV_Temperature	0.439351	-0.044934	-0.484285	0.143856	3.000000	1.000000	0	0	1	1.000000	0.000000	0.000000
ASV_606_16S_022_3	OTU_228_18S_3_200	1	ENV_Temperature	0.660965	0.100331	-0.560634	0.000999	3.000000	1.000000	0	0	1	1.000000	0.000000	0.000000
ASV_1705_16S_022_3	OTU_260_18S_3_200	1	ENV_Temperature	0.519532	0.083954	-0.435578	0.071928	3.000000	1.000000	0	0	1	1.000000	0.000000	0.000000
OTU_613_18S_022_3	OTU_270_18S_3_200	1	ENV_Temperature	0.824312	0.101708	-0.722604	0.000999	3.000000	1.000000	0	0	1	1.000000	0.000000	0.000000
OTU_105_18S_3_200	OTU_270_18S_3_200	1	ENV_Temperature	0.743365	0.099675	-0.643690	0.214785	3.000000	1.000000	0	0	1	1.000000	0.000000	0.000000
ASV_1094_16S_022_3	OTU_277_18S_3_200	1	ENV_Temperature	0.576677	-0.048465	-0.625142	0.358641	3.000000	1.000000	0	0	1	1.000000	0.000000	0.000000
OTU_2562_18S_022_3	OTU_278_18S_3_200	1	ENV_Temperature	0.656858	0.000000	-0.656858	1.000000	3.000000	1.000000	0	0	1	1.000000	0.000000	0.000000
OTU_436_18S_022_3	OTU_286_18S_3_200	1	ENV_Temperature	0.353903	0.057762	-0.296141	0.000999	3.000000	1.000000	0	0	1	1.000000	0.000000	0.000000
OTU_141_18S_3_200	OTU_245_18S_3_200	1	ENV_Temperature	0.775233	0.273997	-0.501236	0.215784	3.000000	1.000000	0	0	1	1.000000	0.000000	0.000000
ASV_306_16S_022_3	OTU_292_18S_3_200	1	ENV_Temperature	0.519532	0.248988	-0.270544	0.428571	3.000000	1.000000	0	0	1	1.000000	0.000000	0.000000
ASV_637_16S_022_3	OTU_292_18S_3_200	1	ENV_Temperature	0.356297	0.005963	-0.350334	0.929071	3.000000	1.000000	0	0	1	1.000000	0.000000	0.000000
OTU_2150_18S_022_3	OTU_293_18S_3_200	1	ENV_Temperature	0.493623	0.000000	-0.493623	1.000000	3.000000	1.000000	0	0	1	1.000000	0.000000	0.000000
OTU_131_18S_3_200	OTU_293_18S_3_200	1	ENV_Temperature	0.483572	0.000000	-0.483572	0.858142	3.000000	1.000000	0	0	1	1.000000	0.000000	0.000000
OTU_240_18S_3_200	OTU_293_18S_3_200	1	ENV_Temperature	0.577294	0.083954	-0.493340	0.285714	3.000000	1.000000	0	0	1	1.000000	0.000000	0.000000
OTU_286_18S_3_200	OTU_293_18S_3_200	1	ENV_Temperature	0.483572	0.067060	-0.416512	0.142857	3.000000	1.000000	0	0	1	1.000000	0.000000	0.000000
ASV_1753_16S_022_3	OTU_300_18S_3_200	1	ENV_Temperature	0.785546	0.083954	-0.701592	0.857143	3.000000	1.000000	0	0	1	1.000000	0.000000	0.000000
OTU_50_18S_022_3	OTU_300_18S_3_200	1	ENV_Temperature	0.550484	0.023317	-0.527167	0.285714	3.000000	1.000000	0	0	1	1.000000	0.000000	0.000000
ASV_666_16S_022_3	OTU_291_18S_3_200	1	ENV_Temperature	0.464912	0.046635	-0.418277	0.359640	3.000000	1.000000	0	0	1	1.000000	0.000000	0.000000
OTU_1246_18S_022_3	OTU_298_18S_3_200	1	ENV_Temperature	0.519532	0.000000	-0.519532	0.929071	3.000000	1.000000	0	0	1	1.000000	0.000000	0.000000
OTU_1058_18S_022_3	OTU_303_18S_3_200	1	ENV_Temperature	0.596221	0.260975	-0.335246	0.714286	3.000000	1.000000	0	0	1	1.000000	0.000000	0.000000
OTU_877_18S_022_3	OTU_304_18S_3_200	1	ENV_Temperature	0.317659	0.055073	-0.262586	0.644356	3.000000	1.000000	0	0	1	1.000000	0.000000	0.000000
OTU_1961_18S_022_3	OTU_304_18S_3_200	1	ENV_Temperature	0.473520	0.083954	-0.389566	0.858142	3.000000	1.000000	0	0	1	1.000000	0.000000	0.000000
OTU_712_18S_022_3	OTU_315_18S_3_200	1	ENV_Temperature	0.425809	0.083954	-0.341855	0.286713	3.000000	1.000000	0	0	1	1.000000	0.000000	0.000000
OTU_1024_18S_022_3	OTU_315_18S_3_200	1	ENV_Temperature	0.346907	0.083954	-0.262952	0.571429	3.000000	1.000000	0	0	1	1.000000	0.000000	0.000000
OTU_889_18S_022_3	OTU_322_18S_3_200	1	ENV_Temperature	0.442284	0.000000	-0.442284	1.000000	3.000000	1.000000	0	0	1	1.000000	0.000000	0.000000
OTU_496_18S_022_3	OTU_325_18S_3_200	1	ENV_Temperature	0.710075	0.112835	-0.597239	0.642358	3.000000	1.000000	0	0	1	1.000000	0.000000	0.000000
OTU_105_18S_3_200	OTU_329_18S_3_200	1	ENV_Temperature	0.868457	0.393394	-0.475064	0.715285	3.000000	1.000000	0	0	1	1.000000	0.000000	0.000000
OTU_38_18S_3_200	OTU_332_18S_3_200	1	ENV_Temperature	0.753679	0.243424	-0.510255	0.357642	3.000000	1.000000	0	0	1	1.000000	0.000000	0.000000
OTU_790_18S_022_3	OTU_348_18S_3_200	1	ENV_Temperature	0.546774	0.561488	0.014714	nan	3.000000	1.000000	0	0	1	1.000000	0.000000	0.000000
ASV_1305_16S_022_3	OTU_290_18S_3_200	1	ENV_Temperature	0.388481	0.259801	-0.128680	0.215784	3.000000	1.000000	0	0	1	1.000000	0.000000	0.000000
OTU_729_18S_022_3	OTU_290_18S_3_200	1	ENV_Temperature	0.560728	0.106422	-0.454306	0.000999	3.000000	1.000000	0	0	1	1.000000	0.000000	0.000000
ASV_462_16S_3_200	OTU_290_18S_3_200	1	ENV_Temperature	0.579849	0.110044	-0.469805	0.000999	3.000000	1.000000	0	0	1	1.000000	0.000000	0.000000
ASV_267_16S_022_3	OTU_361_18S_3_200	1	ENV_Temperature	0.400049	0.075701	-0.324348	0.215784	3.000000	1.000000	0	0	1	1.000000	0.000000	0.000000
ASV_425_16S_022_3	OTU_360_18S_3_200	1	ENV_Temperature	0.627626	0.100331	-0.527295	0.643357	3.000000	1.000000	0	0	1	1.000000	0.000000	0.000000
ASV_472_16S_022_3	OTU_360_18S_3_200	1	ENV_Temperature	0.674115	0.038179	-0.635936	0.284715	3.000000	1.000000	0	0	1	1.000000	0.000000	0.000000
ASV_574_16S_022_3	OTU_360_18S_3_200	1	ENV_Temperature	0.605078	-0.044075	-0.649153	0.499500	3.000000	1.000000	0	0	1	1.000000	0.000000	0.000000
OTU_763_18S_022_3	OTU_360_18S_3_200	1	ENV_Temperature	0.749303	0.088344	-0.660958	0.714286	3.000000	1.000000	0	0	1	1.000000	0.000000	0.000000
ASV_769_16S_3_200	OTU_360_18S_3_200	1	ENV_Temperature	0.486585	0.201180	-0.285405	0.643357	3.000000	1.000000	0	0	1	1.000000	0.000000	0.000000
ASV_88_16S_022_3	OTU_368_18S_3_200	1	ENV_Temperature	0.505503	-0.112437	-0.617940	0.071928	3.000000	1.000000	0	0	1	1.000000	0.000000	0.000000
ASV_507_16S_022_3	OTU_343_18S_3_200	1	ENV_Temperature	0.943262	0.304403	-0.638859	0.359640	3.000000	1.000000	0	0	1	1.000000	0.000000	0.000000
ASV_687_16S_022_3	OTU_343_18S_3_200	1	ENV_Temperature	0.392668	0.336733	-0.055935	0.357642	3.000000	1.000000	0	0	1	1.000000	0.000000	0.000000
OTU_489_18S_022_3	OTU_343_18S_3_200	1	ENV_Temperature	0.556636	0.047679	-0.508956	0.285714	3.000000	1.000000	0	0	1	1.000000	0.000000	0.000000
OTU_495_18S_022_3	OTU_343_18S_3_200	1	ENV_Temperature	0.479612	0.262861	-0.216750	0.356643	3.000000	1.000000	0	0	1	1.000000	0.000000	0.000000
ASV_949_16S_022_3	OTU_363_18S_3_200	1	ENV_Temperature	0.731877	0.220107	-0.511770	0.858142	3.000000	1.000000	0	0	1	1.000000	0.000000	0.000000
ASV_333_16S_022_3	OTU_356_18S_3_200	1	ENV_Temperature	0.336811	0.000000	-0.336811	1.000000	3.000000	1.000000	0	0	1	1.000000	0.000000	0.000000
ASV_781_16S_022_3	OTU_356_18S_3_200	1	ENV_Temperature	0.461770	0.000000	-0.461770	1.000000	3.000000	1.000000	0	0	1	1.000000	0.000000	0.000000
ASV_582_16S_022_3	OTU_371_18S_3_200	1	ENV_Temperature	0.685603	0.026192	-0.659411	0.000999	3.000000	1.000000	0	0	1	1.000000	0.000000	0.000000
ASV_636_16S_022_3	OTU_371_18S_3_200	1	ENV_Temperature	0.537171	0.016894	-0.520277	0.000999	3.000000	1.000000	0	0	1	1.000000	0.000000	0.000000
ASV_738_16S_022_3	OTU_371_18S_3_200	1	ENV_Temperature	0.608923	-0.045776	-0.654698	0.071928	3.000000	1.000000	0	0	1	1.000000	0.000000	0.000000
OTU_15_18S_022_3	OTU_387_18S_3_200	1	ENV_Temperature	0.353675	0.000000	-0.353675	0.499500	3.000000	1.000000	0	0	1	1.000000	0.000000	0.000000
OTU_2656_18S_022_3	OTU_387_18S_3_200	1	ENV_Temperature	0.495939	0.000000	-0.495939	0.856144	3.000000	1.000000	0	0	1	1.000000	0.000000	0.000000
OTU_1216_18S_022_3	OTU_404_18S_3_200	1	ENV_Temperature	0.579610	0.134120	-0.445490	0.000999	3.000000	1.000000	0	0	1	1.000000	0.000000	0.000000
OTU_613_18S_022_3	OTU_382_18S_3_200	1	ENV_Temperature	0.744747	0.026192	-0.718555	0.000999	3.000000	1.000000	0	0	1	1.000000	0.000000	0.000000
OTU_1902_18S_022_3	OTU_403_18S_3_200	1	ENV_Temperature	0.461770	0.000000	-0.461770	1.000000	3.000000	1.000000	0	0	1	1.000000	0.000000	0.000000
OTU_38_18S_3_200	OTU_413_18S_3_200	1	ENV_Temperature	0.905378	0.426341	-0.479037	0.572428	3.000000	1.000000	0	0	1	1.000000	0.000000	0.000000
OTU_109_18S_3_200	OTU_412_18S_3_200	1	ENV_Temperature	0.584983	0.091551	-0.493432	0.143856	3.000000	1.000000	0	0	1	1.000000	0.000000	0.000000
OTU_382_18S_3_200	OTU_412_18S_3_200	1	ENV_Temperature	0.514986	0.016894	-0.498092	0.000999	3.000000	1.000000	0	0	1	1.000000	0.000000	0.000000
OTU_396_18S_022_3	OTU_419_18S_3_200	1	ENV_Temperature	0.433842	0.522091	0.088250	nan	3.000000	1.000000	0	0	1	1.000000	0.000000	0.000000
ASV_332_16S_022_3	OTU_393_18S_3_200	1	ENV_Temperature	0.634062	0.011516	-0.622545	0.000999	3.000000	1.000000	0	0	1	1.000000	0.000000	0.000000
OTU_419_18S_3_200	OTU_393_18S_3_200	1	ENV_Temperature	0.634062	0.075360	-0.558702	0.143856	3.000000	1.000000	0	0	1	1.000000	0.000000	0.000000
OTU_29_18S_3_200	OTU_373_18S_3_200	1	ENV_Temperature	0.733592	0.330253	-0.403339	0.214785	3.000000	1.000000	0	0	1	1.000000	0.000000	0.000000
OTU_119_18S_3_200	OTU_373_18S_3_200	1	ENV_Temperature	0.393364	0.297243	-0.096121	0.000999	3.000000	1.000000	0	0	1	1.000000	0.000000	0.000000
OTU_128_18S_3_200	OTU_373_18S_3_200	1	ENV_Temperature	0.613856	0.388016	-0.225840	0.286713	3.000000	1.000000	0	0	1	1.000000	0.000000	0.000000
ASV_1322_16S_022_3	OTU_453_18S_3_200	1	ENV_Temperature	0.469144	0.090377	-0.378767	0.429570	3.000000	1.000000	0	0	1	1.000000	0.000000	0.000000
ASV_507_16S_022_3	OTU_444_18S_3_200	1	ENV_Temperature	0.651567	0.268287	-0.383280	0.572428	3.000000	1.000000	0	0	1	1.000000	0.000000	0.000000
OTU_242_18S_3_200	OTU_444_18S_3_200	1	ENV_Temperature	0.493398	0.760347	0.266949	nan	3.000000	1.000000	0	0	1	1.000000	0.000000	0.000000
ASV_556_16S_022_3	OTU_422_18S_3_200	1	ENV_Temperature	0.603791	-0.042901	-0.646691	0.429570	3.000000	1.000000	0	0	1	1.000000	0.000000	0.000000
ASV_1158_16S_022_3	OTU_422_18S_3_200	1	ENV_Temperature	0.603791	-0.054888	-0.658678	0.071928	3.000000	1.000000	0	0	1	1.000000	0.000000	0.000000
OTU_393_18S_3_200	OTU_422_18S_3_200	1	ENV_Temperature	0.775481	0.055073	-0.720408	0.000999	3.000000	1.000000	0	0	1	1.000000	0.000000	0.000000
ASV_1107_16S_022_3	OTU_430_18S_3_200	1	ENV_Temperature	0.533073	0.026192	-0.506881	0.000999	3.000000	1.000000	0	0	1	1.000000	0.000000	0.000000
OTU_101_18S_022_3	OTU_430_18S_3_200	1	ENV_Temperature	0.612638	-0.048465	-0.661102	0.213786	3.000000	1.000000	0	0	1	1.000000	0.000000	0.000000
OTU_268_18S_3_200	OTU_456_18S_3_200	1	ENV_Temperature	0.769434	0.102364	-0.667070	0.357642	3.000000	1.000000	0	0	1	1.000000	0.000000	0.000000
OTU_1756_18S_022_3	OTU_390_18S_3_200	1	ENV_Temperature	0.404007	0.000000	-0.404007	1.000000	3.000000	1.000000	0	0	1	1.000000	0.000000	0.000000
OTU_69_18S_022_3	OTU_458_18S_3_200	1	ENV_Temperature	0.747164	0.323986	-0.423178	0.572428	3.000000	1.000000	0	0	1	1.000000	0.000000	0.000000
ASV_784_16S_3_200	OTU_458_18S_3_200	1	ENV_Temperature	0.478280	0.021284	-0.456995	0.215784	3.000000	1.000000	0	0	1	1.000000	0.000000	0.000000
OTU_71_18S_3_200	OTU_458_18S_3_200	1	ENV_Temperature	0.846655	0.282259	-0.564396	0.501499	3.000000	1.000000	0	0	1	1.000000	0.000000	0.000000
OTU_207_18S_022_3	OTU_472_18S_3_200	1	ENV_Temperature	0.533073	0.083954	-0.449119	0.786214	3.000000	1.000000	0	0	1	1.000000	0.000000	0.000000
OTU_1149_18S_022_3	OTU_472_18S_3_200	1	ENV_Temperature	0.691540	0.083954	-0.607586	0.786214	3.000000	1.000000	0	0	1	1.000000	0.000000	0.000000
OTU_1275_18S_022_3	OTU_478_18S_3_200	1	ENV_Temperature	0.447715	0.000000	-0.447715	0.501499	3.000000	1.000000	0	0	1	1.000000	0.000000	0.000000
ASV_760_16S_3_200	OTU_478_18S_3_200	1	ENV_Temperature	0.634440	0.148140	-0.486300	0.715285	3.000000	1.000000	0	0	1	1.000000	0.000000	0.000000
ASV_98_16S_022_3	OTU_466_18S_3_200	1	ENV_Temperature	0.834203	0.785104	-0.049099	0.858142	3.000000	1.000000	0	0	1	1.000000	0.000000	0.000000
ASV_612_16S_022_3	OTU_466_18S_3_200	1	ENV_Temperature	0.918034	0.000000	-0.918034	0.856144	3.000000	1.000000	0	0	1	1.000000	0.000000	0.000000
ASV_924_16S_022_3	OTU_466_18S_3_200	1	ENV_Temperature	0.858890	0.023317	-0.835572	0.072927	3.000000	1.000000	0	0	1	1.000000	0.000000	0.000000
OTU_419_18S_3_200	OTU_476_18S_3_200	1	ENV_Temperature	0.743539	0.235301	-0.508238	0.429570	3.000000	1.000000	0	0	1	1.000000	0.000000	0.000000
ASV_58_16S_3_200	OTU_470_18S_3_200	1	ENV_Temperature	0.259634	0.383120	0.123486	nan	2.000000	1.000000	0	1	0	1.000000	0.000000	0.000000
ASV_274_16S_3_200	OTU_470_18S_3_200	1	ENV_Temperature	0.727238	0.031414	-0.695823	0.072927	3.000000	1.000000	0	0	1	1.000000	0.000000	0.000000
ASV_1581_16S_022_3	OTU_471_18S_3_200	1	ENV_Temperature	0.530189	0.033789	-0.496400	0.000999	3.000000	1.000000	0	0	1	1.000000	0.000000	0.000000
OTU_234_18S_022_3	OTU_471_18S_3_200	1	ENV_Temperature	0.378912	0.688831	0.309919	nan	3.000000	1.000000	0	0	1	1.000000	0.000000	0.000000
ASV_847_16S_022_3	OTU_377_18S_3_200	1	ENV_Temperature	0.506801	0.292040	-0.214761	0.429570	3.000000	1.000000	0	0	1	1.000000	0.000000	0.000000
OTU_26_18S_022_3	OTU_377_18S_3_200	1	ENV_Temperature	0.365844	0.379892	0.014048	nan	3.000000	1.000000	0	0	1	1.000000	0.000000	0.000000
OTU_476_18S_3_200	OTU_377_18S_3_200	1	ENV_Temperature	0.612260	0.152715	-0.459545	0.285714	3.000000	1.000000	0	0	1	1.000000	0.000000	0.000000
ASV_1244_16S_022_3	OTU_487_18S_3_200	1	ENV_Temperature	0.414059	0.972955	0.558896	nan	3.000000	1.000000	0	0	1	1.000000	0.000000	0.000000
OTU_1213_18S_022_3	OTU_487_18S_3_200	1	ENV_Temperature	0.551385	0.081080	-0.470306	0.929071	3.000000	1.000000	0	0	1	1.000000	0.000000	0.000000
OTU_2135_18S_022_3	OTU_492_18S_3_200	1	ENV_Temperature	0.599096	0.083954	-0.515142	0.429570	3.000000	1.000000	0	0	1	1.000000	0.000000	0.000000
OTU_403_18S_3_200	OTU_492_18S_3_200	1	ENV_Temperature	0.519532	0.083954	-0.435578	0.000999	3.000000	1.000000	0	0	1	1.000000	0.000000	0.000000
OTU_128_18S_3_200	OTU_506_18S_3_200	1	ENV_Temperature	0.528981	0.203213	-0.325768	0.644356	3.000000	1.000000	0	0	1	1.000000	0.000000	0.000000
ASV_872_16S_022_3	OTU_515_18S_3_200	1	ENV_Temperature	0.356297	0.035490	-0.320807	0.500500	3.000000	1.000000	0	0	1	1.000000	0.000000	0.000000
ASV_1401_16S_022_3	OTU_515_18S_3_200	1	ENV_Temperature	0.599096	0.000000	-0.599096	1.000000	3.000000	1.000000	0	0	1	1.000000	0.000000	0.000000
OTU_1413_18S_022_3	OTU_515_18S_3_200	1	ENV_Temperature	0.599096	0.000000	-0.599096	1.000000	3.000000	1.000000	0	0	1	1.000000	0.000000	0.000000
OTU_1611_18S_022_3	OTU_515_18S_3_200	1	ENV_Temperature	0.435861	0.055073	-0.380788	0.000999	3.000000	1.000000	0	0	1	1.000000	0.000000	0.000000
OTU_2736_18S_022_3	OTU_515_18S_3_200	1	ENV_Temperature	0.541334	0.167909	-0.373425	0.287712	3.000000	1.000000	0	0	1	1.000000	0.000000	0.000000
OTU_288_18S_3_200	OTU_536_18S_3_200	1	ENV_Temperature	0.573132	0.200338	-0.372794	0.499500	3.000000	1.000000	0	0	1	1.000000	0.000000	0.000000
OTU_902_18S_022_3	OTU_498_18S_3_200	1	ENV_Temperature	0.691963	0.255597	-0.436367	0.358641	3.000000	1.000000	0	0	1	1.000000	0.000000	0.000000
OTU_151_18S_3_200	OTU_498_18S_3_200	1	ENV_Temperature	0.878985	0.267583	-0.611402	0.286713	3.000000	1.000000	0	0	1	1.000000	0.000000	0.000000
OTU_270_18S_3_200	OTU_498_18S_3_200	1	ENV_Temperature	0.847616	0.162345	-0.685271	0.071928	3.000000	1.000000	0	0	1	1.000000	0.000000	0.000000
OTU_125_18S_3_200	OTU_480_18S_3_200	1	ENV_Temperature	0.774566	0.190894	-0.583672	0.357642	3.000000	1.000000	0	0	1	1.000000	0.000000	0.000000
ASV_269_16S_3_200	OTU_537_18S_3_200	1	ENV_Temperature	0.638154	0.152715	-0.485439	0.358641	3.000000	1.000000	0	0	1	1.000000	0.000000	0.000000
OTU_419_18S_3_200	OTU_537_18S_3_200	1	ENV_Temperature	0.612260	1.427340	0.815080	nan	3.000000	1.000000	0	0	1	1.000000	0.000000	0.000000
OTU_714_18S_022_3	OTU_534_18S_3_200	1	ENV_Temperature	0.477917	0.026192	-0.451725	0.214785	3.000000	1.000000	0	0	1	1.000000	0.000000	0.000000
OTU_236_18S_3_200	OTU_534_18S_3_200	1	ENV_Temperature	0.590557	0.165034	-0.425523	0.787213	3.000000	1.000000	0	0	1	1.000000	0.000000	0.000000
ASV_1115_16S_022_3	OTU_550_18S_3_200	1	ENV_Temperature	0.497730	0.083954	-0.413776	0.572428	3.000000	1.000000	0	0	1	1.000000	0.000000	0.000000
ASV_2281_16S_3_200	OTU_550_18S_3_200	1	ENV_Temperature	0.519532	0.112835	-0.406697	0.714286	3.000000	1.000000	0	0	1	1.000000	0.000000	0.000000
OTU_398_18S_3_200	OTU_550_18S_3_200	1	ENV_Temperature	0.334495	0.083954	-0.250540	0.571429	3.000000	1.000000	0	0	1	1.000000	0.000000	0.000000
ASV_448_16S_3_200	OTU_539_18S_3_200	1	ENV_Temperature	0.510733	0.104397	-0.406336	0.572428	3.000000	1.000000	0	0	1	1.000000	0.000000	0.000000
OTU_413_18S_022_3	OTU_512_18S_3_200	1	ENV_Temperature	0.680162	0.083954	-0.596208	0.358641	3.000000	1.000000	0	0	1	1.000000	0.000000	0.000000
OTU_217_18S_3_200	OTU_512_18S_3_200	1	ENV_Temperature	0.623996	0.091551	-0.532445	0.358641	3.000000	1.000000	0	0	1	1.000000	0.000000	0.000000
OTU_373_18S_3_200	OTU_560_18S_3_200	1	ENV_Temperature	0.552543	0.323645	-0.228898	0.500500	3.000000	1.000000	0	0	1	1.000000	0.000000	0.000000
OTU_362_18S_3_200	OTU_568_18S_3_200	1	ENV_Temperature	0.439351	0.000000	-0.439351	1.000000	3.000000	1.000000	0	0	1	1.000000	0.000000	0.000000
ASV_358_16S_022_3	OTU_582_18S_3_200	1	ENV_Temperature	0.556959	0.095268	-0.461691	0.072927	3.000000	1.000000	0	0	1	1.000000	0.000000	0.000000
ASV_469_16S_022_3	OTU_582_18S_3_200	1	ENV_Temperature	0.447282	0.220607	-0.226674	0.929071	3.000000	1.000000	0	0	1	1.000000	0.000000	0.000000
ASV_448_16S_3_200	OTU_582_18S_3_200	1	ENV_Temperature	0.628798	0.104397	-0.524401	0.144855	3.000000	1.000000	0	0	1	1.000000	0.000000	0.000000
ASV_666_16S_022_3	OTU_588_18S_3_200	1	ENV_Temperature	0.452871	-0.031570	-0.484441	0.213786	3.000000	1.000000	0	0	1	1.000000	0.000000	0.000000
OTU_453_18S_3_200	OTU_598_18S_3_200	1	ENV_Temperature	0.397040	0.057762	-0.339278	0.214785	3.000000	1.000000	0	0	1	1.000000	0.000000	0.000000
OTU_303_18S_3_200	OTU_605_18S_3_200	1	ENV_Temperature	0.581774	0.204914	-0.376861	0.500500	3.000000	1.000000	0	0	1	1.000000	0.000000	0.000000
OTU_598_18S_3_200	OTU_605_18S_3_200	1	ENV_Temperature	0.476315	0.050683	-0.425632	0.214785	3.000000	1.000000	0	0	1	1.000000	0.000000	0.000000
ASV_755_16S_022_3	OTU_610_18S_3_200	1	ENV_Temperature	0.603865	0.000000	-0.603865	0.786214	3.000000	1.000000	0	0	1	1.000000	0.000000	0.000000
OTU_712_18S_022_3	OTU_610_18S_3_200	1	ENV_Temperature	0.438177	0.000000	-0.438177	0.929071	3.000000	1.000000	0	0	1	1.000000	0.000000	0.000000
OTU_2037_18S_022_3	OTU_610_18S_3_200	1	ENV_Temperature	0.546102	0.000000	-0.546102	0.644356	3.000000	1.000000	0	0	1	1.000000	0.000000	0.000000
OTU_1252_18S_022_3	OTU_621_18S_3_200	1	ENV_Temperature	0.519532	0.000000	-0.519532	0.857143	3.000000	1.000000	0	0	1	1.000000	0.000000	0.000000
OTU_1290_18S_022_3	OTU_621_18S_3_200	1	ENV_Temperature	0.541334	0.000000	-0.541334	0.715285	3.000000	1.000000	0	0	1	1.000000	0.000000	0.000000
OTU_325_18S_3_200	OTU_613_18S_3_200	1	ENV_Temperature	0.869203	0.112835	-0.756368	0.000999	3.000000	1.000000	0	0	1	1.000000	0.000000	0.000000
ASV_600_16S_022_3	OTU_625_18S_3_200	1	ENV_Temperature	0.487679	0.038179	-0.449500	0.000999	3.000000	1.000000	0	0	1	1.000000	0.000000	0.000000
ASV_431_16S_022_3	OTU_641_18S_3_200	1	ENV_Temperature	0.590836	0.052198	-0.538637	0.929071	3.000000	1.000000	0	0	1	1.000000	0.000000	0.000000
OTU_72_18S_022_3	OTU_641_18S_3_200	1	ENV_Temperature	0.321116	0.006423	-0.314693	0.929071	3.000000	1.000000	0	0	1	1.000000	0.000000	0.000000
OTU_671_18S_022_3	OTU_577_18S_3_200	1	ENV_Temperature	0.545814	0.189193	-0.356621	0.215784	3.000000	1.000000	0	0	1	1.000000	0.000000	0.000000
OTU_714_18S_022_3	OTU_577_18S_3_200	1	ENV_Temperature	0.576016	0.165219	-0.410796	0.215784	3.000000	1.000000	0	0	1	1.000000	0.000000	0.000000
OTU_2105_18S_022_3	OTU_577_18S_3_200	1	ENV_Temperature	0.465365	0.209636	-0.255730	0.358641	3.000000	1.000000	0	0	1	1.000000	0.000000	0.000000
OTU_539_18S_3_200	OTU_577_18S_3_200	1	ENV_Temperature	0.634062	0.290715	-0.343346	0.572428	3.000000	1.000000	0	0	1	1.000000	0.000000	0.000000
ASV_1139_16S_022_3	OTU_624_18S_3_200	1	ENV_Temperature	0.531283	0.000000	-0.531283	1.000000	3.000000	1.000000	0	0	1	1.000000	0.000000	0.000000
OTU_689_18S_022_3	OTU_564_18S_3_200	1	ENV_Temperature	0.487247	-0.004390	-0.491637	0.499500	3.000000	1.000000	0	0	1	1.000000	0.000000	0.000000
ASV_776_16S_022_3	OTU_622_18S_3_200	1	ENV_Temperature	0.547893	0.000000	-0.547893	0.786214	3.000000	1.000000	0	0	1	1.000000	0.000000	0.000000
ASV_1258_16S_022_3	OTU_622_18S_3_200	1	ENV_Temperature	0.603203	0.000000	-0.603203	1.000000	3.000000	1.000000	0	0	1	1.000000	0.000000	0.000000
OTU_197_18S_3_200	OTU_622_18S_3_200	1	ENV_Temperature	0.670400	0.000000	-0.670400	0.284715	3.000000	1.000000	0	0	1	1.000000	0.000000	0.000000
OTU_32_18S_3_200	OTU_655_18S_3_200	1	ENV_Temperature	0.514539	0.134120	-0.380419	0.214785	3.000000	1.000000	0	0	1	1.000000	0.000000	0.000000
OTU_236_18S_3_200	OTU_655_18S_3_200	1	ENV_Temperature	0.804181	0.555739	-0.248442	0.501499	3.000000	1.000000	0	0	1	1.000000	0.000000	0.000000
ASV_622_16S_022_3	OTU_670_18S_3_200	1	ENV_Temperature	0.614756	0.293063	-0.321693	0.286713	3.000000	1.000000	0	0	1	1.000000	0.000000	0.000000
OTU_1283_18S_022_3	OTU_670_18S_3_200	1	ENV_Temperature	0.669738	0.091551	-0.578187	0.143856	3.000000	1.000000	0	0	1	1.000000	0.000000	0.000000
ASV_413_16S_022_3	OTU_680_18S_3_200	1	ENV_Temperature	0.564359	-0.031570	-0.595929	0.428571	3.000000	1.000000	0	0	1	1.000000	0.000000	0.000000
ASV_434_16S_022_3	OTU_680_18S_3_200	1	ENV_Temperature	0.483586	0.055073	-0.428513	0.357642	3.000000	1.000000	0	0	1	1.000000	0.000000	0.000000
ASV_1963_16S_3_200	OTU_680_18S_3_200	1	ENV_Temperature	0.682767	0.000000	-0.682767	0.857143	3.000000	1.000000	0	0	1	1.000000	0.000000	0.000000
ASV_255_16S_022_3	OTU_682_18S_3_200	1	ENV_Temperature	0.410194	1.770578	1.360384	nan	3.000000	1.000000	0	0	1	1.000000	0.000000	0.000000
ASV_1999_16S_022_3	OTU_682_18S_3_200	1	ENV_Temperature	0.552608	0.000000	-0.552608	0.929071	3.000000	1.000000	0	0	1	1.000000	0.000000	0.000000
ASV_255_16S_3_200	OTU_682_18S_3_200	1	ENV_Temperature	0.415326	1.557079	1.141753	nan	3.000000	1.000000	0	0	1	1.000000	0.000000	0.000000
OTU_362_18S_3_200	OTU_671_18S_3_200	1	ENV_Temperature	0.749964	0.104397	-0.645567	0.357642	3.000000	1.000000	0	0	1	1.000000	0.000000	0.000000
OTU_50_18S_022_3	OTU_691_18S_3_200	1	ENV_Temperature	0.318604	0.113695	-0.204910	0.286713	3.000000	1.000000	0	0	1	1.000000	0.000000	0.000000
OTU_286_18S_3_200	OTU_691_18S_3_200	1	ENV_Temperature	0.567243	0.201180	-0.366063	0.214785	3.000000	1.000000	0	0	1	1.000000	0.000000	0.000000
ASV_1949_16S_022_3	OTU_699_18S_3_200	1	ENV_Temperature	0.372816	2.144193	1.771377	nan	3.000000	1.000000	0	0	1	1.000000	0.000000	0.000000
OTU_788_18S_022_3	OTU_699_18S_3_200	1	ENV_Temperature	0.456393	1.629753	1.173360	nan	3.000000	1.000000	0	0	1	1.000000	0.000000	0.000000
OTU_711_18S_022_3	OTU_726_18S_3_200	1	ENV_Temperature	0.603203	0.081080	-0.522123	0.857143	3.000000	1.000000	0	0	1	1.000000	0.000000	0.000000
OTU_419_18S_022_3	OTU_646_18S_3_200	1	ENV_Temperature	0.659956	0.127023	-0.532933	0.000999	3.000000	1.000000	0	0	1	1.000000	0.000000	0.000000
OTU_34_18S_3_200	OTU_646_18S_3_200	1	ENV_Temperature	0.563320	0.151997	-0.411323	0.000999	3.000000	1.000000	0	0	1	1.000000	0.000000	0.000000
ASV_613_16S_022_3	OTU_711_18S_3_200	1	ENV_Temperature	0.519532	0.055073	-0.464459	0.071928	3.000000	1.000000	0	0	1	1.000000	0.000000	0.000000
ASV_1707_16S_022_3	OTU_711_18S_3_200	1	ENV_Temperature	0.461770	0.139027	-0.322742	0.571429	3.000000	1.000000	0	0	1	1.000000	0.000000	0.000000
ASV_1747_16S_022_3	OTU_711_18S_3_200	1	ENV_Temperature	0.519532	0.000000	-0.519532	1.000000	3.000000	1.000000	0	0	1	1.000000	0.000000	0.000000
OTU_866_18S_022_3	OTU_741_18S_3_200	1	ENV_Temperature	0.461770	0.000000	-0.461770	1.000000	3.000000	1.000000	0	0	1	1.000000	0.000000	0.000000
OTU_2656_18S_022_3	OTU_749_18S_3_200	1	ENV_Temperature	0.327421	0.000000	-0.327421	0.570430	3.000000	1.000000	0	0	1	1.000000	0.000000	0.000000
OTU_8089_18S_022_3	OTU_756_18S_3_200	1	ENV_Temperature	0.416375	0.000000	-0.416375	0.571429	3.000000	1.000000	0	0	1	1.000000	0.000000	0.000000
OTU_729_18S_022_3	OTU_722_18S_3_200	1	ENV_Temperature	0.820761	0.233139	-0.587622	0.143856	3.000000	1.000000	0	0	1	1.000000	0.000000	0.000000
OTU_498_18S_3_200	OTU_722_18S_3_200	1	ENV_Temperature	0.809487	0.255782	-0.553704	0.143856	3.000000	1.000000	0	0	1	1.000000	0.000000	0.000000
ASV_253_16S_022_3	OTU_747_18S_3_200	1	ENV_Temperature	0.705530	0.232094	-0.473436	0.500500	3.000000	1.000000	0	0	1	1.000000	0.000000	0.000000
OTU_196_18S_3_200	OTU_653_18S_3_200	1	ENV_Temperature	0.612638	0.119258	-0.493379	0.643357	3.000000	1.000000	0	0	1	1.000000	0.000000	0.000000
OTU_68_18S_3_200	OTU_778_18S_3_200	1	ENV_Temperature	0.792907	0.134120	-0.658787	0.286713	3.000000	1.000000	0	0	1	1.000000	0.000000	0.000000
ASV_1459_16S_022_3	OTU_714_18S_3_200	1	ENV_Temperature	0.599096	0.000000	-0.599096	0.714286	3.000000	1.000000	0	0	1	1.000000	0.000000	0.000000
OTU_817_18S_022_3	OTU_714_18S_3_200	1	ENV_Temperature	0.603865	-0.068156	-0.672021	0.929071	3.000000	1.000000	0	0	1	1.000000	0.000000	0.000000
ASV_706_16S_3_200	OTU_714_18S_3_200	1	ENV_Temperature	0.625005	0.067060	-0.557945	0.572428	3.000000	1.000000	0	0	1	1.000000	0.000000	0.000000
ASV_1215_16S_3_200	OTU_698_18S_3_200	1	ENV_Temperature	0.789639	0.275180	-0.514459	0.358641	3.000000	1.000000	0	0	1	1.000000	0.000000	0.000000
ASV_1127_16S_022_3	OTU_800_18S_3_200	1	ENV_Temperature	0.299011	0.038179	-0.260832	0.286713	3.000000	1.000000	0	0	1	1.000000	0.000000	0.000000
ASV_1043_16S_022_3	OTU_791_18S_3_200	1	ENV_Temperature	0.439968	0.000000	-0.439968	1.000000	3.000000	1.000000	0	0	1	1.000000	0.000000	0.000000
ASV_972_16S_3_200	OTU_791_18S_3_200	1	ENV_Temperature	0.519532	0.000000	-0.519532	0.928072	3.000000	1.000000	0	0	1	1.000000	0.000000	0.000000
ASV_1190_16S_022_3	OTU_817_18S_3_200	1	ENV_Temperature	0.521033	0.055073	-0.465960	0.786214	3.000000	1.000000	0	0	1	1.000000	0.000000	0.000000
ASV_444_16S_022_3	OTU_799_18S_3_200	1	ENV_Temperature	0.682767	0.232094	-0.450674	0.642358	3.000000	1.000000	0	0	1	1.000000	0.000000	0.000000
ASV_469_16S_022_3	OTU_799_18S_3_200	1	ENV_Temperature	0.575081	-0.043743	-0.618823	0.500500	3.000000	1.000000	0	0	1	1.000000	0.000000	0.000000
OTU_826_18S_022_3	OTU_799_18S_3_200	1	ENV_Temperature	0.632843	0.052198	-0.580645	0.642358	3.000000	1.000000	0	0	1	1.000000	0.000000	0.000000
ASV_725_16S_022_3	OTU_797_18S_3_200	1	ENV_Temperature	0.807065	0.000000	-0.807065	0.642358	3.000000	1.000000	0	0	1	1.000000	0.000000	0.000000
ASV_1632_16S_022_3	OTU_797_18S_3_200	1	ENV_Temperature	0.728162	0.112835	-0.615327	0.144855	3.000000	1.000000	0	0	1	1.000000	0.000000	0.000000
ASV_1223_16S_022_3	OTU_842_18S_3_200	1	ENV_Temperature	0.497730	0.000000	-0.497730	1.000000	3.000000	1.000000	0	0	1	1.000000	0.000000	0.000000
ASV_472_16S_022_3	OTU_761_18S_3_200	1	ENV_Temperature	0.609092	0.186318	-0.422774	0.714286	3.000000	1.000000	0	0	1	1.000000	0.000000	0.000000
OTU_384_18S_022_3	OTU_761_18S_3_200	1	ENV_Temperature	0.520755	0.067060	-0.453695	0.429570	3.000000	1.000000	0	0	1	1.000000	0.000000	0.000000
ASV_643_16S_022_3	OTU_839_18S_3_200	1	ENV_Temperature	0.519532	0.134120	-0.385412	0.000999	3.000000	1.000000	0	0	1	1.000000	0.000000	0.000000
ASV_1375_16S_022_3	OTU_839_18S_3_200	1	ENV_Temperature	0.416375	0.038179	-0.378196	0.000999	3.000000	1.000000	0	0	1	1.000000	0.000000	0.000000
ASV_2032_16S_3_200	OTU_839_18S_3_200	1	ENV_Temperature	0.519532	-0.019583	-0.539115	0.286713	3.000000	1.000000	0	0	1	1.000000	0.000000	0.000000
ASV_1002_16S_022_3	OTU_858_18S_3_200	1	ENV_Temperature	0.931565	0.362638	-0.568927	0.285714	3.000000	1.000000	0	0	1	1.000000	0.000000	0.000000
ASV_1411_16S_022_3	OTU_858_18S_3_200	1	ENV_Temperature	0.608346	0.173658	-0.434688	0.143856	3.000000	1.000000	0	0	1	1.000000	0.000000	0.000000
OTU_999_18S_022_3	OTU_868_18S_3_200	1	ENV_Temperature	0.623912	0.055073	-0.568838	0.286713	3.000000	1.000000	0	0	1	1.000000	0.000000	0.000000
OTU_2097_18S_022_3	OTU_868_18S_3_200	1	ENV_Temperature	0.484794	0.026192	-0.458602	0.071928	3.000000	1.000000	0	0	1	1.000000	0.000000	0.000000
OTU_671_18S_3_200	OTU_868_18S_3_200	1	ENV_Temperature	0.429484	0.110146	-0.319338	0.429570	3.000000	1.000000	0	0	1	1.000000	0.000000	0.000000
OTU_698_18S_022_3	OTU_787_18S_3_200	1	ENV_Temperature	0.509218	0.246299	-0.262919	0.428571	3.000000	1.000000	0	0	1	1.000000	0.000000	0.000000
OTU_787_18S_022_3	OTU_787_18S_3_200	1	ENV_Temperature	0.578796	0.608779	0.029983	nan	3.000000	1.000000	0	0	1	1.000000	0.000000	0.000000
OTU_1304_18S_022_3	OTU_787_18S_3_200	1	ENV_Temperature	0.670400	0.139027	-0.531372	0.500500	3.000000	1.000000	0	0	1	1.000000	0.000000	0.000000
OTU_605_18S_3_200	OTU_871_18S_3_200	1	ENV_Temperature	0.480453	0.062182	-0.418271	0.071928	3.000000	1.000000	0	0	1	1.000000	0.000000	0.000000
ASV_229_16S_022_3	OTU_866_18S_3_200	1	ENV_Temperature	0.646807	0.090377	-0.556430	0.858142	3.000000	1.000000	0	0	1	1.000000	0.000000	0.000000
ASV_306_16S_022_3	OTU_866_18S_3_200	1	ENV_Temperature	0.682767	0.112835	-0.569932	0.786214	3.000000	1.000000	0	0	1	1.000000	0.000000	0.000000
ASV_635_16S_022_3	OTU_866_18S_3_200	1	ENV_Temperature	0.484794	0.171457	-0.313337	0.929071	3.000000	1.000000	0	0	1	1.000000	0.000000	0.000000
OTU_106_18S_3_200	OTU_767_18S_3_200	1	ENV_Temperature	1.032176	0.167909	-0.864268	0.215784	3.000000	1.000000	0	0	1	1.000000	0.000000	0.000000
OTU_536_18S_3_200	OTU_767_18S_3_200	1	ENV_Temperature	0.837088	0.055073	-0.782015	0.500500	3.000000	1.000000	0	0	1	1.000000	0.000000	0.000000
ASV_1215_16S_022_3	OTU_879_18S_3_200	1	ENV_Temperature	0.807726	0.000000	-0.807726	0.713287	3.000000	1.000000	0	0	1	1.000000	0.000000	0.000000
ASV_1551_16S_022_3	OTU_879_18S_3_200	1	ENV_Temperature	0.785924	0.083954	-0.701970	0.144855	3.000000	1.000000	0	0	1	1.000000	0.000000	0.000000
OTU_430_18S_022_3	OTU_879_18S_3_200	1	ENV_Temperature	0.587951	0.026192	-0.561759	0.071928	3.000000	1.000000	0	0	1	1.000000	0.000000	0.000000
ASV_2004_16S_3_200	OTU_879_18S_3_200	1	ENV_Temperature	0.625005	0.038179	-0.586826	0.000999	3.000000	1.000000	0	0	1	1.000000	0.000000	0.000000
OTU_2919_18S_022_3	OTU_886_18S_3_200	1	ENV_Temperature	0.541334	0.136153	-0.405181	0.715285	3.000000	1.000000	0	0	1	1.000000	0.000000	0.000000
ASV_636_16S_022_3	OTU_889_18S_3_200	1	ENV_Temperature	0.516648	0.000000	-0.516648	0.786214	3.000000	1.000000	0	0	1	1.000000	0.000000	0.000000
OTU_756_18S_3_200	OTU_889_18S_3_200	1	ENV_Temperature	0.474137	0.000000	-0.474137	0.643357	3.000000	1.000000	0	0	1	1.000000	0.000000	0.000000
ASV_376_16S_022_3	OTU_855_18S_3_200	1	ENV_Temperature	0.404007	0.076358	-0.327650	0.000999	3.000000	1.000000	0	0	1	1.000000	0.000000	0.000000
ASV_606_16S_022_3	OTU_855_18S_3_200	1	ENV_Temperature	0.406323	0.076358	-0.329966	0.000999	3.000000	1.000000	0	0	1	1.000000	0.000000	0.000000
OTU_756_18S_3_200	OTU_855_18S_3_200	1	ENV_Temperature	0.567243	0.076358	-0.490885	0.000999	3.000000	1.000000	0	0	1	1.000000	0.000000	0.000000
ASV_322_16S_022_3	OTU_829_18S_3_200	1	ENV_Temperature	0.603203	0.000000	-0.603203	0.713287	3.000000	1.000000	0	0	1	1.000000	0.000000	0.000000
ASV_969_16S_022_3	OTU_829_18S_3_200	1	ENV_Temperature	0.660965	0.038179	-0.622787	0.214785	3.000000	1.000000	0	0	1	1.000000	0.000000	0.000000
OTU_142_18S_3_200	OTU_829_18S_3_200	1	ENV_Temperature	0.458895	0.076358	-0.382537	0.500500	3.000000	1.000000	0	0	1	1.000000	0.000000	0.000000
OTU_136_18S_3_200	OTU_902_18S_3_200	1	ENV_Temperature	0.747632	0.009298	-0.738334	0.000999	3.000000	1.000000	0	0	1	1.000000	0.000000	0.000000
ASV_2093_16S_022_3	OTU_923_18S_3_200	1	ENV_Temperature	0.483572	0.055073	-0.428499	0.000999	3.000000	1.000000	0	0	1	1.000000	0.000000	0.000000
OTU_243_18S_022_3	OTU_924_18S_3_200	1	ENV_Temperature	0.425809	0.112835	-0.312974	0.643357	3.000000	1.000000	0	0	1	1.000000	0.000000	0.000000
OTU_68_18S_3_200	OTU_924_18S_3_200	1	ENV_Temperature	0.425809	0.052198	-0.373611	0.215784	3.000000	1.000000	0	0	1	1.000000	0.000000	0.000000
OTU_778_18S_3_200	OTU_924_18S_3_200	1	ENV_Temperature	0.541334	0.052198	-0.489135	0.429570	3.000000	1.000000	0	0	1	1.000000	0.000000	0.000000
ASV_600_16S_022_3	OTU_932_18S_3_200	1	ENV_Temperature	0.567243	0.038179	-0.529064	0.000999	3.000000	1.000000	0	0	1	1.000000	0.000000	0.000000
OTU_456_18S_3_200	OTU_932_18S_3_200	1	ENV_Temperature	0.713342	0.067060	-0.646282	0.143856	3.000000	1.000000	0	0	1	1.000000	0.000000	0.000000
OTU_183_18S_3_200	OTU_962_18S_3_200	1	ENV_Temperature	0.427451	0.102354	-0.325096	0.644356	3.000000	1.000000	0	0	1	1.000000	0.000000	0.000000
OTU_303_18S_3_200	OTU_904_18S_3_200	1	ENV_Temperature	0.767837	0.119258	-0.648579	0.285714	3.000000	1.000000	0	0	1	1.000000	0.000000	0.000000
OTU_222_18S_022_3	OTU_960_18S_3_200	1	ENV_Temperature	0.486585	0.000000	-0.486585	1.000000	3.000000	1.000000	0	0	1	1.000000	0.000000	0.000000
OTU_413_18S_022_3	OTU_911_18S_3_200	1	ENV_Temperature	0.753679	0.052198	-0.701480	0.285714	3.000000	1.000000	0	0	1	1.000000	0.000000	0.000000
OTU_850_18S_022_3	OTU_911_18S_3_200	1	ENV_Temperature	0.771105	0.081080	-0.690025	0.715285	3.000000	1.000000	0	0	1	1.000000	0.000000	0.000000
OTU_82_18S_3_200	OTU_911_18S_3_200	1	ENV_Temperature	0.805394	0.052198	-0.753195	0.429570	3.000000	1.000000	0	0	1	1.000000	0.000000	0.000000
OTU_268_18S_3_200	OTU_911_18S_3_200	1	ENV_Temperature	0.747632	0.081080	-0.666552	0.714286	3.000000	1.000000	0	0	1	1.000000	0.000000	0.000000
OTU_456_18S_3_200	OTU_911_18S_3_200	1	ENV_Temperature	0.525609	0.081080	-0.444529	0.571429	3.000000	1.000000	0	0	1	1.000000	0.000000	0.000000
OTU_904_18S_3_200	OTU_911_18S_3_200	1	ENV_Temperature	0.863156	0.081080	-0.782077	0.642358	3.000000	1.000000	0	0	1	1.000000	0.000000	0.000000
ASV_500_16S_022_3	OTU_994_18S_3_200	1	ENV_Temperature	0.542557	0.000000	-0.542557	1.000000	3.000000	1.000000	0	0	1	1.000000	0.000000	0.000000
OTU_498_18S_022_3	OTU_994_18S_3_200	1	ENV_Temperature	0.508272	0.000000	-0.508272	0.857143	3.000000	1.000000	0	0	1	1.000000	0.000000	0.000000
ASV_1566_16S_022_3	OTU_909_18S_3_200	1	ENV_Temperature	0.670400	0.000000	-0.670400	0.786214	3.000000	1.000000	0	0	1	1.000000	0.000000	0.000000
ASV_787_16S_3_200	OTU_909_18S_3_200	1	ENV_Temperature	0.574419	0.083954	-0.490465	0.571429	3.000000	1.000000	0	0	1	1.000000	0.000000	0.000000
OTU_128_18S_3_200	OTU_909_18S_3_200	1	ENV_Temperature	0.550121	0.232094	-0.318027	0.787213	3.000000	1.000000	0	0	1	1.000000	0.000000	0.000000
OTU_351_18S_3_200	OTU_909_18S_3_200	1	ENV_Temperature	0.572301	0.083954	-0.488347	0.571429	3.000000	1.000000	0	0	1	1.000000	0.000000	0.000000
OTU_476_18S_3_200	OTU_937_18S_3_200	1	ENV_Temperature	0.597529	0.143417	-0.454112	0.571429	3.000000	1.000000	0	0	1	1.000000	0.000000	0.000000
ASV_762_16S_022_3	OTU_985_18S_3_200	1	ENV_Temperature	0.542557	0.165219	-0.377337	0.072927	3.000000	1.000000	0	0	1	1.000000	0.000000	0.000000
ASV_1439_16S_3_200	OTU_985_18S_3_200	1	ENV_Temperature	0.487679	0.114536	-0.373142	0.000999	3.000000	1.000000	0	0	1	1.000000	0.000000	0.000000
ASV_1088_16S_022_3	OTU_997_18S_3_200	1	ENV_Temperature	0.439968	0.000000	-0.439968	1.000000	3.000000	1.000000	0	0	1	1.000000	0.000000	0.000000
OTU_582_18S_022_3	OTU_997_18S_3_200	1	ENV_Temperature	0.494846	0.067060	-0.427786	0.571429	3.000000	1.000000	0	0	1	1.000000	0.000000	0.000000
ASV_101_16S_3_200	OTU_997_18S_3_200	1	ENV_Temperature	0.493623	0.000000	-0.493623	0.929071	3.000000	1.000000	0	0	1	1.000000	0.000000	0.000000
ASV_673_16S_3_200	OTU_997_18S_3_200	1	ENV_Temperature	0.519532	0.083954	-0.435578	0.500500	3.000000	1.000000	0	0	1	1.000000	0.000000	0.000000
OTU_103_18S_3_200	OTU_997_18S_3_200	1	ENV_Temperature	0.458885	0.000000	-0.458885	1.000000	3.000000	1.000000	0	0	1	1.000000	0.000000	0.000000
ASV_321_16S_3_200	OTU_973_18S_3_200	1	ENV_Temperature	0.739521	0.083954	-0.655566	0.358641	3.000000	1.000000	0	0	1	1.000000	0.000000	0.000000
OTU_1628_18S_022_3	OTU_989_18S_3_200	1	ENV_Temperature	0.599096	0.000000	-0.599096	1.000000	3.000000	1.000000	0	0	1	1.000000	0.000000	0.000000
OTU_2662_18S_022_3	OTU_989_18S_3_200	1	ENV_Temperature	0.656858	0.000000	-0.656858	0.929071	3.000000	1.000000	0	0	1	1.000000	0.000000	0.000000
OTU_2876_18S_022_3	OTU_989_18S_3_200	1	ENV_Temperature	0.599096	0.081080	-0.518017	0.786214	3.000000	1.000000	0	0	1	1.000000	0.000000	0.000000
ASV_482_16S_022_3	OTU_1019_18S_3_200	1	ENV_Temperature	0.366306	0.401371	0.035065	nan	3.000000	1.000000	0	0	1	1.000000	0.000000	0.000000
OTU_902_18S_022_3	OTU_1019_18S_3_200	1	ENV_Temperature	0.734015	0.122475	-0.611540	0.215784	3.000000	1.000000	0	0	1	1.000000	0.000000	0.000000
OTU_166_18S_3_200	OTU_1019_18S_3_200	1	ENV_Temperature	0.843771	0.063011	-0.780760	0.000999	3.000000	1.000000	0	0	1	1.000000	0.000000	0.000000
OTU_543_18S_022_3	OTU_505_18S_3_200	1	ENV_Temperature	0.404266	0.000000	-0.404266	0.429570	3.000000	1.000000	0	0	1	1.000000	0.000000	0.000000
ASV_1587_16S_022_3	OTU_1034_18S_3_200	1	ENV_Temperature	0.593441	0.000000	-0.593441	0.929071	3.000000	1.000000	0	0	1	1.000000	0.000000	0.000000
OTU_71_18S_022_3	OTU_1034_18S_3_200	1	ENV_Temperature	0.645052	0.000000	-0.645052	0.786214	3.000000	1.000000	0	0	1	1.000000	0.000000	0.000000
OTU_1460_18S_022_3	OTU_859_18S_3_200	1	ENV_Temperature	0.599096	0.112835	-0.486261	0.715285	3.000000	1.000000	0	0	1	1.000000	0.000000	0.000000
OTU_3598_18S_022_3	OTU_859_18S_3_200	1	ENV_Temperature	0.567243	0.083954	-0.483288	0.499500	3.000000	1.000000	0	0	1	1.000000	0.000000	0.000000
OTU_6834_18S_022_3	OTU_859_18S_3_200	1	ENV_Temperature	0.461770	0.000000	-0.461770	1.000000	3.000000	1.000000	0	0	1	1.000000	0.000000	0.000000
ASV_1593_16S_022_3	OTU_965_18S_3_200	1	ENV_Temperature	0.541334	0.083954	-0.457380	0.142857	3.000000	1.000000	0	0	1	1.000000	0.000000	0.000000
OTU_506_18S_3_200	OTU_965_18S_3_200	1	ENV_Temperature	0.569695	0.081080	-0.488616	0.714286	3.000000	1.000000	0	0	1	1.000000	0.000000	0.000000
OTU_625_18S_3_200	OTU_965_18S_3_200	1	ENV_Temperature	0.492737	0.119258	-0.373478	0.642358	3.000000	1.000000	0	0	1	1.000000	0.000000	0.000000
OTU_166_18S_3_200	OTU_982_18S_3_200	1	ENV_Temperature	0.534366	0.027893	-0.506473	0.000999	3.000000	1.000000	0	0	1	1.000000	0.000000	0.000000
ASV_1029_16S_022_3	OTU_1023_18S_3_200	1	ENV_Temperature	0.379992	0.061496	-0.318496	0.000999	3.000000	1.000000	0	0	1	1.000000	0.000000	0.000000
OTU_362_18S_3_200	OTU_1023_18S_3_200	1	ENV_Temperature	0.475973	0.107272	-0.368701	0.072927	3.000000	1.000000	0	0	1	1.000000	0.000000	0.000000
OTU_534_18S_3_200	OTU_833_18S_3_200	1	ENV_Temperature	0.735144	0.026192	-0.708952	0.000999	3.000000	1.000000	0	0	1	1.000000	0.000000	0.000000
ASV_1551_16S_022_3	OTU_1086_18S_3_200	1	ENV_Temperature	0.379992	0.045776	-0.334217	0.144855	3.000000	1.000000	0	0	1	1.000000	0.000000	0.000000
OTU_506_18S_3_200	OTU_1086_18S_3_200	1	ENV_Temperature	0.511271	0.227704	-0.283568	0.428571	3.000000	1.000000	0	0	1	1.000000	0.000000	0.000000
OTU_151_18S_3_200	OTU_1076_18S_3_200	1	ENV_Temperature	0.788351	0.333128	-0.455223	0.286713	3.000000	1.000000	0	0	1	1.000000	0.000000	0.000000
OTU_909_18S_3_200	OTU_1076_18S_3_200	1	ENV_Temperature	0.666854	0.136153	-0.530701	0.715285	3.000000	1.000000	0	0	1	1.000000	0.000000	0.000000
OTU_136_18S_3_200	OTU_1095_18S_3_200	1	ENV_Temperature	0.794444	0.248656	-0.545788	0.214785	3.000000	1.000000	0	0	1	1.000000	0.000000	0.000000
OTU_467_18S_3_200	OTU_1095_18S_3_200	1	ENV_Temperature	0.638154	0.052198	-0.585956	0.143856	3.000000	1.000000	0	0	1	1.000000	0.000000	0.000000
OTU_2389_18S_022_3	OTU_1106_18S_3_200	1	ENV_Temperature	0.599096	0.083954	-0.515142	0.142857	3.000000	1.000000	0	0	1	1.000000	0.000000	0.000000
OTU_989_18S_3_200	OTU_1106_18S_3_200	1	ENV_Temperature	0.493623	0.000000	-0.493623	0.429570	3.000000	1.000000	0	0	1	1.000000	0.000000	0.000000
ASV_1705_16S_022_3	OTU_1114_18S_3_200	1	ENV_Temperature	0.442284	0.000000	-0.442284	0.857143	3.000000	1.000000	0	0	1	1.000000	0.000000	0.000000
OTU_469_18S_022_3	OTU_1114_18S_3_200	1	ENV_Temperature	0.404021	0.000000	-0.404021	1.000000	3.000000	1.000000	0	0	1	1.000000	0.000000	0.000000
OTU_322_18S_3_200	OTU_1114_18S_3_200	1	ENV_Temperature	0.442284	0.000000	-0.442284	1.000000	3.000000	1.000000	0	0	1	1.000000	0.000000	0.000000
ASV_874_16S_022_3	OTU_1121_18S_3_200	1	ENV_Temperature	0.502498	0.000000	-0.502498	0.928072	3.000000	1.000000	0	0	1	1.000000	0.000000	0.000000
OTU_1195_18S_022_3	OTU_1121_18S_3_200	1	ENV_Temperature	0.569034	0.055073	-0.513960	0.142857	3.000000	1.000000	0	0	1	1.000000	0.000000	0.000000
OTU_398_18S_3_200	OTU_1121_18S_3_200	1	ENV_Temperature	0.497730	0.000000	-0.497730	0.928072	3.000000	1.000000	0	0	1	1.000000	0.000000	0.000000
ASV_636_16S_022_3	OTU_1105_18S_3_200	1	ENV_Temperature	0.432090	0.057762	-0.374328	0.144855	3.000000	1.000000	0	0	1	1.000000	0.000000	0.000000
OTU_960_18S_3_200	OTU_1105_18S_3_200	1	ENV_Temperature	0.609753	0.000000	-0.609753	1.000000	3.000000	1.000000	0	0	1	1.000000	0.000000	0.000000
ASV_986_16S_022_3	OTU_1104_18S_3_200	1	ENV_Temperature	0.461770	0.052198	-0.409571	0.857143	3.000000	1.000000	0	0	1	1.000000	0.000000	0.000000
ASV_1804_16S_022_3	OTU_1104_18S_3_200	1	ENV_Temperature	0.492737	0.052198	-0.440538	0.429570	3.000000	1.000000	0	0	1	1.000000	0.000000	0.000000
OTU_353_18S_3_200	OTU_1104_18S_3_200	1	ENV_Temperature	0.486585	0.298498	-0.188088	0.643357	3.000000	1.000000	0	0	1	1.000000	0.000000	0.000000
OTU_547_18S_3_200	OTU_1148_18S_3_200	1	ENV_Temperature	0.500922	0.130960	-0.369962	0.143856	3.000000	1.000000	0	0	1	1.000000	0.000000	0.000000
OTU_598_18S_3_200	OTU_1148_18S_3_200	1	ENV_Temperature	0.681296	0.101366	-0.579930	0.214785	3.000000	1.000000	0	0	1	1.000000	0.000000	0.000000
OTU_871_18S_3_200	OTU_1148_18S_3_200	1	ENV_Temperature	0.577975	0.091063	-0.486912	0.214785	3.000000	1.000000	0	0	1	1.000000	0.000000	0.000000
OTU_767_18S_3_200	OTU_1148_18S_3_200	1	ENV_Temperature	0.720061	0.110146	-0.609915	0.573427	3.000000	1.000000	0	0	1	1.000000	0.000000	0.000000
OTU_534_18S_3_200	OTU_1027_18S_3_200	1	ENV_Temperature	0.590557	0.016894	-0.573663	0.000999	3.000000	1.000000	0	0	1	1.000000	0.000000	0.000000
OTU_833_18S_3_200	OTU_1027_18S_3_200	1	ENV_Temperature	0.710458	0.101366	-0.609092	0.000999	3.000000	1.000000	0	0	1	1.000000	0.000000	0.000000
OTU_517_18S_3_200	OTU_1146_18S_3_200	1	ENV_Temperature	0.361741	0.026192	-0.335549	0.502498	3.000000	1.000000	0	0	1	1.000000	0.000000	0.000000
OTU_144_18S_022_3	OTU_1111_18S_3_200	1	ENV_Temperature	0.403391	0.686474	0.283083	nan	3.000000	1.000000	0	0	1	1.000000	0.000000	0.000000
OTU_794_18S_022_3	OTU_1144_18S_3_200	1	ENV_Temperature	0.415758	0.083954	-0.331804	0.715285	3.000000	1.000000	0	0	1	1.000000	0.000000	0.000000
OTU_86_18S_022_3	OTU_1207_18S_3_200	1	ENV_Temperature	0.356297	0.139027	-0.217269	0.714286	3.000000	1.000000	0	0	1	1.000000	0.000000	0.000000
OTU_622_18S_3_200	OTU_1207_18S_3_200	1	ENV_Temperature	0.519532	0.000000	-0.519532	0.714286	3.000000	1.000000	0	0	1	1.000000	0.000000	0.000000
OTU_101_18S_3_200	OTU_1214_18S_3_200	1	ENV_Temperature	0.649428	0.052384	-0.597044	0.000999	3.000000	1.000000	0	0	1	1.000000	0.000000	0.000000
OTU_622_18S_3_200	OTU_1214_18S_3_200	1	ENV_Temperature	0.648598	0.055073	-0.593525	0.000999	3.000000	1.000000	0	0	1	1.000000	0.000000	0.000000
ASV_473_16S_022_3	OTU_1127_18S_3_200	1	ENV_Temperature	0.615437	0.076358	-0.539080	0.357642	3.000000	1.000000	0	0	1	1.000000	0.000000	0.000000
ASV_448_16S_3_200	OTU_1127_18S_3_200	1	ENV_Temperature	0.680843	0.000000	-0.680843	0.928072	3.000000	1.000000	0	0	1	1.000000	0.000000	0.000000
OTU_270_18S_3_200	OTU_1127_18S_3_200	1	ENV_Temperature	0.772642	0.055073	-0.717569	0.000999	3.000000	1.000000	0	0	1	1.000000	0.000000	0.000000
OTU_734_18S_3_200	OTU_1127_18S_3_200	1	ENV_Temperature	0.738606	0.033789	-0.704817	0.071928	3.000000	1.000000	0	0	1	1.000000	0.000000	0.000000
ASV_1720_16S_022_3	OTU_1165_18S_3_200	1	ENV_Temperature	0.327421	0.112835	-0.214585	0.715285	3.000000	1.000000	0	0	1	1.000000	0.000000	0.000000
OTU_860_18S_022_3	OTU_1165_18S_3_200	1	ENV_Temperature	0.448834	0.285134	-0.163700	0.787213	3.000000	1.000000	0	0	1	1.000000	0.000000	0.000000
OTU_2389_18S_022_3	OTU_1165_18S_3_200	1	ENV_Temperature	0.483572	-0.019583	-0.503155	0.786214	3.000000	1.000000	0	0	1	1.000000	0.000000	0.000000
OTU_711_18S_3_200	OTU_1165_18S_3_200	1	ENV_Temperature	0.300850	2.356131	2.055281	nan	3.000000	1.000000	0	0	1	1.000000	0.000000	0.000000
ASV_732_16S_022_3	OTU_1123_18S_3_200	1	ENV_Temperature	0.615243	0.083954	-0.531289	0.499500	3.000000	1.000000	0	0	1	1.000000	0.000000	0.000000
ASV_1439_16S_022_3	OTU_1123_18S_3_200	1	ENV_Temperature	0.477917	-0.124822	-0.602739	0.786214	3.000000	1.000000	0	0	1	1.000000	0.000000	0.000000
ASV_1541_16S_022_3	OTU_1123_18S_3_200	1	ENV_Temperature	0.577294	-0.095941	-0.673235	0.499500	3.000000	1.000000	0	0	1	1.000000	0.000000	0.000000
OTU_1123_18S_022_3	OTU_1123_18S_3_200	1	ENV_Temperature	0.673006	0.165034	-0.507972	0.857143	3.000000	1.000000	0	0	1	1.000000	0.000000	0.000000
OTU_373_18S_022_3	OTU_1233_18S_3_200	1	ENV_Temperature	0.509481	0.000000	-0.509481	0.357642	3.000000	1.000000	0	0	1	1.000000	0.000000	0.000000
OTU_537_18S_022_3	OTU_1233_18S_3_200	1	ENV_Temperature	0.509481	-0.026006	-0.535487	0.142857	3.000000	1.000000	0	0	1	1.000000	0.000000	0.000000
OTU_1104_18S_022_3	OTU_1233_18S_3_200	1	ENV_Temperature	0.408776	0.112835	-0.295940	0.715285	3.000000	1.000000	0	0	1	1.000000	0.000000	0.000000
OTU_325_18S_3_200	OTU_1252_18S_3_200	1	ENV_Temperature	0.713342	0.000000	-0.713342	0.715285	3.000000	1.000000	0	0	1	1.000000	0.000000	0.000000
OTU_817_18S_3_200	OTU_1252_18S_3_200	1	ENV_Temperature	0.691540	0.220293	-0.471248	0.000999	3.000000	1.000000	0	0	1	1.000000	0.000000	0.000000
OTU_868_18S_3_200	OTU_1252_18S_3_200	1	ENV_Temperature	0.609753	0.129259	-0.480494	0.000999	3.000000	1.000000	0	0	1	1.000000	0.000000	0.000000
ASV_720_16S_022_3	OTU_1256_18S_3_200	1	ENV_Temperature	0.762332	0.167909	-0.594423	0.000999	3.000000	1.000000	0	0	1	1.000000	0.000000	0.000000
OTU_234_18S_022_3	OTU_1256_18S_3_200	1	ENV_Temperature	0.471218	0.000000	-0.471218	0.286713	3.000000	1.000000	0	0	1	1.000000	0.000000	0.000000
ASV_1963_16S_3_200	OTU_1256_18S_3_200	1	ENV_Temperature	0.627457	0.000000	-0.627457	0.858142	3.000000	1.000000	0	0	1	1.000000	0.000000	0.000000
OTU_191_18S_3_200	OTU_1263_18S_3_200	1	ENV_Temperature	0.603203	0.000000	-0.603203	0.929071	3.000000	1.000000	0	0	1	1.000000	0.000000	0.000000
ASV_1658_16S_022_3	OTU_1266_18S_3_200	1	ENV_Temperature	0.520755	0.076358	-0.444397	0.214785	3.000000	1.000000	0	0	1	1.000000	0.000000	0.000000
OTU_327_18S_022_3	OTU_1266_18S_3_200	1	ENV_Temperature	0.437083	0.110146	-0.326937	0.214785	3.000000	1.000000	0	0	1	1.000000	0.000000	0.000000
OTU_850_18S_022_3	OTU_1266_18S_3_200	1	ENV_Temperature	0.554597	0.157437	-0.397160	0.357642	3.000000	1.000000	0	0	1	1.000000	0.000000	0.000000
OTU_625_18S_3_200	OTU_1266_18S_3_200	1	ENV_Temperature	0.489191	0.224497	-0.264694	0.643357	3.000000	1.000000	0	0	1	1.000000	0.000000	0.000000
ASV_1727_16S_022_3	OTU_1286_18S_3_200	1	ENV_Temperature	0.546102	0.000000	-0.546102	1.000000	3.000000	1.000000	0	0	1	1.000000	0.000000	0.000000
OTU_1050_18S_022_3	OTU_1286_18S_3_200	1	ENV_Temperature	0.542557	0.000000	-0.542557	1.000000	3.000000	1.000000	0	0	1	1.000000	0.000000	0.000000
OTU_1506_18S_022_3	OTU_1286_18S_3_200	1	ENV_Temperature	0.541334	0.000000	-0.541334	0.929071	3.000000	1.000000	0	0	1	1.000000	0.000000	0.000000
ASV_91_16S_022_3	OTU_1202_18S_3_200	1	ENV_Temperature	0.502499	0.074419	-0.428080	0.644356	3.000000	1.000000	0	0	1	1.000000	0.000000	0.000000
ASV_910_16S_022_3	OTU_1202_18S_3_200	1	ENV_Temperature	0.386974	0.081080	-0.305895	0.786214	3.000000	1.000000	0	0	1	1.000000	0.000000	0.000000
ASV_1029_16S_022_3	OTU_1202_18S_3_200	1	ENV_Temperature	0.574419	0.038179	-0.536241	0.072927	3.000000	1.000000	0	0	1	1.000000	0.000000	0.000000
OTU_1789_18S_022_3	OTU_1258_18S_3_200	1	ENV_Temperature	0.483572	0.055073	-0.428499	0.000999	3.000000	1.000000	0	0	1	1.000000	0.000000	0.000000
OTU_351_18S_3_200	OTU_1258_18S_3_200	1	ENV_Temperature	0.531283	0.026192	-0.505090	0.000999	3.000000	1.000000	0	0	1	1.000000	0.000000	0.000000
OTU_537_18S_3_200	OTU_1258_18S_3_200	1	ENV_Temperature	0.495322	-0.077346	-0.572668	0.429570	3.000000	1.000000	0	0	1	1.000000	0.000000	0.000000
OTU_1086_18S_3_200	OTU_1258_18S_3_200	1	ENV_Temperature	0.276835	0.043086	-0.233749	0.142857	3.000000	1.000000	0	0	1	1.000000	0.000000	0.000000
ASV_500_16S_022_3	OTU_1296_18S_3_200	1	ENV_Temperature	0.468051	0.000000	-0.468051	0.357642	3.000000	1.000000	0	0	1	1.000000	0.000000	0.000000
OTU_1801_18S_022_3	OTU_1296_18S_3_200	1	ENV_Temperature	0.577294	0.000000	-0.577294	1.000000	3.000000	1.000000	0	0	1	1.000000	0.000000	0.000000
OTU_741_18S_3_200	OTU_1296_18S_3_200	1	ENV_Temperature	0.603203	0.000000	-0.603203	1.000000	3.000000	1.000000	0	0	1	1.000000	0.000000	0.000000
OTU_938_18S_022_3	OTU_1290_18S_3_200	1	ENV_Temperature	0.634440	0.055073	-0.579366	0.000999	3.000000	1.000000	0	0	1	1.000000	0.000000	0.000000
OTU_1801_18S_022_3	OTU_1290_18S_3_200	1	ENV_Temperature	0.425809	0.000000	-0.425809	0.929071	3.000000	1.000000	0	0	1	1.000000	0.000000	0.000000
ASV_502_16S_022_3	OTU_1309_18S_3_200	1	ENV_Temperature	0.364382	-0.015193	-0.379576	0.786214	3.000000	1.000000	0	0	1	1.000000	0.000000	0.000000
OTU_3326_18S_022_3	OTU_1309_18S_3_200	1	ENV_Temperature	0.338985	0.000000	-0.338985	0.786214	3.000000	1.000000	0	0	1	1.000000	0.000000	0.000000
ASV_113_16S_3_200	OTU_1309_18S_3_200	1	ENV_Temperature	0.271654	0.030236	-0.241418	0.501499	3.000000	1.000000	0	0	1	1.000000	0.000000	0.000000
ASV_600_16S_022_3	OTU_1159_18S_3_200	1	ENV_Temperature	0.682767	0.134120	-0.548647	0.000999	3.000000	1.000000	0	0	1	1.000000	0.000000	0.000000
OTU_1086_18S_3_200	OTU_1159_18S_3_200	1	ENV_Temperature	0.590836	0.137327	-0.453509	0.000999	3.000000	1.000000	0	0	1	1.000000	0.000000	0.000000
ASV_1233_16S_022_3	OTU_1172_18S_3_200	1	ENV_Temperature	0.573132	0.101366	-0.471765	0.000999	3.000000	1.000000	0	0	1	1.000000	0.000000	0.000000
OTU_842_18S_3_200	OTU_1172_18S_3_200	1	ENV_Temperature	0.567243	0.009298	-0.557945	0.000999	3.000000	1.000000	0	0	1	1.000000	0.000000	0.000000
OTU_868_18S_022_3	OTU_1332_18S_3_200	1	ENV_Temperature	0.625005	0.052198	-0.572807	0.285714	3.000000	1.000000	0	0	1	1.000000	0.000000	0.000000
OTU_1575_18S_022_3	OTU_1332_18S_3_200	1	ENV_Temperature	0.603203	-0.067060	-0.670263	0.715285	3.000000	1.000000	0	0	1	1.000000	0.000000	0.000000
OTU_292_18S_3_200	OTU_1337_18S_3_200	1	ENV_Temperature	0.356297	0.083954	-0.272342	0.429570	3.000000	1.000000	0	0	1	1.000000	0.000000	0.000000
ASV_613_16S_022_3	OTU_1345_18S_3_200	1	ENV_Temperature	0.541334	0.055073	-0.486261	0.143856	3.000000	1.000000	0	0	1	1.000000	0.000000	0.000000
ASV_1720_16S_022_3	OTU_1345_18S_3_200	1	ENV_Temperature	0.704569	0.083954	-0.620615	0.144855	3.000000	1.000000	0	0	1	1.000000	0.000000	0.000000
ASV_1858_16S_022_3	OTU_1345_18S_3_200	1	ENV_Temperature	0.461770	0.000000	-0.461770	0.928072	3.000000	1.000000	0	0	1	1.000000	0.000000	0.000000
ASV_1287_16S_3_200	OTU_1345_18S_3_200	1	ENV_Temperature	0.589045	0.110146	-0.478898	0.072927	3.000000	1.000000	0	0	1	1.000000	0.000000	0.000000
ASV_1457_16S_3_200	OTU_1345_18S_3_200	1	ENV_Temperature	0.682767	0.134120	-0.548647	0.000999	3.000000	1.000000	0	0	1	1.000000	0.000000	0.000000
OTU_2305_18S_022_3	OTU_1347_18S_3_200	1	ENV_Temperature	0.509481	0.000000	-0.509481	1.000000	3.000000	1.000000	0	0	1	1.000000	0.000000	0.000000
OTU_3213_18S_022_3	OTU_1347_18S_3_200	1	ENV_Temperature	0.461770	0.081080	-0.380690	0.571429	3.000000	1.000000	0	0	1	1.000000	0.000000	0.000000
OTU_1304_18S_022_3	OTU_1304_18S_3_200	1	ENV_Temperature	0.865489	0.167909	-0.697580	0.000999	3.000000	1.000000	0	0	1	1.000000	0.000000	0.000000
OTU_613_18S_3_200	OTU_1304_18S_3_200	1	ENV_Temperature	0.749964	0.000000	-0.749964	0.570430	3.000000	1.000000	0	0	1	1.000000	0.000000	0.000000
OTU_62_18S_3_200	OTU_1313_18S_3_200	1	ENV_Temperature	0.535679	0.105239	-0.430441	0.500500	3.000000	1.000000	0	0	1	1.000000	0.000000	0.000000
OTU_142_18S_3_200	OTU_1313_18S_3_200	1	ENV_Temperature	0.516657	-0.014676	-0.531333	0.427572	3.000000	1.000000	0	0	1	1.000000	0.000000	0.000000
OTU_866_18S_3_200	OTU_1313_18S_3_200	1	ENV_Temperature	0.625005	0.165034	-0.459971	0.715285	3.000000	1.000000	0	0	1	1.000000	0.000000	0.000000
OTU_456_18S_022_3	OTU_1291_18S_3_200	1	ENV_Temperature	0.685389	0.240864	-0.444524	0.285714	3.000000	1.000000	0	0	1	1.000000	0.000000	0.000000
OTU_698_18S_3_200	OTU_1291_18S_3_200	1	ENV_Temperature	0.905164	0.428884	-0.476280	0.143856	3.000000	1.000000	0	0	1	1.000000	0.000000	0.000000
OTU_2317_18S_022_3	OTU_1245_18S_3_200	1	ENV_Temperature	0.352143	0.066386	-0.285756	0.429570	3.000000	1.000000	0	0	1	1.000000	0.000000	0.000000
OTU_467_18S_3_200	OTU_1334_18S_3_200	1	ENV_Temperature	0.576677	0.000000	-0.576677	1.000000	3.000000	1.000000	0	0	1	1.000000	0.000000	0.000000
ASV_1556_16S_022_3	OTU_1374_18S_3_200	1	ENV_Temperature	0.519532	0.000000	-0.519532	0.428571	3.000000	1.000000	0	0	1	1.000000	0.000000	0.000000
OTU_931_18S_022_3	OTU_1374_18S_3_200	1	ENV_Temperature	0.541334	0.055073	-0.486261	0.142857	3.000000	1.000000	0	0	1	1.000000	0.000000	0.000000
OTU_1202_18S_022_3	OTU_1374_18S_3_200	1	ENV_Temperature	0.356297	0.055073	-0.301223	0.285714	3.000000	1.000000	0	0	1	1.000000	0.000000	0.000000
OTU_879_18S_3_200	OTU_1374_18S_3_200	1	ENV_Temperature	0.599096	0.000000	-0.599096	0.286713	3.000000	1.000000	0	0	1	1.000000	0.000000	0.000000
OTU_1304_18S_3_200	OTU_1358_18S_3_200	1	ENV_Temperature	0.656858	0.000000	-0.656858	0.640360	3.000000	1.000000	0	0	1	1.000000	0.000000	0.000000
ASV_1065_16S_022_3	OTU_1355_18S_3_200	1	ENV_Temperature	0.547893	0.118798	-0.429095	0.857143	3.000000	1.000000	0	0	1	1.000000	0.000000	0.000000
OTU_1761_18S_022_3	OTU_1355_18S_3_200	1	ENV_Temperature	0.439968	0.167909	-0.272059	0.642358	3.000000	1.000000	0	0	1	1.000000	0.000000	0.000000
OTU_291_18S_3_200	OTU_1399_18S_3_200	1	ENV_Temperature	0.710458	0.364513	-0.345945	0.644356	3.000000	1.000000	0	0	1	1.000000	0.000000	0.000000
OTU_432_18S_022_3	OTU_1404_18S_3_200	1	ENV_Temperature	0.487679	-0.166972	-0.654651	0.928072	3.000000	1.000000	0	0	1	1.000000	0.000000	0.000000
OTU_16_18S_3_200	OTU_1335_18S_3_200	1	ENV_Temperature	0.553085	0.100331	-0.452753	0.214785	3.000000	1.000000	0	0	1	1.000000	0.000000	0.000000
ASV_165_16S_022_3	OTU_1398_18S_3_200	1	ENV_Temperature	0.435861	0.000000	-0.435861	1.000000	3.000000	1.000000	0	0	1	1.000000	0.000000	0.000000
ASV_705_16S_022_3	OTU_1398_18S_3_200	1	ENV_Temperature	0.380415	-0.015958	-0.396373	0.642358	3.000000	1.000000	0	0	1	1.000000	0.000000	0.000000
ASV_1406_16S_022_3	OTU_1398_18S_3_200	1	ENV_Temperature	0.599096	0.000000	-0.599096	1.000000	3.000000	1.000000	0	0	1	1.000000	0.000000	0.000000
ASV_1541_16S_022_3	OTU_1398_18S_3_200	1	ENV_Temperature	0.493623	0.000000	-0.493623	0.715285	3.000000	1.000000	0	0	1	1.000000	0.000000	0.000000
OTU_839_18S_3_200	OTU_1398_18S_3_200	1	ENV_Temperature	0.435861	0.000000	-0.435861	0.500500	3.000000	1.000000	0	0	1	1.000000	0.000000	0.000000
OTU_12_18S_3_200	OTU_1444_18S_3_200	1	ENV_Temperature	0.434591	0.114536	-0.320055	0.357642	3.000000	1.000000	0	0	1	1.000000	0.000000	0.000000
OTU_293_18S_3_200	OTU_1444_18S_3_200	1	ENV_Temperature	0.577294	0.083954	-0.493340	0.357642	3.000000	1.000000	0	0	1	1.000000	0.000000	0.000000
OTU_778_18S_3_200	OTU_1444_18S_3_200	1	ENV_Temperature	0.728162	0.107272	-0.620891	0.285714	3.000000	1.000000	0	0	1	1.000000	0.000000	0.000000
ASV_229_16S_022_3	OTU_1431_18S_3_200	1	ENV_Temperature	0.531283	0.083954	-0.447328	0.572428	3.000000	1.000000	0	0	1	1.000000	0.000000	0.000000
ASV_886_16S_022_3	OTU_1431_18S_3_200	1	ENV_Temperature	0.509481	0.148140	-0.361341	0.572428	3.000000	1.000000	0	0	1	1.000000	0.000000	0.000000
ASV_184_16S_022_3	OTU_1390_18S_3_200	1	ENV_Temperature	0.377212	0.000000	-0.377212	0.643357	3.000000	1.000000	0	0	1	1.000000	0.000000	0.000000
ASV_578_16S_022_3	OTU_1390_18S_3_200	1	ENV_Temperature	0.391111	-0.056061	-0.447173	0.715285	3.000000	1.000000	0	0	1	1.000000	0.000000	0.000000
ASV_1050_16S_022_3	OTU_1390_18S_3_200	1	ENV_Temperature	0.456011	0.059463	-0.396547	0.572428	3.000000	1.000000	0	0	1	1.000000	0.000000	0.000000
OTU_1146_18S_3_200	OTU_1390_18S_3_200	1	ENV_Temperature	0.590836	0.134120	-0.456716	0.716284	3.000000	1.000000	0	0	1	1.000000	0.000000	0.000000
ASV_550_16S_022_3	OTU_1364_18S_3_200	1	ENV_Temperature	0.447611	0.023317	-0.424294	0.429570	3.000000	1.000000	0	0	1	1.000000	0.000000	0.000000
OTU_1609_18S_022_3	OTU_1364_18S_3_200	1	ENV_Temperature	0.378099	0.052198	-0.325900	0.429570	3.000000	1.000000	0	0	1	1.000000	0.000000	0.000000
OTU_866_18S_3_200	OTU_1364_18S_3_200	1	ENV_Temperature	0.541334	0.104397	-0.436937	0.858142	3.000000	1.000000	0	0	1	1.000000	0.000000	0.000000
ASV_248_16S_022_3	OTU_1397_18S_3_200	1	ENV_Temperature	0.497730	-0.022919	-0.520649	0.428571	3.000000	1.000000	0	0	1	1.000000	0.000000	0.000000
ASV_1328_16S_022_3	OTU_1397_18S_3_200	1	ENV_Temperature	0.483572	0.005963	-0.477609	0.715285	3.000000	1.000000	0	0	1	1.000000	0.000000	0.000000
OTU_844_18S_022_3	OTU_1397_18S_3_200	1	ENV_Temperature	0.519532	0.112835	-0.406697	0.786214	3.000000	1.000000	0	0	1	1.000000	0.000000	0.000000
OTU_3429_18S_022_3	OTU_1397_18S_3_200	1	ENV_Temperature	0.519532	0.112835	-0.406697	0.715285	3.000000	1.000000	0	0	1	1.000000	0.000000	0.000000
OTU_236_18S_3_200	OTU_1397_18S_3_200	1	ENV_Temperature	0.437083	0.112835	-0.324248	0.714286	3.000000	1.000000	0	0	1	1.000000	0.000000	0.000000
OTU_231_18S_3_200	OTU_1329_18S_3_200	1	ENV_Temperature	0.502499	2.298522	1.796023	nan	3.000000	1.000000	0	0	1	1.000000	0.000000	0.000000
OTU_1355_18S_3_200	OTU_1329_18S_3_200	1	ENV_Temperature	0.569034	0.204149	-0.364885	0.715285	3.000000	1.000000	0	0	1	1.000000	0.000000	0.000000
OTU_413_18S_3_200	OTU_1346_18S_3_200	1	ENV_Temperature	0.792738	0.162159	-0.630578	0.715285	3.000000	1.000000	0	0	1	1.000000	0.000000	0.000000
OTU_467_18S_3_200	OTU_1346_18S_3_200	1	ENV_Temperature	0.674115	0.081080	-0.593035	0.572428	3.000000	1.000000	0	0	1	1.000000	0.000000	0.000000
ASV_824_16S_022_3	OTU_1406_18S_3_200	1	ENV_Temperature	0.543650	0.000000	-0.543650	0.929071	3.000000	1.000000	0	0	1	1.000000	0.000000	0.000000
ASV_1541_16S_022_3	OTU_1485_18S_3_200	1	ENV_Temperature	0.414059	0.000000	-0.414059	0.929071	3.000000	1.000000	0	0	1	1.000000	0.000000	0.000000
OTU_2539_18S_022_3	OTU_1485_18S_3_200	1	ENV_Temperature	0.414059	0.000000	-0.414059	0.571429	3.000000	1.000000	0	0	1	1.000000	0.000000	0.000000
OTU_260_18S_3_200	OTU_1485_18S_3_200	1	ENV_Temperature	0.577294	0.134120	-0.443174	0.071928	3.000000	1.000000	0	0	1	1.000000	0.000000	0.000000
OTU_910_18S_3_200	OTU_1485_18S_3_200	1	ENV_Temperature	0.325105	0.038179	-0.286926	0.215784	3.000000	1.000000	0	0	1	1.000000	0.000000	0.000000
OTU_807_18S_022_3	OTU_1222_18S_3_200	1	ENV_Temperature	0.324443	0.038179	-0.286264	0.643357	3.000000	1.000000	0	0	1	1.000000	0.000000	0.000000
OTU_1283_18S_022_3	OTU_1222_18S_3_200	1	ENV_Temperature	0.456115	0.000000	-0.456115	0.571429	3.000000	1.000000	0	0	1	1.000000	0.000000	0.000000
ASV_1481_16S_022_3	OTU_1394_18S_3_200	1	ENV_Temperature	0.599096	0.000000	-0.599096	0.498501	3.000000	1.000000	0	0	1	1.000000	0.000000	0.000000
OTU_817_18S_022_3	OTU_1394_18S_3_200	1	ENV_Temperature	0.599096	-0.081080	-0.680176	0.142857	3.000000	1.000000	0	0	1	1.000000	0.000000	0.000000
OTU_1902_18S_022_3	OTU_1394_18S_3_200	1	ENV_Temperature	0.435861	0.000000	-0.435861	1.000000	3.000000	1.000000	0	0	1	1.000000	0.000000	0.000000
ASV_91_16S_022_3	OTU_1363_18S_3_200	1	ENV_Temperature	0.612638	-0.099912	-0.712550	0.357642	3.000000	1.000000	0	0	1	1.000000	0.000000	0.000000
OTU_1756_18S_022_3	OTU_1511_18S_3_200	1	ENV_Temperature	0.497730	0.000000	-0.497730	1.000000	3.000000	1.000000	0	0	1	1.000000	0.000000	0.000000
OTU_683_18S_3_200	OTU_1511_18S_3_200	1	ENV_Temperature	0.356297	0.083954	-0.272342	0.644356	3.000000	1.000000	0	0	1	1.000000	0.000000	0.000000
OTU_1417_18S_3_200	OTU_1511_18S_3_200	1	ENV_Temperature	0.356297	0.083954	-0.272342	0.572428	3.000000	1.000000	0	0	1	1.000000	0.000000	0.000000
OTU_2135_18S_022_3	OTU_1514_18S_3_200	1	ENV_Temperature	0.416375	0.000000	-0.416375	1.000000	3.000000	1.000000	0	0	1	1.000000	0.000000	0.000000
OTU_17_18S_3_200	OTU_1509_18S_3_200	1	ENV_Temperature	0.362586	0.016894	-0.345692	0.286713	3.000000	1.000000	0	0	1	1.000000	0.000000	0.000000
OTU_800_18S_3_200	OTU_1509_18S_3_200	1	ENV_Temperature	0.639751	0.076358	-0.563393	0.143856	3.000000	1.000000	0	0	1	1.000000	0.000000	0.000000
OTU_767_18S_3_200	OTU_1509_18S_3_200	1	ENV_Temperature	0.894850	0.000000	-0.894850	0.500500	3.000000	1.000000	0	0	1	1.000000	0.000000	0.000000
OTU_1148_18S_3_200	OTU_1509_18S_3_200	1	ENV_Temperature	0.882074	0.026192	-0.855882	0.000999	3.000000	1.000000	0	0	1	1.000000	0.000000	0.000000
ASV_644_16S_022_3	OTU_1365_18S_3_200	1	ENV_Temperature	0.497730	0.067060	-0.430670	0.000999	3.000000	1.000000	0	0	1	1.000000	0.000000	0.000000
ASV_1697_16S_022_3	OTU_1365_18S_3_200	1	ENV_Temperature	0.483572	0.000000	-0.483572	1.000000	3.000000	1.000000	0	0	1	1.000000	0.000000	0.000000
OTU_1398_18S_3_200	OTU_1365_18S_3_200	1	ENV_Temperature	0.356297	0.000000	-0.356297	0.427572	3.000000	1.000000	0	0	1	1.000000	0.000000	0.000000
OTU_1557_18S_022_3	OTU_1274_18S_3_200	1	ENV_Temperature	0.577294	0.081080	-0.496215	0.786214	3.000000	1.000000	0	0	1	1.000000	0.000000	0.000000
OTU_1767_18S_022_3	OTU_1274_18S_3_200	1	ENV_Temperature	0.599096	0.081080	-0.518017	0.786214	3.000000	1.000000	0	0	1	1.000000	0.000000	0.000000
ASV_1481_16S_022_3	OTU_1405_18S_3_200	1	ENV_Temperature	0.541334	0.083954	-0.457380	0.000999	3.000000	1.000000	0	0	1	1.000000	0.000000	0.000000
OTU_1358_18S_3_200	OTU_1405_18S_3_200	1	ENV_Temperature	0.493623	0.000000	-0.493623	0.712288	3.000000	1.000000	0	0	1	1.000000	0.000000	0.000000
ASV_248_16S_022_3	OTU_1318_18S_3_200	1	ENV_Temperature	0.386974	0.113234	-0.273740	0.714286	3.000000	1.000000	0	0	1	1.000000	0.000000	0.000000
ASV_1645_16S_022_3	OTU_1477_18S_3_200	1	ENV_Temperature	0.682767	0.134120	-0.548647	0.142857	3.000000	1.000000	0	0	1	1.000000	0.000000	0.000000
OTU_2812_18S_022_3	OTU_1477_18S_3_200	1	ENV_Temperature	0.497730	0.000000	-0.497730	1.000000	3.000000	1.000000	0	0	1	1.000000	0.000000	0.000000
OTU_1165_18S_3_200	OTU_1477_18S_3_200	1	ENV_Temperature	0.293251	0.105239	-0.188013	0.715285	3.000000	1.000000	0	0	1	1.000000	0.000000	0.000000
OTU_353_18S_3_200	OTU_1557_18S_3_200	1	ENV_Temperature	0.609092	0.107272	-0.501820	0.572428	3.000000	1.000000	0	0	1	1.000000	0.000000	0.000000
OTU_817_18S_3_200	OTU_1557_18S_3_200	1	ENV_Temperature	0.633778	0.055073	-0.578705	0.215784	3.000000	1.000000	0	0	1	1.000000	0.000000	0.000000
ASV_1244_16S_022_3	OTU_1562_18S_3_200	1	ENV_Temperature	0.356297	-0.081080	-0.437376	0.214785	3.000000	1.000000	0	0	1	1.000000	0.000000	0.000000
ASV_1401_16S_022_3	OTU_1391_18S_3_200	1	ENV_Temperature	0.356297	0.000000	-0.356297	1.000000	3.000000	1.000000	0	0	1	1.000000	0.000000	0.000000
OTU_791_18S_3_200	OTU_1391_18S_3_200	1	ENV_Temperature	0.519532	0.000000	-0.519532	1.000000	3.000000	1.000000	0	0	1	1.000000	0.000000	0.000000
OTU_1286_18S_3_200	OTU_1367_18S_3_200	1	ENV_Temperature	0.589045	0.000000	-0.589045	0.928072	3.000000	1.000000	0	0	1	1.000000	0.000000	0.000000
OTU_1245_18S_3_200	OTU_1576_18S_3_200	1	ENV_Temperature	0.445865	0.127023	-0.318842	0.214785	3.000000	1.000000	0	0	1	1.000000	0.000000	0.000000
OTU_1511_18S_3_200	OTU_1627_18S_3_200	1	ENV_Temperature	0.577294	0.167909	-0.409386	0.356643	3.000000	1.000000	0	0	1	1.000000	0.000000	0.000000
ASV_1569_16S_022_3	OTU_1611_18S_3_200	1	ENV_Temperature	0.519532	0.000000	-0.519532	0.929071	3.000000	1.000000	0	0	1	1.000000	0.000000	0.000000
OTU_86_18S_022_3	OTU_1611_18S_3_200	1	ENV_Temperature	0.356297	-0.103538	-0.459834	0.785215	3.000000	1.000000	0	0	1	1.000000	0.000000	0.000000
ASV_606_16S_022_3	OTU_1592_18S_3_200	1	ENV_Temperature	0.625005	0.067060	-0.557945	0.000999	3.000000	1.000000	0	0	1	1.000000	0.000000	0.000000
OTU_1195_18S_022_3	OTU_1592_18S_3_200	1	ENV_Temperature	0.612638	0.000000	-0.612638	0.642358	3.000000	1.000000	0	0	1	1.000000	0.000000	0.000000
ASV_1986_16S_022_3	OTU_1607_18S_3_200	1	ENV_Temperature	0.634440	0.122133	-0.512307	0.286713	3.000000	1.000000	0	0	1	1.000000	0.000000	0.000000
OTU_348_18S_3_200	OTU_1607_18S_3_200	1	ENV_Temperature	0.309006	0.176689	-0.132318	0.786214	3.000000	1.000000	0	0	1	1.000000	0.000000	0.000000
OTU_1213_18S_022_3	OTU_1646_18S_3_200	1	ENV_Temperature	0.577294	0.000000	-0.577294	1.000000	3.000000	1.000000	0	0	1	1.000000	0.000000	0.000000
OTU_699_18S_3_200	OTU_1646_18S_3_200	1	ENV_Temperature	0.408776	-0.174569	-0.583345	0.715285	3.000000	1.000000	0	0	1	1.000000	0.000000	0.000000
ASV_767_16S_022_3	OTU_1577_18S_3_200	1	ENV_Temperature	0.701606	0.159470	-0.542136	0.428571	3.000000	1.000000	0	0	1	1.000000	0.000000	0.000000
OTU_2439_18S_022_3	OTU_1577_18S_3_200	1	ENV_Temperature	0.403391	0.167909	-0.235482	0.858142	3.000000	1.000000	0	0	1	1.000000	0.000000	0.000000
OTU_1347_18S_3_200	OTU_1650_18S_3_200	1	ENV_Temperature	0.406323	0.000000	-0.406323	1.000000	3.000000	1.000000	0	0	1	1.000000	0.000000	0.000000
OTU_641_18S_3_200	OTU_1536_18S_3_200	1	ENV_Temperature	0.612638	0.000000	-0.612638	1.000000	3.000000	1.000000	0	0	1	1.000000	0.000000	0.000000
ASV_1482_16S_022_3	OTU_1219_18S_3_200	1	ENV_Temperature	0.483572	0.052198	-0.431373	0.501499	3.000000	1.000000	0	0	1	1.000000	0.000000	0.000000
ASV_1825_16S_022_3	OTU_1219_18S_3_200	1	ENV_Temperature	0.541334	0.006423	-0.534911	0.643357	3.000000	1.000000	0	0	1	1.000000	0.000000	0.000000
OTU_519_18S_022_3	OTU_1706_18S_3_200	1	ENV_Temperature	0.656858	0.081080	-0.575779	0.285714	3.000000	1.000000	0	0	1	1.000000	0.000000	0.000000
ASV_760_16S_3_200	OTU_1706_18S_3_200	1	ENV_Temperature	0.541334	0.193915	-0.347419	0.929071	3.000000	1.000000	0	0	1	1.000000	0.000000	0.000000
OTU_1609_18S_022_3	OTU_1702_18S_3_200	1	ENV_Temperature	0.356297	0.083954	-0.272342	0.499500	3.000000	1.000000	0	0	1	1.000000	0.000000	0.000000
OTU_653_18S_3_200	OTU_1702_18S_3_200	1	ENV_Temperature	0.439968	0.000000	-0.439968	0.858142	3.000000	1.000000	0	0	1	1.000000	0.000000	0.000000
OTU_146_18S_3_200	OTU_1732_18S_3_200	1	ENV_Temperature	0.567243	0.270273	-0.296970	0.643357	3.000000	1.000000	0	0	1	1.000000	0.000000	0.000000
OTU_1406_18S_3_200	OTU_1732_18S_3_200	1	ENV_Temperature	0.682767	0.165034	-0.517733	0.786214	3.000000	1.000000	0	0	1	1.000000	0.000000	0.000000
OTU_714_18S_022_3	OTU_1721_18S_3_200	1	ENV_Temperature	0.486585	0.129259	-0.357326	0.357642	3.000000	1.000000	0	0	1	1.000000	0.000000	0.000000
OTU_964_18S_022_3	OTU_1721_18S_3_200	1	ENV_Temperature	0.348129	0.076358	-0.271772	0.357642	3.000000	1.000000	0	0	1	1.000000	0.000000	0.000000
OTU_1304_18S_3_200	OTU_1767_18S_3_200	1	ENV_Temperature	0.703476	0.091551	-0.611925	0.000999	3.000000	1.000000	0	0	1	1.000000	0.000000	0.000000
OTU_1358_18S_3_200	OTU_1767_18S_3_200	1	ENV_Temperature	0.437083	0.091551	-0.345532	0.000999	3.000000	1.000000	0	0	1	1.000000	0.000000	0.000000
ASV_2030_16S_022_3	OTU_1778_18S_3_200	1	ENV_Temperature	0.487679	0.000000	-0.487679	1.000000	3.000000	1.000000	0	0	1	1.000000	0.000000	0.000000
ASV_2243_16S_022_3	OTU_1778_18S_3_200	1	ENV_Temperature	0.348561	0.000000	-0.348561	1.000000	3.000000	1.000000	0	0	1	1.000000	0.000000	0.000000
ASV_1076_16S_022_3	OTU_1454_18S_3_200	1	ENV_Temperature	0.728993	0.033789	-0.695204	0.000999	3.000000	1.000000	0	0	1	1.000000	0.000000	0.000000
ASV_1795_16S_022_3	OTU_1454_18S_3_200	1	ENV_Temperature	0.554875	0.000000	-0.554875	1.000000	3.000000	1.000000	0	0	1	1.000000	0.000000	0.000000
OTU_1172_18S_3_200	OTU_1454_18S_3_200	1	ENV_Temperature	0.582063	-0.002689	-0.584752	0.071928	3.000000	1.000000	0	0	1	1.000000	0.000000	0.000000
OTU_1281_18S_3_200	OTU_1728_18S_3_200	1	ENV_Temperature	0.497730	0.067060	-0.430670	0.572428	3.000000	1.000000	0	0	1	1.000000	0.000000	0.000000
OTU_931_18S_022_3	OTU_1798_18S_3_200	1	ENV_Temperature	0.430578	0.000000	-0.430578	1.000000	3.000000	1.000000	0	0	1	1.000000	0.000000	0.000000
OTU_329_18S_3_200	OTU_1798_18S_3_200	1	ENV_Temperature	0.579562	0.000000	-0.579562	1.000000	3.000000	1.000000	0	0	1	1.000000	0.000000	0.000000
OTU_1111_18S_3_200	OTU_1798_18S_3_200	1	ENV_Temperature	0.511933	0.000000	-0.511933	1.000000	3.000000	1.000000	0	0	1	1.000000	0.000000	0.000000
OTU_497_18S_3_200	OTU_1786_18S_3_200	1	ENV_Temperature	0.483572	0.000000	-0.483572	0.571429	3.000000	1.000000	0	0	1	1.000000	0.000000	0.000000
OTU_899_18S_3_200	OTU_1786_18S_3_200	1	ENV_Temperature	0.401794	0.139027	-0.262767	0.857143	3.000000	1.000000	0	0	1	1.000000	0.000000	0.000000
OTU_866_18S_022_3	OTU_1680_18S_3_200	1	ENV_Temperature	0.483572	0.000000	-0.483572	0.928072	3.000000	1.000000	0	0	1	1.000000	0.000000	0.000000
OTU_16_18S_3_200	OTU_1680_18S_3_200	1	ENV_Temperature	0.553085	0.100331	-0.452753	0.285714	3.000000	1.000000	0	0	1	1.000000	0.000000	0.000000
ASV_874_16S_022_3	OTU_1819_18S_3_200	1	ENV_Temperature	0.416375	0.165034	-0.251341	0.786214	3.000000	1.000000	0	0	1	1.000000	0.000000	0.000000
ASV_962_16S_022_3	OTU_1819_18S_3_200	1	ENV_Temperature	0.577294	0.000000	-0.577294	1.000000	3.000000	1.000000	0	0	1	1.000000	0.000000	0.000000
OTU_304_18S_3_200	OTU_1819_18S_3_200	1	ENV_Temperature	0.322652	0.000000	-0.322652	0.857143	3.000000	1.000000	0	0	1	1.000000	0.000000	0.000000
OTU_232_18S_3_200	OTU_1836_18S_3_200	1	ENV_Temperature	0.296519	0.147209	-0.149310	0.785215	2.000000	1.000000	0	1	0	1.000000	0.000000	0.000000
ASV_174_16S_022_3	OTU_1625_18S_3_200	1	ENV_Temperature	0.708966	0.081080	-0.627886	0.715285	3.000000	1.000000	0	0	1	1.000000	0.000000	0.000000
OTU_329_18S_022_3	OTU_1625_18S_3_200	1	ENV_Temperature	0.571256	0.063512	-0.507745	0.000999	3.000000	1.000000	0	0	1	1.000000	0.000000	0.000000
OTU_902_18S_022_3	OTU_1625_18S_3_200	1	ENV_Temperature	0.554214	0.090377	-0.463837	0.287712	3.000000	1.000000	0	0	1	1.000000	0.000000	0.000000
OTU_902_18S_3_200	OTU_1625_18S_3_200	1	ENV_Temperature	0.807065	0.248988	-0.558077	0.142857	3.000000	1.000000	0	0	1	1.000000	0.000000	0.000000
OTU_2736_18S_022_3	OTU_1886_18S_3_200	1	ENV_Temperature	0.541334	0.220107	-0.321227	0.358641	3.000000	1.000000	0	0	1	1.000000	0.000000	0.000000
OTU_390_18S_3_200	OTU_1886_18S_3_200	1	ENV_Temperature	0.483572	0.167909	-0.315663	0.357642	3.000000	1.000000	0	0	1	1.000000	0.000000	0.000000
OTU_995_18S_3_200	OTU_1886_18S_3_200	1	ENV_Temperature	0.519532	0.083954	-0.435578	0.142857	3.000000	1.000000	0	0	1	1.000000	0.000000	0.000000
OTU_1627_18S_3_200	OTU_1886_18S_3_200	1	ENV_Temperature	0.356297	0.055073	-0.301223	0.285714	3.000000	1.000000	0	0	1	1.000000	0.000000	0.000000
OTU_2195_18S_022_3	OTU_1906_18S_3_200	1	ENV_Temperature	0.356297	0.000000	-0.356297	1.000000	3.000000	1.000000	0	0	1	1.000000	0.000000	0.000000
ASV_784_16S_3_200	OTU_1887_18S_3_200	1	ENV_Temperature	0.566820	0.102364	-0.464456	0.714286	3.000000	1.000000	0	0	1	1.000000	0.000000	0.000000
OTU_116_18S_3_200	OTU_1887_18S_3_200	1	ENV_Temperature	0.619399	0.301169	-0.318230	0.643357	3.000000	1.000000	0	0	1	1.000000	0.000000	0.000000
OTU_245_18S_3_200	OTU_1887_18S_3_200	1	ENV_Temperature	0.695171	0.242251	-0.452920	0.572428	3.000000	1.000000	0	0	1	1.000000	0.000000	0.000000
ASV_501_16S_022_3	OTU_1917_18S_3_200	1	ENV_Temperature	0.439968	0.055073	-0.384894	0.643357	3.000000	1.000000	0	0	1	1.000000	0.000000	0.000000
OTU_41_18S_022_3	OTU_1917_18S_3_200	1	ENV_Temperature	0.231999	0.011925	-0.220074	0.499500	3.000000	1.000000	0	0	1	1.000000	0.000000	0.000000
OTU_1094_18S_022_3	OTU_1917_18S_3_200	1	ENV_Temperature	0.334495	0.055073	-0.279421	0.499500	3.000000	1.000000	0	0	1	1.000000	0.000000	0.000000
ASV_1201_16S_3_200	OTU_1917_18S_3_200	1	ENV_Temperature	0.414059	0.083954	-0.330105	0.643357	3.000000	1.000000	0	0	1	1.000000	0.000000	0.000000
ASV_98_16S_022_3	OTU_1844_18S_3_200	1	ENV_Temperature	0.703237	-0.068048	-0.771285	0.356643	3.000000	1.000000	0	0	1	1.000000	0.000000	0.000000
OTU_168_18S_022_3	OTU_1844_18S_3_200	1	ENV_Temperature	0.519000	0.267056	-0.251943	0.644356	3.000000	1.000000	0	0	1	1.000000	0.000000	0.000000
OTU_213_18S_3_200	OTU_1844_18S_3_200	1	ENV_Temperature	0.748173	0.853028	0.104854	nan	3.000000	1.000000	0	0	1	1.000000	0.000000	0.000000
OTU_268_18S_3_200	OTU_1844_18S_3_200	1	ENV_Temperature	0.897734	-0.036478	-0.934212	0.214785	3.000000	1.000000	0	0	1	1.000000	0.000000	0.000000
OTU_419_18S_3_200	OTU_1844_18S_3_200	1	ENV_Temperature	0.835879	1.060767	0.224888	nan	3.000000	1.000000	0	0	1	1.000000	0.000000	0.000000
OTU_902_18S_3_200	OTU_1844_18S_3_200	1	ENV_Temperature	0.805394	-0.019583	-0.824977	0.357642	3.000000	1.000000	0	0	1	1.000000	0.000000	0.000000
ASV_1695_16S_022_3	OTU_1934_18S_3_200	1	ENV_Temperature	0.439968	0.000000	-0.439968	1.000000	3.000000	1.000000	0	0	1	1.000000	0.000000	0.000000
OTU_277_18S_3_200	OTU_1934_18S_3_200	1	ENV_Temperature	0.461770	0.076358	-0.385412	0.000999	3.000000	1.000000	0	0	1	1.000000	0.000000	0.000000
OTU_844_18S_022_3	OTU_1884_18S_3_200	1	ENV_Temperature	0.646807	0.246113	-0.400694	0.501499	3.000000	1.000000	0	0	1	1.000000	0.000000	0.000000
OTU_332_18S_3_200	OTU_1884_18S_3_200	1	ENV_Temperature	0.749964	0.274995	-0.474970	0.430569	3.000000	1.000000	0	0	1	1.000000	0.000000	0.000000
ASV_2010_16S_022_3	OTU_1968_18S_3_200	1	ENV_Temperature	0.435861	0.000000	-0.435861	0.787213	3.000000	1.000000	0	0	1	1.000000	0.000000	0.000000
OTU_1294_18S_022_3	OTU_1968_18S_3_200	1	ENV_Temperature	0.356297	0.000000	-0.356297	0.786214	3.000000	1.000000	0	0	1	1.000000	0.000000	0.000000
ASV_1734_16S_022_3	OTU_1898_18S_3_200	1	ENV_Temperature	0.414059	0.000000	-0.414059	1.000000	3.000000	1.000000	0	0	1	1.000000	0.000000	0.000000
OTU_1077_18S_022_3	OTU_1898_18S_3_200	1	ENV_Temperature	0.577294	0.289856	-0.287438	0.643357	3.000000	1.000000	0	0	1	1.000000	0.000000	0.000000
OTU_2876_18S_022_3	OTU_1898_18S_3_200	1	ENV_Temperature	0.541334	0.052198	-0.489135	0.643357	3.000000	1.000000	0	0	1	1.000000	0.000000	0.000000
OTU_2780_18S_022_3	OTU_1898_18S_3_200	1	ENV_Temperature	0.493623	0.000000	-0.493623	0.786214	3.000000	1.000000	0	0	1	1.000000	0.000000	0.000000
OTU_390_18S_3_200	OTU_1898_18S_3_200	1	ENV_Temperature	0.483572	0.225671	-0.257901	0.786214	3.000000	1.000000	0	0	1	1.000000	0.000000	0.000000
ASV_1190_16S_022_3	OTU_2009_18S_3_200	1	ENV_Temperature	0.713342	0.083954	-0.629388	0.929071	3.000000	1.000000	0	0	1	1.000000	0.000000	0.000000
ASV_2226_16S_022_3	OTU_2017_18S_3_200	1	ENV_Temperature	0.346245	0.000000	-0.346245	1.000000	3.000000	1.000000	0	0	1	1.000000	0.000000	0.000000
OTU_393_18S_3_200	OTU_2017_18S_3_200	1	ENV_Temperature	0.756946	0.129259	-0.627687	0.000999	3.000000	1.000000	0	0	1	1.000000	0.000000	0.000000
ASV_322_16S_022_3	OTU_2035_18S_3_200	1	ENV_Temperature	0.521848	0.000000	-0.521848	0.928072	3.000000	1.000000	0	0	1	1.000000	0.000000	0.000000
ASV_1524_16S_3_200	OTU_2035_18S_3_200	1	ENV_Temperature	0.300850	0.038179	-0.262672	0.071928	3.000000	1.000000	0	0	1	1.000000	0.000000	0.000000
OTU_534_18S_3_200	OTU_2035_18S_3_200	1	ENV_Temperature	0.589045	0.081080	-0.507965	0.428571	3.000000	1.000000	0	0	1	1.000000	0.000000	0.000000
OTU_1906_18S_3_200	OTU_2035_18S_3_200	1	ENV_Temperature	0.519532	0.167909	-0.351623	0.357642	3.000000	1.000000	0	0	1	1.000000	0.000000	0.000000
OTU_413_18S_3_200	OTU_2037_18S_3_200	1	ENV_Temperature	0.462246	0.091551	-0.370695	0.071928	3.000000	1.000000	0	0	1	1.000000	0.000000	0.000000
OTU_477_18S_3_200	OTU_2037_18S_3_200	1	ENV_Temperature	0.416375	0.000000	-0.416375	0.858142	3.000000	1.000000	0	0	1	1.000000	0.000000	0.000000
OTU_1023_18S_3_200	OTU_2037_18S_3_200	1	ENV_Temperature	0.646807	0.110146	-0.536661	0.000999	3.000000	1.000000	0	0	1	1.000000	0.000000	0.000000
OTU_1463_18S_3_200	OTU_2037_18S_3_200	1	ENV_Temperature	0.542557	0.091551	-0.451006	0.000999	3.000000	1.000000	0	0	1	1.000000	0.000000	0.000000
OTU_1649_18S_3_200	OTU_2041_18S_3_200	1	ENV_Temperature	0.416375	0.000000	-0.416375	0.714286	3.000000	1.000000	0	0	1	1.000000	0.000000	0.000000
ASV_1481_16S_022_3	OTU_1967_18S_3_200	1	ENV_Temperature	0.645714	0.091551	-0.554163	0.000999	3.000000	1.000000	0	0	1	1.000000	0.000000	0.000000
OTU_422_18S_3_200	OTU_1967_18S_3_200	1	ENV_Temperature	0.652696	0.000000	-0.652696	0.643357	3.000000	1.000000	0	0	1	1.000000	0.000000	0.000000
OTU_477_18S_3_200	OTU_1967_18S_3_200	1	ENV_Temperature	0.437083	0.057762	-0.379321	0.072927	3.000000	1.000000	0	0	1	1.000000	0.000000	0.000000
OTU_1898_18S_3_200	OTU_2033_18S_3_200	1	ENV_Temperature	0.414059	0.000000	-0.414059	0.786214	3.000000	1.000000	0	0	1	1.000000	0.000000	0.000000
OTU_610_18S_3_200	OTU_2054_18S_3_200	1	ENV_Temperature	0.599096	0.083954	-0.515142	0.142857	3.000000	1.000000	0	0	1	1.000000	0.000000	0.000000
ASV_161_16S_022_3	OTU_1924_18S_3_200	1	ENV_Temperature	0.548450	0.160126	-0.388324	0.000999	3.000000	1.000000	0	0	1	1.000000	0.000000	0.000000
OTU_232_18S_3_200	OTU_1924_18S_3_200	1	ENV_Temperature	0.648598	0.233795	-0.414803	0.142857	3.000000	1.000000	0	0	1	1.000000	0.000000	0.000000
OTU_734_18S_3_200	OTU_1924_18S_3_200	1	ENV_Temperature	0.747632	0.050683	-0.696948	0.000999	3.000000	1.000000	0	0	1	1.000000	0.000000	0.000000
OTU_937_18S_3_200	OTU_1924_18S_3_200	1	ENV_Temperature	0.539767	0.116755	-0.423012	0.287712	3.000000	1.000000	0	0	1	1.000000	0.000000	0.000000
OTU_558_18S_3_200	OTU_2069_18S_3_200	1	ENV_Temperature	0.704569	0.000000	-0.704569	1.000000	3.000000	1.000000	0	0	1	1.000000	0.000000	0.000000
OTU_726_18S_3_200	OTU_2069_18S_3_200	1	ENV_Temperature	0.682767	0.000000	-0.682767	1.000000	3.000000	1.000000	0	0	1	1.000000	0.000000	0.000000
OTU_1106_18S_3_200	OTU_2069_18S_3_200	1	ENV_Temperature	0.541334	0.000000	-0.541334	1.000000	3.000000	1.000000	0	0	1	1.000000	0.000000	0.000000
ASV_491_16S_3_200	OTU_1970_18S_3_200	1	ENV_Temperature	0.886629	0.165034	-0.721595	0.643357	3.000000	1.000000	0	0	1	1.000000	0.000000	0.000000
OTU_1337_18S_3_200	OTU_1970_18S_3_200	1	ENV_Temperature	0.439968	0.055073	-0.384894	0.285714	3.000000	1.000000	0	0	1	1.000000	0.000000	0.000000
OTU_1390_18S_3_200	OTU_1970_18S_3_200	1	ENV_Temperature	0.691540	0.105239	-0.586302	0.715285	3.000000	1.000000	0	0	1	1.000000	0.000000	0.000000
OTU_868_18S_022_3	OTU_2005_18S_3_200	1	ENV_Temperature	0.626796	0.186318	-0.440478	0.357642	3.000000	1.000000	0	0	1	1.000000	0.000000	0.000000
OTU_391_18S_3_200	OTU_2005_18S_3_200	1	ENV_Temperature	0.603203	0.148140	-0.455064	0.786214	3.000000	1.000000	0	0	1	1.000000	0.000000	0.000000
OTU_1263_18S_3_200	OTU_2005_18S_3_200	1	ENV_Temperature	0.626796	0.000000	-0.626796	1.000000	3.000000	1.000000	0	0	1	1.000000	0.000000	0.000000
ASV_1193_16S_3_200	OTU_2058_18S_3_200	1	ENV_Temperature	0.338601	0.000000	-0.338601	0.500500	3.000000	1.000000	0	0	1	1.000000	0.000000	0.000000
OTU_40_18S_3_200	OTU_2058_18S_3_200	1	ENV_Temperature	0.424142	0.151997	-0.272144	0.142857	3.000000	1.000000	0	0	1	1.000000	0.000000	0.000000
OTU_1562_18S_3_200	OTU_2058_18S_3_200	1	ENV_Temperature	0.280839	0.002875	-0.277964	0.000999	3.000000	1.000000	0	0	1	1.000000	0.000000	0.000000
ASV_229_16S_3_200	OTU_2031_18S_3_200	1	ENV_Temperature	0.420816	0.000000	-0.420816	0.142857	3.000000	1.000000	0	0	1	1.000000	0.000000	0.000000
OTU_109_18S_3_200	OTU_2031_18S_3_200	1	ENV_Temperature	0.597818	0.107272	-0.490546	0.285714	3.000000	1.000000	0	0	1	1.000000	0.000000	0.000000
OTU_196_18S_3_200	OTU_2031_18S_3_200	1	ENV_Temperature	0.426202	0.142576	-0.283626	0.430569	3.000000	1.000000	0	0	1	1.000000	0.000000	0.000000
ASV_456_16S_022_3	OTU_2155_18S_3_200	1	ENV_Temperature	0.439968	0.000000	-0.439968	0.929071	3.000000	1.000000	0	0	1	1.000000	0.000000	0.000000
ASV_1036_16S_022_3	OTU_2155_18S_3_200	1	ENV_Temperature	0.439968	0.000000	-0.439968	0.928072	3.000000	1.000000	0	0	1	1.000000	0.000000	0.000000
ASV_1521_16S_022_3	OTU_2155_18S_3_200	1	ENV_Temperature	0.519532	0.000000	-0.519532	0.929071	3.000000	1.000000	0	0	1	1.000000	0.000000	0.000000
ASV_2371_16S_022_3	OTU_2155_18S_3_200	1	ENV_Temperature	0.483572	0.000000	-0.483572	1.000000	3.000000	1.000000	0	0	1	1.000000	0.000000	0.000000
OTU_910_18S_022_3	OTU_2155_18S_3_200	1	ENV_Temperature	0.334495	0.000000	-0.334495	1.000000	3.000000	1.000000	0	0	1	1.000000	0.000000	0.000000
OTU_303_18S_3_200	OTU_2094_18S_3_200	1	ENV_Temperature	0.710075	0.088344	-0.621731	0.214785	3.000000	1.000000	0	0	1	1.000000	0.000000	0.000000
OTU_1027_18S_3_200	OTU_2094_18S_3_200	1	ENV_Temperature	0.491971	0.000000	-0.491971	0.143856	3.000000	1.000000	0	0	1	1.000000	0.000000	0.000000
OTU_1252_18S_3_200	OTU_2094_18S_3_200	1	ENV_Temperature	0.633778	0.076358	-0.557420	0.072927	3.000000	1.000000	0	0	1	1.000000	0.000000	0.000000
ASV_910_16S_022_3	OTU_2181_18S_3_200	1	ENV_Temperature	0.521033	0.052198	-0.468835	0.499500	3.000000	1.000000	0	0	1	1.000000	0.000000	0.000000
OTU_577_18S_3_200	OTU_2181_18S_3_200	1	ENV_Temperature	0.825599	0.267398	-0.558202	0.715285	3.000000	1.000000	0	0	1	1.000000	0.000000	0.000000
OTU_871_18S_3_200	OTU_2105_18S_3_200	1	ENV_Temperature	0.593635	0.154713	-0.438922	0.071928	3.000000	1.000000	0	0	1	1.000000	0.000000	0.000000
OTU_1899_18S_022_3	OTU_2088_18S_3_200	1	ENV_Temperature	0.594103	0.136153	-0.457950	0.644356	3.000000	1.000000	0	0	1	1.000000	0.000000	0.000000
OTU_1034_18S_3_200	OTU_2088_18S_3_200	1	ENV_Temperature	0.673006	0.112835	-0.560170	0.501499	3.000000	1.000000	0	0	1	1.000000	0.000000	0.000000
OTU_1226_18S_3_200	OTU_2088_18S_3_200	1	ENV_Temperature	0.519532	0.083954	-0.435578	0.429570	3.000000	1.000000	0	0	1	1.000000	0.000000	0.000000
OTU_2234_18S_022_3	OTU_2203_18S_3_200	1	ENV_Temperature	0.356297	0.139027	-0.217269	0.787213	3.000000	1.000000	0	0	1	1.000000	0.000000	0.000000
OTU_923_18S_3_200	OTU_2203_18S_3_200	1	ENV_Temperature	0.483572	0.026192	-0.457380	0.000999	3.000000	1.000000	0	0	1	1.000000	0.000000	0.000000
OTU_167_18S_022_3	OTU_2253_18S_3_200	1	ENV_Temperature	0.357519	0.000000	-0.357519	1.000000	3.000000	1.000000	0	0	1	1.000000	0.000000	0.000000
OTU_760_18S_022_3	OTU_2253_18S_3_200	1	ENV_Temperature	0.437083	0.167909	-0.269175	0.143856	3.000000	1.000000	0	0	1	1.000000	0.000000	0.000000
ASV_1071_16S_3_200	OTU_2253_18S_3_200	1	ENV_Temperature	0.437083	0.000000	-0.437083	0.928072	3.000000	1.000000	0	0	1	1.000000	0.000000	0.000000
OTU_886_18S_3_200	OTU_2253_18S_3_200	1	ENV_Temperature	0.437083	0.055073	-0.382010	0.500500	3.000000	1.000000	0	0	1	1.000000	0.000000	0.000000
OTU_866_18S_022_3	OTU_2133_18S_3_200	1	ENV_Temperature	0.483572	0.000000	-0.483572	0.928072	3.000000	1.000000	0	0	1	1.000000	0.000000	0.000000
OTU_613_18S_3_200	OTU_2133_18S_3_200	1	ENV_Temperature	0.833243	0.000000	-0.833243	0.786214	3.000000	1.000000	0	0	1	1.000000	0.000000	0.000000
OTU_467_18S_3_200	OTU_2297_18S_3_200	1	ENV_Temperature	0.710075	0.052198	-0.657876	0.357642	3.000000	1.000000	0	0	1	1.000000	0.000000	0.000000
OTU_1104_18S_3_200	OTU_2297_18S_3_200	1	ENV_Temperature	0.626796	0.385141	-0.241655	0.571429	3.000000	1.000000	0	0	1	1.000000	0.000000	0.000000
OTU_1291_18S_3_200	OTU_2297_18S_3_200	1	ENV_Temperature	0.746035	0.316048	-0.429987	0.285714	3.000000	1.000000	0	0	1	1.000000	0.000000	0.000000
OTU_1414_18S_3_200	OTU_2297_18S_3_200	1	ENV_Temperature	0.617735	0.113695	-0.504040	0.071928	3.000000	1.000000	0	0	1	1.000000	0.000000	0.000000
OTU_519_18S_022_3	OTU_2179_18S_3_200	1	ENV_Temperature	0.519532	0.067060	-0.452472	0.000999	3.000000	1.000000	0	0	1	1.000000	0.000000	0.000000
OTU_191_18S_3_200	OTU_2179_18S_3_200	1	ENV_Temperature	0.660965	0.067060	-0.593905	0.000999	3.000000	1.000000	0	0	1	1.000000	0.000000	0.000000
ASV_595_16S_022_3	OTU_2308_18S_3_200	1	ENV_Temperature	0.461770	0.000000	-0.461770	1.000000	3.000000	1.000000	0	0	1	1.000000	0.000000	0.000000
OTU_1111_18S_022_3	OTU_2308_18S_3_200	1	ENV_Temperature	0.541334	0.000000	-0.541334	0.928072	3.000000	1.000000	0	0	1	1.000000	0.000000	0.000000
OTU_322_18S_3_200	OTU_2308_18S_3_200	1	ENV_Temperature	0.577294	0.000000	-0.577294	1.000000	3.000000	1.000000	0	0	1	1.000000	0.000000	0.000000
ASV_1258_16S_022_3	OTU_2322_18S_3_200	1	ENV_Temperature	0.545441	0.000000	-0.545441	1.000000	3.000000	1.000000	0	0	1	1.000000	0.000000	0.000000
OTU_887_18S_022_3	OTU_2322_18S_3_200	1	ENV_Temperature	0.547893	0.081080	-0.466814	0.715285	3.000000	1.000000	0	0	1	1.000000	0.000000	0.000000
OTU_861_18S_022_3	OTU_2333_18S_3_200	1	ENV_Temperature	0.300850	0.000000	-0.300850	1.000000	3.000000	1.000000	0	0	1	1.000000	0.000000	0.000000
OTU_198_18S_3_200	OTU_2333_18S_3_200	1	ENV_Temperature	0.406323	0.000000	-0.406323	1.000000	3.000000	1.000000	0	0	1	1.000000	0.000000	0.000000
ASV_386_16S_022_3	OTU_2344_18S_3_200	1	ENV_Temperature	0.469413	0.133278	-0.336135	0.501499	3.000000	1.000000	0	0	1	1.000000	0.000000	0.000000
ASV_637_16S_022_3	OTU_2344_18S_3_200	1	ENV_Temperature	0.356297	-0.022919	-0.379215	0.572428	3.000000	1.000000	0	0	1	1.000000	0.000000	0.000000
OTU_391_18S_3_200	OTU_2344_18S_3_200	1	ENV_Temperature	0.599096	0.081080	-0.518017	0.858142	3.000000	1.000000	0	0	1	1.000000	0.000000	0.000000
OTU_866_18S_3_200	OTU_2344_18S_3_200	1	ENV_Temperature	0.599096	0.165034	-0.434062	0.858142	3.000000	1.000000	0	0	1	1.000000	0.000000	0.000000
OTU_2399_18S_022_3	OTU_2047_18S_3_200	1	ENV_Temperature	0.541334	0.000000	-0.541334	0.928072	3.000000	1.000000	0	0	1	1.000000	0.000000	0.000000
OTU_430_18S_3_200	OTU_2047_18S_3_200	1	ENV_Temperature	0.567243	0.055073	-0.512170	0.000999	3.000000	1.000000	0	0	1	1.000000	0.000000	0.000000
ASV_601_16S_022_3	OTU_2309_18S_3_200	1	ENV_Temperature	0.435861	0.000000	-0.435861	0.928072	3.000000	1.000000	0	0	1	1.000000	0.000000	0.000000
OTU_1296_18S_3_200	OTU_2309_18S_3_200	1	ENV_Temperature	0.519532	0.112835	-0.406697	0.000999	3.000000	1.000000	0	0	1	1.000000	0.000000	0.000000
OTU_1408_18S_3_200	OTU_2309_18S_3_200	1	ENV_Temperature	0.519532	0.067060	-0.452472	0.071928	3.000000	1.000000	0	0	1	1.000000	0.000000	0.000000
OTU_1318_18S_3_200	OTU_2309_18S_3_200	1	ENV_Temperature	0.416375	0.000000	-0.416375	0.428571	3.000000	1.000000	0	0	1	1.000000	0.000000	0.000000
ASV_725_16S_022_3	OTU_2376_18S_3_200	1	ENV_Temperature	0.670400	-0.091551	-0.761951	0.500500	3.000000	1.000000	0	0	1	1.000000	0.000000	0.000000
OTU_1284_18S_022_3	OTU_2376_18S_3_200	1	ENV_Temperature	0.609753	0.000000	-0.609753	0.356643	3.000000	1.000000	0	0	1	1.000000	0.000000	0.000000
OTU_985_18S_3_200	OTU_2376_18S_3_200	1	ENV_Temperature	0.567243	0.076358	-0.490885	0.000999	3.000000	1.000000	0	0	1	1.000000	0.000000	0.000000
OTU_1219_18S_3_200	OTU_1948_18S_3_200	1	ENV_Temperature	0.435861	0.165034	-0.270827	0.715285	3.000000	1.000000	0	0	1	1.000000	0.000000	0.000000
OTU_1680_18S_3_200	OTU_1948_18S_3_200	1	ENV_Temperature	0.425809	0.067060	-0.358749	0.786214	3.000000	1.000000	0	0	1	1.000000	0.000000	0.000000
OTU_1782_18S_022_3	OTU_2305_18S_3_200	1	ENV_Temperature	0.428125	0.026192	-0.401933	0.000999	3.000000	1.000000	0	0	1	1.000000	0.000000	0.000000
OTU_1650_18S_3_200	OTU_2305_18S_3_200	1	ENV_Temperature	0.543650	0.055073	-0.488577	0.215784	3.000000	1.000000	0	0	1	1.000000	0.000000	0.000000
ASV_1795_16S_022_3	OTU_2398_18S_3_200	1	ENV_Temperature	0.492737	0.000000	-0.492737	0.929071	3.000000	1.000000	0	0	1	1.000000	0.000000	0.000000
OTU_505_18S_3_200	OTU_2398_18S_3_200	1	ENV_Temperature	0.691540	0.172631	-0.518910	0.286713	3.000000	1.000000	0	0	1	1.000000	0.000000	0.000000
OTU_1536_18S_3_200	OTU_2398_18S_3_200	1	ENV_Temperature	0.615243	0.055073	-0.560170	0.286713	3.000000	1.000000	0	0	1	1.000000	0.000000	0.000000
OTU_1454_18S_3_200	OTU_2120_18S_3_200	1	ENV_Temperature	0.582063	0.076358	-0.505705	0.071928	3.000000	1.000000	0	0	1	1.000000	0.000000	0.000000
OTU_205_18S_3_200	OTU_2459_18S_3_200	1	ENV_Temperature	0.645714	0.270273	-0.375441	0.214785	3.000000	1.000000	0	0	1	1.000000	0.000000	0.000000
OTU_881_18S_3_200	OTU_2459_18S_3_200	1	ENV_Temperature	0.670400	0.230061	-0.440339	0.143856	3.000000	1.000000	0	0	1	1.000000	0.000000	0.000000
OTU_1417_18S_3_200	OTU_2466_18S_3_200	1	ENV_Temperature	0.656858	0.193915	-0.462943	0.572428	3.000000	1.000000	0	0	1	1.000000	0.000000	0.000000
ASV_2009_16S_022_3	OTU_2095_18S_3_200	1	ENV_Temperature	0.358613	-0.081080	-0.439692	0.143856	3.000000	1.000000	0	0	1	1.000000	0.000000	0.000000
OTU_2399_18S_022_3	OTU_2095_18S_3_200	1	ENV_Temperature	0.435861	0.000000	-0.435861	1.000000	3.000000	1.000000	0	0	1	1.000000	0.000000	0.000000
OTU_2047_18S_3_200	OTU_2095_18S_3_200	1	ENV_Temperature	0.541334	0.000000	-0.541334	1.000000	3.000000	1.000000	0	0	1	1.000000	0.000000	0.000000
OTU_1329_18S_3_200	OTU_2394_18S_3_200	1	ENV_Temperature	0.480697	0.055073	-0.425624	0.500500	3.000000	1.000000	0	0	1	1.000000	0.000000	0.000000
ASV_905_16S_3_200	OTU_2403_18S_3_200	1	ENV_Temperature	0.541334	0.000000	-0.541334	0.713287	3.000000	1.000000	0	0	1	1.000000	0.000000	0.000000
OTU_497_18S_3_200	OTU_2403_18S_3_200	1	ENV_Temperature	0.435861	0.000000	-0.435861	0.857143	3.000000	1.000000	0	0	1	1.000000	0.000000	0.000000
OTU_325_18S_3_200	OTU_2399_18S_3_200	1	ENV_Temperature	0.691540	0.000000	-0.691540	0.929071	3.000000	1.000000	0	0	1	1.000000	0.000000	0.000000
OTU_430_18S_3_200	OTU_2399_18S_3_200	1	ENV_Temperature	0.648598	0.083954	-0.564644	0.286713	3.000000	1.000000	0	0	1	1.000000	0.000000	0.000000
OTU_711_18S_022_3	OTU_2420_18S_3_200	1	ENV_Temperature	0.464086	0.055073	-0.409013	0.285714	3.000000	1.000000	0	0	1	1.000000	0.000000	0.000000
OTU_2195_18S_022_3	OTU_2420_18S_3_200	1	ENV_Temperature	0.541334	0.000000	-0.541334	0.928072	3.000000	1.000000	0	0	1	1.000000	0.000000	0.000000
OTU_989_18S_3_200	OTU_2429_18S_3_200	1	ENV_Temperature	0.577294	0.083954	-0.493340	0.501499	3.000000	1.000000	0	0	1	1.000000	0.000000	0.000000
ASV_415_16S_022_3	OTU_2489_18S_3_200	1	ENV_Temperature	0.451718	-0.081080	-0.532798	0.786214	3.000000	1.000000	0	0	1	1.000000	0.000000	0.000000
ASV_606_16S_022_3	OTU_2489_18S_3_200	1	ENV_Temperature	0.464086	0.000000	-0.464086	0.929071	3.000000	1.000000	0	0	1	1.000000	0.000000	0.000000
ASV_1108_16S_022_3	OTU_2489_18S_3_200	1	ENV_Temperature	0.682767	0.000000	-0.682767	1.000000	3.000000	1.000000	0	0	1	1.000000	0.000000	0.000000
OTU_2376_18S_3_200	OTU_2489_18S_3_200	1	ENV_Temperature	0.589045	0.000000	-0.589045	1.000000	3.000000	1.000000	0	0	1	1.000000	0.000000	0.000000
OTU_2305_18S_3_200	OTU_2489_18S_3_200	1	ENV_Temperature	0.704569	0.000000	-0.704569	0.929071	3.000000	1.000000	0	0	1	1.000000	0.000000	0.000000
OTU_1756_18S_022_3	OTU_2496_18S_3_200	1	ENV_Temperature	0.439968	0.000000	-0.439968	1.000000	3.000000	1.000000	0	0	1	1.000000	0.000000	0.000000
ASV_491_16S_3_200	OTU_2496_18S_3_200	1	ENV_Temperature	0.670400	0.000000	-0.670400	1.000000	3.000000	1.000000	0	0	1	1.000000	0.000000	0.000000
OTU_1970_18S_3_200	OTU_2496_18S_3_200	1	ENV_Temperature	0.706360	0.000000	-0.706360	1.000000	3.000000	1.000000	0	0	1	1.000000	0.000000	0.000000
OTU_568_18S_022_3	OTU_1926_18S_3_200	1	ENV_Temperature	0.710075	0.191226	-0.518849	0.500500	3.000000	1.000000	0	0	1	1.000000	0.000000	0.000000
OTU_671_18S_022_3	OTU_1926_18S_3_200	1	ENV_Temperature	0.625378	0.128556	-0.496822	0.215784	3.000000	1.000000	0	0	1	1.000000	0.000000	0.000000
OTU_2005_18S_3_200	OTU_1926_18S_3_200	1	ENV_Temperature	0.691540	0.119258	-0.572282	0.571429	3.000000	1.000000	0	0	1	1.000000	0.000000	0.000000
OTU_136_18S_3_200	OTU_2515_18S_3_200	1	ENV_Temperature	0.689869	0.027893	-0.661976	0.000999	3.000000	1.000000	0	0	1	1.000000	0.000000	0.000000
OTU_1789_18S_022_3	OTU_2449_18S_3_200	1	ENV_Temperature	0.577294	0.000000	-0.577294	0.714286	3.000000	1.000000	0	0	1	1.000000	0.000000	0.000000
OTU_1649_18S_3_200	OTU_2449_18S_3_200	1	ENV_Temperature	0.519532	0.112835	-0.406697	0.000999	3.000000	1.000000	0	0	1	1.000000	0.000000	0.000000
OTU_1210_18S_022_3	OTU_2295_18S_3_200	1	ENV_Temperature	0.569695	-0.074657	-0.644352	0.286713	3.000000	1.000000	0	0	1	1.000000	0.000000	0.000000
OTU_995_18S_3_200	OTU_2295_18S_3_200	1	ENV_Temperature	0.660965	0.000000	-0.660965	0.928072	3.000000	1.000000	0	0	1	1.000000	0.000000	0.000000
OTU_1290_18S_3_200	OTU_2295_18S_3_200	1	ENV_Temperature	0.612638	0.107272	-0.505366	0.214785	3.000000	1.000000	0	0	1	1.000000	0.000000	0.000000
ASV_1851_16S_022_3	OTU_2532_18S_3_200	1	ENV_Temperature	0.545441	0.148140	-0.397301	0.786214	3.000000	1.000000	0	0	1	1.000000	0.000000	0.000000
OTU_191_18S_3_200	OTU_2532_18S_3_200	1	ENV_Temperature	0.603203	0.000000	-0.603203	0.858142	3.000000	1.000000	0	0	1	1.000000	0.000000	0.000000
OTU_493_18S_3_200	OTU_2532_18S_3_200	1	ENV_Temperature	0.566149	0.055073	-0.511076	0.143856	3.000000	1.000000	0	0	1	1.000000	0.000000	0.000000
OTU_558_18S_3_200	OTU_2532_18S_3_200	1	ENV_Temperature	0.728162	0.000000	-0.728162	0.858142	3.000000	1.000000	0	0	1	1.000000	0.000000	0.000000
OTU_1281_18S_3_200	OTU_2532_18S_3_200	1	ENV_Temperature	0.626796	0.067060	-0.559736	0.000999	3.000000	1.000000	0	0	1	1.000000	0.000000	0.000000
OTU_1940_18S_3_200	OTU_2532_18S_3_200	1	ENV_Temperature	0.625005	0.165034	-0.459971	0.430569	3.000000	1.000000	0	0	1	1.000000	0.000000	0.000000
OTU_2420_18S_022_3	OTU_2456_18S_3_200	1	ENV_Temperature	0.519532	0.067060	-0.452472	0.000999	3.000000	1.000000	0	0	1	1.000000	0.000000	0.000000
OTU_2958_18S_022_3	OTU_2456_18S_3_200	1	ENV_Temperature	0.276732	0.038179	-0.238554	0.142857	3.000000	1.000000	0	0	1	1.000000	0.000000	0.000000
OTU_995_18S_3_200	OTU_2456_18S_3_200	1	ENV_Temperature	0.439968	0.067060	-0.372908	0.142857	3.000000	1.000000	0	0	1	1.000000	0.000000	0.000000
OTU_362_18S_3_200	OTU_2418_18S_3_200	1	ENV_Temperature	0.646807	0.052198	-0.594609	0.143856	3.000000	1.000000	0	0	1	1.000000	0.000000	0.000000
OTU_655_18S_3_200	OTU_2418_18S_3_200	1	ENV_Temperature	0.567243	0.203213	-0.364030	0.572428	3.000000	1.000000	0	0	1	1.000000	0.000000	0.000000
OTU_671_18S_3_200	OTU_2418_18S_3_200	1	ENV_Temperature	0.625005	0.248988	-0.376017	0.572428	3.000000	1.000000	0	0	1	1.000000	0.000000	0.000000
OTU_768_18S_3_200	OTU_2418_18S_3_200	1	ENV_Temperature	0.660965	0.282259	-0.378706	0.644356	3.000000	1.000000	0	0	1	1.000000	0.000000	0.000000
OTU_1296_18S_3_200	OTU_2418_18S_3_200	1	ENV_Temperature	0.603203	0.165034	-0.438169	0.643357	3.000000	1.000000	0	0	1	1.000000	0.000000	0.000000
OTU_1363_18S_3_200	OTU_2418_18S_3_200	1	ENV_Temperature	0.682767	0.000000	-0.682767	1.000000	3.000000	1.000000	0	0	1	1.000000	0.000000	0.000000
OTU_1774_18S_3_200	OTU_2512_18S_3_200	1	ENV_Temperature	0.356297	0.134120	-0.222177	0.214785	3.000000	1.000000	0	0	1	1.000000	0.000000	0.000000
OTU_1646_18S_3_200	OTU_2603_18S_3_200	1	ENV_Temperature	0.462992	0.000000	-0.462992	1.000000	3.000000	1.000000	0	0	1	1.000000	0.000000	0.000000
OTU_519_18S_022_3	OTU_2433_18S_3_200	1	ENV_Temperature	0.599096	0.193915	-0.405181	0.929071	3.000000	1.000000	0	0	1	1.000000	0.000000	0.000000
OTU_1394_18S_3_200	OTU_2433_18S_3_200	1	ENV_Temperature	0.493623	0.000000	-0.493623	0.929071	3.000000	1.000000	0	0	1	1.000000	0.000000	0.000000
OTU_1391_18S_3_200	OTU_2433_18S_3_200	1	ENV_Temperature	0.356297	0.000000	-0.356297	0.929071	3.000000	1.000000	0	0	1	1.000000	0.000000	0.000000
ASV_1143_16S_022_3	OTU_2631_18S_3_200	1	ENV_Temperature	0.740530	0.000000	-0.740530	0.499500	3.000000	1.000000	0	0	1	1.000000	0.000000	0.000000
OTU_881_18S_3_200	OTU_2631_18S_3_200	1	ENV_Temperature	0.511933	0.134120	-0.377813	0.142857	3.000000	1.000000	0	0	1	1.000000	0.000000	0.000000
OTU_1576_18S_3_200	OTU_2631_18S_3_200	1	ENV_Temperature	0.465445	0.110146	-0.355298	0.428571	3.000000	1.000000	0	0	1	1.000000	0.000000	0.000000
OTU_2459_18S_3_200	OTU_2631_18S_3_200	1	ENV_Temperature	0.547893	0.191226	-0.356667	0.285714	3.000000	1.000000	0	0	1	1.000000	0.000000	0.000000
OTU_799_18S_022_3	OTU_2503_18S_3_200	1	ENV_Temperature	0.497775	0.100331	-0.397444	0.213786	3.000000	1.000000	0	0	1	1.000000	0.000000	0.000000
OTU_1353_18S_022_3	OTU_2503_18S_3_200	1	ENV_Temperature	0.435258	0.057762	-0.377496	0.286713	3.000000	1.000000	0	0	1	1.000000	0.000000	0.000000
OTU_2512_18S_3_200	OTU_2503_18S_3_200	1	ENV_Temperature	0.404007	0.100331	-0.303676	0.071928	3.000000	1.000000	0	0	1	1.000000	0.000000	0.000000
OTU_1362_18S_022_3	OTU_2601_18S_3_200	1	ENV_Temperature	0.483572	0.000000	-0.483572	1.000000	3.000000	1.000000	0	0	1	1.000000	0.000000	0.000000
ASV_1541_16S_3_200	OTU_2578_18S_3_200	1	ENV_Temperature	0.603203	0.000000	-0.603203	0.785215	3.000000	1.000000	0	0	1	1.000000	0.000000	0.000000
OTU_1999_18S_3_200	OTU_2578_18S_3_200	1	ENV_Temperature	0.408776	0.021284	-0.387491	0.071928	3.000000	1.000000	0	0	1	1.000000	0.000000	0.000000
ASV_174_16S_022_3	OTU_2508_18S_3_200	1	ENV_Temperature	0.567243	0.225671	-0.341572	0.857143	3.000000	1.000000	0	0	1	1.000000	0.000000	0.000000
OTU_985_18S_022_3	OTU_2508_18S_3_200	1	ENV_Temperature	0.541334	2.249610	1.708276	nan	3.000000	1.000000	0	0	1	1.000000	0.000000	0.000000
OTU_756_18S_3_200	OTU_2508_18S_3_200	1	ENV_Temperature	0.521848	-0.032852	-0.554700	0.429570	3.000000	1.000000	0	0	1	1.000000	0.000000	0.000000
OTU_889_18S_022_3	OTU_2557_18S_3_200	1	ENV_Temperature	0.519532	0.000000	-0.519532	1.000000	3.000000	1.000000	0	0	1	1.000000	0.000000	0.000000
OTU_1506_18S_022_3	OTU_2557_18S_3_200	1	ENV_Temperature	0.493623	0.112835	-0.380788	0.144855	3.000000	1.000000	0	0	1	1.000000	0.000000	0.000000
ASV_1076_16S_3_200	OTU_2557_18S_3_200	1	ENV_Temperature	0.656858	0.000000	-0.656858	0.857143	3.000000	1.000000	0	0	1	1.000000	0.000000	0.000000
ASV_1524_16S_3_200	OTU_2557_18S_3_200	1	ENV_Temperature	0.414059	0.000000	-0.414059	0.713287	3.000000	1.000000	0	0	1	1.000000	0.000000	0.000000
ASV_730_16S_022_3	OTU_2259_18S_3_200	1	ENV_Temperature	0.713342	0.000000	-0.713342	0.786214	3.000000	1.000000	0	0	1	1.000000	0.000000	0.000000
OTU_1148_18S_022_3	OTU_2259_18S_3_200	1	ENV_Temperature	0.571535	0.112835	-0.458700	0.572428	3.000000	1.000000	0	0	1	1.000000	0.000000	0.000000
OTU_197_18S_3_200	OTU_2259_18S_3_200	1	ENV_Temperature	0.615243	0.000000	-0.615243	0.214785	3.000000	1.000000	0	0	1	1.000000	0.000000	0.000000
OTU_363_18S_3_200	OTU_2259_18S_3_200	1	ENV_Temperature	0.669738	0.055073	-0.614665	0.499500	3.000000	1.000000	0	0	1	1.000000	0.000000	0.000000
ASV_714_16S_022_3	OTU_2572_18S_3_200	1	ENV_Temperature	0.199411	0.302571	0.103161	nan	3.000000	1.000000	0	0	1	1.000000	0.000000	0.000000
OTU_137_18S_3_200	OTU_2572_18S_3_200	1	ENV_Temperature	0.388934	0.443079	0.054146	nan	3.000000	1.000000	0	0	1	1.000000	0.000000	0.000000
ASV_858_16S_3_200	OTU_2699_18S_3_200	1	ENV_Temperature	0.519532	-0.173933	-0.693465	1.000000	3.000000	1.000000	0	0	1	1.000000	0.000000	0.000000
OTU_995_18S_3_200	OTU_2615_18S_3_200	1	ENV_Temperature	0.464086	0.000000	-0.464086	0.929071	3.000000	1.000000	0	0	1	1.000000	0.000000	0.000000
OTU_1511_18S_3_200	OTU_2615_18S_3_200	1	ENV_Temperature	0.519532	0.167909	-0.351623	0.356643	3.000000	1.000000	0	0	1	1.000000	0.000000	0.000000
OTU_2466_18S_3_200	OTU_2615_18S_3_200	1	ENV_Temperature	0.599096	0.165034	-0.434062	0.429570	3.000000	1.000000	0	0	1	1.000000	0.000000	0.000000
ASV_636_16S_022_3	OTU_2714_18S_3_200	1	ENV_Temperature	0.458885	0.045776	-0.413110	0.000999	3.000000	1.000000	0	0	1	1.000000	0.000000	0.000000
OTU_1782_18S_022_3	OTU_2682_18S_3_200	1	ENV_Temperature	0.380415	0.167909	-0.212506	0.786214	3.000000	1.000000	0	0	1	1.000000	0.000000	0.000000
OTU_1104_18S_3_200	OTU_2682_18S_3_200	1	ENV_Temperature	0.577294	0.248988	-0.328306	0.786214	3.000000	1.000000	0	0	1	1.000000	0.000000	0.000000
OTU_2195_18S_022_3	OTU_2649_18S_3_200	1	ENV_Temperature	0.577294	0.000000	-0.577294	1.000000	3.000000	1.000000	0	0	1	1.000000	0.000000	0.000000
OTU_228_18S_3_200	OTU_2649_18S_3_200	1	ENV_Temperature	0.660965	0.000000	-0.660965	0.715285	3.000000	1.000000	0	0	1	1.000000	0.000000	0.000000
OTU_2420_18S_3_200	OTU_2649_18S_3_200	1	ENV_Temperature	0.625005	0.000000	-0.625005	0.644356	3.000000	1.000000	0	0	1	1.000000	0.000000	0.000000
OTU_467_18S_022_3	OTU_2727_18S_3_200	1	ENV_Temperature	0.358613	0.000000	-0.358613	0.786214	3.000000	1.000000	0	0	1	1.000000	0.000000	0.000000
OTU_1801_18S_022_3	OTU_2727_18S_3_200	1	ENV_Temperature	0.356297	0.000000	-0.356297	1.000000	3.000000	1.000000	0	0	1	1.000000	0.000000	0.000000
OTU_1948_18S_3_200	OTU_2727_18S_3_200	1	ENV_Temperature	0.356297	0.000000	-0.356297	0.929071	3.000000	1.000000	0	0	1	1.000000	0.000000	0.000000
OTU_1940_18S_3_200	OTU_2745_18S_3_200	1	ENV_Temperature	0.682767	0.165034	-0.517733	0.430569	3.000000	1.000000	0	0	1	1.000000	0.000000	0.000000
ASV_550_16S_022_3	OTU_2750_18S_3_200	1	ENV_Temperature	0.505374	0.000000	-0.505374	1.000000	3.000000	1.000000	0	0	1	1.000000	0.000000	0.000000
ASV_1065_16S_022_3	OTU_2750_18S_3_200	1	ENV_Temperature	0.519532	-0.106873	-0.626405	0.214785	3.000000	1.000000	0	0	1	1.000000	0.000000	0.000000
ASV_1820_16S_022_3	OTU_2750_18S_3_200	1	ENV_Temperature	0.599096	0.081080	-0.518017	0.428571	3.000000	1.000000	0	0	1	1.000000	0.000000	0.000000
OTU_844_18S_022_3	OTU_2750_18S_3_200	1	ENV_Temperature	0.541334	0.081080	-0.460254	0.572428	3.000000	1.000000	0	0	1	1.000000	0.000000	0.000000
OTU_398_18S_3_200	OTU_2750_18S_3_200	1	ENV_Temperature	0.414059	0.000000	-0.414059	1.000000	3.000000	1.000000	0	0	1	1.000000	0.000000	0.000000
OTU_550_18S_3_200	OTU_2750_18S_3_200	1	ENV_Temperature	0.577294	0.000000	-0.577294	1.000000	3.000000	1.000000	0	0	1	1.000000	0.000000	0.000000
OTU_799_18S_3_200	OTU_2750_18S_3_200	1	ENV_Temperature	0.541334	0.052198	-0.489135	0.357642	3.000000	1.000000	0	0	1	1.000000	0.000000	0.000000
OTU_430_18S_022_3	OTU_2510_18S_3_200	1	ENV_Temperature	0.609753	0.042616	-0.567138	0.143856	3.000000	1.000000	0	0	1	1.000000	0.000000	0.000000
ASV_1524_16S_3_200	OTU_2510_18S_3_200	1	ENV_Temperature	0.404007	0.009298	-0.394710	0.000999	3.000000	1.000000	0	0	1	1.000000	0.000000	0.000000
OTU_800_18S_3_200	OTU_2510_18S_3_200	1	ENV_Temperature	0.389232	0.078576	-0.310656	0.143856	3.000000	1.000000	0	0	1	1.000000	0.000000	0.000000
OTU_2047_18S_3_200	OTU_2510_18S_3_200	1	ENV_Temperature	0.589045	0.110146	-0.478898	0.000999	3.000000	1.000000	0	0	1	1.000000	0.000000	0.000000
OTU_1611_18S_3_200	OTU_2785_18S_3_200	1	ENV_Temperature	0.378099	0.000000	-0.378099	1.000000	3.000000	1.000000	0	0	1	1.000000	0.000000	0.000000
OTU_2876_18S_022_3	OTU_2589_18S_3_200	1	ENV_Temperature	0.599096	0.000000	-0.599096	1.000000	3.000000	1.000000	0	0	1	1.000000	0.000000	0.000000
OTU_989_18S_3_200	OTU_2589_18S_3_200	1	ENV_Temperature	0.599096	0.000000	-0.599096	1.000000	3.000000	1.000000	0	0	1	1.000000	0.000000	0.000000
OTU_1219_18S_3_200	OTU_2589_18S_3_200	1	ENV_Temperature	0.599096	0.112835	-0.486261	0.572428	3.000000	1.000000	0	0	1	1.000000	0.000000	0.000000
ASV_915_16S_022_3	OTU_2419_18S_3_200	1	ENV_Temperature	0.418827	0.000000	-0.418827	0.785215	3.000000	1.000000	0	0	1	1.000000	0.000000	0.000000
ASV_1029_16S_022_3	OTU_2419_18S_3_200	1	ENV_Temperature	0.497730	0.067060	-0.430670	0.144855	3.000000	1.000000	0	0	1	1.000000	0.000000	0.000000
OTU_492_18S_3_200	OTU_2419_18S_3_200	1	ENV_Temperature	0.656858	0.083954	-0.572904	0.144855	3.000000	1.000000	0	0	1	1.000000	0.000000	0.000000
OTU_653_18S_3_200	OTU_2419_18S_3_200	1	ENV_Temperature	0.577294	0.000000	-0.577294	0.785215	3.000000	1.000000	0	0	1	1.000000	0.000000	0.000000
OTU_1627_18S_3_200	OTU_2419_18S_3_200	1	ENV_Temperature	0.414059	0.083954	-0.330105	0.500500	3.000000	1.000000	0	0	1	1.000000	0.000000	0.000000
ASV_1481_16S_022_3	OTU_2590_18S_3_200	1	ENV_Temperature	0.692202	0.000000	-0.692202	0.570430	3.000000	1.000000	0	0	1	1.000000	0.000000	0.000000
OTU_82_18S_3_200	OTU_2590_18S_3_200	1	ENV_Temperature	0.597818	0.045776	-0.552042	0.000999	3.000000	1.000000	0	0	1	1.000000	0.000000	0.000000
OTU_493_18S_3_200	OTU_2590_18S_3_200	1	ENV_Temperature	0.475033	0.055073	-0.419960	0.143856	3.000000	1.000000	0	0	1	1.000000	0.000000	0.000000
OTU_1159_18S_3_200	OTU_2590_18S_3_200	1	ENV_Temperature	0.554875	0.067060	-0.487815	0.000999	3.000000	1.000000	0	0	1	1.000000	0.000000	0.000000
ASV_1047_16S_022_3	OTU_2848_18S_3_200	1	ENV_Temperature	0.435861	0.000000	-0.435861	1.000000	3.000000	1.000000	0	0	1	1.000000	0.000000	0.000000
OTU_2699_18S_3_200	OTU_2848_18S_3_200	1	ENV_Temperature	0.435861	0.000000	-0.435861	1.000000	3.000000	1.000000	0	0	1	1.000000	0.000000	0.000000
ASV_1695_16S_022_3	OTU_2700_18S_3_200	1	ENV_Temperature	0.439968	0.000000	-0.439968	1.000000	3.000000	1.000000	0	0	1	1.000000	0.000000	0.000000
OTU_1714_18S_022_3	OTU_2700_18S_3_200	1	ENV_Temperature	0.497730	0.191882	-0.305848	0.429570	3.000000	1.000000	0	0	1	1.000000	0.000000	0.000000
OTU_1394_18S_3_200	OTU_2744_18S_3_200	1	ENV_Temperature	0.656858	0.000000	-0.656858	0.713287	3.000000	1.000000	0	0	1	1.000000	0.000000	0.000000
OTU_2714_18S_3_200	OTU_2744_18S_3_200	1	ENV_Temperature	0.599096	0.112835	-0.486261	0.144855	3.000000	1.000000	0	0	1	1.000000	0.000000	0.000000
OTU_932_18S_3_200	OTU_2867_18S_3_200	1	ENV_Temperature	0.439968	0.021284	-0.418683	0.000999	3.000000	1.000000	0	0	1	1.000000	0.000000	0.000000
OTU_1999_18S_3_200	OTU_2867_18S_3_200	1	ENV_Temperature	0.483572	0.201180	-0.282392	0.214785	3.000000	1.000000	0	0	1	1.000000	0.000000	0.000000
OTU_2512_18S_3_200	OTU_2867_18S_3_200	1	ENV_Temperature	0.334495	0.100331	-0.234163	0.000999	3.000000	1.000000	0	0	1	1.000000	0.000000	0.000000
OTU_938_18S_022_3	OTU_2620_18S_3_200	1	ENV_Temperature	0.627457	0.083954	-0.543503	0.072927	3.000000	1.000000	0	0	1	1.000000	0.000000	0.000000
OTU_493_18S_3_200	OTU_2620_18S_3_200	1	ENV_Temperature	0.623912	0.055073	-0.568838	0.143856	3.000000	1.000000	0	0	1	1.000000	0.000000	0.000000
OTU_741_18S_3_200	OTU_2620_18S_3_200	1	ENV_Temperature	0.603203	0.000000	-0.603203	1.000000	3.000000	1.000000	0	0	1	1.000000	0.000000	0.000000
OTU_1335_18S_3_200	OTU_2620_18S_3_200	1	ENV_Temperature	0.670400	0.067060	-0.603340	0.287712	3.000000	1.000000	0	0	1	1.000000	0.000000	0.000000
OTU_2714_18S_3_200	OTU_2620_18S_3_200	1	ENV_Temperature	0.577294	0.112835	-0.464459	0.144855	3.000000	1.000000	0	0	1	1.000000	0.000000	0.000000
OTU_1494_18S_022_3	OTU_2795_18S_3_200	1	ENV_Temperature	0.545441	0.217232	-0.328208	0.858142	3.000000	1.000000	0	0	1	1.000000	0.000000	0.000000
OTU_48_18S_3_200	OTU_2795_18S_3_200	1	ENV_Temperature	0.429916	0.075516	-0.354400	0.286713	3.000000	1.000000	0	0	1	1.000000	0.000000	0.000000
OTU_1077_18S_022_3	OTU_2876_18S_3_200	1	ENV_Temperature	0.660965	0.225671	-0.435294	0.786214	3.000000	1.000000	0	0	1	1.000000	0.000000	0.000000
OTU_1767_18S_022_3	OTU_2876_18S_3_200	1	ENV_Temperature	0.577294	0.000000	-0.577294	1.000000	3.000000	1.000000	0	0	1	1.000000	0.000000	0.000000
OTU_1732_18S_3_200	OTU_2876_18S_3_200	1	ENV_Temperature	0.442284	0.083954	-0.358329	0.643357	3.000000	1.000000	0	0	1	1.000000	0.000000	0.000000
OTU_799_18S_3_200	OTU_2884_18S_3_200	1	ENV_Temperature	0.556546	0.052198	-0.504348	0.500500	3.000000	1.000000	0	0	1	1.000000	0.000000	0.000000
OTU_1286_18S_3_200	OTU_2884_18S_3_200	1	ENV_Temperature	0.567243	0.000000	-0.567243	1.000000	3.000000	1.000000	0	0	1	1.000000	0.000000	0.000000
OTU_2181_18S_3_200	OTU_2884_18S_3_200	1	ENV_Temperature	0.574419	0.148140	-0.426280	0.929071	3.000000	1.000000	0	0	1	1.000000	0.000000	0.000000
ASV_661_16S_022_3	OTU_2914_18S_3_200	1	ENV_Temperature	0.461770	0.057948	-0.403822	0.858142	3.000000	1.000000	0	0	1	1.000000	0.000000	0.000000
OTU_2289_18S_022_3	OTU_2914_18S_3_200	1	ENV_Temperature	0.414059	-0.177021	-0.591079	1.000000	3.000000	1.000000	0	0	1	1.000000	0.000000	0.000000
ASV_501_16S_022_3	OTU_2635_18S_3_200	1	ENV_Temperature	0.577294	0.052198	-0.525096	0.000999	3.000000	1.000000	0	0	1	1.000000	0.000000	0.000000
ASV_1201_16S_022_3	OTU_2635_18S_3_200	1	ENV_Temperature	0.493623	0.000000	-0.493623	0.787213	3.000000	1.000000	0	0	1	1.000000	0.000000	0.000000
OTU_191_18S_022_3	OTU_2635_18S_3_200	1	ENV_Temperature	0.577294	0.000000	-0.577294	0.358641	3.000000	1.000000	0	0	1	1.000000	0.000000	0.000000
OTU_2214_18S_022_3	OTU_2635_18S_3_200	1	ENV_Temperature	0.493623	0.000000	-0.493623	0.929071	3.000000	1.000000	0	0	1	1.000000	0.000000	0.000000
OTU_3210_18S_022_3	OTU_2635_18S_3_200	1	ENV_Temperature	0.493623	0.000000	-0.493623	1.000000	3.000000	1.000000	0	0	1	1.000000	0.000000	0.000000
OTU_621_18S_3_200	OTU_2635_18S_3_200	1	ENV_Temperature	0.435861	0.000000	-0.435861	0.928072	3.000000	1.000000	0	0	1	1.000000	0.000000	0.000000
OTU_851_18S_022_3	OTU_3023_18S_3_200	1	ENV_Temperature	0.599096	0.112835	-0.486261	0.786214	3.000000	1.000000	0	0	1	1.000000	0.000000	0.000000
OTU_2270_18S_022_3	OTU_3023_18S_3_200	1	ENV_Temperature	0.577294	0.000000	-0.577294	1.000000	3.000000	1.000000	0	0	1	1.000000	0.000000	0.000000
OTU_1086_18S_3_200	OTU_2732_18S_3_200	1	ENV_Temperature	0.450122	0.000000	-0.450122	0.572428	3.000000	1.000000	0	0	1	1.000000	0.000000	0.000000
OTU_1258_18S_3_200	OTU_2732_18S_3_200	1	ENV_Temperature	0.589045	0.055073	-0.533972	0.000999	3.000000	1.000000	0	0	1	1.000000	0.000000	0.000000
OTU_2305_18S_3_200	OTU_2732_18S_3_200	1	ENV_Temperature	0.601412	0.000000	-0.601412	0.786214	3.000000	1.000000	0	0	1	1.000000	0.000000	0.000000
OTU_3023_18S_3_200	OTU_3068_18S_3_200	1	ENV_Temperature	0.656858	0.000000	-0.656858	1.000000	3.000000	1.000000	0	0	1	1.000000	0.000000	0.000000
OTU_889_18S_3_200	OTU_3072_18S_3_200	1	ENV_Temperature	0.493623	0.000000	-0.493623	0.858142	3.000000	1.000000	0	0	1	1.000000	0.000000	0.000000
OTU_1906_18S_3_200	OTU_3072_18S_3_200	1	ENV_Temperature	0.356297	0.055073	-0.301223	0.216783	3.000000	1.000000	0	0	1	1.000000	0.000000	0.000000
OTU_1898_18S_3_200	OTU_3113_18S_3_200	1	ENV_Temperature	0.435861	0.083954	-0.351907	0.786214	3.000000	1.000000	0	0	1	1.000000	0.000000	0.000000
OTU_2270_18S_022_3	OTU_2758_18S_3_200	1	ENV_Temperature	0.519532	0.000000	-0.519532	1.000000	3.000000	1.000000	0	0	1	1.000000	0.000000	0.000000
OTU_683_18S_3_200	OTU_3167_18S_3_200	1	ENV_Temperature	0.416375	0.067060	-0.349315	0.358641	3.000000	1.000000	0	0	1	1.000000	0.000000	0.000000
OTU_994_18S_3_200	OTU_3167_18S_3_200	1	ENV_Temperature	0.464086	0.000000	-0.464086	0.929071	3.000000	1.000000	0	0	1	1.000000	0.000000	0.000000
OTU_1408_18S_3_200	OTU_3167_18S_3_200	1	ENV_Temperature	0.577294	0.201180	-0.376114	0.071928	3.000000	1.000000	0	0	1	1.000000	0.000000	0.000000
ASV_42_16S_022_3	OTU_3190_18S_3_200	1	ENV_Temperature	0.356297	0.000000	-0.356297	0.713287	3.000000	1.000000	0	0	1	1.000000	0.000000	0.000000
ASV_2181_16S_022_3	OTU_3190_18S_3_200	1	ENV_Temperature	0.461770	0.000000	-0.461770	1.000000	3.000000	1.000000	0	0	1	1.000000	0.000000	0.000000
OTU_1562_18S_3_200	OTU_3190_18S_3_200	1	ENV_Temperature	0.390466	0.000000	-0.390466	0.786214	3.000000	1.000000	0	0	1	1.000000	0.000000	0.000000
OTU_2309_18S_022_3	OTU_3083_18S_3_200	1	ENV_Temperature	0.276732	0.055073	-0.221659	0.572428	3.000000	1.000000	0	0	1	1.000000	0.000000	0.000000
OTU_1374_18S_3_200	OTU_3083_18S_3_200	1	ENV_Temperature	0.356297	0.055073	-0.301223	0.000999	3.000000	1.000000	0	0	1	1.000000	0.000000	0.000000
OTU_671_18S_3_200	OTU_3206_18S_3_200	1	ENV_Temperature	0.625005	0.165034	-0.459971	0.572428	3.000000	1.000000	0	0	1	1.000000	0.000000	0.000000
OTU_1399_18S_3_200	OTU_3206_18S_3_200	1	ENV_Temperature	0.625005	0.119258	-0.505747	0.571429	3.000000	1.000000	0	0	1	1.000000	0.000000	0.000000
OTU_1252_18S_3_200	OTU_3210_18S_3_200	1	ENV_Temperature	0.576677	0.055073	-0.521604	0.000999	3.000000	1.000000	0	0	1	1.000000	0.000000	0.000000
OTU_2785_18S_3_200	OTU_3210_18S_3_200	1	ENV_Temperature	0.483572	0.000000	-0.483572	0.857143	3.000000	1.000000	0	0	1	1.000000	0.000000	0.000000
OTU_1353_18S_022_3	OTU_3225_18S_3_200	1	ENV_Temperature	0.681296	0.149313	-0.531983	0.215784	3.000000	1.000000	0	0	1	1.000000	0.000000	0.000000
ASV_376_16S_022_3	OTU_3255_18S_3_200	1	ENV_Temperature	0.334495	0.000000	-0.334495	0.786214	3.000000	1.000000	0	0	1	1.000000	0.000000	0.000000
OTU_1902_18S_022_3	OTU_3255_18S_3_200	1	ENV_Temperature	0.519532	0.000000	-0.519532	1.000000	3.000000	1.000000	0	0	1	1.000000	0.000000	0.000000
OTU_2459_18S_3_200	OTU_3255_18S_3_200	1	ENV_Temperature	0.497730	0.083954	-0.413776	0.144855	3.000000	1.000000	0	0	1	1.000000	0.000000	0.000000
OTU_2649_18S_3_200	OTU_3255_18S_3_200	1	ENV_Temperature	0.497730	0.000000	-0.497730	0.787213	3.000000	1.000000	0	0	1	1.000000	0.000000	0.000000
OTU_1629_18S_022_3	OTU_3261_18S_3_200	1	ENV_Temperature	0.519532	0.000000	-0.519532	1.000000	3.000000	1.000000	0	0	1	1.000000	0.000000	0.000000
OTU_2020_18S_3_200	OTU_3261_18S_3_200	1	ENV_Temperature	0.519532	0.000000	-0.519532	1.000000	3.000000	1.000000	0	0	1	1.000000	0.000000	0.000000
ASV_1631_16S_022_3	OTU_3269_18S_3_200	1	ENV_Temperature	0.493623	-0.081080	-0.574703	0.071928	3.000000	1.000000	0	0	1	1.000000	0.000000	0.000000
OTU_430_18S_3_200	OTU_3269_18S_3_200	1	ENV_Temperature	0.461770	0.000000	-0.461770	1.000000	3.000000	1.000000	0	0	1	1.000000	0.000000	0.000000
OTU_477_18S_3_200	OTU_3269_18S_3_200	1	ENV_Temperature	0.414059	0.000000	-0.414059	1.000000	3.000000	1.000000	0	0	1	1.000000	0.000000	0.000000
OTU_3210_18S_3_200	OTU_3269_18S_3_200	1	ENV_Temperature	0.425809	0.000000	-0.425809	1.000000	3.000000	1.000000	0	0	1	1.000000	0.000000	0.000000
OTU_2466_18S_3_200	OTU_3295_18S_3_200	1	ENV_Temperature	0.435861	0.081080	-0.354781	0.787213	3.000000	1.000000	0	0	1	1.000000	0.000000	0.000000
OTU_2418_18S_3_200	OTU_3295_18S_3_200	1	ENV_Temperature	0.519532	0.277869	-0.241663	0.858142	3.000000	1.000000	0	0	1	1.000000	0.000000	0.000000
OTU_3206_18S_3_200	OTU_3295_18S_3_200	1	ENV_Temperature	0.577294	0.167909	-0.409386	0.572428	3.000000	1.000000	0	0	1	1.000000	0.000000	0.000000
OTU_1346_18S_022_3	OTU_3223_18S_3_200	1	ENV_Temperature	0.466538	0.000000	-0.466538	0.858142	3.000000	1.000000	0	0	1	1.000000	0.000000	0.000000
OTU_1557_18S_3_200	OTU_3223_18S_3_200	1	ENV_Temperature	0.567243	0.000000	-0.567243	1.000000	3.000000	1.000000	0	0	1	1.000000	0.000000	0.000000
ASV_287_16S_022_3	OTU_3338_18S_3_200	1	ENV_Temperature	0.541334	0.083954	-0.457380	0.571429	3.000000	1.000000	0	0	1	1.000000	0.000000	0.000000
OTU_330_18S_022_3	OTU_3338_18S_3_200	1	ENV_Temperature	0.356297	0.000000	-0.356297	0.928072	3.000000	1.000000	0	0	1	1.000000	0.000000	0.000000
OTU_480_18S_3_200	OTU_3338_18S_3_200	1	ENV_Temperature	0.353889	0.000000	-0.353889	1.000000	3.000000	1.000000	0	0	1	1.000000	0.000000	0.000000
OTU_1767_18S_3_200	OTU_2812_18S_3_200	1	ENV_Temperature	0.441852	0.149313	-0.292539	0.786214	3.000000	1.000000	0	0	1	1.000000	0.000000	0.000000
OTU_1728_18S_3_200	OTU_2812_18S_3_200	1	ENV_Temperature	0.599096	0.052198	-0.546898	0.642358	3.000000	1.000000	0	0	1	1.000000	0.000000	0.000000
OTU_3210_18S_3_200	OTU_2812_18S_3_200	1	ENV_Temperature	0.589045	0.112835	-0.476209	0.857143	3.000000	1.000000	0	0	1	1.000000	0.000000	0.000000
ASV_363_16S_022_3	OTU_3386_18S_3_200	1	ENV_Temperature	0.356297	0.000000	-0.356297	1.000000	3.000000	1.000000	0	0	1	1.000000	0.000000	0.000000
OTU_86_18S_3_200	OTU_3386_18S_3_200	1	ENV_Temperature	0.356297	0.000000	-0.356297	1.000000	3.000000	1.000000	0	0	1	1.000000	0.000000	0.000000
OTU_288_18S_3_200	OTU_3386_18S_3_200	1	ENV_Temperature	0.458885	0.000000	-0.458885	1.000000	3.000000	1.000000	0	0	1	1.000000	0.000000	0.000000
OTU_477_18S_3_200	OTU_3386_18S_3_200	1	ENV_Temperature	0.519532	0.000000	-0.519532	1.000000	3.000000	1.000000	0	0	1	1.000000	0.000000	0.000000
OTU_2041_18S_3_200	OTU_3386_18S_3_200	1	ENV_Temperature	0.461770	0.000000	-0.461770	1.000000	3.000000	1.000000	0	0	1	1.000000	0.000000	0.000000
OTU_1611_18S_022_3	OTU_3160_18S_3_200	1	ENV_Temperature	0.541334	0.000000	-0.541334	1.000000	3.000000	1.000000	0	0	1	1.000000	0.000000	0.000000
OTU_228_18S_3_200	OTU_3160_18S_3_200	1	ENV_Temperature	0.519532	0.000000	-0.519532	1.000000	3.000000	1.000000	0	0	1	1.000000	0.000000	0.000000
ASV_1065_16S_022_3	OTU_3422_18S_3_200	1	ENV_Temperature	0.444736	0.061036	-0.383700	0.715285	3.000000	1.000000	0	0	1	1.000000	0.000000	0.000000
ASV_1587_16S_022_3	OTU_3422_18S_3_200	1	ENV_Temperature	0.545441	0.000000	-0.545441	1.000000	3.000000	1.000000	0	0	1	1.000000	0.000000	0.000000
OTU_1355_18S_3_200	OTU_3422_18S_3_200	1	ENV_Temperature	0.603203	0.332942	-0.270261	0.571429	3.000000	1.000000	0	0	1	1.000000	0.000000	0.000000
OTU_2308_18S_3_200	OTU_3422_18S_3_200	1	ENV_Temperature	0.519532	0.000000	-0.519532	0.928072	3.000000	1.000000	0	0	1	1.000000	0.000000	0.000000
OTU_1318_18S_3_200	OTU_3389_18S_3_200	1	ENV_Temperature	0.577294	0.083954	-0.493340	0.429570	3.000000	1.000000	0	0	1	1.000000	0.000000	0.000000
OTU_1532_18S_3_200	OTU_3389_18S_3_200	1	ENV_Temperature	0.414059	0.000000	-0.414059	1.000000	3.000000	1.000000	0	0	1	1.000000	0.000000	0.000000
OTU_2649_18S_3_200	OTU_2998_18S_3_200	1	ENV_Temperature	0.646807	0.083954	-0.562853	0.215784	3.000000	1.000000	0	0	1	1.000000	0.000000	0.000000
OTU_353_18S_3_200	OTU_3342_18S_3_200	1	ENV_Temperature	0.630605	0.349366	-0.281239	0.357642	3.000000	1.000000	0	0	1	1.000000	0.000000	0.000000
OTU_568_18S_3_200	OTU_3342_18S_3_200	1	ENV_Temperature	0.734761	0.000000	-0.734761	1.000000	3.000000	1.000000	0	0	1	1.000000	0.000000	0.000000
OTU_1463_18S_3_200	OTU_3342_18S_3_200	1	ENV_Temperature	0.529528	0.050683	-0.478844	0.000999	3.000000	1.000000	0	0	1	1.000000	0.000000	0.000000
OTU_711_18S_022_3	OTU_2303_18S_3_200	1	ENV_Temperature	0.519532	0.136153	-0.383379	0.786214	3.000000	1.000000	0	0	1	1.000000	0.000000	0.000000
OTU_606_18S_3_200	OTU_2303_18S_3_200	1	ENV_Temperature	0.356297	0.038179	-0.318118	0.143856	3.000000	1.000000	0	0	1	1.000000	0.000000	0.000000
ASV_1387_16S_022_3	OTU_3314_18S_3_200	1	ENV_Temperature	0.461770	0.000000	-0.461770	1.000000	3.000000	1.000000	0	0	1	1.000000	0.000000	0.000000
OTU_391_18S_022_3	OTU_3314_18S_3_200	1	ENV_Temperature	0.336811	-0.081080	-0.417890	0.214785	3.000000	1.000000	0	0	1	1.000000	0.000000	0.000000
OTU_1421_18S_022_3	OTU_3314_18S_3_200	1	ENV_Temperature	0.437083	0.000000	-0.437083	0.929071	3.000000	1.000000	0	0	1	1.000000	0.000000	0.000000
OTU_422_18S_3_200	OTU_3454_18S_3_200	1	ENV_Temperature	0.775481	0.000000	-0.775481	0.642358	3.000000	1.000000	0	0	1	1.000000	0.000000	0.000000
OTU_902_18S_3_200	OTU_3454_18S_3_200	1	ENV_Temperature	0.869203	0.083954	-0.785249	0.000999	3.000000	1.000000	0	0	1	1.000000	0.000000	0.000000
OTU_403_18S_3_200	OTU_3603_18S_3_200	1	ENV_Temperature	0.509481	0.067060	-0.442421	0.285714	3.000000	1.000000	0	0	1	1.000000	0.000000	0.000000
OTU_1263_18S_3_200	OTU_3603_18S_3_200	1	ENV_Temperature	0.612638	0.000000	-0.612638	1.000000	3.000000	1.000000	0	0	1	1.000000	0.000000	0.000000
OTU_2615_18S_3_200	OTU_3603_18S_3_200	1	ENV_Temperature	0.531283	0.134120	-0.397163	0.285714	3.000000	1.000000	0	0	1	1.000000	0.000000	0.000000
OTU_3295_18S_3_200	OTU_3603_18S_3_200	1	ENV_Temperature	0.483572	0.067060	-0.416512	0.572428	3.000000	1.000000	0	0	1	1.000000	0.000000	0.000000
ASV_2186_16S_022_3	OTU_3606_18S_3_200	1	ENV_Temperature	0.379321	0.000000	-0.379321	1.000000	3.000000	1.000000	0	0	1	1.000000	0.000000	0.000000
OTU_110_18S_022_3	OTU_3606_18S_3_200	1	ENV_Temperature	0.311160	0.545777	0.234617	nan	3.000000	1.000000	0	0	1	1.000000	0.000000	0.000000
OTU_534_18S_022_3	OTU_3606_18S_3_200	1	ENV_Temperature	0.472427	0.250680	-0.221747	0.715285	3.000000	1.000000	0	0	1	1.000000	0.000000	0.000000
OTU_505_18S_3_200	OTU_3606_18S_3_200	1	ENV_Temperature	0.486585	0.228878	-0.257708	0.286713	3.000000	1.000000	0	0	1	1.000000	0.000000	0.000000
OTU_1358_18S_3_200	OTU_3655_18S_3_200	1	ENV_Temperature	0.356297	0.038179	-0.318118	0.000999	3.000000	1.000000	0	0	1	1.000000	0.000000	0.000000
OTU_568_18S_3_200	OTU_3448_18S_3_200	1	ENV_Temperature	0.429916	0.000000	-0.429916	1.000000	3.000000	1.000000	0	0	1	1.000000	0.000000	0.000000
OTU_1592_18S_3_200	OTU_3448_18S_3_200	1	ENV_Temperature	0.625005	0.067060	-0.557945	0.000999	3.000000	1.000000	0	0	1	1.000000	0.000000	0.000000
OTU_1576_18S_3_200	OTU_3382_18S_3_200	1	ENV_Temperature	0.437083	0.110146	-0.326937	0.429570	3.000000	1.000000	0	0	1	1.000000	0.000000	0.000000
OTU_1111_18S_3_200	OTU_3704_18S_3_200	1	ENV_Temperature	0.550499	0.052198	-0.498301	0.857143	3.000000	1.000000	0	0	1	1.000000	0.000000	0.000000
OTU_2009_18S_3_200	OTU_3704_18S_3_200	1	ENV_Temperature	0.593441	0.196790	-0.396652	0.857143	3.000000	1.000000	0	0	1	1.000000	0.000000	0.000000
OTU_3206_18S_3_200	OTU_3738_18S_3_200	1	ENV_Temperature	0.660965	0.083954	-0.577011	0.071928	3.000000	1.000000	0	0	1	1.000000	0.000000	0.000000
OTU_3295_18S_3_200	OTU_3738_18S_3_200	1	ENV_Temperature	0.519532	0.193915	-0.325617	0.857143	3.000000	1.000000	0	0	1	1.000000	0.000000	0.000000
ASV_61_16S_022_3	OTU_3755_18S_3_200	1	ENV_Temperature	0.461770	0.067060	-0.394710	0.142857	3.000000	1.000000	0	0	1	1.000000	0.000000	0.000000
ASV_1534_16S_022_3	OTU_3773_18S_3_200	1	ENV_Temperature	0.461770	0.000000	-0.461770	1.000000	3.000000	1.000000	0	0	1	1.000000	0.000000	0.000000
OTU_1213_18S_022_3	OTU_3773_18S_3_200	1	ENV_Temperature	0.493623	0.000000	-0.493623	1.000000	3.000000	1.000000	0	0	1	1.000000	0.000000	0.000000
OTU_379_18S_3_200	OTU_3773_18S_3_200	1	ENV_Temperature	0.438177	0.000000	-0.438177	0.857143	3.000000	1.000000	0	0	1	1.000000	0.000000	0.000000
ASV_2226_16S_022_3	OTU_3782_18S_3_200	1	ENV_Temperature	0.356297	0.000000	-0.356297	1.000000	3.000000	1.000000	0	0	1	1.000000	0.000000	0.000000
OTU_2958_18S_022_3	OTU_3782_18S_3_200	1	ENV_Temperature	0.356297	0.000000	-0.356297	1.000000	3.000000	1.000000	0	0	1	1.000000	0.000000	0.000000
OTU_2020_18S_3_200	OTU_3782_18S_3_200	1	ENV_Temperature	0.435861	0.000000	-0.435861	1.000000	3.000000	1.000000	0	0	1	1.000000	0.000000	0.000000
OTU_2905_18S_3_200	OTU_3563_18S_3_200	1	ENV_Temperature	0.425809	0.110146	-0.315663	0.071928	3.000000	1.000000	0	0	1	1.000000	0.000000	0.000000
OTU_3490_18S_3_200	OTU_3563_18S_3_200	1	ENV_Temperature	0.599096	0.167909	-0.431188	0.071928	3.000000	1.000000	0	0	1	1.000000	0.000000	0.000000
ASV_888_16S_3_200	OTU_3811_18S_3_200	1	ENV_Temperature	0.519532	0.000000	-0.519532	0.429570	3.000000	1.000000	0	0	1	1.000000	0.000000	0.000000
OTU_3072_18S_3_200	OTU_3811_18S_3_200	1	ENV_Temperature	0.435861	0.081080	-0.354781	0.644356	3.000000	1.000000	0	0	1	1.000000	0.000000	0.000000
OTU_3160_18S_3_200	OTU_3811_18S_3_200	1	ENV_Temperature	0.435861	0.000000	-0.435861	1.000000	3.000000	1.000000	0	0	1	1.000000	0.000000	0.000000
OTU_1386_18S_022_3	OTU_3823_18S_3_200	1	ENV_Temperature	0.543650	0.165034	-0.378616	0.715285	3.000000	1.000000	0	0	1	1.000000	0.000000	0.000000
OTU_1431_18S_3_200	OTU_3823_18S_3_200	1	ENV_Temperature	0.543650	0.000000	-0.543650	0.285714	3.000000	1.000000	0	0	1	1.000000	0.000000	0.000000
ASV_466_16S_022_3	OTU_3625_18S_3_200	1	ENV_Temperature	0.541548	0.187518	-0.354030	0.214785	3.000000	1.000000	0	0	1	1.000000	0.000000	0.000000
OTU_1940_18S_3_200	OTU_3944_18S_3_200	1	ENV_Temperature	0.519532	0.052198	-0.467333	0.571429	3.000000	1.000000	0	0	1	1.000000	0.000000	0.000000
OTU_3023_18S_3_200	OTU_3944_18S_3_200	1	ENV_Temperature	0.414059	0.000000	-0.414059	0.928072	3.000000	1.000000	0	0	1	1.000000	0.000000	0.000000
ASV_1401_16S_022_3	OTU_3348_18S_3_200	1	ENV_Temperature	0.435861	0.000000	-0.435861	1.000000	3.000000	1.000000	0	0	1	1.000000	0.000000	0.000000
OTU_1335_18S_3_200	OTU_3348_18S_3_200	1	ENV_Temperature	0.483572	0.067060	-0.416512	0.143856	3.000000	1.000000	0	0	1	1.000000	0.000000	0.000000
OTU_3255_18S_3_200	OTU_3348_18S_3_200	1	ENV_Temperature	0.519532	0.000000	-0.519532	1.000000	3.000000	1.000000	0	0	1	1.000000	0.000000	0.000000
ASV_1067_16S_3_200	OTU_3774_18S_3_200	1	ENV_Temperature	0.484794	-0.106873	-0.591667	0.071928	3.000000	1.000000	0	0	1	1.000000	0.000000	0.000000
ASV_1201_16S_3_200	OTU_3774_18S_3_200	1	ENV_Temperature	0.552608	-0.106873	-0.659481	0.071928	3.000000	1.000000	0	0	1	1.000000	0.000000	0.000000
OTU_146_18S_3_200	OTU_3994_18S_3_200	1	ENV_Temperature	0.488340	0.081080	-0.407260	0.572428	3.000000	1.000000	0	0	1	1.000000	0.000000	0.000000
OTU_1399_18S_3_200	OTU_3994_18S_3_200	1	ENV_Temperature	0.589045	0.081080	-0.507965	0.715285	3.000000	1.000000	0	0	1	1.000000	0.000000	0.000000
OTU_1650_18S_3_200	OTU_3994_18S_3_200	1	ENV_Temperature	0.543650	0.083954	-0.459696	0.359640	3.000000	1.000000	0	0	1	1.000000	0.000000	0.000000
OTU_3782_18S_3_200	OTU_3994_18S_3_200	1	ENV_Temperature	0.599096	0.081080	-0.518017	0.857143	3.000000	1.000000	0	0	1	1.000000	0.000000	0.000000
OTU_3348_18S_3_200	OTU_3733_18S_3_200	1	ENV_Temperature	0.519532	0.083954	-0.435578	0.929071	3.000000	1.000000	0	0	1	1.000000	0.000000	0.000000
OTU_2375_18S_022_3	OTU_4002_18S_3_200	1	ENV_Temperature	0.599096	0.083954	-0.515142	0.000999	3.000000	1.000000	0	0	1	1.000000	0.000000	0.000000
OTU_1721_18S_3_200	OTU_4002_18S_3_200	1	ENV_Temperature	0.437083	0.055073	-0.382010	0.142857	3.000000	1.000000	0	0	1	1.000000	0.000000	0.000000
OTU_2420_18S_022_3	OTU_3532_18S_3_200	1	ENV_Temperature	0.519532	0.000000	-0.519532	1.000000	3.000000	1.000000	0	0	1	1.000000	0.000000	0.000000
OTU_2876_18S_022_3	OTU_3532_18S_3_200	1	ENV_Temperature	0.298534	0.000000	-0.298534	0.928072	3.000000	1.000000	0	0	1	1.000000	0.000000	0.000000
OTU_726_18S_3_200	OTU_3532_18S_3_200	1	ENV_Temperature	0.497730	0.000000	-0.497730	1.000000	3.000000	1.000000	0	0	1	1.000000	0.000000	0.000000
OTU_1898_18S_3_200	OTU_3532_18S_3_200	1	ENV_Temperature	0.414059	0.000000	-0.414059	0.857143	3.000000	1.000000	0	0	1	1.000000	0.000000	0.000000
OTU_768_18S_3_200	OTU_3624_18S_3_200	1	ENV_Temperature	0.519532	0.148140	-0.371392	0.715285	3.000000	1.000000	0	0	1	1.000000	0.000000	0.000000
OTU_1332_18S_3_200	OTU_3624_18S_3_200	1	ENV_Temperature	0.599096	0.193915	-0.405181	0.715285	3.000000	1.000000	0	0	1	1.000000	0.000000	0.000000
OTU_1397_18S_3_200	OTU_3624_18S_3_200	1	ENV_Temperature	0.519532	0.112835	-0.406697	0.715285	3.000000	1.000000	0	0	1	1.000000	0.000000	0.000000
OTU_199_18S_022_3	OTU_3744_18S_3_200	1	ENV_Temperature	0.451670	0.258942	-0.192728	0.287712	3.000000	1.000000	0	0	1	1.000000	0.000000	0.000000
OTU_307_18S_022_3	OTU_3744_18S_3_200	1	ENV_Temperature	0.568870	0.283951	-0.284919	0.358641	3.000000	1.000000	0	0	1	1.000000	0.000000	0.000000
OTU_2508_18S_3_200	OTU_3744_18S_3_200	1	ENV_Temperature	0.530074	1.514756	0.984682	nan	3.000000	1.000000	0	0	1	1.000000	0.000000	0.000000
OTU_257_18S_3_200	OTU_3877_18S_3_200	1	ENV_Temperature	0.865697	1.666429	0.800733	nan	3.000000	1.000000	0	0	1	1.000000	0.000000	0.000000
OTU_387_18S_3_200	OTU_3877_18S_3_200	1	ENV_Temperature	0.526046	-0.005564	-0.531610	0.356643	3.000000	1.000000	0	0	1	1.000000	0.000000	0.000000
OTU_1332_18S_3_200	OTU_4181_18S_3_200	1	ENV_Temperature	0.656858	0.081080	-0.575779	0.571429	3.000000	1.000000	0	0	1	1.000000	0.000000	0.000000
OTU_1968_18S_3_200	OTU_4181_18S_3_200	1	ENV_Temperature	0.656858	0.000000	-0.656858	1.000000	3.000000	1.000000	0	0	1	1.000000	0.000000	0.000000
OTU_938_18S_022_3	OTU_4249_18S_3_200	1	ENV_Temperature	0.807726	0.000000	-0.807726	0.857143	3.000000	1.000000	0	0	1	1.000000	0.000000	0.000000
OTU_2876_18S_022_3	OTU_4249_18S_3_200	1	ENV_Temperature	0.541334	0.081080	-0.460254	0.786214	3.000000	1.000000	0	0	1	1.000000	0.000000	0.000000
OTU_2133_18S_3_200	OTU_4249_18S_3_200	1	ENV_Temperature	0.749964	0.083954	-0.666010	0.572428	3.000000	1.000000	0	0	1	1.000000	0.000000	0.000000
OTU_2727_18S_3_200	OTU_4249_18S_3_200	1	ENV_Temperature	0.461770	0.000000	-0.461770	1.000000	3.000000	1.000000	0	0	1	1.000000	0.000000	0.000000
OTU_2040_18S_022_3	OTU_4075_18S_3_200	1	ENV_Temperature	0.378099	0.000000	-0.378099	1.000000	3.000000	1.000000	0	0	1	1.000000	0.000000	0.000000
OTU_741_18S_3_200	OTU_4075_18S_3_200	1	ENV_Temperature	0.519532	0.000000	-0.519532	1.000000	3.000000	1.000000	0	0	1	1.000000	0.000000	0.000000
OTU_1394_18S_3_200	OTU_4075_18S_3_200	1	ENV_Temperature	0.599096	0.000000	-0.599096	1.000000	3.000000	1.000000	0	0	1	1.000000	0.000000	0.000000
OTU_2020_18S_3_200	OTU_4075_18S_3_200	1	ENV_Temperature	0.378099	0.000000	-0.378099	1.000000	3.000000	1.000000	0	0	1	1.000000	0.000000	0.000000
ASV_1593_16S_022_3	OTU_4389_18S_3_200	1	ENV_Temperature	0.435861	0.000000	-0.435861	0.928072	3.000000	1.000000	0	0	1	1.000000	0.000000	0.000000
ASV_1720_16S_022_3	OTU_4389_18S_3_200	1	ENV_Temperature	0.656858	0.000000	-0.656858	1.000000	3.000000	1.000000	0	0	1	1.000000	0.000000	0.000000
OTU_363_18S_3_200	OTU_4389_18S_3_200	1	ENV_Temperature	0.439968	-0.036478	-0.476446	0.714286	3.000000	1.000000	0	0	1	1.000000	0.000000	0.000000
OTU_1334_18S_3_200	OTU_4389_18S_3_200	1	ENV_Temperature	0.483572	0.083954	-0.399617	0.429570	3.000000	1.000000	0	0	1	1.000000	0.000000	0.000000
ASV_663_16S_3_200	OTU_3933_18S_3_200	1	ENV_Temperature	0.483572	0.052198	-0.431373	0.572428	3.000000	1.000000	0	0	1	1.000000	0.000000	0.000000
ASV_1138_16S_3_200	OTU_3933_18S_3_200	1	ENV_Temperature	0.368047	0.052198	-0.315849	0.786214	3.000000	1.000000	0	0	1	1.000000	0.000000	0.000000
OTU_2501_18S_022_3	OTU_4115_18S_3_200	1	ENV_Temperature	0.521848	0.165034	-0.356814	0.714286	3.000000	1.000000	0	0	1	1.000000	0.000000	0.000000
OTU_2394_18S_3_200	OTU_4115_18S_3_200	1	ENV_Temperature	0.589045	0.000000	-0.589045	0.785215	3.000000	1.000000	0	0	1	1.000000	0.000000	0.000000
OTU_2712_18S_3_200	OTU_4115_18S_3_200	1	ENV_Temperature	0.464086	0.277869	-0.186216	0.786214	3.000000	1.000000	0	0	1	1.000000	0.000000	0.000000
OTU_391_18S_3_200	OTU_4500_18S_3_200	1	ENV_Temperature	0.599096	0.000000	-0.599096	1.000000	3.000000	1.000000	0	0	1	1.000000	0.000000	0.000000
OTU_1706_18S_3_200	OTU_4500_18S_3_200	1	ENV_Temperature	0.435861	0.000000	-0.435861	1.000000	3.000000	1.000000	0	0	1	1.000000	0.000000	0.000000
OTU_3023_18S_3_200	OTU_4500_18S_3_200	1	ENV_Temperature	0.493623	0.000000	-0.493623	1.000000	3.000000	1.000000	0	0	1	1.000000	0.000000	0.000000
OTU_1629_18S_022_3	OTU_4260_18S_3_200	1	ENV_Temperature	0.704569	0.000000	-0.704569	1.000000	3.000000	1.000000	0	0	1	1.000000	0.000000	0.000000
OTU_621_18S_3_200	OTU_4260_18S_3_200	1	ENV_Temperature	0.380415	0.000000	-0.380415	0.857143	3.000000	1.000000	0	0	1	1.000000	0.000000	0.000000
ASV_1636_16S_022_3	OTU_3576_18S_3_200	1	ENV_Temperature	0.495939	0.000000	-0.495939	0.857143	3.000000	1.000000	0	0	1	1.000000	0.000000	0.000000
OTU_989_18S_3_200	OTU_3576_18S_3_200	1	ENV_Temperature	0.656858	0.000000	-0.656858	1.000000	3.000000	1.000000	0	0	1	1.000000	0.000000	0.000000
OTU_1106_18S_3_200	OTU_3576_18S_3_200	1	ENV_Temperature	0.435861	0.000000	-0.435861	0.857143	3.000000	1.000000	0	0	1	1.000000	0.000000	0.000000
OTU_1219_18S_3_200	OTU_3576_18S_3_200	1	ENV_Temperature	0.599096	0.112835	-0.486261	0.714286	3.000000	1.000000	0	0	1	1.000000	0.000000	0.000000
OTU_3068_18S_3_200	OTU_3576_18S_3_200	1	ENV_Temperature	0.435861	0.000000	-0.435861	1.000000	3.000000	1.000000	0	0	1	1.000000	0.000000	0.000000
ASV_764_16S_022_3	OTU_4154_18S_3_200	1	ENV_Temperature	0.599096	0.000000	-0.599096	1.000000	3.000000	1.000000	0	0	1	1.000000	0.000000	0.000000
ASV_1125_16S_022_3	OTU_4154_18S_3_200	1	ENV_Temperature	0.625005	0.000000	-0.625005	0.929071	3.000000	1.000000	0	0	1	1.000000	0.000000	0.000000
ASV_1310_16S_022_3	OTU_4154_18S_3_200	1	ENV_Temperature	0.461770	0.000000	-0.461770	0.929071	3.000000	1.000000	0	0	1	1.000000	0.000000	0.000000
OTU_102_18S_3_200	OTU_4154_18S_3_200	1	ENV_Temperature	0.519532	0.000000	-0.519532	1.000000	3.000000	1.000000	0	0	1	1.000000	0.000000	0.000000
OTU_797_18S_3_200	OTU_4154_18S_3_200	1	ENV_Temperature	0.567243	0.000000	-0.567243	0.929071	3.000000	1.000000	0	0	1	1.000000	0.000000	0.000000
OTU_1345_18S_3_200	OTU_4154_18S_3_200	1	ENV_Temperature	0.485888	0.000000	-0.485888	1.000000	3.000000	1.000000	0	0	1	1.000000	0.000000	0.000000
OTU_1354_18S_3_200	OTU_4135_18S_3_200	1	ENV_Temperature	0.599096	0.000000	-0.599096	0.928072	3.000000	1.000000	0	0	1	1.000000	0.000000	0.000000
OTU_2242_18S_3_200	OTU_4135_18S_3_200	1	ENV_Temperature	0.599096	0.000000	-0.599096	1.000000	3.000000	1.000000	0	0	1	1.000000	0.000000	0.000000
ASV_211_16S_022_3	OTU_4921_18S_3_200	1	ENV_Temperature	0.473506	0.418900	-0.054606	0.858142	3.000000	1.000000	0	0	1	1.000000	0.000000	0.000000
OTU_2234_18S_022_3	OTU_4921_18S_3_200	1	ENV_Temperature	0.414059	-0.178194	-0.592253	0.857143	3.000000	1.000000	0	0	1	1.000000	0.000000	0.000000
OTU_899_18S_3_200	OTU_4921_18S_3_200	1	ENV_Temperature	0.404007	0.165034	-0.238974	0.858142	3.000000	1.000000	0	0	1	1.000000	0.000000	0.000000
OTU_1332_18S_022_3	OTU_4934_18S_3_200	1	ENV_Temperature	0.577294	0.000000	-0.577294	1.000000	3.000000	1.000000	0	0	1	1.000000	0.000000	0.000000
OTU_1576_18S_3_200	OTU_4934_18S_3_200	1	ENV_Temperature	0.542557	0.000000	-0.542557	1.000000	3.000000	1.000000	0	0	1	1.000000	0.000000	0.000000
OTU_2433_18S_3_200	OTU_4934_18S_3_200	1	ENV_Temperature	0.519532	0.081080	-0.438452	0.857143	3.000000	1.000000	0	0	1	1.000000	0.000000	0.000000
OTU_1281_18S_3_200	OTU_4876_18S_3_200	1	ENV_Temperature	0.771105	0.165219	-0.605885	0.000999	3.000000	1.000000	0	0	1	1.000000	0.000000	0.000000
OTU_2069_18S_3_200	OTU_4876_18S_3_200	1	ENV_Temperature	0.531283	0.000000	-0.531283	1.000000	3.000000	1.000000	0	0	1	1.000000	0.000000	0.000000
OTU_2876_18S_3_200	OTU_4876_18S_3_200	1	ENV_Temperature	0.509481	0.026192	-0.483288	0.286713	3.000000	1.000000	0	0	1	1.000000	0.000000	0.000000
OTU_2382_18S_022_3	OTU_4463_18S_3_200	1	ENV_Temperature	0.378099	0.052198	-0.325900	0.929071	3.000000	1.000000	0	0	1	1.000000	0.000000	0.000000
OTU_3933_18S_3_200	OTU_4463_18S_3_200	1	ENV_Temperature	0.378099	0.023317	-0.354781	0.643357	3.000000	1.000000	0	0	1	1.000000	0.000000	0.000000
OTU_1304_18S_022_3	OTU_4276_18S_3_200	1	ENV_Temperature	0.704569	0.000000	-0.704569	0.284715	3.000000	1.000000	0	0	1	1.000000	0.000000	0.000000
ASV_669_16S_3_200	OTU_4276_18S_3_200	1	ENV_Temperature	0.509481	0.000000	-0.509481	1.000000	3.000000	1.000000	0	0	1	1.000000	0.000000	0.000000
OTU_1405_18S_3_200	OTU_4276_18S_3_200	1	ENV_Temperature	0.656858	0.000000	-0.656858	0.571429	3.000000	1.000000	0	0	1	1.000000	0.000000	0.000000
OTU_2033_18S_3_200	OTU_4276_18S_3_200	1	ENV_Temperature	0.519532	0.000000	-0.519532	0.929071	3.000000	1.000000	0	0	1	1.000000	0.000000	0.000000
OTU_2242_18S_3_200	OTU_4276_18S_3_200	1	ENV_Temperature	0.599096	0.083954	-0.515142	0.500500	3.000000	1.000000	0	0	1	1.000000	0.000000	0.000000
OTU_2295_18S_3_200	OTU_4276_18S_3_200	1	ENV_Temperature	0.682767	0.083954	-0.598813	0.357642	3.000000	1.000000	0	0	1	1.000000	0.000000	0.000000
OTU_4249_18S_3_200	OTU_4276_18S_3_200	1	ENV_Temperature	0.762332	0.112835	-0.649496	0.572428	3.000000	1.000000	0	0	1	1.000000	0.000000	0.000000
OTU_62_18S_3_200	OTU_4392_18S_3_200	1	ENV_Temperature	0.377212	0.067060	-0.310152	0.500500	3.000000	1.000000	0	0	1	1.000000	0.000000	0.000000
OTU_1121_18S_3_200	OTU_4392_18S_3_200	1	ENV_Temperature	0.569695	0.000000	-0.569695	1.000000	3.000000	1.000000	0	0	1	1.000000	0.000000	0.000000
OTU_1394_18S_3_200	OTU_4392_18S_3_200	1	ENV_Temperature	0.599096	0.112835	-0.486261	0.643357	3.000000	1.000000	0	0	1	1.000000	0.000000	0.000000
OTU_2394_18S_3_200	OTU_4392_18S_3_200	1	ENV_Temperature	0.594103	0.000000	-0.594103	0.928072	3.000000	1.000000	0	0	1	1.000000	0.000000	0.000000
OTU_741_18S_3_200	OTU_5301_18S_3_200	1	ENV_Temperature	0.461770	0.000000	-0.461770	1.000000	3.000000	1.000000	0	0	1	1.000000	0.000000	0.000000
OTU_1105_18S_3_200	OTU_5301_18S_3_200	1	ENV_Temperature	0.483572	0.067060	-0.416512	0.787213	3.000000	1.000000	0	0	1	1.000000	0.000000	0.000000
OTU_1532_18S_3_200	OTU_5301_18S_3_200	1	ENV_Temperature	0.414059	0.000000	-0.414059	1.000000	3.000000	1.000000	0	0	1	1.000000	0.000000	0.000000
ASV_376_16S_022_3	OTU_5536_18S_3_200	1	ENV_Temperature	0.577294	0.134120	-0.443174	0.072927	3.000000	1.000000	0	0	1	1.000000	0.000000	0.000000
OTU_2303_18S_3_200	OTU_5536_18S_3_200	1	ENV_Temperature	0.493623	0.167909	-0.325715	0.072927	3.000000	1.000000	0	0	1	1.000000	0.000000	0.000000
OTU_866_18S_3_200	OTU_5527_18S_3_200	1	ENV_Temperature	0.519532	0.052198	-0.467333	0.501499	3.000000	1.000000	0	0	1	1.000000	0.000000	0.000000
OTU_4934_18S_3_200	OTU_5527_18S_3_200	1	ENV_Temperature	0.439968	0.052198	-0.387769	0.644356	3.000000	1.000000	0	0	1	1.000000	0.000000	0.000000
OTU_378_18S_022_3	OTU_5560_18S_3_200	1	ENV_Temperature	0.437083	0.055073	-0.382010	0.571429	3.000000	1.000000	0	0	1	1.000000	0.000000	0.000000
OTU_1948_18S_3_200	OTU_5560_18S_3_200	1	ENV_Temperature	0.599096	0.000000	-0.599096	0.929071	3.000000	1.000000	0	0	1	1.000000	0.000000	0.000000
OTU_3261_18S_3_200	OTU_5560_18S_3_200	1	ENV_Temperature	0.356297	0.000000	-0.356297	1.000000	3.000000	1.000000	0	0	1	1.000000	0.000000	0.000000
ASV_1042_16S_022_3	OTU_5090_18S_3_200	1	ENV_Temperature	0.648598	0.067060	-0.581538	0.000999	3.000000	1.000000	0	0	1	1.000000	0.000000	0.000000
ASV_1076_16S_022_3	OTU_5090_18S_3_200	1	ENV_Temperature	0.587951	-0.035304	-0.623255	0.071928	3.000000	1.000000	0	0	1	1.000000	0.000000	0.000000
OTU_698_18S_3_200	OTU_5090_18S_3_200	1	ENV_Temperature	0.670400	0.112835	-0.557564	0.500500	3.000000	1.000000	0	0	1	1.000000	0.000000	0.000000
OTU_2342_18S_3_200	OTU_5090_18S_3_200	1	ENV_Temperature	0.545009	0.000000	-0.545009	0.356643	3.000000	1.000000	0	0	1	1.000000	0.000000	0.000000
OTU_938_18S_022_3	OTU_5666_18S_3_200	1	ENV_Temperature	0.682767	0.167909	-0.514859	0.500500	3.000000	1.000000	0	0	1	1.000000	0.000000	0.000000
OTU_960_18S_3_200	OTU_5666_18S_3_200	1	ENV_Temperature	0.462992	0.000000	-0.462992	1.000000	3.000000	1.000000	0	0	1	1.000000	0.000000	0.000000
OTU_1354_18S_3_200	OTU_5666_18S_3_200	1	ENV_Temperature	0.519532	0.000000	-0.519532	0.928072	3.000000	1.000000	0	0	1	1.000000	0.000000	0.000000
OTU_1682_18S_022_3	OTU_5822_18S_3_200	1	ENV_Temperature	0.378099	0.000000	-0.378099	1.000000	3.000000	1.000000	0	0	1	1.000000	0.000000	0.000000
OTU_1940_18S_3_200	OTU_5822_18S_3_200	1	ENV_Temperature	0.483572	0.000000	-0.483572	0.929071	3.000000	1.000000	0	0	1	1.000000	0.000000	0.000000
OTU_2179_18S_3_200	OTU_5822_18S_3_200	1	ENV_Temperature	0.519532	0.000000	-0.519532	1.000000	3.000000	1.000000	0	0	1	1.000000	0.000000	0.000000
OTU_2745_18S_3_200	OTU_5822_18S_3_200	1	ENV_Temperature	0.519532	0.000000	-0.519532	0.929071	3.000000	1.000000	0	0	1	1.000000	0.000000	0.000000
OTU_606_18S_3_200	OTU_5861_18S_3_200	1	ENV_Temperature	0.519532	0.067060	-0.452472	0.143856	3.000000	1.000000	0	0	1	1.000000	0.000000	0.000000
OTU_1732_18S_3_200	OTU_5861_18S_3_200	1	ENV_Temperature	0.416375	0.000000	-0.416375	0.714286	3.000000	1.000000	0	0	1	1.000000	0.000000	0.000000
OTU_2322_18S_3_200	OTU_5861_18S_3_200	1	ENV_Temperature	0.461770	0.000000	-0.461770	0.571429	3.000000	1.000000	0	0	1	1.000000	0.000000	0.000000
OTU_1706_18S_3_200	OTU_4651_18S_3_200	1	ENV_Temperature	0.493623	0.081080	-0.412544	0.643357	3.000000	1.000000	0	0	1	1.000000	0.000000	0.000000
OTU_1906_18S_3_200	OTU_4651_18S_3_200	1	ENV_Temperature	0.577294	0.083954	-0.493340	0.428571	3.000000	1.000000	0	0	1	1.000000	0.000000	0.000000
OTU_4500_18S_3_200	OTU_4651_18S_3_200	1	ENV_Temperature	0.656858	0.000000	-0.656858	1.000000	3.000000	1.000000	0	0	1	1.000000	0.000000	0.000000
ASV_781_16S_022_3	OTU_5966_18S_3_200	1	ENV_Temperature	0.378099	0.000000	-0.378099	0.643357	3.000000	1.000000	0	0	1	1.000000	0.000000	0.000000
OTU_2040_18S_022_3	OTU_5966_18S_3_200	1	ENV_Temperature	0.435861	0.055073	-0.380788	0.000999	3.000000	1.000000	0	0	1	1.000000	0.000000	0.000000
OTU_2033_18S_3_200	OTU_5966_18S_3_200	1	ENV_Temperature	0.577294	0.000000	-0.577294	0.929071	3.000000	1.000000	0	0	1	1.000000	0.000000	0.000000
OTU_2662_18S_022_3	OTU_6104_18S_3_200	1	ENV_Temperature	0.543650	0.083954	-0.459696	0.000999	3.000000	1.000000	0	0	1	1.000000	0.000000	0.000000
OTU_2780_18S_022_3	OTU_6104_18S_3_200	1	ENV_Temperature	0.495939	0.000000	-0.495939	0.643357	3.000000	1.000000	0	0	1	1.000000	0.000000	0.000000
OTU_351_18S_3_200	OTU_6104_18S_3_200	1	ENV_Temperature	0.589045	0.055073	-0.533972	0.000999	3.000000	1.000000	0	0	1	1.000000	0.000000	0.000000
OTU_1649_18S_3_200	OTU_6104_18S_3_200	1	ENV_Temperature	0.599096	0.000000	-0.599096	0.500500	3.000000	1.000000	0	0	1	1.000000	0.000000	0.000000
OTU_214_18S_022_3	OTU_5282_18S_3_200	1	ENV_Temperature	0.497730	0.167909	-0.329821	0.143856	3.000000	1.000000	0	0	1	1.000000	0.000000	0.000000
OTU_1142_18S_022_3	OTU_5282_18S_3_200	1	ENV_Temperature	0.577294	0.083954	-0.493340	0.500500	3.000000	1.000000	0	0	1	1.000000	0.000000	0.000000
OTU_2795_18S_3_200	OTU_5282_18S_3_200	1	ENV_Temperature	0.660965	0.306750	-0.354215	0.572428	3.000000	1.000000	0	0	1	1.000000	0.000000	0.000000
ASV_112_16S_022_3	OTU_5407_18S_3_200	1	ENV_Temperature	0.435861	0.000000	-0.435861	0.787213	3.000000	1.000000	0	0	1	1.000000	0.000000	0.000000
OTU_1332_18S_022_3	OTU_5407_18S_3_200	1	ENV_Temperature	0.435861	0.000000	-0.435861	0.858142	3.000000	1.000000	0	0	1	1.000000	0.000000	0.000000
OTU_1346_18S_022_3	OTU_5407_18S_3_200	1	ENV_Temperature	0.541334	0.000000	-0.541334	1.000000	3.000000	1.000000	0	0	1	1.000000	0.000000	0.000000
OTU_2035_18S_022_3	OTU_5407_18S_3_200	1	ENV_Temperature	0.493623	0.000000	-0.493623	0.929071	3.000000	1.000000	0	0	1	1.000000	0.000000	0.000000
OTU_2459_18S_3_200	OTU_5407_18S_3_200	1	ENV_Temperature	0.519532	0.000000	-0.519532	0.929071	3.000000	1.000000	0	0	1	1.000000	0.000000	0.000000
ASV_764_16S_022_3	OTU_6274_18S_3_200	1	ENV_Temperature	0.378099	-0.081080	-0.459178	0.143856	3.000000	1.000000	0	0	1	1.000000	0.000000	0.000000
OTU_2474_18S_3_200	OTU_6274_18S_3_200	1	ENV_Temperature	0.599096	0.000000	-0.599096	1.000000	3.000000	1.000000	0	0	1	1.000000	0.000000	0.000000
OTU_2512_18S_3_200	OTU_5402_18S_3_200	1	ENV_Temperature	0.577294	0.067060	-0.510234	0.142857	3.000000	1.000000	0	0	1	1.000000	0.000000	0.000000
OTU_1362_18S_022_3	OTU_6854_18S_3_200	1	ENV_Temperature	0.519532	0.000000	-0.519532	1.000000	3.000000	1.000000	0	0	1	1.000000	0.000000	0.000000
OTU_2958_18S_022_3	OTU_6854_18S_3_200	1	ENV_Temperature	0.497730	0.055073	-0.442657	0.499500	3.000000	1.000000	0	0	1	1.000000	0.000000	0.000000
ASV_259_16S_022_3	OTU_6332_18S_3_200	1	ENV_Temperature	0.386974	0.021284	-0.365689	0.000999	3.000000	1.000000	0	0	1	1.000000	0.000000	0.000000
OTU_1789_18S_022_3	OTU_6332_18S_3_200	1	ENV_Temperature	0.577294	0.067060	-0.510234	0.144855	3.000000	1.000000	0	0	1	1.000000	0.000000	0.000000
OTU_1786_18S_3_200	OTU_6332_18S_3_200	1	ENV_Temperature	0.332479	0.130149	-0.202330	0.786214	3.000000	1.000000	0	0	1	1.000000	0.000000	0.000000
OTU_3755_18S_3_200	OTU_6332_18S_3_200	1	ENV_Temperature	0.416375	0.067060	-0.349315	0.071928	3.000000	1.000000	0	0	1	1.000000	0.000000	0.000000
ASV_584_16S_022_3	OTU_5512_18S_3_200	1	ENV_Temperature	0.428694	0.136153	-0.292541	0.286713	3.000000	1.000000	0	0	1	1.000000	0.000000	0.000000
OTU_136_18S_3_200	OTU_5512_18S_3_200	1	ENV_Temperature	0.555751	0.027893	-0.527858	0.000999	3.000000	1.000000	0	0	1	1.000000	0.000000	0.000000
OTU_3225_18S_3_200	OTU_5512_18S_3_200	1	ENV_Temperature	0.490395	0.252722	-0.237673	0.143856	3.000000	1.000000	0	0	1	1.000000	0.000000	0.000000
OTU_554_18S_022_3	OTU_7128_18S_3_200	1	ENV_Temperature	0.416375	0.055073	-0.361302	0.144855	3.000000	1.000000	0	0	1	1.000000	0.000000	0.000000
OTU_1165_18S_3_200	OTU_7128_18S_3_200	1	ENV_Temperature	0.425809	0.055073	-0.370736	0.357642	3.000000	1.000000	0	0	1	1.000000	0.000000	0.000000
OTU_3823_18S_3_200	OTU_7128_18S_3_200	1	ENV_Temperature	0.599096	0.248988	-0.350108	0.357642	3.000000	1.000000	0	0	1	1.000000	0.000000	0.000000
OTU_1959_18S_022_3	OTU_5358_18S_3_200	1	ENV_Temperature	0.334495	0.000000	-0.334495	1.000000	3.000000	1.000000	0	0	1	1.000000	0.000000	0.000000
OTU_191_18S_3_200	OTU_5358_18S_3_200	1	ENV_Temperature	0.497730	0.000000	-0.497730	1.000000	3.000000	1.000000	0	0	1	1.000000	0.000000	0.000000
OTU_2601_18S_3_200	OTU_5358_18S_3_200	1	ENV_Temperature	0.519532	0.000000	-0.519532	1.000000	3.000000	1.000000	0	0	1	1.000000	0.000000	0.000000
OTU_3733_18S_3_200	OTU_5358_18S_3_200	1	ENV_Temperature	0.439968	0.000000	-0.439968	1.000000	3.000000	1.000000	0	0	1	1.000000	0.000000	0.000000
OTU_1680_18S_3_200	OTU_7531_18S_3_200	1	ENV_Temperature	0.380415	0.000000	-0.380415	0.357642	3.000000	1.000000	0	0	1	1.000000	0.000000	0.000000
OTU_3782_18S_3_200	OTU_7531_18S_3_200	1	ENV_Temperature	0.599096	0.081080	-0.518017	0.786214	3.000000	1.000000	0	0	1	1.000000	0.000000	0.000000
OTU_5560_18S_3_200	OTU_7531_18S_3_200	1	ENV_Temperature	0.435861	0.000000	-0.435861	1.000000	3.000000	1.000000	0	0	1	1.000000	0.000000	0.000000
OTU_1767_18S_022_3	ENV_Temperature	6	nan	0.087163	nan	nan	nan	nan	nan	3	3	0	nan	0.000000	nan
ASV_523_16S_3_200	ENV_Temperature	1	nan	0.077779	nan	nan	nan	nan	nan	1	0	0	nan	0.000000	nan
ASV_1153_16S_022_3	ENV_Temperature	4	nan	0.354226	nan	nan	nan	nan	nan	0	4	0	nan	0.000000	nan
ASV_240_16S_022_3	ENV_Temperature	2	nan	0.381211	nan	nan	nan	nan	nan	0	2	0	nan	0.000000	nan
ASV_751_16S_022_3	ENV_Temperature	4	nan	0.353934	nan	nan	nan	nan	nan	2	2	0	nan	0.000000	nan
OTU_101_18S_022_3	ENV_Temperature	3	nan	0.259997	nan	nan	nan	nan	nan	2	1	0	nan	0.000000	nan
ASV_717_16S_022_3	ENV_Temperature	2	nan	0.332424	nan	nan	nan	nan	nan	0	2	0	nan	0.000000	nan
ASV_610_16S_022_3	ENV_Temperature	2	nan	0.143264	nan	nan	nan	nan	nan	1	1	0	nan	0.000000	nan
ASV_962_16S_022_3	ENV_Temperature	4	nan	0.099615	nan	nan	nan	nan	nan	3	1	0	nan	0.000000	nan
OTU_453_18S_022_3	ENV_Temperature	2	nan	0.225031	nan	nan	nan	nan	nan	0	2	0	nan	0.000000	nan
OTU_1995_18S_022_3	ENV_Temperature	4	nan	0.144735	nan	nan	nan	nan	nan	3	1	0	nan	0.000000	nan
OTU_2036_18S_022_3	ENV_Temperature	1	nan	0.225031	nan	nan	nan	nan	nan	0	1	0	nan	0.000000	nan
OTU_519_18S_022_3	ENV_Temperature	6	nan	0.087163	nan	nan	nan	nan	nan	5	1	0	nan	0.000000	nan
ASV_401_16S_022_3	ENV_Temperature	4	nan	0.353640	nan	nan	nan	nan	nan	1	3	0	nan	0.000000	nan
OTU_207_18S_022_3	ENV_Temperature	5	nan	0.318137	nan	nan	nan	nan	nan	1	4	0	nan	0.000000	nan
OTU_3023_18S_022_3	ENV_Temperature	1	nan	0.065361	nan	nan	nan	nan	nan	1	0	0	nan	0.000000	nan
ASV_10_16S_022_3	ENV_Temperature	1	nan	0.236907	nan	nan	nan	nan	nan	0	1	0	nan	0.000000	nan
ASV_874_16S_022_3	ENV_Temperature	4	nan	0.115956	nan	nan	nan	nan	nan	4	0	0	nan	0.000000	nan
ASV_102_16S_022_3	ENV_Temperature	4	nan	0.577682	nan	nan	nan	nan	nan	0	2	2	nan	0.000000	nan
ASV_214_16S_022_3	ENV_Temperature	2	nan	0.198356	nan	nan	nan	nan	nan	1	1	0	nan	0.000000	nan
ASV_259_16S_022_3	ENV_Temperature	3	nan	0.170203	nan	nan	nan	nan	nan	1	2	0	nan	0.000000	nan
OTU_994_18S_3_200	ENV_Temperature	3	nan	0.106981	nan	nan	nan	nan	nan	2	1	0	nan	0.000000	nan
ASV_519_16S_022_3	ENV_Temperature	5	nan	0.411696	nan	nan	nan	nan	nan	0	5	0	nan	0.000000	nan
ASV_189_16S_022_3	ENV_Temperature	5	nan	0.378789	nan	nan	nan	nan	nan	4	1	0	nan	0.000000	nan
ASV_415_16S_022_3	ENV_Temperature	4	nan	0.268570	nan	nan	nan	nan	nan	3	1	0	nan	0.000000	nan
ASV_15_16S_022_3	ENV_Temperature	3	nan	0.322519	nan	nan	nan	nan	nan	1	2	0	nan	0.000000	nan
ASV_81_16S_022_3	ENV_Temperature	4	nan	0.435174	nan	nan	nan	nan	nan	1	2	1	nan	0.000000	nan
ASV_145_16S_022_3	ENV_Temperature	3	nan	0.531020	nan	nan	nan	nan	nan	0	2	1	nan	0.000000	nan
ASV_66_16S_022_3	ENV_Temperature	4	nan	0.320360	nan	nan	nan	nan	nan	1	3	0	nan	0.000000	nan
ASV_910_16S_3_200	ENV_Temperature	1	nan	0.093952	nan	nan	nan	nan	nan	1	0	0	nan	0.000000	nan
ASV_91_16S_022_3	ENV_Temperature	3	nan	0.271615	nan	nan	nan	nan	nan	0	3	0	nan	0.000000	nan
ASV_1105_16S_022_3	ENV_Temperature	3	nan	0.411696	nan	nan	nan	nan	nan	0	3	0	nan	0.000000	nan
OTU_82_18S_3_200	ENV_Temperature	3	nan	0.148953	nan	nan	nan	nan	nan	2	1	0	nan	0.000000	nan
OTU_257_18S_3_200	ENV_Temperature	1	nan	0.205163	nan	nan	nan	nan	nan	0	1	0	nan	0.000000	nan
OTU_976_18S_022_3	ENV_Temperature	1	nan	0.145467	nan	nan	nan	nan	nan	1	0	0	nan	0.000000	nan
OTU_2589_18S_3_200	ENV_Temperature	3	nan	0.087163	nan	nan	nan	nan	nan	1	2	0	nan	0.000000	nan
ASV_997_16S_022_3	ENV_Temperature	3	nan	0.317973	nan	nan	nan	nan	nan	1	2	0	nan	0.000000	nan
OTU_3990_18S_022_3	ENV_Temperature	3	nan	0.087163	nan	nan	nan	nan	nan	2	1	0	nan	0.000000	nan
OTU_1110_18S_022_3	ENV_Temperature	2	nan	0.129489	nan	nan	nan	nan	nan	1	1	0	nan	0.000000	nan
OTU_142_18S_3_200	ENV_Temperature	3	nan	0.170834	nan	nan	nan	nan	nan	3	0	0	nan	0.000000	nan
OTU_938_18S_022_3	ENV_Temperature	5	nan	0.186037	nan	nan	nan	nan	nan	1	4	0	nan	0.000000	nan
OTU_683_18S_3_200	ENV_Temperature	2	nan	0.121417	nan	nan	nan	nan	nan	1	1	0	nan	0.000000	nan
ASV_1203_16S_3_200	ENV_Temperature	2	nan	0.284360	nan	nan	nan	nan	nan	0	2	0	nan	0.000000	nan
OTU_1680_18S_3_200	ENV_Temperature	4	nan	0.071020	nan	nan	nan	nan	nan	3	1	0	nan	0.000000	nan
OTU_432_18S_022_3	ENV_Temperature	2	nan	0.118638	nan	nan	nan	nan	nan	2	0	0	nan	0.000000	nan
ASV_348_16S_022_3	ENV_Temperature	2	nan	0.174504	nan	nan	nan	nan	nan	2	0	0	nan	0.000000	nan
OTU_2539_18S_022_3	ENV_Temperature	2	nan	0.121125	nan	nan	nan	nan	nan	1	1	0	nan	0.000000	nan
ASV_170_16S_022_3	ENV_Temperature	2	nan	0.160346	nan	nan	nan	nan	nan	2	0	0	nan	0.000000	nan
OTU_2097_18S_022_3	ENV_Temperature	4	nan	0.164743	nan	nan	nan	nan	nan	1	3	0	nan	0.000000	nan
ASV_427_16S_022_3	ENV_Temperature	3	nan	0.287488	nan	nan	nan	nan	nan	3	0	0	nan	0.000000	nan
ASV_389_16S_022_3	ENV_Temperature	4	nan	0.328670	nan	nan	nan	nan	nan	1	3	0	nan	0.000000	nan
ASV_767_16S_022_3	ENV_Temperature	5	nan	0.156134	nan	nan	nan	nan	nan	3	2	0	nan	0.000000	nan
OTU_1611_18S_022_3	ENV_Temperature	2	nan	0.121125	nan	nan	nan	nan	nan	0	2	0	nan	0.000000	nan
OTU_1281_18S_3_200	ENV_Temperature	3	nan	0.129489	nan	nan	nan	nan	nan	1	2	0	nan	0.000000	nan
ASV_35_16S_022_3	ENV_Temperature	4	nan	0.378208	nan	nan	nan	nan	nan	1	3	0	nan	0.000000	nan
ASV_67_16S_022_3	ENV_Temperature	3	nan	0.479693	nan	nan	nan	nan	nan	0	2	1	nan	0.000000	nan
ASV_34_16S_022_3	ENV_Temperature	5	nan	0.379658	nan	nan	nan	nan	nan	2	3	0	nan	0.000000	nan
ASV_868_16S_022_3	ENV_Temperature	1	nan	0.216781	nan	nan	nan	nan	nan	1	0	0	nan	0.000000	nan
ASV_161_16S_022_3	ENV_Temperature	5	nan	0.179145	nan	nan	nan	nan	nan	3	2	0	nan	0.000000	nan
OTU_72_18S_022_3	ENV_Temperature	1	nan	0.267566	nan	nan	nan	nan	nan	1	0	0	nan	0.000000	nan
ASV_237_16S_022_3	ENV_Temperature	3	nan	0.335468	nan	nan	nan	nan	nan	2	1	0	nan	0.000000	nan
ASV_262_16S_022_3	ENV_Temperature	5	nan	0.411696	nan	nan	nan	nan	nan	0	5	0	nan	0.000000	nan
ASV_8_16S_022_3	ENV_Temperature	2	nan	0.411696	nan	nan	nan	nan	nan	0	1	1	nan	0.000000	nan
OTU_318_18S_022_3	ENV_Temperature	2	nan	0.315138	nan	nan	nan	nan	nan	2	0	0	nan	0.000000	nan
OTU_1404_18S_3_200	ENV_Temperature	1	nan	0.284652	nan	nan	nan	nan	nan	0	1	0	nan	0.000000	nan
OTU_560_18S_022_3	ENV_Temperature	1	nan	0.108110	nan	nan	nan	nan	nan	0	1	0	nan	0.000000	nan
ASV_124_16S_022_3	ENV_Temperature	4	nan	0.299056	nan	nan	nan	nan	nan	3	1	0	nan	0.000000	nan
OTU_2439_18S_022_3	ENV_Temperature	2	nan	0.247599	nan	nan	nan	nan	nan	1	1	0	nan	0.000000	nan
ASV_223_16S_022_3	ENV_Temperature	3	nan	0.247892	nan	nan	nan	nan	nan	2	1	0	nan	0.000000	nan
OTU_322_18S_3_200	ENV_Temperature	3	nan	0.085179	nan	nan	nan	nan	nan	2	1	0	nan	0.000000	nan
ASV_351_16S_022_3	ENV_Temperature	3	nan	0.378501	nan	nan	nan	nan	nan	0	3	0	nan	0.000000	nan
ASV_978_16S_022_3	ENV_Temperature	4	nan	0.328670	nan	nan	nan	nan	nan	3	1	0	nan	0.000000	nan
OTU_509_18S_022_3	ENV_Temperature	3	nan	0.087163	nan	nan	nan	nan	nan	3	0	0	nan	0.000000	nan
OTU_2727_18S_3_200	ENV_Temperature	4	nan	0.065361	nan	nan	nan	nan	nan	4	0	0	nan	0.000000	nan
OTU_2914_18S_3_200	ENV_Temperature	2	nan	0.191955	nan	nan	nan	nan	nan	2	0	0	nan	0.000000	nan
ASV_32_16S_022_3	ENV_Temperature	5	nan	0.552996	nan	nan	nan	nan	nan	0	3	2	nan	0.000000	nan
OTU_2009_18S_3_200	ENV_Temperature	2	nan	0.291925	nan	nan	nan	nan	nan	0	2	0	nan	0.000000	nan
ASV_217_16S_022_3	ENV_Temperature	2	nan	0.227850	nan	nan	nan	nan	nan	1	1	0	nan	0.000000	nan
ASV_168_16S_022_3	ENV_Temperature	3	nan	0.246768	nan	nan	nan	nan	nan	1	2	0	nan	0.000000	nan
ASV_679_16S_022_3	ENV_Temperature	3	nan	0.352227	nan	nan	nan	nan	nan	2	1	0	nan	0.000000	nan
ASV_1050_16S_022_3	ENV_Temperature	3	nan	0.131404	nan	nan	nan	nan	nan	3	0	0	nan	0.000000	nan
ASV_863_16S_3_200	ENV_Temperature	4	nan	0.206780	nan	nan	nan	nan	nan	2	2	0	nan	0.000000	nan
OTU_137_18S_3_200	ENV_Temperature	3	nan	0.146148	nan	nan	nan	nan	nan	3	0	0	nan	0.000000	nan
ASV_20_16S_022_3	ENV_Temperature	3	nan	0.231724	nan	nan	nan	nan	nan	1	2	0	nan	0.000000	nan
ASV_345_16S_3_200	ENV_Temperature	4	nan	0.249975	nan	nan	nan	nan	nan	0	4	0	nan	0.000000	nan
ASV_1759_16S_022_3	ENV_Temperature	1	nan	0.121125	nan	nan	nan	nan	nan	0	1	0	nan	0.000000	nan
OTU_75_18S_3_200	ENV_Temperature	4	nan	0.320643	nan	nan	nan	nan	nan	1	3	0	nan	0.000000	nan
ASV_44_16S_022_3	ENV_Temperature	1	nan	0.108979	nan	nan	nan	nan	nan	1	0	0	nan	0.000000	nan
OTU_3295_18S_3_200	ENV_Temperature	5	nan	0.121417	nan	nan	nan	nan	nan	0	5	0	nan	0.000000	nan
ASV_25_16S_022_3	ENV_Temperature	3	nan	0.183705	nan	nan	nan	nan	nan	2	1	0	nan	0.000000	nan
OTU_964_18S_022_3	ENV_Temperature	2	nan	0.101798	nan	nan	nan	nan	nan	1	1	0	nan	0.000000	nan
ASV_481_16S_022_3	ENV_Temperature	3	nan	0.299056	nan	nan	nan	nan	nan	2	1	0	nan	0.000000	nan
ASV_148_16S_022_3	ENV_Temperature	3	nan	0.158303	nan	nan	nan	nan	nan	2	1	0	nan	0.000000	nan
ASV_98_16S_022_3	ENV_Temperature	4	nan	0.241000	nan	nan	nan	nan	nan	3	1	0	nan	0.000000	nan
ASV_106_16S_022_3	ENV_Temperature	1	nan	0.237370	nan	nan	nan	nan	nan	1	0	0	nan	0.000000	nan
ASV_45_16S_022_3	ENV_Temperature	3	nan	0.318147	nan	nan	nan	nan	nan	0	3	0	nan	0.000000	nan
OTU_3658_18S_022_3	ENV_Temperature	2	nan	0.121125	nan	nan	nan	nan	nan	0	2	0	nan	0.000000	nan
ASV_1657_16S_022_3	ENV_Temperature	3	nan	0.079996	nan	nan	nan	nan	nan	3	0	0	nan	0.000000	nan
ASV_65_16S_022_3	ENV_Temperature	4	nan	0.412734	nan	nan	nan	nan	nan	0	4	0	nan	0.000000	nan
ASV_193_16S_022_3	ENV_Temperature	3	nan	0.330425	nan	nan	nan	nan	nan	1	2	0	nan	0.000000	nan
ASV_1561_16S_022_3	ENV_Temperature	3	nan	0.305655	nan	nan	nan	nan	nan	1	2	0	nan	0.000000	nan
ASV_461_16S_022_3	ENV_Temperature	3	nan	0.445950	nan	nan	nan	nan	nan	0	3	0	nan	0.000000	nan
ASV_1054_16S_022_3	ENV_Temperature	5	nan	0.232779	nan	nan	nan	nan	nan	3	2	0	nan	0.000000	nan
ASV_1648_16S_022_3	ENV_Temperature	5	nan	0.305655	nan	nan	nan	nan	nan	0	5	0	nan	0.000000	nan
ASV_345_16S_022_3	ENV_Temperature	6	nan	0.200280	nan	nan	nan	nan	nan	4	2	0	nan	0.000000	nan
OTU_734_18S_3_200	ENV_Temperature	2	nan	0.235150	nan	nan	nan	nan	nan	1	1	0	nan	0.000000	nan
OTU_1318_18S_3_200	ENV_Temperature	3	nan	0.115956	nan	nan	nan	nan	nan	2	1	0	nan	0.000000	nan
ASV_14_16S_022_3	ENV_Temperature	4	nan	0.187674	nan	nan	nan	nan	nan	3	1	0	nan	0.000000	nan
ASV_1999_16S_022_3	ENV_Temperature	4	nan	0.264543	nan	nan	nan	nan	nan	3	1	0	nan	0.000000	nan
OTU_689_18S_022_3	ENV_Temperature	3	nan	0.247892	nan	nan	nan	nan	nan	1	2	0	nan	0.000000	nan
ASV_636_16S_022_3	ENV_Temperature	7	nan	0.197858	nan	nan	nan	nan	nan	4	3	0	nan	0.000000	nan
OTU_1510_18S_022_3	ENV_Temperature	2	nan	0.111979	nan	nan	nan	nan	nan	2	0	0	nan	0.000000	nan
ASV_197_16S_022_3	ENV_Temperature	2	nan	0.322240	nan	nan	nan	nan	nan	0	2	0	nan	0.000000	nan
ASV_88_16S_022_3	ENV_Temperature	4	nan	0.271649	nan	nan	nan	nan	nan	3	1	0	nan	0.000000	nan
ASV_58_16S_022_3	ENV_Temperature	2	nan	0.078494	nan	nan	nan	nan	nan	2	0	0	nan	0.000000	nan
OTU_46_18S_022_3	ENV_Temperature	3	nan	0.176723	nan	nan	nan	nan	nan	1	2	0	nan	0.000000	nan
OTU_133_18S_022_3	ENV_Temperature	2	nan	0.155761	nan	nan	nan	nan	nan	1	1	0	nan	0.000000	nan
OTU_2425_18S_022_3	ENV_Temperature	1	nan	0.092315	nan	nan	nan	nan	nan	1	0	0	nan	0.000000	nan
ASV_267_16S_022_3	ENV_Temperature	4	nan	0.203831	nan	nan	nan	nan	nan	1	3	0	nan	0.000000	nan
OTU_1195_18S_022_3	ENV_Temperature	3	nan	0.103504	nan	nan	nan	nan	nan	3	0	0	nan	0.000000	nan
ASV_416_16S_022_3	ENV_Temperature	3	nan	0.307738	nan	nan	nan	nan	nan	1	2	0	nan	0.000000	nan
OTU_1980_18S_022_3	ENV_Temperature	3	nan	0.236782	nan	nan	nan	nan	nan	2	1	0	nan	0.000000	nan
ASV_670_16S_022_3	ENV_Temperature	2	nan	0.170203	nan	nan	nan	nan	nan	0	2	0	nan	0.000000	nan
ASV_320_16S_022_3	ENV_Temperature	3	nan	0.110973	nan	nan	nan	nan	nan	3	0	0	nan	0.000000	nan
ASV_21_16S_022_3	ENV_Temperature	2	nan	0.353934	nan	nan	nan	nan	nan	1	0	1	nan	0.000000	nan
ASV_309_16S_022_3	ENV_Temperature	2	nan	0.310622	nan	nan	nan	nan	nan	1	1	0	nan	0.000000	nan
ASV_606_16S_022_3	ENV_Temperature	5	nan	0.144735	nan	nan	nan	nan	nan	3	2	0	nan	0.000000	nan
ASV_281_16S_022_3	ENV_Temperature	2	nan	0.372477	nan	nan	nan	nan	nan	2	0	0	nan	0.000000	nan
ASV_1963_16S_3_200	ENV_Temperature	6	nan	0.226090	nan	nan	nan	nan	nan	4	2	0	nan	0.000000	nan
ASV_312_16S_022_3	ENV_Temperature	2	nan	0.345250	nan	nan	nan	nan	nan	2	0	0	nan	0.000000	nan
ASV_386_16S_022_3	ENV_Temperature	4	nan	0.124560	nan	nan	nan	nan	nan	3	1	0	nan	0.000000	nan
ASV_987_16S_022_3	ENV_Temperature	4	nan	0.305655	nan	nan	nan	nan	nan	2	2	0	nan	0.000000	nan
ASV_1307_16S_022_3	ENV_Temperature	3	nan	0.284360	nan	nan	nan	nan	nan	0	3	0	nan	0.000000	nan
ASV_588_16S_022_3	ENV_Temperature	3	nan	0.225135	nan	nan	nan	nan	nan	1	2	0	nan	0.000000	nan
ASV_576_16S_3_200	ENV_Temperature	3	nan	0.381211	nan	nan	nan	nan	nan	0	3	0	nan	0.000000	nan
OTU_467_18S_3_200	ENV_Temperature	4	nan	0.078987	nan	nan	nan	nan	nan	4	0	0	nan	0.000000	nan
ASV_718_16S_022_3	ENV_Temperature	3	nan	0.241079	nan	nan	nan	nan	nan	1	2	0	nan	0.000000	nan
ASV_222_16S_022_3	ENV_Temperature	2	nan	0.277920	nan	nan	nan	nan	nan	2	0	0	nan	0.000000	nan
ASV_851_16S_022_3	ENV_Temperature	1	nan	0.190214	nan	nan	nan	nan	nan	1	0	0	nan	0.000000	nan
OTU_846_18S_022_3	ENV_Temperature	1	nan	0.147744	nan	nan	nan	nan	nan	1	0	0	nan	0.000000	nan
OTU_711_18S_022_3	ENV_Temperature	4	nan	0.085179	nan	nan	nan	nan	nan	4	0	0	nan	0.000000	nan
ASV_225_16S_022_3	ENV_Temperature	3	nan	0.254412	nan	nan	nan	nan	nan	2	1	0	nan	0.000000	nan
ASV_710_16S_022_3	ENV_Temperature	1	nan	0.106981	nan	nan	nan	nan	nan	1	0	0	nan	0.000000	nan
OTU_4651_18S_3_200	ENV_Temperature	3	nan	0.144925	nan	nan	nan	nan	nan	0	3	0	nan	0.000000	nan
OTU_1017_18S_022_3	ENV_Temperature	2	nan	0.091653	nan	nan	nan	nan	nan	1	1	0	nan	0.000000	nan
ASV_784_16S_022_3	ENV_Temperature	3	nan	0.112063	nan	nan	nan	nan	nan	1	2	0	nan	0.000000	nan
ASV_212_16S_022_3	ENV_Temperature	3	nan	0.192557	nan	nan	nan	nan	nan	2	1	0	nan	0.000000	nan
OTU_1406_18S_3_200	ENV_Temperature	2	nan	0.164743	nan	nan	nan	nan	nan	0	2	0	nan	0.000000	nan
OTU_1252_18S_022_3	ENV_Temperature	5	nan	0.115956	nan	nan	nan	nan	nan	3	2	0	nan	0.000000	nan
ASV_616_16S_022_3	ENV_Temperature	2	nan	0.148023	nan	nan	nan	nan	nan	1	1	0	nan	0.000000	nan
ASV_286_16S_3_200	ENV_Temperature	2	nan	0.158467	nan	nan	nan	nan	nan	0	2	0	nan	0.000000	nan
OTU_141_18S_3_200	ENV_Temperature	4	nan	0.182989	nan	nan	nan	nan	nan	1	3	0	nan	0.000000	nan
ASV_144_16S_3_200	ENV_Temperature	3	nan	0.151493	nan	nan	nan	nan	nan	2	1	0	nan	0.000000	nan
ASV_331_16S_022_3	ENV_Temperature	3	nan	0.189837	nan	nan	nan	nan	nan	1	2	0	nan	0.000000	nan
ASV_1633_16S_022_3	ENV_Temperature	3	nan	0.284360	nan	nan	nan	nan	nan	1	2	0	nan	0.000000	nan
OTU_215_18S_022_3	ENV_Temperature	4	nan	0.097497	nan	nan	nan	nan	nan	4	0	0	nan	0.000000	nan
ASV_162_16S_022_3	ENV_Temperature	2	nan	0.321150	nan	nan	nan	nan	nan	2	0	0	nan	0.000000	nan
ASV_1158_16S_022_3	ENV_Temperature	3	nan	0.388188	nan	nan	nan	nan	nan	1	2	0	nan	0.000000	nan
ASV_41_16S_022_3	ENV_Temperature	3	nan	0.485461	nan	nan	nan	nan	nan	0	1	2	nan	0.000000	nan
ASV_426_16S_022_3	ENV_Temperature	3	nan	0.292079	nan	nan	nan	nan	nan	1	2	0	nan	0.000000	nan
ASV_182_16S_022_3	ENV_Temperature	2	nan	0.320643	nan	nan	nan	nan	nan	0	2	0	nan	0.000000	nan
ASV_640_16S_022_3	ENV_Temperature	4	nan	0.411696	nan	nan	nan	nan	nan	0	4	0	nan	0.000000	nan
ASV_1459_16S_022_3	ENV_Temperature	4	nan	0.264543	nan	nan	nan	nan	nan	1	3	0	nan	0.000000	nan
ASV_196_16S_022_3	ENV_Temperature	2	nan	0.155294	nan	nan	nan	nan	nan	2	0	0	nan	0.000000	nan
ASV_2304_16S_022_3	ENV_Temperature	5	nan	0.284360	nan	nan	nan	nan	nan	2	3	0	nan	0.000000	nan
ASV_149_16S_022_3	ENV_Temperature	5	nan	0.137679	nan	nan	nan	nan	nan	3	2	0	nan	0.000000	nan
ASV_732_16S_022_3	ENV_Temperature	5	nan	0.328670	nan	nan	nan	nan	nan	0	5	0	nan	0.000000	nan
ASV_743_16S_022_3	ENV_Temperature	3	nan	0.144735	nan	nan	nan	nan	nan	2	1	0	nan	0.000000	nan
ASV_137_16S_022_3	ENV_Temperature	3	nan	0.254243	nan	nan	nan	nan	nan	2	1	0	nan	0.000000	nan
ASV_494_16S_022_3	ENV_Temperature	4	nan	0.409527	nan	nan	nan	nan	nan	1	3	0	nan	0.000000	nan
OTU_458_18S_022_3	ENV_Temperature	1	nan	0.198604	nan	nan	nan	nan	nan	0	1	0	nan	0.000000	nan
ASV_265_16S_022_3	ENV_Temperature	2	nan	0.329421	nan	nan	nan	nan	nan	1	1	0	nan	0.000000	nan
OTU_1756_18S_022_3	ENV_Temperature	3	nan	0.099615	nan	nan	nan	nan	nan	1	2	0	nan	0.000000	nan
ASV_113_16S_022_3	ENV_Temperature	2	nan	0.253204	nan	nan	nan	nan	nan	1	1	0	nan	0.000000	nan
ASV_163_16S_022_3	ENV_Temperature	3	nan	0.220406	nan	nan	nan	nan	nan	3	0	0	nan	0.000000	nan
ASV_4_16S_022_3	ENV_Temperature	2	nan	0.129489	nan	nan	nan	nan	nan	1	1	0	nan	0.000000	nan
ASV_539_16S_022_3	ENV_Temperature	3	nan	0.380867	nan	nan	nan	nan	nan	1	2	0	nan	0.000000	nan
ASV_624_16S_3_200	ENV_Temperature	4	nan	0.365844	nan	nan	nan	nan	nan	2	2	0	nan	0.000000	nan
OTU_351_18S_3_200	ENV_Temperature	3	nan	0.170203	nan	nan	nan	nan	nan	0	3	0	nan	0.000000	nan
ASV_123_16S_022_3	ENV_Temperature	4	nan	0.447999	nan	nan	nan	nan	nan	3	1	0	nan	0.000000	nan
ASV_269_16S_3_200	ENV_Temperature	2	nan	0.323448	nan	nan	nan	nan	nan	1	1	0	nan	0.000000	nan
OTU_1671_18S_022_3	ENV_Temperature	2	nan	0.115956	nan	nan	nan	nan	nan	2	0	0	nan	0.000000	nan
ASV_1146_16S_022_3	ENV_Temperature	4	nan	0.295957	nan	nan	nan	nan	nan	2	2	0	nan	0.000000	nan
ASV_347_16S_022_3	ENV_Temperature	3	nan	0.411696	nan	nan	nan	nan	nan	1	2	0	nan	0.000000	nan
OTU_1295_18S_022_3	ENV_Temperature	1	nan	0.180402	nan	nan	nan	nan	nan	0	1	0	nan	0.000000	nan
OTU_217_18S_3_200	ENV_Temperature	3	nan	0.153046	nan	nan	nan	nan	nan	1	2	0	nan	0.000000	nan
OTU_960_18S_022_3	ENV_Temperature	1	nan	0.188336	nan	nan	nan	nan	nan	0	1	0	nan	0.000000	nan
ASV_187_16S_022_3	ENV_Temperature	4	nan	0.466748	nan	nan	nan	nan	nan	2	2	0	nan	0.000000	nan
ASV_477_16S_022_3	ENV_Temperature	3	nan	0.353934	nan	nan	nan	nan	nan	1	2	0	nan	0.000000	nan
ASV_808_16S_022_3	ENV_Temperature	2	nan	0.225797	nan	nan	nan	nan	nan	2	0	0	nan	0.000000	nan
ASV_1065_16S_022_3	ENV_Temperature	5	nan	0.203995	nan	nan	nan	nan	nan	2	3	0	nan	0.000000	nan
ASV_216_16S_022_3	ENV_Temperature	3	nan	0.286821	nan	nan	nan	nan	nan	3	0	0	nan	0.000000	nan
ASV_277_16S_022_3	ENV_Temperature	3	nan	0.391395	nan	nan	nan	nan	nan	1	2	0	nan	0.000000	nan
ASV_2_16S_022_3	ENV_Temperature	4	nan	0.195520	nan	nan	nan	nan	nan	3	1	0	nan	0.000000	nan
ASV_103_16S_022_3	ENV_Temperature	4	nan	0.485117	nan	nan	nan	nan	nan	0	4	0	nan	0.000000	nan
ASV_30_16S_022_3	ENV_Temperature	3	nan	0.346957	nan	nan	nan	nan	nan	1	2	0	nan	0.000000	nan
ASV_497_16S_022_3	ENV_Temperature	3	nan	0.353934	nan	nan	nan	nan	nan	1	2	0	nan	0.000000	nan
OTU_1774_18S_022_3	ENV_Temperature	1	nan	0.291820	nan	nan	nan	nan	nan	0	1	0	nan	0.000000	nan
ASV_421_16S_022_3	ENV_Temperature	4	nan	0.485117	nan	nan	nan	nan	nan	1	3	0	nan	0.000000	nan
ASV_258_16S_022_3	ENV_Temperature	3	nan	0.242383	nan	nan	nan	nan	nan	2	1	0	nan	0.000000	nan
ASV_1283_16S_3_200	ENV_Temperature	2	nan	0.225031	nan	nan	nan	nan	nan	1	1	0	nan	0.000000	nan
OTU_7_18S_022_3	ENV_Temperature	2	nan	0.246227	nan	nan	nan	nan	nan	2	0	0	nan	0.000000	nan
ASV_475_16S_022_3	ENV_Temperature	5	nan	0.146148	nan	nan	nan	nan	nan	3	2	0	nan	0.000000	nan
OTU_2403_18S_3_200	ENV_Temperature	2	nan	0.264543	nan	nan	nan	nan	nan	0	2	0	nan	0.000000	nan
ASV_971_16S_022_3	ENV_Temperature	3	nan	0.268570	nan	nan	nan	nan	nan	3	0	0	nan	0.000000	nan
ASV_1804_16S_022_3	ENV_Temperature	2	nan	0.209053	nan	nan	nan	nan	nan	1	1	0	nan	0.000000	nan
ASV_340_16S_022_3	ENV_Temperature	3	nan	0.305277	nan	nan	nan	nan	nan	1	2	0	nan	0.000000	nan
OTU_534_18S_3_200	ENV_Temperature	5	nan	0.151291	nan	nan	nan	nan	nan	3	2	0	nan	0.000000	nan
ASV_992_16S_022_3	ENV_Temperature	3	nan	0.142518	nan	nan	nan	nan	nan	1	2	0	nan	0.000000	nan
OTU_680_18S_022_3	ENV_Temperature	1	nan	0.169547	nan	nan	nan	nan	nan	0	1	0	nan	0.000000	nan
ASV_11_16S_022_3	ENV_Temperature	4	nan	0.354649	nan	nan	nan	nan	nan	1	3	0	nan	0.000000	nan
ASV_211_16S_022_3	ENV_Temperature	2	nan	0.202155	nan	nan	nan	nan	nan	1	1	0	nan	0.000000	nan
ASV_184_16S_022_3	ENV_Temperature	2	nan	0.189837	nan	nan	nan	nan	nan	1	1	0	nan	0.000000	nan
ASV_298_16S_3_200	ENV_Temperature	2	nan	0.143652	nan	nan	nan	nan	nan	0	2	0	nan	0.000000	nan
ASV_295_16S_022_3	ENV_Temperature	2	nan	0.133198	nan	nan	nan	nan	nan	2	0	0	nan	0.000000	nan
ASV_2186_16S_022_3	ENV_Temperature	2	nan	0.206780	nan	nan	nan	nan	nan	0	2	0	nan	0.000000	nan
ASV_246_16S_022_3	ENV_Temperature	3	nan	0.320360	nan	nan	nan	nan	nan	2	1	0	nan	0.000000	nan
ASV_27_16S_022_3	ENV_Temperature	3	nan	0.127818	nan	nan	nan	nan	nan	2	1	0	nan	0.000000	nan
ASV_294_16S_022_3	ENV_Temperature	5	nan	0.332132	nan	nan	nan	nan	nan	0	5	0	nan	0.000000	nan
ASV_972_16S_3_200	ENV_Temperature	2	nan	0.106473	nan	nan	nan	nan	nan	1	1	0	nan	0.000000	nan
OTU_1398_18S_3_200	ENV_Temperature	6	nan	0.121125	nan	nan	nan	nan	nan	1	5	0	nan	0.000000	nan
ASV_269_16S_022_3	ENV_Temperature	2	nan	0.405553	nan	nan	nan	nan	nan	1	1	0	nan	0.000000	nan
OTU_794_18S_022_3	ENV_Temperature	1	nan	0.144442	nan	nan	nan	nan	nan	0	1	0	nan	0.000000	nan
ASV_268_16S_022_3	ENV_Temperature	5	nan	0.270908	nan	nan	nan	nan	nan	2	3	0	nan	0.000000	nan
ASV_129_16S_022_3	ENV_Temperature	3	nan	0.191627	nan	nan	nan	nan	nan	2	1	0	nan	0.000000	nan
ASV_204_16S_022_3	ENV_Temperature	4	nan	0.311830	nan	nan	nan	nan	nan	0	3	1	nan	0.000000	nan
ASV_728_16S_022_3	ENV_Temperature	2	nan	0.270908	nan	nan	nan	nan	nan	1	1	0	nan	0.000000	nan
ASV_1243_16S_022_3	ENV_Temperature	3	nan	0.238164	nan	nan	nan	nan	nan	1	2	0	nan	0.000000	nan
OTU_1050_18S_022_3	ENV_Temperature	1	nan	0.129852	nan	nan	nan	nan	nan	0	1	0	nan	0.000000	nan
OTU_1202_18S_022_3	ENV_Temperature	3	nan	0.184978	nan	nan	nan	nan	nan	3	0	0	nan	0.000000	nan
ASV_661_16S_022_3	ENV_Temperature	1	nan	0.307575	nan	nan	nan	nan	nan	0	1	0	nan	0.000000	nan
OTU_290_18S_3_200	ENV_Temperature	3	nan	0.246768	nan	nan	nan	nan	nan	1	2	0	nan	0.000000	nan
OTU_3733_18S_3_200	ENV_Temperature	2	nan	0.085179	nan	nan	nan	nan	nan	1	1	0	nan	0.000000	nan
ASV_671_16S_022_3	ENV_Temperature	5	nan	0.100838	nan	nan	nan	nan	nan	3	2	0	nan	0.000000	nan
OTU_870_18S_022_3	ENV_Temperature	4	nan	0.079996	nan	nan	nan	nan	nan	3	1	0	nan	0.000000	nan
ASV_19_16S_022_3	ENV_Temperature	3	nan	0.128359	nan	nan	nan	nan	nan	1	2	0	nan	0.000000	nan
ASV_1894_16S_022_3	ENV_Temperature	5	nan	0.328670	nan	nan	nan	nan	nan	1	4	0	nan	0.000000	nan
OTU_5966_18S_3_200	ENV_Temperature	3	nan	0.121125	nan	nan	nan	nan	nan	0	3	0	nan	0.000000	nan
ASV_343_16S_022_3	ENV_Temperature	1	nan	0.133458	nan	nan	nan	nan	nan	1	0	0	nan	0.000000	nan
OTU_605_18S_022_3	ENV_Temperature	1	nan	0.156676	nan	nan	nan	nan	nan	0	1	0	nan	0.000000	nan
OTU_790_18S_022_3	ENV_Temperature	3	nan	0.100048	nan	nan	nan	nan	nan	3	0	0	nan	0.000000	nan
ASV_365_16S_022_3	ENV_Temperature	3	nan	0.226842	nan	nan	nan	nan	nan	1	2	0	nan	0.000000	nan
ASV_109_16S_022_3	ENV_Temperature	3	nan	0.315263	nan	nan	nan	nan	nan	2	1	0	nan	0.000000	nan
ASV_327_16S_022_3	ENV_Temperature	3	nan	0.411696	nan	nan	nan	nan	nan	0	3	0	nan	0.000000	nan
ASV_1110_16S_022_3	ENV_Temperature	4	nan	0.206780	nan	nan	nan	nan	nan	1	3	0	nan	0.000000	nan
OTU_115_18S_022_3	ENV_Temperature	1	nan	0.091653	nan	nan	nan	nan	nan	1	0	0	nan	0.000000	nan
OTU_937_18S_3_200	ENV_Temperature	2	nan	0.130702	nan	nan	nan	nan	nan	2	0	0	nan	0.000000	nan
ASV_160_16S_022_3	ENV_Temperature	3	nan	0.456015	nan	nan	nan	nan	nan	2	1	0	nan	0.000000	nan
OTU_3823_18S_3_200	ENV_Temperature	3	nan	0.250399	nan	nan	nan	nan	nan	1	2	0	nan	0.000000	nan
OTU_3225_18S_022_3	ENV_Temperature	1	nan	0.206780	nan	nan	nan	nan	nan	0	1	0	nan	0.000000	nan
ASV_267_16S_3_200	ENV_Temperature	2	nan	0.176340	nan	nan	nan	nan	nan	1	1	0	nan	0.000000	nan
OTU_1358_18S_3_200	ENV_Temperature	4	nan	0.121125	nan	nan	nan	nan	nan	2	2	0	nan	0.000000	nan
ASV_99_16S_022_3	ENV_Temperature	2	nan	0.458476	nan	nan	nan	nan	nan	0	2	0	nan	0.000000	nan
ASV_1696_16S_022_3	ENV_Temperature	4	nan	0.284360	nan	nan	nan	nan	nan	1	3	0	nan	0.000000	nan
OTU_2234_18S_022_3	ENV_Temperature	3	nan	0.184978	nan	nan	nan	nan	nan	3	0	0	nan	0.000000	nan
ASV_383_16S_022_3	ENV_Temperature	2	nan	0.292079	nan	nan	nan	nan	nan	1	1	0	nan	0.000000	nan
OTU_228_18S_3_200	ENV_Temperature	4	nan	0.170203	nan	nan	nan	nan	nan	1	3	0	nan	0.000000	nan
ASV_350_16S_022_3	ENV_Temperature	2	nan	0.284390	nan	nan	nan	nan	nan	2	0	0	nan	0.000000	nan
ASV_1229_16S_022_3	ENV_Temperature	3	nan	0.381211	nan	nan	nan	nan	nan	2	1	0	nan	0.000000	nan
ASV_49_16S_022_3	ENV_Temperature	3	nan	0.519919	nan	nan	nan	nan	nan	1	2	0	nan	0.000000	nan
ASV_2181_16S_022_3	ENV_Temperature	5	nan	0.204796	nan	nan	nan	nan	nan	3	2	0	nan	0.000000	nan
OTU_1408_18S_3_200	ENV_Temperature	2	nan	0.144925	nan	nan	nan	nan	nan	1	1	0	nan	0.000000	nan
ASV_938_16S_022_3	ENV_Temperature	1	nan	0.166941	nan	nan	nan	nan	nan	1	0	0	nan	0.000000	nan
ASV_376_16S_022_3	ENV_Temperature	5	nan	0.121125	nan	nan	nan	nan	nan	4	1	0	nan	0.000000	nan
ASV_709_16S_022_3	ENV_Temperature	5	nan	0.226090	nan	nan	nan	nan	nan	5	0	0	nan	0.000000	nan
ASV_126_16S_022_3	ENV_Temperature	4	nan	0.119507	nan	nan	nan	nan	nan	4	0	0	nan	0.000000	nan
ASV_612_16S_022_3	ENV_Temperature	4	nan	0.323448	nan	nan	nan	nan	nan	1	3	0	nan	0.000000	nan
OTU_329_18S_022_3	ENV_Temperature	2	nan	0.109098	nan	nan	nan	nan	nan	2	0	0	nan	0.000000	nan
OTU_2284_18S_022_3	ENV_Temperature	2	nan	0.087163	nan	nan	nan	nan	nan	2	0	0	nan	0.000000	nan
ASV_325_16S_022_3	ENV_Temperature	3	nan	0.331838	nan	nan	nan	nan	nan	1	2	0	nan	0.000000	nan
ASV_199_16S_022_3	ENV_Temperature	2	nan	0.369474	nan	nan	nan	nan	nan	0	2	0	nan	0.000000	nan
ASV_121_16S_022_3	ENV_Temperature	4	nan	0.204293	nan	nan	nan	nan	nan	4	0	0	nan	0.000000	nan
ASV_951_16S_022_3	ENV_Temperature	4	nan	0.328670	nan	nan	nan	nan	nan	1	3	0	nan	0.000000	nan
ASV_1541_16S_3_200	ENV_Temperature	1	nan	0.085179	nan	nan	nan	nan	nan	1	0	0	nan	0.000000	nan
OTU_1970_18S_3_200	ENV_Temperature	4	nan	0.179607	nan	nan	nan	nan	nan	2	2	0	nan	0.000000	nan
ASV_405_16S_3_200	ENV_Temperature	2	nan	0.264940	nan	nan	nan	nan	nan	1	1	0	nan	0.000000	nan
ASV_274_16S_022_3	ENV_Temperature	4	nan	0.171297	nan	nan	nan	nan	nan	2	2	0	nan	0.000000	nan
OTU_1070_18S_022_3	ENV_Temperature	2	nan	0.225031	nan	nan	nan	nan	nan	0	2	0	nan	0.000000	nan
ASV_1577_16S_022_3	ENV_Temperature	5	nan	0.305655	nan	nan	nan	nan	nan	0	5	0	nan	0.000000	nan
OTU_3655_18S_3_200	ENV_Temperature	1	nan	0.121125	nan	nan	nan	nan	nan	1	0	0	nan	0.000000	nan
OTU_505_18S_3_200	ENV_Temperature	3	nan	0.254243	nan	nan	nan	nan	nan	1	2	0	nan	0.000000	nan
OTU_924_18S_3_200	ENV_Temperature	3	nan	0.179179	nan	nan	nan	nan	nan	1	2	0	nan	0.000000	nan
ASV_566_16S_022_3	ENV_Temperature	4	nan	0.397040	nan	nan	nan	nan	nan	2	2	0	nan	0.000000	nan
ASV_644_16S_022_3	ENV_Temperature	6	nan	0.144735	nan	nan	nan	nan	nan	4	2	0	nan	0.000000	nan
ASV_1136_16S_022_3	ENV_Temperature	4	nan	0.284360	nan	nan	nan	nan	nan	1	3	0	nan	0.000000	nan
OTU_186_18S_022_3	ENV_Temperature	1	nan	0.174848	nan	nan	nan	nan	nan	0	1	0	nan	0.000000	nan
ASV_1305_16S_022_3	ENV_Temperature	2	nan	0.157636	nan	nan	nan	nan	nan	1	1	0	nan	0.000000	nan
OTU_3598_18S_022_3	ENV_Temperature	3	nan	0.152300	nan	nan	nan	nan	nan	0	3	0	nan	0.000000	nan
ASV_339_16S_022_3	ENV_Temperature	3	nan	0.252274	nan	nan	nan	nan	nan	2	1	0	nan	0.000000	nan
ASV_255_16S_022_3	ENV_Temperature	2	nan	0.152504	nan	nan	nan	nan	nan	2	0	0	nan	0.000000	nan
ASV_779_16S_022_3	ENV_Temperature	2	nan	0.445950	nan	nan	nan	nan	nan	1	1	0	nan	0.000000	nan
ASV_122_16S_022_3	ENV_Temperature	4	nan	0.404768	nan	nan	nan	nan	nan	2	2	0	nan	0.000000	nan
ASV_157_16S_022_3	ENV_Temperature	2	nan	0.268570	nan	nan	nan	nan	nan	0	2	0	nan	0.000000	nan
ASV_580_16S_022_3	ENV_Temperature	1	nan	0.281520	nan	nan	nan	nan	nan	0	1	0	nan	0.000000	nan
ASV_463_16S_022_3	ENV_Temperature	3	nan	0.531020	nan	nan	nan	nan	nan	0	2	1	nan	0.000000	nan
ASV_1190_16S_022_3	ENV_Temperature	4	nan	0.236240	nan	nan	nan	nan	nan	2	2	0	nan	0.000000	nan
ASV_192_16S_022_3	ENV_Temperature	3	nan	0.246768	nan	nan	nan	nan	nan	2	1	0	nan	0.000000	nan
ASV_3_16S_022_3	ENV_Temperature	3	nan	0.274543	nan	nan	nan	nan	nan	2	0	1	nan	0.000000	nan
ASV_390_16S_022_3	ENV_Temperature	3	nan	0.405553	nan	nan	nan	nan	nan	1	1	1	nan	0.000000	nan
ASV_552_16S_022_3	ENV_Temperature	4	nan	0.287488	nan	nan	nan	nan	nan	2	2	0	nan	0.000000	nan
ASV_459_16S_3_200	ENV_Temperature	3	nan	0.136665	nan	nan	nan	nan	nan	3	0	0	nan	0.000000	nan
OTU_516_18S_022_3	ENV_Temperature	2	nan	0.299056	nan	nan	nan	nan	nan	1	1	0	nan	0.000000	nan
ASV_1270_16S_022_3	ENV_Temperature	3	nan	0.206780	nan	nan	nan	nan	nan	2	1	0	nan	0.000000	nan
ASV_803_16S_022_3	ENV_Temperature	4	nan	0.301646	nan	nan	nan	nan	nan	1	3	0	nan	0.000000	nan
ASV_675_16S_022_3	ENV_Temperature	4	nan	0.381211	nan	nan	nan	nan	nan	1	3	0	nan	0.000000	nan
ASV_574_16S_022_3	ENV_Temperature	6	nan	0.331838	nan	nan	nan	nan	nan	1	5	0	nan	0.000000	nan
ASV_564_16S_022_3	ENV_Temperature	4	nan	0.295957	nan	nan	nan	nan	nan	3	1	0	nan	0.000000	nan
ASV_2226_16S_022_3	ENV_Temperature	3	nan	0.121125	nan	nan	nan	nan	nan	3	0	0	nan	0.000000	nan
ASV_687_16S_022_3	ENV_Temperature	2	nan	0.199738	nan	nan	nan	nan	nan	2	0	0	nan	0.000000	nan
ASV_155_16S_022_3	ENV_Temperature	2	nan	0.305655	nan	nan	nan	nan	nan	1	1	0	nan	0.000000	nan
ASV_1362_16S_022_3	ENV_Temperature	5	nan	0.284360	nan	nan	nan	nan	nan	0	5	0	nan	0.000000	nan
ASV_1375_16S_3_200	ENV_Temperature	3	nan	0.144735	nan	nan	nan	nan	nan	2	1	0	nan	0.000000	nan
ASV_362_16S_022_3	ENV_Temperature	4	nan	0.453131	nan	nan	nan	nan	nan	1	2	1	nan	0.000000	nan
OTU_83_18S_3_200	ENV_Temperature	4	nan	0.099615	nan	nan	nan	nan	nan	1	3	0	nan	0.000000	nan
ASV_793_16S_022_3	ENV_Temperature	3	nan	0.476315	nan	nan	nan	nan	nan	2	1	0	nan	0.000000	nan
ASV_705_16S_022_3	ENV_Temperature	3	nan	0.226598	nan	nan	nan	nan	nan	0	3	0	nan	0.000000	nan
ASV_248_16S_022_3	ENV_Temperature	5	nan	0.261757	nan	nan	nan	nan	nan	1	4	0	nan	0.000000	nan
ASV_863_16S_022_3	ENV_Temperature	4	nan	0.295957	nan	nan	nan	nan	nan	1	3	0	nan	0.000000	nan
OTU_4876_18S_3_200	ENV_Temperature	3	nan	0.151291	nan	nan	nan	nan	nan	0	3	0	nan	0.000000	nan
ASV_388_16S_022_3	ENV_Temperature	2	nan	0.426769	nan	nan	nan	nan	nan	1	1	0	nan	0.000000	nan
OTU_86_18S_3_200	ENV_Temperature	3	nan	0.121125	nan	nan	nan	nan	nan	3	0	0	nan	0.000000	nan
ASV_440_16S_022_3	ENV_Temperature	2	nan	0.133784	nan	nan	nan	nan	nan	2	0	0	nan	0.000000	nan
OTU_391_18S_3_200	ENV_Temperature	3	nan	0.137758	nan	nan	nan	nan	nan	3	0	0	nan	0.000000	nan
ASV_135_16S_022_3	ENV_Temperature	2	nan	0.274369	nan	nan	nan	nan	nan	1	0	1	nan	0.000000	nan
OTU_30_18S_3_200	ENV_Temperature	1	nan	0.101798	nan	nan	nan	nan	nan	1	0	0	nan	0.000000	nan
OTU_550_18S_022_3	ENV_Temperature	2	nan	0.244053	nan	nan	nan	nan	nan	1	1	0	nan	0.000000	nan
OTU_22_18S_022_3	ENV_Temperature	1	nan	0.204298	nan	nan	nan	nan	nan	0	1	0	nan	0.000000	nan
OTU_2785_18S_3_200	ENV_Temperature	2	nan	0.087163	nan	nan	nan	nan	nan	2	0	0	nan	0.000000	nan
ASV_884_16S_022_3	ENV_Temperature	1	nan	0.235654	nan	nan	nan	nan	nan	0	1	0	nan	0.000000	nan
OTU_2449_18S_3_200	ENV_Temperature	2	nan	0.144735	nan	nan	nan	nan	nan	0	2	0	nan	0.000000	nan
OTU_1102_18S_022_3	ENV_Temperature	3	nan	0.172625	nan	nan	nan	nan	nan	1	2	0	nan	0.000000	nan
OTU_879_18S_3_200	ENV_Temperature	5	nan	0.305655	nan	nan	nan	nan	nan	0	5	0	nan	0.000000	nan
ASV_1543_16S_022_3	ENV_Temperature	3	nan	0.284360	nan	nan	nan	nan	nan	0	3	0	nan	0.000000	nan
ASV_632_16S_022_3	ENV_Temperature	2	nan	0.268739	nan	nan	nan	nan	nan	2	0	0	nan	0.000000	nan
ASV_473_16S_022_3	ENV_Temperature	4	nan	0.153792	nan	nan	nan	nan	nan	4	0	0	nan	0.000000	nan
ASV_893_16S_022_3	ENV_Temperature	3	nan	0.265686	nan	nan	nan	nan	nan	2	1	0	nan	0.000000	nan
ASV_1061_16S_022_3	ENV_Temperature	5	nan	0.295957	nan	nan	nan	nan	nan	3	2	0	nan	0.000000	nan
OTU_406_18S_022_3	ENV_Temperature	1	nan	0.099874	nan	nan	nan	nan	nan	1	0	0	nan	0.000000	nan
OTU_3563_18S_3_200	ENV_Temperature	2	nan	0.087163	nan	nan	nan	nan	nan	2	0	0	nan	0.000000	nan
ASV_179_16S_022_3	ENV_Temperature	3	nan	0.182571	nan	nan	nan	nan	nan	2	1	0	nan	0.000000	nan
OTU_1397_18S_3_200	ENV_Temperature	6	nan	0.099615	nan	nan	nan	nan	nan	6	0	0	nan	0.000000	nan
ASV_1257_16S_022_3	ENV_Temperature	2	nan	0.151291	nan	nan	nan	nan	nan	0	2	0	nan	0.000000	nan
ASV_1071_16S_022_3	ENV_Temperature	2	nan	0.284390	nan	nan	nan	nan	nan	1	1	0	nan	0.000000	nan
OTU_1144_18S_022_3	ENV_Temperature	1	nan	0.219944	nan	nan	nan	nan	nan	1	0	0	nan	0.000000	nan
ASV_697_16S_022_3	ENV_Temperature	3	nan	0.153792	nan	nan	nan	nan	nan	2	1	0	nan	0.000000	nan
OTU_568_18S_3_200	ENV_Temperature	3	nan	0.093145	nan	nan	nan	nan	nan	3	0	0	nan	0.000000	nan
ASV_943_16S_022_3	ENV_Temperature	3	nan	0.381211	nan	nan	nan	nan	nan	1	2	0	nan	0.000000	nan
ASV_648_16S_022_3	ENV_Temperature	4	nan	0.121125	nan	nan	nan	nan	nan	2	2	0	nan	0.000000	nan
OTU_68_18S_3_200	ENV_Temperature	3	nan	0.138141	nan	nan	nan	nan	nan	1	2	0	nan	0.000000	nan
ASV_730_16S_022_3	ENV_Temperature	4	nan	0.381211	nan	nan	nan	nan	nan	0	4	0	nan	0.000000	nan
ASV_688_16S_022_3	ENV_Temperature	2	nan	0.110188	nan	nan	nan	nan	nan	1	1	0	nan	0.000000	nan
ASV_495_16S_022_3	ENV_Temperature	3	nan	0.418842	nan	nan	nan	nan	nan	1	2	0	nan	0.000000	nan
ASV_706_16S_3_200	ENV_Temperature	4	nan	0.270908	nan	nan	nan	nan	nan	0	4	0	nan	0.000000	nan
ASV_311_16S_022_3	ENV_Temperature	4	nan	0.405553	nan	nan	nan	nan	nan	3	1	0	nan	0.000000	nan
ASV_1139_16S_022_3	ENV_Temperature	4	nan	0.236782	nan	nan	nan	nan	nan	1	3	0	nan	0.000000	nan
ASV_926_16S_022_3	ENV_Temperature	2	nan	0.381211	nan	nan	nan	nan	nan	0	2	0	nan	0.000000	nan
ASV_647_16S_022_3	ENV_Temperature	3	nan	0.427355	nan	nan	nan	nan	nan	0	3	0	nan	0.000000	nan
OTU_2133_18S_3_200	ENV_Temperature	3	nan	0.176340	nan	nan	nan	nan	nan	1	2	0	nan	0.000000	nan
OTU_2496_18S_3_200	ENV_Temperature	3	nan	0.247599	nan	nan	nan	nan	nan	0	3	0	nan	0.000000	nan
ASV_397_16S_022_3	ENV_Temperature	2	nan	0.200742	nan	nan	nan	nan	nan	2	0	0	nan	0.000000	nan
OTU_2662_18S_022_3	ENV_Temperature	4	nan	0.106981	nan	nan	nan	nan	nan	4	0	0	nan	0.000000	nan
OTU_1354_18S_3_200	ENV_Temperature	2	nan	0.121125	nan	nan	nan	nan	nan	0	2	0	nan	0.000000	nan
ASV_306_16S_022_3	ENV_Temperature	4	nan	0.225797	nan	nan	nan	nan	nan	1	3	0	nan	0.000000	nan
ASV_291_16S_022_3	ENV_Temperature	1	nan	0.205163	nan	nan	nan	nan	nan	1	0	0	nan	0.000000	nan
OTU_989_18S_3_200	ENV_Temperature	7	nan	0.144925	nan	nan	nan	nan	nan	1	6	0	nan	0.000000	nan
OTU_2054_18S_3_200	ENV_Temperature	1	nan	0.144925	nan	nan	nan	nan	nan	1	0	0	nan	0.000000	nan
OTU_3384_18S_022_3	ENV_Temperature	1	nan	0.144735	nan	nan	nan	nan	nan	0	1	0	nan	0.000000	nan
ASV_294_16S_3_200	ENV_Temperature	2	nan	0.352227	nan	nan	nan	nan	nan	2	0	0	nan	0.000000	nan
ASV_1287_16S_3_200	ENV_Temperature	2	nan	0.305655	nan	nan	nan	nan	nan	1	1	0	nan	0.000000	nan
OTU_492_18S_3_200	ENV_Temperature	3	nan	0.144925	nan	nan	nan	nan	nan	0	3	0	nan	0.000000	nan
OTU_458_18S_3_200	ENV_Temperature	3	nan	0.144393	nan	nan	nan	nan	nan	3	0	0	nan	0.000000	nan
OTU_1172_18S_3_200	ENV_Temperature	3	nan	0.328670	nan	nan	nan	nan	nan	1	2	0	nan	0.000000	nan
OTU_724_18S_022_3	ENV_Temperature	3	nan	0.158600	nan	nan	nan	nan	nan	1	2	0	nan	0.000000	nan
ASV_889_16S_022_3	ENV_Temperature	2	nan	0.584366	nan	nan	nan	nan	nan	0	1	1	nan	0.000000	nan
OTU_422_18S_022_3	ENV_Temperature	1	nan	0.200742	nan	nan	nan	nan	nan	0	1	0	nan	0.000000	nan
ASV_955_16S_022_3	ENV_Temperature	2	nan	0.353934	nan	nan	nan	nan	nan	0	2	0	nan	0.000000	nan
OTU_997_18S_3_200	ENV_Temperature	5	nan	0.225031	nan	nan	nan	nan	nan	2	3	0	nan	0.000000	nan
ASV_488_16S_022_3	ENV_Temperature	2	nan	0.310622	nan	nan	nan	nan	nan	1	1	0	nan	0.000000	nan
OTU_1284_18S_022_3	ENV_Temperature	2	nan	0.228129	nan	nan	nan	nan	nan	1	1	0	nan	0.000000	nan
ASV_400_16S_022_3	ENV_Temperature	2	nan	0.247977	nan	nan	nan	nan	nan	0	2	0	nan	0.000000	nan
OTU_768_18S_3_200	ENV_Temperature	2	nan	0.195520	nan	nan	nan	nan	nan	0	2	0	nan	0.000000	nan
ASV_633_16S_022_3	ENV_Temperature	1	nan	0.197396	nan	nan	nan	nan	nan	1	0	0	nan	0.000000	nan
OTU_351_18S_022_3	ENV_Temperature	1	nan	0.261593	nan	nan	nan	nan	nan	1	0	0	nan	0.000000	nan
ASV_949_16S_022_3	ENV_Temperature	2	nan	0.249857	nan	nan	nan	nan	nan	0	2	0	nan	0.000000	nan
OTU_29_18S_022_3	ENV_Temperature	3	nan	0.286280	nan	nan	nan	nan	nan	0	3	0	nan	0.000000	nan
ASV_407_16S_022_3	ENV_Temperature	2	nan	0.301105	nan	nan	nan	nan	nan	1	1	0	nan	0.000000	nan
ASV_360_16S_022_3	ENV_Temperature	1	nan	0.166662	nan	nan	nan	nan	nan	1	0	0	nan	0.000000	nan
ASV_979_16S_022_3	ENV_Temperature	3	nan	0.295957	nan	nan	nan	nan	nan	0	3	0	nan	0.000000	nan
ASV_308_16S_022_3	ENV_Temperature	4	nan	0.445950	nan	nan	nan	nan	nan	1	3	0	nan	0.000000	nan
OTU_347_18S_022_3	ENV_Temperature	1	nan	0.121125	nan	nan	nan	nan	nan	1	0	0	nan	0.000000	nan
ASV_996_16S_022_3	ENV_Temperature	2	nan	0.381211	nan	nan	nan	nan	nan	0	2	0	nan	0.000000	nan
ASV_428_16S_022_3	ENV_Temperature	4	nan	0.323448	nan	nan	nan	nan	nan	2	2	0	nan	0.000000	nan
ASV_74_16S_022_3	ENV_Temperature	4	nan	0.280590	nan	nan	nan	nan	nan	3	1	0	nan	0.000000	nan
OTU_167_18S_022_3	ENV_Temperature	2	nan	0.145467	nan	nan	nan	nan	nan	2	0	0	nan	0.000000	nan
ASV_635_16S_022_3	ENV_Temperature	3	nan	0.225126	nan	nan	nan	nan	nan	1	2	0	nan	0.000000	nan
OTU_332_18S_3_200	ENV_Temperature	2	nan	0.167950	nan	nan	nan	nan	nan	1	1	0	nan	0.000000	nan
ASV_829_16S_022_3	ENV_Temperature	4	nan	0.121125	nan	nan	nan	nan	nan	2	2	0	nan	0.000000	nan
ASV_452_16S_022_3	ENV_Temperature	2	nan	0.266148	nan	nan	nan	nan	nan	0	2	0	nan	0.000000	nan
ASV_2084_16S_022_3	ENV_Temperature	1	nan	0.204796	nan	nan	nan	nan	nan	1	0	0	nan	0.000000	nan
OTU_749_18S_3_200	ENV_Temperature	1	nan	0.101798	nan	nan	nan	nan	nan	1	0	0	nan	0.000000	nan
ASV_988_16S_022_3	ENV_Temperature	4	nan	0.204796	nan	nan	nan	nan	nan	4	0	0	nan	0.000000	nan
ASV_1092_16S_022_3	ENV_Temperature	5	nan	0.131990	nan	nan	nan	nan	nan	3	2	0	nan	0.000000	nan
ASV_1193_16S_3_200	ENV_Temperature	2	nan	0.144925	nan	nan	nan	nan	nan	0	2	0	nan	0.000000	nan
ASV_759_16S_022_3	ENV_Temperature	2	nan	0.179607	nan	nan	nan	nan	nan	1	1	0	nan	0.000000	nan
ASV_605_16S_022_3	ENV_Temperature	4	nan	0.186868	nan	nan	nan	nan	nan	3	1	0	nan	0.000000	nan
OTU_4249_18S_3_200	ENV_Temperature	5	nan	0.186037	nan	nan	nan	nan	nan	0	5	0	nan	0.000000	nan
ASV_1205_16S_022_3	ENV_Temperature	2	nan	0.213897	nan	nan	nan	nan	nan	1	1	0	nan	0.000000	nan
OTU_2399_18S_3_200	ENV_Temperature	2	nan	0.151291	nan	nan	nan	nan	nan	2	0	0	nan	0.000000	nan
ASV_585_16S_022_3	ENV_Temperature	4	nan	0.378112	nan	nan	nan	nan	nan	1	3	0	nan	0.000000	nan
ASV_736_16S_022_3	ENV_Temperature	3	nan	0.317973	nan	nan	nan	nan	nan	2	1	0	nan	0.000000	nan
ASV_931_16S_022_3	ENV_Temperature	5	nan	0.445950	nan	nan	nan	nan	nan	0	5	0	nan	0.000000	nan
ASV_42_16S_022_3	ENV_Temperature	2	nan	0.121125	nan	nan	nan	nan	nan	2	0	0	nan	0.000000	nan
OTU_485_18S_022_3	ENV_Temperature	1	nan	0.130195	nan	nan	nan	nan	nan	1	0	0	nan	0.000000	nan
ASV_1320_16S_022_3	ENV_Temperature	3	nan	0.280884	nan	nan	nan	nan	nan	2	1	0	nan	0.000000	nan
ASV_1446_16S_022_3	ENV_Temperature	3	nan	0.361830	nan	nan	nan	nan	nan	0	3	0	nan	0.000000	nan
ASV_1106_16S_022_3	ENV_Temperature	2	nan	0.087163	nan	nan	nan	nan	nan	2	0	0	nan	0.000000	nan
ASV_1439_16S_022_3	ENV_Temperature	2	nan	0.234948	nan	nan	nan	nan	nan	1	1	0	nan	0.000000	nan
OTU_3755_18S_3_200	ENV_Temperature	2	nan	0.121125	nan	nan	nan	nan	nan	2	0	0	nan	0.000000	nan
ASV_530_16S_022_3	ENV_Temperature	2	nan	0.184978	nan	nan	nan	nan	nan	1	1	0	nan	0.000000	nan
OTU_1335_18S_3_200	ENV_Temperature	3	nan	0.092315	nan	nan	nan	nan	nan	2	1	0	nan	0.000000	nan
ASV_213_16S_022_3	ENV_Temperature	3	nan	0.284390	nan	nan	nan	nan	nan	2	1	0	nan	0.000000	nan
ASV_601_16S_022_3	ENV_Temperature	2	nan	0.087163	nan	nan	nan	nan	nan	1	1	0	nan	0.000000	nan
OTU_2620_18S_3_200	ENV_Temperature	5	nan	0.106473	nan	nan	nan	nan	nan	2	3	0	nan	0.000000	nan
ASV_715_16S_022_3	ENV_Temperature	3	nan	0.411696	nan	nan	nan	nan	nan	3	0	0	nan	0.000000	nan
ASV_78_16S_022_3	ENV_Temperature	3	nan	0.180353	nan	nan	nan	nan	nan	1	2	0	nan	0.000000	nan
ASV_967_16S_022_3	ENV_Temperature	2	nan	0.206780	nan	nan	nan	nan	nan	2	0	0	nan	0.000000	nan
ASV_853_16S_022_3	ENV_Temperature	3	nan	0.381211	nan	nan	nan	nan	nan	1	2	0	nan	0.000000	nan
ASV_489_16S_022_3	ENV_Temperature	1	nan	0.411988	nan	nan	nan	nan	nan	0	1	0	nan	0.000000	nan
ASV_758_16S_022_3	ENV_Temperature	3	nan	0.213692	nan	nan	nan	nan	nan	2	1	0	nan	0.000000	nan
OTU_450_18S_022_3	ENV_Temperature	1	nan	0.238164	nan	nan	nan	nan	nan	0	1	0	nan	0.000000	nan
OTU_385_18S_022_3	ENV_Temperature	1	nan	0.084293	nan	nan	nan	nan	nan	1	0	0	nan	0.000000	nan
OTU_1906_18S_3_200	ENV_Temperature	4	nan	0.065361	nan	nan	nan	nan	nan	4	0	0	nan	0.000000	nan
ASV_328_16S_022_3	ENV_Temperature	2	nan	0.176802	nan	nan	nan	nan	nan	1	1	0	nan	0.000000	nan
ASV_437_16S_022_3	ENV_Temperature	2	nan	0.250150	nan	nan	nan	nan	nan	0	2	0	nan	0.000000	nan
ASV_165_16S_022_3	ENV_Temperature	3	nan	0.121125	nan	nan	nan	nan	nan	1	2	0	nan	0.000000	nan
ASV_378_16S_022_3	ENV_Temperature	2	nan	0.313666	nan	nan	nan	nan	nan	0	2	0	nan	0.000000	nan
ASV_1589_16S_022_3	ENV_Temperature	4	nan	0.204796	nan	nan	nan	nan	nan	3	1	0	nan	0.000000	nan
ASV_819_16S_022_3	ENV_Temperature	3	nan	0.411696	nan	nan	nan	nan	nan	1	2	0	nan	0.000000	nan
ASV_576_16S_022_3	ENV_Temperature	4	nan	0.295957	nan	nan	nan	nan	nan	3	1	0	nan	0.000000	nan
ASV_652_16S_022_3	ENV_Temperature	5	nan	0.381211	nan	nan	nan	nan	nan	1	4	0	nan	0.000000	nan
ASV_72_16S_022_3	ENV_Temperature	4	nan	0.552199	nan	nan	nan	nan	nan	0	2	2	nan	0.000000	nan
ASV_158_16S_022_3	ENV_Temperature	2	nan	0.252274	nan	nan	nan	nan	nan	1	1	0	nan	0.000000	nan
OTU_421_18S_022_3	ENV_Temperature	1	nan	0.226175	nan	nan	nan	nan	nan	0	1	0	nan	0.000000	nan
ASV_848_16S_022_3	ENV_Temperature	3	nan	0.204796	nan	nan	nan	nan	nan	3	0	0	nan	0.000000	nan
ASV_130_16S_022_3	ENV_Temperature	2	nan	0.170040	nan	nan	nan	nan	nan	1	1	0	nan	0.000000	nan
ASV_1094_16S_022_3	ENV_Temperature	6	nan	0.332132	nan	nan	nan	nan	nan	2	4	0	nan	0.000000	nan
OTU_1374_18S_022_3	ENV_Temperature	3	nan	0.291820	nan	nan	nan	nan	nan	1	2	0	nan	0.000000	nan
ASV_20_16S_3_200	ENV_Temperature	1	nan	0.093952	nan	nan	nan	nan	nan	1	0	0	nan	0.000000	nan
ASV_400_16S_3_200	ENV_Temperature	3	nan	0.285936	nan	nan	nan	nan	nan	0	3	0	nan	0.000000	nan
ASV_720_16S_022_3	ENV_Temperature	4	nan	0.284360	nan	nan	nan	nan	nan	2	2	0	nan	0.000000	nan
ASV_522_16S_022_3	ENV_Temperature	2	nan	0.226175	nan	nan	nan	nan	nan	1	1	0	nan	0.000000	nan
ASV_764_16S_022_3	ENV_Temperature	3	nan	0.264543	nan	nan	nan	nan	nan	1	2	0	nan	0.000000	nan
ASV_776_16S_022_3	ENV_Temperature	2	nan	0.188336	nan	nan	nan	nan	nan	2	0	0	nan	0.000000	nan
OTU_1902_18S_022_3	ENV_Temperature	3	nan	0.121125	nan	nan	nan	nan	nan	0	3	0	nan	0.000000	nan
ASV_900_16S_022_3	ENV_Temperature	3	nan	0.249106	nan	nan	nan	nan	nan	3	0	0	nan	0.000000	nan
OTU_2382_18S_022_3	ENV_Temperature	3	nan	0.121417	nan	nan	nan	nan	nan	1	2	0	nan	0.000000	nan
OTU_932_18S_022_3	ENV_Temperature	3	nan	0.276960	nan	nan	nan	nan	nan	1	2	0	nan	0.000000	nan
ASV_658_16S_022_3	ENV_Temperature	2	nan	0.121417	nan	nan	nan	nan	nan	2	0	0	nan	0.000000	nan
OTU_3663_18S_022_3	ENV_Temperature	2	nan	0.259918	nan	nan	nan	nan	nan	1	1	0	nan	0.000000	nan
ASV_512_16S_022_3	ENV_Temperature	3	nan	0.353640	nan	nan	nan	nan	nan	0	3	0	nan	0.000000	nan
ASV_1289_16S_022_3	ENV_Temperature	3	nan	0.211932	nan	nan	nan	nan	nan	2	1	0	nan	0.000000	nan
ASV_348_16S_3_200	ENV_Temperature	2	nan	0.241960	nan	nan	nan	nan	nan	0	2	0	nan	0.000000	nan
OTU_3466_18S_022_3	ENV_Temperature	1	nan	0.225031	nan	nan	nan	nan	nan	0	1	0	nan	0.000000	nan
ASV_560_16S_022_3	ENV_Temperature	4	nan	0.411696	nan	nan	nan	nan	nan	0	4	0	nan	0.000000	nan
ASV_590_16S_022_3	ENV_Temperature	1	nan	0.226090	nan	nan	nan	nan	nan	1	0	0	nan	0.000000	nan
OTU_868_18S_022_3	ENV_Temperature	5	nan	0.133458	nan	nan	nan	nan	nan	2	3	0	nan	0.000000	nan
OTU_213_18S_3_200	ENV_Temperature	3	nan	0.213348	nan	nan	nan	nan	nan	3	0	0	nan	0.000000	nan
OTU_1095_18S_3_200	ENV_Temperature	2	nan	0.147571	nan	nan	nan	nan	nan	1	1	0	nan	0.000000	nan
OTU_2682_18S_3_200	ENV_Temperature	2	nan	0.144925	nan	nan	nan	nan	nan	0	2	0	nan	0.000000	nan
OTU_1226_18S_3_200	ENV_Temperature	1	nan	0.065361	nan	nan	nan	nan	nan	1	0	0	nan	0.000000	nan
OTU_873_18S_022_3	ENV_Temperature	4	nan	0.145467	nan	nan	nan	nan	nan	4	0	0	nan	0.000000	nan
ASV_143_16S_022_3	ENV_Temperature	4	nan	0.264543	nan	nan	nan	nan	nan	0	4	0	nan	0.000000	nan
OTU_2308_18S_3_200	ENV_Temperature	4	nan	0.087163	nan	nan	nan	nan	nan	3	1	0	nan	0.000000	nan
OTU_682_18S_3_200	ENV_Temperature	3	nan	0.166941	nan	nan	nan	nan	nan	1	2	0	nan	0.000000	nan
ASV_424_16S_022_3	ENV_Temperature	4	nan	0.353719	nan	nan	nan	nan	nan	0	4	0	nan	0.000000	nan
OTU_889_18S_3_200	ENV_Temperature	3	nan	0.121125	nan	nan	nan	nan	nan	3	0	0	nan	0.000000	nan
OTU_2758_18S_3_200	ENV_Temperature	1	nan	0.106981	nan	nan	nan	nan	nan	0	1	0	nan	0.000000	nan
ASV_1201_16S_3_200	ENV_Temperature	2	nan	0.225031	nan	nan	nan	nan	nan	1	1	0	nan	0.000000	nan
ASV_1127_16S_022_3	ENV_Temperature	4	nan	0.087163	nan	nan	nan	nan	nan	2	2	0	nan	0.000000	nan
ASV_36_16S_022_3	ENV_Temperature	3	nan	0.239791	nan	nan	nan	nan	nan	1	2	0	nan	0.000000	nan
ASV_425_16S_022_3	ENV_Temperature	3	nan	0.262683	nan	nan	nan	nan	nan	1	2	0	nan	0.000000	nan
ASV_1367_16S_022_3	ENV_Temperature	3	nan	0.381211	nan	nan	nan	nan	nan	0	3	0	nan	0.000000	nan
OTU_1230_18S_022_3	ENV_Temperature	2	nan	0.323234	nan	nan	nan	nan	nan	1	1	0	nan	0.000000	nan
ASV_722_16S_022_3	ENV_Temperature	3	nan	0.411696	nan	nan	nan	nan	nan	0	3	0	nan	0.000000	nan
ASV_470_16S_022_3	ENV_Temperature	1	nan	0.237493	nan	nan	nan	nan	nan	1	0	0	nan	0.000000	nan
ASV_533_16S_022_3	ENV_Temperature	4	nan	0.411696	nan	nan	nan	nan	nan	3	1	0	nan	0.000000	nan
ASV_63_16S_022_3	ENV_Temperature	2	nan	0.134874	nan	nan	nan	nan	nan	2	0	0	nan	0.000000	nan
ASV_917_16S_022_3	ENV_Temperature	5	nan	0.411696	nan	nan	nan	nan	nan	1	4	0	nan	0.000000	nan
ASV_824_16S_022_3	ENV_Temperature	5	nan	0.144735	nan	nan	nan	nan	nan	3	2	0	nan	0.000000	nan
ASV_1331_16S_022_3	ENV_Temperature	5	nan	0.226090	nan	nan	nan	nan	nan	4	1	0	nan	0.000000	nan
ASV_1235_16S_022_3	ENV_Temperature	2	nan	0.284360	nan	nan	nan	nan	nan	1	1	0	nan	0.000000	nan
OTU_6834_18S_022_3	ENV_Temperature	2	nan	0.144925	nan	nan	nan	nan	nan	1	1	0	nan	0.000000	nan
OTU_248_18S_022_3	ENV_Temperature	2	nan	0.134288	nan	nan	nan	nan	nan	2	0	0	nan	0.000000	nan
ASV_1411_16S_022_3	ENV_Temperature	4	nan	0.328670	nan	nan	nan	nan	nan	1	3	0	nan	0.000000	nan
OTU_162_18S_3_200	ENV_Temperature	1	nan	0.273161	nan	nan	nan	nan	nan	0	1	0	nan	0.000000	nan
OTU_217_18S_022_3	ENV_Temperature	2	nan	0.188464	nan	nan	nan	nan	nan	1	1	0	nan	0.000000	nan
OTU_2040_18S_022_3	ENV_Temperature	4	nan	0.121125	nan	nan	nan	nan	nan	1	3	0	nan	0.000000	nan
ASV_50_16S_022_3	ENV_Temperature	3	nan	0.301646	nan	nan	nan	nan	nan	2	1	0	nan	0.000000	nan
ASV_1551_16S_022_3	ENV_Temperature	6	nan	0.226090	nan	nan	nan	nan	nan	2	4	0	nan	0.000000	nan
OTU_1404_18S_022_3	ENV_Temperature	3	nan	0.144925	nan	nan	nan	nan	nan	0	3	0	nan	0.000000	nan
ASV_641_16S_022_3	ENV_Temperature	3	nan	0.301646	nan	nan	nan	nan	nan	0	3	0	nan	0.000000	nan
OTU_1557_18S_022_3	ENV_Temperature	3	nan	0.065361	nan	nan	nan	nan	nan	3	0	0	nan	0.000000	nan
ASV_181_16S_022_3	ENV_Temperature	1	nan	0.252274	nan	nan	nan	nan	nan	0	1	0	nan	0.000000	nan
ASV_1335_16S_022_3	ENV_Temperature	5	nan	0.121125	nan	nan	nan	nan	nan	4	1	0	nan	0.000000	nan
ASV_1171_16S_022_3	ENV_Temperature	3	nan	0.353719	nan	nan	nan	nan	nan	0	3	0	nan	0.000000	nan
ASV_1215_16S_022_3	ENV_Temperature	4	nan	0.247892	nan	nan	nan	nan	nan	2	2	0	nan	0.000000	nan
ASV_1210_16S_022_3	ENV_Temperature	4	nan	0.284360	nan	nan	nan	nan	nan	1	3	0	nan	0.000000	nan
ASV_218_16S_022_3	ENV_Temperature	3	nan	0.329963	nan	nan	nan	nan	nan	1	2	0	nan	0.000000	nan
ASV_431_16S_022_3	ENV_Temperature	3	nan	0.214901	nan	nan	nan	nan	nan	2	1	0	nan	0.000000	nan
ASV_904_16S_3_200	ENV_Temperature	4	nan	0.179179	nan	nan	nan	nan	nan	2	2	0	nan	0.000000	nan
ASV_18_16S_022_3	ENV_Temperature	1	nan	0.221540	nan	nan	nan	nan	nan	1	0	0	nan	0.000000	nan
OTU_1304_18S_3_200	ENV_Temperature	4	nan	0.170203	nan	nan	nan	nan	nan	0	4	0	nan	0.000000	nan
ASV_276_16S_022_3	ENV_Temperature	2	nan	0.179179	nan	nan	nan	nan	nan	0	2	0	nan	0.000000	nan
ASV_1317_16S_022_3	ENV_Temperature	5	nan	0.259997	nan	nan	nan	nan	nan	3	2	0	nan	0.000000	nan
ASV_595_16S_022_3	ENV_Temperature	2	nan	0.188336	nan	nan	nan	nan	nan	1	1	0	nan	0.000000	nan
ASV_64_16S_022_3	ENV_Temperature	2	nan	0.217989	nan	nan	nan	nan	nan	1	1	0	nan	0.000000	nan
OTU_858_18S_3_200	ENV_Temperature	2	nan	0.344160	nan	nan	nan	nan	nan	0	2	0	nan	0.000000	nan
ASV_490_16S_022_3	ENV_Temperature	4	nan	0.405553	nan	nan	nan	nan	nan	2	2	0	nan	0.000000	nan
OTU_453_18S_3_200	ENV_Temperature	2	nan	0.231864	nan	nan	nan	nan	nan	0	2	0	nan	0.000000	nan
OTU_291_18S_3_200	ENV_Temperature	2	nan	0.139092	nan	nan	nan	nan	nan	0	2	0	nan	0.000000	nan
ASV_1645_16S_022_3	ENV_Temperature	3	nan	0.226598	nan	nan	nan	nan	nan	2	1	0	nan	0.000000	nan
OTU_1984_18S_022_3	ENV_Temperature	2	nan	0.079996	nan	nan	nan	nan	nan	2	0	0	nan	0.000000	nan
OTU_101_18S_3_200	ENV_Temperature	4	nan	0.307445	nan	nan	nan	nan	nan	2	2	0	nan	0.000000	nan
ASV_930_16S_022_3	ENV_Temperature	3	nan	0.249106	nan	nan	nan	nan	nan	2	1	0	nan	0.000000	nan
ASV_133_16S_3_200	ENV_Temperature	2	nan	0.127028	nan	nan	nan	nan	nan	2	0	0	nan	0.000000	nan
OTU_1607_18S_3_200	ENV_Temperature	2	nan	0.250782	nan	nan	nan	nan	nan	0	2	0	nan	0.000000	nan
ASV_1686_16S_022_3	ENV_Temperature	3	nan	0.247892	nan	nan	nan	nan	nan	1	2	0	nan	0.000000	nan
ASV_101_16S_3_200	ENV_Temperature	3	nan	0.225031	nan	nan	nan	nan	nan	1	2	0	nan	0.000000	nan
ASV_1406_16S_022_3	ENV_Temperature	3	nan	0.121125	nan	nan	nan	nan	nan	1	2	0	nan	0.000000	nan
ASV_180_16S_022_3	ENV_Temperature	2	nan	0.234102	nan	nan	nan	nan	nan	1	1	0	nan	0.000000	nan
ASV_1855_16S_022_3	ENV_Temperature	4	nan	0.270908	nan	nan	nan	nan	nan	1	3	0	nan	0.000000	nan
ASV_104_16S_022_3	ENV_Temperature	1	nan	0.411696	nan	nan	nan	nan	nan	0	0	1	nan	0.000000	nan
OTU_1346_18S_3_200	ENV_Temperature	2	nan	0.149993	nan	nan	nan	nan	nan	0	2	0	nan	0.000000	nan
ASV_2014_16S_022_3	ENV_Temperature	2	nan	0.250399	nan	nan	nan	nan	nan	1	1	0	nan	0.000000	nan
ASV_651_16S_022_3	ENV_Temperature	2	nan	0.187674	nan	nan	nan	nan	nan	0	2	0	nan	0.000000	nan
ASV_166_16S_022_3	ENV_Temperature	2	nan	0.121125	nan	nan	nan	nan	nan	2	0	0	nan	0.000000	nan
OTU_1761_18S_022_3	ENV_Temperature	2	nan	0.099615	nan	nan	nan	nan	nan	2	0	0	nan	0.000000	nan
ASV_322_16S_022_3	ENV_Temperature	3	nan	0.284360	nan	nan	nan	nan	nan	1	2	0	nan	0.000000	nan
ASV_1777_16S_022_3	ENV_Temperature	3	nan	0.305655	nan	nan	nan	nan	nan	1	2	0	nan	0.000000	nan
ASV_600_16S_022_3	ENV_Temperature	5	nan	0.144735	nan	nan	nan	nan	nan	3	2	0	nan	0.000000	nan
OTU_1376_18S_022_3	ENV_Temperature	1	nan	0.115956	nan	nan	nan	nan	nan	1	0	0	nan	0.000000	nan
ASV_2079_16S_022_3	ENV_Temperature	4	nan	0.328670	nan	nan	nan	nan	nan	0	3	1	nan	0.000000	nan
ASV_369_16S_022_3	ENV_Temperature	3	nan	0.434213	nan	nan	nan	nan	nan	1	2	0	nan	0.000000	nan
ASV_1644_16S_022_3	ENV_Temperature	3	nan	0.264543	nan	nan	nan	nan	nan	1	2	0	nan	0.000000	nan
OTU_2150_18S_022_3	ENV_Temperature	2	nan	0.121417	nan	nan	nan	nan	nan	1	1	0	nan	0.000000	nan
OTU_1275_18S_022_3	ENV_Temperature	1	nan	0.072735	nan	nan	nan	nan	nan	1	0	0	nan	0.000000	nan
ASV_599_16S_022_3	ENV_Temperature	4	nan	0.353719	nan	nan	nan	nan	nan	0	4	0	nan	0.000000	nan
ASV_1087_16S_022_3	ENV_Temperature	3	nan	0.226598	nan	nan	nan	nan	nan	1	2	0	nan	0.000000	nan
ASV_68_16S_022_3	ENV_Temperature	2	nan	0.323448	nan	nan	nan	nan	nan	1	1	0	nan	0.000000	nan
ASV_1125_16S_022_3	ENV_Temperature	3	nan	0.305655	nan	nan	nan	nan	nan	1	2	0	nan	0.000000	nan
ASV_150_16S_022_3	ENV_Temperature	1	nan	0.192636	nan	nan	nan	nan	nan	1	0	0	nan	0.000000	nan
ASV_1491_16S_022_3	ENV_Temperature	3	nan	0.197858	nan	nan	nan	nan	nan	3	0	0	nan	0.000000	nan
ASV_379_16S_022_3	ENV_Temperature	2	nan	0.287488	nan	nan	nan	nan	nan	1	1	0	nan	0.000000	nan
ASV_1037_16S_022_3	ENV_Temperature	3	nan	0.317973	nan	nan	nan	nan	nan	2	1	0	nan	0.000000	nan
OTU_378_18S_022_3	ENV_Temperature	2	nan	0.081787	nan	nan	nan	nan	nan	2	0	0	nan	0.000000	nan
OTU_95_18S_022_3	ENV_Temperature	2	nan	0.280805	nan	nan	nan	nan	nan	2	0	0	nan	0.000000	nan
ASV_754_16S_022_3	ENV_Temperature	3	nan	0.285350	nan	nan	nan	nan	nan	1	2	0	nan	0.000000	nan
ASV_1498_16S_022_3	ENV_Temperature	3	nan	0.296464	nan	nan	nan	nan	nan	3	0	0	nan	0.000000	nan
ASV_547_16S_022_3	ENV_Temperature	2	nan	0.219198	nan	nan	nan	nan	nan	2	0	0	nan	0.000000	nan
ASV_540_16S_022_3	ENV_Temperature	4	nan	0.425400	nan	nan	nan	nan	nan	2	2	0	nan	0.000000	nan
ASV_1632_16S_022_3	ENV_Temperature	4	nan	0.211932	nan	nan	nan	nan	nan	3	1	0	nan	0.000000	nan
OTU_2590_18S_3_200	ENV_Temperature	4	nan	0.197858	nan	nan	nan	nan	nan	0	4	0	nan	0.000000	nan
ASV_2030_16S_022_3	ENV_Temperature	4	nan	0.249106	nan	nan	nan	nan	nan	2	2	0	nan	0.000000	nan
ASV_136_16S_022_3	ENV_Temperature	2	nan	0.172710	nan	nan	nan	nan	nan	2	0	0	nan	0.000000	nan
OTU_1111_18S_022_3	ENV_Temperature	3	nan	0.116339	nan	nan	nan	nan	nan	1	2	0	nan	0.000000	nan
OTU_382_18S_3_200	ENV_Temperature	2	nan	0.167204	nan	nan	nan	nan	nan	0	2	0	nan	0.000000	nan
ASV_1516_16S_022_3	ENV_Temperature	2	nan	0.284360	nan	nan	nan	nan	nan	0	2	0	nan	0.000000	nan
ASV_2057_16S_022_3	ENV_Temperature	2	nan	0.247892	nan	nan	nan	nan	nan	2	0	0	nan	0.000000	nan
ASV_192_16S_3_200	ENV_Temperature	3	nan	0.343749	nan	nan	nan	nan	nan	2	1	0	nan	0.000000	nan
ASV_154_16S_022_3	ENV_Temperature	4	nan	0.485117	nan	nan	nan	nan	nan	1	3	0	nan	0.000000	nan
ASV_910_16S_022_3	ENV_Temperature	4	nan	0.074228	nan	nan	nan	nan	nan	4	0	0	nan	0.000000	nan
ASV_1593_16S_022_3	ENV_Temperature	7	nan	0.121125	nan	nan	nan	nan	nan	5	2	0	nan	0.000000	nan
ASV_2032_16S_3_200	ENV_Temperature	2	nan	0.207178	nan	nan	nan	nan	nan	0	2	0	nan	0.000000	nan
OTU_422_18S_3_200	ENV_Temperature	5	nan	0.261593	nan	nan	nan	nan	nan	2	3	0	nan	0.000000	nan
ASV_1631_16S_022_3	ENV_Temperature	4	nan	0.264543	nan	nan	nan	nan	nan	1	3	0	nan	0.000000	nan
ASV_467_16S_3_200	ENV_Temperature	2	nan	0.313383	nan	nan	nan	nan	nan	0	2	0	nan	0.000000	nan
OTU_652_18S_022_3	ENV_Temperature	1	nan	0.171297	nan	nan	nan	nan	nan	1	0	0	nan	0.000000	nan
ASV_2127_16S_022_3	ENV_Temperature	4	nan	0.284360	nan	nan	nan	nan	nan	0	4	0	nan	0.000000	nan
ASV_488_16S_3_200	ENV_Temperature	1	nan	0.210346	nan	nan	nan	nan	nan	0	1	0	nan	0.000000	nan
ASV_95_16S_022_3	ENV_Temperature	2	nan	0.272201	nan	nan	nan	nan	nan	0	2	0	nan	0.000000	nan
ASV_1565_16S_022_3	ENV_Temperature	3	nan	0.274155	nan	nan	nan	nan	nan	3	0	0	nan	0.000000	nan
OTU_1298_18S_022_3	ENV_Temperature	1	nan	0.155260	nan	nan	nan	nan	nan	0	1	0	nan	0.000000	nan
OTU_817_18S_3_200	ENV_Temperature	3	nan	0.093145	nan	nan	nan	nan	nan	3	0	0	nan	0.000000	nan
OTU_24_18S_022_3	ENV_Temperature	4	nan	0.140842	nan	nan	nan	nan	nan	3	1	0	nan	0.000000	nan
ASV_1534_16S_022_3	ENV_Temperature	3	nan	0.286742	nan	nan	nan	nan	nan	0	3	0	nan	0.000000	nan
OTU_707_18S_022_3	ENV_Temperature	2	nan	0.232068	nan	nan	nan	nan	nan	0	2	0	nan	0.000000	nan
OTU_2214_18S_022_3	ENV_Temperature	2	nan	0.121417	nan	nan	nan	nan	nan	1	1	0	nan	0.000000	nan
OTU_1834_18S_022_3	ENV_Temperature	3	nan	0.119299	nan	nan	nan	nan	nan	2	1	0	nan	0.000000	nan
ASV_1753_16S_022_3	ENV_Temperature	2	nan	0.262977	nan	nan	nan	nan	nan	1	1	0	nan	0.000000	nan
OTU_2712_18S_3_200	ENV_Temperature	1	nan	0.308702	nan	nan	nan	nan	nan	0	1	0	nan	0.000000	nan
ASV_26_16S_022_3	ENV_Temperature	2	nan	0.450247	nan	nan	nan	nan	nan	0	2	0	nan	0.000000	nan
ASV_1117_16S_022_3	ENV_Temperature	2	nan	0.287488	nan	nan	nan	nan	nan	2	0	0	nan	0.000000	nan
ASV_1727_16S_022_3	ENV_Temperature	2	nan	0.128275	nan	nan	nan	nan	nan	1	1	0	nan	0.000000	nan
ASV_525_16S_022_3	ENV_Temperature	2	nan	0.203164	nan	nan	nan	nan	nan	2	0	0	nan	0.000000	nan
OTU_1432_18S_022_3	ENV_Temperature	2	nan	0.212683	nan	nan	nan	nan	nan	1	1	0	nan	0.000000	nan
OTU_28_18S_022_3	ENV_Temperature	3	nan	0.136749	nan	nan	nan	nan	nan	2	1	0	nan	0.000000	nan
ASV_1147_16S_022_3	ENV_Temperature	4	nan	0.368061	nan	nan	nan	nan	nan	1	3	0	nan	0.000000	nan
OTU_177_18S_022_3	ENV_Temperature	1	nan	0.113660	nan	nan	nan	nan	nan	0	1	0	nan	0.000000	nan
ASV_1481_16S_022_3	ENV_Temperature	5	nan	0.170203	nan	nan	nan	nan	nan	3	2	0	nan	0.000000	nan
OTU_60_18S_022_3	ENV_Temperature	4	nan	0.214015	nan	nan	nan	nan	nan	3	1	0	nan	0.000000	nan
ASV_1173_16S_022_3	ENV_Temperature	2	nan	0.328670	nan	nan	nan	nan	nan	1	1	0	nan	0.000000	nan
OTU_268_18S_022_3	ENV_Temperature	2	nan	0.147108	nan	nan	nan	nan	nan	2	0	0	nan	0.000000	nan
OTU_183_18S_022_3	ENV_Temperature	2	nan	0.115956	nan	nan	nan	nan	nan	2	0	0	nan	0.000000	nan
OTU_182_18S_022_3	ENV_Temperature	3	nan	0.271777	nan	nan	nan	nan	nan	0	3	0	nan	0.000000	nan
ASV_744_16S_022_3	ENV_Temperature	3	nan	0.328670	nan	nan	nan	nan	nan	0	3	0	nan	0.000000	nan
OTU_489_18S_022_3	ENV_Temperature	3	nan	0.188544	nan	nan	nan	nan	nan	2	1	0	nan	0.000000	nan
ASV_1107_16S_022_3	ENV_Temperature	5	nan	0.381211	nan	nan	nan	nan	nan	2	3	0	nan	0.000000	nan
ASV_630_16S_3_200	ENV_Temperature	4	nan	0.170248	nan	nan	nan	nan	nan	2	1	1	nan	0.000000	nan
ASV_111_16S_022_3	ENV_Temperature	2	nan	0.222082	nan	nan	nan	nan	nan	0	2	0	nan	0.000000	nan
ASV_1108_16S_022_3	ENV_Temperature	4	nan	0.328670	nan	nan	nan	nan	nan	1	3	0	nan	0.000000	nan
ASV_703_16S_022_3	ENV_Temperature	1	nan	0.282933	nan	nan	nan	nan	nan	1	0	0	nan	0.000000	nan
ASV_1524_16S_3_200	ENV_Temperature	3	nan	0.121125	nan	nan	nan	nan	nan	3	0	0	nan	0.000000	nan
OTU_2017_18S_3_200	ENV_Temperature	2	nan	0.197858	nan	nan	nan	nan	nan	1	1	0	nan	0.000000	nan
ASV_814_16S_022_3	ENV_Temperature	2	nan	0.313666	nan	nan	nan	nan	nan	0	2	0	nan	0.000000	nan
OTU_2020_18S_3_200	ENV_Temperature	3	nan	0.121125	nan	nan	nan	nan	nan	1	2	0	nan	0.000000	nan
OTU_872_18S_022_3	ENV_Temperature	2	nan	0.079996	nan	nan	nan	nan	nan	2	0	0	nan	0.000000	nan
ASV_1795_16S_022_3	ENV_Temperature	3	nan	0.226090	nan	nan	nan	nan	nan	2	1	0	nan	0.000000	nan
ASV_455_16S_022_3	ENV_Temperature	4	nan	0.388188	nan	nan	nan	nan	nan	2	2	0	nan	0.000000	nan
OTU_1999_18S_3_200	ENV_Temperature	2	nan	0.071020	nan	nan	nan	nan	nan	2	0	0	nan	0.000000	nan
OTU_144_18S_022_3	ENV_Temperature	3	nan	0.193766	nan	nan	nan	nan	nan	2	1	0	nan	0.000000	nan
OTU_613_18S_3_200	ENV_Temperature	3	nan	0.140380	nan	nan	nan	nan	nan	3	0	0	nan	0.000000	nan
ASV_335_16S_022_3	ENV_Temperature	3	nan	0.153792	nan	nan	nan	nan	nan	1	2	0	nan	0.000000	nan
OTU_222_18S_022_3	ENV_Temperature	2	nan	0.121462	nan	nan	nan	nan	nan	1	1	0	nan	0.000000	nan
ASV_234_16S_022_3	ENV_Temperature	2	nan	0.294669	nan	nan	nan	nan	nan	2	0	0	nan	0.000000	nan
OTU_100_18S_022_3	ENV_Temperature	3	nan	0.173516	nan	nan	nan	nan	nan	2	1	0	nan	0.000000	nan
OTU_714_18S_022_3	ENV_Temperature	3	nan	0.072735	nan	nan	nan	nan	nan	3	0	0	nan	0.000000	nan
OTU_2532_18S_3_200	ENV_Temperature	6	nan	0.106473	nan	nan	nan	nan	nan	5	1	0	nan	0.000000	nan
OTU_350_18S_022_3	ENV_Temperature	4	nan	0.142518	nan	nan	nan	nan	nan	1	3	0	nan	0.000000	nan
OTU_1536_18S_3_200	ENV_Temperature	2	nan	0.255964	nan	nan	nan	nan	nan	2	0	0	nan	0.000000	nan
ASV_872_16S_022_3	ENV_Temperature	3	nan	0.184978	nan	nan	nan	nan	nan	2	1	0	nan	0.000000	nan
ASV_1707_16S_022_3	ENV_Temperature	5	nan	0.226598	nan	nan	nan	nan	nan	3	2	0	nan	0.000000	nan
OTU_887_18S_022_3	ENV_Temperature	3	nan	0.219113	nan	nan	nan	nan	nan	2	1	0	nan	0.000000	nan
ASV_101_16S_022_3	ENV_Temperature	3	nan	0.214980	nan	nan	nan	nan	nan	3	0	0	nan	0.000000	nan
OTU_588_18S_3_200	ENV_Temperature	1	nan	0.122833	nan	nan	nan	nan	nan	1	0	0	nan	0.000000	nan
OTU_1413_18S_022_3	ENV_Temperature	3	nan	0.121125	nan	nan	nan	nan	nan	1	2	0	nan	0.000000	nan
ASV_429_16S_022_3	ENV_Temperature	2	nan	0.112063	nan	nan	nan	nan	nan	2	0	0	nan	0.000000	nan
ASV_1076_16S_022_3	ENV_Temperature	3	nan	0.323448	nan	nan	nan	nan	nan	1	2	0	nan	0.000000	nan
OTU_146_18S_022_3	ENV_Temperature	1	nan	0.172710	nan	nan	nan	nan	nan	0	1	0	nan	0.000000	nan
OTU_342_18S_022_3	ENV_Temperature	2	nan	0.249683	nan	nan	nan	nan	nan	0	2	0	nan	0.000000	nan
ASV_654_16S_022_3	ENV_Temperature	2	nan	0.256411	nan	nan	nan	nan	nan	2	0	0	nan	0.000000	nan
OTU_128_18S_022_3	ENV_Temperature	1	nan	0.178478	nan	nan	nan	nan	nan	0	1	0	nan	0.000000	nan
ASV_364_16S_022_3	ENV_Temperature	1	nan	0.129852	nan	nan	nan	nan	nan	0	1	0	nan	0.000000	nan
OTU_419_18S_3_200	ENV_Temperature	5	nan	0.179438	nan	nan	nan	nan	nan	4	1	0	nan	0.000000	nan
OTU_2489_18S_3_200	ENV_Temperature	5	nan	0.144735	nan	nan	nan	nan	nan	3	2	0	nan	0.000000	nan
OTU_436_18S_022_3	ENV_Temperature	4	nan	0.077779	nan	nan	nan	nan	nan	3	1	0	nan	0.000000	nan
OTU_622_18S_3_200	ENV_Temperature	5	nan	0.226090	nan	nan	nan	nan	nan	3	2	0	nan	0.000000	nan
OTU_507_18S_022_3	ENV_Temperature	1	nan	0.141976	nan	nan	nan	nan	nan	0	1	0	nan	0.000000	nan
OTU_539_18S_3_200	ENV_Temperature	2	nan	0.116623	nan	nan	nan	nan	nan	1	1	0	nan	0.000000	nan
ASV_1851_16S_022_3	ENV_Temperature	3	nan	0.164743	nan	nan	nan	nan	nan	0	3	0	nan	0.000000	nan
ASV_51_16S_3_200	ENV_Temperature	1	nan	0.158467	nan	nan	nan	nan	nan	0	1	0	nan	0.000000	nan
OTU_327_18S_022_3	ENV_Temperature	3	nan	0.121125	nan	nan	nan	nan	nan	2	1	0	nan	0.000000	nan
ASV_1043_16S_022_3	ENV_Temperature	6	nan	0.188336	nan	nan	nan	nan	nan	2	4	0	nan	0.000000	nan
OTU_619_18S_022_3	ENV_Temperature	1	nan	0.204796	nan	nan	nan	nan	nan	1	0	0	nan	0.000000	nan
OTU_825_18S_022_3	ENV_Temperature	2	nan	0.231218	nan	nan	nan	nan	nan	2	0	0	nan	0.000000	nan
ASV_134_16S_3_200	ENV_Temperature	4	nan	0.365500	nan	nan	nan	nan	nan	0	4	0	nan	0.000000	nan
ASV_23_16S_022_3	ENV_Temperature	5	nan	0.088848	nan	nan	nan	nan	nan	4	1	0	nan	0.000000	nan
ASV_1801_16S_022_3	ENV_Temperature	2	nan	0.243342	nan	nan	nan	nan	nan	0	2	0	nan	0.000000	nan
ASV_1366_16S_022_3	ENV_Temperature	3	nan	0.305655	nan	nan	nan	nan	nan	0	3	0	nan	0.000000	nan
OTU_1075_18S_022_3	ENV_Temperature	3	nan	0.225031	nan	nan	nan	nan	nan	0	3	0	nan	0.000000	nan
ASV_1265_16S_022_3	ENV_Temperature	4	nan	0.226598	nan	nan	nan	nan	nan	2	2	0	nan	0.000000	nan
ASV_253_16S_022_3	ENV_Temperature	3	nan	0.220874	nan	nan	nan	nan	nan	2	1	0	nan	0.000000	nan
ASV_1397_16S_022_3	ENV_Temperature	5	nan	0.121125	nan	nan	nan	nan	nan	1	4	0	nan	0.000000	nan
OTU_158_18S_022_3	ENV_Temperature	2	nan	0.262977	nan	nan	nan	nan	nan	1	1	0	nan	0.000000	nan
OTU_243_18S_022_3	ENV_Temperature	2	nan	0.290541	nan	nan	nan	nan	nan	1	1	0	nan	0.000000	nan
ASV_680_16S_022_3	ENV_Temperature	2	nan	0.267900	nan	nan	nan	nan	nan	1	1	0	nan	0.000000	nan
OTU_270_18S_022_3	ENV_Temperature	2	nan	0.100620	nan	nan	nan	nan	nan	2	0	0	nan	0.000000	nan
ASV_517_16S_022_3	ENV_Temperature	3	nan	0.317680	nan	nan	nan	nan	nan	2	1	0	nan	0.000000	nan
ASV_1055_16S_022_3	ENV_Temperature	4	nan	0.226598	nan	nan	nan	nan	nan	3	1	0	nan	0.000000	nan
OTU_2512_18S_3_200	ENV_Temperature	4	nan	0.121125	nan	nan	nan	nan	nan	1	3	0	nan	0.000000	nan
OTU_940_18S_022_3	ENV_Temperature	2	nan	0.225031	nan	nan	nan	nan	nan	0	2	0	nan	0.000000	nan
OTU_2823_18S_022_3	ENV_Temperature	2	nan	0.115956	nan	nan	nan	nan	nan	1	1	0	nan	0.000000	nan
OTU_574_18S_022_3	ENV_Temperature	3	nan	0.097497	nan	nan	nan	nan	nan	2	1	0	nan	0.000000	nan
ASV_505_16S_022_3	ENV_Temperature	2	nan	0.301646	nan	nan	nan	nan	nan	0	2	0	nan	0.000000	nan
ASV_83_16S_022_3	ENV_Temperature	3	nan	0.142518	nan	nan	nan	nan	nan	2	1	0	nan	0.000000	nan
ASV_575_16S_022_3	ENV_Temperature	2	nan	0.234102	nan	nan	nan	nan	nan	0	2	0	nan	0.000000	nan
ASV_287_16S_022_3	ENV_Temperature	2	nan	0.128275	nan	nan	nan	nan	nan	0	2	0	nan	0.000000	nan
ASV_478_16S_022_3	ENV_Temperature	4	nan	0.309076	nan	nan	nan	nan	nan	2	2	0	nan	0.000000	nan
ASV_361_16S_022_3	ENV_Temperature	3	nan	0.323448	nan	nan	nan	nan	nan	2	1	0	nan	0.000000	nan
OTU_413_18S_022_3	ENV_Temperature	4	nan	0.140380	nan	nan	nan	nan	nan	3	1	0	nan	0.000000	nan
ASV_271_16S_022_3	ENV_Temperature	3	nan	0.146069	nan	nan	nan	nan	nan	2	1	0	nan	0.000000	nan
OTU_335_18S_022_3	ENV_Temperature	1	nan	0.368932	nan	nan	nan	nan	nan	0	1	0	nan	0.000000	nan
ASV_47_16S_022_3	ENV_Temperature	3	nan	0.447626	nan	nan	nan	nan	nan	1	1	1	nan	0.000000	nan
ASV_289_16S_022_3	ENV_Temperature	2	nan	0.171964	nan	nan	nan	nan	nan	1	1	0	nan	0.000000	nan
ASV_2009_16S_022_3	ENV_Temperature	3	nan	0.204796	nan	nan	nan	nan	nan	2	1	0	nan	0.000000	nan
ASV_210_16S_022_3	ENV_Temperature	3	nan	0.111784	nan	nan	nan	nan	nan	2	1	0	nan	0.000000	nan
ASV_54_16S_022_3	ENV_Temperature	1	nan	0.276045	nan	nan	nan	nan	nan	0	1	0	nan	0.000000	nan
OTU_826_18S_022_3	ENV_Temperature	2	nan	0.234102	nan	nan	nan	nan	nan	2	0	0	nan	0.000000	nan
OTU_393_18S_022_3	ENV_Temperature	4	nan	0.333309	nan	nan	nan	nan	nan	2	2	0	nan	0.000000	nan
OTU_129_18S_022_3	ENV_Temperature	1	nan	0.160689	nan	nan	nan	nan	nan	1	0	0	nan	0.000000	nan
OTU_698_18S_022_3	ENV_Temperature	2	nan	0.225289	nan	nan	nan	nan	nan	1	1	0	nan	0.000000	nan
OTU_2018_18S_022_3	ENV_Temperature	2	nan	0.085179	nan	nan	nan	nan	nan	2	0	0	nan	0.000000	nan
ASV_765_16S_022_3	ENV_Temperature	2	nan	0.184198	nan	nan	nan	nan	nan	1	1	0	nan	0.000000	nan
ASV_1189_16S_022_3	ENV_Temperature	2	nan	0.144735	nan	nan	nan	nan	nan	1	1	0	nan	0.000000	nan
ASV_176_16S_3_200	ENV_Temperature	2	nan	0.108110	nan	nan	nan	nan	nan	1	1	0	nan	0.000000	nan
OTU_200_18S_022_3	ENV_Temperature	3	nan	0.169547	nan	nan	nan	nan	nan	2	1	0	nan	0.000000	nan
OTU_1332_18S_022_3	ENV_Temperature	3	nan	0.121417	nan	nan	nan	nan	nan	1	2	0	nan	0.000000	nan
OTU_1629_18S_022_3	ENV_Temperature	2	nan	0.164743	nan	nan	nan	nan	nan	0	2	0	nan	0.000000	nan
ASV_1732_16S_022_3	ENV_Temperature	2	nan	0.410656	nan	nan	nan	nan	nan	0	2	0	nan	0.000000	nan
OTU_660_18S_022_3	ENV_Temperature	3	nan	0.465365	nan	nan	nan	nan	nan	0	3	0	nan	0.000000	nan
OTU_644_18S_022_3	ENV_Temperature	3	nan	0.179179	nan	nan	nan	nan	nan	0	3	0	nan	0.000000	nan
OTU_716_18S_022_3	ENV_Temperature	4	nan	0.188336	nan	nan	nan	nan	nan	2	2	0	nan	0.000000	nan
OTU_2848_18S_3_200	ENV_Temperature	2	nan	0.271520	nan	nan	nan	nan	nan	0	2	0	nan	0.000000	nan
OTU_956_18S_022_3	ENV_Temperature	3	nan	0.065361	nan	nan	nan	nan	nan	3	0	0	nan	0.000000	nan
OTU_653_18S_3_200	ENV_Temperature	3	nan	0.075695	nan	nan	nan	nan	nan	3	0	0	nan	0.000000	nan
OTU_859_18S_3_200	ENV_Temperature	3	nan	0.079996	nan	nan	nan	nan	nan	3	0	0	nan	0.000000	nan
OTU_148_18S_022_3	ENV_Temperature	2	nan	0.158600	nan	nan	nan	nan	nan	1	1	0	nan	0.000000	nan
OTU_807_18S_022_3	ENV_Temperature	3	nan	0.099615	nan	nan	nan	nan	nan	2	1	0	nan	0.000000	nan
ASV_1429_16S_022_3	ENV_Temperature	3	nan	0.249652	nan	nan	nan	nan	nan	3	0	0	nan	0.000000	nan
ASV_84_16S_3_200	ENV_Temperature	4	nan	0.205507	nan	nan	nan	nan	nan	0	4	0	nan	0.000000	nan
ASV_7_16S_022_3	ENV_Temperature	4	nan	0.286477	nan	nan	nan	nan	nan	1	2	1	nan	0.000000	nan
OTU_166_18S_3_200	ENV_Temperature	3	nan	0.193766	nan	nan	nan	nan	nan	3	0	0	nan	0.000000	nan
OTU_456_18S_022_3	ENV_Temperature	3	nan	0.234316	nan	nan	nan	nan	nan	1	2	0	nan	0.000000	nan
OTU_547_18S_3_200	ENV_Temperature	1	nan	0.261593	nan	nan	nan	nan	nan	0	1	0	nan	0.000000	nan
ASV_1028_16S_022_3	ENV_Temperature	3	nan	0.226598	nan	nan	nan	nan	nan	2	1	0	nan	0.000000	nan
ASV_662_16S_3_200	ENV_Temperature	4	nan	0.312920	nan	nan	nan	nan	nan	3	1	0	nan	0.000000	nan
OTU_445_18S_022_3	ENV_Temperature	2	nan	0.225712	nan	nan	nan	nan	nan	0	2	0	nan	0.000000	nan
ASV_484_16S_022_3	ENV_Temperature	1	nan	0.111859	nan	nan	nan	nan	nan	1	0	0	nan	0.000000	nan
OTU_1281_18S_022_3	ENV_Temperature	2	nan	0.075695	nan	nan	nan	nan	nan	2	0	0	nan	0.000000	nan
OTU_3149_18S_022_3	ENV_Temperature	1	nan	0.114863	nan	nan	nan	nan	nan	1	0	0	nan	0.000000	nan
OTU_1287_18S_022_3	ENV_Temperature	1	nan	0.211639	nan	nan	nan	nan	nan	0	1	0	nan	0.000000	nan
OTU_514_18S_022_3	ENV_Temperature	1	nan	0.081787	nan	nan	nan	nan	nan	1	0	0	nan	0.000000	nan
OTU_646_18S_022_3	ENV_Temperature	1	nan	0.204796	nan	nan	nan	nan	nan	1	0	0	nan	0.000000	nan
ASV_769_16S_3_200	ENV_Temperature	1	nan	0.111979	nan	nan	nan	nan	nan	1	0	0	nan	0.000000	nan
OTU_551_18S_022_3	ENV_Temperature	4	nan	0.167269	nan	nan	nan	nan	nan	4	0	0	nan	0.000000	nan
ASV_957_16S_022_3	ENV_Temperature	3	nan	0.411696	nan	nan	nan	nan	nan	0	3	0	nan	0.000000	nan
ASV_482_16S_022_3	ENV_Temperature	2	nan	0.136470	nan	nan	nan	nan	nan	2	0	0	nan	0.000000	nan
OTU_232_18S_3_200	ENV_Temperature	5	nan	0.325662	nan	nan	nan	nan	nan	1	3	1	nan	0.000000	nan
OTU_12_18S_3_200	ENV_Temperature	2	nan	0.077112	nan	nan	nan	nan	nan	2	0	0	nan	0.000000	nan
ASV_235_16S_022_3	ENV_Temperature	3	nan	0.272201	nan	nan	nan	nan	nan	0	3	0	nan	0.000000	nan
OTU_1606_18S_022_3	ENV_Temperature	3	nan	0.284390	nan	nan	nan	nan	nan	1	2	0	nan	0.000000	nan
OTU_799_18S_022_3	ENV_Temperature	1	nan	0.092315	nan	nan	nan	nan	nan	0	1	0	nan	0.000000	nan
OTU_39_18S_022_3	ENV_Temperature	2	nan	0.240537	nan	nan	nan	nan	nan	1	1	0	nan	0.000000	nan
OTU_561_18S_022_3	ENV_Temperature	2	nan	0.099615	nan	nan	nan	nan	nan	2	0	0	nan	0.000000	nan
OTU_2680_18S_022_3	ENV_Temperature	3	nan	0.179179	nan	nan	nan	nan	nan	0	3	0	nan	0.000000	nan
ASV_317_16S_022_3	ENV_Temperature	3	nan	0.352432	nan	nan	nan	nan	nan	2	1	0	nan	0.000000	nan
OTU_641_18S_3_200	ENV_Temperature	3	nan	0.267900	nan	nan	nan	nan	nan	0	3	0	nan	0.000000	nan
OTU_455_18S_022_3	ENV_Temperature	2	nan	0.284390	nan	nan	nan	nan	nan	0	2	0	nan	0.000000	nan
ASV_501_16S_022_3	ENV_Temperature	4	nan	0.172625	nan	nan	nan	nan	nan	2	2	0	nan	0.000000	nan
OTU_1139_18S_022_3	ENV_Temperature	4	nan	0.072735	nan	nan	nan	nan	nan	4	0	0	nan	0.000000	nan
ASV_363_16S_022_3	ENV_Temperature	4	nan	0.184978	nan	nan	nan	nan	nan	3	1	0	nan	0.000000	nan
ASV_1458_16S_022_3	ENV_Temperature	4	nan	0.201404	nan	nan	nan	nan	nan	3	1	0	nan	0.000000	nan
OTU_3068_18S_3_200	ENV_Temperature	2	nan	0.144925	nan	nan	nan	nan	nan	0	2	0	nan	0.000000	nan
ASV_132_16S_022_3	ENV_Temperature	3	nan	0.339745	nan	nan	nan	nan	nan	2	1	0	nan	0.000000	nan
OTU_1010_18S_022_3	ENV_Temperature	2	nan	0.099615	nan	nan	nan	nan	nan	1	1	0	nan	0.000000	nan
ASV_1401_16S_022_3	ENV_Temperature	6	nan	0.121125	nan	nan	nan	nan	nan	2	4	0	nan	0.000000	nan
ASV_6_16S_022_3	ENV_Temperature	5	nan	0.106981	nan	nan	nan	nan	nan	4	1	0	nan	0.000000	nan
OTU_287_18S_022_3	ENV_Temperature	2	nan	0.121417	nan	nan	nan	nan	nan	1	1	0	nan	0.000000	nan
ASV_2093_16S_022_3	ENV_Temperature	5	nan	0.264543	nan	nan	nan	nan	nan	2	3	0	nan	0.000000	nan
OTU_3733_18S_022_3	ENV_Temperature	1	nan	0.106473	nan	nan	nan	nan	nan	1	0	0	nan	0.000000	nan
OTU_733_18S_022_3	ENV_Temperature	2	nan	0.225031	nan	nan	nan	nan	nan	0	2	0	nan	0.000000	nan
OTU_58_18S_022_3	ENV_Temperature	3	nan	0.198356	nan	nan	nan	nan	nan	1	2	0	nan	0.000000	nan
OTU_1266_18S_3_200	ENV_Temperature	4	nan	0.104803	nan	nan	nan	nan	nan	4	0	0	nan	0.000000	nan
OTU_999_18S_022_3	ENV_Temperature	1	nan	0.114947	nan	nan	nan	nan	nan	0	1	0	nan	0.000000	nan
OTU_1245_18S_3_200	ENV_Temperature	2	nan	0.121755	nan	nan	nan	nan	nan	0	2	0	nan	0.000000	nan
ASV_621_16S_022_3	ENV_Temperature	2	nan	0.144735	nan	nan	nan	nan	nan	1	1	0	nan	0.000000	nan
OTU_1111_18S_3_200	ENV_Temperature	3	nan	0.188336	nan	nan	nan	nan	nan	2	1	0	nan	0.000000	nan
ASV_430_16S_022_3	ENV_Temperature	2	nan	0.368061	nan	nan	nan	nan	nan	1	1	0	nan	0.000000	nan
OTU_466_18S_022_3	ENV_Temperature	3	nan	0.179438	nan	nan	nan	nan	nan	2	1	0	nan	0.000000	nan
ASV_799_16S_022_3	ENV_Temperature	3	nan	0.121125	nan	nan	nan	nan	nan	1	2	0	nan	0.000000	nan
OTU_398_18S_3_200	ENV_Temperature	3	nan	0.099615	nan	nan	nan	nan	nan	3	0	0	nan	0.000000	nan
OTU_241_18S_022_3	ENV_Temperature	2	nan	0.203712	nan	nan	nan	nan	nan	1	1	0	nan	0.000000	nan
ASV_357_16S_022_3	ENV_Temperature	3	nan	0.183705	nan	nan	nan	nan	nan	3	0	0	nan	0.000000	nan
ASV_787_16S_3_200	ENV_Temperature	3	nan	0.154538	nan	nan	nan	nan	nan	2	1	0	nan	0.000000	nan
ASV_1769_16S_022_3	ENV_Temperature	3	nan	0.197858	nan	nan	nan	nan	nan	2	1	0	nan	0.000000	nan
ASV_1858_16S_022_3	ENV_Temperature	3	nan	0.264543	nan	nan	nan	nan	nan	1	2	0	nan	0.000000	nan
OTU_655_18S_022_3	ENV_Temperature	2	nan	0.115956	nan	nan	nan	nan	nan	1	1	0	nan	0.000000	nan
ASV_332_16S_022_3	ENV_Temperature	4	nan	0.326333	nan	nan	nan	nan	nan	3	1	0	nan	0.000000	nan
ASV_1062_16S_022_3	ENV_Temperature	3	nan	0.204796	nan	nan	nan	nan	nan	1	2	0	nan	0.000000	nan
ASV_412_16S_3_200	ENV_Temperature	1	nan	0.232266	nan	nan	nan	nan	nan	1	0	0	nan	0.000000	nan
OTU_577_18S_022_3	ENV_Temperature	4	nan	0.091653	nan	nan	nan	nan	nan	3	1	0	nan	0.000000	nan
ASV_1379_16S_022_3	ENV_Temperature	2	nan	0.271454	nan	nan	nan	nan	nan	1	1	0	nan	0.000000	nan
ASV_1748_16S_022_3	ENV_Temperature	5	nan	0.305655	nan	nan	nan	nan	nan	2	3	0	nan	0.000000	nan
OTU_1210_18S_022_3	ENV_Temperature	3	nan	0.210138	nan	nan	nan	nan	nan	1	2	0	nan	0.000000	nan
ASV_578_16S_022_3	ENV_Temperature	2	nan	0.140965	nan	nan	nan	nan	nan	2	0	0	nan	0.000000	nan
OTU_26_18S_022_3	ENV_Temperature	2	nan	0.214359	nan	nan	nan	nan	nan	2	0	0	nan	0.000000	nan
ASV_300_16S_022_3	ENV_Temperature	4	nan	0.280013	nan	nan	nan	nan	nan	1	3	0	nan	0.000000	nan
OTU_338_18S_022_3	ENV_Temperature	2	nan	0.143647	nan	nan	nan	nan	nan	2	0	0	nan	0.000000	nan
ASV_928_16S_022_3	ENV_Temperature	4	nan	0.328670	nan	nan	nan	nan	nan	1	3	0	nan	0.000000	nan
ASV_462_16S_3_200	ENV_Temperature	2	nan	0.338938	nan	nan	nan	nan	nan	1	1	0	nan	0.000000	nan
ASV_462_16S_022_3	ENV_Temperature	3	nan	0.445950	nan	nan	nan	nan	nan	1	2	0	nan	0.000000	nan
OTU_767_18S_3_200	ENV_Temperature	4	nan	0.137043	nan	nan	nan	nan	nan	2	2	0	nan	0.000000	nan
OTU_5822_18S_3_200	ENV_Temperature	4	nan	0.087163	nan	nan	nan	nan	nan	2	2	0	nan	0.000000	nan
OTU_6_18S_022_3	ENV_Temperature	2	nan	0.329377	nan	nan	nan	nan	nan	1	1	0	nan	0.000000	nan
OTU_268_18S_3_200	ENV_Temperature	3	nan	0.212514	nan	nan	nan	nan	nan	1	2	0	nan	0.000000	nan
OTU_535_18S_022_3	ENV_Temperature	3	nan	0.141976	nan	nan	nan	nan	nan	3	0	0	nan	0.000000	nan
OTU_2088_18S_3_200	ENV_Temperature	3	nan	0.116339	nan	nan	nan	nan	nan	2	1	0	nan	0.000000	nan
ASV_2085_16S_022_3	ENV_Temperature	4	nan	0.206780	nan	nan	nan	nan	nan	1	3	0	nan	0.000000	nan
OTU_1262_18S_022_3	ENV_Temperature	3	nan	0.170203	nan	nan	nan	nan	nan	1	2	0	nan	0.000000	nan
ASV_84_16S_022_3	ENV_Temperature	2	nan	0.167871	nan	nan	nan	nan	nan	1	1	0	nan	0.000000	nan
OTU_3210_18S_3_200	ENV_Temperature	4	nan	0.092315	nan	nan	nan	nan	nan	3	1	0	nan	0.000000	nan
OTU_2297_18S_022_3	ENV_Temperature	3	nan	0.115330	nan	nan	nan	nan	nan	1	2	0	nan	0.000000	nan
ASV_986_16S_022_3	ENV_Temperature	1	nan	0.121417	nan	nan	nan	nan	nan	1	0	0	nan	0.000000	nan
ASV_1734_16S_022_3	ENV_Temperature	4	nan	0.184978	nan	nan	nan	nan	nan	1	3	0	nan	0.000000	nan
ASV_1394_16S_022_3	ENV_Temperature	5	nan	0.204796	nan	nan	nan	nan	nan	5	0	0	nan	0.000000	nan
ASV_13_16S_022_3	ENV_Temperature	5	nan	0.341699	nan	nan	nan	nan	nan	0	5	0	nan	0.000000	nan
OTU_1024_18S_022_3	ENV_Temperature	6	nan	0.087163	nan	nan	nan	nan	nan	5	1	0	nan	0.000000	nan
OTU_87_18S_022_3	ENV_Temperature	2	nan	0.126436	nan	nan	nan	nan	nan	2	0	0	nan	0.000000	nan
ASV_1328_16S_022_3	ENV_Temperature	2	nan	0.169128	nan	nan	nan	nan	nan	0	2	0	nan	0.000000	nan
OTU_402_18S_022_3	ENV_Temperature	1	nan	0.234316	nan	nan	nan	nan	nan	1	0	0	nan	0.000000	nan
OTU_1573_18S_022_3	ENV_Temperature	2	nan	0.121417	nan	nan	nan	nan	nan	2	0	0	nan	0.000000	nan
OTU_920_18S_022_3	ENV_Temperature	2	nan	0.145467	nan	nan	nan	nan	nan	1	1	0	nan	0.000000	nan
ASV_1382_16S_022_3	ENV_Temperature	4	nan	0.294544	nan	nan	nan	nan	nan	0	4	0	nan	0.000000	nan
OTU_910_18S_022_3	ENV_Temperature	3	nan	0.121125	nan	nan	nan	nan	nan	1	2	0	nan	0.000000	nan
OTU_1647_18S_022_3	ENV_Temperature	2	nan	0.115956	nan	nan	nan	nan	nan	2	0	0	nan	0.000000	nan
ASV_1697_16S_022_3	ENV_Temperature	4	nan	0.190638	nan	nan	nan	nan	nan	3	1	0	nan	0.000000	nan
OTU_977_18S_022_3	ENV_Temperature	2	nan	0.144925	nan	nan	nan	nan	nan	1	1	0	nan	0.000000	nan
OTU_1386_18S_022_3	ENV_Temperature	3	nan	0.250399	nan	nan	nan	nan	nan	0	3	0	nan	0.000000	nan
ASV_1869_16S_022_3	ENV_Temperature	4	nan	0.264543	nan	nan	nan	nan	nan	0	4	0	nan	0.000000	nan
OTU_131_18S_3_200	ENV_Temperature	1	nan	0.079996	nan	nan	nan	nan	nan	1	0	0	nan	0.000000	nan
ASV_1215_16S_3_200	ENV_Temperature	4	nan	0.249857	nan	nan	nan	nan	nan	1	3	0	nan	0.000000	nan
OTU_3190_18S_3_200	ENV_Temperature	3	nan	0.121125	nan	nan	nan	nan	nan	1	2	0	nan	0.000000	nan
OTU_3774_18S_3_200	ENV_Temperature	2	nan	0.284390	nan	nan	nan	nan	nan	1	1	0	nan	0.000000	nan
OTU_1707_18S_022_3	ENV_Temperature	3	nan	0.087163	nan	nan	nan	nan	nan	3	0	0	nan	0.000000	nan
OTU_911_18S_3_200	ENV_Temperature	6	nan	0.167871	nan	nan	nan	nan	nan	2	4	0	nan	0.000000	nan
OTU_498_18S_3_200	ENV_Temperature	4	nan	0.168412	nan	nan	nan	nan	nan	2	2	0	nan	0.000000	nan
OTU_1094_18S_022_3	ENV_Temperature	3	nan	0.099615	nan	nan	nan	nan	nan	2	1	0	nan	0.000000	nan
OTU_310_18S_022_3	ENV_Temperature	2	nan	0.121214	nan	nan	nan	nan	nan	1	1	0	nan	0.000000	nan
ASV_515_16S_022_3	ENV_Temperature	3	nan	0.201026	nan	nan	nan	nan	nan	3	0	0	nan	0.000000	nan
ASV_1145_16S_022_3	ENV_Temperature	2	nan	0.172625	nan	nan	nan	nan	nan	1	1	0	nan	0.000000	nan
ASV_31_16S_022_3	ENV_Temperature	1	nan	0.148953	nan	nan	nan	nan	nan	0	1	0	nan	0.000000	nan
ASV_59_16S_022_3	ENV_Temperature	1	nan	0.121417	nan	nan	nan	nan	nan	1	0	0	nan	0.000000	nan
OTU_50_18S_022_3	ENV_Temperature	6	nan	0.243422	nan	nan	nan	nan	nan	3	3	0	nan	0.000000	nan
OTU_766_18S_022_3	ENV_Temperature	2	nan	0.488550	nan	nan	nan	nan	nan	0	2	0	nan	0.000000	nan
OTU_829_18S_3_200	ENV_Temperature	3	nan	0.286742	nan	nan	nan	nan	nan	0	3	0	nan	0.000000	nan
ASV_1563_16S_022_3	ENV_Temperature	4	nan	0.234948	nan	nan	nan	nan	nan	2	2	0	nan	0.000000	nan
OTU_1891_18S_022_3	ENV_Temperature	1	nan	0.144735	nan	nan	nan	nan	nan	1	0	0	nan	0.000000	nan
OTU_249_18S_3_200	ENV_Temperature	6	nan	0.179179	nan	nan	nan	nan	nan	1	5	0	nan	0.000000	nan
OTU_558_18S_022_3	ENV_Temperature	5	nan	0.115415	nan	nan	nan	nan	nan	3	2	0	nan	0.000000	nan
ASV_156_16S_022_3	ENV_Temperature	4	nan	0.267238	nan	nan	nan	nan	nan	2	2	0	nan	0.000000	nan
OTU_191_18S_022_3	ENV_Temperature	3	nan	0.294544	nan	nan	nan	nan	nan	0	3	0	nan	0.000000	nan
ASV_153_16S_022_3	ENV_Temperature	3	nan	0.467289	nan	nan	nan	nan	nan	1	2	0	nan	0.000000	nan
ASV_1490_16S_022_3	ENV_Temperature	3	nan	0.287488	nan	nan	nan	nan	nan	2	1	0	nan	0.000000	nan
ASV_89_16S_022_3	ENV_Temperature	5	nan	0.219198	nan	nan	nan	nan	nan	1	4	0	nan	0.000000	nan
ASV_2083_16S_022_3	ENV_Temperature	3	nan	0.264543	nan	nan	nan	nan	nan	1	2	0	nan	0.000000	nan
OTU_1485_18S_022_3	ENV_Temperature	3	nan	0.170203	nan	nan	nan	nan	nan	1	2	0	nan	0.000000	nan
OTU_214_18S_022_3	ENV_Temperature	3	nan	0.099615	nan	nan	nan	nan	nan	3	0	0	nan	0.000000	nan
OTU_611_18S_022_3	ENV_Temperature	1	nan	0.079996	nan	nan	nan	nan	nan	1	0	0	nan	0.000000	nan
ASV_553_16S_022_3	ENV_Temperature	4	nan	0.331838	nan	nan	nan	nan	nan	2	2	0	nan	0.000000	nan
OTU_511_18S_022_3	ENV_Temperature	2	nan	0.164743	nan	nan	nan	nan	nan	0	2	0	nan	0.000000	nan
ASV_871_16S_022_3	ENV_Temperature	5	nan	0.295678	nan	nan	nan	nan	nan	3	2	0	nan	0.000000	nan
ASV_37_16S_022_3	ENV_Temperature	1	nan	0.106473	nan	nan	nan	nan	nan	1	0	0	nan	0.000000	nan
ASV_53_16S_022_3	ENV_Temperature	3	nan	0.309290	nan	nan	nan	nan	nan	2	1	0	nan	0.000000	nan
OTU_2179_18S_3_200	ENV_Temperature	3	nan	0.164743	nan	nan	nan	nan	nan	0	3	0	nan	0.000000	nan
ASV_643_16S_022_3	ENV_Temperature	4	nan	0.170203	nan	nan	nan	nan	nan	1	3	0	nan	0.000000	nan
ASV_1374_16S_022_3	ENV_Temperature	4	nan	0.274369	nan	nan	nan	nan	nan	1	3	0	nan	0.000000	nan
OTU_1449_18S_022_3	ENV_Temperature	1	nan	0.099615	nan	nan	nan	nan	nan	1	0	0	nan	0.000000	nan
ASV_610_16S_3_200	ENV_Temperature	3	nan	0.063655	nan	nan	nan	nan	nan	3	0	0	nan	0.000000	nan
OTU_1334_18S_022_3	ENV_Temperature	2	nan	0.097497	nan	nan	nan	nan	nan	1	1	0	nan	0.000000	nan
OTU_1509_18S_022_3	ENV_Temperature	2	nan	0.121417	nan	nan	nan	nan	nan	2	0	0	nan	0.000000	nan
OTU_582_18S_022_3	ENV_Temperature	3	nan	0.195258	nan	nan	nan	nan	nan	1	2	0	nan	0.000000	nan
ASV_958_16S_022_3	ENV_Temperature	3	nan	0.226598	nan	nan	nan	nan	nan	0	3	0	nan	0.000000	nan
OTU_145_18S_022_3	ENV_Temperature	2	nan	0.100789	nan	nan	nan	nan	nan	2	0	0	nan	0.000000	nan
OTU_2105_18S_022_3	ENV_Temperature	3	nan	0.158303	nan	nan	nan	nan	nan	1	2	0	nan	0.000000	nan
OTU_1924_18S_3_200	ENV_Temperature	4	nan	0.405355	nan	nan	nan	nan	nan	0	4	0	nan	0.000000	nan
OTU_676_18S_022_3	ENV_Temperature	2	nan	0.225031	nan	nan	nan	nan	nan	0	2	0	nan	0.000000	nan
ASV_1560_16S_022_3	ENV_Temperature	3	nan	0.353719	nan	nan	nan	nan	nan	0	3	0	nan	0.000000	nan
OTU_2878_18S_022_3	ENV_Temperature	3	nan	0.284390	nan	nan	nan	nan	nan	1	2	0	nan	0.000000	nan
ASV_932_16S_3_200	ENV_Temperature	5	nan	0.122640	nan	nan	nan	nan	nan	4	1	0	nan	0.000000	nan
OTU_1285_18S_022_3	ENV_Temperature	5	nan	0.294544	nan	nan	nan	nan	nan	0	4	1	nan	0.000000	nan
OTU_839_18S_3_200	ENV_Temperature	4	nan	0.121125	nan	nan	nan	nan	nan	3	1	0	nan	0.000000	nan
OTU_2876_18S_3_200	ENV_Temperature	4	nan	0.085179	nan	nan	nan	nan	nan	3	1	0	nan	0.000000	nan
ASV_453_16S_022_3	ENV_Temperature	3	nan	0.552901	nan	nan	nan	nan	nan	1	2	0	nan	0.000000	nan
OTU_1743_18S_022_3	ENV_Temperature	1	nan	0.129489	nan	nan	nan	nan	nan	0	1	0	nan	0.000000	nan
ASV_128_16S_022_3	ENV_Temperature	3	nan	0.297554	nan	nan	nan	nan	nan	1	2	0	nan	0.000000	nan
OTU_1362_18S_022_3	ENV_Temperature	3	nan	0.087163	nan	nan	nan	nan	nan	0	3	0	nan	0.000000	nan
ASV_413_16S_022_3	ENV_Temperature	4	nan	0.249469	nan	nan	nan	nan	nan	1	3	0	nan	0.000000	nan
ASV_297_16S_3_200	ENV_Temperature	2	nan	0.363383	nan	nan	nan	nan	nan	1	1	0	nan	0.000000	nan
OTU_743_18S_022_3	ENV_Temperature	1	nan	0.087163	nan	nan	nan	nan	nan	1	0	0	nan	0.000000	nan
OTU_1077_18S_022_3	ENV_Temperature	5	nan	0.164743	nan	nan	nan	nan	nan	0	5	0	nan	0.000000	nan
OTU_1594_18S_022_3	ENV_Temperature	3	nan	0.122640	nan	nan	nan	nan	nan	2	1	0	nan	0.000000	nan
ASV_622_16S_022_3	ENV_Temperature	4	nan	0.146148	nan	nan	nan	nan	nan	4	0	0	nan	0.000000	nan
OTU_831_18S_022_3	ENV_Temperature	2	nan	0.091653	nan	nan	nan	nan	nan	1	1	0	nan	0.000000	nan
OTU_9_18S_022_3	ENV_Temperature	1	nan	0.137335	nan	nan	nan	nan	nan	1	0	0	nan	0.000000	nan
OTU_2133_18S_022_3	ENV_Temperature	3	nan	0.121417	nan	nan	nan	nan	nan	0	3	0	nan	0.000000	nan
OTU_2466_18S_3_200	ENV_Temperature	3	nan	0.121417	nan	nan	nan	nan	nan	1	2	0	nan	0.000000	nan
OTU_1613_18S_022_3	ENV_Temperature	1	nan	0.111979	nan	nan	nan	nan	nan	1	0	0	nan	0.000000	nan
ASV_1049_16S_022_3	ENV_Temperature	2	nan	0.295957	nan	nan	nan	nan	nan	2	0	0	nan	0.000000	nan
ASV_224_16S_022_3	ENV_Temperature	2	nan	0.411696	nan	nan	nan	nan	nan	0	2	0	nan	0.000000	nan
OTU_390_18S_3_200	ENV_Temperature	3	nan	0.079996	nan	nan	nan	nan	nan	3	0	0	nan	0.000000	nan
OTU_1905_18S_022_3	ENV_Temperature	2	nan	0.179179	nan	nan	nan	nan	nan	0	2	0	nan	0.000000	nan
ASV_1250_16S_022_3	ENV_Temperature	4	nan	0.251528	nan	nan	nan	nan	nan	2	2	0	nan	0.000000	nan
OTU_2035_18S_022_3	ENV_Temperature	4	nan	0.179179	nan	nan	nan	nan	nan	1	3	0	nan	0.000000	nan
OTU_5407_18S_3_200	ENV_Temperature	5	nan	0.087163	nan	nan	nan	nan	nan	5	0	0	nan	0.000000	nan
ASV_337_16S_022_3	ENV_Temperature	2	nan	0.325203	nan	nan	nan	nan	nan	1	1	0	nan	0.000000	nan
OTU_260_18S_022_3	ENV_Temperature	2	nan	0.087163	nan	nan	nan	nan	nan	2	0	0	nan	0.000000	nan
OTU_677_18S_022_3	ENV_Temperature	1	nan	0.179179	nan	nan	nan	nan	nan	0	1	0	nan	0.000000	nan
OTU_3342_18S_3_200	ENV_Temperature	3	nan	0.115415	nan	nan	nan	nan	nan	1	2	0	nan	0.000000	nan
OTU_847_18S_022_3	ENV_Temperature	3	nan	0.065361	nan	nan	nan	nan	nan	3	0	0	nan	0.000000	nan
OTU_2856_18S_022_3	ENV_Temperature	3	nan	0.144925	nan	nan	nan	nan	nan	1	2	0	nan	0.000000	nan
ASV_1201_16S_022_3	ENV_Temperature	4	nan	0.167269	nan	nan	nan	nan	nan	3	1	0	nan	0.000000	nan
OTU_2626_18S_022_3	ENV_Temperature	1	nan	0.121125	nan	nan	nan	nan	nan	1	0	0	nan	0.000000	nan
OTU_1545_18S_022_3	ENV_Temperature	4	nan	0.164743	nan	nan	nan	nan	nan	0	4	0	nan	0.000000	nan
OTU_1154_18S_022_3	ENV_Temperature	2	nan	0.110188	nan	nan	nan	nan	nan	2	0	0	nan	0.000000	nan
ASV_290_16S_022_3	ENV_Temperature	2	nan	0.269779	nan	nan	nan	nan	nan	1	1	0	nan	0.000000	nan
OTU_877_18S_022_3	ENV_Temperature	2	nan	0.157805	nan	nan	nan	nan	nan	0	2	0	nan	0.000000	nan
ASV_1825_16S_022_3	ENV_Temperature	3	nan	0.267900	nan	nan	nan	nan	nan	0	3	0	nan	0.000000	nan
ASV_66_16S_3_200	ENV_Temperature	4	nan	0.451455	nan	nan	nan	nan	nan	0	3	1	nan	0.000000	nan
OTU_78_18S_022_3	ENV_Temperature	1	nan	0.203369	nan	nan	nan	nan	nan	0	1	0	nan	0.000000	nan
ASV_337_16S_3_200	ENV_Temperature	3	nan	0.388188	nan	nan	nan	nan	nan	1	2	0	nan	0.000000	nan
ASV_2185_16S_022_3	ENV_Temperature	4	nan	0.115956	nan	nan	nan	nan	nan	1	3	0	nan	0.000000	nan
OTU_1561_18S_022_3	ENV_Temperature	3	nan	0.119299	nan	nan	nan	nan	nan	1	2	0	nan	0.000000	nan
OTU_2576_18S_022_3	ENV_Temperature	2	nan	0.329282	nan	nan	nan	nan	nan	0	2	0	nan	0.000000	nan
OTU_2176_18S_022_3	ENV_Temperature	1	nan	0.225031	nan	nan	nan	nan	nan	0	1	0	nan	0.000000	nan
OTU_2919_18S_022_3	ENV_Temperature	2	nan	0.236782	nan	nan	nan	nan	nan	0	2	0	nan	0.000000	nan
ASV_26_16S_3_200	ENV_Temperature	1	nan	0.388736	nan	nan	nan	nan	nan	0	1	0	nan	0.000000	nan
ASV_185_16S_022_3	ENV_Temperature	4	nan	0.368261	nan	nan	nan	nan	nan	1	3	0	nan	0.000000	nan
OTU_2375_18S_022_3	ENV_Temperature	2	nan	0.164743	nan	nan	nan	nan	nan	0	2	0	nan	0.000000	nan
ASV_298_16S_022_3	ENV_Temperature	4	nan	0.105270	nan	nan	nan	nan	nan	4	0	0	nan	0.000000	nan
ASV_384_16S_022_3	ENV_Temperature	2	nan	0.193099	nan	nan	nan	nan	nan	1	1	0	nan	0.000000	nan
OTU_2750_18S_3_200	ENV_Temperature	7	nan	0.167269	nan	nan	nan	nan	nan	4	3	0	nan	0.000000	nan
ASV_1728_16S_022_3	ENV_Temperature	2	nan	0.189210	nan	nan	nan	nan	nan	2	0	0	nan	0.000000	nan
OTU_152_18S_3_200	ENV_Temperature	1	nan	0.159560	nan	nan	nan	nan	nan	0	1	0	nan	0.000000	nan
ASV_561_16S_022_3	ENV_Temperature	4	nan	0.485117	nan	nan	nan	nan	nan	2	2	0	nan	0.000000	nan
OTU_2656_18S_022_3	ENV_Temperature	2	nan	0.195520	nan	nan	nan	nan	nan	0	2	0	nan	0.000000	nan
ASV_918_16S_022_3	ENV_Temperature	3	nan	0.160894	nan	nan	nan	nan	nan	2	1	0	nan	0.000000	nan
OTU_1106_18S_3_200	ENV_Temperature	4	nan	0.144925	nan	nan	nan	nan	nan	0	4	0	nan	0.000000	nan
ASV_1566_16S_022_3	ENV_Temperature	2	nan	0.170203	nan	nan	nan	nan	nan	0	2	0	nan	0.000000	nan
ASV_85_16S_022_3	ENV_Temperature	1	nan	0.091653	nan	nan	nan	nan	nan	1	0	0	nan	0.000000	nan
OTU_1014_18S_022_3	ENV_Temperature	4	nan	0.077779	nan	nan	nan	nan	nan	4	0	0	nan	0.000000	nan
ASV_631_16S_022_3	ENV_Temperature	2	nan	0.328670	nan	nan	nan	nan	nan	1	1	0	nan	0.000000	nan
ASV_737_16S_022_3	ENV_Temperature	2	nan	0.295957	nan	nan	nan	nan	nan	1	1	0	nan	0.000000	nan
ASV_431_16S_3_200	ENV_Temperature	4	nan	0.252860	nan	nan	nan	nan	nan	3	1	0	nan	0.000000	nan
ASV_113_16S_3_200	ENV_Temperature	2	nan	0.131404	nan	nan	nan	nan	nan	0	2	0	nan	0.000000	nan
OTU_563_18S_022_3	ENV_Temperature	2	nan	0.092315	nan	nan	nan	nan	nan	1	1	0	nan	0.000000	nan
OTU_788_18S_022_3	ENV_Temperature	2	nan	0.189548	nan	nan	nan	nan	nan	0	2	0	nan	0.000000	nan
ASV_479_16S_022_3	ENV_Temperature	3	nan	0.416162	nan	nan	nan	nan	nan	0	3	0	nan	0.000000	nan
ASV_725_16S_022_3	ENV_Temperature	4	nan	0.270908	nan	nan	nan	nan	nan	2	2	0	nan	0.000000	nan
OTU_985_18S_022_3	ENV_Temperature	3	nan	0.264543	nan	nan	nan	nan	nan	0	3	0	nan	0.000000	nan
ASV_976_16S_022_3	ENV_Temperature	1	nan	0.246227	nan	nan	nan	nan	nan	1	0	0	nan	0.000000	nan
ASV_216_16S_3_200	ENV_Temperature	2	nan	0.163111	nan	nan	nan	nan	nan	2	0	0	nan	0.000000	nan
ASV_563_16S_022_3	ENV_Temperature	2	nan	0.353934	nan	nan	nan	nan	nan	0	2	0	nan	0.000000	nan
ASV_1058_16S_022_3	ENV_Temperature	3	nan	0.284360	nan	nan	nan	nan	nan	1	2	0	nan	0.000000	nan
OTU_384_18S_022_3	ENV_Temperature	4	nan	0.214980	nan	nan	nan	nan	nan	3	1	0	nan	0.000000	nan
OTU_1961_18S_022_3	ENV_Temperature	2	nan	0.173516	nan	nan	nan	nan	nan	1	1	0	nan	0.000000	nan
ASV_1687_16S_022_3	ENV_Temperature	2	nan	0.229607	nan	nan	nan	nan	nan	0	2	0	nan	0.000000	nan
OTU_419_18S_022_3	ENV_Temperature	3	nan	0.353719	nan	nan	nan	nan	nan	0	3	0	nan	0.000000	nan
ASV_140_16S_3_200	ENV_Temperature	5	nan	0.093952	nan	nan	nan	nan	nan	5	0	0	nan	0.000000	nan
ASV_392_16S_022_3	ENV_Temperature	2	nan	0.191005	nan	nan	nan	nan	nan	1	1	0	nan	0.000000	nan
ASV_537_16S_022_3	ENV_Temperature	2	nan	0.241000	nan	nan	nan	nan	nan	1	1	0	nan	0.000000	nan
OTU_1290_18S_3_200	ENV_Temperature	3	nan	0.116339	nan	nan	nan	nan	nan	2	1	0	nan	0.000000	nan
OTU_866_18S_022_3	ENV_Temperature	6	nan	0.144925	nan	nan	nan	nan	nan	2	4	0	nan	0.000000	nan
ASV_274_16S_3_200	ENV_Temperature	4	nan	0.279844	nan	nan	nan	nan	nan	2	2	0	nan	0.000000	nan
ASV_282_16S_022_3	ENV_Temperature	2	nan	0.203164	nan	nan	nan	nan	nan	1	1	0	nan	0.000000	nan
ASV_390_16S_3_200	ENV_Temperature	4	nan	0.270569	nan	nan	nan	nan	nan	3	1	0	nan	0.000000	nan
ASV_175_16S_022_3	ENV_Temperature	3	nan	0.412411	nan	nan	nan	nan	nan	2	1	0	nan	0.000000	nan
ASV_890_16S_022_3	ENV_Temperature	3	nan	0.238876	nan	nan	nan	nan	nan	3	0	0	nan	0.000000	nan
ASV_664_16S_022_3	ENV_Temperature	1	nan	0.308702	nan	nan	nan	nan	nan	0	1	0	nan	0.000000	nan
ASV_466_16S_022_3	ENV_Temperature	4	nan	0.190881	nan	nan	nan	nan	nan	1	3	0	nan	0.000000	nan
OTU_138_18S_3_200	ENV_Temperature	1	nan	0.080379	nan	nan	nan	nan	nan	1	0	0	nan	0.000000	nan
OTU_1142_18S_022_3	ENV_Temperature	6	nan	0.179179	nan	nan	nan	nan	nan	1	5	0	nan	0.000000	nan
OTU_345_18S_022_3	ENV_Temperature	4	nan	0.311419	nan	nan	nan	nan	nan	2	2	0	nan	0.000000	nan
ASV_805_16S_022_3	ENV_Temperature	2	nan	0.345250	nan	nan	nan	nan	nan	0	2	0	nan	0.000000	nan
ASV_1254_16S_022_3	ENV_Temperature	2	nan	0.151714	nan	nan	nan	nan	nan	1	1	0	nan	0.000000	nan
OTU_671_18S_022_3	ENV_Temperature	2	nan	0.149620	nan	nan	nan	nan	nan	0	2	0	nan	0.000000	nan
ASV_1523_16S_022_3	ENV_Temperature	3	nan	0.214980	nan	nan	nan	nan	nan	2	1	0	nan	0.000000	nan
OTU_2005_18S_3_200	ENV_Temperature	4	nan	0.152300	nan	nan	nan	nan	nan	0	4	0	nan	0.000000	nan
ASV_414_16S_022_3	ENV_Temperature	3	nan	0.418131	nan	nan	nan	nan	nan	1	1	1	nan	0.000000	nan
ASV_1578_16S_022_3	ENV_Temperature	1	nan	0.206780	nan	nan	nan	nan	nan	0	1	0	nan	0.000000	nan
OTU_2812_18S_3_200	ENV_Temperature	3	nan	0.164743	nan	nan	nan	nan	nan	1	2	0	nan	0.000000	nan
ASV_570_16S_022_3	ENV_Temperature	1	nan	0.332847	nan	nan	nan	nan	nan	1	0	0	nan	0.000000	nan
ASV_1587_16S_022_3	ENV_Temperature	6	nan	0.116339	nan	nan	nan	nan	nan	3	3	0	nan	0.000000	nan
ASV_1584_16S_022_3	ENV_Temperature	3	nan	0.382882	nan	nan	nan	nan	nan	2	1	0	nan	0.000000	nan
ASV_878_16S_022_3	ENV_Temperature	5	nan	0.353719	nan	nan	nan	nan	nan	2	3	0	nan	0.000000	nan
OTU_1216_18S_022_3	ENV_Temperature	2	nan	0.144735	nan	nan	nan	nan	nan	1	1	0	nan	0.000000	nan
ASV_1322_16S_022_3	ENV_Temperature	2	nan	0.164743	nan	nan	nan	nan	nan	1	1	0	nan	0.000000	nan
OTU_610_18S_3_200	ENV_Temperature	4	nan	0.164743	nan	nan	nan	nan	nan	1	3	0	nan	0.000000	nan
ASV_235_16S_3_200	ENV_Temperature	3	nan	0.214438	nan	nan	nan	nan	nan	0	3	0	nan	0.000000	nan
ASV_476_16S_022_3	ENV_Temperature	3	nan	0.555880	nan	nan	nan	nan	nan	1	2	0	nan	0.000000	nan
ASV_260_16S_022_3	ENV_Temperature	3	nan	0.263811	nan	nan	nan	nan	nan	2	1	0	nan	0.000000	nan
OTU_662_18S_022_3	ENV_Temperature	3	nan	0.071020	nan	nan	nan	nan	nan	2	1	0	nan	0.000000	nan
ASV_233_16S_022_3	ENV_Temperature	3	nan	0.475519	nan	nan	nan	nan	nan	0	3	0	nan	0.000000	nan
OTU_3811_18S_3_200	ENV_Temperature	3	nan	0.144925	nan	nan	nan	nan	nan	1	2	0	nan	0.000000	nan
ASV_228_16S_022_3	ENV_Temperature	1	nan	0.128275	nan	nan	nan	nan	nan	1	0	0	nan	0.000000	nan
ASV_812_16S_3_200	ENV_Temperature	1	nan	0.201409	nan	nan	nan	nan	nan	1	0	0	nan	0.000000	nan
OTU_2135_18S_022_3	ENV_Temperature	4	nan	0.137758	nan	nan	nan	nan	nan	3	1	0	nan	0.000000	nan
OTU_732_18S_022_3	ENV_Temperature	1	nan	0.121125	nan	nan	nan	nan	nan	0	1	0	nan	0.000000	nan
OTU_2867_18S_3_200	ENV_Temperature	3	nan	0.121125	nan	nan	nan	nan	nan	1	2	0	nan	0.000000	nan
ASV_334_16S_022_3	ENV_Temperature	2	nan	0.451455	nan	nan	nan	nan	nan	0	2	0	nan	0.000000	nan
OTU_2383_18S_022_3	ENV_Temperature	2	nan	0.189837	nan	nan	nan	nan	nan	1	1	0	nan	0.000000	nan
OTU_32_18S_3_200	ENV_Temperature	1	nan	0.133458	nan	nan	nan	nan	nan	0	1	0	nan	0.000000	nan
ASV_499_16S_022_3	ENV_Temperature	3	nan	0.374313	nan	nan	nan	nan	nan	1	2	0	nan	0.000000	nan
ASV_673_16S_022_3	ENV_Temperature	3	nan	0.237370	nan	nan	nan	nan	nan	1	2	0	nan	0.000000	nan
OTU_1219_18S_3_200	ENV_Temperature	5	nan	0.087163	nan	nan	nan	nan	nan	3	2	0	nan	0.000000	nan
OTU_4934_18S_3_200	ENV_Temperature	4	nan	0.115956	nan	nan	nan	nan	nan	2	2	0	nan	0.000000	nan
OTU_680_18S_3_200	ENV_Temperature	3	nan	0.144735	nan	nan	nan	nan	nan	2	1	0	nan	0.000000	nan
OTU_4302_18S_022_3	ENV_Temperature	3	nan	0.145467	nan	nan	nan	nan	nan	3	0	0	nan	0.000000	nan
ASV_449_16S_022_3	ENV_Temperature	3	nan	0.245560	nan	nan	nan	nan	nan	1	2	0	nan	0.000000	nan
ASV_513_16S_022_3	ENV_Temperature	3	nan	0.213429	nan	nan	nan	nan	nan	1	2	0	nan	0.000000	nan
OTU_430_18S_3_200	ENV_Temperature	5	nan	0.170203	nan	nan	nan	nan	nan	2	3	0	nan	0.000000	nan
ASV_797_16S_022_3	ENV_Temperature	2	nan	0.381211	nan	nan	nan	nan	nan	1	1	0	nan	0.000000	nan
OTU_267_18S_022_3	ENV_Temperature	2	nan	0.241000	nan	nan	nan	nan	nan	1	1	0	nan	0.000000	nan
OTU_1123_18S_3_200	ENV_Temperature	4	nan	0.207178	nan	nan	nan	nan	nan	3	1	0	nan	0.000000	nan
OTU_1940_18S_022_3	ENV_Temperature	2	nan	0.119299	nan	nan	nan	nan	nan	0	2	0	nan	0.000000	nan
OTU_1828_18S_022_3	ENV_Temperature	1	nan	0.155260	nan	nan	nan	nan	nan	0	1	0	nan	0.000000	nan
OTU_1798_18S_3_200	ENV_Temperature	3	nan	0.152375	nan	nan	nan	nan	nan	3	0	0	nan	0.000000	nan
OTU_1263_18S_022_3	ENV_Temperature	4	nan	0.250782	nan	nan	nan	nan	nan	1	3	0	nan	0.000000	nan
ASV_847_16S_022_3	ENV_Temperature	3	nan	0.445950	nan	nan	nan	nan	nan	1	2	0	nan	0.000000	nan
OTU_1893_18S_022_3	ENV_Temperature	3	nan	0.121125	nan	nan	nan	nan	nan	2	1	0	nan	0.000000	nan
ASV_379_16S_3_200	ENV_Temperature	2	nan	0.144735	nan	nan	nan	nan	nan	1	1	0	nan	0.000000	nan
ASV_434_16S_022_3	ENV_Temperature	2	nan	0.101923	nan	nan	nan	nan	nan	2	0	0	nan	0.000000	nan
ASV_472_16S_022_3	ENV_Temperature	3	nan	0.229607	nan	nan	nan	nan	nan	0	3	0	nan	0.000000	nan
OTU_362_18S_3_200	ENV_Temperature	4	nan	0.097497	nan	nan	nan	nan	nan	2	2	0	nan	0.000000	nan
ASV_933_16S_022_3	ENV_Temperature	3	nan	0.092315	nan	nan	nan	nan	nan	3	0	0	nan	0.000000	nan
ASV_542_16S_3_200	ENV_Temperature	1	nan	0.244053	nan	nan	nan	nan	nan	1	0	0	nan	0.000000	nan
OTU_754_18S_022_3	ENV_Temperature	3	nan	0.198202	nan	nan	nan	nan	nan	2	1	0	nan	0.000000	nan
ASV_413_16S_3_200	ENV_Temperature	1	nan	0.146069	nan	nan	nan	nan	nan	1	0	0	nan	0.000000	nan
ASV_886_16S_022_3	ENV_Temperature	3	nan	0.214438	nan	nan	nan	nan	nan	3	0	0	nan	0.000000	nan
OTU_1702_18S_3_200	ENV_Temperature	2	nan	0.099615	nan	nan	nan	nan	nan	1	1	0	nan	0.000000	nan
OTU_363_18S_3_200	ENV_Temperature	3	nan	0.148023	nan	nan	nan	nan	nan	2	1	0	nan	0.000000	nan
ASV_152_16S_022_3	ENV_Temperature	1	nan	0.229607	nan	nan	nan	nan	nan	0	1	0	nan	0.000000	nan
OTU_2456_18S_3_200	ENV_Temperature	3	nan	0.121125	nan	nan	nan	nan	nan	1	2	0	nan	0.000000	nan
OTU_292_18S_3_200	ENV_Temperature	3	nan	0.179179	nan	nan	nan	nan	nan	1	2	0	nan	0.000000	nan
ASV_112_16S_022_3	ENV_Temperature	2	nan	0.144925	nan	nan	nan	nan	nan	1	1	0	nan	0.000000	nan
OTU_1086_18S_022_3	ENV_Temperature	2	nan	0.193019	nan	nan	nan	nan	nan	0	2	0	nan	0.000000	nan
ASV_1415_16S_022_3	ENV_Temperature	1	nan	0.087163	nan	nan	nan	nan	nan	1	0	0	nan	0.000000	nan
OTU_613_18S_022_3	ENV_Temperature	3	nan	0.090728	nan	nan	nan	nan	nan	3	0	0	nan	0.000000	nan
ASV_2023_16S_022_3	ENV_Temperature	3	nan	0.226090	nan	nan	nan	nan	nan	2	1	0	nan	0.000000	nan
OTU_1836_18S_3_200	ENV_Temperature	1	nan	0.169128	nan	nan	nan	nan	nan	1	0	0	nan	0.000000	nan
OTU_2160_18S_022_3	ENV_Temperature	2	nan	0.072811	nan	nan	nan	nan	nan	2	0	0	nan	0.000000	nan
OTU_3213_18S_022_3	ENV_Temperature	4	nan	0.087163	nan	nan	nan	nan	nan	1	3	0	nan	0.000000	nan
OTU_245_18S_3_200	ENV_Temperature	2	nan	0.096030	nan	nan	nan	nan	nan	2	0	0	nan	0.000000	nan
OTU_313_18S_022_3	ENV_Temperature	1	nan	0.204921	nan	nan	nan	nan	nan	1	0	0	nan	0.000000	nan
ASV_1643_16S_022_3	ENV_Temperature	2	nan	0.273828	nan	nan	nan	nan	nan	0	2	0	nan	0.000000	nan
OTU_4003_18S_022_3	ENV_Temperature	1	nan	0.121417	nan	nan	nan	nan	nan	0	1	0	nan	0.000000	nan
ASV_1716_16S_022_3	ENV_Temperature	3	nan	0.226598	nan	nan	nan	nan	nan	3	0	0	nan	0.000000	nan
OTU_1762_18S_022_3	ENV_Temperature	2	nan	0.121125	nan	nan	nan	nan	nan	1	1	0	nan	0.000000	nan
OTU_456_18S_3_200	ENV_Temperature	3	nan	0.167871	nan	nan	nan	nan	nan	3	0	0	nan	0.000000	nan
ASV_1693_16S_022_3	ENV_Temperature	2	nan	0.296335	nan	nan	nan	nan	nan	1	1	0	nan	0.000000	nan
OTU_469_18S_022_3	ENV_Temperature	2	nan	0.158303	nan	nan	nan	nan	nan	0	2	0	nan	0.000000	nan
OTU_904_18S_3_200	ENV_Temperature	2	nan	0.182029	nan	nan	nan	nan	nan	0	2	0	nan	0.000000	nan
OTU_1148_18S_3_200	ENV_Temperature	5	nan	0.112530	nan	nan	nan	nan	nan	3	2	0	nan	0.000000	nan
OTU_2420_18S_022_3	ENV_Temperature	2	nan	0.121125	nan	nan	nan	nan	nan	0	2	0	nan	0.000000	nan
ASV_486_16S_022_3	ENV_Temperature	2	nan	0.249683	nan	nan	nan	nan	nan	2	0	0	nan	0.000000	nan
ASV_96_16S_3_200	ENV_Temperature	4	nan	0.144735	nan	nan	nan	nan	nan	1	3	0	nan	0.000000	nan
OTU_1332_18S_3_200	ENV_Temperature	4	nan	0.137758	nan	nan	nan	nan	nan	1	3	0	nan	0.000000	nan
ASV_1380_16S_022_3	ENV_Temperature	4	nan	0.353934	nan	nan	nan	nan	nan	0	4	0	nan	0.000000	nan
ASV_1258_16S_022_3	ENV_Temperature	5	nan	0.204796	nan	nan	nan	nan	nan	4	1	0	nan	0.000000	nan
ASV_1676_16S_022_3	ENV_Temperature	3	nan	0.226090	nan	nan	nan	nan	nan	3	0	0	nan	0.000000	nan
OTU_3350_18S_022_3	ENV_Temperature	2	nan	0.216229	nan	nan	nan	nan	nan	2	0	0	nan	0.000000	nan
ASV_173_16S_022_3	ENV_Temperature	1	nan	0.329421	nan	nan	nan	nan	nan	0	1	0	nan	0.000000	nan
OTU_40_18S_3_200	ENV_Temperature	2	nan	0.090966	nan	nan	nan	nan	nan	2	0	0	nan	0.000000	nan
OTU_3424_18S_022_3	ENV_Temperature	3	nan	0.121417	nan	nan	nan	nan	nan	3	0	0	nan	0.000000	nan
OTU_105_18S_022_3	ENV_Temperature	3	nan	0.226175	nan	nan	nan	nan	nan	3	0	0	nan	0.000000	nan
ASV_1203_16S_022_3	ENV_Temperature	4	nan	0.170203	nan	nan	nan	nan	nan	2	2	0	nan	0.000000	nan
OTU_403_18S_3_200	ENV_Temperature	3	nan	0.085179	nan	nan	nan	nan	nan	2	1	0	nan	0.000000	nan
ASV_2653_16S_022_3	ENV_Temperature	4	nan	0.264543	nan	nan	nan	nan	nan	1	3	0	nan	0.000000	nan
ASV_321_16S_022_3	ENV_Temperature	4	nan	0.202741	nan	nan	nan	nan	nan	2	2	0	nan	0.000000	nan
ASV_815_16S_022_3	ENV_Temperature	3	nan	0.411696	nan	nan	nan	nan	nan	1	2	0	nan	0.000000	nan
OTU_729_18S_022_3	ENV_Temperature	4	nan	0.167950	nan	nan	nan	nan	nan	4	0	0	nan	0.000000	nan
OTU_1844_18S_3_200	ENV_Temperature	6	nan	0.265686	nan	nan	nan	nan	nan	0	6	0	nan	0.000000	nan
ASV_817_16S_022_3	ENV_Temperature	1	nan	0.189210	nan	nan	nan	nan	nan	1	0	0	nan	0.000000	nan
ASV_1143_16S_022_3	ENV_Temperature	2	nan	0.164743	nan	nan	nan	nan	nan	0	2	0	nan	0.000000	nan
ASV_321_16S_3_200	ENV_Temperature	3	nan	0.317973	nan	nan	nan	nan	nan	0	3	0	nan	0.000000	nan
ASV_408_16S_022_3	ENV_Temperature	2	nan	0.307789	nan	nan	nan	nan	nan	2	0	0	nan	0.000000	nan
ASV_1407_16S_022_3	ENV_Temperature	4	nan	0.305655	nan	nan	nan	nan	nan	2	2	0	nan	0.000000	nan
OTU_624_18S_022_3	ENV_Temperature	3	nan	0.189837	nan	nan	nan	nan	nan	3	0	0	nan	0.000000	nan
ASV_1344_16S_022_3	ENV_Temperature	2	nan	0.264940	nan	nan	nan	nan	nan	0	2	0	nan	0.000000	nan
ASV_800_16S_022_3	ENV_Temperature	3	nan	0.301646	nan	nan	nan	nan	nan	2	1	0	nan	0.000000	nan
OTU_1959_18S_022_3	ENV_Temperature	3	nan	0.099615	nan	nan	nan	nan	nan	2	1	0	nan	0.000000	nan
ASV_888_16S_3_200	ENV_Temperature	4	nan	0.152300	nan	nan	nan	nan	nan	0	4	0	nan	0.000000	nan
OTU_965_18S_3_200	ENV_Temperature	3	nan	0.186037	nan	nan	nan	nan	nan	0	3	0	nan	0.000000	nan
ASV_402_16S_022_3	ENV_Temperature	2	nan	0.308623	nan	nan	nan	nan	nan	1	1	0	nan	0.000000	nan
OTU_712_18S_022_3	ENV_Temperature	2	nan	0.121417	nan	nan	nan	nan	nan	1	1	0	nan	0.000000	nan
ASV_473_16S_3_200	ENV_Temperature	3	nan	0.194805	nan	nan	nan	nan	nan	1	2	0	nan	0.000000	nan
ASV_699_16S_022_3	ENV_Temperature	2	nan	0.305655	nan	nan	nan	nan	nan	1	1	0	nan	0.000000	nan
ASV_1747_16S_022_3	ENV_Temperature	2	nan	0.206780	nan	nan	nan	nan	nan	1	1	0	nan	0.000000	nan
OTU_1649_18S_3_200	ENV_Temperature	3	nan	0.121125	nan	nan	nan	nan	nan	3	0	0	nan	0.000000	nan
ASV_1420_16S_022_3	ENV_Temperature	1	nan	0.122312	nan	nan	nan	nan	nan	1	0	0	nan	0.000000	nan
OTU_984_18S_022_3	ENV_Temperature	1	nan	0.122640	nan	nan	nan	nan	nan	1	0	0	nan	0.000000	nan
ASV_237_16S_3_200	ENV_Temperature	2	nan	0.342833	nan	nan	nan	nan	nan	0	2	0	nan	0.000000	nan
ASV_307_16S_3_200	ENV_Temperature	4	nan	0.341699	nan	nan	nan	nan	nan	2	2	0	nan	0.000000	nan
ASV_1480_16S_3_200	ENV_Temperature	3	nan	0.249469	nan	nan	nan	nan	nan	1	2	0	nan	0.000000	nan
ASV_584_16S_022_3	ENV_Temperature	1	nan	0.087163	nan	nan	nan	nan	nan	1	0	0	nan	0.000000	nan
ASV_468_16S_022_3	ENV_Temperature	2	nan	0.471218	nan	nan	nan	nan	nan	0	2	0	nan	0.000000	nan
OTU_1263_18S_3_200	ENV_Temperature	3	nan	0.075695	nan	nan	nan	nan	nan	2	1	0	nan	0.000000	nan
OTU_2858_18S_022_3	ENV_Temperature	3	nan	0.121417	nan	nan	nan	nan	nan	1	2	0	nan	0.000000	nan
OTU_2181_18S_3_200	ENV_Temperature	3	nan	0.124346	nan	nan	nan	nan	nan	1	2	0	nan	0.000000	nan
ASV_1212_16S_022_3	ENV_Temperature	3	nan	0.268570	nan	nan	nan	nan	nan	2	1	0	nan	0.000000	nan
ASV_1508_16S_022_3	ENV_Temperature	3	nan	0.284360	nan	nan	nan	nan	nan	1	2	0	nan	0.000000	nan
ASV_1820_16S_022_3	ENV_Temperature	3	nan	0.294544	nan	nan	nan	nan	nan	0	3	0	nan	0.000000	nan
ASV_1521_16S_022_3	ENV_Temperature	2	nan	0.206780	nan	nan	nan	nan	nan	1	1	0	nan	0.000000	nan
ASV_777_16S_3_200	ENV_Temperature	4	nan	0.100838	nan	nan	nan	nan	nan	4	0	0	nan	0.000000	nan
ASV_2134_16S_3_200	ENV_Temperature	3	nan	0.167269	nan	nan	nan	nan	nan	2	1	0	nan	0.000000	nan
ASV_723_16S_3_200	ENV_Temperature	6	nan	0.531020	nan	nan	nan	nan	nan	1	5	0	nan	0.000000	nan
OTU_906_18S_022_3	ENV_Temperature	1	nan	0.192850	nan	nan	nan	nan	nan	1	0	0	nan	0.000000	nan
ASV_40_16S_3_200	ENV_Temperature	1	nan	0.121462	nan	nan	nan	nan	nan	1	0	0	nan	0.000000	nan
ASV_650_16S_3_200	ENV_Temperature	2	nan	0.172625	nan	nan	nan	nan	nan	0	2	0	nan	0.000000	nan
OTU_3300_18S_022_3	ENV_Temperature	3	nan	0.087163	nan	nan	nan	nan	nan	2	1	0	nan	0.000000	nan
ASV_51_16S_022_3	ENV_Temperature	3	nan	0.308082	nan	nan	nan	nan	nan	0	2	1	nan	0.000000	nan
OTU_1247_18S_022_3	ENV_Temperature	4	nan	0.127028	nan	nan	nan	nan	nan	4	0	0	nan	0.000000	nan
OTU_77_18S_022_3	ENV_Temperature	2	nan	0.121625	nan	nan	nan	nan	nan	2	0	0	nan	0.000000	nan
OTU_10_18S_3_200	ENV_Temperature	5	nan	0.331838	nan	nan	nan	nan	nan	1	4	0	nan	0.000000	nan
OTU_480_18S_3_200	ENV_Temperature	2	nan	0.099874	nan	nan	nan	nan	nan	0	2	0	nan	0.000000	nan
ASV_377_16S_3_200	ENV_Temperature	2	nan	0.214190	nan	nan	nan	nan	nan	1	1	0	nan	0.000000	nan
OTU_498_18S_022_3	ENV_Temperature	2	nan	0.174385	nan	nan	nan	nan	nan	0	2	0	nan	0.000000	nan
ASV_139_16S_022_3	ENV_Temperature	3	nan	0.320360	nan	nan	nan	nan	nan	1	2	0	nan	0.000000	nan
OTU_3877_18S_3_200	ENV_Temperature	2	nan	0.107889	nan	nan	nan	nan	nan	2	0	0	nan	0.000000	nan
ASV_760_16S_3_200	ENV_Temperature	2	nan	0.128275	nan	nan	nan	nan	nan	0	2	0	nan	0.000000	nan
OTU_5773_18S_022_3	ENV_Temperature	3	nan	0.236782	nan	nan	nan	nan	nan	2	1	0	nan	0.000000	nan
ASV_17_16S_022_3	ENV_Temperature	3	nan	0.234057	nan	nan	nan	nan	nan	1	1	1	nan	0.000000	nan
OTU_1353_18S_022_3	ENV_Temperature	3	nan	0.077779	nan	nan	nan	nan	nan	3	0	0	nan	0.000000	nan
ASV_823_16S_022_3	ENV_Temperature	4	nan	0.284360	nan	nan	nan	nan	nan	1	3	0	nan	0.000000	nan
ASV_491_16S_022_3	ENV_Temperature	2	nan	0.243963	nan	nan	nan	nan	nan	1	1	0	nan	0.000000	nan
ASV_1576_16S_022_3	ENV_Temperature	2	nan	0.210138	nan	nan	nan	nan	nan	2	0	0	nan	0.000000	nan
OTU_4_18S_022_3	ENV_Temperature	4	nan	0.194089	nan	nan	nan	nan	nan	3	1	0	nan	0.000000	nan
ASV_1067_16S_3_200	ENV_Temperature	4	nan	0.368061	nan	nan	nan	nan	nan	1	3	0	nan	0.000000	nan
OTU_1940_18S_3_200	ENV_Temperature	4	nan	0.106981	nan	nan	nan	nan	nan	0	4	0	nan	0.000000	nan
ASV_1986_16S_022_3	ENV_Temperature	2	nan	0.247892	nan	nan	nan	nan	nan	1	1	0	nan	0.000000	nan
OTU_29_18S_3_200	ENV_Temperature	3	nan	0.205040	nan	nan	nan	nan	nan	2	1	0	nan	0.000000	nan
OTU_1532_18S_3_200	ENV_Temperature	2	nan	0.099615	nan	nan	nan	nan	nan	1	1	0	nan	0.000000	nan
OTU_3422_18S_3_200	ENV_Temperature	4	nan	0.115956	nan	nan	nan	nan	nan	2	2	0	nan	0.000000	nan
OTU_71_18S_3_200	ENV_Temperature	3	nan	0.164320	nan	nan	nan	nan	nan	1	2	0	nan	0.000000	nan
OTU_850_18S_022_3	ENV_Temperature	4	nan	0.115330	nan	nan	nan	nan	nan	3	1	0	nan	0.000000	nan
OTU_330_18S_022_3	ENV_Temperature	2	nan	0.099615	nan	nan	nan	nan	nan	0	2	0	nan	0.000000	nan
OTU_1611_18S_3_200	ENV_Temperature	3	nan	0.121125	nan	nan	nan	nan	nan	2	1	0	nan	0.000000	nan
OTU_2633_18S_022_3	ENV_Temperature	5	nan	0.099615	nan	nan	nan	nan	nan	3	2	0	nan	0.000000	nan
OTU_1027_18S_3_200	ENV_Temperature	3	nan	0.209053	nan	nan	nan	nan	nan	1	2	0	nan	0.000000	nan
OTU_2509_18S_022_3	ENV_Temperature	5	nan	0.225031	nan	nan	nan	nan	nan	1	4	0	nan	0.000000	nan
ASV_250_16S_022_3	ENV_Temperature	1	nan	0.141309	nan	nan	nan	nan	nan	0	1	0	nan	0.000000	nan
ASV_2156_16S_3_200	ENV_Temperature	5	nan	0.121125	nan	nan	nan	nan	nan	3	2	0	nan	0.000000	nan
OTU_534_18S_022_3	ENV_Temperature	3	nan	0.274543	nan	nan	nan	nan	nan	1	2	0	nan	0.000000	nan
OTU_2095_18S_3_200	ENV_Temperature	3	nan	0.121125	nan	nan	nan	nan	nan	2	1	0	nan	0.000000	nan
ASV_1029_16S_022_3	ENV_Temperature	4	nan	0.172710	nan	nan	nan	nan	nan	1	3	0	nan	0.000000	nan
OTU_38_18S_3_200	ENV_Temperature	5	nan	0.125306	nan	nan	nan	nan	nan	2	3	0	nan	0.000000	nan
OTU_332_18S_022_3	ENV_Temperature	1	nan	0.182323	nan	nan	nan	nan	nan	0	1	0	nan	0.000000	nan
ASV_105_16S_022_3	ENV_Temperature	2	nan	0.108979	nan	nan	nan	nan	nan	2	0	0	nan	0.000000	nan
OTU_2722_18S_022_3	ENV_Temperature	3	nan	0.114863	nan	nan	nan	nan	nan	2	1	0	nan	0.000000	nan
ASV_1426_16S_022_3	ENV_Temperature	3	nan	0.344160	nan	nan	nan	nan	nan	0	3	0	nan	0.000000	nan
ASV_905_16S_3_200	ENV_Temperature	5	nan	0.226598	nan	nan	nan	nan	nan	2	3	0	nan	0.000000	nan
ASV_550_16S_022_3	ENV_Temperature	3	nan	0.267238	nan	nan	nan	nan	nan	0	3	0	nan	0.000000	nan
OTU_2259_18S_3_200	ENV_Temperature	4	nan	0.270908	nan	nan	nan	nan	nan	1	3	0	nan	0.000000	nan
OTU_751_18S_022_3	ENV_Temperature	2	nan	0.255904	nan	nan	nan	nan	nan	1	1	0	nan	0.000000	nan
OTU_5446_18S_022_3	ENV_Temperature	4	nan	0.121125	nan	nan	nan	nan	nan	2	2	0	nan	0.000000	nan
OTU_811_18S_022_3	ENV_Temperature	2	nan	0.271623	nan	nan	nan	nan	nan	0	2	0	nan	0.000000	nan
ASV_57_16S_022_3	ENV_Temperature	3	nan	0.515827	nan	nan	nan	nan	nan	0	2	1	nan	0.000000	nan
OTU_195_18S_022_3	ENV_Temperature	2	nan	0.299971	nan	nan	nan	nan	nan	0	2	0	nan	0.000000	nan
OTU_1149_18S_022_3	ENV_Temperature	3	nan	0.290541	nan	nan	nan	nan	nan	0	3	0	nan	0.000000	nan
OTU_18_18S_022_3	ENV_Temperature	2	nan	0.100048	nan	nan	nan	nan	nan	2	0	0	nan	0.000000	nan
ASV_255_16S_3_200	ENV_Temperature	2	nan	0.106389	nan	nan	nan	nan	nan	2	0	0	nan	0.000000	nan
OTU_89_18S_3_200	ENV_Temperature	2	nan	0.154752	nan	nan	nan	nan	nan	2	0	0	nan	0.000000	nan
ASV_1675_16S_3_200	ENV_Temperature	3	nan	0.381211	nan	nan	nan	nan	nan	1	2	0	nan	0.000000	nan
ASV_144_16S_022_3	ENV_Temperature	2	nan	0.130981	nan	nan	nan	nan	nan	2	0	0	nan	0.000000	nan
ASV_229_16S_022_3	ENV_Temperature	3	nan	0.179607	nan	nan	nan	nan	nan	2	1	0	nan	0.000000	nan
OTU_506_18S_3_200	ENV_Temperature	3	nan	0.106473	nan	nan	nan	nan	nan	3	0	0	nan	0.000000	nan
ASV_985_16S_022_3	ENV_Temperature	2	nan	0.381211	nan	nan	nan	nan	nan	1	1	0	nan	0.000000	nan
OTU_1575_18S_022_3	ENV_Temperature	4	nan	0.139549	nan	nan	nan	nan	nan	3	1	0	nan	0.000000	nan
ASV_1227_16S_022_3	ENV_Temperature	3	nan	0.197858	nan	nan	nan	nan	nan	0	3	0	nan	0.000000	nan
OTU_763_18S_022_3	ENV_Temperature	4	nan	0.290541	nan	nan	nan	nan	nan	0	4	0	nan	0.000000	nan
ASV_414_16S_3_200	ENV_Temperature	3	nan	0.519825	nan	nan	nan	nan	nan	0	2	1	nan	0.000000	nan
ASV_406_16S_022_3	ENV_Temperature	4	nan	0.445950	nan	nan	nan	nan	nan	0	4	0	nan	0.000000	nan
OTU_11_18S_3_200	ENV_Temperature	4	nan	0.221659	nan	nan	nan	nan	nan	0	3	1	nan	0.000000	nan
ASV_669_16S_3_200	ENV_Temperature	1	nan	0.228129	nan	nan	nan	nan	nan	0	1	0	nan	0.000000	nan
ASV_1059_16S_022_3	ENV_Temperature	5	nan	0.167269	nan	nan	nan	nan	nan	2	3	0	nan	0.000000	nan
ASV_714_16S_022_3	ENV_Temperature	2	nan	0.072735	nan	nan	nan	nan	nan	2	0	0	nan	0.000000	nan
ASV_206_16S_022_3	ENV_Temperature	2	nan	0.133124	nan	nan	nan	nan	nan	2	0	0	nan	0.000000	nan
OTU_1345_18S_3_200	ENV_Temperature	6	nan	0.226598	nan	nan	nan	nan	nan	5	1	0	nan	0.000000	nan
OTU_467_18S_022_3	ENV_Temperature	1	nan	0.195520	nan	nan	nan	nan	nan	0	1	0	nan	0.000000	nan
OTU_240_18S_3_200	ENV_Temperature	2	nan	0.075695	nan	nan	nan	nan	nan	2	0	0	nan	0.000000	nan
OTU_413_18S_3_200	ENV_Temperature	3	nan	0.099874	nan	nan	nan	nan	nan	3	0	0	nan	0.000000	nan
OTU_985_18S_3_200	ENV_Temperature	3	nan	0.144735	nan	nan	nan	nan	nan	2	1	0	nan	0.000000	nan
ASV_1705_16S_022_3	ENV_Temperature	3	nan	0.144735	nan	nan	nan	nan	nan	0	3	0	nan	0.000000	nan
OTU_188_18S_022_3	ENV_Temperature	1	nan	0.128359	nan	nan	nan	nan	nan	1	0	0	nan	0.000000	nan
OTU_105_18S_3_200	ENV_Temperature	2	nan	0.154254	nan	nan	nan	nan	nan	2	0	0	nan	0.000000	nan
OTU_2562_18S_022_3	ENV_Temperature	1	nan	0.225031	nan	nan	nan	nan	nan	0	1	0	nan	0.000000	nan
ASV_842_16S_022_3	ENV_Temperature	2	nan	0.353934	nan	nan	nan	nan	nan	1	1	0	nan	0.000000	nan
OTU_233_18S_022_3	ENV_Temperature	2	nan	0.299056	nan	nan	nan	nan	nan	0	2	0	nan	0.000000	nan
OTU_1246_18S_022_3	ENV_Temperature	3	nan	0.167269	nan	nan	nan	nan	nan	1	2	0	nan	0.000000	nan
OTU_537_18S_022_3	ENV_Temperature	3	nan	0.328670	nan	nan	nan	nan	nan	2	1	0	nan	0.000000	nan
OTU_1058_18S_022_3	ENV_Temperature	1	nan	0.152300	nan	nan	nan	nan	nan	0	1	0	nan	0.000000	nan
OTU_496_18S_022_3	ENV_Temperature	2	nan	0.150747	nan	nan	nan	nan	nan	2	0	0	nan	0.000000	nan
ASV_507_16S_022_3	ENV_Temperature	2	nan	0.231481	nan	nan	nan	nan	nan	0	2	0	nan	0.000000	nan
OTU_506_18S_022_3	ENV_Temperature	1	nan	0.092315	nan	nan	nan	nan	nan	1	0	0	nan	0.000000	nan
OTU_787_18S_022_3	ENV_Temperature	4	nan	0.227588	nan	nan	nan	nan	nan	2	2	0	nan	0.000000	nan
OTU_2418_18S_3_200	ENV_Temperature	7	nan	0.115956	nan	nan	nan	nan	nan	3	4	0	nan	0.000000	nan
OTU_1309_18S_3_200	ENV_Temperature	3	nan	0.127028	nan	nan	nan	nan	nan	3	0	0	nan	0.000000	nan
ASV_503_16S_022_3	ENV_Temperature	7	nan	0.377580	nan	nan	nan	nan	nan	1	6	0	nan	0.000000	nan
ASV_781_16S_022_3	ENV_Temperature	2	nan	0.087163	nan	nan	nan	nan	nan	2	0	0	nan	0.000000	nan
ASV_582_16S_022_3	ENV_Temperature	4	nan	0.427355	nan	nan	nan	nan	nan	1	3	0	nan	0.000000	nan
ASV_738_16S_022_3	ENV_Temperature	2	nan	0.418379	nan	nan	nan	nan	nan	1	1	0	nan	0.000000	nan
OTU_1682_18S_022_3	ENV_Temperature	2	nan	0.087163	nan	nan	nan	nan	nan	1	1	0	nan	0.000000	nan
OTU_119_18S_3_200	ENV_Temperature	2	nan	0.201663	nan	nan	nan	nan	nan	1	1	0	nan	0.000000	nan
OTU_2041_18S_3_200	ENV_Temperature	2	nan	0.144735	nan	nan	nan	nan	nan	0	2	0	nan	0.000000	nan
ASV_862_16S_022_3	ENV_Temperature	5	nan	0.366386	nan	nan	nan	nan	nan	2	3	0	nan	0.000000	nan
OTU_242_18S_3_200	ENV_Temperature	3	nan	0.158303	nan	nan	nan	nan	nan	0	3	0	nan	0.000000	nan
OTU_1898_18S_3_200	ENV_Temperature	8	nan	0.144925	nan	nan	nan	nan	nan	2	6	0	nan	0.000000	nan
OTU_749_18S_022_3	ENV_Temperature	2	nan	0.238164	nan	nan	nan	nan	nan	1	1	0	nan	0.000000	nan
OTU_393_18S_3_200	ENV_Temperature	4	nan	0.228129	nan	nan	nan	nan	nan	2	2	0	nan	0.000000	nan
OTU_286_18S_3_200	ENV_Temperature	3	nan	0.071020	nan	nan	nan	nan	nan	3	0	0	nan	0.000000	nan
ASV_784_16S_3_200	ENV_Temperature	4	nan	0.203164	nan	nan	nan	nan	nan	1	3	0	nan	0.000000	nan
ASV_1581_16S_022_3	ENV_Temperature	4	nan	0.305655	nan	nan	nan	nan	nan	2	2	0	nan	0.000000	nan
OTU_842_18S_3_200	ENV_Temperature	2	nan	0.284360	nan	nan	nan	nan	nan	1	1	0	nan	0.000000	nan
OTU_234_18S_022_3	ENV_Temperature	4	nan	0.271777	nan	nan	nan	nan	nan	3	1	0	nan	0.000000	nan
OTU_476_18S_3_200	ENV_Temperature	3	nan	0.293461	nan	nan	nan	nan	nan	0	3	0	nan	0.000000	nan
ASV_364_16S_3_200	ENV_Temperature	2	nan	0.201111	nan	nan	nan	nan	nan	2	0	0	nan	0.000000	nan
OTU_942_18S_022_3	ENV_Temperature	2	nan	0.203712	nan	nan	nan	nan	nan	2	0	0	nan	0.000000	nan
ASV_1244_16S_022_3	ENV_Temperature	3	nan	0.184978	nan	nan	nan	nan	nan	2	1	0	nan	0.000000	nan
OTU_1213_18S_022_3	ENV_Temperature	3	nan	0.291820	nan	nan	nan	nan	nan	0	3	0	nan	0.000000	nan
OTU_2736_18S_022_3	ENV_Temperature	3	nan	0.106981	nan	nan	nan	nan	nan	3	0	0	nan	0.000000	nan
ASV_226_16S_022_3	ENV_Temperature	3	nan	0.305361	nan	nan	nan	nan	nan	2	1	0	nan	0.000000	nan
ASV_1442_16S_022_3	ENV_Temperature	2	nan	0.260211	nan	nan	nan	nan	nan	1	1	0	nan	0.000000	nan
OTU_902_18S_022_3	ENV_Temperature	3	nan	0.146610	nan	nan	nan	nan	nan	2	1	0	nan	0.000000	nan
OTU_2884_18S_3_200	ENV_Temperature	3	nan	0.174102	nan	nan	nan	nan	nan	1	2	0	nan	0.000000	nan
OTU_151_18S_3_200	ENV_Temperature	2	nan	0.156253	nan	nan	nan	nan	nan	1	1	0	nan	0.000000	nan
OTU_889_18S_022_3	ENV_Temperature	4	nan	0.144735	nan	nan	nan	nan	nan	0	4	0	nan	0.000000	nan
OTU_98_18S_022_3	ENV_Temperature	1	nan	0.164743	nan	nan	nan	nan	nan	0	1	0	nan	0.000000	nan
OTU_2322_18S_3_200	ENV_Temperature	3	nan	0.188336	nan	nan	nan	nan	nan	2	1	0	nan	0.000000	nan
ASV_1044_16S_022_3	ENV_Temperature	3	nan	0.276960	nan	nan	nan	nan	nan	1	2	0	nan	0.000000	nan
OTU_125_18S_3_200	ENV_Temperature	1	nan	0.081702	nan	nan	nan	nan	nan	1	0	0	nan	0.000000	nan
OTU_917_18S_022_3	ENV_Temperature	3	nan	0.158467	nan	nan	nan	nan	nan	3	0	0	nan	0.000000	nan
OTU_236_18S_3_200	ENV_Temperature	4	nan	0.127613	nan	nan	nan	nan	nan	1	3	0	nan	0.000000	nan
ASV_249_16S_022_3	ENV_Temperature	3	nan	0.198728	nan	nan	nan	nan	nan	2	1	0	nan	0.000000	nan
OTU_1153_18S_022_3	ENV_Temperature	4	nan	0.375899	nan	nan	nan	nan	nan	1	3	0	nan	0.000000	nan
ASV_1115_16S_022_3	ENV_Temperature	4	nan	0.158600	nan	nan	nan	nan	nan	0	4	0	nan	0.000000	nan
OTU_817_18S_022_3	ENV_Temperature	3	nan	0.247892	nan	nan	nan	nan	nan	0	3	0	nan	0.000000	nan
OTU_1346_18S_022_3	ENV_Temperature	2	nan	0.213022	nan	nan	nan	nan	nan	0	2	0	nan	0.000000	nan
ASV_61_16S_022_3	ENV_Temperature	6	nan	0.170203	nan	nan	nan	nan	nan	2	4	0	nan	0.000000	nan
ASV_2281_16S_3_200	ENV_Temperature	3	nan	0.236782	nan	nan	nan	nan	nan	1	2	0	nan	0.000000	nan
OTU_1191_18S_022_3	ENV_Temperature	3	nan	0.167269	nan	nan	nan	nan	nan	2	1	0	nan	0.000000	nan
OTU_320_18S_022_3	ENV_Temperature	4	nan	0.232610	nan	nan	nan	nan	nan	3	1	0	nan	0.000000	nan
OTU_1511_18S_3_200	ENV_Temperature	5	nan	0.099615	nan	nan	nan	nan	nan	3	2	0	nan	0.000000	nan
ASV_377_16S_022_3	ENV_Temperature	1	nan	0.130195	nan	nan	nan	nan	nan	0	1	0	nan	0.000000	nan
ASV_448_16S_3_200	ENV_Temperature	4	nan	0.126807	nan	nan	nan	nan	nan	3	1	0	nan	0.000000	nan
OTU_373_18S_3_200	ENV_Temperature	4	nan	0.252860	nan	nan	nan	nan	nan	0	4	0	nan	0.000000	nan
ASV_833_16S_022_3	ENV_Temperature	4	nan	0.249469	nan	nan	nan	nan	nan	2	2	0	nan	0.000000	nan
OTU_1899_18S_022_3	ENV_Temperature	1	nan	0.136665	nan	nan	nan	nan	nan	0	1	0	nan	0.000000	nan
ASV_469_16S_022_3	ENV_Temperature	2	nan	0.272201	nan	nan	nan	nan	nan	0	2	0	nan	0.000000	nan
ASV_1482_16S_022_3	ENV_Temperature	2	nan	0.213022	nan	nan	nan	nan	nan	0	2	0	nan	0.000000	nan
ASV_75_16S_022_3	ENV_Temperature	3	nan	0.354649	nan	nan	nan	nan	nan	0	3	0	nan	0.000000	nan
OTU_1460_18S_022_3	ENV_Temperature	1	nan	0.179179	nan	nan	nan	nan	nan	0	1	0	nan	0.000000	nan
OTU_2037_18S_022_3	ENV_Temperature	1	nan	0.128275	nan	nan	nan	nan	nan	1	0	0	nan	0.000000	nan
OTU_1290_18S_022_3	ENV_Temperature	4	nan	0.155260	nan	nan	nan	nan	nan	0	4	0	nan	0.000000	nan
ASV_9_16S_022_3	ENV_Temperature	4	nan	0.323448	nan	nan	nan	nan	nan	1	3	0	nan	0.000000	nan
OTU_325_18S_3_200	ENV_Temperature	4	nan	0.176340	nan	nan	nan	nan	nan	0	4	0	nan	0.000000	nan
OTU_251_18S_022_3	ENV_Temperature	1	nan	0.172710	nan	nan	nan	nan	nan	1	0	0	nan	0.000000	nan
OTU_197_18S_3_200	ENV_Temperature	5	nan	0.270908	nan	nan	nan	nan	nan	1	4	0	nan	0.000000	nan
ASV_1949_16S_022_3	ENV_Temperature	1	nan	0.190638	nan	nan	nan	nan	nan	0	1	0	nan	0.000000	nan
OTU_34_18S_3_200	ENV_Temperature	2	nan	0.189548	nan	nan	nan	nan	nan	2	0	0	nan	0.000000	nan
ASV_782_16S_022_3	ENV_Temperature	5	nan	0.368061	nan	nan	nan	nan	nan	0	5	0	nan	0.000000	nan
ASV_273_16S_022_3	ENV_Temperature	2	nan	0.091858	nan	nan	nan	nan	nan	2	0	0	nan	0.000000	nan
ASV_613_16S_022_3	ENV_Temperature	2	nan	0.264543	nan	nan	nan	nan	nan	0	2	0	nan	0.000000	nan
OTU_260_18S_3_200	ENV_Temperature	2	nan	0.121125	nan	nan	nan	nan	nan	1	1	0	nan	0.000000	nan
OTU_8089_18S_022_3	ENV_Temperature	2	nan	0.121125	nan	nan	nan	nan	nan	1	1	0	nan	0.000000	nan
ASV_110_16S_022_3	ENV_Temperature	4	nan	0.246227	nan	nan	nan	nan	nan	3	1	0	nan	0.000000	nan
OTU_1076_18S_022_3	ENV_Temperature	1	nan	0.108110	nan	nan	nan	nan	nan	1	0	0	nan	0.000000	nan
OTU_196_18S_3_200	ENV_Temperature	3	nan	0.173516	nan	nan	nan	nan	nan	0	3	0	nan	0.000000	nan
OTU_15_18S_022_3	ENV_Temperature	2	nan	0.192050	nan	nan	nan	nan	nan	0	2	0	nan	0.000000	nan
ASV_444_16S_022_3	ENV_Temperature	2	nan	0.195520	nan	nan	nan	nan	nan	1	1	0	nan	0.000000	nan
ASV_93_16S_022_3	ENV_Temperature	4	nan	0.474510	nan	nan	nan	nan	nan	1	3	0	nan	0.000000	nan
ASV_1375_16S_022_3	ENV_Temperature	1	nan	0.144735	nan	nan	nan	nan	nan	0	1	0	nan	0.000000	nan
OTU_675_18S_022_3	ENV_Temperature	2	nan	0.130195	nan	nan	nan	nan	nan	1	1	0	nan	0.000000	nan
OTU_671_18S_3_200	ENV_Temperature	4	nan	0.097497	nan	nan	nan	nan	nan	3	1	0	nan	0.000000	nan
OTU_605_18S_3_200	ENV_Temperature	3	nan	0.115415	nan	nan	nan	nan	nan	1	2	0	nan	0.000000	nan
OTU_1390_18S_3_200	ENV_Temperature	5	nan	0.143647	nan	nan	nan	nan	nan	3	2	0	nan	0.000000	nan
ASV_304_16S_022_3	ENV_Temperature	4	nan	0.313587	nan	nan	nan	nan	nan	1	3	0	nan	0.000000	nan
ASV_464_16S_3_200	ENV_Temperature	1	nan	0.209053	nan	nan	nan	nan	nan	0	1	0	nan	0.000000	nan
ASV_278_16S_022_3	ENV_Temperature	2	nan	0.659956	nan	nan	nan	nan	nan	0	0	2	nan	0.000000	nan
ASV_387_16S_022_3	ENV_Temperature	4	nan	0.368807	nan	nan	nan	nan	nan	0	4	0	nan	0.000000	nan
OTU_536_18S_3_200	ENV_Temperature	2	nan	0.146610	nan	nan	nan	nan	nan	0	2	0	nan	0.000000	nan
OTU_303_18S_3_200	ENV_Temperature	4	nan	0.140380	nan	nan	nan	nan	nan	3	1	0	nan	0.000000	nan
ASV_1934_16S_022_3	ENV_Temperature	2	nan	0.204796	nan	nan	nan	nan	nan	1	1	0	nan	0.000000	nan
OTU_430_18S_022_3	ENV_Temperature	3	nan	0.249469	nan	nan	nan	nan	nan	2	1	0	nan	0.000000	nan
ASV_410_16S_022_3	ENV_Temperature	3	nan	0.228173	nan	nan	nan	nan	nan	0	3	0	nan	0.000000	nan
ASV_2004_16S_3_200	ENV_Temperature	2	nan	0.284360	nan	nan	nan	nan	nan	1	1	0	nan	0.000000	nan
OTU_2309_18S_022_3	ENV_Temperature	5	nan	0.184978	nan	nan	nan	nan	nan	5	0	0	nan	0.000000	nan
OTU_2745_18S_3_200	ENV_Temperature	2	nan	0.085179	nan	nan	nan	nan	nan	2	0	0	nan	0.000000	nan
ASV_263_16S_022_3	ENV_Temperature	2	nan	0.189752	nan	nan	nan	nan	nan	1	1	0	nan	0.000000	nan
OTU_756_18S_3_200	ENV_Temperature	4	nan	0.144735	nan	nan	nan	nan	nan	1	3	0	nan	0.000000	nan
OTU_778_18S_3_200	ENV_Temperature	3	nan	0.116339	nan	nan	nan	nan	nan	3	0	0	nan	0.000000	nan
OTU_787_18S_3_200	ENV_Temperature	3	nan	0.154538	nan	nan	nan	nan	nan	3	0	0	nan	0.000000	nan
OTU_1901_18S_022_3	ENV_Temperature	1	nan	0.238409	nan	nan	nan	nan	nan	0	1	0	nan	0.000000	nan
OTU_560_18S_3_200	ENV_Temperature	1	nan	0.182029	nan	nan	nan	nan	nan	1	0	0	nan	0.000000	nan
OTU_183_18S_3_200	ENV_Temperature	3	nan	0.219491	nan	nan	nan	nan	nan	2	1	0	nan	0.000000	nan
OTU_797_18S_022_3	ENV_Temperature	4	nan	0.301646	nan	nan	nan	nan	nan	1	3	0	nan	0.000000	nan
ASV_762_16S_022_3	ENV_Temperature	1	nan	0.081787	nan	nan	nan	nan	nan	1	0	0	nan	0.000000	nan
ASV_1439_16S_3_200	ENV_Temperature	3	nan	0.353719	nan	nan	nan	nan	nan	0	3	0	nan	0.000000	nan
ASV_673_16S_3_200	ENV_Temperature	5	nan	0.225797	nan	nan	nan	nan	nan	3	2	0	nan	0.000000	nan
ASV_307_16S_022_3	ENV_Temperature	2	nan	0.130195	nan	nan	nan	nan	nan	1	1	0	nan	0.000000	nan
OTU_833_18S_3_200	ENV_Temperature	2	nan	0.234102	nan	nan	nan	nan	nan	0	2	0	nan	0.000000	nan
ASV_297_16S_022_3	ENV_Temperature	3	nan	0.385801	nan	nan	nan	nan	nan	0	3	0	nan	0.000000	nan
ASV_1088_16S_022_3	ENV_Temperature	1	nan	0.066584	nan	nan	nan	nan	nan	1	0	0	nan	0.000000	nan
OTU_1786_18S_3_200	ENV_Temperature	3	nan	0.152375	nan	nan	nan	nan	nan	2	1	0	nan	0.000000	nan
ASV_1310_16S_022_3	ENV_Temperature	2	nan	0.264543	nan	nan	nan	nan	nan	1	1	0	nan	0.000000	nan
ASV_412_16S_022_3	ENV_Temperature	1	nan	0.178478	nan	nan	nan	nan	nan	1	0	0	nan	0.000000	nan
OTU_103_18S_3_200	ENV_Temperature	4	nan	0.280013	nan	nan	nan	nan	nan	2	2	0	nan	0.000000	nan
ASV_1149_16S_022_3	ENV_Temperature	2	nan	0.144735	nan	nan	nan	nan	nan	1	1	0	nan	0.000000	nan
ASV_755_16S_022_3	ENV_Temperature	3	nan	0.170203	nan	nan	nan	nan	nan	1	2	0	nan	0.000000	nan
OTU_1121_18S_3_200	ENV_Temperature	4	nan	0.133458	nan	nan	nan	nan	nan	1	3	0	nan	0.000000	nan
ASV_301_16S_022_3	ENV_Temperature	3	nan	0.586907	nan	nan	nan	nan	nan	0	2	1	nan	0.000000	nan
OTU_1628_18S_022_3	ENV_Temperature	1	nan	0.213022	nan	nan	nan	nan	nan	0	1	0	nan	0.000000	nan
OTU_2876_18S_022_3	ENV_Temperature	7	nan	0.087163	nan	nan	nan	nan	nan	6	1	0	nan	0.000000	nan
OTU_543_18S_022_3	ENV_Temperature	2	nan	0.126436	nan	nan	nan	nan	nan	2	0	0	nan	0.000000	nan
ASV_33_16S_022_3	ENV_Temperature	3	nan	0.343535	nan	nan	nan	nan	nan	0	3	0	nan	0.000000	nan
OTU_909_18S_3_200	ENV_Temperature	5	nan	0.151291	nan	nan	nan	nan	nan	3	2	0	nan	0.000000	nan
OTU_585_18S_022_3	ENV_Temperature	3	nan	0.179179	nan	nan	nan	nan	nan	1	2	0	nan	0.000000	nan
OTU_2389_18S_022_3	ENV_Temperature	3	nan	0.087163	nan	nan	nan	nan	nan	2	1	0	nan	0.000000	nan
ASV_1294_16S_022_3	ENV_Temperature	1	nan	0.115956	nan	nan	nan	nan	nan	0	1	0	nan	0.000000	nan
OTU_960_18S_3_200	ENV_Temperature	3	nan	0.081787	nan	nan	nan	nan	nan	3	0	0	nan	0.000000	nan
ASV_2371_16S_022_3	ENV_Temperature	2	nan	0.284360	nan	nan	nan	nan	nan	0	2	0	nan	0.000000	nan
OTU_871_18S_3_200	ENV_Temperature	3	nan	0.100416	nan	nan	nan	nan	nan	3	0	0	nan	0.000000	nan
OTU_2433_18S_3_200	ENV_Temperature	4	nan	0.144925	nan	nan	nan	nan	nan	0	4	0	nan	0.000000	nan
OTU_1399_18S_3_200	ENV_Temperature	3	nan	0.138141	nan	nan	nan	nan	nan	1	2	0	nan	0.000000	nan
OTU_517_18S_3_200	ENV_Temperature	1	nan	0.130195	nan	nan	nan	nan	nan	1	0	0	nan	0.000000	nan
ASV_1720_16S_022_3	ENV_Temperature	4	nan	0.284360	nan	nan	nan	nan	nan	1	3	0	nan	0.000000	nan
ASV_1155_16S_022_3	ENV_Temperature	3	nan	0.323448	nan	nan	nan	nan	nan	3	0	0	nan	0.000000	nan
OTU_711_18S_3_200	ENV_Temperature	4	nan	0.184978	nan	nan	nan	nan	nan	3	1	0	nan	0.000000	nan
OTU_1123_18S_022_3	ENV_Temperature	3	nan	0.250782	nan	nan	nan	nan	nan	0	3	0	nan	0.000000	nan
OTU_373_18S_022_3	ENV_Temperature	2	nan	0.167871	nan	nan	nan	nan	nan	1	1	0	nan	0.000000	nan
ASV_820_16S_022_3	ENV_Temperature	2	nan	0.353719	nan	nan	nan	nan	nan	0	2	0	nan	0.000000	nan
OTU_48_18S_3_200	ENV_Temperature	3	nan	0.307415	nan	nan	nan	nan	nan	0	3	0	nan	0.000000	nan
OTU_3448_18S_3_200	ENV_Temperature	2	nan	0.164743	nan	nan	nan	nan	nan	0	2	0	nan	0.000000	nan
OTU_1104_18S_022_3	ENV_Temperature	2	nan	0.097497	nan	nan	nan	nan	nan	2	0	0	nan	0.000000	nan
OTU_868_18S_3_200	ENV_Temperature	4	nan	0.081787	nan	nan	nan	nan	nan	4	0	0	nan	0.000000	nan
OTU_1374_18S_3_200	ENV_Temperature	5	nan	0.264543	nan	nan	nan	nan	nan	2	3	0	nan	0.000000	nan
OTU_191_18S_3_200	ENV_Temperature	4	nan	0.164743	nan	nan	nan	nan	nan	0	4	0	nan	0.000000	nan
ASV_831_16S_022_3	ENV_Temperature	4	nan	0.411696	nan	nan	nan	nan	nan	3	1	0	nan	0.000000	nan
ASV_1658_16S_022_3	ENV_Temperature	4	nan	0.144735	nan	nan	nan	nan	nan	2	2	0	nan	0.000000	nan
OTU_1506_18S_022_3	ENV_Temperature	2	nan	0.087163	nan	nan	nan	nan	nan	2	0	0	nan	0.000000	nan
OTU_1789_18S_022_3	ENV_Temperature	3	nan	0.121125	nan	nan	nan	nan	nan	3	0	0	nan	0.000000	nan
OTU_537_18S_3_200	ENV_Temperature	3	nan	0.259997	nan	nan	nan	nan	nan	1	2	0	nan	0.000000	nan
ASV_1002_16S_022_3	ENV_Temperature	4	nan	0.334722	nan	nan	nan	nan	nan	3	1	0	nan	0.000000	nan
OTU_1086_18S_3_200	ENV_Temperature	5	nan	0.121462	nan	nan	nan	nan	nan	4	1	0	nan	0.000000	nan
ASV_947_16S_022_3	ENV_Temperature	4	nan	0.323448	nan	nan	nan	nan	nan	1	3	0	nan	0.000000	nan
ASV_1287_16S_022_3	ENV_Temperature	5	nan	0.328670	nan	nan	nan	nan	nan	0	5	0	nan	0.000000	nan
ASV_506_16S_022_3	ENV_Temperature	4	nan	0.317973	nan	nan	nan	nan	nan	3	1	0	nan	0.000000	nan
OTU_1801_18S_022_3	ENV_Temperature	4	nan	0.121417	nan	nan	nan	nan	nan	2	2	0	nan	0.000000	nan
OTU_741_18S_3_200	ENV_Temperature	5	nan	0.085179	nan	nan	nan	nan	nan	5	0	0	nan	0.000000	nan
OTU_1283_18S_022_3	ENV_Temperature	4	nan	0.129912	nan	nan	nan	nan	nan	2	2	0	nan	0.000000	nan
OTU_3326_18S_022_3	ENV_Temperature	2	nan	0.179179	nan	nan	nan	nan	nan	0	2	0	nan	0.000000	nan
OTU_598_18S_3_200	ENV_Temperature	3	nan	0.077779	nan	nan	nan	nan	nan	3	0	0	nan	0.000000	nan
ASV_1186_16S_022_3	ENV_Temperature	3	nan	0.352227	nan	nan	nan	nan	nan	1	2	0	nan	0.000000	nan
OTU_910_18S_3_200	ENV_Temperature	1	nan	0.097497	nan	nan	nan	nan	nan	1	0	0	nan	0.000000	nan
OTU_2305_18S_022_3	ENV_Temperature	1	nan	0.097497	nan	nan	nan	nan	nan	0	1	0	nan	0.000000	nan
OTU_62_18S_3_200	ENV_Temperature	3	nan	0.093952	nan	nan	nan	nan	nan	3	0	0	nan	0.000000	nan
OTU_866_18S_3_200	ENV_Temperature	7	nan	0.180402	nan	nan	nan	nan	nan	3	4	0	nan	0.000000	nan
ASV_1223_16S_022_3	ENV_Temperature	3	nan	0.184978	nan	nan	nan	nan	nan	3	0	0	nan	0.000000	nan
OTU_698_18S_3_200	ENV_Temperature	3	nan	0.154538	nan	nan	nan	nan	nan	2	1	0	nan	0.000000	nan
OTU_2317_18S_022_3	ENV_Temperature	3	nan	0.097497	nan	nan	nan	nan	nan	3	0	0	nan	0.000000	nan
OTU_495_18S_022_3	ENV_Temperature	3	nan	0.094940	nan	nan	nan	nan	nan	2	1	0	nan	0.000000	nan
OTU_1252_18S_3_200	ENV_Temperature	5	nan	0.151291	nan	nan	nan	nan	nan	2	3	0	nan	0.000000	nan
OTU_1576_18S_3_200	ENV_Temperature	4	nan	0.108771	nan	nan	nan	nan	nan	4	0	0	nan	0.000000	nan
ASV_502_16S_022_3	ENV_Temperature	2	nan	0.172461	nan	nan	nan	nan	nan	0	2	0	nan	0.000000	nan
ASV_858_16S_3_200	ENV_Temperature	2	nan	0.262850	nan	nan	nan	nan	nan	0	2	0	nan	0.000000	nan
ASV_1556_16S_022_3	ENV_Temperature	2	nan	0.328670	nan	nan	nan	nan	nan	0	2	0	nan	0.000000	nan
OTU_1898_18S_022_3	ENV_Temperature	2	nan	0.106981	nan	nan	nan	nan	nan	2	0	0	nan	0.000000	nan
OTU_931_18S_022_3	ENV_Temperature	5	nan	0.226598	nan	nan	nan	nan	nan	1	4	0	nan	0.000000	nan
OTU_16_18S_3_200	ENV_Temperature	3	nan	0.071020	nan	nan	nan	nan	nan	2	1	0	nan	0.000000	nan
OTU_1338_18S_022_3	ENV_Temperature	3	nan	0.271520	nan	nan	nan	nan	nan	2	0	1	nan	0.000000	nan
OTU_293_18S_3_200	ENV_Temperature	5	nan	0.144925	nan	nan	nan	nan	nan	0	5	0	nan	0.000000	nan
OTU_1146_18S_3_200	ENV_Temperature	2	nan	0.189837	nan	nan	nan	nan	nan	0	2	0	nan	0.000000	nan
OTU_227_18S_022_3	ENV_Temperature	1	nan	0.099615	nan	nan	nan	nan	nan	1	0	0	nan	0.000000	nan
OTU_3429_18S_022_3	ENV_Temperature	1	nan	0.137758	nan	nan	nan	nan	nan	0	1	0	nan	0.000000	nan
OTU_1609_18S_022_3	ENV_Temperature	5	nan	0.167269	nan	nan	nan	nan	nan	1	4	0	nan	0.000000	nan
OTU_69_18S_022_3	ENV_Temperature	2	nan	0.179145	nan	nan	nan	nan	nan	1	1	0	nan	0.000000	nan
OTU_231_18S_3_200	ENV_Temperature	2	nan	0.179607	nan	nan	nan	nan	nan	1	1	0	nan	0.000000	nan
ASV_504_16S_022_3	ENV_Temperature	4	nan	0.479524	nan	nan	nan	nan	nan	2	2	0	nan	0.000000	nan
OTU_1355_18S_3_200	ENV_Temperature	4	nan	0.114863	nan	nan	nan	nan	nan	3	1	0	nan	0.000000	nan
OTU_199_18S_022_3	ENV_Temperature	1	nan	0.219198	nan	nan	nan	nan	nan	1	0	0	nan	0.000000	nan
OTU_1417_18S_3_200	ENV_Temperature	2	nan	0.121417	nan	nan	nan	nan	nan	0	2	0	nan	0.000000	nan
OTU_17_18S_3_200	ENV_Temperature	3	nan	0.167204	nan	nan	nan	nan	nan	2	1	0	nan	0.000000	nan
OTU_1557_18S_3_200	ENV_Temperature	3	nan	0.116339	nan	nan	nan	nan	nan	1	2	0	nan	0.000000	nan
OTU_491_18S_022_3	ENV_Temperature	2	nan	0.176400	nan	nan	nan	nan	nan	1	1	0	nan	0.000000	nan
ASV_1124_16S_3_200	ENV_Temperature	2	nan	0.252911	nan	nan	nan	nan	nan	2	0	0	nan	0.000000	nan
OTU_800_18S_3_200	ENV_Temperature	3	nan	0.087098	nan	nan	nan	nan	nan	3	0	0	nan	0.000000	nan
ASV_2068_16S_022_3	ENV_Temperature	2	nan	0.234948	nan	nan	nan	nan	nan	2	0	0	nan	0.000000	nan
OTU_625_18S_3_200	ENV_Temperature	3	nan	0.129489	nan	nan	nan	nan	nan	2	1	0	nan	0.000000	nan
OTU_2812_18S_022_3	ENV_Temperature	3	nan	0.184978	nan	nan	nan	nan	nan	2	1	0	nan	0.000000	nan
OTU_1165_18S_3_200	ENV_Temperature	6	nan	0.134874	nan	nan	nan	nan	nan	5	1	0	nan	0.000000	nan
OTU_2459_18S_3_200	ENV_Temperature	5	nan	0.106473	nan	nan	nan	nan	nan	3	2	0	nan	0.000000	nan
ASV_1443_16S_022_3	ENV_Temperature	4	nan	0.287488	nan	nan	nan	nan	nan	2	2	0	nan	0.000000	nan
OTU_791_18S_3_200	ENV_Temperature	3	nan	0.087163	nan	nan	nan	nan	nan	2	1	0	nan	0.000000	nan
ASV_1781_16S_022_3	ENV_Temperature	5	nan	0.295957	nan	nan	nan	nan	nan	3	2	0	nan	0.000000	nan
ASV_500_16S_022_3	ENV_Temperature	3	nan	0.069851	nan	nan	nan	nan	nan	3	0	0	nan	0.000000	nan
OTU_1286_18S_3_200	ENV_Temperature	5	nan	0.106981	nan	nan	nan	nan	nan	4	1	0	nan	0.000000	nan
ASV_579_16S_022_3	ENV_Temperature	2	nan	0.294669	nan	nan	nan	nan	nan	0	2	0	nan	0.000000	nan
OTU_3782_18S_3_200	ENV_Temperature	5	nan	0.144925	nan	nan	nan	nan	nan	0	5	0	nan	0.000000	nan
OTU_1143_18S_022_3	ENV_Temperature	4	nan	0.294544	nan	nan	nan	nan	nan	0	3	1	nan	0.000000	nan
OTU_348_18S_3_200	ENV_Temperature	2	nan	0.117832	nan	nan	nan	nan	nan	1	1	0	nan	0.000000	nan
OTU_962_18S_3_200	ENV_Temperature	1	nan	0.105270	nan	nan	nan	nan	nan	1	0	0	nan	0.000000	nan
OTU_699_18S_3_200	ENV_Temperature	3	nan	0.152375	nan	nan	nan	nan	nan	3	0	0	nan	0.000000	nan
OTU_1618_18S_022_3	ENV_Temperature	3	nan	0.099615	nan	nan	nan	nan	nan	3	0	0	nan	0.000000	nan
ASV_818_16S_022_3	ENV_Temperature	2	nan	0.299056	nan	nan	nan	nan	nan	1	1	0	nan	0.000000	nan
OTU_2905_18S_022_3	ENV_Temperature	2	nan	0.106473	nan	nan	nan	nan	nan	1	1	0	nan	0.000000	nan
OTU_5301_18S_3_200	ENV_Temperature	3	nan	0.087163	nan	nan	nan	nan	nan	2	1	0	nan	0.000000	nan
OTU_1347_18S_3_200	ENV_Temperature	3	nan	0.085179	nan	nan	nan	nan	nan	3	0	0	nan	0.000000	nan
OTU_146_18S_3_200	ENV_Temperature	3	nan	0.092315	nan	nan	nan	nan	nan	1	2	0	nan	0.000000	nan
ASV_2243_16S_022_3	ENV_Temperature	2	nan	0.204796	nan	nan	nan	nan	nan	0	2	0	nan	0.000000	nan
OTU_1625_18S_3_200	ENV_Temperature	4	nan	0.129489	nan	nan	nan	nan	nan	3	1	0	nan	0.000000	nan
OTU_329_18S_3_200	ENV_Temperature	2	nan	0.275547	nan	nan	nan	nan	nan	0	2	0	nan	0.000000	nan
OTU_1304_18S_022_3	ENV_Temperature	3	nan	0.170203	nan	nan	nan	nan	nan	0	3	0	nan	0.000000	nan
ASV_381_16S_022_3	ENV_Temperature	2	nan	0.219944	nan	nan	nan	nan	nan	1	1	0	nan	0.000000	nan
ASV_1047_16S_022_3	ENV_Temperature	3	nan	0.121417	nan	nan	nan	nan	nan	3	0	0	nan	0.000000	nan
ASV_284_16S_022_3	ENV_Temperature	3	nan	0.264557	nan	nan	nan	nan	nan	2	1	0	nan	0.000000	nan
OTU_497_18S_3_200	ENV_Temperature	2	nan	0.264543	nan	nan	nan	nan	nan	0	2	0	nan	0.000000	nan
OTU_899_18S_3_200	ENV_Temperature	2	nan	0.228011	nan	nan	nan	nan	nan	1	1	0	nan	0.000000	nan
OTU_6383_18S_022_3	ENV_Temperature	1	nan	0.226890	nan	nan	nan	nan	nan	1	0	0	nan	0.000000	nan
OTU_646_18S_3_200	ENV_Temperature	2	nan	0.286106	nan	nan	nan	nan	nan	1	1	0	nan	0.000000	nan
OTU_304_18S_3_200	ENV_Temperature	3	nan	0.079996	nan	nan	nan	nan	nan	3	0	0	nan	0.000000	nan
ASV_1353_16S_022_3	ENV_Temperature	3	nan	0.249469	nan	nan	nan	nan	nan	2	1	0	nan	0.000000	nan
OTU_902_18S_3_200	ENV_Temperature	4	nan	0.182029	nan	nan	nan	nan	nan	3	1	0	nan	0.000000	nan
ASV_2155_16S_022_3	ENV_Temperature	2	nan	0.264543	nan	nan	nan	nan	nan	1	1	0	nan	0.000000	nan
OTU_760_18S_022_3	ENV_Temperature	3	nan	0.179179	nan	nan	nan	nan	nan	0	3	0	nan	0.000000	nan
OTU_995_18S_3_200	ENV_Temperature	4	nan	0.085179	nan	nan	nan	nan	nan	4	0	0	nan	0.000000	nan
OTU_106_18S_3_200	ENV_Temperature	3	nan	0.110650	nan	nan	nan	nan	nan	3	0	0	nan	0.000000	nan
OTU_1627_18S_3_200	ENV_Temperature	3	nan	0.099615	nan	nan	nan	nan	nan	2	1	0	nan	0.000000	nan
OTU_1076_18S_3_200	ENV_Temperature	2	nan	0.112530	nan	nan	nan	nan	nan	2	0	0	nan	0.000000	nan
OTU_2195_18S_022_3	ENV_Temperature	3	nan	0.121125	nan	nan	nan	nan	nan	2	1	0	nan	0.000000	nan
ASV_1164_16S_022_3	ENV_Temperature	3	nan	0.445950	nan	nan	nan	nan	nan	0	2	1	nan	0.000000	nan
ASV_1036_16S_022_3	ENV_Temperature	3	nan	0.204796	nan	nan	nan	nan	nan	2	1	0	nan	0.000000	nan
ASV_456_16S_022_3	ENV_Temperature	3	nan	0.247892	nan	nan	nan	nan	nan	3	0	0	nan	0.000000	nan
OTU_116_18S_3_200	ENV_Temperature	2	nan	0.136868	nan	nan	nan	nan	nan	2	0	0	nan	0.000000	nan
ASV_920_16S_022_3	ENV_Temperature	4	nan	0.332132	nan	nan	nan	nan	nan	1	3	0	nan	0.000000	nan
ASV_169_16S_022_3	ENV_Temperature	4	nan	0.243342	nan	nan	nan	nan	nan	3	1	0	nan	0.000000	nan
ASV_1695_16S_022_3	ENV_Temperature	2	nan	0.144735	nan	nan	nan	nan	nan	0	2	0	nan	0.000000	nan
ASV_2010_16S_022_3	ENV_Temperature	1	nan	0.121417	nan	nan	nan	nan	nan	0	1	0	nan	0.000000	nan
OTU_1294_18S_022_3	ENV_Temperature	2	nan	0.099615	nan	nan	nan	nan	nan	2	0	0	nan	0.000000	nan
ASV_1233_16S_022_3	ENV_Temperature	5	nan	0.301646	nan	nan	nan	nan	nan	3	2	0	nan	0.000000	nan
OTU_3624_18S_3_200	ENV_Temperature	3	nan	0.121417	nan	nan	nan	nan	nan	2	1	0	nan	0.000000	nan
OTU_2780_18S_022_3	ENV_Temperature	4	nan	0.121125	nan	nan	nan	nan	nan	3	1	0	nan	0.000000	nan
OTU_2342_18S_3_200	ENV_Temperature	1	nan	0.081787	nan	nan	nan	nan	nan	1	0	0	nan	0.000000	nan
ASV_666_16S_022_3	ENV_Temperature	3	nan	0.126807	nan	nan	nan	nan	nan	2	1	0	nan	0.000000	nan
OTU_477_18S_3_200	ENV_Temperature	4	nan	0.121125	nan	nan	nan	nan	nan	4	0	0	nan	0.000000	nan
OTU_1023_18S_3_200	ENV_Temperature	3	nan	0.186037	nan	nan	nan	nan	nan	0	3	0	nan	0.000000	nan
OTU_1463_18S_3_200	ENV_Temperature	2	nan	0.197858	nan	nan	nan	nan	nan	0	2	0	nan	0.000000	nan
OTU_136_18S_3_200	ENV_Temperature	4	nan	0.292079	nan	nan	nan	nan	nan	0	4	0	nan	0.000000	nan
OTU_558_18S_3_200	ENV_Temperature	2	nan	0.128275	nan	nan	nan	nan	nan	0	2	0	nan	0.000000	nan
OTU_2167_18S_022_3	ENV_Temperature	2	nan	0.158600	nan	nan	nan	nan	nan	1	1	0	nan	0.000000	nan
OTU_1148_18S_022_3	ENV_Temperature	2	nan	0.166941	nan	nan	nan	nan	nan	2	0	0	nan	0.000000	nan
ASV_1034_16S_022_3	ENV_Temperature	1	nan	0.097497	nan	nan	nan	nan	nan	1	0	0	nan	0.000000	nan
OTU_1334_18S_3_200	ENV_Temperature	2	nan	0.097497	nan	nan	nan	nan	nan	1	1	0	nan	0.000000	nan
OTU_3206_18S_3_200	ENV_Temperature	4	nan	0.115956	nan	nan	nan	nan	nan	2	2	0	nan	0.000000	nan
OTU_726_18S_3_200	ENV_Temperature	3	nan	0.164743	nan	nan	nan	nan	nan	0	3	0	nan	0.000000	nan
ASV_491_16S_3_200	ENV_Temperature	4	nan	0.201409	nan	nan	nan	nan	nan	1	3	0	nan	0.000000	nan
ASV_164_16S_022_3	ENV_Temperature	2	nan	0.291820	nan	nan	nan	nan	nan	1	0	1	nan	0.000000	nan
OTU_1337_18S_3_200	ENV_Temperature	2	nan	0.099615	nan	nan	nan	nan	nan	2	0	0	nan	0.000000	nan
OTU_1347_18S_022_3	ENV_Temperature	2	nan	0.121125	nan	nan	nan	nan	nan	1	1	0	nan	0.000000	nan
OTU_1562_18S_3_200	ENV_Temperature	3	nan	0.121125	nan	nan	nan	nan	nan	1	2	0	nan	0.000000	nan
ASV_229_16S_3_200	ENV_Temperature	1	nan	0.186037	nan	nan	nan	nan	nan	0	1	0	nan	0.000000	nan
ASV_1569_16S_022_3	ENV_Temperature	3	nan	0.144735	nan	nan	nan	nan	nan	1	2	0	nan	0.000000	nan
OTU_1421_18S_022_3	ENV_Temperature	1	nan	0.209053	nan	nan	nan	nan	nan	0	1	0	nan	0.000000	nan
OTU_577_18S_3_200	ENV_Temperature	5	nan	0.110188	nan	nan	nan	nan	nan	4	1	0	nan	0.000000	nan
OTU_2253_18S_3_200	ENV_Temperature	4	nan	0.165150	nan	nan	nan	nan	nan	3	1	0	nan	0.000000	nan
OTU_1034_18S_3_200	ENV_Temperature	3	nan	0.231864	nan	nan	nan	nan	nan	0	3	0	nan	0.000000	nan
OTU_923_18S_3_200	ENV_Temperature	2	nan	0.305655	nan	nan	nan	nan	nan	0	2	0	nan	0.000000	nan
OTU_1664_18S_022_3	ENV_Temperature	1	nan	0.170203	nan	nan	nan	nan	nan	0	1	0	nan	0.000000	nan
OTU_2474_18S_3_200	ENV_Temperature	1	nan	0.121125	nan	nan	nan	nan	nan	0	1	0	nan	0.000000	nan
OTU_487_18S_3_200	ENV_Temperature	2	nan	0.264543	nan	nan	nan	nan	nan	1	1	0	nan	0.000000	nan
ASV_1071_16S_3_200	ENV_Temperature	4	nan	0.284390	nan	nan	nan	nan	nan	1	3	0	nan	0.000000	nan
OTU_3261_18S_3_200	ENV_Temperature	3	nan	0.121125	nan	nan	nan	nan	nan	2	1	0	nan	0.000000	nan
OTU_3382_18S_3_200	ENV_Temperature	1	nan	0.121417	nan	nan	nan	nan	nan	0	1	0	nan	0.000000	nan
OTU_886_18S_3_200	ENV_Temperature	2	nan	0.225031	nan	nan	nan	nan	nan	1	1	0	nan	0.000000	nan
OTU_881_18S_3_200	ENV_Temperature	2	nan	0.092315	nan	nan	nan	nan	nan	2	0	0	nan	0.000000	nan
OTU_1104_18S_3_200	ENV_Temperature	5	nan	0.133458	nan	nan	nan	nan	nan	2	3	0	nan	0.000000	nan
OTU_612_18S_022_3	ENV_Temperature	1	nan	0.159019	nan	nan	nan	nan	nan	1	0	0	nan	0.000000	nan
ASV_1774_16S_022_3	ENV_Temperature	2	nan	0.206780	nan	nan	nan	nan	nan	2	0	0	nan	0.000000	nan
ASV_174_16S_022_3	ENV_Temperature	4	nan	0.207178	nan	nan	nan	nan	nan	2	2	0	nan	0.000000	nan
OTU_1291_18S_3_200	ENV_Temperature	3	nan	0.154538	nan	nan	nan	nan	nan	1	2	0	nan	0.000000	nan
ASV_1042_16S_022_3	ENV_Temperature	3	nan	0.228129	nan	nan	nan	nan	nan	1	2	0	nan	0.000000	nan
OTU_1769_18S_022_3	ENV_Temperature	1	nan	0.145467	nan	nan	nan	nan	nan	1	0	0	nan	0.000000	nan
OTU_1414_18S_3_200	ENV_Temperature	1	nan	0.283475	nan	nan	nan	nan	nan	0	1	0	nan	0.000000	nan
OTU_861_18S_022_3	ENV_Temperature	1	nan	0.099615	nan	nan	nan	nan	nan	1	0	0	nan	0.000000	nan
ASV_310_16S_022_3	ENV_Temperature	4	nan	0.249469	nan	nan	nan	nan	nan	2	2	0	nan	0.000000	nan
OTU_242_18S_022_3	ENV_Temperature	1	nan	0.137758	nan	nan	nan	nan	nan	0	1	0	nan	0.000000	nan
OTU_198_18S_3_200	ENV_Temperature	3	nan	0.158600	nan	nan	nan	nan	nan	2	1	0	nan	0.000000	nan
ASV_97_16S_022_3	ENV_Temperature	3	nan	0.367176	nan	nan	nan	nan	nan	1	2	0	nan	0.000000	nan
OTU_129_18S_3_200	ENV_Temperature	2	nan	0.150162	nan	nan	nan	nan	nan	0	2	0	nan	0.000000	nan
OTU_1296_18S_3_200	ENV_Temperature	5	nan	0.133458	nan	nan	nan	nan	nan	0	5	0	nan	0.000000	nan
ASV_723_16S_022_3	ENV_Temperature	3	nan	0.341699	nan	nan	nan	nan	nan	2	1	0	nan	0.000000	nan
OTU_1782_18S_022_3	ENV_Temperature	3	nan	0.144735	nan	nan	nan	nan	nan	3	0	0	nan	0.000000	nan
ASV_708_16S_022_3	ENV_Temperature	2	nan	0.445950	nan	nan	nan	nan	nan	0	2	0	nan	0.000000	nan
OTU_5297_18S_022_3	ENV_Temperature	2	nan	0.112063	nan	nan	nan	nan	nan	2	0	0	nan	0.000000	nan
OTU_1650_18S_3_200	ENV_Temperature	3	nan	0.164743	nan	nan	nan	nan	nan	0	3	0	nan	0.000000	nan
OTU_1454_18S_3_200	ENV_Temperature	4	nan	0.353719	nan	nan	nan	nan	nan	0	4	0	nan	0.000000	nan
OTU_798_18S_022_3	ENV_Temperature	2	nan	0.172710	nan	nan	nan	nan	nan	2	0	0	nan	0.000000	nan
OTU_205_18S_3_200	ENV_Temperature	3	nan	0.160894	nan	nan	nan	nan	nan	2	1	0	nan	0.000000	nan
OTU_2047_18S_3_200	ENV_Temperature	4	nan	0.144735	nan	nan	nan	nan	nan	2	2	0	nan	0.000000	nan
OTU_2239_18S_022_3	ENV_Temperature	2	nan	0.167269	nan	nan	nan	nan	nan	2	0	0	nan	0.000000	nan
OTU_71_18S_022_3	ENV_Temperature	1	nan	0.153792	nan	nan	nan	nan	nan	1	0	0	nan	0.000000	nan
ASV_134_16S_022_3	ENV_Temperature	4	nan	0.261593	nan	nan	nan	nan	nan	2	2	0	nan	0.000000	nan
OTU_1329_18S_3_200	ENV_Temperature	3	nan	0.206209	nan	nan	nan	nan	nan	1	2	0	nan	0.000000	nan
ASV_283_16S_022_3	ENV_Temperature	1	nan	0.244053	nan	nan	nan	nan	nan	0	1	0	nan	0.000000	nan
OTU_174_18S_3_200	ENV_Temperature	3	nan	0.273876	nan	nan	nan	nan	nan	0	3	0	nan	0.000000	nan
OTU_2376_18S_3_200	ENV_Temperature	4	nan	0.170203	nan	nan	nan	nan	nan	2	2	0	nan	0.000000	nan
OTU_2305_18S_3_200	ENV_Temperature	4	nan	0.144735	nan	nan	nan	nan	nan	1	3	0	nan	0.000000	nan
ASV_1541_16S_022_3	ENV_Temperature	3	nan	0.121125	nan	nan	nan	nan	nan	1	2	0	nan	0.000000	nan
OTU_41_18S_022_3	ENV_Temperature	2	nan	0.121417	nan	nan	nan	nan	nan	1	1	0	nan	0.000000	nan
OTU_493_18S_3_200	ENV_Temperature	3	nan	0.104803	nan	nan	nan	nan	nan	3	0	0	nan	0.000000	nan
OTU_86_18S_022_3	ENV_Temperature	3	nan	0.184978	nan	nan	nan	nan	nan	2	1	0	nan	0.000000	nan
ASV_596_16S_022_3	ENV_Temperature	2	nan	0.295957	nan	nan	nan	nan	nan	1	1	0	nan	0.000000	nan
OTU_1598_18S_022_3	ENV_Temperature	1	nan	0.276876	nan	nan	nan	nan	nan	0	1	0	nan	0.000000	nan
OTU_2958_18S_022_3	ENV_Temperature	4	nan	0.065361	nan	nan	nan	nan	nan	3	1	0	nan	0.000000	nan
OTU_2303_18S_3_200	ENV_Temperature	3	nan	0.144925	nan	nan	nan	nan	nan	0	3	0	nan	0.000000	nan
ASV_739_16S_022_3	ENV_Temperature	5	nan	0.353719	nan	nan	nan	nan	nan	1	4	0	nan	0.000000	nan
OTU_655_18S_3_200	ENV_Temperature	3	nan	0.080379	nan	nan	nan	nan	nan	3	0	0	nan	0.000000	nan
OTU_1363_18S_3_200	ENV_Temperature	2	nan	0.114863	nan	nan	nan	nan	nan	2	0	0	nan	0.000000	nan
ASV_138_16S_022_3	ENV_Temperature	2	nan	0.531020	nan	nan	nan	nan	nan	0	2	0	nan	0.000000	nan
ASV_333_16S_022_3	ENV_Temperature	3	nan	0.065361	nan	nan	nan	nan	nan	3	0	0	nan	0.000000	nan
OTU_1774_18S_3_200	ENV_Temperature	1	nan	0.087163	nan	nan	nan	nan	nan	1	0	0	nan	0.000000	nan
OTU_1646_18S_3_200	ENV_Temperature	3	nan	0.228597	nan	nan	nan	nan	nan	2	1	0	nan	0.000000	nan
OTU_2905_18S_3_200	ENV_Temperature	1	nan	0.164743	nan	nan	nan	nan	nan	0	1	0	nan	0.000000	nan
OTU_1394_18S_3_200	ENV_Temperature	7	nan	0.121125	nan	nan	nan	nan	nan	5	2	0	nan	0.000000	nan
OTU_1405_18S_3_200	ENV_Temperature	3	nan	0.121125	nan	nan	nan	nan	nan	2	1	0	nan	0.000000	nan
OTU_1391_18S_3_200	ENV_Temperature	3	nan	0.065361	nan	nan	nan	nan	nan	3	0	0	nan	0.000000	nan
OTU_1968_18S_3_200	ENV_Temperature	3	nan	0.121417	nan	nan	nan	nan	nan	0	3	0	nan	0.000000	nan
OTU_747_18S_022_3	ENV_Temperature	1	nan	0.075695	nan	nan	nan	nan	nan	1	0	0	nan	0.000000	nan
OTU_387_18S_3_200	ENV_Temperature	3	nan	0.179179	nan	nan	nan	nan	nan	2	1	0	nan	0.000000	nan
ASV_1076_16S_3_200	ENV_Temperature	3	nan	0.144735	nan	nan	nan	nan	nan	0	3	0	nan	0.000000	nan
OTU_568_18S_022_3	ENV_Temperature	3	nan	0.077112	nan	nan	nan	nan	nan	3	0	0	nan	0.000000	nan
OTU_493_18S_022_3	ENV_Temperature	2	nan	0.081787	nan	nan	nan	nan	nan	2	0	0	nan	0.000000	nan
ASV_215_16S_022_3	ENV_Temperature	2	nan	0.193597	nan	nan	nan	nan	nan	2	0	0	nan	0.000000	nan
OTU_2420_18S_3_200	ENV_Temperature	3	nan	0.144735	nan	nan	nan	nan	nan	0	3	0	nan	0.000000	nan
ASV_556_16S_022_3	ENV_Temperature	5	nan	0.286106	nan	nan	nan	nan	nan	2	3	0	nan	0.000000	nan
ASV_166_16S_3_200	ENV_Temperature	2	nan	0.261593	nan	nan	nan	nan	nan	1	0	1	nan	0.000000	nan
OTU_1948_18S_3_200	ENV_Temperature	4	nan	0.144925	nan	nan	nan	nan	nan	0	4	0	nan	0.000000	nan
OTU_518_18S_022_3	ENV_Temperature	2	nan	0.106981	nan	nan	nan	nan	nan	2	0	0	nan	0.000000	nan
OTU_550_18S_3_200	ENV_Temperature	4	nan	0.145467	nan	nan	nan	nan	nan	3	1	0	nan	0.000000	nan
ASV_637_16S_022_3	ENV_Temperature	3	nan	0.154493	nan	nan	nan	nan	nan	3	0	0	nan	0.000000	nan
OTU_799_18S_3_200	ENV_Temperature	5	nan	0.252189	nan	nan	nan	nan	nan	1	4	0	nan	0.000000	nan
OTU_1194_18S_022_3	ENV_Temperature	1	nan	0.121417	nan	nan	nan	nan	nan	0	1	0	nan	0.000000	nan
OTU_270_18S_3_200	ENV_Temperature	4	nan	0.183531	nan	nan	nan	nan	nan	1	3	0	nan	0.000000	nan
ASV_299_16S_022_3	ENV_Temperature	3	nan	0.445950	nan	nan	nan	nan	nan	0	3	0	nan	0.000000	nan
ASV_915_16S_022_3	ENV_Temperature	1	nan	0.106473	nan	nan	nan	nan	nan	1	0	0	nan	0.000000	nan
ASV_58_16S_3_200	ENV_Temperature	2	nan	0.197858	nan	nan	nan	nan	nan	1	1	0	nan	0.000000	nan
OTU_1159_18S_3_200	ENV_Temperature	3	nan	0.170203	nan	nan	nan	nan	nan	1	2	0	nan	0.000000	nan
OTU_1721_18S_3_200	ENV_Temperature	3	nan	0.108771	nan	nan	nan	nan	nan	1	2	0	nan	0.000000	nan
OTU_2699_18S_3_200	ENV_Temperature	2	nan	0.234057	nan	nan	nan	nan	nan	2	0	0	nan	0.000000	nan
OTU_184_18S_022_3	ENV_Temperature	2	nan	0.158600	nan	nan	nan	nan	nan	1	1	0	nan	0.000000	nan
ASV_80_16S_022_3	ENV_Temperature	2	nan	0.333514	nan	nan	nan	nan	nan	0	2	0	nan	0.000000	nan
OTU_1714_18S_022_3	ENV_Temperature	1	nan	0.164743	nan	nan	nan	nan	nan	0	1	0	nan	0.000000	nan
OTU_932_18S_3_200	ENV_Temperature	3	nan	0.197858	nan	nan	nan	nan	nan	0	3	0	nan	0.000000	nan
ASV_865_16S_022_3	ENV_Temperature	2	nan	0.330126	nan	nan	nan	nan	nan	1	1	0	nan	0.000000	nan
OTU_1494_18S_022_3	ENV_Temperature	3	nan	0.114863	nan	nan	nan	nan	nan	2	1	0	nan	0.000000	nan
OTU_107_18S_022_3	ENV_Temperature	1	nan	0.114485	nan	nan	nan	nan	nan	1	0	0	nan	0.000000	nan
OTU_1732_18S_3_200	ENV_Temperature	4	nan	0.085179	nan	nan	nan	nan	nan	3	1	0	nan	0.000000	nan
ASV_1457_16S_3_200	ENV_Temperature	4	nan	0.305655	nan	nan	nan	nan	nan	2	2	0	nan	0.000000	nan
OTU_2289_18S_022_3	ENV_Temperature	1	nan	0.329282	nan	nan	nan	nan	nan	0	1	0	nan	0.000000	nan
OTU_3210_18S_022_3	ENV_Temperature	3	nan	0.167269	nan	nan	nan	nan	nan	2	1	0	nan	0.000000	nan
ASV_119_16S_022_3	ENV_Temperature	2	nan	0.341699	nan	nan	nan	nan	nan	2	0	0	nan	0.000000	nan
OTU_621_18S_3_200	ENV_Temperature	4	nan	0.063655	nan	nan	nan	nan	nan	4	0	0	nan	0.000000	nan
ASV_382_16S_022_3	ENV_Temperature	2	nan	0.305943	nan	nan	nan	nan	nan	2	0	0	nan	0.000000	nan
OTU_2270_18S_022_3	ENV_Temperature	4	nan	0.065361	nan	nan	nan	nan	nan	4	0	0	nan	0.000000	nan
OTU_277_18S_3_200	ENV_Temperature	2	nan	0.170203	nan	nan	nan	nan	nan	1	1	0	nan	0.000000	nan
ASV_1057_16S_022_3	ENV_Temperature	1	nan	0.312920	nan	nan	nan	nan	nan	0	1	0	nan	0.000000	nan
ASV_786_16S_022_3	ENV_Temperature	3	nan	0.328670	nan	nan	nan	nan	nan	0	3	0	nan	0.000000	nan
OTU_1258_18S_3_200	ENV_Temperature	5	nan	0.144735	nan	nan	nan	nan	nan	3	2	0	nan	0.000000	nan
OTU_3023_18S_3_200	ENV_Temperature	5	nan	0.144925	nan	nan	nan	nan	nan	0	5	0	nan	0.000000	nan
OTU_855_18S_3_200	ENV_Temperature	3	nan	0.144735	nan	nan	nan	nan	nan	2	1	0	nan	0.000000	nan
OTU_2649_18S_3_200	ENV_Temperature	5	nan	0.144735	nan	nan	nan	nan	nan	3	2	0	nan	0.000000	nan
OTU_1767_18S_3_200	ENV_Temperature	3	nan	0.170203	nan	nan	nan	nan	nan	1	2	0	nan	0.000000	nan
OTU_1728_18S_3_200	ENV_Temperature	2	nan	0.087163	nan	nan	nan	nan	nan	2	0	0	nan	0.000000	nan
OTU_606_18S_3_200	ENV_Temperature	2	nan	0.144925	nan	nan	nan	nan	nan	1	1	0	nan	0.000000	nan
ASV_1387_16S_022_3	ENV_Temperature	1	nan	0.092315	nan	nan	nan	nan	nan	1	0	0	nan	0.000000	nan
OTU_463_18S_022_3	ENV_Temperature	3	nan	0.241000	nan	nan	nan	nan	nan	1	2	0	nan	0.000000	nan
OTU_391_18S_022_3	ENV_Temperature	1	nan	0.204796	nan	nan	nan	nan	nan	0	1	0	nan	0.000000	nan
ASV_227_16S_022_3	ENV_Temperature	3	nan	0.320360	nan	nan	nan	nan	nan	2	1	0	nan	0.000000	nan
OTU_2615_18S_3_200	ENV_Temperature	4	nan	0.137758	nan	nan	nan	nan	nan	0	4	0	nan	0.000000	nan
OTU_2399_18S_022_3	ENV_Temperature	3	nan	0.121125	nan	nan	nan	nan	nan	2	1	0	nan	0.000000	nan
OTU_110_18S_022_3	ENV_Temperature	2	nan	0.227588	nan	nan	nan	nan	nan	0	2	0	nan	0.000000	nan
OTU_1592_18S_3_200	ENV_Temperature	3	nan	0.128275	nan	nan	nan	nan	nan	2	1	0	nan	0.000000	nan
OTU_379_18S_3_200	ENV_Temperature	1	nan	0.226890	nan	nan	nan	nan	nan	1	0	0	nan	0.000000	nan
ASV_1348_16S_022_3	ENV_Temperature	7	nan	0.264543	nan	nan	nan	nan	nan	2	5	0	nan	0.000000	nan
ASV_396_16S_022_3	ENV_Temperature	4	nan	0.411696	nan	nan	nan	nan	nan	0	4	0	nan	0.000000	nan
OTU_3490_18S_3_200	ENV_Temperature	1	nan	0.144925	nan	nan	nan	nan	nan	0	1	0	nan	0.000000	nan
OTU_1222_18S_3_200	ENV_Temperature	2	nan	0.093952	nan	nan	nan	nan	nan	2	0	0	nan	0.000000	nan
OTU_3072_18S_3_200	ENV_Temperature	3	nan	0.144925	nan	nan	nan	nan	nan	0	3	0	nan	0.000000	nan
ASV_746_16S_022_3	ENV_Temperature	3	nan	0.246768	nan	nan	nan	nan	nan	1	2	0	nan	0.000000	nan
OTU_3160_18S_3_200	ENV_Temperature	3	nan	0.121125	nan	nan	nan	nan	nan	2	1	0	nan	0.000000	nan
OTU_1431_18S_3_200	ENV_Temperature	3	nan	0.226890	nan	nan	nan	nan	nan	1	2	0	nan	0.000000	nan
ASV_531_16S_022_3	ENV_Temperature	3	nan	0.352227	nan	nan	nan	nan	nan	2	1	0	nan	0.000000	nan
OTU_315_18S_3_200	ENV_Temperature	2	nan	0.097497	nan	nan	nan	nan	nan	1	1	0	nan	0.000000	nan
OTU_3255_18S_3_200	ENV_Temperature	5	nan	0.121125	nan	nan	nan	nan	nan	3	2	0	nan	0.000000	nan
OTU_3348_18S_3_200	ENV_Temperature	4	nan	0.121125	nan	nan	nan	nan	nan	0	4	0	nan	0.000000	nan
OTU_2508_18S_3_200	ENV_Temperature	4	nan	0.226598	nan	nan	nan	nan	nan	2	2	0	nan	0.000000	nan
ASV_663_16S_3_200	ENV_Temperature	5	nan	0.211639	nan	nan	nan	nan	nan	1	4	0	nan	0.000000	nan
ASV_1138_16S_3_200	ENV_Temperature	5	nan	0.165449	nan	nan	nan	nan	nan	5	0	0	nan	0.000000	nan
OTU_2501_18S_022_3	ENV_Temperature	2	nan	0.228597	nan	nan	nan	nan	nan	0	2	0	nan	0.000000	nan
OTU_2394_18S_3_200	ENV_Temperature	3	nan	0.255964	nan	nan	nan	nan	nan	0	3	0	nan	0.000000	nan
OTU_1706_18S_3_200	ENV_Temperature	4	nan	0.087163	nan	nan	nan	nan	nan	3	1	0	nan	0.000000	nan
ASV_1636_16S_022_3	ENV_Temperature	1	nan	0.106981	nan	nan	nan	nan	nan	0	1	0	nan	0.000000	nan
OTU_102_18S_3_200	ENV_Temperature	1	nan	0.264543	nan	nan	nan	nan	nan	0	1	0	nan	0.000000	nan
OTU_1095_18S_022_3	ENV_Temperature	1	nan	0.234316	nan	nan	nan	nan	nan	0	1	0	nan	0.000000	nan
OTU_844_18S_022_3	ENV_Temperature	4	nan	0.122640	nan	nan	nan	nan	nan	2	2	0	nan	0.000000	nan
OTU_797_18S_3_200	ENV_Temperature	3	nan	0.270908	nan	nan	nan	nan	nan	0	3	0	nan	0.000000	nan
ASV_318_16S_022_3	ENV_Temperature	3	nan	0.495527	nan	nan	nan	nan	nan	0	3	0	nan	0.000000	nan
ASV_690_16S_022_3	ENV_Temperature	1	nan	0.121125	nan	nan	nan	nan	nan	1	0	0	nan	0.000000	nan
OTU_2242_18S_3_200	ENV_Temperature	2	nan	0.121125	nan	nan	nan	nan	nan	1	1	0	nan	0.000000	nan
OTU_2069_18S_3_200	ENV_Temperature	4	nan	0.106981	nan	nan	nan	nan	nan	4	0	0	nan	0.000000	nan
OTU_3_18S_3_200	ENV_Temperature	2	nan	0.099113	nan	nan	nan	nan	nan	1	1	0	nan	0.000000	nan
OTU_3933_18S_3_200	ENV_Temperature	3	nan	0.225031	nan	nan	nan	nan	nan	0	3	0	nan	0.000000	nan
OTU_408_18S_022_3	ENV_Temperature	1	nan	0.115330	nan	nan	nan	nan	nan	1	0	0	nan	0.000000	nan
OTU_2033_18S_3_200	ENV_Temperature	3	nan	0.121125	nan	nan	nan	nan	nan	3	0	0	nan	0.000000	nan
OTU_168_18S_022_3	ENV_Temperature	3	nan	0.205040	nan	nan	nan	nan	nan	3	0	0	nan	0.000000	nan
OTU_1422_18S_022_3	ENV_Temperature	3	nan	0.245560	nan	nan	nan	nan	nan	1	2	0	nan	0.000000	nan
OTU_1105_18S_3_200	ENV_Temperature	3	nan	0.092315	nan	nan	nan	nan	nan	1	2	0	nan	0.000000	nan
OTU_2714_18S_3_200	ENV_Temperature	3	nan	0.121125	nan	nan	nan	nan	nan	2	1	0	nan	0.000000	nan
OTU_3610_18S_022_3	ENV_Temperature	1	nan	0.158600	nan	nan	nan	nan	nan	1	0	0	nan	0.000000	nan
ASV_324_16S_022_3	ENV_Temperature	2	nan	0.341699	nan	nan	nan	nan	nan	1	1	0	nan	0.000000	nan
OTU_2795_18S_3_200	ENV_Temperature	3	nan	0.158600	nan	nan	nan	nan	nan	1	2	0	nan	0.000000	nan
ASV_850_16S_022_3	ENV_Temperature	1	nan	0.233356	nan	nan	nan	nan	nan	1	0	0	nan	0.000000	nan
OTU_3225_18S_3_200	ENV_Temperature	2	nan	0.134332	nan	nan	nan	nan	nan	1	1	0	nan	0.000000	nan
OTU_288_18S_3_200	ENV_Temperature	2	nan	0.091653	nan	nan	nan	nan	nan	2	0	0	nan	0.000000	nan
ASV_760_16S_022_3	ENV_Temperature	1	nan	0.170834	nan	nan	nan	nan	nan	1	0	0	nan	0.000000	nan
OTU_2601_18S_3_200	ENV_Temperature	2	nan	0.087163	nan	nan	nan	nan	nan	0	2	0	nan	0.000000	nan
OTU_851_18S_022_3	ENV_Temperature	2	nan	0.136665	nan	nan	nan	nan	nan	2	0	0	nan	0.000000	nan
OTU_5560_18S_3_200	ENV_Temperature	4	nan	0.087163	nan	nan	nan	nan	nan	2	2	0	nan	0.000000	nan
OTU_109_18S_3_200	ENV_Temperature	3	nan	0.147108	nan	nan	nan	nan	nan	0	3	0	nan	0.000000	nan
ASV_238_16S_022_3	ENV_Temperature	1	nan	0.269316	nan	nan	nan	nan	nan	1	0	0	nan	0.000000	nan
ASV_1_16S_022_3	ENV_Temperature	3	nan	0.156090	nan	nan	nan	nan	nan	3	0	0	nan	0.000000	nan
ASV_264_16S_022_3	ENV_Temperature	1	nan	0.157885	nan	nan	nan	nan	nan	0	1	0	nan	0.000000	nan
ASV_422_16S_022_3	ENV_Temperature	3	nan	0.449038	nan	nan	nan	nan	nan	1	2	0	nan	0.000000	nan
OTU_353_18S_3_200	ENV_Temperature	3	nan	0.090728	nan	nan	nan	nan	nan	3	0	0	nan	0.000000	nan
ASV_131_16S_022_3	ENV_Temperature	2	nan	0.173295	nan	nan	nan	nan	nan	2	0	0	nan	0.000000	nan
ASV_448_16S_022_3	ENV_Temperature	2	nan	0.250150	nan	nan	nan	nan	nan	1	1	0	nan	0.000000	nan
ASV_538_16S_022_3	ENV_Temperature	1	nan	0.228129	nan	nan	nan	nan	nan	1	0	0	nan	0.000000	nan
OTU_128_18S_3_200	ENV_Temperature	3	nan	0.141976	nan	nan	nan	nan	nan	2	1	0	nan	0.000000	nan
ASV_587_16S_022_3	ENV_Temperature	1	nan	0.397040	nan	nan	nan	nan	nan	1	0	0	nan	0.000000	nan
ASV_615_16S_022_3	ENV_Temperature	2	nan	0.368807	nan	nan	nan	nan	nan	1	1	0	nan	0.000000	nan
ASV_747_16S_022_3	ENV_Temperature	1	nan	0.468842	nan	nan	nan	nan	nan	0	1	0	nan	0.000000	nan
ASV_1194_16S_022_3	ENV_Temperature	2	nan	0.216781	nan	nan	nan	nan	nan	0	2	0	nan	0.000000	nan
ASV_752_16S_022_3	ENV_Temperature	2	nan	0.384841	nan	nan	nan	nan	nan	1	1	0	nan	0.000000	nan
ASV_859_16S_022_3	ENV_Temperature	2	nan	0.415670	nan	nan	nan	nan	nan	0	2	0	nan	0.000000	nan
ASV_152_16S_3_200	ENV_Temperature	2	nan	0.106981	nan	nan	nan	nan	nan	2	0	0	nan	0.000000	nan
ASV_899_16S_022_3	ENV_Temperature	1	nan	0.176340	nan	nan	nan	nan	nan	1	0	0	nan	0.000000	nan
ASV_942_16S_022_3	ENV_Temperature	1	nan	0.366386	nan	nan	nan	nan	nan	0	1	0	nan	0.000000	nan
ASV_1012_16S_022_3	ENV_Temperature	4	nan	0.332132	nan	nan	nan	nan	nan	0	4	0	nan	0.000000	nan
ASV_316_16S_022_3	ENV_Temperature	4	nan	0.405553	nan	nan	nan	nan	nan	2	2	0	nan	0.000000	nan
ASV_411_16S_022_3	ENV_Temperature	3	nan	0.388188	nan	nan	nan	nan	nan	1	2	0	nan	0.000000	nan
ASV_1021_16S_022_3	ENV_Temperature	1	nan	0.176340	nan	nan	nan	nan	nan	1	0	0	nan	0.000000	nan
OTU_1127_18S_3_200	ENV_Temperature	4	nan	0.219491	nan	nan	nan	nan	nan	1	3	0	nan	0.000000	nan
ASV_1144_16S_022_3	ENV_Temperature	1	nan	0.085179	nan	nan	nan	nan	nan	1	0	0	nan	0.000000	nan
ASV_1097_16S_022_3	ENV_Temperature	2	nan	0.404221	nan	nan	nan	nan	nan	0	2	0	nan	0.000000	nan
ASV_651_16S_3_200	ENV_Temperature	1	nan	0.143264	nan	nan	nan	nan	nan	0	1	0	nan	0.000000	nan
ASV_1706_16S_022_3	ENV_Temperature	4	nan	0.295957	nan	nan	nan	nan	nan	4	0	0	nan	0.000000	nan
ASV_704_16S_022_3	ENV_Temperature	1	nan	0.213022	nan	nan	nan	nan	nan	0	1	0	nan	0.000000	nan
ASV_1154_16S_022_3	ENV_Temperature	3	nan	0.445950	nan	nan	nan	nan	nan	1	2	0	nan	0.000000	nan
OTU_303_18S_022_3	ENV_Temperature	1	nan	0.134451	nan	nan	nan	nan	nan	1	0	0	nan	0.000000	nan
OTU_1256_18S_3_200	ENV_Temperature	3	nan	0.305655	nan	nan	nan	nan	nan	0	3	0	nan	0.000000	nan
ASV_1269_16S_022_3	ENV_Temperature	3	nan	0.352227	nan	nan	nan	nan	nan	0	3	0	nan	0.000000	nan
OTU_4500_18S_3_200	ENV_Temperature	4	nan	0.144925	nan	nan	nan	nan	nan	0	4	0	nan	0.000000	nan
ASV_1303_16S_022_3	ENV_Temperature	2	nan	0.237493	nan	nan	nan	nan	nan	2	0	0	nan	0.000000	nan
ASV_1332_16S_022_3	ENV_Temperature	5	nan	0.129489	nan	nan	nan	nan	nan	5	0	0	nan	0.000000	nan
OTU_1820_18S_022_3	ENV_Temperature	1	nan	0.187674	nan	nan	nan	nan	nan	0	1	0	nan	0.000000	nan
ASV_1971_16S_022_3	ENV_Temperature	3	nan	0.299056	nan	nan	nan	nan	nan	0	3	0	nan	0.000000	nan
ASV_1361_16S_022_3	ENV_Temperature	4	nan	0.301646	nan	nan	nan	nan	nan	3	1	0	nan	0.000000	nan
ASV_924_16S_022_3	ENV_Temperature	2	nan	0.308623	nan	nan	nan	nan	nan	1	1	0	nan	0.000000	nan
ASV_1396_16S_022_3	ENV_Temperature	2	nan	0.388188	nan	nan	nan	nan	nan	2	0	0	nan	0.000000	nan
ASV_1418_16S_022_3	ENV_Temperature	1	nan	0.261593	nan	nan	nan	nan	nan	1	0	0	nan	0.000000	nan
ASV_1507_16S_022_3	ENV_Temperature	3	nan	0.381211	nan	nan	nan	nan	nan	2	1	0	nan	0.000000	nan
ASV_157_16S_3_200	ENV_Temperature	4	nan	0.225135	nan	nan	nan	nan	nan	4	0	0	nan	0.000000	nan
ASV_227_16S_3_200	ENV_Temperature	3	nan	0.445950	nan	nan	nan	nan	nan	0	2	1	nan	0.000000	nan
ASV_1571_16S_022_3	ENV_Temperature	3	nan	0.353719	nan	nan	nan	nan	nan	0	2	1	nan	0.000000	nan
ASV_892_16S_022_3	ENV_Temperature	1	nan	0.111979	nan	nan	nan	nan	nan	1	0	0	nan	0.000000	nan
ASV_1881_16S_022_3	ENV_Temperature	2	nan	0.295957	nan	nan	nan	nan	nan	1	1	0	nan	0.000000	nan
ASV_1921_16S_022_3	ENV_Temperature	4	nan	0.270908	nan	nan	nan	nan	nan	2	2	0	nan	0.000000	nan
ASV_1930_16S_022_3	ENV_Temperature	3	nan	0.226090	nan	nan	nan	nan	nan	2	1	0	nan	0.000000	nan
ASV_1994_16S_022_3	ENV_Temperature	2	nan	0.170203	nan	nan	nan	nan	nan	2	0	0	nan	0.000000	nan
ASV_2102_16S_022_3	ENV_Temperature	4	nan	0.201404	nan	nan	nan	nan	nan	4	0	0	nan	0.000000	nan
ASV_2170_16S_022_3	ENV_Temperature	1	nan	0.184978	nan	nan	nan	nan	nan	1	0	0	nan	0.000000	nan
OTU_61_18S_022_3	ENV_Temperature	1	nan	0.218452	nan	nan	nan	nan	nan	1	0	0	nan	0.000000	nan
OTU_67_18S_022_3	ENV_Temperature	2	nan	0.115410	nan	nan	nan	nan	nan	2	0	0	nan	0.000000	nan
OTU_955_18S_022_3	ENV_Temperature	3	nan	0.225031	nan	nan	nan	nan	nan	2	1	0	nan	0.000000	nan
OTU_92_18S_022_3	ENV_Temperature	1	nan	0.096413	nan	nan	nan	nan	nan	1	0	0	nan	0.000000	nan
OTU_130_18S_022_3	ENV_Temperature	1	nan	0.158600	nan	nan	nan	nan	nan	1	0	0	nan	0.000000	nan
ASV_92_16S_022_3	ENV_Temperature	2	nan	0.365844	nan	nan	nan	nan	nan	1	1	0	nan	0.000000	nan
OTU_201_18S_022_3	ENV_Temperature	1	nan	0.126684	nan	nan	nan	nan	nan	1	0	0	nan	0.000000	nan
OTU_554_18S_022_3	ENV_Temperature	1	nan	0.262850	nan	nan	nan	nan	nan	1	0	0	nan	0.000000	nan
OTU_266_18S_022_3	ENV_Temperature	1	nan	0.299722	nan	nan	nan	nan	nan	0	1	0	nan	0.000000	nan
OTU_365_18S_022_3	ENV_Temperature	1	nan	0.169547	nan	nan	nan	nan	nan	1	0	0	nan	0.000000	nan
OTU_388_18S_022_3	ENV_Temperature	2	nan	0.203164	nan	nan	nan	nan	nan	0	2	0	nan	0.000000	nan
OTU_423_18S_022_3	ENV_Temperature	2	nan	0.189837	nan	nan	nan	nan	nan	2	0	0	nan	0.000000	nan
ASV_248_16S_3_200	ENV_Temperature	1	nan	0.271659	nan	nan	nan	nan	nan	1	0	0	nan	0.000000	nan
OTU_434_18S_022_3	ENV_Temperature	1	nan	0.204125	nan	nan	nan	nan	nan	1	0	0	nan	0.000000	nan
OTU_544_18S_022_3	ENV_Temperature	1	nan	0.179607	nan	nan	nan	nan	nan	0	1	0	nan	0.000000	nan
OTU_1173_18S_022_3	ENV_Temperature	1	nan	0.146148	nan	nan	nan	nan	nan	0	1	0	nan	0.000000	nan
OTU_556_18S_022_3	ENV_Temperature	1	nan	0.296424	nan	nan	nan	nan	nan	1	0	0	nan	0.000000	nan
OTU_307_18S_022_3	ENV_Temperature	2	nan	0.376913	nan	nan	nan	nan	nan	0	1	1	nan	0.000000	nan
OTU_771_18S_022_3	ENV_Temperature	2	nan	0.232610	nan	nan	nan	nan	nan	1	1	0	nan	0.000000	nan
OTU_860_18S_022_3	ENV_Temperature	1	nan	0.265144	nan	nan	nan	nan	nan	0	1	0	nan	0.000000	nan
OTU_894_18S_022_3	ENV_Temperature	1	nan	0.100838	nan	nan	nan	nan	nan	0	1	0	nan	0.000000	nan
OTU_992_18S_022_3	ENV_Temperature	1	nan	0.111784	nan	nan	nan	nan	nan	1	0	0	nan	0.000000	nan
ASV_628_16S_3_200	ENV_Temperature	2	nan	0.137335	nan	nan	nan	nan	nan	1	1	0	nan	0.000000	nan
OTU_1180_18S_022_3	ENV_Temperature	1	nan	0.079996	nan	nan	nan	nan	nan	1	0	0	nan	0.000000	nan
OTU_1179_18S_022_3	ENV_Temperature	1	nan	0.241293	nan	nan	nan	nan	nan	0	1	0	nan	0.000000	nan
OTU_1266_18S_022_3	ENV_Temperature	1	nan	0.164743	nan	nan	nan	nan	nan	0	1	0	nan	0.000000	nan
ASV_969_16S_022_3	ENV_Temperature	2	nan	0.228597	nan	nan	nan	nan	nan	2	0	0	nan	0.000000	nan
ASV_60_16S_022_3	ENV_Temperature	2	nan	0.216781	nan	nan	nan	nan	nan	1	1	0	nan	0.000000	nan
OTU_1258_18S_022_3	ENV_Temperature	4	nan	0.226598	nan	nan	nan	nan	nan	3	1	0	nan	0.000000	nan
OTU_1291_18S_022_3	ENV_Temperature	1	nan	0.106981	nan	nan	nan	nan	nan	1	0	0	nan	0.000000	nan
OTU_1381_18S_022_3	ENV_Temperature	3	nan	0.225797	nan	nan	nan	nan	nan	1	2	0	nan	0.000000	nan
ASV_569_16S_022_3	ENV_Temperature	1	nan	0.254068	nan	nan	nan	nan	nan	1	0	0	nan	0.000000	nan
ASV_749_16S_022_3	ENV_Temperature	4	nan	0.411696	nan	nan	nan	nan	nan	0	4	0	nan	0.000000	nan
OTU_1358_18S_022_3	ENV_Temperature	2	nan	0.193019	nan	nan	nan	nan	nan	2	0	0	nan	0.000000	nan
ASV_932_16S_022_3	ENV_Temperature	5	nan	0.158600	nan	nan	nan	nan	nan	3	2	0	nan	0.000000	nan
OTU_2578_18S_3_200	ENV_Temperature	2	nan	0.186037	nan	nan	nan	nan	nan	0	2	0	nan	0.000000	nan
OTU_1631_18S_022_3	ENV_Temperature	1	nan	0.137758	nan	nan	nan	nan	nan	0	1	0	nan	0.000000	nan
OTU_1634_18S_022_3	ENV_Temperature	2	nan	0.197858	nan	nan	nan	nan	nan	1	1	0	nan	0.000000	nan
OTU_1670_18S_022_3	ENV_Temperature	2	nan	0.294544	nan	nan	nan	nan	nan	1	1	0	nan	0.000000	nan
OTU_1763_18S_022_3	ENV_Temperature	3	nan	0.121417	nan	nan	nan	nan	nan	2	1	0	nan	0.000000	nan
OTU_1684_18S_022_3	ENV_Temperature	2	nan	0.121125	nan	nan	nan	nan	nan	0	2	0	nan	0.000000	nan
OTU_1849_18S_022_3	ENV_Temperature	3	nan	0.255904	nan	nan	nan	nan	nan	1	2	0	nan	0.000000	nan
ASV_358_16S_022_3	ENV_Temperature	3	nan	0.392485	nan	nan	nan	nan	nan	0	3	0	nan	0.000000	nan
OTU_5666_18S_3_200	ENV_Temperature	3	nan	0.085179	nan	nan	nan	nan	nan	2	1	0	nan	0.000000	nan
OTU_1844_18S_022_3	ENV_Temperature	2	nan	0.142518	nan	nan	nan	nan	nan	2	0	0	nan	0.000000	nan
ASV_827_16S_022_3	ENV_Temperature	2	nan	0.122640	nan	nan	nan	nan	nan	0	2	0	nan	0.000000	nan
OTU_1927_18S_022_3	ENV_Temperature	2	nan	0.137758	nan	nan	nan	nan	nan	0	2	0	nan	0.000000	nan
OTU_2094_18S_022_3	ENV_Temperature	1	nan	0.184198	nan	nan	nan	nan	nan	0	1	0	nan	0.000000	nan
OTU_121_18S_022_3	ENV_Temperature	3	nan	0.222251	nan	nan	nan	nan	nan	1	2	0	nan	0.000000	nan
OTU_2295_18S_3_200	ENV_Temperature	4	nan	0.106473	nan	nan	nan	nan	nan	3	1	0	nan	0.000000	nan
OTU_2245_18S_022_3	ENV_Temperature	1	nan	0.145467	nan	nan	nan	nan	nan	1	0	0	nan	0.000000	nan
ASV_207_16S_022_3	ENV_Temperature	2	nan	0.099615	nan	nan	nan	nan	nan	2	0	0	nan	0.000000	nan
OTU_235_18S_3_200	ENV_Temperature	2	nan	0.176723	nan	nan	nan	nan	nan	1	1	0	nan	0.000000	nan
OTU_2304_18S_022_3	ENV_Temperature	3	nan	0.180402	nan	nan	nan	nan	nan	0	3	0	nan	0.000000	nan
OTU_1917_18S_3_200	ENV_Temperature	4	nan	0.099615	nan	nan	nan	nan	nan	3	1	0	nan	0.000000	nan
OTU_2334_18S_022_3	ENV_Temperature	2	nan	0.225031	nan	nan	nan	nan	nan	0	2	0	nan	0.000000	nan
OTU_396_18S_022_3	ENV_Temperature	1	nan	0.111859	nan	nan	nan	nan	nan	1	0	0	nan	0.000000	nan
OTU_2461_18S_022_3	ENV_Temperature	1	nan	0.121125	nan	nan	nan	nan	nan	0	1	0	nan	0.000000	nan
OTU_2990_18S_022_3	ENV_Temperature	1	nan	0.179179	nan	nan	nan	nan	nan	1	0	0	nan	0.000000	nan
OTU_3133_18S_022_3	ENV_Temperature	3	nan	0.158600	nan	nan	nan	nan	nan	2	1	0	nan	0.000000	nan
OTU_3064_18S_022_3	ENV_Temperature	2	nan	0.180402	nan	nan	nan	nan	nan	2	0	0	nan	0.000000	nan
ASV_370_16S_022_3	ENV_Temperature	3	nan	0.411696	nan	nan	nan	nan	nan	0	3	0	nan	0.000000	nan
OTU_3962_18S_022_3	ENV_Temperature	2	nan	0.099615	nan	nan	nan	nan	nan	2	0	0	nan	0.000000	nan
ASV_94_16S_022_3	ENV_Temperature	2	nan	0.308161	nan	nan	nan	nan	nan	1	1	0	nan	0.000000	nan
OTU_4126_18S_022_3	ENV_Temperature	1	nan	0.144393	nan	nan	nan	nan	nan	0	1	0	nan	0.000000	nan
ASV_35_16S_3_200	ENV_Temperature	3	nan	0.372821	nan	nan	nan	nan	nan	2	1	0	nan	0.000000	nan
ASV_37_16S_3_200	ENV_Temperature	1	nan	0.126390	nan	nan	nan	nan	nan	0	1	0	nan	0.000000	nan
ASV_63_16S_3_200	ENV_Temperature	3	nan	0.153046	nan	nan	nan	nan	nan	1	2	0	nan	0.000000	nan
ASV_85_16S_3_200	ENV_Temperature	1	nan	0.172710	nan	nan	nan	nan	nan	0	1	0	nan	0.000000	nan
ASV_139_16S_3_200	ENV_Temperature	2	nan	0.333309	nan	nan	nan	nan	nan	1	1	0	nan	0.000000	nan
ASV_180_16S_3_200	ENV_Temperature	2	nan	0.292079	nan	nan	nan	nan	nan	0	2	0	nan	0.000000	nan
ASV_215_16S_3_200	ENV_Temperature	1	nan	0.228011	nan	nan	nan	nan	nan	0	1	0	nan	0.000000	nan
ASV_283_16S_3_200	ENV_Temperature	2	nan	0.225031	nan	nan	nan	nan	nan	1	1	0	nan	0.000000	nan
ASV_300_16S_3_200	ENV_Temperature	2	nan	0.290577	nan	nan	nan	nan	nan	1	1	0	nan	0.000000	nan
ASV_365_16S_3_200	ENV_Temperature	5	nan	0.329963	nan	nan	nan	nan	nan	0	5	0	nan	0.000000	nan
ASV_437_16S_3_200	ENV_Temperature	1	nan	0.167204	nan	nan	nan	nan	nan	1	0	0	nan	0.000000	nan
ASV_483_16S_3_200	ENV_Temperature	2	nan	0.193647	nan	nan	nan	nan	nan	1	1	0	nan	0.000000	nan
ASV_501_16S_3_200	ENV_Temperature	1	nan	0.110188	nan	nan	nan	nan	nan	0	1	0	nan	0.000000	nan
ASV_515_16S_3_200	ENV_Temperature	3	nan	0.316934	nan	nan	nan	nan	nan	0	3	0	nan	0.000000	nan
ASV_537_16S_3_200	ENV_Temperature	3	nan	0.246768	nan	nan	nan	nan	nan	2	1	0	nan	0.000000	nan
ASV_559_16S_3_200	ENV_Temperature	3	nan	0.282177	nan	nan	nan	nan	nan	1	2	0	nan	0.000000	nan
ASV_687_16S_3_200	ENV_Temperature	3	nan	0.099615	nan	nan	nan	nan	nan	3	0	0	nan	0.000000	nan
ASV_691_16S_3_200	ENV_Temperature	1	nan	0.148609	nan	nan	nan	nan	nan	1	0	0	nan	0.000000	nan
ASV_705_16S_3_200	ENV_Temperature	4	nan	0.144735	nan	nan	nan	nan	nan	4	0	0	nan	0.000000	nan
ASV_755_16S_3_200	ENV_Temperature	3	nan	0.121125	nan	nan	nan	nan	nan	1	2	0	nan	0.000000	nan
ASV_808_16S_3_200	ENV_Temperature	2	nan	0.296335	nan	nan	nan	nan	nan	1	1	0	nan	0.000000	nan
ASV_884_16S_3_200	ENV_Temperature	3	nan	0.363964	nan	nan	nan	nan	nan	2	1	0	nan	0.000000	nan
ASV_903_16S_3_200	ENV_Temperature	1	nan	0.144925	nan	nan	nan	nan	nan	0	1	0	nan	0.000000	nan
OTU_2031_18S_3_200	ENV_Temperature	3	nan	0.116339	nan	nan	nan	nan	nan	3	0	0	nan	0.000000	nan
ASV_912_16S_3_200	ENV_Temperature	2	nan	0.230193	nan	nan	nan	nan	nan	1	1	0	nan	0.000000	nan
ASV_949_16S_3_200	ENV_Temperature	2	nan	0.247892	nan	nan	nan	nan	nan	0	2	0	nan	0.000000	nan
ASV_1029_16S_3_200	ENV_Temperature	1	nan	0.085502	nan	nan	nan	nan	nan	1	0	0	nan	0.000000	nan
ASV_1107_16S_3_200	ENV_Temperature	4	nan	0.305655	nan	nan	nan	nan	nan	1	3	0	nan	0.000000	nan
ASV_1117_16S_3_200	ENV_Temperature	3	nan	0.274155	nan	nan	nan	nan	nan	2	1	0	nan	0.000000	nan
ASV_1137_16S_3_200	ENV_Temperature	1	nan	0.122714	nan	nan	nan	nan	nan	1	0	0	nan	0.000000	nan
OTU_1887_18S_3_200	ENV_Temperature	3	nan	0.148609	nan	nan	nan	nan	nan	1	2	0	nan	0.000000	nan
ASV_1220_16S_3_200	ENV_Temperature	2	nan	0.249857	nan	nan	nan	nan	nan	1	1	0	nan	0.000000	nan
ASV_1227_16S_3_200	ENV_Temperature	1	nan	0.190638	nan	nan	nan	nan	nan	1	0	0	nan	0.000000	nan
ASV_1226_16S_3_200	ENV_Temperature	1	nan	0.214438	nan	nan	nan	nan	nan	1	0	0	nan	0.000000	nan
ASV_1251_16S_3_200	ENV_Temperature	4	nan	0.270908	nan	nan	nan	nan	nan	1	3	0	nan	0.000000	nan
ASV_1250_16S_3_200	ENV_Temperature	3	nan	0.353719	nan	nan	nan	nan	nan	0	3	0	nan	0.000000	nan
ASV_1254_16S_3_200	ENV_Temperature	2	nan	0.179179	nan	nan	nan	nan	nan	0	2	0	nan	0.000000	nan
OTU_5358_18S_3_200	ENV_Temperature	4	nan	0.065361	nan	nan	nan	nan	nan	4	0	0	nan	0.000000	nan
ASV_1275_16S_3_200	ENV_Temperature	2	nan	0.225135	nan	nan	nan	nan	nan	1	1	0	nan	0.000000	nan
ASV_1300_16S_3_200	ENV_Temperature	1	nan	0.158467	nan	nan	nan	nan	nan	1	0	0	nan	0.000000	nan
ASV_1321_16S_3_200	ENV_Temperature	1	nan	0.136003	nan	nan	nan	nan	nan	0	1	0	nan	0.000000	nan
ASV_1400_16S_3_200	ENV_Temperature	2	nan	0.284360	nan	nan	nan	nan	nan	1	1	0	nan	0.000000	nan
ASV_1512_16S_3_200	ENV_Temperature	5	nan	0.284360	nan	nan	nan	nan	nan	1	4	0	nan	0.000000	nan
ASV_1537_16S_3_200	ENV_Temperature	1	nan	0.124560	nan	nan	nan	nan	nan	1	0	0	nan	0.000000	nan
ASV_1564_16S_3_200	ENV_Temperature	4	nan	0.226598	nan	nan	nan	nan	nan	3	1	0	nan	0.000000	nan
ASV_1591_16S_3_200	ENV_Temperature	4	nan	0.225031	nan	nan	nan	nan	nan	1	3	0	nan	0.000000	nan
ASV_1715_16S_3_200	ENV_Temperature	1	nan	0.097497	nan	nan	nan	nan	nan	0	1	0	nan	0.000000	nan
ASV_1821_16S_3_200	ENV_Temperature	2	nan	0.197858	nan	nan	nan	nan	nan	2	0	0	nan	0.000000	nan
OTU_2333_18S_3_200	ENV_Temperature	2	nan	0.238164	nan	nan	nan	nan	nan	0	2	0	nan	0.000000	nan
ASV_1870_16S_3_200	ENV_Temperature	1	nan	0.137758	nan	nan	nan	nan	nan	1	0	0	nan	0.000000	nan
ASV_1879_16S_3_200	ENV_Temperature	4	nan	0.471218	nan	nan	nan	nan	nan	1	3	0	nan	0.000000	nan
ASV_2007_16S_3_200	ENV_Temperature	1	nan	0.121125	nan	nan	nan	nan	nan	1	0	0	nan	0.000000	nan
ASV_2288_16S_3_200	ENV_Temperature	5	nan	0.225031	nan	nan	nan	nan	nan	1	4	0	nan	0.000000	nan
ASV_2561_16S_3_200	ENV_Temperature	1	nan	0.176340	nan	nan	nan	nan	nan	1	0	0	nan	0.000000	nan
OTU_18_18S_3_200	ENV_Temperature	2	nan	0.215568	nan	nan	nan	nan	nan	1	1	0	nan	0.000000	nan
OTU_44_18S_3_200	ENV_Temperature	2	nan	0.329282	nan	nan	nan	nan	nan	0	2	0	nan	0.000000	nan
OTU_50_18S_3_200	ENV_Temperature	4	nan	0.196650	nan	nan	nan	nan	nan	3	1	0	nan	0.000000	nan
OTU_78_18S_3_200	ENV_Temperature	2	nan	0.167204	nan	nan	nan	nan	nan	1	1	0	nan	0.000000	nan
OTU_118_18S_3_200	ENV_Temperature	3	nan	0.172625	nan	nan	nan	nan	nan	0	3	0	nan	0.000000	nan
OTU_155_18S_3_200	ENV_Temperature	2	nan	0.180402	nan	nan	nan	nan	nan	0	2	0	nan	0.000000	nan
OTU_3269_18S_3_200	ENV_Temperature	4	nan	0.121125	nan	nan	nan	nan	nan	2	2	0	nan	0.000000	nan
OTU_189_18S_3_200	ENV_Temperature	2	nan	0.228399	nan	nan	nan	nan	nan	2	0	0	nan	0.000000	nan
OTU_195_18S_3_200	ENV_Temperature	3	nan	0.218108	nan	nan	nan	nan	nan	1	2	0	nan	0.000000	nan
OTU_204_18S_3_200	ENV_Temperature	3	nan	0.274618	nan	nan	nan	nan	nan	2	1	0	nan	0.000000	nan
OTU_3606_18S_3_200	ENV_Temperature	4	nan	0.201404	nan	nan	nan	nan	nan	4	0	0	nan	0.000000	nan
OTU_212_18S_3_200	ENV_Temperature	1	nan	0.093145	nan	nan	nan	nan	nan	1	0	0	nan	0.000000	nan
OTU_278_18S_3_200	ENV_Temperature	1	nan	0.225031	nan	nan	nan	nan	nan	0	1	0	nan	0.000000	nan
OTU_300_18S_3_200	ENV_Temperature	2	nan	0.288980	nan	nan	nan	nan	nan	0	2	0	nan	0.000000	nan
OTU_343_18S_3_200	ENV_Temperature	4	nan	0.203164	nan	nan	nan	nan	nan	1	3	0	nan	0.000000	nan
OTU_298_18S_3_200	ENV_Temperature	1	nan	0.158600	nan	nan	nan	nan	nan	1	0	0	nan	0.000000	nan
OTU_361_18S_3_200	ENV_Temperature	1	nan	0.183984	nan	nan	nan	nan	nan	1	0	0	nan	0.000000	nan
OTU_360_18S_3_200	ENV_Temperature	5	nan	0.219944	nan	nan	nan	nan	nan	4	1	0	nan	0.000000	nan
OTU_368_18S_3_200	ENV_Temperature	1	nan	0.320350	nan	nan	nan	nan	nan	0	1	0	nan	0.000000	nan
OTU_356_18S_3_200	ENV_Temperature	2	nan	0.164743	nan	nan	nan	nan	nan	0	2	0	nan	0.000000	nan
OTU_3625_18S_3_200	ENV_Temperature	1	nan	0.131404	nan	nan	nan	nan	nan	1	0	0	nan	0.000000	nan
OTU_371_18S_3_200	ENV_Temperature	3	nan	0.299056	nan	nan	nan	nan	nan	2	1	0	nan	0.000000	nan
OTU_404_18S_3_200	ENV_Temperature	1	nan	0.144735	nan	nan	nan	nan	nan	0	1	0	nan	0.000000	nan
OTU_412_18S_3_200	ENV_Temperature	2	nan	0.081871	nan	nan	nan	nan	nan	2	0	0	nan	0.000000	nan
OTU_444_18S_3_200	ENV_Temperature	2	nan	0.093145	nan	nan	nan	nan	nan	2	0	0	nan	0.000000	nan
OTU_472_18S_3_200	ENV_Temperature	2	nan	0.225135	nan	nan	nan	nan	nan	2	0	0	nan	0.000000	nan
OTU_478_18S_3_200	ENV_Temperature	2	nan	0.123058	nan	nan	nan	nan	nan	1	1	0	nan	0.000000	nan
OTU_466_18S_3_200	ENV_Temperature	3	nan	0.353934	nan	nan	nan	nan	nan	0	3	0	nan	0.000000	nan
OTU_470_18S_3_200	ENV_Temperature	2	nan	0.313383	nan	nan	nan	nan	nan	0	1	1	nan	0.000000	nan
OTU_471_18S_3_200	ENV_Temperature	2	nan	0.295957	nan	nan	nan	nan	nan	1	1	0	nan	0.000000	nan
OTU_377_18S_3_200	ENV_Temperature	3	nan	0.234102	nan	nan	nan	nan	nan	2	1	0	nan	0.000000	nan
OTU_515_18S_3_200	ENV_Temperature	5	nan	0.121125	nan	nan	nan	nan	nan	1	4	0	nan	0.000000	nan
OTU_512_18S_3_200	ENV_Temperature	2	nan	0.140380	nan	nan	nan	nan	nan	1	1	0	nan	0.000000	nan
OTU_582_18S_3_200	ENV_Temperature	3	nan	0.166860	nan	nan	nan	nan	nan	2	1	0	nan	0.000000	nan
OTU_624_18S_3_200	ENV_Temperature	1	nan	0.153876	nan	nan	nan	nan	nan	1	0	0	nan	0.000000	nan
OTU_564_18S_3_200	ENV_Temperature	1	nan	0.170203	nan	nan	nan	nan	nan	1	0	0	nan	0.000000	nan
OTU_670_18S_3_200	ENV_Temperature	2	nan	0.170834	nan	nan	nan	nan	nan	0	2	0	nan	0.000000	nan
OTU_691_18S_3_200	ENV_Temperature	2	nan	0.075695	nan	nan	nan	nan	nan	1	1	0	nan	0.000000	nan
OTU_722_18S_3_200	ENV_Temperature	2	nan	0.206371	nan	nan	nan	nan	nan	0	2	0	nan	0.000000	nan
OTU_747_18S_3_200	ENV_Temperature	1	nan	0.161729	nan	nan	nan	nan	nan	1	0	0	nan	0.000000	nan
OTU_714_18S_3_200	ENV_Temperature	3	nan	0.226598	nan	nan	nan	nan	nan	3	0	0	nan	0.000000	nan
OTU_761_18S_3_200	ENV_Temperature	2	nan	0.176723	nan	nan	nan	nan	nan	2	0	0	nan	0.000000	nan
OTU_973_18S_3_200	ENV_Temperature	1	nan	0.140380	nan	nan	nan	nan	nan	1	0	0	nan	0.000000	nan
OTU_1019_18S_3_200	ENV_Temperature	3	nan	0.298762	nan	nan	nan	nan	nan	0	3	0	nan	0.000000	nan
OTU_2120_18S_3_200	ENV_Temperature	1	nan	0.193019	nan	nan	nan	nan	nan	1	0	0	nan	0.000000	nan
OTU_982_18S_3_200	ENV_Temperature	1	nan	0.194049	nan	nan	nan	nan	nan	0	1	0	nan	0.000000	nan
OTU_1114_18S_3_200	ENV_Temperature	3	nan	0.085179	nan	nan	nan	nan	nan	2	1	0	nan	0.000000	nan
OTU_1144_18S_3_200	ENV_Temperature	1	nan	0.110188	nan	nan	nan	nan	nan	1	0	0	nan	0.000000	nan
OTU_1207_18S_3_200	ENV_Temperature	2	nan	0.264543	nan	nan	nan	nan	nan	0	2	0	nan	0.000000	nan
OTU_1214_18S_3_200	ENV_Temperature	2	nan	0.274155	nan	nan	nan	nan	nan	1	1	0	nan	0.000000	nan
OTU_1233_18S_3_200	ENV_Temperature	3	nan	0.144735	nan	nan	nan	nan	nan	2	1	0	nan	0.000000	nan
OTU_1202_18S_3_200	ENV_Temperature	3	nan	0.129912	nan	nan	nan	nan	nan	2	1	0	nan	0.000000	nan
OTU_1313_18S_3_200	ENV_Temperature	3	nan	0.187674	nan	nan	nan	nan	nan	0	3	0	nan	0.000000	nan
OTU_1444_18S_3_200	ENV_Temperature	3	nan	0.133458	nan	nan	nan	nan	nan	1	2	0	nan	0.000000	nan
OTU_1364_18S_3_200	ENV_Temperature	3	nan	0.167269	nan	nan	nan	nan	nan	2	1	0	nan	0.000000	nan
OTU_1485_18S_3_200	ENV_Temperature	4	nan	0.121125	nan	nan	nan	nan	nan	3	1	0	nan	0.000000	nan
OTU_1514_18S_3_200	ENV_Temperature	1	nan	0.065361	nan	nan	nan	nan	nan	1	0	0	nan	0.000000	nan
OTU_1509_18S_3_200	ENV_Temperature	4	nan	0.219491	nan	nan	nan	nan	nan	0	4	0	nan	0.000000	nan
OTU_1365_18S_3_200	ENV_Temperature	3	nan	0.121125	nan	nan	nan	nan	nan	3	0	0	nan	0.000000	nan
OTU_1274_18S_3_200	ENV_Temperature	2	nan	0.144925	nan	nan	nan	nan	nan	0	2	0	nan	0.000000	nan
OTU_1477_18S_3_200	ENV_Temperature	3	nan	0.247892	nan	nan	nan	nan	nan	0	3	0	nan	0.000000	nan
OTU_6332_18S_3_200	ENV_Temperature	4	nan	0.144735	nan	nan	nan	nan	nan	2	2	0	nan	0.000000	nan
OTU_1367_18S_3_200	ENV_Temperature	1	nan	0.115330	nan	nan	nan	nan	nan	0	1	0	nan	0.000000	nan
OTU_1577_18S_3_200	ENV_Temperature	2	nan	0.196650	nan	nan	nan	nan	nan	1	1	0	nan	0.000000	nan
OTU_1778_18S_3_200	ENV_Temperature	2	nan	0.190638	nan	nan	nan	nan	nan	2	0	0	nan	0.000000	nan
OTU_1819_18S_3_200	ENV_Temperature	3	nan	0.121417	nan	nan	nan	nan	nan	0	3	0	nan	0.000000	nan
OTU_1886_18S_3_200	ENV_Temperature	4	nan	0.144925	nan	nan	nan	nan	nan	0	4	0	nan	0.000000	nan
OTU_1934_18S_3_200	ENV_Temperature	2	nan	0.121125	nan	nan	nan	nan	nan	2	0	0	nan	0.000000	nan
OTU_2515_18S_3_200	ENV_Temperature	1	nan	0.203831	nan	nan	nan	nan	nan	1	0	0	nan	0.000000	nan
OTU_1884_18S_3_200	ENV_Temperature	2	nan	0.194427	nan	nan	nan	nan	nan	0	2	0	nan	0.000000	nan
OTU_2035_18S_3_200	ENV_Temperature	4	nan	0.164743	nan	nan	nan	nan	nan	1	3	0	nan	0.000000	nan
OTU_2037_18S_3_200	ENV_Temperature	4	nan	0.144735	nan	nan	nan	nan	nan	2	2	0	nan	0.000000	nan
OTU_1967_18S_3_200	ENV_Temperature	3	nan	0.197858	nan	nan	nan	nan	nan	1	2	0	nan	0.000000	nan
OTU_2058_18S_3_200	ENV_Temperature	3	nan	0.100416	nan	nan	nan	nan	nan	2	1	0	nan	0.000000	nan
OTU_2155_18S_3_200	ENV_Temperature	5	nan	0.264543	nan	nan	nan	nan	nan	1	4	0	nan	0.000000	nan
OTU_2094_18S_3_200	ENV_Temperature	3	nan	0.154538	nan	nan	nan	nan	nan	1	2	0	nan	0.000000	nan
OTU_2105_18S_3_200	ENV_Temperature	1	nan	0.153792	nan	nan	nan	nan	nan	0	1	0	nan	0.000000	nan
OTU_2203_18S_3_200	ENV_Temperature	2	nan	0.264543	nan	nan	nan	nan	nan	1	1	0	nan	0.000000	nan
OTU_2309_18S_3_200	ENV_Temperature	4	nan	0.087163	nan	nan	nan	nan	nan	3	1	0	nan	0.000000	nan
OTU_2297_18S_3_200	ENV_Temperature	4	nan	0.115415	nan	nan	nan	nan	nan	3	1	0	nan	0.000000	nan
OTU_2344_18S_3_200	ENV_Temperature	4	nan	0.179179	nan	nan	nan	nan	nan	1	3	0	nan	0.000000	nan
OTU_2398_18S_3_200	ENV_Temperature	3	nan	0.264940	nan	nan	nan	nan	nan	0	3	0	nan	0.000000	nan
OTU_2429_18S_3_200	ENV_Temperature	1	nan	0.065361	nan	nan	nan	nan	nan	1	0	0	nan	0.000000	nan
OTU_1926_18S_3_200	ENV_Temperature	3	nan	0.110188	nan	nan	nan	nan	nan	2	1	0	nan	0.000000	nan
OTU_2603_18S_3_200	ENV_Temperature	1	nan	0.260664	nan	nan	nan	nan	nan	0	1	0	nan	0.000000	nan
OTU_2631_18S_3_200	ENV_Temperature	4	nan	0.133458	nan	nan	nan	nan	nan	1	3	0	nan	0.000000	nan
OTU_2503_18S_3_200	ENV_Temperature	3	nan	0.092315	nan	nan	nan	nan	nan	1	2	0	nan	0.000000	nan
OTU_2557_18S_3_200	ENV_Temperature	4	nan	0.121125	nan	nan	nan	nan	nan	2	2	0	nan	0.000000	nan
OTU_2572_18S_3_200	ENV_Temperature	2	nan	0.189752	nan	nan	nan	nan	nan	0	2	0	nan	0.000000	nan
OTU_2510_18S_3_200	ENV_Temperature	4	nan	0.170203	nan	nan	nan	nan	nan	1	3	0	nan	0.000000	nan
OTU_3314_18S_3_200	ENV_Temperature	3	nan	0.121125	nan	nan	nan	nan	nan	2	1	0	nan	0.000000	nan
OTU_2419_18S_3_200	ENV_Temperature	5	nan	0.144925	nan	nan	nan	nan	nan	1	4	0	nan	0.000000	nan
OTU_2700_18S_3_200	ENV_Temperature	2	nan	0.121125	nan	nan	nan	nan	nan	2	0	0	nan	0.000000	nan
OTU_2744_18S_3_200	ENV_Temperature	2	nan	0.144735	nan	nan	nan	nan	nan	0	2	0	nan	0.000000	nan
OTU_2635_18S_3_200	ENV_Temperature	6	nan	0.225031	nan	nan	nan	nan	nan	1	5	0	nan	0.000000	nan
OTU_2732_18S_3_200	ENV_Temperature	3	nan	0.144735	nan	nan	nan	nan	nan	0	3	0	nan	0.000000	nan
OTU_3113_18S_3_200	ENV_Temperature	1	nan	0.121125	nan	nan	nan	nan	nan	1	0	0	nan	0.000000	nan
OTU_3167_18S_3_200	ENV_Temperature	3	nan	0.164743	nan	nan	nan	nan	nan	0	3	0	nan	0.000000	nan
OTU_3083_18S_3_200	ENV_Temperature	2	nan	0.212255	nan	nan	nan	nan	nan	1	1	0	nan	0.000000	nan
OTU_3223_18S_3_200	ENV_Temperature	2	nan	0.164743	nan	nan	nan	nan	nan	1	1	0	nan	0.000000	nan
OTU_3338_18S_3_200	ENV_Temperature	3	nan	0.087163	nan	nan	nan	nan	nan	3	0	0	nan	0.000000	nan
OTU_3386_18S_3_200	ENV_Temperature	5	nan	0.121125	nan	nan	nan	nan	nan	2	3	0	nan	0.000000	nan
OTU_3389_18S_3_200	ENV_Temperature	2	nan	0.144925	nan	nan	nan	nan	nan	0	2	0	nan	0.000000	nan
OTU_2998_18S_3_200	ENV_Temperature	1	nan	0.231864	nan	nan	nan	nan	nan	0	1	0	nan	0.000000	nan
OTU_3454_18S_3_200	ENV_Temperature	2	nan	0.228129	nan	nan	nan	nan	nan	1	1	0	nan	0.000000	nan
OTU_3603_18S_3_200	ENV_Temperature	4	nan	0.061537	nan	nan	nan	nan	nan	4	0	0	nan	0.000000	nan
OTU_3704_18S_3_200	ENV_Temperature	2	nan	0.291925	nan	nan	nan	nan	nan	1	1	0	nan	0.000000	nan
OTU_3738_18S_3_200	ENV_Temperature	2	nan	0.115956	nan	nan	nan	nan	nan	1	1	0	nan	0.000000	nan
OTU_3773_18S_3_200	ENV_Temperature	3	nan	0.234057	nan	nan	nan	nan	nan	2	1	0	nan	0.000000	nan
OTU_3944_18S_3_200	ENV_Temperature	2	nan	0.065361	nan	nan	nan	nan	nan	2	0	0	nan	0.000000	nan
OTU_3994_18S_3_200	ENV_Temperature	4	nan	0.106981	nan	nan	nan	nan	nan	3	1	0	nan	0.000000	nan
OTU_4002_18S_3_200	ENV_Temperature	2	nan	0.144925	nan	nan	nan	nan	nan	1	1	0	nan	0.000000	nan
OTU_3532_18S_3_200	ENV_Temperature	4	nan	0.121125	nan	nan	nan	nan	nan	3	1	0	nan	0.000000	nan
OTU_3744_18S_3_200	ENV_Temperature	3	nan	0.292079	nan	nan	nan	nan	nan	1	2	0	nan	0.000000	nan
OTU_4181_18S_3_200	ENV_Temperature	2	nan	0.121417	nan	nan	nan	nan	nan	1	1	0	nan	0.000000	nan
OTU_4075_18S_3_200	ENV_Temperature	4	nan	0.121125	nan	nan	nan	nan	nan	0	4	0	nan	0.000000	nan
OTU_4389_18S_3_200	ENV_Temperature	4	nan	0.121125	nan	nan	nan	nan	nan	2	2	0	nan	0.000000	nan
OTU_4115_18S_3_200	ENV_Temperature	3	nan	0.226890	nan	nan	nan	nan	nan	3	0	0	nan	0.000000	nan
OTU_4260_18S_3_200	ENV_Temperature	2	nan	0.164743	nan	nan	nan	nan	nan	0	2	0	nan	0.000000	nan
OTU_3576_18S_3_200	ENV_Temperature	5	nan	0.087163	nan	nan	nan	nan	nan	4	1	0	nan	0.000000	nan
OTU_4154_18S_3_200	ENV_Temperature	6	nan	0.226598	nan	nan	nan	nan	nan	5	1	0	nan	0.000000	nan
OTU_4135_18S_3_200	ENV_Temperature	2	nan	0.121125	nan	nan	nan	nan	nan	0	2	0	nan	0.000000	nan
OTU_4921_18S_3_200	ENV_Temperature	3	nan	0.291820	nan	nan	nan	nan	nan	0	3	0	nan	0.000000	nan
OTU_4463_18S_3_200	ENV_Temperature	2	nan	0.167269	nan	nan	nan	nan	nan	1	1	0	nan	0.000000	nan
OTU_4276_18S_3_200	ENV_Temperature	7	nan	0.144735	nan	nan	nan	nan	nan	3	4	0	nan	0.000000	nan
OTU_4392_18S_3_200	ENV_Temperature	4	nan	0.155260	nan	nan	nan	nan	nan	1	3	0	nan	0.000000	nan
OTU_5536_18S_3_200	ENV_Temperature	2	nan	0.121125	nan	nan	nan	nan	nan	1	1	0	nan	0.000000	nan
OTU_5527_18S_3_200	ENV_Temperature	2	nan	0.099615	nan	nan	nan	nan	nan	2	0	0	nan	0.000000	nan
OTU_5090_18S_3_200	ENV_Temperature	4	nan	0.170203	nan	nan	nan	nan	nan	2	2	0	nan	0.000000	nan
OTU_5861_18S_3_200	ENV_Temperature	3	nan	0.087163	nan	nan	nan	nan	nan	2	1	0	nan	0.000000	nan
OTU_6104_18S_3_200	ENV_Temperature	4	nan	0.144735	nan	nan	nan	nan	nan	1	3	0	nan	0.000000	nan
OTU_5282_18S_3_200	ENV_Temperature	3	nan	0.158600	nan	nan	nan	nan	nan	1	2	0	nan	0.000000	nan
OTU_6274_18S_3_200	ENV_Temperature	2	nan	0.121125	nan	nan	nan	nan	nan	1	1	0	nan	0.000000	nan
OTU_5402_18S_3_200	ENV_Temperature	1	nan	0.121125	nan	nan	nan	nan	nan	0	1	0	nan	0.000000	nan
OTU_6854_18S_3_200	ENV_Temperature	2	nan	0.065361	nan	nan	nan	nan	nan	1	1	0	nan	0.000000	nan
OTU_5512_18S_3_200	ENV_Temperature	3	nan	0.139927	nan	nan	nan	nan	nan	1	2	0	nan	0.000000	nan
OTU_7128_18S_3_200	ENV_Temperature	3	nan	0.291820	nan	nan	nan	nan	nan	0	3	0	nan	0.000000	nan
OTU_7531_18S_3_200	ENV_Temperature	3	nan	0.087163	nan	nan	nan	nan	nan	1	2	0	nan	0.000000	nan
