Source	Target	num_triplets	ENVs	MutualInformation	ConditionalMutualInformation	InteractionInformation	II_p_value	DataProcessingInequality_MI_rank	DataProcessingInequality_indirect	DPI_num_MI_rank1	DPI_num_MI_rank2	DPI_num_MI_rank3	COMBI_II_DPI	portion_nan_Source_Target	portion_nan_Source_Target_ENV
ASV_2_16S_022_3	ASV_6_16S_022_3	1	ENV_Si	0.485888	1.012625	0.526737	nan	3.000000	1.000000	0	0	1	1.000000	0.000000	0.000000
ASV_3_16S_022_3	ASV_7_16S_022_3	1	ENV_Si	0.679927	0.414521	-0.265407	0.053946	3.000000	1.000000	0	0	1	1.000000	0.000000	0.000000
ASV_3_16S_022_3	ASV_8_16S_022_3	1	ENV_Si	0.593437	0.407590	-0.185848	0.125874	3.000000	1.000000	0	0	1	1.000000	0.000000	0.000000
ASV_4_16S_022_3	ASV_13_16S_022_3	1	ENV_Si	0.617159	0.334190	-0.282968	0.250749	3.000000	1.000000	0	0	1	1.000000	0.000000	0.000000
ASV_13_16S_022_3	ASV_14_16S_022_3	1	ENV_Si	0.617159	0.335661	-0.281497	0.340659	3.000000	1.000000	0	0	1	1.000000	0.000000	0.000000
ASV_1_16S_022_3	ASV_20_16S_022_3	1	ENV_Si	0.785546	0.323338	-0.462208	0.070929	3.000000	1.000000	0	0	1	1.000000	0.000000	0.000000
ASV_19_16S_022_3	ASV_23_16S_022_3	1	ENV_Si	0.629019	0.377738	-0.251281	0.626374	3.000000	1.000000	0	0	1	1.000000	0.000000	0.000000
ASV_1_16S_022_3	ASV_34_16S_022_3	1	ENV_Si	0.647130	0.529701	-0.117429	0.160839	3.000000	1.000000	0	0	1	1.000000	0.000000	0.000000
ASV_26_16S_022_3	ASV_35_16S_022_3	1	ENV_Si	0.725830	0.587844	-0.137986	0.340659	3.000000	1.000000	0	0	1	1.000000	0.000000	0.000000
ASV_20_16S_022_3	ASV_47_16S_022_3	1	ENV_Si	0.425400	0.485009	0.059609	nan	3.000000	1.000000	0	0	1	1.000000	0.000000	0.000000
ASV_44_16S_022_3	ASV_51_16S_022_3	1	ENV_Si	0.182496	-0.004908	-0.187404	0.875125	1.000000	0.000000	1	0	0	1.000000	0.000000	0.000000
ASV_47_16S_022_3	ASV_57_16S_022_3	1	ENV_Si	0.737447	0.052050	-0.685397	0.445554	3.000000	1.000000	0	0	1	1.000000	0.000000	0.000000
ASV_34_16S_022_3	ASV_60_16S_022_3	1	ENV_Si	0.717763	0.310863	-0.406900	0.357642	3.000000	1.000000	0	0	1	1.000000	0.000000	0.000000
ASV_9_16S_022_3	ASV_65_16S_022_3	1	ENV_Si	0.677322	0.654894	-0.022428	0.839161	3.000000	1.000000	0	0	1	1.000000	0.000000	0.000000
ASV_34_16S_022_3	ASV_72_16S_022_3	1	ENV_Si	0.758601	0.246825	-0.511777	0.161838	3.000000	1.000000	0	0	1	1.000000	0.000000	0.000000
ASV_30_16S_022_3	ASV_81_16S_022_3	1	ENV_Si	0.604538	0.334466	-0.270072	0.482517	3.000000	1.000000	0	0	1	1.000000	0.000000	0.000000
ASV_32_16S_022_3	ASV_81_16S_022_3	1	ENV_Si	0.863480	0.497984	-0.365496	0.482517	3.000000	1.000000	0	0	1	1.000000	0.000000	0.000000
ASV_27_16S_022_3	ASV_83_16S_022_3	1	ENV_Si	0.649150	0.328422	-0.320728	0.143856	3.000000	1.000000	0	0	1	1.000000	0.000000	0.000000
ASV_78_16S_022_3	ASV_83_16S_022_3	1	ENV_Si	0.519000	0.205966	-0.313033	0.054945	3.000000	1.000000	0	0	1	1.000000	0.000000	0.000000
ASV_14_16S_022_3	ASV_89_16S_022_3	1	ENV_Si	0.694425	0.483606	-0.210819	0.252747	3.000000	1.000000	0	0	1	1.000000	0.000000	0.000000
ASV_25_16S_022_3	ASV_89_16S_022_3	1	ENV_Si	0.810153	0.483606	-0.326548	0.251748	3.000000	1.000000	0	0	1	1.000000	0.000000	0.000000
ASV_32_16S_022_3	ASV_93_16S_022_3	1	ENV_Si	1.032176	0.327525	-0.704651	0.125874	3.000000	1.000000	0	0	1	1.000000	0.000000	0.000000
ASV_88_16S_022_3	ASV_101_16S_022_3	1	ENV_Si	0.542557	0.000000	-0.542557	1.000000	3.000000	1.000000	0	0	1	1.000000	0.000000	0.000000
ASV_8_16S_022_3	ASV_105_16S_022_3	1	ENV_Si	0.381678	0.094852	-0.286826	0.232767	3.000000	1.000000	0	0	1	1.000000	0.000000	0.000000
ASV_57_16S_022_3	ASV_122_16S_022_3	1	ENV_Si	0.453598	0.072817	-0.380781	0.303696	3.000000	1.000000	0	0	1	1.000000	0.000000	0.000000
ASV_119_16S_022_3	ASV_122_16S_022_3	1	ENV_Si	0.649691	0.530111	-0.119580	0.768232	3.000000	1.000000	0	0	1	1.000000	0.000000	0.000000
ASV_57_16S_022_3	ASV_123_16S_022_3	1	ENV_Si	0.662935	0.122456	-0.540480	0.607393	3.000000	1.000000	0	0	1	1.000000	0.000000	0.000000
ASV_99_16S_022_3	ASV_123_16S_022_3	1	ENV_Si	0.813038	0.064693	-0.748344	0.572428	3.000000	1.000000	0	0	1	1.000000	0.000000	0.000000
ASV_66_16S_022_3	ASV_124_16S_022_3	1	ENV_Si	0.688487	0.016894	-0.671593	0.054945	3.000000	1.000000	0	0	1	1.000000	0.000000	0.000000
ASV_19_16S_022_3	ASV_126_16S_022_3	1	ENV_Si	0.848331	0.374197	-0.474134	0.448551	3.000000	1.000000	0	0	1	1.000000	0.000000	0.000000
ASV_68_16S_022_3	ASV_128_16S_022_3	1	ENV_Si	1.013428	0.324494	-0.688933	0.177822	3.000000	1.000000	0	0	1	1.000000	0.000000	0.000000
ASV_9_16S_022_3	ASV_129_16S_022_3	1	ENV_Si	0.875171	0.643564	-0.231608	0.767233	3.000000	1.000000	0	0	1	1.000000	0.000000	0.000000
ASV_75_16S_022_3	ASV_129_16S_022_3	1	ENV_Si	0.695917	0.546449	-0.149468	0.821179	3.000000	1.000000	0	0	1	1.000000	0.000000	0.000000
ASV_10_16S_022_3	ASV_131_16S_022_3	1	ENV_Si	0.711994	0.628046	-0.083948	0.409590	3.000000	1.000000	0	0	1	1.000000	0.000000	0.000000
ASV_45_16S_022_3	ASV_135_16S_022_3	1	ENV_Si	0.589463	0.600348	0.010885	nan	3.000000	1.000000	0	0	1	1.000000	0.000000	0.000000
ASV_66_16S_022_3	ASV_139_16S_022_3	1	ENV_Si	0.783264	0.419262	-0.364002	0.625375	3.000000	1.000000	0	0	1	1.000000	0.000000	0.000000
ASV_23_16S_022_3	ASV_149_16S_022_3	1	ENV_Si	0.763461	0.436156	-0.327305	0.822178	3.000000	1.000000	0	0	1	1.000000	0.000000	0.000000
ASV_2_16S_022_3	ASV_156_16S_022_3	1	ENV_Si	0.545441	1.010304	0.464864	nan	3.000000	1.000000	0	0	1	1.000000	0.000000	0.000000
ASV_33_16S_022_3	ASV_156_16S_022_3	1	ENV_Si	0.539841	0.380878	-0.158963	0.177822	3.000000	1.000000	0	0	1	1.000000	0.000000	0.000000
ASV_54_16S_022_3	ASV_156_16S_022_3	1	ENV_Si	0.580606	1.032243	0.451637	nan	3.000000	1.000000	0	0	1	1.000000	0.000000	0.000000
ASV_15_16S_022_3	ASV_158_16S_022_3	1	ENV_Si	0.676736	0.419262	-0.257474	0.876124	3.000000	1.000000	0	0	1	1.000000	0.000000	0.000000
ASV_93_16S_022_3	ASV_160_16S_022_3	1	ENV_Si	0.742991	0.350372	-0.392619	0.358641	3.000000	1.000000	0	0	1	1.000000	0.000000	0.000000
ASV_144_16S_022_3	ASV_161_16S_022_3	1	ENV_Si	0.797950	0.281076	-0.516874	0.643357	3.000000	1.000000	0	0	1	1.000000	0.000000	0.000000
ASV_11_16S_022_3	ASV_163_16S_022_3	1	ENV_Si	0.695917	0.271308	-0.424609	0.697303	3.000000	1.000000	0	0	1	1.000000	0.000000	0.000000
ASV_45_16S_022_3	ASV_164_16S_022_3	1	ENV_Si	0.389849	0.280984	-0.108865	0.089910	3.000000	1.000000	0	0	1	1.000000	0.000000	0.000000
ASV_131_16S_022_3	ASV_164_16S_022_3	1	ENV_Si	0.284976	0.096181	-0.188795	0.072927	2.000000	1.000000	0	1	0	1.000000	0.000000	0.000000
ASV_17_16S_022_3	ASV_166_16S_022_3	1	ENV_Si	0.231999	-0.075858	-0.307857	0.088911	2.000000	1.000000	0	1	0	1.000000	0.000000	0.000000
ASV_61_16S_022_3	ASV_168_16S_022_3	1	ENV_Si	0.564941	0.172631	-0.392310	0.555445	3.000000	1.000000	0	0	1	1.000000	0.000000	0.000000
ASV_50_16S_022_3	ASV_169_16S_022_3	1	ENV_Si	0.419309	0.067578	-0.351731	0.321678	3.000000	1.000000	0	0	1	1.000000	0.000000	0.000000
ASV_72_16S_022_3	ASV_169_16S_022_3	1	ENV_Si	0.684687	0.610673	-0.074014	0.662338	3.000000	1.000000	0	0	1	1.000000	0.000000	0.000000
ASV_65_16S_022_3	ASV_175_16S_022_3	1	ENV_Si	0.866443	0.673304	-0.193139	0.768232	3.000000	1.000000	0	0	1	1.000000	0.000000	0.000000
ASV_123_16S_022_3	ASV_175_16S_022_3	1	ENV_Si	0.682226	0.076680	-0.605546	0.429570	3.000000	1.000000	0	0	1	1.000000	0.000000	0.000000
ASV_25_16S_022_3	ASV_185_16S_022_3	1	ENV_Si	0.524226	0.270449	-0.253778	0.572428	3.000000	1.000000	0	0	1	1.000000	0.000000	0.000000
ASV_122_16S_022_3	ASV_185_16S_022_3	1	ENV_Si	0.849540	0.512514	-0.337026	0.679321	3.000000	1.000000	0	0	1	1.000000	0.000000	0.000000
ASV_32_16S_022_3	ASV_187_16S_022_3	1	ENV_Si	0.669774	0.465379	-0.204395	0.375624	3.000000	1.000000	0	0	1	1.000000	0.000000	0.000000
ASV_74_16S_022_3	ASV_192_16S_022_3	1	ENV_Si	0.566234	0.143093	-0.423141	0.054945	3.000000	1.000000	0	0	1	1.000000	0.000000	0.000000
ASV_75_16S_022_3	ASV_193_16S_022_3	1	ENV_Si	0.926220	0.626023	-0.300197	0.731269	3.000000	1.000000	0	0	1	1.000000	0.000000	0.000000
ASV_61_16S_022_3	ASV_196_16S_022_3	1	ENV_Si	0.445865	0.091551	-0.354314	0.413586	3.000000	1.000000	0	0	1	1.000000	0.000000	0.000000
ASV_2_16S_022_3	ASV_197_16S_022_3	1	ENV_Si	0.359671	0.325539	-0.034132	0.642358	2.000000	1.000000	0	1	0	1.000000	0.000000	0.000000
ASV_119_16S_022_3	ASV_199_16S_022_3	1	ENV_Si	0.639288	0.726198	0.086909	nan	3.000000	1.000000	0	0	1	1.000000	0.000000	0.000000
ASV_148_16S_022_3	ASV_204_16S_022_3	1	ENV_Si	0.505925	0.116374	-0.389551	0.071928	3.000000	1.000000	0	0	1	1.000000	0.000000	0.000000
ASV_163_16S_022_3	ASV_204_16S_022_3	1	ENV_Si	0.604655	0.260827	-0.343828	0.662338	3.000000	1.000000	0	0	1	1.000000	0.000000	0.000000
ASV_58_16S_022_3	ASV_210_16S_022_3	1	ENV_Si	0.231575	0.176588	-0.054988	0.035964	2.000000	1.000000	0	1	0	1.000000	0.000000	0.000000
ASV_204_16S_022_3	ASV_212_16S_022_3	1	ENV_Si	0.841473	0.424316	-0.417157	0.268731	3.000000	1.000000	0	0	1	1.000000	0.000000	0.000000
ASV_59_16S_022_3	ASV_214_16S_022_3	1	ENV_Si	0.452202	0.426396	-0.025806	0.625375	3.000000	1.000000	0	0	1	1.000000	0.000000	0.000000
ASV_14_16S_022_3	ASV_217_16S_022_3	1	ENV_Si	0.611976	0.600645	-0.011331	0.554446	3.000000	1.000000	0	0	1	1.000000	0.000000	0.000000
ASV_197_16S_022_3	ASV_225_16S_022_3	1	ENV_Si	0.855975	0.467256	-0.388719	0.572428	3.000000	1.000000	0	0	1	1.000000	0.000000	0.000000
ASV_2_16S_022_3	ASV_226_16S_022_3	1	ENV_Si	0.390241	0.040924	-0.349317	0.642358	3.000000	1.000000	0	0	1	1.000000	0.000000	0.000000
ASV_81_16S_022_3	ASV_226_16S_022_3	1	ENV_Si	0.670400	-0.014158	-0.684558	0.499500	3.000000	1.000000	0	0	1	1.000000	0.000000	0.000000
ASV_154_16S_022_3	ASV_227_16S_022_3	1	ENV_Si	0.799421	0.340539	-0.458882	0.678322	3.000000	1.000000	0	0	1	1.000000	0.000000	0.000000
ASV_160_16S_022_3	ASV_233_16S_022_3	1	ENV_Si	0.894476	0.500212	-0.394263	0.803197	3.000000	1.000000	0	0	1	1.000000	0.000000	0.000000
ASV_110_16S_022_3	ASV_235_16S_022_3	1	ENV_Si	0.764674	0.346120	-0.418554	0.681319	3.000000	1.000000	0	0	1	1.000000	0.000000	0.000000
ASV_26_16S_022_3	ASV_237_16S_022_3	1	ENV_Si	0.652313	0.276233	-0.376080	0.162837	3.000000	1.000000	0	0	1	1.000000	0.000000	0.000000
ASV_128_16S_022_3	ASV_238_16S_022_3	1	ENV_Si	0.889797	0.287499	-0.602298	0.624376	3.000000	1.000000	0	0	1	1.000000	0.000000	0.000000
ASV_67_16S_022_3	ASV_246_16S_022_3	1	ENV_Si	0.403475	0.478871	0.075396	nan	3.000000	1.000000	0	0	1	1.000000	0.000000	0.000000
ASV_35_16S_022_3	ASV_249_16S_022_3	1	ENV_Si	0.540925	0.526162	-0.014763	0.518482	3.000000	1.000000	0	0	1	1.000000	0.000000	0.000000
ASV_37_16S_022_3	ASV_249_16S_022_3	1	ENV_Si	0.349844	0.402385	0.052540	nan	2.000000	1.000000	0	1	0	1.000000	0.000000	0.000000
ASV_237_16S_022_3	ASV_249_16S_022_3	1	ENV_Si	0.528721	0.283782	-0.244939	0.287712	3.000000	1.000000	0	0	1	1.000000	0.000000	0.000000
ASV_235_16S_022_3	ASV_253_16S_022_3	1	ENV_Si	0.758239	0.666735	-0.091504	0.948052	3.000000	1.000000	0	0	1	1.000000	0.000000	0.000000
ASV_157_16S_022_3	ASV_258_16S_022_3	1	ENV_Si	0.779325	0.051542	-0.727783	0.410589	3.000000	1.000000	0	0	1	1.000000	0.000000	0.000000
ASV_7_16S_022_3	ASV_263_16S_022_3	1	ENV_Si	0.526846	0.316224	-0.210622	0.160839	3.000000	1.000000	0	0	1	1.000000	0.000000	0.000000
ASV_27_16S_022_3	ASV_263_16S_022_3	1	ENV_Si	0.360075	0.312295	-0.047780	0.356643	2.000000	1.000000	0	1	0	1.000000	0.000000	0.000000
ASV_83_16S_022_3	ASV_264_16S_022_3	1	ENV_Si	0.737645	0.260136	-0.477509	0.161838	3.000000	1.000000	0	0	1	1.000000	0.000000	0.000000
ASV_124_16S_022_3	ASV_268_16S_022_3	1	ENV_Si	0.713342	0.052198	-0.661144	0.285714	3.000000	1.000000	0	0	1	1.000000	0.000000	0.000000
ASV_170_16S_022_3	ASV_268_16S_022_3	1	ENV_Si	0.608346	0.047808	-0.560537	0.857143	3.000000	1.000000	0	0	1	1.000000	0.000000	0.000000
ASV_223_16S_022_3	ASV_268_16S_022_3	1	ENV_Si	0.749964	0.000000	-0.749964	0.534466	3.000000	1.000000	0	0	1	1.000000	0.000000	0.000000
ASV_179_16S_022_3	ASV_271_16S_022_3	1	ENV_Si	0.639084	0.070314	-0.568770	0.088911	3.000000	1.000000	0	0	1	1.000000	0.000000	0.000000
ASV_45_16S_022_3	ASV_273_16S_022_3	1	ENV_Si	0.414675	0.751362	0.336688	nan	3.000000	1.000000	0	0	1	1.000000	0.000000	0.000000
ASV_74_16S_022_3	ASV_277_16S_022_3	1	ENV_Si	0.828061	0.234644	-0.593416	0.446553	3.000000	1.000000	0	0	1	1.000000	0.000000	0.000000
ASV_169_16S_022_3	ASV_277_16S_022_3	1	ENV_Si	0.801301	0.710477	-0.090824	0.787213	3.000000	1.000000	0	0	1	1.000000	0.000000	0.000000
ASV_106_16S_022_3	ASV_278_16S_022_3	1	ENV_Si	0.263727	0.148860	-0.114867	0.499500	2.000000	1.000000	0	1	0	1.000000	0.000000	0.000000
ASV_187_16S_022_3	ASV_278_16S_022_3	1	ENV_Si	0.652233	0.495766	-0.156468	0.393606	3.000000	1.000000	0	0	1	1.000000	0.000000	0.000000
ASV_121_16S_022_3	ASV_284_16S_022_3	1	ENV_Si	0.795408	0.090895	-0.704513	0.519481	3.000000	1.000000	0	0	1	1.000000	0.000000	0.000000
ASV_228_16S_022_3	ASV_287_16S_022_3	1	ENV_Si	0.728162	0.000000	-0.728162	0.501499	3.000000	1.000000	0	0	1	1.000000	0.000000	0.000000
ASV_276_16S_022_3	ASV_289_16S_022_3	1	ENV_Si	0.324443	0.000000	-0.324443	1.000000	2.000000	1.000000	0	1	0	1.000000	0.000000	0.000000
ASV_217_16S_022_3	ASV_290_16S_022_3	1	ENV_Si	0.662095	0.315724	-0.346371	0.607393	3.000000	1.000000	0	0	1	1.000000	0.000000	0.000000
ASV_6_16S_022_3	ASV_298_16S_022_3	1	ENV_Si	0.114464	0.056406	-0.058058	0.196803	1.000000	0.000000	1	0	0	1.000000	0.000000	0.000000
ASV_204_16S_022_3	ASV_298_16S_022_3	1	ENV_Si	0.247275	0.081588	-0.165687	0.178821	2.000000	1.000000	0	1	0	1.000000	0.000000	0.000000
ASV_122_16S_022_3	ASV_299_16S_022_3	1	ENV_Si	0.542557	0.449658	-0.092898	0.624376	3.000000	1.000000	0	0	1	1.000000	0.000000	0.000000
ASV_88_16S_022_3	ASV_300_16S_022_3	1	ENV_Si	0.505503	0.081080	-0.424423	0.679321	3.000000	1.000000	0	0	1	1.000000	0.000000	0.000000
ASV_248_16S_022_3	ASV_300_16S_022_3	1	ENV_Si	0.468051	0.229737	-0.238314	0.714286	3.000000	1.000000	0	0	1	1.000000	0.000000	0.000000
ASV_123_16S_022_3	ASV_301_16S_022_3	1	ENV_Si	0.682226	0.088667	-0.593559	0.502498	3.000000	1.000000	0	0	1	1.000000	0.000000	0.000000
ASV_179_16S_022_3	ASV_304_16S_022_3	1	ENV_Si	0.879731	0.378394	-0.501338	0.339660	3.000000	1.000000	0	0	1	1.000000	0.000000	0.000000
ASV_206_16S_022_3	ASV_304_16S_022_3	1	ENV_Si	0.812575	0.295437	-0.517138	0.303696	3.000000	1.000000	0	0	1	1.000000	0.000000	0.000000
ASV_184_16S_022_3	ASV_306_16S_022_3	1	ENV_Si	0.627457	0.143749	-0.483708	0.821179	3.000000	1.000000	0	0	1	1.000000	0.000000	0.000000
ASV_6_16S_022_3	ASV_307_16S_022_3	1	ENV_Si	0.195520	0.157059	-0.038461	0.518482	3.000000	1.000000	0	0	1	1.000000	0.000000	0.000000
ASV_162_16S_022_3	ASV_308_16S_022_3	1	ENV_Si	0.704146	0.088344	-0.615802	0.786214	3.000000	1.000000	0	0	1	1.000000	0.000000	0.000000
ASV_299_16S_022_3	ASV_308_16S_022_3	1	ENV_Si	0.915692	0.596282	-0.319409	0.876124	3.000000	1.000000	0	0	1	1.000000	0.000000	0.000000
ASV_97_16S_022_3	ASV_309_16S_022_3	1	ENV_Si	0.942377	0.521940	-0.420436	0.339660	3.000000	1.000000	0	0	1	1.000000	0.000000	0.000000
ASV_145_16S_022_3	ASV_311_16S_022_3	1	ENV_Si	0.510933	0.171974	-0.338958	0.323676	3.000000	1.000000	0	0	1	1.000000	0.000000	0.000000
ASV_154_16S_022_3	ASV_316_16S_022_3	1	ENV_Si	1.069638	0.420777	-0.648861	0.642358	3.000000	1.000000	0	0	1	1.000000	0.000000	0.000000
ASV_67_16S_022_3	ASV_317_16S_022_3	1	ENV_Si	0.583943	0.381083	-0.202860	0.750250	3.000000	1.000000	0	0	1	1.000000	0.000000	0.000000
ASV_97_16S_022_3	ASV_317_16S_022_3	1	ENV_Si	0.697169	0.333274	-0.363895	0.696304	3.000000	1.000000	0	0	1	1.000000	0.000000	0.000000
ASV_189_16S_022_3	ASV_318_16S_022_3	1	ENV_Si	0.769896	0.429216	-0.340681	0.732268	3.000000	1.000000	0	0	1	1.000000	0.000000	0.000000
ASV_161_16S_022_3	ASV_320_16S_022_3	1	ENV_Si	0.697169	0.183102	-0.514067	0.839161	3.000000	1.000000	0	0	1	1.000000	0.000000	0.000000
ASV_35_16S_022_3	ASV_324_16S_022_3	1	ENV_Si	0.462451	0.468585	0.006135	nan	3.000000	1.000000	0	0	1	1.000000	0.000000	0.000000
ASV_89_16S_022_3	ASV_324_16S_022_3	1	ENV_Si	0.945137	0.724700	-0.220438	0.484515	3.000000	1.000000	0	0	1	1.000000	0.000000	0.000000
ASV_92_16S_022_3	ASV_325_16S_022_3	1	ENV_Si	0.917567	0.389012	-0.528555	0.356643	3.000000	1.000000	0	0	1	1.000000	0.000000	0.000000
ASV_110_16S_022_3	ASV_325_16S_022_3	1	ENV_Si	0.684101	0.294068	-0.390033	0.304695	3.000000	1.000000	0	0	1	1.000000	0.000000	0.000000
ASV_109_16S_022_3	ASV_327_16S_022_3	1	ENV_Si	0.535331	0.167067	-0.368265	0.857143	3.000000	1.000000	0	0	1	1.000000	0.000000	0.000000
ASV_152_16S_022_3	ASV_328_16S_022_3	1	ENV_Si	0.319818	0.569296	0.249478	nan	1.000000	0.000000	1	0	0	1.000000	0.000000	0.000000
ASV_130_16S_022_3	ASV_331_16S_022_3	1	ENV_Si	0.403391	-0.132419	-0.535809	0.338661	3.000000	1.000000	0	0	1	1.000000	0.000000	0.000000
ASV_162_16S_022_3	ASV_334_16S_022_3	1	ENV_Si	0.618814	-0.039353	-0.658166	0.179820	3.000000	1.000000	0	0	1	1.000000	0.000000	0.000000
ASV_126_16S_022_3	ASV_335_16S_022_3	1	ENV_Si	0.635071	0.280566	-0.354504	0.234765	3.000000	1.000000	0	0	1	1.000000	0.000000	0.000000
ASV_149_16S_022_3	ASV_335_16S_022_3	1	ENV_Si	0.675044	0.407414	-0.267631	0.554446	3.000000	1.000000	0	0	1	1.000000	0.000000	0.000000
ASV_65_16S_022_3	ASV_337_16S_022_3	1	ENV_Si	0.614054	0.377884	-0.236170	0.804196	3.000000	1.000000	0	0	1	1.000000	0.000000	0.000000
ASV_291_16S_022_3	ASV_340_16S_022_3	1	ENV_Si	0.829736	0.444077	-0.385659	0.732268	3.000000	1.000000	0	0	1	1.000000	0.000000	0.000000
ASV_276_16S_022_3	ASV_343_16S_022_3	1	ENV_Si	0.418827	0.154221	-0.264606	0.269730	3.000000	1.000000	0	0	1	1.000000	0.000000	0.000000
ASV_235_16S_022_3	ASV_345_16S_022_3	1	ENV_Si	0.781249	0.450361	-0.330888	0.732268	3.000000	1.000000	0	0	1	1.000000	0.000000	0.000000
ASV_262_16S_022_3	ASV_347_16S_022_3	1	ENV_Si	0.869418	0.273997	-0.595421	0.501499	3.000000	1.000000	0	0	1	1.000000	0.000000	0.000000
ASV_50_16S_022_3	ASV_351_16S_022_3	1	ENV_Si	0.507557	0.229737	-0.277820	0.804196	3.000000	1.000000	0	0	1	1.000000	0.000000	0.000000
ASV_175_16S_022_3	ASV_357_16S_022_3	1	ENV_Si	0.645803	0.477217	-0.168585	0.840160	3.000000	1.000000	0	0	1	1.000000	0.000000	0.000000
ASV_121_16S_022_3	ASV_358_16S_022_3	1	ENV_Si	0.669276	0.295281	-0.373995	0.625375	3.000000	1.000000	0	0	1	1.000000	0.000000	0.000000
ASV_216_16S_022_3	ASV_358_16S_022_3	1	ENV_Si	0.755355	0.566227	-0.189127	0.769231	3.000000	1.000000	0	0	1	1.000000	0.000000	0.000000
ASV_193_16S_022_3	ASV_360_16S_022_3	1	ENV_Si	0.444662	0.350372	-0.094290	0.840160	3.000000	1.000000	0	0	1	1.000000	0.000000	0.000000
ASV_233_16S_022_3	ASV_362_16S_022_3	1	ENV_Si	0.891591	0.507948	-0.383644	0.679321	3.000000	1.000000	0	0	1	1.000000	0.000000	0.000000
ASV_246_16S_022_3	ASV_362_16S_022_3	1	ENV_Si	0.615606	0.269245	-0.346361	0.518482	3.000000	1.000000	0	0	1	1.000000	0.000000	0.000000
ASV_277_16S_022_3	ASV_362_16S_022_3	1	ENV_Si	0.429031	0.261307	-0.167724	0.608392	2.000000	1.000000	0	1	0	1.000000	0.000000	0.000000
ASV_274_16S_022_3	ASV_365_16S_022_3	1	ENV_Si	0.662095	0.224173	-0.437922	0.768232	3.000000	1.000000	0	0	1	1.000000	0.000000	0.000000
ASV_345_16S_022_3	ASV_365_16S_022_3	1	ENV_Si	0.761323	0.322147	-0.439176	0.446553	3.000000	1.000000	0	0	1	1.000000	0.000000	0.000000
ASV_138_16S_022_3	ASV_369_16S_022_3	1	ENV_Si	0.840887	0.337526	-0.503361	0.589411	3.000000	1.000000	0	0	1	1.000000	0.000000	0.000000
ASV_267_16S_022_3	ASV_379_16S_022_3	1	ENV_Si	0.684737	0.052198	-0.632539	0.394605	3.000000	1.000000	0	0	1	1.000000	0.000000	0.000000
ASV_157_16S_022_3	ASV_381_16S_022_3	1	ENV_Si	0.671230	0.012846	-0.658384	0.875125	3.000000	1.000000	0	0	1	1.000000	0.000000	0.000000
ASV_66_16S_022_3	ASV_383_16S_022_3	1	ENV_Si	0.673120	0.043604	-0.629516	0.197802	3.000000	1.000000	0	0	1	1.000000	0.000000	0.000000
ASV_320_16S_022_3	ASV_386_16S_022_3	1	ENV_Si	0.754639	0.091551	-0.663088	0.624376	3.000000	1.000000	0	0	1	1.000000	0.000000	0.000000
ASV_260_16S_022_3	ASV_387_16S_022_3	1	ENV_Si	0.943262	0.473161	-0.470101	0.592408	3.000000	1.000000	0	0	1	1.000000	0.000000	0.000000
ASV_21_16S_022_3	ASV_388_16S_022_3	1	ENV_Si	0.514271	0.402514	-0.111757	0.643357	3.000000	1.000000	0	0	1	1.000000	0.000000	0.000000
ASV_7_16S_022_3	ASV_390_16S_022_3	1	ENV_Si	0.351261	0.069610	-0.281650	0.213786	2.000000	1.000000	0	1	0	1.000000	0.000000	0.000000
ASV_386_16S_022_3	ASV_392_16S_022_3	1	ENV_Si	0.694922	0.310816	-0.384106	0.767233	3.000000	1.000000	0	0	1	1.000000	0.000000	0.000000
ASV_132_16S_022_3	ASV_396_16S_022_3	1	ENV_Si	0.691371	0.050683	-0.640688	0.412587	3.000000	1.000000	0	0	1	1.000000	0.000000	0.000000
ASV_311_16S_022_3	ASV_396_16S_022_3	1	ENV_Si	0.680843	0.104397	-0.576446	0.607393	3.000000	1.000000	0	0	1	1.000000	0.000000	0.000000
ASV_218_16S_022_3	ASV_397_16S_022_3	1	ENV_Si	0.582530	0.364530	-0.218000	0.660340	3.000000	1.000000	0	0	1	1.000000	0.000000	0.000000
ASV_274_16S_022_3	ASV_400_16S_022_3	1	ENV_Si	0.541810	0.337664	-0.204146	0.965035	3.000000	1.000000	0	0	1	1.000000	0.000000	0.000000
ASV_193_16S_022_3	ASV_402_16S_022_3	1	ENV_Si	0.791777	0.615219	-0.176558	0.519481	3.000000	1.000000	0	0	1	1.000000	0.000000	0.000000
ASV_185_16S_022_3	ASV_401_16S_022_3	1	ENV_Si	0.934609	0.390381	-0.544229	0.751249	3.000000	1.000000	0	0	1	1.000000	0.000000	0.000000
ASV_225_16S_022_3	ASV_401_16S_022_3	1	ENV_Si	0.764207	0.327711	-0.436496	0.732268	3.000000	1.000000	0	0	1	1.000000	0.000000	0.000000
ASV_312_16S_022_3	ASV_401_16S_022_3	1	ENV_Si	0.689402	0.310816	-0.378586	0.339660	3.000000	1.000000	0	0	1	1.000000	0.000000	0.000000
ASV_218_16S_022_3	ASV_407_16S_022_3	1	ENV_Si	0.443995	0.313349	-0.130646	0.625375	3.000000	1.000000	0	0	1	1.000000	0.000000	0.000000
ASV_109_16S_022_3	ASV_408_16S_022_3	1	ENV_Si	0.395583	0.135155	-0.260428	0.482517	2.000000	1.000000	0	1	0	1.000000	0.000000	0.000000
ASV_153_16S_022_3	ASV_408_16S_022_3	1	ENV_Si	0.474481	0.164036	-0.310444	0.000999	3.000000	1.000000	0	0	1	1.000000	0.000000	0.000000
ASV_19_16S_022_3	ASV_410_16S_022_3	1	ENV_Si	0.685895	0.156244	-0.529651	0.269730	3.000000	1.000000	0	0	1	1.000000	0.000000	0.000000
ASV_163_16S_022_3	ASV_410_16S_022_3	1	ENV_Si	0.865150	0.160634	-0.704516	0.394605	3.000000	1.000000	0	0	1	1.000000	0.000000	0.000000
ASV_189_16S_022_3	ASV_414_16S_022_3	1	ENV_Si	0.530488	0.300845	-0.229643	0.929071	3.000000	1.000000	0	0	1	1.000000	0.000000	0.000000
ASV_226_16S_022_3	ASV_414_16S_022_3	1	ENV_Si	0.329969	0.240864	-0.089105	0.697303	2.000000	1.000000	0	1	0	1.000000	0.000000	0.000000
ASV_145_16S_022_3	ASV_421_16S_022_3	1	ENV_Si	0.767877	0.157760	-0.610117	0.178821	3.000000	1.000000	0	0	1	1.000000	0.000000	0.000000
ASV_154_16S_022_3	ASV_421_16S_022_3	1	ENV_Si	0.893467	0.125672	-0.767795	0.160839	3.000000	1.000000	0	0	1	1.000000	0.000000	0.000000
ASV_189_16S_022_3	ASV_422_16S_022_3	1	ENV_Si	0.966193	0.491553	-0.474640	0.822178	3.000000	1.000000	0	0	1	1.000000	0.000000	0.000000
ASV_318_16S_022_3	ASV_422_16S_022_3	1	ENV_Si	0.932192	0.487837	-0.444356	0.554446	3.000000	1.000000	0	0	1	1.000000	0.000000	0.000000
ASV_388_16S_022_3	ASV_422_16S_022_3	1	ENV_Si	0.622788	0.435970	-0.186817	0.572428	3.000000	1.000000	0	0	1	1.000000	0.000000	0.000000
ASV_155_16S_022_3	ASV_424_16S_022_3	1	ENV_Si	0.623912	0.081080	-0.542832	0.590410	3.000000	1.000000	0	0	1	1.000000	0.000000	0.000000
ASV_282_16S_022_3	ASV_425_16S_022_3	1	ENV_Si	0.756021	0.362156	-0.393866	0.823177	3.000000	1.000000	0	0	1	1.000000	0.000000	0.000000
ASV_309_16S_022_3	ASV_425_16S_022_3	1	ENV_Si	0.756021	0.143749	-0.612272	0.770230	3.000000	1.000000	0	0	1	1.000000	0.000000	0.000000
ASV_136_16S_022_3	ASV_426_16S_022_3	1	ENV_Si	0.577260	0.097964	-0.479295	0.054945	3.000000	1.000000	0	0	1	1.000000	0.000000	0.000000
ASV_222_16S_022_3	ASV_426_16S_022_3	1	ENV_Si	0.657117	0.060830	-0.596287	0.036963	3.000000	1.000000	0	0	1	1.000000	0.000000	0.000000
ASV_424_16S_022_3	ASV_427_16S_022_3	1	ENV_Si	0.557088	0.000000	-0.557088	0.715285	3.000000	1.000000	0	0	1	1.000000	0.000000	0.000000
ASV_271_16S_022_3	ASV_429_16S_022_3	1	ENV_Si	0.588503	0.151393	-0.437110	0.320679	3.000000	1.000000	0	0	1	1.000000	0.000000	0.000000
ASV_93_16S_022_3	ASV_430_16S_022_3	1	ENV_Si	0.718305	0.185321	-0.532984	0.517483	3.000000	1.000000	0	0	1	1.000000	0.000000	0.000000
ASV_132_16S_022_3	ASV_430_16S_022_3	1	ENV_Si	0.521138	0.189711	-0.331427	0.929071	3.000000	1.000000	0	0	1	1.000000	0.000000	0.000000
ASV_431_16S_022_3	ASV_437_16S_022_3	1	ENV_Si	0.576937	0.283295	-0.293642	0.894106	3.000000	1.000000	0	0	1	1.000000	0.000000	0.000000
ASV_80_16S_022_3	ASV_440_16S_022_3	1	ENV_Si	0.534490	0.146429	-0.388061	0.749251	3.000000	1.000000	0	0	1	1.000000	0.000000	0.000000
ASV_434_16S_022_3	ASV_444_16S_022_3	1	ENV_Si	0.368061	0.067578	-0.300484	0.625375	3.000000	1.000000	0	0	1	1.000000	0.000000	0.000000
ASV_260_16S_022_3	ASV_448_16S_022_3	1	ENV_Si	0.640790	0.293922	-0.346868	0.697303	3.000000	1.000000	0	0	1	1.000000	0.000000	0.000000
ASV_348_16S_022_3	ASV_448_16S_022_3	1	ENV_Si	0.718056	0.256585	-0.461471	0.893107	3.000000	1.000000	0	0	1	1.000000	0.000000	0.000000
ASV_110_16S_022_3	ASV_449_16S_022_3	1	ENV_Si	0.700397	0.123971	-0.576426	0.180819	3.000000	1.000000	0	0	1	1.000000	0.000000	0.000000
ASV_212_16S_022_3	ASV_449_16S_022_3	1	ENV_Si	0.658002	0.091688	-0.566314	0.090909	3.000000	1.000000	0	0	1	1.000000	0.000000	0.000000
ASV_121_16S_022_3	ASV_452_16S_022_3	1	ENV_Si	0.752187	0.090377	-0.661810	0.500500	3.000000	1.000000	0	0	1	1.000000	0.000000	0.000000
ASV_49_16S_022_3	ASV_453_16S_022_3	1	ENV_Si	0.948768	-0.115525	-1.064292	0.678322	3.000000	1.000000	0	0	1	1.000000	0.000000	0.000000
ASV_223_16S_022_3	ASV_456_16S_022_3	1	ENV_Si	0.785924	0.091551	-0.694373	0.662338	3.000000	1.000000	0	0	1	1.000000	0.000000	0.000000
ASV_389_16S_022_3	ASV_456_16S_022_3	1	ENV_Si	0.670400	0.096459	-0.573941	0.340659	3.000000	1.000000	0	0	1	1.000000	0.000000	0.000000
ASV_308_16S_022_3	ASV_461_16S_022_3	1	ENV_Si	1.040536	0.472116	-0.568419	0.589411	3.000000	1.000000	0	0	1	1.000000	0.000000	0.000000
ASV_301_16S_022_3	ASV_462_16S_022_3	1	ENV_Si	0.835381	0.661309	-0.174072	0.965035	3.000000	1.000000	0	0	1	1.000000	0.000000	0.000000
ASV_153_16S_022_3	ASV_463_16S_022_3	1	ENV_Si	0.500082	0.311675	-0.188406	0.429570	3.000000	1.000000	0	0	1	1.000000	0.000000	0.000000
ASV_126_16S_022_3	ASV_466_16S_022_3	1	ENV_Si	0.651104	0.403735	-0.247370	0.428571	3.000000	1.000000	0	0	1	1.000000	0.000000	0.000000
ASV_273_16S_022_3	ASV_466_16S_022_3	1	ENV_Si	0.599031	0.607613	0.008582	nan	3.000000	1.000000	0	0	1	1.000000	0.000000	0.000000
ASV_41_16S_022_3	ASV_468_16S_022_3	1	ENV_Si	0.446995	0.035304	-0.411690	0.303696	3.000000	1.000000	0	0	1	1.000000	0.000000	0.000000
ASV_345_16S_022_3	ASV_473_16S_022_3	1	ENV_Si	0.781995	0.247490	-0.534505	0.286713	3.000000	1.000000	0	0	1	1.000000	0.000000	0.000000
ASV_63_16S_022_3	ASV_475_16S_022_3	1	ENV_Si	0.308623	0.409808	0.101185	nan	2.000000	1.000000	0	1	0	1.000000	0.000000	0.000000
ASV_182_16S_022_3	ASV_475_16S_022_3	1	ENV_Si	0.449580	0.063981	-0.385599	0.089910	1.000000	0.000000	1	0	0	1.000000	0.000000	0.000000
ASV_295_16S_022_3	ASV_475_16S_022_3	1	ENV_Si	0.516195	0.370964	-0.145231	0.017982	3.000000	1.000000	0	0	1	1.000000	0.000000	0.000000
ASV_453_16S_022_3	ASV_476_16S_022_3	1	ENV_Si	0.789639	0.000000	-0.789639	0.857143	3.000000	1.000000	0	0	1	1.000000	0.000000	0.000000
ASV_102_16S_022_3	ASV_478_16S_022_3	1	ENV_Si	0.753679	0.933244	0.179565	nan	3.000000	1.000000	0	0	1	1.000000	0.000000	0.000000
ASV_258_16S_022_3	ASV_478_16S_022_3	1	ENV_Si	0.753679	0.039038	-0.714641	0.643357	3.000000	1.000000	0	0	1	1.000000	0.000000	0.000000
ASV_34_16S_022_3	ASV_479_16S_022_3	1	ENV_Si	0.525091	0.647297	0.122206	nan	3.000000	1.000000	0	0	1	1.000000	0.000000	0.000000
ASV_253_16S_022_3	ASV_488_16S_022_3	1	ENV_Si	0.588622	0.423652	-0.164970	0.535465	3.000000	1.000000	0	0	1	1.000000	0.000000	0.000000
ASV_390_16S_022_3	ASV_490_16S_022_3	1	ENV_Si	0.935195	0.273479	-0.661716	0.482517	3.000000	1.000000	0	0	1	1.000000	0.000000	0.000000
ASV_179_16S_022_3	ASV_491_16S_022_3	1	ENV_Si	0.957420	0.205763	-0.751657	0.304695	3.000000	1.000000	0	0	1	1.000000	0.000000	0.000000
ASV_187_16S_022_3	ASV_494_16S_022_3	1	ENV_Si	0.925757	0.187509	-0.738248	0.143856	3.000000	1.000000	0	0	1	1.000000	0.000000	0.000000
ASV_382_16S_022_3	ASV_494_16S_022_3	1	ENV_Si	0.793190	0.248146	-0.545044	0.500500	3.000000	1.000000	0	0	1	1.000000	0.000000	0.000000
ASV_49_16S_022_3	ASV_495_16S_022_3	1	ENV_Si	0.735144	0.527514	-0.207631	0.500500	3.000000	1.000000	0	0	1	1.000000	0.000000	0.000000
ASV_478_16S_022_3	ASV_495_16S_022_3	1	ENV_Si	0.502499	0.015721	-0.486778	0.929071	3.000000	1.000000	0	0	1	1.000000	0.000000	0.000000
ASV_332_16S_022_3	ASV_497_16S_022_3	1	ENV_Si	0.835879	0.114868	-0.721011	0.323676	3.000000	1.000000	0	0	1	1.000000	0.000000	0.000000
ASV_332_16S_022_3	ASV_499_16S_022_3	1	ENV_Si	0.587836	0.415869	-0.171967	0.840160	3.000000	1.000000	0	0	1	1.000000	0.000000	0.000000
ASV_494_16S_022_3	ASV_499_16S_022_3	1	ENV_Si	0.847401	0.254569	-0.592832	0.446553	3.000000	1.000000	0	0	1	1.000000	0.000000	0.000000
ASV_170_16S_022_3	ASV_502_16S_022_3	1	ENV_Si	0.415087	0.046293	-0.368794	0.983017	3.000000	1.000000	0	0	1	1.000000	0.000000	0.000000
ASV_11_16S_022_3	ASV_503_16S_022_3	1	ENV_Si	0.995256	0.686660	-0.308596	0.643357	3.000000	1.000000	0	0	1	1.000000	0.000000	0.000000
ASV_92_16S_022_3	ASV_503_16S_022_3	1	ENV_Si	1.000478	0.614878	-0.385600	0.803197	3.000000	1.000000	0	0	1	1.000000	0.000000	0.000000
ASV_216_16S_022_3	ASV_503_16S_022_3	1	ENV_Si	0.890259	0.583122	-0.307138	0.893107	3.000000	1.000000	0	0	1	1.000000	0.000000	0.000000
ASV_222_16S_022_3	ASV_503_16S_022_3	1	ENV_Si	0.765167	0.284956	-0.480211	0.481518	3.000000	1.000000	0	0	1	1.000000	0.000000	0.000000
ASV_265_16S_022_3	ASV_503_16S_022_3	1	ENV_Si	0.731798	0.547300	-0.184498	0.803197	3.000000	1.000000	0	0	1	1.000000	0.000000	0.000000
ASV_412_16S_022_3	ASV_503_16S_022_3	1	ENV_Si	0.797283	0.439187	-0.358096	0.679321	3.000000	1.000000	0	0	1	1.000000	0.000000	0.000000
ASV_494_16S_022_3	ASV_503_16S_022_3	1	ENV_Si	0.800167	0.434465	-0.365702	0.537463	3.000000	1.000000	0	0	1	1.000000	0.000000	0.000000
ASV_41_16S_022_3	ASV_504_16S_022_3	1	ENV_Si	0.677213	0.454722	-0.222491	0.696304	3.000000	1.000000	0	0	1	1.000000	0.000000	0.000000
ASV_113_16S_022_3	ASV_504_16S_022_3	1	ENV_Si	0.557596	0.482088	-0.075508	0.483516	3.000000	1.000000	0	0	1	1.000000	0.000000	0.000000
ASV_463_16S_022_3	ASV_504_16S_022_3	1	ENV_Si	0.696877	0.475665	-0.221212	0.500500	3.000000	1.000000	0	0	1	1.000000	0.000000	0.000000
ASV_347_16S_022_3	ASV_506_16S_022_3	1	ENV_Si	0.941338	0.336149	-0.605189	0.607393	3.000000	1.000000	0	0	1	1.000000	0.000000	0.000000
ASV_477_16S_022_3	ASV_506_16S_022_3	1	ENV_Si	0.955496	0.129730	-0.825767	0.197802	3.000000	1.000000	0	0	1	1.000000	0.000000	0.000000
ASV_36_16S_022_3	ASV_512_16S_022_3	1	ENV_Si	0.712880	0.550839	-0.162041	0.214785	3.000000	1.000000	0	0	1	1.000000	0.000000	0.000000
ASV_215_16S_022_3	ASV_512_16S_022_3	1	ENV_Si	0.527683	0.555551	0.027868	nan	3.000000	1.000000	0	0	1	1.000000	0.000000	0.000000
ASV_386_16S_022_3	ASV_513_16S_022_3	1	ENV_Si	0.566234	0.179054	-0.387180	0.983017	3.000000	1.000000	0	0	1	1.000000	0.000000	0.000000
ASV_282_16S_022_3	ASV_515_16S_022_3	1	ENV_Si	0.645798	0.273479	-0.372319	0.572428	3.000000	1.000000	0	0	1	1.000000	0.000000	0.000000
ASV_416_16S_022_3	ASV_515_16S_022_3	1	ENV_Si	0.402669	0.114859	-0.287810	0.750250	2.000000	1.000000	0	1	0	1.000000	0.000000	0.000000
ASV_11_16S_022_3	ASV_517_16S_022_3	1	ENV_Si	0.862689	0.337008	-0.525681	0.572428	3.000000	1.000000	0	0	1	1.000000	0.000000	0.000000
ASV_169_16S_022_3	ASV_525_16S_022_3	1	ENV_Si	0.704774	0.646633	-0.058140	0.786214	3.000000	1.000000	0	0	1	1.000000	0.000000	0.000000
ASV_223_16S_022_3	ASV_531_16S_022_3	1	ENV_Si	0.645714	0.091551	-0.554163	0.376623	3.000000	1.000000	0	0	1	1.000000	0.000000	0.000000
ASV_262_16S_022_3	ASV_533_16S_022_3	1	ENV_Si	0.963140	0.272482	-0.690659	0.285714	3.000000	1.000000	0	0	1	1.000000	0.000000	0.000000
ASV_327_16S_022_3	ASV_533_16S_022_3	1	ENV_Si	0.977298	0.321944	-0.655355	0.464535	3.000000	1.000000	0	0	1	1.000000	0.000000	0.000000
ASV_481_16S_022_3	ASV_533_16S_022_3	1	ENV_Si	0.768051	0.058621	-0.709430	0.374625	3.000000	1.000000	0	0	1	1.000000	0.000000	0.000000
ASV_365_16S_022_3	ASV_537_16S_022_3	1	ENV_Si	0.655317	0.247490	-0.407827	0.392607	3.000000	1.000000	0	0	1	1.000000	0.000000	0.000000
ASV_246_16S_022_3	ASV_538_16S_022_3	1	ENV_Si	0.602194	0.081080	-0.521115	0.518482	3.000000	1.000000	0	0	1	1.000000	0.000000	0.000000
ASV_103_16S_022_3	ASV_539_16S_022_3	1	ENV_Si	0.809143	0.195292	-0.613851	0.663337	3.000000	1.000000	0	0	1	1.000000	0.000000	0.000000
ASV_531_16S_022_3	ASV_539_16S_022_3	1	ENV_Si	0.821969	0.251021	-0.570948	0.484515	3.000000	1.000000	0	0	1	1.000000	0.000000	0.000000
ASV_97_16S_022_3	ASV_540_16S_022_3	1	ENV_Si	0.859182	0.200660	-0.658522	0.446553	3.000000	1.000000	0	0	1	1.000000	0.000000	0.000000
ASV_414_16S_022_3	ASV_540_16S_022_3	1	ENV_Si	0.583491	0.089184	-0.494306	0.500500	3.000000	1.000000	0	0	1	1.000000	0.000000	0.000000
ASV_317_16S_022_3	ASV_547_16S_022_3	1	ENV_Si	0.771851	0.441064	-0.330787	0.732268	3.000000	1.000000	0	0	1	1.000000	0.000000	0.000000
ASV_316_16S_022_3	ASV_552_16S_022_3	1	ENV_Si	0.708787	0.258618	-0.450169	0.805195	3.000000	1.000000	0	0	1	1.000000	0.000000	0.000000
ASV_428_16S_022_3	ASV_552_16S_022_3	1	ENV_Si	0.906760	0.162159	-0.744601	0.608392	3.000000	1.000000	0	0	1	1.000000	0.000000	0.000000
ASV_11_16S_022_3	ASV_553_16S_022_3	1	ENV_Si	0.816201	0.543428	-0.272773	0.911089	3.000000	1.000000	0	0	1	1.000000	0.000000	0.000000
ASV_53_16S_022_3	ASV_553_16S_022_3	1	ENV_Si	0.785000	0.534786	-0.250214	0.893107	3.000000	1.000000	0	0	1	1.000000	0.000000	0.000000
ASV_148_16S_022_3	ASV_553_16S_022_3	1	ENV_Si	0.603154	0.269089	-0.334065	0.321678	3.000000	1.000000	0	0	1	1.000000	0.000000	0.000000
ASV_490_16S_022_3	ASV_553_16S_022_3	1	ENV_Si	0.932311	0.492745	-0.439567	0.822178	3.000000	1.000000	0	0	1	1.000000	0.000000	0.000000
ASV_196_16S_022_3	ASV_560_16S_022_3	1	ENV_Si	0.468543	0.103538	-0.365005	0.448551	3.000000	1.000000	0	0	1	1.000000	0.000000	0.000000
ASV_138_16S_022_3	ASV_561_16S_022_3	1	ENV_Si	0.789216	0.424169	-0.365047	0.625375	3.000000	1.000000	0	0	1	1.000000	0.000000	0.000000
ASV_227_16S_022_3	ASV_561_16S_022_3	1	ENV_Si	0.695171	0.165551	-0.529619	0.340659	3.000000	1.000000	0	0	1	1.000000	0.000000	0.000000
ASV_332_16S_022_3	ASV_561_16S_022_3	1	ENV_Si	0.741196	0.408790	-0.332406	0.786214	3.000000	1.000000	0	0	1	1.000000	0.000000	0.000000
ASV_421_16S_022_3	ASV_561_16S_022_3	1	ENV_Si	0.882939	0.145773	-0.737166	0.054945	3.000000	1.000000	0	0	1	1.000000	0.000000	0.000000
ASV_453_16S_022_3	ASV_566_16S_022_3	1	ENV_Si	0.864827	-0.057762	-0.922589	0.858142	3.000000	1.000000	0	0	1	1.000000	0.000000	0.000000
ASV_225_16S_022_3	ASV_569_16S_022_3	1	ENV_Si	0.711790	0.467414	-0.244376	0.679321	3.000000	1.000000	0	0	1	1.000000	0.000000	0.000000
ASV_74_16S_022_3	ASV_574_16S_022_3	1	ENV_Si	0.909923	0.211327	-0.698596	0.392607	3.000000	1.000000	0	0	1	1.000000	0.000000	0.000000
ASV_137_16S_022_3	ASV_574_16S_022_3	1	ENV_Si	0.850500	0.212030	-0.638470	0.339660	3.000000	1.000000	0	0	1	1.000000	0.000000	0.000000
ASV_340_16S_022_3	ASV_574_16S_022_3	1	ENV_Si	1.096622	0.658279	-0.438344	0.875125	3.000000	1.000000	0	0	1	1.000000	0.000000	0.000000
ASV_333_16S_022_3	ASV_575_16S_022_3	1	ENV_Si	0.437083	0.096459	-0.340625	0.572428	3.000000	1.000000	0	0	1	1.000000	0.000000	0.000000
ASV_294_16S_022_3	ASV_576_16S_022_3	1	ENV_Si	0.707191	0.160644	-0.546547	0.340659	3.000000	1.000000	0	0	1	1.000000	0.000000	0.000000
ASV_207_16S_022_3	ASV_579_16S_022_3	1	ENV_Si	0.379321	0.010630	-0.368691	0.089910	3.000000	1.000000	0	0	1	1.000000	0.000000	0.000000
ASV_154_16S_022_3	ASV_582_16S_022_3	1	ENV_Si	1.185162	0.311658	-0.873504	0.266733	3.000000	1.000000	0	0	1	1.000000	0.000000	0.000000
ASV_269_16S_022_3	ASV_582_16S_022_3	1	ENV_Si	1.138674	0.163519	-0.975155	0.177822	3.000000	1.000000	0	0	1	1.000000	0.000000	0.000000
ASV_490_16S_022_3	ASV_582_16S_022_3	1	ENV_Si	0.990073	0.186836	-0.803237	0.197802	3.000000	1.000000	0	0	1	1.000000	0.000000	0.000000
ASV_495_16S_022_3	ASV_587_16S_022_3	1	ENV_Si	0.864827	0.172631	-0.692196	0.929071	3.000000	1.000000	0	0	1	1.000000	0.000000	0.000000
ASV_268_16S_022_3	ASV_596_16S_022_3	1	ENV_Si	0.864827	0.134120	-0.730707	0.786214	3.000000	1.000000	0	0	1	1.000000	0.000000	0.000000
ASV_129_16S_022_3	ASV_605_16S_022_3	1	ENV_Si	0.722478	0.293598	-0.428880	0.500500	3.000000	1.000000	0	0	1	1.000000	0.000000	0.000000
ASV_578_16S_022_3	ASV_605_16S_022_3	1	ENV_Si	0.520331	0.310160	-0.210171	0.572428	3.000000	1.000000	0	0	1	1.000000	0.000000	0.000000
ASV_556_16S_022_3	ASV_612_16S_022_3	1	ENV_Si	0.617949	0.101366	-0.516583	0.678322	3.000000	1.000000	0	0	1	1.000000	0.000000	0.000000
ASV_103_16S_022_3	ASV_615_16S_022_3	1	ENV_Si	0.790225	0.339697	-0.450528	0.786214	3.000000	1.000000	0	0	1	1.000000	0.000000	0.000000
ASV_387_16S_022_3	ASV_615_16S_022_3	1	ENV_Si	1.094747	0.621957	-0.472790	0.590410	3.000000	1.000000	0	0	1	1.000000	0.000000	0.000000
ASV_304_16S_022_3	ASV_622_16S_022_3	1	ENV_Si	0.686597	0.033789	-0.652808	0.160839	3.000000	1.000000	0	0	1	1.000000	0.000000	0.000000
ASV_61_16S_022_3	ASV_621_16S_022_3	1	ENV_Si	0.567243	0.081080	-0.486163	0.447552	3.000000	1.000000	0	0	1	1.000000	0.000000	0.000000
ASV_300_16S_022_3	ASV_632_16S_022_3	1	ENV_Si	0.688656	0.223314	-0.465342	0.804196	3.000000	1.000000	0	0	1	1.000000	0.000000	0.000000
ASV_340_16S_022_3	ASV_633_16S_022_3	1	ENV_Si	0.830359	0.407404	-0.422955	0.857143	3.000000	1.000000	0	0	1	1.000000	0.000000	0.000000
ASV_552_16S_022_3	ASV_636_16S_022_3	1	ENV_Si	0.630894	0.096459	-0.534435	0.537463	3.000000	1.000000	0	0	1	1.000000	0.000000	0.000000
ASV_124_16S_022_3	ASV_640_16S_022_3	1	ENV_Si	0.897734	0.172631	-0.725104	0.125874	3.000000	1.000000	0	0	1	1.000000	0.000000	0.000000
ASV_411_16S_022_3	ASV_640_16S_022_3	1	ENV_Si	0.804012	0.291233	-0.512779	0.643357	3.000000	1.000000	0	0	1	1.000000	0.000000	0.000000
ASV_455_16S_022_3	ASV_640_16S_022_3	1	ENV_Si	0.847616	0.167067	-0.680549	0.089910	3.000000	1.000000	0	0	1	1.000000	0.000000	0.000000
ASV_596_16S_022_3	ASV_640_16S_022_3	1	ENV_Si	0.652313	0.061496	-0.590817	0.481518	3.000000	1.000000	0	0	1	1.000000	0.000000	0.000000
ASV_206_16S_022_3	ASV_641_16S_022_3	1	ENV_Si	0.661090	0.439187	-0.221904	0.642358	3.000000	1.000000	0	0	1	1.000000	0.000000	0.000000
ASV_234_16S_022_3	ASV_641_16S_022_3	1	ENV_Si	0.907969	0.286843	-0.621126	0.036963	3.000000	1.000000	0	0	1	1.000000	0.000000	0.000000
ASV_259_16S_022_3	ASV_644_16S_022_3	1	ENV_Si	0.545441	0.133278	-0.412163	0.554446	3.000000	1.000000	0	0	1	1.000000	0.000000	0.000000
ASV_643_16S_022_3	ASV_644_16S_022_3	1	ENV_Si	0.545441	0.091551	-0.453890	0.768232	3.000000	1.000000	0	0	1	1.000000	0.000000	0.000000
ASV_66_16S_022_3	ASV_647_16S_022_3	1	ENV_Si	0.807065	0.476506	-0.330558	0.875125	3.000000	1.000000	0	0	1	1.000000	0.000000	0.000000
ASV_281_16S_022_3	ASV_647_16S_022_3	1	ENV_Si	0.665888	0.185477	-0.480411	0.464535	3.000000	1.000000	0	0	1	1.000000	0.000000	0.000000
ASV_61_16S_022_3	ASV_648_16S_022_3	1	ENV_Si	0.519532	0.081080	-0.438452	0.553447	3.000000	1.000000	0	0	1	1.000000	0.000000	0.000000
ASV_361_16S_022_3	ASV_652_16S_022_3	1	ENV_Si	0.787143	0.058621	-0.728521	0.500500	3.000000	1.000000	0	0	1	1.000000	0.000000	0.000000
ASV_427_16S_022_3	ASV_652_16S_022_3	1	ENV_Si	0.765341	0.244081	-0.521260	0.929071	3.000000	1.000000	0	0	1	1.000000	0.000000	0.000000
ASV_517_16S_022_3	ASV_654_16S_022_3	1	ENV_Si	0.707697	0.085987	-0.621710	0.072927	3.000000	1.000000	0	0	1	1.000000	0.000000	0.000000
ASV_331_16S_022_3	ASV_671_16S_022_3	1	ENV_Si	0.625005	0.023317	-0.601688	0.715285	3.000000	1.000000	0	0	1	1.000000	0.000000	0.000000
ASV_6_16S_022_3	ASV_670_16S_022_3	1	ENV_Si	0.332479	-0.030396	-0.362875	0.304695	3.000000	1.000000	0	0	1	1.000000	0.000000	0.000000
ASV_416_16S_022_3	ASV_673_16S_022_3	1	ENV_Si	0.408820	-0.079047	-0.487867	0.731269	3.000000	1.000000	0	0	1	1.000000	0.000000	0.000000
ASV_370_16S_022_3	ASV_675_16S_022_3	1	ENV_Si	0.733473	0.091551	-0.641922	0.305694	3.000000	1.000000	0	0	1	1.000000	0.000000	0.000000
ASV_428_16S_022_3	ASV_675_16S_022_3	1	ENV_Si	0.827196	0.000000	-0.827196	0.321678	3.000000	1.000000	0	0	1	1.000000	0.000000	0.000000
ASV_560_16S_022_3	ASV_679_16S_022_3	1	ENV_Si	0.760408	0.212842	-0.547565	0.502498	3.000000	1.000000	0	0	1	1.000000	0.000000	0.000000
ASV_647_16S_022_3	ASV_679_16S_022_3	1	ENV_Si	0.821223	0.328367	-0.492856	0.626374	3.000000	1.000000	0	0	1	1.000000	0.000000	0.000000
ASV_14_16S_022_3	ASV_690_16S_022_3	1	ENV_Si	0.347916	0.000000	-0.347916	0.750250	3.000000	1.000000	0	0	1	1.000000	0.000000	0.000000
ASV_148_16S_022_3	ASV_697_16S_022_3	1	ENV_Si	0.639115	0.053419	-0.585695	0.072927	3.000000	1.000000	0	0	1	1.000000	0.000000	0.000000
ASV_274_16S_022_3	ASV_697_16S_022_3	1	ENV_Si	0.673369	0.315724	-0.357645	0.803197	3.000000	1.000000	0	0	1	1.000000	0.000000	0.000000
ASV_361_16S_022_3	ASV_699_16S_022_3	1	ENV_Si	0.533073	0.052198	-0.480875	0.287712	3.000000	1.000000	0	0	1	1.000000	0.000000	0.000000
ASV_390_16S_022_3	ASV_708_16S_022_3	1	ENV_Si	0.802305	0.033789	-0.768517	0.142857	3.000000	1.000000	0	0	1	1.000000	0.000000	0.000000
ASV_477_16S_022_3	ASV_708_16S_022_3	1	ENV_Si	0.768051	0.112835	-0.655216	0.124875	3.000000	1.000000	0	0	1	1.000000	0.000000	0.000000
ASV_424_16S_022_3	ASV_709_16S_022_3	1	ENV_Si	0.566149	0.052198	-0.513951	0.412587	3.000000	1.000000	0	0	1	1.000000	0.000000	0.000000
ASV_652_16S_022_3	ASV_709_16S_022_3	1	ENV_Si	0.471218	0.006423	-0.464795	0.339660	3.000000	1.000000	0	0	1	1.000000	0.000000	0.000000
ASV_560_16S_022_3	ASV_715_16S_022_3	1	ENV_Si	0.762114	0.287499	-0.474615	0.411588	3.000000	1.000000	0	0	1	1.000000	0.000000	0.000000
ASV_284_16S_022_3	ASV_717_16S_022_3	1	ENV_Si	0.809143	0.295437	-0.513706	0.501499	3.000000	1.000000	0	0	1	1.000000	0.000000	0.000000
ASV_259_16S_022_3	ASV_718_16S_022_3	1	ENV_Si	0.590836	0.101366	-0.489469	0.392607	3.000000	1.000000	0	0	1	1.000000	0.000000	0.000000
ASV_363_16S_022_3	ASV_720_16S_022_3	1	ENV_Si	0.519532	0.000000	-0.519532	0.947053	3.000000	1.000000	0	0	1	1.000000	0.000000	0.000000
ASV_426_16S_022_3	ASV_722_16S_022_3	1	ENV_Si	0.650140	0.182446	-0.467695	0.251748	3.000000	1.000000	0	0	1	1.000000	0.000000	0.000000
ASV_455_16S_022_3	ASV_722_16S_022_3	1	ENV_Si	0.743365	0.167067	-0.576298	0.143856	3.000000	1.000000	0	0	1	1.000000	0.000000	0.000000
ASV_269_16S_022_3	ASV_723_16S_022_3	1	ENV_Si	0.836127	0.322989	-0.513139	0.572428	3.000000	1.000000	0	0	1	1.000000	0.000000	0.000000
ASV_519_16S_022_3	ASV_723_16S_022_3	1	ENV_Si	0.848362	0.303876	-0.544486	0.590410	3.000000	1.000000	0	0	1	1.000000	0.000000	0.000000
ASV_396_16S_022_3	ASV_728_16S_022_3	1	ENV_Si	0.655580	0.310816	-0.344764	0.929071	3.000000	1.000000	0	0	1	1.000000	0.000000	0.000000
ASV_643_16S_022_3	ASV_728_16S_022_3	1	ENV_Si	0.670400	0.091551	-0.578849	0.786214	3.000000	1.000000	0	0	1	1.000000	0.000000	0.000000
ASV_556_16S_022_3	ASV_730_16S_022_3	1	ENV_Si	0.639751	0.101366	-0.538385	0.392607	3.000000	1.000000	0	0	1	1.000000	0.000000	0.000000
ASV_411_16S_022_3	ASV_736_16S_022_3	1	ENV_Si	0.768051	0.402367	-0.365684	0.821179	3.000000	1.000000	0	0	1	1.000000	0.000000	0.000000
ASV_599_16S_022_3	ASV_737_16S_022_3	1	ENV_Si	0.847401	0.206419	-0.640982	0.749251	3.000000	1.000000	0	0	1	1.000000	0.000000	0.000000
ASV_463_16S_022_3	ASV_738_16S_022_3	1	ENV_Si	0.879731	0.333477	-0.546254	0.179820	3.000000	1.000000	0	0	1	1.000000	0.000000	0.000000
ASV_599_16S_022_3	ASV_739_16S_022_3	1	ENV_Si	0.905164	0.379050	-0.526114	0.752248	3.000000	1.000000	0	0	1	1.000000	0.000000	0.000000
ASV_348_16S_022_3	ASV_746_16S_022_3	1	ENV_Si	0.626258	0.321288	-0.304970	0.929071	3.000000	1.000000	0	0	1	1.000000	0.000000	0.000000
ASV_540_16S_022_3	ASV_747_16S_022_3	1	ENV_Si	0.662680	0.739856	0.077175	nan	3.000000	1.000000	0	0	1	1.000000	0.000000	0.000000
ASV_311_16S_022_3	ASV_749_16S_022_3	1	ENV_Si	0.680843	0.200856	-0.479988	0.644356	3.000000	1.000000	0	0	1	1.000000	0.000000	0.000000
ASV_533_16S_022_3	ASV_749_16S_022_3	1	ENV_Si	0.963140	0.424825	-0.538315	0.785215	3.000000	1.000000	0	0	1	1.000000	0.000000	0.000000
ASV_506_16S_022_3	ASV_751_16S_022_3	1	ENV_Si	0.941338	0.230578	-0.710760	0.447552	3.000000	1.000000	0	0	1	1.000000	0.000000	0.000000
ASV_749_16S_022_3	ASV_751_16S_022_3	1	ENV_Si	0.941338	0.450500	-0.490838	0.947053	3.000000	1.000000	0	0	1	1.000000	0.000000	0.000000
ASV_187_16S_022_3	ASV_752_16S_022_3	1	ENV_Si	0.821507	0.321961	-0.499545	0.393606	3.000000	1.000000	0	0	1	1.000000	0.000000	0.000000
ASV_281_16S_022_3	ASV_752_16S_022_3	1	ENV_Si	0.654774	0.232767	-0.422006	0.250749	3.000000	1.000000	0	0	1	1.000000	0.000000	0.000000
ASV_383_16S_022_3	ASV_755_16S_022_3	1	ENV_Si	0.528981	0.033789	-0.495192	0.537463	3.000000	1.000000	0	0	1	1.000000	0.000000	0.000000
ASV_61_16S_022_3	ASV_758_16S_022_3	1	ENV_Si	0.489469	0.177538	-0.311931	0.752248	3.000000	1.000000	0	0	1	1.000000	0.000000	0.000000
ASV_539_16S_022_3	ASV_758_16S_022_3	1	ENV_Si	0.663426	0.277028	-0.386399	0.590410	3.000000	1.000000	0	0	1	1.000000	0.000000	0.000000
ASV_610_16S_022_3	ASV_759_16S_022_3	1	ENV_Si	0.571535	0.143749	-0.427786	0.857143	3.000000	1.000000	0	0	1	1.000000	0.000000	0.000000
ASV_23_16S_022_3	ASV_767_16S_022_3	1	ENV_Si	0.791236	0.300345	-0.490891	0.232767	3.000000	1.000000	0	0	1	1.000000	0.000000	0.000000
ASV_212_16S_022_3	ASV_767_16S_022_3	1	ENV_Si	0.693420	0.178212	-0.515209	0.250749	3.000000	1.000000	0	0	1	1.000000	0.000000	0.000000
ASV_382_16S_022_3	ASV_779_16S_022_3	1	ENV_Si	0.844238	0.089380	-0.754859	0.108891	3.000000	1.000000	0	0	1	1.000000	0.000000	0.000000
ASV_350_16S_022_3	ASV_782_16S_022_3	1	ENV_Si	0.519532	0.050683	-0.468849	0.322677	3.000000	1.000000	0	0	1	1.000000	0.000000	0.000000
ASV_588_16S_022_3	ASV_782_16S_022_3	1	ENV_Si	0.545441	0.805400	0.259960	nan	3.000000	1.000000	0	0	1	1.000000	0.000000	0.000000
ASV_6_16S_022_3	ASV_784_16S_022_3	1	ENV_Si	0.622121	1.053493	0.431372	nan	3.000000	1.000000	0	0	1	1.000000	0.000000	0.000000
ASV_134_16S_022_3	ASV_784_16S_022_3	1	ENV_Si	0.579850	0.419076	-0.160774	0.803197	3.000000	1.000000	0	0	1	1.000000	0.000000	0.000000
ASV_207_16S_022_3	ASV_784_16S_022_3	1	ENV_Si	0.437083	0.164851	-0.272232	0.482517	3.000000	1.000000	0	0	1	1.000000	0.000000	0.000000
ASV_744_16S_022_3	ASV_786_16S_022_3	1	ENV_Si	0.828867	0.167067	-0.661800	0.447552	3.000000	1.000000	0	0	1	1.000000	0.000000	0.000000
ASV_102_16S_022_3	ASV_793_16S_022_3	1	ENV_Si	0.884958	0.112179	-0.772779	0.412587	3.000000	1.000000	0	0	1	1.000000	0.000000	0.000000
ASV_476_16S_022_3	ASV_793_16S_022_3	1	ENV_Si	0.920918	0.148140	-0.772779	0.894106	3.000000	1.000000	0	0	1	1.000000	0.000000	0.000000
ASV_540_16S_022_3	ASV_793_16S_022_3	1	ENV_Si	0.733473	0.096791	-0.636683	0.320679	3.000000	1.000000	0	0	1	1.000000	0.000000	0.000000
ASV_310_16S_022_3	ASV_797_16S_022_3	1	ENV_Si	0.704306	0.162159	-0.542147	0.429570	3.000000	1.000000	0	0	1	1.000000	0.000000	0.000000
ASV_455_16S_022_3	ASV_797_16S_022_3	1	ENV_Si	0.788351	0.200338	-0.588013	0.482517	3.000000	1.000000	0	0	1	1.000000	0.000000	0.000000
ASV_210_16S_022_3	ASV_799_16S_022_3	1	ENV_Si	0.277209	-0.050166	-0.327374	0.536464	3.000000	1.000000	0	0	1	1.000000	0.000000	0.000000
ASV_199_16S_022_3	ASV_800_16S_022_3	1	ENV_Si	0.547242	0.000000	-0.547242	0.641359	3.000000	1.000000	0	0	1	1.000000	0.000000	0.000000
ASV_401_16S_022_3	ASV_803_16S_022_3	1	ENV_Si	0.453052	0.151014	-0.302038	0.965035	3.000000	1.000000	0	0	1	1.000000	0.000000	0.000000
ASV_392_16S_022_3	ASV_805_16S_022_3	1	ENV_Si	0.737566	0.143093	-0.594473	0.374625	3.000000	1.000000	0	0	1	1.000000	0.000000	0.000000
ASV_248_16S_022_3	ASV_808_16S_022_3	1	ENV_Si	0.547893	-0.014861	-0.562755	0.714286	3.000000	1.000000	0	0	1	1.000000	0.000000	0.000000
ASV_782_16S_022_3	ASV_808_16S_022_3	1	ENV_Si	0.466538	-0.060637	-0.527175	0.786214	3.000000	1.000000	0	0	1	1.000000	0.000000	0.000000
ASV_462_16S_022_3	ASV_815_16S_022_3	1	ENV_Si	0.883576	0.443235	-0.440341	0.822178	3.000000	1.000000	0	0	1	1.000000	0.000000	0.000000
ASV_739_16S_022_3	ASV_815_16S_022_3	1	ENV_Si	0.666471	0.287499	-0.378972	0.788212	3.000000	1.000000	0	0	1	1.000000	0.000000	0.000000
ASV_139_16S_022_3	ASV_818_16S_022_3	1	ENV_Si	0.706738	0.101366	-0.605372	0.394605	3.000000	1.000000	0	0	1	1.000000	0.000000	0.000000
ASV_379_16S_022_3	ASV_818_16S_022_3	1	ENV_Si	0.499371	0.067578	-0.431794	0.234765	3.000000	1.000000	0	0	1	1.000000	0.000000	0.000000
ASV_739_16S_022_3	ASV_820_16S_022_3	1	ENV_Si	0.792523	0.189525	-0.602998	0.645355	3.000000	1.000000	0	0	1	1.000000	0.000000	0.000000
ASV_262_16S_022_3	ASV_819_16S_022_3	1	ENV_Si	0.905378	0.187353	-0.718024	0.214785	3.000000	1.000000	0	0	1	1.000000	0.000000	0.000000
ASV_644_16S_022_3	ASV_829_16S_022_3	1	ENV_Si	0.519532	0.035304	-0.484228	0.608392	3.000000	1.000000	0	0	1	1.000000	0.000000	0.000000
ASV_710_16S_022_3	ASV_829_16S_022_3	1	ENV_Si	0.519532	0.000000	-0.519532	0.947053	3.000000	1.000000	0	0	1	1.000000	0.000000	0.000000
ASV_262_16S_022_3	ASV_831_16S_022_3	1	ENV_Si	0.869418	0.136670	-0.732747	0.107892	3.000000	1.000000	0	0	1	1.000000	0.000000	0.000000
ASV_751_16S_022_3	ASV_831_16S_022_3	1	ENV_Si	0.938454	0.116384	-0.822070	0.178821	3.000000	1.000000	0	0	1	1.000000	0.000000	0.000000
ASV_370_16S_022_3	ASV_833_16S_022_3	1	ENV_Si	0.555706	0.000000	-0.555706	0.857143	3.000000	1.000000	0	0	1	1.000000	0.000000	0.000000
ASV_563_16S_022_3	ASV_833_16S_022_3	1	ENV_Si	0.587573	0.000000	-0.587573	0.929071	3.000000	1.000000	0	0	1	1.000000	0.000000	0.000000
ASV_406_16S_022_3	ASV_842_16S_022_3	1	ENV_Si	0.753431	0.312332	-0.441099	0.662338	3.000000	1.000000	0	0	1	1.000000	0.000000	0.000000
ASV_779_16S_022_3	ASV_847_16S_022_3	1	ENV_Si	0.978681	0.135155	-0.843526	0.054945	3.000000	1.000000	0	0	1	1.000000	0.000000	0.000000
ASV_704_16S_022_3	ASV_851_16S_022_3	1	ENV_Si	0.439351	0.081080	-0.358271	0.947053	3.000000	1.000000	0	0	1	1.000000	0.000000	0.000000
ASV_564_16S_022_3	ASV_853_16S_022_3	1	ENV_Si	0.775481	0.185477	-0.590004	0.555445	3.000000	1.000000	0	0	1	1.000000	0.000000	0.000000
ASV_722_16S_022_3	ASV_853_16S_022_3	1	ENV_Si	0.788351	0.190384	-0.597967	0.339660	3.000000	1.000000	0	0	1	1.000000	0.000000	0.000000
ASV_192_16S_022_3	ASV_859_16S_022_3	1	ENV_Si	0.650066	0.297970	-0.352095	0.536464	3.000000	1.000000	0	0	1	1.000000	0.000000	0.000000
ASV_566_16S_022_3	ASV_859_16S_022_3	1	ENV_Si	0.864827	0.355733	-0.509094	0.662338	3.000000	1.000000	0	0	1	1.000000	0.000000	0.000000
ASV_68_16S_022_3	ASV_862_16S_022_3	1	ENV_Si	0.868457	0.492745	-0.375713	0.733267	3.000000	1.000000	0	0	1	1.000000	0.000000	0.000000
ASV_160_16S_022_3	ASV_862_16S_022_3	1	ENV_Si	0.924344	0.351028	-0.573316	0.357642	3.000000	1.000000	0	0	1	1.000000	0.000000	0.000000
ASV_234_16S_022_3	ASV_862_16S_022_3	1	ENV_Si	0.578438	0.063529	-0.514909	0.018981	3.000000	1.000000	0	0	1	1.000000	0.000000	0.000000
ASV_384_16S_022_3	ASV_862_16S_022_3	1	ENV_Si	0.589045	0.236160	-0.352885	0.822178	3.000000	1.000000	0	0	1	1.000000	0.000000	0.000000
ASV_387_16S_022_3	ASV_862_16S_022_3	1	ENV_Si	0.949777	0.423652	-0.526125	0.553447	3.000000	1.000000	0	0	1	1.000000	0.000000	0.000000
ASV_718_16S_022_3	ASV_863_16S_022_3	1	ENV_Si	0.847401	0.067578	-0.779824	0.126873	3.000000	1.000000	0	0	1	1.000000	0.000000	0.000000
ASV_803_16S_022_3	ASV_863_16S_022_3	1	ENV_Si	0.847401	0.206419	-0.640982	0.445554	3.000000	1.000000	0	0	1	1.000000	0.000000	0.000000
ASV_311_16S_022_3	ASV_865_16S_022_3	1	ENV_Si	0.515735	0.048982	-0.466753	0.360639	3.000000	1.000000	0	0	1	1.000000	0.000000	0.000000
ASV_475_16S_022_3	ASV_865_16S_022_3	1	ENV_Si	0.342608	0.228682	-0.113926	0.161838	2.000000	1.000000	0	1	0	1.000000	0.000000	0.000000
ASV_80_16S_022_3	ASV_871_16S_022_3	1	ENV_Si	0.834919	0.455222	-0.379697	0.803197	3.000000	1.000000	0	0	1	1.000000	0.000000	0.000000
ASV_103_16S_022_3	ASV_871_16S_022_3	1	ENV_Si	0.634648	0.453707	-0.180941	0.821179	3.000000	1.000000	0	0	1	1.000000	0.000000	0.000000
ASV_121_16S_022_3	ASV_871_16S_022_3	1	ENV_Si	0.748173	0.278905	-0.469269	0.680320	3.000000	1.000000	0	0	1	1.000000	0.000000	0.000000
ASV_387_16S_022_3	ASV_871_16S_022_3	1	ENV_Si	0.999816	0.368579	-0.631237	0.393606	3.000000	1.000000	0	0	1	1.000000	0.000000	0.000000
ASV_361_16S_022_3	ASV_878_16S_022_3	1	ENV_Si	0.926966	0.229737	-0.697229	0.358641	3.000000	1.000000	0	0	1	1.000000	0.000000	0.000000
ASV_652_16S_022_3	ASV_878_16S_022_3	1	ENV_Si	0.691824	0.058621	-0.633202	0.483516	3.000000	1.000000	0	0	1	1.000000	0.000000	0.000000
ASV_675_16S_022_3	ASV_878_16S_022_3	1	ENV_Si	0.891005	0.062670	-0.828336	0.234765	3.000000	1.000000	0	0	1	1.000000	0.000000	0.000000
ASV_687_16S_022_3	ASV_878_16S_022_3	1	ENV_Si	0.368728	0.096459	-0.272269	0.447552	3.000000	1.000000	0	0	1	1.000000	0.000000	0.000000
ASV_522_16S_022_3	ASV_886_16S_022_3	1	ENV_Si	0.707191	0.154221	-0.552970	0.767233	3.000000	1.000000	0	0	1	1.000000	0.000000	0.000000
ASV_476_16S_022_3	ASV_889_16S_022_3	1	ENV_Si	0.601329	0.067060	-0.534269	0.787213	3.000000	1.000000	0	0	1	1.000000	0.000000	0.000000
ASV_98_16S_022_3	ASV_893_16S_022_3	1	ENV_Si	0.884168	0.438328	-0.445840	0.841159	3.000000	1.000000	0	0	1	1.000000	0.000000	0.000000
ASV_717_16S_022_3	ASV_893_16S_022_3	1	ENV_Si	0.847241	0.391378	-0.455863	0.733267	3.000000	1.000000	0	0	1	1.000000	0.000000	0.000000
ASV_13_16S_022_3	ASV_890_16S_022_3	1	ENV_Si	0.500580	-0.007079	-0.507659	0.321678	3.000000	1.000000	0	0	1	1.000000	0.000000	0.000000
ASV_318_16S_022_3	ASV_890_16S_022_3	1	ENV_Si	0.519965	0.228221	-0.291743	0.696304	3.000000	1.000000	0	0	1	1.000000	0.000000	0.000000
ASV_362_16S_022_3	ASV_890_16S_022_3	1	ENV_Si	0.688025	0.105756	-0.582268	0.340659	3.000000	1.000000	0	0	1	1.000000	0.000000	0.000000
ASV_134_16S_022_3	ASV_899_16S_022_3	1	ENV_Si	0.567616	0.189525	-0.378091	0.661339	3.000000	1.000000	0	0	1	1.000000	0.000000	0.000000
ASV_310_16S_022_3	ASV_900_16S_022_3	1	ENV_Si	0.587290	0.000000	-0.587290	0.427572	3.000000	1.000000	0	0	1	1.000000	0.000000	0.000000
ASV_863_16S_022_3	ASV_900_16S_022_3	1	ENV_Si	0.785263	0.000000	-0.785263	0.535465	3.000000	1.000000	0	0	1	1.000000	0.000000	0.000000
ASV_827_16S_022_3	ASV_910_16S_022_3	1	ENV_Si	0.473520	0.052198	-0.421322	0.643357	3.000000	1.000000	0	0	1	1.000000	0.000000	0.000000
ASV_103_16S_022_3	ASV_917_16S_022_3	1	ENV_Si	0.661926	0.391037	-0.270889	0.893107	3.000000	1.000000	0	0	1	1.000000	0.000000	0.000000
ASV_428_16S_022_3	ASV_917_16S_022_3	1	ENV_Si	0.668067	0.104397	-0.563670	0.786214	3.000000	1.000000	0	0	1	1.000000	0.000000	0.000000
ASV_631_16S_022_3	ASV_917_16S_022_3	1	ENV_Si	0.590174	0.081080	-0.509094	0.823177	3.000000	1.000000	0	0	1	1.000000	0.000000	0.000000
ASV_652_16S_022_3	ASV_917_16S_022_3	1	ENV_Si	0.746423	0.116384	-0.630039	0.911089	3.000000	1.000000	0	0	1	1.000000	0.000000	0.000000
ASV_36_16S_022_3	ASV_918_16S_022_3	1	ENV_Si	0.512490	0.283480	-0.229010	0.143856	3.000000	1.000000	0	0	1	1.000000	0.000000	0.000000
ASV_473_16S_022_3	ASV_918_16S_022_3	1	ENV_Si	0.401804	0.168944	-0.232860	0.231768	3.000000	1.000000	0	0	1	1.000000	0.000000	0.000000
ASV_893_16S_022_3	ASV_920_16S_022_3	1	ENV_Si	0.837088	0.293922	-0.543166	0.557443	3.000000	1.000000	0	0	1	1.000000	0.000000	0.000000
ASV_149_16S_022_3	ASV_924_16S_022_3	1	ENV_Si	0.809487	0.310816	-0.498670	0.751249	3.000000	1.000000	0	0	1	1.000000	0.000000	0.000000
ASV_833_16S_022_3	ASV_930_16S_022_3	1	ENV_Si	0.746418	0.000000	-0.746418	0.928072	3.000000	1.000000	0	0	1	1.000000	0.000000	0.000000
ASV_316_16S_022_3	ASV_931_16S_022_3	1	ENV_Si	0.878985	0.265041	-0.613945	0.430569	3.000000	1.000000	0	0	1	1.000000	0.000000	0.000000
ASV_531_16S_022_3	ASV_931_16S_022_3	1	ENV_Si	0.774735	0.287499	-0.487236	0.627373	3.000000	1.000000	0	0	1	1.000000	0.000000	0.000000
ASV_831_16S_022_3	ASV_931_16S_022_3	1	ENV_Si	0.707405	0.214358	-0.493047	0.358641	3.000000	1.000000	0	0	1	1.000000	0.000000	0.000000
ASV_130_16S_022_3	ASV_932_16S_022_3	1	ENV_Si	0.462246	-0.074657	-0.536903	0.374625	3.000000	1.000000	0	0	1	1.000000	0.000000	0.000000
ASV_321_16S_022_3	ASV_933_16S_022_3	1	ENV_Si	0.449879	0.045776	-0.404103	0.608392	3.000000	1.000000	0	0	1	1.000000	0.000000	0.000000
ASV_648_16S_022_3	ASV_933_16S_022_3	1	ENV_Si	0.483572	0.091551	-0.392021	0.751249	3.000000	1.000000	0	0	1	1.000000	0.000000	0.000000
ASV_688_16S_022_3	ASV_933_16S_022_3	1	ENV_Si	0.656242	0.062670	-0.593572	0.572428	3.000000	1.000000	0	0	1	1.000000	0.000000	0.000000
ASV_345_16S_022_3	ASV_938_16S_022_3	1	ENV_Si	0.564558	0.484806	-0.079752	0.839161	3.000000	1.000000	0	0	1	1.000000	0.000000	0.000000
ASV_224_16S_022_3	ASV_943_16S_022_3	1	ENV_Si	0.801301	0.070608	-0.730693	0.267732	3.000000	1.000000	0	0	1	1.000000	0.000000	0.000000
ASV_427_16S_022_3	ASV_943_16S_022_3	1	ENV_Si	0.863156	0.186318	-0.676838	0.947053	3.000000	1.000000	0	0	1	1.000000	0.000000	0.000000
ASV_926_16S_022_3	ASV_943_16S_022_3	1	ENV_Si	1.094205	0.479381	-0.614824	0.983017	3.000000	1.000000	0	0	1	1.000000	0.000000	0.000000
ASV_397_16S_022_3	ASV_942_16S_022_3	1	ENV_Si	0.502966	0.500156	-0.002810	0.893107	3.000000	1.000000	0	0	1	1.000000	0.000000	0.000000
ASV_53_16S_022_3	ASV_947_16S_022_3	1	ENV_Si	0.851415	0.456737	-0.394678	0.733267	3.000000	1.000000	0	0	1	1.000000	0.000000	0.000000
ASV_265_16S_022_3	ASV_947_16S_022_3	1	ENV_Si	0.828404	0.243239	-0.585166	0.160839	3.000000	1.000000	0	0	1	1.000000	0.000000	0.000000
ASV_850_16S_022_3	ASV_947_16S_022_3	1	ENV_Si	0.855045	0.295437	-0.559608	0.552448	3.000000	1.000000	0	0	1	1.000000	0.000000	0.000000
ASV_786_16S_022_3	ASV_951_16S_022_3	1	ENV_Si	0.792907	0.177538	-0.615368	0.286713	3.000000	1.000000	0	0	1	1.000000	0.000000	0.000000
ASV_751_16S_022_3	ASV_955_16S_022_3	1	ENV_Si	1.056863	0.291889	-0.764974	0.607393	3.000000	1.000000	0	0	1	1.000000	0.000000	0.000000
ASV_94_16S_022_3	ASV_957_16S_022_3	1	ENV_Si	0.701516	0.135155	-0.566361	0.304695	3.000000	1.000000	0	0	1	1.000000	0.000000	0.000000
ASV_481_16S_022_3	ASV_957_16S_022_3	1	ENV_Si	0.719688	0.000000	-0.719688	1.000000	3.000000	1.000000	0	0	1	1.000000	0.000000	0.000000
ASV_831_16S_022_3	ASV_957_16S_022_3	1	ENV_Si	0.832328	0.101366	-0.730962	0.125874	3.000000	1.000000	0	0	1	1.000000	0.000000	0.000000
ASV_709_16S_022_3	ASV_958_16S_022_3	1	ENV_Si	0.625005	0.052198	-0.572807	0.715285	3.000000	1.000000	0	0	1	1.000000	0.000000	0.000000
ASV_671_16S_022_3	ASV_962_16S_022_3	1	ENV_Si	0.439968	0.000000	-0.439968	1.000000	3.000000	1.000000	0	0	1	1.000000	0.000000	0.000000
ASV_958_16S_022_3	ASV_967_16S_022_3	1	ENV_Si	0.541334	0.000000	-0.541334	0.858142	3.000000	1.000000	0	0	1	1.000000	0.000000	0.000000
ASV_680_16S_022_3	ASV_969_16S_022_3	1	ENV_Si	0.625005	0.216891	-0.408114	0.840160	3.000000	1.000000	0	0	1	1.000000	0.000000	0.000000
ASV_556_16S_022_3	ASV_971_16S_022_3	1	ENV_Si	0.553503	0.067578	-0.485926	0.322677	3.000000	1.000000	0	0	1	1.000000	0.000000	0.000000
ASV_842_16S_022_3	ASV_971_16S_022_3	1	ENV_Si	0.686985	0.253710	-0.433275	0.679321	3.000000	1.000000	0	0	1	1.000000	0.000000	0.000000
ASV_878_16S_022_3	ASV_978_16S_022_3	1	ENV_Si	0.669738	0.104397	-0.565341	0.482517	3.000000	1.000000	0	0	1	1.000000	0.000000	0.000000
ASV_564_16S_022_3	ASV_979_16S_022_3	1	ENV_Si	0.869203	0.090377	-0.778826	0.697303	3.000000	1.000000	0	0	1	1.000000	0.000000	0.000000
ASV_519_16S_022_3	ASV_985_16S_022_3	1	ENV_Si	0.722945	0.122456	-0.600490	0.142857	3.000000	1.000000	0	0	1	1.000000	0.000000	0.000000
ASV_240_16S_022_3	ASV_987_16S_022_3	1	ENV_Si	0.623912	0.104397	-0.519515	0.805195	3.000000	1.000000	0	0	1	1.000000	0.000000	0.000000
ASV_732_16S_022_3	ASV_987_16S_022_3	1	ENV_Si	0.692202	0.104397	-0.587805	0.858142	3.000000	1.000000	0	0	1	1.000000	0.000000	0.000000
ASV_240_16S_022_3	ASV_996_16S_022_3	1	ENV_Si	1.000483	0.510295	-0.490188	0.876124	3.000000	1.000000	0	0	1	1.000000	0.000000	0.000000
ASV_955_16S_022_3	ASV_997_16S_022_3	1	ENV_Si	0.955496	0.192400	-0.763097	0.394605	3.000000	1.000000	0	0	1	1.000000	0.000000	0.000000
ASV_99_16S_022_3	ASV_1002_16S_022_3	1	ENV_Si	0.756140	0.432108	-0.324032	0.411588	3.000000	1.000000	0	0	1	1.000000	0.000000	0.000000
ASV_316_16S_022_3	ASV_1002_16S_022_3	1	ENV_Si	0.759024	0.295437	-0.463587	0.394605	3.000000	1.000000	0	0	1	1.000000	0.000000	0.000000
ASV_517_16S_022_3	ASV_1002_16S_022_3	1	ENV_Si	0.988741	0.240550	-0.748192	0.396603	3.000000	1.000000	0	0	1	1.000000	0.000000	0.000000
ASV_440_16S_022_3	ASV_1012_16S_022_3	1	ENV_Si	0.431200	0.082771	-0.348429	0.641359	3.000000	1.000000	0	0	1	1.000000	0.000000	0.000000
ASV_488_16S_022_3	ASV_1012_16S_022_3	1	ENV_Si	0.757523	0.292407	-0.465117	0.589411	3.000000	1.000000	0	0	1	1.000000	0.000000	0.000000
ASV_513_16S_022_3	ASV_1012_16S_022_3	1	ENV_Si	0.786755	0.246113	-0.540641	0.894106	3.000000	1.000000	0	0	1	1.000000	0.000000	0.000000
ASV_680_16S_022_3	ASV_1012_16S_022_3	1	ENV_Si	0.587951	0.154221	-0.433730	0.822178	3.000000	1.000000	0	0	1	1.000000	0.000000	0.000000
ASV_267_16S_022_3	ASV_1021_16S_022_3	1	ENV_Si	0.661339	0.035304	-0.626035	0.572428	3.000000	1.000000	0	0	1	1.000000	0.000000	0.000000
ASV_328_16S_022_3	ASV_1034_16S_022_3	1	ENV_Si	0.444110	0.092975	-0.351136	0.197802	3.000000	1.000000	0	0	1	1.000000	0.000000	0.000000
ASV_829_16S_022_3	ASV_1036_16S_022_3	1	ENV_Si	0.519532	0.052198	-0.467333	0.662338	3.000000	1.000000	0	0	1	1.000000	0.000000	0.000000
ASV_347_16S_022_3	ASV_1037_16S_022_3	1	ENV_Si	0.825814	0.210809	-0.615004	0.893107	3.000000	1.000000	0	0	1	1.000000	0.000000	0.000000
ASV_477_16S_022_3	ASV_1037_16S_022_3	1	ENV_Si	1.071021	0.000000	-1.071021	0.302697	3.000000	1.000000	0	0	1	1.000000	0.000000	0.000000
ASV_462_16S_022_3	ASV_1042_16S_022_3	1	ENV_Si	0.674115	0.431248	-0.242866	0.911089	3.000000	1.000000	0	0	1	1.000000	0.000000	0.000000
ASV_949_16S_022_3	ASV_1043_16S_022_3	1	ENV_Si	0.569034	0.067060	-0.501974	0.732268	3.000000	1.000000	0	0	1	1.000000	0.000000	0.000000
ASV_725_16S_022_3	ASV_1044_16S_022_3	1	ENV_Si	0.645052	0.100849	-0.544203	0.465534	3.000000	1.000000	0	0	1	1.000000	0.000000	0.000000
ASV_730_16S_022_3	ASV_1044_16S_022_3	1	ENV_Si	0.802510	0.134637	-0.667872	0.305694	3.000000	1.000000	0	0	1	1.000000	0.000000	0.000000
ASV_550_16S_022_3	ASV_1047_16S_022_3	1	ENV_Si	0.425809	0.091551	-0.334258	0.607393	3.000000	1.000000	0	0	1	1.000000	0.000000	0.000000
ASV_827_16S_022_3	ASV_1047_16S_022_3	1	ENV_Si	0.438177	0.091551	-0.346626	0.678322	3.000000	1.000000	0	0	1	1.000000	0.000000	0.000000
ASV_997_16S_022_3	ASV_1049_16S_022_3	1	ENV_Si	0.558590	0.067060	-0.491530	0.644356	3.000000	1.000000	0	0	1	1.000000	0.000000	0.000000
ASV_351_16S_022_3	ASV_1054_16S_022_3	1	ENV_Si	0.425029	0.488308	0.063279	nan	3.000000	1.000000	0	0	1	1.000000	0.000000	0.000000
ASV_407_16S_022_3	ASV_1054_16S_022_3	1	ENV_Si	0.504095	-0.124822	-0.628917	0.982018	3.000000	1.000000	0	0	1	1.000000	0.000000	0.000000
ASV_484_16S_022_3	ASV_1054_16S_022_3	1	ENV_Si	0.344967	-0.124822	-0.469789	0.500500	2.000000	1.000000	0	1	0	1.000000	0.000000	0.000000
ASV_260_16S_022_3	ASV_1057_16S_022_3	1	ENV_Si	0.819085	0.162345	-0.656740	0.198801	3.000000	1.000000	0	0	1	1.000000	0.000000	0.000000
ASV_564_16S_022_3	ASV_1061_16S_022_3	1	ENV_Si	0.833243	0.163674	-0.669569	0.518482	3.000000	1.000000	0	0	1	1.000000	0.000000	0.000000
ASV_703_16S_022_3	ASV_1061_16S_022_3	1	ENV_Si	0.716217	0.310299	-0.405918	0.483516	3.000000	1.000000	0	0	1	1.000000	0.000000	0.000000
ASV_979_16S_022_3	ASV_1061_16S_022_3	1	ENV_Si	0.869203	0.126855	-0.742348	0.803197	3.000000	1.000000	0	0	1	1.000000	0.000000	0.000000
ASV_996_16S_022_3	ASV_1061_16S_022_3	1	ENV_Si	0.753679	0.151688	-0.601991	0.267732	3.000000	1.000000	0	0	1	1.000000	0.000000	0.000000
ASV_91_16S_022_3	ASV_1065_16S_022_3	1	ENV_Si	0.612638	0.125340	-0.487298	0.608392	3.000000	1.000000	0	0	1	1.000000	0.000000	0.000000
ASV_635_16S_022_3	ASV_1065_16S_022_3	1	ENV_Si	0.508387	0.125340	-0.383047	0.376623	3.000000	1.000000	0	0	1	1.000000	0.000000	0.000000
ASV_1054_16S_022_3	ASV_1071_16S_022_3	1	ENV_Si	0.425809	0.000000	-0.425809	1.000000	3.000000	1.000000	0	0	1	1.000000	0.000000	0.000000
ASV_988_16S_022_3	ASV_1087_16S_022_3	1	ENV_Si	0.464086	0.000000	-0.464086	1.000000	3.000000	1.000000	0	0	1	1.000000	0.000000	0.000000
ASV_274_16S_022_3	ASV_1092_16S_022_3	1	ENV_Si	0.591666	0.338838	-0.252828	0.840160	3.000000	1.000000	0	0	1	1.000000	0.000000	0.000000
ASV_437_16S_022_3	ASV_1092_16S_022_3	1	ENV_Si	0.623534	0.307786	-0.315748	0.839161	3.000000	1.000000	0	0	1	1.000000	0.000000	0.000000
ASV_486_16S_022_3	ASV_1094_16S_022_3	1	ENV_Si	0.632431	0.263008	-0.369423	0.805195	3.000000	1.000000	0	0	1	1.000000	0.000000	0.000000
ASV_335_16S_022_3	ASV_1097_16S_022_3	1	ENV_Si	0.849540	0.667215	-0.182325	0.661339	3.000000	1.000000	0	0	1	1.000000	0.000000	0.000000
ASV_605_16S_022_3	ASV_1097_16S_022_3	1	ENV_Si	0.659210	0.281279	-0.377931	0.358641	3.000000	1.000000	0	0	1	1.000000	0.000000	0.000000
ASV_736_16S_022_3	ASV_1105_16S_022_3	1	ENV_Si	1.042704	0.373486	-0.669218	0.609391	3.000000	1.000000	0	0	1	1.000000	0.000000	0.000000
ASV_749_16S_022_3	ASV_1105_16S_022_3	1	ENV_Si	1.078665	0.402367	-0.676297	0.698302	3.000000	1.000000	0	0	1	1.000000	0.000000	0.000000
ASV_599_16S_022_3	ASV_1108_16S_022_3	1	ENV_Si	0.691540	0.224829	-0.466711	0.930070	3.000000	1.000000	0	0	1	1.000000	0.000000	0.000000
ASV_978_16S_022_3	ASV_1108_16S_022_3	1	ENV_Si	0.785263	0.104397	-0.680866	0.822178	3.000000	1.000000	0	0	1	1.000000	0.000000	0.000000
ASV_406_16S_022_3	ASV_1107_16S_022_3	1	ENV_Si	0.685777	0.344605	-0.341172	0.929071	3.000000	1.000000	0	0	1	1.000000	0.000000	0.000000
ASV_931_16S_022_3	ASV_1107_16S_022_3	1	ENV_Si	0.733473	0.322803	-0.410670	0.752248	3.000000	1.000000	0	0	1	1.000000	0.000000	0.000000
ASV_42_16S_022_3	ASV_1110_16S_022_3	1	ENV_Si	0.298534	0.000000	-0.298534	1.000000	3.000000	1.000000	0	0	1	1.000000	0.000000	0.000000
ASV_1062_16S_022_3	ASV_1110_16S_022_3	1	ENV_Si	0.461770	0.000000	-0.461770	1.000000	3.000000	1.000000	0	0	1	1.000000	0.000000	0.000000
ASV_671_16S_022_3	ASV_1115_16S_022_3	1	ENV_Si	0.603203	0.000000	-0.603203	1.000000	3.000000	1.000000	0	0	1	1.000000	0.000000	0.000000
ASV_932_16S_022_3	ASV_1115_16S_022_3	1	ENV_Si	0.500046	0.062670	-0.437376	0.376623	3.000000	1.000000	0	0	1	1.000000	0.000000	0.000000
ASV_962_16S_022_3	ASV_1115_16S_022_3	1	ENV_Si	0.497730	0.067060	-0.430670	0.929071	3.000000	1.000000	0	0	1	1.000000	0.000000	0.000000
ASV_803_16S_022_3	ASV_1117_16S_022_3	1	ENV_Si	0.884958	0.427700	-0.457258	0.806194	3.000000	1.000000	0	0	1	1.000000	0.000000	0.000000
ASV_262_16S_022_3	ASV_1125_16S_022_3	1	ENV_Si	0.497113	0.148657	-0.348456	0.732268	3.000000	1.000000	0	0	1	1.000000	0.000000	0.000000
ASV_333_16S_022_3	ASV_1127_16S_022_3	1	ENV_Si	0.519532	0.062670	-0.456862	0.285714	3.000000	1.000000	0	0	1	1.000000	0.000000	0.000000
ASV_874_16S_022_3	ASV_1145_16S_022_3	1	ENV_Si	0.502498	0.000000	-0.502498	0.733267	3.000000	1.000000	0	0	1	1.000000	0.000000	0.000000
ASV_621_16S_022_3	ASV_1144_16S_022_3	1	ENV_Si	0.521848	0.000000	-0.521848	1.000000	3.000000	1.000000	0	0	1	1.000000	0.000000	0.000000
ASV_213_16S_022_3	ASV_1147_16S_022_3	1	ENV_Si	0.461770	0.000000	-0.461770	1.000000	3.000000	1.000000	0	0	1	1.000000	0.000000	0.000000
ASV_566_16S_022_3	ASV_1147_16S_022_3	1	ENV_Si	0.567243	0.081080	-0.486163	0.876124	3.000000	1.000000	0	0	1	1.000000	0.000000	0.000000
ASV_530_16S_022_3	ASV_1149_16S_022_3	1	ENV_Si	0.336811	0.000000	-0.336811	1.000000	3.000000	1.000000	0	0	1	1.000000	0.000000	0.000000
ASV_304_16S_022_3	ASV_1153_16S_022_3	1	ENV_Si	0.875216	0.448475	-0.426741	0.393606	3.000000	1.000000	0	0	1	1.000000	0.000000	0.000000
ASV_574_16S_022_3	ASV_1153_16S_022_3	1	ENV_Si	0.788470	0.291879	-0.496591	0.321678	3.000000	1.000000	0	0	1	1.000000	0.000000	0.000000
ASV_605_16S_022_3	ASV_1153_16S_022_3	1	ENV_Si	0.586946	0.282785	-0.304161	0.285714	3.000000	1.000000	0	0	1	1.000000	0.000000	0.000000
ASV_666_16S_022_3	ASV_1153_16S_022_3	1	ENV_Si	0.436251	0.426673	-0.009579	0.823177	3.000000	1.000000	0	0	1	1.000000	0.000000	0.000000
ASV_294_16S_022_3	ASV_1155_16S_022_3	1	ENV_Si	0.769434	0.016894	-0.752539	0.017982	3.000000	1.000000	0	0	1	1.000000	0.000000	0.000000
ASV_406_16S_022_3	ASV_1155_16S_022_3	1	ENV_Si	0.520557	0.096459	-0.424098	0.911089	3.000000	1.000000	0	0	1	1.000000	0.000000	0.000000
ASV_497_16S_022_3	ASV_1155_16S_022_3	1	ENV_Si	0.827196	0.129730	-0.697466	0.625375	3.000000	1.000000	0	0	1	1.000000	0.000000	0.000000
ASV_389_16S_022_3	ASV_1154_16S_022_3	1	ENV_Si	0.604332	0.048982	-0.555350	0.197802	3.000000	1.000000	0	0	1	1.000000	0.000000	0.000000
ASV_421_16S_022_3	ASV_1154_16S_022_3	1	ENV_Si	0.712959	0.122456	-0.590504	0.162837	3.000000	1.000000	0	0	1	1.000000	0.000000	0.000000
ASV_931_16S_022_3	ASV_1154_16S_022_3	1	ENV_Si	0.853632	0.088667	-0.764966	0.162837	3.000000	1.000000	0	0	1	1.000000	0.000000	0.000000
ASV_490_16S_022_3	ASV_1158_16S_022_3	1	ENV_Si	0.763461	0.315724	-0.447737	0.483516	3.000000	1.000000	0	0	1	1.000000	0.000000	0.000000
ASV_214_16S_022_3	ASV_1164_16S_022_3	1	ENV_Si	0.290666	0.225679	-0.064987	0.161838	2.000000	1.000000	0	1	0	1.000000	0.000000	0.000000
ASV_299_16S_022_3	ASV_1164_16S_022_3	1	ENV_Si	0.915692	0.574480	-0.341211	0.697303	3.000000	1.000000	0	0	1	1.000000	0.000000	0.000000
ASV_715_16S_022_3	ASV_1164_16S_022_3	1	ENV_Si	0.927926	0.229737	-0.698189	0.377622	3.000000	1.000000	0	0	1	1.000000	0.000000	0.000000
ASV_928_16S_022_3	ASV_1171_16S_022_3	1	ENV_Si	0.785263	0.210809	-0.574453	0.840160	3.000000	1.000000	0	0	1	1.000000	0.000000	0.000000
ASV_1146_16S_022_3	ASV_1171_16S_022_3	1	ENV_Si	0.883362	0.321288	-0.562074	0.680320	3.000000	1.000000	0	0	1	1.000000	0.000000	0.000000
ASV_853_16S_022_3	ASV_1173_16S_022_3	1	ENV_Si	0.756946	0.105912	-0.651034	0.125874	3.000000	1.000000	0	0	1	1.000000	0.000000	0.000000
ASV_455_16S_022_3	ASV_1186_16S_022_3	1	ENV_Si	0.912061	0.081080	-0.830982	0.447552	3.000000	1.000000	0	0	1	1.000000	0.000000	0.000000
ASV_758_16S_022_3	ASV_1186_16S_022_3	1	ENV_Si	0.587713	0.081080	-0.506633	0.768232	3.000000	1.000000	0	0	1	1.000000	0.000000	0.000000
ASV_636_16S_022_3	ASV_1194_16S_022_3	1	ENV_Si	0.401227	0.130247	-0.270980	0.609391	3.000000	1.000000	0	0	1	1.000000	0.000000	0.000000
ASV_776_16S_022_3	ASV_1194_16S_022_3	1	ENV_Si	0.511271	0.177538	-0.333733	0.769231	3.000000	1.000000	0	0	1	1.000000	0.000000	0.000000
ASV_165_16S_022_3	ASV_1203_16S_022_3	1	ENV_Si	0.541334	0.000000	-0.541334	1.000000	3.000000	1.000000	0	0	1	1.000000	0.000000	0.000000
ASV_644_16S_022_3	ASV_1203_16S_022_3	1	ENV_Si	0.625005	0.006423	-0.618582	0.338661	3.000000	1.000000	0	0	1	1.000000	0.000000	0.000000
ASV_833_16S_022_3	ASV_1203_16S_022_3	1	ENV_Si	0.587951	0.000000	-0.587951	0.786214	3.000000	1.000000	0	0	1	1.000000	0.000000	0.000000
ASV_424_16S_022_3	ASV_1205_16S_022_3	1	ENV_Si	0.764953	0.172631	-0.592322	0.609391	3.000000	1.000000	0	0	1	1.000000	0.000000	0.000000
ASV_744_16S_022_3	ASV_1210_16S_022_3	1	ENV_Si	0.567243	0.067060	-0.500183	0.786214	3.000000	1.000000	0	0	1	1.000000	0.000000	0.000000
ASV_268_16S_022_3	ASV_1212_16S_022_3	1	ENV_Si	0.633778	0.138186	-0.495592	0.714286	3.000000	1.000000	0	0	1	1.000000	0.000000	0.000000
ASV_824_16S_022_3	ASV_1215_16S_022_3	1	ENV_Si	0.646807	0.264182	-0.382625	0.858142	3.000000	1.000000	0	0	1	1.000000	0.000000	0.000000
ASV_601_16S_022_3	ASV_1227_16S_022_3	1	ENV_Si	0.284107	0.000000	-0.284107	0.786214	3.000000	1.000000	0	0	1	1.000000	0.000000	0.000000
ASV_636_16S_022_3	ASV_1227_16S_022_3	1	ENV_Si	0.489191	0.072485	-0.416706	0.107892	3.000000	1.000000	0	0	1	1.000000	0.000000	0.000000
ASV_461_16S_022_3	ASV_1229_16S_022_3	1	ENV_Si	0.721737	0.074657	-0.647080	0.090909	3.000000	1.000000	0	0	1	1.000000	0.000000	0.000000
ASV_497_16S_022_3	ASV_1229_16S_022_3	1	ENV_Si	0.733473	0.097974	-0.635499	0.376623	3.000000	1.000000	0	0	1	1.000000	0.000000	0.000000
ASV_819_16S_022_3	ASV_1229_16S_022_3	1	ENV_Si	0.710463	0.155736	-0.554727	0.340659	3.000000	1.000000	0	0	1	1.000000	0.000000	0.000000
ASV_519_16S_022_3	ASV_1233_16S_022_3	1	ENV_Si	0.849744	0.345261	-0.504483	0.839161	3.000000	1.000000	0	0	1	1.000000	0.000000	0.000000
ASV_522_16S_022_3	ASV_1233_16S_022_3	1	ENV_Si	0.756021	0.252195	-0.503827	0.699301	3.000000	1.000000	0	0	1	1.000000	0.000000	0.000000
ASV_576_16S_022_3	ASV_1233_16S_022_3	1	ENV_Si	0.776227	0.350169	-0.426058	0.822178	3.000000	1.000000	0	0	1	1.000000	0.000000	0.000000
ASV_736_16S_022_3	ASV_1233_16S_022_3	1	ENV_Si	0.708787	0.287499	-0.421288	0.716284	3.000000	1.000000	0	0	1	1.000000	0.000000	0.000000
ASV_363_16S_022_3	ASV_1235_16S_022_3	1	ENV_Si	0.497730	0.000000	-0.497730	0.929071	3.000000	1.000000	0	0	1	1.000000	0.000000	0.000000
ASV_18_16S_022_3	ASV_1243_16S_022_3	1	ENV_Si	0.385771	0.425853	0.040082	nan	1.000000	0.000000	1	0	0	1.000000	0.000000	0.000000
ASV_158_16S_022_3	ASV_1243_16S_022_3	1	ENV_Si	0.542557	0.610461	0.067904	nan	3.000000	1.000000	0	0	1	1.000000	0.000000	0.000000
ASV_1110_16S_022_3	ASV_1244_16S_022_3	1	ENV_Si	0.356297	0.000000	-0.356297	1.000000	3.000000	1.000000	0	0	1	1.000000	0.000000	0.000000
ASV_136_16S_022_3	ASV_1250_16S_022_3	1	ENV_Si	0.548868	0.044592	-0.504276	0.448551	3.000000	1.000000	0	0	1	1.000000	0.000000	0.000000
ASV_679_16S_022_3	ASV_1250_16S_022_3	1	ENV_Si	0.872894	0.297970	-0.574924	0.786214	3.000000	1.000000	0	0	1	1.000000	0.000000	0.000000
ASV_155_16S_022_3	ASV_1258_16S_022_3	1	ENV_Si	0.487679	0.081080	-0.406599	0.894106	3.000000	1.000000	0	0	1	1.000000	0.000000	0.000000
ASV_848_16S_022_3	ASV_1265_16S_022_3	1	ENV_Si	0.625005	0.000000	-0.625005	1.000000	3.000000	1.000000	0	0	1	1.000000	0.000000	0.000000
ASV_848_16S_022_3	ASV_1270_16S_022_3	1	ENV_Si	0.519532	0.000000	-0.519532	1.000000	3.000000	1.000000	0	0	1	1.000000	0.000000	0.000000
ASV_1265_16S_022_3	ASV_1270_16S_022_3	1	ENV_Si	0.483572	0.000000	-0.483572	0.946054	3.000000	1.000000	0	0	1	1.000000	0.000000	0.000000
ASV_413_16S_022_3	ASV_1269_16S_022_3	1	ENV_Si	0.566980	0.185477	-0.381503	0.607393	3.000000	1.000000	0	0	1	1.000000	0.000000	0.000000
ASV_920_16S_022_3	ASV_1269_16S_022_3	1	ENV_Si	0.732837	0.213701	-0.519136	0.322677	3.000000	1.000000	0	0	1	1.000000	0.000000	0.000000
ASV_1094_16S_022_3	ASV_1269_16S_022_3	1	ENV_Si	0.635907	0.301187	-0.334721	0.857143	3.000000	1.000000	0	0	1	1.000000	0.000000	0.000000
ASV_310_16S_022_3	ASV_1287_16S_022_3	1	ENV_Si	0.630894	0.287499	-0.343395	0.947053	3.000000	1.000000	0	0	1	1.000000	0.000000	0.000000
ASV_951_16S_022_3	ASV_1287_16S_022_3	1	ENV_Si	0.658847	0.206419	-0.452428	0.751249	3.000000	1.000000	0	0	1	1.000000	0.000000	0.000000
ASV_1173_16S_022_3	ASV_1287_16S_022_3	1	ENV_Si	0.601085	0.226344	-0.374741	0.535465	3.000000	1.000000	0	0	1	1.000000	0.000000	0.000000
ASV_210_16S_022_3	ASV_1294_16S_022_3	1	ENV_Si	0.415758	0.027698	-0.388060	0.071928	3.000000	1.000000	0	0	1	1.000000	0.000000	0.000000
ASV_871_16S_022_3	ASV_1303_16S_022_3	1	ENV_Si	0.753723	0.269089	-0.484634	0.607393	3.000000	1.000000	0	0	1	1.000000	0.000000	0.000000
ASV_1250_16S_022_3	ASV_1303_16S_022_3	1	ENV_Si	0.874893	0.226188	-0.648704	0.392607	3.000000	1.000000	0	0	1	1.000000	0.000000	0.000000
ASV_764_16S_022_3	ASV_1307_16S_022_3	1	ENV_Si	0.519532	0.000000	-0.519532	0.661339	3.000000	1.000000	0	0	1	1.000000	0.000000	0.000000
ASV_1265_16S_022_3	ASV_1307_16S_022_3	1	ENV_Si	0.625005	0.076358	-0.548647	0.734266	3.000000	1.000000	0	0	1	1.000000	0.000000	0.000000
ASV_461_16S_022_3	ASV_1317_16S_022_3	1	ENV_Si	0.655864	0.189525	-0.466339	0.716284	3.000000	1.000000	0	0	1	1.000000	0.000000	0.000000
ASV_506_16S_022_3	ASV_1317_16S_022_3	1	ENV_Si	0.695917	0.062670	-0.633247	0.213786	3.000000	1.000000	0	0	1	1.000000	0.000000	0.000000
ASV_900_16S_022_3	ASV_1317_16S_022_3	1	ENV_Si	0.633778	0.000000	-0.633778	0.750250	3.000000	1.000000	0	0	1	1.000000	0.000000	0.000000
ASV_519_16S_022_3	ASV_1320_16S_022_3	1	ENV_Si	0.832328	0.135155	-0.697173	0.341658	3.000000	1.000000	0	0	1	1.000000	0.000000	0.000000
ASV_1215_16S_022_3	ASV_1320_16S_022_3	1	ENV_Si	0.445865	0.067578	-0.378288	0.752248	3.000000	1.000000	0	0	1	1.000000	0.000000	0.000000
ASV_737_16S_022_3	ASV_1331_16S_022_3	1	ENV_Si	0.569034	0.000000	-0.569034	0.517483	3.000000	1.000000	0	0	1	1.000000	0.000000	0.000000
ASV_1289_16S_022_3	ASV_1331_16S_022_3	1	ENV_Si	0.591497	0.052198	-0.539299	0.286713	3.000000	1.000000	0	0	1	1.000000	0.000000	0.000000
ASV_31_16S_022_3	ASV_1332_16S_022_3	1	ENV_Si	0.554214	0.057762	-0.496452	0.143856	3.000000	1.000000	0	0	1	1.000000	0.000000	0.000000
ASV_413_16S_022_3	ASV_1332_16S_022_3	1	ENV_Si	0.513773	0.081080	-0.432693	0.465534	3.000000	1.000000	0	0	1	1.000000	0.000000	0.000000
ASV_697_16S_022_3	ASV_1332_16S_022_3	1	ENV_Si	0.552538	0.131763	-0.420775	0.555445	3.000000	1.000000	0	0	1	1.000000	0.000000	0.000000
ASV_1257_16S_022_3	ASV_1332_16S_022_3	1	ENV_Si	0.651204	0.097974	-0.553230	0.375624	3.000000	1.000000	0	0	1	1.000000	0.000000	0.000000
ASV_1322_16S_022_3	ASV_1332_16S_022_3	1	ENV_Si	0.682767	0.126855	-0.555912	0.573427	3.000000	1.000000	0	0	1	1.000000	0.000000	0.000000
ASV_648_16S_022_3	ASV_1335_16S_022_3	1	ENV_Si	0.356297	0.091551	-0.264746	0.822178	3.000000	1.000000	0	0	1	1.000000	0.000000	0.000000
ASV_829_16S_022_3	ASV_1335_16S_022_3	1	ENV_Si	0.414059	0.000000	-0.414059	1.000000	3.000000	1.000000	0	0	1	1.000000	0.000000	0.000000
ASV_590_16S_022_3	ASV_1344_16S_022_3	1	ENV_Si	0.528697	0.000000	-0.528697	0.786214	3.000000	1.000000	0	0	1	1.000000	0.000000	0.000000
ASV_1106_16S_022_3	ASV_1344_16S_022_3	1	ENV_Si	0.439968	0.091551	-0.348417	0.626374	3.000000	1.000000	0	0	1	1.000000	0.000000	0.000000
ASV_143_16S_022_3	ASV_1348_16S_022_3	1	ENV_Si	0.577294	0.052198	-0.525096	0.358641	3.000000	1.000000	0	0	1	1.000000	0.000000	0.000000
ASV_988_16S_022_3	ASV_1348_16S_022_3	1	ENV_Si	0.519532	0.000000	-0.519532	0.928072	3.000000	1.000000	0	0	1	1.000000	0.000000	0.000000
ASV_1028_16S_022_3	ASV_1348_16S_022_3	1	ENV_Si	0.599096	0.081080	-0.518017	0.429570	3.000000	1.000000	0	0	1	1.000000	0.000000	0.000000
ASV_1058_16S_022_3	ASV_1348_16S_022_3	1	ENV_Si	0.577294	0.052198	-0.525096	0.358641	3.000000	1.000000	0	0	1	1.000000	0.000000	0.000000
ASV_1136_16S_022_3	ASV_1348_16S_022_3	1	ENV_Si	0.483572	0.052198	-0.431373	0.286713	3.000000	1.000000	0	0	1	1.000000	0.000000	0.000000
ASV_413_16S_022_3	ASV_1353_16S_022_3	1	ENV_Si	0.702710	0.000000	-0.702710	1.000000	3.000000	1.000000	0	0	1	1.000000	0.000000	0.000000
ASV_863_16S_022_3	ASV_1353_16S_022_3	1	ENV_Si	0.669634	0.000000	-0.669634	0.929071	3.000000	1.000000	0	0	1	1.000000	0.000000	0.000000
ASV_920_16S_022_3	ASV_1353_16S_022_3	1	ENV_Si	0.682504	0.000000	-0.682504	0.858142	3.000000	1.000000	0	0	1	1.000000	0.000000	0.000000
ASV_376_16S_022_3	ASV_1362_16S_022_3	1	ENV_Si	0.497730	0.000000	-0.497730	1.000000	3.000000	1.000000	0	0	1	1.000000	0.000000	0.000000
ASV_709_16S_022_3	ASV_1362_16S_022_3	1	ENV_Si	0.603203	0.000000	-0.603203	1.000000	3.000000	1.000000	0	0	1	1.000000	0.000000	0.000000
ASV_872_16S_022_3	ASV_1362_16S_022_3	1	ENV_Si	0.497730	0.000000	-0.497730	1.000000	3.000000	1.000000	0	0	1	1.000000	0.000000	0.000000
ASV_967_16S_022_3	ASV_1362_16S_022_3	1	ENV_Si	0.519532	0.000000	-0.519532	0.928072	3.000000	1.000000	0	0	1	1.000000	0.000000	0.000000
ASV_124_16S_022_3	ASV_1361_16S_022_3	1	ENV_Si	0.747632	0.097974	-0.649658	0.141858	3.000000	1.000000	0	0	1	1.000000	0.000000	0.000000
ASV_294_16S_022_3	ASV_1361_16S_022_3	1	ENV_Si	0.827196	0.212842	-0.614354	0.608392	3.000000	1.000000	0	0	1	1.000000	0.000000	0.000000
ASV_308_16S_022_3	ASV_1361_16S_022_3	1	ENV_Si	0.896232	0.325678	-0.570554	0.644356	3.000000	1.000000	0	0	1	1.000000	0.000000	0.000000
ASV_997_16S_022_3	ASV_1361_16S_022_3	1	ENV_Si	0.863156	0.192400	-0.670756	0.554446	3.000000	1.000000	0	0	1	1.000000	0.000000	0.000000
ASV_654_16S_022_3	ASV_1367_16S_022_3	1	ENV_Si	0.682892	0.097974	-0.584918	0.394605	3.000000	1.000000	0	0	1	1.000000	0.000000	0.000000
ASV_978_16S_022_3	ASV_1367_16S_022_3	1	ENV_Si	0.782379	0.186318	-0.596060	0.679321	3.000000	1.000000	0	0	1	1.000000	0.000000	0.000000
ASV_1058_16S_022_3	ASV_1367_16S_022_3	1	ENV_Si	0.636279	0.114868	-0.521411	0.822178	3.000000	1.000000	0	0	1	1.000000	0.000000	0.000000
ASV_94_16S_022_3	ASV_1374_16S_022_3	1	ENV_Si	0.695002	0.148657	-0.546344	0.338661	3.000000	1.000000	0	0	1	1.000000	0.000000	0.000000
ASV_339_16S_022_3	ASV_1374_16S_022_3	1	ENV_Si	0.710075	0.062670	-0.647405	0.643357	3.000000	1.000000	0	0	1	1.000000	0.000000	0.000000
ASV_1250_16S_022_3	ASV_1374_16S_022_3	1	ENV_Si	1.056863	0.435638	-0.621224	0.732268	3.000000	1.000000	0	0	1	1.000000	0.000000	0.000000
ASV_378_16S_022_3	ASV_1379_16S_022_3	1	ENV_Si	0.391072	0.305558	-0.085514	0.396603	3.000000	1.000000	0	0	1	1.000000	0.000000	0.000000
ASV_1139_16S_022_3	ASV_1382_16S_022_3	1	ENV_Si	0.646807	0.081080	-0.565727	0.590410	3.000000	1.000000	0	0	1	1.000000	0.000000	0.000000
ASV_224_16S_022_3	ASV_1396_16S_022_3	1	ENV_Si	0.740948	0.000000	-0.740948	0.251748	3.000000	1.000000	0	0	1	1.000000	0.000000	0.000000
ASV_489_16S_022_3	ASV_1396_16S_022_3	1	ENV_Si	0.884958	0.238693	-0.646265	0.625375	3.000000	1.000000	0	0	1	1.000000	0.000000	0.000000
ASV_799_16S_022_3	ASV_1397_16S_022_3	1	ENV_Si	0.276732	0.000000	-0.276732	0.822178	3.000000	1.000000	0	0	1	1.000000	0.000000	0.000000
ASV_1127_16S_022_3	ASV_1397_16S_022_3	1	ENV_Si	0.298534	0.000000	-0.298534	0.857143	3.000000	1.000000	0	0	1	1.000000	0.000000	0.000000
ASV_823_16S_022_3	ASV_1394_16S_022_3	1	ENV_Si	0.625005	0.000000	-0.625005	1.000000	3.000000	1.000000	0	0	1	1.000000	0.000000	0.000000
ASV_1189_16S_022_3	ASV_1401_16S_022_3	1	ENV_Si	0.519532	0.000000	-0.519532	1.000000	3.000000	1.000000	0	0	1	1.000000	0.000000	0.000000
ASV_743_16S_022_3	ASV_1407_16S_022_3	1	ENV_Si	0.589045	0.000000	-0.589045	1.000000	3.000000	1.000000	0	0	1	1.000000	0.000000	0.000000
ASV_744_16S_022_3	ASV_1407_16S_022_3	1	ENV_Si	0.706360	0.162159	-0.544201	0.858142	3.000000	1.000000	0	0	1	1.000000	0.000000	0.000000
ASV_951_16S_022_3	ASV_1407_16S_022_3	1	ENV_Si	0.670400	0.081080	-0.589320	0.858142	3.000000	1.000000	0	0	1	1.000000	0.000000	0.000000
ASV_1049_16S_022_3	ASV_1411_16S_022_3	1	ENV_Si	0.699184	0.163674	-0.535510	0.588412	3.000000	1.000000	0	0	1	1.000000	0.000000	0.000000
ASV_1317_16S_022_3	ASV_1411_16S_022_3	1	ENV_Si	0.677382	0.224829	-0.452553	0.857143	3.000000	1.000000	0	0	1	1.000000	0.000000	0.000000
ASV_917_16S_022_3	ASV_1418_16S_022_3	1	ENV_Si	0.704028	0.126855	-0.577172	0.659341	3.000000	1.000000	0	0	1	1.000000	0.000000	0.000000
ASV_255_16S_022_3	ASV_1426_16S_022_3	1	ENV_Si	0.675711	0.194433	-0.481278	0.841159	3.000000	1.000000	0	0	1	1.000000	0.000000	0.000000
ASV_1092_16S_022_3	ASV_1426_16S_022_3	1	ENV_Si	0.577508	0.189525	-0.387983	0.644356	3.000000	1.000000	0	0	1	1.000000	0.000000	0.000000
ASV_182_16S_022_3	ASV_1429_16S_022_3	1	ENV_Si	0.590920	0.274670	-0.316250	0.661339	3.000000	1.000000	0	0	1	1.000000	0.000000	0.000000
ASV_351_16S_022_3	ASV_1429_16S_022_3	1	ENV_Si	0.511108	0.085987	-0.425120	0.589411	3.000000	1.000000	0	0	1	1.000000	0.000000	0.000000
ASV_580_16S_022_3	ASV_1429_16S_022_3	1	ENV_Si	0.644267	0.108445	-0.535821	0.214785	3.000000	1.000000	0	0	1	1.000000	0.000000	0.000000
ASV_576_16S_022_3	ASV_1439_16S_022_3	1	ENV_Si	0.551330	0.000000	-0.551330	0.786214	3.000000	1.000000	0	0	1	1.000000	0.000000	0.000000
ASV_415_16S_022_3	ASV_1443_16S_022_3	1	ENV_Si	0.791236	0.062670	-0.728566	0.574426	3.000000	1.000000	0	0	1	1.000000	0.000000	0.000000
ASV_563_16S_022_3	ASV_1443_16S_022_3	1	ENV_Si	0.707579	0.067578	-0.640001	0.428571	3.000000	1.000000	0	0	1	1.000000	0.000000	0.000000
ASV_470_16S_022_3	ASV_1442_16S_022_3	1	ENV_Si	0.465205	0.000000	-0.465205	0.070929	3.000000	1.000000	0	0	1	1.000000	0.000000	0.000000
ASV_732_16S_022_3	ASV_1442_16S_022_3	1	ENV_Si	0.699184	0.143749	-0.555435	0.498501	3.000000	1.000000	0	0	1	1.000000	0.000000	0.000000
ASV_824_16S_022_3	ASV_1458_16S_022_3	1	ENV_Si	0.484794	0.081080	-0.403715	0.572428	3.000000	1.000000	0	0	1	1.000000	0.000000	0.000000
ASV_1215_16S_022_3	ASV_1458_16S_022_3	1	ENV_Si	0.703476	0.081080	-0.622396	0.715285	3.000000	1.000000	0	0	1	1.000000	0.000000	0.000000
ASV_322_16S_022_3	ASV_1459_16S_022_3	1	ENV_Si	0.577294	0.000000	-0.577294	0.768232	3.000000	1.000000	0	0	1	1.000000	0.000000	0.000000
ASV_635_16S_022_3	ASV_1459_16S_022_3	1	ENV_Si	0.494846	0.062670	-0.432176	0.644356	3.000000	1.000000	0	0	1	1.000000	0.000000	0.000000
ASV_1258_16S_022_3	ASV_1459_16S_022_3	1	ENV_Si	0.461770	0.000000	-0.461770	1.000000	3.000000	1.000000	0	0	1	1.000000	0.000000	0.000000
ASV_622_16S_022_3	ASV_1482_16S_022_3	1	ENV_Si	0.728162	0.186318	-0.541844	0.625375	3.000000	1.000000	0	0	1	1.000000	0.000000	0.000000
ASV_481_16S_022_3	ASV_1491_16S_022_3	1	ENV_Si	0.655580	0.000000	-0.655580	0.409590	3.000000	1.000000	0	0	1	1.000000	0.000000	0.000000
ASV_732_16S_022_3	ASV_1490_16S_022_3	1	ENV_Si	0.655580	0.143749	-0.511831	0.516484	3.000000	1.000000	0	0	1	1.000000	0.000000	0.000000
ASV_1094_16S_022_3	ASV_1490_16S_022_3	1	ENV_Si	0.622539	0.143749	-0.478790	0.358641	3.000000	1.000000	0	0	1	1.000000	0.000000	0.000000
ASV_294_16S_022_3	ASV_1498_16S_022_3	1	ENV_Si	0.724447	0.189525	-0.534922	0.536464	3.000000	1.000000	0	0	1	1.000000	0.000000	0.000000
ASV_1094_16S_022_3	ASV_1498_16S_022_3	1	ENV_Si	0.666685	0.244598	-0.422087	0.412587	3.000000	1.000000	0	0	1	1.000000	0.000000	0.000000
ASV_1331_16S_022_3	ASV_1508_16S_022_3	1	ENV_Si	0.567243	0.052198	-0.515044	0.500500	3.000000	1.000000	0	0	1	1.000000	0.000000	0.000000
ASV_1411_16S_022_3	ASV_1508_16S_022_3	1	ENV_Si	0.531283	0.167067	-0.364216	0.804196	3.000000	1.000000	0	0	1	1.000000	0.000000	0.000000
ASV_519_16S_022_3	ASV_1507_16S_022_3	1	ENV_Si	0.754813	0.182446	-0.572367	0.499500	3.000000	1.000000	0	0	1	1.000000	0.000000	0.000000
ASV_819_16S_022_3	ASV_1507_16S_022_3	1	ENV_Si	0.761248	0.187353	-0.573895	0.286713	3.000000	1.000000	0	0	1	1.000000	0.000000	0.000000
ASV_1320_16S_022_3	ASV_1507_16S_022_3	1	ENV_Si	0.562608	0.065406	-0.497202	0.180819	3.000000	1.000000	0	0	1	1.000000	0.000000	0.000000
ASV_988_16S_022_3	ASV_1516_16S_022_3	1	ENV_Si	0.682767	0.000000	-0.682767	1.000000	3.000000	1.000000	0	0	1	1.000000	0.000000	0.000000
ASV_1335_16S_022_3	ASV_1521_16S_022_3	1	ENV_Si	0.298534	0.000000	-0.298534	1.000000	3.000000	1.000000	0	0	1	1.000000	0.000000	0.000000
ASV_1201_16S_022_3	ASV_1523_16S_022_3	1	ENV_Si	0.577294	0.000000	-0.577294	0.874126	3.000000	1.000000	0	0	1	1.000000	0.000000	0.000000
ASV_616_16S_022_3	ASV_1551_16S_022_3	1	ENV_Si	0.590836	0.091551	-0.499285	0.875125	3.000000	1.000000	0	0	1	1.000000	0.000000	0.000000
ASV_1458_16S_022_3	ASV_1551_16S_022_3	1	ENV_Si	0.645714	0.000000	-0.645714	1.000000	3.000000	1.000000	0	0	1	1.000000	0.000000	0.000000
ASV_1543_16S_022_3	ASV_1551_16S_022_3	1	ENV_Si	0.603203	0.067060	-0.536143	0.858142	3.000000	1.000000	0	0	1	1.000000	0.000000	0.000000
ASV_928_16S_022_3	ASV_1556_16S_022_3	1	ENV_Si	0.922589	0.148140	-0.774450	0.661339	3.000000	1.000000	0	0	1	1.000000	0.000000	0.000000
ASV_564_16S_022_3	ASV_1560_16S_022_3	1	ENV_Si	0.833243	0.243239	-0.590004	0.697303	3.000000	1.000000	0	0	1	1.000000	0.000000	0.000000
ASV_1061_16S_022_3	ASV_1560_16S_022_3	1	ENV_Si	0.811441	0.197463	-0.613978	0.394605	3.000000	1.000000	0	0	1	1.000000	0.000000	0.000000
ASV_987_16S_022_3	ASV_1561_16S_022_3	1	ENV_Si	0.728162	0.162159	-0.566003	0.929071	3.000000	1.000000	0	0	1	1.000000	0.000000	0.000000
ASV_599_16S_022_3	ASV_1563_16S_022_3	1	ENV_Si	0.655580	0.162159	-0.493421	0.965035	3.000000	1.000000	0	0	1	1.000000	0.000000	0.000000
ASV_1317_16S_022_3	ASV_1563_16S_022_3	1	ENV_Si	0.619620	0.081080	-0.538540	0.751249	3.000000	1.000000	0	0	1	1.000000	0.000000	0.000000
ASV_1331_16S_022_3	ASV_1563_16S_022_3	1	ENV_Si	0.554875	0.081080	-0.473796	0.644356	3.000000	1.000000	0	0	1	1.000000	0.000000	0.000000
ASV_606_16S_022_3	ASV_1566_16S_022_3	1	ENV_Si	0.646807	0.000000	-0.646807	0.644356	3.000000	1.000000	0	0	1	1.000000	0.000000	0.000000
ASV_1171_16S_022_3	ASV_1565_16S_022_3	1	ENV_Si	0.861560	0.081080	-0.780480	0.715285	3.000000	1.000000	0	0	1	1.000000	0.000000	0.000000
ASV_799_16S_022_3	ASV_1569_16S_022_3	1	ENV_Si	0.497730	0.000000	-0.497730	1.000000	3.000000	1.000000	0	0	1	1.000000	0.000000	0.000000
ASV_17_16S_022_3	ASV_1571_16S_022_3	1	ENV_Si	0.264543	0.095802	-0.168740	0.679321	2.000000	1.000000	0	1	0	1.000000	0.000000	0.000000
ASV_951_16S_022_3	ASV_1571_16S_022_3	1	ENV_Si	0.861943	0.297970	-0.563972	0.483516	3.000000	1.000000	0	0	1	1.000000	0.000000	0.000000
ASV_1565_16S_022_3	ASV_1571_16S_022_3	1	ENV_Si	0.880477	0.081080	-0.799398	0.625375	3.000000	1.000000	0	0	1	1.000000	0.000000	0.000000
ASV_1210_16S_022_3	ASV_1576_16S_022_3	1	ENV_Si	0.531283	0.067060	-0.464223	0.678322	3.000000	1.000000	0	0	1	1.000000	0.000000	0.000000
ASV_1534_16S_022_3	ASV_1576_16S_022_3	1	ENV_Si	0.670400	0.038179	-0.632221	0.536464	3.000000	1.000000	0	0	1	1.000000	0.000000	0.000000
ASV_1310_16S_022_3	ASV_1577_16S_022_3	1	ENV_Si	0.519532	0.000000	-0.519532	0.804196	3.000000	1.000000	0	0	1	1.000000	0.000000	0.000000
ASV_1394_16S_022_3	ASV_1577_16S_022_3	1	ENV_Si	0.625005	0.000000	-0.625005	1.000000	3.000000	1.000000	0	0	1	1.000000	0.000000	0.000000
ASV_595_16S_022_3	ASV_1578_16S_022_3	1	ENV_Si	0.461770	0.038179	-0.423591	0.715285	3.000000	1.000000	0	0	1	1.000000	0.000000	0.000000
ASV_389_16S_022_3	ASV_1581_16S_022_3	1	ENV_Si	0.432090	0.033789	-0.398302	0.430569	3.000000	1.000000	0	0	1	1.000000	0.000000	0.000000
ASV_786_16S_022_3	ASV_1581_16S_022_3	1	ENV_Si	0.645714	0.033789	-0.611925	0.180819	3.000000	1.000000	0	0	1	1.000000	0.000000	0.000000
ASV_1235_16S_022_3	ASV_1581_16S_022_3	1	ENV_Si	0.542557	0.000000	-0.542557	1.000000	3.000000	1.000000	0	0	1	1.000000	0.000000	0.000000
ASV_32_16S_022_3	ASV_1584_16S_022_3	1	ENV_Si	0.456106	0.515212	0.059106	nan	2.000000	1.000000	0	1	0	1.000000	0.000000	0.000000
ASV_384_16S_022_3	ASV_1587_16S_022_3	1	ENV_Si	0.438689	0.052198	-0.386491	0.876124	3.000000	1.000000	0	0	1	1.000000	0.000000	0.000000
ASV_746_16S_022_3	ASV_1587_16S_022_3	1	ENV_Si	0.470557	0.081080	-0.389477	0.929071	3.000000	1.000000	0	0	1	1.000000	0.000000	0.000000
ASV_644_16S_022_3	ASV_1589_16S_022_3	1	ENV_Si	0.442284	0.035304	-0.406980	0.392607	3.000000	1.000000	0	0	1	1.000000	0.000000	0.000000
ASV_1055_16S_022_3	ASV_1589_16S_022_3	1	ENV_Si	0.545441	0.052198	-0.493242	0.428571	3.000000	1.000000	0	0	1	1.000000	0.000000	0.000000
ASV_1136_16S_022_3	ASV_1593_16S_022_3	1	ENV_Si	0.483572	0.000000	-0.483572	1.000000	3.000000	1.000000	0	0	1	1.000000	0.000000	0.000000
ASV_1110_16S_022_3	ASV_1633_16S_022_3	1	ENV_Si	0.461770	0.000000	-0.461770	0.946054	3.000000	1.000000	0	0	1	1.000000	0.000000	0.000000
ASV_64_16S_022_3	ASV_1631_16S_022_3	1	ENV_Si	0.322767	0.134120	-0.188648	0.930070	2.000000	1.000000	0	1	0	1.000000	0.000000	0.000000
ASV_720_16S_022_3	ASV_1631_16S_022_3	1	ENV_Si	0.599096	0.148140	-0.450957	0.947053	3.000000	1.000000	0	0	1	1.000000	0.000000	0.000000
ASV_1563_16S_022_3	ASV_1632_16S_022_3	1	ENV_Si	0.656242	0.067060	-0.589182	0.857143	3.000000	1.000000	0	0	1	1.000000	0.000000	0.000000
ASV_376_16S_022_3	ASV_1645_16S_022_3	1	ENV_Si	0.461770	0.091551	-0.370219	0.733267	3.000000	1.000000	0	0	1	1.000000	0.000000	0.000000
ASV_1362_16S_022_3	ASV_1645_16S_022_3	1	ENV_Si	0.625005	0.000000	-0.625005	0.857143	3.000000	1.000000	0	0	1	1.000000	0.000000	0.000000
ASV_739_16S_022_3	ASV_1644_16S_022_3	1	ENV_Si	0.497730	0.081080	-0.416650	0.715285	3.000000	1.000000	0	0	1	1.000000	0.000000	0.000000
ASV_161_16S_022_3	ASV_1643_16S_022_3	1	ENV_Si	0.521173	0.156595	-0.364578	0.537463	3.000000	1.000000	0	0	1	1.000000	0.000000	0.000000
ASV_725_16S_022_3	ASV_1648_16S_022_3	1	ENV_Si	0.706360	0.081080	-0.625281	0.679321	3.000000	1.000000	0	0	1	1.000000	0.000000	0.000000
ASV_1565_16S_022_3	ASV_1648_16S_022_3	1	ENV_Si	0.626796	0.000000	-0.626796	0.767233	3.000000	1.000000	0	0	1	1.000000	0.000000	0.000000
ASV_962_16S_022_3	ASV_1657_16S_022_3	1	ENV_Si	0.483572	0.067060	-0.416512	0.947053	3.000000	1.000000	0	0	1	1.000000	0.000000	0.000000
ASV_1587_16S_022_3	ASV_1657_16S_022_3	1	ENV_Si	0.451718	0.067060	-0.384658	0.733267	3.000000	1.000000	0	0	1	1.000000	0.000000	0.000000
ASV_575_16S_022_3	ASV_1658_16S_022_3	1	ENV_Si	0.520755	0.062670	-0.458085	0.306693	3.000000	1.000000	0	0	1	1.000000	0.000000	0.000000
ASV_743_16S_022_3	ASV_1658_16S_022_3	1	ENV_Si	0.406323	0.033789	-0.372535	0.216783	3.000000	1.000000	0	0	1	1.000000	0.000000	0.000000
ASV_824_16S_022_3	ASV_1658_16S_022_3	1	ENV_Si	0.464086	0.125340	-0.338746	0.714286	3.000000	1.000000	0	0	1	1.000000	0.000000	0.000000
ASV_339_16S_022_3	ASV_1676_16S_022_3	1	ENV_Si	0.511271	0.062670	-0.448601	0.643357	3.000000	1.000000	0	0	1	1.000000	0.000000	0.000000
ASV_1287_16S_022_3	ASV_1676_16S_022_3	1	ENV_Si	0.670400	0.172631	-0.497769	0.839161	3.000000	1.000000	0	0	1	1.000000	0.000000	0.000000
ASV_306_16S_022_3	ASV_1687_16S_022_3	1	ENV_Si	0.590836	0.143749	-0.447086	0.463536	3.000000	1.000000	0	0	1	1.000000	0.000000	0.000000
ASV_930_16S_022_3	ASV_1686_16S_022_3	1	ENV_Si	0.706360	0.091551	-0.614809	0.682318	3.000000	1.000000	0	0	1	1.000000	0.000000	0.000000
ASV_1258_16S_022_3	ASV_1686_16S_022_3	1	ENV_Si	0.487679	0.000000	-0.487679	0.893107	3.000000	1.000000	0	0	1	1.000000	0.000000	0.000000
ASV_478_16S_022_3	ASV_1693_16S_022_3	1	ENV_Si	0.533073	0.866184	0.333110	nan	3.000000	1.000000	0	0	1	1.000000	0.000000	0.000000
ASV_227_16S_022_3	ASV_1697_16S_022_3	1	ENV_Si	0.459362	0.000000	-0.459362	1.000000	3.000000	1.000000	0	0	1	1.000000	0.000000	0.000000
ASV_631_16S_022_3	ASV_1696_16S_022_3	1	ENV_Si	0.660965	0.148140	-0.512826	0.947053	3.000000	1.000000	0	0	1	1.000000	0.000000	0.000000
ASV_709_16S_022_3	ASV_1696_16S_022_3	1	ENV_Si	0.625005	0.143749	-0.481256	0.911089	3.000000	1.000000	0	0	1	1.000000	0.000000	0.000000
ASV_872_16S_022_3	ASV_1696_16S_022_3	1	ENV_Si	0.519532	0.091551	-0.427981	0.714286	3.000000	1.000000	0	0	1	1.000000	0.000000	0.000000
ASV_612_16S_022_3	ASV_1706_16S_022_3	1	ENV_Si	0.825599	0.206419	-0.619180	0.804196	3.000000	1.000000	0	0	1	1.000000	0.000000	0.000000
ASV_928_16S_022_3	ASV_1706_16S_022_3	1	ENV_Si	0.807065	0.081080	-0.725985	0.430569	3.000000	1.000000	0	0	1	1.000000	0.000000	0.000000
ASV_985_16S_022_3	ASV_1706_16S_022_3	1	ENV_Si	0.710075	0.048982	-0.661093	0.071928	3.000000	1.000000	0	0	1	1.000000	0.000000	0.000000
ASV_1107_16S_022_3	ASV_1706_16S_022_3	1	ENV_Si	0.639537	0.143749	-0.495787	0.553447	3.000000	1.000000	0	0	1	1.000000	0.000000	0.000000
ASV_848_16S_022_3	ASV_1707_16S_022_3	1	ENV_Si	0.464086	0.114868	-0.349217	0.786214	3.000000	1.000000	0	0	1	1.000000	0.000000	0.000000
ASV_1210_16S_022_3	ASV_1707_16S_022_3	1	ENV_Si	0.589045	0.000000	-0.589045	1.000000	3.000000	1.000000	0	0	1	1.000000	0.000000	0.000000
ASV_1686_16S_022_3	ASV_1707_16S_022_3	1	ENV_Si	0.625005	0.000000	-0.625005	0.875125	3.000000	1.000000	0	0	1	1.000000	0.000000	0.000000
ASV_1406_16S_022_3	ASV_1705_16S_022_3	1	ENV_Si	0.519532	0.000000	-0.519532	1.000000	3.000000	1.000000	0	0	1	1.000000	0.000000	0.000000
ASV_143_16S_022_3	ASV_1716_16S_022_3	1	ENV_Si	0.439968	0.104397	-0.335571	0.447552	3.000000	1.000000	0	0	1	1.000000	0.000000	0.000000
ASV_1210_16S_022_3	ASV_1716_16S_022_3	1	ENV_Si	0.589045	0.000000	-0.589045	1.000000	3.000000	1.000000	0	0	1	1.000000	0.000000	0.000000
ASV_1648_16S_022_3	ASV_1720_16S_022_3	1	ENV_Si	0.740530	0.157437	-0.583092	0.947053	3.000000	1.000000	0	0	1	1.000000	0.000000	0.000000
ASV_180_16S_022_3	ASV_1728_16S_022_3	1	ENV_Si	0.682504	0.163519	-0.518986	0.643357	3.000000	1.000000	0	0	1	1.000000	0.000000	0.000000
ASV_992_16S_022_3	ASV_1732_16S_022_3	1	ENV_Si	0.689079	0.426341	-0.262738	0.965035	3.000000	1.000000	0	0	1	1.000000	0.000000	0.000000
ASV_930_16S_022_3	ASV_1748_16S_022_3	1	ENV_Si	0.648598	0.091551	-0.557047	0.716284	3.000000	1.000000	0	0	1	1.000000	0.000000	0.000000
ASV_1108_16S_022_3	ASV_1748_16S_022_3	1	ENV_Si	0.706360	0.224829	-0.481531	0.911089	3.000000	1.000000	0	0	1	1.000000	0.000000	0.000000
ASV_1125_16S_022_3	ASV_1748_16S_022_3	1	ENV_Si	0.764122	0.316380	-0.447742	0.947053	3.000000	1.000000	0	0	1	1.000000	0.000000	0.000000
ASV_1265_16S_022_3	ASV_1748_16S_022_3	1	ENV_Si	0.625005	0.000000	-0.625005	1.000000	3.000000	1.000000	0	0	1	1.000000	0.000000	0.000000
ASV_1577_16S_022_3	ASV_1748_16S_022_3	1	ENV_Si	0.627457	0.172631	-0.454827	0.893107	3.000000	1.000000	0	0	1	1.000000	0.000000	0.000000
ASV_166_16S_022_3	ASV_1759_16S_022_3	1	ENV_Si	0.414059	0.004908	-0.409151	0.412587	3.000000	1.000000	0	0	1	1.000000	0.000000	0.000000
ASV_1037_16S_022_3	ASV_1769_16S_022_3	1	ENV_Si	0.576016	0.186318	-0.389697	0.983017	3.000000	1.000000	0	0	1	1.000000	0.000000	0.000000
ASV_1335_16S_022_3	ASV_1769_16S_022_3	1	ENV_Si	0.382205	0.000000	-0.382205	1.000000	3.000000	1.000000	0	0	1	1.000000	0.000000	0.000000
ASV_1443_16S_022_3	ASV_1769_16S_022_3	1	ENV_Si	0.655580	0.119258	-0.536322	0.947053	3.000000	1.000000	0	0	1	1.000000	0.000000	0.000000
ASV_143_16S_022_3	ASV_1774_16S_022_3	1	ENV_Si	0.519532	0.052198	-0.467333	0.572428	3.000000	1.000000	0	0	1	1.000000	0.000000	0.000000
ASV_1036_16S_022_3	ASV_1777_16S_022_3	1	ENV_Si	0.545441	0.052198	-0.493242	0.214785	3.000000	1.000000	0	0	1	1.000000	0.000000	0.000000
ASV_1577_16S_022_3	ASV_1777_16S_022_3	1	ENV_Si	0.627457	0.000000	-0.627457	0.571429	3.000000	1.000000	0	0	1	1.000000	0.000000	0.000000
ASV_327_16S_022_3	ASV_1781_16S_022_3	1	ENV_Si	0.767837	0.150172	-0.617665	0.447552	3.000000	1.000000	0	0	1	1.000000	0.000000	0.000000
ASV_415_16S_022_3	ASV_1781_16S_022_3	1	ENV_Si	0.710075	0.143749	-0.566325	0.769231	3.000000	1.000000	0	0	1	1.000000	0.000000	0.000000
ASV_1117_16S_022_3	ASV_1781_16S_022_3	1	ENV_Si	0.789639	0.205246	-0.584394	0.609391	3.000000	1.000000	0	0	1	1.000000	0.000000	0.000000
ASV_1186_16S_022_3	ASV_1781_16S_022_3	1	ENV_Si	0.649428	0.052198	-0.597230	0.302697	3.000000	1.000000	0	0	1	1.000000	0.000000	0.000000
ASV_1777_16S_022_3	ASV_1781_16S_022_3	1	ENV_Si	0.706360	0.052198	-0.654162	0.143856	3.000000	1.000000	0	0	1	1.000000	0.000000	0.000000
ASV_600_16S_022_3	ASV_1795_16S_022_3	1	ENV_Si	0.567243	0.000000	-0.567243	1.000000	3.000000	1.000000	0	0	1	1.000000	0.000000	0.000000
ASV_1534_16S_022_3	ASV_1804_16S_022_3	1	ENV_Si	0.651204	0.191226	-0.459978	0.947053	3.000000	1.000000	0	0	1	1.000000	0.000000	0.000000
ASV_150_16S_022_3	ASV_1801_16S_022_3	1	ENV_Si	0.747632	0.112835	-0.634796	0.393606	3.000000	1.000000	0	0	1	1.000000	0.000000	0.000000
ASV_1201_16S_022_3	ASV_1820_16S_022_3	1	ENV_Si	0.599096	0.000000	-0.599096	1.000000	3.000000	1.000000	0	0	1	1.000000	0.000000	0.000000
ASV_1189_16S_022_3	ASV_1825_16S_022_3	1	ENV_Si	0.466538	0.081080	-0.385458	0.714286	3.000000	1.000000	0	0	1	1.000000	0.000000	0.000000
ASV_1644_16S_022_3	ASV_1858_16S_022_3	1	ENV_Si	0.577294	0.081080	-0.496215	0.643357	3.000000	1.000000	0	0	1	1.000000	0.000000	0.000000
ASV_1087_16S_022_3	ASV_1855_16S_022_3	1	ENV_Si	0.567243	0.000000	-0.567243	0.571429	3.000000	1.000000	0	0	1	1.000000	0.000000	0.000000
ASV_1366_16S_022_3	ASV_1855_16S_022_3	1	ENV_Si	0.648598	0.000000	-0.648598	0.571429	3.000000	1.000000	0	0	1	1.000000	0.000000	0.000000
ASV_1458_16S_022_3	ASV_1855_16S_022_3	1	ENV_Si	0.587951	0.000000	-0.587951	1.000000	3.000000	1.000000	0	0	1	1.000000	0.000000	0.000000
ASV_143_16S_022_3	ASV_1869_16S_022_3	1	ENV_Si	0.577294	0.104397	-0.472897	0.572428	3.000000	1.000000	0	0	1	1.000000	0.000000	0.000000
ASV_1055_16S_022_3	ASV_1869_16S_022_3	1	ENV_Si	0.461770	0.052198	-0.409571	0.304695	3.000000	1.000000	0	0	1	1.000000	0.000000	0.000000
ASV_1774_16S_022_3	ASV_1869_16S_022_3	1	ENV_Si	0.599096	0.081080	-0.518017	0.643357	3.000000	1.000000	0	0	1	1.000000	0.000000	0.000000
ASV_979_16S_022_3	ASV_1881_16S_022_3	1	ENV_Si	0.883362	0.235301	-0.648061	0.983017	3.000000	1.000000	0	0	1	1.000000	0.000000	0.000000
ASV_1633_16S_022_3	ASV_1881_16S_022_3	1	ENV_Si	0.523639	0.052198	-0.471440	0.429570	3.000000	1.000000	0	0	1	1.000000	0.000000	0.000000
ASV_406_16S_022_3	ASV_1894_16S_022_3	1	ENV_Si	0.643844	0.248146	-0.395697	0.876124	3.000000	1.000000	0	0	1	1.000000	0.000000	0.000000
ASV_1287_16S_022_3	ASV_1894_16S_022_3	1	ENV_Si	0.615243	0.305909	-0.309335	0.947053	3.000000	1.000000	0	0	1	1.000000	0.000000	0.000000
ASV_1443_16S_022_3	ASV_1894_16S_022_3	1	ENV_Si	0.828867	0.148140	-0.680727	0.822178	3.000000	1.000000	0	0	1	1.000000	0.000000	0.000000
ASV_1146_16S_022_3	ASV_1921_16S_022_3	1	ENV_Si	0.771105	0.234127	-0.536978	0.787213	3.000000	1.000000	0	0	1	1.000000	0.000000	0.000000
ASV_1331_16S_022_3	ASV_1921_16S_022_3	1	ENV_Si	0.728162	0.081080	-0.647083	0.572428	3.000000	1.000000	0	0	1	1.000000	0.000000	0.000000
ASV_1491_16S_022_3	ASV_1921_16S_022_3	1	ENV_Si	0.694808	0.148140	-0.546668	0.751249	3.000000	1.000000	0	0	1	1.000000	0.000000	0.000000
ASV_1648_16S_022_3	ASV_1921_16S_022_3	1	ENV_Si	0.728162	0.210809	-0.517353	0.875125	3.000000	1.000000	0	0	1	1.000000	0.000000	0.000000
ASV_174_16S_022_3	ASV_1930_16S_022_3	1	ENV_Si	0.550499	0.000000	-0.550499	0.786214	3.000000	1.000000	0	0	1	1.000000	0.000000	0.000000
ASV_987_16S_022_3	ASV_1930_16S_022_3	1	ENV_Si	0.706360	0.000000	-0.706360	0.428571	3.000000	1.000000	0	0	1	1.000000	0.000000	0.000000
ASV_1577_16S_022_3	ASV_1930_16S_022_3	1	ENV_Si	0.728162	0.000000	-0.728162	0.695305	3.000000	1.000000	0	0	1	1.000000	0.000000	0.000000
ASV_705_16S_022_3	ASV_1934_16S_022_3	1	ENV_Si	0.682767	0.091551	-0.591216	0.644356	3.000000	1.000000	0	0	1	1.000000	0.000000	0.000000
ASV_1062_16S_022_3	ASV_1934_16S_022_3	1	ENV_Si	0.603203	0.000000	-0.603203	1.000000	3.000000	1.000000	0	0	1	1.000000	0.000000	0.000000
ASV_754_16S_022_3	ASV_1971_16S_022_3	1	ENV_Si	0.710075	0.148140	-0.561935	0.840160	3.000000	1.000000	0	0	1	1.000000	0.000000	0.000000
ASV_1498_16S_022_3	ASV_1971_16S_022_3	1	ENV_Si	0.839972	0.119258	-0.720714	0.410589	3.000000	1.000000	0	0	1	1.000000	0.000000	0.000000
ASV_428_16S_022_3	ASV_1994_16S_022_3	1	ENV_Si	0.530189	0.000000	-0.530189	1.000000	3.000000	1.000000	0	0	1	1.000000	0.000000	0.000000
ASV_552_16S_022_3	ASV_1994_16S_022_3	1	ENV_Si	0.551991	0.096459	-0.455532	0.751249	3.000000	1.000000	0	0	1	1.000000	0.000000	0.000000
ASV_1366_16S_022_3	ASV_1999_16S_022_3	1	ENV_Si	0.519532	0.000000	-0.519532	1.000000	3.000000	1.000000	0	0	1	1.000000	0.000000	0.000000
ASV_1543_16S_022_3	ASV_1999_16S_022_3	1	ENV_Si	0.519532	0.000000	-0.519532	1.000000	3.000000	1.000000	0	0	1	1.000000	0.000000	0.000000
ASV_1632_16S_022_3	ASV_2009_16S_022_3	1	ENV_Si	0.567243	0.000000	-0.567243	0.874126	3.000000	1.000000	0	0	1	1.000000	0.000000	0.000000
ASV_1696_16S_022_3	ASV_2014_16S_022_3	1	ENV_Si	0.543650	0.148140	-0.395510	0.929071	3.000000	1.000000	0	0	1	1.000000	0.000000	0.000000
ASV_1551_16S_022_3	ASV_2023_16S_022_3	1	ENV_Si	0.706360	0.000000	-0.706360	1.000000	3.000000	1.000000	0	0	1	1.000000	0.000000	0.000000
ASV_1855_16S_022_3	ASV_2023_16S_022_3	1	ENV_Si	0.706360	0.000000	-0.706360	0.857143	3.000000	1.000000	0	0	1	1.000000	0.000000	0.000000
ASV_1107_16S_022_3	ASV_2030_16S_022_3	1	ENV_Si	0.611976	0.038179	-0.573797	0.499500	3.000000	1.000000	0	0	1	1.000000	0.000000	0.000000
ASV_1158_16S_022_3	ASV_2030_16S_022_3	1	ENV_Si	0.518254	0.000000	-0.518254	0.928072	3.000000	1.000000	0	0	1	1.000000	0.000000	0.000000
ASV_1986_16S_022_3	ASV_2057_16S_022_3	1	ENV_Si	0.843687	0.000000	-0.843687	0.554446	3.000000	1.000000	0	0	1	1.000000	0.000000	0.000000
ASV_1105_16S_022_3	ASV_2068_16S_022_3	1	ENV_Si	0.597818	0.038179	-0.559639	0.518482	3.000000	1.000000	0	0	1	1.000000	0.000000	0.000000
ASV_2030_16S_022_3	ASV_2068_16S_022_3	1	ENV_Si	0.535679	0.009298	-0.526382	0.606394	3.000000	1.000000	0	0	1	1.000000	0.000000	0.000000
ASV_1348_16S_022_3	ASV_2083_16S_022_3	1	ENV_Si	0.656858	0.081080	-0.575779	0.642358	3.000000	1.000000	0	0	1	1.000000	0.000000	0.000000
ASV_1516_16S_022_3	ASV_2083_16S_022_3	1	ENV_Si	0.656858	0.172631	-0.484228	0.786214	3.000000	1.000000	0	0	1	1.000000	0.000000	0.000000
ASV_720_16S_022_3	ASV_2079_16S_022_3	1	ENV_Si	0.487679	0.091551	-0.396127	0.376623	3.000000	1.000000	0	0	1	1.000000	0.000000	0.000000
ASV_928_16S_022_3	ASV_2079_16S_022_3	1	ENV_Si	0.749303	0.045776	-0.703527	0.466533	3.000000	1.000000	0	0	1	1.000000	0.000000	0.000000
ASV_1146_16S_022_3	ASV_2079_16S_022_3	1	ENV_Si	0.633778	0.137327	-0.496452	0.448551	3.000000	1.000000	0	0	1	1.000000	0.000000	0.000000
ASV_1270_16S_022_3	ASV_2093_16S_022_3	1	ENV_Si	0.541334	0.000000	-0.541334	1.000000	3.000000	1.000000	0	0	1	1.000000	0.000000	0.000000
ASV_1307_16S_022_3	ASV_2093_16S_022_3	1	ENV_Si	0.577294	0.081080	-0.496215	0.929071	3.000000	1.000000	0	0	1	1.000000	0.000000	0.000000
ASV_1869_16S_022_3	ASV_2093_16S_022_3	1	ENV_Si	0.493623	0.081080	-0.412544	0.376623	3.000000	1.000000	0	0	1	1.000000	0.000000	0.000000
ASV_2057_16S_022_3	ASV_2093_16S_022_3	1	ENV_Si	0.519532	0.081080	-0.438452	0.786214	3.000000	1.000000	0	0	1	1.000000	0.000000	0.000000
ASV_1394_16S_022_3	ASV_2085_16S_022_3	1	ENV_Si	0.461770	0.000000	-0.461770	1.000000	3.000000	1.000000	0	0	1	1.000000	0.000000	0.000000
ASV_1593_16S_022_3	ASV_2085_16S_022_3	1	ENV_Si	0.378099	0.000000	-0.378099	1.000000	3.000000	1.000000	0	0	1	1.000000	0.000000	0.000000
ASV_1644_16S_022_3	ASV_2085_16S_022_3	1	ENV_Si	0.599096	0.081080	-0.518017	0.429570	3.000000	1.000000	0	0	1	1.000000	0.000000	0.000000
ASV_926_16S_022_3	ASV_2102_16S_022_3	1	ENV_Si	0.623912	0.000000	-0.623912	1.000000	3.000000	1.000000	0	0	1	1.000000	0.000000	0.000000
ASV_1062_16S_022_3	ASV_2102_16S_022_3	1	ENV_Si	0.484794	0.000000	-0.484794	1.000000	3.000000	1.000000	0	0	1	1.000000	0.000000	0.000000
ASV_1561_16S_022_3	ASV_2102_16S_022_3	1	ENV_Si	0.371722	0.000000	-0.371722	1.000000	3.000000	1.000000	0	0	1	1.000000	0.000000	0.000000
ASV_1633_16S_022_3	ASV_2102_16S_022_3	1	ENV_Si	0.542557	0.000000	-0.542557	1.000000	3.000000	1.000000	0	0	1	1.000000	0.000000	0.000000
ASV_339_16S_022_3	ASV_2127_16S_022_3	1	ENV_Si	0.473520	0.062670	-0.410850	0.626374	3.000000	1.000000	0	0	1	1.000000	0.000000	0.000000
ASV_988_16S_022_3	ASV_2127_16S_022_3	1	ENV_Si	0.406323	0.000000	-0.406323	1.000000	3.000000	1.000000	0	0	1	1.000000	0.000000	0.000000
ASV_1631_16S_022_3	ASV_2155_16S_022_3	1	ENV_Si	0.435861	0.000000	-0.435861	1.000000	3.000000	1.000000	0	0	1	1.000000	0.000000	0.000000
ASV_2127_16S_022_3	ASV_2170_16S_022_3	1	ENV_Si	0.404007	0.000000	-0.404007	1.000000	3.000000	1.000000	0	0	1	1.000000	0.000000	0.000000
ASV_1657_16S_022_3	ASV_2185_16S_022_3	1	ENV_Si	0.348561	0.067060	-0.281501	0.679321	3.000000	1.000000	0	0	1	1.000000	0.000000	0.000000
ASV_2186_16S_022_3	ASV_2226_16S_022_3	1	ENV_Si	0.356297	0.000000	-0.356297	1.000000	3.000000	1.000000	0	0	1	1.000000	0.000000	0.000000
ASV_2181_16S_022_3	ASV_2243_16S_022_3	1	ENV_Si	0.384521	0.000000	-0.384521	1.000000	3.000000	1.000000	0	0	1	1.000000	0.000000	0.000000
ASV_823_16S_022_3	ASV_2304_16S_022_3	1	ENV_Si	0.740530	0.052198	-0.688331	0.286713	3.000000	1.000000	0	0	1	1.000000	0.000000	0.000000
ASV_1136_16S_022_3	ASV_2304_16S_022_3	1	ENV_Si	0.646807	0.104397	-0.542410	0.358641	3.000000	1.000000	0	0	1	1.000000	0.000000	0.000000
ASV_1394_16S_022_3	ASV_2304_16S_022_3	1	ENV_Si	0.603203	0.000000	-0.603203	1.000000	3.000000	1.000000	0	0	1	1.000000	0.000000	0.000000
ASV_1561_16S_022_3	ASV_2304_16S_022_3	1	ENV_Si	0.567243	0.162159	-0.405084	0.715285	3.000000	1.000000	0	0	1	1.000000	0.000000	0.000000
ASV_1697_16S_022_3	ASV_2371_16S_022_3	1	ENV_Si	0.553085	0.000000	-0.553085	1.000000	3.000000	1.000000	0	0	1	1.000000	0.000000	0.000000
ASV_1055_16S_022_3	ASV_2653_16S_022_3	1	ENV_Si	0.519532	0.052198	-0.467333	0.446553	3.000000	1.000000	0	0	1	1.000000	0.000000	0.000000
ASV_1589_16S_022_3	ASV_2653_16S_022_3	1	ENV_Si	0.519532	0.081080	-0.438452	0.500500	3.000000	1.000000	0	0	1	1.000000	0.000000	0.000000
ASV_1697_16S_022_3	ASV_2653_16S_022_3	1	ENV_Si	0.483572	0.000000	-0.483572	1.000000	3.000000	1.000000	0	0	1	1.000000	0.000000	0.000000
ASV_137_16S_022_3	OTU_4_18S_022_3	1	ENV_Si	0.419925	0.036525	-0.383401	0.107892	3.000000	1.000000	0	0	1	1.000000	0.000000	0.000000
ASV_574_16S_022_3	OTU_4_18S_022_3	1	ENV_Si	0.782035	0.293248	-0.488786	0.698302	3.000000	1.000000	0	0	1	1.000000	0.000000	0.000000
ASV_30_16S_022_3	OTU_6_18S_022_3	1	ENV_Si	0.358693	0.391515	0.032822	nan	2.000000	1.000000	0	1	0	1.000000	0.000000	0.000000
ASV_95_16S_022_3	OTU_18_18S_022_3	1	ENV_Si	0.342833	0.451545	0.108711	nan	3.000000	1.000000	0	0	1	1.000000	0.000000	0.000000
OTU_15_18S_022_3	OTU_28_18S_022_3	1	ENV_Si	0.331171	0.531255	0.200084	nan	2.000000	1.000000	0	1	0	1.000000	0.000000	0.000000
OTU_24_18S_022_3	OTU_46_18S_022_3	1	ENV_Si	0.342829	0.254569	-0.088259	0.447552	2.000000	1.000000	0	1	0	1.000000	0.000000	0.000000
OTU_39_18S_022_3	OTU_61_18S_022_3	1	ENV_Si	0.753600	0.475850	-0.277749	0.947053	3.000000	1.000000	0	0	1	1.000000	0.000000	0.000000
OTU_29_18S_022_3	OTU_60_18S_022_3	1	ENV_Si	0.788008	0.400852	-0.387156	0.947053	3.000000	1.000000	0	0	1	1.000000	0.000000	0.000000
ASV_7_16S_022_3	OTU_67_18S_022_3	1	ENV_Si	0.264596	0.061690	-0.202907	0.089910	1.000000	0.000000	1	0	0	1.000000	0.000000	0.000000
ASV_2079_16S_022_3	OTU_67_18S_022_3	1	ENV_Si	0.313766	0.000000	-0.313766	1.000000	2.000000	1.000000	0	1	0	1.000000	0.000000	0.000000
OTU_60_18S_022_3	OTU_77_18S_022_3	1	ENV_Si	0.650177	0.142234	-0.507943	0.751249	3.000000	1.000000	0	0	1	1.000000	0.000000	0.000000
ASV_25_16S_022_3	OTU_87_18S_022_3	1	ENV_Si	0.283610	0.033947	-0.249662	0.359640	2.000000	1.000000	0	1	0	1.000000	0.000000	0.000000
ASV_1092_16S_022_3	OTU_92_18S_022_3	1	ENV_Si	0.434209	0.445768	0.011560	nan	3.000000	1.000000	0	0	1	1.000000	0.000000	0.000000
ASV_132_16S_022_3	OTU_95_18S_022_3	1	ENV_Si	0.427992	0.006582	-0.421411	0.269730	2.000000	1.000000	0	1	0	1.000000	0.000000	0.000000
ASV_1894_16S_022_3	OTU_95_18S_022_3	1	ENV_Si	0.379426	0.091551	-0.287875	0.965035	2.000000	1.000000	0	1	0	1.000000	0.000000	0.000000
ASV_1397_16S_022_3	OTU_107_18S_022_3	1	ENV_Si	0.298548	0.062670	-0.235878	0.841159	3.000000	1.000000	0	0	1	1.000000	0.000000	0.000000
ASV_730_16S_022_3	OTU_101_18S_022_3	1	ENV_Si	0.717719	0.235301	-0.482418	0.875125	3.000000	1.000000	0	0	1	1.000000	0.000000	0.000000
ASV_363_16S_022_3	OTU_110_18S_022_3	1	ENV_Si	0.424213	0.000000	-0.424213	1.000000	2.000000	1.000000	0	1	0	1.000000	0.000000	0.000000
ASV_15_16S_022_3	OTU_130_18S_022_3	1	ENV_Si	0.327541	0.388662	0.061121	nan	3.000000	1.000000	0	0	1	1.000000	0.000000	0.000000
ASV_1753_16S_022_3	OTU_133_18S_022_3	1	ENV_Si	0.453176	0.010333	-0.442843	0.107892	3.000000	1.000000	0	0	1	1.000000	0.000000	0.000000
ASV_98_16S_022_3	OTU_129_18S_022_3	1	ENV_Si	0.695171	0.423652	-0.271519	0.983017	3.000000	1.000000	0	0	1	1.000000	0.000000	0.000000
ASV_51_16S_022_3	OTU_148_18S_022_3	1	ENV_Si	0.357996	0.273497	-0.084499	0.071928	2.000000	1.000000	0	1	0	1.000000	0.000000	0.000000
ASV_431_16S_022_3	OTU_168_18S_022_3	1	ENV_Si	0.483039	0.121291	-0.361748	0.659341	3.000000	1.000000	0	0	1	1.000000	0.000000	0.000000
ASV_1374_16S_022_3	OTU_168_18S_022_3	1	ENV_Si	0.523590	0.197463	-0.326127	0.786214	3.000000	1.000000	0	0	1	1.000000	0.000000	0.000000
ASV_525_16S_022_3	OTU_182_18S_022_3	1	ENV_Si	0.580978	0.232102	-0.348876	0.643357	3.000000	1.000000	0	0	1	1.000000	0.000000	0.000000
OTU_115_18S_022_3	OTU_186_18S_022_3	1	ENV_Si	0.468135	0.668369	0.200234	nan	3.000000	1.000000	0	0	1	1.000000	0.000000	0.000000
ASV_1205_16S_022_3	OTU_188_18S_022_3	1	ENV_Si	0.401058	0.016894	-0.384164	0.321678	3.000000	1.000000	0	0	1	1.000000	0.000000	0.000000
ASV_290_16S_022_3	OTU_195_18S_022_3	1	ENV_Si	0.715297	0.085331	-0.629966	0.036963	3.000000	1.000000	0	0	1	1.000000	0.000000	0.000000
OTU_28_18S_022_3	OTU_201_18S_022_3	1	ENV_Si	0.415495	0.872968	0.457473	nan	3.000000	1.000000	0	0	1	1.000000	0.000000	0.000000
ASV_350_16S_022_3	OTU_207_18S_022_3	1	ENV_Si	0.519532	0.062670	-0.456862	0.680320	3.000000	1.000000	0	0	1	1.000000	0.000000	0.000000
ASV_632_16S_022_3	OTU_207_18S_022_3	1	ENV_Si	0.692202	0.218406	-0.473796	0.894106	3.000000	1.000000	0	0	1	1.000000	0.000000	0.000000
ASV_1147_16S_022_3	OTU_207_18S_022_3	1	ENV_Si	0.646807	0.081080	-0.565727	0.448551	3.000000	1.000000	0	0	1	1.000000	0.000000	0.000000
OTU_133_18S_022_3	OTU_215_18S_022_3	1	ENV_Si	0.388103	0.878044	0.489941	nan	3.000000	1.000000	0	0	1	1.000000	0.000000	0.000000
OTU_177_18S_022_3	OTU_215_18S_022_3	1	ENV_Si	0.425193	0.062670	-0.362523	0.428571	3.000000	1.000000	0	0	1	1.000000	0.000000	0.000000
ASV_23_16S_022_3	OTU_217_18S_022_3	1	ENV_Si	0.428628	0.045119	-0.383509	0.894106	3.000000	1.000000	0	0	1	1.000000	0.000000	0.000000
ASV_651_16S_022_3	OTU_227_18S_022_3	1	ENV_Si	0.439968	0.736466	0.296499	nan	3.000000	1.000000	0	0	1	1.000000	0.000000	0.000000
ASV_473_16S_022_3	OTU_233_18S_022_3	1	ENV_Si	0.440475	0.233129	-0.207346	0.070929	3.000000	1.000000	0	0	1	1.000000	0.000000	0.000000
ASV_1481_16S_022_3	OTU_233_18S_022_3	1	ENV_Si	0.386179	0.062670	-0.323509	0.304695	3.000000	1.000000	0	0	1	1.000000	0.000000	0.000000
ASV_185_16S_022_3	OTU_234_18S_022_3	1	ENV_Si	0.451962	0.238896	-0.213066	0.391608	3.000000	1.000000	0	0	1	1.000000	0.000000	0.000000
OTU_24_18S_022_3	OTU_234_18S_022_3	1	ENV_Si	0.495645	0.233332	-0.262313	0.357642	3.000000	1.000000	0	0	1	1.000000	0.000000	0.000000
OTU_200_18S_022_3	OTU_241_18S_022_3	1	ENV_Si	0.583869	0.034306	-0.549562	0.178821	3.000000	1.000000	0	0	1	1.000000	0.000000	0.000000
OTU_183_18S_022_3	OTU_242_18S_022_3	1	ENV_Si	0.533037	0.174664	-0.358374	0.660340	3.000000	1.000000	0	0	1	1.000000	0.000000	0.000000
ASV_547_16S_022_3	OTU_266_18S_022_3	1	ENV_Si	0.652527	0.085987	-0.566540	0.071928	3.000000	1.000000	0	0	1	1.000000	0.000000	0.000000
ASV_1106_16S_022_3	OTU_287_18S_022_3	1	ENV_Si	0.435861	0.000000	-0.435861	0.679321	3.000000	1.000000	0	0	1	1.000000	0.000000	0.000000
OTU_182_18S_022_3	OTU_310_18S_022_3	1	ENV_Si	0.501165	0.370399	-0.130766	0.588412	3.000000	1.000000	0	0	1	1.000000	0.000000	0.000000
ASV_400_16S_022_3	OTU_320_18S_022_3	1	ENV_Si	0.731131	0.400334	-0.330796	0.983017	3.000000	1.000000	0	0	1	1.000000	0.000000	0.000000
ASV_411_16S_022_3	OTU_320_18S_022_3	1	ENV_Si	0.620366	0.246631	-0.373735	0.750250	3.000000	1.000000	0	0	1	1.000000	0.000000	0.000000
ASV_72_16S_022_3	OTU_318_18S_022_3	1	ENV_Si	0.363341	0.009815	-0.353526	0.339660	2.000000	1.000000	0	1	0	1.000000	0.000000	0.000000
ASV_743_16S_022_3	OTU_327_18S_022_3	1	ENV_Si	0.322652	0.062670	-0.259982	0.500500	3.000000	1.000000	0	0	1	1.000000	0.000000	0.000000
ASV_1059_16S_022_3	OTU_338_18S_022_3	1	ENV_Si	0.404007	-0.074657	-0.478664	0.570430	3.000000	1.000000	0	0	1	1.000000	0.000000	0.000000
OTU_24_18S_022_3	OTU_345_18S_022_3	1	ENV_Si	0.404515	0.085987	-0.318527	0.447552	2.000000	1.000000	0	1	0	1.000000	0.000000	0.000000
ASV_149_16S_022_3	OTU_350_18S_022_3	1	ENV_Si	0.465051	0.578187	0.113136	nan	3.000000	1.000000	0	0	1	1.000000	0.000000	0.000000
ASV_992_16S_022_3	OTU_350_18S_022_3	1	ENV_Si	0.367310	0.337323	-0.029987	0.609391	3.000000	1.000000	0	0	1	1.000000	0.000000	0.000000
ASV_111_16S_022_3	OTU_347_18S_022_3	1	ENV_Si	0.281302	0.000000	-0.281302	1.000000	2.000000	1.000000	0	1	0	1.000000	0.000000	0.000000
ASV_814_16S_022_3	OTU_365_18S_022_3	1	ENV_Si	0.538170	0.052198	-0.485972	0.214785	3.000000	1.000000	0	0	1	1.000000	0.000000	0.000000
ASV_1380_16S_022_3	OTU_351_18S_022_3	1	ENV_Si	0.435094	0.033789	-0.401306	0.233766	3.000000	1.000000	0	0	1	1.000000	0.000000	0.000000
OTU_144_18S_022_3	OTU_388_18S_022_3	1	ENV_Si	0.612518	0.307073	-0.305445	0.161838	3.000000	1.000000	0	0	1	1.000000	0.000000	0.000000
OTU_222_18S_022_3	OTU_388_18S_022_3	1	ENV_Si	0.416504	0.099148	-0.317356	0.393606	3.000000	1.000000	0	0	1	1.000000	0.000000	0.000000
OTU_121_18S_022_3	OTU_384_18S_022_3	1	ENV_Si	0.484794	0.137327	-0.347468	0.430569	3.000000	1.000000	0	0	1	1.000000	0.000000	0.000000
ASV_600_16S_022_3	OTU_413_18S_022_3	1	ENV_Si	0.531283	0.091551	-0.439731	0.554446	3.000000	1.000000	0	0	1	1.000000	0.000000	0.000000
ASV_30_16S_022_3	OTU_423_18S_022_3	1	ENV_Si	0.355987	0.103538	-0.252450	0.249750	2.000000	1.000000	0	1	0	1.000000	0.000000	0.000000
ASV_585_16S_022_3	OTU_423_18S_022_3	1	ENV_Si	0.609753	0.033789	-0.575965	0.071928	3.000000	1.000000	0	0	1	1.000000	0.000000	0.000000
ASV_1632_16S_022_3	OTU_419_18S_022_3	1	ENV_Si	0.634440	0.000000	-0.634440	0.785215	3.000000	1.000000	0	0	1	1.000000	0.000000	0.000000
ASV_34_16S_022_3	OTU_393_18S_022_3	1	ENV_Si	0.407691	0.193073	-0.214618	0.375624	3.000000	1.000000	0	0	1	1.000000	0.000000	0.000000
ASV_475_16S_022_3	OTU_393_18S_022_3	1	ENV_Si	0.395164	0.125340	-0.269825	0.732268	2.000000	1.000000	0	1	0	1.000000	0.000000	0.000000
ASV_588_16S_022_3	OTU_434_18S_022_3	1	ENV_Si	0.576016	0.224829	-0.351187	0.768232	3.000000	1.000000	0	0	1	1.000000	0.000000	0.000000
OTU_267_18S_022_3	OTU_373_18S_022_3	1	ENV_Si	0.565369	0.229737	-0.335632	0.768232	3.000000	1.000000	0	0	1	1.000000	0.000000	0.000000
OTU_100_18S_022_3	OTU_445_18S_022_3	1	ENV_Si	0.618023	0.172631	-0.445393	0.713287	3.000000	1.000000	0	0	1	1.000000	0.000000	0.000000
OTU_350_18S_022_3	OTU_436_18S_022_3	1	ENV_Si	0.507263	1.031035	0.523772	nan	3.000000	1.000000	0	0	1	1.000000	0.000000	0.000000
ASV_101_16S_022_3	OTU_455_18S_022_3	1	ENV_Si	0.519532	0.091551	-0.427981	0.572428	3.000000	1.000000	0	0	1	1.000000	0.000000	0.000000
OTU_384_18S_022_3	OTU_455_18S_022_3	1	ENV_Si	0.519532	0.154221	-0.365311	0.857143	3.000000	1.000000	0	0	1	1.000000	0.000000	0.000000
ASV_1076_16S_022_3	OTU_430_18S_022_3	1	ENV_Si	0.682504	0.264367	-0.418137	0.768232	3.000000	1.000000	0	0	1	1.000000	0.000000	0.000000
OTU_87_18S_022_3	OTU_463_18S_022_3	1	ENV_Si	0.482870	0.221281	-0.261589	0.983017	3.000000	1.000000	0	0	1	1.000000	0.000000	0.000000
OTU_105_18S_022_3	OTU_463_18S_022_3	1	ENV_Si	0.596689	0.235301	-0.361388	0.769231	3.000000	1.000000	0	0	1	1.000000	0.000000	0.000000
OTU_342_18S_022_3	OTU_463_18S_022_3	1	ENV_Si	0.647181	0.076358	-0.570824	0.248751	3.000000	1.000000	0	0	1	1.000000	0.000000	0.000000
OTU_329_18S_022_3	OTU_458_18S_022_3	1	ENV_Si	0.452041	0.187353	-0.264688	0.624376	3.000000	1.000000	0	0	1	1.000000	0.000000	0.000000
OTU_9_18S_022_3	OTU_466_18S_022_3	1	ENV_Si	0.418717	-0.004390	-0.423107	0.358641	3.000000	1.000000	0	0	1	1.000000	0.000000	0.000000
ASV_149_16S_022_3	OTU_485_18S_022_3	1	ENV_Si	0.420722	0.697104	0.276382	nan	3.000000	1.000000	0	0	1	1.000000	0.000000	0.000000
ASV_754_16S_022_3	OTU_489_18S_022_3	1	ENV_Si	0.727784	0.126855	-0.600929	0.857143	3.000000	1.000000	0	0	1	1.000000	0.000000	0.000000
OTU_128_18S_022_3	OTU_496_18S_022_3	1	ENV_Si	0.503289	0.102882	-0.400407	0.428571	3.000000	1.000000	0	0	1	1.000000	0.000000	0.000000
ASV_36_16S_022_3	OTU_509_18S_022_3	1	ENV_Si	0.363954	0.052198	-0.311756	0.841159	2.000000	1.000000	0	1	0	1.000000	0.000000	0.000000
ASV_364_16S_022_3	OTU_509_18S_022_3	1	ENV_Si	0.379321	0.000000	-0.379321	1.000000	3.000000	1.000000	0	0	1	1.000000	0.000000	0.000000
ASV_294_16S_022_3	OTU_516_18S_022_3	1	ENV_Si	0.524973	0.179054	-0.345920	0.428571	3.000000	1.000000	0	0	1	1.000000	0.000000	0.000000
OTU_436_18S_022_3	OTU_495_18S_022_3	1	ENV_Si	0.423685	0.156957	-0.266728	0.608392	3.000000	1.000000	0	0	1	1.000000	0.000000	0.000000
OTU_507_18S_022_3	OTU_495_18S_022_3	1	ENV_Si	0.544899	0.263525	-0.281374	0.518482	3.000000	1.000000	0	0	1	1.000000	0.000000	0.000000
ASV_512_16S_022_3	OTU_535_18S_022_3	1	ENV_Si	0.383553	0.024491	-0.359062	0.393606	2.000000	1.000000	0	1	0	1.000000	0.000000	0.000000
ASV_1851_16S_022_3	OTU_519_18S_022_3	1	ENV_Si	0.519532	0.052198	-0.467333	0.554446	3.000000	1.000000	0	0	1	1.000000	0.000000	0.000000
ASV_289_16S_022_3	OTU_543_18S_022_3	1	ENV_Si	0.489768	0.187158	-0.302610	0.196803	3.000000	1.000000	0	0	1	1.000000	0.000000	0.000000
OTU_167_18S_022_3	OTU_544_18S_022_3	1	ENV_Si	0.439968	-0.067060	-0.507028	0.214785	3.000000	1.000000	0	0	1	1.000000	0.000000	0.000000
ASV_1380_16S_022_3	OTU_537_18S_022_3	1	ENV_Si	0.597818	0.033789	-0.564029	0.214785	3.000000	1.000000	0	0	1	1.000000	0.000000	0.000000
OTU_267_18S_022_3	OTU_534_18S_022_3	1	ENV_Si	0.507607	0.062670	-0.444937	0.714286	3.000000	1.000000	0	0	1	1.000000	0.000000	0.000000
OTU_121_18S_022_3	OTU_550_18S_022_3	1	ENV_Si	0.699930	0.091551	-0.608379	0.287712	3.000000	1.000000	0	0	1	1.000000	0.000000	0.000000
OTU_207_18S_022_3	OTU_550_18S_022_3	1	ENV_Si	0.645714	0.125340	-0.520374	0.840160	3.000000	1.000000	0	0	1	1.000000	0.000000	0.000000
ASV_33_16S_022_3	OTU_551_18S_022_3	1	ENV_Si	0.366451	0.045776	-0.320675	0.141858	3.000000	1.000000	0	0	1	1.000000	0.000000	0.000000
OTU_327_18S_022_3	OTU_491_18S_022_3	1	ENV_Si	0.461770	0.081080	-0.380690	0.573427	3.000000	1.000000	0	0	1	1.000000	0.000000	0.000000
OTU_489_18S_022_3	OTU_491_18S_022_3	1	ENV_Si	0.492359	0.334790	-0.157569	0.876124	3.000000	1.000000	0	0	1	1.000000	0.000000	0.000000
ASV_1043_16S_022_3	OTU_493_18S_022_3	1	ENV_Si	0.407682	0.000000	-0.407682	1.000000	3.000000	1.000000	0	0	1	1.000000	0.000000	0.000000
OTU_146_18S_022_3	OTU_558_18S_022_3	1	ENV_Si	0.480408	0.148657	-0.331751	0.714286	3.000000	1.000000	0	0	1	1.000000	0.000000	0.000000
OTU_385_18S_022_3	OTU_574_18S_022_3	1	ENV_Si	0.528981	0.016894	-0.512086	0.287712	3.000000	1.000000	0	0	1	1.000000	0.000000	0.000000
ASV_1801_16S_022_3	OTU_568_18S_022_3	1	ENV_Si	0.899116	0.210809	-0.688307	0.875125	3.000000	1.000000	0	0	1	1.000000	0.000000	0.000000
ASV_560_16S_022_3	OTU_556_18S_022_3	1	ENV_Si	0.607048	0.220781	-0.386267	0.429570	3.000000	1.000000	0	0	1	1.000000	0.000000	0.000000
ASV_9_16S_022_3	OTU_585_18S_022_3	1	ENV_Si	0.384081	-0.028881	-0.412962	0.607393	3.000000	1.000000	0	0	1	1.000000	0.000000	0.000000
OTU_200_18S_022_3	OTU_582_18S_022_3	1	ENV_Si	0.557088	0.246631	-0.310457	0.713287	3.000000	1.000000	0	0	1	1.000000	0.000000	0.000000
OTU_605_18S_022_3	OTU_577_18S_022_3	1	ENV_Si	0.645052	0.127714	-0.517338	0.786214	3.000000	1.000000	0	0	1	1.000000	0.000000	0.000000
ASV_33_16S_022_3	OTU_624_18S_022_3	1	ENV_Si	0.357648	0.104055	-0.253593	0.180819	3.000000	1.000000	0	0	1	1.000000	0.000000	0.000000
ASV_1382_16S_022_3	OTU_624_18S_022_3	1	ENV_Si	0.372816	0.081080	-0.291736	0.733267	3.000000	1.000000	0	0	1	1.000000	0.000000	0.000000
OTU_158_18S_022_3	OTU_660_18S_022_3	1	ENV_Si	0.653025	0.828876	0.175852	nan	3.000000	1.000000	0	0	1	1.000000	0.000000	0.000000
OTU_243_18S_022_3	OTU_660_18S_022_3	1	ENV_Si	0.597818	-0.062152	-0.659970	0.447552	3.000000	1.000000	0	0	1	1.000000	0.000000	0.000000
OTU_270_18S_022_3	OTU_655_18S_022_3	1	ENV_Si	0.682767	0.067060	-0.615707	0.822178	3.000000	1.000000	0	0	1	1.000000	0.000000	0.000000
ASV_1446_16S_022_3	OTU_652_18S_022_3	1	ENV_Si	0.378589	0.016894	-0.361695	0.036963	2.000000	1.000000	0	1	0	1.000000	0.000000	0.000000
OTU_200_18S_022_3	OTU_675_18S_022_3	1	ENV_Si	0.691824	0.137327	-0.554497	0.464535	3.000000	1.000000	0	0	1	1.000000	0.000000	0.000000
OTU_574_18S_022_3	OTU_675_18S_022_3	1	ENV_Si	0.528981	0.091551	-0.437430	0.340659	3.000000	1.000000	0	0	1	1.000000	0.000000	0.000000
ASV_1825_16S_022_3	OTU_689_18S_022_3	1	ENV_Si	0.707022	0.148140	-0.558882	0.929071	3.000000	1.000000	0	0	1	1.000000	0.000000	0.000000
ASV_2181_16S_022_3	OTU_689_18S_022_3	1	ENV_Si	0.625005	0.067060	-0.557945	0.804196	3.000000	1.000000	0	0	1	1.000000	0.000000	0.000000
OTU_60_18S_022_3	OTU_707_18S_022_3	1	ENV_Si	0.722945	0.339697	-0.383248	0.965035	3.000000	1.000000	0	0	1	1.000000	0.000000	0.000000
ASV_2085_16S_022_3	OTU_716_18S_022_3	1	ENV_Si	0.404007	0.000000	-0.404007	0.928072	3.000000	1.000000	0	0	1	1.000000	0.000000	0.000000
OTU_268_18S_022_3	OTU_716_18S_022_3	1	ENV_Si	0.566149	0.081080	-0.485070	0.822178	3.000000	1.000000	0	0	1	1.000000	0.000000	0.000000
ASV_874_16S_022_3	OTU_733_18S_022_3	1	ENV_Si	0.416375	0.000000	-0.416375	0.767233	3.000000	1.000000	0	0	1	1.000000	0.000000	0.000000
OTU_320_18S_022_3	OTU_729_18S_022_3	1	ENV_Si	0.711204	0.367063	-0.344141	0.930070	3.000000	1.000000	0	0	1	1.000000	0.000000	0.000000
ASV_301_16S_022_3	OTU_751_18S_022_3	1	ENV_Si	0.394702	0.195616	-0.199086	0.876124	2.000000	1.000000	0	1	0	1.000000	0.000000	0.000000
ASV_505_16S_022_3	OTU_747_18S_022_3	1	ENV_Si	0.385681	0.405557	0.019875	nan	3.000000	1.000000	0	0	1	1.000000	0.000000	0.000000
OTU_345_18S_022_3	OTU_766_18S_022_3	1	ENV_Si	0.838470	0.091551	-0.746919	0.251748	3.000000	1.000000	0	0	1	1.000000	0.000000	0.000000
OTU_413_18S_022_3	OTU_771_18S_022_3	1	ENV_Si	0.717719	0.286325	-0.431393	0.714286	3.000000	1.000000	0	0	1	1.000000	0.000000	0.000000
OTU_516_18S_022_3	OTU_771_18S_022_3	1	ENV_Si	0.614105	0.183961	-0.430144	0.445554	3.000000	1.000000	0	0	1	1.000000	0.000000	0.000000
ASV_300_16S_022_3	OTU_763_18S_022_3	1	ENV_Si	0.768220	0.218406	-0.549814	0.574426	3.000000	1.000000	0	0	1	1.000000	0.000000	0.000000
ASV_759_16S_022_3	OTU_763_18S_022_3	1	ENV_Si	0.673006	0.126855	-0.546151	0.751249	3.000000	1.000000	0	0	1	1.000000	0.000000	0.000000
OTU_22_18S_022_3	OTU_754_18S_022_3	1	ENV_Si	0.571923	0.062670	-0.509253	0.947053	3.000000	1.000000	0	0	1	1.000000	0.000000	0.000000
OTU_707_18S_022_3	OTU_754_18S_022_3	1	ENV_Si	0.655580	0.224829	-0.430751	0.875125	3.000000	1.000000	0	0	1	1.000000	0.000000	0.000000
ASV_192_16S_022_3	OTU_798_18S_022_3	1	ENV_Si	0.378789	0.376676	-0.002113	0.018981	2.000000	1.000000	0	1	0	1.000000	0.000000	0.000000
ASV_2084_16S_022_3	OTU_817_18S_022_3	1	ENV_Si	0.408776	0.067060	-0.341716	0.625375	3.000000	1.000000	0	0	1	1.000000	0.000000	0.000000
OTU_320_18S_022_3	OTU_811_18S_022_3	1	ENV_Si	0.375159	0.349310	-0.025849	0.894106	3.000000	1.000000	0	0	1	1.000000	0.000000	0.000000
OTU_335_18S_022_3	OTU_825_18S_022_3	1	ENV_Si	0.670022	0.794090	0.124068	nan	3.000000	1.000000	0	0	1	1.000000	0.000000	0.000000
ASV_782_16S_022_3	OTU_826_18S_022_3	1	ENV_Si	0.545441	0.002033	-0.543408	0.786214	3.000000	1.000000	0	0	1	1.000000	0.000000	0.000000
OTU_754_18S_022_3	OTU_518_18S_022_3	1	ENV_Si	0.531283	0.172631	-0.358652	0.929071	3.000000	1.000000	0	0	1	1.000000	0.000000	0.000000
OTU_393_18S_022_3	OTU_797_18S_022_3	1	ENV_Si	0.538808	0.177538	-0.361269	0.698302	3.000000	1.000000	0	0	1	1.000000	0.000000	0.000000
OTU_698_18S_022_3	OTU_797_18S_022_3	1	ENV_Si	0.479070	0.171974	-0.307096	0.573427	3.000000	1.000000	0	0	1	1.000000	0.000000	0.000000
OTU_798_18S_022_3	OTU_797_18S_022_3	1	ENV_Si	0.381554	0.078049	-0.303505	0.609391	3.000000	1.000000	0	0	1	1.000000	0.000000	0.000000
OTU_766_18S_022_3	OTU_846_18S_022_3	1	ENV_Si	0.681684	0.495434	-0.186250	0.803197	3.000000	1.000000	0	0	1	1.000000	0.000000	0.000000
OTU_662_18S_022_3	OTU_847_18S_022_3	1	ENV_Si	0.404007	0.091551	-0.312456	0.894106	3.000000	1.000000	0	0	1	1.000000	0.000000	0.000000
ASV_1732_16S_022_3	OTU_851_18S_022_3	1	ENV_Si	0.472427	0.172631	-0.299796	0.911089	3.000000	1.000000	0	0	1	1.000000	0.000000	0.000000
ASV_824_16S_022_3	OTU_850_18S_022_3	1	ENV_Si	0.589045	0.218406	-0.370639	0.876124	3.000000	1.000000	0	0	1	1.000000	0.000000	0.000000
ASV_500_16S_022_3	OTU_868_18S_022_3	1	ENV_Si	0.566149	0.062670	-0.503479	0.552448	3.000000	1.000000	0	0	1	1.000000	0.000000	0.000000
OTU_644_18S_022_3	OTU_872_18S_022_3	1	ENV_Si	0.322652	1.338912	1.016260	nan	3.000000	1.000000	0	0	1	1.000000	0.000000	0.000000
ASV_1139_16S_022_3	OTU_873_18S_022_3	1	ENV_Si	0.519532	0.000000	-0.519532	1.000000	3.000000	1.000000	0	0	1	1.000000	0.000000	0.000000
ASV_1201_16S_022_3	OTU_873_18S_022_3	1	ENV_Si	0.577294	0.000000	-0.577294	1.000000	3.000000	1.000000	0	0	1	1.000000	0.000000	0.000000
ASV_1382_16S_022_3	OTU_873_18S_022_3	1	ENV_Si	0.461770	0.000000	-0.461770	1.000000	3.000000	1.000000	0	0	1	1.000000	0.000000	0.000000
OTU_342_18S_022_3	OTU_787_18S_022_3	1	ENV_Si	0.591666	0.035304	-0.556362	0.142857	3.000000	1.000000	0	0	1	1.000000	0.000000	0.000000
OTU_419_18S_022_3	OTU_787_18S_022_3	1	ENV_Si	0.680162	0.243239	-0.436923	0.323676	3.000000	1.000000	0	0	1	1.000000	0.000000	0.000000
OTU_716_18S_022_3	OTU_787_18S_022_3	1	ENV_Si	0.475311	0.035304	-0.440007	0.517483	3.000000	1.000000	0	0	1	1.000000	0.000000	0.000000
OTU_98_18S_022_3	OTU_866_18S_022_3	1	ENV_Si	0.577294	0.000000	-0.577294	0.785215	3.000000	1.000000	0	0	1	1.000000	0.000000	0.000000
OTU_519_18S_022_3	OTU_866_18S_022_3	1	ENV_Si	0.435861	0.000000	-0.435861	1.000000	3.000000	1.000000	0	0	1	1.000000	0.000000	0.000000
ASV_958_16S_022_3	OTU_887_18S_022_3	1	ENV_Si	0.466538	0.081080	-0.385458	0.929071	3.000000	1.000000	0	0	1	1.000000	0.000000	0.000000
ASV_1190_16S_022_3	OTU_887_18S_022_3	1	ENV_Si	0.612638	0.253710	-0.358927	0.965035	3.000000	1.000000	0	0	1	1.000000	0.000000	0.000000
OTU_870_18S_022_3	OTU_894_18S_022_3	1	ENV_Si	0.406323	0.000000	-0.406323	0.928072	3.000000	1.000000	0	0	1	1.000000	0.000000	0.000000
ASV_1335_16S_022_3	OTU_910_18S_022_3	1	ENV_Si	0.276732	0.091551	-0.185181	0.821179	3.000000	1.000000	0	0	1	1.000000	0.000000	0.000000
OTU_148_18S_022_3	OTU_917_18S_022_3	1	ENV_Si	0.351014	-0.067060	-0.418073	0.716284	3.000000	1.000000	0	0	1	1.000000	0.000000	0.000000
OTU_644_18S_022_3	OTU_917_18S_022_3	1	ENV_Si	0.368047	-0.091551	-0.459598	0.106893	3.000000	1.000000	0	0	1	1.000000	0.000000	0.000000
OTU_724_18S_022_3	OTU_917_18S_022_3	1	ENV_Si	0.351014	-0.081080	-0.432093	0.573427	3.000000	1.000000	0	0	1	1.000000	0.000000	0.000000
OTU_807_18S_022_3	OTU_920_18S_022_3	1	ENV_Si	0.334495	0.000000	-0.334495	1.000000	2.000000	1.000000	0	1	0	1.000000	0.000000	0.000000
ASV_760_16S_022_3	OTU_931_18S_022_3	1	ENV_Si	0.464086	-0.074657	-0.538742	0.642358	3.000000	1.000000	0	0	1	1.000000	0.000000	0.000000
ASV_2009_16S_022_3	OTU_931_18S_022_3	1	ENV_Si	0.625005	0.062670	-0.562335	0.535465	3.000000	1.000000	0	0	1	1.000000	0.000000	0.000000
OTU_86_18S_022_3	OTU_931_18S_022_3	1	ENV_Si	0.358613	0.000000	-0.358613	0.535465	3.000000	1.000000	0	0	1	1.000000	0.000000	0.000000
ASV_381_16S_022_3	OTU_942_18S_022_3	1	ENV_Si	0.476315	0.020443	-0.455873	0.751249	3.000000	1.000000	0	0	1	1.000000	0.000000	0.000000
ASV_1054_16S_022_3	OTU_942_18S_022_3	1	ENV_Si	0.571923	-0.053040	-0.624963	0.821179	3.000000	1.000000	0	0	1	1.000000	0.000000	0.000000
OTU_402_18S_022_3	OTU_932_18S_022_3	1	ENV_Si	0.574052	0.091551	-0.482501	0.215784	3.000000	1.000000	0	0	1	1.000000	0.000000	0.000000
OTU_456_18S_022_3	OTU_932_18S_022_3	1	ENV_Si	0.611221	0.308783	-0.302438	0.768232	3.000000	1.000000	0	0	1	1.000000	0.000000	0.000000
OTU_797_18S_022_3	OTU_932_18S_022_3	1	ENV_Si	0.579527	0.108445	-0.471082	0.484515	3.000000	1.000000	0	0	1	1.000000	0.000000	0.000000
ASV_4_16S_022_3	OTU_956_18S_022_3	1	ENV_Si	0.341869	0.016894	-0.324974	0.822178	3.000000	1.000000	0	0	1	1.000000	0.000000	0.000000
OTU_563_18S_022_3	OTU_956_18S_022_3	1	ENV_Si	0.461770	0.062670	-0.399100	0.624376	3.000000	1.000000	0	0	1	1.000000	0.000000	0.000000
ASV_670_16S_022_3	OTU_977_18S_022_3	1	ENV_Si	0.404669	0.000000	-0.404669	1.000000	3.000000	1.000000	0	0	1	1.000000	0.000000	0.000000
OTU_807_18S_022_3	OTU_964_18S_022_3	1	ENV_Si	0.483572	0.000000	-0.483572	1.000000	3.000000	1.000000	0	0	1	1.000000	0.000000	0.000000
OTU_716_18S_022_3	OTU_960_18S_022_3	1	ENV_Si	0.706360	0.081080	-0.625281	0.749251	3.000000	1.000000	0	0	1	1.000000	0.000000	0.000000
OTU_445_18S_022_3	OTU_992_18S_022_3	1	ENV_Si	0.430290	0.067578	-0.362712	0.644356	3.000000	1.000000	0	0	1	1.000000	0.000000	0.000000
ASV_1223_16S_022_3	OTU_985_18S_022_3	1	ENV_Si	0.519532	0.000000	-0.519532	1.000000	3.000000	1.000000	0	0	1	1.000000	0.000000	0.000000
ASV_23_16S_022_3	OTU_1014_18S_022_3	1	ENV_Si	0.447626	0.616884	0.169258	nan	3.000000	1.000000	0	0	1	1.000000	0.000000	0.000000
OTU_514_18S_022_3	OTU_1024_18S_022_3	1	ENV_Si	0.300418	0.000000	-0.300418	1.000000	2.000000	1.000000	0	1	0	1.000000	0.000000	0.000000
OTU_732_18S_022_3	OTU_1024_18S_022_3	1	ENV_Si	0.435861	0.000000	-0.435861	1.000000	3.000000	1.000000	0	0	1	1.000000	0.000000	0.000000
OTU_551_18S_022_3	OTU_1070_18S_022_3	1	ENV_Si	0.599096	0.062670	-0.536426	0.391608	3.000000	1.000000	0	0	1	1.000000	0.000000	0.000000
OTU_955_18S_022_3	OTU_1075_18S_022_3	1	ENV_Si	0.577294	0.091551	-0.485743	0.107892	3.000000	1.000000	0	0	1	1.000000	0.000000	0.000000
OTU_1070_18S_022_3	OTU_1075_18S_022_3	1	ENV_Si	0.656858	0.125340	-0.531519	0.143856	3.000000	1.000000	0	0	1	1.000000	0.000000	0.000000
OTU_680_18S_022_3	OTU_1076_18S_022_3	1	ENV_Si	0.576016	0.045776	-0.530240	0.609391	3.000000	1.000000	0	0	1	1.000000	0.000000	0.000000
OTU_940_18S_022_3	OTU_1094_18S_022_3	1	ENV_Si	0.276732	0.062670	-0.214062	0.664336	3.000000	1.000000	0	0	1	1.000000	0.000000	0.000000
ASV_482_16S_022_3	OTU_1102_18S_022_3	1	ENV_Si	0.425193	0.033789	-0.391404	0.286713	3.000000	1.000000	0	0	1	1.000000	0.000000	0.000000
OTU_870_18S_022_3	OTU_1102_18S_022_3	1	ENV_Si	0.567243	0.143749	-0.423493	0.643357	3.000000	1.000000	0	0	1	1.000000	0.000000	0.000000
OTU_612_18S_022_3	OTU_1095_18S_022_3	1	ENV_Si	0.680302	0.062670	-0.617632	0.159840	3.000000	1.000000	0	0	1	1.000000	0.000000	0.000000
OTU_889_18S_022_3	OTU_1110_18S_022_3	1	ENV_Si	0.545441	0.000000	-0.545441	1.000000	3.000000	1.000000	0	0	1	1.000000	0.000000	0.000000
OTU_561_18S_022_3	OTU_1142_18S_022_3	1	ENV_Si	0.414059	-0.144406	-0.558464	0.893107	3.000000	1.000000	0	0	1	1.000000	0.000000	0.000000
OTU_585_18S_022_3	OTU_1142_18S_022_3	1	ENV_Si	0.656858	0.114868	-0.541990	0.894106	3.000000	1.000000	0	0	1	1.000000	0.000000	0.000000
OTU_976_18S_022_3	OTU_1142_18S_022_3	1	ENV_Si	0.414059	-0.051339	-0.465398	1.000000	3.000000	1.000000	0	0	1	1.000000	0.000000	0.000000
ASV_1145_16S_022_3	OTU_1143_18S_022_3	1	ENV_Si	0.524300	0.062670	-0.461630	0.536464	3.000000	1.000000	0	0	1	1.000000	0.000000	0.000000
OTU_28_18S_022_3	OTU_1143_18S_022_3	1	ENV_Si	0.228099	0.021802	-0.206297	0.072927	2.000000	1.000000	0	1	0	1.000000	0.000000	0.000000
OTU_469_18S_022_3	OTU_1104_18S_022_3	1	ENV_Si	0.435258	0.033789	-0.401469	0.125874	3.000000	1.000000	0	0	1	1.000000	0.000000	0.000000
ASV_93_16S_022_3	OTU_1153_18S_022_3	1	ENV_Si	0.703476	0.000000	-0.703476	0.928072	3.000000	1.000000	0	0	1	1.000000	0.000000	0.000000
OTU_46_18S_022_3	OTU_1153_18S_022_3	1	ENV_Si	0.489853	-0.057762	-0.547615	0.518482	3.000000	1.000000	0	0	1	1.000000	0.000000	0.000000
ASV_174_16S_022_3	OTU_1148_18S_022_3	1	ENV_Si	0.513773	0.126855	-0.386918	0.627373	3.000000	1.000000	0	0	1	1.000000	0.000000	0.000000
ASV_501_16S_022_3	OTU_1149_18S_022_3	1	ENV_Si	0.456777	0.241723	-0.215053	0.930070	3.000000	1.000000	0	0	1	1.000000	0.000000	0.000000
ASV_765_16S_022_3	OTU_1111_18S_022_3	1	ENV_Si	0.655580	0.096459	-0.559121	0.302697	3.000000	1.000000	0	0	1	1.000000	0.000000	0.000000
OTU_1139_18S_022_3	OTU_1111_18S_022_3	1	ENV_Si	0.651204	0.114868	-0.536335	0.803197	3.000000	1.000000	0	0	1	1.000000	0.000000	0.000000
ASV_1139_16S_022_3	OTU_1144_18S_022_3	1	ENV_Si	0.509481	0.000000	-0.509481	1.000000	3.000000	1.000000	0	0	1	1.000000	0.000000	0.000000
OTU_1010_18S_022_3	OTU_1180_18S_022_3	1	ENV_Si	0.300850	0.994215	0.693365	nan	3.000000	1.000000	0	0	1	1.000000	0.000000	0.000000
ASV_505_16S_022_3	OTU_1191_18S_022_3	1	ENV_Si	0.324443	0.000000	-0.324443	1.000000	2.000000	1.000000	0	1	0	1.000000	0.000000	0.000000
OTU_1153_18S_022_3	OTU_1191_18S_022_3	1	ENV_Si	0.541334	0.000000	-0.541334	0.821179	3.000000	1.000000	0	0	1	1.000000	0.000000	0.000000
ASV_2181_16S_022_3	OTU_1179_18S_022_3	1	ENV_Si	0.465876	0.038179	-0.427698	0.804196	3.000000	1.000000	0	0	1	1.000000	0.000000	0.000000
ASV_504_16S_022_3	OTU_1230_18S_022_3	1	ENV_Si	0.688273	0.023835	-0.664438	0.573427	3.000000	1.000000	0	0	1	1.000000	0.000000	0.000000
OTU_345_18S_022_3	OTU_1230_18S_022_3	1	ENV_Si	0.663587	0.033789	-0.629798	0.179820	3.000000	1.000000	0	0	1	1.000000	0.000000	0.000000
ASV_1028_16S_022_3	OTU_1123_18S_022_3	1	ENV_Si	0.589045	0.000000	-0.589045	0.946054	3.000000	1.000000	0	0	1	1.000000	0.000000	0.000000
OTU_268_18S_022_3	OTU_1123_18S_022_3	1	ENV_Si	0.666854	0.114868	-0.551986	0.947053	3.000000	1.000000	0	0	1	1.000000	0.000000	0.000000
OTU_287_18S_022_3	OTU_1246_18S_022_3	1	ENV_Si	0.435861	0.091551	-0.344310	0.607393	3.000000	1.000000	0	0	1	1.000000	0.000000	0.000000
OTU_733_18S_022_3	OTU_1246_18S_022_3	1	ENV_Si	0.435861	0.000000	-0.435861	0.785215	3.000000	1.000000	0	0	1	1.000000	0.000000	0.000000
OTU_29_18S_022_3	OTU_1247_18S_022_3	1	ENV_Si	0.504095	0.000000	-0.504095	1.000000	3.000000	1.000000	0	0	1	1.000000	0.000000	0.000000
OTU_58_18S_022_3	OTU_1247_18S_022_3	1	ENV_Si	0.396046	-0.011987	-0.408032	0.341658	3.000000	1.000000	0	0	1	1.000000	0.000000	0.000000
ASV_610_16S_022_3	OTU_1252_18S_022_3	1	ENV_Si	0.542557	0.062670	-0.479887	0.875125	3.000000	1.000000	0	0	1	1.000000	0.000000	0.000000
OTU_866_18S_022_3	OTU_1252_18S_022_3	1	ENV_Si	0.519532	0.091551	-0.427981	0.929071	3.000000	1.000000	0	0	1	1.000000	0.000000	0.000000
OTU_1139_18S_022_3	OTU_1252_18S_022_3	1	ENV_Si	0.465876	0.091551	-0.374325	0.732268	3.000000	1.000000	0	0	1	1.000000	0.000000	0.000000
ASV_72_16S_022_3	OTU_1262_18S_022_3	1	ENV_Si	0.417126	0.162159	-0.254967	0.840160	3.000000	1.000000	0	0	1	1.000000	0.000000	0.000000
ASV_1043_16S_022_3	OTU_1263_18S_022_3	1	ENV_Si	0.533073	0.000000	-0.533073	1.000000	3.000000	1.000000	0	0	1	1.000000	0.000000	0.000000
OTU_466_18S_022_3	OTU_1263_18S_022_3	1	ENV_Si	0.535963	0.000000	-0.535963	0.285714	3.000000	1.000000	0	0	1	1.000000	0.000000	0.000000
OTU_1139_18S_022_3	OTU_1263_18S_022_3	1	ENV_Si	0.673006	0.081080	-0.591926	0.392607	3.000000	1.000000	0	0	1	1.000000	0.000000	0.000000
OTU_436_18S_022_3	OTU_1266_18S_022_3	1	ENV_Si	0.447626	-0.086643	-0.534269	0.053946	3.000000	1.000000	0	0	1	1.000000	0.000000	0.000000
OTU_456_18S_022_3	OTU_1284_18S_022_3	1	ENV_Si	0.704306	0.195948	-0.508358	0.877123	3.000000	1.000000	0	0	1	1.000000	0.000000	0.000000
OTU_7_18S_022_3	OTU_1285_18S_022_3	1	ENV_Si	0.363969	0.373848	0.009879	nan	3.000000	1.000000	0	0	1	1.000000	0.000000	0.000000
OTU_58_18S_022_3	OTU_1285_18S_022_3	1	ENV_Si	0.276931	0.383098	0.106168	nan	1.000000	0.000000	1	0	0	1.000000	0.000000	0.000000
OTU_241_18S_022_3	OTU_1287_18S_022_3	1	ENV_Si	0.435258	-0.066542	-0.501800	0.161838	3.000000	1.000000	0	0	1	1.000000	0.000000	0.000000
ASV_1348_16S_022_3	OTU_1202_18S_022_3	1	ENV_Si	0.356297	0.000000	-0.356297	1.000000	3.000000	1.000000	0	0	1	1.000000	0.000000	0.000000
ASV_2083_16S_022_3	OTU_1202_18S_022_3	1	ENV_Si	0.414059	0.091551	-0.322508	0.857143	3.000000	1.000000	0	0	1	1.000000	0.000000	0.000000
OTU_655_18S_022_3	OTU_1295_18S_022_3	1	ENV_Si	0.579610	0.000000	-0.579610	1.000000	3.000000	1.000000	0	0	1	1.000000	0.000000	0.000000
ASV_671_16S_022_3	OTU_1294_18S_022_3	1	ENV_Si	0.439968	0.000000	-0.439968	1.000000	3.000000	1.000000	0	0	1	1.000000	0.000000	0.000000
ASV_754_16S_022_3	OTU_1258_18S_022_3	1	ENV_Si	0.567243	0.000000	-0.567243	0.858142	3.000000	1.000000	0	0	1	1.000000	0.000000	0.000000
ASV_823_16S_022_3	OTU_1258_18S_022_3	1	ENV_Si	0.704569	0.000000	-0.704569	0.786214	3.000000	1.000000	0	0	1	1.000000	0.000000	0.000000
ASV_1593_16S_022_3	OTU_1258_18S_022_3	1	ENV_Si	0.541334	0.000000	-0.541334	0.929071	3.000000	1.000000	0	0	1	1.000000	0.000000	0.000000
ASV_2304_16S_022_3	OTU_1258_18S_022_3	1	ENV_Si	0.682767	0.000000	-0.682767	0.857143	3.000000	1.000000	0	0	1	1.000000	0.000000	0.000000
ASV_2185_16S_022_3	OTU_1290_18S_022_3	1	ENV_Si	0.466538	0.067060	-0.399478	0.929071	3.000000	1.000000	0	0	1	1.000000	0.000000	0.000000
OTU_1139_18S_022_3	OTU_1290_18S_022_3	1	ENV_Si	0.706360	0.143749	-0.562611	0.893107	3.000000	1.000000	0	0	1	1.000000	0.000000	0.000000
OTU_1283_18S_022_3	OTU_1290_18S_022_3	1	ENV_Si	0.728162	0.062670	-0.665492	0.428571	3.000000	1.000000	0	0	1	1.000000	0.000000	0.000000
OTU_577_18S_022_3	OTU_1281_18S_022_3	1	ENV_Si	0.623912	0.023317	-0.600594	0.340659	3.000000	1.000000	0	0	1	1.000000	0.000000	0.000000
OTU_41_18S_022_3	OTU_1338_18S_022_3	1	ENV_Si	0.231999	0.000000	-0.231999	0.875125	1.000000	0.000000	1	0	0	1.000000	0.000000	0.000000
OTU_1077_18S_022_3	OTU_1291_18S_022_3	1	ENV_Si	0.521848	0.091551	-0.430297	0.786214	3.000000	1.000000	0	0	1	1.000000	0.000000	0.000000
OTU_577_18S_022_3	OTU_1334_18S_022_3	1	ENV_Si	0.587951	0.000000	-0.587951	0.928072	3.000000	1.000000	0	0	1	1.000000	0.000000	0.000000
OTU_1210_18S_022_3	OTU_1374_18S_022_3	1	ENV_Si	0.541334	0.148140	-0.393194	0.929071	3.000000	1.000000	0	0	1	1.000000	0.000000	0.000000
ASV_189_16S_022_3	OTU_1381_18S_022_3	1	ENV_Si	0.403391	0.000000	-0.403391	1.000000	3.000000	1.000000	0	0	1	1.000000	0.000000	0.000000
OTU_338_18S_022_3	OTU_1381_18S_022_3	1	ENV_Si	0.492737	0.062670	-0.430067	0.767233	3.000000	1.000000	0	0	1	1.000000	0.000000	0.000000
OTU_724_18S_022_3	OTU_1381_18S_022_3	1	ENV_Si	0.444736	0.062670	-0.382066	0.679321	3.000000	1.000000	0	0	1	1.000000	0.000000	0.000000
ASV_1028_16S_022_3	OTU_1358_18S_022_3	1	ENV_Si	0.531283	0.062670	-0.468613	0.679321	3.000000	1.000000	0	0	1	1.000000	0.000000	0.000000
ASV_1136_16S_022_3	OTU_1358_18S_022_3	1	ENV_Si	0.495322	0.000000	-0.495322	1.000000	3.000000	1.000000	0	0	1	1.000000	0.000000	0.000000
ASV_1401_16S_022_3	OTU_1413_18S_022_3	1	ENV_Si	0.599096	0.000000	-0.599096	0.784216	3.000000	1.000000	0	0	1	1.000000	0.000000	0.000000
OTU_889_18S_022_3	OTU_1413_18S_022_3	1	ENV_Si	0.519532	0.000000	-0.519532	1.000000	3.000000	1.000000	0	0	1	1.000000	0.000000	0.000000
OTU_6_18S_022_3	OTU_1422_18S_022_3	1	ENV_Si	0.443066	0.571772	0.128707	nan	3.000000	1.000000	0	0	1	1.000000	0.000000	0.000000
OTU_26_18S_022_3	OTU_1422_18S_022_3	1	ENV_Si	0.668530	0.473337	-0.195193	0.803197	3.000000	1.000000	0	0	1	1.000000	0.000000	0.000000
OTU_144_18S_022_3	OTU_1422_18S_022_3	1	ENV_Si	0.501758	0.429392	-0.072366	0.090909	3.000000	1.000000	0	0	1	1.000000	0.000000	0.000000
ASV_947_16S_022_3	OTU_1432_18S_022_3	1	ENV_Si	0.344967	0.000000	-0.344967	1.000000	2.000000	1.000000	0	1	0	1.000000	0.000000	0.000000
OTU_406_18S_022_3	OTU_1432_18S_022_3	1	ENV_Si	0.510610	0.137327	-0.373283	0.410589	3.000000	1.000000	0	0	1	1.000000	0.000000	0.000000
OTU_535_18S_022_3	OTU_1485_18S_022_3	1	ENV_Si	0.446532	0.045776	-0.400757	0.750250	3.000000	1.000000	0	0	1	1.000000	0.000000	0.000000
OTU_1262_18S_022_3	OTU_1485_18S_022_3	1	ENV_Si	0.451286	0.045776	-0.405511	0.428571	3.000000	1.000000	0	0	1	1.000000	0.000000	0.000000
OTU_872_18S_022_3	OTU_1494_18S_022_3	1	ENV_Si	0.509481	0.038696	-0.470784	0.286713	3.000000	1.000000	0	0	1	1.000000	0.000000	0.000000
OTU_1404_18S_022_3	OTU_1494_18S_022_3	1	ENV_Si	0.461770	0.062670	-0.399100	0.536464	3.000000	1.000000	0	0	1	1.000000	0.000000	0.000000
OTU_955_18S_022_3	OTU_1510_18S_022_3	1	ENV_Si	0.437083	0.137327	-0.299757	0.125874	3.000000	1.000000	0	0	1	1.000000	0.000000	0.000000
OTU_184_18S_022_3	OTU_1509_18S_022_3	1	ENV_Si	0.519532	0.062670	-0.456862	0.519481	3.000000	1.000000	0	0	1	1.000000	0.000000	0.000000
OTU_408_18S_022_3	OTU_1545_18S_022_3	1	ENV_Si	0.589045	0.062670	-0.526375	0.732268	3.000000	1.000000	0	0	1	1.000000	0.000000	0.000000
OTU_662_18S_022_3	OTU_1545_18S_022_3	1	ENV_Si	0.589045	0.091551	-0.497494	0.893107	3.000000	1.000000	0	0	1	1.000000	0.000000	0.000000
OTU_1024_18S_022_3	OTU_1545_18S_022_3	1	ENV_Si	0.495939	0.091551	-0.404388	0.822178	3.000000	1.000000	0	0	1	1.000000	0.000000	0.000000
OTU_956_18S_022_3	OTU_1561_18S_022_3	1	ENV_Si	0.483572	0.000000	-0.483572	0.929071	3.000000	1.000000	0	0	1	1.000000	0.000000	0.000000
OTU_749_18S_022_3	OTU_1573_18S_022_3	1	ENV_Si	0.599096	0.076690	-0.522407	0.822178	3.000000	1.000000	0	0	1	1.000000	0.000000	0.000000
ASV_1043_16S_022_3	OTU_1575_18S_022_3	1	ENV_Si	0.446527	0.000000	-0.446527	1.000000	3.000000	1.000000	0	0	1	1.000000	0.000000	0.000000
ASV_1328_16S_022_3	OTU_1575_18S_022_3	1	ENV_Si	0.509481	0.000000	-0.509481	1.000000	3.000000	1.000000	0	0	1	1.000000	0.000000	0.000000
OTU_1191_18S_022_3	OTU_1594_18S_022_3	1	ENV_Si	0.599096	0.081080	-0.518017	0.662338	3.000000	1.000000	0	0	1	1.000000	0.000000	0.000000
OTU_1573_18S_022_3	OTU_1594_18S_022_3	1	ENV_Si	0.541334	0.105571	-0.435763	0.894106	3.000000	1.000000	0	0	1	1.000000	0.000000	0.000000
OTU_100_18S_022_3	OTU_1598_18S_022_3	1	ENV_Si	0.572301	0.062670	-0.509631	0.376623	3.000000	1.000000	0	0	1	1.000000	0.000000	0.000000
OTU_1075_18S_022_3	OTU_1618_18S_022_3	1	ENV_Si	0.356297	0.000000	-0.356297	1.000000	3.000000	1.000000	0	0	1	1.000000	0.000000	0.000000
OTU_1404_18S_022_3	OTU_1618_18S_022_3	1	ENV_Si	0.356297	0.000000	-0.356297	1.000000	3.000000	1.000000	0	0	1	1.000000	0.000000	0.000000
ASV_41_16S_022_3	OTU_1606_18S_022_3	1	ENV_Si	0.483572	0.474649	-0.008922	0.787213	3.000000	1.000000	0	0	1	1.000000	0.000000	0.000000
OTU_551_18S_022_3	OTU_1606_18S_022_3	1	ENV_Si	0.493623	-0.074657	-0.568280	1.000000	3.000000	1.000000	0	0	1	1.000000	0.000000	0.000000
OTU_509_18S_022_3	OTU_1631_18S_022_3	1	ENV_Si	0.438177	0.000000	-0.438177	1.000000	3.000000	1.000000	0	0	1	1.000000	0.000000	0.000000
ASV_932_16S_022_3	OTU_1609_18S_022_3	1	ENV_Si	0.416375	0.000000	-0.416375	0.804196	3.000000	1.000000	0	0	1	1.000000	0.000000	0.000000
OTU_453_18S_022_3	OTU_1609_18S_022_3	1	ENV_Si	0.656858	0.000000	-0.656858	0.786214	3.000000	1.000000	0	0	1	1.000000	0.000000	0.000000
OTU_920_18S_022_3	OTU_1609_18S_022_3	1	ENV_Si	0.356297	0.000000	-0.356297	0.928072	3.000000	1.000000	0	0	1	1.000000	0.000000	0.000000
OTU_422_18S_022_3	OTU_1634_18S_022_3	1	ENV_Si	0.525897	0.160644	-0.365253	0.805195	3.000000	1.000000	0	0	1	1.000000	0.000000	0.000000
OTU_466_18S_022_3	OTU_1634_18S_022_3	1	ENV_Si	0.593725	0.154221	-0.439504	0.661339	3.000000	1.000000	0	0	1	1.000000	0.000000	0.000000
OTU_749_18S_022_3	OTU_1670_18S_022_3	1	ENV_Si	0.521848	0.044260	-0.477588	0.733267	3.000000	1.000000	0	0	1	1.000000	0.000000	0.000000
OTU_1153_18S_022_3	OTU_1670_18S_022_3	1	ENV_Si	0.524300	0.010471	-0.513829	0.519481	3.000000	1.000000	0	0	1	1.000000	0.000000	0.000000
OTU_724_18S_022_3	OTU_1682_18S_022_3	1	ENV_Si	0.358613	-0.081080	-0.439692	0.697303	3.000000	1.000000	0	0	1	1.000000	0.000000	0.000000
OTU_1173_18S_022_3	OTU_1671_18S_022_3	1	ENV_Si	0.545441	0.000000	-0.545441	0.643357	3.000000	1.000000	0	0	1	1.000000	0.000000	0.000000
OTU_644_18S_022_3	OTU_1707_18S_022_3	1	ENV_Si	0.435861	0.000000	-0.435861	0.785215	3.000000	1.000000	0	0	1	1.000000	0.000000	0.000000
OTU_910_18S_022_3	OTU_1707_18S_022_3	1	ENV_Si	0.356297	0.091551	-0.264746	0.876124	3.000000	1.000000	0	0	1	1.000000	0.000000	0.000000
ASV_1593_16S_022_3	OTU_1762_18S_022_3	1	ENV_Si	0.435861	0.000000	-0.435861	1.000000	3.000000	1.000000	0	0	1	1.000000	0.000000	0.000000
OTU_46_18S_022_3	OTU_1763_18S_022_3	1	ENV_Si	0.516648	-0.011987	-0.528634	0.679321	3.000000	1.000000	0	0	1	1.000000	0.000000	0.000000
OTU_760_18S_022_3	OTU_1763_18S_022_3	1	ENV_Si	0.435861	0.172631	-0.263230	0.893107	3.000000	1.000000	0	0	1	1.000000	0.000000	0.000000
OTU_1017_18S_022_3	OTU_1763_18S_022_3	1	ENV_Si	0.458885	0.062670	-0.396216	0.929071	3.000000	1.000000	0	0	1	1.000000	0.000000	0.000000
OTU_1077_18S_022_3	OTU_1767_18S_022_3	1	ENV_Si	0.519532	0.104397	-0.415135	0.714286	3.000000	1.000000	0	0	1	1.000000	0.000000	0.000000
OTU_1281_18S_022_3	OTU_1767_18S_022_3	1	ENV_Si	0.519532	0.052198	-0.467333	0.643357	3.000000	1.000000	0	0	1	1.000000	0.000000	0.000000
OTU_1386_18S_022_3	OTU_1767_18S_022_3	1	ENV_Si	0.656858	0.000000	-0.656858	0.695305	3.000000	1.000000	0	0	1	1.000000	0.000000	0.000000
ASV_1406_16S_022_3	OTU_1684_18S_022_3	1	ENV_Si	0.320336	0.000000	-0.320336	1.000000	3.000000	1.000000	0	0	1	1.000000	0.000000	0.000000
OTU_1707_18S_022_3	OTU_1684_18S_022_3	1	ENV_Si	0.378099	0.000000	-0.378099	1.000000	3.000000	1.000000	0	0	1	1.000000	0.000000	0.000000
OTU_985_18S_022_3	OTU_1782_18S_022_3	1	ENV_Si	0.322652	0.091551	-0.231101	0.947053	3.000000	1.000000	0	0	1	1.000000	0.000000	0.000000
ASV_181_16S_022_3	OTU_1801_18S_022_3	1	ENV_Si	0.324443	-0.045776	-0.370219	0.498501	3.000000	1.000000	0	0	1	1.000000	0.000000	0.000000
OTU_1094_18S_022_3	OTU_1820_18S_022_3	1	ENV_Si	0.418166	0.091551	-0.326615	0.806194	3.000000	1.000000	0	0	1	1.000000	0.000000	0.000000
OTU_310_18S_022_3	OTU_1834_18S_022_3	1	ENV_Si	0.471218	-0.132419	-0.603637	0.501499	3.000000	1.000000	0	0	1	1.000000	0.000000	0.000000
OTU_1024_18S_022_3	OTU_1834_18S_022_3	1	ENV_Si	0.483572	-0.057762	-0.541334	0.715285	3.000000	1.000000	0	0	1	1.000000	0.000000	0.000000
ASV_233_16S_022_3	OTU_1849_18S_022_3	1	ENV_Si	0.548648	0.338506	-0.210142	0.714286	3.000000	1.000000	0	0	1	1.000000	0.000000	0.000000
OTU_251_18S_022_3	OTU_1849_18S_022_3	1	ENV_Si	0.648220	0.523124	-0.125096	0.429570	3.000000	1.000000	0	0	1	1.000000	0.000000	0.000000
OTU_825_18S_022_3	OTU_1849_18S_022_3	1	ENV_Si	0.669634	-0.042569	-0.712203	0.374625	3.000000	1.000000	0	0	1	1.000000	0.000000	0.000000
ASV_89_16S_022_3	OTU_1893_18S_022_3	1	ENV_Si	0.275071	0.000000	-0.275071	1.000000	2.000000	1.000000	0	1	0	1.000000	0.000000	0.000000
ASV_1044_16S_022_3	OTU_1844_18S_022_3	1	ENV_Si	0.527857	0.183102	-0.344755	0.537463	3.000000	1.000000	0	0	1	1.000000	0.000000	0.000000
OTU_50_18S_022_3	OTU_1844_18S_022_3	1	ENV_Si	0.781249	0.088667	-0.692583	0.090909	3.000000	1.000000	0	0	1	1.000000	0.000000	0.000000
OTU_558_18S_022_3	OTU_1901_18S_022_3	1	ENV_Si	0.542975	0.243239	-0.299736	0.679321	3.000000	1.000000	0	0	1	1.000000	0.000000	0.000000
OTU_1262_18S_022_3	OTU_1891_18S_022_3	1	ENV_Si	0.646807	0.045776	-0.601032	0.732268	3.000000	1.000000	0	0	1	1.000000	0.000000	0.000000
OTU_519_18S_022_3	OTU_1905_18S_022_3	1	ENV_Si	0.493623	0.052198	-0.441425	0.661339	3.000000	1.000000	0	0	1	1.000000	0.000000	0.000000
ASV_501_16S_022_3	OTU_1959_18S_022_3	1	ENV_Si	0.439968	0.062670	-0.377298	0.573427	3.000000	1.000000	0	0	1	1.000000	0.000000	0.000000
ASV_156_16S_022_3	OTU_1980_18S_022_3	1	ENV_Si	0.316063	-0.045776	-0.361838	0.035964	3.000000	1.000000	0	0	1	1.000000	0.000000	0.000000
OTU_191_18S_022_3	OTU_1980_18S_022_3	1	ENV_Si	0.464086	0.000000	-0.464086	1.000000	3.000000	1.000000	0	0	1	1.000000	0.000000	0.000000
OTU_577_18S_022_3	OTU_1940_18S_022_3	1	ENV_Si	0.609753	0.000000	-0.609753	0.928072	3.000000	1.000000	0	0	1	1.000000	0.000000	0.000000
ASV_1058_16S_022_3	OTU_1995_18S_022_3	1	ENV_Si	0.521848	0.052198	-0.469649	0.286713	3.000000	1.000000	0	0	1	1.000000	0.000000	0.000000
ASV_1490_16S_022_3	OTU_1995_18S_022_3	1	ENV_Si	0.531283	0.000000	-0.531283	0.643357	3.000000	1.000000	0	0	1	1.000000	0.000000	0.000000
ASV_1593_16S_022_3	OTU_1995_18S_022_3	1	ENV_Si	0.541334	0.000000	-0.541334	1.000000	3.000000	1.000000	0	0	1	1.000000	0.000000	0.000000
OTU_1077_18S_022_3	OTU_1995_18S_022_3	1	ENV_Si	0.464086	0.000000	-0.464086	0.695305	3.000000	1.000000	0	0	1	1.000000	0.000000	0.000000
OTU_518_18S_022_3	OTU_1927_18S_022_3	1	ENV_Si	0.485888	0.000000	-0.485888	1.000000	3.000000	1.000000	0	0	1	1.000000	0.000000	0.000000
OTU_1647_18S_022_3	OTU_1927_18S_022_3	1	ENV_Si	0.464086	0.000000	-0.464086	1.000000	3.000000	1.000000	0	0	1	1.000000	0.000000	0.000000
OTU_831_18S_022_3	OTU_1984_18S_022_3	1	ENV_Si	0.506596	0.091551	-0.415045	0.197802	3.000000	1.000000	0	0	1	1.000000	0.000000	0.000000
OTU_1298_18S_022_3	OTU_1984_18S_022_3	1	ENV_Si	0.372816	0.062670	-0.310146	0.535465	3.000000	1.000000	0	0	1	1.000000	0.000000	0.000000
OTU_1332_18S_022_3	OTU_2035_18S_022_3	1	ENV_Si	0.656858	0.000000	-0.656858	0.856144	3.000000	1.000000	0	0	1	1.000000	0.000000	0.000000
OTU_384_18S_022_3	OTU_2036_18S_022_3	1	ENV_Si	0.416375	0.091551	-0.324824	0.733267	3.000000	1.000000	0	0	1	1.000000	0.000000	0.000000
OTU_511_18S_022_3	OTU_2018_18S_022_3	1	ENV_Si	0.464086	0.000000	-0.464086	1.000000	3.000000	1.000000	0	0	1	1.000000	0.000000	0.000000
OTU_561_18S_022_3	OTU_2150_18S_022_3	1	ENV_Si	0.519532	-0.086643	-0.606175	0.571429	3.000000	1.000000	0	0	1	1.000000	0.000000	0.000000
OTU_870_18S_022_3	OTU_2160_18S_022_3	1	ENV_Si	0.484794	0.125340	-0.359454	0.750250	3.000000	1.000000	0	0	1	1.000000	0.000000	0.000000
OTU_303_18S_022_3	OTU_2094_18S_022_3	1	ENV_Si	0.792738	0.097964	-0.694773	0.107892	3.000000	1.000000	0	0	1	1.000000	0.000000	0.000000
OTU_1449_18S_022_3	OTU_2176_18S_022_3	1	ENV_Si	0.334495	0.091551	-0.242944	0.179820	3.000000	1.000000	0	0	1	1.000000	0.000000	0.000000
OTU_1334_18S_022_3	OTU_2105_18S_022_3	1	ENV_Si	0.586743	0.067060	-0.519683	0.822178	3.000000	1.000000	0	0	1	1.000000	0.000000	0.000000
ASV_89_16S_022_3	OTU_2234_18S_022_3	1	ENV_Si	0.311031	0.045776	-0.265255	0.857143	2.000000	1.000000	0	1	0	1.000000	0.000000	0.000000
ASV_651_16S_022_3	OTU_2135_18S_022_3	1	ENV_Si	0.625005	0.105571	-0.519434	0.857143	3.000000	1.000000	0	0	1	1.000000	0.000000	0.000000
OTU_1980_18S_022_3	OTU_2245_18S_022_3	1	ENV_Si	0.461770	0.000000	-0.461770	1.000000	3.000000	1.000000	0	0	1	1.000000	0.000000	0.000000
OTU_1671_18S_022_3	OTU_2133_18S_022_3	1	ENV_Si	0.519532	0.052198	-0.467333	0.482517	3.000000	1.000000	0	0	1	1.000000	0.000000	0.000000
ASV_1851_16S_022_3	OTU_2270_18S_022_3	1	ENV_Si	0.439968	0.000000	-0.439968	1.000000	3.000000	1.000000	0	0	1	1.000000	0.000000	0.000000
OTU_868_18S_022_3	OTU_2270_18S_022_3	1	ENV_Si	0.439968	0.000000	-0.439968	1.000000	3.000000	1.000000	0	0	1	1.000000	0.000000	0.000000
OTU_582_18S_022_3	OTU_2239_18S_022_3	1	ENV_Si	0.552608	0.045776	-0.506832	0.571429	3.000000	1.000000	0	0	1	1.000000	0.000000	0.000000
OTU_1143_18S_022_3	OTU_2239_18S_022_3	1	ENV_Si	0.541334	0.062670	-0.478664	0.625375	3.000000	1.000000	0	0	1	1.000000	0.000000	0.000000
OTU_145_18S_022_3	OTU_2297_18S_022_3	1	ENV_Si	0.582063	0.165034	-0.417029	0.805195	3.000000	1.000000	0	0	1	1.000000	0.000000	0.000000
OTU_2018_18S_022_3	OTU_2297_18S_022_3	1	ENV_Si	0.509481	0.000000	-0.509481	0.857143	3.000000	1.000000	0	0	1	1.000000	0.000000	0.000000
OTU_248_18S_022_3	OTU_2304_18S_022_3	1	ENV_Si	0.625005	0.067060	-0.557945	0.662338	3.000000	1.000000	0	0	1	1.000000	0.000000	0.000000
OTU_1761_18S_022_3	OTU_2304_18S_022_3	1	ENV_Si	0.519532	0.000000	-0.519532	0.679321	3.000000	1.000000	0	0	1	1.000000	0.000000	0.000000
OTU_2105_18S_022_3	OTU_2304_18S_022_3	1	ENV_Si	0.587836	0.112835	-0.475001	0.983017	3.000000	1.000000	0	0	1	1.000000	0.000000	0.000000
ASV_2014_16S_022_3	OTU_2097_18S_022_3	1	ENV_Si	0.601412	0.067060	-0.534352	0.715285	3.000000	1.000000	0	0	1	1.000000	0.000000	0.000000
OTU_493_18S_022_3	OTU_2097_18S_022_3	1	ENV_Si	0.542557	0.062670	-0.479887	0.660340	3.000000	1.000000	0	0	1	1.000000	0.000000	0.000000
OTU_1557_18S_022_3	OTU_2097_18S_022_3	1	ENV_Si	0.519532	0.000000	-0.519532	0.626374	3.000000	1.000000	0	0	1	1.000000	0.000000	0.000000
ASV_992_16S_022_3	OTU_2317_18S_022_3	1	ENV_Si	0.449879	0.079564	-0.370315	0.358641	3.000000	1.000000	0	0	1	1.000000	0.000000	0.000000
ASV_1043_16S_022_3	OTU_2317_18S_022_3	1	ENV_Si	0.432369	0.000000	-0.432369	1.000000	3.000000	1.000000	0	0	1	1.000000	0.000000	0.000000
OTU_676_18S_022_3	OTU_2334_18S_022_3	1	ENV_Si	0.599096	-0.138842	-0.737938	0.589411	3.000000	1.000000	0	0	1	1.000000	0.000000	0.000000
OTU_1142_18S_022_3	OTU_2334_18S_022_3	1	ENV_Si	0.493623	0.383764	-0.109859	0.357642	3.000000	1.000000	0	0	1	1.000000	0.000000	0.000000
ASV_1543_16S_022_3	OTU_2309_18S_022_3	1	ENV_Si	0.336811	0.000000	-0.336811	1.000000	3.000000	1.000000	0	0	1	1.000000	0.000000	0.000000
OTU_1210_18S_022_3	OTU_2309_18S_022_3	1	ENV_Si	0.461770	0.000000	-0.461770	1.000000	3.000000	1.000000	0	0	1	1.000000	0.000000	0.000000
OTU_214_18S_022_3	OTU_2382_18S_022_3	1	ENV_Si	0.356297	0.091551	-0.264746	0.768232	3.000000	1.000000	0	0	1	1.000000	0.000000	0.000000
OTU_1606_18S_022_3	OTU_2383_18S_022_3	1	ENV_Si	0.541334	-0.074657	-0.615991	0.714286	3.000000	1.000000	0	0	1	1.000000	0.000000	0.000000
OTU_2167_18S_022_3	OTU_2383_18S_022_3	1	ENV_Si	0.408776	-0.011987	-0.420763	0.285714	3.000000	1.000000	0	0	1	1.000000	0.000000	0.000000
ASV_1143_16S_022_3	OTU_2284_18S_022_3	1	ENV_Si	0.438177	0.000000	-0.438177	0.874126	3.000000	1.000000	0	0	1	1.000000	0.000000	0.000000
OTU_711_18S_022_3	OTU_2389_18S_022_3	1	ENV_Si	0.577294	0.062670	-0.514624	0.716284	3.000000	1.000000	0	0	1	1.000000	0.000000	0.000000
OTU_558_18S_022_3	OTU_2461_18S_022_3	1	ENV_Si	0.486456	0.000000	-0.486456	0.589411	3.000000	1.000000	0	0	1	1.000000	0.000000	0.000000
OTU_1347_18S_022_3	OTU_2375_18S_022_3	1	ENV_Si	0.599096	0.000000	-0.599096	1.000000	3.000000	1.000000	0	0	1	1.000000	0.000000	0.000000
OTU_1086_18S_022_3	OTU_2425_18S_022_3	1	ENV_Si	0.363054	0.062670	-0.300384	0.661339	3.000000	1.000000	0	0	1	1.000000	0.000000	0.000000
ASV_1289_16S_022_3	OTU_2399_18S_022_3	1	ENV_Si	0.483572	0.000000	-0.483572	0.928072	3.000000	1.000000	0	0	1	1.000000	0.000000	0.000000
OTU_2309_18S_022_3	OTU_2501_18S_022_3	1	ENV_Si	0.497730	0.091551	-0.406179	0.714286	3.000000	1.000000	0	0	1	1.000000	0.000000	0.000000
OTU_184_18S_022_3	OTU_2509_18S_022_3	1	ENV_Si	0.577294	0.062670	-0.514624	0.375624	3.000000	1.000000	0	0	1	1.000000	0.000000	0.000000
OTU_551_18S_022_3	OTU_2509_18S_022_3	1	ENV_Si	0.656858	0.091551	-0.565307	0.499500	3.000000	1.000000	0	0	1	1.000000	0.000000	0.000000
OTU_955_18S_022_3	OTU_2509_18S_022_3	1	ENV_Si	0.577294	0.045776	-0.531519	0.339660	3.000000	1.000000	0	0	1	1.000000	0.000000	0.000000
OTU_1285_18S_022_3	OTU_2509_18S_022_3	1	ENV_Si	0.577294	-0.011987	-0.589281	0.517483	3.000000	1.000000	0	0	1	1.000000	0.000000	0.000000
OTU_1618_18S_022_3	OTU_2509_18S_022_3	1	ENV_Si	0.414059	0.000000	-0.414059	1.000000	3.000000	1.000000	0	0	1	1.000000	0.000000	0.000000
OTU_1338_18S_022_3	OTU_2576_18S_022_3	1	ENV_Si	0.599096	0.000000	-0.599096	0.858142	3.000000	1.000000	0	0	1	1.000000	0.000000	0.000000
OTU_1743_18S_022_3	OTU_2539_18S_022_3	1	ENV_Si	0.461770	0.000000	-0.461770	0.875125	3.000000	1.000000	0	0	1	1.000000	0.000000	0.000000
OTU_1216_18S_022_3	OTU_2626_18S_022_3	1	ENV_Si	0.577294	0.000000	-0.577294	1.000000	3.000000	1.000000	0	0	1	1.000000	0.000000	0.000000
ASV_3_16S_022_3	OTU_2633_18S_022_3	1	ENV_Si	0.194642	0.617513	0.422871	nan	1.000000	0.000000	1	0	0	1.000000	0.000000	0.000000
OTU_215_18S_022_3	OTU_2633_18S_022_3	1	ENV_Si	0.404007	1.252269	0.848261	nan	3.000000	1.000000	0	0	1	1.000000	0.000000	0.000000
OTU_1142_18S_022_3	OTU_2633_18S_022_3	1	ENV_Si	0.577294	-0.144406	-0.721700	0.893107	3.000000	1.000000	0	0	1	1.000000	0.000000	0.000000
OTU_1285_18S_022_3	OTU_2633_18S_022_3	1	ENV_Si	0.336811	1.019048	0.682237	nan	3.000000	1.000000	0	0	1	1.000000	0.000000	0.000000
OTU_743_18S_022_3	OTU_2680_18S_022_3	1	ENV_Si	0.435861	0.000000	-0.435861	1.000000	3.000000	1.000000	0	0	1	1.000000	0.000000	0.000000
OTU_873_18S_022_3	OTU_2680_18S_022_3	1	ENV_Si	0.356297	0.000000	-0.356297	1.000000	3.000000	1.000000	0	0	1	1.000000	0.000000	0.000000
OTU_1194_18S_022_3	OTU_2722_18S_022_3	1	ENV_Si	0.577294	0.091551	-0.485743	0.786214	3.000000	1.000000	0	0	1	1.000000	0.000000	0.000000
OTU_1510_18S_022_3	OTU_2722_18S_022_3	1	ENV_Si	0.251821	0.091551	-0.160270	0.643357	3.000000	1.000000	0	0	1	1.000000	0.000000	0.000000
OTU_868_18S_022_3	OTU_2736_18S_022_3	1	ENV_Si	0.625005	0.114868	-0.510137	0.589411	3.000000	1.000000	0	0	1	1.000000	0.000000	0.000000
OTU_560_18S_022_3	OTU_2662_18S_022_3	1	ENV_Si	0.603203	0.000000	-0.603203	0.821179	3.000000	1.000000	0	0	1	1.000000	0.000000	0.000000
OTU_1110_18S_022_3	OTU_2662_18S_022_3	1	ENV_Si	0.682767	0.000000	-0.682767	0.426573	3.000000	1.000000	0	0	1	1.000000	0.000000	0.000000
ASV_248_16S_022_3	OTU_2823_18S_022_3	1	ENV_Si	0.502498	0.062670	-0.439828	0.786214	3.000000	1.000000	0	0	1	1.000000	0.000000	0.000000
OTU_2284_18S_022_3	OTU_2823_18S_022_3	1	ENV_Si	0.519532	0.143749	-0.375782	0.857143	3.000000	1.000000	0	0	1	1.000000	0.000000	0.000000
OTU_214_18S_022_3	OTU_2858_18S_022_3	1	ENV_Si	0.577294	0.033789	-0.543505	0.643357	3.000000	1.000000	0	0	1	1.000000	0.000000	0.000000
OTU_1404_18S_022_3	OTU_2858_18S_022_3	1	ENV_Si	0.435861	0.033789	-0.402072	0.768232	3.000000	1.000000	0	0	1	1.000000	0.000000	0.000000
OTU_2382_18S_022_3	OTU_2858_18S_022_3	1	ENV_Si	0.435861	0.033789	-0.402072	0.769231	3.000000	1.000000	0	0	1	1.000000	0.000000	0.000000
ASV_1727_16S_022_3	OTU_2856_18S_022_3	1	ENV_Si	0.461770	0.125340	-0.336430	0.786214	3.000000	1.000000	0	0	1	1.000000	0.000000	0.000000
OTU_1252_18S_022_3	OTU_2856_18S_022_3	1	ENV_Si	0.497730	0.062670	-0.435060	0.660340	3.000000	1.000000	0	0	1	1.000000	0.000000	0.000000
ASV_331_16S_022_3	OTU_2878_18S_022_3	1	ENV_Si	0.483572	0.000000	-0.483572	1.000000	3.000000	1.000000	0	0	1	1.000000	0.000000	0.000000
ASV_782_16S_022_3	OTU_2878_18S_022_3	1	ENV_Si	0.541334	0.000000	-0.541334	0.786214	3.000000	1.000000	0	0	1	1.000000	0.000000	0.000000
ASV_1734_16S_022_3	OTU_2876_18S_022_3	1	ENV_Si	0.298534	0.000000	-0.298534	1.000000	3.000000	1.000000	0	0	1	1.000000	0.000000	0.000000
OTU_558_18S_022_3	OTU_2876_18S_022_3	1	ENV_Si	0.486456	0.081080	-0.405376	0.714286	3.000000	1.000000	0	0	1	1.000000	0.000000	0.000000
OTU_145_18S_022_3	OTU_2905_18S_022_3	1	ENV_Si	0.670400	0.129730	-0.540670	0.785215	3.000000	1.000000	0	0	1	1.000000	0.000000	0.000000
OTU_558_18S_022_3	OTU_2905_18S_022_3	1	ENV_Si	0.533073	0.096459	-0.436615	0.751249	3.000000	1.000000	0	0	1	1.000000	0.000000	0.000000
OTU_1362_18S_022_3	OTU_2958_18S_022_3	1	ENV_Si	0.519532	0.000000	-0.519532	1.000000	3.000000	1.000000	0	0	1	1.000000	0.000000	0.000000
OTU_1086_18S_022_3	OTU_2990_18S_022_3	1	ENV_Si	0.443235	0.062670	-0.380565	0.840160	3.000000	1.000000	0	0	1	1.000000	0.000000	0.000000
OTU_2214_18S_022_3	OTU_3023_18S_022_3	1	ENV_Si	0.356297	0.000000	-0.356297	1.000000	3.000000	1.000000	0	0	1	1.000000	0.000000	0.000000
OTU_1347_18S_022_3	OTU_2780_18S_022_3	1	ENV_Si	0.599096	0.000000	-0.599096	1.000000	3.000000	1.000000	0	0	1	1.000000	0.000000	0.000000
OTU_1664_18S_022_3	OTU_2780_18S_022_3	1	ENV_Si	0.541334	0.052198	-0.489135	0.661339	3.000000	1.000000	0	0	1	1.000000	0.000000	0.000000
ASV_1059_16S_022_3	OTU_3133_18S_022_3	1	ENV_Si	0.519532	-0.074657	-0.594189	0.929071	3.000000	1.000000	0	0	1	1.000000	0.000000	0.000000
OTU_450_18S_022_3	OTU_3133_18S_022_3	1	ENV_Si	0.442284	0.044260	-0.398023	0.785215	3.000000	1.000000	0	0	1	1.000000	0.000000	0.000000
OTU_1594_18S_022_3	OTU_3133_18S_022_3	1	ENV_Si	0.625005	0.183102	-0.441903	0.947053	3.000000	1.000000	0	0	1	1.000000	0.000000	0.000000
OTU_2133_18S_022_3	OTU_3149_18S_022_3	1	ENV_Si	0.577294	0.104397	-0.472897	0.500500	3.000000	1.000000	0	0	1	1.000000	0.000000	0.000000
OTU_453_18S_022_3	OTU_3210_18S_022_3	1	ENV_Si	0.656858	0.000000	-0.656858	0.857143	3.000000	1.000000	0	0	1	1.000000	0.000000	0.000000
OTU_1613_18S_022_3	OTU_3210_18S_022_3	1	ENV_Si	0.379321	0.091551	-0.287770	0.965035	3.000000	1.000000	0	0	1	1.000000	0.000000	0.000000
OTU_619_18S_022_3	OTU_3225_18S_022_3	1	ENV_Si	0.358613	0.000000	-0.358613	1.000000	3.000000	1.000000	0	0	1	1.000000	0.000000	0.000000
OTU_1557_18S_022_3	OTU_3213_18S_022_3	1	ENV_Si	0.519532	0.052198	-0.467333	0.591409	3.000000	1.000000	0	0	1	1.000000	0.000000	0.000000
OTU_1767_18S_022_3	OTU_3213_18S_022_3	1	ENV_Si	0.541334	0.052198	-0.489135	0.661339	3.000000	1.000000	0	0	1	1.000000	0.000000	0.000000
OTU_2133_18S_022_3	OTU_3213_18S_022_3	1	ENV_Si	0.378099	0.052198	-0.325900	0.661339	3.000000	1.000000	0	0	1	1.000000	0.000000	0.000000
OTU_977_18S_022_3	OTU_3300_18S_022_3	1	ENV_Si	0.435861	0.000000	-0.435861	1.000000	3.000000	1.000000	0	0	1	1.000000	0.000000	0.000000
OTU_1014_18S_022_3	OTU_3300_18S_022_3	1	ENV_Si	0.378113	0.004908	-0.373205	0.876124	3.000000	1.000000	0	0	1	1.000000	0.000000	0.000000
OTU_1017_18S_022_3	OTU_3300_18S_022_3	1	ENV_Si	0.437083	-0.018410	-0.455493	0.550450	3.000000	1.000000	0	0	1	1.000000	0.000000	0.000000
OTU_121_18S_022_3	OTU_3064_18S_022_3	1	ENV_Si	0.542557	0.045776	-0.496781	0.750250	3.000000	1.000000	0	0	1	1.000000	0.000000	0.000000
OTU_191_18S_022_3	OTU_3064_18S_022_3	1	ENV_Si	0.521848	0.062670	-0.459178	0.768232	3.000000	1.000000	0	0	1	1.000000	0.000000	0.000000
ASV_892_16S_022_3	OTU_3326_18S_022_3	1	ENV_Si	0.300418	-0.086643	-0.387062	0.341658	3.000000	1.000000	0	0	1	1.000000	0.000000	0.000000
ASV_1734_16S_022_3	OTU_2812_18S_022_3	1	ENV_Si	0.497730	0.000000	-0.497730	1.000000	3.000000	1.000000	0	0	1	1.000000	0.000000	0.000000
OTU_1774_18S_022_3	OTU_2812_18S_022_3	1	ENV_Si	0.414059	0.000000	-0.414059	1.000000	3.000000	1.000000	0	0	1	1.000000	0.000000	0.000000
OTU_1898_18S_022_3	OTU_3384_18S_022_3	1	ENV_Si	0.543650	0.000000	-0.543650	0.572428	3.000000	1.000000	0	0	1	1.000000	0.000000	0.000000
OTU_1386_18S_022_3	OTU_3350_18S_022_3	1	ENV_Si	0.542557	0.000000	-0.542557	1.000000	3.000000	1.000000	0	0	1	1.000000	0.000000	0.000000
OTU_2576_18S_022_3	OTU_3350_18S_022_3	1	ENV_Si	0.437083	0.000000	-0.437083	1.000000	3.000000	1.000000	0	0	1	1.000000	0.000000	0.000000
OTU_844_18S_022_3	OTU_3424_18S_022_3	1	ENV_Si	0.541334	0.052198	-0.489135	0.929071	3.000000	1.000000	0	0	1	1.000000	0.000000	0.000000
OTU_1905_18S_022_3	OTU_3424_18S_022_3	1	ENV_Si	0.656858	0.052198	-0.604660	0.929071	3.000000	1.000000	0	0	1	1.000000	0.000000	0.000000
OTU_2035_18S_022_3	OTU_3424_18S_022_3	1	ENV_Si	0.656858	0.052198	-0.604660	0.929071	3.000000	1.000000	0	0	1	1.000000	0.000000	0.000000
OTU_270_18S_022_3	OTU_3598_18S_022_3	1	ENV_Si	0.609092	0.165034	-0.444058	0.911089	3.000000	1.000000	0	0	1	1.000000	0.000000	0.000000
OTU_2297_18S_022_3	OTU_3598_18S_022_3	1	ENV_Si	0.615243	0.210809	-0.404434	0.965035	3.000000	1.000000	0	0	1	1.000000	0.000000	0.000000
OTU_3466_18S_022_3	OTU_3610_18S_022_3	1	ENV_Si	0.416375	0.015379	-0.400996	0.214785	2.000000	1.000000	0	1	0	1.000000	0.000000	0.000000
OTU_260_18S_022_3	OTU_3658_18S_022_3	1	ENV_Si	0.356297	0.000000	-0.356297	1.000000	3.000000	1.000000	0	0	1	1.000000	0.000000	0.000000
OTU_563_18S_022_3	OTU_3658_18S_022_3	1	ENV_Si	0.404007	0.000000	-0.404007	0.929071	3.000000	1.000000	0	0	1	1.000000	0.000000	0.000000
OTU_29_18S_022_3	OTU_3663_18S_022_3	1	ENV_Si	0.685309	0.313691	-0.371618	0.804196	3.000000	1.000000	0	0	1	1.000000	0.000000	0.000000
OTU_105_18S_022_3	OTU_3663_18S_022_3	1	ENV_Si	0.487799	0.258618	-0.229181	0.805195	3.000000	1.000000	0	0	1	1.000000	0.000000	0.000000
OTU_585_18S_022_3	OTU_3962_18S_022_3	1	ENV_Si	0.356297	-0.081080	-0.437376	0.786214	3.000000	1.000000	0	0	1	1.000000	0.000000	0.000000
OTU_677_18S_022_3	OTU_3962_18S_022_3	1	ENV_Si	0.577294	-0.081080	-0.658374	0.733267	3.000000	1.000000	0	0	1	1.000000	0.000000	0.000000
ASV_211_16S_022_3	OTU_3990_18S_022_3	1	ENV_Si	0.338055	0.000000	-0.338055	0.768232	2.000000	1.000000	0	1	0	1.000000	0.000000	0.000000
OTU_847_18S_022_3	OTU_3990_18S_022_3	1	ENV_Si	0.356297	0.000000	-0.356297	1.000000	3.000000	1.000000	0	0	1	1.000000	0.000000	0.000000
OTU_1545_18S_022_3	OTU_3990_18S_022_3	1	ENV_Si	0.495939	0.000000	-0.495939	1.000000	3.000000	1.000000	0	0	1	1.000000	0.000000	0.000000
OTU_1485_18S_022_3	OTU_3733_18S_022_3	1	ENV_Si	0.367346	0.062670	-0.304676	0.788212	3.000000	1.000000	0	0	1	1.000000	0.000000	0.000000
OTU_611_18S_022_3	OTU_4003_18S_022_3	1	ENV_Si	0.483572	0.062670	-0.420902	0.430569	3.000000	1.000000	0	0	1	1.000000	0.000000	0.000000
OTU_535_18S_022_3	OTU_4126_18S_022_3	1	ENV_Si	0.606212	0.004908	-0.601305	0.180819	3.000000	1.000000	0	0	1	1.000000	0.000000	0.000000
ASV_588_16S_022_3	OTU_4302_18S_022_3	1	ENV_Si	0.418166	0.673638	0.255472	nan	3.000000	1.000000	0	0	1	1.000000	0.000000	0.000000
OTU_877_18S_022_3	OTU_4302_18S_022_3	1	ENV_Si	0.324443	-0.167723	-0.492166	0.214785	2.000000	1.000000	0	1	0	1.000000	0.000000	0.000000
OTU_78_18S_022_3	OTU_5297_18S_022_3	1	ENV_Si	0.424352	-0.017551	-0.441903	0.196803	3.000000	1.000000	0	0	1	1.000000	0.000000	0.000000
OTU_1561_18S_022_3	OTU_5297_18S_022_3	1	ENV_Si	0.456672	0.052198	-0.404474	0.572428	3.000000	1.000000	0	0	1	1.000000	0.000000	0.000000
ASV_111_16S_022_3	OTU_5446_18S_022_3	1	ENV_Si	0.357982	0.000000	-0.357982	1.000000	3.000000	1.000000	0	0	1	1.000000	0.000000	0.000000
OTU_511_18S_022_3	OTU_5446_18S_022_3	1	ENV_Si	0.577294	0.000000	-0.577294	1.000000	3.000000	1.000000	0	0	1	1.000000	0.000000	0.000000
OTU_831_18S_022_3	OTU_5446_18S_022_3	1	ENV_Si	0.379321	0.000000	-0.379321	1.000000	3.000000	1.000000	0	0	1	1.000000	0.000000	0.000000
OTU_847_18S_022_3	OTU_5446_18S_022_3	1	ENV_Si	0.334495	0.000000	-0.334495	1.000000	3.000000	1.000000	0	0	1	1.000000	0.000000	0.000000
OTU_1285_18S_022_3	OTU_5773_18S_022_3	1	ENV_Si	0.682767	-0.132419	-0.815186	0.964036	3.000000	1.000000	0	0	1	1.000000	0.000000	0.000000
OTU_2919_18S_022_3	OTU_5773_18S_022_3	1	ENV_Si	0.646807	-0.138842	-0.785649	0.249750	3.000000	1.000000	0	0	1	1.000000	0.000000	0.000000
OTU_1374_18S_022_3	OTU_6383_18S_022_3	1	ENV_Si	0.380415	0.062670	-0.317745	0.714286	3.000000	1.000000	0	0	1	1.000000	0.000000	0.000000
ASV_165_16S_022_3	OTU_8089_18S_022_3	1	ENV_Si	0.493623	0.000000	-0.493623	1.000000	3.000000	1.000000	0	0	1	1.000000	0.000000	0.000000
ASV_20_16S_022_3	ASV_20_16S_3_200	1	ENV_Si	0.239085	0.220947	-0.018138	0.249750	1.000000	0.000000	1	0	0	1.000000	0.000000	0.000000
ASV_35_16S_022_3	ASV_35_16S_3_200	1	ENV_Si	0.519467	0.470804	-0.048663	0.519481	3.000000	1.000000	0	0	1	1.000000	0.000000	0.000000
ASV_109_16S_022_3	ASV_35_16S_3_200	1	ENV_Si	0.599031	0.292082	-0.306949	0.322677	3.000000	1.000000	0	0	1	1.000000	0.000000	0.000000
ASV_26_16S_3_200	ASV_35_16S_3_200	1	ENV_Si	0.785144	0.297266	-0.487879	0.233766	3.000000	1.000000	0	0	1	1.000000	0.000000	0.000000
ASV_298_16S_022_3	ASV_37_16S_3_200	1	ENV_Si	0.126605	0.137327	0.010722	nan	1.000000	0.000000	1	0	0	1.000000	0.000000	0.000000
ASV_1728_16S_022_3	ASV_58_16S_3_200	1	ENV_Si	0.421528	0.009815	-0.411713	0.642358	3.000000	1.000000	0	0	1	1.000000	0.000000	0.000000
ASV_63_16S_022_3	ASV_63_16S_3_200	1	ENV_Si	0.245778	0.038696	-0.207082	0.608392	2.000000	1.000000	0	1	0	1.000000	0.000000	0.000000
ASV_410_16S_022_3	ASV_63_16S_3_200	1	ENV_Si	0.373407	-0.002884	-0.376291	0.465534	2.000000	1.000000	0	1	0	1.000000	0.000000	0.000000
OTU_1014_18S_022_3	ASV_63_16S_3_200	1	ENV_Si	0.326333	0.266861	-0.059471	0.680320	2.000000	1.000000	0	1	0	1.000000	0.000000	0.000000
ASV_50_16S_022_3	ASV_66_16S_3_200	1	ENV_Si	0.611593	0.057762	-0.553831	0.374625	3.000000	1.000000	0	0	1	1.000000	0.000000	0.000000
ASV_189_16S_022_3	ASV_66_16S_3_200	1	ENV_Si	0.626880	0.033789	-0.593092	0.571429	3.000000	1.000000	0	0	1	1.000000	0.000000	0.000000
ASV_416_16S_022_3	ASV_66_16S_3_200	1	ENV_Si	0.450366	0.032088	-0.418278	0.482517	3.000000	1.000000	0	0	1	1.000000	0.000000	0.000000
ASV_585_16S_022_3	ASV_66_16S_3_200	1	ENV_Si	0.529144	0.000000	-0.529144	1.000000	3.000000	1.000000	0	0	1	1.000000	0.000000	0.000000
ASV_84_16S_022_3	ASV_84_16S_3_200	1	ENV_Si	0.657883	0.187353	-0.470530	0.485514	3.000000	1.000000	0	0	1	1.000000	0.000000	0.000000
ASV_918_16S_022_3	ASV_84_16S_3_200	1	ENV_Si	0.431717	0.079564	-0.352153	0.411588	3.000000	1.000000	0	0	1	1.000000	0.000000	0.000000
OTU_217_18S_022_3	ASV_84_16S_3_200	1	ENV_Si	0.444543	-0.069749	-0.514292	0.377622	3.000000	1.000000	0	0	1	1.000000	0.000000	0.000000
ASV_85_16S_022_3	ASV_85_16S_3_200	1	ENV_Si	0.469627	0.432120	-0.037507	0.965035	3.000000	1.000000	0	0	1	1.000000	0.000000	0.000000
ASV_1042_16S_022_3	ASV_96_16S_3_200	1	ENV_Si	0.682767	0.062670	-0.620097	0.197802	3.000000	1.000000	0	0	1	1.000000	0.000000	0.000000
ASV_1401_16S_022_3	ASV_96_16S_3_200	1	ENV_Si	0.599096	0.000000	-0.599096	0.928072	3.000000	1.000000	0	0	1	1.000000	0.000000	0.000000
OTU_2040_18S_022_3	ASV_96_16S_3_200	1	ENV_Si	0.599096	0.000000	-0.599096	0.643357	3.000000	1.000000	0	0	1	1.000000	0.000000	0.000000
ASV_213_16S_022_3	ASV_101_16S_3_200	1	ENV_Si	0.356297	0.000000	-0.356297	0.785215	3.000000	1.000000	0	0	1	1.000000	0.000000	0.000000
OTU_1769_18S_022_3	ASV_101_16S_3_200	1	ENV_Si	0.356297	0.000000	-0.356297	0.643357	3.000000	1.000000	0	0	1	1.000000	0.000000	0.000000
ASV_51_16S_3_200	ASV_133_16S_3_200	1	ENV_Si	0.645714	0.034353	-0.611360	0.305694	3.000000	1.000000	0	0	1	1.000000	0.000000	0.000000
ASV_113_16S_3_200	ASV_133_16S_3_200	1	ENV_Si	0.454509	-0.018251	-0.472760	0.589411	3.000000	1.000000	0	0	1	1.000000	0.000000	0.000000
ASV_139_16S_022_3	ASV_134_16S_3_200	1	ENV_Si	0.704490	0.212842	-0.491648	0.645355	3.000000	1.000000	0	0	1	1.000000	0.000000	0.000000
ASV_218_16S_022_3	ASV_134_16S_3_200	1	ENV_Si	0.700054	0.248146	-0.451907	0.609391	3.000000	1.000000	0	0	1	1.000000	0.000000	0.000000
ASV_134_16S_022_3	ASV_139_16S_3_200	1	ENV_Si	0.711671	0.322803	-0.388868	0.858142	3.000000	1.000000	0	0	1	1.000000	0.000000	0.000000
ASV_134_16S_3_200	ASV_139_16S_3_200	1	ENV_Si	0.891935	0.435638	-0.456297	0.841159	3.000000	1.000000	0	0	1	1.000000	0.000000	0.000000
ASV_641_16S_022_3	ASV_140_16S_3_200	1	ENV_Si	0.669738	0.147142	-0.522597	0.857143	3.000000	1.000000	0	0	1	1.000000	0.000000	0.000000
ASV_1243_16S_022_3	ASV_140_16S_3_200	1	ENV_Si	0.429916	0.559778	0.129861	nan	3.000000	1.000000	0	0	1	1.000000	0.000000	0.000000
ASV_1305_16S_022_3	ASV_140_16S_3_200	1	ENV_Si	0.458990	0.048512	-0.410479	0.732268	3.000000	1.000000	0	0	1	1.000000	0.000000	0.000000
ASV_84_16S_3_200	ASV_140_16S_3_200	1	ENV_Si	0.691540	0.192917	-0.498623	0.607393	3.000000	1.000000	0	0	1	1.000000	0.000000	0.000000
ASV_144_16S_022_3	ASV_144_16S_3_200	1	ENV_Si	0.871665	0.218406	-0.653258	0.464535	3.000000	1.000000	0	0	1	1.000000	0.000000	0.000000
ASV_321_16S_022_3	ASV_144_16S_3_200	1	ENV_Si	0.764793	0.368579	-0.396214	0.983017	3.000000	1.000000	0	0	1	1.000000	0.000000	0.000000
OTU_788_18S_022_3	ASV_144_16S_3_200	1	ENV_Si	0.408700	0.091551	-0.317149	0.696304	3.000000	1.000000	0	0	1	1.000000	0.000000	0.000000
ASV_64_16S_022_3	ASV_152_16S_3_200	1	ENV_Si	0.286821	0.035304	-0.251517	0.054945	1.000000	0.000000	1	0	0	1.000000	0.000000	0.000000
ASV_47_16S_022_3	ASV_157_16S_3_200	1	ENV_Si	0.493244	0.000000	-0.493244	1.000000	3.000000	1.000000	0	0	1	1.000000	0.000000	0.000000
ASV_65_16S_022_3	ASV_157_16S_3_200	1	ENV_Si	0.427738	0.000000	-0.427738	1.000000	3.000000	1.000000	0	0	1	1.000000	0.000000	0.000000
ASV_258_16S_022_3	ASV_157_16S_3_200	1	ENV_Si	0.496452	0.016894	-0.479557	0.321678	3.000000	1.000000	0	0	1	1.000000	0.000000	0.000000
ASV_17_16S_022_3	ASV_166_16S_3_200	1	ENV_Si	0.154589	0.068957	-0.085632	0.178821	1.000000	0.000000	1	0	0	1.000000	0.000000	0.000000
ASV_1146_16S_022_3	ASV_166_16S_3_200	1	ENV_Si	0.555880	0.106930	-0.448950	0.680320	3.000000	1.000000	0	0	1	1.000000	0.000000	0.000000
OTU_1195_18S_022_3	ASV_176_16S_3_200	1	ENV_Si	0.429122	-0.032439	-0.461560	0.017982	2.000000	1.000000	0	1	0	1.000000	0.000000	0.000000
ASV_168_16S_022_3	ASV_180_16S_3_200	1	ENV_Si	0.587002	0.155736	-0.431266	0.589411	3.000000	1.000000	0	0	1	1.000000	0.000000	0.000000
ASV_180_16S_022_3	ASV_180_16S_3_200	1	ENV_Si	0.645336	0.062670	-0.582666	0.161838	3.000000	1.000000	0	0	1	1.000000	0.000000	0.000000
ASV_479_16S_022_3	ASV_192_16S_3_200	1	ENV_Si	0.743365	0.095285	-0.648080	0.698302	3.000000	1.000000	0	0	1	1.000000	0.000000	0.000000
ASV_585_16S_022_3	ASV_192_16S_3_200	1	ENV_Si	0.866319	0.206419	-0.659900	0.625375	3.000000	1.000000	0	0	1	1.000000	0.000000	0.000000
ASV_215_16S_022_3	ASV_215_16S_3_200	1	ENV_Si	0.397538	0.190560	-0.206977	0.179820	3.000000	1.000000	0	0	1	1.000000	0.000000	0.000000
ASV_325_16S_022_3	ASV_216_16S_3_200	1	ENV_Si	0.630431	0.286472	-0.343960	0.285714	3.000000	1.000000	0	0	1	1.000000	0.000000	0.000000
ASV_1_16S_022_3	ASV_227_16S_3_200	1	ENV_Si	0.333309	0.179386	-0.153924	0.320679	2.000000	1.000000	0	1	0	1.000000	0.000000	0.000000
ASV_415_16S_022_3	ASV_227_16S_3_200	1	ENV_Si	0.761790	0.091551	-0.670239	0.573427	3.000000	1.000000	0	0	1	1.000000	0.000000	0.000000
ASV_715_16S_022_3	ASV_227_16S_3_200	1	ENV_Si	0.757523	0.249506	-0.508018	0.376623	3.000000	1.000000	0	0	1	1.000000	0.000000	0.000000
ASV_161_16S_022_3	ASV_235_16S_3_200	1	ENV_Si	0.844438	0.150172	-0.694266	0.589411	3.000000	1.000000	0	0	1	1.000000	0.000000	0.000000
ASV_345_16S_022_3	ASV_235_16S_3_200	1	ENV_Si	0.676999	0.305577	-0.371422	0.805195	3.000000	1.000000	0	0	1	1.000000	0.000000	0.000000
ASV_237_16S_022_3	ASV_237_16S_3_200	1	ENV_Si	0.486551	0.416961	-0.069590	0.537463	3.000000	1.000000	0	0	1	1.000000	0.000000	0.000000
ASV_1092_16S_022_3	ASV_255_16S_3_200	1	ENV_Si	0.415326	0.366204	-0.049122	0.947053	3.000000	1.000000	0	0	1	1.000000	0.000000	0.000000
ASV_267_16S_022_3	ASV_267_16S_3_200	1	ENV_Si	0.567616	0.006423	-0.561193	0.284715	3.000000	1.000000	0	0	1	1.000000	0.000000	0.000000
OTU_1014_18S_022_3	ASV_267_16S_3_200	1	ENV_Si	0.480980	-0.086643	-0.567624	0.107892	2.000000	1.000000	0	1	0	1.000000	0.000000	0.000000
ASV_739_16S_022_3	ASV_269_16S_3_200	1	ENV_Si	0.630511	0.072485	-0.558025	0.143856	3.000000	1.000000	0	0	1	1.000000	0.000000	0.000000
ASV_321_16S_022_3	ASV_274_16S_3_200	1	ENV_Si	0.874549	0.438328	-0.436221	0.912088	3.000000	1.000000	0	0	1	1.000000	0.000000	0.000000
ASV_283_16S_022_3	ASV_283_16S_3_200	1	ENV_Si	0.458885	0.154221	-0.304665	0.948052	3.000000	1.000000	0	0	1	1.000000	0.000000	0.000000
ASV_658_16S_022_3	ASV_283_16S_3_200	1	ENV_Si	0.435861	0.000000	-0.435861	0.928072	3.000000	1.000000	0	0	1	1.000000	0.000000	0.000000
ASV_140_16S_3_200	ASV_286_16S_3_200	1	ENV_Si	0.590836	0.000000	-0.590836	1.000000	3.000000	1.000000	0	0	1	1.000000	0.000000	0.000000
ASV_102_16S_022_3	ASV_294_16S_3_200	1	ENV_Si	0.401058	0.307424	-0.093634	0.519481	2.000000	1.000000	0	1	0	1.000000	0.000000	0.000000
ASV_297_16S_022_3	ASV_297_16S_3_200	1	ENV_Si	0.860565	0.156301	-0.704265	0.162837	3.000000	1.000000	0	0	1	1.000000	0.000000	0.000000
ASV_298_16S_022_3	ASV_298_16S_3_200	1	ENV_Si	0.335454	0.183102	-0.152352	0.268731	3.000000	1.000000	0	0	1	1.000000	0.000000	0.000000
OTU_1834_18S_022_3	ASV_298_16S_3_200	1	ENV_Si	0.285449	-0.103538	-0.388987	0.357642	2.000000	1.000000	0	1	0	1.000000	0.000000	0.000000
ASV_585_16S_022_3	ASV_300_16S_3_200	1	ENV_Si	0.682504	0.124684	-0.557821	0.374625	3.000000	1.000000	0	0	1	1.000000	0.000000	0.000000
ASV_248_16S_3_200	ASV_300_16S_3_200	1	ENV_Si	0.688367	0.206419	-0.481948	0.447552	3.000000	1.000000	0	0	1	1.000000	0.000000	0.000000
ASV_67_16S_022_3	ASV_307_16S_3_200	1	ENV_Si	0.551409	0.052189	-0.499220	0.214785	3.000000	1.000000	0	0	1	1.000000	0.000000	0.000000
ASV_307_16S_022_3	ASV_307_16S_3_200	1	ENV_Si	0.445950	0.040202	-0.405748	0.411588	3.000000	1.000000	0	0	1	1.000000	0.000000	0.000000
ASV_134_16S_3_200	ASV_307_16S_3_200	1	ENV_Si	0.801843	0.106274	-0.695569	0.340659	3.000000	1.000000	0	0	1	1.000000	0.000000	0.000000
ASV_486_16S_022_3	ASV_321_16S_3_200	1	ENV_Si	0.654233	0.138186	-0.516047	0.500500	3.000000	1.000000	0	0	1	1.000000	0.000000	0.000000
ASV_137_16S_022_3	ASV_337_16S_3_200	1	ENV_Si	0.471596	0.000000	-0.471596	1.000000	3.000000	1.000000	0	0	1	1.000000	0.000000	0.000000
ASV_312_16S_022_3	ASV_337_16S_3_200	1	ENV_Si	0.556636	-0.033271	-0.589907	0.124875	3.000000	1.000000	0	0	1	1.000000	0.000000	0.000000
ASV_479_16S_022_3	ASV_337_16S_3_200	1	ENV_Si	0.731131	0.104397	-0.626734	0.018981	3.000000	1.000000	0	0	1	1.000000	0.000000	0.000000
ASV_976_16S_022_3	ASV_345_16S_3_200	1	ENV_Si	0.643381	0.138186	-0.505195	0.607393	3.000000	1.000000	0	0	1	1.000000	0.000000	0.000000
OTU_1154_18S_022_3	ASV_345_16S_3_200	1	ENV_Si	0.391395	0.102022	-0.289372	0.356643	3.000000	1.000000	0	0	1	1.000000	0.000000	0.000000
ASV_216_16S_3_200	ASV_345_16S_3_200	1	ENV_Si	0.653565	0.300345	-0.353220	0.516484	3.000000	1.000000	0	0	1	1.000000	0.000000	0.000000
ASV_1050_16S_022_3	ASV_348_16S_3_200	1	ENV_Si	0.466574	0.160644	-0.305930	0.536464	3.000000	1.000000	0	0	1	1.000000	0.000000	0.000000
OTU_1961_18S_022_3	ASV_348_16S_3_200	1	ENV_Si	0.619620	0.093925	-0.525694	0.214785	3.000000	1.000000	0	0	1	1.000000	0.000000	0.000000
ASV_1687_16S_022_3	ASV_364_16S_3_200	1	ENV_Si	0.358285	0.044260	-0.314024	0.267732	2.000000	1.000000	0	1	0	1.000000	0.000000	0.000000
ASV_216_16S_022_3	ASV_365_16S_3_200	1	ENV_Si	0.773606	0.488023	-0.285583	0.751249	3.000000	1.000000	0	0	1	1.000000	0.000000	0.000000
ASV_345_16S_022_3	ASV_365_16S_3_200	1	ENV_Si	0.828484	0.454234	-0.374250	0.715285	3.000000	1.000000	0	0	1	1.000000	0.000000	0.000000
ASV_537_16S_022_3	ASV_365_16S_3_200	1	ENV_Si	0.758438	0.211669	-0.546770	0.481518	3.000000	1.000000	0	0	1	1.000000	0.000000	0.000000
ASV_746_16S_022_3	ASV_365_16S_3_200	1	ENV_Si	0.567910	0.246631	-0.321278	0.750250	3.000000	1.000000	0	0	1	1.000000	0.000000	0.000000
ASV_274_16S_3_200	ASV_365_16S_3_200	1	ENV_Si	0.909923	0.409632	-0.500291	0.553447	3.000000	1.000000	0	0	1	1.000000	0.000000	0.000000
ASV_60_16S_022_3	ASV_379_16S_3_200	1	ENV_Si	0.542557	0.000000	-0.542557	1.000000	3.000000	1.000000	0	0	1	1.000000	0.000000	0.000000
ASV_920_16S_022_3	ASV_390_16S_3_200	1	ENV_Si	0.558342	0.038696	-0.519645	0.071928	3.000000	1.000000	0	0	1	1.000000	0.000000	0.000000
ASV_321_16S_022_3	ASV_400_16S_3_200	1	ENV_Si	0.641201	0.299486	-0.341716	0.912088	3.000000	1.000000	0	0	1	1.000000	0.000000	0.000000
ASV_868_16S_022_3	ASV_400_16S_3_200	1	ENV_Si	0.595803	0.207279	-0.388525	0.483516	3.000000	1.000000	0	0	1	1.000000	0.000000	0.000000
ASV_284_16S_022_3	ASV_405_16S_3_200	1	ENV_Si	0.910932	0.474676	-0.436256	0.876124	3.000000	1.000000	0	0	1	1.000000	0.000000	0.000000
ASV_452_16S_022_3	ASV_405_16S_3_200	1	ENV_Si	0.850669	0.253064	-0.597605	0.554446	3.000000	1.000000	0	0	1	1.000000	0.000000	0.000000
ASV_390_16S_3_200	ASV_412_16S_3_200	1	ENV_Si	0.670185	0.062670	-0.607515	0.483516	3.000000	1.000000	0	0	1	1.000000	0.000000	0.000000
ASV_337_16S_022_3	ASV_413_16S_3_200	1	ENV_Si	0.436351	-0.005046	-0.441398	0.214785	3.000000	1.000000	0	0	1	1.000000	0.000000	0.000000
ASV_15_16S_022_3	ASV_414_16S_3_200	1	ENV_Si	0.466822	0.375316	-0.091506	0.947053	3.000000	1.000000	0	0	1	1.000000	0.000000	0.000000
ASV_32_16S_022_3	ASV_414_16S_3_200	1	ENV_Si	0.414580	0.476497	0.061917	nan	2.000000	1.000000	0	1	0	1.000000	0.000000	0.000000
ASV_369_16S_022_3	ASV_431_16S_3_200	1	ENV_Si	0.682344	0.372312	-0.310032	0.858142	3.000000	1.000000	0	0	1	1.000000	0.000000	0.000000
ASV_1379_16S_022_3	ASV_431_16S_3_200	1	ENV_Si	0.404061	0.143749	-0.260311	0.715285	3.000000	1.000000	0	0	1	1.000000	0.000000	0.000000
ASV_400_16S_3_200	ASV_431_16S_3_200	1	ENV_Si	0.691320	0.248146	-0.443174	0.751249	3.000000	1.000000	0	0	1	1.000000	0.000000	0.000000
ASV_310_16S_022_3	ASV_437_16S_3_200	1	ENV_Si	0.613468	0.101366	-0.512102	0.357642	3.000000	1.000000	0	0	1	1.000000	0.000000	0.000000
ASV_84_16S_022_3	ASV_448_16S_3_200	1	ENV_Si	0.465453	0.075516	-0.389938	0.358641	3.000000	1.000000	0	0	1	1.000000	0.000000	0.000000
ASV_78_16S_022_3	ASV_459_16S_3_200	1	ENV_Si	0.336309	0.033789	-0.302520	0.106893	2.000000	1.000000	0	1	0	1.000000	0.000000	0.000000
ASV_370_16S_022_3	ASV_462_16S_3_200	1	ENV_Si	0.764500	0.310289	-0.454211	0.555445	3.000000	1.000000	0	0	1	1.000000	0.000000	0.000000
ASV_78_16S_022_3	ASV_464_16S_3_200	1	ENV_Si	0.390525	0.000000	-0.390525	0.571429	2.000000	1.000000	0	1	0	1.000000	0.000000	0.000000
ASV_74_16S_022_3	ASV_467_16S_3_200	1	ENV_Si	0.366848	0.104397	-0.262451	0.661339	1.000000	0.000000	1	0	0	1.000000	0.000000	0.000000
OTU_69_18S_022_3	ASV_467_16S_3_200	1	ENV_Si	0.493105	0.116384	-0.376721	0.233766	2.000000	1.000000	0	1	0	1.000000	0.000000	0.000000
OTU_938_18S_022_3	ASV_473_16S_3_200	1	ENV_Si	0.554875	0.035304	-0.519571	0.446553	3.000000	1.000000	0	0	1	1.000000	0.000000	0.000000
ASV_274_16S_3_200	ASV_473_16S_3_200	1	ENV_Si	0.735721	0.207935	-0.527787	0.520480	3.000000	1.000000	0	0	1	1.000000	0.000000	0.000000
ASV_378_16S_022_3	ASV_483_16S_3_200	1	ENV_Si	0.428789	0.021607	-0.407182	0.287712	3.000000	1.000000	0	0	1	1.000000	0.000000	0.000000
OTU_1561_18S_022_3	ASV_483_16S_3_200	1	ENV_Si	0.417007	0.081080	-0.335928	0.768232	3.000000	1.000000	0	0	1	1.000000	0.000000	0.000000
OTU_432_18S_022_3	ASV_488_16S_3_200	1	ENV_Si	0.398636	0.091551	-0.307085	0.340659	3.000000	1.000000	0	0	1	1.000000	0.000000	0.000000
ASV_765_16S_022_3	ASV_491_16S_3_200	1	ENV_Si	0.655580	0.035304	-0.620276	0.321678	3.000000	1.000000	0	0	1	1.000000	0.000000	0.000000
ASV_364_16S_3_200	ASV_491_16S_3_200	1	ENV_Si	0.489853	-0.018410	-0.508262	0.643357	3.000000	1.000000	0	0	1	1.000000	0.000000	0.000000
OTU_1898_18S_022_3	ASV_501_16S_3_200	1	ENV_Si	0.567243	0.081080	-0.486163	0.144855	3.000000	1.000000	0	0	1	1.000000	0.000000	0.000000
ASV_466_16S_022_3	ASV_515_16S_3_200	1	ENV_Si	0.554214	0.177214	-0.377000	0.464535	3.000000	1.000000	0	0	1	1.000000	0.000000	0.000000
ASV_515_16S_022_3	ASV_515_16S_3_200	1	ENV_Si	0.682221	0.291889	-0.390332	0.231768	3.000000	1.000000	0	0	1	1.000000	0.000000	0.000000
OTU_790_18S_022_3	ASV_515_16S_3_200	1	ENV_Si	0.687448	0.530896	-0.156551	0.642358	3.000000	1.000000	0	0	1	1.000000	0.000000	0.000000
ASV_1397_16S_022_3	ASV_523_16S_3_200	1	ENV_Si	0.378113	0.062670	-0.315443	0.751249	3.000000	1.000000	0	0	1	1.000000	0.000000	0.000000
ASV_110_16S_022_3	ASV_537_16S_3_200	1	ENV_Si	0.701606	0.635449	-0.066157	0.751249	3.000000	1.000000	0	0	1	1.000000	0.000000	0.000000
ASV_369_16S_022_3	ASV_537_16S_3_200	1	ENV_Si	0.682767	0.599489	-0.083278	0.840160	3.000000	1.000000	0	0	1	1.000000	0.000000	0.000000
ASV_805_16S_022_3	ASV_537_16S_3_200	1	ENV_Si	0.582530	0.407931	-0.174599	0.643357	3.000000	1.000000	0	0	1	1.000000	0.000000	0.000000
ASV_88_16S_022_3	ASV_559_16S_3_200	1	ENV_Si	0.645714	0.000000	-0.645714	1.000000	3.000000	1.000000	0	0	1	1.000000	0.000000	0.000000
ASV_101_16S_022_3	ASV_559_16S_3_200	1	ENV_Si	0.509481	0.108445	-0.401035	0.463536	3.000000	1.000000	0	0	1	1.000000	0.000000	0.000000
ASV_1382_16S_022_3	ASV_559_16S_3_200	1	ENV_Si	0.589045	0.000000	-0.589045	1.000000	3.000000	1.000000	0	0	1	1.000000	0.000000	0.000000
ASV_576_16S_022_3	ASV_576_16S_3_200	1	ENV_Si	0.789639	0.304393	-0.485246	0.573427	3.000000	1.000000	0	0	1	1.000000	0.000000	0.000000
OTU_537_18S_022_3	ASV_576_16S_3_200	1	ENV_Si	0.597818	0.091551	-0.506267	0.214785	3.000000	1.000000	0	0	1	1.000000	0.000000	0.000000
ASV_294_16S_3_200	ASV_576_16S_3_200	1	ENV_Si	0.653909	0.183961	-0.469948	0.608392	3.000000	1.000000	0	0	1	1.000000	0.000000	0.000000
ASV_1254_16S_022_3	ASV_610_16S_3_200	1	ENV_Si	0.425809	0.000000	-0.425809	1.000000	3.000000	1.000000	0	0	1	1.000000	0.000000	0.000000
OTU_2680_18S_022_3	ASV_610_16S_3_200	1	ENV_Si	0.541334	0.000000	-0.541334	1.000000	3.000000	1.000000	0	0	1	1.000000	0.000000	0.000000
ASV_49_16S_022_3	ASV_624_16S_3_200	1	ENV_Si	0.599698	0.015721	-0.583977	0.216783	3.000000	1.000000	0	0	1	1.000000	0.000000	0.000000
ASV_570_16S_022_3	ASV_624_16S_3_200	1	ENV_Si	0.574887	0.490868	-0.084019	0.875125	3.000000	1.000000	0	0	1	1.000000	0.000000	0.000000
ASV_1584_16S_022_3	ASV_624_16S_3_200	1	ENV_Si	0.504095	0.542724	0.038629	nan	3.000000	1.000000	0	0	1	1.000000	0.000000	0.000000
ASV_320_16S_022_3	ASV_628_16S_3_200	1	ENV_Si	0.630673	0.045776	-0.584898	0.427572	3.000000	1.000000	0	0	1	1.000000	0.000000	0.000000
ASV_235_16S_3_200	ASV_628_16S_3_200	1	ENV_Si	0.723064	0.200338	-0.522726	0.553447	3.000000	1.000000	0	0	1	1.000000	0.000000	0.000000
ASV_58_16S_022_3	ASV_630_16S_3_200	1	ENV_Si	0.115956	0.012551	-0.103405	0.072927	1.000000	0.000000	1	0	0	1.000000	0.000000	0.000000
ASV_1446_16S_022_3	ASV_630_16S_3_200	1	ENV_Si	0.542094	-0.011987	-0.554081	0.215784	3.000000	1.000000	0	0	1	1.000000	0.000000	0.000000
ASV_176_16S_3_200	ASV_630_16S_3_200	1	ENV_Si	0.270908	0.041886	-0.229022	0.072927	2.000000	1.000000	0	1	0	1.000000	0.000000	0.000000
OTU_1154_18S_022_3	ASV_650_16S_3_200	1	ENV_Si	0.358190	0.044260	-0.313930	0.339660	3.000000	1.000000	0	0	1	1.000000	0.000000	0.000000
ASV_459_16S_3_200	ASV_650_16S_3_200	1	ENV_Si	0.511933	0.114868	-0.397065	0.500500	3.000000	1.000000	0	0	1	1.000000	0.000000	0.000000
OTU_2135_18S_022_3	ASV_651_16S_3_200	1	ENV_Si	0.484794	0.045776	-0.439019	0.465534	3.000000	1.000000	0	0	1	1.000000	0.000000	0.000000
ASV_334_16S_022_3	ASV_662_16S_3_200	1	ENV_Si	0.744280	0.263525	-0.480755	0.713287	3.000000	1.000000	0	0	1	1.000000	0.000000	0.000000
ASV_499_16S_022_3	ASV_662_16S_3_200	1	ENV_Si	0.739521	0.218406	-0.521115	0.321678	3.000000	1.000000	0	0	1	1.000000	0.000000	0.000000
ASV_390_16S_3_200	ASV_662_16S_3_200	1	ENV_Si	0.809810	0.100849	-0.708961	0.677323	3.000000	1.000000	0	0	1	1.000000	0.000000	0.000000
ASV_624_16S_3_200	ASV_662_16S_3_200	1	ENV_Si	0.716510	0.296797	-0.419714	0.484515	3.000000	1.000000	0	0	1	1.000000	0.000000	0.000000
ASV_357_16S_022_3	ASV_663_16S_3_200	1	ENV_Si	0.590836	0.000000	-0.590836	1.000000	3.000000	1.000000	0	0	1	1.000000	0.000000	0.000000
ASV_40_16S_3_200	ASV_663_16S_3_200	1	ENV_Si	0.437213	-0.024833	-0.462045	0.071928	3.000000	1.000000	0	0	1	1.000000	0.000000	0.000000
ASV_459_16S_3_200	ASV_663_16S_3_200	1	ENV_Si	0.555537	0.172631	-0.382906	0.374625	3.000000	1.000000	0	0	1	1.000000	0.000000	0.000000
ASV_630_16S_3_200	ASV_663_16S_3_200	1	ENV_Si	0.497113	0.033789	-0.463324	0.125874	3.000000	1.000000	0	0	1	1.000000	0.000000	0.000000
ASV_102_16S_022_3	ASV_673_16S_3_200	1	ENV_Si	0.554875	-0.086643	-0.641519	0.071928	3.000000	1.000000	0	0	1	1.000000	0.000000	0.000000
ASV_664_16S_022_3	ASV_673_16S_3_200	1	ENV_Si	0.444736	-0.155736	-0.600472	0.731269	3.000000	1.000000	0	0	1	1.000000	0.000000	0.000000
ASV_673_16S_022_3	ASV_673_16S_3_200	1	ENV_Si	0.492737	-0.149313	-0.642050	0.606394	3.000000	1.000000	0	0	1	1.000000	0.000000	0.000000
OTU_4302_18S_022_3	ASV_673_16S_3_200	1	ENV_Si	0.439968	-0.155736	-0.595704	0.785215	3.000000	1.000000	0	0	1	1.000000	0.000000	0.000000
ASV_449_16S_022_3	ASV_687_16S_3_200	1	ENV_Si	0.256497	0.000000	-0.256497	0.321678	2.000000	1.000000	0	1	0	1.000000	0.000000	0.000000
ASV_2185_16S_022_3	ASV_687_16S_3_200	1	ENV_Si	0.279048	0.000000	-0.279048	1.000000	3.000000	1.000000	0	0	1	1.000000	0.000000	0.000000
OTU_1940_18S_022_3	ASV_687_16S_3_200	1	ENV_Si	0.303303	0.000000	-0.303303	0.785215	2.000000	1.000000	0	1	0	1.000000	0.000000	0.000000
ASV_431_16S_3_200	ASV_691_16S_3_200	1	ENV_Si	0.364410	0.004908	-0.359503	0.286713	2.000000	1.000000	0	1	0	1.000000	0.000000	0.000000
ASV_705_16S_022_3	ASV_705_16S_3_200	1	ENV_Si	0.428125	0.062670	-0.365456	0.322677	3.000000	1.000000	0	0	1	1.000000	0.000000	0.000000
ASV_755_16S_022_3	ASV_705_16S_3_200	1	ENV_Si	0.430578	0.062670	-0.367908	0.715285	3.000000	1.000000	0	0	1	1.000000	0.000000	0.000000
ASV_1149_16S_022_3	ASV_705_16S_3_200	1	ENV_Si	0.406323	0.125340	-0.280984	0.322677	3.000000	1.000000	0	0	1	1.000000	0.000000	0.000000
OTU_1828_18S_022_3	ASV_705_16S_3_200	1	ENV_Si	0.372816	-0.023974	-0.396789	0.357642	2.000000	1.000000	0	1	0	1.000000	0.000000	0.000000
ASV_971_16S_022_3	ASV_706_16S_3_200	1	ENV_Si	0.554214	0.125340	-0.428874	0.608392	3.000000	1.000000	0	0	1	1.000000	0.000000	0.000000
OTU_1263_18S_022_3	ASV_706_16S_3_200	1	ENV_Si	0.499719	0.000000	-0.499719	0.569431	3.000000	1.000000	0	0	1	1.000000	0.000000	0.000000
ASV_145_16S_022_3	ASV_723_16S_3_200	1	ENV_Si	0.654109	0.291750	-0.362358	0.535465	3.000000	1.000000	0	0	1	1.000000	0.000000	0.000000
ASV_847_16S_022_3	ASV_723_16S_3_200	1	ENV_Si	0.725830	0.308645	-0.417185	0.519481	3.000000	1.000000	0	0	1	1.000000	0.000000	0.000000
ASV_889_16S_022_3	ASV_723_16S_3_200	1	ENV_Si	0.493105	0.213701	-0.279403	0.287712	2.000000	1.000000	0	1	0	1.000000	0.000000	0.000000
OTU_318_18S_022_3	ASV_723_16S_3_200	1	ENV_Si	0.573678	0.060498	-0.513180	0.339660	3.000000	1.000000	0	0	1	1.000000	0.000000	0.000000
OTU_393_18S_022_3	ASV_723_16S_3_200	1	ENV_Si	0.754609	0.207279	-0.547330	0.483516	3.000000	1.000000	0	0	1	1.000000	0.000000	0.000000
OTU_1024_18S_022_3	ASV_755_16S_3_200	1	ENV_Si	0.378099	0.000000	-0.378099	1.000000	3.000000	1.000000	0	0	1	1.000000	0.000000	0.000000
OTU_1893_18S_022_3	ASV_755_16S_3_200	1	ENV_Si	0.483572	0.000000	-0.483572	1.000000	3.000000	1.000000	0	0	1	1.000000	0.000000	0.000000
ASV_379_16S_3_200	ASV_755_16S_3_200	1	ENV_Si	0.599096	0.000000	-0.599096	1.000000	3.000000	1.000000	0	0	1	1.000000	0.000000	0.000000
ASV_75_16S_022_3	ASV_777_16S_3_200	1	ENV_Si	0.458233	0.045776	-0.412457	0.823177	3.000000	1.000000	0	0	1	1.000000	0.000000	0.000000
ASV_579_16S_022_3	ASV_777_16S_3_200	1	ENV_Si	0.542557	0.000000	-0.542557	1.000000	3.000000	1.000000	0	0	1	1.000000	0.000000	0.000000
ASV_286_16S_3_200	ASV_777_16S_3_200	1	ENV_Si	0.509481	0.091551	-0.417929	0.715285	3.000000	1.000000	0	0	1	1.000000	0.000000	0.000000
ASV_472_16S_022_3	ASV_784_16S_3_200	1	ENV_Si	0.383349	0.259792	-0.123557	0.412587	2.000000	1.000000	0	1	0	1.000000	0.000000	0.000000
OTU_790_18S_022_3	ASV_784_16S_3_200	1	ENV_Si	0.562608	0.973282	0.410674	nan	3.000000	1.000000	0	0	1	1.000000	0.000000	0.000000
ASV_345_16S_3_200	ASV_787_16S_3_200	1	ENV_Si	0.548062	0.214358	-0.333704	0.947053	3.000000	1.000000	0	0	1	1.000000	0.000000	0.000000
ASV_473_16S_3_200	ASV_787_16S_3_200	1	ENV_Si	0.483616	0.070608	-0.413008	0.412587	3.000000	1.000000	0	0	1	1.000000	0.000000	0.000000
ASV_297_16S_022_3	ASV_808_16S_3_200	1	ENV_Si	0.590836	0.211327	-0.379509	0.608392	3.000000	1.000000	0	0	1	1.000000	0.000000	0.000000
ASV_542_16S_3_200	ASV_808_16S_3_200	1	ENV_Si	0.525813	0.189525	-0.336288	0.767233	3.000000	1.000000	0	0	1	1.000000	0.000000	0.000000
ASV_884_16S_022_3	ASV_812_16S_3_200	1	ENV_Si	0.735144	0.126855	-0.608289	0.643357	3.000000	1.000000	0	0	1	1.000000	0.000000	0.000000
ASV_886_16S_022_3	ASV_858_16S_3_200	1	ENV_Si	0.487679	0.091551	-0.396127	0.626374	3.000000	1.000000	0	0	1	1.000000	0.000000	0.000000
ASV_1589_16S_022_3	ASV_863_16S_3_200	1	ENV_Si	0.461770	0.081080	-0.380690	0.696304	3.000000	1.000000	0	0	1	1.000000	0.000000	0.000000
ASV_2127_16S_022_3	ASV_863_16S_3_200	1	ENV_Si	0.425809	0.000000	-0.425809	1.000000	3.000000	1.000000	0	0	1	1.000000	0.000000	0.000000
ASV_297_16S_022_3	ASV_884_16S_3_200	1	ENV_Si	0.518254	0.168944	-0.349310	0.445554	3.000000	1.000000	0	0	1	1.000000	0.000000	0.000000
ASV_566_16S_022_3	ASV_884_16S_3_200	1	ENV_Si	0.691540	0.101366	-0.590174	0.089910	3.000000	1.000000	0	0	1	1.000000	0.000000	0.000000
OTU_624_18S_022_3	ASV_884_16S_3_200	1	ENV_Si	0.399014	0.101366	-0.297648	0.216783	3.000000	1.000000	0	0	1	1.000000	0.000000	0.000000
ASV_112_16S_022_3	ASV_888_16S_3_200	1	ENV_Si	0.519532	0.081080	-0.438452	0.520480	3.000000	1.000000	0	0	1	1.000000	0.000000	0.000000
ASV_1254_16S_022_3	ASV_888_16S_3_200	1	ENV_Si	0.673006	0.143749	-0.529256	0.537463	3.000000	1.000000	0	0	1	1.000000	0.000000	0.000000
ASV_1415_16S_022_3	ASV_888_16S_3_200	1	ENV_Si	0.519532	0.000000	-0.519532	0.731269	3.000000	1.000000	0	0	1	1.000000	0.000000	0.000000
ASV_152_16S_3_200	ASV_903_16S_3_200	1	ENV_Si	0.257908	0.000000	-0.257908	1.000000	1.000000	0.000000	1	0	0	1.000000	0.000000	0.000000
ASV_675_16S_022_3	ASV_905_16S_3_200	1	ENV_Si	0.589045	0.000000	-0.589045	0.215784	3.000000	1.000000	0	0	1	1.000000	0.000000	0.000000
ASV_1223_16S_022_3	ASV_905_16S_3_200	1	ENV_Si	0.519532	0.000000	-0.519532	1.000000	3.000000	1.000000	0	0	1	1.000000	0.000000	0.000000
ASV_2023_16S_022_3	ASV_905_16S_3_200	1	ENV_Si	0.408776	0.000000	-0.408776	0.482517	3.000000	1.000000	0	0	1	1.000000	0.000000	0.000000
ASV_95_16S_022_3	ASV_904_16S_3_200	1	ENV_Si	0.272728	0.021802	-0.250926	0.161838	3.000000	1.000000	0	0	1	1.000000	0.000000	0.000000
ASV_135_16S_022_3	ASV_904_16S_3_200	1	ENV_Si	0.251022	0.067578	-0.183444	0.215784	2.000000	1.000000	0	1	0	1.000000	0.000000	0.000000
OTU_662_18S_022_3	ASV_904_16S_3_200	1	ENV_Si	0.264890	0.062670	-0.202220	0.518482	3.000000	1.000000	0	0	1	1.000000	0.000000	0.000000
OTU_2160_18S_022_3	ASV_904_16S_3_200	1	ENV_Si	0.379321	0.125340	-0.253981	0.250749	3.000000	1.000000	0	0	1	1.000000	0.000000	0.000000
ASV_128_16S_022_3	ASV_910_16S_3_200	1	ENV_Si	0.492359	0.095099	-0.397260	0.125874	3.000000	1.000000	0	0	1	1.000000	0.000000	0.000000
ASV_81_16S_022_3	ASV_912_16S_3_200	1	ENV_Si	0.397259	0.503372	0.106113	nan	3.000000	1.000000	0	0	1	1.000000	0.000000	0.000000
OTU_313_18S_022_3	ASV_912_16S_3_200	1	ENV_Si	0.483711	0.074000	-0.409710	0.483516	3.000000	1.000000	0	0	1	1.000000	0.000000	0.000000
ASV_377_16S_022_3	ASV_932_16S_3_200	1	ENV_Si	0.353903	0.062670	-0.291233	0.752248	3.000000	1.000000	0	0	1	1.000000	0.000000	0.000000
ASV_688_16S_022_3	ASV_932_16S_3_200	1	ENV_Si	0.495322	0.091551	-0.403771	0.839161	3.000000	1.000000	0	0	1	1.000000	0.000000	0.000000
ASV_932_16S_022_3	ASV_932_16S_3_200	1	ENV_Si	0.646807	0.062670	-0.584137	0.448551	3.000000	1.000000	0	0	1	1.000000	0.000000	0.000000
ASV_1643_16S_022_3	ASV_932_16S_3_200	1	ENV_Si	0.310299	0.000000	-0.310299	1.000000	3.000000	1.000000	0	0	1	1.000000	0.000000	0.000000
ASV_1734_16S_022_3	ASV_949_16S_3_200	1	ENV_Si	0.519532	0.067060	-0.452472	0.786214	3.000000	1.000000	0	0	1	1.000000	0.000000	0.000000
OTU_1762_18S_022_3	ASV_949_16S_3_200	1	ENV_Si	0.541334	0.081080	-0.460254	0.858142	3.000000	1.000000	0	0	1	1.000000	0.000000	0.000000
ASV_1587_16S_022_3	ASV_972_16S_3_200	1	ENV_Si	0.434974	0.000000	-0.434974	0.928072	3.000000	1.000000	0	0	1	1.000000	0.000000	0.000000
ASV_1446_16S_022_3	ASV_1029_16S_3_200	1	ENV_Si	0.472591	0.121291	-0.351299	0.483516	3.000000	1.000000	0	0	1	1.000000	0.000000	0.000000
ASV_213_16S_022_3	ASV_1067_16S_3_200	1	ENV_Si	0.439968	0.154221	-0.285747	0.965035	3.000000	1.000000	0	0	1	1.000000	0.000000	0.000000
ASV_1147_16S_022_3	ASV_1067_16S_3_200	1	ENV_Si	0.567243	0.000000	-0.567243	1.000000	3.000000	1.000000	0	0	1	1.000000	0.000000	0.000000
ASV_1693_16S_022_3	ASV_1071_16S_3_200	1	ENV_Si	0.439968	0.000000	-0.439968	1.000000	3.000000	1.000000	0	0	1	1.000000	0.000000	0.000000
OTU_2439_18S_022_3	ASV_1071_16S_3_200	1	ENV_Si	0.519532	0.000000	-0.519532	0.856144	3.000000	1.000000	0	0	1	1.000000	0.000000	0.000000
ASV_157_16S_3_200	ASV_1071_16S_3_200	1	ENV_Si	0.404007	0.091551	-0.312456	0.286713	3.000000	1.000000	0	0	1	1.000000	0.000000	0.000000
ASV_1569_16S_022_3	ASV_1076_16S_3_200	1	ENV_Si	0.521848	0.000000	-0.521848	0.928072	3.000000	1.000000	0	0	1	1.000000	0.000000	0.000000
ASV_96_16S_3_200	ASV_1076_16S_3_200	1	ENV_Si	0.601412	0.000000	-0.601412	0.858142	3.000000	1.000000	0	0	1	1.000000	0.000000	0.000000
ASV_1055_16S_022_3	ASV_1107_16S_3_200	1	ENV_Si	0.625005	0.104397	-0.520608	0.304695	3.000000	1.000000	0	0	1	1.000000	0.000000	0.000000
ASV_1394_16S_022_3	ASV_1107_16S_3_200	1	ENV_Si	0.603203	0.000000	-0.603203	0.928072	3.000000	1.000000	0	0	1	1.000000	0.000000	0.000000
ASV_1560_16S_022_3	ASV_1107_16S_3_200	1	ENV_Si	0.590836	0.219265	-0.371570	0.734266	3.000000	1.000000	0	0	1	1.000000	0.000000	0.000000
ASV_2181_16S_022_3	ASV_1107_16S_3_200	1	ENV_Si	0.487679	0.000000	-0.487679	1.000000	3.000000	1.000000	0	0	1	1.000000	0.000000	0.000000
ASV_389_16S_022_3	ASV_1117_16S_3_200	1	ENV_Si	0.735144	0.143749	-0.591395	0.304695	3.000000	1.000000	0	0	1	1.000000	0.000000	0.000000
ASV_803_16S_022_3	ASV_1117_16S_3_200	1	ENV_Si	0.731877	0.160644	-0.571233	0.321678	3.000000	1.000000	0	0	1	1.000000	0.000000	0.000000
ASV_1676_16S_022_3	ASV_1117_16S_3_200	1	ENV_Si	0.648598	0.045776	-0.602822	0.195804	3.000000	1.000000	0	0	1	1.000000	0.000000	0.000000
ASV_13_16S_022_3	ASV_1124_16S_3_200	1	ENV_Si	0.403306	0.190033	-0.213273	0.071928	3.000000	1.000000	0	0	1	1.000000	0.000000	0.000000
ASV_297_16S_3_200	ASV_1124_16S_3_200	1	ENV_Si	0.447840	0.121467	-0.326372	0.072927	3.000000	1.000000	0	0	1	1.000000	0.000000	0.000000
ASV_513_16S_022_3	ASV_1137_16S_3_200	1	ENV_Si	0.391395	0.016894	-0.374500	0.625375	3.000000	1.000000	0	0	1	1.000000	0.000000	0.000000
ASV_173_16S_022_3	ASV_1138_16S_3_200	1	ENV_Si	0.541438	0.114868	-0.426569	0.929071	3.000000	1.000000	0	0	1	1.000000	0.000000	0.000000
ASV_673_16S_022_3	ASV_1138_16S_3_200	1	ENV_Si	0.615243	0.143749	-0.471494	0.929071	3.000000	1.000000	0	0	1	1.000000	0.000000	0.000000
OTU_100_18S_022_3	ASV_1138_16S_3_200	1	ENV_Si	0.579283	0.097974	-0.481309	0.786214	3.000000	1.000000	0	0	1	1.000000	0.000000	0.000000
OTU_940_18S_022_3	ASV_1138_16S_3_200	1	ENV_Si	0.346245	0.062670	-0.283575	0.751249	2.000000	1.000000	0	1	0	1.000000	0.000000	0.000000
OTU_1509_18S_022_3	ASV_1193_16S_3_200	1	ENV_Si	0.493623	0.091551	-0.402072	0.875125	3.000000	1.000000	0	0	1	1.000000	0.000000	0.000000
ASV_1203_16S_022_3	ASV_1203_16S_3_200	1	ENV_Si	0.546102	0.000000	-0.546102	0.786214	3.000000	1.000000	0	0	1	1.000000	0.000000	0.000000
ASV_2653_16S_022_3	ASV_1203_16S_3_200	1	ENV_Si	0.656858	0.000000	-0.656858	0.821179	3.000000	1.000000	0	0	1	1.000000	0.000000	0.000000
ASV_815_16S_022_3	ASV_1215_16S_3_200	1	ENV_Si	0.636698	0.235301	-0.401397	0.804196	3.000000	1.000000	0	0	1	1.000000	0.000000	0.000000
OTU_105_18S_022_3	ASV_1215_16S_3_200	1	ENV_Si	0.744747	0.287499	-0.457248	0.876124	3.000000	1.000000	0	0	1	1.000000	0.000000	0.000000
OTU_729_18S_022_3	ASV_1215_16S_3_200	1	ENV_Si	0.722945	0.297970	-0.424975	0.965035	3.000000	1.000000	0	0	1	1.000000	0.000000	0.000000
ASV_817_16S_022_3	ASV_1220_16S_3_200	1	ENV_Si	0.666565	0.099675	-0.566890	0.732268	3.000000	1.000000	0	0	1	1.000000	0.000000	0.000000
ASV_321_16S_3_200	ASV_1220_16S_3_200	1	ENV_Si	0.680302	0.181928	-0.498373	0.537463	3.000000	1.000000	0	0	1	1.000000	0.000000	0.000000
ASV_1227_16S_022_3	ASV_1227_16S_3_200	1	ENV_Si	0.317659	0.067578	-0.250082	0.160839	3.000000	1.000000	0	0	1	1.000000	0.000000	0.000000
ASV_104_16S_022_3	ASV_1226_16S_3_200	1	ENV_Si	0.325418	0.024491	-0.300926	0.607393	2.000000	1.000000	0	1	0	1.000000	0.000000	0.000000
ASV_295_16S_022_3	ASV_1251_16S_3_200	1	ENV_Si	0.431045	0.004908	-0.426138	0.179820	3.000000	1.000000	0	0	1	1.000000	0.000000	0.000000
ASV_1407_16S_022_3	ASV_1251_16S_3_200	1	ENV_Si	0.728162	0.200338	-0.527824	0.858142	3.000000	1.000000	0	0	1	1.000000	0.000000	0.000000
OTU_646_18S_022_3	ASV_1251_16S_3_200	1	ENV_Si	0.567243	0.143749	-0.423493	0.821179	3.000000	1.000000	0	0	1	1.000000	0.000000	0.000000
ASV_390_16S_3_200	ASV_1251_16S_3_200	1	ENV_Si	0.712134	0.062670	-0.649464	0.391608	3.000000	1.000000	0	0	1	1.000000	0.000000	0.000000
ASV_134_16S_022_3	ASV_1250_16S_3_200	1	ENV_Si	0.636652	0.070608	-0.566044	0.159840	3.000000	1.000000	0	0	1	1.000000	0.000000	0.000000
ASV_800_16S_022_3	ASV_1250_16S_3_200	1	ENV_Si	0.593048	0.035304	-0.557744	0.286713	3.000000	1.000000	0	0	1	1.000000	0.000000	0.000000
ASV_1212_16S_022_3	ASV_1250_16S_3_200	1	ENV_Si	0.649428	0.133278	-0.516150	0.732268	3.000000	1.000000	0	0	1	1.000000	0.000000	0.000000
OTU_1959_18S_022_3	ASV_1254_16S_3_200	1	ENV_Si	0.298534	0.000000	-0.298534	1.000000	3.000000	1.000000	0	0	1	1.000000	0.000000	0.000000
ASV_610_16S_3_200	ASV_1254_16S_3_200	1	ENV_Si	0.483572	0.000000	-0.483572	1.000000	3.000000	1.000000	0	0	1	1.000000	0.000000	0.000000
ASV_1523_16S_022_3	ASV_1275_16S_3_200	1	ENV_Si	0.429916	0.000000	-0.429916	1.000000	3.000000	1.000000	0	0	1	1.000000	0.000000	0.000000
OTU_2878_18S_022_3	ASV_1275_16S_3_200	1	ENV_Si	0.404007	0.000000	-0.404007	0.535465	2.000000	1.000000	0	1	0	1.000000	0.000000	0.000000
ASV_658_16S_022_3	ASV_1283_16S_3_200	1	ENV_Si	0.435861	0.000000	-0.435861	0.929071	3.000000	1.000000	0	0	1	1.000000	0.000000	0.000000
ASV_814_16S_022_3	ASV_1283_16S_3_200	1	ENV_Si	0.439968	0.081080	-0.358888	0.357642	3.000000	1.000000	0	0	1	1.000000	0.000000	0.000000
ASV_1380_16S_022_3	ASV_1287_16S_3_200	1	ENV_Si	0.576677	0.052198	-0.524479	0.552448	3.000000	1.000000	0	0	1	1.000000	0.000000	0.000000
ASV_402_16S_022_3	ASV_1300_16S_3_200	1	ENV_Si	0.318481	-0.011987	-0.330468	0.357642	1.000000	0.000000	1	0	0	1.000000	0.000000	0.000000
OTU_506_18S_022_3	ASV_1321_16S_3_200	1	ENV_Si	0.389232	0.033789	-0.355444	0.447552	3.000000	1.000000	0	0	1	1.000000	0.000000	0.000000
ASV_643_16S_022_3	ASV_1375_16S_3_200	1	ENV_Si	0.444736	0.000000	-0.444736	0.875125	3.000000	1.000000	0	0	1	1.000000	0.000000	0.000000
OTU_182_18S_022_3	ASV_1375_16S_3_200	1	ENV_Si	0.429916	-0.045776	-0.475692	0.286713	3.000000	1.000000	0	0	1	1.000000	0.000000	0.000000
OTU_1893_18S_022_3	ASV_1375_16S_3_200	1	ENV_Si	0.461770	0.000000	-0.461770	0.929071	3.000000	1.000000	0	0	1	1.000000	0.000000	0.000000
ASV_1999_16S_022_3	ASV_1400_16S_3_200	1	ENV_Si	0.541334	0.000000	-0.541334	0.947053	3.000000	1.000000	0	0	1	1.000000	0.000000	0.000000
OTU_307_18S_022_3	ASV_1400_16S_3_200	1	ENV_Si	0.322035	0.081080	-0.240956	0.929071	2.000000	1.000000	0	1	0	1.000000	0.000000	0.000000
ASV_820_16S_022_3	ASV_1439_16S_3_200	1	ENV_Si	0.905164	0.137327	-0.767837	0.141858	3.000000	1.000000	0	0	1	1.000000	0.000000	0.000000
ASV_1491_16S_022_3	ASV_1439_16S_3_200	1	ENV_Si	0.480697	0.000000	-0.480697	0.786214	3.000000	1.000000	0	0	1	1.000000	0.000000	0.000000
ASV_823_16S_022_3	ASV_1457_16S_3_200	1	ENV_Si	0.682767	0.081080	-0.601688	0.624376	3.000000	1.000000	0	0	1	1.000000	0.000000	0.000000
ASV_978_16S_022_3	ASV_1457_16S_3_200	1	ENV_Si	0.684558	0.052198	-0.632360	0.464535	3.000000	1.000000	0	0	1	1.000000	0.000000	0.000000
ASV_1894_16S_022_3	ASV_1457_16S_3_200	1	ENV_Si	0.764122	0.172631	-0.591492	0.732268	3.000000	1.000000	0	0	1	1.000000	0.000000	0.000000
ASV_13_16S_022_3	ASV_1480_16S_3_200	1	ENV_Si	0.457970	0.016894	-0.441075	0.895105	3.000000	1.000000	0	0	1	1.000000	0.000000	0.000000
ASV_530_16S_022_3	ASV_1480_16S_3_200	1	ENV_Si	0.299757	0.000000	-0.299757	1.000000	3.000000	1.000000	0	0	1	1.000000	0.000000	0.000000
ASV_699_16S_022_3	ASV_1512_16S_3_200	1	ENV_Si	0.502498	0.000000	-0.502498	1.000000	3.000000	1.000000	0	0	1	1.000000	0.000000	0.000000
ASV_1707_16S_022_3	ASV_1512_16S_3_200	1	ENV_Si	0.464086	0.000000	-0.464086	1.000000	3.000000	1.000000	0	0	1	1.000000	0.000000	0.000000
ASV_1716_16S_022_3	ASV_1512_16S_3_200	1	ENV_Si	0.442284	0.000000	-0.442284	1.000000	3.000000	1.000000	0	0	1	1.000000	0.000000	0.000000
ASV_1747_16S_022_3	ASV_1512_16S_3_200	1	ENV_Si	0.358613	0.000000	-0.358613	1.000000	3.000000	1.000000	0	0	1	1.000000	0.000000	0.000000
ASV_863_16S_3_200	ASV_1512_16S_3_200	1	ENV_Si	0.519532	0.000000	-0.519532	1.000000	3.000000	1.000000	0	0	1	1.000000	0.000000	0.000000
ASV_27_16S_022_3	ASV_1537_16S_3_200	1	ENV_Si	0.330098	0.297434	-0.032664	0.124875	2.000000	1.000000	0	1	0	1.000000	0.000000	0.000000
ASV_1648_16S_022_3	ASV_1564_16S_3_200	1	ENV_Si	0.625005	0.091551	-0.533454	0.572428	3.000000	1.000000	0	0	1	1.000000	0.000000	0.000000
ASV_2155_16S_022_3	ASV_1564_16S_3_200	1	ENV_Si	0.541334	0.091551	-0.449783	0.643357	3.000000	1.000000	0	0	1	1.000000	0.000000	0.000000
ASV_706_16S_3_200	ASV_1564_16S_3_200	1	ENV_Si	0.567243	0.000000	-0.567243	0.447552	3.000000	1.000000	0	0	1	1.000000	0.000000	0.000000
ASV_905_16S_3_200	ASV_1564_16S_3_200	1	ENV_Si	0.485888	0.000000	-0.485888	0.552448	3.000000	1.000000	0	0	1	1.000000	0.000000	0.000000
ASV_1420_16S_022_3	ASV_1591_16S_3_200	1	ENV_Si	0.299011	0.079564	-0.219447	0.697303	3.000000	1.000000	0	0	1	1.000000	0.000000	0.000000
OTU_984_18S_022_3	ASV_1591_16S_3_200	1	ENV_Si	0.541334	0.062670	-0.478664	0.696304	3.000000	1.000000	0	0	1	1.000000	0.000000	0.000000
OTU_1102_18S_022_3	ASV_1591_16S_3_200	1	ENV_Si	0.577294	0.125340	-0.451954	0.375624	3.000000	1.000000	0	0	1	1.000000	0.000000	0.000000
ASV_237_16S_3_200	ASV_1591_16S_3_200	1	ENV_Si	0.519532	0.000518	-0.519014	0.411588	3.000000	1.000000	0	0	1	1.000000	0.000000	0.000000
ASV_396_16S_022_3	ASV_1675_16S_3_200	1	ENV_Si	0.680302	0.235301	-0.445001	0.840160	3.000000	1.000000	0	0	1	1.000000	0.000000	0.000000
ASV_1094_16S_022_3	ASV_1675_16S_3_200	1	ENV_Si	0.680302	0.148140	-0.532162	0.392607	3.000000	1.000000	0	0	1	1.000000	0.000000	0.000000
ASV_1127_16S_022_3	ASV_1715_16S_3_200	1	ENV_Si	0.368047	0.045776	-0.322272	0.285714	3.000000	1.000000	0	0	1	1.000000	0.000000	0.000000
ASV_307_16S_3_200	ASV_1821_16S_3_200	1	ENV_Si	0.604332	0.033789	-0.570544	0.572428	3.000000	1.000000	0	0	1	1.000000	0.000000	0.000000
ASV_1480_16S_3_200	ASV_1821_16S_3_200	1	ENV_Si	0.620366	0.091551	-0.528815	0.912088	3.000000	1.000000	0	0	1	1.000000	0.000000	0.000000
OTU_2167_18S_022_3	ASV_1870_16S_3_200	1	ENV_Si	0.521848	-0.132419	-0.654267	0.910090	3.000000	1.000000	0	0	1	1.000000	0.000000	0.000000
ASV_468_16S_022_3	ASV_1879_16S_3_200	1	ENV_Si	0.807726	0.709110	-0.098616	0.894106	3.000000	1.000000	0	0	1	1.000000	0.000000	0.000000
ASV_1071_16S_022_3	ASV_1879_16S_3_200	1	ENV_Si	0.541334	0.000000	-0.541334	0.786214	3.000000	1.000000	0	0	1	1.000000	0.000000	0.000000
ASV_1584_16S_022_3	ASV_1879_16S_3_200	1	ENV_Si	0.536341	-0.067060	-0.603401	0.534466	3.000000	1.000000	0	0	1	1.000000	0.000000	0.000000
ASV_414_16S_3_200	ASV_1879_16S_3_200	1	ENV_Si	0.533073	0.009630	-0.523444	0.965035	3.000000	1.000000	0	0	1	1.000000	0.000000	0.000000
ASV_1087_16S_022_3	ASV_1963_16S_3_200	1	ENV_Si	0.625005	0.000000	-0.625005	0.787213	3.000000	1.000000	0	0	1	1.000000	0.000000	0.000000
ASV_1289_16S_022_3	ASV_1963_16S_3_200	1	ENV_Si	0.569695	0.091551	-0.478144	0.499500	3.000000	1.000000	0	0	1	1.000000	0.000000	0.000000
ASV_1366_16S_022_3	ASV_1963_16S_3_200	1	ENV_Si	0.605655	0.000000	-0.605655	0.572428	3.000000	1.000000	0	0	1	1.000000	0.000000	0.000000
ASV_1508_16S_022_3	ASV_1963_16S_3_200	1	ENV_Si	0.466538	0.000000	-0.466538	0.715285	3.000000	1.000000	0	0	1	1.000000	0.000000	0.000000
ASV_1858_16S_022_3	ASV_2004_16S_3_200	1	ENV_Si	0.497730	0.081080	-0.416650	0.858142	3.000000	1.000000	0	0	1	1.000000	0.000000	0.000000
ASV_1212_16S_022_3	ASV_2007_16S_3_200	1	ENV_Si	0.382205	0.052198	-0.330007	0.447552	3.000000	1.000000	0	0	1	1.000000	0.000000	0.000000
OTU_6834_18S_022_3	ASV_2032_16S_3_200	1	ENV_Si	0.439968	0.000000	-0.439968	1.000000	3.000000	1.000000	0	0	1	1.000000	0.000000	0.000000
ASV_51_16S_022_3	ASV_2134_16S_3_200	1	ENV_Si	0.393942	0.635950	0.242008	nan	2.000000	1.000000	0	1	0	1.000000	0.000000	0.000000
ASV_1059_16S_022_3	ASV_2134_16S_3_200	1	ENV_Si	0.599096	-0.155736	-0.754832	1.000000	3.000000	1.000000	0	0	1	1.000000	0.000000	0.000000
ASV_616_16S_022_3	ASV_2156_16S_3_200	1	ENV_Si	0.439968	0.206419	-0.233548	0.894106	3.000000	1.000000	0	0	1	1.000000	0.000000	0.000000
ASV_718_16S_022_3	ASV_2156_16S_3_200	1	ENV_Si	0.404007	0.125340	-0.278668	0.643357	3.000000	1.000000	0	0	1	1.000000	0.000000	0.000000
ASV_1257_16S_022_3	ASV_2156_16S_3_200	1	ENV_Si	0.461770	0.052198	-0.409571	0.357642	3.000000	1.000000	0	0	1	1.000000	0.000000	0.000000
ASV_1397_16S_022_3	ASV_2156_16S_3_200	1	ENV_Si	0.356297	0.091551	-0.264746	0.822178	3.000000	1.000000	0	0	1	1.000000	0.000000	0.000000
ASV_1523_16S_022_3	ASV_2281_16S_3_200	1	ENV_Si	0.682767	0.000000	-0.682767	1.000000	3.000000	1.000000	0	0	1	1.000000	0.000000	0.000000
ASV_1820_16S_022_3	ASV_2281_16S_3_200	1	ENV_Si	0.704569	0.000000	-0.704569	0.606394	3.000000	1.000000	0	0	1	1.000000	0.000000	0.000000
ASV_9_16S_022_3	ASV_2288_16S_3_200	1	ENV_Si	0.362279	0.511831	0.149552	nan	3.000000	1.000000	0	0	1	1.000000	0.000000	0.000000
ASV_1059_16S_022_3	ASV_2288_16S_3_200	1	ENV_Si	0.519532	-0.155736	-0.675268	1.000000	3.000000	1.000000	0	0	1	1.000000	0.000000	0.000000
OTU_1010_18S_022_3	ASV_2288_16S_3_200	1	ENV_Si	0.334495	0.994215	0.659721	nan	3.000000	1.000000	0	0	1	1.000000	0.000000	0.000000
ASV_777_16S_3_200	ASV_2288_16S_3_200	1	ENV_Si	0.439968	-0.018410	-0.458377	0.465534	3.000000	1.000000	0	0	1	1.000000	0.000000	0.000000
ASV_2134_16S_3_200	ASV_2288_16S_3_200	1	ENV_Si	0.519532	1.046255	0.526723	nan	3.000000	1.000000	0	0	1	1.000000	0.000000	0.000000
ASV_168_16S_022_3	ASV_2561_16S_3_200	1	ENV_Si	0.568656	0.172631	-0.396025	0.876124	3.000000	1.000000	0	0	1	1.000000	0.000000	0.000000
OTU_574_18S_022_3	OTU_3_18S_3_200	1	ENV_Si	0.297002	0.000000	-0.297002	0.286713	3.000000	1.000000	0	0	1	1.000000	0.000000	0.000000
OTU_7_18S_022_3	OTU_10_18S_3_200	1	ENV_Si	0.477276	0.430075	-0.047201	0.429570	3.000000	1.000000	0	0	1	1.000000	0.000000	0.000000
OTU_39_18S_022_3	OTU_10_18S_3_200	1	ENV_Si	0.536246	0.163674	-0.372572	0.517483	3.000000	1.000000	0	0	1	1.000000	0.000000	0.000000
OTU_50_18S_022_3	OTU_10_18S_3_200	1	ENV_Si	0.811441	0.220781	-0.590661	0.215784	3.000000	1.000000	0	0	1	1.000000	0.000000	0.000000
ASV_723_16S_3_200	OTU_10_18S_3_200	1	ENV_Si	0.819752	0.343431	-0.476320	0.428571	3.000000	1.000000	0	0	1	1.000000	0.000000	0.000000
OTU_906_18S_022_3	OTU_11_18S_3_200	1	ENV_Si	0.509432	0.122456	-0.386976	0.286713	3.000000	1.000000	0	0	1	1.000000	0.000000	0.000000
OTU_1247_18S_022_3	OTU_11_18S_3_200	1	ENV_Si	0.468881	0.048982	-0.419899	0.233766	3.000000	1.000000	0	0	1	1.000000	0.000000	0.000000
OTU_3_18S_3_200	OTU_11_18S_3_200	1	ENV_Si	0.143303	0.000000	-0.143303	0.124875	1.000000	0.000000	1	0	0	1.000000	0.000000	0.000000
OTU_24_18S_022_3	OTU_12_18S_3_200	1	ENV_Si	0.369270	-0.035960	-0.405230	0.569431	3.000000	1.000000	0	0	1	1.000000	0.000000	0.000000
OTU_158_18S_022_3	OTU_17_18S_3_200	1	ENV_Si	0.410164	0.135155	-0.275009	0.339660	3.000000	1.000000	0	0	1	1.000000	0.000000	0.000000
OTU_1247_18S_022_3	OTU_17_18S_3_200	1	ENV_Si	0.604332	0.148657	-0.455675	0.448551	3.000000	1.000000	0	0	1	1.000000	0.000000	0.000000
OTU_77_18S_022_3	OTU_18_18S_3_200	1	ENV_Si	0.508634	0.101366	-0.407268	0.320679	3.000000	1.000000	0	0	1	1.000000	0.000000	0.000000
OTU_10_18S_3_200	OTU_18_18S_3_200	1	ENV_Si	0.660419	0.133786	-0.526633	0.285714	3.000000	1.000000	0	0	1	1.000000	0.000000	0.000000
OTU_2040_18S_022_3	OTU_16_18S_3_200	1	ENV_Si	0.425809	0.000000	-0.425809	0.713287	3.000000	1.000000	0	0	1	1.000000	0.000000	0.000000
ASV_113_16S_022_3	OTU_29_18S_3_200	1	ENV_Si	0.565488	0.353199	-0.212288	0.464535	3.000000	1.000000	0	0	1	1.000000	0.000000	0.000000
ASV_2185_16S_022_3	OTU_30_18S_3_200	1	ENV_Si	0.348561	0.000000	-0.348561	1.000000	3.000000	1.000000	0	0	1	1.000000	0.000000	0.000000
OTU_421_18S_022_3	OTU_34_18S_3_200	1	ENV_Si	0.569541	-0.045776	-0.615317	0.178821	3.000000	1.000000	0	0	1	1.000000	0.000000	0.000000
OTU_613_18S_022_3	OTU_38_18S_3_200	1	ENV_Si	0.802510	0.258618	-0.543892	0.588412	3.000000	1.000000	0	0	1	1.000000	0.000000	0.000000
OTU_1338_18S_022_3	OTU_44_18S_3_200	1	ENV_Si	0.493623	0.000000	-0.493623	0.786214	3.000000	1.000000	0	0	1	1.000000	0.000000	0.000000
OTU_2035_18S_022_3	OTU_44_18S_3_200	1	ENV_Si	0.551385	0.081080	-0.470306	0.947053	3.000000	1.000000	0	0	1	1.000000	0.000000	0.000000
ASV_53_16S_022_3	OTU_50_18S_3_200	1	ENV_Si	0.859059	0.385473	-0.473586	0.590410	3.000000	1.000000	0	0	1	1.000000	0.000000	0.000000
ASV_723_16S_022_3	OTU_50_18S_3_200	1	ENV_Si	0.659210	0.224829	-0.434381	0.555445	3.000000	1.000000	0	0	1	1.000000	0.000000	0.000000
OTU_350_18S_022_3	OTU_50_18S_3_200	1	ENV_Si	0.415212	0.349310	-0.065902	0.198801	3.000000	1.000000	0	0	1	1.000000	0.000000	0.000000
ASV_377_16S_3_200	OTU_50_18S_3_200	1	ENV_Si	0.451670	0.000000	-0.451670	1.000000	3.000000	1.000000	0	0	1	1.000000	0.000000	0.000000
ASV_1059_16S_022_3	OTU_48_18S_3_200	1	ENV_Si	0.324443	0.602715	0.278272	nan	3.000000	1.000000	0	0	1	1.000000	0.000000	0.000000
OTU_5773_18S_022_3	OTU_48_18S_3_200	1	ENV_Si	0.429916	-0.057762	-0.487679	0.785215	3.000000	1.000000	0	0	1	1.000000	0.000000	0.000000
OTU_1283_18S_022_3	OTU_62_18S_3_200	1	ENV_Si	0.535679	0.125340	-0.410339	0.284715	3.000000	1.000000	0	0	1	1.000000	0.000000	0.000000
ASV_648_16S_022_3	OTU_68_18S_3_200	1	ENV_Si	0.483572	0.024491	-0.459081	0.785215	3.000000	1.000000	0	0	1	1.000000	0.000000	0.000000
OTU_1353_18S_022_3	OTU_71_18S_3_200	1	ENV_Si	0.508009	0.159129	-0.348881	0.519481	3.000000	1.000000	0	0	1	1.000000	0.000000	0.000000
ASV_491_16S_022_3	OTU_75_18S_3_200	1	ENV_Si	0.579263	0.135155	-0.444108	0.394605	3.000000	1.000000	0	0	1	1.000000	0.000000	0.000000
OTU_4_18S_022_3	OTU_75_18S_3_200	1	ENV_Si	0.740853	0.089380	-0.651473	0.195804	3.000000	1.000000	0	0	1	1.000000	0.000000	0.000000
OTU_248_18S_022_3	OTU_75_18S_3_200	1	ENV_Si	0.553831	0.085987	-0.467843	0.607393	3.000000	1.000000	0	0	1	1.000000	0.000000	0.000000
ASV_1067_16S_3_200	OTU_75_18S_3_200	1	ENV_Si	0.436431	0.096459	-0.339972	0.929071	3.000000	1.000000	0	0	1	1.000000	0.000000	0.000000
OTU_29_18S_3_200	OTU_78_18S_3_200	1	ENV_Si	0.698055	0.217750	-0.480305	0.286713	3.000000	1.000000	0	0	1	1.000000	0.000000	0.000000
OTU_71_18S_3_200	OTU_78_18S_3_200	1	ENV_Si	0.846655	0.394429	-0.452226	0.466533	3.000000	1.000000	0	0	1	1.000000	0.000000	0.000000
OTU_850_18S_022_3	OTU_82_18S_3_200	1	ENV_Si	0.633778	0.045776	-0.588003	0.340659	3.000000	1.000000	0	0	1	1.000000	0.000000	0.000000
OTU_330_18S_022_3	OTU_83_18S_3_200	1	ENV_Si	0.334495	0.091551	-0.242944	0.071928	3.000000	1.000000	0	0	1	1.000000	0.000000	0.000000
OTU_676_18S_022_3	OTU_83_18S_3_200	1	ENV_Si	0.356297	-0.081080	-0.437376	0.267732	3.000000	1.000000	0	0	1	1.000000	0.000000	0.000000
OTU_870_18S_022_3	OTU_83_18S_3_200	1	ENV_Si	0.519532	0.125340	-0.394192	0.642358	3.000000	1.000000	0	0	1	1.000000	0.000000	0.000000
OTU_2633_18S_022_3	OTU_83_18S_3_200	1	ENV_Si	0.276732	-0.023974	-0.300706	0.232767	3.000000	1.000000	0	0	1	1.000000	0.000000	0.000000
ASV_250_16S_022_3	OTU_86_18S_3_200	1	ENV_Si	0.324443	0.000000	-0.324443	1.000000	3.000000	1.000000	0	0	1	1.000000	0.000000	0.000000
ASV_2156_16S_3_200	OTU_86_18S_3_200	1	ENV_Si	0.414059	0.183102	-0.230957	0.733267	3.000000	1.000000	0	0	1	1.000000	0.000000	0.000000
ASV_863_16S_3_200	OTU_89_18S_3_200	1	ENV_Si	0.324443	0.000000	-0.324443	1.000000	2.000000	1.000000	0	1	0	1.000000	0.000000	0.000000
OTU_660_18S_022_3	OTU_103_18S_3_200	1	ENV_Si	0.688656	0.034306	-0.654350	0.215784	3.000000	1.000000	0	0	1	1.000000	0.000000	0.000000
OTU_1143_18S_022_3	OTU_103_18S_3_200	1	ENV_Si	0.542557	0.067578	-0.474979	0.232767	3.000000	1.000000	0	0	1	1.000000	0.000000	0.000000
ASV_377_16S_3_200	OTU_103_18S_3_200	1	ENV_Si	0.583197	0.106274	-0.476923	0.054945	3.000000	1.000000	0	0	1	1.000000	0.000000	0.000000
ASV_153_16S_022_3	OTU_101_18S_3_200	1	ENV_Si	0.706738	0.255226	-0.451513	0.804196	3.000000	1.000000	0	0	1	1.000000	0.000000	0.000000
ASV_612_16S_022_3	OTU_101_18S_3_200	1	ENV_Si	0.838470	0.417229	-0.421241	0.911089	3.000000	1.000000	0	0	1	1.000000	0.000000	0.000000
OTU_534_18S_022_3	OTU_101_18S_3_200	1	ENV_Si	0.518289	0.100849	-0.417440	0.572428	3.000000	1.000000	0	0	1	1.000000	0.000000	0.000000
OTU_568_18S_022_3	OTU_109_18S_3_200	1	ENV_Si	0.674752	0.297638	-0.377114	0.929071	3.000000	1.000000	0	0	1	1.000000	0.000000	0.000000
ASV_1029_16S_022_3	OTU_106_18S_3_200	1	ENV_Si	0.710075	0.269089	-0.440986	0.875125	3.000000	1.000000	0	0	1	1.000000	0.000000	0.000000
OTU_38_18S_3_200	OTU_106_18S_3_200	1	ENV_Si	0.861774	0.325678	-0.536096	0.713287	3.000000	1.000000	0	0	1	1.000000	0.000000	0.000000
ASV_622_16S_022_3	OTU_118_18S_3_200	1	ENV_Si	0.648598	0.090377	-0.558221	0.607393	3.000000	1.000000	0	0	1	1.000000	0.000000	0.000000
ASV_671_16S_022_3	OTU_118_18S_3_200	1	ENV_Si	0.545441	0.052198	-0.493242	0.591409	3.000000	1.000000	0	0	1	1.000000	0.000000	0.000000
ASV_1050_16S_022_3	OTU_118_18S_3_200	1	ENV_Si	0.566149	0.104397	-0.461752	0.769231	3.000000	1.000000	0	0	1	1.000000	0.000000	0.000000
ASV_357_16S_022_3	OTU_119_18S_3_200	1	ENV_Si	0.389615	0.013540	-0.376075	0.786214	3.000000	1.000000	0	0	1	1.000000	0.000000	0.000000
OTU_332_18S_022_3	OTU_116_18S_3_200	1	ENV_Si	0.521292	0.229737	-0.291555	0.605395	3.000000	1.000000	0	0	1	1.000000	0.000000	0.000000
ASV_105_16S_022_3	OTU_129_18S_3_200	1	ENV_Si	0.211275	0.154786	-0.056490	0.393606	2.000000	1.000000	0	1	0	1.000000	0.000000	0.000000
OTU_2722_18S_022_3	OTU_129_18S_3_200	1	ENV_Si	0.465246	0.125340	-0.339906	0.893107	3.000000	1.000000	0	0	1	1.000000	0.000000	0.000000
ASV_1426_16S_022_3	OTU_142_18S_3_200	1	ENV_Si	0.616352	0.329209	-0.287144	0.607393	3.000000	1.000000	0	0	1	1.000000	0.000000	0.000000
ASV_767_16S_022_3	OTU_137_18S_3_200	1	ENV_Si	0.752470	0.220966	-0.531504	0.268731	3.000000	1.000000	0	0	1	1.000000	0.000000	0.000000
OTU_751_18S_022_3	OTU_137_18S_3_200	1	ENV_Si	0.424894	0.195616	-0.229278	0.554446	3.000000	1.000000	0	0	1	1.000000	0.000000	0.000000
OTU_378_18S_022_3	OTU_146_18S_3_200	1	ENV_Si	0.451286	0.000000	-0.451286	0.929071	3.000000	1.000000	0	0	1	1.000000	0.000000	0.000000
ASV_21_16S_022_3	OTU_141_18S_3_200	1	ENV_Si	0.284649	0.054935	-0.229714	0.035964	1.000000	0.000000	1	0	0	0.000000	0.000000	0.000000
OTU_183_18S_022_3	OTU_141_18S_3_200	1	ENV_Si	0.471596	0.299144	-0.172452	0.018981	3.000000	1.000000	0	0	1	1.000000	0.000000	0.000000
ASV_932_16S_022_3	OTU_155_18S_3_200	1	ENV_Si	0.682767	0.143749	-0.539018	0.680320	3.000000	1.000000	0	0	1	1.000000	0.000000	0.000000
ASV_932_16S_3_200	OTU_155_18S_3_200	1	ENV_Si	0.646807	0.091551	-0.555256	0.752248	3.000000	1.000000	0	0	1	1.000000	0.000000	0.000000
OTU_260_18S_022_3	OTU_152_18S_3_200	1	ENV_Si	0.324443	0.062670	-0.261773	0.698302	3.000000	1.000000	0	0	1	1.000000	0.000000	0.000000
OTU_811_18S_022_3	OTU_166_18S_3_200	1	ENV_Si	0.323627	0.489520	0.165893	nan	2.000000	1.000000	0	1	0	1.000000	0.000000	0.000000
ASV_126_16S_022_3	OTU_162_18S_3_200	1	ENV_Si	0.428738	0.119935	-0.308804	0.000999	3.000000	1.000000	0	0	1	1.000000	0.000000	0.000000
ASV_732_16S_022_3	OTU_183_18S_3_200	1	ENV_Si	0.576016	0.104397	-0.471619	0.356643	3.000000	1.000000	0	0	1	1.000000	0.000000	0.000000
ASV_1971_16S_022_3	OTU_183_18S_3_200	1	ENV_Si	0.671276	0.243239	-0.428037	0.624376	3.000000	1.000000	0	0	1	1.000000	0.000000	0.000000
OTU_50_18S_022_3	OTU_189_18S_3_200	1	ENV_Si	0.507730	0.344920	-0.162811	0.251748	3.000000	1.000000	0	0	1	1.000000	0.000000	0.000000
OTU_345_18S_022_3	OTU_189_18S_3_200	1	ENV_Si	0.754813	0.115386	-0.639427	0.180819	3.000000	1.000000	0	0	1	1.000000	0.000000	0.000000
ASV_767_16S_022_3	OTU_195_18S_3_200	1	ENV_Si	0.678252	0.332101	-0.346151	0.839161	3.000000	1.000000	0	0	1	1.000000	0.000000	0.000000
OTU_195_18S_022_3	OTU_195_18S_3_200	1	ENV_Si	0.737222	0.143093	-0.594129	0.231768	3.000000	1.000000	0	0	1	1.000000	0.000000	0.000000
OTU_38_18S_3_200	OTU_195_18S_3_200	1	ENV_Si	0.782210	0.287499	-0.494711	0.605395	3.000000	1.000000	0	0	1	1.000000	0.000000	0.000000
ASV_1190_16S_022_3	OTU_197_18S_3_200	1	ENV_Si	0.603865	0.253710	-0.350155	0.912088	3.000000	1.000000	0	0	1	1.000000	0.000000	0.000000
OTU_101_18S_022_3	OTU_197_18S_3_200	1	ENV_Si	0.699184	0.172631	-0.526553	0.608392	3.000000	1.000000	0	0	1	1.000000	0.000000	0.000000
OTU_2309_18S_022_3	OTU_197_18S_3_200	1	ENV_Si	0.483572	0.062670	-0.420902	0.303696	3.000000	1.000000	0	0	1	1.000000	0.000000	0.000000
OTU_1149_18S_022_3	OTU_198_18S_3_200	1	ENV_Si	0.451718	0.000000	-0.451718	1.000000	3.000000	1.000000	0	0	1	1.000000	0.000000	0.000000
OTU_1647_18S_022_3	OTU_198_18S_3_200	1	ENV_Si	0.384521	0.000000	-0.384521	1.000000	3.000000	1.000000	0	0	1	1.000000	0.000000	0.000000
ASV_271_16S_022_3	OTU_196_18S_3_200	1	ENV_Si	0.395429	0.085987	-0.309442	0.446553	3.000000	1.000000	0	0	1	1.000000	0.000000	0.000000
OTU_18_18S_022_3	OTU_174_18S_3_200	1	ENV_Si	0.507730	0.138186	-0.369545	0.822178	3.000000	1.000000	0	0	1	1.000000	0.000000	0.000000
OTU_50_18S_022_3	OTU_174_18S_3_200	1	ENV_Si	0.808357	0.219921	-0.588436	0.036963	3.000000	1.000000	0	0	1	1.000000	0.000000	0.000000
OTU_60_18S_022_3	OTU_174_18S_3_200	1	ENV_Si	0.805050	0.281935	-0.523115	0.590410	3.000000	1.000000	0	0	1	1.000000	0.000000	0.000000
ASV_800_16S_022_3	OTU_204_18S_3_200	1	ENV_Si	0.467210	0.000000	-0.467210	0.625375	3.000000	1.000000	0	0	1	1.000000	0.000000	0.000000
ASV_192_16S_3_200	OTU_204_18S_3_200	1	ENV_Si	0.639115	0.267915	-0.371199	0.912088	3.000000	1.000000	0	0	1	1.000000	0.000000	0.000000
OTU_89_18S_3_200	OTU_204_18S_3_200	1	ENV_Si	0.566065	0.243803	-0.322261	0.839161	3.000000	1.000000	0	0	1	1.000000	0.000000	0.000000
ASV_910_16S_022_3	OTU_217_18S_3_200	1	ENV_Si	0.530274	0.052198	-0.478075	0.572428	3.000000	1.000000	0	0	1	1.000000	0.000000	0.000000
OTU_4_18S_022_3	OTU_217_18S_3_200	1	ENV_Si	0.404061	0.071968	-0.332093	0.107892	2.000000	1.000000	0	1	0	1.000000	0.000000	0.000000
ASV_1675_16S_3_200	OTU_212_18S_3_200	1	ENV_Si	0.415216	0.067578	-0.347639	0.822178	3.000000	1.000000	0	0	1	1.000000	0.000000	0.000000
OTU_498_18S_022_3	OTU_205_18S_3_200	1	ENV_Si	0.661090	0.189525	-0.471565	0.642358	3.000000	1.000000	0	0	1	1.000000	0.000000	0.000000
OTU_141_18S_3_200	OTU_205_18S_3_200	1	ENV_Si	0.682892	0.148657	-0.534235	0.445554	3.000000	1.000000	0	0	1	1.000000	0.000000	0.000000
ASV_229_16S_022_3	OTU_231_18S_3_200	1	ENV_Si	0.521521	0.143749	-0.377771	0.840160	3.000000	1.000000	0	0	1	1.000000	0.000000	0.000000
ASV_637_16S_022_3	OTU_232_18S_3_200	1	ENV_Si	0.404007	0.000000	-0.404007	0.750250	3.000000	1.000000	0	0	1	1.000000	0.000000	0.000000
OTU_1374_18S_022_3	OTU_232_18S_3_200	1	ENV_Si	0.541334	0.000000	-0.541334	0.857143	3.000000	1.000000	0	0	1	1.000000	0.000000	0.000000
OTU_1575_18S_022_3	OTU_232_18S_3_200	1	ENV_Si	0.432369	0.000000	-0.432369	0.715285	3.000000	1.000000	0	0	1	1.000000	0.000000	0.000000
OTU_763_18S_022_3	OTU_235_18S_3_200	1	ENV_Si	0.612359	0.138842	-0.473517	0.396603	3.000000	1.000000	0	0	1	1.000000	0.000000	0.000000
OTU_2856_18S_022_3	OTU_235_18S_3_200	1	ENV_Si	0.437083	0.091551	-0.345532	0.072927	3.000000	1.000000	0	0	1	1.000000	0.000000	0.000000
OTU_138_18S_3_200	OTU_236_18S_3_200	1	ENV_Si	0.554597	0.052198	-0.502399	0.358641	3.000000	1.000000	0	0	1	1.000000	0.000000	0.000000
ASV_1380_16S_022_3	OTU_213_18S_3_200	1	ENV_Si	0.659041	0.205763	-0.453278	0.591409	3.000000	1.000000	0	0	1	1.000000	0.000000	0.000000
OTU_11_18S_3_200	OTU_213_18S_3_200	1	ENV_Si	0.581301	-0.033271	-0.614572	0.250749	3.000000	1.000000	0	0	1	1.000000	0.000000	0.000000
ASV_429_16S_022_3	OTU_242_18S_3_200	1	ENV_Si	0.439933	0.402229	-0.037704	0.858142	3.000000	1.000000	0	0	1	1.000000	0.000000	0.000000
ASV_714_16S_022_3	OTU_242_18S_3_200	1	ENV_Si	0.337075	0.333451	-0.003624	0.894106	3.000000	1.000000	0	0	1	1.000000	0.000000	0.000000
OTU_58_18S_022_3	OTU_249_18S_3_200	1	ENV_Si	0.483572	0.588003	0.104431	nan	3.000000	1.000000	0	0	1	1.000000	0.000000	0.000000
OTU_215_18S_022_3	OTU_249_18S_3_200	1	ENV_Si	0.483572	1.252269	0.768697	nan	3.000000	1.000000	0	0	1	1.000000	0.000000	0.000000
OTU_760_18S_022_3	OTU_249_18S_3_200	1	ENV_Si	0.599096	0.004908	-0.594189	0.626374	3.000000	1.000000	0	0	1	1.000000	0.000000	0.000000
OTU_1376_18S_022_3	OTU_249_18S_3_200	1	ENV_Si	0.577294	1.343820	0.766525	nan	3.000000	1.000000	0	0	1	1.000000	0.000000	0.000000
OTU_40_18S_3_200	OTU_249_18S_3_200	1	ENV_Si	0.308733	0.911833	0.603100	nan	3.000000	1.000000	0	0	1	1.000000	0.000000	0.000000
OTU_240_18S_3_200	OTU_249_18S_3_200	1	ENV_Si	0.519532	-0.028364	-0.547895	0.876124	3.000000	1.000000	0	0	1	1.000000	0.000000	0.000000
ASV_556_16S_022_3	OTU_228_18S_3_200	1	ENV_Si	0.439351	0.038696	-0.400654	0.357642	3.000000	1.000000	0	0	1	1.000000	0.000000	0.000000
ASV_606_16S_022_3	OTU_228_18S_3_200	1	ENV_Si	0.660965	0.062670	-0.598295	0.430569	3.000000	1.000000	0	0	1	1.000000	0.000000	0.000000
ASV_1705_16S_022_3	OTU_260_18S_3_200	1	ENV_Si	0.519532	0.091551	-0.427981	0.768232	3.000000	1.000000	0	0	1	1.000000	0.000000	0.000000
OTU_613_18S_022_3	OTU_270_18S_3_200	1	ENV_Si	0.824312	0.328367	-0.495945	0.965035	3.000000	1.000000	0	0	1	1.000000	0.000000	0.000000
OTU_105_18S_3_200	OTU_270_18S_3_200	1	ENV_Si	0.743365	0.246113	-0.497252	0.767233	3.000000	1.000000	0	0	1	1.000000	0.000000	0.000000
ASV_1094_16S_022_3	OTU_277_18S_3_200	1	ENV_Si	0.576677	0.033789	-0.542889	0.054945	3.000000	1.000000	0	0	1	1.000000	0.000000	0.000000
OTU_2562_18S_022_3	OTU_278_18S_3_200	1	ENV_Si	0.656858	0.000000	-0.656858	0.662338	3.000000	1.000000	0	0	1	1.000000	0.000000	0.000000
OTU_436_18S_022_3	OTU_286_18S_3_200	1	ENV_Si	0.353903	1.338912	0.985009	nan	3.000000	1.000000	0	0	1	1.000000	0.000000	0.000000
OTU_141_18S_3_200	OTU_245_18S_3_200	1	ENV_Si	0.775233	0.216235	-0.558998	0.267732	3.000000	1.000000	0	0	1	1.000000	0.000000	0.000000
ASV_306_16S_022_3	OTU_292_18S_3_200	1	ENV_Si	0.519532	0.091551	-0.427981	0.607393	3.000000	1.000000	0	0	1	1.000000	0.000000	0.000000
ASV_637_16S_022_3	OTU_292_18S_3_200	1	ENV_Si	0.356297	0.000000	-0.356297	0.857143	3.000000	1.000000	0	0	1	1.000000	0.000000	0.000000
OTU_2150_18S_022_3	OTU_293_18S_3_200	1	ENV_Si	0.493623	-0.057762	-0.551385	0.752248	3.000000	1.000000	0	0	1	1.000000	0.000000	0.000000
OTU_131_18S_3_200	OTU_293_18S_3_200	1	ENV_Si	0.483572	-0.149313	-0.632885	0.608392	3.000000	1.000000	0	0	1	1.000000	0.000000	0.000000
OTU_240_18S_3_200	OTU_293_18S_3_200	1	ENV_Si	0.577294	-0.124822	-0.702116	0.785215	3.000000	1.000000	0	0	1	1.000000	0.000000	0.000000
OTU_286_18S_3_200	OTU_293_18S_3_200	1	ENV_Si	0.483572	-0.149313	-0.632885	0.518482	3.000000	1.000000	0	0	1	1.000000	0.000000	0.000000
ASV_1753_16S_022_3	OTU_300_18S_3_200	1	ENV_Si	0.785546	-0.023456	-0.809002	0.178821	3.000000	1.000000	0	0	1	1.000000	0.000000	0.000000
OTU_50_18S_022_3	OTU_300_18S_3_200	1	ENV_Si	0.550484	0.257258	-0.293225	0.160839	3.000000	1.000000	0	0	1	1.000000	0.000000	0.000000
ASV_666_16S_022_3	OTU_291_18S_3_200	1	ENV_Si	0.464912	0.156595	-0.308316	0.248751	3.000000	1.000000	0	0	1	1.000000	0.000000	0.000000
OTU_1246_18S_022_3	OTU_298_18S_3_200	1	ENV_Si	0.519532	0.158611	-0.360921	0.893107	3.000000	1.000000	0	0	1	1.000000	0.000000	0.000000
OTU_1058_18S_022_3	OTU_303_18S_3_200	1	ENV_Si	0.596221	0.114868	-0.481353	0.661339	3.000000	1.000000	0	0	1	1.000000	0.000000	0.000000
OTU_877_18S_022_3	OTU_304_18S_3_200	1	ENV_Si	0.317659	-0.086643	-0.404303	0.215784	2.000000	1.000000	0	1	0	1.000000	0.000000	0.000000
OTU_1961_18S_022_3	OTU_304_18S_3_200	1	ENV_Si	0.473520	0.000000	-0.473520	1.000000	3.000000	1.000000	0	0	1	1.000000	0.000000	0.000000
OTU_712_18S_022_3	OTU_315_18S_3_200	1	ENV_Si	0.425809	1.464816	1.039007	nan	3.000000	1.000000	0	0	1	1.000000	0.000000	0.000000
OTU_1024_18S_022_3	OTU_315_18S_3_200	1	ENV_Si	0.346907	0.000000	-0.346907	0.535465	2.000000	1.000000	0	1	0	1.000000	0.000000	0.000000
OTU_889_18S_022_3	OTU_322_18S_3_200	1	ENV_Si	0.442284	0.000000	-0.442284	1.000000	3.000000	1.000000	0	0	1	1.000000	0.000000	0.000000
OTU_496_18S_022_3	OTU_325_18S_3_200	1	ENV_Si	0.710075	0.069093	-0.640982	0.356643	3.000000	1.000000	0	0	1	1.000000	0.000000	0.000000
OTU_105_18S_3_200	OTU_329_18S_3_200	1	ENV_Si	0.868457	0.219921	-0.648536	0.213786	3.000000	1.000000	0	0	1	1.000000	0.000000	0.000000
OTU_38_18S_3_200	OTU_332_18S_3_200	1	ENV_Si	0.753679	0.221281	-0.532398	0.697303	3.000000	1.000000	0	0	1	1.000000	0.000000	0.000000
OTU_790_18S_022_3	OTU_348_18S_3_200	1	ENV_Si	0.546774	0.468227	-0.078548	0.462537	3.000000	1.000000	0	0	1	1.000000	0.000000	0.000000
ASV_1305_16S_022_3	OTU_290_18S_3_200	1	ENV_Si	0.388481	0.009815	-0.378666	0.572428	2.000000	1.000000	0	1	0	1.000000	0.000000	0.000000
OTU_729_18S_022_3	OTU_290_18S_3_200	1	ENV_Si	0.560728	0.192917	-0.367811	0.804196	3.000000	1.000000	0	0	1	1.000000	0.000000	0.000000
ASV_462_16S_3_200	OTU_290_18S_3_200	1	ENV_Si	0.579849	0.160634	-0.419214	0.484515	3.000000	1.000000	0	0	1	1.000000	0.000000	0.000000
ASV_267_16S_022_3	OTU_361_18S_3_200	1	ENV_Si	0.400049	-0.079047	-0.479096	0.679321	3.000000	1.000000	0	0	1	1.000000	0.000000	0.000000
ASV_425_16S_022_3	OTU_360_18S_3_200	1	ENV_Si	0.627626	0.062670	-0.564956	0.410589	3.000000	1.000000	0	0	1	1.000000	0.000000	0.000000
ASV_472_16S_022_3	OTU_360_18S_3_200	1	ENV_Si	0.674115	0.062670	-0.611445	0.393606	3.000000	1.000000	0	0	1	1.000000	0.000000	0.000000
ASV_574_16S_022_3	OTU_360_18S_3_200	1	ENV_Si	0.605078	-0.011987	-0.617065	0.088911	3.000000	1.000000	0	0	1	1.000000	0.000000	0.000000
OTU_763_18S_022_3	OTU_360_18S_3_200	1	ENV_Si	0.749303	0.137327	-0.611976	0.144855	3.000000	1.000000	0	0	1	1.000000	0.000000	0.000000
ASV_769_16S_3_200	OTU_360_18S_3_200	1	ENV_Si	0.486585	0.057762	-0.428823	0.286713	3.000000	1.000000	0	0	1	1.000000	0.000000	0.000000
ASV_88_16S_022_3	OTU_368_18S_3_200	1	ENV_Si	0.505503	0.052198	-0.453304	0.430569	3.000000	1.000000	0	0	1	1.000000	0.000000	0.000000
ASV_507_16S_022_3	OTU_343_18S_3_200	1	ENV_Si	0.943262	0.598501	-0.344761	0.911089	3.000000	1.000000	0	0	1	1.000000	0.000000	0.000000
ASV_687_16S_022_3	OTU_343_18S_3_200	1	ENV_Si	0.392668	0.313349	-0.079319	0.839161	3.000000	1.000000	0	0	1	1.000000	0.000000	0.000000
OTU_489_18S_022_3	OTU_343_18S_3_200	1	ENV_Si	0.556636	0.500341	-0.056294	0.947053	3.000000	1.000000	0	0	1	1.000000	0.000000	0.000000
OTU_495_18S_022_3	OTU_343_18S_3_200	1	ENV_Si	0.479612	0.109305	-0.370307	0.643357	3.000000	1.000000	0	0	1	1.000000	0.000000	0.000000
ASV_949_16S_022_3	OTU_363_18S_3_200	1	ENV_Si	0.731877	0.183102	-0.548775	0.502498	3.000000	1.000000	0	0	1	1.000000	0.000000	0.000000
ASV_333_16S_022_3	OTU_356_18S_3_200	1	ENV_Si	0.336811	0.000000	-0.336811	1.000000	3.000000	1.000000	0	0	1	1.000000	0.000000	0.000000
ASV_781_16S_022_3	OTU_356_18S_3_200	1	ENV_Si	0.461770	0.000000	-0.461770	1.000000	3.000000	1.000000	0	0	1	1.000000	0.000000	0.000000
ASV_582_16S_022_3	OTU_371_18S_3_200	1	ENV_Si	0.685603	0.085987	-0.599616	0.339660	3.000000	1.000000	0	0	1	1.000000	0.000000	0.000000
ASV_636_16S_022_3	OTU_371_18S_3_200	1	ENV_Si	0.537171	0.033789	-0.503383	0.464535	3.000000	1.000000	0	0	1	1.000000	0.000000	0.000000
ASV_738_16S_022_3	OTU_371_18S_3_200	1	ENV_Si	0.608923	0.156595	-0.452327	0.268731	3.000000	1.000000	0	0	1	1.000000	0.000000	0.000000
OTU_15_18S_022_3	OTU_387_18S_3_200	1	ENV_Si	0.353675	0.016894	-0.336780	0.375624	2.000000	1.000000	0	1	0	1.000000	0.000000	0.000000
OTU_2656_18S_022_3	OTU_387_18S_3_200	1	ENV_Si	0.495939	0.000000	-0.495939	0.874126	3.000000	1.000000	0	0	1	1.000000	0.000000	0.000000
OTU_1216_18S_022_3	OTU_404_18S_3_200	1	ENV_Si	0.579610	0.091551	-0.488059	0.555445	3.000000	1.000000	0	0	1	1.000000	0.000000	0.000000
OTU_613_18S_022_3	OTU_382_18S_3_200	1	ENV_Si	0.744747	0.154221	-0.590526	0.358641	3.000000	1.000000	0	0	1	1.000000	0.000000	0.000000
OTU_1902_18S_022_3	OTU_403_18S_3_200	1	ENV_Si	0.461770	0.000000	-0.461770	1.000000	3.000000	1.000000	0	0	1	1.000000	0.000000	0.000000
OTU_38_18S_3_200	OTU_413_18S_3_200	1	ENV_Si	0.905378	0.183102	-0.722276	0.500500	3.000000	1.000000	0	0	1	1.000000	0.000000	0.000000
OTU_109_18S_3_200	OTU_412_18S_3_200	1	ENV_Si	0.584983	0.091551	-0.493432	0.839161	3.000000	1.000000	0	0	1	1.000000	0.000000	0.000000
OTU_382_18S_3_200	OTU_412_18S_3_200	1	ENV_Si	0.514986	0.091551	-0.423435	0.858142	3.000000	1.000000	0	0	1	1.000000	0.000000	0.000000
OTU_396_18S_022_3	OTU_419_18S_3_200	1	ENV_Si	0.433842	0.299144	-0.134697	0.554446	3.000000	1.000000	0	0	1	1.000000	0.000000	0.000000
ASV_332_16S_022_3	OTU_393_18S_3_200	1	ENV_Si	0.634062	0.258618	-0.375444	0.750250	3.000000	1.000000	0	0	1	1.000000	0.000000	0.000000
OTU_419_18S_3_200	OTU_393_18S_3_200	1	ENV_Si	0.634062	0.182446	-0.451616	0.588412	3.000000	1.000000	0	0	1	1.000000	0.000000	0.000000
OTU_29_18S_3_200	OTU_373_18S_3_200	1	ENV_Si	0.733592	0.449658	-0.283934	0.625375	3.000000	1.000000	0	0	1	1.000000	0.000000	0.000000
OTU_119_18S_3_200	OTU_373_18S_3_200	1	ENV_Si	0.393364	-0.019066	-0.412430	0.536464	3.000000	1.000000	0	0	1	1.000000	0.000000	0.000000
OTU_128_18S_3_200	OTU_373_18S_3_200	1	ENV_Si	0.613856	0.004908	-0.608948	0.215784	3.000000	1.000000	0	0	1	1.000000	0.000000	0.000000
ASV_1322_16S_022_3	OTU_453_18S_3_200	1	ENV_Si	0.469144	0.143749	-0.325394	0.787213	3.000000	1.000000	0	0	1	1.000000	0.000000	0.000000
ASV_507_16S_022_3	OTU_444_18S_3_200	1	ENV_Si	0.651567	0.192917	-0.458649	0.965035	3.000000	1.000000	0	0	1	1.000000	0.000000	0.000000
OTU_242_18S_3_200	OTU_444_18S_3_200	1	ENV_Si	0.493398	0.073003	-0.420396	0.858142	3.000000	1.000000	0	0	1	1.000000	0.000000	0.000000
ASV_556_16S_022_3	OTU_422_18S_3_200	1	ENV_Si	0.603791	0.033789	-0.570002	0.126873	3.000000	1.000000	0	0	1	1.000000	0.000000	0.000000
ASV_1158_16S_022_3	OTU_422_18S_3_200	1	ENV_Si	0.603791	0.195948	-0.407843	0.501499	3.000000	1.000000	0	0	1	1.000000	0.000000	0.000000
OTU_393_18S_3_200	OTU_422_18S_3_200	1	ENV_Si	0.775481	0.167067	-0.608414	0.715285	3.000000	1.000000	0	0	1	1.000000	0.000000	0.000000
ASV_1107_16S_022_3	OTU_430_18S_3_200	1	ENV_Si	0.533073	0.081080	-0.451994	0.268731	3.000000	1.000000	0	0	1	1.000000	0.000000	0.000000
OTU_101_18S_022_3	OTU_430_18S_3_200	1	ENV_Si	0.612638	0.000000	-0.612638	0.409590	3.000000	1.000000	0	0	1	1.000000	0.000000	0.000000
OTU_268_18S_3_200	OTU_456_18S_3_200	1	ENV_Si	0.769434	0.269089	-0.500344	0.679321	3.000000	1.000000	0	0	1	1.000000	0.000000	0.000000
OTU_1756_18S_022_3	OTU_390_18S_3_200	1	ENV_Si	0.404007	0.000000	-0.404007	1.000000	3.000000	1.000000	0	0	1	1.000000	0.000000	0.000000
OTU_69_18S_022_3	OTU_458_18S_3_200	1	ENV_Si	0.747164	0.009103	-0.738062	0.000999	3.000000	1.000000	0	0	1	1.000000	0.000000	0.000000
ASV_784_16S_3_200	OTU_458_18S_3_200	1	ENV_Si	0.478280	0.182251	-0.296029	0.000999	3.000000	1.000000	0	0	1	1.000000	0.000000	0.000000
OTU_71_18S_3_200	OTU_458_18S_3_200	1	ENV_Si	0.846655	0.198296	-0.648360	0.358641	3.000000	1.000000	0	0	1	1.000000	0.000000	0.000000
OTU_207_18S_022_3	OTU_472_18S_3_200	1	ENV_Si	0.533073	0.067578	-0.465496	0.679321	3.000000	1.000000	0	0	1	1.000000	0.000000	0.000000
OTU_1149_18S_022_3	OTU_472_18S_3_200	1	ENV_Si	0.691540	0.135155	-0.556385	0.018981	3.000000	1.000000	0	0	1	1.000000	0.000000	0.000000
OTU_1275_18S_022_3	OTU_478_18S_3_200	1	ENV_Si	0.447715	0.016894	-0.430821	0.161838	3.000000	1.000000	0	0	1	1.000000	0.000000	0.000000
ASV_760_16S_3_200	OTU_478_18S_3_200	1	ENV_Si	0.634440	0.097974	-0.536466	0.607393	3.000000	1.000000	0	0	1	1.000000	0.000000	0.000000
ASV_98_16S_022_3	OTU_466_18S_3_200	1	ENV_Si	0.834203	0.119258	-0.714945	0.215784	3.000000	1.000000	0	0	1	1.000000	0.000000	0.000000
ASV_612_16S_022_3	OTU_466_18S_3_200	1	ENV_Si	0.918034	0.181928	-0.736106	0.714286	3.000000	1.000000	0	0	1	1.000000	0.000000	0.000000
ASV_924_16S_022_3	OTU_466_18S_3_200	1	ENV_Si	0.858890	0.119258	-0.739631	0.570430	3.000000	1.000000	0	0	1	1.000000	0.000000	0.000000
OTU_419_18S_3_200	OTU_476_18S_3_200	1	ENV_Si	0.743539	0.258618	-0.484921	0.911089	3.000000	1.000000	0	0	1	1.000000	0.000000	0.000000
ASV_58_16S_3_200	OTU_470_18S_3_200	1	ENV_Si	0.259634	-0.043039	-0.302673	0.464535	2.000000	1.000000	0	1	0	1.000000	0.000000	0.000000
ASV_274_16S_3_200	OTU_470_18S_3_200	1	ENV_Si	0.727238	0.383440	-0.343798	0.858142	3.000000	1.000000	0	0	1	1.000000	0.000000	0.000000
ASV_1581_16S_022_3	OTU_471_18S_3_200	1	ENV_Si	0.530189	0.033789	-0.496400	0.250749	3.000000	1.000000	0	0	1	1.000000	0.000000	0.000000
OTU_234_18S_022_3	OTU_471_18S_3_200	1	ENV_Si	0.378912	0.004908	-0.374005	0.428571	3.000000	1.000000	0	0	1	1.000000	0.000000	0.000000
ASV_847_16S_022_3	OTU_377_18S_3_200	1	ENV_Si	0.506801	0.067578	-0.439223	0.394605	3.000000	1.000000	0	0	1	1.000000	0.000000	0.000000
OTU_26_18S_022_3	OTU_377_18S_3_200	1	ENV_Si	0.365844	0.004908	-0.360936	0.590410	2.000000	1.000000	0	1	0	1.000000	0.000000	0.000000
OTU_476_18S_3_200	OTU_377_18S_3_200	1	ENV_Si	0.612260	0.096459	-0.515801	0.715285	3.000000	1.000000	0	0	1	1.000000	0.000000	0.000000
ASV_1244_16S_022_3	OTU_487_18S_3_200	1	ENV_Si	0.414059	0.000000	-0.414059	0.929071	3.000000	1.000000	0	0	1	1.000000	0.000000	0.000000
OTU_1213_18S_022_3	OTU_487_18S_3_200	1	ENV_Si	0.551385	0.000000	-0.551385	0.733267	3.000000	1.000000	0	0	1	1.000000	0.000000	0.000000
OTU_2135_18S_022_3	OTU_492_18S_3_200	1	ENV_Si	0.599096	0.081080	-0.518017	0.715285	3.000000	1.000000	0	0	1	1.000000	0.000000	0.000000
OTU_403_18S_3_200	OTU_492_18S_3_200	1	ENV_Si	0.519532	0.081080	-0.438452	0.786214	3.000000	1.000000	0	0	1	1.000000	0.000000	0.000000
OTU_128_18S_3_200	OTU_506_18S_3_200	1	ENV_Si	0.528981	0.000000	-0.528981	0.429570	3.000000	1.000000	0	0	1	1.000000	0.000000	0.000000
ASV_872_16S_022_3	OTU_515_18S_3_200	1	ENV_Si	0.356297	0.091551	-0.264746	0.714286	3.000000	1.000000	0	0	1	1.000000	0.000000	0.000000
ASV_1401_16S_022_3	OTU_515_18S_3_200	1	ENV_Si	0.599096	0.000000	-0.599096	1.000000	3.000000	1.000000	0	0	1	1.000000	0.000000	0.000000
OTU_1413_18S_022_3	OTU_515_18S_3_200	1	ENV_Si	0.599096	0.000000	-0.599096	1.000000	3.000000	1.000000	0	0	1	1.000000	0.000000	0.000000
OTU_1611_18S_022_3	OTU_515_18S_3_200	1	ENV_Si	0.435861	0.000000	-0.435861	0.429570	3.000000	1.000000	0	0	1	1.000000	0.000000	0.000000
OTU_2736_18S_022_3	OTU_515_18S_3_200	1	ENV_Si	0.541334	0.091551	-0.449783	0.572428	3.000000	1.000000	0	0	1	1.000000	0.000000	0.000000
OTU_288_18S_3_200	OTU_536_18S_3_200	1	ENV_Si	0.573132	0.101366	-0.471765	0.000999	3.000000	1.000000	0	0	1	1.000000	0.000000	0.000000
OTU_902_18S_022_3	OTU_498_18S_3_200	1	ENV_Si	0.691963	0.474335	-0.217629	0.947053	3.000000	1.000000	0	0	1	1.000000	0.000000	0.000000
OTU_151_18S_3_200	OTU_498_18S_3_200	1	ENV_Si	0.878985	0.455925	-0.423060	0.841159	3.000000	1.000000	0	0	1	1.000000	0.000000	0.000000
OTU_270_18S_3_200	OTU_498_18S_3_200	1	ENV_Si	0.847616	0.463004	-0.384611	0.947053	3.000000	1.000000	0	0	1	1.000000	0.000000	0.000000
OTU_125_18S_3_200	OTU_480_18S_3_200	1	ENV_Si	0.774566	0.122456	-0.652110	0.071928	3.000000	1.000000	0	0	1	1.000000	0.000000	0.000000
ASV_269_16S_3_200	OTU_537_18S_3_200	1	ENV_Si	0.638154	0.139545	-0.498609	0.161838	3.000000	1.000000	0	0	1	1.000000	0.000000	0.000000
OTU_419_18S_3_200	OTU_537_18S_3_200	1	ENV_Si	0.612260	0.159129	-0.453131	0.411588	3.000000	1.000000	0	0	1	1.000000	0.000000	0.000000
OTU_714_18S_022_3	OTU_534_18S_3_200	1	ENV_Si	0.477917	0.062670	-0.415247	0.733267	3.000000	1.000000	0	0	1	1.000000	0.000000	0.000000
OTU_236_18S_3_200	OTU_534_18S_3_200	1	ENV_Si	0.590557	0.104397	-0.486160	0.643357	3.000000	1.000000	0	0	1	1.000000	0.000000	0.000000
ASV_1115_16S_022_3	OTU_550_18S_3_200	1	ENV_Si	0.497730	0.183102	-0.314628	0.930070	3.000000	1.000000	0	0	1	1.000000	0.000000	0.000000
ASV_2281_16S_3_200	OTU_550_18S_3_200	1	ENV_Si	0.519532	0.091551	-0.427981	0.464535	3.000000	1.000000	0	0	1	1.000000	0.000000	0.000000
OTU_398_18S_3_200	OTU_550_18S_3_200	1	ENV_Si	0.334495	0.183102	-0.151393	0.930070	3.000000	1.000000	0	0	1	1.000000	0.000000	0.000000
ASV_448_16S_3_200	OTU_539_18S_3_200	1	ENV_Si	0.510733	0.023317	-0.487416	0.178821	3.000000	1.000000	0	0	1	1.000000	0.000000	0.000000
OTU_413_18S_022_3	OTU_512_18S_3_200	1	ENV_Si	0.680162	0.100849	-0.579313	0.484515	3.000000	1.000000	0	0	1	1.000000	0.000000	0.000000
OTU_217_18S_3_200	OTU_512_18S_3_200	1	ENV_Si	0.623996	0.100849	-0.523147	0.375624	3.000000	1.000000	0	0	1	1.000000	0.000000	0.000000
OTU_373_18S_3_200	OTU_560_18S_3_200	1	ENV_Si	0.552543	0.224829	-0.327714	0.732268	3.000000	1.000000	0	0	1	1.000000	0.000000	0.000000
OTU_362_18S_3_200	OTU_568_18S_3_200	1	ENV_Si	0.439351	0.000000	-0.439351	1.000000	3.000000	1.000000	0	0	1	1.000000	0.000000	0.000000
ASV_358_16S_022_3	OTU_582_18S_3_200	1	ENV_Si	0.556959	0.275844	-0.281114	0.555445	3.000000	1.000000	0	0	1	1.000000	0.000000	0.000000
ASV_469_16S_022_3	OTU_582_18S_3_200	1	ENV_Si	0.447282	0.168241	-0.279041	0.929071	3.000000	1.000000	0	0	1	1.000000	0.000000	0.000000
ASV_448_16S_3_200	OTU_582_18S_3_200	1	ENV_Si	0.628798	0.075516	-0.553282	0.625375	3.000000	1.000000	0	0	1	1.000000	0.000000	0.000000
ASV_666_16S_022_3	OTU_588_18S_3_200	1	ENV_Si	0.452871	-0.033271	-0.486142	0.481518	3.000000	1.000000	0	0	1	1.000000	0.000000	0.000000
OTU_453_18S_3_200	OTU_598_18S_3_200	1	ENV_Si	0.397040	0.062670	-0.334370	0.358641	3.000000	1.000000	0	0	1	1.000000	0.000000	0.000000
OTU_303_18S_3_200	OTU_605_18S_3_200	1	ENV_Si	0.581774	0.033789	-0.547986	0.161838	3.000000	1.000000	0	0	1	1.000000	0.000000	0.000000
OTU_598_18S_3_200	OTU_605_18S_3_200	1	ENV_Si	0.476315	0.062670	-0.413645	0.660340	3.000000	1.000000	0	0	1	1.000000	0.000000	0.000000
ASV_755_16S_022_3	OTU_610_18S_3_200	1	ENV_Si	0.603865	0.091551	-0.512314	0.947053	3.000000	1.000000	0	0	1	1.000000	0.000000	0.000000
OTU_712_18S_022_3	OTU_610_18S_3_200	1	ENV_Si	0.438177	0.000000	-0.438177	0.696304	3.000000	1.000000	0	0	1	1.000000	0.000000	0.000000
OTU_2037_18S_022_3	OTU_610_18S_3_200	1	ENV_Si	0.546102	0.091551	-0.454551	0.822178	3.000000	1.000000	0	0	1	1.000000	0.000000	0.000000
OTU_1252_18S_022_3	OTU_621_18S_3_200	1	ENV_Si	0.519532	0.091551	-0.427981	0.947053	3.000000	1.000000	0	0	1	1.000000	0.000000	0.000000
OTU_1290_18S_022_3	OTU_621_18S_3_200	1	ENV_Si	0.541334	0.000000	-0.541334	0.875125	3.000000	1.000000	0	0	1	1.000000	0.000000	0.000000
OTU_325_18S_3_200	OTU_613_18S_3_200	1	ENV_Si	0.869203	0.114868	-0.754335	0.715285	3.000000	1.000000	0	0	1	1.000000	0.000000	0.000000
ASV_600_16S_022_3	OTU_625_18S_3_200	1	ENV_Si	0.487679	0.062670	-0.425009	0.286713	3.000000	1.000000	0	0	1	1.000000	0.000000	0.000000
ASV_431_16S_022_3	OTU_641_18S_3_200	1	ENV_Si	0.590836	0.148140	-0.442696	0.947053	3.000000	1.000000	0	0	1	1.000000	0.000000	0.000000
OTU_72_18S_022_3	OTU_641_18S_3_200	1	ENV_Si	0.321116	-0.045776	-0.366891	0.555445	2.000000	1.000000	0	1	0	1.000000	0.000000	0.000000
OTU_671_18S_022_3	OTU_577_18S_3_200	1	ENV_Si	0.545814	0.245772	-0.300042	0.965035	3.000000	1.000000	0	0	1	1.000000	0.000000	0.000000
OTU_714_18S_022_3	OTU_577_18S_3_200	1	ENV_Si	0.576016	0.125340	-0.450676	0.929071	3.000000	1.000000	0	0	1	1.000000	0.000000	0.000000
OTU_2105_18S_022_3	OTU_577_18S_3_200	1	ENV_Si	0.465365	0.287499	-0.177866	0.947053	3.000000	1.000000	0	0	1	1.000000	0.000000	0.000000
OTU_539_18S_3_200	OTU_577_18S_3_200	1	ENV_Si	0.634062	0.281076	-0.352986	0.965035	3.000000	1.000000	0	0	1	1.000000	0.000000	0.000000
ASV_1139_16S_022_3	OTU_624_18S_3_200	1	ENV_Si	0.531283	0.000000	-0.531283	1.000000	3.000000	1.000000	0	0	1	1.000000	0.000000	0.000000
OTU_689_18S_022_3	OTU_564_18S_3_200	1	ENV_Si	0.487247	0.000000	-0.487247	0.929071	3.000000	1.000000	0	0	1	1.000000	0.000000	0.000000
ASV_776_16S_022_3	OTU_622_18S_3_200	1	ENV_Si	0.547893	0.000000	-0.547893	0.804196	3.000000	1.000000	0	0	1	1.000000	0.000000	0.000000
ASV_1258_16S_022_3	OTU_622_18S_3_200	1	ENV_Si	0.603203	0.000000	-0.603203	0.928072	3.000000	1.000000	0	0	1	1.000000	0.000000	0.000000
OTU_197_18S_3_200	OTU_622_18S_3_200	1	ENV_Si	0.670400	0.062670	-0.607730	0.251748	3.000000	1.000000	0	0	1	1.000000	0.000000	0.000000
OTU_32_18S_3_200	OTU_655_18S_3_200	1	ENV_Si	0.514539	0.062670	-0.451869	0.376623	3.000000	1.000000	0	0	1	1.000000	0.000000	0.000000
OTU_236_18S_3_200	OTU_655_18S_3_200	1	ENV_Si	0.804181	0.195948	-0.608233	0.787213	3.000000	1.000000	0	0	1	1.000000	0.000000	0.000000
ASV_622_16S_022_3	OTU_670_18S_3_200	1	ENV_Si	0.614756	0.119776	-0.494980	0.392607	3.000000	1.000000	0	0	1	1.000000	0.000000	0.000000
OTU_1283_18S_022_3	OTU_670_18S_3_200	1	ENV_Si	0.669738	0.067578	-0.602161	0.142857	3.000000	1.000000	0	0	1	1.000000	0.000000	0.000000
ASV_413_16S_022_3	OTU_680_18S_3_200	1	ENV_Si	0.564359	0.162159	-0.402199	0.804196	3.000000	1.000000	0	0	1	1.000000	0.000000	0.000000
ASV_434_16S_022_3	OTU_680_18S_3_200	1	ENV_Si	0.483586	0.023317	-0.460268	0.804196	3.000000	1.000000	0	0	1	1.000000	0.000000	0.000000
ASV_1963_16S_3_200	OTU_680_18S_3_200	1	ENV_Si	0.682767	0.000000	-0.682767	0.643357	3.000000	1.000000	0	0	1	1.000000	0.000000	0.000000
ASV_255_16S_022_3	OTU_682_18S_3_200	1	ENV_Si	0.410194	0.240208	-0.169986	0.857143	3.000000	1.000000	0	0	1	1.000000	0.000000	0.000000
ASV_1999_16S_022_3	OTU_682_18S_3_200	1	ENV_Si	0.552608	0.000000	-0.552608	1.000000	3.000000	1.000000	0	0	1	1.000000	0.000000	0.000000
ASV_255_16S_3_200	OTU_682_18S_3_200	1	ENV_Si	0.415326	0.137327	-0.278000	0.732268	3.000000	1.000000	0	0	1	1.000000	0.000000	0.000000
OTU_362_18S_3_200	OTU_671_18S_3_200	1	ENV_Si	0.749964	0.143749	-0.606215	0.696304	3.000000	1.000000	0	0	1	1.000000	0.000000	0.000000
OTU_50_18S_022_3	OTU_691_18S_3_200	1	ENV_Si	0.318604	0.151688	-0.166917	0.374625	2.000000	1.000000	0	1	0	1.000000	0.000000	0.000000
OTU_286_18S_3_200	OTU_691_18S_3_200	1	ENV_Si	0.567243	-0.057762	-0.625005	0.857143	3.000000	1.000000	0	0	1	1.000000	0.000000	0.000000
ASV_1949_16S_022_3	OTU_699_18S_3_200	1	ENV_Si	0.372816	0.062670	-0.310146	0.233766	3.000000	1.000000	0	0	1	1.000000	0.000000	0.000000
OTU_788_18S_022_3	OTU_699_18S_3_200	1	ENV_Si	0.456393	0.045776	-0.410618	0.659341	3.000000	1.000000	0	0	1	1.000000	0.000000	0.000000
OTU_711_18S_022_3	OTU_726_18S_3_200	1	ENV_Si	0.603203	0.081080	-0.522123	0.625375	3.000000	1.000000	0	0	1	1.000000	0.000000	0.000000
OTU_419_18S_022_3	OTU_646_18S_3_200	1	ENV_Si	0.659956	0.079564	-0.580392	0.412587	3.000000	1.000000	0	0	1	1.000000	0.000000	0.000000
OTU_34_18S_3_200	OTU_646_18S_3_200	1	ENV_Si	0.563320	0.154221	-0.409099	0.840160	3.000000	1.000000	0	0	1	1.000000	0.000000	0.000000
ASV_613_16S_022_3	OTU_711_18S_3_200	1	ENV_Si	0.519532	0.091551	-0.427981	0.787213	3.000000	1.000000	0	0	1	1.000000	0.000000	0.000000
ASV_1707_16S_022_3	OTU_711_18S_3_200	1	ENV_Si	0.461770	0.062670	-0.399100	0.572428	3.000000	1.000000	0	0	1	1.000000	0.000000	0.000000
ASV_1747_16S_022_3	OTU_711_18S_3_200	1	ENV_Si	0.519532	0.000000	-0.519532	1.000000	3.000000	1.000000	0	0	1	1.000000	0.000000	0.000000
OTU_866_18S_022_3	OTU_741_18S_3_200	1	ENV_Si	0.461770	0.000000	-0.461770	1.000000	3.000000	1.000000	0	0	1	1.000000	0.000000	0.000000
OTU_2656_18S_022_3	OTU_749_18S_3_200	1	ENV_Si	0.327421	0.000000	-0.327421	1.000000	3.000000	1.000000	0	0	1	1.000000	0.000000	0.000000
OTU_8089_18S_022_3	OTU_756_18S_3_200	1	ENV_Si	0.416375	0.091551	-0.324824	0.751249	3.000000	1.000000	0	0	1	1.000000	0.000000	0.000000
OTU_729_18S_022_3	OTU_722_18S_3_200	1	ENV_Si	0.820761	0.364374	-0.456387	0.965035	3.000000	1.000000	0	0	1	1.000000	0.000000	0.000000
OTU_498_18S_3_200	OTU_722_18S_3_200	1	ENV_Si	0.809487	0.484806	-0.324680	0.983017	3.000000	1.000000	0	0	1	1.000000	0.000000	0.000000
ASV_253_16S_022_3	OTU_747_18S_3_200	1	ENV_Si	0.705530	0.348995	-0.356535	0.929071	3.000000	1.000000	0	0	1	1.000000	0.000000	0.000000
OTU_196_18S_3_200	OTU_653_18S_3_200	1	ENV_Si	0.612638	0.235301	-0.377337	0.947053	3.000000	1.000000	0	0	1	1.000000	0.000000	0.000000
OTU_68_18S_3_200	OTU_778_18S_3_200	1	ENV_Si	0.792907	0.091551	-0.701356	0.965035	3.000000	1.000000	0	0	1	1.000000	0.000000	0.000000
ASV_1459_16S_022_3	OTU_714_18S_3_200	1	ENV_Si	0.599096	0.091551	-0.507545	0.626374	3.000000	1.000000	0	0	1	1.000000	0.000000	0.000000
OTU_817_18S_022_3	OTU_714_18S_3_200	1	ENV_Si	0.603865	0.091551	-0.512314	0.643357	3.000000	1.000000	0	0	1	1.000000	0.000000	0.000000
ASV_706_16S_3_200	OTU_714_18S_3_200	1	ENV_Si	0.625005	0.091551	-0.533454	0.482517	3.000000	1.000000	0	0	1	1.000000	0.000000	0.000000
ASV_1215_16S_3_200	OTU_698_18S_3_200	1	ENV_Si	0.789639	0.229737	-0.559902	0.714286	3.000000	1.000000	0	0	1	1.000000	0.000000	0.000000
ASV_1127_16S_022_3	OTU_800_18S_3_200	1	ENV_Si	0.299011	0.033789	-0.265222	0.428571	3.000000	1.000000	0	0	1	1.000000	0.000000	0.000000
ASV_1043_16S_022_3	OTU_791_18S_3_200	1	ENV_Si	0.439968	0.000000	-0.439968	0.928072	3.000000	1.000000	0	0	1	1.000000	0.000000	0.000000
ASV_972_16S_3_200	OTU_791_18S_3_200	1	ENV_Si	0.519532	0.067060	-0.452472	0.786214	3.000000	1.000000	0	0	1	1.000000	0.000000	0.000000
ASV_1190_16S_022_3	OTU_817_18S_3_200	1	ENV_Si	0.521033	0.091551	-0.429482	0.786214	3.000000	1.000000	0	0	1	1.000000	0.000000	0.000000
ASV_444_16S_022_3	OTU_799_18S_3_200	1	ENV_Si	0.682767	0.247287	-0.435480	0.679321	3.000000	1.000000	0	0	1	1.000000	0.000000	0.000000
ASV_469_16S_022_3	OTU_799_18S_3_200	1	ENV_Si	0.575081	0.183102	-0.391979	0.947053	3.000000	1.000000	0	0	1	1.000000	0.000000	0.000000
OTU_826_18S_022_3	OTU_799_18S_3_200	1	ENV_Si	0.632843	0.076690	-0.556154	0.714286	3.000000	1.000000	0	0	1	1.000000	0.000000	0.000000
ASV_725_16S_022_3	OTU_797_18S_3_200	1	ENV_Si	0.807065	0.000000	-0.807065	0.535465	3.000000	1.000000	0	0	1	1.000000	0.000000	0.000000
ASV_1632_16S_022_3	OTU_797_18S_3_200	1	ENV_Si	0.728162	0.000000	-0.728162	0.875125	3.000000	1.000000	0	0	1	1.000000	0.000000	0.000000
ASV_1223_16S_022_3	OTU_842_18S_3_200	1	ENV_Si	0.497730	0.000000	-0.497730	1.000000	3.000000	1.000000	0	0	1	1.000000	0.000000	0.000000
ASV_472_16S_022_3	OTU_761_18S_3_200	1	ENV_Si	0.609092	0.091551	-0.517541	0.142857	3.000000	1.000000	0	0	1	1.000000	0.000000	0.000000
OTU_384_18S_022_3	OTU_761_18S_3_200	1	ENV_Si	0.520755	0.062670	-0.458085	0.250749	3.000000	1.000000	0	0	1	1.000000	0.000000	0.000000
ASV_643_16S_022_3	OTU_839_18S_3_200	1	ENV_Si	0.519532	0.091551	-0.427981	0.679321	3.000000	1.000000	0	0	1	1.000000	0.000000	0.000000
ASV_1375_16S_022_3	OTU_839_18S_3_200	1	ENV_Si	0.416375	0.000000	-0.416375	0.499500	3.000000	1.000000	0	0	1	1.000000	0.000000	0.000000
ASV_2032_16S_3_200	OTU_839_18S_3_200	1	ENV_Si	0.519532	0.091551	-0.427981	0.642358	3.000000	1.000000	0	0	1	1.000000	0.000000	0.000000
ASV_1002_16S_022_3	OTU_858_18S_3_200	1	ENV_Si	0.931565	0.533427	-0.398138	0.625375	3.000000	1.000000	0	0	1	1.000000	0.000000	0.000000
ASV_1411_16S_022_3	OTU_858_18S_3_200	1	ENV_Si	0.608346	0.388162	-0.220184	0.912088	3.000000	1.000000	0	0	1	1.000000	0.000000	0.000000
OTU_999_18S_022_3	OTU_868_18S_3_200	1	ENV_Si	0.623912	0.000000	-0.623912	0.857143	3.000000	1.000000	0	0	1	1.000000	0.000000	0.000000
OTU_2097_18S_022_3	OTU_868_18S_3_200	1	ENV_Si	0.484794	0.000000	-0.484794	0.785215	3.000000	1.000000	0	0	1	1.000000	0.000000	0.000000
OTU_671_18S_3_200	OTU_868_18S_3_200	1	ENV_Si	0.429484	0.000000	-0.429484	0.928072	3.000000	1.000000	0	0	1	1.000000	0.000000	0.000000
OTU_698_18S_022_3	OTU_787_18S_3_200	1	ENV_Si	0.509218	0.254569	-0.254648	0.768232	3.000000	1.000000	0	0	1	1.000000	0.000000	0.000000
OTU_787_18S_022_3	OTU_787_18S_3_200	1	ENV_Si	0.578796	0.209450	-0.369346	0.394605	3.000000	1.000000	0	0	1	1.000000	0.000000	0.000000
OTU_1304_18S_022_3	OTU_787_18S_3_200	1	ENV_Si	0.670400	0.126855	-0.543545	0.767233	3.000000	1.000000	0	0	1	1.000000	0.000000	0.000000
OTU_605_18S_3_200	OTU_871_18S_3_200	1	ENV_Si	0.480453	0.016894	-0.463559	0.427572	3.000000	1.000000	0	0	1	1.000000	0.000000	0.000000
ASV_229_16S_022_3	OTU_866_18S_3_200	1	ENV_Si	0.646807	0.172631	-0.474176	0.947053	3.000000	1.000000	0	0	1	1.000000	0.000000	0.000000
ASV_306_16S_022_3	OTU_866_18S_3_200	1	ENV_Si	0.682767	0.172631	-0.510137	0.965035	3.000000	1.000000	0	0	1	1.000000	0.000000	0.000000
ASV_635_16S_022_3	OTU_866_18S_3_200	1	ENV_Si	0.484794	0.091551	-0.393243	0.839161	3.000000	1.000000	0	0	1	1.000000	0.000000	0.000000
OTU_106_18S_3_200	OTU_767_18S_3_200	1	ENV_Si	1.032176	0.421619	-0.610558	0.947053	3.000000	1.000000	0	0	1	1.000000	0.000000	0.000000
OTU_536_18S_3_200	OTU_767_18S_3_200	1	ENV_Si	0.837088	0.117743	-0.719345	0.303696	3.000000	1.000000	0	0	1	1.000000	0.000000	0.000000
ASV_1215_16S_022_3	OTU_879_18S_3_200	1	ENV_Si	0.807726	0.172631	-0.635096	0.716284	3.000000	1.000000	0	0	1	1.000000	0.000000	0.000000
ASV_1551_16S_022_3	OTU_879_18S_3_200	1	ENV_Si	0.785924	0.067060	-0.718864	0.500500	3.000000	1.000000	0	0	1	1.000000	0.000000	0.000000
OTU_430_18S_022_3	OTU_879_18S_3_200	1	ENV_Si	0.587951	0.129730	-0.458222	0.572428	3.000000	1.000000	0	0	1	1.000000	0.000000	0.000000
ASV_2004_16S_3_200	OTU_879_18S_3_200	1	ENV_Si	0.625005	0.143749	-0.481256	0.857143	3.000000	1.000000	0	0	1	1.000000	0.000000	0.000000
OTU_2919_18S_022_3	OTU_886_18S_3_200	1	ENV_Si	0.541334	-0.047291	-0.588625	0.375624	3.000000	1.000000	0	0	1	1.000000	0.000000	0.000000
ASV_636_16S_022_3	OTU_889_18S_3_200	1	ENV_Si	0.516648	0.062670	-0.453978	0.428571	3.000000	1.000000	0	0	1	1.000000	0.000000	0.000000
OTU_756_18S_3_200	OTU_889_18S_3_200	1	ENV_Si	0.474137	0.000000	-0.474137	0.857143	3.000000	1.000000	0	0	1	1.000000	0.000000	0.000000
ASV_376_16S_022_3	OTU_855_18S_3_200	1	ENV_Si	0.404007	0.045776	-0.358232	0.392607	3.000000	1.000000	0	0	1	1.000000	0.000000	0.000000
ASV_606_16S_022_3	OTU_855_18S_3_200	1	ENV_Si	0.406323	0.045776	-0.360548	0.465534	3.000000	1.000000	0	0	1	1.000000	0.000000	0.000000
OTU_756_18S_3_200	OTU_855_18S_3_200	1	ENV_Si	0.567243	0.045776	-0.521467	0.214785	3.000000	1.000000	0	0	1	1.000000	0.000000	0.000000
ASV_322_16S_022_3	OTU_829_18S_3_200	1	ENV_Si	0.603203	0.000000	-0.603203	0.498501	3.000000	1.000000	0	0	1	1.000000	0.000000	0.000000
ASV_969_16S_022_3	OTU_829_18S_3_200	1	ENV_Si	0.660965	0.096459	-0.564507	0.555445	3.000000	1.000000	0	0	1	1.000000	0.000000	0.000000
OTU_142_18S_3_200	OTU_829_18S_3_200	1	ENV_Si	0.458895	0.142234	-0.316661	0.196803	3.000000	1.000000	0	0	1	1.000000	0.000000	0.000000
OTU_136_18S_3_200	OTU_902_18S_3_200	1	ENV_Si	0.747632	0.134637	-0.612994	0.464535	3.000000	1.000000	0	0	1	1.000000	0.000000	0.000000
ASV_2093_16S_022_3	OTU_923_18S_3_200	1	ENV_Si	0.483572	0.172631	-0.310941	0.965035	3.000000	1.000000	0	0	1	1.000000	0.000000	0.000000
OTU_243_18S_022_3	OTU_924_18S_3_200	1	ENV_Si	0.425809	-0.132419	-0.558228	0.499500	2.000000	1.000000	0	1	0	1.000000	0.000000	0.000000
OTU_68_18S_3_200	OTU_924_18S_3_200	1	ENV_Si	0.425809	0.598981	0.173172	nan	1.000000	0.000000	1	0	0	1.000000	0.000000	0.000000
OTU_778_18S_3_200	OTU_924_18S_3_200	1	ENV_Si	0.541334	0.081080	-0.460254	0.858142	3.000000	1.000000	0	0	1	1.000000	0.000000	0.000000
ASV_600_16S_022_3	OTU_932_18S_3_200	1	ENV_Si	0.567243	0.091551	-0.475692	0.286713	3.000000	1.000000	0	0	1	1.000000	0.000000	0.000000
OTU_456_18S_3_200	OTU_932_18S_3_200	1	ENV_Si	0.713342	0.274653	-0.438689	0.697303	3.000000	1.000000	0	0	1	1.000000	0.000000	0.000000
OTU_183_18S_3_200	OTU_962_18S_3_200	1	ENV_Si	0.427451	0.016894	-0.410556	0.321678	3.000000	1.000000	0	0	1	1.000000	0.000000	0.000000
OTU_303_18S_3_200	OTU_904_18S_3_200	1	ENV_Si	0.767837	0.248146	-0.519691	0.894106	3.000000	1.000000	0	0	1	1.000000	0.000000	0.000000
OTU_222_18S_022_3	OTU_960_18S_3_200	1	ENV_Si	0.486585	0.000000	-0.486585	1.000000	3.000000	1.000000	0	0	1	1.000000	0.000000	0.000000
OTU_413_18S_022_3	OTU_911_18S_3_200	1	ENV_Si	0.753679	0.163674	-0.590004	0.412587	3.000000	1.000000	0	0	1	1.000000	0.000000	0.000000
OTU_850_18S_022_3	OTU_911_18S_3_200	1	ENV_Si	0.771105	0.243239	-0.527866	0.589411	3.000000	1.000000	0	0	1	1.000000	0.000000	0.000000
OTU_82_18S_3_200	OTU_911_18S_3_200	1	ENV_Si	0.805394	0.000000	-0.805394	0.447552	3.000000	1.000000	0	0	1	1.000000	0.000000	0.000000
OTU_268_18S_3_200	OTU_911_18S_3_200	1	ENV_Si	0.747632	0.041727	-0.705905	0.303696	3.000000	1.000000	0	0	1	1.000000	0.000000	0.000000
OTU_456_18S_3_200	OTU_911_18S_3_200	1	ENV_Si	0.525609	0.035304	-0.490304	0.554446	3.000000	1.000000	0	0	1	1.000000	0.000000	0.000000
OTU_904_18S_3_200	OTU_911_18S_3_200	1	ENV_Si	0.863156	0.172972	-0.690184	0.661339	3.000000	1.000000	0	0	1	1.000000	0.000000	0.000000
ASV_500_16S_022_3	OTU_994_18S_3_200	1	ENV_Si	0.542557	0.000000	-0.542557	1.000000	3.000000	1.000000	0	0	1	1.000000	0.000000	0.000000
OTU_498_18S_022_3	OTU_994_18S_3_200	1	ENV_Si	0.508272	0.000000	-0.508272	1.000000	3.000000	1.000000	0	0	1	1.000000	0.000000	0.000000
ASV_1566_16S_022_3	OTU_909_18S_3_200	1	ENV_Si	0.670400	0.081080	-0.589320	0.839161	3.000000	1.000000	0	0	1	1.000000	0.000000	0.000000
ASV_787_16S_3_200	OTU_909_18S_3_200	1	ENV_Si	0.574419	0.081080	-0.493340	0.768232	3.000000	1.000000	0	0	1	1.000000	0.000000	0.000000
OTU_128_18S_3_200	OTU_909_18S_3_200	1	ENV_Si	0.550121	0.062670	-0.487451	0.467532	3.000000	1.000000	0	0	1	1.000000	0.000000	0.000000
OTU_351_18S_3_200	OTU_909_18S_3_200	1	ENV_Si	0.572301	0.081080	-0.491221	0.839161	3.000000	1.000000	0	0	1	1.000000	0.000000	0.000000
OTU_476_18S_3_200	OTU_937_18S_3_200	1	ENV_Si	0.597529	0.100849	-0.496680	0.768232	3.000000	1.000000	0	0	1	1.000000	0.000000	0.000000
ASV_762_16S_022_3	OTU_985_18S_3_200	1	ENV_Si	0.542557	0.091551	-0.451006	0.249750	3.000000	1.000000	0	0	1	1.000000	0.000000	0.000000
ASV_1439_16S_3_200	OTU_985_18S_3_200	1	ENV_Si	0.487679	0.091551	-0.396127	0.355644	3.000000	1.000000	0	0	1	1.000000	0.000000	0.000000
ASV_1088_16S_022_3	OTU_997_18S_3_200	1	ENV_Si	0.439968	0.000000	-0.439968	0.946054	3.000000	1.000000	0	0	1	1.000000	0.000000	0.000000
OTU_582_18S_022_3	OTU_997_18S_3_200	1	ENV_Si	0.494846	0.045776	-0.449070	0.625375	3.000000	1.000000	0	0	1	1.000000	0.000000	0.000000
ASV_101_16S_3_200	OTU_997_18S_3_200	1	ENV_Si	0.493623	0.000000	-0.493623	0.946054	3.000000	1.000000	0	0	1	1.000000	0.000000	0.000000
ASV_673_16S_3_200	OTU_997_18S_3_200	1	ENV_Si	0.519532	-0.074657	-0.594189	0.964036	3.000000	1.000000	0	0	1	1.000000	0.000000	0.000000
OTU_103_18S_3_200	OTU_997_18S_3_200	1	ENV_Si	0.458885	0.033789	-0.425097	0.625375	3.000000	1.000000	0	0	1	1.000000	0.000000	0.000000
ASV_321_16S_3_200	OTU_973_18S_3_200	1	ENV_Si	0.739521	0.274653	-0.464868	0.608392	3.000000	1.000000	0	0	1	1.000000	0.000000	0.000000
OTU_1628_18S_022_3	OTU_989_18S_3_200	1	ENV_Si	0.599096	0.000000	-0.599096	0.856144	3.000000	1.000000	0	0	1	1.000000	0.000000	0.000000
OTU_2662_18S_022_3	OTU_989_18S_3_200	1	ENV_Si	0.656858	0.000000	-0.656858	0.892108	3.000000	1.000000	0	0	1	1.000000	0.000000	0.000000
OTU_2876_18S_022_3	OTU_989_18S_3_200	1	ENV_Si	0.599096	0.081080	-0.518017	0.660340	3.000000	1.000000	0	0	1	1.000000	0.000000	0.000000
ASV_482_16S_022_3	OTU_1019_18S_3_200	1	ENV_Si	0.366306	0.000000	-0.366306	1.000000	3.000000	1.000000	0	0	1	1.000000	0.000000	0.000000
OTU_902_18S_022_3	OTU_1019_18S_3_200	1	ENV_Si	0.734015	0.445454	-0.288561	0.911089	3.000000	1.000000	0	0	1	1.000000	0.000000	0.000000
OTU_166_18S_3_200	OTU_1019_18S_3_200	1	ENV_Si	0.843771	0.474335	-0.369436	0.536464	3.000000	1.000000	0	0	1	1.000000	0.000000	0.000000
OTU_543_18S_022_3	OTU_505_18S_3_200	1	ENV_Si	0.404266	0.178712	-0.225554	0.303696	3.000000	1.000000	0	0	1	1.000000	0.000000	0.000000
ASV_1587_16S_022_3	OTU_1034_18S_3_200	1	ENV_Si	0.593441	0.081080	-0.512362	0.893107	3.000000	1.000000	0	0	1	1.000000	0.000000	0.000000
OTU_71_18S_022_3	OTU_1034_18S_3_200	1	ENV_Si	0.645052	0.129730	-0.515322	0.661339	3.000000	1.000000	0	0	1	1.000000	0.000000	0.000000
OTU_1460_18S_022_3	OTU_859_18S_3_200	1	ENV_Si	0.599096	0.000000	-0.599096	0.875125	3.000000	1.000000	0	0	1	1.000000	0.000000	0.000000
OTU_3598_18S_022_3	OTU_859_18S_3_200	1	ENV_Si	0.567243	0.129730	-0.437513	0.875125	3.000000	1.000000	0	0	1	1.000000	0.000000	0.000000
OTU_6834_18S_022_3	OTU_859_18S_3_200	1	ENV_Si	0.461770	0.067060	-0.394710	0.875125	3.000000	1.000000	0	0	1	1.000000	0.000000	0.000000
ASV_1593_16S_022_3	OTU_965_18S_3_200	1	ENV_Si	0.541334	0.000000	-0.541334	0.858142	3.000000	1.000000	0	0	1	1.000000	0.000000	0.000000
OTU_506_18S_3_200	OTU_965_18S_3_200	1	ENV_Si	0.569695	0.000000	-0.569695	0.679321	3.000000	1.000000	0	0	1	1.000000	0.000000	0.000000
OTU_625_18S_3_200	OTU_965_18S_3_200	1	ENV_Si	0.492737	0.081080	-0.411657	0.557443	3.000000	1.000000	0	0	1	1.000000	0.000000	0.000000
OTU_166_18S_3_200	OTU_982_18S_3_200	1	ENV_Si	0.534366	0.191687	-0.342679	0.303696	3.000000	1.000000	0	0	1	1.000000	0.000000	0.000000
ASV_1029_16S_022_3	OTU_1023_18S_3_200	1	ENV_Si	0.379992	0.287499	-0.092493	0.947053	3.000000	1.000000	0	0	1	1.000000	0.000000	0.000000
OTU_362_18S_3_200	OTU_1023_18S_3_200	1	ENV_Si	0.475973	0.195948	-0.280025	0.805195	3.000000	1.000000	0	0	1	1.000000	0.000000	0.000000
OTU_534_18S_3_200	OTU_833_18S_3_200	1	ENV_Si	0.735144	0.129730	-0.605415	0.465534	3.000000	1.000000	0	0	1	1.000000	0.000000	0.000000
ASV_1551_16S_022_3	OTU_1086_18S_3_200	1	ENV_Si	0.379992	0.062670	-0.317322	0.803197	3.000000	1.000000	0	0	1	1.000000	0.000000	0.000000
OTU_506_18S_3_200	OTU_1086_18S_3_200	1	ENV_Si	0.511271	0.062670	-0.448601	0.429570	3.000000	1.000000	0	0	1	1.000000	0.000000	0.000000
OTU_151_18S_3_200	OTU_1076_18S_3_200	1	ENV_Si	0.788351	0.293248	-0.495103	0.804196	3.000000	1.000000	0	0	1	1.000000	0.000000	0.000000
OTU_909_18S_3_200	OTU_1076_18S_3_200	1	ENV_Si	0.666854	0.210809	-0.456045	0.983017	3.000000	1.000000	0	0	1	1.000000	0.000000	0.000000
OTU_136_18S_3_200	OTU_1095_18S_3_200	1	ENV_Si	0.794444	0.101366	-0.693078	0.036963	3.000000	1.000000	0	0	1	1.000000	0.000000	0.000000
OTU_467_18S_3_200	OTU_1095_18S_3_200	1	ENV_Si	0.638154	0.081080	-0.557075	0.625375	3.000000	1.000000	0	0	1	1.000000	0.000000	0.000000
OTU_2389_18S_022_3	OTU_1106_18S_3_200	1	ENV_Si	0.599096	0.091551	-0.507545	0.626374	3.000000	1.000000	0	0	1	1.000000	0.000000	0.000000
OTU_989_18S_3_200	OTU_1106_18S_3_200	1	ENV_Si	0.493623	0.000000	-0.493623	0.893107	3.000000	1.000000	0	0	1	1.000000	0.000000	0.000000
ASV_1705_16S_022_3	OTU_1114_18S_3_200	1	ENV_Si	0.442284	0.000000	-0.442284	1.000000	3.000000	1.000000	0	0	1	1.000000	0.000000	0.000000
OTU_469_18S_022_3	OTU_1114_18S_3_200	1	ENV_Si	0.404021	0.000000	-0.404021	0.929071	3.000000	1.000000	0	0	1	1.000000	0.000000	0.000000
OTU_322_18S_3_200	OTU_1114_18S_3_200	1	ENV_Si	0.442284	0.000000	-0.442284	1.000000	3.000000	1.000000	0	0	1	1.000000	0.000000	0.000000
ASV_874_16S_022_3	OTU_1121_18S_3_200	1	ENV_Si	0.502498	0.062670	-0.439828	0.695305	3.000000	1.000000	0	0	1	1.000000	0.000000	0.000000
OTU_1195_18S_022_3	OTU_1121_18S_3_200	1	ENV_Si	0.569034	0.091551	-0.477483	0.785215	3.000000	1.000000	0	0	1	1.000000	0.000000	0.000000
OTU_398_18S_3_200	OTU_1121_18S_3_200	1	ENV_Si	0.497730	0.091551	-0.406179	0.875125	3.000000	1.000000	0	0	1	1.000000	0.000000	0.000000
ASV_636_16S_022_3	OTU_1105_18S_3_200	1	ENV_Si	0.432090	0.134637	-0.297453	0.786214	3.000000	1.000000	0	0	1	1.000000	0.000000	0.000000
OTU_960_18S_3_200	OTU_1105_18S_3_200	1	ENV_Si	0.609753	0.000000	-0.609753	0.928072	3.000000	1.000000	0	0	1	1.000000	0.000000	0.000000
ASV_986_16S_022_3	OTU_1104_18S_3_200	1	ENV_Si	0.461770	0.081080	-0.380690	0.786214	3.000000	1.000000	0	0	1	1.000000	0.000000	0.000000
ASV_1804_16S_022_3	OTU_1104_18S_3_200	1	ENV_Si	0.492737	0.235301	-0.257436	0.947053	3.000000	1.000000	0	0	1	1.000000	0.000000	0.000000
OTU_353_18S_3_200	OTU_1104_18S_3_200	1	ENV_Si	0.486585	0.287499	-0.199086	0.947053	3.000000	1.000000	0	0	1	1.000000	0.000000	0.000000
OTU_547_18S_3_200	OTU_1148_18S_3_200	1	ENV_Si	0.500922	0.091551	-0.409371	0.591409	3.000000	1.000000	0	0	1	1.000000	0.000000	0.000000
OTU_598_18S_3_200	OTU_1148_18S_3_200	1	ENV_Si	0.681296	0.091551	-0.589745	0.643357	3.000000	1.000000	0	0	1	1.000000	0.000000	0.000000
OTU_871_18S_3_200	OTU_1148_18S_3_200	1	ENV_Si	0.577975	0.045776	-0.532200	0.323676	3.000000	1.000000	0	0	1	1.000000	0.000000	0.000000
OTU_767_18S_3_200	OTU_1148_18S_3_200	1	ENV_Si	0.720061	0.337664	-0.382397	0.929071	3.000000	1.000000	0	0	1	1.000000	0.000000	0.000000
OTU_534_18S_3_200	OTU_1027_18S_3_200	1	ENV_Si	0.590557	0.067578	-0.522980	0.393606	3.000000	1.000000	0	0	1	1.000000	0.000000	0.000000
OTU_833_18S_3_200	OTU_1027_18S_3_200	1	ENV_Si	0.710458	0.072485	-0.637973	0.107892	3.000000	1.000000	0	0	1	1.000000	0.000000	0.000000
OTU_517_18S_3_200	OTU_1146_18S_3_200	1	ENV_Si	0.361741	0.038696	-0.323045	0.411588	3.000000	1.000000	0	0	1	1.000000	0.000000	0.000000
OTU_144_18S_022_3	OTU_1111_18S_3_200	1	ENV_Si	0.403391	-0.045776	-0.449166	0.732268	3.000000	1.000000	0	0	1	1.000000	0.000000	0.000000
OTU_794_18S_022_3	OTU_1144_18S_3_200	1	ENV_Si	0.415758	0.057762	-0.357996	0.233766	3.000000	1.000000	0	0	1	1.000000	0.000000	0.000000
OTU_86_18S_022_3	OTU_1207_18S_3_200	1	ENV_Si	0.356297	0.062670	-0.293627	0.357642	3.000000	1.000000	0	0	1	1.000000	0.000000	0.000000
OTU_622_18S_3_200	OTU_1207_18S_3_200	1	ENV_Si	0.519532	0.000000	-0.519532	0.714286	3.000000	1.000000	0	0	1	1.000000	0.000000	0.000000
OTU_101_18S_3_200	OTU_1214_18S_3_200	1	ENV_Si	0.649428	0.143935	-0.505493	0.590410	3.000000	1.000000	0	0	1	1.000000	0.000000	0.000000
OTU_622_18S_3_200	OTU_1214_18S_3_200	1	ENV_Si	0.648598	0.100849	-0.547749	0.715285	3.000000	1.000000	0	0	1	1.000000	0.000000	0.000000
ASV_473_16S_022_3	OTU_1127_18S_3_200	1	ENV_Si	0.615437	0.194433	-0.421005	0.857143	3.000000	1.000000	0	0	1	1.000000	0.000000	0.000000
ASV_448_16S_3_200	OTU_1127_18S_3_200	1	ENV_Si	0.680843	0.157437	-0.523406	0.947053	3.000000	1.000000	0	0	1	1.000000	0.000000	0.000000
OTU_270_18S_3_200	OTU_1127_18S_3_200	1	ENV_Si	0.772642	0.302360	-0.470281	0.983017	3.000000	1.000000	0	0	1	1.000000	0.000000	0.000000
OTU_734_18S_3_200	OTU_1127_18S_3_200	1	ENV_Si	0.738606	0.302360	-0.436245	0.983017	3.000000	1.000000	0	0	1	1.000000	0.000000	0.000000
ASV_1720_16S_022_3	OTU_1165_18S_3_200	1	ENV_Si	0.327421	0.091551	-0.235870	0.893107	3.000000	1.000000	0	0	1	1.000000	0.000000	0.000000
OTU_860_18S_022_3	OTU_1165_18S_3_200	1	ENV_Si	0.448834	0.033789	-0.415045	0.356643	3.000000	1.000000	0	0	1	1.000000	0.000000	0.000000
OTU_2389_18S_022_3	OTU_1165_18S_3_200	1	ENV_Si	0.483572	0.091551	-0.392021	0.839161	3.000000	1.000000	0	0	1	1.000000	0.000000	0.000000
OTU_711_18S_3_200	OTU_1165_18S_3_200	1	ENV_Si	0.300850	0.091551	-0.209299	0.732268	3.000000	1.000000	0	0	1	1.000000	0.000000	0.000000
ASV_732_16S_022_3	OTU_1123_18S_3_200	1	ENV_Si	0.615243	0.195948	-0.419296	0.786214	3.000000	1.000000	0	0	1	1.000000	0.000000	0.000000
ASV_1439_16S_022_3	OTU_1123_18S_3_200	1	ENV_Si	0.477917	0.000000	-0.477917	0.839161	3.000000	1.000000	0	0	1	1.000000	0.000000	0.000000
ASV_1541_16S_022_3	OTU_1123_18S_3_200	1	ENV_Si	0.577294	0.091551	-0.485743	0.662338	3.000000	1.000000	0	0	1	1.000000	0.000000	0.000000
OTU_1123_18S_022_3	OTU_1123_18S_3_200	1	ENV_Si	0.673006	0.143749	-0.529256	0.929071	3.000000	1.000000	0	0	1	1.000000	0.000000	0.000000
OTU_373_18S_022_3	OTU_1233_18S_3_200	1	ENV_Si	0.509481	0.062670	-0.446811	0.715285	3.000000	1.000000	0	0	1	1.000000	0.000000	0.000000
OTU_537_18S_022_3	OTU_1233_18S_3_200	1	ENV_Si	0.509481	0.045776	-0.463705	0.500500	3.000000	1.000000	0	0	1	1.000000	0.000000	0.000000
OTU_1104_18S_022_3	OTU_1233_18S_3_200	1	ENV_Si	0.408776	0.091551	-0.317225	0.875125	3.000000	1.000000	0	0	1	1.000000	0.000000	0.000000
OTU_325_18S_3_200	OTU_1252_18S_3_200	1	ENV_Si	0.713342	0.000000	-0.713342	0.410589	3.000000	1.000000	0	0	1	1.000000	0.000000	0.000000
OTU_817_18S_3_200	OTU_1252_18S_3_200	1	ENV_Si	0.691540	0.091551	-0.599989	0.803197	3.000000	1.000000	0	0	1	1.000000	0.000000	0.000000
OTU_868_18S_3_200	OTU_1252_18S_3_200	1	ENV_Si	0.609753	0.000000	-0.609753	0.785215	3.000000	1.000000	0	0	1	1.000000	0.000000	0.000000
ASV_720_16S_022_3	OTU_1256_18S_3_200	1	ENV_Si	0.762332	0.206419	-0.555912	0.358641	3.000000	1.000000	0	0	1	1.000000	0.000000	0.000000
OTU_234_18S_022_3	OTU_1256_18S_3_200	1	ENV_Si	0.471218	0.081080	-0.390139	0.929071	3.000000	1.000000	0	0	1	1.000000	0.000000	0.000000
ASV_1963_16S_3_200	OTU_1256_18S_3_200	1	ENV_Si	0.627457	0.000000	-0.627457	0.714286	3.000000	1.000000	0	0	1	1.000000	0.000000	0.000000
OTU_191_18S_3_200	OTU_1263_18S_3_200	1	ENV_Si	0.603203	0.081080	-0.522123	0.715285	3.000000	1.000000	0	0	1	1.000000	0.000000	0.000000
ASV_1658_16S_022_3	OTU_1266_18S_3_200	1	ENV_Si	0.520755	0.062670	-0.458085	0.394605	3.000000	1.000000	0	0	1	1.000000	0.000000	0.000000
OTU_327_18S_022_3	OTU_1266_18S_3_200	1	ENV_Si	0.437083	0.172631	-0.264453	0.767233	3.000000	1.000000	0	0	1	1.000000	0.000000	0.000000
OTU_850_18S_022_3	OTU_1266_18S_3_200	1	ENV_Si	0.554597	0.311472	-0.243125	0.947053	3.000000	1.000000	0	0	1	1.000000	0.000000	0.000000
OTU_625_18S_3_200	OTU_1266_18S_3_200	1	ENV_Si	0.489191	0.212842	-0.276349	0.750250	3.000000	1.000000	0	0	1	1.000000	0.000000	0.000000
ASV_1727_16S_022_3	OTU_1286_18S_3_200	1	ENV_Si	0.546102	0.000000	-0.546102	1.000000	3.000000	1.000000	0	0	1	1.000000	0.000000	0.000000
OTU_1050_18S_022_3	OTU_1286_18S_3_200	1	ENV_Si	0.542557	0.000000	-0.542557	0.857143	3.000000	1.000000	0	0	1	1.000000	0.000000	0.000000
OTU_1506_18S_022_3	OTU_1286_18S_3_200	1	ENV_Si	0.541334	0.000000	-0.541334	0.929071	3.000000	1.000000	0	0	1	1.000000	0.000000	0.000000
ASV_91_16S_022_3	OTU_1202_18S_3_200	1	ENV_Si	0.502499	0.143749	-0.358749	0.822178	3.000000	1.000000	0	0	1	1.000000	0.000000	0.000000
ASV_910_16S_022_3	OTU_1202_18S_3_200	1	ENV_Si	0.386974	0.052198	-0.334776	0.663337	3.000000	1.000000	0	0	1	1.000000	0.000000	0.000000
ASV_1029_16S_022_3	OTU_1202_18S_3_200	1	ENV_Si	0.574419	0.125340	-0.449080	0.643357	3.000000	1.000000	0	0	1	1.000000	0.000000	0.000000
OTU_1789_18S_022_3	OTU_1258_18S_3_200	1	ENV_Si	0.483572	0.000000	-0.483572	0.749251	3.000000	1.000000	0	0	1	1.000000	0.000000	0.000000
OTU_351_18S_3_200	OTU_1258_18S_3_200	1	ENV_Si	0.531283	0.091551	-0.439731	0.429570	3.000000	1.000000	0	0	1	1.000000	0.000000	0.000000
OTU_537_18S_3_200	OTU_1258_18S_3_200	1	ENV_Si	0.495322	0.033789	-0.461533	0.231768	3.000000	1.000000	0	0	1	1.000000	0.000000	0.000000
OTU_1086_18S_3_200	OTU_1258_18S_3_200	1	ENV_Si	0.276835	0.016894	-0.259941	0.214785	3.000000	1.000000	0	0	1	1.000000	0.000000	0.000000
ASV_500_16S_022_3	OTU_1296_18S_3_200	1	ENV_Si	0.468051	0.000000	-0.468051	0.625375	3.000000	1.000000	0	0	1	1.000000	0.000000	0.000000
OTU_1801_18S_022_3	OTU_1296_18S_3_200	1	ENV_Si	0.577294	0.000000	-0.577294	0.857143	3.000000	1.000000	0	0	1	1.000000	0.000000	0.000000
OTU_741_18S_3_200	OTU_1296_18S_3_200	1	ENV_Si	0.603203	0.000000	-0.603203	0.626374	3.000000	1.000000	0	0	1	1.000000	0.000000	0.000000
OTU_938_18S_022_3	OTU_1290_18S_3_200	1	ENV_Si	0.634440	0.143749	-0.490690	0.804196	3.000000	1.000000	0	0	1	1.000000	0.000000	0.000000
OTU_1801_18S_022_3	OTU_1290_18S_3_200	1	ENV_Si	0.425809	0.052198	-0.373611	0.769231	3.000000	1.000000	0	0	1	1.000000	0.000000	0.000000
ASV_502_16S_022_3	OTU_1309_18S_3_200	1	ENV_Si	0.364382	0.137327	-0.227056	0.731269	2.000000	1.000000	0	1	0	1.000000	0.000000	0.000000
OTU_3326_18S_022_3	OTU_1309_18S_3_200	1	ENV_Si	0.338985	0.000000	-0.338985	0.929071	2.000000	1.000000	0	1	0	1.000000	0.000000	0.000000
ASV_113_16S_3_200	OTU_1309_18S_3_200	1	ENV_Si	0.271654	0.015193	-0.256461	0.481518	1.000000	0.000000	1	0	0	1.000000	0.000000	0.000000
ASV_600_16S_022_3	OTU_1159_18S_3_200	1	ENV_Si	0.682767	0.091551	-0.591216	0.464535	3.000000	1.000000	0	0	1	1.000000	0.000000	0.000000
OTU_1086_18S_3_200	OTU_1159_18S_3_200	1	ENV_Si	0.590836	0.062670	-0.528166	0.124875	3.000000	1.000000	0	0	1	1.000000	0.000000	0.000000
ASV_1233_16S_022_3	OTU_1172_18S_3_200	1	ENV_Si	0.573132	0.033789	-0.539343	0.000999	3.000000	1.000000	0	0	1	1.000000	0.000000	0.000000
OTU_842_18S_3_200	OTU_1172_18S_3_200	1	ENV_Si	0.567243	0.016894	-0.550348	0.214785	3.000000	1.000000	0	0	1	1.000000	0.000000	0.000000
OTU_868_18S_022_3	OTU_1332_18S_3_200	1	ENV_Si	0.625005	0.052198	-0.572807	0.392607	3.000000	1.000000	0	0	1	1.000000	0.000000	0.000000
OTU_1575_18S_022_3	OTU_1332_18S_3_200	1	ENV_Si	0.603203	0.000000	-0.603203	0.554446	3.000000	1.000000	0	0	1	1.000000	0.000000	0.000000
OTU_292_18S_3_200	OTU_1337_18S_3_200	1	ENV_Si	0.356297	0.062670	-0.293627	0.286713	3.000000	1.000000	0	0	1	1.000000	0.000000	0.000000
ASV_613_16S_022_3	OTU_1345_18S_3_200	1	ENV_Si	0.541334	0.000000	-0.541334	0.661339	3.000000	1.000000	0	0	1	1.000000	0.000000	0.000000
ASV_1720_16S_022_3	OTU_1345_18S_3_200	1	ENV_Si	0.704569	0.000000	-0.704569	0.946054	3.000000	1.000000	0	0	1	1.000000	0.000000	0.000000
ASV_1858_16S_022_3	OTU_1345_18S_3_200	1	ENV_Si	0.461770	0.000000	-0.461770	1.000000	3.000000	1.000000	0	0	1	1.000000	0.000000	0.000000
ASV_1287_16S_3_200	OTU_1345_18S_3_200	1	ENV_Si	0.589045	0.000000	-0.589045	0.535465	3.000000	1.000000	0	0	1	1.000000	0.000000	0.000000
ASV_1457_16S_3_200	OTU_1345_18S_3_200	1	ENV_Si	0.682767	0.000000	-0.682767	0.392607	3.000000	1.000000	0	0	1	1.000000	0.000000	0.000000
OTU_2305_18S_022_3	OTU_1347_18S_3_200	1	ENV_Si	0.509481	0.000000	-0.509481	1.000000	3.000000	1.000000	0	0	1	1.000000	0.000000	0.000000
OTU_3213_18S_022_3	OTU_1347_18S_3_200	1	ENV_Si	0.461770	0.052198	-0.409571	0.591409	3.000000	1.000000	0	0	1	1.000000	0.000000	0.000000
OTU_1304_18S_022_3	OTU_1304_18S_3_200	1	ENV_Si	0.865489	0.091551	-0.773938	0.822178	3.000000	1.000000	0	0	1	1.000000	0.000000	0.000000
OTU_613_18S_3_200	OTU_1304_18S_3_200	1	ENV_Si	0.749964	0.181928	-0.568036	0.930070	3.000000	1.000000	0	0	1	1.000000	0.000000	0.000000
OTU_62_18S_3_200	OTU_1313_18S_3_200	1	ENV_Si	0.535679	0.125340	-0.410339	0.785215	3.000000	1.000000	0	0	1	1.000000	0.000000	0.000000
OTU_142_18S_3_200	OTU_1313_18S_3_200	1	ENV_Si	0.516657	0.137327	-0.379330	0.607393	3.000000	1.000000	0	0	1	1.000000	0.000000	0.000000
OTU_866_18S_3_200	OTU_1313_18S_3_200	1	ENV_Si	0.625005	0.000000	-0.625005	0.696304	3.000000	1.000000	0	0	1	1.000000	0.000000	0.000000
OTU_456_18S_022_3	OTU_1291_18S_3_200	1	ENV_Si	0.685389	0.229737	-0.455652	0.570430	3.000000	1.000000	0	0	1	1.000000	0.000000	0.000000
OTU_698_18S_3_200	OTU_1291_18S_3_200	1	ENV_Si	0.905164	0.138186	-0.766978	0.196803	3.000000	1.000000	0	0	1	1.000000	0.000000	0.000000
OTU_2317_18S_022_3	OTU_1245_18S_3_200	1	ENV_Si	0.352143	0.067578	-0.284565	0.355644	3.000000	1.000000	0	0	1	1.000000	0.000000	0.000000
OTU_467_18S_3_200	OTU_1334_18S_3_200	1	ENV_Si	0.576677	0.000000	-0.576677	1.000000	3.000000	1.000000	0	0	1	1.000000	0.000000	0.000000
ASV_1556_16S_022_3	OTU_1374_18S_3_200	1	ENV_Si	0.519532	0.172631	-0.346901	0.947053	3.000000	1.000000	0	0	1	1.000000	0.000000	0.000000
OTU_931_18S_022_3	OTU_1374_18S_3_200	1	ENV_Si	0.541334	0.062670	-0.478664	0.465534	3.000000	1.000000	0	0	1	1.000000	0.000000	0.000000
OTU_1202_18S_022_3	OTU_1374_18S_3_200	1	ENV_Si	0.356297	0.091551	-0.264746	0.642358	3.000000	1.000000	0	0	1	1.000000	0.000000	0.000000
OTU_879_18S_3_200	OTU_1374_18S_3_200	1	ENV_Si	0.599096	0.172631	-0.426466	0.858142	3.000000	1.000000	0	0	1	1.000000	0.000000	0.000000
OTU_1304_18S_3_200	OTU_1358_18S_3_200	1	ENV_Si	0.656858	0.183102	-0.473756	0.787213	3.000000	1.000000	0	0	1	1.000000	0.000000	0.000000
ASV_1065_16S_022_3	OTU_1355_18S_3_200	1	ENV_Si	0.547893	0.183102	-0.364791	0.627373	3.000000	1.000000	0	0	1	1.000000	0.000000	0.000000
OTU_1761_18S_022_3	OTU_1355_18S_3_200	1	ENV_Si	0.439968	0.183102	-0.256866	0.698302	3.000000	1.000000	0	0	1	1.000000	0.000000	0.000000
OTU_291_18S_3_200	OTU_1399_18S_3_200	1	ENV_Si	0.710458	0.119258	-0.591200	0.590410	3.000000	1.000000	0	0	1	1.000000	0.000000	0.000000
OTU_432_18S_022_3	OTU_1404_18S_3_200	1	ENV_Si	0.487679	0.000000	-0.487679	0.787213	3.000000	1.000000	0	0	1	1.000000	0.000000	0.000000
OTU_16_18S_3_200	OTU_1335_18S_3_200	1	ENV_Si	0.553085	0.091551	-0.461533	0.642358	3.000000	1.000000	0	0	1	1.000000	0.000000	0.000000
ASV_165_16S_022_3	OTU_1398_18S_3_200	1	ENV_Si	0.435861	0.000000	-0.435861	1.000000	3.000000	1.000000	0	0	1	1.000000	0.000000	0.000000
ASV_705_16S_022_3	OTU_1398_18S_3_200	1	ENV_Si	0.380415	0.000000	-0.380415	0.446553	3.000000	1.000000	0	0	1	1.000000	0.000000	0.000000
ASV_1406_16S_022_3	OTU_1398_18S_3_200	1	ENV_Si	0.599096	0.000000	-0.599096	1.000000	3.000000	1.000000	0	0	1	1.000000	0.000000	0.000000
ASV_1541_16S_022_3	OTU_1398_18S_3_200	1	ENV_Si	0.493623	0.000000	-0.493623	0.661339	3.000000	1.000000	0	0	1	1.000000	0.000000	0.000000
OTU_839_18S_3_200	OTU_1398_18S_3_200	1	ENV_Si	0.435861	0.000000	-0.435861	0.534466	3.000000	1.000000	0	0	1	1.000000	0.000000	0.000000
OTU_12_18S_3_200	OTU_1444_18S_3_200	1	ENV_Si	0.434591	0.033789	-0.400803	0.643357	3.000000	1.000000	0	0	1	1.000000	0.000000	0.000000
OTU_293_18S_3_200	OTU_1444_18S_3_200	1	ENV_Si	0.577294	0.081080	-0.496215	0.929071	3.000000	1.000000	0	0	1	1.000000	0.000000	0.000000
OTU_778_18S_3_200	OTU_1444_18S_3_200	1	ENV_Si	0.728162	0.172631	-0.555532	0.965035	3.000000	1.000000	0	0	1	1.000000	0.000000	0.000000
ASV_229_16S_022_3	OTU_1431_18S_3_200	1	ENV_Si	0.531283	0.000000	-0.531283	0.769231	3.000000	1.000000	0	0	1	1.000000	0.000000	0.000000
ASV_886_16S_022_3	OTU_1431_18S_3_200	1	ENV_Si	0.509481	0.000000	-0.509481	0.555445	3.000000	1.000000	0	0	1	1.000000	0.000000	0.000000
ASV_184_16S_022_3	OTU_1390_18S_3_200	1	ENV_Si	0.377212	0.016894	-0.360318	0.233766	3.000000	1.000000	0	0	1	1.000000	0.000000	0.000000
ASV_578_16S_022_3	OTU_1390_18S_3_200	1	ENV_Si	0.391111	-0.023974	-0.415085	0.267732	3.000000	1.000000	0	0	1	1.000000	0.000000	0.000000
ASV_1050_16S_022_3	OTU_1390_18S_3_200	1	ENV_Si	0.456011	0.103538	-0.352473	0.393606	3.000000	1.000000	0	0	1	1.000000	0.000000	0.000000
OTU_1146_18S_3_200	OTU_1390_18S_3_200	1	ENV_Si	0.590836	0.062670	-0.528166	0.572428	3.000000	1.000000	0	0	1	1.000000	0.000000	0.000000
ASV_550_16S_022_3	OTU_1364_18S_3_200	1	ENV_Si	0.447611	0.081080	-0.366532	0.893107	3.000000	1.000000	0	0	1	1.000000	0.000000	0.000000
OTU_1609_18S_022_3	OTU_1364_18S_3_200	1	ENV_Si	0.378099	0.000000	-0.378099	0.928072	3.000000	1.000000	0	0	1	1.000000	0.000000	0.000000
OTU_866_18S_3_200	OTU_1364_18S_3_200	1	ENV_Si	0.541334	0.081080	-0.460254	0.893107	3.000000	1.000000	0	0	1	1.000000	0.000000	0.000000
ASV_248_16S_022_3	OTU_1397_18S_3_200	1	ENV_Si	0.497730	0.062670	-0.435060	0.465534	3.000000	1.000000	0	0	1	1.000000	0.000000	0.000000
ASV_1328_16S_022_3	OTU_1397_18S_3_200	1	ENV_Si	0.483572	0.091551	-0.392021	0.732268	3.000000	1.000000	0	0	1	1.000000	0.000000	0.000000
OTU_844_18S_022_3	OTU_1397_18S_3_200	1	ENV_Si	0.519532	0.000000	-0.519532	0.821179	3.000000	1.000000	0	0	1	1.000000	0.000000	0.000000
OTU_3429_18S_022_3	OTU_1397_18S_3_200	1	ENV_Si	0.519532	0.000000	-0.519532	0.784216	3.000000	1.000000	0	0	1	1.000000	0.000000	0.000000
OTU_236_18S_3_200	OTU_1397_18S_3_200	1	ENV_Si	0.437083	0.091551	-0.345532	0.714286	3.000000	1.000000	0	0	1	1.000000	0.000000	0.000000
OTU_231_18S_3_200	OTU_1329_18S_3_200	1	ENV_Si	0.502499	0.253710	-0.248789	0.767233	3.000000	1.000000	0	0	1	1.000000	0.000000	0.000000
OTU_1355_18S_3_200	OTU_1329_18S_3_200	1	ENV_Si	0.569034	0.281076	-0.287958	0.893107	3.000000	1.000000	0	0	1	1.000000	0.000000	0.000000
OTU_413_18S_3_200	OTU_1346_18S_3_200	1	ENV_Si	0.792738	0.045776	-0.746962	0.499500	3.000000	1.000000	0	0	1	1.000000	0.000000	0.000000
OTU_467_18S_3_200	OTU_1346_18S_3_200	1	ENV_Si	0.674115	0.038179	-0.635936	0.535465	3.000000	1.000000	0	0	1	1.000000	0.000000	0.000000
ASV_824_16S_022_3	OTU_1406_18S_3_200	1	ENV_Si	0.543650	0.081080	-0.462570	0.857143	3.000000	1.000000	0	0	1	1.000000	0.000000	0.000000
ASV_1541_16S_022_3	OTU_1485_18S_3_200	1	ENV_Si	0.414059	0.000000	-0.414059	0.911089	3.000000	1.000000	0	0	1	1.000000	0.000000	0.000000
OTU_2539_18S_022_3	OTU_1485_18S_3_200	1	ENV_Si	0.414059	0.000000	-0.414059	0.661339	3.000000	1.000000	0	0	1	1.000000	0.000000	0.000000
OTU_260_18S_3_200	OTU_1485_18S_3_200	1	ENV_Si	0.577294	0.091551	-0.485743	0.697303	3.000000	1.000000	0	0	1	1.000000	0.000000	0.000000
OTU_910_18S_3_200	OTU_1485_18S_3_200	1	ENV_Si	0.325105	-0.074657	-0.399761	0.465534	3.000000	1.000000	0	0	1	1.000000	0.000000	0.000000
OTU_807_18S_022_3	OTU_1222_18S_3_200	1	ENV_Si	0.324443	0.000000	-0.324443	1.000000	2.000000	1.000000	0	1	0	1.000000	0.000000	0.000000
OTU_1283_18S_022_3	OTU_1222_18S_3_200	1	ENV_Si	0.456115	0.033789	-0.422326	0.302697	3.000000	1.000000	0	0	1	1.000000	0.000000	0.000000
ASV_1481_16S_022_3	OTU_1394_18S_3_200	1	ENV_Si	0.599096	0.172631	-0.426466	0.786214	3.000000	1.000000	0	0	1	1.000000	0.000000	0.000000
OTU_817_18S_022_3	OTU_1394_18S_3_200	1	ENV_Si	0.599096	0.091551	-0.507545	0.857143	3.000000	1.000000	0	0	1	1.000000	0.000000	0.000000
OTU_1902_18S_022_3	OTU_1394_18S_3_200	1	ENV_Si	0.435861	0.000000	-0.435861	1.000000	3.000000	1.000000	0	0	1	1.000000	0.000000	0.000000
ASV_91_16S_022_3	OTU_1363_18S_3_200	1	ENV_Si	0.612638	0.062670	-0.549968	0.929071	3.000000	1.000000	0	0	1	1.000000	0.000000	0.000000
OTU_1756_18S_022_3	OTU_1511_18S_3_200	1	ENV_Si	0.497730	0.000000	-0.497730	1.000000	3.000000	1.000000	0	0	1	1.000000	0.000000	0.000000
OTU_683_18S_3_200	OTU_1511_18S_3_200	1	ENV_Si	0.356297	0.000000	-0.356297	1.000000	3.000000	1.000000	0	0	1	1.000000	0.000000	0.000000
OTU_1417_18S_3_200	OTU_1511_18S_3_200	1	ENV_Si	0.356297	0.000000	-0.356297	1.000000	3.000000	1.000000	0	0	1	1.000000	0.000000	0.000000
OTU_2135_18S_022_3	OTU_1514_18S_3_200	1	ENV_Si	0.416375	0.000000	-0.416375	0.857143	3.000000	1.000000	0	0	1	1.000000	0.000000	0.000000
OTU_17_18S_3_200	OTU_1509_18S_3_200	1	ENV_Si	0.362586	0.000000	-0.362586	1.000000	3.000000	1.000000	0	0	1	1.000000	0.000000	0.000000
OTU_800_18S_3_200	OTU_1509_18S_3_200	1	ENV_Si	0.639751	0.033789	-0.605962	0.214785	3.000000	1.000000	0	0	1	1.000000	0.000000	0.000000
OTU_767_18S_3_200	OTU_1509_18S_3_200	1	ENV_Si	0.894850	0.052198	-0.842651	0.304695	3.000000	1.000000	0	0	1	1.000000	0.000000	0.000000
OTU_1148_18S_3_200	OTU_1509_18S_3_200	1	ENV_Si	0.882074	0.162159	-0.719915	0.465534	3.000000	1.000000	0	0	1	1.000000	0.000000	0.000000
ASV_644_16S_022_3	OTU_1365_18S_3_200	1	ENV_Si	0.497730	0.091551	-0.406179	0.662338	3.000000	1.000000	0	0	1	1.000000	0.000000	0.000000
ASV_1697_16S_022_3	OTU_1365_18S_3_200	1	ENV_Si	0.483572	0.000000	-0.483572	1.000000	3.000000	1.000000	0	0	1	1.000000	0.000000	0.000000
OTU_1398_18S_3_200	OTU_1365_18S_3_200	1	ENV_Si	0.356297	0.000000	-0.356297	0.339660	3.000000	1.000000	0	0	1	1.000000	0.000000	0.000000
OTU_1557_18S_022_3	OTU_1274_18S_3_200	1	ENV_Si	0.577294	0.052198	-0.525096	0.482517	3.000000	1.000000	0	0	1	1.000000	0.000000	0.000000
OTU_1767_18S_022_3	OTU_1274_18S_3_200	1	ENV_Si	0.599096	0.052198	-0.546898	0.607393	3.000000	1.000000	0	0	1	1.000000	0.000000	0.000000
ASV_1481_16S_022_3	OTU_1405_18S_3_200	1	ENV_Si	0.541334	0.143749	-0.397584	0.786214	3.000000	1.000000	0	0	1	1.000000	0.000000	0.000000
OTU_1358_18S_3_200	OTU_1405_18S_3_200	1	ENV_Si	0.493623	0.183102	-0.310521	0.786214	3.000000	1.000000	0	0	1	1.000000	0.000000	0.000000
ASV_248_16S_022_3	OTU_1318_18S_3_200	1	ENV_Si	0.386974	0.148657	-0.238317	0.661339	3.000000	1.000000	0	0	1	1.000000	0.000000	0.000000
ASV_1645_16S_022_3	OTU_1477_18S_3_200	1	ENV_Si	0.682767	0.091551	-0.591216	0.626374	3.000000	1.000000	0	0	1	1.000000	0.000000	0.000000
OTU_2812_18S_022_3	OTU_1477_18S_3_200	1	ENV_Si	0.497730	0.000000	-0.497730	1.000000	3.000000	1.000000	0	0	1	1.000000	0.000000	0.000000
OTU_1165_18S_3_200	OTU_1477_18S_3_200	1	ENV_Si	0.293251	0.000000	-0.293251	0.857143	3.000000	1.000000	0	0	1	1.000000	0.000000	0.000000
OTU_353_18S_3_200	OTU_1557_18S_3_200	1	ENV_Si	0.609092	0.224829	-0.384263	0.929071	3.000000	1.000000	0	0	1	1.000000	0.000000	0.000000
OTU_817_18S_3_200	OTU_1557_18S_3_200	1	ENV_Si	0.633778	0.158611	-0.475167	0.929071	3.000000	1.000000	0	0	1	1.000000	0.000000	0.000000
ASV_1244_16S_022_3	OTU_1562_18S_3_200	1	ENV_Si	0.356297	0.052198	-0.304098	0.625375	3.000000	1.000000	0	0	1	1.000000	0.000000	0.000000
ASV_1401_16S_022_3	OTU_1391_18S_3_200	1	ENV_Si	0.356297	0.000000	-0.356297	1.000000	3.000000	1.000000	0	0	1	1.000000	0.000000	0.000000
OTU_791_18S_3_200	OTU_1391_18S_3_200	1	ENV_Si	0.519532	0.000000	-0.519532	1.000000	3.000000	1.000000	0	0	1	1.000000	0.000000	0.000000
OTU_1286_18S_3_200	OTU_1367_18S_3_200	1	ENV_Si	0.589045	0.000000	-0.589045	1.000000	3.000000	1.000000	0	0	1	1.000000	0.000000	0.000000
OTU_1245_18S_3_200	OTU_1576_18S_3_200	1	ENV_Si	0.445865	0.033789	-0.412077	0.714286	3.000000	1.000000	0	0	1	1.000000	0.000000	0.000000
OTU_1511_18S_3_200	OTU_1627_18S_3_200	1	ENV_Si	0.577294	0.000000	-0.577294	0.856144	3.000000	1.000000	0	0	1	1.000000	0.000000	0.000000
ASV_1569_16S_022_3	OTU_1611_18S_3_200	1	ENV_Si	0.519532	0.052198	-0.467333	0.715285	3.000000	1.000000	0	0	1	1.000000	0.000000	0.000000
OTU_86_18S_022_3	OTU_1611_18S_3_200	1	ENV_Si	0.356297	0.000000	-0.356297	1.000000	3.000000	1.000000	0	0	1	1.000000	0.000000	0.000000
ASV_606_16S_022_3	OTU_1592_18S_3_200	1	ENV_Si	0.625005	0.000000	-0.625005	0.501499	3.000000	1.000000	0	0	1	1.000000	0.000000	0.000000
OTU_1195_18S_022_3	OTU_1592_18S_3_200	1	ENV_Si	0.612638	0.105571	-0.507067	0.768232	3.000000	1.000000	0	0	1	1.000000	0.000000	0.000000
ASV_1986_16S_022_3	OTU_1607_18S_3_200	1	ENV_Si	0.634440	0.091551	-0.542889	0.375624	3.000000	1.000000	0	0	1	1.000000	0.000000	0.000000
OTU_348_18S_3_200	OTU_1607_18S_3_200	1	ENV_Si	0.309006	0.198296	-0.110711	0.947053	3.000000	1.000000	0	0	1	1.000000	0.000000	0.000000
OTU_1213_18S_022_3	OTU_1646_18S_3_200	1	ENV_Si	0.577294	0.081080	-0.496215	0.947053	3.000000	1.000000	0	0	1	1.000000	0.000000	0.000000
OTU_699_18S_3_200	OTU_1646_18S_3_200	1	ENV_Si	0.408776	0.000000	-0.408776	1.000000	3.000000	1.000000	0	0	1	1.000000	0.000000	0.000000
ASV_767_16S_022_3	OTU_1577_18S_3_200	1	ENV_Si	0.701606	0.147483	-0.554123	0.054945	3.000000	1.000000	0	0	1	1.000000	0.000000	0.000000
OTU_2439_18S_022_3	OTU_1577_18S_3_200	1	ENV_Si	0.403391	0.468227	0.064836	nan	1.000000	0.000000	1	0	0	1.000000	0.000000	0.000000
OTU_1347_18S_3_200	OTU_1650_18S_3_200	1	ENV_Si	0.406323	0.000000	-0.406323	1.000000	3.000000	1.000000	0	0	1	1.000000	0.000000	0.000000
OTU_641_18S_3_200	OTU_1536_18S_3_200	1	ENV_Si	0.612638	0.067060	-0.545578	0.876124	3.000000	1.000000	0	0	1	1.000000	0.000000	0.000000
ASV_1482_16S_022_3	OTU_1219_18S_3_200	1	ENV_Si	0.483572	0.000000	-0.483572	0.697303	3.000000	1.000000	0	0	1	1.000000	0.000000	0.000000
ASV_1825_16S_022_3	OTU_1219_18S_3_200	1	ENV_Si	0.541334	0.000000	-0.541334	0.500500	3.000000	1.000000	0	0	1	1.000000	0.000000	0.000000
OTU_519_18S_022_3	OTU_1706_18S_3_200	1	ENV_Si	0.656858	0.162159	-0.494699	0.804196	3.000000	1.000000	0	0	1	1.000000	0.000000	0.000000
ASV_760_16S_3_200	OTU_1706_18S_3_200	1	ENV_Si	0.541334	0.143749	-0.397584	0.786214	3.000000	1.000000	0	0	1	1.000000	0.000000	0.000000
OTU_1609_18S_022_3	OTU_1702_18S_3_200	1	ENV_Si	0.356297	0.000000	-0.356297	0.928072	3.000000	1.000000	0	0	1	1.000000	0.000000	0.000000
OTU_653_18S_3_200	OTU_1702_18S_3_200	1	ENV_Si	0.439968	0.091551	-0.348417	0.929071	3.000000	1.000000	0	0	1	1.000000	0.000000	0.000000
OTU_146_18S_3_200	OTU_1732_18S_3_200	1	ENV_Si	0.567243	0.235301	-0.331942	0.947053	3.000000	1.000000	0	0	1	1.000000	0.000000	0.000000
OTU_1406_18S_3_200	OTU_1732_18S_3_200	1	ENV_Si	0.682767	0.000000	-0.682767	0.787213	3.000000	1.000000	0	0	1	1.000000	0.000000	0.000000
OTU_714_18S_022_3	OTU_1721_18S_3_200	1	ENV_Si	0.486585	0.062670	-0.423915	0.732268	3.000000	1.000000	0	0	1	1.000000	0.000000	0.000000
OTU_964_18S_022_3	OTU_1721_18S_3_200	1	ENV_Si	0.348129	0.091551	-0.256578	0.821179	3.000000	1.000000	0	0	1	1.000000	0.000000	0.000000
OTU_1304_18S_3_200	OTU_1767_18S_3_200	1	ENV_Si	0.703476	0.183102	-0.520374	0.733267	3.000000	1.000000	0	0	1	1.000000	0.000000	0.000000
OTU_1358_18S_3_200	OTU_1767_18S_3_200	1	ENV_Si	0.437083	0.125340	-0.311744	0.554446	3.000000	1.000000	0	0	1	1.000000	0.000000	0.000000
ASV_2030_16S_022_3	OTU_1778_18S_3_200	1	ENV_Si	0.487679	0.000000	-0.487679	1.000000	3.000000	1.000000	0	0	1	1.000000	0.000000	0.000000
ASV_2243_16S_022_3	OTU_1778_18S_3_200	1	ENV_Si	0.348561	0.000000	-0.348561	1.000000	3.000000	1.000000	0	0	1	1.000000	0.000000	0.000000
ASV_1076_16S_022_3	OTU_1454_18S_3_200	1	ENV_Si	0.728993	0.225532	-0.503460	0.501499	3.000000	1.000000	0	0	1	1.000000	0.000000	0.000000
ASV_1795_16S_022_3	OTU_1454_18S_3_200	1	ENV_Si	0.554875	0.067060	-0.487815	0.785215	3.000000	1.000000	0	0	1	1.000000	0.000000	0.000000
OTU_1172_18S_3_200	OTU_1454_18S_3_200	1	ENV_Si	0.582063	0.183102	-0.398961	0.357642	3.000000	1.000000	0	0	1	1.000000	0.000000	0.000000
OTU_1281_18S_3_200	OTU_1728_18S_3_200	1	ENV_Si	0.497730	0.000000	-0.497730	0.716284	3.000000	1.000000	0	0	1	1.000000	0.000000	0.000000
OTU_931_18S_022_3	OTU_1798_18S_3_200	1	ENV_Si	0.430578	0.000000	-0.430578	0.928072	3.000000	1.000000	0	0	1	1.000000	0.000000	0.000000
OTU_329_18S_3_200	OTU_1798_18S_3_200	1	ENV_Si	0.579562	0.081080	-0.498482	0.715285	3.000000	1.000000	0	0	1	1.000000	0.000000	0.000000
OTU_1111_18S_3_200	OTU_1798_18S_3_200	1	ENV_Si	0.511933	0.000000	-0.511933	0.946054	3.000000	1.000000	0	0	1	1.000000	0.000000	0.000000
OTU_497_18S_3_200	OTU_1786_18S_3_200	1	ENV_Si	0.483572	0.000000	-0.483572	0.391608	3.000000	1.000000	0	0	1	1.000000	0.000000	0.000000
OTU_899_18S_3_200	OTU_1786_18S_3_200	1	ENV_Si	0.401794	0.125340	-0.276454	0.286713	3.000000	1.000000	0	0	1	1.000000	0.000000	0.000000
OTU_866_18S_022_3	OTU_1680_18S_3_200	1	ENV_Si	0.483572	0.000000	-0.483572	0.713287	3.000000	1.000000	0	0	1	1.000000	0.000000	0.000000
OTU_16_18S_3_200	OTU_1680_18S_3_200	1	ENV_Si	0.553085	0.000000	-0.553085	0.713287	3.000000	1.000000	0	0	1	1.000000	0.000000	0.000000
ASV_874_16S_022_3	OTU_1819_18S_3_200	1	ENV_Si	0.416375	0.062670	-0.353705	0.787213	3.000000	1.000000	0	0	1	1.000000	0.000000	0.000000
ASV_962_16S_022_3	OTU_1819_18S_3_200	1	ENV_Si	0.577294	0.000000	-0.577294	1.000000	3.000000	1.000000	0	0	1	1.000000	0.000000	0.000000
OTU_304_18S_3_200	OTU_1819_18S_3_200	1	ENV_Si	0.322652	0.000000	-0.322652	1.000000	2.000000	1.000000	0	1	0	1.000000	0.000000	0.000000
OTU_232_18S_3_200	OTU_1836_18S_3_200	1	ENV_Si	0.296519	0.045776	-0.250743	0.537463	3.000000	1.000000	0	0	1	1.000000	0.000000	0.000000
ASV_174_16S_022_3	OTU_1625_18S_3_200	1	ENV_Si	0.708966	0.181928	-0.527038	0.876124	3.000000	1.000000	0	0	1	1.000000	0.000000	0.000000
OTU_329_18S_022_3	OTU_1625_18S_3_200	1	ENV_Si	0.571256	0.119776	-0.451480	0.590410	3.000000	1.000000	0	0	1	1.000000	0.000000	0.000000
OTU_902_18S_022_3	OTU_1625_18S_3_200	1	ENV_Si	0.554214	0.296797	-0.257417	0.912088	3.000000	1.000000	0	0	1	1.000000	0.000000	0.000000
OTU_902_18S_3_200	OTU_1625_18S_3_200	1	ENV_Si	0.807065	0.273479	-0.533586	0.696304	3.000000	1.000000	0	0	1	1.000000	0.000000	0.000000
OTU_2736_18S_022_3	OTU_1886_18S_3_200	1	ENV_Si	0.541334	0.235301	-0.306033	0.929071	3.000000	1.000000	0	0	1	1.000000	0.000000	0.000000
OTU_390_18S_3_200	OTU_1886_18S_3_200	1	ENV_Si	0.483572	0.125340	-0.358232	0.680320	3.000000	1.000000	0	0	1	1.000000	0.000000	0.000000
OTU_995_18S_3_200	OTU_1886_18S_3_200	1	ENV_Si	0.519532	0.091551	-0.427981	0.714286	3.000000	1.000000	0	0	1	1.000000	0.000000	0.000000
OTU_1627_18S_3_200	OTU_1886_18S_3_200	1	ENV_Si	0.356297	0.000000	-0.356297	1.000000	3.000000	1.000000	0	0	1	1.000000	0.000000	0.000000
OTU_2195_18S_022_3	OTU_1906_18S_3_200	1	ENV_Si	0.356297	0.000000	-0.356297	1.000000	3.000000	1.000000	0	0	1	1.000000	0.000000	0.000000
ASV_784_16S_3_200	OTU_1887_18S_3_200	1	ENV_Si	0.566820	0.317554	-0.249266	0.499500	3.000000	1.000000	0	0	1	1.000000	0.000000	0.000000
OTU_116_18S_3_200	OTU_1887_18S_3_200	1	ENV_Si	0.619399	0.355076	-0.264323	0.625375	3.000000	1.000000	0	0	1	1.000000	0.000000	0.000000
OTU_245_18S_3_200	OTU_1887_18S_3_200	1	ENV_Si	0.695171	0.316380	-0.378790	0.659341	3.000000	1.000000	0	0	1	1.000000	0.000000	0.000000
ASV_501_16S_022_3	OTU_1917_18S_3_200	1	ENV_Si	0.439968	0.062670	-0.377298	0.573427	3.000000	1.000000	0	0	1	1.000000	0.000000	0.000000
OTU_41_18S_022_3	OTU_1917_18S_3_200	1	ENV_Si	0.231999	0.004908	-0.227091	0.591409	2.000000	1.000000	0	1	0	1.000000	0.000000	0.000000
OTU_1094_18S_022_3	OTU_1917_18S_3_200	1	ENV_Si	0.334495	0.091551	-0.242944	0.858142	3.000000	1.000000	0	0	1	1.000000	0.000000	0.000000
ASV_1201_16S_3_200	OTU_1917_18S_3_200	1	ENV_Si	0.414059	0.000000	-0.414059	0.928072	3.000000	1.000000	0	0	1	1.000000	0.000000	0.000000
ASV_98_16S_022_3	OTU_1844_18S_3_200	1	ENV_Si	0.703237	0.062670	-0.640567	0.072927	3.000000	1.000000	0	0	1	1.000000	0.000000	0.000000
OTU_168_18S_022_3	OTU_1844_18S_3_200	1	ENV_Si	0.519000	-0.045776	-0.564775	0.679321	3.000000	1.000000	0	0	1	1.000000	0.000000	0.000000
OTU_213_18S_3_200	OTU_1844_18S_3_200	1	ENV_Si	0.748173	0.067578	-0.680596	0.036963	3.000000	1.000000	0	0	1	1.000000	0.000000	0.000000
OTU_268_18S_3_200	OTU_1844_18S_3_200	1	ENV_Si	0.897734	0.100849	-0.796885	0.252747	3.000000	1.000000	0	0	1	1.000000	0.000000	0.000000
OTU_419_18S_3_200	OTU_1844_18S_3_200	1	ENV_Si	0.835879	0.125340	-0.710539	0.377622	3.000000	1.000000	0	0	1	1.000000	0.000000	0.000000
OTU_902_18S_3_200	OTU_1844_18S_3_200	1	ENV_Si	0.805394	0.129730	-0.675664	0.752248	3.000000	1.000000	0	0	1	1.000000	0.000000	0.000000
ASV_1695_16S_022_3	OTU_1934_18S_3_200	1	ENV_Si	0.439968	0.000000	-0.439968	1.000000	3.000000	1.000000	0	0	1	1.000000	0.000000	0.000000
OTU_277_18S_3_200	OTU_1934_18S_3_200	1	ENV_Si	0.461770	0.062670	-0.399100	0.501499	3.000000	1.000000	0	0	1	1.000000	0.000000	0.000000
OTU_844_18S_022_3	OTU_1884_18S_3_200	1	ENV_Si	0.646807	0.172631	-0.474176	0.929071	3.000000	1.000000	0	0	1	1.000000	0.000000	0.000000
OTU_332_18S_3_200	OTU_1884_18S_3_200	1	ENV_Si	0.749964	0.264182	-0.485783	0.947053	3.000000	1.000000	0	0	1	1.000000	0.000000	0.000000
ASV_2010_16S_022_3	OTU_1968_18S_3_200	1	ENV_Si	0.435861	0.091551	-0.344310	0.626374	3.000000	1.000000	0	0	1	1.000000	0.000000	0.000000
OTU_1294_18S_022_3	OTU_1968_18S_3_200	1	ENV_Si	0.356297	0.000000	-0.356297	0.875125	3.000000	1.000000	0	0	1	1.000000	0.000000	0.000000
ASV_1734_16S_022_3	OTU_1898_18S_3_200	1	ENV_Si	0.414059	0.000000	-0.414059	1.000000	3.000000	1.000000	0	0	1	1.000000	0.000000	0.000000
OTU_1077_18S_022_3	OTU_1898_18S_3_200	1	ENV_Si	0.577294	0.253710	-0.323584	0.947053	3.000000	1.000000	0	0	1	1.000000	0.000000	0.000000
OTU_2876_18S_022_3	OTU_1898_18S_3_200	1	ENV_Si	0.541334	0.081080	-0.460254	0.697303	3.000000	1.000000	0	0	1	1.000000	0.000000	0.000000
OTU_2780_18S_022_3	OTU_1898_18S_3_200	1	ENV_Si	0.493623	0.081080	-0.412544	0.572428	3.000000	1.000000	0	0	1	1.000000	0.000000	0.000000
OTU_390_18S_3_200	OTU_1898_18S_3_200	1	ENV_Si	0.483572	0.062670	-0.420902	0.679321	3.000000	1.000000	0	0	1	1.000000	0.000000	0.000000
ASV_1190_16S_022_3	OTU_2009_18S_3_200	1	ENV_Si	0.713342	0.000000	-0.713342	0.553447	3.000000	1.000000	0	0	1	1.000000	0.000000	0.000000
ASV_2226_16S_022_3	OTU_2017_18S_3_200	1	ENV_Si	0.346245	0.000000	-0.346245	1.000000	3.000000	1.000000	0	0	1	1.000000	0.000000	0.000000
OTU_393_18S_3_200	OTU_2017_18S_3_200	1	ENV_Si	0.756946	0.206419	-0.550527	0.482517	3.000000	1.000000	0	0	1	1.000000	0.000000	0.000000
ASV_322_16S_022_3	OTU_2035_18S_3_200	1	ENV_Si	0.521848	0.000000	-0.521848	0.875125	3.000000	1.000000	0	0	1	1.000000	0.000000	0.000000
ASV_1524_16S_3_200	OTU_2035_18S_3_200	1	ENV_Si	0.300850	0.062670	-0.238180	0.519481	3.000000	1.000000	0	0	1	1.000000	0.000000	0.000000
OTU_534_18S_3_200	OTU_2035_18S_3_200	1	ENV_Si	0.589045	0.172631	-0.416414	0.785215	3.000000	1.000000	0	0	1	1.000000	0.000000	0.000000
OTU_1906_18S_3_200	OTU_2035_18S_3_200	1	ENV_Si	0.519532	0.091551	-0.427981	0.571429	3.000000	1.000000	0	0	1	1.000000	0.000000	0.000000
OTU_413_18S_3_200	OTU_2037_18S_3_200	1	ENV_Si	0.462246	0.045776	-0.416471	0.624376	3.000000	1.000000	0	0	1	1.000000	0.000000	0.000000
OTU_477_18S_3_200	OTU_2037_18S_3_200	1	ENV_Si	0.416375	0.000000	-0.416375	1.000000	3.000000	1.000000	0	0	1	1.000000	0.000000	0.000000
OTU_1023_18S_3_200	OTU_2037_18S_3_200	1	ENV_Si	0.646807	0.091551	-0.555256	0.696304	3.000000	1.000000	0	0	1	1.000000	0.000000	0.000000
OTU_1463_18S_3_200	OTU_2037_18S_3_200	1	ENV_Si	0.542557	0.129730	-0.412827	0.857143	3.000000	1.000000	0	0	1	1.000000	0.000000	0.000000
OTU_1649_18S_3_200	OTU_2041_18S_3_200	1	ENV_Si	0.416375	0.000000	-0.416375	1.000000	3.000000	1.000000	0	0	1	1.000000	0.000000	0.000000
ASV_1481_16S_022_3	OTU_1967_18S_3_200	1	ENV_Si	0.645714	0.091551	-0.554163	0.375624	3.000000	1.000000	0	0	1	1.000000	0.000000	0.000000
OTU_422_18S_3_200	OTU_1967_18S_3_200	1	ENV_Si	0.652696	0.000000	-0.652696	0.250749	3.000000	1.000000	0	0	1	1.000000	0.000000	0.000000
OTU_477_18S_3_200	OTU_1967_18S_3_200	1	ENV_Si	0.437083	0.045776	-0.391308	0.466533	3.000000	1.000000	0	0	1	1.000000	0.000000	0.000000
OTU_1898_18S_3_200	OTU_2033_18S_3_200	1	ENV_Si	0.414059	0.081080	-0.332979	0.715285	3.000000	1.000000	0	0	1	1.000000	0.000000	0.000000
OTU_610_18S_3_200	OTU_2054_18S_3_200	1	ENV_Si	0.599096	0.000000	-0.599096	0.947053	3.000000	1.000000	0	0	1	1.000000	0.000000	0.000000
ASV_161_16S_022_3	OTU_1924_18S_3_200	1	ENV_Si	0.548450	0.160644	-0.387806	0.731269	3.000000	1.000000	0	0	1	1.000000	0.000000	0.000000
OTU_232_18S_3_200	OTU_1924_18S_3_200	1	ENV_Si	0.648598	0.045776	-0.602822	0.446553	3.000000	1.000000	0	0	1	1.000000	0.000000	0.000000
OTU_734_18S_3_200	OTU_1924_18S_3_200	1	ENV_Si	0.747632	0.193915	-0.553717	0.464535	3.000000	1.000000	0	0	1	1.000000	0.000000	0.000000
OTU_937_18S_3_200	OTU_1924_18S_3_200	1	ENV_Si	0.539767	0.100849	-0.438918	0.660340	3.000000	1.000000	0	0	1	1.000000	0.000000	0.000000
OTU_558_18S_3_200	OTU_2069_18S_3_200	1	ENV_Si	0.704569	0.134120	-0.570449	0.875125	3.000000	1.000000	0	0	1	1.000000	0.000000	0.000000
OTU_726_18S_3_200	OTU_2069_18S_3_200	1	ENV_Si	0.682767	0.000000	-0.682767	0.946054	3.000000	1.000000	0	0	1	1.000000	0.000000	0.000000
OTU_1106_18S_3_200	OTU_2069_18S_3_200	1	ENV_Si	0.541334	0.052198	-0.489135	0.822178	3.000000	1.000000	0	0	1	1.000000	0.000000	0.000000
ASV_491_16S_3_200	OTU_1970_18S_3_200	1	ENV_Si	0.886629	0.291889	-0.594740	0.857143	3.000000	1.000000	0	0	1	1.000000	0.000000	0.000000
OTU_1337_18S_3_200	OTU_1970_18S_3_200	1	ENV_Si	0.439968	0.096459	-0.343509	0.698302	3.000000	1.000000	0	0	1	1.000000	0.000000	0.000000
OTU_1390_18S_3_200	OTU_1970_18S_3_200	1	ENV_Si	0.691540	0.062670	-0.628870	0.483516	3.000000	1.000000	0	0	1	1.000000	0.000000	0.000000
OTU_868_18S_022_3	OTU_2005_18S_3_200	1	ENV_Si	0.626796	0.195948	-0.430848	0.840160	3.000000	1.000000	0	0	1	1.000000	0.000000	0.000000
OTU_391_18S_3_200	OTU_2005_18S_3_200	1	ENV_Si	0.603203	0.172631	-0.430572	0.839161	3.000000	1.000000	0	0	1	1.000000	0.000000	0.000000
OTU_1263_18S_3_200	OTU_2005_18S_3_200	1	ENV_Si	0.626796	0.081080	-0.545716	0.805195	3.000000	1.000000	0	0	1	1.000000	0.000000	0.000000
ASV_1193_16S_3_200	OTU_2058_18S_3_200	1	ENV_Si	0.338601	0.045776	-0.292826	0.786214	3.000000	1.000000	0	0	1	1.000000	0.000000	0.000000
OTU_40_18S_3_200	OTU_2058_18S_3_200	1	ENV_Si	0.424142	0.034306	-0.389835	0.571429	3.000000	1.000000	0	0	1	1.000000	0.000000	0.000000
OTU_1562_18S_3_200	OTU_2058_18S_3_200	1	ENV_Si	0.280839	0.000000	-0.280839	1.000000	3.000000	1.000000	0	0	1	1.000000	0.000000	0.000000
ASV_229_16S_3_200	OTU_2031_18S_3_200	1	ENV_Si	0.420816	0.143749	-0.277067	0.822178	3.000000	1.000000	0	0	1	1.000000	0.000000	0.000000
OTU_109_18S_3_200	OTU_2031_18S_3_200	1	ENV_Si	0.597818	0.264182	-0.333636	0.929071	3.000000	1.000000	0	0	1	1.000000	0.000000	0.000000
OTU_196_18S_3_200	OTU_2031_18S_3_200	1	ENV_Si	0.426202	0.224829	-0.201373	0.947053	3.000000	1.000000	0	0	1	1.000000	0.000000	0.000000
ASV_456_16S_022_3	OTU_2155_18S_3_200	1	ENV_Si	0.439968	0.052198	-0.387769	0.501499	3.000000	1.000000	0	0	1	1.000000	0.000000	0.000000
ASV_1036_16S_022_3	OTU_2155_18S_3_200	1	ENV_Si	0.439968	0.023317	-0.416650	0.249750	3.000000	1.000000	0	0	1	1.000000	0.000000	0.000000
ASV_1521_16S_022_3	OTU_2155_18S_3_200	1	ENV_Si	0.519532	0.000000	-0.519532	0.929071	3.000000	1.000000	0	0	1	1.000000	0.000000	0.000000
ASV_2371_16S_022_3	OTU_2155_18S_3_200	1	ENV_Si	0.483572	0.000000	-0.483572	1.000000	3.000000	1.000000	0	0	1	1.000000	0.000000	0.000000
OTU_910_18S_022_3	OTU_2155_18S_3_200	1	ENV_Si	0.334495	0.000000	-0.334495	1.000000	3.000000	1.000000	0	0	1	1.000000	0.000000	0.000000
OTU_303_18S_3_200	OTU_2094_18S_3_200	1	ENV_Si	0.710075	0.062670	-0.647405	0.448551	3.000000	1.000000	0	0	1	1.000000	0.000000	0.000000
OTU_1027_18S_3_200	OTU_2094_18S_3_200	1	ENV_Si	0.491971	0.067578	-0.424393	0.502498	3.000000	1.000000	0	0	1	1.000000	0.000000	0.000000
OTU_1252_18S_3_200	OTU_2094_18S_3_200	1	ENV_Si	0.633778	0.000000	-0.633778	0.714286	3.000000	1.000000	0	0	1	1.000000	0.000000	0.000000
ASV_910_16S_022_3	OTU_2181_18S_3_200	1	ENV_Si	0.521033	0.052198	-0.468835	0.483516	3.000000	1.000000	0	0	1	1.000000	0.000000	0.000000
OTU_577_18S_3_200	OTU_2181_18S_3_200	1	ENV_Si	0.825599	0.081080	-0.744520	0.571429	3.000000	1.000000	0	0	1	1.000000	0.000000	0.000000
OTU_871_18S_3_200	OTU_2105_18S_3_200	1	ENV_Si	0.593635	0.050683	-0.542952	0.554446	3.000000	1.000000	0	0	1	1.000000	0.000000	0.000000
OTU_1899_18S_022_3	OTU_2088_18S_3_200	1	ENV_Si	0.594103	0.081080	-0.513023	0.749251	3.000000	1.000000	0	0	1	1.000000	0.000000	0.000000
OTU_1034_18S_3_200	OTU_2088_18S_3_200	1	ENV_Si	0.673006	0.239691	-0.433315	0.965035	3.000000	1.000000	0	0	1	1.000000	0.000000	0.000000
OTU_1226_18S_3_200	OTU_2088_18S_3_200	1	ENV_Si	0.519532	0.000000	-0.519532	1.000000	3.000000	1.000000	0	0	1	1.000000	0.000000	0.000000
OTU_2234_18S_022_3	OTU_2203_18S_3_200	1	ENV_Si	0.356297	0.000000	-0.356297	0.928072	3.000000	1.000000	0	0	1	1.000000	0.000000	0.000000
OTU_923_18S_3_200	OTU_2203_18S_3_200	1	ENV_Si	0.483572	0.045776	-0.437796	0.449550	3.000000	1.000000	0	0	1	1.000000	0.000000	0.000000
OTU_167_18S_022_3	OTU_2253_18S_3_200	1	ENV_Si	0.357519	0.000000	-0.357519	1.000000	3.000000	1.000000	0	0	1	1.000000	0.000000	0.000000
OTU_760_18S_022_3	OTU_2253_18S_3_200	1	ENV_Si	0.437083	0.062670	-0.374414	0.411588	3.000000	1.000000	0	0	1	1.000000	0.000000	0.000000
ASV_1071_16S_3_200	OTU_2253_18S_3_200	1	ENV_Si	0.437083	0.125340	-0.311744	0.286713	3.000000	1.000000	0	0	1	1.000000	0.000000	0.000000
OTU_886_18S_3_200	OTU_2253_18S_3_200	1	ENV_Si	0.437083	0.125340	-0.311744	0.429570	3.000000	1.000000	0	0	1	1.000000	0.000000	0.000000
OTU_866_18S_022_3	OTU_2133_18S_3_200	1	ENV_Si	0.483572	0.000000	-0.483572	0.785215	3.000000	1.000000	0	0	1	1.000000	0.000000	0.000000
OTU_613_18S_3_200	OTU_2133_18S_3_200	1	ENV_Si	0.833243	0.129730	-0.703513	0.500500	3.000000	1.000000	0	0	1	1.000000	0.000000	0.000000
OTU_467_18S_3_200	OTU_2297_18S_3_200	1	ENV_Si	0.710075	0.223655	-0.486420	0.929071	3.000000	1.000000	0	0	1	1.000000	0.000000	0.000000
OTU_1104_18S_3_200	OTU_2297_18S_3_200	1	ENV_Si	0.626796	0.258618	-0.368178	0.911089	3.000000	1.000000	0	0	1	1.000000	0.000000	0.000000
OTU_1291_18S_3_200	OTU_2297_18S_3_200	1	ENV_Si	0.746035	0.200856	-0.545180	0.803197	3.000000	1.000000	0	0	1	1.000000	0.000000	0.000000
OTU_1414_18S_3_200	OTU_2297_18S_3_200	1	ENV_Si	0.617735	0.143749	-0.473985	0.714286	3.000000	1.000000	0	0	1	1.000000	0.000000	0.000000
OTU_519_18S_022_3	OTU_2179_18S_3_200	1	ENV_Si	0.519532	0.052198	-0.467333	0.804196	3.000000	1.000000	0	0	1	1.000000	0.000000	0.000000
OTU_191_18S_3_200	OTU_2179_18S_3_200	1	ENV_Si	0.660965	0.081080	-0.579886	0.518482	3.000000	1.000000	0	0	1	1.000000	0.000000	0.000000
ASV_595_16S_022_3	OTU_2308_18S_3_200	1	ENV_Si	0.461770	0.000000	-0.461770	0.928072	3.000000	1.000000	0	0	1	1.000000	0.000000	0.000000
OTU_1111_18S_022_3	OTU_2308_18S_3_200	1	ENV_Si	0.541334	0.067060	-0.474274	0.857143	3.000000	1.000000	0	0	1	1.000000	0.000000	0.000000
OTU_322_18S_3_200	OTU_2308_18S_3_200	1	ENV_Si	0.577294	0.000000	-0.577294	1.000000	3.000000	1.000000	0	0	1	1.000000	0.000000	0.000000
ASV_1258_16S_022_3	OTU_2322_18S_3_200	1	ENV_Si	0.545441	0.000000	-0.545441	0.929071	3.000000	1.000000	0	0	1	1.000000	0.000000	0.000000
OTU_887_18S_022_3	OTU_2322_18S_3_200	1	ENV_Si	0.547893	0.081080	-0.466814	0.663337	3.000000	1.000000	0	0	1	1.000000	0.000000	0.000000
OTU_861_18S_022_3	OTU_2333_18S_3_200	1	ENV_Si	0.300850	0.000000	-0.300850	1.000000	2.000000	1.000000	0	1	0	1.000000	0.000000	0.000000
OTU_198_18S_3_200	OTU_2333_18S_3_200	1	ENV_Si	0.406323	0.000000	-0.406323	1.000000	3.000000	1.000000	0	0	1	1.000000	0.000000	0.000000
ASV_386_16S_022_3	OTU_2344_18S_3_200	1	ENV_Si	0.469413	0.062670	-0.406744	0.732268	3.000000	1.000000	0	0	1	1.000000	0.000000	0.000000
ASV_637_16S_022_3	OTU_2344_18S_3_200	1	ENV_Si	0.356297	0.091551	-0.264746	0.768232	3.000000	1.000000	0	0	1	1.000000	0.000000	0.000000
OTU_391_18S_3_200	OTU_2344_18S_3_200	1	ENV_Si	0.599096	0.000000	-0.599096	0.821179	3.000000	1.000000	0	0	1	1.000000	0.000000	0.000000
OTU_866_18S_3_200	OTU_2344_18S_3_200	1	ENV_Si	0.599096	0.000000	-0.599096	0.785215	3.000000	1.000000	0	0	1	1.000000	0.000000	0.000000
OTU_2399_18S_022_3	OTU_2047_18S_3_200	1	ENV_Si	0.541334	0.000000	-0.541334	0.785215	3.000000	1.000000	0	0	1	1.000000	0.000000	0.000000
OTU_430_18S_3_200	OTU_2047_18S_3_200	1	ENV_Si	0.567243	0.000000	-0.567243	0.374625	3.000000	1.000000	0	0	1	1.000000	0.000000	0.000000
ASV_601_16S_022_3	OTU_2309_18S_3_200	1	ENV_Si	0.435861	0.000000	-0.435861	0.947053	3.000000	1.000000	0	0	1	1.000000	0.000000	0.000000
OTU_1296_18S_3_200	OTU_2309_18S_3_200	1	ENV_Si	0.519532	0.000000	-0.519532	0.625375	3.000000	1.000000	0	0	1	1.000000	0.000000	0.000000
OTU_1408_18S_3_200	OTU_2309_18S_3_200	1	ENV_Si	0.519532	0.000000	-0.519532	0.678322	3.000000	1.000000	0	0	1	1.000000	0.000000	0.000000
OTU_1318_18S_3_200	OTU_2309_18S_3_200	1	ENV_Si	0.416375	0.000000	-0.416375	0.679321	3.000000	1.000000	0	0	1	1.000000	0.000000	0.000000
ASV_725_16S_022_3	OTU_2376_18S_3_200	1	ENV_Si	0.670400	0.143749	-0.526650	0.732268	3.000000	1.000000	0	0	1	1.000000	0.000000	0.000000
OTU_1284_18S_022_3	OTU_2376_18S_3_200	1	ENV_Si	0.609753	0.114868	-0.494885	0.947053	3.000000	1.000000	0	0	1	1.000000	0.000000	0.000000
OTU_985_18S_3_200	OTU_2376_18S_3_200	1	ENV_Si	0.567243	0.033789	-0.533454	0.409590	3.000000	1.000000	0	0	1	1.000000	0.000000	0.000000
OTU_1219_18S_3_200	OTU_1948_18S_3_200	1	ENV_Si	0.435861	0.000000	-0.435861	0.429570	3.000000	1.000000	0	0	1	1.000000	0.000000	0.000000
OTU_1680_18S_3_200	OTU_1948_18S_3_200	1	ENV_Si	0.425809	0.000000	-0.425809	1.000000	3.000000	1.000000	0	0	1	1.000000	0.000000	0.000000
OTU_1782_18S_022_3	OTU_2305_18S_3_200	1	ENV_Si	0.428125	0.091551	-0.336574	0.715285	3.000000	1.000000	0	0	1	1.000000	0.000000	0.000000
OTU_1650_18S_3_200	OTU_2305_18S_3_200	1	ENV_Si	0.543650	0.091551	-0.452099	0.839161	3.000000	1.000000	0	0	1	1.000000	0.000000	0.000000
ASV_1795_16S_022_3	OTU_2398_18S_3_200	1	ENV_Si	0.492737	0.067060	-0.425677	0.785215	3.000000	1.000000	0	0	1	1.000000	0.000000	0.000000
OTU_505_18S_3_200	OTU_2398_18S_3_200	1	ENV_Si	0.691540	0.225671	-0.465869	0.625375	3.000000	1.000000	0	0	1	1.000000	0.000000	0.000000
OTU_1536_18S_3_200	OTU_2398_18S_3_200	1	ENV_Si	0.615243	0.062670	-0.552574	0.340659	3.000000	1.000000	0	0	1	1.000000	0.000000	0.000000
OTU_1454_18S_3_200	OTU_2120_18S_3_200	1	ENV_Si	0.582063	0.211327	-0.370736	0.591409	3.000000	1.000000	0	0	1	1.000000	0.000000	0.000000
OTU_205_18S_3_200	OTU_2459_18S_3_200	1	ENV_Si	0.645714	0.137327	-0.508387	0.857143	3.000000	1.000000	0	0	1	1.000000	0.000000	0.000000
OTU_881_18S_3_200	OTU_2459_18S_3_200	1	ENV_Si	0.670400	0.183102	-0.487298	0.893107	3.000000	1.000000	0	0	1	1.000000	0.000000	0.000000
OTU_1417_18S_3_200	OTU_2466_18S_3_200	1	ENV_Si	0.656858	0.000000	-0.656858	0.482517	3.000000	1.000000	0	0	1	1.000000	0.000000	0.000000
ASV_2009_16S_022_3	OTU_2095_18S_3_200	1	ENV_Si	0.358613	0.000000	-0.358613	1.000000	3.000000	1.000000	0	0	1	1.000000	0.000000	0.000000
OTU_2399_18S_022_3	OTU_2095_18S_3_200	1	ENV_Si	0.435861	0.000000	-0.435861	1.000000	3.000000	1.000000	0	0	1	1.000000	0.000000	0.000000
OTU_2047_18S_3_200	OTU_2095_18S_3_200	1	ENV_Si	0.541334	0.000000	-0.541334	1.000000	3.000000	1.000000	0	0	1	1.000000	0.000000	0.000000
OTU_1329_18S_3_200	OTU_2394_18S_3_200	1	ENV_Si	0.480697	0.062670	-0.418027	0.624376	3.000000	1.000000	0	0	1	1.000000	0.000000	0.000000
ASV_905_16S_3_200	OTU_2403_18S_3_200	1	ENV_Si	0.541334	0.000000	-0.541334	0.570430	3.000000	1.000000	0	0	1	1.000000	0.000000	0.000000
OTU_497_18S_3_200	OTU_2403_18S_3_200	1	ENV_Si	0.435861	0.000000	-0.435861	0.928072	3.000000	1.000000	0	0	1	1.000000	0.000000	0.000000
OTU_325_18S_3_200	OTU_2399_18S_3_200	1	ENV_Si	0.691540	0.091551	-0.599989	0.678322	3.000000	1.000000	0	0	1	1.000000	0.000000	0.000000
OTU_430_18S_3_200	OTU_2399_18S_3_200	1	ENV_Si	0.648598	0.000000	-0.648598	0.696304	3.000000	1.000000	0	0	1	1.000000	0.000000	0.000000
OTU_711_18S_022_3	OTU_2420_18S_3_200	1	ENV_Si	0.464086	0.081080	-0.383006	0.662338	3.000000	1.000000	0	0	1	1.000000	0.000000	0.000000
OTU_2195_18S_022_3	OTU_2420_18S_3_200	1	ENV_Si	0.541334	0.000000	-0.541334	1.000000	3.000000	1.000000	0	0	1	1.000000	0.000000	0.000000
OTU_989_18S_3_200	OTU_2429_18S_3_200	1	ENV_Si	0.577294	0.000000	-0.577294	0.964036	3.000000	1.000000	0	0	1	1.000000	0.000000	0.000000
ASV_415_16S_022_3	OTU_2489_18S_3_200	1	ENV_Si	0.451718	0.000000	-0.451718	0.928072	3.000000	1.000000	0	0	1	1.000000	0.000000	0.000000
ASV_606_16S_022_3	OTU_2489_18S_3_200	1	ENV_Si	0.464086	0.000000	-0.464086	1.000000	3.000000	1.000000	0	0	1	1.000000	0.000000	0.000000
ASV_1108_16S_022_3	OTU_2489_18S_3_200	1	ENV_Si	0.682767	0.081080	-0.601688	0.857143	3.000000	1.000000	0	0	1	1.000000	0.000000	0.000000
OTU_2376_18S_3_200	OTU_2489_18S_3_200	1	ENV_Si	0.589045	0.081080	-0.507965	0.929071	3.000000	1.000000	0	0	1	1.000000	0.000000	0.000000
OTU_2305_18S_3_200	OTU_2489_18S_3_200	1	ENV_Si	0.704569	0.067060	-0.637509	0.643357	3.000000	1.000000	0	0	1	1.000000	0.000000	0.000000
OTU_1756_18S_022_3	OTU_2496_18S_3_200	1	ENV_Si	0.439968	0.000000	-0.439968	1.000000	3.000000	1.000000	0	0	1	1.000000	0.000000	0.000000
ASV_491_16S_3_200	OTU_2496_18S_3_200	1	ENV_Si	0.670400	0.067060	-0.603340	0.858142	3.000000	1.000000	0	0	1	1.000000	0.000000	0.000000
OTU_1970_18S_3_200	OTU_2496_18S_3_200	1	ENV_Si	0.706360	0.129730	-0.576630	0.947053	3.000000	1.000000	0	0	1	1.000000	0.000000	0.000000
OTU_568_18S_022_3	OTU_1926_18S_3_200	1	ENV_Si	0.710075	0.112835	-0.597239	0.320679	3.000000	1.000000	0	0	1	1.000000	0.000000	0.000000
OTU_671_18S_022_3	OTU_1926_18S_3_200	1	ENV_Si	0.625378	0.091551	-0.533827	0.089910	3.000000	1.000000	0	0	1	1.000000	0.000000	0.000000
OTU_2005_18S_3_200	OTU_1926_18S_3_200	1	ENV_Si	0.691540	0.091551	-0.599989	0.232767	3.000000	1.000000	0	0	1	1.000000	0.000000	0.000000
OTU_136_18S_3_200	OTU_2515_18S_3_200	1	ENV_Si	0.689869	0.153565	-0.536305	0.375624	3.000000	1.000000	0	0	1	1.000000	0.000000	0.000000
OTU_1789_18S_022_3	OTU_2449_18S_3_200	1	ENV_Si	0.577294	0.000000	-0.577294	0.928072	3.000000	1.000000	0	0	1	1.000000	0.000000	0.000000
OTU_1649_18S_3_200	OTU_2449_18S_3_200	1	ENV_Si	0.519532	0.000000	-0.519532	0.429570	3.000000	1.000000	0	0	1	1.000000	0.000000	0.000000
OTU_1210_18S_022_3	OTU_2295_18S_3_200	1	ENV_Si	0.569695	0.081080	-0.488616	0.929071	3.000000	1.000000	0	0	1	1.000000	0.000000	0.000000
OTU_995_18S_3_200	OTU_2295_18S_3_200	1	ENV_Si	0.660965	0.091551	-0.569414	0.696304	3.000000	1.000000	0	0	1	1.000000	0.000000	0.000000
OTU_1290_18S_3_200	OTU_2295_18S_3_200	1	ENV_Si	0.612638	0.143749	-0.468888	0.769231	3.000000	1.000000	0	0	1	1.000000	0.000000	0.000000
ASV_1851_16S_022_3	OTU_2532_18S_3_200	1	ENV_Si	0.545441	0.172631	-0.372810	0.911089	3.000000	1.000000	0	0	1	1.000000	0.000000	0.000000
OTU_191_18S_3_200	OTU_2532_18S_3_200	1	ENV_Si	0.603203	0.000000	-0.603203	0.821179	3.000000	1.000000	0	0	1	1.000000	0.000000	0.000000
OTU_493_18S_3_200	OTU_2532_18S_3_200	1	ENV_Si	0.566149	0.045776	-0.520374	0.500500	3.000000	1.000000	0	0	1	1.000000	0.000000	0.000000
OTU_558_18S_3_200	OTU_2532_18S_3_200	1	ENV_Si	0.728162	0.172631	-0.555532	0.947053	3.000000	1.000000	0	0	1	1.000000	0.000000	0.000000
OTU_1281_18S_3_200	OTU_2532_18S_3_200	1	ENV_Si	0.626796	0.062670	-0.564126	0.429570	3.000000	1.000000	0	0	1	1.000000	0.000000	0.000000
OTU_1940_18S_3_200	OTU_2532_18S_3_200	1	ENV_Si	0.625005	0.172631	-0.452374	0.893107	3.000000	1.000000	0	0	1	1.000000	0.000000	0.000000
OTU_2420_18S_022_3	OTU_2456_18S_3_200	1	ENV_Si	0.519532	0.091551	-0.427981	0.785215	3.000000	1.000000	0	0	1	1.000000	0.000000	0.000000
OTU_2958_18S_022_3	OTU_2456_18S_3_200	1	ENV_Si	0.276732	0.000000	-0.276732	1.000000	3.000000	1.000000	0	0	1	1.000000	0.000000	0.000000
OTU_995_18S_3_200	OTU_2456_18S_3_200	1	ENV_Si	0.439968	0.091551	-0.348417	0.785215	3.000000	1.000000	0	0	1	1.000000	0.000000	0.000000
OTU_362_18S_3_200	OTU_2418_18S_3_200	1	ENV_Si	0.646807	0.162159	-0.484648	0.571429	3.000000	1.000000	0	0	1	1.000000	0.000000	0.000000
OTU_655_18S_3_200	OTU_2418_18S_3_200	1	ENV_Si	0.567243	0.162159	-0.405084	0.786214	3.000000	1.000000	0	0	1	1.000000	0.000000	0.000000
OTU_671_18S_3_200	OTU_2418_18S_3_200	1	ENV_Si	0.625005	0.081080	-0.543925	0.445554	3.000000	1.000000	0	0	1	1.000000	0.000000	0.000000
OTU_768_18S_3_200	OTU_2418_18S_3_200	1	ENV_Si	0.660965	0.143749	-0.517216	0.732268	3.000000	1.000000	0	0	1	1.000000	0.000000	0.000000
OTU_1296_18S_3_200	OTU_2418_18S_3_200	1	ENV_Si	0.603203	0.081080	-0.522123	0.517483	3.000000	1.000000	0	0	1	1.000000	0.000000	0.000000
OTU_1363_18S_3_200	OTU_2418_18S_3_200	1	ENV_Si	0.682767	0.062670	-0.620097	0.929071	3.000000	1.000000	0	0	1	1.000000	0.000000	0.000000
OTU_1774_18S_3_200	OTU_2512_18S_3_200	1	ENV_Si	0.356297	0.000000	-0.356297	0.339660	3.000000	1.000000	0	0	1	1.000000	0.000000	0.000000
OTU_1646_18S_3_200	OTU_2603_18S_3_200	1	ENV_Si	0.462992	0.081080	-0.381913	0.698302	3.000000	1.000000	0	0	1	1.000000	0.000000	0.000000
OTU_519_18S_022_3	OTU_2433_18S_3_200	1	ENV_Si	0.599096	0.000000	-0.599096	0.857143	3.000000	1.000000	0	0	1	1.000000	0.000000	0.000000
OTU_1394_18S_3_200	OTU_2433_18S_3_200	1	ENV_Si	0.493623	0.000000	-0.493623	1.000000	3.000000	1.000000	0	0	1	1.000000	0.000000	0.000000
OTU_1391_18S_3_200	OTU_2433_18S_3_200	1	ENV_Si	0.356297	0.000000	-0.356297	1.000000	3.000000	1.000000	0	0	1	1.000000	0.000000	0.000000
ASV_1143_16S_022_3	OTU_2631_18S_3_200	1	ENV_Si	0.740530	0.000000	-0.740530	0.268731	3.000000	1.000000	0	0	1	1.000000	0.000000	0.000000
OTU_881_18S_3_200	OTU_2631_18S_3_200	1	ENV_Si	0.511933	0.062670	-0.449263	0.589411	3.000000	1.000000	0	0	1	1.000000	0.000000	0.000000
OTU_1576_18S_3_200	OTU_2631_18S_3_200	1	ENV_Si	0.465445	0.062670	-0.402775	0.680320	3.000000	1.000000	0	0	1	1.000000	0.000000	0.000000
OTU_2459_18S_3_200	OTU_2631_18S_3_200	1	ENV_Si	0.547893	0.062670	-0.485223	0.376623	3.000000	1.000000	0	0	1	1.000000	0.000000	0.000000
OTU_799_18S_022_3	OTU_2503_18S_3_200	1	ENV_Si	0.497775	0.000000	-0.497775	0.856144	3.000000	1.000000	0	0	1	1.000000	0.000000	0.000000
OTU_1353_18S_022_3	OTU_2503_18S_3_200	1	ENV_Si	0.435258	0.000000	-0.435258	0.856144	3.000000	1.000000	0	0	1	1.000000	0.000000	0.000000
OTU_2512_18S_3_200	OTU_2503_18S_3_200	1	ENV_Si	0.404007	0.000000	-0.404007	0.856144	3.000000	1.000000	0	0	1	1.000000	0.000000	0.000000
OTU_1362_18S_022_3	OTU_2601_18S_3_200	1	ENV_Si	0.483572	0.000000	-0.483572	1.000000	3.000000	1.000000	0	0	1	1.000000	0.000000	0.000000
ASV_1541_16S_3_200	OTU_2578_18S_3_200	1	ENV_Si	0.603203	0.081080	-0.522123	0.661339	3.000000	1.000000	0	0	1	1.000000	0.000000	0.000000
OTU_1999_18S_3_200	OTU_2578_18S_3_200	1	ENV_Si	0.408776	0.016894	-0.391881	0.143856	3.000000	1.000000	0	0	1	1.000000	0.000000	0.000000
ASV_174_16S_022_3	OTU_2508_18S_3_200	1	ENV_Si	0.567243	0.091551	-0.475692	0.661339	3.000000	1.000000	0	0	1	1.000000	0.000000	0.000000
OTU_985_18S_022_3	OTU_2508_18S_3_200	1	ENV_Si	0.541334	0.000000	-0.541334	0.929071	3.000000	1.000000	0	0	1	1.000000	0.000000	0.000000
OTU_756_18S_3_200	OTU_2508_18S_3_200	1	ENV_Si	0.521848	0.000000	-0.521848	0.411588	3.000000	1.000000	0	0	1	1.000000	0.000000	0.000000
OTU_889_18S_022_3	OTU_2557_18S_3_200	1	ENV_Si	0.519532	0.081080	-0.438452	0.857143	3.000000	1.000000	0	0	1	1.000000	0.000000	0.000000
OTU_1506_18S_022_3	OTU_2557_18S_3_200	1	ENV_Si	0.493623	0.081080	-0.412544	0.642358	3.000000	1.000000	0	0	1	1.000000	0.000000	0.000000
ASV_1076_16S_3_200	OTU_2557_18S_3_200	1	ENV_Si	0.656858	0.091551	-0.565307	0.858142	3.000000	1.000000	0	0	1	1.000000	0.000000	0.000000
ASV_1524_16S_3_200	OTU_2557_18S_3_200	1	ENV_Si	0.414059	0.062670	-0.351389	0.571429	3.000000	1.000000	0	0	1	1.000000	0.000000	0.000000
ASV_730_16S_022_3	OTU_2259_18S_3_200	1	ENV_Si	0.713342	0.358949	-0.354393	0.983017	3.000000	1.000000	0	0	1	1.000000	0.000000	0.000000
OTU_1148_18S_022_3	OTU_2259_18S_3_200	1	ENV_Si	0.571535	0.172631	-0.398904	0.893107	3.000000	1.000000	0	0	1	1.000000	0.000000	0.000000
OTU_197_18S_3_200	OTU_2259_18S_3_200	1	ENV_Si	0.615243	0.282591	-0.332652	0.840160	3.000000	1.000000	0	0	1	1.000000	0.000000	0.000000
OTU_363_18S_3_200	OTU_2259_18S_3_200	1	ENV_Si	0.669738	0.062670	-0.607068	0.732268	3.000000	1.000000	0	0	1	1.000000	0.000000	0.000000
ASV_714_16S_022_3	OTU_2572_18S_3_200	1	ENV_Si	0.199411	0.323682	0.124272	nan	1.000000	0.000000	1	0	0	1.000000	0.000000	0.000000
OTU_137_18S_3_200	OTU_2572_18S_3_200	1	ENV_Si	0.388934	0.258618	-0.130316	0.340659	3.000000	1.000000	0	0	1	1.000000	0.000000	0.000000
ASV_858_16S_3_200	OTU_2699_18S_3_200	1	ENV_Si	0.519532	0.062670	-0.456862	0.929071	3.000000	1.000000	0	0	1	1.000000	0.000000	0.000000
OTU_995_18S_3_200	OTU_2615_18S_3_200	1	ENV_Si	0.464086	0.000000	-0.464086	1.000000	3.000000	1.000000	0	0	1	1.000000	0.000000	0.000000
OTU_1511_18S_3_200	OTU_2615_18S_3_200	1	ENV_Si	0.519532	0.000000	-0.519532	0.856144	3.000000	1.000000	0	0	1	1.000000	0.000000	0.000000
OTU_2466_18S_3_200	OTU_2615_18S_3_200	1	ENV_Si	0.599096	0.081080	-0.518017	0.000999	3.000000	1.000000	0	0	1	1.000000	0.000000	0.000000
ASV_636_16S_022_3	OTU_2714_18S_3_200	1	ENV_Si	0.458885	0.000000	-0.458885	0.928072	3.000000	1.000000	0	0	1	1.000000	0.000000	0.000000
OTU_1782_18S_022_3	OTU_2682_18S_3_200	1	ENV_Si	0.380415	0.091551	-0.288864	0.893107	3.000000	1.000000	0	0	1	1.000000	0.000000	0.000000
OTU_1104_18S_3_200	OTU_2682_18S_3_200	1	ENV_Si	0.577294	0.253710	-0.323584	0.947053	3.000000	1.000000	0	0	1	1.000000	0.000000	0.000000
OTU_2195_18S_022_3	OTU_2649_18S_3_200	1	ENV_Si	0.577294	0.000000	-0.577294	0.874126	3.000000	1.000000	0	0	1	1.000000	0.000000	0.000000
OTU_228_18S_3_200	OTU_2649_18S_3_200	1	ENV_Si	0.660965	0.172631	-0.488335	0.912088	3.000000	1.000000	0	0	1	1.000000	0.000000	0.000000
OTU_2420_18S_3_200	OTU_2649_18S_3_200	1	ENV_Si	0.625005	0.081080	-0.543925	0.519481	3.000000	1.000000	0	0	1	1.000000	0.000000	0.000000
OTU_467_18S_022_3	OTU_2727_18S_3_200	1	ENV_Si	0.358613	0.000000	-0.358613	0.946054	3.000000	1.000000	0	0	1	1.000000	0.000000	0.000000
OTU_1801_18S_022_3	OTU_2727_18S_3_200	1	ENV_Si	0.356297	0.000000	-0.356297	1.000000	3.000000	1.000000	0	0	1	1.000000	0.000000	0.000000
OTU_1948_18S_3_200	OTU_2727_18S_3_200	1	ENV_Si	0.356297	0.000000	-0.356297	0.946054	3.000000	1.000000	0	0	1	1.000000	0.000000	0.000000
OTU_1940_18S_3_200	OTU_2745_18S_3_200	1	ENV_Si	0.682767	0.172631	-0.510137	0.893107	3.000000	1.000000	0	0	1	1.000000	0.000000	0.000000
ASV_550_16S_022_3	OTU_2750_18S_3_200	1	ENV_Si	0.505374	0.000000	-0.505374	0.821179	3.000000	1.000000	0	0	1	1.000000	0.000000	0.000000
ASV_1065_16S_022_3	OTU_2750_18S_3_200	1	ENV_Si	0.519532	0.000000	-0.519532	1.000000	3.000000	1.000000	0	0	1	1.000000	0.000000	0.000000
ASV_1820_16S_022_3	OTU_2750_18S_3_200	1	ENV_Si	0.599096	0.000000	-0.599096	1.000000	3.000000	1.000000	0	0	1	1.000000	0.000000	0.000000
OTU_844_18S_022_3	OTU_2750_18S_3_200	1	ENV_Si	0.541334	0.000000	-0.541334	1.000000	3.000000	1.000000	0	0	1	1.000000	0.000000	0.000000
OTU_398_18S_3_200	OTU_2750_18S_3_200	1	ENV_Si	0.414059	0.000000	-0.414059	1.000000	3.000000	1.000000	0	0	1	1.000000	0.000000	0.000000
OTU_550_18S_3_200	OTU_2750_18S_3_200	1	ENV_Si	0.577294	0.000000	-0.577294	1.000000	3.000000	1.000000	0	0	1	1.000000	0.000000	0.000000
OTU_799_18S_3_200	OTU_2750_18S_3_200	1	ENV_Si	0.541334	0.000000	-0.541334	0.714286	3.000000	1.000000	0	0	1	1.000000	0.000000	0.000000
OTU_430_18S_022_3	OTU_2510_18S_3_200	1	ENV_Si	0.609753	0.091551	-0.518202	0.214785	3.000000	1.000000	0	0	1	1.000000	0.000000	0.000000
ASV_1524_16S_3_200	OTU_2510_18S_3_200	1	ENV_Si	0.404007	0.016894	-0.387113	0.214785	3.000000	1.000000	0	0	1	1.000000	0.000000	0.000000
OTU_800_18S_3_200	OTU_2510_18S_3_200	1	ENV_Si	0.389232	0.033789	-0.355444	0.107892	3.000000	1.000000	0	0	1	1.000000	0.000000	0.000000
OTU_2047_18S_3_200	OTU_2510_18S_3_200	1	ENV_Si	0.589045	0.045776	-0.543269	0.357642	3.000000	1.000000	0	0	1	1.000000	0.000000	0.000000
OTU_1611_18S_3_200	OTU_2785_18S_3_200	1	ENV_Si	0.378099	0.000000	-0.378099	1.000000	3.000000	1.000000	0	0	1	1.000000	0.000000	0.000000
OTU_2876_18S_022_3	OTU_2589_18S_3_200	1	ENV_Si	0.599096	0.000000	-0.599096	1.000000	3.000000	1.000000	0	0	1	1.000000	0.000000	0.000000
OTU_989_18S_3_200	OTU_2589_18S_3_200	1	ENV_Si	0.599096	0.000000	-0.599096	0.964036	3.000000	1.000000	0	0	1	1.000000	0.000000	0.000000
OTU_1219_18S_3_200	OTU_2589_18S_3_200	1	ENV_Si	0.599096	0.091551	-0.507545	0.499500	3.000000	1.000000	0	0	1	1.000000	0.000000	0.000000
ASV_915_16S_022_3	OTU_2419_18S_3_200	1	ENV_Si	0.418827	0.091551	-0.327276	0.821179	3.000000	1.000000	0	0	1	1.000000	0.000000	0.000000
ASV_1029_16S_022_3	OTU_2419_18S_3_200	1	ENV_Si	0.497730	0.091551	-0.406179	0.929071	3.000000	1.000000	0	0	1	1.000000	0.000000	0.000000
OTU_492_18S_3_200	OTU_2419_18S_3_200	1	ENV_Si	0.656858	0.091551	-0.565307	0.929071	3.000000	1.000000	0	0	1	1.000000	0.000000	0.000000
OTU_653_18S_3_200	OTU_2419_18S_3_200	1	ENV_Si	0.577294	0.091551	-0.485743	0.804196	3.000000	1.000000	0	0	1	1.000000	0.000000	0.000000
OTU_1627_18S_3_200	OTU_2419_18S_3_200	1	ENV_Si	0.414059	0.000000	-0.414059	0.928072	3.000000	1.000000	0	0	1	1.000000	0.000000	0.000000
ASV_1481_16S_022_3	OTU_2590_18S_3_200	1	ENV_Si	0.692202	0.172631	-0.519571	0.786214	3.000000	1.000000	0	0	1	1.000000	0.000000	0.000000
OTU_82_18S_3_200	OTU_2590_18S_3_200	1	ENV_Si	0.597818	0.045776	-0.552042	0.340659	3.000000	1.000000	0	0	1	1.000000	0.000000	0.000000
OTU_493_18S_3_200	OTU_2590_18S_3_200	1	ENV_Si	0.475033	0.045776	-0.429257	0.214785	3.000000	1.000000	0	0	1	1.000000	0.000000	0.000000
OTU_1159_18S_3_200	OTU_2590_18S_3_200	1	ENV_Si	0.554875	0.091551	-0.463324	0.446553	3.000000	1.000000	0	0	1	1.000000	0.000000	0.000000
ASV_1047_16S_022_3	OTU_2848_18S_3_200	1	ENV_Si	0.435861	0.091551	-0.344310	0.644356	3.000000	1.000000	0	0	1	1.000000	0.000000	0.000000
OTU_2699_18S_3_200	OTU_2848_18S_3_200	1	ENV_Si	0.435861	0.067060	-0.368801	0.965035	3.000000	1.000000	0	0	1	1.000000	0.000000	0.000000
ASV_1695_16S_022_3	OTU_2700_18S_3_200	1	ENV_Si	0.439968	0.000000	-0.439968	1.000000	3.000000	1.000000	0	0	1	1.000000	0.000000	0.000000
OTU_1714_18S_022_3	OTU_2700_18S_3_200	1	ENV_Si	0.497730	0.000000	-0.497730	0.982018	3.000000	1.000000	0	0	1	1.000000	0.000000	0.000000
OTU_1394_18S_3_200	OTU_2744_18S_3_200	1	ENV_Si	0.656858	0.081080	-0.575779	0.715285	3.000000	1.000000	0	0	1	1.000000	0.000000	0.000000
OTU_2714_18S_3_200	OTU_2744_18S_3_200	1	ENV_Si	0.599096	0.000000	-0.599096	1.000000	3.000000	1.000000	0	0	1	1.000000	0.000000	0.000000
OTU_932_18S_3_200	OTU_2867_18S_3_200	1	ENV_Si	0.439968	0.125340	-0.314628	0.785215	3.000000	1.000000	0	0	1	1.000000	0.000000	0.000000
OTU_1999_18S_3_200	OTU_2867_18S_3_200	1	ENV_Si	0.483572	0.091551	-0.392021	0.071928	3.000000	1.000000	0	0	1	1.000000	0.000000	0.000000
OTU_2512_18S_3_200	OTU_2867_18S_3_200	1	ENV_Si	0.334495	0.062670	-0.271825	0.357642	3.000000	1.000000	0	0	1	1.000000	0.000000	0.000000
OTU_938_18S_022_3	OTU_2620_18S_3_200	1	ENV_Si	0.627457	0.052198	-0.575259	0.572428	3.000000	1.000000	0	0	1	1.000000	0.000000	0.000000
OTU_493_18S_3_200	OTU_2620_18S_3_200	1	ENV_Si	0.623912	0.045776	-0.578136	0.571429	3.000000	1.000000	0	0	1	1.000000	0.000000	0.000000
OTU_741_18S_3_200	OTU_2620_18S_3_200	1	ENV_Si	0.603203	0.000000	-0.603203	0.946054	3.000000	1.000000	0	0	1	1.000000	0.000000	0.000000
OTU_1335_18S_3_200	OTU_2620_18S_3_200	1	ENV_Si	0.670400	0.091551	-0.578849	0.929071	3.000000	1.000000	0	0	1	1.000000	0.000000	0.000000
OTU_2714_18S_3_200	OTU_2620_18S_3_200	1	ENV_Si	0.577294	0.000000	-0.577294	1.000000	3.000000	1.000000	0	0	1	1.000000	0.000000	0.000000
OTU_1494_18S_022_3	OTU_2795_18S_3_200	1	ENV_Si	0.545441	0.062670	-0.482771	0.250749	3.000000	1.000000	0	0	1	1.000000	0.000000	0.000000
OTU_48_18S_3_200	OTU_2795_18S_3_200	1	ENV_Si	0.429916	0.000000	-0.429916	1.000000	3.000000	1.000000	0	0	1	1.000000	0.000000	0.000000
OTU_1077_18S_022_3	OTU_2876_18S_3_200	1	ENV_Si	0.660965	0.091551	-0.569414	0.839161	3.000000	1.000000	0	0	1	1.000000	0.000000	0.000000
OTU_1767_18S_022_3	OTU_2876_18S_3_200	1	ENV_Si	0.577294	0.067060	-0.510234	0.857143	3.000000	1.000000	0	0	1	1.000000	0.000000	0.000000
OTU_1732_18S_3_200	OTU_2876_18S_3_200	1	ENV_Si	0.442284	0.091551	-0.350733	0.858142	3.000000	1.000000	0	0	1	1.000000	0.000000	0.000000
OTU_799_18S_3_200	OTU_2884_18S_3_200	1	ENV_Si	0.556546	0.091551	-0.464995	0.587413	3.000000	1.000000	0	0	1	1.000000	0.000000	0.000000
OTU_1286_18S_3_200	OTU_2884_18S_3_200	1	ENV_Si	0.567243	0.000000	-0.567243	0.929071	3.000000	1.000000	0	0	1	1.000000	0.000000	0.000000
OTU_2181_18S_3_200	OTU_2884_18S_3_200	1	ENV_Si	0.574419	0.081080	-0.493340	0.767233	3.000000	1.000000	0	0	1	1.000000	0.000000	0.000000
ASV_661_16S_022_3	OTU_2914_18S_3_200	1	ENV_Si	0.461770	0.000000	-0.461770	0.716284	3.000000	1.000000	0	0	1	1.000000	0.000000	0.000000
OTU_2289_18S_022_3	OTU_2914_18S_3_200	1	ENV_Si	0.414059	0.091551	-0.322508	0.785215	3.000000	1.000000	0	0	1	1.000000	0.000000	0.000000
ASV_501_16S_022_3	OTU_2635_18S_3_200	1	ENV_Si	0.577294	0.143749	-0.433545	0.911089	3.000000	1.000000	0	0	1	1.000000	0.000000	0.000000
ASV_1201_16S_022_3	OTU_2635_18S_3_200	1	ENV_Si	0.493623	0.000000	-0.493623	0.946054	3.000000	1.000000	0	0	1	1.000000	0.000000	0.000000
OTU_191_18S_022_3	OTU_2635_18S_3_200	1	ENV_Si	0.577294	0.062670	-0.514624	0.786214	3.000000	1.000000	0	0	1	1.000000	0.000000	0.000000
OTU_2214_18S_022_3	OTU_2635_18S_3_200	1	ENV_Si	0.493623	0.000000	-0.493623	0.946054	3.000000	1.000000	0	0	1	1.000000	0.000000	0.000000
OTU_3210_18S_022_3	OTU_2635_18S_3_200	1	ENV_Si	0.493623	0.000000	-0.493623	1.000000	3.000000	1.000000	0	0	1	1.000000	0.000000	0.000000
OTU_621_18S_3_200	OTU_2635_18S_3_200	1	ENV_Si	0.435861	0.000000	-0.435861	1.000000	3.000000	1.000000	0	0	1	1.000000	0.000000	0.000000
OTU_851_18S_022_3	OTU_3023_18S_3_200	1	ENV_Si	0.599096	0.081080	-0.518017	0.590410	3.000000	1.000000	0	0	1	1.000000	0.000000	0.000000
OTU_2270_18S_022_3	OTU_3023_18S_3_200	1	ENV_Si	0.577294	0.000000	-0.577294	1.000000	3.000000	1.000000	0	0	1	1.000000	0.000000	0.000000
OTU_1086_18S_3_200	OTU_2732_18S_3_200	1	ENV_Si	0.450122	0.000000	-0.450122	0.625375	3.000000	1.000000	0	0	1	1.000000	0.000000	0.000000
OTU_1258_18S_3_200	OTU_2732_18S_3_200	1	ENV_Si	0.589045	0.045776	-0.543269	0.393606	3.000000	1.000000	0	0	1	1.000000	0.000000	0.000000
OTU_2305_18S_3_200	OTU_2732_18S_3_200	1	ENV_Si	0.601412	0.091551	-0.509861	0.678322	3.000000	1.000000	0	0	1	1.000000	0.000000	0.000000
OTU_3023_18S_3_200	OTU_3068_18S_3_200	1	ENV_Si	0.656858	0.081080	-0.575779	0.644356	3.000000	1.000000	0	0	1	1.000000	0.000000	0.000000
OTU_889_18S_3_200	OTU_3072_18S_3_200	1	ENV_Si	0.493623	0.000000	-0.493623	0.928072	3.000000	1.000000	0	0	1	1.000000	0.000000	0.000000
OTU_1906_18S_3_200	OTU_3072_18S_3_200	1	ENV_Si	0.356297	0.000000	-0.356297	1.000000	3.000000	1.000000	0	0	1	1.000000	0.000000	0.000000
OTU_1898_18S_3_200	OTU_3113_18S_3_200	1	ENV_Si	0.435861	0.000000	-0.435861	1.000000	3.000000	1.000000	0	0	1	1.000000	0.000000	0.000000
OTU_2270_18S_022_3	OTU_2758_18S_3_200	1	ENV_Si	0.519532	0.000000	-0.519532	1.000000	3.000000	1.000000	0	0	1	1.000000	0.000000	0.000000
OTU_683_18S_3_200	OTU_3167_18S_3_200	1	ENV_Si	0.416375	0.062670	-0.353705	0.482517	3.000000	1.000000	0	0	1	1.000000	0.000000	0.000000
OTU_994_18S_3_200	OTU_3167_18S_3_200	1	ENV_Si	0.464086	0.000000	-0.464086	1.000000	3.000000	1.000000	0	0	1	1.000000	0.000000	0.000000
OTU_1408_18S_3_200	OTU_3167_18S_3_200	1	ENV_Si	0.577294	0.125340	-0.451954	0.215784	3.000000	1.000000	0	0	1	1.000000	0.000000	0.000000
ASV_42_16S_022_3	OTU_3190_18S_3_200	1	ENV_Si	0.356297	0.000000	-0.356297	0.929071	3.000000	1.000000	0	0	1	1.000000	0.000000	0.000000
ASV_2181_16S_022_3	OTU_3190_18S_3_200	1	ENV_Si	0.461770	0.000000	-0.461770	0.964036	3.000000	1.000000	0	0	1	1.000000	0.000000	0.000000
OTU_1562_18S_3_200	OTU_3190_18S_3_200	1	ENV_Si	0.390466	0.000000	-0.390466	1.000000	3.000000	1.000000	0	0	1	1.000000	0.000000	0.000000
OTU_2309_18S_022_3	OTU_3083_18S_3_200	1	ENV_Si	0.276732	0.062670	-0.214062	0.482517	3.000000	1.000000	0	0	1	1.000000	0.000000	0.000000
OTU_1374_18S_3_200	OTU_3083_18S_3_200	1	ENV_Si	0.356297	0.125340	-0.230957	0.876124	3.000000	1.000000	0	0	1	1.000000	0.000000	0.000000
OTU_671_18S_3_200	OTU_3206_18S_3_200	1	ENV_Si	0.625005	0.172631	-0.452374	0.768232	3.000000	1.000000	0	0	1	1.000000	0.000000	0.000000
OTU_1399_18S_3_200	OTU_3206_18S_3_200	1	ENV_Si	0.625005	0.172631	-0.452374	0.877123	3.000000	1.000000	0	0	1	1.000000	0.000000	0.000000
OTU_1252_18S_3_200	OTU_3210_18S_3_200	1	ENV_Si	0.576677	0.000000	-0.576677	0.696304	3.000000	1.000000	0	0	1	1.000000	0.000000	0.000000
OTU_2785_18S_3_200	OTU_3210_18S_3_200	1	ENV_Si	0.483572	0.000000	-0.483572	0.928072	3.000000	1.000000	0	0	1	1.000000	0.000000	0.000000
OTU_1353_18S_022_3	OTU_3225_18S_3_200	1	ENV_Si	0.681296	0.106274	-0.575022	0.143856	3.000000	1.000000	0	0	1	1.000000	0.000000	0.000000
ASV_376_16S_022_3	OTU_3255_18S_3_200	1	ENV_Si	0.334495	0.000000	-0.334495	1.000000	3.000000	1.000000	0	0	1	1.000000	0.000000	0.000000
OTU_1902_18S_022_3	OTU_3255_18S_3_200	1	ENV_Si	0.519532	0.000000	-0.519532	1.000000	3.000000	1.000000	0	0	1	1.000000	0.000000	0.000000
OTU_2459_18S_3_200	OTU_3255_18S_3_200	1	ENV_Si	0.497730	0.000000	-0.497730	0.928072	3.000000	1.000000	0	0	1	1.000000	0.000000	0.000000
OTU_2649_18S_3_200	OTU_3255_18S_3_200	1	ENV_Si	0.497730	0.000000	-0.497730	1.000000	3.000000	1.000000	0	0	1	1.000000	0.000000	0.000000
OTU_1629_18S_022_3	OTU_3261_18S_3_200	1	ENV_Si	0.519532	0.038179	-0.481353	0.857143	3.000000	1.000000	0	0	1	1.000000	0.000000	0.000000
OTU_2020_18S_3_200	OTU_3261_18S_3_200	1	ENV_Si	0.519532	0.038179	-0.481353	0.499500	3.000000	1.000000	0	0	1	1.000000	0.000000	0.000000
ASV_1631_16S_022_3	OTU_3269_18S_3_200	1	ENV_Si	0.493623	0.000000	-0.493623	0.929071	3.000000	1.000000	0	0	1	1.000000	0.000000	0.000000
OTU_430_18S_3_200	OTU_3269_18S_3_200	1	ENV_Si	0.461770	0.000000	-0.461770	0.928072	3.000000	1.000000	0	0	1	1.000000	0.000000	0.000000
OTU_477_18S_3_200	OTU_3269_18S_3_200	1	ENV_Si	0.414059	0.000000	-0.414059	1.000000	3.000000	1.000000	0	0	1	1.000000	0.000000	0.000000
OTU_3210_18S_3_200	OTU_3269_18S_3_200	1	ENV_Si	0.425809	0.000000	-0.425809	1.000000	3.000000	1.000000	0	0	1	1.000000	0.000000	0.000000
OTU_2466_18S_3_200	OTU_3295_18S_3_200	1	ENV_Si	0.435861	0.000000	-0.435861	0.875125	3.000000	1.000000	0	0	1	1.000000	0.000000	0.000000
OTU_2418_18S_3_200	OTU_3295_18S_3_200	1	ENV_Si	0.519532	0.062670	-0.456862	0.446553	3.000000	1.000000	0	0	1	1.000000	0.000000	0.000000
OTU_3206_18S_3_200	OTU_3295_18S_3_200	1	ENV_Si	0.577294	0.091551	-0.485743	0.502498	3.000000	1.000000	0	0	1	1.000000	0.000000	0.000000
OTU_1346_18S_022_3	OTU_3223_18S_3_200	1	ENV_Si	0.466538	0.081080	-0.385458	0.929071	3.000000	1.000000	0	0	1	1.000000	0.000000	0.000000
OTU_1557_18S_3_200	OTU_3223_18S_3_200	1	ENV_Si	0.567243	0.081080	-0.486163	0.589411	3.000000	1.000000	0	0	1	1.000000	0.000000	0.000000
ASV_287_16S_022_3	OTU_3338_18S_3_200	1	ENV_Si	0.541334	0.000000	-0.541334	0.626374	3.000000	1.000000	0	0	1	1.000000	0.000000	0.000000
OTU_330_18S_022_3	OTU_3338_18S_3_200	1	ENV_Si	0.356297	0.045776	-0.310521	0.409590	3.000000	1.000000	0	0	1	1.000000	0.000000	0.000000
OTU_480_18S_3_200	OTU_3338_18S_3_200	1	ENV_Si	0.353889	0.024491	-0.329398	0.411588	3.000000	1.000000	0	0	1	1.000000	0.000000	0.000000
OTU_1767_18S_3_200	OTU_2812_18S_3_200	1	ENV_Si	0.441852	0.062670	-0.379182	0.768232	3.000000	1.000000	0	0	1	1.000000	0.000000	0.000000
OTU_1728_18S_3_200	OTU_2812_18S_3_200	1	ENV_Si	0.599096	0.104397	-0.494699	0.733267	3.000000	1.000000	0	0	1	1.000000	0.000000	0.000000
OTU_3210_18S_3_200	OTU_2812_18S_3_200	1	ENV_Si	0.589045	0.000000	-0.589045	0.875125	3.000000	1.000000	0	0	1	1.000000	0.000000	0.000000
ASV_363_16S_022_3	OTU_3386_18S_3_200	1	ENV_Si	0.356297	0.000000	-0.356297	1.000000	3.000000	1.000000	0	0	1	1.000000	0.000000	0.000000
OTU_86_18S_3_200	OTU_3386_18S_3_200	1	ENV_Si	0.356297	0.000000	-0.356297	1.000000	3.000000	1.000000	0	0	1	1.000000	0.000000	0.000000
OTU_288_18S_3_200	OTU_3386_18S_3_200	1	ENV_Si	0.458885	0.000000	-0.458885	1.000000	3.000000	1.000000	0	0	1	1.000000	0.000000	0.000000
OTU_477_18S_3_200	OTU_3386_18S_3_200	1	ENV_Si	0.519532	0.000000	-0.519532	1.000000	3.000000	1.000000	0	0	1	1.000000	0.000000	0.000000
OTU_2041_18S_3_200	OTU_3386_18S_3_200	1	ENV_Si	0.461770	0.000000	-0.461770	1.000000	3.000000	1.000000	0	0	1	1.000000	0.000000	0.000000
OTU_1611_18S_022_3	OTU_3160_18S_3_200	1	ENV_Si	0.541334	0.000000	-0.541334	1.000000	3.000000	1.000000	0	0	1	1.000000	0.000000	0.000000
OTU_228_18S_3_200	OTU_3160_18S_3_200	1	ENV_Si	0.519532	0.000000	-0.519532	1.000000	3.000000	1.000000	0	0	1	1.000000	0.000000	0.000000
ASV_1065_16S_022_3	OTU_3422_18S_3_200	1	ENV_Si	0.444736	0.062670	-0.382066	0.392607	3.000000	1.000000	0	0	1	1.000000	0.000000	0.000000
ASV_1587_16S_022_3	OTU_3422_18S_3_200	1	ENV_Si	0.545441	0.081080	-0.464361	0.929071	3.000000	1.000000	0	0	1	1.000000	0.000000	0.000000
OTU_1355_18S_3_200	OTU_3422_18S_3_200	1	ENV_Si	0.603203	0.218406	-0.384797	0.893107	3.000000	1.000000	0	0	1	1.000000	0.000000	0.000000
OTU_2308_18S_3_200	OTU_3422_18S_3_200	1	ENV_Si	0.519532	0.000000	-0.519532	1.000000	3.000000	1.000000	0	0	1	1.000000	0.000000	0.000000
OTU_1318_18S_3_200	OTU_3389_18S_3_200	1	ENV_Si	0.577294	0.143749	-0.433545	0.929071	3.000000	1.000000	0	0	1	1.000000	0.000000	0.000000
OTU_1532_18S_3_200	OTU_3389_18S_3_200	1	ENV_Si	0.414059	0.062670	-0.351389	0.446553	3.000000	1.000000	0	0	1	1.000000	0.000000	0.000000
OTU_2649_18S_3_200	OTU_2998_18S_3_200	1	ENV_Si	0.646807	0.006423	-0.640384	0.501499	3.000000	1.000000	0	0	1	1.000000	0.000000	0.000000
OTU_353_18S_3_200	OTU_3342_18S_3_200	1	ENV_Si	0.630605	0.287499	-0.343106	0.715285	3.000000	1.000000	0	0	1	1.000000	0.000000	0.000000
OTU_568_18S_3_200	OTU_3342_18S_3_200	1	ENV_Si	0.734761	0.000000	-0.734761	0.928072	3.000000	1.000000	0	0	1	1.000000	0.000000	0.000000
OTU_1463_18S_3_200	OTU_3342_18S_3_200	1	ENV_Si	0.529528	0.067578	-0.461950	0.231768	3.000000	1.000000	0	0	1	1.000000	0.000000	0.000000
OTU_711_18S_022_3	OTU_2303_18S_3_200	1	ENV_Si	0.519532	0.081080	-0.438452	0.786214	3.000000	1.000000	0	0	1	1.000000	0.000000	0.000000
OTU_606_18S_3_200	OTU_2303_18S_3_200	1	ENV_Si	0.356297	0.000000	-0.356297	0.928072	3.000000	1.000000	0	0	1	1.000000	0.000000	0.000000
ASV_1387_16S_022_3	OTU_3314_18S_3_200	1	ENV_Si	0.461770	0.000000	-0.461770	1.000000	3.000000	1.000000	0	0	1	1.000000	0.000000	0.000000
OTU_391_18S_022_3	OTU_3314_18S_3_200	1	ENV_Si	0.336811	0.000000	-0.336811	1.000000	3.000000	1.000000	0	0	1	1.000000	0.000000	0.000000
OTU_1421_18S_022_3	OTU_3314_18S_3_200	1	ENV_Si	0.437083	0.000000	-0.437083	0.537463	3.000000	1.000000	0	0	1	1.000000	0.000000	0.000000
OTU_422_18S_3_200	OTU_3454_18S_3_200	1	ENV_Si	0.775481	0.052198	-0.723282	0.286713	3.000000	1.000000	0	0	1	1.000000	0.000000	0.000000
OTU_902_18S_3_200	OTU_3454_18S_3_200	1	ENV_Si	0.869203	0.277869	-0.591334	0.947053	3.000000	1.000000	0	0	1	1.000000	0.000000	0.000000
OTU_403_18S_3_200	OTU_3603_18S_3_200	1	ENV_Si	0.509481	0.000000	-0.509481	0.928072	3.000000	1.000000	0	0	1	1.000000	0.000000	0.000000
OTU_1263_18S_3_200	OTU_3603_18S_3_200	1	ENV_Si	0.612638	0.000000	-0.612638	1.000000	3.000000	1.000000	0	0	1	1.000000	0.000000	0.000000
OTU_2615_18S_3_200	OTU_3603_18S_3_200	1	ENV_Si	0.531283	0.000000	-0.531283	0.856144	3.000000	1.000000	0	0	1	1.000000	0.000000	0.000000
OTU_3295_18S_3_200	OTU_3603_18S_3_200	1	ENV_Si	0.483572	0.091551	-0.392021	0.804196	3.000000	1.000000	0	0	1	1.000000	0.000000	0.000000
ASV_2186_16S_022_3	OTU_3606_18S_3_200	1	ENV_Si	0.379321	0.000000	-0.379321	1.000000	3.000000	1.000000	0	0	1	1.000000	0.000000	0.000000
OTU_110_18S_022_3	OTU_3606_18S_3_200	1	ENV_Si	0.311160	0.010471	-0.300689	0.911089	2.000000	1.000000	0	1	0	1.000000	0.000000	0.000000
OTU_534_18S_022_3	OTU_3606_18S_3_200	1	ENV_Si	0.472427	0.062670	-0.409757	0.695305	3.000000	1.000000	0	0	1	1.000000	0.000000	0.000000
OTU_505_18S_3_200	OTU_3606_18S_3_200	1	ENV_Si	0.486585	0.062670	-0.423915	0.624376	3.000000	1.000000	0	0	1	1.000000	0.000000	0.000000
OTU_1358_18S_3_200	OTU_3655_18S_3_200	1	ENV_Si	0.356297	0.062670	-0.293627	0.626374	3.000000	1.000000	0	0	1	1.000000	0.000000	0.000000
OTU_568_18S_3_200	OTU_3448_18S_3_200	1	ENV_Si	0.429916	0.000000	-0.429916	1.000000	3.000000	1.000000	0	0	1	1.000000	0.000000	0.000000
OTU_1592_18S_3_200	OTU_3448_18S_3_200	1	ENV_Si	0.625005	0.000000	-0.625005	0.501499	3.000000	1.000000	0	0	1	1.000000	0.000000	0.000000
OTU_1576_18S_3_200	OTU_3382_18S_3_200	1	ENV_Si	0.437083	0.000000	-0.437083	1.000000	3.000000	1.000000	0	0	1	1.000000	0.000000	0.000000
OTU_1111_18S_3_200	OTU_3704_18S_3_200	1	ENV_Si	0.550499	0.052198	-0.498301	0.715285	3.000000	1.000000	0	0	1	1.000000	0.000000	0.000000
OTU_2009_18S_3_200	OTU_3704_18S_3_200	1	ENV_Si	0.593441	0.000000	-0.593441	0.642358	3.000000	1.000000	0	0	1	1.000000	0.000000	0.000000
OTU_3206_18S_3_200	OTU_3738_18S_3_200	1	ENV_Si	0.660965	0.143749	-0.517216	0.733267	3.000000	1.000000	0	0	1	1.000000	0.000000	0.000000
OTU_3295_18S_3_200	OTU_3738_18S_3_200	1	ENV_Si	0.519532	0.091551	-0.427981	0.554446	3.000000	1.000000	0	0	1	1.000000	0.000000	0.000000
ASV_61_16S_022_3	OTU_3755_18S_3_200	1	ENV_Si	0.461770	0.062670	-0.399100	0.501499	3.000000	1.000000	0	0	1	1.000000	0.000000	0.000000
ASV_1534_16S_022_3	OTU_3773_18S_3_200	1	ENV_Si	0.461770	0.038179	-0.423591	0.536464	3.000000	1.000000	0	0	1	1.000000	0.000000	0.000000
OTU_1213_18S_022_3	OTU_3773_18S_3_200	1	ENV_Si	0.493623	0.067060	-0.426563	0.680320	3.000000	1.000000	0	0	1	1.000000	0.000000	0.000000
OTU_379_18S_3_200	OTU_3773_18S_3_200	1	ENV_Si	0.438177	0.000000	-0.438177	1.000000	3.000000	1.000000	0	0	1	1.000000	0.000000	0.000000
ASV_2226_16S_022_3	OTU_3782_18S_3_200	1	ENV_Si	0.356297	0.000000	-0.356297	1.000000	3.000000	1.000000	0	0	1	1.000000	0.000000	0.000000
OTU_2958_18S_022_3	OTU_3782_18S_3_200	1	ENV_Si	0.356297	0.000000	-0.356297	1.000000	3.000000	1.000000	0	0	1	1.000000	0.000000	0.000000
OTU_2020_18S_3_200	OTU_3782_18S_3_200	1	ENV_Si	0.435861	0.067060	-0.368801	0.679321	3.000000	1.000000	0	0	1	1.000000	0.000000	0.000000
OTU_2905_18S_3_200	OTU_3563_18S_3_200	1	ENV_Si	0.425809	0.091551	-0.334258	0.750250	3.000000	1.000000	0	0	1	1.000000	0.000000	0.000000
OTU_3490_18S_3_200	OTU_3563_18S_3_200	1	ENV_Si	0.599096	0.091551	-0.507545	0.501499	3.000000	1.000000	0	0	1	1.000000	0.000000	0.000000
ASV_888_16S_3_200	OTU_3811_18S_3_200	1	ENV_Si	0.519532	0.000000	-0.519532	0.660340	3.000000	1.000000	0	0	1	1.000000	0.000000	0.000000
OTU_3072_18S_3_200	OTU_3811_18S_3_200	1	ENV_Si	0.435861	0.081080	-0.354781	0.589411	3.000000	1.000000	0	0	1	1.000000	0.000000	0.000000
OTU_3160_18S_3_200	OTU_3811_18S_3_200	1	ENV_Si	0.435861	0.000000	-0.435861	0.982018	3.000000	1.000000	0	0	1	1.000000	0.000000	0.000000
OTU_1386_18S_022_3	OTU_3823_18S_3_200	1	ENV_Si	0.543650	0.000000	-0.543650	0.606394	3.000000	1.000000	0	0	1	1.000000	0.000000	0.000000
OTU_1431_18S_3_200	OTU_3823_18S_3_200	1	ENV_Si	0.543650	0.000000	-0.543650	0.680320	3.000000	1.000000	0	0	1	1.000000	0.000000	0.000000
ASV_466_16S_022_3	OTU_3625_18S_3_200	1	ENV_Si	0.541548	-0.002726	-0.544273	0.177822	3.000000	1.000000	0	0	1	1.000000	0.000000	0.000000
OTU_1940_18S_3_200	OTU_3944_18S_3_200	1	ENV_Si	0.519532	0.081080	-0.438452	0.697303	3.000000	1.000000	0	0	1	1.000000	0.000000	0.000000
OTU_3023_18S_3_200	OTU_3944_18S_3_200	1	ENV_Si	0.414059	0.000000	-0.414059	0.928072	3.000000	1.000000	0	0	1	1.000000	0.000000	0.000000
ASV_1401_16S_022_3	OTU_3348_18S_3_200	1	ENV_Si	0.435861	0.000000	-0.435861	0.928072	3.000000	1.000000	0	0	1	1.000000	0.000000	0.000000
OTU_1335_18S_3_200	OTU_3348_18S_3_200	1	ENV_Si	0.483572	0.000000	-0.483572	1.000000	3.000000	1.000000	0	0	1	1.000000	0.000000	0.000000
OTU_3255_18S_3_200	OTU_3348_18S_3_200	1	ENV_Si	0.519532	0.000000	-0.519532	1.000000	3.000000	1.000000	0	0	1	1.000000	0.000000	0.000000
ASV_1067_16S_3_200	OTU_3774_18S_3_200	1	ENV_Si	0.484794	0.216891	-0.267903	0.947053	3.000000	1.000000	0	0	1	1.000000	0.000000	0.000000
ASV_1201_16S_3_200	OTU_3774_18S_3_200	1	ENV_Si	0.552608	0.158611	-0.393997	0.929071	3.000000	1.000000	0	0	1	1.000000	0.000000	0.000000
OTU_146_18S_3_200	OTU_3994_18S_3_200	1	ENV_Si	0.488340	0.062670	-0.425670	0.267732	3.000000	1.000000	0	0	1	1.000000	0.000000	0.000000
OTU_1399_18S_3_200	OTU_3994_18S_3_200	1	ENV_Si	0.589045	0.067060	-0.521985	0.535465	3.000000	1.000000	0	0	1	1.000000	0.000000	0.000000
OTU_1650_18S_3_200	OTU_3994_18S_3_200	1	ENV_Si	0.543650	0.000000	-0.543650	0.876124	3.000000	1.000000	0	0	1	1.000000	0.000000	0.000000
OTU_3782_18S_3_200	OTU_3994_18S_3_200	1	ENV_Si	0.599096	0.067060	-0.532036	0.696304	3.000000	1.000000	0	0	1	1.000000	0.000000	0.000000
OTU_3348_18S_3_200	OTU_3733_18S_3_200	1	ENV_Si	0.519532	0.000000	-0.519532	1.000000	3.000000	1.000000	0	0	1	1.000000	0.000000	0.000000
OTU_2375_18S_022_3	OTU_4002_18S_3_200	1	ENV_Si	0.599096	0.000000	-0.599096	0.696304	3.000000	1.000000	0	0	1	1.000000	0.000000	0.000000
OTU_1721_18S_3_200	OTU_4002_18S_3_200	1	ENV_Si	0.437083	0.000000	-0.437083	0.714286	3.000000	1.000000	0	0	1	1.000000	0.000000	0.000000
OTU_2420_18S_022_3	OTU_3532_18S_3_200	1	ENV_Si	0.519532	0.000000	-0.519532	0.946054	3.000000	1.000000	0	0	1	1.000000	0.000000	0.000000
OTU_2876_18S_022_3	OTU_3532_18S_3_200	1	ENV_Si	0.298534	0.000000	-0.298534	1.000000	3.000000	1.000000	0	0	1	1.000000	0.000000	0.000000
OTU_726_18S_3_200	OTU_3532_18S_3_200	1	ENV_Si	0.497730	0.000000	-0.497730	0.679321	3.000000	1.000000	0	0	1	1.000000	0.000000	0.000000
OTU_1898_18S_3_200	OTU_3532_18S_3_200	1	ENV_Si	0.414059	0.081080	-0.332979	0.786214	3.000000	1.000000	0	0	1	1.000000	0.000000	0.000000
OTU_768_18S_3_200	OTU_3624_18S_3_200	1	ENV_Si	0.519532	0.172631	-0.346901	0.912088	3.000000	1.000000	0	0	1	1.000000	0.000000	0.000000
OTU_1332_18S_3_200	OTU_3624_18S_3_200	1	ENV_Si	0.599096	0.081080	-0.518017	0.662338	3.000000	1.000000	0	0	1	1.000000	0.000000	0.000000
OTU_1397_18S_3_200	OTU_3624_18S_3_200	1	ENV_Si	0.519532	0.000000	-0.519532	0.982018	3.000000	1.000000	0	0	1	1.000000	0.000000	0.000000
OTU_199_18S_022_3	OTU_3744_18S_3_200	1	ENV_Si	0.451670	-0.011987	-0.463656	0.375624	3.000000	1.000000	0	0	1	1.000000	0.000000	0.000000
OTU_307_18S_022_3	OTU_3744_18S_3_200	1	ENV_Si	0.568870	0.097974	-0.470896	0.840160	3.000000	1.000000	0	0	1	1.000000	0.000000	0.000000
OTU_2508_18S_3_200	OTU_3744_18S_3_200	1	ENV_Si	0.530074	0.045776	-0.484298	0.574426	3.000000	1.000000	0	0	1	1.000000	0.000000	0.000000
OTU_257_18S_3_200	OTU_3877_18S_3_200	1	ENV_Si	0.865697	0.183952	-0.681745	0.464535	3.000000	1.000000	0	0	1	1.000000	0.000000	0.000000
OTU_387_18S_3_200	OTU_3877_18S_3_200	1	ENV_Si	0.526046	0.091551	-0.434495	0.785215	3.000000	1.000000	0	0	1	1.000000	0.000000	0.000000
OTU_1332_18S_3_200	OTU_4181_18S_3_200	1	ENV_Si	0.656858	0.081080	-0.575779	0.663337	3.000000	1.000000	0	0	1	1.000000	0.000000	0.000000
OTU_1968_18S_3_200	OTU_4181_18S_3_200	1	ENV_Si	0.656858	0.000000	-0.656858	1.000000	3.000000	1.000000	0	0	1	1.000000	0.000000	0.000000
OTU_938_18S_022_3	OTU_4249_18S_3_200	1	ENV_Si	0.807726	0.081080	-0.726647	0.750250	3.000000	1.000000	0	0	1	1.000000	0.000000	0.000000
OTU_2876_18S_022_3	OTU_4249_18S_3_200	1	ENV_Si	0.541334	0.081080	-0.460254	0.678322	3.000000	1.000000	0	0	1	1.000000	0.000000	0.000000
OTU_2133_18S_3_200	OTU_4249_18S_3_200	1	ENV_Si	0.749964	0.067060	-0.682904	0.518482	3.000000	1.000000	0	0	1	1.000000	0.000000	0.000000
OTU_2727_18S_3_200	OTU_4249_18S_3_200	1	ENV_Si	0.461770	0.000000	-0.461770	1.000000	3.000000	1.000000	0	0	1	1.000000	0.000000	0.000000
OTU_2040_18S_022_3	OTU_4075_18S_3_200	1	ENV_Si	0.378099	0.000000	-0.378099	1.000000	3.000000	1.000000	0	0	1	1.000000	0.000000	0.000000
OTU_741_18S_3_200	OTU_4075_18S_3_200	1	ENV_Si	0.519532	0.000000	-0.519532	1.000000	3.000000	1.000000	0	0	1	1.000000	0.000000	0.000000
OTU_1394_18S_3_200	OTU_4075_18S_3_200	1	ENV_Si	0.599096	0.000000	-0.599096	1.000000	3.000000	1.000000	0	0	1	1.000000	0.000000	0.000000
OTU_2020_18S_3_200	OTU_4075_18S_3_200	1	ENV_Si	0.378099	0.000000	-0.378099	1.000000	3.000000	1.000000	0	0	1	1.000000	0.000000	0.000000
ASV_1593_16S_022_3	OTU_4389_18S_3_200	1	ENV_Si	0.435861	0.000000	-0.435861	0.929071	3.000000	1.000000	0	0	1	1.000000	0.000000	0.000000
ASV_1720_16S_022_3	OTU_4389_18S_3_200	1	ENV_Si	0.656858	0.172631	-0.484228	0.947053	3.000000	1.000000	0	0	1	1.000000	0.000000	0.000000
OTU_363_18S_3_200	OTU_4389_18S_3_200	1	ENV_Si	0.439968	0.062670	-0.377298	0.626374	3.000000	1.000000	0	0	1	1.000000	0.000000	0.000000
OTU_1334_18S_3_200	OTU_4389_18S_3_200	1	ENV_Si	0.483572	0.091551	-0.392021	0.858142	3.000000	1.000000	0	0	1	1.000000	0.000000	0.000000
ASV_663_16S_3_200	OTU_3933_18S_3_200	1	ENV_Si	0.483572	-0.028881	-0.512453	0.249750	3.000000	1.000000	0	0	1	1.000000	0.000000	0.000000
ASV_1138_16S_3_200	OTU_3933_18S_3_200	1	ENV_Si	0.368047	0.052198	-0.315849	0.732268	3.000000	1.000000	0	0	1	1.000000	0.000000	0.000000
OTU_2501_18S_022_3	OTU_4115_18S_3_200	1	ENV_Si	0.521848	0.091551	-0.430297	0.857143	3.000000	1.000000	0	0	1	1.000000	0.000000	0.000000
OTU_2394_18S_3_200	OTU_4115_18S_3_200	1	ENV_Si	0.589045	0.091551	-0.497494	0.785215	3.000000	1.000000	0	0	1	1.000000	0.000000	0.000000
OTU_2712_18S_3_200	OTU_4115_18S_3_200	1	ENV_Si	0.464086	0.183102	-0.280984	0.947053	3.000000	1.000000	0	0	1	1.000000	0.000000	0.000000
OTU_391_18S_3_200	OTU_4500_18S_3_200	1	ENV_Si	0.599096	0.148140	-0.450957	0.750250	3.000000	1.000000	0	0	1	1.000000	0.000000	0.000000
OTU_1706_18S_3_200	OTU_4500_18S_3_200	1	ENV_Si	0.435861	0.081080	-0.354781	0.840160	3.000000	1.000000	0	0	1	1.000000	0.000000	0.000000
OTU_3023_18S_3_200	OTU_4500_18S_3_200	1	ENV_Si	0.493623	0.000000	-0.493623	0.946054	3.000000	1.000000	0	0	1	1.000000	0.000000	0.000000
OTU_1629_18S_022_3	OTU_4260_18S_3_200	1	ENV_Si	0.704569	0.129730	-0.574840	0.929071	3.000000	1.000000	0	0	1	1.000000	0.000000	0.000000
OTU_621_18S_3_200	OTU_4260_18S_3_200	1	ENV_Si	0.380415	0.062670	-0.317745	0.696304	3.000000	1.000000	0	0	1	1.000000	0.000000	0.000000
ASV_1636_16S_022_3	OTU_3576_18S_3_200	1	ENV_Si	0.495939	0.000000	-0.495939	0.946054	3.000000	1.000000	0	0	1	1.000000	0.000000	0.000000
OTU_989_18S_3_200	OTU_3576_18S_3_200	1	ENV_Si	0.656858	0.000000	-0.656858	0.928072	3.000000	1.000000	0	0	1	1.000000	0.000000	0.000000
OTU_1106_18S_3_200	OTU_3576_18S_3_200	1	ENV_Si	0.435861	0.000000	-0.435861	0.821179	3.000000	1.000000	0	0	1	1.000000	0.000000	0.000000
OTU_1219_18S_3_200	OTU_3576_18S_3_200	1	ENV_Si	0.599096	0.000000	-0.599096	0.749251	3.000000	1.000000	0	0	1	1.000000	0.000000	0.000000
OTU_3068_18S_3_200	OTU_3576_18S_3_200	1	ENV_Si	0.435861	0.000000	-0.435861	1.000000	3.000000	1.000000	0	0	1	1.000000	0.000000	0.000000
ASV_764_16S_022_3	OTU_4154_18S_3_200	1	ENV_Si	0.599096	0.000000	-0.599096	0.929071	3.000000	1.000000	0	0	1	1.000000	0.000000	0.000000
ASV_1125_16S_022_3	OTU_4154_18S_3_200	1	ENV_Si	0.625005	0.081080	-0.543925	0.965035	3.000000	1.000000	0	0	1	1.000000	0.000000	0.000000
ASV_1310_16S_022_3	OTU_4154_18S_3_200	1	ENV_Si	0.461770	0.081080	-0.380690	0.929071	3.000000	1.000000	0	0	1	1.000000	0.000000	0.000000
OTU_102_18S_3_200	OTU_4154_18S_3_200	1	ENV_Si	0.519532	0.000000	-0.519532	1.000000	3.000000	1.000000	0	0	1	1.000000	0.000000	0.000000
OTU_797_18S_3_200	OTU_4154_18S_3_200	1	ENV_Si	0.567243	0.067060	-0.500183	0.911089	3.000000	1.000000	0	0	1	1.000000	0.000000	0.000000
OTU_1345_18S_3_200	OTU_4154_18S_3_200	1	ENV_Si	0.485888	0.000000	-0.485888	0.928072	3.000000	1.000000	0	0	1	1.000000	0.000000	0.000000
OTU_1354_18S_3_200	OTU_4135_18S_3_200	1	ENV_Si	0.599096	0.000000	-0.599096	1.000000	3.000000	1.000000	0	0	1	1.000000	0.000000	0.000000
OTU_2242_18S_3_200	OTU_4135_18S_3_200	1	ENV_Si	0.599096	0.000000	-0.599096	1.000000	3.000000	1.000000	0	0	1	1.000000	0.000000	0.000000
ASV_211_16S_022_3	OTU_4921_18S_3_200	1	ENV_Si	0.473506	0.091551	-0.381955	0.625375	3.000000	1.000000	0	0	1	1.000000	0.000000	0.000000
OTU_2234_18S_022_3	OTU_4921_18S_3_200	1	ENV_Si	0.414059	0.000000	-0.414059	1.000000	3.000000	1.000000	0	0	1	1.000000	0.000000	0.000000
OTU_899_18S_3_200	OTU_4921_18S_3_200	1	ENV_Si	0.404007	0.062670	-0.341338	0.678322	3.000000	1.000000	0	0	1	1.000000	0.000000	0.000000
OTU_1332_18S_022_3	OTU_4934_18S_3_200	1	ENV_Si	0.577294	0.000000	-0.577294	1.000000	3.000000	1.000000	0	0	1	1.000000	0.000000	0.000000
OTU_1576_18S_3_200	OTU_4934_18S_3_200	1	ENV_Si	0.542557	0.000000	-0.542557	1.000000	3.000000	1.000000	0	0	1	1.000000	0.000000	0.000000
OTU_2433_18S_3_200	OTU_4934_18S_3_200	1	ENV_Si	0.519532	0.000000	-0.519532	0.857143	3.000000	1.000000	0	0	1	1.000000	0.000000	0.000000
OTU_1281_18S_3_200	OTU_4876_18S_3_200	1	ENV_Si	0.771105	0.125340	-0.645765	0.340659	3.000000	1.000000	0	0	1	1.000000	0.000000	0.000000
OTU_2069_18S_3_200	OTU_4876_18S_3_200	1	ENV_Si	0.531283	0.000000	-0.531283	1.000000	3.000000	1.000000	0	0	1	1.000000	0.000000	0.000000
OTU_2876_18S_3_200	OTU_4876_18S_3_200	1	ENV_Si	0.509481	0.062670	-0.446811	0.588412	3.000000	1.000000	0	0	1	1.000000	0.000000	0.000000
OTU_2382_18S_022_3	OTU_4463_18S_3_200	1	ENV_Si	0.378099	0.000000	-0.378099	1.000000	3.000000	1.000000	0	0	1	1.000000	0.000000	0.000000
OTU_3933_18S_3_200	OTU_4463_18S_3_200	1	ENV_Si	0.378099	0.006423	-0.371676	0.804196	3.000000	1.000000	0	0	1	1.000000	0.000000	0.000000
OTU_1304_18S_022_3	OTU_4276_18S_3_200	1	ENV_Si	0.704569	0.067060	-0.637509	0.465534	3.000000	1.000000	0	0	1	1.000000	0.000000	0.000000
ASV_669_16S_3_200	OTU_4276_18S_3_200	1	ENV_Si	0.509481	0.148140	-0.361341	0.876124	3.000000	1.000000	0	0	1	1.000000	0.000000	0.000000
OTU_1405_18S_3_200	OTU_4276_18S_3_200	1	ENV_Si	0.656858	0.052198	-0.604660	0.786214	3.000000	1.000000	0	0	1	1.000000	0.000000	0.000000
OTU_2033_18S_3_200	OTU_4276_18S_3_200	1	ENV_Si	0.519532	0.081080	-0.438452	0.858142	3.000000	1.000000	0	0	1	1.000000	0.000000	0.000000
OTU_2242_18S_3_200	OTU_4276_18S_3_200	1	ENV_Si	0.599096	0.000000	-0.599096	1.000000	3.000000	1.000000	0	0	1	1.000000	0.000000	0.000000
OTU_2295_18S_3_200	OTU_4276_18S_3_200	1	ENV_Si	0.682767	0.081080	-0.601688	0.715285	3.000000	1.000000	0	0	1	1.000000	0.000000	0.000000
OTU_4249_18S_3_200	OTU_4276_18S_3_200	1	ENV_Si	0.762332	0.067060	-0.695272	0.571429	3.000000	1.000000	0	0	1	1.000000	0.000000	0.000000
OTU_62_18S_3_200	OTU_4392_18S_3_200	1	ENV_Si	0.377212	0.062670	-0.314542	0.750250	3.000000	1.000000	0	0	1	1.000000	0.000000	0.000000
OTU_1121_18S_3_200	OTU_4392_18S_3_200	1	ENV_Si	0.569695	0.091551	-0.478144	0.713287	3.000000	1.000000	0	0	1	1.000000	0.000000	0.000000
OTU_1394_18S_3_200	OTU_4392_18S_3_200	1	ENV_Si	0.599096	0.000000	-0.599096	0.857143	3.000000	1.000000	0	0	1	1.000000	0.000000	0.000000
OTU_2394_18S_3_200	OTU_4392_18S_3_200	1	ENV_Si	0.594103	0.091551	-0.502552	0.786214	3.000000	1.000000	0	0	1	1.000000	0.000000	0.000000
OTU_741_18S_3_200	OTU_5301_18S_3_200	1	ENV_Si	0.461770	0.067060	-0.394710	0.678322	3.000000	1.000000	0	0	1	1.000000	0.000000	0.000000
OTU_1105_18S_3_200	OTU_5301_18S_3_200	1	ENV_Si	0.483572	0.062670	-0.420902	0.642358	3.000000	1.000000	0	0	1	1.000000	0.000000	0.000000
OTU_1532_18S_3_200	OTU_5301_18S_3_200	1	ENV_Si	0.414059	0.062670	-0.351389	0.678322	3.000000	1.000000	0	0	1	1.000000	0.000000	0.000000
ASV_376_16S_022_3	OTU_5536_18S_3_200	1	ENV_Si	0.577294	0.000000	-0.577294	0.928072	3.000000	1.000000	0	0	1	1.000000	0.000000	0.000000
OTU_2303_18S_3_200	OTU_5536_18S_3_200	1	ENV_Si	0.493623	0.000000	-0.493623	0.928072	3.000000	1.000000	0	0	1	1.000000	0.000000	0.000000
OTU_866_18S_3_200	OTU_5527_18S_3_200	1	ENV_Si	0.519532	0.081080	-0.438452	0.769231	3.000000	1.000000	0	0	1	1.000000	0.000000	0.000000
OTU_4934_18S_3_200	OTU_5527_18S_3_200	1	ENV_Si	0.439968	0.052198	-0.387769	0.446553	3.000000	1.000000	0	0	1	1.000000	0.000000	0.000000
OTU_378_18S_022_3	OTU_5560_18S_3_200	1	ENV_Si	0.437083	0.000000	-0.437083	0.892108	3.000000	1.000000	0	0	1	1.000000	0.000000	0.000000
OTU_1948_18S_3_200	OTU_5560_18S_3_200	1	ENV_Si	0.599096	0.000000	-0.599096	0.946054	3.000000	1.000000	0	0	1	1.000000	0.000000	0.000000
OTU_3261_18S_3_200	OTU_5560_18S_3_200	1	ENV_Si	0.356297	0.000000	-0.356297	0.928072	3.000000	1.000000	0	0	1	1.000000	0.000000	0.000000
ASV_1042_16S_022_3	OTU_5090_18S_3_200	1	ENV_Si	0.648598	0.133278	-0.515320	0.591409	3.000000	1.000000	0	0	1	1.000000	0.000000	0.000000
ASV_1076_16S_022_3	OTU_5090_18S_3_200	1	ENV_Si	0.587951	0.085987	-0.501964	0.680320	3.000000	1.000000	0	0	1	1.000000	0.000000	0.000000
OTU_698_18S_3_200	OTU_5090_18S_3_200	1	ENV_Si	0.670400	0.133278	-0.537122	0.751249	3.000000	1.000000	0	0	1	1.000000	0.000000	0.000000
OTU_2342_18S_3_200	OTU_5090_18S_3_200	1	ENV_Si	0.545009	0.062670	-0.482339	0.786214	3.000000	1.000000	0	0	1	1.000000	0.000000	0.000000
OTU_938_18S_022_3	OTU_5666_18S_3_200	1	ENV_Si	0.682767	0.172631	-0.510137	0.839161	3.000000	1.000000	0	0	1	1.000000	0.000000	0.000000
OTU_960_18S_3_200	OTU_5666_18S_3_200	1	ENV_Si	0.462992	0.000000	-0.462992	1.000000	3.000000	1.000000	0	0	1	1.000000	0.000000	0.000000
OTU_1354_18S_3_200	OTU_5666_18S_3_200	1	ENV_Si	0.519532	0.000000	-0.519532	1.000000	3.000000	1.000000	0	0	1	1.000000	0.000000	0.000000
OTU_1682_18S_022_3	OTU_5822_18S_3_200	1	ENV_Si	0.378099	0.000000	-0.378099	1.000000	3.000000	1.000000	0	0	1	1.000000	0.000000	0.000000
OTU_1940_18S_3_200	OTU_5822_18S_3_200	1	ENV_Si	0.483572	0.000000	-0.483572	1.000000	3.000000	1.000000	0	0	1	1.000000	0.000000	0.000000
OTU_2179_18S_3_200	OTU_5822_18S_3_200	1	ENV_Si	0.519532	0.000000	-0.519532	1.000000	3.000000	1.000000	0	0	1	1.000000	0.000000	0.000000
OTU_2745_18S_3_200	OTU_5822_18S_3_200	1	ENV_Si	0.519532	0.000000	-0.519532	0.946054	3.000000	1.000000	0	0	1	1.000000	0.000000	0.000000
OTU_606_18S_3_200	OTU_5861_18S_3_200	1	ENV_Si	0.519532	0.000000	-0.519532	0.786214	3.000000	1.000000	0	0	1	1.000000	0.000000	0.000000
OTU_1732_18S_3_200	OTU_5861_18S_3_200	1	ENV_Si	0.416375	0.000000	-0.416375	0.822178	3.000000	1.000000	0	0	1	1.000000	0.000000	0.000000
OTU_2322_18S_3_200	OTU_5861_18S_3_200	1	ENV_Si	0.461770	0.000000	-0.461770	0.786214	3.000000	1.000000	0	0	1	1.000000	0.000000	0.000000
OTU_1706_18S_3_200	OTU_4651_18S_3_200	1	ENV_Si	0.493623	0.081080	-0.412544	0.786214	3.000000	1.000000	0	0	1	1.000000	0.000000	0.000000
OTU_1906_18S_3_200	OTU_4651_18S_3_200	1	ENV_Si	0.577294	0.091551	-0.485743	0.750250	3.000000	1.000000	0	0	1	1.000000	0.000000	0.000000
OTU_4500_18S_3_200	OTU_4651_18S_3_200	1	ENV_Si	0.656858	0.081080	-0.575779	0.750250	3.000000	1.000000	0	0	1	1.000000	0.000000	0.000000
ASV_781_16S_022_3	OTU_5966_18S_3_200	1	ENV_Si	0.378099	0.000000	-0.378099	0.928072	3.000000	1.000000	0	0	1	1.000000	0.000000	0.000000
OTU_2040_18S_022_3	OTU_5966_18S_3_200	1	ENV_Si	0.435861	0.000000	-0.435861	0.928072	3.000000	1.000000	0	0	1	1.000000	0.000000	0.000000
OTU_2033_18S_3_200	OTU_5966_18S_3_200	1	ENV_Si	0.577294	0.081080	-0.496215	0.858142	3.000000	1.000000	0	0	1	1.000000	0.000000	0.000000
OTU_2662_18S_022_3	OTU_6104_18S_3_200	1	ENV_Si	0.543650	0.091551	-0.452099	0.500500	3.000000	1.000000	0	0	1	1.000000	0.000000	0.000000
OTU_2780_18S_022_3	OTU_6104_18S_3_200	1	ENV_Si	0.495939	0.081080	-0.414860	0.464535	3.000000	1.000000	0	0	1	1.000000	0.000000	0.000000
OTU_351_18S_3_200	OTU_6104_18S_3_200	1	ENV_Si	0.589045	0.345261	-0.243784	0.929071	3.000000	1.000000	0	0	1	1.000000	0.000000	0.000000
OTU_1649_18S_3_200	OTU_6104_18S_3_200	1	ENV_Si	0.599096	0.000000	-0.599096	0.571429	3.000000	1.000000	0	0	1	1.000000	0.000000	0.000000
OTU_214_18S_022_3	OTU_5282_18S_3_200	1	ENV_Si	0.497730	0.091551	-0.406179	0.697303	3.000000	1.000000	0	0	1	1.000000	0.000000	0.000000
OTU_1142_18S_022_3	OTU_5282_18S_3_200	1	ENV_Si	0.577294	0.114868	-0.462426	0.965035	3.000000	1.000000	0	0	1	1.000000	0.000000	0.000000
OTU_2795_18S_3_200	OTU_5282_18S_3_200	1	ENV_Si	0.660965	0.172631	-0.488335	0.948052	3.000000	1.000000	0	0	1	1.000000	0.000000	0.000000
ASV_112_16S_022_3	OTU_5407_18S_3_200	1	ENV_Si	0.435861	0.000000	-0.435861	0.946054	3.000000	1.000000	0	0	1	1.000000	0.000000	0.000000
OTU_1332_18S_022_3	OTU_5407_18S_3_200	1	ENV_Si	0.435861	0.000000	-0.435861	0.946054	3.000000	1.000000	0	0	1	1.000000	0.000000	0.000000
OTU_1346_18S_022_3	OTU_5407_18S_3_200	1	ENV_Si	0.541334	0.000000	-0.541334	0.929071	3.000000	1.000000	0	0	1	1.000000	0.000000	0.000000
OTU_2035_18S_022_3	OTU_5407_18S_3_200	1	ENV_Si	0.493623	0.000000	-0.493623	1.000000	3.000000	1.000000	0	0	1	1.000000	0.000000	0.000000
OTU_2459_18S_3_200	OTU_5407_18S_3_200	1	ENV_Si	0.519532	0.000000	-0.519532	1.000000	3.000000	1.000000	0	0	1	1.000000	0.000000	0.000000
ASV_764_16S_022_3	OTU_6274_18S_3_200	1	ENV_Si	0.378099	0.000000	-0.378099	1.000000	3.000000	1.000000	0	0	1	1.000000	0.000000	0.000000
OTU_2474_18S_3_200	OTU_6274_18S_3_200	1	ENV_Si	0.599096	0.000000	-0.599096	1.000000	3.000000	1.000000	0	0	1	1.000000	0.000000	0.000000
OTU_2512_18S_3_200	OTU_5402_18S_3_200	1	ENV_Si	0.577294	0.091551	-0.485743	0.732268	3.000000	1.000000	0	0	1	1.000000	0.000000	0.000000
OTU_1362_18S_022_3	OTU_6854_18S_3_200	1	ENV_Si	0.519532	0.000000	-0.519532	1.000000	3.000000	1.000000	0	0	1	1.000000	0.000000	0.000000
OTU_2958_18S_022_3	OTU_6854_18S_3_200	1	ENV_Si	0.497730	0.000000	-0.497730	1.000000	3.000000	1.000000	0	0	1	1.000000	0.000000	0.000000
ASV_259_16S_022_3	OTU_6332_18S_3_200	1	ENV_Si	0.386974	0.154221	-0.232753	0.749251	3.000000	1.000000	0	0	1	1.000000	0.000000	0.000000
OTU_1789_18S_022_3	OTU_6332_18S_3_200	1	ENV_Si	0.577294	0.000000	-0.577294	0.641359	3.000000	1.000000	0	0	1	1.000000	0.000000	0.000000
OTU_1786_18S_3_200	OTU_6332_18S_3_200	1	ENV_Si	0.332479	0.062670	-0.269809	0.498501	3.000000	1.000000	0	0	1	1.000000	0.000000	0.000000
OTU_3755_18S_3_200	OTU_6332_18S_3_200	1	ENV_Si	0.416375	0.091551	-0.324824	0.857143	3.000000	1.000000	0	0	1	1.000000	0.000000	0.000000
ASV_584_16S_022_3	OTU_5512_18S_3_200	1	ENV_Si	0.428694	0.126855	-0.301839	0.839161	3.000000	1.000000	0	0	1	1.000000	0.000000	0.000000
OTU_136_18S_3_200	OTU_5512_18S_3_200	1	ENV_Si	0.555751	0.033789	-0.521962	0.036963	3.000000	1.000000	0	0	1	1.000000	0.000000	0.000000
OTU_3225_18S_3_200	OTU_5512_18S_3_200	1	ENV_Si	0.490395	0.097974	-0.392421	0.518482	3.000000	1.000000	0	0	1	1.000000	0.000000	0.000000
OTU_554_18S_022_3	OTU_7128_18S_3_200	1	ENV_Si	0.416375	0.000000	-0.416375	0.820180	3.000000	1.000000	0	0	1	1.000000	0.000000	0.000000
OTU_1165_18S_3_200	OTU_7128_18S_3_200	1	ENV_Si	0.425809	0.000000	-0.425809	1.000000	3.000000	1.000000	0	0	1	1.000000	0.000000	0.000000
OTU_3823_18S_3_200	OTU_7128_18S_3_200	1	ENV_Si	0.599096	0.081080	-0.518017	0.662338	3.000000	1.000000	0	0	1	1.000000	0.000000	0.000000
OTU_1959_18S_022_3	OTU_5358_18S_3_200	1	ENV_Si	0.334495	0.000000	-0.334495	1.000000	3.000000	1.000000	0	0	1	1.000000	0.000000	0.000000
OTU_191_18S_3_200	OTU_5358_18S_3_200	1	ENV_Si	0.497730	0.000000	-0.497730	1.000000	3.000000	1.000000	0	0	1	1.000000	0.000000	0.000000
OTU_2601_18S_3_200	OTU_5358_18S_3_200	1	ENV_Si	0.519532	0.000000	-0.519532	1.000000	3.000000	1.000000	0	0	1	1.000000	0.000000	0.000000
OTU_3733_18S_3_200	OTU_5358_18S_3_200	1	ENV_Si	0.439968	0.000000	-0.439968	0.839161	3.000000	1.000000	0	0	1	1.000000	0.000000	0.000000
OTU_1680_18S_3_200	OTU_7531_18S_3_200	1	ENV_Si	0.380415	0.000000	-0.380415	1.000000	3.000000	1.000000	0	0	1	1.000000	0.000000	0.000000
OTU_3782_18S_3_200	OTU_7531_18S_3_200	1	ENV_Si	0.599096	0.081080	-0.518017	0.787213	3.000000	1.000000	0	0	1	1.000000	0.000000	0.000000
OTU_5560_18S_3_200	OTU_7531_18S_3_200	1	ENV_Si	0.435861	0.000000	-0.435861	1.000000	3.000000	1.000000	0	0	1	1.000000	0.000000	0.000000
OTU_1767_18S_022_3	ENV_Si	6	nan	0.273862	nan	nan	nan	nan	nan	2	4	0	nan	0.000000	nan
ASV_523_16S_3_200	ENV_Si	1	nan	0.152583	nan	nan	nan	nan	nan	0	1	0	nan	0.000000	nan
ASV_1153_16S_022_3	ENV_Si	4	nan	0.321150	nan	nan	nan	nan	nan	4	0	0	nan	0.000000	nan
ASV_240_16S_022_3	ENV_Si	2	nan	0.238583	nan	nan	nan	nan	nan	1	1	0	nan	0.000000	nan
ASV_751_16S_022_3	ENV_Si	4	nan	0.207009	nan	nan	nan	nan	nan	3	1	0	nan	0.000000	nan
OTU_101_18S_022_3	ENV_Si	3	nan	0.178478	nan	nan	nan	nan	nan	2	1	0	nan	0.000000	nan
ASV_717_16S_022_3	ENV_Si	2	nan	0.280430	nan	nan	nan	nan	nan	1	1	0	nan	0.000000	nan
ASV_610_16S_022_3	ENV_Si	2	nan	0.327079	nan	nan	nan	nan	nan	0	2	0	nan	0.000000	nan
ASV_962_16S_022_3	ENV_Si	4	nan	0.222614	nan	nan	nan	nan	nan	3	1	0	nan	0.000000	nan
OTU_453_18S_022_3	ENV_Si	2	nan	0.351551	nan	nan	nan	nan	nan	0	2	0	nan	0.000000	nan
OTU_1995_18S_022_3	ENV_Si	4	nan	0.248523	nan	nan	nan	nan	nan	0	4	0	nan	0.000000	nan
OTU_2036_18S_022_3	ENV_Si	1	nan	0.280839	nan	nan	nan	nan	nan	1	0	0	nan	0.000000	nan
OTU_519_18S_022_3	ENV_Si	6	nan	0.247301	nan	nan	nan	nan	nan	1	5	0	nan	0.000000	nan
ASV_401_16S_022_3	ENV_Si	4	nan	0.359409	nan	nan	nan	nan	nan	2	2	0	nan	0.000000	nan
OTU_207_18S_022_3	ENV_Si	5	nan	0.257212	nan	nan	nan	nan	nan	5	0	0	nan	0.000000	nan
OTU_3023_18S_022_3	ENV_Si	1	nan	0.167736	nan	nan	nan	nan	nan	1	0	0	nan	0.000000	nan
ASV_10_16S_022_3	ENV_Si	1	nan	0.344042	nan	nan	nan	nan	nan	0	1	0	nan	0.000000	nan
ASV_874_16S_022_3	ENV_Si	4	nan	0.343917	nan	nan	nan	nan	nan	2	2	0	nan	0.000000	nan
ASV_102_16S_022_3	ENV_Si	4	nan	0.458358	nan	nan	nan	nan	nan	1	2	1	nan	0.000000	nan
ASV_214_16S_022_3	ENV_Si	2	nan	0.440942	nan	nan	nan	nan	nan	0	1	1	nan	0.000000	nan
ASV_259_16S_022_3	ENV_Si	3	nan	0.188922	nan	nan	nan	nan	nan	2	1	0	nan	0.000000	nan
OTU_994_18S_3_200	ENV_Si	3	nan	0.227184	nan	nan	nan	nan	nan	0	3	0	nan	0.000000	nan
ASV_519_16S_022_3	ENV_Si	5	nan	0.218283	nan	nan	nan	nan	nan	3	2	0	nan	0.000000	nan
ASV_189_16S_022_3	ENV_Si	5	nan	0.347388	nan	nan	nan	nan	nan	4	1	0	nan	0.000000	nan
ASV_415_16S_022_3	ENV_Si	4	nan	0.263269	nan	nan	nan	nan	nan	2	2	0	nan	0.000000	nan
ASV_15_16S_022_3	ENV_Si	3	nan	0.295878	nan	nan	nan	nan	nan	2	1	0	nan	0.000000	nan
ASV_81_16S_022_3	ENV_Si	4	nan	0.391570	nan	nan	nan	nan	nan	2	2	0	nan	0.000000	nan
ASV_145_16S_022_3	ENV_Si	3	nan	0.229726	nan	nan	nan	nan	nan	2	1	0	nan	0.000000	nan
ASV_66_16S_022_3	ENV_Si	4	nan	0.246022	nan	nan	nan	nan	nan	3	1	0	nan	0.000000	nan
ASV_910_16S_3_200	ENV_Si	1	nan	0.369190	nan	nan	nan	nan	nan	1	0	0	nan	0.000000	nan
ASV_91_16S_022_3	ENV_Si	3	nan	0.258042	nan	nan	nan	nan	nan	3	0	0	nan	0.000000	nan
ASV_1105_16S_022_3	ENV_Si	3	nan	0.242969	nan	nan	nan	nan	nan	1	2	0	nan	0.000000	nan
OTU_82_18S_3_200	ENV_Si	3	nan	0.309757	nan	nan	nan	nan	nan	0	3	0	nan	0.000000	nan
OTU_257_18S_3_200	ENV_Si	1	nan	0.273453	nan	nan	nan	nan	nan	0	1	0	nan	0.000000	nan
OTU_976_18S_022_3	ENV_Si	1	nan	0.222614	nan	nan	nan	nan	nan	1	0	0	nan	0.000000	nan
OTU_2589_18S_3_200	ENV_Si	3	nan	0.131776	nan	nan	nan	nan	nan	2	1	0	nan	0.000000	nan
ASV_997_16S_022_3	ENV_Si	3	nan	0.163405	nan	nan	nan	nan	nan	3	0	0	nan	0.000000	nan
OTU_3990_18S_022_3	ENV_Si	3	nan	0.189538	nan	nan	nan	nan	nan	2	1	0	nan	0.000000	nan
OTU_1110_18S_022_3	ENV_Si	2	nan	0.243138	nan	nan	nan	nan	nan	0	2	0	nan	0.000000	nan
OTU_142_18S_3_200	ENV_Si	3	nan	0.309369	nan	nan	nan	nan	nan	2	1	0	nan	0.000000	nan
OTU_938_18S_022_3	ENV_Si	5	nan	0.236618	nan	nan	nan	nan	nan	3	2	0	nan	0.000000	nan
OTU_683_18S_3_200	ENV_Si	2	nan	0.176589	nan	nan	nan	nan	nan	1	1	0	nan	0.000000	nan
ASV_1203_16S_3_200	ENV_Si	2	nan	0.227184	nan	nan	nan	nan	nan	1	1	0	nan	0.000000	nan
OTU_1680_18S_3_200	ENV_Si	4	nan	0.111659	nan	nan	nan	nan	nan	3	1	0	nan	0.000000	nan
OTU_432_18S_022_3	ENV_Si	2	nan	0.127613	nan	nan	nan	nan	nan	2	0	0	nan	0.000000	nan
ASV_348_16S_022_3	ENV_Si	2	nan	0.476727	nan	nan	nan	nan	nan	0	2	0	nan	0.000000	nan
OTU_2539_18S_022_3	ENV_Si	2	nan	0.202483	nan	nan	nan	nan	nan	1	1	0	nan	0.000000	nan
ASV_170_16S_022_3	ENV_Si	2	nan	0.230312	nan	nan	nan	nan	nan	2	0	0	nan	0.000000	nan
OTU_2097_18S_022_3	ENV_Si	4	nan	0.248523	nan	nan	nan	nan	nan	0	4	0	nan	0.000000	nan
ASV_427_16S_022_3	ENV_Si	3	nan	0.251995	nan	nan	nan	nan	nan	2	1	0	nan	0.000000	nan
ASV_389_16S_022_3	ENV_Si	4	nan	0.233072	nan	nan	nan	nan	nan	1	3	0	nan	0.000000	nan
ASV_767_16S_022_3	ENV_Si	5	nan	0.321031	nan	nan	nan	nan	nan	2	3	0	nan	0.000000	nan
OTU_1611_18S_022_3	ENV_Si	2	nan	0.176589	nan	nan	nan	nan	nan	0	2	0	nan	0.000000	nan
OTU_1281_18S_3_200	ENV_Si	3	nan	0.247231	nan	nan	nan	nan	nan	1	2	0	nan	0.000000	nan
ASV_35_16S_022_3	ENV_Si	4	nan	0.285071	nan	nan	nan	nan	nan	4	0	0	nan	0.000000	nan
ASV_67_16S_022_3	ENV_Si	3	nan	0.348135	nan	nan	nan	nan	nan	1	2	0	nan	0.000000	nan
ASV_34_16S_022_3	ENV_Si	5	nan	0.400714	nan	nan	nan	nan	nan	3	2	0	nan	0.000000	nan
ASV_868_16S_022_3	ENV_Si	1	nan	0.450714	nan	nan	nan	nan	nan	0	1	0	nan	0.000000	nan
ASV_161_16S_022_3	ENV_Si	5	nan	0.286280	nan	nan	nan	nan	nan	1	4	0	nan	0.000000	nan
OTU_72_18S_022_3	ENV_Si	1	nan	0.327467	nan	nan	nan	nan	nan	0	0	1	nan	0.000000	nan
ASV_237_16S_022_3	ENV_Si	3	nan	0.445487	nan	nan	nan	nan	nan	1	2	0	nan	0.000000	nan
ASV_262_16S_022_3	ENV_Si	5	nan	0.207009	nan	nan	nan	nan	nan	3	2	0	nan	0.000000	nan
ASV_8_16S_022_3	ENV_Si	2	nan	0.260678	nan	nan	nan	nan	nan	1	1	0	nan	0.000000	nan
OTU_318_18S_022_3	ENV_Si	2	nan	0.208933	nan	nan	nan	nan	nan	2	0	0	nan	0.000000	nan
OTU_1404_18S_3_200	ENV_Si	1	nan	0.227184	nan	nan	nan	nan	nan	0	1	0	nan	0.000000	nan
OTU_560_18S_022_3	ENV_Si	1	nan	0.325586	nan	nan	nan	nan	nan	0	1	0	nan	0.000000	nan
ASV_124_16S_022_3	ENV_Si	4	nan	0.322533	nan	nan	nan	nan	nan	1	3	0	nan	0.000000	nan
OTU_2439_18S_022_3	ENV_Si	2	nan	0.434591	nan	nan	nan	nan	nan	0	2	0	nan	0.000000	nan
ASV_223_16S_022_3	ENV_Si	3	nan	0.283853	nan	nan	nan	nan	nan	1	2	0	nan	0.000000	nan
OTU_322_18S_3_200	ENV_Si	3	nan	0.318022	nan	nan	nan	nan	nan	0	3	0	nan	0.000000	nan
ASV_351_16S_022_3	ENV_Si	3	nan	0.315556	nan	nan	nan	nan	nan	3	0	0	nan	0.000000	nan
ASV_978_16S_022_3	ENV_Si	4	nan	0.271917	nan	nan	nan	nan	nan	1	3	0	nan	0.000000	nan
OTU_509_18S_022_3	ENV_Si	3	nan	0.189538	nan	nan	nan	nan	nan	3	0	0	nan	0.000000	nan
OTU_2727_18S_3_200	ENV_Si	4	nan	0.146397	nan	nan	nan	nan	nan	4	0	0	nan	0.000000	nan
OTU_2914_18S_3_200	ENV_Si	2	nan	0.306271	nan	nan	nan	nan	nan	2	0	0	nan	0.000000	nan
ASV_32_16S_022_3	ENV_Si	5	nan	0.528896	nan	nan	nan	nan	nan	1	2	2	nan	0.000000	nan
OTU_2009_18S_3_200	ENV_Si	2	nan	0.257759	nan	nan	nan	nan	nan	2	0	0	nan	0.000000	nan
ASV_217_16S_022_3	ENV_Si	2	nan	0.389863	nan	nan	nan	nan	nan	1	1	0	nan	0.000000	nan
ASV_168_16S_022_3	ENV_Si	3	nan	0.234286	nan	nan	nan	nan	nan	2	1	0	nan	0.000000	nan
ASV_679_16S_022_3	ENV_Si	3	nan	0.180616	nan	nan	nan	nan	nan	3	0	0	nan	0.000000	nan
ASV_1050_16S_022_3	ENV_Si	3	nan	0.272201	nan	nan	nan	nan	nan	2	1	0	nan	0.000000	nan
ASV_863_16S_3_200	ENV_Si	4	nan	0.216100	nan	nan	nan	nan	nan	2	2	0	nan	0.000000	nan
OTU_137_18S_3_200	ENV_Si	3	nan	0.344121	nan	nan	nan	nan	nan	1	2	0	nan	0.000000	nan
ASV_20_16S_022_3	ENV_Si	3	nan	0.413664	nan	nan	nan	nan	nan	0	2	1	nan	0.000000	nan
ASV_345_16S_3_200	ENV_Si	4	nan	0.335308	nan	nan	nan	nan	nan	1	3	0	nan	0.000000	nan
ASV_1759_16S_022_3	ENV_Si	1	nan	0.225961	nan	nan	nan	nan	nan	0	1	0	nan	0.000000	nan
OTU_75_18S_3_200	ENV_Si	4	nan	0.354649	nan	nan	nan	nan	nan	1	3	0	nan	0.000000	nan
ASV_44_16S_022_3	ENV_Si	1	nan	0.262061	nan	nan	nan	nan	nan	0	1	0	nan	0.000000	nan
OTU_3295_18S_3_200	ENV_Si	5	nan	0.176589	nan	nan	nan	nan	nan	3	2	0	nan	0.000000	nan
ASV_25_16S_022_3	ENV_Si	3	nan	0.382886	nan	nan	nan	nan	nan	0	2	1	nan	0.000000	nan
OTU_964_18S_022_3	ENV_Si	2	nan	0.316813	nan	nan	nan	nan	nan	1	1	0	nan	0.000000	nan
ASV_481_16S_022_3	ENV_Si	3	nan	0.105642	nan	nan	nan	nan	nan	3	0	0	nan	0.000000	nan
ASV_148_16S_022_3	ENV_Si	3	nan	0.221834	nan	nan	nan	nan	nan	3	0	0	nan	0.000000	nan
ASV_98_16S_022_3	ENV_Si	4	nan	0.235494	nan	nan	nan	nan	nan	3	1	0	nan	0.000000	nan
ASV_106_16S_022_3	ENV_Si	1	nan	0.484715	nan	nan	nan	nan	nan	0	0	1	nan	0.000000	nan
ASV_45_16S_022_3	ENV_Si	3	nan	0.227309	nan	nan	nan	nan	nan	3	0	0	nan	0.000000	nan
OTU_3658_18S_022_3	ENV_Si	2	nan	0.167736	nan	nan	nan	nan	nan	2	0	0	nan	0.000000	nan
ASV_1657_16S_022_3	ENV_Si	3	nan	0.198405	nan	nan	nan	nan	nan	3	0	0	nan	0.000000	nan
ASV_65_16S_022_3	ENV_Si	4	nan	0.332424	nan	nan	nan	nan	nan	1	3	0	nan	0.000000	nan
ASV_193_16S_022_3	ENV_Si	3	nan	0.304531	nan	nan	nan	nan	nan	1	2	0	nan	0.000000	nan
ASV_1561_16S_022_3	ENV_Si	3	nan	0.178856	nan	nan	nan	nan	nan	3	0	0	nan	0.000000	nan
ASV_461_16S_022_3	ENV_Si	3	nan	0.234286	nan	nan	nan	nan	nan	0	3	0	nan	0.000000	nan
ASV_1054_16S_022_3	ENV_Si	5	nan	0.357916	nan	nan	nan	nan	nan	1	3	1	nan	0.000000	nan
ASV_1648_16S_022_3	ENV_Si	5	nan	0.305655	nan	nan	nan	nan	nan	0	5	0	nan	0.000000	nan
ASV_345_16S_022_3	ENV_Si	6	nan	0.290372	nan	nan	nan	nan	nan	5	1	0	nan	0.000000	nan
OTU_734_18S_3_200	ENV_Si	2	nan	0.395955	nan	nan	nan	nan	nan	0	2	0	nan	0.000000	nan
OTU_1318_18S_3_200	ENV_Si	3	nan	0.190015	nan	nan	nan	nan	nan	3	0	0	nan	0.000000	nan
ASV_14_16S_022_3	ENV_Si	4	nan	0.304993	nan	nan	nan	nan	nan	3	1	0	nan	0.000000	nan
ASV_1999_16S_022_3	ENV_Si	4	nan	0.176589	nan	nan	nan	nan	nan	2	2	0	nan	0.000000	nan
OTU_689_18S_022_3	ENV_Si	3	nan	0.257958	nan	nan	nan	nan	nan	0	3	0	nan	0.000000	nan
ASV_636_16S_022_3	ENV_Si	7	nan	0.171217	nan	nan	nan	nan	nan	6	1	0	nan	0.000000	nan
OTU_1510_18S_022_3	ENV_Si	2	nan	0.186037	nan	nan	nan	nan	nan	2	0	0	nan	0.000000	nan
ASV_197_16S_022_3	ENV_Si	2	nan	0.397045	nan	nan	nan	nan	nan	0	1	1	nan	0.000000	nan
ASV_88_16S_022_3	ENV_Si	4	nan	0.232526	nan	nan	nan	nan	nan	4	0	0	nan	0.000000	nan
ASV_58_16S_022_3	ENV_Si	2	nan	0.131248	nan	nan	nan	nan	nan	1	1	0	nan	0.000000	nan
OTU_46_18S_022_3	ENV_Si	3	nan	0.344504	nan	nan	nan	nan	nan	1	1	1	nan	0.000000	nan
OTU_133_18S_022_3	ENV_Si	2	nan	0.191721	nan	nan	nan	nan	nan	2	0	0	nan	0.000000	nan
OTU_2425_18S_022_3	ENV_Si	1	nan	0.110566	nan	nan	nan	nan	nan	1	0	0	nan	0.000000	nan
ASV_267_16S_022_3	ENV_Si	4	nan	0.332768	nan	nan	nan	nan	nan	2	2	0	nan	0.000000	nan
OTU_1195_18S_022_3	ENV_Si	3	nan	0.462744	nan	nan	nan	nan	nan	0	2	1	nan	0.000000	nan
ASV_416_16S_022_3	ENV_Si	3	nan	0.241586	nan	nan	nan	nan	nan	3	0	0	nan	0.000000	nan
OTU_1980_18S_022_3	ENV_Si	3	nan	0.154055	nan	nan	nan	nan	nan	2	1	0	nan	0.000000	nan
ASV_670_16S_022_3	ENV_Si	2	nan	0.178856	nan	nan	nan	nan	nan	2	0	0	nan	0.000000	nan
ASV_320_16S_022_3	ENV_Si	3	nan	0.238701	nan	nan	nan	nan	nan	3	0	0	nan	0.000000	nan
ASV_21_16S_022_3	ENV_Si	2	nan	0.352725	nan	nan	nan	nan	nan	1	0	1	nan	0.000000	nan
ASV_309_16S_022_3	ENV_Si	2	nan	0.378912	nan	nan	nan	nan	nan	0	2	0	nan	0.000000	nan
ASV_606_16S_022_3	ENV_Si	5	nan	0.166537	nan	nan	nan	nan	nan	5	0	0	nan	0.000000	nan
ASV_281_16S_022_3	ENV_Si	2	nan	0.345836	nan	nan	nan	nan	nan	1	1	0	nan	0.000000	nan
ASV_1963_16S_3_200	ENV_Si	6	nan	0.188922	nan	nan	nan	nan	nan	4	2	0	nan	0.000000	nan
ASV_312_16S_022_3	ENV_Si	2	nan	0.462451	nan	nan	nan	nan	nan	0	2	0	nan	0.000000	nan
ASV_386_16S_022_3	ENV_Si	4	nan	0.247729	nan	nan	nan	nan	nan	1	3	0	nan	0.000000	nan
ASV_987_16S_022_3	ENV_Si	4	nan	0.214816	nan	nan	nan	nan	nan	3	1	0	nan	0.000000	nan
ASV_1307_16S_022_3	ENV_Si	3	nan	0.166537	nan	nan	nan	nan	nan	3	0	0	nan	0.000000	nan
ASV_588_16S_022_3	ENV_Si	3	nan	0.387441	nan	nan	nan	nan	nan	1	2	0	nan	0.000000	nan
ASV_576_16S_3_200	ENV_Si	3	nan	0.230193	nan	nan	nan	nan	nan	1	2	0	nan	0.000000	nan
OTU_467_18S_3_200	ENV_Si	4	nan	0.193845	nan	nan	nan	nan	nan	4	0	0	nan	0.000000	nan
ASV_718_16S_022_3	ENV_Si	3	nan	0.206795	nan	nan	nan	nan	nan	2	1	0	nan	0.000000	nan
ASV_222_16S_022_3	ENV_Si	2	nan	0.228811	nan	nan	nan	nan	nan	2	0	0	nan	0.000000	nan
ASV_851_16S_022_3	ENV_Si	1	nan	0.296141	nan	nan	nan	nan	nan	1	0	0	nan	0.000000	nan
OTU_846_18S_022_3	ENV_Si	1	nan	0.367520	nan	nan	nan	nan	nan	1	0	0	nan	0.000000	nan
OTU_711_18S_022_3	ENV_Si	4	nan	0.237249	nan	nan	nan	nan	nan	2	2	0	nan	0.000000	nan
ASV_225_16S_022_3	ENV_Si	3	nan	0.386979	nan	nan	nan	nan	nan	2	1	0	nan	0.000000	nan
ASV_710_16S_022_3	ENV_Si	1	nan	0.147619	nan	nan	nan	nan	nan	1	0	0	nan	0.000000	nan
OTU_4651_18S_3_200	ENV_Si	3	nan	0.234351	nan	nan	nan	nan	nan	1	2	0	nan	0.000000	nan
OTU_1017_18S_022_3	ENV_Si	2	nan	0.222544	nan	nan	nan	nan	nan	1	1	0	nan	0.000000	nan
ASV_784_16S_022_3	ENV_Si	3	nan	0.327079	nan	nan	nan	nan	nan	0	3	0	nan	0.000000	nan
ASV_212_16S_022_3	ENV_Si	3	nan	0.256088	nan	nan	nan	nan	nan	3	0	0	nan	0.000000	nan
OTU_1406_18S_3_200	ENV_Si	2	nan	0.284946	nan	nan	nan	nan	nan	0	2	0	nan	0.000000	nan
OTU_1252_18S_022_3	ENV_Si	5	nan	0.309632	nan	nan	nan	nan	nan	1	4	0	nan	0.000000	nan
ASV_616_16S_022_3	ENV_Si	2	nan	0.214438	nan	nan	nan	nan	nan	1	1	0	nan	0.000000	nan
ASV_286_16S_3_200	ENV_Si	2	nan	0.272579	nan	nan	nan	nan	nan	0	2	0	nan	0.000000	nan
OTU_141_18S_3_200	ENV_Si	4	nan	0.296639	nan	nan	nan	nan	nan	1	3	0	nan	0.000000	nan
ASV_144_16S_3_200	ENV_Si	3	nan	0.255744	nan	nan	nan	nan	nan	2	1	0	nan	0.000000	nan
ASV_331_16S_022_3	ENV_Si	3	nan	0.385219	nan	nan	nan	nan	nan	1	2	0	nan	0.000000	nan
ASV_1633_16S_022_3	ENV_Si	3	nan	0.212563	nan	nan	nan	nan	nan	1	2	0	nan	0.000000	nan
OTU_215_18S_022_3	ENV_Si	4	nan	0.351680	nan	nan	nan	nan	nan	0	4	0	nan	0.000000	nan
ASV_162_16S_022_3	ENV_Si	2	nan	0.436674	nan	nan	nan	nan	nan	0	2	0	nan	0.000000	nan
ASV_1158_16S_022_3	ENV_Si	3	nan	0.213692	nan	nan	nan	nan	nan	2	1	0	nan	0.000000	nan
ASV_41_16S_022_3	ENV_Si	3	nan	0.412332	nan	nan	nan	nan	nan	1	2	0	nan	0.000000	nan
ASV_426_16S_022_3	ENV_Si	3	nan	0.274837	nan	nan	nan	nan	nan	0	3	0	nan	0.000000	nan
ASV_182_16S_022_3	ENV_Si	2	nan	0.456015	nan	nan	nan	nan	nan	0	2	0	nan	0.000000	nan
ASV_640_16S_022_3	ENV_Si	4	nan	0.300731	nan	nan	nan	nan	nan	1	3	0	nan	0.000000	nan
ASV_1459_16S_022_3	ENV_Si	4	nan	0.202483	nan	nan	nan	nan	nan	3	1	0	nan	0.000000	nan
ASV_196_16S_022_3	ENV_Si	2	nan	0.160521	nan	nan	nan	nan	nan	2	0	0	nan	0.000000	nan
ASV_2304_16S_022_3	ENV_Si	5	nan	0.237249	nan	nan	nan	nan	nan	2	3	0	nan	0.000000	nan
ASV_149_16S_022_3	ENV_Si	5	nan	0.289164	nan	nan	nan	nan	nan	1	4	0	nan	0.000000	nan
ASV_732_16S_022_3	ENV_Si	5	nan	0.217706	nan	nan	nan	nan	nan	1	4	0	nan	0.000000	nan
ASV_743_16S_022_3	ENV_Si	3	nan	0.154055	nan	nan	nan	nan	nan	3	0	0	nan	0.000000	nan
ASV_137_16S_022_3	ENV_Si	3	nan	0.358494	nan	nan	nan	nan	nan	1	2	0	nan	0.000000	nan
ASV_494_16S_022_3	ENV_Si	4	nan	0.311045	nan	nan	nan	nan	nan	2	2	0	nan	0.000000	nan
OTU_458_18S_022_3	ENV_Si	1	nan	0.381211	nan	nan	nan	nan	nan	0	1	0	nan	0.000000	nan
ASV_265_16S_022_3	ENV_Si	2	nan	0.397711	nan	nan	nan	nan	nan	1	1	0	nan	0.000000	nan
OTU_1756_18S_022_3	ENV_Si	3	nan	0.109974	nan	nan	nan	nan	nan	3	0	0	nan	0.000000	nan
ASV_113_16S_022_3	ENV_Si	2	nan	0.253204	nan	nan	nan	nan	nan	1	1	0	nan	0.000000	nan
ASV_163_16S_022_3	ENV_Si	3	nan	0.301646	nan	nan	nan	nan	nan	2	1	0	nan	0.000000	nan
ASV_4_16S_022_3	ENV_Si	2	nan	0.221336	nan	nan	nan	nan	nan	1	1	0	nan	0.000000	nan
ASV_539_16S_022_3	ENV_Si	3	nan	0.324780	nan	nan	nan	nan	nan	0	3	0	nan	0.000000	nan
ASV_624_16S_3_200	ENV_Si	4	nan	0.415216	nan	nan	nan	nan	nan	3	1	0	nan	0.000000	nan
OTU_351_18S_3_200	ENV_Si	3	nan	0.152961	nan	nan	nan	nan	nan	3	0	0	nan	0.000000	nan
ASV_123_16S_022_3	ENV_Si	4	nan	0.237837	nan	nan	nan	nan	nan	3	1	0	nan	0.000000	nan
ASV_269_16S_3_200	ENV_Si	2	nan	0.233077	nan	nan	nan	nan	nan	1	1	0	nan	0.000000	nan
OTU_1671_18S_022_3	ENV_Si	2	nan	0.237249	nan	nan	nan	nan	nan	2	0	0	nan	0.000000	nan
ASV_1146_16S_022_3	ENV_Si	4	nan	0.329963	nan	nan	nan	nan	nan	0	4	0	nan	0.000000	nan
ASV_347_16S_022_3	ENV_Si	3	nan	0.207009	nan	nan	nan	nan	nan	2	1	0	nan	0.000000	nan
OTU_1295_18S_022_3	ENV_Si	1	nan	0.331434	nan	nan	nan	nan	nan	0	1	0	nan	0.000000	nan
OTU_217_18S_3_200	ENV_Si	3	nan	0.455269	nan	nan	nan	nan	nan	0	2	1	nan	0.000000	nan
OTU_960_18S_022_3	ENV_Si	1	nan	0.236156	nan	nan	nan	nan	nan	0	1	0	nan	0.000000	nan
ASV_187_16S_022_3	ENV_Si	4	nan	0.414754	nan	nan	nan	nan	nan	1	3	0	nan	0.000000	nan
ASV_477_16S_022_3	ENV_Si	3	nan	0.278929	nan	nan	nan	nan	nan	0	3	0	nan	0.000000	nan
ASV_808_16S_022_3	ENV_Si	2	nan	0.372736	nan	nan	nan	nan	nan	1	1	0	nan	0.000000	nan
ASV_1065_16S_022_3	ENV_Si	5	nan	0.301562	nan	nan	nan	nan	nan	2	3	0	nan	0.000000	nan
ASV_216_16S_022_3	ENV_Si	3	nan	0.299771	nan	nan	nan	nan	nan	3	0	0	nan	0.000000	nan
ASV_277_16S_022_3	ENV_Si	3	nan	0.334100	nan	nan	nan	nan	nan	3	0	0	nan	0.000000	nan
ASV_2_16S_022_3	ENV_Si	4	nan	0.220207	nan	nan	nan	nan	nan	3	1	0	nan	0.000000	nan
ASV_103_16S_022_3	ENV_Si	4	nan	0.226298	nan	nan	nan	nan	nan	3	1	0	nan	0.000000	nan
ASV_30_16S_022_3	ENV_Si	3	nan	0.399213	nan	nan	nan	nan	nan	0	1	2	nan	0.000000	nan
ASV_497_16S_022_3	ENV_Si	3	nan	0.363253	nan	nan	nan	nan	nan	0	3	0	nan	0.000000	nan
OTU_1774_18S_022_3	ENV_Si	1	nan	0.266218	nan	nan	nan	nan	nan	0	1	0	nan	0.000000	nan
ASV_421_16S_022_3	ENV_Si	4	nan	0.216899	nan	nan	nan	nan	nan	4	0	0	nan	0.000000	nan
ASV_258_16S_022_3	ENV_Si	3	nan	0.474018	nan	nan	nan	nan	nan	0	3	0	nan	0.000000	nan
ASV_1283_16S_3_200	ENV_Si	2	nan	0.176589	nan	nan	nan	nan	nan	1	1	0	nan	0.000000	nan
OTU_7_18S_022_3	ENV_Si	2	nan	0.241467	nan	nan	nan	nan	nan	2	0	0	nan	0.000000	nan
ASV_475_16S_022_3	ENV_Si	5	nan	0.470174	nan	nan	nan	nan	nan	0	1	4	nan	0.000000	nan
OTU_2403_18S_3_200	ENV_Si	2	nan	0.234351	nan	nan	nan	nan	nan	0	2	0	nan	0.000000	nan
ASV_971_16S_022_3	ENV_Si	3	nan	0.183705	nan	nan	nan	nan	nan	1	2	0	nan	0.000000	nan
ASV_1804_16S_022_3	ENV_Si	2	nan	0.431045	nan	nan	nan	nan	nan	0	2	0	nan	0.000000	nan
ASV_340_16S_022_3	ENV_Si	3	nan	0.420055	nan	nan	nan	nan	nan	0	3	0	nan	0.000000	nan
OTU_534_18S_3_200	ENV_Si	5	nan	0.217706	nan	nan	nan	nan	nan	3	2	0	nan	0.000000	nan
ASV_992_16S_022_3	ENV_Si	3	nan	0.199534	nan	nan	nan	nan	nan	3	0	0	nan	0.000000	nan
OTU_680_18S_022_3	ENV_Si	1	nan	0.542015	nan	nan	nan	nan	nan	0	1	0	nan	0.000000	nan
ASV_11_16S_022_3	ENV_Si	4	nan	0.390609	nan	nan	nan	nan	nan	0	4	0	nan	0.000000	nan
ASV_211_16S_022_3	ENV_Si	2	nan	0.369937	nan	nan	nan	nan	nan	0	1	1	nan	0.000000	nan
ASV_184_16S_022_3	ENV_Si	2	nan	0.372736	nan	nan	nan	nan	nan	0	2	0	nan	0.000000	nan
ASV_298_16S_3_200	ENV_Si	2	nan	0.269704	nan	nan	nan	nan	nan	1	1	0	nan	0.000000	nan
ASV_295_16S_022_3	ENV_Si	2	nan	0.272201	nan	nan	nan	nan	nan	1	1	0	nan	0.000000	nan
ASV_2186_16S_022_3	ENV_Si	2	nan	0.248509	nan	nan	nan	nan	nan	0	2	0	nan	0.000000	nan
ASV_246_16S_022_3	ENV_Si	3	nan	0.343837	nan	nan	nan	nan	nan	3	0	0	nan	0.000000	nan
ASV_27_16S_022_3	ENV_Si	3	nan	0.428166	nan	nan	nan	nan	nan	0	1	2	nan	0.000000	nan
ASV_294_16S_022_3	ENV_Si	5	nan	0.308375	nan	nan	nan	nan	nan	0	5	0	nan	0.000000	nan
ASV_972_16S_3_200	ENV_Si	2	nan	0.157054	nan	nan	nan	nan	nan	2	0	0	nan	0.000000	nan
OTU_1398_18S_3_200	ENV_Si	6	nan	0.176589	nan	nan	nan	nan	nan	3	3	0	nan	0.000000	nan
ASV_269_16S_022_3	ENV_Si	2	nan	0.209256	nan	nan	nan	nan	nan	2	0	0	nan	0.000000	nan
OTU_794_18S_022_3	ENV_Si	1	nan	0.288497	nan	nan	nan	nan	nan	1	0	0	nan	0.000000	nan
ASV_268_16S_022_3	ENV_Si	5	nan	0.348597	nan	nan	nan	nan	nan	0	5	0	nan	0.000000	nan
ASV_129_16S_022_3	ENV_Si	3	nan	0.243884	nan	nan	nan	nan	nan	2	1	0	nan	0.000000	nan
ASV_204_16S_022_3	ENV_Si	4	nan	0.280430	nan	nan	nan	nan	nan	1	2	1	nan	0.000000	nan
ASV_728_16S_022_3	ENV_Si	2	nan	0.290835	nan	nan	nan	nan	nan	1	1	0	nan	0.000000	nan
ASV_1243_16S_022_3	ENV_Si	3	nan	0.389196	nan	nan	nan	nan	nan	0	3	0	nan	0.000000	nan
OTU_1050_18S_022_3	ENV_Si	1	nan	0.258788	nan	nan	nan	nan	nan	1	0	0	nan	0.000000	nan
OTU_1202_18S_022_3	ENV_Si	3	nan	0.109974	nan	nan	nan	nan	nan	3	0	0	nan	0.000000	nan
ASV_661_16S_022_3	ENV_Si	1	nan	0.446696	nan	nan	nan	nan	nan	0	1	0	nan	0.000000	nan
OTU_290_18S_3_200	ENV_Si	3	nan	0.223091	nan	nan	nan	nan	nan	3	0	0	nan	0.000000	nan
OTU_3733_18S_3_200	ENV_Si	2	nan	0.179487	nan	nan	nan	nan	nan	2	0	0	nan	0.000000	nan
ASV_671_16S_022_3	ENV_Si	5	nan	0.260260	nan	nan	nan	nan	nan	2	3	0	nan	0.000000	nan
OTU_870_18S_022_3	ENV_Si	4	nan	0.169421	nan	nan	nan	nan	nan	1	3	0	nan	0.000000	nan
ASV_19_16S_022_3	ENV_Si	3	nan	0.304531	nan	nan	nan	nan	nan	1	2	0	nan	0.000000	nan
ASV_1894_16S_022_3	ENV_Si	5	nan	0.257296	nan	nan	nan	nan	nan	4	1	0	nan	0.000000	nan
OTU_5966_18S_3_200	ENV_Si	3	nan	0.176589	nan	nan	nan	nan	nan	0	3	0	nan	0.000000	nan
ASV_343_16S_022_3	ENV_Si	1	nan	0.188922	nan	nan	nan	nan	nan	1	0	0	nan	0.000000	nan
OTU_605_18S_022_3	ENV_Si	1	nan	0.408781	nan	nan	nan	nan	nan	1	0	0	nan	0.000000	nan
OTU_790_18S_022_3	ENV_Si	3	nan	0.249111	nan	nan	nan	nan	nan	2	1	0	nan	0.000000	nan
ASV_365_16S_022_3	ENV_Si	3	nan	0.381211	nan	nan	nan	nan	nan	0	3	0	nan	0.000000	nan
ASV_109_16S_022_3	ENV_Si	3	nan	0.414754	nan	nan	nan	nan	nan	0	2	1	nan	0.000000	nan
ASV_327_16S_022_3	ENV_Si	3	nan	0.242969	nan	nan	nan	nan	nan	3	0	0	nan	0.000000	nan
ASV_1110_16S_022_3	ENV_Si	4	nan	0.150694	nan	nan	nan	nan	nan	4	0	0	nan	0.000000	nan
OTU_115_18S_022_3	ENV_Si	1	nan	0.267824	nan	nan	nan	nan	nan	1	0	0	nan	0.000000	nan
OTU_937_18S_3_200	ENV_Si	2	nan	0.183705	nan	nan	nan	nan	nan	2	0	0	nan	0.000000	nan
ASV_160_16S_022_3	ENV_Si	3	nan	0.415296	nan	nan	nan	nan	nan	1	2	0	nan	0.000000	nan
OTU_3823_18S_3_200	ENV_Si	3	nan	0.252537	nan	nan	nan	nan	nan	2	1	0	nan	0.000000	nan
OTU_3225_18S_022_3	ENV_Si	1	nan	0.131776	nan	nan	nan	nan	nan	1	0	0	nan	0.000000	nan
ASV_267_16S_3_200	ENV_Si	2	nan	0.493851	nan	nan	nan	nan	nan	0	1	1	nan	0.000000	nan
OTU_1358_18S_3_200	ENV_Si	4	nan	0.234351	nan	nan	nan	nan	nan	1	3	0	nan	0.000000	nan
ASV_99_16S_022_3	ENV_Si	2	nan	0.277546	nan	nan	nan	nan	nan	1	1	0	nan	0.000000	nan
ASV_1696_16S_022_3	ENV_Si	4	nan	0.246101	nan	nan	nan	nan	nan	1	3	0	nan	0.000000	nan
OTU_2234_18S_022_3	ENV_Si	3	nan	0.128892	nan	nan	nan	nan	nan	3	0	0	nan	0.000000	nan
ASV_383_16S_022_3	ENV_Si	2	nan	0.260678	nan	nan	nan	nan	nan	1	1	0	nan	0.000000	nan
OTU_228_18S_3_200	ENV_Si	4	nan	0.265602	nan	nan	nan	nan	nan	0	4	0	nan	0.000000	nan
ASV_350_16S_022_3	ENV_Si	2	nan	0.259037	nan	nan	nan	nan	nan	1	1	0	nan	0.000000	nan
ASV_1229_16S_022_3	ENV_Si	3	nan	0.205507	nan	nan	nan	nan	nan	2	1	0	nan	0.000000	nan
ASV_49_16S_022_3	ENV_Si	3	nan	0.458358	nan	nan	nan	nan	nan	1	2	0	nan	0.000000	nan
ASV_2181_16S_022_3	ENV_Si	5	nan	0.121725	nan	nan	nan	nan	nan	5	0	0	nan	0.000000	nan
OTU_1408_18S_3_200	ENV_Si	2	nan	0.154787	nan	nan	nan	nan	nan	2	0	0	nan	0.000000	nan
ASV_938_16S_022_3	ENV_Si	1	nan	0.288234	nan	nan	nan	nan	nan	1	0	0	nan	0.000000	nan
ASV_376_16S_022_3	ENV_Si	5	nan	0.180681	nan	nan	nan	nan	nan	5	0	0	nan	0.000000	nan
ASV_709_16S_022_3	ENV_Si	5	nan	0.247892	nan	nan	nan	nan	nan	4	1	0	nan	0.000000	nan
ASV_126_16S_022_3	ENV_Si	4	nan	0.273876	nan	nan	nan	nan	nan	3	1	0	nan	0.000000	nan
ASV_612_16S_022_3	ENV_Si	4	nan	0.290839	nan	nan	nan	nan	nan	1	3	0	nan	0.000000	nan
OTU_329_18S_022_3	ENV_Si	2	nan	0.226298	nan	nan	nan	nan	nan	2	0	0	nan	0.000000	nan
OTU_2284_18S_022_3	ENV_Si	2	nan	0.225961	nan	nan	nan	nan	nan	1	1	0	nan	0.000000	nan
ASV_325_16S_022_3	ENV_Si	3	nan	0.239791	nan	nan	nan	nan	nan	2	1	0	nan	0.000000	nan
ASV_199_16S_022_3	ENV_Si	2	nan	0.505592	nan	nan	nan	nan	nan	0	2	0	nan	0.000000	nan
ASV_121_16S_022_3	ENV_Si	4	nan	0.271454	nan	nan	nan	nan	nan	3	1	0	nan	0.000000	nan
ASV_951_16S_022_3	ENV_Si	4	nan	0.217706	nan	nan	nan	nan	nan	2	2	0	nan	0.000000	nan
ASV_1541_16S_3_200	ENV_Si	1	nan	0.269579	nan	nan	nan	nan	nan	0	1	0	nan	0.000000	nan
OTU_1970_18S_3_200	ENV_Si	4	nan	0.347388	nan	nan	nan	nan	nan	1	3	0	nan	0.000000	nan
ASV_405_16S_3_200	ENV_Si	2	nan	0.315059	nan	nan	nan	nan	nan	0	2	0	nan	0.000000	nan
ASV_274_16S_022_3	ENV_Si	4	nan	0.252537	nan	nan	nan	nan	nan	3	1	0	nan	0.000000	nan
OTU_1070_18S_022_3	ENV_Si	2	nan	0.234351	nan	nan	nan	nan	nan	0	2	0	nan	0.000000	nan
ASV_1577_16S_022_3	ENV_Si	5	nan	0.236618	nan	nan	nan	nan	nan	1	4	0	nan	0.000000	nan
OTU_3655_18S_3_200	ENV_Si	1	nan	0.109974	nan	nan	nan	nan	nan	1	0	0	nan	0.000000	nan
OTU_505_18S_3_200	ENV_Si	3	nan	0.325418	nan	nan	nan	nan	nan	1	2	0	nan	0.000000	nan
OTU_924_18S_3_200	ENV_Si	3	nan	0.432991	nan	nan	nan	nan	nan	1	1	1	nan	0.000000	nan
ASV_566_16S_022_3	ENV_Si	4	nan	0.369190	nan	nan	nan	nan	nan	2	2	0	nan	0.000000	nan
ASV_644_16S_022_3	ENV_Si	6	nan	0.284946	nan	nan	nan	nan	nan	0	6	0	nan	0.000000	nan
ASV_1136_16S_022_3	ENV_Si	4	nan	0.143527	nan	nan	nan	nan	nan	4	0	0	nan	0.000000	nan
OTU_186_18S_022_3	ENV_Si	1	nan	0.380465	nan	nan	nan	nan	nan	0	1	0	nan	0.000000	nan
ASV_1305_16S_022_3	ENV_Si	2	nan	0.413372	nan	nan	nan	nan	nan	0	1	1	nan	0.000000	nan
OTU_3598_18S_022_3	ENV_Si	3	nan	0.452385	nan	nan	nan	nan	nan	0	3	0	nan	0.000000	nan
ASV_339_16S_022_3	ENV_Si	3	nan	0.215647	nan	nan	nan	nan	nan	1	2	0	nan	0.000000	nan
ASV_255_16S_022_3	ENV_Si	2	nan	0.263269	nan	nan	nan	nan	nan	1	1	0	nan	0.000000	nan
ASV_779_16S_022_3	ENV_Si	2	nan	0.339282	nan	nan	nan	nan	nan	0	2	0	nan	0.000000	nan
ASV_122_16S_022_3	ENV_Si	4	nan	0.393494	nan	nan	nan	nan	nan	0	4	0	nan	0.000000	nan
ASV_157_16S_022_3	ENV_Si	2	nan	0.408781	nan	nan	nan	nan	nan	1	1	0	nan	0.000000	nan
ASV_580_16S_022_3	ENV_Si	1	nan	0.462451	nan	nan	nan	nan	nan	0	1	0	nan	0.000000	nan
ASV_463_16S_022_3	ENV_Si	3	nan	0.301646	nan	nan	nan	nan	nan	2	1	0	nan	0.000000	nan
ASV_1190_16S_022_3	ENV_Si	4	nan	0.273409	nan	nan	nan	nan	nan	1	3	0	nan	0.000000	nan
ASV_192_16S_022_3	ENV_Si	3	nan	0.386979	nan	nan	nan	nan	nan	1	1	1	nan	0.000000	nan
ASV_3_16S_022_3	ENV_Si	3	nan	0.349810	nan	nan	nan	nan	nan	1	1	1	nan	0.000000	nan
ASV_390_16S_022_3	ENV_Si	3	nan	0.233942	nan	nan	nan	nan	nan	3	0	0	nan	0.000000	nan
ASV_552_16S_022_3	ENV_Si	4	nan	0.218919	nan	nan	nan	nan	nan	1	3	0	nan	0.000000	nan
ASV_459_16S_3_200	ENV_Si	3	nan	0.272579	nan	nan	nan	nan	nan	3	0	0	nan	0.000000	nan
OTU_516_18S_022_3	ENV_Si	2	nan	0.204125	nan	nan	nan	nan	nan	2	0	0	nan	0.000000	nan
ASV_1270_16S_022_3	ENV_Si	3	nan	0.176589	nan	nan	nan	nan	nan	2	1	0	nan	0.000000	nan
ASV_803_16S_022_3	ENV_Si	4	nan	0.172431	nan	nan	nan	nan	nan	4	0	0	nan	0.000000	nan
ASV_675_16S_022_3	ENV_Si	4	nan	0.312641	nan	nan	nan	nan	nan	0	4	0	nan	0.000000	nan
ASV_574_16S_022_3	ENV_Si	6	nan	0.348135	nan	nan	nan	nan	nan	4	2	0	nan	0.000000	nan
ASV_564_16S_022_3	ENV_Si	4	nan	0.309369	nan	nan	nan	nan	nan	1	3	0	nan	0.000000	nan
ASV_2226_16S_022_3	ENV_Si	3	nan	0.180681	nan	nan	nan	nan	nan	2	1	0	nan	0.000000	nan
ASV_687_16S_022_3	ENV_Si	2	nan	0.231402	nan	nan	nan	nan	nan	0	2	0	nan	0.000000	nan
ASV_155_16S_022_3	ENV_Si	2	nan	0.190130	nan	nan	nan	nan	nan	1	1	0	nan	0.000000	nan
ASV_1362_16S_022_3	ENV_Si	5	nan	0.264352	nan	nan	nan	nan	nan	2	3	0	nan	0.000000	nan
ASV_1375_16S_3_200	ENV_Si	3	nan	0.226721	nan	nan	nan	nan	nan	1	2	0	nan	0.000000	nan
ASV_362_16S_022_3	ENV_Si	4	nan	0.491976	nan	nan	nan	nan	nan	0	3	1	nan	0.000000	nan
OTU_83_18S_3_200	ENV_Si	4	nan	0.154787	nan	nan	nan	nan	nan	4	0	0	nan	0.000000	nan
ASV_793_16S_022_3	ENV_Si	3	nan	0.472516	nan	nan	nan	nan	nan	0	3	0	nan	0.000000	nan
ASV_705_16S_022_3	ENV_Si	3	nan	0.188339	nan	nan	nan	nan	nan	1	2	0	nan	0.000000	nan
ASV_248_16S_022_3	ENV_Si	5	nan	0.246684	nan	nan	nan	nan	nan	2	3	0	nan	0.000000	nan
ASV_863_16S_022_3	ENV_Si	4	nan	0.286359	nan	nan	nan	nan	nan	1	3	0	nan	0.000000	nan
OTU_4876_18S_3_200	ENV_Si	3	nan	0.175310	nan	nan	nan	nan	nan	3	0	0	nan	0.000000	nan
ASV_388_16S_022_3	ENV_Si	2	nan	0.359409	nan	nan	nan	nan	nan	1	1	0	nan	0.000000	nan
OTU_86_18S_3_200	ENV_Si	3	nan	0.154787	nan	nan	nan	nan	nan	3	0	0	nan	0.000000	nan
ASV_440_16S_022_3	ENV_Si	2	nan	0.250984	nan	nan	nan	nan	nan	2	0	0	nan	0.000000	nan
OTU_391_18S_3_200	ENV_Si	3	nan	0.277969	nan	nan	nan	nan	nan	0	3	0	nan	0.000000	nan
ASV_135_16S_022_3	ENV_Si	2	nan	0.264771	nan	nan	nan	nan	nan	0	1	1	nan	0.000000	nan
OTU_30_18S_3_200	ENV_Si	1	nan	0.237249	nan	nan	nan	nan	nan	0	1	0	nan	0.000000	nan
OTU_550_18S_022_3	ENV_Si	2	nan	0.344504	nan	nan	nan	nan	nan	0	2	0	nan	0.000000	nan
OTU_22_18S_022_3	ENV_Si	1	nan	0.143652	nan	nan	nan	nan	nan	1	0	0	nan	0.000000	nan
OTU_2785_18S_3_200	ENV_Si	2	nan	0.110437	nan	nan	nan	nan	nan	2	0	0	nan	0.000000	nan
ASV_884_16S_022_3	ENV_Si	1	nan	0.395369	nan	nan	nan	nan	nan	0	1	0	nan	0.000000	nan
OTU_2449_18S_3_200	ENV_Si	2	nan	0.205382	nan	nan	nan	nan	nan	1	1	0	nan	0.000000	nan
OTU_1102_18S_022_3	ENV_Si	3	nan	0.188922	nan	nan	nan	nan	nan	1	2	0	nan	0.000000	nan
OTU_879_18S_3_200	ENV_Si	5	nan	0.229641	nan	nan	nan	nan	nan	0	5	0	nan	0.000000	nan
ASV_1543_16S_022_3	ENV_Si	3	nan	0.198405	nan	nan	nan	nan	nan	1	2	0	nan	0.000000	nan
ASV_632_16S_022_3	ENV_Si	2	nan	0.382603	nan	nan	nan	nan	nan	0	2	0	nan	0.000000	nan
ASV_473_16S_022_3	ENV_Si	4	nan	0.308161	nan	nan	nan	nan	nan	1	3	0	nan	0.000000	nan
ASV_893_16S_022_3	ENV_Si	3	nan	0.260180	nan	nan	nan	nan	nan	2	1	0	nan	0.000000	nan
ASV_1061_16S_022_3	ENV_Si	5	nan	0.331171	nan	nan	nan	nan	nan	1	4	0	nan	0.000000	nan
OTU_406_18S_022_3	ENV_Si	1	nan	0.160521	nan	nan	nan	nan	nan	1	0	0	nan	0.000000	nan
OTU_3563_18S_3_200	ENV_Si	2	nan	0.144721	nan	nan	nan	nan	nan	1	1	0	nan	0.000000	nan
ASV_179_16S_022_3	ENV_Si	3	nan	0.263811	nan	nan	nan	nan	nan	2	1	0	nan	0.000000	nan
OTU_1397_18S_3_200	ENV_Si	6	nan	0.146397	nan	nan	nan	nan	nan	5	1	0	nan	0.000000	nan
ASV_1257_16S_022_3	ENV_Si	2	nan	0.234748	nan	nan	nan	nan	nan	1	1	0	nan	0.000000	nan
ASV_1071_16S_022_3	ENV_Si	2	nan	0.406429	nan	nan	nan	nan	nan	1	1	0	nan	0.000000	nan
OTU_1144_18S_022_3	ENV_Si	1	nan	0.296887	nan	nan	nan	nan	nan	1	0	0	nan	0.000000	nan
ASV_697_16S_022_3	ENV_Si	3	nan	0.236240	nan	nan	nan	nan	nan	2	1	0	nan	0.000000	nan
OTU_568_18S_3_200	ENV_Si	3	nan	0.110188	nan	nan	nan	nan	nan	3	0	0	nan	0.000000	nan
ASV_943_16S_022_3	ENV_Si	3	nan	0.230193	nan	nan	nan	nan	nan	2	1	0	nan	0.000000	nan
ASV_648_16S_022_3	ENV_Si	4	nan	0.189538	nan	nan	nan	nan	nan	2	2	0	nan	0.000000	nan
OTU_68_18S_3_200	ENV_Si	3	nan	0.462913	nan	nan	nan	nan	nan	0	2	1	nan	0.000000	nan
ASV_730_16S_022_3	ENV_Si	4	nan	0.218919	nan	nan	nan	nan	nan	1	3	0	nan	0.000000	nan
ASV_688_16S_022_3	ENV_Si	2	nan	0.331171	nan	nan	nan	nan	nan	0	2	0	nan	0.000000	nan
ASV_495_16S_022_3	ENV_Si	3	nan	0.424069	nan	nan	nan	nan	nan	1	2	0	nan	0.000000	nan
ASV_706_16S_3_200	ENV_Si	4	nan	0.171217	nan	nan	nan	nan	nan	4	0	0	nan	0.000000	nan
ASV_311_16S_022_3	ENV_Si	4	nan	0.374153	nan	nan	nan	nan	nan	1	3	0	nan	0.000000	nan
ASV_1139_16S_022_3	ENV_Si	4	nan	0.324457	nan	nan	nan	nan	nan	1	3	0	nan	0.000000	nan
ASV_926_16S_022_3	ENV_Si	2	nan	0.230193	nan	nan	nan	nan	nan	0	2	0	nan	0.000000	nan
ASV_647_16S_022_3	ENV_Si	3	nan	0.273916	nan	nan	nan	nan	nan	1	2	0	nan	0.000000	nan
OTU_2133_18S_3_200	ENV_Si	3	nan	0.269316	nan	nan	nan	nan	nan	1	2	0	nan	0.000000	nan
OTU_2496_18S_3_200	ENV_Si	3	nan	0.366301	nan	nan	nan	nan	nan	0	3	0	nan	0.000000	nan
ASV_397_16S_022_3	ENV_Si	2	nan	0.202418	nan	nan	nan	nan	nan	2	0	0	nan	0.000000	nan
OTU_2662_18S_022_3	ENV_Si	4	nan	0.227184	nan	nan	nan	nan	nan	3	1	0	nan	0.000000	nan
OTU_1354_18S_3_200	ENV_Si	2	nan	0.202483	nan	nan	nan	nan	nan	0	2	0	nan	0.000000	nan
ASV_306_16S_022_3	ENV_Si	4	nan	0.301562	nan	nan	nan	nan	nan	3	1	0	nan	0.000000	nan
ASV_291_16S_022_3	ENV_Si	1	nan	0.377704	nan	nan	nan	nan	nan	1	0	0	nan	0.000000	nan
OTU_989_18S_3_200	ENV_Si	7	nan	0.247301	nan	nan	nan	nan	nan	0	7	0	nan	0.000000	nan
OTU_2054_18S_3_200	ENV_Si	1	nan	0.351551	nan	nan	nan	nan	nan	1	0	0	nan	0.000000	nan
OTU_3384_18S_022_3	ENV_Si	1	nan	0.190761	nan	nan	nan	nan	nan	1	0	0	nan	0.000000	nan
ASV_294_16S_3_200	ENV_Si	2	nan	0.180616	nan	nan	nan	nan	nan	2	0	0	nan	0.000000	nan
ASV_1287_16S_3_200	ENV_Si	2	nan	0.224882	nan	nan	nan	nan	nan	2	0	0	nan	0.000000	nan
OTU_492_18S_3_200	ENV_Si	3	nan	0.176589	nan	nan	nan	nan	nan	3	0	0	nan	0.000000	nan
OTU_458_18S_3_200	ENV_Si	3	nan	0.384095	nan	nan	nan	nan	nan	2	1	0	nan	0.000000	nan
OTU_1172_18S_3_200	ENV_Si	3	nan	0.315521	nan	nan	nan	nan	nan	0	3	0	nan	0.000000	nan
OTU_724_18S_022_3	ENV_Si	3	nan	0.260260	nan	nan	nan	nan	nan	1	2	0	nan	0.000000	nan
ASV_889_16S_022_3	ENV_Si	2	nan	0.527936	nan	nan	nan	nan	nan	0	1	1	nan	0.000000	nan
OTU_422_18S_022_3	ENV_Si	1	nan	0.257296	nan	nan	nan	nan	nan	0	1	0	nan	0.000000	nan
ASV_955_16S_022_3	ENV_Si	2	nan	0.221167	nan	nan	nan	nan	nan	0	2	0	nan	0.000000	nan
OTU_997_18S_3_200	ENV_Si	5	nan	0.296206	nan	nan	nan	nan	nan	3	2	0	nan	0.000000	nan
ASV_488_16S_022_3	ENV_Si	2	nan	0.244470	nan	nan	nan	nan	nan	2	0	0	nan	0.000000	nan
OTU_1284_18S_022_3	ENV_Si	2	nan	0.222828	nan	nan	nan	nan	nan	2	0	0	nan	0.000000	nan
ASV_400_16S_022_3	ENV_Si	2	nan	0.411665	nan	nan	nan	nan	nan	0	2	0	nan	0.000000	nan
OTU_768_18S_3_200	ENV_Si	2	nan	0.147619	nan	nan	nan	nan	nan	2	0	0	nan	0.000000	nan
ASV_633_16S_022_3	ENV_Si	1	nan	0.322240	nan	nan	nan	nan	nan	1	0	0	nan	0.000000	nan
OTU_351_18S_022_3	ENV_Si	1	nan	0.155388	nan	nan	nan	nan	nan	1	0	0	nan	0.000000	nan
ASV_949_16S_022_3	ENV_Si	2	nan	0.325124	nan	nan	nan	nan	nan	0	2	0	nan	0.000000	nan
OTU_29_18S_022_3	ENV_Si	3	nan	0.228517	nan	nan	nan	nan	nan	3	0	0	nan	0.000000	nan
ASV_407_16S_022_3	ENV_Si	2	nan	0.276681	nan	nan	nan	nan	nan	2	0	0	nan	0.000000	nan
ASV_360_16S_022_3	ENV_Si	1	nan	0.249111	nan	nan	nan	nan	nan	1	0	0	nan	0.000000	nan
ASV_979_16S_022_3	ENV_Si	3	nan	0.287567	nan	nan	nan	nan	nan	2	1	0	nan	0.000000	nan
ASV_308_16S_022_3	ENV_Si	4	nan	0.191890	nan	nan	nan	nan	nan	4	0	0	nan	0.000000	nan
OTU_347_18S_022_3	ENV_Si	1	nan	0.204826	nan	nan	nan	nan	nan	1	0	0	nan	0.000000	nan
ASV_996_16S_022_3	ENV_Si	2	nan	0.263269	nan	nan	nan	nan	nan	1	1	0	nan	0.000000	nan
ASV_428_16S_022_3	ENV_Si	4	nan	0.197117	nan	nan	nan	nan	nan	3	1	0	nan	0.000000	nan
ASV_74_16S_022_3	ENV_Si	4	nan	0.376451	nan	nan	nan	nan	nan	1	3	0	nan	0.000000	nan
OTU_167_18S_022_3	ENV_Si	2	nan	0.201275	nan	nan	nan	nan	nan	2	0	0	nan	0.000000	nan
ASV_635_16S_022_3	ENV_Si	3	nan	0.327079	nan	nan	nan	nan	nan	1	2	0	nan	0.000000	nan
OTU_332_18S_3_200	ENV_Si	2	nan	0.247514	nan	nan	nan	nan	nan	2	0	0	nan	0.000000	nan
ASV_829_16S_022_3	ENV_Si	4	nan	0.189538	nan	nan	nan	nan	nan	2	2	0	nan	0.000000	nan
ASV_452_16S_022_3	ENV_Si	2	nan	0.243138	nan	nan	nan	nan	nan	2	0	0	nan	0.000000	nan
ASV_2084_16S_022_3	ENV_Si	1	nan	0.166537	nan	nan	nan	nan	nan	1	0	0	nan	0.000000	nan
OTU_749_18S_3_200	ENV_Si	1	nan	0.111659	nan	nan	nan	nan	nan	1	0	0	nan	0.000000	nan
ASV_988_16S_022_3	ENV_Si	4	nan	0.147619	nan	nan	nan	nan	nan	4	0	0	nan	0.000000	nan
ASV_1092_16S_022_3	ENV_Si	5	nan	0.348881	nan	nan	nan	nan	nan	1	4	0	nan	0.000000	nan
ASV_1193_16S_3_200	ENV_Si	2	nan	0.247301	nan	nan	nan	nan	nan	0	2	0	nan	0.000000	nan
ASV_759_16S_022_3	ENV_Si	2	nan	0.289626	nan	nan	nan	nan	nan	2	0	0	nan	0.000000	nan
ASV_605_16S_022_3	ENV_Si	4	nan	0.417171	nan	nan	nan	nan	nan	0	4	0	nan	0.000000	nan
OTU_4249_18S_3_200	ENV_Si	5	nan	0.294381	nan	nan	nan	nan	nan	1	4	0	nan	0.000000	nan
ASV_1205_16S_022_3	ENV_Si	2	nan	0.389322	nan	nan	nan	nan	nan	0	2	0	nan	0.000000	nan
OTU_2399_18S_3_200	ENV_Si	2	nan	0.275468	nan	nan	nan	nan	nan	1	1	0	nan	0.000000	nan
ASV_585_16S_022_3	ENV_Si	4	nan	0.423685	nan	nan	nan	nan	nan	0	4	0	nan	0.000000	nan
ASV_736_16S_022_3	ENV_Si	3	nan	0.207009	nan	nan	nan	nan	nan	2	1	0	nan	0.000000	nan
ASV_931_16S_022_3	ENV_Si	5	nan	0.235494	nan	nan	nan	nan	nan	2	3	0	nan	0.000000	nan
ASV_42_16S_022_3	ENV_Si	2	nan	0.167736	nan	nan	nan	nan	nan	1	1	0	nan	0.000000	nan
OTU_485_18S_022_3	ENV_Si	1	nan	0.203910	nan	nan	nan	nan	nan	1	0	0	nan	0.000000	nan
ASV_1320_16S_022_3	ENV_Si	3	nan	0.155761	nan	nan	nan	nan	nan	3	0	0	nan	0.000000	nan
ASV_1446_16S_022_3	ENV_Si	3	nan	0.317480	nan	nan	nan	nan	nan	1	2	0	nan	0.000000	nan
ASV_1106_16S_022_3	ENV_Si	2	nan	0.208456	nan	nan	nan	nan	nan	1	1	0	nan	0.000000	nan
ASV_1439_16S_022_3	ENV_Si	2	nan	0.198788	nan	nan	nan	nan	nan	1	1	0	nan	0.000000	nan
OTU_3755_18S_3_200	ENV_Si	2	nan	0.218984	nan	nan	nan	nan	nan	0	2	0	nan	0.000000	nan
ASV_530_16S_022_3	ENV_Si	2	nan	0.204826	nan	nan	nan	nan	nan	2	0	0	nan	0.000000	nan
OTU_1335_18S_3_200	ENV_Si	3	nan	0.178856	nan	nan	nan	nan	nan	2	1	0	nan	0.000000	nan
ASV_213_16S_022_3	ENV_Si	3	nan	0.201275	nan	nan	nan	nan	nan	3	0	0	nan	0.000000	nan
ASV_601_16S_022_3	ENV_Si	2	nan	0.161222	nan	nan	nan	nan	nan	2	0	0	nan	0.000000	nan
OTU_2620_18S_3_200	ENV_Si	5	nan	0.272579	nan	nan	nan	nan	nan	0	5	0	nan	0.000000	nan
ASV_715_16S_022_3	ENV_Si	3	nan	0.352725	nan	nan	nan	nan	nan	0	3	0	nan	0.000000	nan
ASV_78_16S_022_3	ENV_Si	3	nan	0.446617	nan	nan	nan	nan	nan	0	1	2	nan	0.000000	nan
ASV_967_16S_022_3	ENV_Si	2	nan	0.306271	nan	nan	nan	nan	nan	0	2	0	nan	0.000000	nan
ASV_853_16S_022_3	ENV_Si	3	nan	0.289164	nan	nan	nan	nan	nan	2	1	0	nan	0.000000	nan
ASV_489_16S_022_3	ENV_Si	1	nan	0.262179	nan	nan	nan	nan	nan	1	0	0	nan	0.000000	nan
ASV_758_16S_022_3	ENV_Si	3	nan	0.230735	nan	nan	nan	nan	nan	2	1	0	nan	0.000000	nan
OTU_450_18S_022_3	ENV_Si	1	nan	0.205382	nan	nan	nan	nan	nan	1	0	0	nan	0.000000	nan
OTU_385_18S_022_3	ENV_Si	1	nan	0.163857	nan	nan	nan	nan	nan	1	0	0	nan	0.000000	nan
OTU_1906_18S_3_200	ENV_Si	4	nan	0.097024	nan	nan	nan	nan	nan	4	0	0	nan	0.000000	nan
ASV_328_16S_022_3	ENV_Si	2	nan	0.395369	nan	nan	nan	nan	nan	0	1	1	nan	0.000000	nan
ASV_437_16S_022_3	ENV_Si	2	nan	0.387477	nan	nan	nan	nan	nan	0	2	0	nan	0.000000	nan
ASV_165_16S_022_3	ENV_Si	3	nan	0.218984	nan	nan	nan	nan	nan	1	2	0	nan	0.000000	nan
ASV_378_16S_022_3	ENV_Si	2	nan	0.250399	nan	nan	nan	nan	nan	2	0	0	nan	0.000000	nan
ASV_1589_16S_022_3	ENV_Si	4	nan	0.168959	nan	nan	nan	nan	nan	3	1	0	nan	0.000000	nan
ASV_819_16S_022_3	ENV_Si	3	nan	0.181114	nan	nan	nan	nan	nan	3	0	0	nan	0.000000	nan
ASV_576_16S_022_3	ENV_Si	4	nan	0.156676	nan	nan	nan	nan	nan	3	1	0	nan	0.000000	nan
ASV_652_16S_022_3	ENV_Si	5	nan	0.269704	nan	nan	nan	nan	nan	1	4	0	nan	0.000000	nan
ASV_72_16S_022_3	ENV_Si	4	nan	0.414872	nan	nan	nan	nan	nan	0	3	1	nan	0.000000	nan
ASV_158_16S_022_3	ENV_Si	2	nan	0.312920	nan	nan	nan	nan	nan	1	1	0	nan	0.000000	nan
OTU_421_18S_022_3	ENV_Si	1	nan	0.210808	nan	nan	nan	nan	nan	0	1	0	nan	0.000000	nan
ASV_848_16S_022_3	ENV_Si	3	nan	0.224299	nan	nan	nan	nan	nan	2	1	0	nan	0.000000	nan
ASV_130_16S_022_3	ENV_Si	2	nan	0.283689	nan	nan	nan	nan	nan	2	0	0	nan	0.000000	nan
ASV_1094_16S_022_3	ENV_Si	6	nan	0.242969	nan	nan	nan	nan	nan	2	4	0	nan	0.000000	nan
OTU_1374_18S_022_3	ENV_Si	3	nan	0.266218	nan	nan	nan	nan	nan	0	3	0	nan	0.000000	nan
ASV_20_16S_3_200	ENV_Si	1	nan	0.373283	nan	nan	nan	nan	nan	0	1	0	nan	0.000000	nan
ASV_400_16S_3_200	ENV_Si	3	nan	0.372477	nan	nan	nan	nan	nan	1	2	0	nan	0.000000	nan
ASV_720_16S_022_3	ENV_Si	4	nan	0.303864	nan	nan	nan	nan	nan	0	4	0	nan	0.000000	nan
ASV_522_16S_022_3	ENV_Si	2	nan	0.422939	nan	nan	nan	nan	nan	0	2	0	nan	0.000000	nan
ASV_764_16S_022_3	ENV_Si	3	nan	0.202483	nan	nan	nan	nan	nan	0	3	0	nan	0.000000	nan
ASV_776_16S_022_3	ENV_Si	2	nan	0.207839	nan	nan	nan	nan	nan	1	1	0	nan	0.000000	nan
OTU_1902_18S_022_3	ENV_Si	3	nan	0.150694	nan	nan	nan	nan	nan	3	0	0	nan	0.000000	nan
ASV_900_16S_022_3	ENV_Si	3	nan	0.300900	nan	nan	nan	nan	nan	0	3	0	nan	0.000000	nan
OTU_2382_18S_022_3	ENV_Si	3	nan	0.293789	nan	nan	nan	nan	nan	1	2	0	nan	0.000000	nan
OTU_932_18S_022_3	ENV_Si	3	nan	0.235494	nan	nan	nan	nan	nan	3	0	0	nan	0.000000	nan
ASV_658_16S_022_3	ENV_Si	2	nan	0.176589	nan	nan	nan	nan	nan	0	2	0	nan	0.000000	nan
OTU_3663_18S_022_3	ENV_Si	2	nan	0.229726	nan	nan	nan	nan	nan	1	1	0	nan	0.000000	nan
ASV_512_16S_022_3	ENV_Si	3	nan	0.405897	nan	nan	nan	nan	nan	0	2	1	nan	0.000000	nan
ASV_1289_16S_022_3	ENV_Si	3	nan	0.152961	nan	nan	nan	nan	nan	3	0	0	nan	0.000000	nan
ASV_348_16S_3_200	ENV_Si	2	nan	0.286573	nan	nan	nan	nan	nan	1	1	0	nan	0.000000	nan
OTU_3466_18S_022_3	ENV_Si	1	nan	0.338601	nan	nan	nan	nan	nan	1	0	0	nan	0.000000	nan
ASV_560_16S_022_3	ENV_Si	4	nan	0.240085	nan	nan	nan	nan	nan	2	2	0	nan	0.000000	nan
ASV_590_16S_022_3	ENV_Si	1	nan	0.309747	nan	nan	nan	nan	nan	1	0	0	nan	0.000000	nan
OTU_868_18S_022_3	ENV_Si	5	nan	0.188922	nan	nan	nan	nan	nan	2	3	0	nan	0.000000	nan
OTU_213_18S_3_200	ENV_Si	3	nan	0.248100	nan	nan	nan	nan	nan	3	0	0	nan	0.000000	nan
OTU_1095_18S_3_200	ENV_Si	2	nan	0.421015	nan	nan	nan	nan	nan	0	2	0	nan	0.000000	nan
OTU_2682_18S_3_200	ENV_Si	2	nan	0.168199	nan	nan	nan	nan	nan	1	1	0	nan	0.000000	nan
OTU_1226_18S_3_200	ENV_Si	1	nan	0.222614	nan	nan	nan	nan	nan	1	0	0	nan	0.000000	nan
OTU_873_18S_022_3	ENV_Si	4	nan	0.259037	nan	nan	nan	nan	nan	3	1	0	nan	0.000000	nan
ASV_143_16S_022_3	ENV_Si	4	nan	0.167736	nan	nan	nan	nan	nan	4	0	0	nan	0.000000	nan
OTU_2308_18S_3_200	ENV_Si	4	nan	0.296206	nan	nan	nan	nan	nan	3	1	0	nan	0.000000	nan
OTU_682_18S_3_200	ENV_Si	3	nan	0.156676	nan	nan	nan	nan	nan	3	0	0	nan	0.000000	nan
ASV_424_16S_022_3	ENV_Si	4	nan	0.324194	nan	nan	nan	nan	nan	1	3	0	nan	0.000000	nan
OTU_889_18S_3_200	ENV_Si	3	nan	0.234351	nan	nan	nan	nan	nan	0	3	0	nan	0.000000	nan
OTU_2758_18S_3_200	ENV_Si	1	nan	0.284946	nan	nan	nan	nan	nan	0	1	0	nan	0.000000	nan
ASV_1201_16S_3_200	ENV_Si	2	nan	0.353968	nan	nan	nan	nan	nan	0	2	0	nan	0.000000	nan
ASV_1127_16S_022_3	ENV_Si	4	nan	0.161222	nan	nan	nan	nan	nan	1	3	0	nan	0.000000	nan
ASV_36_16S_022_3	ENV_Si	3	nan	0.382886	nan	nan	nan	nan	nan	1	1	1	nan	0.000000	nan
ASV_425_16S_022_3	ENV_Si	3	nan	0.230193	nan	nan	nan	nan	nan	3	0	0	nan	0.000000	nan
ASV_1367_16S_022_3	ENV_Si	3	nan	0.264478	nan	nan	nan	nan	nan	1	2	0	nan	0.000000	nan
OTU_1230_18S_022_3	ENV_Si	2	nan	0.368807	nan	nan	nan	nan	nan	1	1	0	nan	0.000000	nan
ASV_722_16S_022_3	ENV_Si	3	nan	0.215399	nan	nan	nan	nan	nan	3	0	0	nan	0.000000	nan
ASV_470_16S_022_3	ENV_Si	1	nan	0.367176	nan	nan	nan	nan	nan	0	1	0	nan	0.000000	nan
ASV_533_16S_022_3	ENV_Si	4	nan	0.286573	nan	nan	nan	nan	nan	0	4	0	nan	0.000000	nan
ASV_63_16S_022_3	ENV_Si	2	nan	0.210141	nan	nan	nan	nan	nan	2	0	0	nan	0.000000	nan
ASV_917_16S_022_3	ENV_Si	5	nan	0.209893	nan	nan	nan	nan	nan	3	2	0	nan	0.000000	nan
ASV_824_16S_022_3	ENV_Si	5	nan	0.162444	nan	nan	nan	nan	nan	4	1	0	nan	0.000000	nan
ASV_1331_16S_022_3	ENV_Si	5	nan	0.157054	nan	nan	nan	nan	nan	4	1	0	nan	0.000000	nan
ASV_1235_16S_022_3	ENV_Si	2	nan	0.166537	nan	nan	nan	nan	nan	1	1	0	nan	0.000000	nan
OTU_6834_18S_022_3	ENV_Si	2	nan	0.109974	nan	nan	nan	nan	nan	2	0	0	nan	0.000000	nan
OTU_248_18S_022_3	ENV_Si	2	nan	0.341237	nan	nan	nan	nan	nan	1	1	0	nan	0.000000	nan
ASV_1411_16S_022_3	ENV_Si	4	nan	0.175310	nan	nan	nan	nan	nan	3	1	0	nan	0.000000	nan
OTU_162_18S_3_200	ENV_Si	1	nan	0.356818	nan	nan	nan	nan	nan	0	1	0	nan	0.000000	nan
OTU_217_18S_022_3	ENV_Si	2	nan	0.342833	nan	nan	nan	nan	nan	0	2	0	nan	0.000000	nan
OTU_2040_18S_022_3	ENV_Si	4	nan	0.176589	nan	nan	nan	nan	nan	1	3	0	nan	0.000000	nan
ASV_50_16S_022_3	ENV_Si	3	nan	0.401137	nan	nan	nan	nan	nan	0	3	0	nan	0.000000	nan
ASV_1551_16S_022_3	ENV_Si	6	nan	0.207839	nan	nan	nan	nan	nan	2	4	0	nan	0.000000	nan
OTU_1404_18S_022_3	ENV_Si	3	nan	0.189538	nan	nan	nan	nan	nan	2	1	0	nan	0.000000	nan
ASV_641_16S_022_3	ENV_Si	3	nan	0.268570	nan	nan	nan	nan	nan	1	2	0	nan	0.000000	nan
OTU_1557_18S_022_3	ENV_Si	3	nan	0.194298	nan	nan	nan	nan	nan	3	0	0	nan	0.000000	nan
ASV_181_16S_022_3	ENV_Si	1	nan	0.279844	nan	nan	nan	nan	nan	0	1	0	nan	0.000000	nan
ASV_1335_16S_022_3	ENV_Si	5	nan	0.109974	nan	nan	nan	nan	nan	5	0	0	nan	0.000000	nan
ASV_1171_16S_022_3	ENV_Si	3	nan	0.250399	nan	nan	nan	nan	nan	2	1	0	nan	0.000000	nan
ASV_1215_16S_022_3	ENV_Si	4	nan	0.229641	nan	nan	nan	nan	nan	0	4	0	nan	0.000000	nan
ASV_1210_16S_022_3	ENV_Si	4	nan	0.143527	nan	nan	nan	nan	nan	4	0	0	nan	0.000000	nan
ASV_218_16S_022_3	ENV_Si	3	nan	0.335731	nan	nan	nan	nan	nan	0	3	0	nan	0.000000	nan
ASV_431_16S_022_3	ENV_Si	3	nan	0.238378	nan	nan	nan	nan	nan	2	1	0	nan	0.000000	nan
ASV_904_16S_3_200	ENV_Si	4	nan	0.176589	nan	nan	nan	nan	nan	2	2	0	nan	0.000000	nan
ASV_18_16S_022_3	ENV_Si	1	nan	0.425282	nan	nan	nan	nan	nan	0	0	1	nan	0.000000	nan
OTU_1304_18S_3_200	ENV_Si	4	nan	0.294381	nan	nan	nan	nan	nan	0	4	0	nan	0.000000	nan
ASV_276_16S_022_3	ENV_Si	2	nan	0.260246	nan	nan	nan	nan	nan	1	1	0	nan	0.000000	nan
ASV_1317_16S_022_3	ENV_Si	5	nan	0.153792	nan	nan	nan	nan	nan	5	0	0	nan	0.000000	nan
ASV_595_16S_022_3	ENV_Si	2	nan	0.367510	nan	nan	nan	nan	nan	0	2	0	nan	0.000000	nan
ASV_64_16S_022_3	ENV_Si	2	nan	0.415962	nan	nan	nan	nan	nan	0	0	2	nan	0.000000	nan
OTU_858_18S_3_200	ENV_Si	2	nan	0.312760	nan	nan	nan	nan	nan	1	1	0	nan	0.000000	nan
ASV_490_16S_022_3	ENV_Si	4	nan	0.255744	nan	nan	nan	nan	nan	1	3	0	nan	0.000000	nan
OTU_453_18S_3_200	ENV_Si	2	nan	0.195904	nan	nan	nan	nan	nan	0	2	0	nan	0.000000	nan
OTU_291_18S_3_200	ENV_Si	2	nan	0.205507	nan	nan	nan	nan	nan	2	0	0	nan	0.000000	nan
ASV_1645_16S_022_3	ENV_Si	3	nan	0.286154	nan	nan	nan	nan	nan	0	3	0	nan	0.000000	nan
OTU_1984_18S_022_3	ENV_Si	2	nan	0.169421	nan	nan	nan	nan	nan	2	0	0	nan	0.000000	nan
OTU_101_18S_3_200	ENV_Si	4	nan	0.218283	nan	nan	nan	nan	nan	2	2	0	nan	0.000000	nan
ASV_930_16S_022_3	ENV_Si	3	nan	0.253666	nan	nan	nan	nan	nan	0	3	0	nan	0.000000	nan
ASV_133_16S_3_200	ENV_Si	2	nan	0.345713	nan	nan	nan	nan	nan	1	1	0	nan	0.000000	nan
OTU_1607_18S_3_200	ENV_Si	2	nan	0.272584	nan	nan	nan	nan	nan	0	2	0	nan	0.000000	nan
ASV_1686_16S_022_3	ENV_Si	3	nan	0.214816	nan	nan	nan	nan	nan	2	1	0	nan	0.000000	nan
ASV_101_16S_3_200	ENV_Si	3	nan	0.280839	nan	nan	nan	nan	nan	1	2	0	nan	0.000000	nan
ASV_1406_16S_022_3	ENV_Si	3	nan	0.118826	nan	nan	nan	nan	nan	3	0	0	nan	0.000000	nan
ASV_180_16S_022_3	ENV_Si	2	nan	0.342445	nan	nan	nan	nan	nan	2	0	0	nan	0.000000	nan
ASV_1855_16S_022_3	ENV_Si	4	nan	0.138141	nan	nan	nan	nan	nan	3	1	0	nan	0.000000	nan
ASV_104_16S_022_3	ENV_Si	1	nan	0.398005	nan	nan	nan	nan	nan	0	0	1	nan	0.000000	nan
OTU_1346_18S_3_200	ENV_Si	2	nan	0.322533	nan	nan	nan	nan	nan	0	2	0	nan	0.000000	nan
ASV_2014_16S_022_3	ENV_Si	2	nan	0.201289	nan	nan	nan	nan	nan	2	0	0	nan	0.000000	nan
ASV_651_16S_022_3	ENV_Si	2	nan	0.347388	nan	nan	nan	nan	nan	0	2	0	nan	0.000000	nan
ASV_166_16S_022_3	ENV_Si	2	nan	0.167736	nan	nan	nan	nan	nan	2	0	0	nan	0.000000	nan
OTU_1761_18S_022_3	ENV_Si	2	nan	0.274404	nan	nan	nan	nan	nan	2	0	0	nan	0.000000	nan
ASV_322_16S_022_3	ENV_Si	3	nan	0.224299	nan	nan	nan	nan	nan	1	2	0	nan	0.000000	nan
ASV_1777_16S_022_3	ENV_Si	3	nan	0.204288	nan	nan	nan	nan	nan	3	0	0	nan	0.000000	nan
ASV_600_16S_022_3	ENV_Si	5	nan	0.227184	nan	nan	nan	nan	nan	2	3	0	nan	0.000000	nan
OTU_1376_18S_022_3	ENV_Si	1	nan	0.292127	nan	nan	nan	nan	nan	1	0	0	nan	0.000000	nan
ASV_2079_16S_022_3	ENV_Si	4	nan	0.171217	nan	nan	nan	nan	nan	4	0	0	nan	0.000000	nan
ASV_369_16S_022_3	ENV_Si	3	nan	0.277969	nan	nan	nan	nan	nan	2	1	0	nan	0.000000	nan
ASV_1644_16S_022_3	ENV_Si	3	nan	0.208456	nan	nan	nan	nan	nan	0	3	0	nan	0.000000	nan
OTU_2150_18S_022_3	ENV_Si	2	nan	0.302179	nan	nan	nan	nan	nan	1	1	0	nan	0.000000	nan
OTU_1275_18S_022_3	ENV_Si	1	nan	0.131706	nan	nan	nan	nan	nan	1	0	0	nan	0.000000	nan
ASV_599_16S_022_3	ENV_Si	4	nan	0.192636	nan	nan	nan	nan	nan	2	2	0	nan	0.000000	nan
ASV_1087_16S_022_3	ENV_Si	3	nan	0.227184	nan	nan	nan	nan	nan	0	3	0	nan	0.000000	nan
ASV_68_16S_022_3	ENV_Si	2	nan	0.326333	nan	nan	nan	nan	nan	1	1	0	nan	0.000000	nan
ASV_1125_16S_022_3	ENV_Si	3	nan	0.157054	nan	nan	nan	nan	nan	3	0	0	nan	0.000000	nan
ASV_150_16S_022_3	ENV_Si	1	nan	0.332101	nan	nan	nan	nan	nan	0	1	0	nan	0.000000	nan
ASV_1491_16S_022_3	ENV_Si	3	nan	0.348597	nan	nan	nan	nan	nan	0	3	0	nan	0.000000	nan
ASV_379_16S_022_3	ENV_Si	2	nan	0.332768	nan	nan	nan	nan	nan	0	2	0	nan	0.000000	nan
ASV_1037_16S_022_3	ENV_Si	3	nan	0.242969	nan	nan	nan	nan	nan	1	2	0	nan	0.000000	nan
OTU_378_18S_022_3	ENV_Si	2	nan	0.233272	nan	nan	nan	nan	nan	1	1	0	nan	0.000000	nan
OTU_95_18S_022_3	ENV_Si	2	nan	0.511187	nan	nan	nan	nan	nan	0	0	2	nan	0.000000	nan
ASV_754_16S_022_3	ENV_Si	3	nan	0.309369	nan	nan	nan	nan	nan	2	1	0	nan	0.000000	nan
ASV_1498_16S_022_3	ENV_Si	3	nan	0.302232	nan	nan	nan	nan	nan	2	1	0	nan	0.000000	nan
ASV_547_16S_022_3	ENV_Si	2	nan	0.337607	nan	nan	nan	nan	nan	1	1	0	nan	0.000000	nan
ASV_540_16S_022_3	ENV_Si	4	nan	0.392324	nan	nan	nan	nan	nan	1	3	0	nan	0.000000	nan
ASV_1632_16S_022_3	ENV_Si	4	nan	0.171879	nan	nan	nan	nan	nan	3	1	0	nan	0.000000	nan
OTU_2590_18S_3_200	ENV_Si	4	nan	0.159943	nan	nan	nan	nan	nan	4	0	0	nan	0.000000	nan
ASV_2030_16S_022_3	ENV_Si	4	nan	0.207178	nan	nan	nan	nan	nan	2	2	0	nan	0.000000	nan
ASV_136_16S_022_3	ENV_Si	2	nan	0.167204	nan	nan	nan	nan	nan	2	0	0	nan	0.000000	nan
OTU_1111_18S_022_3	ENV_Si	3	nan	0.369190	nan	nan	nan	nan	nan	1	2	0	nan	0.000000	nan
OTU_382_18S_3_200	ENV_Si	2	nan	0.216576	nan	nan	nan	nan	nan	1	1	0	nan	0.000000	nan
ASV_1516_16S_022_3	ENV_Si	2	nan	0.227184	nan	nan	nan	nan	nan	1	1	0	nan	0.000000	nan
ASV_2057_16S_022_3	ENV_Si	2	nan	0.207839	nan	nan	nan	nan	nan	1	1	0	nan	0.000000	nan
ASV_192_16S_3_200	ENV_Si	3	nan	0.333807	nan	nan	nan	nan	nan	3	0	0	nan	0.000000	nan
ASV_154_16S_022_3	ENV_Si	4	nan	0.277546	nan	nan	nan	nan	nan	0	4	0	nan	0.000000	nan
ASV_910_16S_022_3	ENV_Si	4	nan	0.260927	nan	nan	nan	nan	nan	4	0	0	nan	0.000000	nan
ASV_1593_16S_022_3	ENV_Si	7	nan	0.189538	nan	nan	nan	nan	nan	5	2	0	nan	0.000000	nan
ASV_2032_16S_3_200	ENV_Si	2	nan	0.269033	nan	nan	nan	nan	nan	0	2	0	nan	0.000000	nan
OTU_422_18S_3_200	ENV_Si	5	nan	0.251995	nan	nan	nan	nan	nan	1	4	0	nan	0.000000	nan
ASV_1631_16S_022_3	ENV_Si	4	nan	0.208456	nan	nan	nan	nan	nan	3	1	0	nan	0.000000	nan
ASV_467_16S_3_200	ENV_Si	2	nan	0.420518	nan	nan	nan	nan	nan	1	0	1	nan	0.000000	nan
OTU_652_18S_022_3	ENV_Si	1	nan	0.444741	nan	nan	nan	nan	nan	0	0	1	nan	0.000000	nan
ASV_2127_16S_022_3	ENV_Si	4	nan	0.212563	nan	nan	nan	nan	nan	2	2	0	nan	0.000000	nan
ASV_488_16S_3_200	ENV_Si	1	nan	0.231402	nan	nan	nan	nan	nan	0	1	0	nan	0.000000	nan
ASV_95_16S_022_3	ENV_Si	2	nan	0.236240	nan	nan	nan	nan	nan	0	2	0	nan	0.000000	nan
ASV_1565_16S_022_3	ENV_Si	3	nan	0.250399	nan	nan	nan	nan	nan	1	2	0	nan	0.000000	nan
OTU_1298_18S_022_3	ENV_Si	1	nan	0.283853	nan	nan	nan	nan	nan	0	1	0	nan	0.000000	nan
OTU_817_18S_3_200	ENV_Si	3	nan	0.251607	nan	nan	nan	nan	nan	2	1	0	nan	0.000000	nan
OTU_24_18S_022_3	ENV_Si	4	nan	0.178478	nan	nan	nan	nan	nan	4	0	0	nan	0.000000	nan
ASV_1534_16S_022_3	ENV_Si	3	nan	0.419309	nan	nan	nan	nan	nan	1	2	0	nan	0.000000	nan
OTU_707_18S_022_3	ENV_Si	2	nan	0.310966	nan	nan	nan	nan	nan	0	2	0	nan	0.000000	nan
OTU_2214_18S_022_3	ENV_Si	2	nan	0.293789	nan	nan	nan	nan	nan	1	1	0	nan	0.000000	nan
OTU_1834_18S_022_3	ENV_Si	3	nan	0.293918	nan	nan	nan	nan	nan	0	2	1	nan	0.000000	nan
ASV_1753_16S_022_3	ENV_Si	2	nan	0.390361	nan	nan	nan	nan	nan	1	1	0	nan	0.000000	nan
OTU_2712_18S_3_200	ENV_Si	1	nan	0.260260	nan	nan	nan	nan	nan	1	0	0	nan	0.000000	nan
ASV_26_16S_022_3	ENV_Si	2	nan	0.487883	nan	nan	nan	nan	nan	0	2	0	nan	0.000000	nan
ASV_1117_16S_022_3	ENV_Si	2	nan	0.230193	nan	nan	nan	nan	nan	1	1	0	nan	0.000000	nan
ASV_1727_16S_022_3	ENV_Si	2	nan	0.323364	nan	nan	nan	nan	nan	1	1	0	nan	0.000000	nan
ASV_525_16S_022_3	ENV_Si	2	nan	0.296887	nan	nan	nan	nan	nan	2	0	0	nan	0.000000	nan
OTU_1432_18S_022_3	ENV_Si	2	nan	0.286742	nan	nan	nan	nan	nan	1	1	0	nan	0.000000	nan
OTU_28_18S_022_3	ENV_Si	3	nan	0.153792	nan	nan	nan	nan	nan	3	0	0	nan	0.000000	nan
ASV_1147_16S_022_3	ENV_Si	4	nan	0.324457	nan	nan	nan	nan	nan	1	3	0	nan	0.000000	nan
OTU_177_18S_022_3	ENV_Si	1	nan	0.270913	nan	nan	nan	nan	nan	1	0	0	nan	0.000000	nan
ASV_1481_16S_022_3	ENV_Si	5	nan	0.268486	nan	nan	nan	nan	nan	1	4	0	nan	0.000000	nan
OTU_60_18S_022_3	ENV_Si	4	nan	0.310622	nan	nan	nan	nan	nan	2	2	0	nan	0.000000	nan
ASV_1173_16S_022_3	ENV_Si	2	nan	0.300900	nan	nan	nan	nan	nan	0	2	0	nan	0.000000	nan
OTU_268_18S_022_3	ENV_Si	2	nan	0.273161	nan	nan	nan	nan	nan	0	2	0	nan	0.000000	nan
OTU_183_18S_022_3	ENV_Si	2	nan	0.244893	nan	nan	nan	nan	nan	2	0	0	nan	0.000000	nan
OTU_182_18S_022_3	ENV_Si	3	nan	0.302232	nan	nan	nan	nan	nan	0	3	0	nan	0.000000	nan
ASV_744_16S_022_3	ENV_Si	3	nan	0.253666	nan	nan	nan	nan	nan	0	3	0	nan	0.000000	nan
OTU_489_18S_022_3	ENV_Si	3	nan	0.176523	nan	nan	nan	nan	nan	3	0	0	nan	0.000000	nan
ASV_1107_16S_022_3	ENV_Si	5	nan	0.205507	nan	nan	nan	nan	nan	5	0	0	nan	0.000000	nan
ASV_630_16S_3_200	ENV_Si	4	nan	0.261673	nan	nan	nan	nan	nan	3	0	1	nan	0.000000	nan
ASV_111_16S_022_3	ENV_Si	2	nan	0.351019	nan	nan	nan	nan	nan	0	1	1	nan	0.000000	nan
ASV_1108_16S_022_3	ENV_Si	4	nan	0.235957	nan	nan	nan	nan	nan	1	3	0	nan	0.000000	nan
ASV_703_16S_022_3	ENV_Si	1	nan	0.380002	nan	nan	nan	nan	nan	0	1	0	nan	0.000000	nan
ASV_1524_16S_3_200	ENV_Si	3	nan	0.139420	nan	nan	nan	nan	nan	3	0	0	nan	0.000000	nan
OTU_2017_18S_3_200	ENV_Si	2	nan	0.159943	nan	nan	nan	nan	nan	2	0	0	nan	0.000000	nan
ASV_814_16S_022_3	ENV_Si	2	nan	0.329963	nan	nan	nan	nan	nan	0	2	0	nan	0.000000	nan
OTU_2020_18S_3_200	ENV_Si	3	nan	0.208456	nan	nan	nan	nan	nan	0	3	0	nan	0.000000	nan
OTU_872_18S_022_3	ENV_Si	2	nan	0.179487	nan	nan	nan	nan	nan	2	0	0	nan	0.000000	nan
ASV_1795_16S_022_3	ENV_Si	3	nan	0.214816	nan	nan	nan	nan	nan	3	0	0	nan	0.000000	nan
ASV_455_16S_022_3	ENV_Si	4	nan	0.296141	nan	nan	nan	nan	nan	3	1	0	nan	0.000000	nan
OTU_1999_18S_3_200	ENV_Si	2	nan	0.191223	nan	nan	nan	nan	nan	1	1	0	nan	0.000000	nan
OTU_144_18S_022_3	ENV_Si	3	nan	0.372821	nan	nan	nan	nan	nan	0	3	0	nan	0.000000	nan
OTU_613_18S_3_200	ENV_Si	3	nan	0.211554	nan	nan	nan	nan	nan	3	0	0	nan	0.000000	nan
ASV_335_16S_022_3	ENV_Si	3	nan	0.340491	nan	nan	nan	nan	nan	0	3	0	nan	0.000000	nan
OTU_222_18S_022_3	ENV_Si	2	nan	0.214438	nan	nan	nan	nan	nan	1	1	0	nan	0.000000	nan
ASV_234_16S_022_3	ENV_Si	2	nan	0.517329	nan	nan	nan	nan	nan	0	2	0	nan	0.000000	nan
OTU_100_18S_022_3	ENV_Si	3	nan	0.390992	nan	nan	nan	nan	nan	0	3	0	nan	0.000000	nan
OTU_714_18S_022_3	ENV_Si	3	nan	0.178194	nan	nan	nan	nan	nan	3	0	0	nan	0.000000	nan
OTU_2532_18S_3_200	ENV_Si	6	nan	0.214816	nan	nan	nan	nan	nan	2	4	0	nan	0.000000	nan
OTU_350_18S_022_3	ENV_Si	4	nan	0.279098	nan	nan	nan	nan	nan	1	3	0	nan	0.000000	nan
OTU_1536_18S_3_200	ENV_Si	2	nan	0.272584	nan	nan	nan	nan	nan	1	1	0	nan	0.000000	nan
ASV_872_16S_022_3	ENV_Si	3	nan	0.180681	nan	nan	nan	nan	nan	2	1	0	nan	0.000000	nan
ASV_1707_16S_022_3	ENV_Si	5	nan	0.316813	nan	nan	nan	nan	nan	0	5	0	nan	0.000000	nan
OTU_887_18S_022_3	ENV_Si	3	nan	0.282644	nan	nan	nan	nan	nan	1	2	0	nan	0.000000	nan
ASV_101_16S_022_3	ENV_Si	3	nan	0.389196	nan	nan	nan	nan	nan	0	3	0	nan	0.000000	nan
OTU_588_18S_3_200	ENV_Si	1	nan	0.156839	nan	nan	nan	nan	nan	1	0	0	nan	0.000000	nan
OTU_1413_18S_022_3	ENV_Si	3	nan	0.176589	nan	nan	nan	nan	nan	0	3	0	nan	0.000000	nan
ASV_429_16S_022_3	ENV_Si	2	nan	0.272867	nan	nan	nan	nan	nan	0	2	0	nan	0.000000	nan
ASV_1076_16S_022_3	ENV_Si	3	nan	0.378794	nan	nan	nan	nan	nan	0	3	0	nan	0.000000	nan
OTU_146_18S_022_3	ENV_Si	1	nan	0.225712	nan	nan	nan	nan	nan	1	0	0	nan	0.000000	nan
OTU_342_18S_022_3	ENV_Si	2	nan	0.356818	nan	nan	nan	nan	nan	0	2	0	nan	0.000000	nan
ASV_654_16S_022_3	ENV_Si	2	nan	0.262179	nan	nan	nan	nan	nan	1	1	0	nan	0.000000	nan
OTU_128_18S_022_3	ENV_Si	1	nan	0.272201	nan	nan	nan	nan	nan	0	1	0	nan	0.000000	nan
ASV_364_16S_022_3	ENV_Si	1	nan	0.244630	nan	nan	nan	nan	nan	0	1	0	nan	0.000000	nan
OTU_419_18S_3_200	ENV_Si	5	nan	0.238876	nan	nan	nan	nan	nan	1	4	0	nan	0.000000	nan
OTU_2489_18S_3_200	ENV_Si	5	nan	0.188339	nan	nan	nan	nan	nan	4	1	0	nan	0.000000	nan
OTU_436_18S_022_3	ENV_Si	4	nan	0.271738	nan	nan	nan	nan	nan	3	1	0	nan	0.000000	nan
OTU_622_18S_3_200	ENV_Si	5	nan	0.207839	nan	nan	nan	nan	nan	2	3	0	nan	0.000000	nan
OTU_507_18S_022_3	ENV_Si	1	nan	0.447084	nan	nan	nan	nan	nan	0	1	0	nan	0.000000	nan
OTU_539_18S_3_200	ENV_Si	2	nan	0.328008	nan	nan	nan	nan	nan	1	1	0	nan	0.000000	nan
ASV_1851_16S_022_3	ENV_Si	3	nan	0.147619	nan	nan	nan	nan	nan	2	1	0	nan	0.000000	nan
ASV_51_16S_3_200	ENV_Si	1	nan	0.301562	nan	nan	nan	nan	nan	1	0	0	nan	0.000000	nan
OTU_327_18S_022_3	ENV_Si	3	nan	0.168199	nan	nan	nan	nan	nan	2	1	0	nan	0.000000	nan
ASV_1043_16S_022_3	ENV_Si	6	nan	0.193014	nan	nan	nan	nan	nan	4	2	0	nan	0.000000	nan
OTU_619_18S_022_3	ENV_Si	1	nan	0.263811	nan	nan	nan	nan	nan	0	1	0	nan	0.000000	nan
OTU_825_18S_022_3	ENV_Si	2	nan	0.272201	nan	nan	nan	nan	nan	2	0	0	nan	0.000000	nan
ASV_134_16S_3_200	ENV_Si	4	nan	0.298139	nan	nan	nan	nan	nan	1	3	0	nan	0.000000	nan
ASV_23_16S_022_3	ENV_Si	5	nan	0.235494	nan	nan	nan	nan	nan	5	0	0	nan	0.000000	nan
ASV_1801_16S_022_3	ENV_Si	2	nan	0.285071	nan	nan	nan	nan	nan	2	0	0	nan	0.000000	nan
ASV_1366_16S_022_3	ENV_Si	3	nan	0.157054	nan	nan	nan	nan	nan	2	1	0	nan	0.000000	nan
OTU_1075_18S_022_3	ENV_Si	3	nan	0.234351	nan	nan	nan	nan	nan	0	3	0	nan	0.000000	nan
ASV_1265_16S_022_3	ENV_Si	4	nan	0.246101	nan	nan	nan	nan	nan	0	4	0	nan	0.000000	nan
ASV_253_16S_022_3	ENV_Si	3	nan	0.267362	nan	nan	nan	nan	nan	2	1	0	nan	0.000000	nan
ASV_1397_16S_022_3	ENV_Si	5	nan	0.097024	nan	nan	nan	nan	nan	5	0	0	nan	0.000000	nan
OTU_158_18S_022_3	ENV_Si	2	nan	0.315556	nan	nan	nan	nan	nan	1	1	0	nan	0.000000	nan
OTU_243_18S_022_3	ENV_Si	2	nan	0.366306	nan	nan	nan	nan	nan	2	0	0	nan	0.000000	nan
ASV_680_16S_022_3	ENV_Si	2	nan	0.327457	nan	nan	nan	nan	nan	0	2	0	nan	0.000000	nan
OTU_270_18S_022_3	ENV_Si	2	nan	0.319649	nan	nan	nan	nan	nan	2	0	0	nan	0.000000	nan
ASV_517_16S_022_3	ENV_Si	3	nan	0.243884	nan	nan	nan	nan	nan	3	0	0	nan	0.000000	nan
ASV_1055_16S_022_3	ENV_Si	4	nan	0.168959	nan	nan	nan	nan	nan	3	1	0	nan	0.000000	nan
OTU_2512_18S_3_200	ENV_Si	4	nan	0.180681	nan	nan	nan	nan	nan	2	2	0	nan	0.000000	nan
OTU_940_18S_022_3	ENV_Si	2	nan	0.259037	nan	nan	nan	nan	nan	2	0	0	nan	0.000000	nan
OTU_2823_18S_022_3	ENV_Si	2	nan	0.205382	nan	nan	nan	nan	nan	2	0	0	nan	0.000000	nan
OTU_574_18S_022_3	ENV_Si	3	nan	0.168328	nan	nan	nan	nan	nan	1	2	0	nan	0.000000	nan
ASV_505_16S_022_3	ENV_Si	2	nan	0.372821	nan	nan	nan	nan	nan	0	1	1	nan	0.000000	nan
ASV_83_16S_022_3	ENV_Si	3	nan	0.422939	nan	nan	nan	nan	nan	3	0	0	nan	0.000000	nan
ASV_575_16S_022_3	ENV_Si	2	nan	0.214438	nan	nan	nan	nan	nan	0	2	0	nan	0.000000	nan
ASV_287_16S_022_3	ENV_Si	2	nan	0.352143	nan	nan	nan	nan	nan	0	2	0	nan	0.000000	nan
ASV_478_16S_022_3	ENV_Si	4	nan	0.409527	nan	nan	nan	nan	nan	3	1	0	nan	0.000000	nan
ASV_361_16S_022_3	ENV_Si	3	nan	0.309757	nan	nan	nan	nan	nan	1	2	0	nan	0.000000	nan
OTU_413_18S_022_3	ENV_Si	4	nan	0.192636	nan	nan	nan	nan	nan	4	0	0	nan	0.000000	nan
ASV_271_16S_022_3	ENV_Si	3	nan	0.259718	nan	nan	nan	nan	nan	3	0	0	nan	0.000000	nan
OTU_335_18S_022_3	ENV_Si	1	nan	0.286747	nan	nan	nan	nan	nan	0	1	0	nan	0.000000	nan
ASV_47_16S_022_3	ENV_Si	3	nan	0.343375	nan	nan	nan	nan	nan	2	1	0	nan	0.000000	nan
ASV_289_16S_022_3	ENV_Si	2	nan	0.368061	nan	nan	nan	nan	nan	0	1	1	nan	0.000000	nan
ASV_2009_16S_022_3	ENV_Si	3	nan	0.198405	nan	nan	nan	nan	nan	1	2	0	nan	0.000000	nan
ASV_210_16S_022_3	ENV_Si	3	nan	0.237837	nan	nan	nan	nan	nan	1	1	1	nan	0.000000	nan
ASV_54_16S_022_3	ENV_Si	1	nan	0.427530	nan	nan	nan	nan	nan	0	1	0	nan	0.000000	nan
OTU_826_18S_022_3	ENV_Si	2	nan	0.494860	nan	nan	nan	nan	nan	0	2	0	nan	0.000000	nan
OTU_393_18S_022_3	ENV_Si	4	nan	0.307415	nan	nan	nan	nan	nan	2	2	0	nan	0.000000	nan
OTU_129_18S_022_3	ENV_Si	1	nan	0.243138	nan	nan	nan	nan	nan	0	1	0	nan	0.000000	nan
OTU_698_18S_022_3	ENV_Si	2	nan	0.285936	nan	nan	nan	nan	nan	1	1	0	nan	0.000000	nan
OTU_2018_18S_022_3	ENV_Si	2	nan	0.168959	nan	nan	nan	nan	nan	2	0	0	nan	0.000000	nan
ASV_765_16S_022_3	ENV_Si	2	nan	0.402098	nan	nan	nan	nan	nan	0	2	0	nan	0.000000	nan
ASV_1189_16S_022_3	ENV_Si	2	nan	0.205382	nan	nan	nan	nan	nan	1	1	0	nan	0.000000	nan
ASV_176_16S_3_200	ENV_Si	2	nan	0.290835	nan	nan	nan	nan	nan	1	0	1	nan	0.000000	nan
OTU_200_18S_022_3	ENV_Si	3	nan	0.342833	nan	nan	nan	nan	nan	1	2	0	nan	0.000000	nan
OTU_1332_18S_022_3	ENV_Si	3	nan	0.351551	nan	nan	nan	nan	nan	0	3	0	nan	0.000000	nan
OTU_1629_18S_022_3	ENV_Si	2	nan	0.371692	nan	nan	nan	nan	nan	0	2	0	nan	0.000000	nan
ASV_1732_16S_022_3	ENV_Si	2	nan	0.246768	nan	nan	nan	nan	nan	0	2	0	nan	0.000000	nan
OTU_660_18S_022_3	ENV_Si	3	nan	0.416256	nan	nan	nan	nan	nan	0	3	0	nan	0.000000	nan
OTU_644_18S_022_3	ENV_Si	3	nan	0.320350	nan	nan	nan	nan	nan	0	3	0	nan	0.000000	nan
OTU_716_18S_022_3	ENV_Si	4	nan	0.178394	nan	nan	nan	nan	nan	3	1	0	nan	0.000000	nan
OTU_2848_18S_3_200	ENV_Si	2	nan	0.296206	nan	nan	nan	nan	nan	1	1	0	nan	0.000000	nan
OTU_956_18S_022_3	ENV_Si	3	nan	0.109974	nan	nan	nan	nan	nan	3	0	0	nan	0.000000	nan
OTU_653_18S_3_200	ENV_Si	3	nan	0.250777	nan	nan	nan	nan	nan	1	2	0	nan	0.000000	nan
OTU_859_18S_3_200	ENV_Si	3	nan	0.295011	nan	nan	nan	nan	nan	2	1	0	nan	0.000000	nan
OTU_148_18S_022_3	ENV_Si	2	nan	0.309632	nan	nan	nan	nan	nan	1	1	0	nan	0.000000	nan
OTU_807_18S_022_3	ENV_Si	3	nan	0.378113	nan	nan	nan	nan	nan	0	1	2	nan	0.000000	nan
ASV_1429_16S_022_3	ENV_Si	3	nan	0.332101	nan	nan	nan	nan	nan	2	1	0	nan	0.000000	nan
ASV_84_16S_3_200	ENV_Si	4	nan	0.205507	nan	nan	nan	nan	nan	3	1	0	nan	0.000000	nan
ASV_7_16S_022_3	ENV_Si	4	nan	0.352351	nan	nan	nan	nan	nan	0	2	2	nan	0.000000	nan
OTU_166_18S_3_200	ENV_Si	3	nan	0.441111	nan	nan	nan	nan	nan	0	2	1	nan	0.000000	nan
OTU_456_18S_022_3	ENV_Si	3	nan	0.237201	nan	nan	nan	nan	nan	0	3	0	nan	0.000000	nan
OTU_547_18S_3_200	ENV_Si	1	nan	0.146998	nan	nan	nan	nan	nan	1	0	0	nan	0.000000	nan
ASV_1028_16S_022_3	ENV_Si	3	nan	0.190761	nan	nan	nan	nan	nan	2	1	0	nan	0.000000	nan
ASV_662_16S_3_200	ENV_Si	4	nan	0.246768	nan	nan	nan	nan	nan	2	2	0	nan	0.000000	nan
OTU_445_18S_022_3	ENV_Si	2	nan	0.247514	nan	nan	nan	nan	nan	1	1	0	nan	0.000000	nan
ASV_484_16S_022_3	ENV_Si	1	nan	0.142518	nan	nan	nan	nan	nan	1	0	0	nan	0.000000	nan
OTU_1281_18S_022_3	ENV_Si	2	nan	0.366968	nan	nan	nan	nan	nan	1	1	0	nan	0.000000	nan
OTU_3149_18S_022_3	ENV_Si	1	nan	0.246684	nan	nan	nan	nan	nan	1	0	0	nan	0.000000	nan
OTU_1287_18S_022_3	ENV_Si	1	nan	0.376829	nan	nan	nan	nan	nan	1	0	0	nan	0.000000	nan
OTU_514_18S_022_3	ENV_Si	1	nan	0.306321	nan	nan	nan	nan	nan	0	0	1	nan	0.000000	nan
OTU_646_18S_022_3	ENV_Si	1	nan	0.140642	nan	nan	nan	nan	nan	1	0	0	nan	0.000000	nan
ASV_769_16S_3_200	ENV_Si	1	nan	0.128275	nan	nan	nan	nan	nan	1	0	0	nan	0.000000	nan
OTU_551_18S_022_3	ENV_Si	4	nan	0.176589	nan	nan	nan	nan	nan	4	0	0	nan	0.000000	nan
ASV_957_16S_022_3	ENV_Si	3	nan	0.155761	nan	nan	nan	nan	nan	2	1	0	nan	0.000000	nan
ASV_482_16S_022_3	ENV_Si	2	nan	0.155388	nan	nan	nan	nan	nan	2	0	0	nan	0.000000	nan
OTU_232_18S_3_200	ENV_Si	5	nan	0.211932	nan	nan	nan	nan	nan	2	3	0	nan	0.000000	nan
OTU_12_18S_3_200	ENV_Si	2	nan	0.244893	nan	nan	nan	nan	nan	1	1	0	nan	0.000000	nan
ASV_235_16S_022_3	ENV_Si	3	nan	0.295678	nan	nan	nan	nan	nan	0	3	0	nan	0.000000	nan
OTU_1606_18S_022_3	ENV_Si	3	nan	0.338601	nan	nan	nan	nan	nan	1	2	0	nan	0.000000	nan
OTU_799_18S_022_3	ENV_Si	1	nan	0.168328	nan	nan	nan	nan	nan	1	0	0	nan	0.000000	nan
OTU_39_18S_022_3	ENV_Si	2	nan	0.355316	nan	nan	nan	nan	nan	0	2	0	nan	0.000000	nan
OTU_561_18S_022_3	ENV_Si	2	nan	0.222614	nan	nan	nan	nan	nan	2	0	0	nan	0.000000	nan
OTU_2680_18S_022_3	ENV_Si	3	nan	0.168199	nan	nan	nan	nan	nan	1	2	0	nan	0.000000	nan
ASV_317_16S_022_3	ENV_Si	3	nan	0.495527	nan	nan	nan	nan	nan	0	3	0	nan	0.000000	nan
OTU_641_18S_3_200	ENV_Si	3	nan	0.207839	nan	nan	nan	nan	nan	3	0	0	nan	0.000000	nan
OTU_455_18S_022_3	ENV_Si	2	nan	0.280839	nan	nan	nan	nan	nan	2	0	0	nan	0.000000	nan
ASV_501_16S_022_3	ENV_Si	4	nan	0.308539	nan	nan	nan	nan	nan	2	2	0	nan	0.000000	nan
OTU_1139_18S_022_3	ENV_Si	4	nan	0.267824	nan	nan	nan	nan	nan	3	1	0	nan	0.000000	nan
ASV_363_16S_022_3	ENV_Si	4	nan	0.186654	nan	nan	nan	nan	nan	3	1	0	nan	0.000000	nan
ASV_1458_16S_022_3	ENV_Si	4	nan	0.125391	nan	nan	nan	nan	nan	4	0	0	nan	0.000000	nan
OTU_3068_18S_3_200	ENV_Si	2	nan	0.168199	nan	nan	nan	nan	nan	2	0	0	nan	0.000000	nan
ASV_132_16S_022_3	ENV_Si	3	nan	0.375705	nan	nan	nan	nan	nan	3	0	0	nan	0.000000	nan
OTU_1010_18S_022_3	ENV_Si	2	nan	0.259037	nan	nan	nan	nan	nan	0	2	0	nan	0.000000	nan
ASV_1401_16S_022_3	ENV_Si	6	nan	0.176589	nan	nan	nan	nan	nan	3	3	0	nan	0.000000	nan
ASV_6_16S_022_3	ENV_Si	5	nan	0.188339	nan	nan	nan	nan	nan	2	2	1	nan	0.000000	nan
OTU_287_18S_022_3	ENV_Si	2	nan	0.176589	nan	nan	nan	nan	nan	1	1	0	nan	0.000000	nan
ASV_2093_16S_022_3	ENV_Si	5	nan	0.176589	nan	nan	nan	nan	nan	3	2	0	nan	0.000000	nan
OTU_3733_18S_022_3	ENV_Si	1	nan	0.204288	nan	nan	nan	nan	nan	0	1	0	nan	0.000000	nan
OTU_733_18S_022_3	ENV_Si	2	nan	0.353968	nan	nan	nan	nan	nan	0	2	0	nan	0.000000	nan
OTU_58_18S_022_3	ENV_Si	3	nan	0.297847	nan	nan	nan	nan	nan	1	2	0	nan	0.000000	nan
OTU_1266_18S_3_200	ENV_Si	4	nan	0.182491	nan	nan	nan	nan	nan	3	1	0	nan	0.000000	nan
OTU_999_18S_022_3	ENV_Si	1	nan	0.273409	nan	nan	nan	nan	nan	0	1	0	nan	0.000000	nan
OTU_1245_18S_3_200	ENV_Si	2	nan	0.235325	nan	nan	nan	nan	nan	2	0	0	nan	0.000000	nan
ASV_621_16S_022_3	ENV_Si	2	nan	0.169421	nan	nan	nan	nan	nan	1	1	0	nan	0.000000	nan
OTU_1111_18S_3_200	ENV_Si	3	nan	0.207839	nan	nan	nan	nan	nan	2	1	0	nan	0.000000	nan
ASV_430_16S_022_3	ENV_Si	2	nan	0.422939	nan	nan	nan	nan	nan	1	1	0	nan	0.000000	nan
OTU_466_18S_022_3	ENV_Si	3	nan	0.293754	nan	nan	nan	nan	nan	0	3	0	nan	0.000000	nan
ASV_799_16S_022_3	ENV_Si	3	nan	0.139420	nan	nan	nan	nan	nan	2	1	0	nan	0.000000	nan
OTU_398_18S_3_200	ENV_Si	3	nan	0.216642	nan	nan	nan	nan	nan	2	1	0	nan	0.000000	nan
OTU_241_18S_022_3	ENV_Si	2	nan	0.402271	nan	nan	nan	nan	nan	0	2	0	nan	0.000000	nan
ASV_357_16S_022_3	ENV_Si	3	nan	0.208391	nan	nan	nan	nan	nan	3	0	0	nan	0.000000	nan
ASV_787_16S_3_200	ENV_Si	3	nan	0.193845	nan	nan	nan	nan	nan	3	0	0	nan	0.000000	nan
ASV_1769_16S_022_3	ENV_Si	3	nan	0.211270	nan	nan	nan	nan	nan	2	1	0	nan	0.000000	nan
ASV_1858_16S_022_3	ENV_Si	3	nan	0.128892	nan	nan	nan	nan	nan	3	0	0	nan	0.000000	nan
OTU_655_18S_022_3	ENV_Si	2	nan	0.330972	nan	nan	nan	nan	nan	1	1	0	nan	0.000000	nan
ASV_332_16S_022_3	ENV_Si	4	nan	0.154721	nan	nan	nan	nan	nan	4	0	0	nan	0.000000	nan
ASV_1062_16S_022_3	ENV_Si	3	nan	0.166537	nan	nan	nan	nan	nan	2	1	0	nan	0.000000	nan
ASV_412_16S_3_200	ENV_Si	1	nan	0.371268	nan	nan	nan	nan	nan	0	1	0	nan	0.000000	nan
OTU_577_18S_022_3	ENV_Si	4	nan	0.427699	nan	nan	nan	nan	nan	0	4	0	nan	0.000000	nan
ASV_1379_16S_022_3	ENV_Si	2	nan	0.257296	nan	nan	nan	nan	nan	1	1	0	nan	0.000000	nan
ASV_1748_16S_022_3	ENV_Si	5	nan	0.214816	nan	nan	nan	nan	nan	4	1	0	nan	0.000000	nan
OTU_1210_18S_022_3	ENV_Si	3	nan	0.171879	nan	nan	nan	nan	nan	2	1	0	nan	0.000000	nan
ASV_578_16S_022_3	ENV_Si	2	nan	0.269902	nan	nan	nan	nan	nan	1	1	0	nan	0.000000	nan
OTU_26_18S_022_3	ENV_Si	2	nan	0.368728	nan	nan	nan	nan	nan	0	1	1	nan	0.000000	nan
ASV_300_16S_022_3	ENV_Si	4	nan	0.256550	nan	nan	nan	nan	nan	2	2	0	nan	0.000000	nan
OTU_338_18S_022_3	ENV_Si	2	nan	0.247231	nan	nan	nan	nan	nan	2	0	0	nan	0.000000	nan
ASV_928_16S_022_3	ENV_Si	4	nan	0.286742	nan	nan	nan	nan	nan	1	3	0	nan	0.000000	nan
ASV_462_16S_3_200	ENV_Si	2	nan	0.272786	nan	nan	nan	nan	nan	0	2	0	nan	0.000000	nan
ASV_462_16S_022_3	ENV_Si	3	nan	0.238378	nan	nan	nan	nan	nan	1	2	0	nan	0.000000	nan
OTU_767_18S_3_200	ENV_Si	4	nan	0.251359	nan	nan	nan	nan	nan	3	1	0	nan	0.000000	nan
OTU_5822_18S_3_200	ENV_Si	4	nan	0.208456	nan	nan	nan	nan	nan	2	2	0	nan	0.000000	nan
OTU_6_18S_022_3	ENV_Si	2	nan	0.294003	nan	nan	nan	nan	nan	1	1	0	nan	0.000000	nan
OTU_268_18S_3_200	ENV_Si	3	nan	0.254243	nan	nan	nan	nan	nan	1	2	0	nan	0.000000	nan
OTU_535_18S_022_3	ENV_Si	3	nan	0.187256	nan	nan	nan	nan	nan	2	1	0	nan	0.000000	nan
OTU_2088_18S_3_200	ENV_Si	3	nan	0.337323	nan	nan	nan	nan	nan	1	2	0	nan	0.000000	nan
ASV_2085_16S_022_3	ENV_Si	4	nan	0.150694	nan	nan	nan	nan	nan	3	1	0	nan	0.000000	nan
OTU_1262_18S_022_3	ENV_Si	3	nan	0.279760	nan	nan	nan	nan	nan	1	2	0	nan	0.000000	nan
ASV_84_16S_022_3	ENV_Si	2	nan	0.223758	nan	nan	nan	nan	nan	1	1	0	nan	0.000000	nan
OTU_3210_18S_3_200	ENV_Si	4	nan	0.226090	nan	nan	nan	nan	nan	1	3	0	nan	0.000000	nan
OTU_2297_18S_022_3	ENV_Si	3	nan	0.233072	nan	nan	nan	nan	nan	2	1	0	nan	0.000000	nan
ASV_986_16S_022_3	ENV_Si	1	nan	0.293789	nan	nan	nan	nan	nan	0	1	0	nan	0.000000	nan
ASV_1734_16S_022_3	ENV_Si	4	nan	0.128892	nan	nan	nan	nan	nan	4	0	0	nan	0.000000	nan
ASV_1394_16S_022_3	ENV_Si	5	nan	0.121725	nan	nan	nan	nan	nan	5	0	0	nan	0.000000	nan
ASV_13_16S_022_3	ENV_Si	5	nan	0.362293	nan	nan	nan	nan	nan	1	4	0	nan	0.000000	nan
OTU_1024_18S_022_3	ENV_Si	6	nan	0.189538	nan	nan	nan	nan	nan	5	1	0	nan	0.000000	nan
OTU_87_18S_022_3	ENV_Si	2	nan	0.272415	nan	nan	nan	nan	nan	1	1	0	nan	0.000000	nan
ASV_1328_16S_022_3	ENV_Si	2	nan	0.111659	nan	nan	nan	nan	nan	1	1	0	nan	0.000000	nan
OTU_402_18S_022_3	ENV_Si	1	nan	0.260678	nan	nan	nan	nan	nan	0	1	0	nan	0.000000	nan
OTU_1573_18S_022_3	ENV_Si	2	nan	0.293789	nan	nan	nan	nan	nan	1	1	0	nan	0.000000	nan
OTU_920_18S_022_3	ENV_Si	2	nan	0.271987	nan	nan	nan	nan	nan	2	0	0	nan	0.000000	nan
ASV_1382_16S_022_3	ENV_Si	4	nan	0.324457	nan	nan	nan	nan	nan	0	4	0	nan	0.000000	nan
OTU_910_18S_022_3	ENV_Si	3	nan	0.167736	nan	nan	nan	nan	nan	1	2	0	nan	0.000000	nan
OTU_1647_18S_022_3	ENV_Si	2	nan	0.309632	nan	nan	nan	nan	nan	0	2	0	nan	0.000000	nan
ASV_1697_16S_022_3	ENV_Si	4	nan	0.111659	nan	nan	nan	nan	nan	4	0	0	nan	0.000000	nan
OTU_977_18S_022_3	ENV_Si	2	nan	0.273862	nan	nan	nan	nan	nan	0	2	0	nan	0.000000	nan
OTU_1386_18S_022_3	ENV_Si	3	nan	0.343375	nan	nan	nan	nan	nan	0	3	0	nan	0.000000	nan
ASV_1869_16S_022_3	ENV_Si	4	nan	0.189538	nan	nan	nan	nan	nan	0	4	0	nan	0.000000	nan
OTU_131_18S_3_200	ENV_Si	1	nan	0.263811	nan	nan	nan	nan	nan	1	0	0	nan	0.000000	nan
ASV_1215_16S_3_200	ENV_Si	4	nan	0.263269	nan	nan	nan	nan	nan	1	3	0	nan	0.000000	nan
OTU_3190_18S_3_200	ENV_Si	3	nan	0.189538	nan	nan	nan	nan	nan	1	2	0	nan	0.000000	nan
OTU_3774_18S_3_200	ENV_Si	2	nan	0.211554	nan	nan	nan	nan	nan	2	0	0	nan	0.000000	nan
OTU_1707_18S_022_3	ENV_Si	3	nan	0.189538	nan	nan	nan	nan	nan	1	2	0	nan	0.000000	nan
OTU_911_18S_3_200	ENV_Si	6	nan	0.251995	nan	nan	nan	nan	nan	2	4	0	nan	0.000000	nan
OTU_498_18S_3_200	ENV_Si	4	nan	0.329217	nan	nan	nan	nan	nan	1	3	0	nan	0.000000	nan
OTU_1094_18S_022_3	ENV_Si	3	nan	0.271987	nan	nan	nan	nan	nan	1	2	0	nan	0.000000	nan
OTU_310_18S_022_3	ENV_Si	2	nan	0.293754	nan	nan	nan	nan	nan	2	0	0	nan	0.000000	nan
ASV_515_16S_022_3	ENV_Si	3	nan	0.438973	nan	nan	nan	nan	nan	0	2	1	nan	0.000000	nan
ASV_1145_16S_022_3	ENV_Si	2	nan	0.385219	nan	nan	nan	nan	nan	0	2	0	nan	0.000000	nan
ASV_31_16S_022_3	ENV_Si	1	nan	0.197117	nan	nan	nan	nan	nan	1	0	0	nan	0.000000	nan
ASV_59_16S_022_3	ENV_Si	1	nan	0.293789	nan	nan	nan	nan	nan	1	0	0	nan	0.000000	nan
OTU_50_18S_022_3	ENV_Si	6	nan	0.256834	nan	nan	nan	nan	nan	6	0	0	nan	0.000000	nan
OTU_766_18S_022_3	ENV_Si	2	nan	0.428166	nan	nan	nan	nan	nan	0	2	0	nan	0.000000	nan
OTU_829_18S_3_200	ENV_Si	3	nan	0.253666	nan	nan	nan	nan	nan	1	2	0	nan	0.000000	nan
ASV_1563_16S_022_3	ENV_Si	4	nan	0.159943	nan	nan	nan	nan	nan	2	2	0	nan	0.000000	nan
OTU_1891_18S_022_3	ENV_Si	1	nan	0.248523	nan	nan	nan	nan	nan	1	0	0	nan	0.000000	nan
OTU_249_18S_3_200	ENV_Si	6	nan	0.302179	nan	nan	nan	nan	nan	2	4	0	nan	0.000000	nan
OTU_558_18S_022_3	ENV_Si	5	nan	0.267362	nan	nan	nan	nan	nan	1	4	0	nan	0.000000	nan
ASV_156_16S_022_3	ENV_Si	4	nan	0.292510	nan	nan	nan	nan	nan	2	2	0	nan	0.000000	nan
OTU_191_18S_022_3	ENV_Si	3	nan	0.309632	nan	nan	nan	nan	nan	2	1	0	nan	0.000000	nan
ASV_153_16S_022_3	ENV_Si	3	nan	0.408781	nan	nan	nan	nan	nan	0	3	0	nan	0.000000	nan
ASV_1490_16S_022_3	ENV_Si	3	nan	0.147744	nan	nan	nan	nan	nan	3	0	0	nan	0.000000	nan
ASV_89_16S_022_3	ENV_Si	5	nan	0.315805	nan	nan	nan	nan	nan	2	1	2	nan	0.000000	nan
ASV_2083_16S_022_3	ENV_Si	3	nan	0.247301	nan	nan	nan	nan	nan	0	3	0	nan	0.000000	nan
OTU_1485_18S_022_3	ENV_Si	3	nan	0.153707	nan	nan	nan	nan	nan	3	0	0	nan	0.000000	nan
OTU_214_18S_022_3	ENV_Si	3	nan	0.222614	nan	nan	nan	nan	nan	3	0	0	nan	0.000000	nan
OTU_611_18S_022_3	ENV_Si	1	nan	0.169421	nan	nan	nan	nan	nan	0	1	0	nan	0.000000	nan
ASV_553_16S_022_3	ENV_Si	4	nan	0.312920	nan	nan	nan	nan	nan	2	2	0	nan	0.000000	nan
OTU_511_18S_022_3	ENV_Si	2	nan	0.285613	nan	nan	nan	nan	nan	0	2	0	nan	0.000000	nan
ASV_871_16S_022_3	ENV_Si	5	nan	0.375243	nan	nan	nan	nan	nan	0	5	0	nan	0.000000	nan
ASV_37_16S_022_3	ENV_Si	1	nan	0.207839	nan	nan	nan	nan	nan	1	0	0	nan	0.000000	nan
ASV_53_16S_022_3	ENV_Si	3	nan	0.345250	nan	nan	nan	nan	nan	1	2	0	nan	0.000000	nan
OTU_2179_18S_3_200	ENV_Si	3	nan	0.237249	nan	nan	nan	nan	nan	1	2	0	nan	0.000000	nan
ASV_643_16S_022_3	ENV_Si	4	nan	0.146526	nan	nan	nan	nan	nan	4	0	0	nan	0.000000	nan
ASV_1374_16S_022_3	ENV_Si	4	nan	0.207009	nan	nan	nan	nan	nan	3	1	0	nan	0.000000	nan
OTU_1449_18S_022_3	ENV_Si	1	nan	0.146397	nan	nan	nan	nan	nan	1	0	0	nan	0.000000	nan
ASV_610_16S_3_200	ENV_Si	3	nan	0.110437	nan	nan	nan	nan	nan	2	1	0	nan	0.000000	nan
OTU_1334_18S_022_3	ENV_Si	2	nan	0.351680	nan	nan	nan	nan	nan	2	0	0	nan	0.000000	nan
OTU_1509_18S_022_3	ENV_Si	2	nan	0.176589	nan	nan	nan	nan	nan	2	0	0	nan	0.000000	nan
OTU_582_18S_022_3	ENV_Si	3	nan	0.338353	nan	nan	nan	nan	nan	1	2	0	nan	0.000000	nan
ASV_958_16S_022_3	ENV_Si	3	nan	0.292127	nan	nan	nan	nan	nan	1	2	0	nan	0.000000	nan
OTU_145_18S_022_3	ENV_Si	2	nan	0.291118	nan	nan	nan	nan	nan	0	2	0	nan	0.000000	nan
OTU_2105_18S_022_3	ENV_Si	3	nan	0.433965	nan	nan	nan	nan	nan	0	3	0	nan	0.000000	nan
OTU_1924_18S_3_200	ENV_Si	4	nan	0.254879	nan	nan	nan	nan	nan	2	2	0	nan	0.000000	nan
OTU_676_18S_022_3	ENV_Si	2	nan	0.296206	nan	nan	nan	nan	nan	1	1	0	nan	0.000000	nan
ASV_1560_16S_022_3	ENV_Si	3	nan	0.229805	nan	nan	nan	nan	nan	3	0	0	nan	0.000000	nan
OTU_2878_18S_022_3	ENV_Si	3	nan	0.406429	nan	nan	nan	nan	nan	1	1	1	nan	0.000000	nan
ASV_932_16S_3_200	ENV_Si	5	nan	0.237249	nan	nan	nan	nan	nan	3	2	0	nan	0.000000	nan
OTU_1285_18S_022_3	ENV_Si	5	nan	0.318022	nan	nan	nan	nan	nan	0	4	1	nan	0.000000	nan
OTU_839_18S_3_200	ENV_Si	4	nan	0.176589	nan	nan	nan	nan	nan	2	2	0	nan	0.000000	nan
OTU_2876_18S_3_200	ENV_Si	4	nan	0.226721	nan	nan	nan	nan	nan	1	3	0	nan	0.000000	nan
ASV_453_16S_022_3	ENV_Si	3	nan	0.503250	nan	nan	nan	nan	nan	0	3	0	nan	0.000000	nan
OTU_1743_18S_022_3	ENV_Si	1	nan	0.211270	nan	nan	nan	nan	nan	0	1	0	nan	0.000000	nan
ASV_128_16S_022_3	ENV_Si	3	nan	0.429375	nan	nan	nan	nan	nan	0	3	0	nan	0.000000	nan
OTU_1362_18S_022_3	ENV_Si	3	nan	0.168866	nan	nan	nan	nan	nan	2	1	0	nan	0.000000	nan
ASV_413_16S_022_3	ENV_Si	4	nan	0.302392	nan	nan	nan	nan	nan	0	4	0	nan	0.000000	nan
ASV_297_16S_3_200	ENV_Si	2	nan	0.363969	nan	nan	nan	nan	nan	1	1	0	nan	0.000000	nan
OTU_743_18S_022_3	ENV_Si	1	nan	0.168199	nan	nan	nan	nan	nan	0	1	0	nan	0.000000	nan
OTU_1077_18S_022_3	ENV_Si	5	nan	0.168959	nan	nan	nan	nan	nan	5	0	0	nan	0.000000	nan
OTU_1594_18S_022_3	ENV_Si	3	nan	0.273672	nan	nan	nan	nan	nan	2	1	0	nan	0.000000	nan
ASV_622_16S_022_3	ENV_Si	4	nan	0.409527	nan	nan	nan	nan	nan	0	4	0	nan	0.000000	nan
OTU_831_18S_022_3	ENV_Si	2	nan	0.182491	nan	nan	nan	nan	nan	1	1	0	nan	0.000000	nan
OTU_9_18S_022_3	ENV_Si	1	nan	0.288074	nan	nan	nan	nan	nan	1	0	0	nan	0.000000	nan
OTU_2133_18S_022_3	ENV_Si	3	nan	0.247301	nan	nan	nan	nan	nan	0	3	0	nan	0.000000	nan
OTU_2466_18S_3_200	ENV_Si	3	nan	0.189538	nan	nan	nan	nan	nan	1	2	0	nan	0.000000	nan
OTU_1613_18S_022_3	ENV_Si	1	nan	0.269232	nan	nan	nan	nan	nan	1	0	0	nan	0.000000	nan
ASV_1049_16S_022_3	ENV_Si	2	nan	0.331171	nan	nan	nan	nan	nan	0	2	0	nan	0.000000	nan
ASV_224_16S_022_3	ENV_Si	2	nan	0.315556	nan	nan	nan	nan	nan	0	2	0	nan	0.000000	nan
OTU_390_18S_3_200	ENV_Si	3	nan	0.169421	nan	nan	nan	nan	nan	2	1	0	nan	0.000000	nan
OTU_1905_18S_022_3	ENV_Si	2	nan	0.351551	nan	nan	nan	nan	nan	0	2	0	nan	0.000000	nan
ASV_1250_16S_022_3	ENV_Si	4	nan	0.202418	nan	nan	nan	nan	nan	2	2	0	nan	0.000000	nan
OTU_2035_18S_022_3	ENV_Si	4	nan	0.351551	nan	nan	nan	nan	nan	1	3	0	nan	0.000000	nan
OTU_5407_18S_3_200	ENV_Si	5	nan	0.302179	nan	nan	nan	nan	nan	3	2	0	nan	0.000000	nan
ASV_337_16S_022_3	ENV_Si	2	nan	0.338615	nan	nan	nan	nan	nan	0	2	0	nan	0.000000	nan
OTU_260_18S_022_3	ENV_Si	2	nan	0.168199	nan	nan	nan	nan	nan	1	1	0	nan	0.000000	nan
OTU_677_18S_022_3	ENV_Si	1	nan	0.296206	nan	nan	nan	nan	nan	0	1	0	nan	0.000000	nan
OTU_3342_18S_3_200	ENV_Si	3	nan	0.230193	nan	nan	nan	nan	nan	1	2	0	nan	0.000000	nan
OTU_847_18S_022_3	ENV_Si	3	nan	0.109974	nan	nan	nan	nan	nan	3	0	0	nan	0.000000	nan
OTU_2856_18S_022_3	ENV_Si	3	nan	0.259037	nan	nan	nan	nan	nan	3	0	0	nan	0.000000	nan
ASV_1201_16S_022_3	ENV_Si	4	nan	0.338601	nan	nan	nan	nan	nan	1	3	0	nan	0.000000	nan
OTU_2626_18S_022_3	ENV_Si	1	nan	0.097024	nan	nan	nan	nan	nan	1	0	0	nan	0.000000	nan
OTU_1545_18S_022_3	ENV_Si	4	nan	0.259051	nan	nan	nan	nan	nan	0	4	0	nan	0.000000	nan
OTU_1154_18S_022_3	ENV_Si	2	nan	0.229805	nan	nan	nan	nan	nan	2	0	0	nan	0.000000	nan
ASV_290_16S_022_3	ENV_Si	2	nan	0.405897	nan	nan	nan	nan	nan	1	1	0	nan	0.000000	nan
OTU_877_18S_022_3	ENV_Si	2	nan	0.246022	nan	nan	nan	nan	nan	2	0	0	nan	0.000000	nan
ASV_1825_16S_022_3	ENV_Si	3	nan	0.257958	nan	nan	nan	nan	nan	0	3	0	nan	0.000000	nan
ASV_66_16S_3_200	ENV_Si	4	nan	0.354649	nan	nan	nan	nan	nan	2	2	0	nan	0.000000	nan
OTU_78_18S_022_3	ENV_Si	1	nan	0.288701	nan	nan	nan	nan	nan	1	0	0	nan	0.000000	nan
ASV_337_16S_3_200	ENV_Si	3	nan	0.369270	nan	nan	nan	nan	nan	2	1	0	nan	0.000000	nan
ASV_2185_16S_022_3	ENV_Si	4	nan	0.234365	nan	nan	nan	nan	nan	3	1	0	nan	0.000000	nan
OTU_1561_18S_022_3	ENV_Si	3	nan	0.168328	nan	nan	nan	nan	nan	2	1	0	nan	0.000000	nan
OTU_2576_18S_022_3	ENV_Si	2	nan	0.320350	nan	nan	nan	nan	nan	0	2	0	nan	0.000000	nan
OTU_2176_18S_022_3	ENV_Si	1	nan	0.218984	nan	nan	nan	nan	nan	0	1	0	nan	0.000000	nan
OTU_2919_18S_022_3	ENV_Si	2	nan	0.339824	nan	nan	nan	nan	nan	1	1	0	nan	0.000000	nan
ASV_26_16S_3_200	ENV_Si	1	nan	0.356246	nan	nan	nan	nan	nan	1	0	0	nan	0.000000	nan
ASV_185_16S_022_3	ENV_Si	4	nan	0.333976	nan	nan	nan	nan	nan	3	1	0	nan	0.000000	nan
OTU_2375_18S_022_3	ENV_Si	2	nan	0.313929	nan	nan	nan	nan	nan	1	1	0	nan	0.000000	nan
ASV_298_16S_022_3	ENV_Si	4	nan	0.155388	nan	nan	nan	nan	nan	2	2	0	nan	0.000000	nan
ASV_384_16S_022_3	ENV_Si	2	nan	0.249652	nan	nan	nan	nan	nan	2	0	0	nan	0.000000	nan
OTU_2750_18S_3_200	ENV_Si	7	nan	0.280839	nan	nan	nan	nan	nan	3	4	0	nan	0.000000	nan
ASV_1728_16S_022_3	ENV_Si	2	nan	0.358200	nan	nan	nan	nan	nan	0	2	0	nan	0.000000	nan
OTU_152_18S_3_200	ENV_Si	1	nan	0.231481	nan	nan	nan	nan	nan	0	1	0	nan	0.000000	nan
ASV_561_16S_022_3	ENV_Si	4	nan	0.267018	nan	nan	nan	nan	nan	1	3	0	nan	0.000000	nan
OTU_2656_18S_022_3	ENV_Si	2	nan	0.316813	nan	nan	nan	nan	nan	0	2	0	nan	0.000000	nan
ASV_918_16S_022_3	ENV_Si	3	nan	0.282187	nan	nan	nan	nan	nan	2	1	0	nan	0.000000	nan
OTU_1106_18S_3_200	ENV_Si	4	nan	0.189538	nan	nan	nan	nan	nan	4	0	0	nan	0.000000	nan
ASV_1566_16S_022_3	ENV_Si	2	nan	0.178856	nan	nan	nan	nan	nan	1	1	0	nan	0.000000	nan
ASV_85_16S_022_3	ENV_Si	1	nan	0.302109	nan	nan	nan	nan	nan	1	0	0	nan	0.000000	nan
OTU_1014_18S_022_3	ENV_Si	4	nan	0.257580	nan	nan	nan	nan	nan	2	2	0	nan	0.000000	nan
ASV_631_16S_022_3	ENV_Si	2	nan	0.207178	nan	nan	nan	nan	nan	2	0	0	nan	0.000000	nan
ASV_737_16S_022_3	ENV_Si	2	nan	0.250399	nan	nan	nan	nan	nan	0	2	0	nan	0.000000	nan
ASV_431_16S_3_200	ENV_Si	4	nan	0.335308	nan	nan	nan	nan	nan	2	2	0	nan	0.000000	nan
ASV_113_16S_3_200	ENV_Si	2	nan	0.363039	nan	nan	nan	nan	nan	0	2	0	nan	0.000000	nan
OTU_563_18S_022_3	ENV_Si	2	nan	0.168328	nan	nan	nan	nan	nan	0	2	0	nan	0.000000	nan
OTU_788_18S_022_3	ENV_Si	2	nan	0.321573	nan	nan	nan	nan	nan	1	1	0	nan	0.000000	nan
ASV_479_16S_022_3	ENV_Si	3	nan	0.464405	nan	nan	nan	nan	nan	0	3	0	nan	0.000000	nan
ASV_725_16S_022_3	ENV_Si	4	nan	0.228980	nan	nan	nan	nan	nan	3	1	0	nan	0.000000	nan
OTU_985_18S_022_3	ENV_Si	3	nan	0.202483	nan	nan	nan	nan	nan	0	3	0	nan	0.000000	nan
ASV_976_16S_022_3	ENV_Si	1	nan	0.461242	nan	nan	nan	nan	nan	0	1	0	nan	0.000000	nan
ASV_216_16S_3_200	ENV_Si	2	nan	0.310966	nan	nan	nan	nan	nan	1	1	0	nan	0.000000	nan
ASV_563_16S_022_3	ENV_Si	2	nan	0.274837	nan	nan	nan	nan	nan	1	1	0	nan	0.000000	nan
ASV_1058_16S_022_3	ENV_Si	3	nan	0.226721	nan	nan	nan	nan	nan	2	1	0	nan	0.000000	nan
OTU_384_18S_022_3	ENV_Si	4	nan	0.302655	nan	nan	nan	nan	nan	0	4	0	nan	0.000000	nan
OTU_1961_18S_022_3	ENV_Si	2	nan	0.438227	nan	nan	nan	nan	nan	0	2	0	nan	0.000000	nan
ASV_1687_16S_022_3	ENV_Si	2	nan	0.367520	nan	nan	nan	nan	nan	0	1	1	nan	0.000000	nan
OTU_419_18S_022_3	ENV_Si	3	nan	0.291118	nan	nan	nan	nan	nan	0	3	0	nan	0.000000	nan
ASV_140_16S_3_200	ENV_Si	5	nan	0.152300	nan	nan	nan	nan	nan	5	0	0	nan	0.000000	nan
ASV_392_16S_022_3	ENV_Si	2	nan	0.204417	nan	nan	nan	nan	nan	2	0	0	nan	0.000000	nan
ASV_537_16S_022_3	ENV_Si	2	nan	0.298762	nan	nan	nan	nan	nan	2	0	0	nan	0.000000	nan
OTU_1290_18S_3_200	ENV_Si	3	nan	0.159943	nan	nan	nan	nan	nan	3	0	0	nan	0.000000	nan
OTU_866_18S_022_3	ENV_Si	6	nan	0.168199	nan	nan	nan	nan	nan	3	3	0	nan	0.000000	nan
ASV_274_16S_3_200	ENV_Si	4	nan	0.359409	nan	nan	nan	nan	nan	2	2	0	nan	0.000000	nan
ASV_282_16S_022_3	ENV_Si	2	nan	0.365177	nan	nan	nan	nan	nan	1	1	0	nan	0.000000	nan
ASV_390_16S_3_200	ENV_Si	4	nan	0.218575	nan	nan	nan	nan	nan	4	0	0	nan	0.000000	nan
ASV_175_16S_022_3	ENV_Si	3	nan	0.306952	nan	nan	nan	nan	nan	1	2	0	nan	0.000000	nan
ASV_890_16S_022_3	ENV_Si	3	nan	0.390361	nan	nan	nan	nan	nan	2	1	0	nan	0.000000	nan
ASV_664_16S_022_3	ENV_Si	1	nan	0.379877	nan	nan	nan	nan	nan	1	0	0	nan	0.000000	nan
ASV_466_16S_022_3	ENV_Si	4	nan	0.249652	nan	nan	nan	nan	nan	3	1	0	nan	0.000000	nan
OTU_138_18S_3_200	ENV_Si	1	nan	0.233072	nan	nan	nan	nan	nan	0	1	0	nan	0.000000	nan
OTU_1142_18S_022_3	ENV_Si	6	nan	0.359941	nan	nan	nan	nan	nan	0	6	0	nan	0.000000	nan
OTU_345_18S_022_3	ENV_Si	4	nan	0.413372	nan	nan	nan	nan	nan	1	2	1	nan	0.000000	nan
ASV_805_16S_022_3	ENV_Si	2	nan	0.353903	nan	nan	nan	nan	nan	0	2	0	nan	0.000000	nan
ASV_1254_16S_022_3	ENV_Si	2	nan	0.303038	nan	nan	nan	nan	nan	0	2	0	nan	0.000000	nan
OTU_671_18S_022_3	ENV_Si	2	nan	0.251995	nan	nan	nan	nan	nan	1	1	0	nan	0.000000	nan
ASV_1523_16S_022_3	ENV_Si	3	nan	0.302655	nan	nan	nan	nan	nan	3	0	0	nan	0.000000	nan
OTU_2005_18S_3_200	ENV_Si	4	nan	0.116339	nan	nan	nan	nan	nan	4	0	0	nan	0.000000	nan
ASV_414_16S_022_3	ENV_Si	3	nan	0.228811	nan	nan	nan	nan	nan	3	0	0	nan	0.000000	nan
ASV_1578_16S_022_3	ENV_Si	1	nan	0.306271	nan	nan	nan	nan	nan	1	0	0	nan	0.000000	nan
OTU_2812_18S_3_200	ENV_Si	3	nan	0.248523	nan	nan	nan	nan	nan	1	2	0	nan	0.000000	nan
ASV_570_16S_022_3	ENV_Si	1	nan	0.461784	nan	nan	nan	nan	nan	0	1	0	nan	0.000000	nan
ASV_1587_16S_022_3	ENV_Si	6	nan	0.308544	nan	nan	nan	nan	nan	1	5	0	nan	0.000000	nan
ASV_1584_16S_022_3	ENV_Si	3	nan	0.452847	nan	nan	nan	nan	nan	1	2	0	nan	0.000000	nan
ASV_878_16S_022_3	ENV_Si	5	nan	0.214438	nan	nan	nan	nan	nan	5	0	0	nan	0.000000	nan
OTU_1216_18S_022_3	ENV_Si	2	nan	0.147619	nan	nan	nan	nan	nan	1	1	0	nan	0.000000	nan
ASV_1322_16S_022_3	ENV_Si	2	nan	0.169421	nan	nan	nan	nan	nan	2	0	0	nan	0.000000	nan
OTU_610_18S_3_200	ENV_Si	4	nan	0.410536	nan	nan	nan	nan	nan	1	3	0	nan	0.000000	nan
ASV_235_16S_3_200	ENV_Si	3	nan	0.318689	nan	nan	nan	nan	nan	0	3	0	nan	0.000000	nan
ASV_476_16S_022_3	ENV_Si	3	nan	0.378794	nan	nan	nan	nan	nan	3	0	0	nan	0.000000	nan
ASV_260_16S_022_3	ENV_Si	3	nan	0.357533	nan	nan	nan	nan	nan	1	2	0	nan	0.000000	nan
OTU_662_18S_022_3	ENV_Si	3	nan	0.143527	nan	nan	nan	nan	nan	2	1	0	nan	0.000000	nan
ASV_233_16S_022_3	ENV_Si	3	nan	0.313506	nan	nan	nan	nan	nan	3	0	0	nan	0.000000	nan
OTU_3811_18S_3_200	ENV_Si	3	nan	0.225961	nan	nan	nan	nan	nan	1	2	0	nan	0.000000	nan
ASV_228_16S_022_3	ENV_Si	1	nan	0.157054	nan	nan	nan	nan	nan	1	0	0	nan	0.000000	nan
ASV_812_16S_3_200	ENV_Si	1	nan	0.311428	nan	nan	nan	nan	nan	1	0	0	nan	0.000000	nan
OTU_2135_18S_022_3	ENV_Si	4	nan	0.277969	nan	nan	nan	nan	nan	1	3	0	nan	0.000000	nan
OTU_732_18S_022_3	ENV_Si	1	nan	0.189538	nan	nan	nan	nan	nan	0	1	0	nan	0.000000	nan
OTU_2867_18S_3_200	ENV_Si	3	nan	0.154787	nan	nan	nan	nan	nan	3	0	0	nan	0.000000	nan
ASV_334_16S_022_3	ENV_Si	2	nan	0.224966	nan	nan	nan	nan	nan	2	0	0	nan	0.000000	nan
OTU_2383_18S_022_3	ENV_Si	2	nan	0.314974	nan	nan	nan	nan	nan	2	0	0	nan	0.000000	nan
OTU_32_18S_3_200	ENV_Si	1	nan	0.272579	nan	nan	nan	nan	nan	0	1	0	nan	0.000000	nan
ASV_499_16S_022_3	ENV_Si	3	nan	0.260927	nan	nan	nan	nan	nan	1	2	0	nan	0.000000	nan
ASV_673_16S_022_3	ENV_Si	3	nan	0.402267	nan	nan	nan	nan	nan	1	2	0	nan	0.000000	nan
OTU_1219_18S_3_200	ENV_Si	5	nan	0.189538	nan	nan	nan	nan	nan	3	2	0	nan	0.000000	nan
OTU_4934_18S_3_200	ENV_Si	4	nan	0.330972	nan	nan	nan	nan	nan	1	3	0	nan	0.000000	nan
OTU_680_18S_3_200	ENV_Si	3	nan	0.211817	nan	nan	nan	nan	nan	2	1	0	nan	0.000000	nan
OTU_4302_18S_022_3	ENV_Si	3	nan	0.342232	nan	nan	nan	nan	nan	2	0	1	nan	0.000000	nan
ASV_449_16S_022_3	ENV_Si	3	nan	0.349810	nan	nan	nan	nan	nan	0	2	1	nan	0.000000	nan
ASV_513_16S_022_3	ENV_Si	3	nan	0.373567	nan	nan	nan	nan	nan	0	3	0	nan	0.000000	nan
OTU_430_18S_3_200	ENV_Si	5	nan	0.265602	nan	nan	nan	nan	nan	1	4	0	nan	0.000000	nan
ASV_797_16S_022_3	ENV_Si	2	nan	0.318147	nan	nan	nan	nan	nan	0	2	0	nan	0.000000	nan
OTU_267_18S_022_3	ENV_Si	2	nan	0.210808	nan	nan	nan	nan	nan	1	1	0	nan	0.000000	nan
OTU_1123_18S_3_200	ENV_Si	4	nan	0.243138	nan	nan	nan	nan	nan	0	4	0	nan	0.000000	nan
OTU_1940_18S_022_3	ENV_Si	2	nan	0.373482	nan	nan	nan	nan	nan	1	0	1	nan	0.000000	nan
OTU_1828_18S_022_3	ENV_Si	1	nan	0.381126	nan	nan	nan	nan	nan	0	0	1	nan	0.000000	nan
OTU_1798_18S_3_200	ENV_Si	3	nan	0.152961	nan	nan	nan	nan	nan	3	0	0	nan	0.000000	nan
OTU_1263_18S_022_3	ENV_Si	4	nan	0.239508	nan	nan	nan	nan	nan	2	2	0	nan	0.000000	nan
ASV_847_16S_022_3	ENV_Si	3	nan	0.180154	nan	nan	nan	nan	nan	2	1	0	nan	0.000000	nan
OTU_1893_18S_022_3	ENV_Si	3	nan	0.216100	nan	nan	nan	nan	nan	2	1	0	nan	0.000000	nan
ASV_379_16S_3_200	ENV_Si	2	nan	0.343375	nan	nan	nan	nan	nan	1	1	0	nan	0.000000	nan
ASV_434_16S_022_3	ENV_Si	2	nan	0.298021	nan	nan	nan	nan	nan	0	2	0	nan	0.000000	nan
ASV_472_16S_022_3	ENV_Si	3	nan	0.381678	nan	nan	nan	nan	nan	1	2	0	nan	0.000000	nan
OTU_362_18S_3_200	ENV_Si	4	nan	0.168328	nan	nan	nan	nan	nan	1	3	0	nan	0.000000	nan
ASV_933_16S_022_3	ENV_Si	3	nan	0.279760	nan	nan	nan	nan	nan	2	1	0	nan	0.000000	nan
ASV_542_16S_3_200	ENV_Si	1	nan	0.182491	nan	nan	nan	nan	nan	1	0	0	nan	0.000000	nan
OTU_754_18S_022_3	ENV_Si	3	nan	0.300900	nan	nan	nan	nan	nan	1	2	0	nan	0.000000	nan
ASV_413_16S_3_200	ENV_Si	1	nan	0.328008	nan	nan	nan	nan	nan	1	0	0	nan	0.000000	nan
ASV_886_16S_022_3	ENV_Si	3	nan	0.276293	nan	nan	nan	nan	nan	3	0	0	nan	0.000000	nan
OTU_1702_18S_3_200	ENV_Si	2	nan	0.222614	nan	nan	nan	nan	nan	2	0	0	nan	0.000000	nan
OTU_363_18S_3_200	ENV_Si	3	nan	0.229805	nan	nan	nan	nan	nan	2	1	0	nan	0.000000	nan
ASV_152_16S_022_3	ENV_Si	1	nan	0.334444	nan	nan	nan	nan	nan	0	1	0	nan	0.000000	nan
OTU_2456_18S_3_200	ENV_Si	3	nan	0.128892	nan	nan	nan	nan	nan	3	0	0	nan	0.000000	nan
OTU_292_18S_3_200	ENV_Si	3	nan	0.176589	nan	nan	nan	nan	nan	2	1	0	nan	0.000000	nan
ASV_112_16S_022_3	ENV_Si	2	nan	0.280839	nan	nan	nan	nan	nan	2	0	0	nan	0.000000	nan
OTU_1086_18S_022_3	ENV_Si	2	nan	0.175310	nan	nan	nan	nan	nan	1	1	0	nan	0.000000	nan
ASV_1415_16S_022_3	ENV_Si	1	nan	0.189538	nan	nan	nan	nan	nan	1	0	0	nan	0.000000	nan
OTU_613_18S_022_3	ENV_Si	3	nan	0.263269	nan	nan	nan	nan	nan	2	1	0	nan	0.000000	nan
ASV_2023_16S_022_3	ENV_Si	3	nan	0.207839	nan	nan	nan	nan	nan	0	3	0	nan	0.000000	nan
OTU_1836_18S_3_200	ENV_Si	1	nan	0.191223	nan	nan	nan	nan	nan	1	0	0	nan	0.000000	nan
OTU_2160_18S_022_3	ENV_Si	2	nan	0.132368	nan	nan	nan	nan	nan	2	0	0	nan	0.000000	nan
OTU_3213_18S_022_3	ENV_Si	4	nan	0.216100	nan	nan	nan	nan	nan	2	2	0	nan	0.000000	nan
OTU_245_18S_3_200	ENV_Si	2	nan	0.304531	nan	nan	nan	nan	nan	0	2	0	nan	0.000000	nan
OTU_313_18S_022_3	ENV_Si	1	nan	0.318147	nan	nan	nan	nan	nan	1	0	0	nan	0.000000	nan
ASV_1643_16S_022_3	ENV_Si	2	nan	0.214190	nan	nan	nan	nan	nan	2	0	0	nan	0.000000	nan
OTU_4003_18S_022_3	ENV_Si	1	nan	0.168199	nan	nan	nan	nan	nan	1	0	0	nan	0.000000	nan
ASV_1716_16S_022_3	ENV_Si	3	nan	0.179487	nan	nan	nan	nan	nan	1	2	0	nan	0.000000	nan
OTU_1762_18S_022_3	ENV_Si	2	nan	0.208456	nan	nan	nan	nan	nan	1	1	0	nan	0.000000	nan
OTU_456_18S_3_200	ENV_Si	3	nan	0.136470	nan	nan	nan	nan	nan	3	0	0	nan	0.000000	nan
ASV_1693_16S_022_3	ENV_Si	2	nan	0.405812	nan	nan	nan	nan	nan	1	1	0	nan	0.000000	nan
OTU_469_18S_022_3	ENV_Si	2	nan	0.286111	nan	nan	nan	nan	nan	1	1	0	nan	0.000000	nan
OTU_904_18S_3_200	ENV_Si	2	nan	0.150629	nan	nan	nan	nan	nan	2	0	0	nan	0.000000	nan
OTU_1148_18S_3_200	ENV_Si	5	nan	0.227309	nan	nan	nan	nan	nan	2	3	0	nan	0.000000	nan
OTU_2420_18S_022_3	ENV_Si	2	nan	0.266218	nan	nan	nan	nan	nan	0	2	0	nan	0.000000	nan
ASV_486_16S_022_3	ENV_Si	2	nan	0.237201	nan	nan	nan	nan	nan	1	1	0	nan	0.000000	nan
ASV_96_16S_3_200	ENV_Si	4	nan	0.220207	nan	nan	nan	nan	nan	2	2	0	nan	0.000000	nan
OTU_1332_18S_3_200	ENV_Si	4	nan	0.227184	nan	nan	nan	nan	nan	0	4	0	nan	0.000000	nan
ASV_1380_16S_022_3	ENV_Si	4	nan	0.300731	nan	nan	nan	nan	nan	0	4	0	nan	0.000000	nan
ASV_1258_16S_022_3	ENV_Si	5	nan	0.166537	nan	nan	nan	nan	nan	5	0	0	nan	0.000000	nan
ASV_1676_16S_022_3	ENV_Si	3	nan	0.236156	nan	nan	nan	nan	nan	1	2	0	nan	0.000000	nan
OTU_3350_18S_022_3	ENV_Si	2	nan	0.306321	nan	nan	nan	nan	nan	2	0	0	nan	0.000000	nan
ASV_173_16S_022_3	ENV_Si	1	nan	0.472516	nan	nan	nan	nan	nan	0	1	0	nan	0.000000	nan
OTU_40_18S_3_200	ENV_Si	2	nan	0.170997	nan	nan	nan	nan	nan	2	0	0	nan	0.000000	nan
OTU_3424_18S_022_3	ENV_Si	3	nan	0.351551	nan	nan	nan	nan	nan	1	2	0	nan	0.000000	nan
OTU_105_18S_022_3	ENV_Si	3	nan	0.271454	nan	nan	nan	nan	nan	0	3	0	nan	0.000000	nan
ASV_1203_16S_022_3	ENV_Si	4	nan	0.268486	nan	nan	nan	nan	nan	1	3	0	nan	0.000000	nan
OTU_403_18S_3_200	ENV_Si	3	nan	0.224299	nan	nan	nan	nan	nan	0	3	0	nan	0.000000	nan
ASV_2653_16S_022_3	ENV_Si	4	nan	0.189538	nan	nan	nan	nan	nan	1	3	0	nan	0.000000	nan
ASV_321_16S_022_3	ENV_Si	4	nan	0.285190	nan	nan	nan	nan	nan	2	2	0	nan	0.000000	nan
ASV_815_16S_022_3	ENV_Si	3	nan	0.163405	nan	nan	nan	nan	nan	3	0	0	nan	0.000000	nan
OTU_729_18S_022_3	ENV_Si	4	nan	0.227850	nan	nan	nan	nan	nan	3	1	0	nan	0.000000	nan
OTU_1844_18S_3_200	ENV_Si	6	nan	0.263811	nan	nan	nan	nan	nan	1	5	0	nan	0.000000	nan
ASV_817_16S_022_3	ENV_Si	1	nan	0.242676	nan	nan	nan	nan	nan	1	0	0	nan	0.000000	nan
ASV_1143_16S_022_3	ENV_Si	2	nan	0.246101	nan	nan	nan	nan	nan	1	1	0	nan	0.000000	nan
ASV_321_16S_3_200	ENV_Si	3	nan	0.225927	nan	nan	nan	nan	nan	3	0	0	nan	0.000000	nan
ASV_408_16S_022_3	ENV_Si	2	nan	0.272415	nan	nan	nan	nan	nan	2	0	0	nan	0.000000	nan
ASV_1407_16S_022_3	ENV_Si	4	nan	0.246684	nan	nan	nan	nan	nan	2	2	0	nan	0.000000	nan
OTU_624_18S_022_3	ENV_Si	3	nan	0.152961	nan	nan	nan	nan	nan	3	0	0	nan	0.000000	nan
ASV_1344_16S_022_3	ENV_Si	2	nan	0.348597	nan	nan	nan	nan	nan	0	2	0	nan	0.000000	nan
ASV_800_16S_022_3	ENV_Si	3	nan	0.208391	nan	nan	nan	nan	nan	3	0	0	nan	0.000000	nan
OTU_1959_18S_022_3	ENV_Si	3	nan	0.109974	nan	nan	nan	nan	nan	3	0	0	nan	0.000000	nan
ASV_888_16S_3_200	ENV_Si	4	nan	0.289626	nan	nan	nan	nan	nan	1	3	0	nan	0.000000	nan
OTU_965_18S_3_200	ENV_Si	3	nan	0.283853	nan	nan	nan	nan	nan	0	3	0	nan	0.000000	nan
ASV_402_16S_022_3	ENV_Si	2	nan	0.444741	nan	nan	nan	nan	nan	0	1	1	nan	0.000000	nan
OTU_712_18S_022_3	ENV_Si	2	nan	0.424601	nan	nan	nan	nan	nan	0	2	0	nan	0.000000	nan
ASV_473_16S_3_200	ENV_Si	3	nan	0.435174	nan	nan	nan	nan	nan	0	3	0	nan	0.000000	nan
ASV_699_16S_022_3	ENV_Si	2	nan	0.333892	nan	nan	nan	nan	nan	0	2	0	nan	0.000000	nan
ASV_1747_16S_022_3	ENV_Si	2	nan	0.150694	nan	nan	nan	nan	nan	1	1	0	nan	0.000000	nan
OTU_1649_18S_3_200	ENV_Si	3	nan	0.189538	nan	nan	nan	nan	nan	1	2	0	nan	0.000000	nan
ASV_1420_16S_022_3	ENV_Si	1	nan	0.158272	nan	nan	nan	nan	nan	1	0	0	nan	0.000000	nan
OTU_984_18S_022_3	ENV_Si	1	nan	0.211817	nan	nan	nan	nan	nan	1	0	0	nan	0.000000	nan
ASV_237_16S_3_200	ENV_Si	2	nan	0.323916	nan	nan	nan	nan	nan	1	1	0	nan	0.000000	nan
ASV_307_16S_3_200	ENV_Si	4	nan	0.244893	nan	nan	nan	nan	nan	2	2	0	nan	0.000000	nan
ASV_1480_16S_3_200	ENV_Si	3	nan	0.215184	nan	nan	nan	nan	nan	2	1	0	nan	0.000000	nan
ASV_584_16S_022_3	ENV_Si	1	nan	0.168199	nan	nan	nan	nan	nan	1	0	0	nan	0.000000	nan
ASV_468_16S_022_3	ENV_Si	2	nan	0.427614	nan	nan	nan	nan	nan	1	1	0	nan	0.000000	nan
OTU_1263_18S_3_200	ENV_Si	3	nan	0.214816	nan	nan	nan	nan	nan	0	3	0	nan	0.000000	nan
OTU_2858_18S_022_3	ENV_Si	3	nan	0.302179	nan	nan	nan	nan	nan	0	3	0	nan	0.000000	nan
OTU_2181_18S_3_200	ENV_Si	3	nan	0.387725	nan	nan	nan	nan	nan	0	3	0	nan	0.000000	nan
ASV_1212_16S_022_3	ENV_Si	3	nan	0.169547	nan	nan	nan	nan	nan	3	0	0	nan	0.000000	nan
ASV_1508_16S_022_3	ENV_Si	3	nan	0.259051	nan	nan	nan	nan	nan	0	3	0	nan	0.000000	nan
ASV_1820_16S_022_3	ENV_Si	3	nan	0.324457	nan	nan	nan	nan	nan	1	2	0	nan	0.000000	nan
ASV_1521_16S_022_3	ENV_Si	2	nan	0.189538	nan	nan	nan	nan	nan	0	2	0	nan	0.000000	nan
ASV_777_16S_3_200	ENV_Si	4	nan	0.202497	nan	nan	nan	nan	nan	4	0	0	nan	0.000000	nan
ASV_2134_16S_3_200	ENV_Si	3	nan	0.280839	nan	nan	nan	nan	nan	1	2	0	nan	0.000000	nan
ASV_723_16S_3_200	ENV_Si	6	nan	0.297554	nan	nan	nan	nan	nan	3	3	0	nan	0.000000	nan
OTU_906_18S_022_3	ENV_Si	1	nan	0.264771	nan	nan	nan	nan	nan	1	0	0	nan	0.000000	nan
ASV_40_16S_3_200	ENV_Si	1	nan	0.320643	nan	nan	nan	nan	nan	1	0	0	nan	0.000000	nan
ASV_650_16S_3_200	ENV_Si	2	nan	0.308539	nan	nan	nan	nan	nan	0	2	0	nan	0.000000	nan
OTU_3300_18S_022_3	ENV_Si	3	nan	0.189538	nan	nan	nan	nan	nan	3	0	0	nan	0.000000	nan
ASV_51_16S_022_3	ENV_Si	3	nan	0.440649	nan	nan	nan	nan	nan	0	0	3	nan	0.000000	nan
OTU_1247_18S_022_3	ENV_Si	4	nan	0.280307	nan	nan	nan	nan	nan	3	1	0	nan	0.000000	nan
OTU_77_18S_022_3	ENV_Si	2	nan	0.189915	nan	nan	nan	nan	nan	2	0	0	nan	0.000000	nan
OTU_10_18S_3_200	ENV_Si	5	nan	0.319356	nan	nan	nan	nan	nan	1	4	0	nan	0.000000	nan
OTU_480_18S_3_200	ENV_Si	2	nan	0.195735	nan	nan	nan	nan	nan	0	2	0	nan	0.000000	nan
ASV_377_16S_3_200	ENV_Si	2	nan	0.260678	nan	nan	nan	nan	nan	1	1	0	nan	0.000000	nan
OTU_498_18S_022_3	ENV_Si	2	nan	0.165995	nan	nan	nan	nan	nan	2	0	0	nan	0.000000	nan
ASV_139_16S_022_3	ENV_Si	3	nan	0.246022	nan	nan	nan	nan	nan	1	2	0	nan	0.000000	nan
OTU_3877_18S_3_200	ENV_Si	2	nan	0.236826	nan	nan	nan	nan	nan	1	1	0	nan	0.000000	nan
ASV_760_16S_3_200	ENV_Si	2	nan	0.283853	nan	nan	nan	nan	nan	1	1	0	nan	0.000000	nan
OTU_5773_18S_022_3	ENV_Si	3	nan	0.282062	nan	nan	nan	nan	nan	3	0	0	nan	0.000000	nan
ASV_17_16S_022_3	ENV_Si	3	nan	0.328073	nan	nan	nan	nan	nan	0	0	3	nan	0.000000	nan
OTU_1353_18S_022_3	ENV_Si	3	nan	0.155468	nan	nan	nan	nan	nan	3	0	0	nan	0.000000	nan
ASV_823_16S_022_3	ENV_Si	4	nan	0.259051	nan	nan	nan	nan	nan	2	2	0	nan	0.000000	nan
ASV_491_16S_022_3	ENV_Si	2	nan	0.527936	nan	nan	nan	nan	nan	0	2	0	nan	0.000000	nan
ASV_1576_16S_022_3	ENV_Si	2	nan	0.304446	nan	nan	nan	nan	nan	1	1	0	nan	0.000000	nan
OTU_4_18S_022_3	ENV_Si	4	nan	0.354226	nan	nan	nan	nan	nan	3	1	0	nan	0.000000	nan
ASV_1067_16S_3_200	ENV_Si	4	nan	0.244893	nan	nan	nan	nan	nan	2	2	0	nan	0.000000	nan
OTU_1940_18S_3_200	ENV_Si	4	nan	0.188339	nan	nan	nan	nan	nan	3	1	0	nan	0.000000	nan
ASV_1986_16S_022_3	ENV_Si	2	nan	0.229641	nan	nan	nan	nan	nan	1	1	0	nan	0.000000	nan
OTU_29_18S_3_200	ENV_Si	3	nan	0.229726	nan	nan	nan	nan	nan	3	0	0	nan	0.000000	nan
OTU_1532_18S_3_200	ENV_Si	2	nan	0.139420	nan	nan	nan	nan	nan	2	0	0	nan	0.000000	nan
OTU_3422_18S_3_200	ENV_Si	4	nan	0.260260	nan	nan	nan	nan	nan	4	0	0	nan	0.000000	nan
OTU_71_18S_3_200	ENV_Si	3	nan	0.282729	nan	nan	nan	nan	nan	2	1	0	nan	0.000000	nan
OTU_850_18S_022_3	ENV_Si	4	nan	0.228980	nan	nan	nan	nan	nan	2	2	0	nan	0.000000	nan
OTU_330_18S_022_3	ENV_Si	2	nan	0.234351	nan	nan	nan	nan	nan	0	2	0	nan	0.000000	nan
OTU_1611_18S_3_200	ENV_Si	3	nan	0.225961	nan	nan	nan	nan	nan	0	3	0	nan	0.000000	nan
OTU_2633_18S_022_3	ENV_Si	5	nan	0.222614	nan	nan	nan	nan	nan	3	2	0	nan	0.000000	nan
OTU_1027_18S_3_200	ENV_Si	3	nan	0.267824	nan	nan	nan	nan	nan	0	3	0	nan	0.000000	nan
OTU_2509_18S_022_3	ENV_Si	5	nan	0.234351	nan	nan	nan	nan	nan	1	4	0	nan	0.000000	nan
ASV_250_16S_022_3	ENV_Si	1	nan	0.281520	nan	nan	nan	nan	nan	0	1	0	nan	0.000000	nan
ASV_2156_16S_3_200	ENV_Si	5	nan	0.225961	nan	nan	nan	nan	nan	1	4	0	nan	0.000000	nan
OTU_534_18S_022_3	ENV_Si	3	nan	0.183705	nan	nan	nan	nan	nan	3	0	0	nan	0.000000	nan
OTU_2095_18S_3_200	ENV_Si	3	nan	0.176589	nan	nan	nan	nan	nan	2	1	0	nan	0.000000	nan
ASV_1029_16S_022_3	ENV_Si	4	nan	0.253283	nan	nan	nan	nan	nan	2	2	0	nan	0.000000	nan
OTU_38_18S_3_200	ENV_Si	5	nan	0.322533	nan	nan	nan	nan	nan	0	5	0	nan	0.000000	nan
OTU_332_18S_022_3	ENV_Si	1	nan	0.438058	nan	nan	nan	nan	nan	0	1	0	nan	0.000000	nan
ASV_105_16S_022_3	ENV_Si	2	nan	0.146615	nan	nan	nan	nan	nan	2	0	0	nan	0.000000	nan
OTU_2722_18S_022_3	ENV_Si	3	nan	0.250777	nan	nan	nan	nan	nan	2	1	0	nan	0.000000	nan
ASV_1426_16S_022_3	ENV_Si	3	nan	0.331678	nan	nan	nan	nan	nan	1	2	0	nan	0.000000	nan
ASV_905_16S_3_200	ENV_Si	5	nan	0.188339	nan	nan	nan	nan	nan	4	1	0	nan	0.000000	nan
ASV_550_16S_022_3	ENV_Si	3	nan	0.253666	nan	nan	nan	nan	nan	2	1	0	nan	0.000000	nan
OTU_2259_18S_3_200	ENV_Si	4	nan	0.293719	nan	nan	nan	nan	nan	0	4	0	nan	0.000000	nan
OTU_751_18S_022_3	ENV_Si	2	nan	0.403092	nan	nan	nan	nan	nan	0	1	1	nan	0.000000	nan
OTU_5446_18S_022_3	ENV_Si	4	nan	0.194298	nan	nan	nan	nan	nan	2	2	0	nan	0.000000	nan
OTU_811_18S_022_3	ENV_Si	2	nan	0.231864	nan	nan	nan	nan	nan	2	0	0	nan	0.000000	nan
ASV_57_16S_022_3	ENV_Si	3	nan	0.344509	nan	nan	nan	nan	nan	1	2	0	nan	0.000000	nan
OTU_195_18S_022_3	ENV_Si	2	nan	0.438973	nan	nan	nan	nan	nan	0	2	0	nan	0.000000	nan
OTU_1149_18S_022_3	ENV_Si	3	nan	0.324840	nan	nan	nan	nan	nan	0	3	0	nan	0.000000	nan
OTU_18_18S_022_3	ENV_Si	2	nan	0.187256	nan	nan	nan	nan	nan	2	0	0	nan	0.000000	nan
ASV_255_16S_3_200	ENV_Si	2	nan	0.177563	nan	nan	nan	nan	nan	1	1	0	nan	0.000000	nan
OTU_89_18S_3_200	ENV_Si	2	nan	0.463490	nan	nan	nan	nan	nan	0	1	1	nan	0.000000	nan
ASV_1675_16S_3_200	ENV_Si	3	nan	0.325124	nan	nan	nan	nan	nan	1	2	0	nan	0.000000	nan
ASV_144_16S_022_3	ENV_Si	2	nan	0.226842	nan	nan	nan	nan	nan	2	0	0	nan	0.000000	nan
ASV_229_16S_022_3	ENV_Si	3	nan	0.312637	nan	nan	nan	nan	nan	3	0	0	nan	0.000000	nan
OTU_506_18S_3_200	ENV_Si	3	nan	0.157054	nan	nan	nan	nan	nan	3	0	0	nan	0.000000	nan
ASV_985_16S_022_3	ENV_Si	2	nan	0.403480	nan	nan	nan	nan	nan	0	2	0	nan	0.000000	nan
OTU_1575_18S_022_3	ENV_Si	4	nan	0.077490	nan	nan	nan	nan	nan	4	0	0	nan	0.000000	nan
ASV_1227_16S_022_3	ENV_Si	3	nan	0.163574	nan	nan	nan	nan	nan	1	2	0	nan	0.000000	nan
OTU_763_18S_022_3	ENV_Si	4	nan	0.382603	nan	nan	nan	nan	nan	0	4	0	nan	0.000000	nan
ASV_414_16S_3_200	ENV_Si	3	nan	0.299771	nan	nan	nan	nan	nan	2	1	0	nan	0.000000	nan
ASV_406_16S_022_3	ENV_Si	4	nan	0.267362	nan	nan	nan	nan	nan	1	3	0	nan	0.000000	nan
OTU_11_18S_3_200	ENV_Si	4	nan	0.332424	nan	nan	nan	nan	nan	0	3	1	nan	0.000000	nan
ASV_669_16S_3_200	ENV_Si	1	nan	0.156676	nan	nan	nan	nan	nan	1	0	0	nan	0.000000	nan
ASV_1059_16S_022_3	ENV_Si	5	nan	0.280839	nan	nan	nan	nan	nan	1	4	0	nan	0.000000	nan
ASV_714_16S_022_3	ENV_Si	2	nan	0.293719	nan	nan	nan	nan	nan	0	2	0	nan	0.000000	nan
ASV_206_16S_022_3	ENV_Si	2	nan	0.259176	nan	nan	nan	nan	nan	2	0	0	nan	0.000000	nan
OTU_1345_18S_3_200	ENV_Si	6	nan	0.292127	nan	nan	nan	nan	nan	1	5	0	nan	0.000000	nan
OTU_467_18S_022_3	ENV_Si	1	nan	0.227184	nan	nan	nan	nan	nan	0	1	0	nan	0.000000	nan
OTU_240_18S_3_200	ENV_Si	2	nan	0.308539	nan	nan	nan	nan	nan	1	1	0	nan	0.000000	nan
OTU_413_18S_3_200	ENV_Si	3	nan	0.214652	nan	nan	nan	nan	nan	2	1	0	nan	0.000000	nan
OTU_985_18S_3_200	ENV_Si	3	nan	0.224299	nan	nan	nan	nan	nan	1	2	0	nan	0.000000	nan
ASV_1705_16S_022_3	ENV_Si	3	nan	0.198405	nan	nan	nan	nan	nan	1	2	0	nan	0.000000	nan
OTU_188_18S_022_3	ENV_Si	1	nan	0.351019	nan	nan	nan	nan	nan	1	0	0	nan	0.000000	nan
OTU_105_18S_3_200	ENV_Si	2	nan	0.304531	nan	nan	nan	nan	nan	1	1	0	nan	0.000000	nan
OTU_2562_18S_022_3	ENV_Si	1	nan	0.234351	nan	nan	nan	nan	nan	0	1	0	nan	0.000000	nan
ASV_842_16S_022_3	ENV_Si	2	nan	0.316765	nan	nan	nan	nan	nan	0	2	0	nan	0.000000	nan
OTU_233_18S_022_3	ENV_Si	2	nan	0.319649	nan	nan	nan	nan	nan	0	2	0	nan	0.000000	nan
OTU_1246_18S_022_3	ENV_Si	3	nan	0.176589	nan	nan	nan	nan	nan	1	2	0	nan	0.000000	nan
OTU_537_18S_022_3	ENV_Si	3	nan	0.297270	nan	nan	nan	nan	nan	1	2	0	nan	0.000000	nan
OTU_1058_18S_022_3	ENV_Si	1	nan	0.304993	nan	nan	nan	nan	nan	0	1	0	nan	0.000000	nan
OTU_496_18S_022_3	ENV_Si	2	nan	0.244470	nan	nan	nan	nan	nan	2	0	0	nan	0.000000	nan
ASV_507_16S_022_3	ENV_Si	2	nan	0.220207	nan	nan	nan	nan	nan	1	1	0	nan	0.000000	nan
OTU_506_18S_022_3	ENV_Si	1	nan	0.257958	nan	nan	nan	nan	nan	0	1	0	nan	0.000000	nan
OTU_787_18S_022_3	ENV_Si	4	nan	0.237449	nan	nan	nan	nan	nan	3	1	0	nan	0.000000	nan
OTU_2418_18S_3_200	ENV_Si	7	nan	0.205382	nan	nan	nan	nan	nan	2	5	0	nan	0.000000	nan
OTU_1309_18S_3_200	ENV_Si	3	nan	0.425277	nan	nan	nan	nan	nan	0	0	3	nan	0.000000	nan
ASV_503_16S_022_3	ENV_Si	7	nan	0.333976	nan	nan	nan	nan	nan	2	5	0	nan	0.000000	nan
ASV_781_16S_022_3	ENV_Si	2	nan	0.161222	nan	nan	nan	nan	nan	2	0	0	nan	0.000000	nan
ASV_582_16S_022_3	ENV_Si	4	nan	0.252860	nan	nan	nan	nan	nan	3	1	0	nan	0.000000	nan
ASV_738_16S_022_3	ENV_Si	2	nan	0.200280	nan	nan	nan	nan	nan	2	0	0	nan	0.000000	nan
OTU_1682_18S_022_3	ENV_Si	2	nan	0.131776	nan	nan	nan	nan	nan	2	0	0	nan	0.000000	nan
OTU_119_18S_3_200	ENV_Si	2	nan	0.210639	nan	nan	nan	nan	nan	1	1	0	nan	0.000000	nan
OTU_2041_18S_3_200	ENV_Si	2	nan	0.166537	nan	nan	nan	nan	nan	2	0	0	nan	0.000000	nan
ASV_862_16S_022_3	ENV_Si	5	nan	0.285613	nan	nan	nan	nan	nan	4	1	0	nan	0.000000	nan
OTU_242_18S_3_200	ENV_Si	3	nan	0.238876	nan	nan	nan	nan	nan	2	1	0	nan	0.000000	nan
OTU_1898_18S_3_200	ENV_Si	8	nan	0.189538	nan	nan	nan	nan	nan	2	6	0	nan	0.000000	nan
OTU_749_18S_022_3	ENV_Si	2	nan	0.389196	nan	nan	nan	nan	nan	0	2	0	nan	0.000000	nan
OTU_393_18S_3_200	ENV_Si	4	nan	0.203164	nan	nan	nan	nan	nan	2	2	0	nan	0.000000	nan
OTU_286_18S_3_200	ENV_Si	3	nan	0.263811	nan	nan	nan	nan	nan	3	0	0	nan	0.000000	nan
ASV_784_16S_3_200	ENV_Si	4	nan	0.389863	nan	nan	nan	nan	nan	0	3	1	nan	0.000000	nan
ASV_1581_16S_022_3	ENV_Si	4	nan	0.132368	nan	nan	nan	nan	nan	4	0	0	nan	0.000000	nan
OTU_842_18S_3_200	ENV_Si	2	nan	0.303864	nan	nan	nan	nan	nan	1	1	0	nan	0.000000	nan
OTU_234_18S_022_3	ENV_Si	4	nan	0.273453	nan	nan	nan	nan	nan	2	2	0	nan	0.000000	nan
OTU_476_18S_3_200	ENV_Si	3	nan	0.205507	nan	nan	nan	nan	nan	1	2	0	nan	0.000000	nan
ASV_364_16S_3_200	ENV_Si	2	nan	0.187246	nan	nan	nan	nan	nan	2	0	0	nan	0.000000	nan
OTU_942_18S_022_3	ENV_Si	2	nan	0.308549	nan	nan	nan	nan	nan	2	0	0	nan	0.000000	nan
ASV_1244_16S_022_3	ENV_Si	3	nan	0.204826	nan	nan	nan	nan	nan	2	1	0	nan	0.000000	nan
OTU_1213_18S_022_3	ENV_Si	3	nan	0.397030	nan	nan	nan	nan	nan	0	3	0	nan	0.000000	nan
OTU_2736_18S_022_3	ENV_Si	3	nan	0.220207	nan	nan	nan	nan	nan	0	3	0	nan	0.000000	nan
ASV_226_16S_022_3	ENV_Si	3	nan	0.336776	nan	nan	nan	nan	nan	1	1	1	nan	0.000000	nan
ASV_1442_16S_022_3	ENV_Si	2	nan	0.207009	nan	nan	nan	nan	nan	2	0	0	nan	0.000000	nan
OTU_902_18S_022_3	ENV_Si	3	nan	0.285613	nan	nan	nan	nan	nan	1	2	0	nan	0.000000	nan
OTU_2884_18S_3_200	ENV_Si	3	nan	0.289626	nan	nan	nan	nan	nan	3	0	0	nan	0.000000	nan
OTU_151_18S_3_200	ENV_Si	2	nan	0.378912	nan	nan	nan	nan	nan	0	2	0	nan	0.000000	nan
OTU_889_18S_022_3	ENV_Si	4	nan	0.140642	nan	nan	nan	nan	nan	4	0	0	nan	0.000000	nan
OTU_98_18S_022_3	ENV_Si	1	nan	0.147619	nan	nan	nan	nan	nan	1	0	0	nan	0.000000	nan
OTU_2322_18S_3_200	ENV_Si	3	nan	0.214816	nan	nan	nan	nan	nan	2	1	0	nan	0.000000	nan
ASV_1044_16S_022_3	ENV_Si	3	nan	0.208391	nan	nan	nan	nan	nan	3	0	0	nan	0.000000	nan
OTU_125_18S_3_200	ENV_Si	1	nan	0.180447	nan	nan	nan	nan	nan	1	0	0	nan	0.000000	nan
OTU_917_18S_022_3	ENV_Si	3	nan	0.214816	nan	nan	nan	nan	nan	3	0	0	nan	0.000000	nan
OTU_236_18S_3_200	ENV_Si	4	nan	0.171217	nan	nan	nan	nan	nan	2	2	0	nan	0.000000	nan
ASV_249_16S_022_3	ENV_Si	3	nan	0.439559	nan	nan	nan	nan	nan	1	1	1	nan	0.000000	nan
OTU_1153_18S_022_3	ENV_Si	4	nan	0.372736	nan	nan	nan	nan	nan	1	3	0	nan	0.000000	nan
ASV_1115_16S_022_3	ENV_Si	4	nan	0.260260	nan	nan	nan	nan	nan	1	3	0	nan	0.000000	nan
OTU_817_18S_022_3	ENV_Si	3	nan	0.236618	nan	nan	nan	nan	nan	1	2	0	nan	0.000000	nan
OTU_1346_18S_022_3	ENV_Si	2	nan	0.388103	nan	nan	nan	nan	nan	0	2	0	nan	0.000000	nan
ASV_61_16S_022_3	ENV_Si	6	nan	0.188922	nan	nan	nan	nan	nan	4	2	0	nan	0.000000	nan
ASV_2281_16S_3_200	ENV_Si	3	nan	0.324457	nan	nan	nan	nan	nan	0	3	0	nan	0.000000	nan
OTU_1191_18S_022_3	ENV_Si	3	nan	0.280839	nan	nan	nan	nan	nan	2	1	0	nan	0.000000	nan
OTU_320_18S_022_3	ENV_Si	4	nan	0.337607	nan	nan	nan	nan	nan	1	3	0	nan	0.000000	nan
OTU_1511_18S_3_200	ENV_Si	5	nan	0.167736	nan	nan	nan	nan	nan	3	2	0	nan	0.000000	nan
ASV_377_16S_022_3	ENV_Si	1	nan	0.189752	nan	nan	nan	nan	nan	1	0	0	nan	0.000000	nan
ASV_448_16S_3_200	ENV_Si	4	nan	0.374153	nan	nan	nan	nan	nan	0	4	0	nan	0.000000	nan
OTU_373_18S_3_200	ENV_Si	4	nan	0.313506	nan	nan	nan	nan	nan	0	4	0	nan	0.000000	nan
ASV_833_16S_022_3	ENV_Si	4	nan	0.165066	nan	nan	nan	nan	nan	4	0	0	nan	0.000000	nan
OTU_1899_18S_022_3	ENV_Si	1	nan	0.272579	nan	nan	nan	nan	nan	1	0	0	nan	0.000000	nan
ASV_469_16S_022_3	ENV_Si	2	nan	0.351765	nan	nan	nan	nan	nan	1	1	0	nan	0.000000	nan
ASV_1482_16S_022_3	ENV_Si	2	nan	0.362208	nan	nan	nan	nan	nan	1	1	0	nan	0.000000	nan
ASV_75_16S_022_3	ENV_Si	3	nan	0.263811	nan	nan	nan	nan	nan	1	2	0	nan	0.000000	nan
OTU_1460_18S_022_3	ENV_Si	1	nan	0.378113	nan	nan	nan	nan	nan	0	1	0	nan	0.000000	nan
OTU_2037_18S_022_3	ENV_Si	1	nan	0.330341	nan	nan	nan	nan	nan	1	0	0	nan	0.000000	nan
OTU_1290_18S_022_3	ENV_Si	4	nan	0.330341	nan	nan	nan	nan	nan	1	3	0	nan	0.000000	nan
ASV_9_16S_022_3	ENV_Si	4	nan	0.200280	nan	nan	nan	nan	nan	4	0	0	nan	0.000000	nan
OTU_325_18S_3_200	ENV_Si	4	nan	0.305277	nan	nan	nan	nan	nan	0	4	0	nan	0.000000	nan
OTU_251_18S_022_3	ENV_Si	1	nan	0.369474	nan	nan	nan	nan	nan	1	0	0	nan	0.000000	nan
OTU_197_18S_3_200	ENV_Si	5	nan	0.159943	nan	nan	nan	nan	nan	4	1	0	nan	0.000000	nan
ASV_1949_16S_022_3	ENV_Si	1	nan	0.130577	nan	nan	nan	nan	nan	1	0	0	nan	0.000000	nan
OTU_34_18S_3_200	ENV_Si	2	nan	0.151170	nan	nan	nan	nan	nan	2	0	0	nan	0.000000	nan
ASV_782_16S_022_3	ENV_Si	5	nan	0.444074	nan	nan	nan	nan	nan	1	4	0	nan	0.000000	nan
ASV_273_16S_022_3	ENV_Si	2	nan	0.249111	nan	nan	nan	nan	nan	1	1	0	nan	0.000000	nan
ASV_613_16S_022_3	ENV_Si	2	nan	0.208456	nan	nan	nan	nan	nan	1	1	0	nan	0.000000	nan
OTU_260_18S_3_200	ENV_Si	2	nan	0.176589	nan	nan	nan	nan	nan	1	1	0	nan	0.000000	nan
OTU_8089_18S_022_3	ENV_Si	2	nan	0.218984	nan	nan	nan	nan	nan	1	1	0	nan	0.000000	nan
ASV_110_16S_022_3	ENV_Si	4	nan	0.213151	nan	nan	nan	nan	nan	4	0	0	nan	0.000000	nan
OTU_1076_18S_022_3	ENV_Si	1	nan	0.351481	nan	nan	nan	nan	nan	1	0	0	nan	0.000000	nan
OTU_196_18S_3_200	ENV_Si	3	nan	0.269033	nan	nan	nan	nan	nan	0	3	0	nan	0.000000	nan
OTU_15_18S_022_3	ENV_Si	2	nan	0.373567	nan	nan	nan	nan	nan	0	0	2	nan	0.000000	nan
ASV_444_16S_022_3	ENV_Si	2	nan	0.269579	nan	nan	nan	nan	nan	2	0	0	nan	0.000000	nan
ASV_93_16S_022_3	ENV_Si	4	nan	0.541671	nan	nan	nan	nan	nan	0	4	0	nan	0.000000	nan
ASV_1375_16S_022_3	ENV_Si	1	nan	0.224299	nan	nan	nan	nan	nan	0	1	0	nan	0.000000	nan
OTU_675_18S_022_3	ENV_Si	2	nan	0.163857	nan	nan	nan	nan	nan	2	0	0	nan	0.000000	nan
OTU_671_18S_3_200	ENV_Si	4	nan	0.168328	nan	nan	nan	nan	nan	3	1	0	nan	0.000000	nan
OTU_605_18S_3_200	ENV_Si	3	nan	0.249111	nan	nan	nan	nan	nan	0	3	0	nan	0.000000	nan
OTU_1390_18S_3_200	ENV_Si	5	nan	0.231864	nan	nan	nan	nan	nan	5	0	0	nan	0.000000	nan
ASV_304_16S_022_3	ENV_Si	4	nan	0.355316	nan	nan	nan	nan	nan	1	3	0	nan	0.000000	nan
ASV_464_16S_3_200	ENV_Si	1	nan	0.312174	nan	nan	nan	nan	nan	1	0	0	nan	0.000000	nan
ASV_278_16S_022_3	ENV_Si	2	nan	0.243884	nan	nan	nan	nan	nan	2	0	0	nan	0.000000	nan
ASV_387_16S_022_3	ENV_Si	4	nan	0.299771	nan	nan	nan	nan	nan	3	1	0	nan	0.000000	nan
OTU_536_18S_3_200	ENV_Si	2	nan	0.293256	nan	nan	nan	nan	nan	0	2	0	nan	0.000000	nan
OTU_303_18S_3_200	ENV_Si	4	nan	0.247514	nan	nan	nan	nan	nan	2	2	0	nan	0.000000	nan
ASV_1934_16S_022_3	ENV_Si	2	nan	0.224299	nan	nan	nan	nan	nan	0	2	0	nan	0.000000	nan
OTU_430_18S_022_3	ENV_Si	3	nan	0.156676	nan	nan	nan	nan	nan	3	0	0	nan	0.000000	nan
ASV_410_16S_022_3	ENV_Si	3	nan	0.438350	nan	nan	nan	nan	nan	0	2	1	nan	0.000000	nan
ASV_2004_16S_3_200	ENV_Si	2	nan	0.224299	nan	nan	nan	nan	nan	1	1	0	nan	0.000000	nan
OTU_2309_18S_022_3	ENV_Si	5	nan	0.097024	nan	nan	nan	nan	nan	5	0	0	nan	0.000000	nan
OTU_2745_18S_3_200	ENV_Si	2	nan	0.224299	nan	nan	nan	nan	nan	0	2	0	nan	0.000000	nan
ASV_263_16S_022_3	ENV_Si	2	nan	0.270525	nan	nan	nan	nan	nan	2	0	0	nan	0.000000	nan
OTU_756_18S_3_200	ENV_Si	4	nan	0.224299	nan	nan	nan	nan	nan	1	3	0	nan	0.000000	nan
OTU_778_18S_3_200	ENV_Si	3	nan	0.462913	nan	nan	nan	nan	nan	0	3	0	nan	0.000000	nan
OTU_787_18S_3_200	ENV_Si	3	nan	0.295211	nan	nan	nan	nan	nan	0	3	0	nan	0.000000	nan
OTU_1901_18S_022_3	ENV_Si	1	nan	0.359702	nan	nan	nan	nan	nan	0	1	0	nan	0.000000	nan
OTU_560_18S_3_200	ENV_Si	1	nan	0.208391	nan	nan	nan	nan	nan	1	0	0	nan	0.000000	nan
OTU_183_18S_3_200	ENV_Si	3	nan	0.149246	nan	nan	nan	nan	nan	2	1	0	nan	0.000000	nan
OTU_797_18S_022_3	ENV_Si	4	nan	0.277427	nan	nan	nan	nan	nan	2	2	0	nan	0.000000	nan
ASV_762_16S_022_3	ENV_Si	1	nan	0.204955	nan	nan	nan	nan	nan	1	0	0	nan	0.000000	nan
ASV_1439_16S_3_200	ENV_Si	3	nan	0.214438	nan	nan	nan	nan	nan	2	1	0	nan	0.000000	nan
ASV_673_16S_3_200	ENV_Si	5	nan	0.421179	nan	nan	nan	nan	nan	1	4	0	nan	0.000000	nan
ASV_307_16S_022_3	ENV_Si	2	nan	0.144940	nan	nan	nan	nan	nan	2	0	0	nan	0.000000	nan
OTU_833_18S_3_200	ENV_Si	2	nan	0.260927	nan	nan	nan	nan	nan	1	1	0	nan	0.000000	nan
ASV_297_16S_022_3	ENV_Si	3	nan	0.449332	nan	nan	nan	nan	nan	0	3	0	nan	0.000000	nan
ASV_1088_16S_022_3	ENV_Si	1	nan	0.272201	nan	nan	nan	nan	nan	1	0	0	nan	0.000000	nan
OTU_1786_18S_3_200	ENV_Si	3	nan	0.152961	nan	nan	nan	nan	nan	2	1	0	nan	0.000000	nan
ASV_1310_16S_022_3	ENV_Si	2	nan	0.154787	nan	nan	nan	nan	nan	2	0	0	nan	0.000000	nan
ASV_412_16S_022_3	ENV_Si	1	nan	0.214438	nan	nan	nan	nan	nan	1	0	0	nan	0.000000	nan
OTU_103_18S_3_200	ENV_Si	4	nan	0.380465	nan	nan	nan	nan	nan	1	3	0	nan	0.000000	nan
ASV_1149_16S_022_3	ENV_Si	2	nan	0.205382	nan	nan	nan	nan	nan	0	2	0	nan	0.000000	nan
ASV_755_16S_022_3	ENV_Si	3	nan	0.315720	nan	nan	nan	nan	nan	1	2	0	nan	0.000000	nan
OTU_1121_18S_3_200	ENV_Si	4	nan	0.269694	nan	nan	nan	nan	nan	3	1	0	nan	0.000000	nan
ASV_301_16S_022_3	ENV_Si	3	nan	0.220207	nan	nan	nan	nan	nan	3	0	0	nan	0.000000	nan
OTU_1628_18S_022_3	ENV_Si	1	nan	0.226090	nan	nan	nan	nan	nan	1	0	0	nan	0.000000	nan
OTU_2876_18S_022_3	ENV_Si	7	nan	0.131776	nan	nan	nan	nan	nan	4	3	0	nan	0.000000	nan
OTU_543_18S_022_3	ENV_Si	2	nan	0.228811	nan	nan	nan	nan	nan	2	0	0	nan	0.000000	nan
ASV_33_16S_022_3	ENV_Si	3	nan	0.344121	nan	nan	nan	nan	nan	0	3	0	nan	0.000000	nan
OTU_909_18S_3_200	ENV_Si	5	nan	0.211270	nan	nan	nan	nan	nan	2	3	0	nan	0.000000	nan
OTU_585_18S_022_3	ENV_Si	3	nan	0.302179	nan	nan	nan	nan	nan	1	2	0	nan	0.000000	nan
OTU_2389_18S_022_3	ENV_Si	3	nan	0.247301	nan	nan	nan	nan	nan	0	3	0	nan	0.000000	nan
ASV_1294_16S_022_3	ENV_Si	1	nan	0.284946	nan	nan	nan	nan	nan	0	1	0	nan	0.000000	nan
OTU_960_18S_3_200	ENV_Si	3	nan	0.125391	nan	nan	nan	nan	nan	3	0	0	nan	0.000000	nan
ASV_2371_16S_022_3	ENV_Si	2	nan	0.169421	nan	nan	nan	nan	nan	0	2	0	nan	0.000000	nan
OTU_871_18S_3_200	ENV_Si	3	nan	0.141603	nan	nan	nan	nan	nan	3	0	0	nan	0.000000	nan
OTU_2433_18S_3_200	ENV_Si	4	nan	0.189538	nan	nan	nan	nan	nan	3	1	0	nan	0.000000	nan
OTU_1399_18S_3_200	ENV_Si	3	nan	0.217706	nan	nan	nan	nan	nan	1	2	0	nan	0.000000	nan
OTU_517_18S_3_200	ENV_Si	1	nan	0.249190	nan	nan	nan	nan	nan	1	0	0	nan	0.000000	nan
ASV_1720_16S_022_3	ENV_Si	4	nan	0.292127	nan	nan	nan	nan	nan	1	3	0	nan	0.000000	nan
ASV_1155_16S_022_3	ENV_Si	3	nan	0.191349	nan	nan	nan	nan	nan	3	0	0	nan	0.000000	nan
OTU_711_18S_3_200	ENV_Si	4	nan	0.128892	nan	nan	nan	nan	nan	4	0	0	nan	0.000000	nan
OTU_1123_18S_022_3	ENV_Si	3	nan	0.233072	nan	nan	nan	nan	nan	2	1	0	nan	0.000000	nan
OTU_373_18S_022_3	ENV_Si	2	nan	0.285071	nan	nan	nan	nan	nan	0	2	0	nan	0.000000	nan
ASV_820_16S_022_3	ENV_Si	2	nan	0.214438	nan	nan	nan	nan	nan	0	2	0	nan	0.000000	nan
OTU_48_18S_3_200	ENV_Si	3	nan	0.296141	nan	nan	nan	nan	nan	0	3	0	nan	0.000000	nan
OTU_3448_18S_3_200	ENV_Si	2	nan	0.166537	nan	nan	nan	nan	nan	1	1	0	nan	0.000000	nan
OTU_1104_18S_022_3	ENV_Si	2	nan	0.257212	nan	nan	nan	nan	nan	1	1	0	nan	0.000000	nan
OTU_868_18S_3_200	ENV_Si	4	nan	0.233272	nan	nan	nan	nan	nan	2	2	0	nan	0.000000	nan
OTU_1374_18S_3_200	ENV_Si	5	nan	0.176589	nan	nan	nan	nan	nan	3	2	0	nan	0.000000	nan
OTU_191_18S_3_200	ENV_Si	4	nan	0.179487	nan	nan	nan	nan	nan	4	0	0	nan	0.000000	nan
ASV_831_16S_022_3	ENV_Si	4	nan	0.319649	nan	nan	nan	nan	nan	0	4	0	nan	0.000000	nan
ASV_1658_16S_022_3	ENV_Si	4	nan	0.198405	nan	nan	nan	nan	nan	1	3	0	nan	0.000000	nan
OTU_1506_18S_022_3	ENV_Si	2	nan	0.280839	nan	nan	nan	nan	nan	1	1	0	nan	0.000000	nan
OTU_1789_18S_022_3	ENV_Si	3	nan	0.234351	nan	nan	nan	nan	nan	0	3	0	nan	0.000000	nan
OTU_537_18S_3_200	ENV_Si	3	nan	0.236240	nan	nan	nan	nan	nan	1	2	0	nan	0.000000	nan
ASV_1002_16S_022_3	ENV_Si	4	nan	0.359409	nan	nan	nan	nan	nan	0	4	0	nan	0.000000	nan
OTU_1086_18S_3_200	ENV_Si	5	nan	0.159560	nan	nan	nan	nan	nan	4	1	0	nan	0.000000	nan
ASV_947_16S_022_3	ENV_Si	4	nan	0.427699	nan	nan	nan	nan	nan	1	2	1	nan	0.000000	nan
ASV_1287_16S_022_3	ENV_Si	5	nan	0.175310	nan	nan	nan	nan	nan	4	1	0	nan	0.000000	nan
ASV_506_16S_022_3	ENV_Si	4	nan	0.242969	nan	nan	nan	nan	nan	1	3	0	nan	0.000000	nan
OTU_1801_18S_022_3	ENV_Si	4	nan	0.168199	nan	nan	nan	nan	nan	2	2	0	nan	0.000000	nan
OTU_741_18S_3_200	ENV_Si	5	nan	0.089857	nan	nan	nan	nan	nan	5	0	0	nan	0.000000	nan
OTU_1283_18S_022_3	ENV_Si	4	nan	0.347388	nan	nan	nan	nan	nan	0	4	0	nan	0.000000	nan
OTU_3326_18S_022_3	ENV_Si	2	nan	0.244416	nan	nan	nan	nan	nan	1	1	0	nan	0.000000	nan
OTU_598_18S_3_200	ENV_Si	3	nan	0.127897	nan	nan	nan	nan	nan	3	0	0	nan	0.000000	nan
ASV_1186_16S_022_3	ENV_Si	3	nan	0.307415	nan	nan	nan	nan	nan	0	3	0	nan	0.000000	nan
OTU_910_18S_3_200	ENV_Si	1	nan	0.257212	nan	nan	nan	nan	nan	0	1	0	nan	0.000000	nan
OTU_2305_18S_022_3	ENV_Si	1	nan	0.226090	nan	nan	nan	nan	nan	0	1	0	nan	0.000000	nan
OTU_62_18S_3_200	ENV_Si	3	nan	0.152300	nan	nan	nan	nan	nan	3	0	0	nan	0.000000	nan
OTU_866_18S_3_200	ENV_Si	7	nan	0.339824	nan	nan	nan	nan	nan	1	6	0	nan	0.000000	nan
ASV_1223_16S_022_3	ENV_Si	3	nan	0.180681	nan	nan	nan	nan	nan	3	0	0	nan	0.000000	nan
OTU_698_18S_3_200	ENV_Si	3	nan	0.189752	nan	nan	nan	nan	nan	3	0	0	nan	0.000000	nan
OTU_2317_18S_022_3	ENV_Si	3	nan	0.272579	nan	nan	nan	nan	nan	0	3	0	nan	0.000000	nan
OTU_495_18S_022_3	ENV_Si	3	nan	0.294588	nan	nan	nan	nan	nan	1	2	0	nan	0.000000	nan
OTU_1252_18S_3_200	ENV_Si	5	nan	0.175310	nan	nan	nan	nan	nan	4	1	0	nan	0.000000	nan
OTU_1576_18S_3_200	ENV_Si	4	nan	0.257958	nan	nan	nan	nan	nan	3	1	0	nan	0.000000	nan
ASV_502_16S_022_3	ENV_Si	2	nan	0.293754	nan	nan	nan	nan	nan	1	1	0	nan	0.000000	nan
ASV_858_16S_3_200	ENV_Si	2	nan	0.292127	nan	nan	nan	nan	nan	1	1	0	nan	0.000000	nan
ASV_1556_16S_022_3	ENV_Si	2	nan	0.228980	nan	nan	nan	nan	nan	1	1	0	nan	0.000000	nan
OTU_1898_18S_022_3	ENV_Si	2	nan	0.343375	nan	nan	nan	nan	nan	0	2	0	nan	0.000000	nan
OTU_931_18S_022_3	ENV_Si	5	nan	0.220207	nan	nan	nan	nan	nan	1	4	0	nan	0.000000	nan
OTU_16_18S_3_200	ENV_Si	3	nan	0.111659	nan	nan	nan	nan	nan	2	1	0	nan	0.000000	nan
OTU_1338_18S_022_3	ENV_Si	3	nan	0.320350	nan	nan	nan	nan	nan	1	1	1	nan	0.000000	nan
OTU_293_18S_3_200	ENV_Si	5	nan	0.378113	nan	nan	nan	nan	nan	0	5	0	nan	0.000000	nan
OTU_1146_18S_3_200	ENV_Si	2	nan	0.272579	nan	nan	nan	nan	nan	0	2	0	nan	0.000000	nan
OTU_227_18S_022_3	ENV_Si	1	nan	0.201275	nan	nan	nan	nan	nan	1	0	0	nan	0.000000	nan
OTU_3429_18S_022_3	ENV_Si	1	nan	0.284946	nan	nan	nan	nan	nan	0	1	0	nan	0.000000	nan
OTU_1609_18S_022_3	ENV_Si	5	nan	0.351551	nan	nan	nan	nan	nan	1	4	0	nan	0.000000	nan
OTU_69_18S_022_3	ENV_Si	2	nan	0.558048	nan	nan	nan	nan	nan	0	1	1	nan	0.000000	nan
OTU_231_18S_3_200	ENV_Si	2	nan	0.383349	nan	nan	nan	nan	nan	0	2	0	nan	0.000000	nan
ASV_504_16S_022_3	ENV_Si	4	nan	0.347220	nan	nan	nan	nan	nan	2	2	0	nan	0.000000	nan
OTU_1355_18S_3_200	ENV_Si	4	nan	0.381126	nan	nan	nan	nan	nan	0	4	0	nan	0.000000	nan
OTU_199_18S_022_3	ENV_Si	1	nan	0.359409	nan	nan	nan	nan	nan	0	1	0	nan	0.000000	nan
OTU_1417_18S_3_200	ENV_Si	2	nan	0.189538	nan	nan	nan	nan	nan	0	2	0	nan	0.000000	nan
OTU_17_18S_3_200	ENV_Si	3	nan	0.302655	nan	nan	nan	nan	nan	1	2	0	nan	0.000000	nan
OTU_1557_18S_3_200	ENV_Si	3	nan	0.358663	nan	nan	nan	nan	nan	1	2	0	nan	0.000000	nan
OTU_491_18S_022_3	ENV_Si	2	nan	0.243138	nan	nan	nan	nan	nan	0	2	0	nan	0.000000	nan
ASV_1124_16S_3_200	ENV_Si	2	nan	0.228811	nan	nan	nan	nan	nan	2	0	0	nan	0.000000	nan
OTU_800_18S_3_200	ENV_Si	3	nan	0.136470	nan	nan	nan	nan	nan	3	0	0	nan	0.000000	nan
ASV_2068_16S_022_3	ENV_Si	2	nan	0.315521	nan	nan	nan	nan	nan	0	2	0	nan	0.000000	nan
OTU_625_18S_3_200	ENV_Si	3	nan	0.212946	nan	nan	nan	nan	nan	2	1	0	nan	0.000000	nan
OTU_2812_18S_022_3	ENV_Si	3	nan	0.186654	nan	nan	nan	nan	nan	2	1	0	nan	0.000000	nan
OTU_1165_18S_3_200	ENV_Si	6	nan	0.143527	nan	nan	nan	nan	nan	5	1	0	nan	0.000000	nan
OTU_2459_18S_3_200	ENV_Si	5	nan	0.269694	nan	nan	nan	nan	nan	3	2	0	nan	0.000000	nan
ASV_1443_16S_022_3	ENV_Si	4	nan	0.342833	nan	nan	nan	nan	nan	0	4	0	nan	0.000000	nan
OTU_791_18S_3_200	ENV_Si	3	nan	0.247301	nan	nan	nan	nan	nan	0	3	0	nan	0.000000	nan
ASV_1781_16S_022_3	ENV_Si	5	nan	0.247514	nan	nan	nan	nan	nan	2	3	0	nan	0.000000	nan
ASV_500_16S_022_3	ENV_Si	3	nan	0.152300	nan	nan	nan	nan	nan	3	0	0	nan	0.000000	nan
OTU_1286_18S_3_200	ENV_Si	5	nan	0.324457	nan	nan	nan	nan	nan	0	5	0	nan	0.000000	nan
ASV_579_16S_022_3	ENV_Si	2	nan	0.344042	nan	nan	nan	nan	nan	0	2	0	nan	0.000000	nan
OTU_3782_18S_3_200	ENV_Si	5	nan	0.208456	nan	nan	nan	nan	nan	1	4	0	nan	0.000000	nan
OTU_1143_18S_022_3	ENV_Si	4	nan	0.339824	nan	nan	nan	nan	nan	2	1	1	nan	0.000000	nan
OTU_348_18S_3_200	ENV_Si	2	nan	0.153046	nan	nan	nan	nan	nan	2	0	0	nan	0.000000	nan
OTU_962_18S_3_200	ENV_Si	1	nan	0.122312	nan	nan	nan	nan	nan	1	0	0	nan	0.000000	nan
OTU_699_18S_3_200	ENV_Si	3	nan	0.331549	nan	nan	nan	nan	nan	1	2	0	nan	0.000000	nan
OTU_1618_18S_022_3	ENV_Si	3	nan	0.097024	nan	nan	nan	nan	nan	3	0	0	nan	0.000000	nan
ASV_818_16S_022_3	ENV_Si	2	nan	0.141603	nan	nan	nan	nan	nan	2	0	0	nan	0.000000	nan
OTU_2905_18S_022_3	ENV_Si	2	nan	0.214816	nan	nan	nan	nan	nan	2	0	0	nan	0.000000	nan
OTU_5301_18S_3_200	ENV_Si	3	nan	0.176589	nan	nan	nan	nan	nan	0	3	0	nan	0.000000	nan
OTU_1347_18S_3_200	ENV_Si	3	nan	0.168959	nan	nan	nan	nan	nan	3	0	0	nan	0.000000	nan
OTU_146_18S_3_200	ENV_Si	3	nan	0.168328	nan	nan	nan	nan	nan	2	1	0	nan	0.000000	nan
ASV_2243_16S_022_3	ENV_Si	2	nan	0.179487	nan	nan	nan	nan	nan	1	1	0	nan	0.000000	nan
OTU_1625_18S_3_200	ENV_Si	4	nan	0.234748	nan	nan	nan	nan	nan	2	2	0	nan	0.000000	nan
OTU_329_18S_3_200	ENV_Si	2	nan	0.227850	nan	nan	nan	nan	nan	1	1	0	nan	0.000000	nan
OTU_1304_18S_022_3	ENV_Si	3	nan	0.236618	nan	nan	nan	nan	nan	3	0	0	nan	0.000000	nan
ASV_381_16S_022_3	ENV_Si	2	nan	0.329963	nan	nan	nan	nan	nan	1	1	0	nan	0.000000	nan
ASV_1047_16S_022_3	ENV_Si	3	nan	0.280839	nan	nan	nan	nan	nan	1	2	0	nan	0.000000	nan
ASV_284_16S_022_3	ENV_Si	3	nan	0.313929	nan	nan	nan	nan	nan	1	2	0	nan	0.000000	nan
OTU_497_18S_3_200	ENV_Si	2	nan	0.234351	nan	nan	nan	nan	nan	0	2	0	nan	0.000000	nan
OTU_899_18S_3_200	ENV_Si	2	nan	0.309369	nan	nan	nan	nan	nan	0	2	0	nan	0.000000	nan
OTU_6383_18S_022_3	ENV_Si	1	nan	0.250194	nan	nan	nan	nan	nan	1	0	0	nan	0.000000	nan
OTU_646_18S_3_200	ENV_Si	2	nan	0.225927	nan	nan	nan	nan	nan	1	1	0	nan	0.000000	nan
OTU_304_18S_3_200	ENV_Si	3	nan	0.343375	nan	nan	nan	nan	nan	1	0	2	nan	0.000000	nan
ASV_1353_16S_022_3	ENV_Si	3	nan	0.225712	nan	nan	nan	nan	nan	3	0	0	nan	0.000000	nan
OTU_902_18S_3_200	ENV_Si	4	nan	0.230193	nan	nan	nan	nan	nan	4	0	0	nan	0.000000	nan
ASV_2155_16S_022_3	ENV_Si	2	nan	0.248509	nan	nan	nan	nan	nan	1	1	0	nan	0.000000	nan
OTU_760_18S_022_3	ENV_Si	3	nan	0.302179	nan	nan	nan	nan	nan	0	3	0	nan	0.000000	nan
OTU_995_18S_3_200	ENV_Si	4	nan	0.224299	nan	nan	nan	nan	nan	1	3	0	nan	0.000000	nan
OTU_106_18S_3_200	ENV_Si	3	nan	0.307415	nan	nan	nan	nan	nan	1	2	0	nan	0.000000	nan
OTU_1627_18S_3_200	ENV_Si	3	nan	0.167736	nan	nan	nan	nan	nan	2	1	0	nan	0.000000	nan
OTU_1076_18S_3_200	ENV_Si	2	nan	0.224425	nan	nan	nan	nan	nan	1	1	0	nan	0.000000	nan
OTU_2195_18S_022_3	ENV_Si	3	nan	0.176589	nan	nan	nan	nan	nan	1	2	0	nan	0.000000	nan
ASV_1164_16S_022_3	ENV_Si	3	nan	0.271454	nan	nan	nan	nan	nan	2	1	0	nan	0.000000	nan
ASV_1036_16S_022_3	ENV_Si	3	nan	0.226721	nan	nan	nan	nan	nan	0	3	0	nan	0.000000	nan
ASV_456_16S_022_3	ENV_Si	3	nan	0.204288	nan	nan	nan	nan	nan	2	1	0	nan	0.000000	nan
OTU_116_18S_3_200	ENV_Si	2	nan	0.285936	nan	nan	nan	nan	nan	2	0	0	nan	0.000000	nan
ASV_920_16S_022_3	ENV_Si	4	nan	0.355609	nan	nan	nan	nan	nan	0	4	0	nan	0.000000	nan
ASV_169_16S_022_3	ENV_Si	4	nan	0.339949	nan	nan	nan	nan	nan	2	2	0	nan	0.000000	nan
ASV_1695_16S_022_3	ENV_Si	2	nan	0.179487	nan	nan	nan	nan	nan	0	2	0	nan	0.000000	nan
ASV_2010_16S_022_3	ENV_Si	1	nan	0.161222	nan	nan	nan	nan	nan	1	0	0	nan	0.000000	nan
OTU_1294_18S_022_3	ENV_Si	2	nan	0.097024	nan	nan	nan	nan	nan	2	0	0	nan	0.000000	nan
ASV_1233_16S_022_3	ENV_Si	5	nan	0.150629	nan	nan	nan	nan	nan	5	0	0	nan	0.000000	nan
OTU_3624_18S_3_200	ENV_Si	3	nan	0.168199	nan	nan	nan	nan	nan	1	2	0	nan	0.000000	nan
OTU_2780_18S_022_3	ENV_Si	4	nan	0.208456	nan	nan	nan	nan	nan	1	3	0	nan	0.000000	nan
OTU_2342_18S_3_200	ENV_Si	1	nan	0.161351	nan	nan	nan	nan	nan	1	0	0	nan	0.000000	nan
ASV_666_16S_022_3	ENV_Si	3	nan	0.334100	nan	nan	nan	nan	nan	0	3	0	nan	0.000000	nan
OTU_477_18S_3_200	ENV_Si	4	nan	0.097024	nan	nan	nan	nan	nan	4	0	0	nan	0.000000	nan
OTU_1023_18S_3_200	ENV_Si	3	nan	0.152961	nan	nan	nan	nan	nan	3	0	0	nan	0.000000	nan
OTU_1463_18S_3_200	ENV_Si	2	nan	0.171217	nan	nan	nan	nan	nan	1	1	0	nan	0.000000	nan
OTU_136_18S_3_200	ENV_Si	4	nan	0.322533	nan	nan	nan	nan	nan	1	3	0	nan	0.000000	nan
OTU_558_18S_3_200	ENV_Si	2	nan	0.236618	nan	nan	nan	nan	nan	1	1	0	nan	0.000000	nan
OTU_2167_18S_022_3	ENV_Si	2	nan	0.382219	nan	nan	nan	nan	nan	0	2	0	nan	0.000000	nan
OTU_1148_18S_022_3	ENV_Si	2	nan	0.178478	nan	nan	nan	nan	nan	2	0	0	nan	0.000000	nan
ASV_1034_16S_022_3	ENV_Si	1	nan	0.362208	nan	nan	nan	nan	nan	1	0	0	nan	0.000000	nan
OTU_1334_18S_3_200	ENV_Si	2	nan	0.304446	nan	nan	nan	nan	nan	0	2	0	nan	0.000000	nan
OTU_3206_18S_3_200	ENV_Si	4	nan	0.147619	nan	nan	nan	nan	nan	4	0	0	nan	0.000000	nan
OTU_726_18S_3_200	ENV_Si	3	nan	0.237249	nan	nan	nan	nan	nan	1	2	0	nan	0.000000	nan
ASV_491_16S_3_200	ENV_Si	4	nan	0.311428	nan	nan	nan	nan	nan	3	1	0	nan	0.000000	nan
ASV_164_16S_022_3	ENV_Si	2	nan	0.247301	nan	nan	nan	nan	nan	1	1	0	nan	0.000000	nan
OTU_1337_18S_3_200	ENV_Si	2	nan	0.154787	nan	nan	nan	nan	nan	2	0	0	nan	0.000000	nan
OTU_1347_18S_022_3	ENV_Si	2	nan	0.208456	nan	nan	nan	nan	nan	1	1	0	nan	0.000000	nan
OTU_1562_18S_3_200	ENV_Si	3	nan	0.216100	nan	nan	nan	nan	nan	1	2	0	nan	0.000000	nan
ASV_229_16S_3_200	ENV_Si	1	nan	0.362208	nan	nan	nan	nan	nan	0	1	0	nan	0.000000	nan
ASV_1569_16S_022_3	ENV_Si	3	nan	0.190015	nan	nan	nan	nan	nan	2	1	0	nan	0.000000	nan
OTU_1421_18S_022_3	ENV_Si	1	nan	0.264940	nan	nan	nan	nan	nan	0	1	0	nan	0.000000	nan
OTU_577_18S_3_200	ENV_Si	5	nan	0.236240	nan	nan	nan	nan	nan	4	1	0	nan	0.000000	nan
OTU_2253_18S_3_200	ENV_Si	4	nan	0.280968	nan	nan	nan	nan	nan	3	1	0	nan	0.000000	nan
OTU_1034_18S_3_200	ENV_Si	3	nan	0.366306	nan	nan	nan	nan	nan	1	2	0	nan	0.000000	nan
OTU_923_18S_3_200	ENV_Si	2	nan	0.247892	nan	nan	nan	nan	nan	0	2	0	nan	0.000000	nan
OTU_1664_18S_022_3	ENV_Si	1	nan	0.315720	nan	nan	nan	nan	nan	0	1	0	nan	0.000000	nan
OTU_2474_18S_3_200	ENV_Si	1	nan	0.234351	nan	nan	nan	nan	nan	0	1	0	nan	0.000000	nan
OTU_487_18S_3_200	ENV_Si	2	nan	0.266218	nan	nan	nan	nan	nan	1	1	0	nan	0.000000	nan
ASV_1071_16S_3_200	ENV_Si	4	nan	0.378654	nan	nan	nan	nan	nan	2	2	0	nan	0.000000	nan
OTU_3261_18S_3_200	ENV_Si	3	nan	0.186654	nan	nan	nan	nan	nan	3	0	0	nan	0.000000	nan
OTU_3382_18S_3_200	ENV_Si	1	nan	0.320350	nan	nan	nan	nan	nan	0	1	0	nan	0.000000	nan
OTU_886_18S_3_200	ENV_Si	2	nan	0.353968	nan	nan	nan	nan	nan	0	2	0	nan	0.000000	nan
OTU_881_18S_3_200	ENV_Si	2	nan	0.175972	nan	nan	nan	nan	nan	2	0	0	nan	0.000000	nan
OTU_1104_18S_3_200	ENV_Si	5	nan	0.250777	nan	nan	nan	nan	nan	3	2	0	nan	0.000000	nan
OTU_612_18S_022_3	ENV_Si	1	nan	0.530278	nan	nan	nan	nan	nan	0	1	0	nan	0.000000	nan
ASV_1774_16S_022_3	ENV_Si	2	nan	0.189538	nan	nan	nan	nan	nan	1	1	0	nan	0.000000	nan
ASV_174_16S_022_3	ENV_Si	4	nan	0.253666	nan	nan	nan	nan	nan	1	3	0	nan	0.000000	nan
OTU_1291_18S_3_200	ENV_Si	3	nan	0.225712	nan	nan	nan	nan	nan	2	1	0	nan	0.000000	nan
ASV_1042_16S_022_3	ENV_Si	3	nan	0.264557	nan	nan	nan	nan	nan	0	3	0	nan	0.000000	nan
OTU_1769_18S_022_3	ENV_Si	1	nan	0.274404	nan	nan	nan	nan	nan	1	0	0	nan	0.000000	nan
OTU_1414_18S_3_200	ENV_Si	1	nan	0.351765	nan	nan	nan	nan	nan	1	0	0	nan	0.000000	nan
OTU_861_18S_022_3	ENV_Si	1	nan	0.222614	nan	nan	nan	nan	nan	1	0	0	nan	0.000000	nan
ASV_310_16S_022_3	ENV_Si	4	nan	0.165066	nan	nan	nan	nan	nan	4	0	0	nan	0.000000	nan
OTU_242_18S_022_3	ENV_Si	1	nan	0.374576	nan	nan	nan	nan	nan	0	1	0	nan	0.000000	nan
OTU_198_18S_3_200	ENV_Si	3	nan	0.244893	nan	nan	nan	nan	nan	3	0	0	nan	0.000000	nan
ASV_97_16S_022_3	ENV_Si	3	nan	0.319941	nan	nan	nan	nan	nan	3	0	0	nan	0.000000	nan
OTU_129_18S_3_200	ENV_Si	2	nan	0.329217	nan	nan	nan	nan	nan	0	1	1	nan	0.000000	nan
OTU_1296_18S_3_200	ENV_Si	5	nan	0.246684	nan	nan	nan	nan	nan	0	5	0	nan	0.000000	nan
ASV_723_16S_022_3	ENV_Si	3	nan	0.318689	nan	nan	nan	nan	nan	0	3	0	nan	0.000000	nan
OTU_1782_18S_022_3	ENV_Si	3	nan	0.130577	nan	nan	nan	nan	nan	3	0	0	nan	0.000000	nan
ASV_708_16S_022_3	ENV_Si	2	nan	0.246022	nan	nan	nan	nan	nan	1	1	0	nan	0.000000	nan
OTU_5297_18S_022_3	ENV_Si	2	nan	0.338353	nan	nan	nan	nan	nan	0	2	0	nan	0.000000	nan
OTU_1650_18S_3_200	ENV_Si	3	nan	0.201289	nan	nan	nan	nan	nan	2	1	0	nan	0.000000	nan
OTU_1454_18S_3_200	ENV_Si	4	nan	0.269316	nan	nan	nan	nan	nan	2	2	0	nan	0.000000	nan
OTU_798_18S_022_3	ENV_Si	2	nan	0.226175	nan	nan	nan	nan	nan	2	0	0	nan	0.000000	nan
OTU_205_18S_3_200	ENV_Si	3	nan	0.273797	nan	nan	nan	nan	nan	1	2	0	nan	0.000000	nan
OTU_2047_18S_3_200	ENV_Si	4	nan	0.162444	nan	nan	nan	nan	nan	4	0	0	nan	0.000000	nan
OTU_2239_18S_022_3	ENV_Si	2	nan	0.296206	nan	nan	nan	nan	nan	2	0	0	nan	0.000000	nan
OTU_71_18S_022_3	ENV_Si	1	nan	0.398253	nan	nan	nan	nan	nan	0	1	0	nan	0.000000	nan
ASV_134_16S_022_3	ENV_Si	4	nan	0.306873	nan	nan	nan	nan	nan	1	3	0	nan	0.000000	nan
OTU_1329_18S_3_200	ENV_Si	3	nan	0.272201	nan	nan	nan	nan	nan	3	0	0	nan	0.000000	nan
ASV_283_16S_022_3	ENV_Si	1	nan	0.283858	nan	nan	nan	nan	nan	0	1	0	nan	0.000000	nan
OTU_174_18S_3_200	ENV_Si	3	nan	0.353441	nan	nan	nan	nan	nan	0	3	0	nan	0.000000	nan
OTU_2376_18S_3_200	ENV_Si	4	nan	0.229641	nan	nan	nan	nan	nan	0	4	0	nan	0.000000	nan
OTU_2305_18S_3_200	ENV_Si	4	nan	0.246101	nan	nan	nan	nan	nan	0	4	0	nan	0.000000	nan
ASV_1541_16S_022_3	ENV_Si	3	nan	0.218984	nan	nan	nan	nan	nan	1	2	0	nan	0.000000	nan
OTU_41_18S_022_3	ENV_Si	2	nan	0.302179	nan	nan	nan	nan	nan	0	1	1	nan	0.000000	nan
OTU_493_18S_3_200	ENV_Si	3	nan	0.193019	nan	nan	nan	nan	nan	2	1	0	nan	0.000000	nan
OTU_86_18S_022_3	ENV_Si	3	nan	0.109974	nan	nan	nan	nan	nan	3	0	0	nan	0.000000	nan
ASV_596_16S_022_3	ENV_Si	2	nan	0.283475	nan	nan	nan	nan	nan	2	0	0	nan	0.000000	nan
OTU_1598_18S_022_3	ENV_Si	1	nan	0.246684	nan	nan	nan	nan	nan	1	0	0	nan	0.000000	nan
OTU_2958_18S_022_3	ENV_Si	4	nan	0.204826	nan	nan	nan	nan	nan	1	3	0	nan	0.000000	nan
OTU_2303_18S_3_200	ENV_Si	3	nan	0.266218	nan	nan	nan	nan	nan	0	3	0	nan	0.000000	nan
ASV_739_16S_022_3	ENV_Si	5	nan	0.192636	nan	nan	nan	nan	nan	3	2	0	nan	0.000000	nan
OTU_655_18S_3_200	ENV_Si	3	nan	0.159943	nan	nan	nan	nan	nan	3	0	0	nan	0.000000	nan
OTU_1363_18S_3_200	ENV_Si	2	nan	0.366301	nan	nan	nan	nan	nan	0	2	0	nan	0.000000	nan
ASV_138_16S_022_3	ENV_Si	2	nan	0.274076	nan	nan	nan	nan	nan	1	1	0	nan	0.000000	nan
ASV_333_16S_022_3	ENV_Si	3	nan	0.139420	nan	nan	nan	nan	nan	3	0	0	nan	0.000000	nan
OTU_1774_18S_3_200	ENV_Si	1	nan	0.176589	nan	nan	nan	nan	nan	1	0	0	nan	0.000000	nan
OTU_1646_18S_3_200	ENV_Si	3	nan	0.349890	nan	nan	nan	nan	nan	2	1	0	nan	0.000000	nan
OTU_2905_18S_3_200	ENV_Si	1	nan	0.130577	nan	nan	nan	nan	nan	1	0	0	nan	0.000000	nan
OTU_1394_18S_3_200	ENV_Si	7	nan	0.234351	nan	nan	nan	nan	nan	4	3	0	nan	0.000000	nan
OTU_1405_18S_3_200	ENV_Si	3	nan	0.234351	nan	nan	nan	nan	nan	2	1	0	nan	0.000000	nan
OTU_1391_18S_3_200	ENV_Si	3	nan	0.109974	nan	nan	nan	nan	nan	3	0	0	nan	0.000000	nan
OTU_1968_18S_3_200	ENV_Si	3	nan	0.176589	nan	nan	nan	nan	nan	0	3	0	nan	0.000000	nan
OTU_747_18S_022_3	ENV_Si	1	nan	0.308539	nan	nan	nan	nan	nan	1	0	0	nan	0.000000	nan
OTU_387_18S_3_200	ENV_Si	3	nan	0.225961	nan	nan	nan	nan	nan	3	0	0	nan	0.000000	nan
ASV_1076_16S_3_200	ENV_Si	3	nan	0.269579	nan	nan	nan	nan	nan	0	3	0	nan	0.000000	nan
OTU_568_18S_022_3	ENV_Si	3	nan	0.288497	nan	nan	nan	nan	nan	1	2	0	nan	0.000000	nan
OTU_493_18S_022_3	ENV_Si	2	nan	0.121840	nan	nan	nan	nan	nan	2	0	0	nan	0.000000	nan
ASV_215_16S_022_3	ENV_Si	2	nan	0.185207	nan	nan	nan	nan	nan	2	0	0	nan	0.000000	nan
OTU_2420_18S_3_200	ENV_Si	3	nan	0.188339	nan	nan	nan	nan	nan	1	2	0	nan	0.000000	nan
ASV_556_16S_022_3	ENV_Si	5	nan	0.149246	nan	nan	nan	nan	nan	5	0	0	nan	0.000000	nan
ASV_166_16S_3_200	ENV_Si	2	nan	0.263269	nan	nan	nan	nan	nan	1	1	0	nan	0.000000	nan
OTU_1948_18S_3_200	ENV_Si	4	nan	0.189538	nan	nan	nan	nan	nan	1	3	0	nan	0.000000	nan
OTU_518_18S_022_3	ENV_Si	2	nan	0.295011	nan	nan	nan	nan	nan	1	1	0	nan	0.000000	nan
OTU_550_18S_3_200	ENV_Si	4	nan	0.201275	nan	nan	nan	nan	nan	4	0	0	nan	0.000000	nan
ASV_637_16S_022_3	ENV_Si	3	nan	0.180681	nan	nan	nan	nan	nan	1	2	0	nan	0.000000	nan
OTU_799_18S_3_200	ENV_Si	5	nan	0.372736	nan	nan	nan	nan	nan	1	4	0	nan	0.000000	nan
OTU_1194_18S_022_3	ENV_Si	1	nan	0.302179	nan	nan	nan	nan	nan	0	1	0	nan	0.000000	nan
OTU_270_18S_3_200	ENV_Si	4	nan	0.319649	nan	nan	nan	nan	nan	1	3	0	nan	0.000000	nan
ASV_299_16S_022_3	ENV_Si	3	nan	0.271454	nan	nan	nan	nan	nan	1	2	0	nan	0.000000	nan
ASV_915_16S_022_3	ENV_Si	1	nan	0.188922	nan	nan	nan	nan	nan	1	0	0	nan	0.000000	nan
ASV_58_16S_3_200	ENV_Si	2	nan	0.240254	nan	nan	nan	nan	nan	2	0	0	nan	0.000000	nan
OTU_1159_18S_3_200	ENV_Si	3	nan	0.272579	nan	nan	nan	nan	nan	0	3	0	nan	0.000000	nan
OTU_1721_18S_3_200	ENV_Si	3	nan	0.257958	nan	nan	nan	nan	nan	2	1	0	nan	0.000000	nan
OTU_2699_18S_3_200	ENV_Si	2	nan	0.385836	nan	nan	nan	nan	nan	0	2	0	nan	0.000000	nan
OTU_184_18S_022_3	ENV_Si	2	nan	0.198405	nan	nan	nan	nan	nan	1	1	0	nan	0.000000	nan
ASV_80_16S_022_3	ENV_Si	2	nan	0.344042	nan	nan	nan	nan	nan	1	1	0	nan	0.000000	nan
OTU_1714_18S_022_3	ENV_Si	1	nan	0.224299	nan	nan	nan	nan	nan	0	1	0	nan	0.000000	nan
OTU_932_18S_3_200	ENV_Si	3	nan	0.243138	nan	nan	nan	nan	nan	0	3	0	nan	0.000000	nan
ASV_865_16S_022_3	ENV_Si	2	nan	0.192799	nan	nan	nan	nan	nan	2	0	0	nan	0.000000	nan
OTU_1494_18S_022_3	ENV_Si	3	nan	0.308539	nan	nan	nan	nan	nan	0	3	0	nan	0.000000	nan
OTU_107_18S_022_3	ENV_Si	1	nan	0.189752	nan	nan	nan	nan	nan	0	1	0	nan	0.000000	nan
OTU_1732_18S_3_200	ENV_Si	4	nan	0.147619	nan	nan	nan	nan	nan	4	0	0	nan	0.000000	nan
ASV_1457_16S_3_200	ENV_Si	4	nan	0.318604	nan	nan	nan	nan	nan	0	4	0	nan	0.000000	nan
OTU_2289_18S_022_3	ENV_Si	1	nan	0.359941	nan	nan	nan	nan	nan	0	1	0	nan	0.000000	nan
OTU_3210_18S_022_3	ENV_Si	3	nan	0.293789	nan	nan	nan	nan	nan	2	1	0	nan	0.000000	nan
ASV_119_16S_022_3	ENV_Si	2	nan	0.339282	nan	nan	nan	nan	nan	2	0	0	nan	0.000000	nan
OTU_621_18S_3_200	ENV_Si	4	nan	0.236027	nan	nan	nan	nan	nan	4	0	0	nan	0.000000	nan
ASV_382_16S_022_3	ENV_Si	2	nan	0.217989	nan	nan	nan	nan	nan	2	0	0	nan	0.000000	nan
OTU_2270_18S_022_3	ENV_Si	4	nan	0.146397	nan	nan	nan	nan	nan	4	0	0	nan	0.000000	nan
OTU_277_18S_3_200	ENV_Si	2	nan	0.178856	nan	nan	nan	nan	nan	1	1	0	nan	0.000000	nan
ASV_1057_16S_022_3	ENV_Si	1	nan	0.406643	nan	nan	nan	nan	nan	0	1	0	nan	0.000000	nan
ASV_786_16S_022_3	ENV_Si	3	nan	0.217706	nan	nan	nan	nan	nan	1	2	0	nan	0.000000	nan
OTU_1258_18S_3_200	ENV_Si	5	nan	0.184246	nan	nan	nan	nan	nan	3	2	0	nan	0.000000	nan
OTU_3023_18S_3_200	ENV_Si	5	nan	0.225961	nan	nan	nan	nan	nan	1	4	0	nan	0.000000	nan
OTU_855_18S_3_200	ENV_Si	3	nan	0.210141	nan	nan	nan	nan	nan	1	2	0	nan	0.000000	nan
OTU_2649_18S_3_200	ENV_Si	5	nan	0.166537	nan	nan	nan	nan	nan	5	0	0	nan	0.000000	nan
OTU_1767_18S_3_200	ENV_Si	3	nan	0.132368	nan	nan	nan	nan	nan	3	0	0	nan	0.000000	nan
OTU_1728_18S_3_200	ENV_Si	2	nan	0.273862	nan	nan	nan	nan	nan	0	2	0	nan	0.000000	nan
OTU_606_18S_3_200	ENV_Si	2	nan	0.109974	nan	nan	nan	nan	nan	2	0	0	nan	0.000000	nan
ASV_1387_16S_022_3	ENV_Si	1	nan	0.152961	nan	nan	nan	nan	nan	0	1	0	nan	0.000000	nan
OTU_463_18S_022_3	ENV_Si	3	nan	0.246768	nan	nan	nan	nan	nan	3	0	0	nan	0.000000	nan
OTU_391_18S_022_3	ENV_Si	1	nan	0.198405	nan	nan	nan	nan	nan	0	1	0	nan	0.000000	nan
ASV_227_16S_022_3	ENV_Si	3	nan	0.246022	nan	nan	nan	nan	nan	2	1	0	nan	0.000000	nan
OTU_2615_18S_3_200	ENV_Si	4	nan	0.201289	nan	nan	nan	nan	nan	1	3	0	nan	0.000000	nan
OTU_2399_18S_022_3	ENV_Si	3	nan	0.218984	nan	nan	nan	nan	nan	0	3	0	nan	0.000000	nan
OTU_110_18S_022_3	ENV_Si	2	nan	0.424894	nan	nan	nan	nan	nan	0	0	2	nan	0.000000	nan
OTU_1592_18S_3_200	ENV_Si	3	nan	0.287404	nan	nan	nan	nan	nan	1	2	0	nan	0.000000	nan
OTU_379_18S_3_200	ENV_Si	1	nan	0.313929	nan	nan	nan	nan	nan	1	0	0	nan	0.000000	nan
ASV_1348_16S_022_3	ENV_Si	7	nan	0.189538	nan	nan	nan	nan	nan	3	4	0	nan	0.000000	nan
ASV_396_16S_022_3	ENV_Si	4	nan	0.417464	nan	nan	nan	nan	nan	0	4	0	nan	0.000000	nan
OTU_3490_18S_3_200	ENV_Si	1	nan	0.202483	nan	nan	nan	nan	nan	0	1	0	nan	0.000000	nan
OTU_1222_18S_3_200	ENV_Si	2	nan	0.167666	nan	nan	nan	nan	nan	2	0	0	nan	0.000000	nan
OTU_3072_18S_3_200	ENV_Si	3	nan	0.176589	nan	nan	nan	nan	nan	2	1	0	nan	0.000000	nan
ASV_746_16S_022_3	ENV_Si	3	nan	0.303322	nan	nan	nan	nan	nan	3	0	0	nan	0.000000	nan
OTU_3160_18S_3_200	ENV_Si	3	nan	0.176589	nan	nan	nan	nan	nan	2	1	0	nan	0.000000	nan
OTU_1431_18S_3_200	ENV_Si	3	nan	0.422939	nan	nan	nan	nan	nan	0	3	0	nan	0.000000	nan
ASV_531_16S_022_3	ENV_Si	3	nan	0.282729	nan	nan	nan	nan	nan	2	1	0	nan	0.000000	nan
OTU_315_18S_3_200	ENV_Si	2	nan	0.366968	nan	nan	nan	nan	nan	1	0	1	nan	0.000000	nan
OTU_3255_18S_3_200	ENV_Si	5	nan	0.186654	nan	nan	nan	nan	nan	2	3	0	nan	0.000000	nan
OTU_3348_18S_3_200	ENV_Si	4	nan	0.208456	nan	nan	nan	nan	nan	0	4	0	nan	0.000000	nan
OTU_2508_18S_3_200	ENV_Si	4	nan	0.188339	nan	nan	nan	nan	nan	4	0	0	nan	0.000000	nan
ASV_663_16S_3_200	ENV_Si	5	nan	0.345166	nan	nan	nan	nan	nan	0	5	0	nan	0.000000	nan
ASV_1138_16S_3_200	ENV_Si	5	nan	0.357916	nan	nan	nan	nan	nan	3	1	1	nan	0.000000	nan
OTU_2501_18S_022_3	ENV_Si	2	nan	0.260260	nan	nan	nan	nan	nan	1	1	0	nan	0.000000	nan
OTU_2394_18S_3_200	ENV_Si	3	nan	0.388108	nan	nan	nan	nan	nan	0	3	0	nan	0.000000	nan
OTU_1706_18S_3_200	ENV_Si	4	nan	0.247301	nan	nan	nan	nan	nan	1	3	0	nan	0.000000	nan
ASV_1636_16S_022_3	ENV_Si	1	nan	0.248523	nan	nan	nan	nan	nan	0	1	0	nan	0.000000	nan
OTU_102_18S_3_200	ENV_Si	1	nan	0.128892	nan	nan	nan	nan	nan	1	0	0	nan	0.000000	nan
OTU_1095_18S_022_3	ENV_Si	1	nan	0.359702	nan	nan	nan	nan	nan	1	0	0	nan	0.000000	nan
OTU_844_18S_022_3	ENV_Si	4	nan	0.273672	nan	nan	nan	nan	nan	2	2	0	nan	0.000000	nan
OTU_797_18S_3_200	ENV_Si	3	nan	0.366306	nan	nan	nan	nan	nan	0	3	0	nan	0.000000	nan
ASV_318_16S_022_3	ENV_Si	3	nan	0.414754	nan	nan	nan	nan	nan	0	3	0	nan	0.000000	nan
ASV_690_16S_022_3	ENV_Si	1	nan	0.226628	nan	nan	nan	nan	nan	1	0	0	nan	0.000000	nan
OTU_2242_18S_3_200	ENV_Si	2	nan	0.202483	nan	nan	nan	nan	nan	1	1	0	nan	0.000000	nan
OTU_2069_18S_3_200	ENV_Si	4	nan	0.259051	nan	nan	nan	nan	nan	0	4	0	nan	0.000000	nan
OTU_3_18S_3_200	ENV_Si	2	nan	0.212683	nan	nan	nan	nan	nan	0	2	0	nan	0.000000	nan
OTU_3933_18S_3_200	ENV_Si	3	nan	0.280839	nan	nan	nan	nan	nan	2	1	0	nan	0.000000	nan
OTU_408_18S_022_3	ENV_Si	1	nan	0.257759	nan	nan	nan	nan	nan	1	0	0	nan	0.000000	nan
OTU_2033_18S_3_200	ENV_Si	3	nan	0.097024	nan	nan	nan	nan	nan	3	0	0	nan	0.000000	nan
OTU_168_18S_022_3	ENV_Si	3	nan	0.276214	nan	nan	nan	nan	nan	0	3	0	nan	0.000000	nan
OTU_1422_18S_022_3	ENV_Si	3	nan	0.270246	nan	nan	nan	nan	nan	3	0	0	nan	0.000000	nan
OTU_1105_18S_3_200	ENV_Si	3	nan	0.171879	nan	nan	nan	nan	nan	1	2	0	nan	0.000000	nan
OTU_2714_18S_3_200	ENV_Si	3	nan	0.260246	nan	nan	nan	nan	nan	1	2	0	nan	0.000000	nan
OTU_3610_18S_022_3	ENV_Si	1	nan	0.422272	nan	nan	nan	nan	nan	0	0	1	nan	0.000000	nan
ASV_324_16S_022_3	ENV_Si	2	nan	0.343375	nan	nan	nan	nan	nan	0	2	0	nan	0.000000	nan
OTU_2795_18S_3_200	ENV_Si	3	nan	0.260260	nan	nan	nan	nan	nan	2	1	0	nan	0.000000	nan
ASV_850_16S_022_3	ENV_Si	1	nan	0.474933	nan	nan	nan	nan	nan	0	1	0	nan	0.000000	nan
OTU_3225_18S_3_200	ENV_Si	2	nan	0.285071	nan	nan	nan	nan	nan	0	2	0	nan	0.000000	nan
OTU_288_18S_3_200	ENV_Si	2	nan	0.276214	nan	nan	nan	nan	nan	1	1	0	nan	0.000000	nan
ASV_760_16S_022_3	ENV_Si	1	nan	0.260260	nan	nan	nan	nan	nan	0	1	0	nan	0.000000	nan
OTU_2601_18S_3_200	ENV_Si	2	nan	0.168866	nan	nan	nan	nan	nan	1	1	0	nan	0.000000	nan
OTU_851_18S_022_3	ENV_Si	2	nan	0.202334	nan	nan	nan	nan	nan	2	0	0	nan	0.000000	nan
OTU_5560_18S_3_200	ENV_Si	4	nan	0.247301	nan	nan	nan	nan	nan	0	4	0	nan	0.000000	nan
OTU_109_18S_3_200	ENV_Si	3	nan	0.289457	nan	nan	nan	nan	nan	0	3	0	nan	0.000000	nan
ASV_238_16S_022_3	ENV_Si	1	nan	0.286359	nan	nan	nan	nan	nan	1	0	0	nan	0.000000	nan
ASV_1_16S_022_3	ENV_Si	3	nan	0.395369	nan	nan	nan	nan	nan	2	0	1	nan	0.000000	nan
ASV_264_16S_022_3	ENV_Si	1	nan	0.424148	nan	nan	nan	nan	nan	0	1	0	nan	0.000000	nan
ASV_422_16S_022_3	ENV_Si	3	nan	0.394160	nan	nan	nan	nan	nan	1	2	0	nan	0.000000	nan
OTU_353_18S_3_200	ENV_Si	3	nan	0.238583	nan	nan	nan	nan	nan	2	1	0	nan	0.000000	nan
ASV_131_16S_022_3	ENV_Si	2	nan	0.334100	nan	nan	nan	nan	nan	1	0	1	nan	0.000000	nan
ASV_448_16S_022_3	ENV_Si	2	nan	0.355609	nan	nan	nan	nan	nan	2	0	0	nan	0.000000	nan
ASV_538_16S_022_3	ENV_Si	1	nan	0.345330	nan	nan	nan	nan	nan	0	1	0	nan	0.000000	nan
OTU_128_18S_3_200	ENV_Si	3	nan	0.223216	nan	nan	nan	nan	nan	1	2	0	nan	0.000000	nan
ASV_587_16S_022_3	ENV_Si	1	nan	0.322702	nan	nan	nan	nan	nan	1	0	0	nan	0.000000	nan
ASV_615_16S_022_3	ENV_Si	2	nan	0.354649	nan	nan	nan	nan	nan	0	2	0	nan	0.000000	nan
ASV_747_16S_022_3	ENV_Si	1	nan	0.332101	nan	nan	nan	nan	nan	1	0	0	nan	0.000000	nan
ASV_1194_16S_022_3	ENV_Si	2	nan	0.263269	nan	nan	nan	nan	nan	0	2	0	nan	0.000000	nan
ASV_752_16S_022_3	ENV_Si	2	nan	0.390609	nan	nan	nan	nan	nan	1	1	0	nan	0.000000	nan
ASV_859_16S_022_3	ENV_Si	2	nan	0.507094	nan	nan	nan	nan	nan	0	2	0	nan	0.000000	nan
ASV_152_16S_3_200	ENV_Si	2	nan	0.389863	nan	nan	nan	nan	nan	0	1	1	nan	0.000000	nan
ASV_899_16S_022_3	ENV_Si	1	nan	0.305277	nan	nan	nan	nan	nan	1	0	0	nan	0.000000	nan
ASV_942_16S_022_3	ENV_Si	1	nan	0.296141	nan	nan	nan	nan	nan	0	1	0	nan	0.000000	nan
ASV_1012_16S_022_3	ENV_Si	4	nan	0.300731	nan	nan	nan	nan	nan	2	2	0	nan	0.000000	nan
ASV_316_16S_022_3	ENV_Si	4	nan	0.231058	nan	nan	nan	nan	nan	3	1	0	nan	0.000000	nan
ASV_411_16S_022_3	ENV_Si	3	nan	0.252537	nan	nan	nan	nan	nan	2	1	0	nan	0.000000	nan
ASV_1021_16S_022_3	ENV_Si	1	nan	0.283475	nan	nan	nan	nan	nan	1	0	0	nan	0.000000	nan
OTU_1127_18S_3_200	ENV_Si	4	nan	0.221167	nan	nan	nan	nan	nan	4	0	0	nan	0.000000	nan
ASV_1144_16S_022_3	ENV_Si	1	nan	0.147619	nan	nan	nan	nan	nan	1	0	0	nan	0.000000	nan
ASV_1097_16S_022_3	ENV_Si	2	nan	0.290372	nan	nan	nan	nan	nan	2	0	0	nan	0.000000	nan
ASV_651_16S_3_200	ENV_Si	1	nan	0.225712	nan	nan	nan	nan	nan	1	0	0	nan	0.000000	nan
ASV_1706_16S_022_3	ENV_Si	4	nan	0.329963	nan	nan	nan	nan	nan	1	3	0	nan	0.000000	nan
ASV_704_16S_022_3	ENV_Si	1	nan	0.340406	nan	nan	nan	nan	nan	0	1	0	nan	0.000000	nan
ASV_1154_16S_022_3	ENV_Si	3	nan	0.223091	nan	nan	nan	nan	nan	2	1	0	nan	0.000000	nan
OTU_303_18S_022_3	ENV_Si	1	nan	0.357110	nan	nan	nan	nan	nan	1	0	0	nan	0.000000	nan
OTU_1256_18S_3_200	ENV_Si	3	nan	0.287404	nan	nan	nan	nan	nan	1	2	0	nan	0.000000	nan
ASV_1269_16S_022_3	ENV_Si	3	nan	0.213692	nan	nan	nan	nan	nan	3	0	0	nan	0.000000	nan
OTU_4500_18S_3_200	ENV_Si	4	nan	0.234351	nan	nan	nan	nan	nan	2	2	0	nan	0.000000	nan
ASV_1303_16S_022_3	ENV_Si	2	nan	0.319941	nan	nan	nan	nan	nan	1	1	0	nan	0.000000	nan
ASV_1332_16S_022_3	ENV_Si	5	nan	0.256550	nan	nan	nan	nan	nan	1	4	0	nan	0.000000	nan
OTU_1820_18S_022_3	ENV_Si	1	nan	0.351481	nan	nan	nan	nan	nan	0	1	0	nan	0.000000	nan
ASV_1971_16S_022_3	ENV_Si	3	nan	0.341451	nan	nan	nan	nan	nan	0	3	0	nan	0.000000	nan
ASV_1361_16S_022_3	ENV_Si	4	nan	0.287955	nan	nan	nan	nan	nan	2	2	0	nan	0.000000	nan
ASV_924_16S_022_3	ENV_Si	2	nan	0.227850	nan	nan	nan	nan	nan	1	1	0	nan	0.000000	nan
ASV_1396_16S_022_3	ENV_Si	2	nan	0.306206	nan	nan	nan	nan	nan	1	1	0	nan	0.000000	nan
ASV_1418_16S_022_3	ENV_Si	1	nan	0.233077	nan	nan	nan	nan	nan	0	1	0	nan	0.000000	nan
ASV_1507_16S_022_3	ENV_Si	3	nan	0.228984	nan	nan	nan	nan	nan	0	3	0	nan	0.000000	nan
ASV_157_16S_3_200	ENV_Si	4	nan	0.286742	nan	nan	nan	nan	nan	4	0	0	nan	0.000000	nan
ASV_227_16S_3_200	ENV_Si	3	nan	0.329217	nan	nan	nan	nan	nan	2	1	0	nan	0.000000	nan
ASV_1571_16S_022_3	ENV_Si	3	nan	0.247514	nan	nan	nan	nan	nan	2	1	0	nan	0.000000	nan
ASV_892_16S_022_3	ENV_Si	1	nan	0.200196	nan	nan	nan	nan	nan	1	0	0	nan	0.000000	nan
ASV_1881_16S_022_3	ENV_Si	2	nan	0.265765	nan	nan	nan	nan	nan	1	1	0	nan	0.000000	nan
ASV_1921_16S_022_3	ENV_Si	4	nan	0.257759	nan	nan	nan	nan	nan	3	1	0	nan	0.000000	nan
ASV_1930_16S_022_3	ENV_Si	3	nan	0.272579	nan	nan	nan	nan	nan	0	3	0	nan	0.000000	nan
ASV_1994_16S_022_3	ENV_Si	2	nan	0.125391	nan	nan	nan	nan	nan	2	0	0	nan	0.000000	nan
ASV_2102_16S_022_3	ENV_Si	4	nan	0.187246	nan	nan	nan	nan	nan	2	2	0	nan	0.000000	nan
ASV_2170_16S_022_3	ENV_Si	1	nan	0.167736	nan	nan	nan	nan	nan	1	0	0	nan	0.000000	nan
OTU_61_18S_022_3	ENV_Si	1	nan	0.275006	nan	nan	nan	nan	nan	1	0	0	nan	0.000000	nan
OTU_67_18S_022_3	ENV_Si	2	nan	0.348135	nan	nan	nan	nan	nan	0	1	1	nan	0.000000	nan
OTU_955_18S_022_3	ENV_Si	3	nan	0.234351	nan	nan	nan	nan	nan	2	1	0	nan	0.000000	nan
OTU_92_18S_022_3	ENV_Si	1	nan	0.155184	nan	nan	nan	nan	nan	1	0	0	nan	0.000000	nan
OTU_130_18S_022_3	ENV_Si	1	nan	0.260260	nan	nan	nan	nan	nan	1	0	0	nan	0.000000	nan
ASV_92_16S_022_3	ENV_Si	2	nan	0.308082	nan	nan	nan	nan	nan	1	1	0	nan	0.000000	nan
OTU_201_18S_022_3	ENV_Si	1	nan	0.367052	nan	nan	nan	nan	nan	0	1	0	nan	0.000000	nan
OTU_554_18S_022_3	ENV_Si	1	nan	0.226721	nan	nan	nan	nan	nan	0	1	0	nan	0.000000	nan
OTU_266_18S_022_3	ENV_Si	1	nan	0.297847	nan	nan	nan	nan	nan	1	0	0	nan	0.000000	nan
OTU_365_18S_022_3	ENV_Si	1	nan	0.254879	nan	nan	nan	nan	nan	1	0	0	nan	0.000000	nan
OTU_388_18S_022_3	ENV_Si	2	nan	0.346259	nan	nan	nan	nan	nan	1	1	0	nan	0.000000	nan
OTU_423_18S_022_3	ENV_Si	2	nan	0.336776	nan	nan	nan	nan	nan	2	0	0	nan	0.000000	nan
ASV_248_16S_3_200	ENV_Si	1	nan	0.266153	nan	nan	nan	nan	nan	1	0	0	nan	0.000000	nan
OTU_434_18S_022_3	ENV_Si	1	nan	0.341451	nan	nan	nan	nan	nan	1	0	0	nan	0.000000	nan
OTU_544_18S_022_3	ENV_Si	1	nan	0.396761	nan	nan	nan	nan	nan	0	1	0	nan	0.000000	nan
OTU_1173_18S_022_3	ENV_Si	1	nan	0.331171	nan	nan	nan	nan	nan	0	1	0	nan	0.000000	nan
OTU_556_18S_022_3	ENV_Si	1	nan	0.281520	nan	nan	nan	nan	nan	0	1	0	nan	0.000000	nan
OTU_307_18S_022_3	ENV_Si	2	nan	0.329217	nan	nan	nan	nan	nan	0	1	1	nan	0.000000	nan
OTU_771_18S_022_3	ENV_Si	2	nan	0.329217	nan	nan	nan	nan	nan	0	2	0	nan	0.000000	nan
OTU_860_18S_022_3	ENV_Si	1	nan	0.437764	nan	nan	nan	nan	nan	0	1	0	nan	0.000000	nan
OTU_894_18S_022_3	ENV_Si	1	nan	0.089857	nan	nan	nan	nan	nan	1	0	0	nan	0.000000	nan
OTU_992_18S_022_3	ENV_Si	1	nan	0.158272	nan	nan	nan	nan	nan	1	0	0	nan	0.000000	nan
ASV_628_16S_3_200	ENV_Si	2	nan	0.313506	nan	nan	nan	nan	nan	1	1	0	nan	0.000000	nan
OTU_1180_18S_022_3	ENV_Si	1	nan	0.215910	nan	nan	nan	nan	nan	1	0	0	nan	0.000000	nan
OTU_1179_18S_022_3	ENV_Si	1	nan	0.359702	nan	nan	nan	nan	nan	0	1	0	nan	0.000000	nan
OTU_1266_18S_022_3	ENV_Si	1	nan	0.447626	nan	nan	nan	nan	nan	0	1	0	nan	0.000000	nan
ASV_969_16S_022_3	ENV_Si	2	nan	0.224299	nan	nan	nan	nan	nan	2	0	0	nan	0.000000	nan
ASV_60_16S_022_3	ENV_Si	2	nan	0.505592	nan	nan	nan	nan	nan	0	2	0	nan	0.000000	nan
OTU_1258_18S_022_3	ENV_Si	4	nan	0.316813	nan	nan	nan	nan	nan	0	4	0	nan	0.000000	nan
OTU_1291_18S_022_3	ENV_Si	1	nan	0.352774	nan	nan	nan	nan	nan	0	1	0	nan	0.000000	nan
OTU_1381_18S_022_3	ENV_Si	3	nan	0.350934	nan	nan	nan	nan	nan	0	3	0	nan	0.000000	nan
ASV_569_16S_022_3	ENV_Si	1	nan	0.416081	nan	nan	nan	nan	nan	0	1	0	nan	0.000000	nan
ASV_749_16S_022_3	ENV_Si	4	nan	0.185207	nan	nan	nan	nan	nan	4	0	0	nan	0.000000	nan
OTU_1358_18S_022_3	ENV_Si	2	nan	0.290835	nan	nan	nan	nan	nan	0	2	0	nan	0.000000	nan
ASV_932_16S_022_3	ENV_Si	5	nan	0.330972	nan	nan	nan	nan	nan	2	3	0	nan	0.000000	nan
OTU_2578_18S_3_200	ENV_Si	2	nan	0.246684	nan	nan	nan	nan	nan	1	1	0	nan	0.000000	nan
OTU_1631_18S_022_3	ENV_Si	1	nan	0.352774	nan	nan	nan	nan	nan	0	1	0	nan	0.000000	nan
OTU_1634_18S_022_3	ENV_Si	2	nan	0.159943	nan	nan	nan	nan	nan	2	0	0	nan	0.000000	nan
OTU_1670_18S_022_3	ENV_Si	2	nan	0.251870	nan	nan	nan	nan	nan	2	0	0	nan	0.000000	nan
OTU_1763_18S_022_3	ENV_Si	3	nan	0.293789	nan	nan	nan	nan	nan	2	1	0	nan	0.000000	nan
OTU_1684_18S_022_3	ENV_Si	2	nan	0.131776	nan	nan	nan	nan	nan	1	1	0	nan	0.000000	nan
OTU_1849_18S_022_3	ENV_Si	3	nan	0.390609	nan	nan	nan	nan	nan	0	3	0	nan	0.000000	nan
ASV_358_16S_022_3	ENV_Si	3	nan	0.333514	nan	nan	nan	nan	nan	0	3	0	nan	0.000000	nan
OTU_5666_18S_3_200	ENV_Si	3	nan	0.166537	nan	nan	nan	nan	nan	2	1	0	nan	0.000000	nan
OTU_1844_18S_022_3	ENV_Si	2	nan	0.267824	nan	nan	nan	nan	nan	0	2	0	nan	0.000000	nan
ASV_827_16S_022_3	ENV_Si	2	nan	0.266695	nan	nan	nan	nan	nan	1	1	0	nan	0.000000	nan
OTU_1927_18S_022_3	ENV_Si	2	nan	0.273672	nan	nan	nan	nan	nan	2	0	0	nan	0.000000	nan
OTU_2094_18S_022_3	ENV_Si	1	nan	0.452216	nan	nan	nan	nan	nan	0	1	0	nan	0.000000	nan
OTU_121_18S_022_3	ENV_Si	3	nan	0.286742	nan	nan	nan	nan	nan	3	0	0	nan	0.000000	nan
OTU_2295_18S_3_200	ENV_Si	4	nan	0.265602	nan	nan	nan	nan	nan	1	3	0	nan	0.000000	nan
OTU_2245_18S_022_3	ENV_Si	1	nan	0.146397	nan	nan	nan	nan	nan	1	0	0	nan	0.000000	nan
ASV_207_16S_022_3	ENV_Si	2	nan	0.180681	nan	nan	nan	nan	nan	2	0	0	nan	0.000000	nan
OTU_235_18S_3_200	ENV_Si	2	nan	0.336114	nan	nan	nan	nan	nan	1	1	0	nan	0.000000	nan
OTU_2304_18S_022_3	ENV_Si	3	nan	0.339824	nan	nan	nan	nan	nan	2	1	0	nan	0.000000	nan
OTU_1917_18S_3_200	ENV_Si	4	nan	0.222614	nan	nan	nan	nan	nan	4	0	0	nan	0.000000	nan
OTU_2334_18S_022_3	ENV_Si	2	nan	0.353968	nan	nan	nan	nan	nan	1	1	0	nan	0.000000	nan
OTU_396_18S_022_3	ENV_Si	1	nan	0.167204	nan	nan	nan	nan	nan	1	0	0	nan	0.000000	nan
OTU_2461_18S_022_3	ENV_Si	1	nan	0.247301	nan	nan	nan	nan	nan	1	0	0	nan	0.000000	nan
OTU_2990_18S_022_3	ENV_Si	1	nan	0.247301	nan	nan	nan	nan	nan	0	1	0	nan	0.000000	nan
OTU_3133_18S_022_3	ENV_Si	3	nan	0.251870	nan	nan	nan	nan	nan	2	1	0	nan	0.000000	nan
OTU_3064_18S_022_3	ENV_Si	2	nan	0.410536	nan	nan	nan	nan	nan	0	2	0	nan	0.000000	nan
ASV_370_16S_022_3	ENV_Si	3	nan	0.192850	nan	nan	nan	nan	nan	2	1	0	nan	0.000000	nan
OTU_3962_18S_022_3	ENV_Si	2	nan	0.216642	nan	nan	nan	nan	nan	2	0	0	nan	0.000000	nan
ASV_94_16S_022_3	ENV_Si	2	nan	0.208933	nan	nan	nan	nan	nan	0	2	0	nan	0.000000	nan
OTU_4126_18S_022_3	ENV_Si	1	nan	0.301646	nan	nan	nan	nan	nan	0	1	0	nan	0.000000	nan
ASV_35_16S_3_200	ENV_Si	3	nan	0.375705	nan	nan	nan	nan	nan	1	2	0	nan	0.000000	nan
ASV_37_16S_3_200	ENV_Si	1	nan	0.325324	nan	nan	nan	nan	nan	0	0	1	nan	0.000000	nan
ASV_63_16S_3_200	ENV_Si	3	nan	0.349143	nan	nan	nan	nan	nan	1	0	2	nan	0.000000	nan
ASV_85_16S_3_200	ENV_Si	1	nan	0.319435	nan	nan	nan	nan	nan	0	1	0	nan	0.000000	nan
ASV_139_16S_3_200	ENV_Si	2	nan	0.249652	nan	nan	nan	nan	nan	2	0	0	nan	0.000000	nan
ASV_180_16S_3_200	ENV_Si	2	nan	0.373319	nan	nan	nan	nan	nan	0	2	0	nan	0.000000	nan
ASV_215_16S_3_200	ENV_Si	1	nan	0.351765	nan	nan	nan	nan	nan	0	1	0	nan	0.000000	nan
ASV_283_16S_3_200	ENV_Si	2	nan	0.176589	nan	nan	nan	nan	nan	1	1	0	nan	0.000000	nan
ASV_300_16S_3_200	ENV_Si	2	nan	0.367520	nan	nan	nan	nan	nan	1	1	0	nan	0.000000	nan
ASV_365_16S_3_200	ENV_Si	5	nan	0.354649	nan	nan	nan	nan	nan	1	4	0	nan	0.000000	nan
ASV_437_16S_3_200	ENV_Si	1	nan	0.271454	nan	nan	nan	nan	nan	0	1	0	nan	0.000000	nan
ASV_483_16S_3_200	ENV_Si	2	nan	0.295599	nan	nan	nan	nan	nan	0	2	0	nan	0.000000	nan
ASV_501_16S_3_200	ENV_Si	1	nan	0.229805	nan	nan	nan	nan	nan	1	0	0	nan	0.000000	nan
ASV_515_16S_3_200	ENV_Si	3	nan	0.286742	nan	nan	nan	nan	nan	1	2	0	nan	0.000000	nan
ASV_537_16S_3_200	ENV_Si	3	nan	0.296141	nan	nan	nan	nan	nan	1	2	0	nan	0.000000	nan
ASV_559_16S_3_200	ENV_Si	3	nan	0.257212	nan	nan	nan	nan	nan	2	1	0	nan	0.000000	nan
ASV_687_16S_3_200	ENV_Si	3	nan	0.240786	nan	nan	nan	nan	nan	2	1	0	nan	0.000000	nan
ASV_691_16S_3_200	ENV_Si	1	nan	0.379658	nan	nan	nan	nan	nan	0	0	1	nan	0.000000	nan
ASV_705_16S_3_200	ENV_Si	4	nan	0.111659	nan	nan	nan	nan	nan	4	0	0	nan	0.000000	nan
ASV_755_16S_3_200	ENV_Si	3	nan	0.216100	nan	nan	nan	nan	nan	1	2	0	nan	0.000000	nan
ASV_808_16S_3_200	ENV_Si	2	nan	0.246684	nan	nan	nan	nan	nan	1	1	0	nan	0.000000	nan
ASV_884_16S_3_200	ENV_Si	3	nan	0.267824	nan	nan	nan	nan	nan	2	1	0	nan	0.000000	nan
ASV_903_16S_3_200	ENV_Si	1	nan	0.298548	nan	nan	nan	nan	nan	0	1	0	nan	0.000000	nan
OTU_2031_18S_3_200	ENV_Si	3	nan	0.221798	nan	nan	nan	nan	nan	3	0	0	nan	0.000000	nan
ASV_912_16S_3_200	ENV_Si	2	nan	0.370404	nan	nan	nan	nan	nan	1	1	0	nan	0.000000	nan
ASV_949_16S_3_200	ENV_Si	2	nan	0.282644	nan	nan	nan	nan	nan	0	2	0	nan	0.000000	nan
ASV_1029_16S_3_200	ENV_Si	1	nan	0.269316	nan	nan	nan	nan	nan	1	0	0	nan	0.000000	nan
ASV_1107_16S_3_200	ENV_Si	4	nan	0.236156	nan	nan	nan	nan	nan	0	4	0	nan	0.000000	nan
ASV_1117_16S_3_200	ENV_Si	3	nan	0.269316	nan	nan	nan	nan	nan	0	3	0	nan	0.000000	nan
ASV_1137_16S_3_200	ENV_Si	1	nan	0.295255	nan	nan	nan	nan	nan	1	0	0	nan	0.000000	nan
OTU_1887_18S_3_200	ENV_Si	3	nan	0.299348	nan	nan	nan	nan	nan	2	1	0	nan	0.000000	nan
ASV_1220_16S_3_200	ENV_Si	2	nan	0.436556	nan	nan	nan	nan	nan	0	2	0	nan	0.000000	nan
ASV_1227_16S_3_200	ENV_Si	1	nan	0.104682	nan	nan	nan	nan	nan	1	0	0	nan	0.000000	nan
ASV_1226_16S_3_200	ENV_Si	1	nan	0.237249	nan	nan	nan	nan	nan	1	0	0	nan	0.000000	nan
ASV_1251_16S_3_200	ENV_Si	4	nan	0.264940	nan	nan	nan	nan	nan	1	3	0	nan	0.000000	nan
ASV_1250_16S_3_200	ENV_Si	3	nan	0.270525	nan	nan	nan	nan	nan	1	2	0	nan	0.000000	nan
ASV_1254_16S_3_200	ENV_Si	2	nan	0.110437	nan	nan	nan	nan	nan	0	2	0	nan	0.000000	nan
OTU_5358_18S_3_200	ENV_Si	4	nan	0.204826	nan	nan	nan	nan	nan	0	4	0	nan	0.000000	nan
ASV_1275_16S_3_200	ENV_Si	2	nan	0.336114	nan	nan	nan	nan	nan	1	1	0	nan	0.000000	nan
ASV_1300_16S_3_200	ENV_Si	1	nan	0.364625	nan	nan	nan	nan	nan	0	1	0	nan	0.000000	nan
ASV_1321_16S_3_200	ENV_Si	1	nan	0.195441	nan	nan	nan	nan	nan	1	0	0	nan	0.000000	nan
ASV_1400_16S_3_200	ENV_Si	2	nan	0.246101	nan	nan	nan	nan	nan	1	1	0	nan	0.000000	nan
ASV_1512_16S_3_200	ENV_Si	5	nan	0.263811	nan	nan	nan	nan	nan	2	3	0	nan	0.000000	nan
ASV_1537_16S_3_200	ENV_Si	1	nan	0.251821	nan	nan	nan	nan	nan	1	0	0	nan	0.000000	nan
ASV_1564_16S_3_200	ENV_Si	4	nan	0.286154	nan	nan	nan	nan	nan	1	3	0	nan	0.000000	nan
ASV_1591_16S_3_200	ENV_Si	4	nan	0.218984	nan	nan	nan	nan	nan	1	3	0	nan	0.000000	nan
ASV_1715_16S_3_200	ENV_Si	1	nan	0.166373	nan	nan	nan	nan	nan	0	1	0	nan	0.000000	nan
ASV_1821_16S_3_200	ENV_Si	2	nan	0.240254	nan	nan	nan	nan	nan	1	1	0	nan	0.000000	nan
OTU_2333_18S_3_200	ENV_Si	2	nan	0.331434	nan	nan	nan	nan	nan	0	1	1	nan	0.000000	nan
ASV_1870_16S_3_200	ENV_Si	1	nan	0.339824	nan	nan	nan	nan	nan	1	0	0	nan	0.000000	nan
ASV_1879_16S_3_200	ENV_Si	4	nan	0.427614	nan	nan	nan	nan	nan	1	3	0	nan	0.000000	nan
ASV_2007_16S_3_200	ENV_Si	1	nan	0.189538	nan	nan	nan	nan	nan	0	1	0	nan	0.000000	nan
ASV_2288_16S_3_200	ENV_Si	5	nan	0.259037	nan	nan	nan	nan	nan	2	3	0	nan	0.000000	nan
ASV_2561_16S_3_200	ENV_Si	1	nan	0.294003	nan	nan	nan	nan	nan	0	1	0	nan	0.000000	nan
OTU_18_18S_3_200	ENV_Si	2	nan	0.210062	nan	nan	nan	nan	nan	1	1	0	nan	0.000000	nan
OTU_44_18S_3_200	ENV_Si	2	nan	0.359941	nan	nan	nan	nan	nan	0	2	0	nan	0.000000	nan
OTU_50_18S_3_200	ENV_Si	4	nan	0.251528	nan	nan	nan	nan	nan	4	0	0	nan	0.000000	nan
OTU_78_18S_3_200	ENV_Si	2	nan	0.307415	nan	nan	nan	nan	nan	0	2	0	nan	0.000000	nan
OTU_118_18S_3_200	ENV_Si	3	nan	0.308539	nan	nan	nan	nan	nan	1	2	0	nan	0.000000	nan
OTU_155_18S_3_200	ENV_Si	2	nan	0.352774	nan	nan	nan	nan	nan	0	2	0	nan	0.000000	nan
OTU_3269_18S_3_200	ENV_Si	4	nan	0.176589	nan	nan	nan	nan	nan	3	1	0	nan	0.000000	nan
OTU_189_18S_3_200	ENV_Si	2	nan	0.298021	nan	nan	nan	nan	nan	1	1	0	nan	0.000000	nan
OTU_195_18S_3_200	ENV_Si	3	nan	0.233942	nan	nan	nan	nan	nan	3	0	0	nan	0.000000	nan
OTU_204_18S_3_200	ENV_Si	3	nan	0.351765	nan	nan	nan	nan	nan	1	2	0	nan	0.000000	nan
OTU_3606_18S_3_200	ENV_Si	4	nan	0.187246	nan	nan	nan	nan	nan	3	1	0	nan	0.000000	nan
OTU_212_18S_3_200	ENV_Si	1	nan	0.189006	nan	nan	nan	nan	nan	1	0	0	nan	0.000000	nan
OTU_278_18S_3_200	ENV_Si	1	nan	0.234351	nan	nan	nan	nan	nan	0	1	0	nan	0.000000	nan
OTU_300_18S_3_200	ENV_Si	2	nan	0.442603	nan	nan	nan	nan	nan	0	2	0	nan	0.000000	nan
OTU_343_18S_3_200	ENV_Si	4	nan	0.227850	nan	nan	nan	nan	nan	2	2	0	nan	0.000000	nan
OTU_298_18S_3_200	ENV_Si	1	nan	0.166537	nan	nan	nan	nan	nan	1	0	0	nan	0.000000	nan
OTU_361_18S_3_200	ENV_Si	1	nan	0.219198	nan	nan	nan	nan	nan	1	0	0	nan	0.000000	nan
OTU_360_18S_3_200	ENV_Si	5	nan	0.275085	nan	nan	nan	nan	nan	3	2	0	nan	0.000000	nan
OTU_368_18S_3_200	ENV_Si	1	nan	0.338353	nan	nan	nan	nan	nan	0	1	0	nan	0.000000	nan
OTU_356_18S_3_200	ENV_Si	2	nan	0.190015	nan	nan	nan	nan	nan	0	2	0	nan	0.000000	nan
OTU_3625_18S_3_200	ENV_Si	1	nan	0.284683	nan	nan	nan	nan	nan	0	1	0	nan	0.000000	nan
OTU_371_18S_3_200	ENV_Si	3	nan	0.261887	nan	nan	nan	nan	nan	0	3	0	nan	0.000000	nan
OTU_404_18S_3_200	ENV_Si	1	nan	0.211817	nan	nan	nan	nan	nan	0	1	0	nan	0.000000	nan
OTU_412_18S_3_200	ENV_Si	2	nan	0.172043	nan	nan	nan	nan	nan	2	0	0	nan	0.000000	nan
OTU_444_18S_3_200	ENV_Si	2	nan	0.142518	nan	nan	nan	nan	nan	2	0	0	nan	0.000000	nan
OTU_472_18S_3_200	ENV_Si	2	nan	0.317197	nan	nan	nan	nan	nan	1	1	0	nan	0.000000	nan
OTU_478_18S_3_200	ENV_Si	2	nan	0.331559	nan	nan	nan	nan	nan	0	2	0	nan	0.000000	nan
OTU_466_18S_3_200	ENV_Si	3	nan	0.218283	nan	nan	nan	nan	nan	3	0	0	nan	0.000000	nan
OTU_470_18S_3_200	ENV_Si	2	nan	0.403013	nan	nan	nan	nan	nan	0	1	1	nan	0.000000	nan
OTU_471_18S_3_200	ENV_Si	2	nan	0.236240	nan	nan	nan	nan	nan	1	1	0	nan	0.000000	nan
OTU_377_18S_3_200	ENV_Si	3	nan	0.152583	nan	nan	nan	nan	nan	3	0	0	nan	0.000000	nan
OTU_515_18S_3_200	ENV_Si	5	nan	0.176589	nan	nan	nan	nan	nan	2	3	0	nan	0.000000	nan
OTU_512_18S_3_200	ENV_Si	2	nan	0.250399	nan	nan	nan	nan	nan	1	1	0	nan	0.000000	nan
OTU_582_18S_3_200	ENV_Si	3	nan	0.294588	nan	nan	nan	nan	nan	3	0	0	nan	0.000000	nan
OTU_624_18S_3_200	ENV_Si	1	nan	0.336776	nan	nan	nan	nan	nan	0	1	0	nan	0.000000	nan
OTU_564_18S_3_200	ENV_Si	1	nan	0.153707	nan	nan	nan	nan	nan	1	0	0	nan	0.000000	nan
OTU_670_18S_3_200	ENV_Si	2	nan	0.272201	nan	nan	nan	nan	nan	2	0	0	nan	0.000000	nan
OTU_691_18S_3_200	ENV_Si	2	nan	0.329878	nan	nan	nan	nan	nan	0	1	1	nan	0.000000	nan
OTU_722_18S_3_200	ENV_Si	2	nan	0.265809	nan	nan	nan	nan	nan	1	1	0	nan	0.000000	nan
OTU_747_18S_3_200	ENV_Si	1	nan	0.312005	nan	nan	nan	nan	nan	0	1	0	nan	0.000000	nan
OTU_714_18S_3_200	ENV_Si	3	nan	0.246101	nan	nan	nan	nan	nan	0	3	0	nan	0.000000	nan
OTU_761_18S_3_200	ENV_Si	2	nan	0.286742	nan	nan	nan	nan	nan	2	0	0	nan	0.000000	nan
OTU_973_18S_3_200	ENV_Si	1	nan	0.269316	nan	nan	nan	nan	nan	0	1	0	nan	0.000000	nan
OTU_1019_18S_3_200	ENV_Si	3	nan	0.279844	nan	nan	nan	nan	nan	2	1	0	nan	0.000000	nan
OTU_2120_18S_3_200	ENV_Si	1	nan	0.198788	nan	nan	nan	nan	nan	1	0	0	nan	0.000000	nan
OTU_982_18S_3_200	ENV_Si	1	nan	0.174385	nan	nan	nan	nan	nan	1	0	0	nan	0.000000	nan
OTU_1114_18S_3_200	ENV_Si	3	nan	0.318022	nan	nan	nan	nan	nan	0	3	0	nan	0.000000	nan
OTU_1144_18S_3_200	ENV_Si	1	nan	0.327079	nan	nan	nan	nan	nan	0	1	0	nan	0.000000	nan
OTU_1207_18S_3_200	ENV_Si	2	nan	0.234351	nan	nan	nan	nan	nan	0	2	0	nan	0.000000	nan
OTU_1214_18S_3_200	ENV_Si	2	nan	0.214438	nan	nan	nan	nan	nan	1	1	0	nan	0.000000	nan
OTU_1233_18S_3_200	ENV_Si	3	nan	0.140642	nan	nan	nan	nan	nan	3	0	0	nan	0.000000	nan
OTU_1202_18S_3_200	ENV_Si	3	nan	0.281236	nan	nan	nan	nan	nan	0	3	0	nan	0.000000	nan
OTU_1313_18S_3_200	ENV_Si	3	nan	0.347388	nan	nan	nan	nan	nan	0	3	0	nan	0.000000	nan
OTU_1444_18S_3_200	ENV_Si	3	nan	0.376367	nan	nan	nan	nan	nan	2	1	0	nan	0.000000	nan
OTU_1364_18S_3_200	ENV_Si	3	nan	0.244416	nan	nan	nan	nan	nan	3	0	0	nan	0.000000	nan
OTU_1485_18S_3_200	ENV_Si	4	nan	0.097024	nan	nan	nan	nan	nan	4	0	0	nan	0.000000	nan
OTU_1514_18S_3_200	ENV_Si	1	nan	0.154787	nan	nan	nan	nan	nan	1	0	0	nan	0.000000	nan
OTU_1509_18S_3_200	ENV_Si	4	nan	0.276045	nan	nan	nan	nan	nan	1	3	0	nan	0.000000	nan
OTU_1365_18S_3_200	ENV_Si	3	nan	0.146397	nan	nan	nan	nan	nan	2	1	0	nan	0.000000	nan
OTU_1274_18S_3_200	ENV_Si	2	nan	0.216100	nan	nan	nan	nan	nan	1	1	0	nan	0.000000	nan
OTU_1477_18S_3_200	ENV_Si	3	nan	0.247892	nan	nan	nan	nan	nan	1	2	0	nan	0.000000	nan
OTU_6332_18S_3_200	ENV_Si	4	nan	0.140642	nan	nan	nan	nan	nan	4	0	0	nan	0.000000	nan
OTU_1367_18S_3_200	ENV_Si	1	nan	0.303038	nan	nan	nan	nan	nan	1	0	0	nan	0.000000	nan
OTU_1577_18S_3_200	ENV_Si	2	nan	0.438227	nan	nan	nan	nan	nan	0	1	1	nan	0.000000	nan
OTU_1778_18S_3_200	ENV_Si	2	nan	0.188339	nan	nan	nan	nan	nan	1	1	0	nan	0.000000	nan
OTU_1819_18S_3_200	ENV_Si	3	nan	0.302179	nan	nan	nan	nan	nan	2	1	0	nan	0.000000	nan
OTU_1886_18S_3_200	ENV_Si	4	nan	0.176589	nan	nan	nan	nan	nan	2	2	0	nan	0.000000	nan
OTU_1934_18S_3_200	ENV_Si	2	nan	0.128892	nan	nan	nan	nan	nan	2	0	0	nan	0.000000	nan
OTU_2515_18S_3_200	ENV_Si	1	nan	0.150629	nan	nan	nan	nan	nan	1	0	0	nan	0.000000	nan
OTU_1884_18S_3_200	ENV_Si	2	nan	0.272579	nan	nan	nan	nan	nan	1	1	0	nan	0.000000	nan
OTU_2035_18S_3_200	ENV_Si	4	nan	0.220207	nan	nan	nan	nan	nan	1	3	0	nan	0.000000	nan
OTU_2037_18S_3_200	ENV_Si	4	nan	0.169421	nan	nan	nan	nan	nan	2	2	0	nan	0.000000	nan
OTU_1967_18S_3_200	ENV_Si	3	nan	0.231864	nan	nan	nan	nan	nan	2	1	0	nan	0.000000	nan
OTU_2058_18S_3_200	ENV_Si	3	nan	0.221167	nan	nan	nan	nan	nan	1	2	0	nan	0.000000	nan
OTU_2155_18S_3_200	ENV_Si	5	nan	0.167736	nan	nan	nan	nan	nan	4	1	0	nan	0.000000	nan
OTU_2094_18S_3_200	ENV_Si	3	nan	0.167950	nan	nan	nan	nan	nan	3	0	0	nan	0.000000	nan
OTU_2105_18S_3_200	ENV_Si	1	nan	0.228597	nan	nan	nan	nan	nan	0	1	0	nan	0.000000	nan
OTU_2203_18S_3_200	ENV_Si	2	nan	0.176589	nan	nan	nan	nan	nan	1	1	0	nan	0.000000	nan
OTU_2309_18S_3_200	ENV_Si	4	nan	0.234351	nan	nan	nan	nan	nan	1	3	0	nan	0.000000	nan
OTU_2297_18S_3_200	ENV_Si	4	nan	0.378794	nan	nan	nan	nan	nan	0	4	0	nan	0.000000	nan
OTU_2344_18S_3_200	ENV_Si	4	nan	0.176589	nan	nan	nan	nan	nan	4	0	0	nan	0.000000	nan
OTU_2398_18S_3_200	ENV_Si	3	nan	0.464122	nan	nan	nan	nan	nan	0	3	0	nan	0.000000	nan
OTU_2429_18S_3_200	ENV_Si	1	nan	0.167736	nan	nan	nan	nan	nan	1	0	0	nan	0.000000	nan
OTU_1926_18S_3_200	ENV_Si	3	nan	0.282729	nan	nan	nan	nan	nan	1	2	0	nan	0.000000	nan
OTU_2603_18S_3_200	ENV_Si	1	nan	0.377197	nan	nan	nan	nan	nan	0	1	0	nan	0.000000	nan
OTU_2631_18S_3_200	ENV_Si	4	nan	0.385219	nan	nan	nan	nan	nan	0	4	0	nan	0.000000	nan
OTU_2503_18S_3_200	ENV_Si	3	nan	0.236618	nan	nan	nan	nan	nan	0	3	0	nan	0.000000	nan
OTU_2557_18S_3_200	ENV_Si	4	nan	0.218984	nan	nan	nan	nan	nan	2	2	0	nan	0.000000	nan
OTU_2572_18S_3_200	ENV_Si	2	nan	0.305277	nan	nan	nan	nan	nan	1	0	1	nan	0.000000	nan
OTU_2510_18S_3_200	ENV_Si	4	nan	0.232526	nan	nan	nan	nan	nan	0	4	0	nan	0.000000	nan
OTU_3314_18S_3_200	ENV_Si	3	nan	0.139420	nan	nan	nan	nan	nan	3	0	0	nan	0.000000	nan
OTU_2419_18S_3_200	ENV_Si	5	nan	0.234351	nan	nan	nan	nan	nan	2	3	0	nan	0.000000	nan
OTU_2700_18S_3_200	ENV_Si	2	nan	0.128892	nan	nan	nan	nan	nan	2	0	0	nan	0.000000	nan
OTU_2744_18S_3_200	ENV_Si	2	nan	0.246101	nan	nan	nan	nan	nan	1	1	0	nan	0.000000	nan
OTU_2635_18S_3_200	ENV_Si	6	nan	0.351551	nan	nan	nan	nan	nan	0	6	0	nan	0.000000	nan
OTU_2732_18S_3_200	ENV_Si	3	nan	0.220207	nan	nan	nan	nan	nan	1	2	0	nan	0.000000	nan
OTU_3113_18S_3_200	ENV_Si	1	nan	0.247301	nan	nan	nan	nan	nan	0	1	0	nan	0.000000	nan
OTU_3167_18S_3_200	ENV_Si	3	nan	0.224299	nan	nan	nan	nan	nan	1	2	0	nan	0.000000	nan
OTU_3083_18S_3_200	ENV_Si	2	nan	0.154787	nan	nan	nan	nan	nan	1	1	0	nan	0.000000	nan
OTU_3223_18S_3_200	ENV_Si	2	nan	0.368061	nan	nan	nan	nan	nan	1	1	0	nan	0.000000	nan
OTU_3338_18S_3_200	ENV_Si	3	nan	0.176589	nan	nan	nan	nan	nan	3	0	0	nan	0.000000	nan
OTU_3386_18S_3_200	ENV_Si	5	nan	0.234351	nan	nan	nan	nan	nan	1	4	0	nan	0.000000	nan
OTU_3389_18S_3_200	ENV_Si	2	nan	0.218984	nan	nan	nan	nan	nan	0	2	0	nan	0.000000	nan
OTU_2998_18S_3_200	ENV_Si	1	nan	0.272584	nan	nan	nan	nan	nan	0	1	0	nan	0.000000	nan
OTU_3454_18S_3_200	ENV_Si	2	nan	0.282729	nan	nan	nan	nan	nan	0	2	0	nan	0.000000	nan
OTU_3603_18S_3_200	ENV_Si	4	nan	0.121094	nan	nan	nan	nan	nan	4	0	0	nan	0.000000	nan
OTU_3704_18S_3_200	ENV_Si	2	nan	0.347388	nan	nan	nan	nan	nan	0	2	0	nan	0.000000	nan
OTU_3738_18S_3_200	ENV_Si	2	nan	0.205382	nan	nan	nan	nan	nan	0	2	0	nan	0.000000	nan
OTU_3773_18S_3_200	ENV_Si	3	nan	0.379321	nan	nan	nan	nan	nan	2	1	0	nan	0.000000	nan
OTU_3944_18S_3_200	ENV_Si	2	nan	0.097024	nan	nan	nan	nan	nan	2	0	0	nan	0.000000	nan
OTU_3994_18S_3_200	ENV_Si	4	nan	0.259051	nan	nan	nan	nan	nan	0	4	0	nan	0.000000	nan
OTU_4002_18S_3_200	ENV_Si	2	nan	0.359941	nan	nan	nan	nan	nan	0	2	0	nan	0.000000	nan
OTU_3532_18S_3_200	ENV_Si	4	nan	0.128892	nan	nan	nan	nan	nan	4	0	0	nan	0.000000	nan
OTU_3744_18S_3_200	ENV_Si	3	nan	0.257794	nan	nan	nan	nan	nan	2	1	0	nan	0.000000	nan
OTU_4181_18S_3_200	ENV_Si	2	nan	0.176589	nan	nan	nan	nan	nan	1	1	0	nan	0.000000	nan
OTU_4075_18S_3_200	ENV_Si	4	nan	0.118826	nan	nan	nan	nan	nan	3	1	0	nan	0.000000	nan
OTU_4389_18S_3_200	ENV_Si	4	nan	0.208456	nan	nan	nan	nan	nan	3	1	0	nan	0.000000	nan
OTU_4115_18S_3_200	ENV_Si	3	nan	0.339824	nan	nan	nan	nan	nan	1	2	0	nan	0.000000	nan
OTU_4260_18S_3_200	ENV_Si	2	nan	0.371692	nan	nan	nan	nan	nan	0	2	0	nan	0.000000	nan
OTU_3576_18S_3_200	ENV_Si	5	nan	0.247301	nan	nan	nan	nan	nan	1	4	0	nan	0.000000	nan
OTU_4154_18S_3_200	ENV_Si	6	nan	0.188339	nan	nan	nan	nan	nan	3	3	0	nan	0.000000	nan
OTU_4135_18S_3_200	ENV_Si	2	nan	0.202483	nan	nan	nan	nan	nan	0	2	0	nan	0.000000	nan
OTU_4921_18S_3_200	ENV_Si	3	nan	0.260246	nan	nan	nan	nan	nan	2	1	0	nan	0.000000	nan
OTU_4463_18S_3_200	ENV_Si	2	nan	0.236027	nan	nan	nan	nan	nan	2	0	0	nan	0.000000	nan
OTU_4276_18S_3_200	ENV_Si	7	nan	0.303864	nan	nan	nan	nan	nan	0	7	0	nan	0.000000	nan
OTU_4392_18S_3_200	ENV_Si	4	nan	0.323364	nan	nan	nan	nan	nan	1	3	0	nan	0.000000	nan
OTU_5536_18S_3_200	ENV_Si	2	nan	0.260246	nan	nan	nan	nan	nan	1	1	0	nan	0.000000	nan
OTU_5527_18S_3_200	ENV_Si	2	nan	0.222614	nan	nan	nan	nan	nan	2	0	0	nan	0.000000	nan
OTU_5090_18S_3_200	ENV_Si	4	nan	0.210724	nan	nan	nan	nan	nan	2	2	0	nan	0.000000	nan
OTU_5861_18S_3_200	ENV_Si	3	nan	0.247301	nan	nan	nan	nan	nan	0	3	0	nan	0.000000	nan
OTU_6104_18S_3_200	ENV_Si	4	nan	0.169421	nan	nan	nan	nan	nan	3	1	0	nan	0.000000	nan
OTU_5282_18S_3_200	ENV_Si	3	nan	0.260260	nan	nan	nan	nan	nan	1	2	0	nan	0.000000	nan
OTU_6274_18S_3_200	ENV_Si	2	nan	0.176589	nan	nan	nan	nan	nan	2	0	0	nan	0.000000	nan
OTU_5402_18S_3_200	ENV_Si	1	nan	0.260246	nan	nan	nan	nan	nan	0	1	0	nan	0.000000	nan
OTU_6854_18S_3_200	ENV_Si	2	nan	0.204826	nan	nan	nan	nan	nan	0	2	0	nan	0.000000	nan
OTU_5512_18S_3_200	ENV_Si	3	nan	0.171048	nan	nan	nan	nan	nan	2	1	0	nan	0.000000	nan
OTU_7128_18S_3_200	ENV_Si	3	nan	0.226628	nan	nan	nan	nan	nan	2	1	0	nan	0.000000	nan
OTU_7531_18S_3_200	ENV_Si	3	nan	0.208456	nan	nan	nan	nan	nan	2	1	0	nan	0.000000	nan
