Source	Target	num_triplets	ENVs	MutualInformation	ConditionalMutualInformation	InteractionInformation	II_p_value	DataProcessingInequality_MI_rank	DataProcessingInequality_indirect	DPI_num_MI_rank1	DPI_num_MI_rank2	DPI_num_MI_rank3	COMBI_II_DPI	portion_nan_Source_Target	portion_nan_Source_Target_ENV
ASV_2_16S_022_3	ASV_6_16S_022_3	1	ENV_NO2	0.485888	0.072326	-0.413561	0.418581	3.000000	1.000000	0	0	1	1.000000	0.000000	0.000000
ASV_3_16S_022_3	ASV_7_16S_022_3	1	ENV_NO2	0.679927	0.679717	-0.000210	0.667333	3.000000	1.000000	0	0	1	1.000000	0.000000	0.000000
ASV_3_16S_022_3	ASV_8_16S_022_3	1	ENV_NO2	0.593437	0.156798	-0.436639	0.000999	3.000000	1.000000	0	0	1	1.000000	0.000000	0.000000
ASV_4_16S_022_3	ASV_13_16S_022_3	1	ENV_NO2	0.617159	0.360482	-0.256677	0.418581	3.000000	1.000000	0	0	1	1.000000	0.000000	0.000000
ASV_13_16S_022_3	ASV_14_16S_022_3	1	ENV_NO2	0.617159	0.692602	0.075444	nan	3.000000	1.000000	0	0	1	1.000000	0.000000	0.000000
ASV_1_16S_022_3	ASV_20_16S_022_3	1	ENV_NO2	0.785546	0.735642	-0.049905	0.084915	3.000000	1.000000	0	0	1	1.000000	0.000000	0.000000
ASV_19_16S_022_3	ASV_23_16S_022_3	1	ENV_NO2	0.629019	0.478742	-0.150276	0.667333	3.000000	1.000000	0	0	1	1.000000	0.000000	0.000000
ASV_1_16S_022_3	ASV_34_16S_022_3	1	ENV_NO2	0.647130	0.813183	0.166053	nan	3.000000	1.000000	0	0	1	1.000000	0.000000	0.000000
ASV_26_16S_022_3	ASV_35_16S_022_3	1	ENV_NO2	0.725830	0.334790	-0.391040	0.250749	3.000000	1.000000	0	0	1	1.000000	0.000000	0.000000
ASV_20_16S_022_3	ASV_47_16S_022_3	1	ENV_NO2	0.425400	0.220984	-0.204417	0.416583	3.000000	1.000000	0	0	1	1.000000	0.000000	0.000000
ASV_44_16S_022_3	ASV_51_16S_022_3	1	ENV_NO2	0.182496	-0.025648	-0.208144	0.167832	1.000000	0.000000	1	0	0	1.000000	0.000000	0.000000
ASV_47_16S_022_3	ASV_57_16S_022_3	1	ENV_NO2	0.737447	0.456940	-0.280507	0.750250	3.000000	1.000000	0	0	1	1.000000	0.000000	0.000000
ASV_34_16S_022_3	ASV_60_16S_022_3	1	ENV_NO2	0.717763	1.103361	0.385598	nan	3.000000	1.000000	0	0	1	1.000000	0.000000	0.000000
ASV_9_16S_022_3	ASV_65_16S_022_3	1	ENV_NO2	0.677322	0.153406	-0.523916	0.000999	3.000000	1.000000	0	0	1	1.000000	0.000000	0.000000
ASV_34_16S_022_3	ASV_72_16S_022_3	1	ENV_NO2	0.758601	0.485821	-0.272780	0.667333	3.000000	1.000000	0	0	1	1.000000	0.000000	0.000000
ASV_30_16S_022_3	ASV_81_16S_022_3	1	ENV_NO2	0.604538	0.152498	-0.452040	0.334665	3.000000	1.000000	0	0	1	1.000000	0.000000	0.000000
ASV_32_16S_022_3	ASV_81_16S_022_3	1	ENV_NO2	0.863480	0.415360	-0.448121	0.417582	3.000000	1.000000	0	0	1	1.000000	0.000000	0.000000
ASV_27_16S_022_3	ASV_83_16S_022_3	1	ENV_NO2	0.649150	0.772969	0.123820	nan	3.000000	1.000000	0	0	1	1.000000	0.000000	0.000000
ASV_78_16S_022_3	ASV_83_16S_022_3	1	ENV_NO2	0.519000	0.255428	-0.263571	0.249750	3.000000	1.000000	0	0	1	1.000000	0.000000	0.000000
ASV_14_16S_022_3	ASV_89_16S_022_3	1	ENV_NO2	0.694425	0.697510	0.003085	nan	3.000000	1.000000	0	0	1	1.000000	0.000000	0.000000
ASV_25_16S_022_3	ASV_89_16S_022_3	1	ENV_NO2	0.810153	0.942061	0.131908	nan	3.000000	1.000000	0	0	1	1.000000	0.000000	0.000000
ASV_32_16S_022_3	ASV_93_16S_022_3	1	ENV_NO2	1.032176	0.577372	-0.454804	0.167832	3.000000	1.000000	0	0	1	1.000000	0.000000	0.000000
ASV_88_16S_022_3	ASV_101_16S_022_3	1	ENV_NO2	0.542557	-0.183102	-0.725659	0.750250	3.000000	1.000000	0	0	1	1.000000	0.000000	0.000000
ASV_8_16S_022_3	ASV_105_16S_022_3	1	ENV_NO2	0.381678	0.067419	-0.314259	0.000999	2.000000	1.000000	0	1	0	1.000000	0.000000	0.000000
ASV_57_16S_022_3	ASV_122_16S_022_3	1	ENV_NO2	0.453598	0.086143	-0.367455	0.584416	2.000000	1.000000	0	1	0	1.000000	0.000000	0.000000
ASV_119_16S_022_3	ASV_122_16S_022_3	1	ENV_NO2	0.649691	0.693212	0.043520	nan	2.000000	1.000000	0	1	0	1.000000	0.000000	0.000000
ASV_57_16S_022_3	ASV_123_16S_022_3	1	ENV_NO2	0.662935	0.632399	-0.030537	0.917083	3.000000	1.000000	0	0	1	1.000000	0.000000	0.000000
ASV_99_16S_022_3	ASV_123_16S_022_3	1	ENV_NO2	0.813038	0.632399	-0.180639	0.917083	3.000000	1.000000	0	0	1	1.000000	0.000000	0.000000
ASV_66_16S_022_3	ASV_124_16S_022_3	1	ENV_NO2	0.688487	0.081080	-0.607408	0.251748	3.000000	1.000000	0	0	1	1.000000	0.000000	0.000000
ASV_19_16S_022_3	ASV_126_16S_022_3	1	ENV_NO2	0.848331	0.423808	-0.424523	0.667333	3.000000	1.000000	0	0	1	1.000000	0.000000	0.000000
ASV_68_16S_022_3	ASV_128_16S_022_3	1	ENV_NO2	1.013428	0.403883	-0.609545	0.167832	3.000000	1.000000	0	0	1	1.000000	0.000000	0.000000
ASV_9_16S_022_3	ASV_129_16S_022_3	1	ENV_NO2	0.875171	0.485821	-0.389350	0.251748	3.000000	1.000000	0	0	1	1.000000	0.000000	0.000000
ASV_75_16S_022_3	ASV_129_16S_022_3	1	ENV_NO2	0.695917	0.244957	-0.450960	0.083916	3.000000	1.000000	0	0	1	1.000000	0.000000	0.000000
ASV_10_16S_022_3	ASV_131_16S_022_3	1	ENV_NO2	0.711994	0.689542	-0.022452	0.666334	3.000000	1.000000	0	0	1	1.000000	0.000000	0.000000
ASV_45_16S_022_3	ASV_135_16S_022_3	1	ENV_NO2	0.589463	0.387847	-0.201616	0.000999	3.000000	1.000000	0	0	1	1.000000	0.000000	0.000000
ASV_66_16S_022_3	ASV_139_16S_022_3	1	ENV_NO2	0.783264	0.143749	-0.639515	0.251748	3.000000	1.000000	0	0	1	1.000000	0.000000	0.000000
ASV_23_16S_022_3	ASV_149_16S_022_3	1	ENV_NO2	0.763461	0.375204	-0.388256	0.334665	3.000000	1.000000	0	0	1	1.000000	0.000000	0.000000
ASV_2_16S_022_3	ASV_156_16S_022_3	1	ENV_NO2	0.545441	0.213848	-0.331593	0.585415	3.000000	1.000000	0	0	1	1.000000	0.000000	0.000000
ASV_33_16S_022_3	ASV_156_16S_022_3	1	ENV_NO2	0.539841	0.174495	-0.365346	0.333666	3.000000	1.000000	0	0	1	1.000000	0.000000	0.000000
ASV_54_16S_022_3	ASV_156_16S_022_3	1	ENV_NO2	0.580606	0.129433	-0.451174	0.166833	3.000000	1.000000	0	0	1	1.000000	0.000000	0.000000
ASV_15_16S_022_3	ASV_158_16S_022_3	1	ENV_NO2	0.676736	0.558307	-0.118429	0.250749	3.000000	1.000000	0	0	1	1.000000	0.000000	0.000000
ASV_93_16S_022_3	ASV_160_16S_022_3	1	ENV_NO2	0.742991	0.167067	-0.575924	0.083916	3.000000	1.000000	0	0	1	1.000000	0.000000	0.000000
ASV_144_16S_022_3	ASV_161_16S_022_3	1	ENV_NO2	0.797950	0.001718	-0.796231	0.000999	3.000000	1.000000	0	0	1	1.000000	0.000000	0.000000
ASV_11_16S_022_3	ASV_163_16S_022_3	1	ENV_NO2	0.695917	0.473835	-0.222082	0.500500	3.000000	1.000000	0	0	1	1.000000	0.000000	0.000000
ASV_45_16S_022_3	ASV_164_16S_022_3	1	ENV_NO2	0.389849	0.000000	-0.389849	0.083916	2.000000	1.000000	0	1	0	1.000000	0.000000	0.000000
ASV_131_16S_022_3	ASV_164_16S_022_3	1	ENV_NO2	0.284976	-0.028881	-0.313857	0.332667	2.000000	1.000000	0	1	0	1.000000	0.000000	0.000000
ASV_17_16S_022_3	ASV_166_16S_022_3	1	ENV_NO2	0.231999	0.028066	-0.203933	0.666334	2.000000	1.000000	0	1	0	1.000000	0.000000	0.000000
ASV_61_16S_022_3	ASV_168_16S_022_3	1	ENV_NO2	0.564941	0.085987	-0.478954	0.583417	3.000000	1.000000	0	0	1	1.000000	0.000000	0.000000
ASV_50_16S_022_3	ASV_169_16S_022_3	1	ENV_NO2	0.419309	0.136485	-0.282824	0.333666	1.000000	0.000000	1	0	0	1.000000	0.000000	0.000000
ASV_72_16S_022_3	ASV_169_16S_022_3	1	ENV_NO2	0.684687	0.530884	-0.153803	0.500500	3.000000	1.000000	0	0	1	1.000000	0.000000	0.000000
ASV_65_16S_022_3	ASV_175_16S_022_3	1	ENV_NO2	0.866443	0.360286	-0.506156	0.000999	3.000000	1.000000	0	0	1	1.000000	0.000000	0.000000
ASV_123_16S_022_3	ASV_175_16S_022_3	1	ENV_NO2	0.682226	0.404039	-0.278187	0.834166	3.000000	1.000000	0	0	1	1.000000	0.000000	0.000000
ASV_25_16S_022_3	ASV_185_16S_022_3	1	ENV_NO2	0.524226	1.082215	0.557989	nan	2.000000	1.000000	0	1	0	1.000000	0.000000	0.000000
ASV_122_16S_022_3	ASV_185_16S_022_3	1	ENV_NO2	0.849540	0.669238	-0.180302	0.667333	3.000000	1.000000	0	0	1	1.000000	0.000000	0.000000
ASV_32_16S_022_3	ASV_187_16S_022_3	1	ENV_NO2	0.669774	0.144609	-0.525165	0.167832	3.000000	1.000000	0	0	1	1.000000	0.000000	0.000000
ASV_74_16S_022_3	ASV_192_16S_022_3	1	ENV_NO2	0.566234	0.854373	0.288139	nan	3.000000	1.000000	0	0	1	1.000000	0.000000	0.000000
ASV_75_16S_022_3	ASV_193_16S_022_3	1	ENV_NO2	0.926220	0.348495	-0.577725	0.083916	3.000000	1.000000	0	0	1	1.000000	0.000000	0.000000
ASV_61_16S_022_3	ASV_196_16S_022_3	1	ENV_NO2	0.445865	0.052198	-0.393667	0.083916	3.000000	1.000000	0	0	1	1.000000	0.000000	0.000000
ASV_2_16S_022_3	ASV_197_16S_022_3	1	ENV_NO2	0.359671	0.780705	0.421033	nan	2.000000	1.000000	0	1	0	1.000000	0.000000	0.000000
ASV_119_16S_022_3	ASV_199_16S_022_3	1	ENV_NO2	0.639288	0.683599	0.044311	nan	3.000000	1.000000	0	0	1	1.000000	0.000000	0.000000
ASV_148_16S_022_3	ASV_204_16S_022_3	1	ENV_NO2	0.505925	0.242073	-0.263852	0.249750	2.000000	1.000000	0	1	0	1.000000	0.000000	0.000000
ASV_163_16S_022_3	ASV_204_16S_022_3	1	ENV_NO2	0.604655	0.244244	-0.360411	0.000999	3.000000	1.000000	0	0	1	1.000000	0.000000	0.000000
ASV_58_16S_022_3	ASV_210_16S_022_3	1	ENV_NO2	0.231575	0.115525	-0.116051	0.500500	3.000000	1.000000	0	0	1	1.000000	0.000000	0.000000
ASV_204_16S_022_3	ASV_212_16S_022_3	1	ENV_NO2	0.841473	0.473122	-0.368351	0.167832	3.000000	1.000000	0	0	1	1.000000	0.000000	0.000000
ASV_59_16S_022_3	ASV_214_16S_022_3	1	ENV_NO2	0.452202	0.860083	0.407881	nan	3.000000	1.000000	0	0	1	1.000000	0.000000	0.000000
ASV_14_16S_022_3	ASV_217_16S_022_3	1	ENV_NO2	0.611976	0.948846	0.336870	nan	3.000000	1.000000	0	0	1	1.000000	0.000000	0.000000
ASV_197_16S_022_3	ASV_225_16S_022_3	1	ENV_NO2	0.855975	0.758959	-0.097016	0.583417	3.000000	1.000000	0	0	1	1.000000	0.000000	0.000000
ASV_2_16S_022_3	ASV_226_16S_022_3	1	ENV_NO2	0.390241	0.046927	-0.343314	0.583417	3.000000	1.000000	0	0	1	1.000000	0.000000	0.000000
ASV_81_16S_022_3	ASV_226_16S_022_3	1	ENV_NO2	0.670400	0.290020	-0.380380	0.417582	3.000000	1.000000	0	0	1	1.000000	0.000000	0.000000
ASV_154_16S_022_3	ASV_227_16S_022_3	1	ENV_NO2	0.799421	0.069093	-0.730328	0.167832	3.000000	1.000000	0	0	1	1.000000	0.000000	0.000000
ASV_160_16S_022_3	ASV_233_16S_022_3	1	ENV_NO2	0.894476	0.423125	-0.471351	0.251748	3.000000	1.000000	0	0	1	1.000000	0.000000	0.000000
ASV_110_16S_022_3	ASV_235_16S_022_3	1	ENV_NO2	0.764674	1.122427	0.357753	nan	3.000000	1.000000	0	0	1	1.000000	0.000000	0.000000
ASV_26_16S_022_3	ASV_237_16S_022_3	1	ENV_NO2	0.652313	0.717888	0.065576	nan	3.000000	1.000000	0	0	1	1.000000	0.000000	0.000000
ASV_128_16S_022_3	ASV_238_16S_022_3	1	ENV_NO2	0.889797	0.257759	-0.632038	0.416583	3.000000	1.000000	0	0	1	1.000000	0.000000	0.000000
ASV_67_16S_022_3	ASV_246_16S_022_3	1	ENV_NO2	0.403475	0.045119	-0.358356	0.000999	1.000000	0.000000	1	0	0	0.000000	0.000000	0.000000
ASV_35_16S_022_3	ASV_249_16S_022_3	1	ENV_NO2	0.540925	0.218609	-0.322316	0.250749	3.000000	1.000000	0	0	1	1.000000	0.000000	0.000000
ASV_37_16S_022_3	ASV_249_16S_022_3	1	ENV_NO2	0.349844	-0.012802	-0.362646	0.166833	2.000000	1.000000	0	1	0	1.000000	0.000000	0.000000
ASV_237_16S_022_3	ASV_249_16S_022_3	1	ENV_NO2	0.528721	0.535645	0.006924	nan	2.000000	1.000000	0	1	0	1.000000	0.000000	0.000000
ASV_235_16S_022_3	ASV_253_16S_022_3	1	ENV_NO2	0.758239	0.998964	0.240725	nan	3.000000	1.000000	0	0	1	1.000000	0.000000	0.000000
ASV_157_16S_022_3	ASV_258_16S_022_3	1	ENV_NO2	0.779325	1.121939	0.342614	nan	3.000000	1.000000	0	0	1	1.000000	0.000000	0.000000
ASV_7_16S_022_3	ASV_263_16S_022_3	1	ENV_NO2	0.526846	0.741585	0.214739	nan	3.000000	1.000000	0	0	1	1.000000	0.000000	0.000000
ASV_27_16S_022_3	ASV_263_16S_022_3	1	ENV_NO2	0.360075	0.787118	0.427043	nan	1.000000	0.000000	1	0	0	1.000000	0.000000	0.000000
ASV_83_16S_022_3	ASV_264_16S_022_3	1	ENV_NO2	0.737645	0.380768	-0.356877	0.833167	3.000000	1.000000	0	0	1	1.000000	0.000000	0.000000
ASV_124_16S_022_3	ASV_268_16S_022_3	1	ENV_NO2	0.713342	0.201512	-0.511831	0.417582	3.000000	1.000000	0	0	1	1.000000	0.000000	0.000000
ASV_170_16S_022_3	ASV_268_16S_022_3	1	ENV_NO2	0.608346	0.206419	-0.401926	0.417582	3.000000	1.000000	0	0	1	1.000000	0.000000	0.000000
ASV_223_16S_022_3	ASV_268_16S_022_3	1	ENV_NO2	0.749964	0.137327	-0.612638	0.417582	3.000000	1.000000	0	0	1	1.000000	0.000000	0.000000
ASV_179_16S_022_3	ASV_271_16S_022_3	1	ENV_NO2	0.639084	0.273497	-0.365587	0.834166	3.000000	1.000000	0	0	1	1.000000	0.000000	0.000000
ASV_45_16S_022_3	ASV_273_16S_022_3	1	ENV_NO2	0.414675	0.376331	-0.038343	0.166833	2.000000	1.000000	0	1	0	1.000000	0.000000	0.000000
ASV_74_16S_022_3	ASV_277_16S_022_3	1	ENV_NO2	0.828061	0.361702	-0.466358	0.000999	3.000000	1.000000	0	0	1	1.000000	0.000000	0.000000
ASV_169_16S_022_3	ASV_277_16S_022_3	1	ENV_NO2	0.801301	0.076853	-0.724448	0.250749	3.000000	1.000000	0	0	1	1.000000	0.000000	0.000000
ASV_106_16S_022_3	ASV_278_16S_022_3	1	ENV_NO2	0.263727	0.291906	0.028180	nan	1.000000	0.000000	1	0	0	1.000000	0.000000	0.000000
ASV_187_16S_022_3	ASV_278_16S_022_3	1	ENV_NO2	0.652233	0.096615	-0.555619	0.167832	3.000000	1.000000	0	0	1	1.000000	0.000000	0.000000
ASV_121_16S_022_3	ASV_284_16S_022_3	1	ENV_NO2	0.795408	0.142390	-0.653018	0.333666	3.000000	1.000000	0	0	1	1.000000	0.000000	0.000000
ASV_228_16S_022_3	ASV_287_16S_022_3	1	ENV_NO2	0.728162	0.074657	-0.653505	0.417582	3.000000	1.000000	0	0	1	1.000000	0.000000	0.000000
ASV_276_16S_022_3	ASV_289_16S_022_3	1	ENV_NO2	0.324443	0.194589	-0.129855	0.501499	2.000000	1.000000	0	1	0	1.000000	0.000000	0.000000
ASV_217_16S_022_3	ASV_290_16S_022_3	1	ENV_NO2	0.662095	0.638185	-0.023909	0.416583	3.000000	1.000000	0	0	1	1.000000	0.000000	0.000000
ASV_6_16S_022_3	ASV_298_16S_022_3	1	ENV_NO2	0.114464	0.134340	0.019876	nan	2.000000	1.000000	0	1	0	1.000000	0.000000	0.000000
ASV_204_16S_022_3	ASV_298_16S_022_3	1	ENV_NO2	0.247275	0.179403	-0.067872	0.583417	2.000000	1.000000	0	1	0	1.000000	0.000000	0.000000
ASV_122_16S_022_3	ASV_299_16S_022_3	1	ENV_NO2	0.542557	0.207076	-0.335481	0.417582	1.000000	0.000000	1	0	0	1.000000	0.000000	0.000000
ASV_88_16S_022_3	ASV_300_16S_022_3	1	ENV_NO2	0.505503	1.142216	0.636713	nan	2.000000	1.000000	0	1	0	1.000000	0.000000	0.000000
ASV_248_16S_022_3	ASV_300_16S_022_3	1	ENV_NO2	0.468051	0.008270	-0.459780	0.000999	2.000000	1.000000	0	1	0	1.000000	0.000000	0.000000
ASV_123_16S_022_3	ASV_301_16S_022_3	1	ENV_NO2	0.682226	0.007938	-0.674287	0.917083	3.000000	1.000000	0	0	1	1.000000	0.000000	0.000000
ASV_179_16S_022_3	ASV_304_16S_022_3	1	ENV_NO2	0.879731	1.130395	0.250664	nan	3.000000	1.000000	0	0	1	1.000000	0.000000	0.000000
ASV_206_16S_022_3	ASV_304_16S_022_3	1	ENV_NO2	0.812575	0.341074	-0.471501	0.166833	3.000000	1.000000	0	0	1	1.000000	0.000000	0.000000
ASV_184_16S_022_3	ASV_306_16S_022_3	1	ENV_NO2	0.627457	0.128370	-0.499087	0.750250	3.000000	1.000000	0	0	1	1.000000	0.000000	0.000000
ASV_6_16S_022_3	ASV_307_16S_022_3	1	ENV_NO2	0.195520	-0.022255	-0.217776	0.249750	1.000000	0.000000	1	0	0	1.000000	0.000000	0.000000
ASV_162_16S_022_3	ASV_308_16S_022_3	1	ENV_NO2	0.704146	0.033789	-0.670358	0.250749	3.000000	1.000000	0	0	1	1.000000	0.000000	0.000000
ASV_299_16S_022_3	ASV_308_16S_022_3	1	ENV_NO2	0.915692	0.062670	-0.853022	0.084915	3.000000	1.000000	0	0	1	1.000000	0.000000	0.000000
ASV_97_16S_022_3	ASV_309_16S_022_3	1	ENV_NO2	0.942377	0.143952	-0.798424	0.167832	3.000000	1.000000	0	0	1	1.000000	0.000000	0.000000
ASV_145_16S_022_3	ASV_311_16S_022_3	1	ENV_NO2	0.510933	0.160644	-0.350289	0.498501	3.000000	1.000000	0	0	1	1.000000	0.000000	0.000000
ASV_154_16S_022_3	ASV_316_16S_022_3	1	ENV_NO2	1.069638	1.145744	0.076107	nan	3.000000	1.000000	0	0	1	1.000000	0.000000	0.000000
ASV_67_16S_022_3	ASV_317_16S_022_3	1	ENV_NO2	0.583943	0.717435	0.133492	nan	3.000000	1.000000	0	0	1	1.000000	0.000000	0.000000
ASV_97_16S_022_3	ASV_317_16S_022_3	1	ENV_NO2	0.697169	0.942061	0.244892	nan	3.000000	1.000000	0	0	1	1.000000	0.000000	0.000000
ASV_189_16S_022_3	ASV_318_16S_022_3	1	ENV_NO2	0.769896	0.122465	-0.647431	0.167832	3.000000	1.000000	0	0	1	1.000000	0.000000	0.000000
ASV_161_16S_022_3	ASV_320_16S_022_3	1	ENV_NO2	0.697169	-0.010268	-0.707438	0.167832	3.000000	1.000000	0	0	1	1.000000	0.000000	0.000000
ASV_35_16S_022_3	ASV_324_16S_022_3	1	ENV_NO2	0.462451	0.538991	0.076540	nan	2.000000	1.000000	0	1	0	1.000000	0.000000	0.000000
ASV_89_16S_022_3	ASV_324_16S_022_3	1	ENV_NO2	0.945137	0.794781	-0.150357	0.668332	3.000000	1.000000	0	0	1	1.000000	0.000000	0.000000
ASV_92_16S_022_3	ASV_325_16S_022_3	1	ENV_NO2	0.917567	0.324521	-0.593046	0.167832	3.000000	1.000000	0	0	1	1.000000	0.000000	0.000000
ASV_110_16S_022_3	ASV_325_16S_022_3	1	ENV_NO2	0.684101	0.226547	-0.457554	0.083916	3.000000	1.000000	0	0	1	1.000000	0.000000	0.000000
ASV_109_16S_022_3	ASV_327_16S_022_3	1	ENV_NO2	0.535331	-0.011987	-0.547318	0.166833	1.000000	0.000000	1	0	0	1.000000	0.000000	0.000000
ASV_152_16S_022_3	ASV_328_16S_022_3	1	ENV_NO2	0.319818	0.374345	0.054527	nan	1.000000	0.000000	1	0	0	1.000000	0.000000	0.000000
ASV_130_16S_022_3	ASV_331_16S_022_3	1	ENV_NO2	0.403391	-0.108445	-0.511836	0.750250	2.000000	1.000000	0	1	0	1.000000	0.000000	0.000000
ASV_162_16S_022_3	ASV_334_16S_022_3	1	ENV_NO2	0.618814	0.119776	-0.499038	0.000999	2.000000	1.000000	0	1	0	1.000000	0.000000	0.000000
ASV_126_16S_022_3	ASV_335_16S_022_3	1	ENV_NO2	0.635071	0.113194	-0.521876	0.167832	3.000000	1.000000	0	0	1	1.000000	0.000000	0.000000
ASV_149_16S_022_3	ASV_335_16S_022_3	1	ENV_NO2	0.675044	0.370297	-0.304747	0.333666	3.000000	1.000000	0	0	1	1.000000	0.000000	0.000000
ASV_65_16S_022_3	ASV_337_16S_022_3	1	ENV_NO2	0.614054	0.120782	-0.493272	0.000999	3.000000	1.000000	0	0	1	1.000000	0.000000	0.000000
ASV_291_16S_022_3	ASV_340_16S_022_3	1	ENV_NO2	0.829736	0.232629	-0.597108	0.084915	3.000000	1.000000	0	0	1	1.000000	0.000000	0.000000
ASV_276_16S_022_3	ASV_343_16S_022_3	1	ENV_NO2	0.418827	0.439196	0.020369	nan	3.000000	1.000000	0	0	1	1.000000	0.000000	0.000000
ASV_235_16S_022_3	ASV_345_16S_022_3	1	ENV_NO2	0.781249	1.310437	0.529187	nan	3.000000	1.000000	0	0	1	1.000000	0.000000	0.000000
ASV_262_16S_022_3	ASV_347_16S_022_3	1	ENV_NO2	0.869418	0.028881	-0.840537	0.000999	3.000000	1.000000	0	0	1	1.000000	0.000000	0.000000
ASV_50_16S_022_3	ASV_351_16S_022_3	1	ENV_NO2	0.507557	0.012846	-0.494711	0.251748	2.000000	1.000000	0	1	0	1.000000	0.000000	0.000000
ASV_175_16S_022_3	ASV_357_16S_022_3	1	ENV_NO2	0.645803	0.332118	-0.313685	0.335664	3.000000	1.000000	0	0	1	1.000000	0.000000	0.000000
ASV_121_16S_022_3	ASV_358_16S_022_3	1	ENV_NO2	0.669276	0.434279	-0.234997	0.834166	3.000000	1.000000	0	0	1	1.000000	0.000000	0.000000
ASV_216_16S_022_3	ASV_358_16S_022_3	1	ENV_NO2	0.755355	0.559619	-0.195736	0.834166	3.000000	1.000000	0	0	1	1.000000	0.000000	0.000000
ASV_193_16S_022_3	ASV_360_16S_022_3	1	ENV_NO2	0.444662	0.133481	-0.311181	0.083916	2.000000	1.000000	0	1	0	1.000000	0.000000	0.000000
ASV_233_16S_022_3	ASV_362_16S_022_3	1	ENV_NO2	0.891591	0.423125	-0.468467	0.500500	3.000000	1.000000	0	0	1	1.000000	0.000000	0.000000
ASV_246_16S_022_3	ASV_362_16S_022_3	1	ENV_NO2	0.615606	0.045776	-0.569831	0.000999	3.000000	1.000000	0	0	1	1.000000	0.000000	0.000000
ASV_277_16S_022_3	ASV_362_16S_022_3	1	ENV_NO2	0.429031	0.268904	-0.160127	0.000999	1.000000	0.000000	1	0	0	0.000000	0.000000	0.000000
ASV_274_16S_022_3	ASV_365_16S_022_3	1	ENV_NO2	0.662095	1.521561	0.859466	nan	3.000000	1.000000	0	0	1	1.000000	0.000000	0.000000
ASV_345_16S_022_3	ASV_365_16S_022_3	1	ENV_NO2	0.761323	1.363291	0.601969	nan	3.000000	1.000000	0	0	1	1.000000	0.000000	0.000000
ASV_138_16S_022_3	ASV_369_16S_022_3	1	ENV_NO2	0.840887	0.702665	-0.138222	0.750250	3.000000	1.000000	0	0	1	1.000000	0.000000	0.000000
ASV_267_16S_022_3	ASV_379_16S_022_3	1	ENV_NO2	0.684737	0.264182	-0.420555	0.583417	3.000000	1.000000	0	0	1	1.000000	0.000000	0.000000
ASV_157_16S_022_3	ASV_381_16S_022_3	1	ENV_NO2	0.671230	0.942886	0.271655	nan	3.000000	1.000000	0	0	1	1.000000	0.000000	0.000000
ASV_66_16S_022_3	ASV_383_16S_022_3	1	ENV_NO2	0.673120	0.105571	-0.567550	0.334665	3.000000	1.000000	0	0	1	1.000000	0.000000	0.000000
ASV_320_16S_022_3	ASV_386_16S_022_3	1	ENV_NO2	0.754639	0.513140	-0.241499	0.332667	3.000000	1.000000	0	0	1	1.000000	0.000000	0.000000
ASV_260_16S_022_3	ASV_387_16S_022_3	1	ENV_NO2	0.943262	0.609443	-0.333819	0.917083	3.000000	1.000000	0	0	1	1.000000	0.000000	0.000000
ASV_21_16S_022_3	ASV_388_16S_022_3	1	ENV_NO2	0.514271	0.539332	0.025062	nan	2.000000	1.000000	0	1	0	1.000000	0.000000	0.000000
ASV_7_16S_022_3	ASV_390_16S_022_3	1	ENV_NO2	0.351261	0.528381	0.177120	nan	1.000000	0.000000	1	0	0	1.000000	0.000000	0.000000
ASV_386_16S_022_3	ASV_392_16S_022_3	1	ENV_NO2	0.694922	0.565339	-0.129584	0.334665	3.000000	1.000000	0	0	1	1.000000	0.000000	0.000000
ASV_132_16S_022_3	ASV_396_16S_022_3	1	ENV_NO2	0.691371	0.069093	-0.622278	0.917083	3.000000	1.000000	0	0	1	1.000000	0.000000	0.000000
ASV_311_16S_022_3	ASV_396_16S_022_3	1	ENV_NO2	0.680843	0.172631	-0.508213	0.417582	3.000000	1.000000	0	0	1	1.000000	0.000000	0.000000
ASV_218_16S_022_3	ASV_397_16S_022_3	1	ENV_NO2	0.582530	0.150172	-0.432358	0.333666	3.000000	1.000000	0	0	1	1.000000	0.000000	0.000000
ASV_274_16S_022_3	ASV_400_16S_022_3	1	ENV_NO2	0.541810	0.947793	0.405983	nan	3.000000	1.000000	0	0	1	1.000000	0.000000	0.000000
ASV_193_16S_022_3	ASV_402_16S_022_3	1	ENV_NO2	0.791777	0.358966	-0.432811	0.000999	3.000000	1.000000	0	0	1	1.000000	0.000000	0.000000
ASV_185_16S_022_3	ASV_401_16S_022_3	1	ENV_NO2	0.934609	0.771261	-0.163349	0.417582	3.000000	1.000000	0	0	1	1.000000	0.000000	0.000000
ASV_225_16S_022_3	ASV_401_16S_022_3	1	ENV_NO2	0.764207	0.724829	-0.039378	0.250749	3.000000	1.000000	0	0	1	1.000000	0.000000	0.000000
ASV_312_16S_022_3	ASV_401_16S_022_3	1	ENV_NO2	0.689402	0.664377	-0.025025	0.500500	3.000000	1.000000	0	0	1	1.000000	0.000000	0.000000
ASV_218_16S_022_3	ASV_407_16S_022_3	1	ENV_NO2	0.443995	0.162159	-0.281836	0.417582	3.000000	1.000000	0	0	1	1.000000	0.000000	0.000000
ASV_109_16S_022_3	ASV_408_16S_022_3	1	ENV_NO2	0.395583	0.109978	-0.285605	0.333666	2.000000	1.000000	0	1	0	1.000000	0.000000	0.000000
ASV_153_16S_022_3	ASV_408_16S_022_3	1	ENV_NO2	0.474481	0.125699	-0.348782	0.668332	3.000000	1.000000	0	0	1	1.000000	0.000000	0.000000
ASV_19_16S_022_3	ASV_410_16S_022_3	1	ENV_NO2	0.685895	0.451320	-0.234575	0.417582	3.000000	1.000000	0	0	1	1.000000	0.000000	0.000000
ASV_163_16S_022_3	ASV_410_16S_022_3	1	ENV_NO2	0.865150	0.302007	-0.563144	0.167832	3.000000	1.000000	0	0	1	1.000000	0.000000	0.000000
ASV_189_16S_022_3	ASV_414_16S_022_3	1	ENV_NO2	0.530488	0.052198	-0.478289	0.500500	2.000000	1.000000	0	1	0	1.000000	0.000000	0.000000
ASV_226_16S_022_3	ASV_414_16S_022_3	1	ENV_NO2	0.329969	0.056235	-0.273734	0.000999	2.000000	1.000000	0	1	0	1.000000	0.000000	0.000000
ASV_145_16S_022_3	ASV_421_16S_022_3	1	ENV_NO2	0.767877	0.952827	0.184951	nan	3.000000	1.000000	0	0	1	1.000000	0.000000	0.000000
ASV_154_16S_022_3	ASV_421_16S_022_3	1	ENV_NO2	0.893467	0.952827	0.059360	nan	3.000000	1.000000	0	0	1	1.000000	0.000000	0.000000
ASV_189_16S_022_3	ASV_422_16S_022_3	1	ENV_NO2	0.966193	0.081597	-0.884596	0.250749	3.000000	1.000000	0	0	1	1.000000	0.000000	0.000000
ASV_318_16S_022_3	ASV_422_16S_022_3	1	ENV_NO2	0.932192	0.215522	-0.716671	0.083916	3.000000	1.000000	0	0	1	1.000000	0.000000	0.000000
ASV_388_16S_022_3	ASV_422_16S_022_3	1	ENV_NO2	0.622788	0.848292	0.225504	nan	3.000000	1.000000	0	0	1	1.000000	0.000000	0.000000
ASV_155_16S_022_3	ASV_424_16S_022_3	1	ENV_NO2	0.623912	0.195089	-0.428823	0.917083	3.000000	1.000000	0	0	1	1.000000	0.000000	0.000000
ASV_282_16S_022_3	ASV_425_16S_022_3	1	ENV_NO2	0.756021	0.180569	-0.575453	0.084915	3.000000	1.000000	0	0	1	1.000000	0.000000	0.000000
ASV_309_16S_022_3	ASV_425_16S_022_3	1	ENV_NO2	0.756021	0.239846	-0.516175	0.167832	3.000000	1.000000	0	0	1	1.000000	0.000000	0.000000
ASV_136_16S_022_3	ASV_426_16S_022_3	1	ENV_NO2	0.577260	0.104397	-0.472863	0.333666	3.000000	1.000000	0	0	1	1.000000	0.000000	0.000000
ASV_222_16S_022_3	ASV_426_16S_022_3	1	ENV_NO2	0.657117	0.087503	-0.569615	0.333666	3.000000	1.000000	0	0	1	1.000000	0.000000	0.000000
ASV_424_16S_022_3	ASV_427_16S_022_3	1	ENV_NO2	0.557088	0.228878	-0.328211	0.917083	3.000000	1.000000	0	0	1	1.000000	0.000000	0.000000
ASV_271_16S_022_3	ASV_429_16S_022_3	1	ENV_NO2	0.588503	0.565386	-0.023117	0.749251	3.000000	1.000000	0	0	1	1.000000	0.000000	0.000000
ASV_93_16S_022_3	ASV_430_16S_022_3	1	ENV_NO2	0.718305	0.440046	-0.278259	0.250749	3.000000	1.000000	0	0	1	1.000000	0.000000	0.000000
ASV_132_16S_022_3	ASV_430_16S_022_3	1	ENV_NO2	0.521138	0.266759	-0.254379	0.583417	3.000000	1.000000	0	0	1	1.000000	0.000000	0.000000
ASV_431_16S_022_3	ASV_437_16S_022_3	1	ENV_NO2	0.576937	0.626032	0.049095	nan	3.000000	1.000000	0	0	1	1.000000	0.000000	0.000000
ASV_80_16S_022_3	ASV_440_16S_022_3	1	ENV_NO2	0.534490	0.268931	-0.265559	0.250749	3.000000	1.000000	0	0	1	1.000000	0.000000	0.000000
ASV_434_16S_022_3	ASV_444_16S_022_3	1	ENV_NO2	0.368061	-0.134120	-0.502181	0.583417	3.000000	1.000000	0	0	1	1.000000	0.000000	0.000000
ASV_260_16S_022_3	ASV_448_16S_022_3	1	ENV_NO2	0.640790	0.243239	-0.397552	0.668332	3.000000	1.000000	0	0	1	1.000000	0.000000	0.000000
ASV_348_16S_022_3	ASV_448_16S_022_3	1	ENV_NO2	0.718056	0.145265	-0.572791	0.333666	3.000000	1.000000	0	0	1	1.000000	0.000000	0.000000
ASV_110_16S_022_3	ASV_449_16S_022_3	1	ENV_NO2	0.700397	0.556744	-0.143653	0.000999	3.000000	1.000000	0	0	1	1.000000	0.000000	0.000000
ASV_212_16S_022_3	ASV_449_16S_022_3	1	ENV_NO2	0.658002	0.729375	0.071373	nan	3.000000	1.000000	0	0	1	1.000000	0.000000	0.000000
ASV_121_16S_022_3	ASV_452_16S_022_3	1	ENV_NO2	0.752187	0.045776	-0.706411	0.585415	3.000000	1.000000	0	0	1	1.000000	0.000000	0.000000
ASV_49_16S_022_3	ASV_453_16S_022_3	1	ENV_NO2	0.948768	0.293063	-0.655705	0.667333	3.000000	1.000000	0	0	1	1.000000	0.000000	0.000000
ASV_223_16S_022_3	ASV_456_16S_022_3	1	ENV_NO2	0.785924	0.091551	-0.694373	0.000999	3.000000	1.000000	0	0	1	1.000000	0.000000	0.000000
ASV_389_16S_022_3	ASV_456_16S_022_3	1	ENV_NO2	0.670400	0.000000	-0.670400	0.166833	3.000000	1.000000	0	0	1	1.000000	0.000000	0.000000
ASV_308_16S_022_3	ASV_461_16S_022_3	1	ENV_NO2	1.040536	0.074657	-0.965879	0.084915	3.000000	1.000000	0	0	1	1.000000	0.000000	0.000000
ASV_301_16S_022_3	ASV_462_16S_022_3	1	ENV_NO2	0.835381	0.856389	0.021007	nan	3.000000	1.000000	0	0	1	1.000000	0.000000	0.000000
ASV_153_16S_022_3	ASV_463_16S_022_3	1	ENV_NO2	0.500082	0.632916	0.132834	nan	3.000000	1.000000	0	0	1	1.000000	0.000000	0.000000
ASV_126_16S_022_3	ASV_466_16S_022_3	1	ENV_NO2	0.651104	0.918088	0.266984	nan	3.000000	1.000000	0	0	1	1.000000	0.000000	0.000000
ASV_273_16S_022_3	ASV_466_16S_022_3	1	ENV_NO2	0.599031	0.497281	-0.101750	0.332667	3.000000	1.000000	0	0	1	1.000000	0.000000	0.000000
ASV_41_16S_022_3	ASV_468_16S_022_3	1	ENV_NO2	0.446995	-0.004048	-0.451043	0.083916	2.000000	1.000000	0	1	0	1.000000	0.000000	0.000000
ASV_345_16S_022_3	ASV_473_16S_022_3	1	ENV_NO2	0.781995	1.048288	0.266293	nan	3.000000	1.000000	0	0	1	1.000000	0.000000	0.000000
ASV_63_16S_022_3	ASV_475_16S_022_3	1	ENV_NO2	0.308623	0.290020	-0.018603	0.833167	2.000000	1.000000	0	1	0	1.000000	0.000000	0.000000
ASV_182_16S_022_3	ASV_475_16S_022_3	1	ENV_NO2	0.449580	0.327349	-0.122231	0.833167	3.000000	1.000000	0	0	1	1.000000	0.000000	0.000000
ASV_295_16S_022_3	ASV_475_16S_022_3	1	ENV_NO2	0.516195	0.172130	-0.344064	0.335664	3.000000	1.000000	0	0	1	1.000000	0.000000	0.000000
ASV_453_16S_022_3	ASV_476_16S_022_3	1	ENV_NO2	0.789639	0.125340	-0.664299	0.750250	3.000000	1.000000	0	0	1	1.000000	0.000000	0.000000
ASV_102_16S_022_3	ASV_478_16S_022_3	1	ENV_NO2	0.753679	-0.149313	-0.902992	0.083916	3.000000	1.000000	0	0	1	1.000000	0.000000	0.000000
ASV_258_16S_022_3	ASV_478_16S_022_3	1	ENV_NO2	0.753679	0.033789	-0.719890	0.417582	3.000000	1.000000	0	0	1	1.000000	0.000000	0.000000
ASV_34_16S_022_3	ASV_479_16S_022_3	1	ENV_NO2	0.525091	0.695745	0.170654	nan	1.000000	0.000000	1	0	0	1.000000	0.000000	0.000000
ASV_253_16S_022_3	ASV_488_16S_022_3	1	ENV_NO2	0.588622	0.110164	-0.478458	0.000999	3.000000	1.000000	0	0	1	1.000000	0.000000	0.000000
ASV_390_16S_022_3	ASV_490_16S_022_3	1	ENV_NO2	0.935195	1.181705	0.246509	nan	3.000000	1.000000	0	0	1	1.000000	0.000000	0.000000
ASV_179_16S_022_3	ASV_491_16S_022_3	1	ENV_NO2	0.957420	1.045267	0.087847	nan	3.000000	1.000000	0	0	1	1.000000	0.000000	0.000000
ASV_187_16S_022_3	ASV_494_16S_022_3	1	ENV_NO2	0.925757	0.723452	-0.202305	0.750250	3.000000	1.000000	0	0	1	1.000000	0.000000	0.000000
ASV_382_16S_022_3	ASV_494_16S_022_3	1	ENV_NO2	0.793190	0.104397	-0.688793	0.000999	3.000000	1.000000	0	0	1	1.000000	0.000000	0.000000
ASV_49_16S_022_3	ASV_495_16S_022_3	1	ENV_NO2	0.735144	0.301001	-0.434143	0.834166	3.000000	1.000000	0	0	1	1.000000	0.000000	0.000000
ASV_478_16S_022_3	ASV_495_16S_022_3	1	ENV_NO2	0.502499	-0.062670	-0.565169	0.416583	3.000000	1.000000	0	0	1	1.000000	0.000000	0.000000
ASV_332_16S_022_3	ASV_497_16S_022_3	1	ENV_NO2	0.835879	0.172631	-0.663249	0.334665	3.000000	1.000000	0	0	1	1.000000	0.000000	0.000000
ASV_332_16S_022_3	ASV_499_16S_022_3	1	ENV_NO2	0.587836	0.126855	-0.460981	0.167832	3.000000	1.000000	0	0	1	1.000000	0.000000	0.000000
ASV_494_16S_022_3	ASV_499_16S_022_3	1	ENV_NO2	0.847401	0.133278	-0.714123	0.083916	3.000000	1.000000	0	0	1	1.000000	0.000000	0.000000
ASV_170_16S_022_3	ASV_502_16S_022_3	1	ENV_NO2	0.415087	0.423151	0.008065	nan	3.000000	1.000000	0	0	1	1.000000	0.000000	0.000000
ASV_11_16S_022_3	ASV_503_16S_022_3	1	ENV_NO2	0.995256	0.640042	-0.355214	0.584416	3.000000	1.000000	0	0	1	1.000000	0.000000	0.000000
ASV_92_16S_022_3	ASV_503_16S_022_3	1	ENV_NO2	1.000478	0.553399	-0.447079	0.251748	3.000000	1.000000	0	0	1	1.000000	0.000000	0.000000
ASV_216_16S_022_3	ASV_503_16S_022_3	1	ENV_NO2	0.890259	0.611161	-0.279098	0.501499	3.000000	1.000000	0	0	1	1.000000	0.000000	0.000000
ASV_222_16S_022_3	ASV_503_16S_022_3	1	ENV_NO2	0.765167	0.326693	-0.438474	0.418581	3.000000	1.000000	0	0	1	1.000000	0.000000	0.000000
ASV_265_16S_022_3	ASV_503_16S_022_3	1	ENV_NO2	0.731798	0.309504	-0.422294	0.084915	3.000000	1.000000	0	0	1	1.000000	0.000000	0.000000
ASV_412_16S_022_3	ASV_503_16S_022_3	1	ENV_NO2	0.797283	0.565386	-0.231897	0.667333	3.000000	1.000000	0	0	1	1.000000	0.000000	0.000000
ASV_494_16S_022_3	ASV_503_16S_022_3	1	ENV_NO2	0.800167	0.234644	-0.565523	0.084915	3.000000	1.000000	0	0	1	1.000000	0.000000	0.000000
ASV_41_16S_022_3	ASV_504_16S_022_3	1	ENV_NO2	0.677213	0.332257	-0.344956	0.583417	3.000000	1.000000	0	0	1	1.000000	0.000000	0.000000
ASV_113_16S_022_3	ASV_504_16S_022_3	1	ENV_NO2	0.557596	0.440702	-0.116894	0.500500	3.000000	1.000000	0	0	1	1.000000	0.000000	0.000000
ASV_463_16S_022_3	ASV_504_16S_022_3	1	ENV_NO2	0.696877	0.469583	-0.227294	0.750250	3.000000	1.000000	0	0	1	1.000000	0.000000	0.000000
ASV_347_16S_022_3	ASV_506_16S_022_3	1	ENV_NO2	0.941338	0.074657	-0.866682	0.084915	3.000000	1.000000	0	0	1	1.000000	0.000000	0.000000
ASV_477_16S_022_3	ASV_506_16S_022_3	1	ENV_NO2	0.955496	0.045776	-0.909721	0.000999	3.000000	1.000000	0	0	1	1.000000	0.000000	0.000000
ASV_36_16S_022_3	ASV_512_16S_022_3	1	ENV_NO2	0.712880	0.707563	-0.005317	0.667333	3.000000	1.000000	0	0	1	1.000000	0.000000	0.000000
ASV_215_16S_022_3	ASV_512_16S_022_3	1	ENV_NO2	0.527683	0.276518	-0.251165	0.333666	3.000000	1.000000	0	0	1	1.000000	0.000000	0.000000
ASV_386_16S_022_3	ASV_513_16S_022_3	1	ENV_NO2	0.566234	0.000000	-0.566234	0.416583	2.000000	1.000000	0	1	0	1.000000	0.000000	0.000000
ASV_282_16S_022_3	ASV_515_16S_022_3	1	ENV_NO2	0.645798	0.339697	-0.306101	0.584416	3.000000	1.000000	0	0	1	1.000000	0.000000	0.000000
ASV_416_16S_022_3	ASV_515_16S_022_3	1	ENV_NO2	0.402669	0.261139	-0.141530	0.834166	3.000000	1.000000	0	0	1	1.000000	0.000000	0.000000
ASV_11_16S_022_3	ASV_517_16S_022_3	1	ENV_NO2	0.862689	0.746925	-0.115764	0.750250	3.000000	1.000000	0	0	1	1.000000	0.000000	0.000000
ASV_169_16S_022_3	ASV_525_16S_022_3	1	ENV_NO2	0.704774	0.574488	-0.130285	0.584416	3.000000	1.000000	0	0	1	1.000000	0.000000	0.000000
ASV_223_16S_022_3	ASV_531_16S_022_3	1	ENV_NO2	0.645714	0.010471	-0.635242	0.251748	3.000000	1.000000	0	0	1	1.000000	0.000000	0.000000
ASV_262_16S_022_3	ASV_533_16S_022_3	1	ENV_NO2	0.963140	0.028881	-0.934259	0.000999	3.000000	1.000000	0	0	1	1.000000	0.000000	0.000000
ASV_327_16S_022_3	ASV_533_16S_022_3	1	ENV_NO2	0.977298	0.074657	-0.902642	0.167832	3.000000	1.000000	0	0	1	1.000000	0.000000	0.000000
ASV_481_16S_022_3	ASV_533_16S_022_3	1	ENV_NO2	0.768051	0.091551	-0.676500	0.084915	3.000000	1.000000	0	0	1	1.000000	0.000000	0.000000
ASV_365_16S_022_3	ASV_537_16S_022_3	1	ENV_NO2	0.655317	1.216521	0.561204	nan	3.000000	1.000000	0	0	1	1.000000	0.000000	0.000000
ASV_246_16S_022_3	ASV_538_16S_022_3	1	ENV_NO2	0.602194	0.125340	-0.476854	0.333666	3.000000	1.000000	0	0	1	1.000000	0.000000	0.000000
ASV_103_16S_022_3	ASV_539_16S_022_3	1	ENV_NO2	0.809143	0.204248	-0.604895	0.917083	3.000000	1.000000	0	0	1	1.000000	0.000000	0.000000
ASV_531_16S_022_3	ASV_539_16S_022_3	1	ENV_NO2	0.821969	1.042863	0.220894	nan	3.000000	1.000000	0	0	1	1.000000	0.000000	0.000000
ASV_97_16S_022_3	ASV_540_16S_022_3	1	ENV_NO2	0.859182	0.171521	-0.687661	0.083916	3.000000	1.000000	0	0	1	1.000000	0.000000	0.000000
ASV_414_16S_022_3	ASV_540_16S_022_3	1	ENV_NO2	0.583491	0.019472	-0.564019	0.000999	3.000000	1.000000	0	0	1	1.000000	0.000000	0.000000
ASV_317_16S_022_3	ASV_547_16S_022_3	1	ENV_NO2	0.771851	0.415360	-0.356491	0.583417	3.000000	1.000000	0	0	1	1.000000	0.000000	0.000000
ASV_316_16S_022_3	ASV_552_16S_022_3	1	ENV_NO2	0.708787	1.042863	0.334076	nan	3.000000	1.000000	0	0	1	1.000000	0.000000	0.000000
ASV_428_16S_022_3	ASV_552_16S_022_3	1	ENV_NO2	0.906760	0.125340	-0.781420	0.583417	3.000000	1.000000	0	0	1	1.000000	0.000000	0.000000
ASV_11_16S_022_3	ASV_553_16S_022_3	1	ENV_NO2	0.816201	0.436812	-0.379388	0.417582	3.000000	1.000000	0	0	1	1.000000	0.000000	0.000000
ASV_53_16S_022_3	ASV_553_16S_022_3	1	ENV_NO2	0.785000	0.191040	-0.593960	0.251748	3.000000	1.000000	0	0	1	1.000000	0.000000	0.000000
ASV_148_16S_022_3	ASV_553_16S_022_3	1	ENV_NO2	0.603154	0.121291	-0.481863	0.415584	3.000000	1.000000	0	0	1	1.000000	0.000000	0.000000
ASV_490_16S_022_3	ASV_553_16S_022_3	1	ENV_NO2	0.932311	0.482588	-0.449723	0.667333	3.000000	1.000000	0	0	1	1.000000	0.000000	0.000000
ASV_196_16S_022_3	ASV_560_16S_022_3	1	ENV_NO2	0.468543	0.052198	-0.416345	0.168831	2.000000	1.000000	0	1	0	1.000000	0.000000	0.000000
ASV_138_16S_022_3	ASV_561_16S_022_3	1	ENV_NO2	0.789216	0.852691	0.063475	nan	3.000000	1.000000	0	0	1	1.000000	0.000000	0.000000
ASV_227_16S_022_3	ASV_561_16S_022_3	1	ENV_NO2	0.695171	0.069093	-0.626078	0.501499	3.000000	1.000000	0	0	1	1.000000	0.000000	0.000000
ASV_332_16S_022_3	ASV_561_16S_022_3	1	ENV_NO2	0.741196	0.069093	-0.672104	0.083916	3.000000	1.000000	0	0	1	1.000000	0.000000	0.000000
ASV_421_16S_022_3	ASV_561_16S_022_3	1	ENV_NO2	0.882939	0.952827	0.069888	nan	3.000000	1.000000	0	0	1	1.000000	0.000000	0.000000
ASV_453_16S_022_3	ASV_566_16S_022_3	1	ENV_NO2	0.864827	0.167723	-0.697104	0.917083	3.000000	1.000000	0	0	1	1.000000	0.000000	0.000000
ASV_225_16S_022_3	ASV_569_16S_022_3	1	ENV_NO2	0.711790	0.585487	-0.126303	0.500500	3.000000	1.000000	0	0	1	1.000000	0.000000	0.000000
ASV_74_16S_022_3	ASV_574_16S_022_3	1	ENV_NO2	0.909923	0.691696	-0.218227	0.750250	3.000000	1.000000	0	0	1	1.000000	0.000000	0.000000
ASV_137_16S_022_3	ASV_574_16S_022_3	1	ENV_NO2	0.850500	0.096615	-0.753885	0.084915	3.000000	1.000000	0	0	1	1.000000	0.000000	0.000000
ASV_340_16S_022_3	ASV_574_16S_022_3	1	ENV_NO2	1.096622	0.805715	-0.290907	0.667333	3.000000	1.000000	0	0	1	1.000000	0.000000	0.000000
ASV_333_16S_022_3	ASV_575_16S_022_3	1	ENV_NO2	0.437083	-0.009298	-0.446381	1.000000	3.000000	1.000000	0	0	1	1.000000	0.000000	0.000000
ASV_294_16S_022_3	ASV_576_16S_022_3	1	ENV_NO2	0.707191	0.120432	-0.586758	0.083916	3.000000	1.000000	0	0	1	1.000000	0.000000	0.000000
ASV_207_16S_022_3	ASV_579_16S_022_3	1	ENV_NO2	0.379321	0.220927	-0.158394	0.333666	2.000000	1.000000	0	1	0	1.000000	0.000000	0.000000
ASV_154_16S_022_3	ASV_582_16S_022_3	1	ENV_NO2	1.185162	1.049286	-0.135876	0.750250	3.000000	1.000000	0	0	1	1.000000	0.000000	0.000000
ASV_269_16S_022_3	ASV_582_16S_022_3	1	ENV_NO2	1.138674	1.032391	-0.106283	0.750250	3.000000	1.000000	0	0	1	1.000000	0.000000	0.000000
ASV_490_16S_022_3	ASV_582_16S_022_3	1	ENV_NO2	0.990073	0.986616	-0.003457	0.750250	3.000000	1.000000	0	0	1	1.000000	0.000000	0.000000
ASV_495_16S_022_3	ASV_587_16S_022_3	1	ENV_NO2	0.864827	0.346777	-0.518051	0.667333	3.000000	1.000000	0	0	1	1.000000	0.000000	0.000000
ASV_268_16S_022_3	ASV_596_16S_022_3	1	ENV_NO2	0.864827	0.199996	-0.664831	0.750250	3.000000	1.000000	0	0	1	1.000000	0.000000	0.000000
ASV_129_16S_022_3	ASV_605_16S_022_3	1	ENV_NO2	0.722478	0.524979	-0.197499	0.667333	3.000000	1.000000	0	0	1	1.000000	0.000000	0.000000
ASV_578_16S_022_3	ASV_605_16S_022_3	1	ENV_NO2	0.520331	0.678350	0.158019	nan	3.000000	1.000000	0	0	1	1.000000	0.000000	0.000000
ASV_556_16S_022_3	ASV_612_16S_022_3	1	ENV_NO2	0.617949	0.071782	-0.546167	0.583417	3.000000	1.000000	0	0	1	1.000000	0.000000	0.000000
ASV_103_16S_022_3	ASV_615_16S_022_3	1	ENV_NO2	0.790225	0.221142	-0.569083	0.917083	3.000000	1.000000	0	0	1	1.000000	0.000000	0.000000
ASV_387_16S_022_3	ASV_615_16S_022_3	1	ENV_NO2	1.094747	1.128850	0.034103	nan	3.000000	1.000000	0	0	1	1.000000	0.000000	0.000000
ASV_304_16S_022_3	ASV_622_16S_022_3	1	ENV_NO2	0.686597	0.443753	-0.242844	0.834166	3.000000	1.000000	0	0	1	1.000000	0.000000	0.000000
ASV_61_16S_022_3	ASV_621_16S_022_3	1	ENV_NO2	0.567243	0.172631	-0.394612	0.583417	3.000000	1.000000	0	0	1	1.000000	0.000000	0.000000
ASV_300_16S_022_3	ASV_632_16S_022_3	1	ENV_NO2	0.688656	-0.092393	-0.781049	0.083916	3.000000	1.000000	0	0	1	1.000000	0.000000	0.000000
ASV_340_16S_022_3	ASV_633_16S_022_3	1	ENV_NO2	0.830359	0.695762	-0.134597	0.750250	3.000000	1.000000	0	0	1	1.000000	0.000000	0.000000
ASV_552_16S_022_3	ASV_636_16S_022_3	1	ENV_NO2	0.630894	-0.023317	-0.654211	0.833167	3.000000	1.000000	0	0	1	1.000000	0.000000	0.000000
ASV_124_16S_022_3	ASV_640_16S_022_3	1	ENV_NO2	0.897734	0.160644	-0.737090	0.334665	3.000000	1.000000	0	0	1	1.000000	0.000000	0.000000
ASV_411_16S_022_3	ASV_640_16S_022_3	1	ENV_NO2	0.804012	0.281076	-0.522936	0.749251	3.000000	1.000000	0	0	1	1.000000	0.000000	0.000000
ASV_455_16S_022_3	ASV_640_16S_022_3	1	ENV_NO2	0.847616	0.252195	-0.595421	0.500500	3.000000	1.000000	0	0	1	1.000000	0.000000	0.000000
ASV_596_16S_022_3	ASV_640_16S_022_3	1	ENV_NO2	0.652313	0.171115	-0.481197	0.583417	3.000000	1.000000	0	0	1	1.000000	0.000000	0.000000
ASV_206_16S_022_3	ASV_641_16S_022_3	1	ENV_NO2	0.661090	0.523805	-0.137285	0.499500	3.000000	1.000000	0	0	1	1.000000	0.000000	0.000000
ASV_234_16S_022_3	ASV_641_16S_022_3	1	ENV_NO2	0.907969	0.458964	-0.449005	0.083916	3.000000	1.000000	0	0	1	1.000000	0.000000	0.000000
ASV_259_16S_022_3	ASV_644_16S_022_3	1	ENV_NO2	0.545441	0.000000	-0.545441	0.417582	3.000000	1.000000	0	0	1	1.000000	0.000000	0.000000
ASV_643_16S_022_3	ASV_644_16S_022_3	1	ENV_NO2	0.545441	0.028881	-0.516560	0.917083	3.000000	1.000000	0	0	1	1.000000	0.000000	0.000000
ASV_66_16S_022_3	ASV_647_16S_022_3	1	ENV_NO2	0.807065	0.081080	-0.725985	0.333666	3.000000	1.000000	0	0	1	1.000000	0.000000	0.000000
ASV_281_16S_022_3	ASV_647_16S_022_3	1	ENV_NO2	0.665888	0.160644	-0.505244	0.334665	3.000000	1.000000	0	0	1	1.000000	0.000000	0.000000
ASV_61_16S_022_3	ASV_648_16S_022_3	1	ENV_NO2	0.519532	0.081080	-0.438452	0.416583	3.000000	1.000000	0	0	1	1.000000	0.000000	0.000000
ASV_361_16S_022_3	ASV_652_16S_022_3	1	ENV_NO2	0.787143	0.934576	0.147433	nan	3.000000	1.000000	0	0	1	1.000000	0.000000	0.000000
ASV_427_16S_022_3	ASV_652_16S_022_3	1	ENV_NO2	0.765341	1.071903	0.306562	nan	3.000000	1.000000	0	0	1	1.000000	0.000000	0.000000
ASV_517_16S_022_3	ASV_654_16S_022_3	1	ENV_NO2	0.707697	0.808089	0.100392	nan	3.000000	1.000000	0	0	1	1.000000	0.000000	0.000000
ASV_331_16S_022_3	ASV_671_16S_022_3	1	ENV_NO2	0.625005	1.125322	0.500317	nan	3.000000	1.000000	0	0	1	1.000000	0.000000	0.000000
ASV_6_16S_022_3	ASV_670_16S_022_3	1	ENV_NO2	0.332479	0.052198	-0.280281	0.166833	3.000000	1.000000	0	0	1	1.000000	0.000000	0.000000
ASV_416_16S_022_3	ASV_673_16S_022_3	1	ENV_NO2	0.408820	0.253525	-0.155296	0.834166	2.000000	1.000000	0	1	0	1.000000	0.000000	0.000000
ASV_370_16S_022_3	ASV_675_16S_022_3	1	ENV_NO2	0.733473	1.151149	0.417676	nan	3.000000	1.000000	0	0	1	1.000000	0.000000	0.000000
ASV_428_16S_022_3	ASV_675_16S_022_3	1	ENV_NO2	0.827196	0.332415	-0.494781	0.917083	3.000000	1.000000	0	0	1	1.000000	0.000000	0.000000
ASV_560_16S_022_3	ASV_679_16S_022_3	1	ENV_NO2	0.760408	0.206419	-0.553988	0.250749	3.000000	1.000000	0	0	1	1.000000	0.000000	0.000000
ASV_647_16S_022_3	ASV_679_16S_022_3	1	ENV_NO2	0.821223	0.201512	-0.619711	0.417582	3.000000	1.000000	0	0	1	1.000000	0.000000	0.000000
ASV_14_16S_022_3	ASV_690_16S_022_3	1	ENV_NO2	0.347916	0.154221	-0.193695	0.416583	2.000000	1.000000	0	1	0	1.000000	0.000000	0.000000
ASV_148_16S_022_3	ASV_697_16S_022_3	1	ENV_NO2	0.639115	0.324521	-0.314593	0.083916	3.000000	1.000000	0	0	1	1.000000	0.000000	0.000000
ASV_274_16S_022_3	ASV_697_16S_022_3	1	ENV_NO2	0.673369	0.259477	-0.413892	0.501499	3.000000	1.000000	0	0	1	1.000000	0.000000	0.000000
ASV_361_16S_022_3	ASV_699_16S_022_3	1	ENV_NO2	0.533073	-0.045776	-0.578849	0.083916	3.000000	1.000000	0	0	1	1.000000	0.000000	0.000000
ASV_390_16S_022_3	ASV_708_16S_022_3	1	ENV_NO2	0.802305	0.006423	-0.795882	0.501499	3.000000	1.000000	0	0	1	1.000000	0.000000	0.000000
ASV_477_16S_022_3	ASV_708_16S_022_3	1	ENV_NO2	0.768051	0.000000	-0.768051	0.417582	3.000000	1.000000	0	0	1	1.000000	0.000000	0.000000
ASV_424_16S_022_3	ASV_709_16S_022_3	1	ENV_NO2	0.566149	0.222455	-0.343695	0.917083	3.000000	1.000000	0	0	1	1.000000	0.000000	0.000000
ASV_652_16S_022_3	ASV_709_16S_022_3	1	ENV_NO2	0.471218	1.065480	0.594261	nan	3.000000	1.000000	0	0	1	1.000000	0.000000	0.000000
ASV_560_16S_022_3	ASV_715_16S_022_3	1	ENV_NO2	0.762114	0.154221	-0.607893	0.167832	3.000000	1.000000	0	0	1	1.000000	0.000000	0.000000
ASV_284_16S_022_3	ASV_717_16S_022_3	1	ENV_NO2	0.809143	0.357766	-0.451377	0.584416	3.000000	1.000000	0	0	1	1.000000	0.000000	0.000000
ASV_259_16S_022_3	ASV_718_16S_022_3	1	ENV_NO2	0.590836	0.000000	-0.590836	0.500500	3.000000	1.000000	0	0	1	1.000000	0.000000	0.000000
ASV_363_16S_022_3	ASV_720_16S_022_3	1	ENV_NO2	0.519532	0.028881	-0.490651	0.000999	3.000000	1.000000	0	0	1	1.000000	0.000000	0.000000
ASV_426_16S_022_3	ASV_722_16S_022_3	1	ENV_NO2	0.650140	0.081080	-0.569061	0.583417	3.000000	1.000000	0	0	1	1.000000	0.000000	0.000000
ASV_455_16S_022_3	ASV_722_16S_022_3	1	ENV_NO2	0.743365	0.143749	-0.599616	0.250749	3.000000	1.000000	0	0	1	1.000000	0.000000	0.000000
ASV_269_16S_022_3	ASV_723_16S_022_3	1	ENV_NO2	0.836127	1.140837	0.304709	nan	3.000000	1.000000	0	0	1	1.000000	0.000000	0.000000
ASV_519_16S_022_3	ASV_723_16S_022_3	1	ENV_NO2	0.848362	1.192176	0.343814	nan	3.000000	1.000000	0	0	1	1.000000	0.000000	0.000000
ASV_396_16S_022_3	ASV_728_16S_022_3	1	ENV_NO2	0.655580	0.183102	-0.472478	0.583417	3.000000	1.000000	0	0	1	1.000000	0.000000	0.000000
ASV_643_16S_022_3	ASV_728_16S_022_3	1	ENV_NO2	0.670400	0.028881	-0.641519	0.417582	3.000000	1.000000	0	0	1	1.000000	0.000000	0.000000
ASV_556_16S_022_3	ASV_730_16S_022_3	1	ENV_NO2	0.639751	0.071782	-0.567969	0.583417	3.000000	1.000000	0	0	1	1.000000	0.000000	0.000000
ASV_411_16S_022_3	ASV_736_16S_022_3	1	ENV_NO2	0.768051	0.091551	-0.676500	0.084915	3.000000	1.000000	0	0	1	1.000000	0.000000	0.000000
ASV_599_16S_022_3	ASV_737_16S_022_3	1	ENV_NO2	0.847401	0.120432	-0.726969	0.250749	3.000000	1.000000	0	0	1	1.000000	0.000000	0.000000
ASV_463_16S_022_3	ASV_738_16S_022_3	1	ENV_NO2	0.879731	1.032391	0.152660	nan	3.000000	1.000000	0	0	1	1.000000	0.000000	0.000000
ASV_599_16S_022_3	ASV_739_16S_022_3	1	ENV_NO2	0.905164	0.120432	-0.784732	0.000999	3.000000	1.000000	0	0	1	1.000000	0.000000	0.000000
ASV_348_16S_022_3	ASV_746_16S_022_3	1	ENV_NO2	0.626258	0.224173	-0.402085	0.167832	3.000000	1.000000	0	0	1	1.000000	0.000000	0.000000
ASV_540_16S_022_3	ASV_747_16S_022_3	1	ENV_NO2	0.662680	0.384817	-0.277864	0.749251	3.000000	1.000000	0	0	1	1.000000	0.000000	0.000000
ASV_311_16S_022_3	ASV_749_16S_022_3	1	ENV_NO2	0.680843	0.091551	-0.589292	0.000999	3.000000	1.000000	0	0	1	1.000000	0.000000	0.000000
ASV_533_16S_022_3	ASV_749_16S_022_3	1	ENV_NO2	0.963140	0.137327	-0.825814	0.084915	3.000000	1.000000	0	0	1	1.000000	0.000000	0.000000
ASV_506_16S_022_3	ASV_751_16S_022_3	1	ENV_NO2	0.941338	0.137327	-0.804012	0.084915	3.000000	1.000000	0	0	1	1.000000	0.000000	0.000000
ASV_749_16S_022_3	ASV_751_16S_022_3	1	ENV_NO2	0.941338	0.154221	-0.787117	0.167832	3.000000	1.000000	0	0	1	1.000000	0.000000	0.000000
ASV_187_16S_022_3	ASV_752_16S_022_3	1	ENV_NO2	0.821507	0.339697	-0.481809	0.417582	3.000000	1.000000	0	0	1	1.000000	0.000000	0.000000
ASV_281_16S_022_3	ASV_752_16S_022_3	1	ENV_NO2	0.654774	0.285984	-0.368790	0.667333	3.000000	1.000000	0	0	1	1.000000	0.000000	0.000000
ASV_383_16S_022_3	ASV_755_16S_022_3	1	ENV_NO2	0.528981	0.120432	-0.408548	0.584416	3.000000	1.000000	0	0	1	1.000000	0.000000	0.000000
ASV_61_16S_022_3	ASV_758_16S_022_3	1	ENV_NO2	0.489469	0.143749	-0.345720	0.667333	3.000000	1.000000	0	0	1	1.000000	0.000000	0.000000
ASV_539_16S_022_3	ASV_758_16S_022_3	1	ENV_NO2	0.663426	0.487495	-0.175931	0.917083	3.000000	1.000000	0	0	1	1.000000	0.000000	0.000000
ASV_610_16S_022_3	ASV_759_16S_022_3	1	ENV_NO2	0.571535	0.248803	-0.322732	0.417582	3.000000	1.000000	0	0	1	1.000000	0.000000	0.000000
ASV_23_16S_022_3	ASV_767_16S_022_3	1	ENV_NO2	0.791236	0.395288	-0.395947	0.251748	3.000000	1.000000	0	0	1	1.000000	0.000000	0.000000
ASV_212_16S_022_3	ASV_767_16S_022_3	1	ENV_NO2	0.693420	0.414354	-0.279066	0.167832	3.000000	1.000000	0	0	1	1.000000	0.000000	0.000000
ASV_382_16S_022_3	ASV_779_16S_022_3	1	ENV_NO2	0.844238	0.644385	-0.199853	0.584416	3.000000	1.000000	0	0	1	1.000000	0.000000	0.000000
ASV_350_16S_022_3	ASV_782_16S_022_3	1	ENV_NO2	0.519532	0.386988	-0.132544	0.667333	3.000000	1.000000	0	0	1	1.000000	0.000000	0.000000
ASV_588_16S_022_3	ASV_782_16S_022_3	1	ENV_NO2	0.545441	0.365186	-0.180255	0.917083	3.000000	1.000000	0	0	1	1.000000	0.000000	0.000000
ASV_6_16S_022_3	ASV_784_16S_022_3	1	ENV_NO2	0.622121	0.268931	-0.353190	0.418581	3.000000	1.000000	0	0	1	1.000000	0.000000	0.000000
ASV_134_16S_022_3	ASV_784_16S_022_3	1	ENV_NO2	0.579850	0.052198	-0.527652	0.251748	3.000000	1.000000	0	0	1	1.000000	0.000000	0.000000
ASV_207_16S_022_3	ASV_784_16S_022_3	1	ENV_NO2	0.437083	0.318901	-0.118182	0.500500	3.000000	1.000000	0	0	1	1.000000	0.000000	0.000000
ASV_744_16S_022_3	ASV_786_16S_022_3	1	ENV_NO2	0.828867	0.028881	-0.799986	0.000999	3.000000	1.000000	0	0	1	1.000000	0.000000	0.000000
ASV_102_16S_022_3	ASV_793_16S_022_3	1	ENV_NO2	0.884958	1.034065	0.149107	nan	3.000000	1.000000	0	0	1	1.000000	0.000000	0.000000
ASV_476_16S_022_3	ASV_793_16S_022_3	1	ENV_NO2	0.920918	0.946563	0.025644	nan	3.000000	1.000000	0	0	1	1.000000	0.000000	0.000000
ASV_540_16S_022_3	ASV_793_16S_022_3	1	ENV_NO2	0.733473	0.195292	-0.538182	0.417582	3.000000	1.000000	0	0	1	1.000000	0.000000	0.000000
ASV_310_16S_022_3	ASV_797_16S_022_3	1	ENV_NO2	0.704306	0.045776	-0.658531	0.167832	3.000000	1.000000	0	0	1	1.000000	0.000000	0.000000
ASV_455_16S_022_3	ASV_797_16S_022_3	1	ENV_NO2	0.788351	0.172631	-0.615721	0.000999	3.000000	1.000000	0	0	1	1.000000	0.000000	0.000000
ASV_210_16S_022_3	ASV_799_16S_022_3	1	ENV_NO2	0.277209	0.544240	0.267031	nan	3.000000	1.000000	0	0	1	1.000000	0.000000	0.000000
ASV_199_16S_022_3	ASV_800_16S_022_3	1	ENV_NO2	0.547242	0.233785	-0.313456	0.917083	3.000000	1.000000	0	0	1	1.000000	0.000000	0.000000
ASV_401_16S_022_3	ASV_803_16S_022_3	1	ENV_NO2	0.453052	-0.004390	-0.457442	0.333666	1.000000	0.000000	1	0	0	1.000000	0.000000	0.000000
ASV_392_16S_022_3	ASV_805_16S_022_3	1	ENV_NO2	0.737566	0.041727	-0.695839	0.084915	3.000000	1.000000	0	0	1	1.000000	0.000000	0.000000
ASV_248_16S_022_3	ASV_808_16S_022_3	1	ENV_NO2	0.547893	-0.057762	-0.605655	0.250749	3.000000	1.000000	0	0	1	1.000000	0.000000	0.000000
ASV_782_16S_022_3	ASV_808_16S_022_3	1	ENV_NO2	0.466538	-0.045776	-0.512314	0.500500	2.000000	1.000000	0	1	0	1.000000	0.000000	0.000000
ASV_462_16S_022_3	ASV_815_16S_022_3	1	ENV_NO2	0.883576	0.083113	-0.800463	0.000999	3.000000	1.000000	0	0	1	1.000000	0.000000	0.000000
ASV_739_16S_022_3	ASV_815_16S_022_3	1	ENV_NO2	0.666471	0.016894	-0.649576	0.166833	3.000000	1.000000	0	0	1	1.000000	0.000000	0.000000
ASV_139_16S_022_3	ASV_818_16S_022_3	1	ENV_NO2	0.706738	0.081080	-0.625658	0.584416	3.000000	1.000000	0	0	1	1.000000	0.000000	0.000000
ASV_379_16S_022_3	ASV_818_16S_022_3	1	ENV_NO2	0.499371	0.081080	-0.418292	0.584416	3.000000	1.000000	0	0	1	1.000000	0.000000	0.000000
ASV_739_16S_022_3	ASV_820_16S_022_3	1	ENV_NO2	0.792523	0.028881	-0.763642	0.000999	3.000000	1.000000	0	0	1	1.000000	0.000000	0.000000
ASV_262_16S_022_3	ASV_819_16S_022_3	1	ENV_NO2	0.905378	0.028881	-0.876497	0.000999	3.000000	1.000000	0	0	1	1.000000	0.000000	0.000000
ASV_644_16S_022_3	ASV_829_16S_022_3	1	ENV_NO2	0.519532	0.120432	-0.399100	0.917083	3.000000	1.000000	0	0	1	1.000000	0.000000	0.000000
ASV_710_16S_022_3	ASV_829_16S_022_3	1	ENV_NO2	0.519532	0.028881	-0.490651	0.667333	3.000000	1.000000	0	0	1	1.000000	0.000000	0.000000
ASV_262_16S_022_3	ASV_831_16S_022_3	1	ENV_NO2	0.869418	0.028881	-0.840537	0.000999	3.000000	1.000000	0	0	1	1.000000	0.000000	0.000000
ASV_751_16S_022_3	ASV_831_16S_022_3	1	ENV_NO2	0.938454	0.091551	-0.846903	0.084915	3.000000	1.000000	0	0	1	1.000000	0.000000	0.000000
ASV_370_16S_022_3	ASV_833_16S_022_3	1	ENV_NO2	0.555706	-0.104397	-0.660103	0.250749	2.000000	1.000000	0	1	0	1.000000	0.000000	0.000000
ASV_563_16S_022_3	ASV_833_16S_022_3	1	ENV_NO2	0.587573	-0.104397	-0.691970	0.167832	3.000000	1.000000	0	0	1	1.000000	0.000000	0.000000
ASV_406_16S_022_3	ASV_842_16S_022_3	1	ENV_NO2	0.753431	0.059795	-0.693635	0.583417	3.000000	1.000000	0	0	1	1.000000	0.000000	0.000000
ASV_779_16S_022_3	ASV_847_16S_022_3	1	ENV_NO2	0.978681	0.923946	-0.054735	0.667333	3.000000	1.000000	0	0	1	1.000000	0.000000	0.000000
ASV_704_16S_022_3	ASV_851_16S_022_3	1	ENV_NO2	0.439351	-0.057762	-0.497113	0.333666	3.000000	1.000000	0	0	1	1.000000	0.000000	0.000000
ASV_564_16S_022_3	ASV_853_16S_022_3	1	ENV_NO2	0.775481	0.120432	-0.655049	0.084915	3.000000	1.000000	0	0	1	1.000000	0.000000	0.000000
ASV_722_16S_022_3	ASV_853_16S_022_3	1	ENV_NO2	0.788351	0.091551	-0.696800	0.084915	3.000000	1.000000	0	0	1	1.000000	0.000000	0.000000
ASV_192_16S_022_3	ASV_859_16S_022_3	1	ENV_NO2	0.650066	0.844597	0.194531	nan	3.000000	1.000000	0	0	1	1.000000	0.000000	0.000000
ASV_566_16S_022_3	ASV_859_16S_022_3	1	ENV_NO2	0.864827	0.105912	-0.758915	0.500500	3.000000	1.000000	0	0	1	1.000000	0.000000	0.000000
ASV_68_16S_022_3	ASV_862_16S_022_3	1	ENV_NO2	0.868457	0.283450	-0.585007	0.333666	3.000000	1.000000	0	0	1	1.000000	0.000000	0.000000
ASV_160_16S_022_3	ASV_862_16S_022_3	1	ENV_NO2	0.924344	0.333274	-0.591070	0.333666	3.000000	1.000000	0	0	1	1.000000	0.000000	0.000000
ASV_234_16S_022_3	ASV_862_16S_022_3	1	ENV_NO2	0.578438	0.478742	-0.099695	0.500500	3.000000	1.000000	0	0	1	1.000000	0.000000	0.000000
ASV_384_16S_022_3	ASV_862_16S_022_3	1	ENV_NO2	0.589045	0.635791	0.046746	nan	3.000000	1.000000	0	0	1	1.000000	0.000000	0.000000
ASV_387_16S_022_3	ASV_862_16S_022_3	1	ENV_NO2	0.949777	0.796435	-0.153342	0.750250	3.000000	1.000000	0	0	1	1.000000	0.000000	0.000000
ASV_718_16S_022_3	ASV_863_16S_022_3	1	ENV_NO2	0.847401	0.045776	-0.801626	0.333666	3.000000	1.000000	0	0	1	1.000000	0.000000	0.000000
ASV_803_16S_022_3	ASV_863_16S_022_3	1	ENV_NO2	0.847401	0.137327	-0.710075	0.334665	3.000000	1.000000	0	0	1	1.000000	0.000000	0.000000
ASV_311_16S_022_3	ASV_865_16S_022_3	1	ENV_NO2	0.515735	0.028881	-0.486854	0.000999	3.000000	1.000000	0	0	1	1.000000	0.000000	0.000000
ASV_475_16S_022_3	ASV_865_16S_022_3	1	ENV_NO2	0.342608	0.109961	-0.232647	0.667333	2.000000	1.000000	0	1	0	1.000000	0.000000	0.000000
ASV_80_16S_022_3	ASV_871_16S_022_3	1	ENV_NO2	0.834919	0.623804	-0.211115	0.584416	3.000000	1.000000	0	0	1	1.000000	0.000000	0.000000
ASV_103_16S_022_3	ASV_871_16S_022_3	1	ENV_NO2	0.634648	0.038696	-0.595951	0.167832	3.000000	1.000000	0	0	1	1.000000	0.000000	0.000000
ASV_121_16S_022_3	ASV_871_16S_022_3	1	ENV_NO2	0.748173	0.486478	-0.261696	0.667333	3.000000	1.000000	0	0	1	1.000000	0.000000	0.000000
ASV_387_16S_022_3	ASV_871_16S_022_3	1	ENV_NO2	0.999816	0.801998	-0.197817	0.584416	3.000000	1.000000	0	0	1	1.000000	0.000000	0.000000
ASV_361_16S_022_3	ASV_878_16S_022_3	1	ENV_NO2	0.926966	-0.069093	-0.996059	0.083916	3.000000	1.000000	0	0	1	1.000000	0.000000	0.000000
ASV_652_16S_022_3	ASV_878_16S_022_3	1	ENV_NO2	0.691824	0.068234	-0.623590	0.332667	3.000000	1.000000	0	0	1	1.000000	0.000000	0.000000
ASV_675_16S_022_3	ASV_878_16S_022_3	1	ENV_NO2	0.891005	1.334252	0.443246	nan	3.000000	1.000000	0	0	1	1.000000	0.000000	0.000000
ASV_687_16S_022_3	ASV_878_16S_022_3	1	ENV_NO2	0.368728	0.508094	0.139366	nan	2.000000	1.000000	0	1	0	1.000000	0.000000	0.000000
ASV_522_16S_022_3	ASV_886_16S_022_3	1	ENV_NO2	0.707191	0.258618	-0.448573	0.166833	3.000000	1.000000	0	0	1	1.000000	0.000000	0.000000
ASV_476_16S_022_3	ASV_889_16S_022_3	1	ENV_NO2	0.601329	1.201991	0.600662	nan	3.000000	1.000000	0	0	1	1.000000	0.000000	0.000000
ASV_98_16S_022_3	ASV_893_16S_022_3	1	ENV_NO2	0.884168	0.232426	-0.651742	0.667333	3.000000	1.000000	0	0	1	1.000000	0.000000	0.000000
ASV_717_16S_022_3	ASV_893_16S_022_3	1	ENV_NO2	0.847241	0.345261	-0.501980	0.833167	3.000000	1.000000	0	0	1	1.000000	0.000000	0.000000
ASV_13_16S_022_3	ASV_890_16S_022_3	1	ENV_NO2	0.500580	0.256944	-0.243636	0.083916	3.000000	1.000000	0	0	1	1.000000	0.000000	0.000000
ASV_318_16S_022_3	ASV_890_16S_022_3	1	ENV_NO2	0.519965	0.035304	-0.484661	0.083916	2.000000	1.000000	0	1	0	1.000000	0.000000	0.000000
ASV_362_16S_022_3	ASV_890_16S_022_3	1	ENV_NO2	0.688025	0.116384	-0.571641	0.166833	3.000000	1.000000	0	0	1	1.000000	0.000000	0.000000
ASV_134_16S_022_3	ASV_899_16S_022_3	1	ENV_NO2	0.567616	0.062670	-0.504946	0.333666	3.000000	1.000000	0	0	1	1.000000	0.000000	0.000000
ASV_310_16S_022_3	ASV_900_16S_022_3	1	ENV_NO2	0.587290	0.045776	-0.541514	0.083916	3.000000	1.000000	0	0	1	1.000000	0.000000	0.000000
ASV_863_16S_022_3	ASV_900_16S_022_3	1	ENV_NO2	0.785263	0.062670	-0.722593	0.000999	3.000000	1.000000	0	0	1	1.000000	0.000000	0.000000
ASV_827_16S_022_3	ASV_910_16S_022_3	1	ENV_NO2	0.473520	0.010471	-0.463049	0.499500	3.000000	1.000000	0	0	1	1.000000	0.000000	0.000000
ASV_103_16S_022_3	ASV_917_16S_022_3	1	ENV_NO2	0.661926	0.069093	-0.592833	0.333666	3.000000	1.000000	0	0	1	1.000000	0.000000	0.000000
ASV_428_16S_022_3	ASV_917_16S_022_3	1	ENV_NO2	0.668067	0.120432	-0.547635	0.499500	3.000000	1.000000	0	0	1	1.000000	0.000000	0.000000
ASV_631_16S_022_3	ASV_917_16S_022_3	1	ENV_NO2	0.590174	-0.062670	-0.652844	0.333666	3.000000	1.000000	0	0	1	1.000000	0.000000	0.000000
ASV_652_16S_022_3	ASV_917_16S_022_3	1	ENV_NO2	0.746423	-0.016894	-0.763317	0.416583	3.000000	1.000000	0	0	1	1.000000	0.000000	0.000000
ASV_36_16S_022_3	ASV_918_16S_022_3	1	ENV_NO2	0.512490	0.416072	-0.096417	0.333666	3.000000	1.000000	0	0	1	1.000000	0.000000	0.000000
ASV_473_16S_022_3	ASV_918_16S_022_3	1	ENV_NO2	0.401804	0.257461	-0.144343	0.250749	3.000000	1.000000	0	0	1	1.000000	0.000000	0.000000
ASV_893_16S_022_3	ASV_920_16S_022_3	1	ENV_NO2	0.837088	0.247287	-0.589800	0.500500	3.000000	1.000000	0	0	1	1.000000	0.000000	0.000000
ASV_149_16S_022_3	ASV_924_16S_022_3	1	ENV_NO2	0.809487	0.236160	-0.573327	0.166833	3.000000	1.000000	0	0	1	1.000000	0.000000	0.000000
ASV_833_16S_022_3	ASV_930_16S_022_3	1	ENV_NO2	0.746418	-0.104397	-0.850815	0.083916	3.000000	1.000000	0	0	1	1.000000	0.000000	0.000000
ASV_316_16S_022_3	ASV_931_16S_022_3	1	ENV_NO2	0.878985	1.129506	0.250521	nan	3.000000	1.000000	0	0	1	1.000000	0.000000	0.000000
ASV_531_16S_022_3	ASV_931_16S_022_3	1	ENV_NO2	0.774735	1.047612	0.272877	nan	3.000000	1.000000	0	0	1	1.000000	0.000000	0.000000
ASV_831_16S_022_3	ASV_931_16S_022_3	1	ENV_NO2	0.707405	0.010471	-0.696933	0.084915	3.000000	1.000000	0	0	1	1.000000	0.000000	0.000000
ASV_130_16S_022_3	ASV_932_16S_022_3	1	ENV_NO2	0.462246	-0.016035	-0.478281	0.666334	3.000000	1.000000	0	0	1	1.000000	0.000000	0.000000
ASV_321_16S_022_3	ASV_933_16S_022_3	1	ENV_NO2	0.449879	0.041727	-0.408152	0.917083	3.000000	1.000000	0	0	1	1.000000	0.000000	0.000000
ASV_648_16S_022_3	ASV_933_16S_022_3	1	ENV_NO2	0.483572	0.081080	-0.402492	0.917083	3.000000	1.000000	0	0	1	1.000000	0.000000	0.000000
ASV_688_16S_022_3	ASV_933_16S_022_3	1	ENV_NO2	0.656242	0.023317	-0.632924	0.666334	3.000000	1.000000	0	0	1	1.000000	0.000000	0.000000
ASV_345_16S_022_3	ASV_938_16S_022_3	1	ENV_NO2	0.564558	0.834634	0.270075	nan	3.000000	1.000000	0	0	1	1.000000	0.000000	0.000000
ASV_224_16S_022_3	ASV_943_16S_022_3	1	ENV_NO2	0.801301	-0.016377	-0.817678	0.332667	3.000000	1.000000	0	0	1	1.000000	0.000000	0.000000
ASV_427_16S_022_3	ASV_943_16S_022_3	1	ENV_NO2	0.863156	0.091551	-0.771605	0.667333	3.000000	1.000000	0	0	1	1.000000	0.000000	0.000000
ASV_926_16S_022_3	ASV_943_16S_022_3	1	ENV_NO2	1.094205	1.140837	0.046632	nan	3.000000	1.000000	0	0	1	1.000000	0.000000	0.000000
ASV_397_16S_022_3	ASV_942_16S_022_3	1	ENV_NO2	0.502966	0.038511	-0.464455	0.249750	2.000000	1.000000	0	1	0	1.000000	0.000000	0.000000
ASV_53_16S_022_3	ASV_947_16S_022_3	1	ENV_NO2	0.851415	0.161503	-0.689912	0.083916	3.000000	1.000000	0	0	1	1.000000	0.000000	0.000000
ASV_265_16S_022_3	ASV_947_16S_022_3	1	ENV_NO2	0.828404	0.540553	-0.287851	0.249750	3.000000	1.000000	0	0	1	1.000000	0.000000	0.000000
ASV_850_16S_022_3	ASV_947_16S_022_3	1	ENV_NO2	0.855045	0.616383	-0.238662	0.751249	3.000000	1.000000	0	0	1	1.000000	0.000000	0.000000
ASV_786_16S_022_3	ASV_951_16S_022_3	1	ENV_NO2	0.792907	0.120432	-0.672474	0.167832	3.000000	1.000000	0	0	1	1.000000	0.000000	0.000000
ASV_751_16S_022_3	ASV_955_16S_022_3	1	ENV_NO2	1.056863	0.137327	-0.919536	0.000999	3.000000	1.000000	0	0	1	1.000000	0.000000	0.000000
ASV_94_16S_022_3	ASV_957_16S_022_3	1	ENV_NO2	0.701516	0.028881	-0.672635	0.000999	3.000000	1.000000	0	0	1	1.000000	0.000000	0.000000
ASV_481_16S_022_3	ASV_957_16S_022_3	1	ENV_NO2	0.719688	0.000000	-0.719688	0.333666	3.000000	1.000000	0	0	1	1.000000	0.000000	0.000000
ASV_831_16S_022_3	ASV_957_16S_022_3	1	ENV_NO2	0.832328	0.028881	-0.803447	0.000999	3.000000	1.000000	0	0	1	1.000000	0.000000	0.000000
ASV_709_16S_022_3	ASV_958_16S_022_3	1	ENV_NO2	0.625005	0.005564	-0.619441	0.750250	3.000000	1.000000	0	0	1	1.000000	0.000000	0.000000
ASV_671_16S_022_3	ASV_962_16S_022_3	1	ENV_NO2	0.439968	-0.171115	-0.611083	0.583417	3.000000	1.000000	0	0	1	1.000000	0.000000	0.000000
ASV_958_16S_022_3	ASV_967_16S_022_3	1	ENV_NO2	0.541334	0.103538	-0.437796	0.917083	3.000000	1.000000	0	0	1	1.000000	0.000000	0.000000
ASV_680_16S_022_3	ASV_969_16S_022_3	1	ENV_NO2	0.625005	0.634276	0.009270	nan	3.000000	1.000000	0	0	1	1.000000	0.000000	0.000000
ASV_556_16S_022_3	ASV_971_16S_022_3	1	ENV_NO2	0.553503	0.064185	-0.489318	0.250749	3.000000	1.000000	0	0	1	1.000000	0.000000	0.000000
ASV_842_16S_022_3	ASV_971_16S_022_3	1	ENV_NO2	0.686985	1.107207	0.420222	nan	3.000000	1.000000	0	0	1	1.000000	0.000000	0.000000
ASV_878_16S_022_3	ASV_978_16S_022_3	1	ENV_NO2	0.669738	0.085128	-0.584610	0.250749	3.000000	1.000000	0	0	1	1.000000	0.000000	0.000000
ASV_564_16S_022_3	ASV_979_16S_022_3	1	ENV_NO2	0.869203	0.091551	-0.777652	0.417582	3.000000	1.000000	0	0	1	1.000000	0.000000	0.000000
ASV_519_16S_022_3	ASV_985_16S_022_3	1	ENV_NO2	0.722945	1.059598	0.336653	nan	3.000000	1.000000	0	0	1	1.000000	0.000000	0.000000
ASV_240_16S_022_3	ASV_987_16S_022_3	1	ENV_NO2	0.623912	0.188010	-0.435902	0.834166	3.000000	1.000000	0	0	1	1.000000	0.000000	0.000000
ASV_732_16S_022_3	ASV_987_16S_022_3	1	ENV_NO2	0.692202	0.211983	-0.480219	0.500500	3.000000	1.000000	0	0	1	1.000000	0.000000	0.000000
ASV_240_16S_022_3	ASV_996_16S_022_3	1	ENV_NO2	1.000483	1.152982	0.152500	nan	3.000000	1.000000	0	0	1	1.000000	0.000000	0.000000
ASV_955_16S_022_3	ASV_997_16S_022_3	1	ENV_NO2	0.955496	0.045776	-0.909721	0.250749	3.000000	1.000000	0	0	1	1.000000	0.000000	0.000000
ASV_99_16S_022_3	ASV_1002_16S_022_3	1	ENV_NO2	0.756140	0.685771	-0.070369	0.667333	3.000000	1.000000	0	0	1	1.000000	0.000000	0.000000
ASV_316_16S_022_3	ASV_1002_16S_022_3	1	ENV_NO2	0.759024	0.978031	0.219007	nan	3.000000	1.000000	0	0	1	1.000000	0.000000	0.000000
ASV_517_16S_022_3	ASV_1002_16S_022_3	1	ENV_NO2	0.988741	0.899640	-0.089101	0.750250	3.000000	1.000000	0	0	1	1.000000	0.000000	0.000000
ASV_440_16S_022_3	ASV_1012_16S_022_3	1	ENV_NO2	0.431200	-0.022458	-0.453658	0.833167	2.000000	1.000000	0	1	0	1.000000	0.000000	0.000000
ASV_488_16S_022_3	ASV_1012_16S_022_3	1	ENV_NO2	0.757523	0.102882	-0.654642	0.500500	3.000000	1.000000	0	0	1	1.000000	0.000000	0.000000
ASV_513_16S_022_3	ASV_1012_16S_022_3	1	ENV_NO2	0.786755	0.091551	-0.695204	0.250749	3.000000	1.000000	0	0	1	1.000000	0.000000	0.000000
ASV_680_16S_022_3	ASV_1012_16S_022_3	1	ENV_NO2	0.587951	0.143749	-0.444202	0.917083	3.000000	1.000000	0	0	1	1.000000	0.000000	0.000000
ASV_267_16S_022_3	ASV_1021_16S_022_3	1	ENV_NO2	0.661339	0.236816	-0.424523	0.917083	3.000000	1.000000	0	0	1	1.000000	0.000000	0.000000
ASV_328_16S_022_3	ASV_1034_16S_022_3	1	ENV_NO2	0.444110	0.485821	0.041711	nan	3.000000	1.000000	0	0	1	1.000000	0.000000	0.000000
ASV_829_16S_022_3	ASV_1036_16S_022_3	1	ENV_NO2	0.519532	0.183102	-0.336430	0.917083	3.000000	1.000000	0	0	1	1.000000	0.000000	0.000000
ASV_347_16S_022_3	ASV_1037_16S_022_3	1	ENV_NO2	0.825814	0.033789	-0.792025	0.000999	3.000000	1.000000	0	0	1	1.000000	0.000000	0.000000
ASV_477_16S_022_3	ASV_1037_16S_022_3	1	ENV_NO2	1.071021	0.074657	-0.996364	0.167832	3.000000	1.000000	0	0	1	1.000000	0.000000	0.000000
ASV_462_16S_022_3	ASV_1042_16S_022_3	1	ENV_NO2	0.674115	0.831565	0.157451	nan	3.000000	1.000000	0	0	1	1.000000	0.000000	0.000000
ASV_949_16S_022_3	ASV_1043_16S_022_3	1	ENV_NO2	0.569034	0.057762	-0.511271	0.500500	3.000000	1.000000	0	0	1	1.000000	0.000000	0.000000
ASV_725_16S_022_3	ASV_1044_16S_022_3	1	ENV_NO2	0.645052	-0.057762	-0.702814	0.417582	3.000000	1.000000	0	0	1	1.000000	0.000000	0.000000
ASV_730_16S_022_3	ASV_1044_16S_022_3	1	ENV_NO2	0.802510	-0.014861	-0.817371	0.500500	3.000000	1.000000	0	0	1	1.000000	0.000000	0.000000
ASV_550_16S_022_3	ASV_1047_16S_022_3	1	ENV_NO2	0.425809	0.651179	0.225370	nan	3.000000	1.000000	0	0	1	1.000000	0.000000	0.000000
ASV_827_16S_022_3	ASV_1047_16S_022_3	1	ENV_NO2	0.438177	-0.016894	-0.455071	0.750250	3.000000	1.000000	0	0	1	1.000000	0.000000	0.000000
ASV_997_16S_022_3	ASV_1049_16S_022_3	1	ENV_NO2	0.558590	0.045776	-0.512815	0.251748	3.000000	1.000000	0	0	1	1.000000	0.000000	0.000000
ASV_351_16S_022_3	ASV_1054_16S_022_3	1	ENV_NO2	0.425029	0.004908	-0.420121	0.334665	3.000000	1.000000	0	0	1	1.000000	0.000000	0.000000
ASV_407_16S_022_3	ASV_1054_16S_022_3	1	ENV_NO2	0.504095	0.000000	-0.504095	0.917083	3.000000	1.000000	0	0	1	1.000000	0.000000	0.000000
ASV_484_16S_022_3	ASV_1054_16S_022_3	1	ENV_NO2	0.344967	-0.016894	-0.361861	0.833167	2.000000	1.000000	0	1	0	1.000000	0.000000	0.000000
ASV_260_16S_022_3	ASV_1057_16S_022_3	1	ENV_NO2	0.819085	0.350825	-0.468260	0.500500	3.000000	1.000000	0	0	1	1.000000	0.000000	0.000000
ASV_564_16S_022_3	ASV_1061_16S_022_3	1	ENV_NO2	0.833243	0.108445	-0.724798	0.167832	3.000000	1.000000	0	0	1	1.000000	0.000000	0.000000
ASV_703_16S_022_3	ASV_1061_16S_022_3	1	ENV_NO2	0.716217	0.096459	-0.619758	0.251748	3.000000	1.000000	0	0	1	1.000000	0.000000	0.000000
ASV_979_16S_022_3	ASV_1061_16S_022_3	1	ENV_NO2	0.869203	0.137327	-0.731877	0.667333	3.000000	1.000000	0	0	1	1.000000	0.000000	0.000000
ASV_996_16S_022_3	ASV_1061_16S_022_3	1	ENV_NO2	0.753679	0.033789	-0.719890	0.333666	3.000000	1.000000	0	0	1	1.000000	0.000000	0.000000
ASV_91_16S_022_3	ASV_1065_16S_022_3	1	ENV_NO2	0.612638	0.123980	-0.488657	0.417582	3.000000	1.000000	0	0	1	1.000000	0.000000	0.000000
ASV_635_16S_022_3	ASV_1065_16S_022_3	1	ENV_NO2	0.508387	0.687657	0.179270	nan	3.000000	1.000000	0	0	1	1.000000	0.000000	0.000000
ASV_1054_16S_022_3	ASV_1071_16S_022_3	1	ENV_NO2	0.425809	-0.115525	-0.541334	0.167832	3.000000	1.000000	0	0	1	1.000000	0.000000	0.000000
ASV_988_16S_022_3	ASV_1087_16S_022_3	1	ENV_NO2	0.464086	0.028881	-0.435205	0.250749	3.000000	1.000000	0	0	1	1.000000	0.000000	0.000000
ASV_274_16S_022_3	ASV_1092_16S_022_3	1	ENV_NO2	0.591666	0.946110	0.354444	nan	3.000000	1.000000	0	0	1	1.000000	0.000000	0.000000
ASV_437_16S_022_3	ASV_1092_16S_022_3	1	ENV_NO2	0.623534	-0.023317	-0.646851	0.166833	3.000000	1.000000	0	0	1	1.000000	0.000000	0.000000
ASV_486_16S_022_3	ASV_1094_16S_022_3	1	ENV_NO2	0.632431	0.218406	-0.414025	0.416583	3.000000	1.000000	0	0	1	1.000000	0.000000	0.000000
ASV_335_16S_022_3	ASV_1097_16S_022_3	1	ENV_NO2	0.849540	0.478539	-0.371000	0.250749	3.000000	1.000000	0	0	1	1.000000	0.000000	0.000000
ASV_605_16S_022_3	ASV_1097_16S_022_3	1	ENV_NO2	0.659210	0.352202	-0.307009	0.417582	2.000000	1.000000	0	1	0	1.000000	0.000000	0.000000
ASV_736_16S_022_3	ASV_1105_16S_022_3	1	ENV_NO2	1.042704	0.332415	-0.710289	0.500500	3.000000	1.000000	0	0	1	1.000000	0.000000	0.000000
ASV_749_16S_022_3	ASV_1105_16S_022_3	1	ENV_NO2	1.078665	0.154221	-0.924444	0.334665	3.000000	1.000000	0	0	1	1.000000	0.000000	0.000000
ASV_599_16S_022_3	ASV_1108_16S_022_3	1	ENV_NO2	0.691540	0.000000	-0.691540	0.166833	3.000000	1.000000	0	0	1	1.000000	0.000000	0.000000
ASV_978_16S_022_3	ASV_1108_16S_022_3	1	ENV_NO2	0.785263	0.062670	-0.722593	0.166833	3.000000	1.000000	0	0	1	1.000000	0.000000	0.000000
ASV_406_16S_022_3	ASV_1107_16S_022_3	1	ENV_NO2	0.685777	0.932912	0.247135	nan	3.000000	1.000000	0	0	1	1.000000	0.000000	0.000000
ASV_931_16S_022_3	ASV_1107_16S_022_3	1	ENV_NO2	0.733473	1.156057	0.422584	nan	3.000000	1.000000	0	0	1	1.000000	0.000000	0.000000
ASV_42_16S_022_3	ASV_1110_16S_022_3	1	ENV_NO2	0.298534	0.000000	-0.298534	0.250749	2.000000	1.000000	0	1	0	1.000000	0.000000	0.000000
ASV_1062_16S_022_3	ASV_1110_16S_022_3	1	ENV_NO2	0.461770	0.000000	-0.461770	0.083916	3.000000	1.000000	0	0	1	1.000000	0.000000	0.000000
ASV_671_16S_022_3	ASV_1115_16S_022_3	1	ENV_NO2	0.603203	-0.228878	-0.832081	0.334665	3.000000	1.000000	0	0	1	1.000000	0.000000	0.000000
ASV_932_16S_022_3	ASV_1115_16S_022_3	1	ENV_NO2	0.500046	-0.032930	-0.532976	0.500500	3.000000	1.000000	0	0	1	1.000000	0.000000	0.000000
ASV_962_16S_022_3	ASV_1115_16S_022_3	1	ENV_NO2	0.497730	0.183102	-0.314628	0.749251	3.000000	1.000000	0	0	1	1.000000	0.000000	0.000000
ASV_803_16S_022_3	ASV_1117_16S_022_3	1	ENV_NO2	0.884958	0.016894	-0.868064	0.084915	3.000000	1.000000	0	0	1	1.000000	0.000000	0.000000
ASV_262_16S_022_3	ASV_1125_16S_022_3	1	ENV_NO2	0.497113	0.028881	-0.468232	0.000999	2.000000	1.000000	0	1	0	1.000000	0.000000	0.000000
ASV_333_16S_022_3	ASV_1127_16S_022_3	1	ENV_NO2	0.519532	1.030717	0.511185	nan	3.000000	1.000000	0	0	1	1.000000	0.000000	0.000000
ASV_874_16S_022_3	ASV_1145_16S_022_3	1	ENV_NO2	0.502498	-0.139684	-0.642182	0.750250	3.000000	1.000000	0	0	1	1.000000	0.000000	0.000000
ASV_621_16S_022_3	ASV_1144_16S_022_3	1	ENV_NO2	0.521848	0.052198	-0.469649	0.333666	3.000000	1.000000	0	0	1	1.000000	0.000000	0.000000
ASV_213_16S_022_3	ASV_1147_16S_022_3	1	ENV_NO2	0.461770	-0.028881	-0.490651	0.500500	3.000000	1.000000	0	0	1	1.000000	0.000000	0.000000
ASV_566_16S_022_3	ASV_1147_16S_022_3	1	ENV_NO2	0.567243	0.069749	-0.497494	0.668332	3.000000	1.000000	0	0	1	1.000000	0.000000	0.000000
ASV_530_16S_022_3	ASV_1149_16S_022_3	1	ENV_NO2	0.336811	0.000000	-0.336811	0.500500	3.000000	1.000000	0	0	1	1.000000	0.000000	0.000000
ASV_304_16S_022_3	ASV_1153_16S_022_3	1	ENV_NO2	0.875216	0.899631	0.024415	nan	3.000000	1.000000	0	0	1	1.000000	0.000000	0.000000
ASV_574_16S_022_3	ASV_1153_16S_022_3	1	ENV_NO2	0.788470	0.544554	-0.243916	0.500500	3.000000	1.000000	0	0	1	1.000000	0.000000	0.000000
ASV_605_16S_022_3	ASV_1153_16S_022_3	1	ENV_NO2	0.586946	0.775806	0.188860	nan	3.000000	1.000000	0	0	1	1.000000	0.000000	0.000000
ASV_666_16S_022_3	ASV_1153_16S_022_3	1	ENV_NO2	0.436251	0.389521	-0.046730	0.084915	2.000000	1.000000	0	1	0	1.000000	0.000000	0.000000
ASV_294_16S_022_3	ASV_1155_16S_022_3	1	ENV_NO2	0.769434	0.109961	-0.659473	0.251748	3.000000	1.000000	0	0	1	1.000000	0.000000	0.000000
ASV_406_16S_022_3	ASV_1155_16S_022_3	1	ENV_NO2	0.520557	0.014020	-0.506537	0.417582	3.000000	1.000000	0	0	1	1.000000	0.000000	0.000000
ASV_497_16S_022_3	ASV_1155_16S_022_3	1	ENV_NO2	0.827196	0.109961	-0.717235	0.334665	3.000000	1.000000	0	0	1	1.000000	0.000000	0.000000
ASV_389_16S_022_3	ASV_1154_16S_022_3	1	ENV_NO2	0.604332	-0.052198	-0.656531	0.250749	1.000000	0.000000	1	0	0	1.000000	0.000000	0.000000
ASV_421_16S_022_3	ASV_1154_16S_022_3	1	ENV_NO2	0.712959	0.946404	0.233445	nan	3.000000	1.000000	0	0	1	1.000000	0.000000	0.000000
ASV_931_16S_022_3	ASV_1154_16S_022_3	1	ENV_NO2	0.853632	1.059598	0.205966	nan	3.000000	1.000000	0	0	1	1.000000	0.000000	0.000000
ASV_490_16S_022_3	ASV_1158_16S_022_3	1	ENV_NO2	0.763461	1.044378	0.280917	nan	3.000000	1.000000	0	0	1	1.000000	0.000000	0.000000
ASV_214_16S_022_3	ASV_1164_16S_022_3	1	ENV_NO2	0.290666	0.125340	-0.165326	0.084915	1.000000	0.000000	1	0	0	1.000000	0.000000	0.000000
ASV_299_16S_022_3	ASV_1164_16S_022_3	1	ENV_NO2	0.915692	0.062670	-0.853022	0.000999	3.000000	1.000000	0	0	1	1.000000	0.000000	0.000000
ASV_715_16S_022_3	ASV_1164_16S_022_3	1	ENV_NO2	0.927926	0.108445	-0.819481	0.084915	3.000000	1.000000	0	0	1	1.000000	0.000000	0.000000
ASV_928_16S_022_3	ASV_1171_16S_022_3	1	ENV_NO2	0.785263	0.245772	-0.539491	0.417582	3.000000	1.000000	0	0	1	1.000000	0.000000	0.000000
ASV_1146_16S_022_3	ASV_1171_16S_022_3	1	ENV_NO2	0.883362	0.199996	-0.683365	0.416583	3.000000	1.000000	0	0	1	1.000000	0.000000	0.000000
ASV_853_16S_022_3	ASV_1173_16S_022_3	1	ENV_NO2	0.756946	0.028881	-0.728065	0.000999	3.000000	1.000000	0	0	1	1.000000	0.000000	0.000000
ASV_455_16S_022_3	ASV_1186_16S_022_3	1	ENV_NO2	0.912061	0.079564	-0.832497	0.084915	3.000000	1.000000	0	0	1	1.000000	0.000000	0.000000
ASV_758_16S_022_3	ASV_1186_16S_022_3	1	ENV_NO2	0.587713	0.349310	-0.238403	0.917083	3.000000	1.000000	0	0	1	1.000000	0.000000	0.000000
ASV_636_16S_022_3	ASV_1194_16S_022_3	1	ENV_NO2	0.401227	0.057762	-0.343465	0.917083	3.000000	1.000000	0	0	1	1.000000	0.000000	0.000000
ASV_776_16S_022_3	ASV_1194_16S_022_3	1	ENV_NO2	0.511271	0.178194	-0.333077	0.333666	3.000000	1.000000	0	0	1	1.000000	0.000000	0.000000
ASV_165_16S_022_3	ASV_1203_16S_022_3	1	ENV_NO2	0.541334	0.068234	-0.473100	0.917083	3.000000	1.000000	0	0	1	1.000000	0.000000	0.000000
ASV_644_16S_022_3	ASV_1203_16S_022_3	1	ENV_NO2	0.625005	0.039353	-0.585652	0.917083	3.000000	1.000000	0	0	1	1.000000	0.000000	0.000000
ASV_833_16S_022_3	ASV_1203_16S_022_3	1	ENV_NO2	0.587951	1.149793	0.561842	nan	3.000000	1.000000	0	0	1	1.000000	0.000000	0.000000
ASV_424_16S_022_3	ASV_1205_16S_022_3	1	ENV_NO2	0.764953	0.199996	-0.564956	0.917083	3.000000	1.000000	0	0	1	1.000000	0.000000	0.000000
ASV_744_16S_022_3	ASV_1210_16S_022_3	1	ENV_NO2	0.567243	0.045776	-0.521467	0.333666	3.000000	1.000000	0	0	1	1.000000	0.000000	0.000000
ASV_268_16S_022_3	ASV_1212_16S_022_3	1	ENV_NO2	0.633778	0.172631	-0.461147	0.417582	3.000000	1.000000	0	0	1	1.000000	0.000000	0.000000
ASV_824_16S_022_3	ASV_1215_16S_022_3	1	ENV_NO2	0.646807	0.091551	-0.555256	0.583417	3.000000	1.000000	0	0	1	1.000000	0.000000	0.000000
ASV_601_16S_022_3	ASV_1227_16S_022_3	1	ENV_NO2	0.284107	-0.109961	-0.394067	1.000000	1.000000	0.000000	1	0	0	1.000000	0.000000	0.000000
ASV_636_16S_022_3	ASV_1227_16S_022_3	1	ENV_NO2	0.489191	0.086643	-0.402548	0.917083	3.000000	1.000000	0	0	1	1.000000	0.000000	0.000000
ASV_461_16S_022_3	ASV_1229_16S_022_3	1	ENV_NO2	0.721737	0.028881	-0.692856	0.000999	3.000000	1.000000	0	0	1	1.000000	0.000000	0.000000
ASV_497_16S_022_3	ASV_1229_16S_022_3	1	ENV_NO2	0.733473	0.028881	-0.704592	0.166833	3.000000	1.000000	0	0	1	1.000000	0.000000	0.000000
ASV_819_16S_022_3	ASV_1229_16S_022_3	1	ENV_NO2	0.710463	0.028881	-0.681582	0.000999	3.000000	1.000000	0	0	1	1.000000	0.000000	0.000000
ASV_519_16S_022_3	ASV_1233_16S_022_3	1	ENV_NO2	0.849744	0.102022	-0.747721	0.333666	3.000000	1.000000	0	0	1	1.000000	0.000000	0.000000
ASV_522_16S_022_3	ASV_1233_16S_022_3	1	ENV_NO2	0.756021	0.211983	-0.544038	0.250749	3.000000	1.000000	0	0	1	1.000000	0.000000	0.000000
ASV_576_16S_022_3	ASV_1233_16S_022_3	1	ENV_NO2	0.776227	0.211983	-0.564244	0.167832	3.000000	1.000000	0	0	1	1.000000	0.000000	0.000000
ASV_736_16S_022_3	ASV_1233_16S_022_3	1	ENV_NO2	0.708787	0.183102	-0.525685	0.167832	3.000000	1.000000	0	0	1	1.000000	0.000000	0.000000
ASV_363_16S_022_3	ASV_1235_16S_022_3	1	ENV_NO2	0.497730	0.074657	-0.423073	0.333666	3.000000	1.000000	0	0	1	1.000000	0.000000	0.000000
ASV_18_16S_022_3	ASV_1243_16S_022_3	1	ENV_NO2	0.385771	0.052198	-0.333572	0.585415	2.000000	1.000000	0	1	0	1.000000	0.000000	0.000000
ASV_158_16S_022_3	ASV_1243_16S_022_3	1	ENV_NO2	0.542557	0.052198	-0.490358	0.334665	3.000000	1.000000	0	0	1	1.000000	0.000000	0.000000
ASV_1110_16S_022_3	ASV_1244_16S_022_3	1	ENV_NO2	0.356297	0.000000	-0.356297	0.250749	2.000000	1.000000	0	1	0	1.000000	0.000000	0.000000
ASV_136_16S_022_3	ASV_1250_16S_022_3	1	ENV_NO2	0.548868	0.023317	-0.525551	0.333666	3.000000	1.000000	0	0	1	1.000000	0.000000	0.000000
ASV_679_16S_022_3	ASV_1250_16S_022_3	1	ENV_NO2	0.872894	0.297970	-0.574924	0.334665	3.000000	1.000000	0	0	1	1.000000	0.000000	0.000000
ASV_155_16S_022_3	ASV_1258_16S_022_3	1	ENV_NO2	0.487679	0.178194	-0.309484	0.917083	3.000000	1.000000	0	0	1	1.000000	0.000000	0.000000
ASV_848_16S_022_3	ASV_1265_16S_022_3	1	ENV_NO2	0.625005	0.000000	-0.625005	0.500500	3.000000	1.000000	0	0	1	1.000000	0.000000	0.000000
ASV_848_16S_022_3	ASV_1270_16S_022_3	1	ENV_NO2	0.519532	0.000000	-0.519532	0.167832	3.000000	1.000000	0	0	1	1.000000	0.000000	0.000000
ASV_1265_16S_022_3	ASV_1270_16S_022_3	1	ENV_NO2	0.483572	0.000000	-0.483572	0.417582	3.000000	1.000000	0	0	1	1.000000	0.000000	0.000000
ASV_413_16S_022_3	ASV_1269_16S_022_3	1	ENV_NO2	0.566980	0.039353	-0.527627	0.667333	3.000000	1.000000	0	0	1	1.000000	0.000000	0.000000
ASV_920_16S_022_3	ASV_1269_16S_022_3	1	ENV_NO2	0.732837	0.199996	-0.532841	0.333666	3.000000	1.000000	0	0	1	1.000000	0.000000	0.000000
ASV_1094_16S_022_3	ASV_1269_16S_022_3	1	ENV_NO2	0.635907	0.245772	-0.390135	0.250749	3.000000	1.000000	0	0	1	1.000000	0.000000	0.000000
ASV_310_16S_022_3	ASV_1287_16S_022_3	1	ENV_NO2	0.630894	0.000000	-0.630894	0.167832	3.000000	1.000000	0	0	1	1.000000	0.000000	0.000000
ASV_951_16S_022_3	ASV_1287_16S_022_3	1	ENV_NO2	0.658847	0.120432	-0.538415	0.166833	3.000000	1.000000	0	0	1	1.000000	0.000000	0.000000
ASV_1173_16S_022_3	ASV_1287_16S_022_3	1	ENV_NO2	0.601085	0.028881	-0.572204	0.000999	3.000000	1.000000	0	0	1	1.000000	0.000000	0.000000
ASV_210_16S_022_3	ASV_1294_16S_022_3	1	ENV_NO2	0.415758	0.245613	-0.170145	0.500500	3.000000	1.000000	0	0	1	1.000000	0.000000	0.000000
ASV_871_16S_022_3	ASV_1303_16S_022_3	1	ENV_NO2	0.753723	0.109305	-0.644419	0.168831	3.000000	1.000000	0	0	1	1.000000	0.000000	0.000000
ASV_1250_16S_022_3	ASV_1303_16S_022_3	1	ENV_NO2	0.874893	0.258618	-0.616275	0.417582	3.000000	1.000000	0	0	1	1.000000	0.000000	0.000000
ASV_764_16S_022_3	ASV_1307_16S_022_3	1	ENV_NO2	0.519532	0.120432	-0.399100	0.250749	3.000000	1.000000	0	0	1	1.000000	0.000000	0.000000
ASV_1265_16S_022_3	ASV_1307_16S_022_3	1	ENV_NO2	0.625005	0.045776	-0.579230	0.333666	3.000000	1.000000	0	0	1	1.000000	0.000000	0.000000
ASV_461_16S_022_3	ASV_1317_16S_022_3	1	ENV_NO2	0.655864	0.091551	-0.564313	0.167832	2.000000	1.000000	0	1	0	1.000000	0.000000	0.000000
ASV_506_16S_022_3	ASV_1317_16S_022_3	1	ENV_NO2	0.695917	0.000000	-0.695917	0.167832	3.000000	1.000000	0	0	1	1.000000	0.000000	0.000000
ASV_900_16S_022_3	ASV_1317_16S_022_3	1	ENV_NO2	0.633778	0.045776	-0.588003	0.083916	3.000000	1.000000	0	0	1	1.000000	0.000000	0.000000
ASV_519_16S_022_3	ASV_1320_16S_022_3	1	ENV_NO2	0.832328	1.030717	0.198389	nan	3.000000	1.000000	0	0	1	1.000000	0.000000	0.000000
ASV_1215_16S_022_3	ASV_1320_16S_022_3	1	ENV_NO2	0.445865	-0.081080	-0.526945	0.250749	3.000000	1.000000	0	0	1	1.000000	0.000000	0.000000
ASV_737_16S_022_3	ASV_1331_16S_022_3	1	ENV_NO2	0.569034	0.091551	-0.477483	0.167832	3.000000	1.000000	0	0	1	1.000000	0.000000	0.000000
ASV_1289_16S_022_3	ASV_1331_16S_022_3	1	ENV_NO2	0.591497	0.039353	-0.552145	0.417582	3.000000	1.000000	0	0	1	1.000000	0.000000	0.000000
ASV_31_16S_022_3	ASV_1332_16S_022_3	1	ENV_NO2	0.554214	0.692897	0.138683	nan	3.000000	1.000000	0	0	1	1.000000	0.000000	0.000000
ASV_413_16S_022_3	ASV_1332_16S_022_3	1	ENV_NO2	0.513773	-0.091551	-0.605324	0.832168	3.000000	1.000000	0	0	1	1.000000	0.000000	0.000000
ASV_697_16S_022_3	ASV_1332_16S_022_3	1	ENV_NO2	0.552538	0.317442	-0.235096	0.500500	3.000000	1.000000	0	0	1	1.000000	0.000000	0.000000
ASV_1257_16S_022_3	ASV_1332_16S_022_3	1	ENV_NO2	0.651204	0.686474	0.035270	nan	3.000000	1.000000	0	0	1	1.000000	0.000000	0.000000
ASV_1322_16S_022_3	ASV_1332_16S_022_3	1	ENV_NO2	0.682767	0.594923	-0.087844	0.500500	3.000000	1.000000	0	0	1	1.000000	0.000000	0.000000
ASV_648_16S_022_3	ASV_1335_16S_022_3	1	ENV_NO2	0.356297	0.000000	-0.356297	1.000000	3.000000	1.000000	0	0	1	1.000000	0.000000	0.000000
ASV_829_16S_022_3	ASV_1335_16S_022_3	1	ENV_NO2	0.414059	0.000000	-0.414059	1.000000	3.000000	1.000000	0	0	1	1.000000	0.000000	0.000000
ASV_590_16S_022_3	ASV_1344_16S_022_3	1	ENV_NO2	0.528697	0.079564	-0.449133	0.167832	3.000000	1.000000	0	0	1	1.000000	0.000000	0.000000
ASV_1106_16S_022_3	ASV_1344_16S_022_3	1	ENV_NO2	0.439968	0.842866	0.402899	nan	3.000000	1.000000	0	0	1	1.000000	0.000000	0.000000
ASV_143_16S_022_3	ASV_1348_16S_022_3	1	ENV_NO2	0.577294	0.120432	-0.456862	0.334665	3.000000	1.000000	0	0	1	1.000000	0.000000	0.000000
ASV_988_16S_022_3	ASV_1348_16S_022_3	1	ENV_NO2	0.519532	0.166208	-0.353324	0.667333	3.000000	1.000000	0	0	1	1.000000	0.000000	0.000000
ASV_1028_16S_022_3	ASV_1348_16S_022_3	1	ENV_NO2	0.599096	0.120432	-0.478664	0.168831	3.000000	1.000000	0	0	1	1.000000	0.000000	0.000000
ASV_1058_16S_022_3	ASV_1348_16S_022_3	1	ENV_NO2	0.577294	0.120432	-0.456862	0.584416	3.000000	1.000000	0	0	1	1.000000	0.000000	0.000000
ASV_1136_16S_022_3	ASV_1348_16S_022_3	1	ENV_NO2	0.483572	0.091551	-0.392021	0.251748	3.000000	1.000000	0	0	1	1.000000	0.000000	0.000000
ASV_413_16S_022_3	ASV_1353_16S_022_3	1	ENV_NO2	0.702710	0.899272	0.196562	nan	3.000000	1.000000	0	0	1	1.000000	0.000000	0.000000
ASV_863_16S_022_3	ASV_1353_16S_022_3	1	ENV_NO2	0.669634	-0.074657	-0.744291	0.083916	3.000000	1.000000	0	0	1	1.000000	0.000000	0.000000
ASV_920_16S_022_3	ASV_1353_16S_022_3	1	ENV_NO2	0.682504	0.074657	-0.607848	0.751249	3.000000	1.000000	0	0	1	1.000000	0.000000	0.000000
ASV_376_16S_022_3	ASV_1362_16S_022_3	1	ENV_NO2	0.497730	0.057762	-0.439968	0.750250	3.000000	1.000000	0	0	1	1.000000	0.000000	0.000000
ASV_709_16S_022_3	ASV_1362_16S_022_3	1	ENV_NO2	0.603203	-0.023317	-0.626520	0.834166	3.000000	1.000000	0	0	1	1.000000	0.000000	0.000000
ASV_872_16S_022_3	ASV_1362_16S_022_3	1	ENV_NO2	0.497730	0.086643	-0.411087	0.750250	3.000000	1.000000	0	0	1	1.000000	0.000000	0.000000
ASV_967_16S_022_3	ASV_1362_16S_022_3	1	ENV_NO2	0.519532	0.028881	-0.490651	0.834166	3.000000	1.000000	0	0	1	1.000000	0.000000	0.000000
ASV_124_16S_022_3	ASV_1361_16S_022_3	1	ENV_NO2	0.747632	0.074657	-0.672975	0.250749	3.000000	1.000000	0	0	1	1.000000	0.000000	0.000000
ASV_294_16S_022_3	ASV_1361_16S_022_3	1	ENV_NO2	0.827196	0.183102	-0.644094	0.250749	3.000000	1.000000	0	0	1	1.000000	0.000000	0.000000
ASV_308_16S_022_3	ASV_1361_16S_022_3	1	ENV_NO2	0.896232	0.199996	-0.696236	0.333666	3.000000	1.000000	0	0	1	1.000000	0.000000	0.000000
ASV_997_16S_022_3	ASV_1361_16S_022_3	1	ENV_NO2	0.863156	0.045776	-0.817381	0.417582	3.000000	1.000000	0	0	1	1.000000	0.000000	0.000000
ASV_654_16S_022_3	ASV_1367_16S_022_3	1	ENV_NO2	0.682892	0.014020	-0.668873	0.166833	3.000000	1.000000	0	0	1	1.000000	0.000000	0.000000
ASV_978_16S_022_3	ASV_1367_16S_022_3	1	ENV_NO2	0.782379	0.074657	-0.707722	0.416583	3.000000	1.000000	0	0	1	1.000000	0.000000	0.000000
ASV_1058_16S_022_3	ASV_1367_16S_022_3	1	ENV_NO2	0.636279	0.109961	-0.526318	0.167832	3.000000	1.000000	0	0	1	1.000000	0.000000	0.000000
ASV_94_16S_022_3	ASV_1374_16S_022_3	1	ENV_NO2	0.695002	0.081080	-0.613922	0.250749	3.000000	1.000000	0	0	1	1.000000	0.000000	0.000000
ASV_339_16S_022_3	ASV_1374_16S_022_3	1	ENV_NO2	0.710075	0.126855	-0.583220	0.667333	3.000000	1.000000	0	0	1	1.000000	0.000000	0.000000
ASV_1250_16S_022_3	ASV_1374_16S_022_3	1	ENV_NO2	1.056863	0.309957	-0.746906	0.583417	3.000000	1.000000	0	0	1	1.000000	0.000000	0.000000
ASV_378_16S_022_3	ASV_1379_16S_022_3	1	ENV_NO2	0.391072	0.076375	-0.314697	0.000999	3.000000	1.000000	0	0	1	1.000000	0.000000	0.000000
ASV_1139_16S_022_3	ASV_1382_16S_022_3	1	ENV_NO2	0.646807	0.115525	-0.531283	0.750250	3.000000	1.000000	0	0	1	1.000000	0.000000	0.000000
ASV_224_16S_022_3	ASV_1396_16S_022_3	1	ENV_NO2	0.740948	0.280078	-0.460870	0.834166	3.000000	1.000000	0	0	1	1.000000	0.000000	0.000000
ASV_489_16S_022_3	ASV_1396_16S_022_3	1	ENV_NO2	0.884958	0.492346	-0.392612	0.833167	3.000000	1.000000	0	0	1	1.000000	0.000000	0.000000
ASV_799_16S_022_3	ASV_1397_16S_022_3	1	ENV_NO2	0.276732	-0.000000	-0.276732	1.000000	3.000000	1.000000	0	0	1	1.000000	0.000000	0.000000
ASV_1127_16S_022_3	ASV_1397_16S_022_3	1	ENV_NO2	0.298534	-0.000000	-0.298534	0.917083	3.000000	1.000000	0	0	1	1.000000	0.000000	0.000000
ASV_823_16S_022_3	ASV_1394_16S_022_3	1	ENV_NO2	0.625005	0.028881	-0.596124	0.084915	3.000000	1.000000	0	0	1	1.000000	0.000000	0.000000
ASV_1189_16S_022_3	ASV_1401_16S_022_3	1	ENV_NO2	0.519532	0.045776	-0.473756	0.500500	3.000000	1.000000	0	0	1	1.000000	0.000000	0.000000
ASV_743_16S_022_3	ASV_1407_16S_022_3	1	ENV_NO2	0.589045	0.000000	-0.589045	0.500500	3.000000	1.000000	0	0	1	1.000000	0.000000	0.000000
ASV_744_16S_022_3	ASV_1407_16S_022_3	1	ENV_NO2	0.706360	0.228878	-0.477483	0.917083	3.000000	1.000000	0	0	1	1.000000	0.000000	0.000000
ASV_951_16S_022_3	ASV_1407_16S_022_3	1	ENV_NO2	0.670400	0.045776	-0.624624	0.167832	3.000000	1.000000	0	0	1	1.000000	0.000000	0.000000
ASV_1049_16S_022_3	ASV_1411_16S_022_3	1	ENV_NO2	0.699184	0.091551	-0.607633	0.251748	3.000000	1.000000	0	0	1	1.000000	0.000000	0.000000
ASV_1317_16S_022_3	ASV_1411_16S_022_3	1	ENV_NO2	0.677382	0.000000	-0.677382	0.250749	3.000000	1.000000	0	0	1	1.000000	0.000000	0.000000
ASV_917_16S_022_3	ASV_1418_16S_022_3	1	ENV_NO2	0.704028	0.103538	-0.600490	0.667333	3.000000	1.000000	0	0	1	1.000000	0.000000	0.000000
ASV_255_16S_022_3	ASV_1426_16S_022_3	1	ENV_NO2	0.675711	0.979705	0.303994	nan	3.000000	1.000000	0	0	1	1.000000	0.000000	0.000000
ASV_1092_16S_022_3	ASV_1426_16S_022_3	1	ENV_NO2	0.577508	0.839348	0.261840	nan	3.000000	1.000000	0	0	1	1.000000	0.000000	0.000000
ASV_182_16S_022_3	ASV_1429_16S_022_3	1	ENV_NO2	0.590920	0.463160	-0.127760	0.667333	3.000000	1.000000	0	0	1	1.000000	0.000000	0.000000
ASV_351_16S_022_3	ASV_1429_16S_022_3	1	ENV_NO2	0.511108	0.251177	-0.259931	0.666334	3.000000	1.000000	0	0	1	1.000000	0.000000	0.000000
ASV_580_16S_022_3	ASV_1429_16S_022_3	1	ENV_NO2	0.644267	0.271464	-0.372803	0.083916	3.000000	1.000000	0	0	1	1.000000	0.000000	0.000000
ASV_576_16S_022_3	ASV_1439_16S_022_3	1	ENV_NO2	0.551330	0.166208	-0.385122	0.084915	3.000000	1.000000	0	0	1	1.000000	0.000000	0.000000
ASV_415_16S_022_3	ASV_1443_16S_022_3	1	ENV_NO2	0.791236	0.000000	-0.791236	0.334665	3.000000	1.000000	0	0	1	1.000000	0.000000	0.000000
ASV_563_16S_022_3	ASV_1443_16S_022_3	1	ENV_NO2	0.707579	-0.052198	-0.759777	0.334665	3.000000	1.000000	0	0	1	1.000000	0.000000	0.000000
ASV_470_16S_022_3	ASV_1442_16S_022_3	1	ENV_NO2	0.465205	0.166208	-0.298998	0.833167	3.000000	1.000000	0	0	1	1.000000	0.000000	0.000000
ASV_732_16S_022_3	ASV_1442_16S_022_3	1	ENV_NO2	0.699184	0.091551	-0.607633	0.418581	3.000000	1.000000	0	0	1	1.000000	0.000000	0.000000
ASV_824_16S_022_3	ASV_1458_16S_022_3	1	ENV_NO2	0.484794	0.045776	-0.439019	0.000999	3.000000	1.000000	0	0	1	1.000000	0.000000	0.000000
ASV_1215_16S_022_3	ASV_1458_16S_022_3	1	ENV_NO2	0.703476	0.091551	-0.611925	0.083916	3.000000	1.000000	0	0	1	1.000000	0.000000	0.000000
ASV_322_16S_022_3	ASV_1459_16S_022_3	1	ENV_NO2	0.577294	1.127335	0.550041	nan	3.000000	1.000000	0	0	1	1.000000	0.000000	0.000000
ASV_635_16S_022_3	ASV_1459_16S_022_3	1	ENV_NO2	0.494846	-0.038179	-0.533024	0.750250	3.000000	1.000000	0	0	1	1.000000	0.000000	0.000000
ASV_1258_16S_022_3	ASV_1459_16S_022_3	1	ENV_NO2	0.461770	0.000000	-0.461770	0.249750	3.000000	1.000000	0	0	1	1.000000	0.000000	0.000000
ASV_622_16S_022_3	ASV_1482_16S_022_3	1	ENV_NO2	0.728162	-0.091551	-0.819713	0.166833	3.000000	1.000000	0	0	1	1.000000	0.000000	0.000000
ASV_481_16S_022_3	ASV_1491_16S_022_3	1	ENV_NO2	0.655580	0.016894	-0.638686	0.166833	3.000000	1.000000	0	0	1	1.000000	0.000000	0.000000
ASV_732_16S_022_3	ASV_1490_16S_022_3	1	ENV_NO2	0.655580	0.033789	-0.621791	0.166833	3.000000	1.000000	0	0	1	1.000000	0.000000	0.000000
ASV_1094_16S_022_3	ASV_1490_16S_022_3	1	ENV_NO2	0.622539	0.143749	-0.478790	0.083916	3.000000	1.000000	0	0	1	1.000000	0.000000	0.000000
ASV_294_16S_022_3	ASV_1498_16S_022_3	1	ENV_NO2	0.724447	0.069093	-0.655355	0.000999	3.000000	1.000000	0	0	1	1.000000	0.000000	0.000000
ASV_1094_16S_022_3	ASV_1498_16S_022_3	1	ENV_NO2	0.666685	0.102882	-0.563803	0.084915	3.000000	1.000000	0	0	1	1.000000	0.000000	0.000000
ASV_1331_16S_022_3	ASV_1508_16S_022_3	1	ENV_NO2	0.567243	0.000000	-0.567243	0.083916	3.000000	1.000000	0	0	1	1.000000	0.000000	0.000000
ASV_1411_16S_022_3	ASV_1508_16S_022_3	1	ENV_NO2	0.531283	0.028881	-0.502401	0.000999	3.000000	1.000000	0	0	1	1.000000	0.000000	0.000000
ASV_519_16S_022_3	ASV_1507_16S_022_3	1	ENV_NO2	0.754813	-0.052198	-0.807011	0.250749	3.000000	1.000000	0	0	1	1.000000	0.000000	0.000000
ASV_819_16S_022_3	ASV_1507_16S_022_3	1	ENV_NO2	0.761248	0.028881	-0.732367	0.000999	3.000000	1.000000	0	0	1	1.000000	0.000000	0.000000
ASV_1320_16S_022_3	ASV_1507_16S_022_3	1	ENV_NO2	0.562608	-0.081080	-0.643688	0.250749	3.000000	1.000000	0	0	1	1.000000	0.000000	0.000000
ASV_988_16S_022_3	ASV_1516_16S_022_3	1	ENV_NO2	0.682767	0.166208	-0.516560	0.667333	3.000000	1.000000	0	0	1	1.000000	0.000000	0.000000
ASV_1335_16S_022_3	ASV_1521_16S_022_3	1	ENV_NO2	0.298534	0.000000	-0.298534	0.500500	2.000000	1.000000	0	1	0	1.000000	0.000000	0.000000
ASV_1201_16S_022_3	ASV_1523_16S_022_3	1	ENV_NO2	0.577294	1.493698	0.916403	nan	3.000000	1.000000	0	0	1	1.000000	0.000000	0.000000
ASV_616_16S_022_3	ASV_1551_16S_022_3	1	ENV_NO2	0.590836	0.000000	-0.590836	0.167832	3.000000	1.000000	0	0	1	1.000000	0.000000	0.000000
ASV_1458_16S_022_3	ASV_1551_16S_022_3	1	ENV_NO2	0.645714	0.000000	-0.645714	0.417582	3.000000	1.000000	0	0	1	1.000000	0.000000	0.000000
ASV_1543_16S_022_3	ASV_1551_16S_022_3	1	ENV_NO2	0.603203	0.000000	-0.603203	0.416583	3.000000	1.000000	0	0	1	1.000000	0.000000	0.000000
ASV_928_16S_022_3	ASV_1556_16S_022_3	1	ENV_NO2	0.922589	0.199996	-0.722593	0.333666	3.000000	1.000000	0	0	1	1.000000	0.000000	0.000000
ASV_564_16S_022_3	ASV_1560_16S_022_3	1	ENV_NO2	0.833243	0.074657	-0.758587	0.167832	3.000000	1.000000	0	0	1	1.000000	0.000000	0.000000
ASV_1061_16S_022_3	ASV_1560_16S_022_3	1	ENV_NO2	0.811441	0.062670	-0.748771	0.084915	3.000000	1.000000	0	0	1	1.000000	0.000000	0.000000
ASV_987_16S_022_3	ASV_1561_16S_022_3	1	ENV_NO2	0.728162	0.120432	-0.607730	0.167832	3.000000	1.000000	0	0	1	1.000000	0.000000	0.000000
ASV_599_16S_022_3	ASV_1563_16S_022_3	1	ENV_NO2	0.655580	0.120432	-0.535148	0.084915	3.000000	1.000000	0	0	1	1.000000	0.000000	0.000000
ASV_1317_16S_022_3	ASV_1563_16S_022_3	1	ENV_NO2	0.619620	0.091551	-0.528069	0.166833	3.000000	1.000000	0	0	1	1.000000	0.000000	0.000000
ASV_1331_16S_022_3	ASV_1563_16S_022_3	1	ENV_NO2	0.554875	0.199996	-0.354879	0.834166	3.000000	1.000000	0	0	1	1.000000	0.000000	0.000000
ASV_606_16S_022_3	ASV_1566_16S_022_3	1	ENV_NO2	0.646807	0.000000	-0.646807	0.498501	3.000000	1.000000	0	0	1	1.000000	0.000000	0.000000
ASV_1171_16S_022_3	ASV_1565_16S_022_3	1	ENV_NO2	0.861560	0.199996	-0.661563	0.333666	3.000000	1.000000	0	0	1	1.000000	0.000000	0.000000
ASV_799_16S_022_3	ASV_1569_16S_022_3	1	ENV_NO2	0.497730	-0.052198	-0.549928	0.750250	3.000000	1.000000	0	0	1	1.000000	0.000000	0.000000
ASV_17_16S_022_3	ASV_1571_16S_022_3	1	ENV_NO2	0.264543	0.091551	-0.172992	0.250749	1.000000	0.000000	1	0	0	1.000000	0.000000	0.000000
ASV_951_16S_022_3	ASV_1571_16S_022_3	1	ENV_NO2	0.861943	0.166208	-0.695735	0.167832	3.000000	1.000000	0	0	1	1.000000	0.000000	0.000000
ASV_1565_16S_022_3	ASV_1571_16S_022_3	1	ENV_NO2	0.880477	0.120432	-0.760045	0.250749	3.000000	1.000000	0	0	1	1.000000	0.000000	0.000000
ASV_1210_16S_022_3	ASV_1576_16S_022_3	1	ENV_NO2	0.531283	0.045776	-0.485507	0.167832	3.000000	1.000000	0	0	1	1.000000	0.000000	0.000000
ASV_1534_16S_022_3	ASV_1576_16S_022_3	1	ENV_NO2	0.670400	0.074657	-0.595743	0.083916	3.000000	1.000000	0	0	1	1.000000	0.000000	0.000000
ASV_1310_16S_022_3	ASV_1577_16S_022_3	1	ENV_NO2	0.519532	0.091551	-0.427981	0.167832	3.000000	1.000000	0	0	1	1.000000	0.000000	0.000000
ASV_1394_16S_022_3	ASV_1577_16S_022_3	1	ENV_NO2	0.625005	0.028881	-0.596124	0.084915	3.000000	1.000000	0	0	1	1.000000	0.000000	0.000000
ASV_595_16S_022_3	ASV_1578_16S_022_3	1	ENV_NO2	0.461770	-0.074657	-0.536426	0.500500	3.000000	1.000000	0	0	1	1.000000	0.000000	0.000000
ASV_389_16S_022_3	ASV_1581_16S_022_3	1	ENV_NO2	0.432090	0.028881	-0.403209	0.000999	2.000000	1.000000	0	1	0	1.000000	0.000000	0.000000
ASV_786_16S_022_3	ASV_1581_16S_022_3	1	ENV_NO2	0.645714	0.028881	-0.616833	0.000999	3.000000	1.000000	0	0	1	1.000000	0.000000	0.000000
ASV_1235_16S_022_3	ASV_1581_16S_022_3	1	ENV_NO2	0.542557	0.028881	-0.513675	0.000999	3.000000	1.000000	0	0	1	1.000000	0.000000	0.000000
ASV_32_16S_022_3	ASV_1584_16S_022_3	1	ENV_NO2	0.456106	0.087705	-0.368401	0.083916	1.000000	0.000000	1	0	0	1.000000	0.000000	0.000000
ASV_384_16S_022_3	ASV_1587_16S_022_3	1	ENV_NO2	0.438689	0.016894	-0.421795	0.249750	3.000000	1.000000	0	0	1	1.000000	0.000000	0.000000
ASV_746_16S_022_3	ASV_1587_16S_022_3	1	ENV_NO2	0.470557	0.000000	-0.470557	0.500500	3.000000	1.000000	0	0	1	1.000000	0.000000	0.000000
ASV_644_16S_022_3	ASV_1589_16S_022_3	1	ENV_NO2	0.442284	0.028881	-0.413403	0.083916	3.000000	1.000000	0	0	1	1.000000	0.000000	0.000000
ASV_1055_16S_022_3	ASV_1589_16S_022_3	1	ENV_NO2	0.545441	0.091551	-0.453890	0.083916	3.000000	1.000000	0	0	1	1.000000	0.000000	0.000000
ASV_1136_16S_022_3	ASV_1593_16S_022_3	1	ENV_NO2	0.483572	0.000000	-0.483572	0.500500	3.000000	1.000000	0	0	1	1.000000	0.000000	0.000000
ASV_1110_16S_022_3	ASV_1633_16S_022_3	1	ENV_NO2	0.461770	0.000000	-0.461770	0.250749	3.000000	1.000000	0	0	1	1.000000	0.000000	0.000000
ASV_64_16S_022_3	ASV_1631_16S_022_3	1	ENV_NO2	0.322767	0.091551	-0.231216	0.167832	2.000000	1.000000	0	1	0	1.000000	0.000000	0.000000
ASV_720_16S_022_3	ASV_1631_16S_022_3	1	ENV_NO2	0.599096	0.045776	-0.553321	0.250749	3.000000	1.000000	0	0	1	1.000000	0.000000	0.000000
ASV_1563_16S_022_3	ASV_1632_16S_022_3	1	ENV_NO2	0.656242	0.028881	-0.627360	0.334665	3.000000	1.000000	0	0	1	1.000000	0.000000	0.000000
ASV_376_16S_022_3	ASV_1645_16S_022_3	1	ENV_NO2	0.461770	-0.023317	-0.485087	0.916084	3.000000	1.000000	0	0	1	1.000000	0.000000	0.000000
ASV_1362_16S_022_3	ASV_1645_16S_022_3	1	ENV_NO2	0.625005	-0.023317	-0.648322	0.749251	3.000000	1.000000	0	0	1	1.000000	0.000000	0.000000
ASV_739_16S_022_3	ASV_1644_16S_022_3	1	ENV_NO2	0.497730	0.120432	-0.377298	0.167832	3.000000	1.000000	0	0	1	1.000000	0.000000	0.000000
ASV_161_16S_022_3	ASV_1643_16S_022_3	1	ENV_NO2	0.521173	1.043022	0.521848	nan	3.000000	1.000000	0	0	1	1.000000	0.000000	0.000000
ASV_725_16S_022_3	ASV_1648_16S_022_3	1	ENV_NO2	0.706360	0.171115	-0.535245	0.667333	3.000000	1.000000	0	0	1	1.000000	0.000000	0.000000
ASV_1565_16S_022_3	ASV_1648_16S_022_3	1	ENV_NO2	0.626796	0.228878	-0.397918	0.667333	3.000000	1.000000	0	0	1	1.000000	0.000000	0.000000
ASV_962_16S_022_3	ASV_1657_16S_022_3	1	ENV_NO2	0.483572	-0.016894	-0.500466	0.832168	3.000000	1.000000	0	0	1	1.000000	0.000000	0.000000
ASV_1587_16S_022_3	ASV_1657_16S_022_3	1	ENV_NO2	0.451718	-0.016894	-0.468613	0.666334	3.000000	1.000000	0	0	1	1.000000	0.000000	0.000000
ASV_575_16S_022_3	ASV_1658_16S_022_3	1	ENV_NO2	0.520755	-0.067060	-0.587814	0.916084	3.000000	1.000000	0	0	1	1.000000	0.000000	0.000000
ASV_743_16S_022_3	ASV_1658_16S_022_3	1	ENV_NO2	0.406323	0.000000	-0.406323	1.000000	3.000000	1.000000	0	0	1	1.000000	0.000000	0.000000
ASV_824_16S_022_3	ASV_1658_16S_022_3	1	ENV_NO2	0.464086	0.000000	-0.464086	0.832168	3.000000	1.000000	0	0	1	1.000000	0.000000	0.000000
ASV_339_16S_022_3	ASV_1676_16S_022_3	1	ENV_NO2	0.511271	0.000000	-0.511271	0.250749	2.000000	1.000000	0	1	0	1.000000	0.000000	0.000000
ASV_1287_16S_022_3	ASV_1676_16S_022_3	1	ENV_NO2	0.670400	0.000000	-0.670400	0.333666	3.000000	1.000000	0	0	1	1.000000	0.000000	0.000000
ASV_306_16S_022_3	ASV_1687_16S_022_3	1	ENV_NO2	0.590836	0.023317	-0.567518	0.333666	3.000000	1.000000	0	0	1	1.000000	0.000000	0.000000
ASV_930_16S_022_3	ASV_1686_16S_022_3	1	ENV_NO2	0.706360	1.030717	0.324357	nan	3.000000	1.000000	0	0	1	1.000000	0.000000	0.000000
ASV_1258_16S_022_3	ASV_1686_16S_022_3	1	ENV_NO2	0.487679	0.005564	-0.482115	0.667333	3.000000	1.000000	0	0	1	1.000000	0.000000	0.000000
ASV_478_16S_022_3	ASV_1693_16S_022_3	1	ENV_NO2	0.533073	-0.062670	-0.595743	0.333666	3.000000	1.000000	0	0	1	1.000000	0.000000	0.000000
ASV_227_16S_022_3	ASV_1697_16S_022_3	1	ENV_NO2	0.459362	0.000000	-0.459362	0.750250	3.000000	1.000000	0	0	1	1.000000	0.000000	0.000000
ASV_631_16S_022_3	ASV_1696_16S_022_3	1	ENV_NO2	0.660965	0.028881	-0.632084	0.583417	3.000000	1.000000	0	0	1	1.000000	0.000000	0.000000
ASV_709_16S_022_3	ASV_1696_16S_022_3	1	ENV_NO2	0.625005	-0.023317	-0.648322	0.333666	3.000000	1.000000	0	0	1	1.000000	0.000000	0.000000
ASV_872_16S_022_3	ASV_1696_16S_022_3	1	ENV_NO2	0.519532	0.086643	-0.432889	0.834166	3.000000	1.000000	0	0	1	1.000000	0.000000	0.000000
ASV_612_16S_022_3	ASV_1706_16S_022_3	1	ENV_NO2	0.825599	0.219580	-0.606019	0.917083	3.000000	1.000000	0	0	1	1.000000	0.000000	0.000000
ASV_928_16S_022_3	ASV_1706_16S_022_3	1	ENV_NO2	0.807065	0.102022	-0.705042	0.333666	3.000000	1.000000	0	0	1	1.000000	0.000000	0.000000
ASV_985_16S_022_3	ASV_1706_16S_022_3	1	ENV_NO2	0.710075	1.059598	0.349524	nan	3.000000	1.000000	0	0	1	1.000000	0.000000	0.000000
ASV_1107_16S_022_3	ASV_1706_16S_022_3	1	ENV_NO2	0.639537	1.230714	0.591177	nan	3.000000	1.000000	0	0	1	1.000000	0.000000	0.000000
ASV_848_16S_022_3	ASV_1707_16S_022_3	1	ENV_NO2	0.464086	0.000000	-0.464086	0.417582	3.000000	1.000000	0	0	1	1.000000	0.000000	0.000000
ASV_1210_16S_022_3	ASV_1707_16S_022_3	1	ENV_NO2	0.589045	0.028881	-0.560164	0.000999	3.000000	1.000000	0	0	1	1.000000	0.000000	0.000000
ASV_1686_16S_022_3	ASV_1707_16S_022_3	1	ENV_NO2	0.625005	-0.052198	-0.677203	0.417582	3.000000	1.000000	0	0	1	1.000000	0.000000	0.000000
ASV_1406_16S_022_3	ASV_1705_16S_022_3	1	ENV_NO2	0.519532	0.028881	-0.490651	0.917083	3.000000	1.000000	0	0	1	1.000000	0.000000	0.000000
ASV_143_16S_022_3	ASV_1716_16S_022_3	1	ENV_NO2	0.439968	0.120432	-0.319536	0.417582	3.000000	1.000000	0	0	1	1.000000	0.000000	0.000000
ASV_1210_16S_022_3	ASV_1716_16S_022_3	1	ENV_NO2	0.589045	0.028881	-0.560164	0.000999	3.000000	1.000000	0	0	1	1.000000	0.000000	0.000000
ASV_1648_16S_022_3	ASV_1720_16S_022_3	1	ENV_NO2	0.740530	0.183102	-0.557428	0.751249	3.000000	1.000000	0	0	1	1.000000	0.000000	0.000000
ASV_180_16S_022_3	ASV_1728_16S_022_3	1	ENV_NO2	0.682504	0.023317	-0.659187	0.167832	3.000000	1.000000	0	0	1	1.000000	0.000000	0.000000
ASV_992_16S_022_3	ASV_1732_16S_022_3	1	ENV_NO2	0.689079	0.824828	0.135749	nan	3.000000	1.000000	0	0	1	1.000000	0.000000	0.000000
ASV_930_16S_022_3	ASV_1748_16S_022_3	1	ENV_NO2	0.648598	-0.018410	-0.667008	0.167832	3.000000	1.000000	0	0	1	1.000000	0.000000	0.000000
ASV_1108_16S_022_3	ASV_1748_16S_022_3	1	ENV_NO2	0.706360	0.062670	-0.643690	0.166833	3.000000	1.000000	0	0	1	1.000000	0.000000	0.000000
ASV_1125_16S_022_3	ASV_1748_16S_022_3	1	ENV_NO2	0.764122	0.091551	-0.672571	0.167832	3.000000	1.000000	0	0	1	1.000000	0.000000	0.000000
ASV_1265_16S_022_3	ASV_1748_16S_022_3	1	ENV_NO2	0.625005	0.062670	-0.562335	0.334665	3.000000	1.000000	0	0	1	1.000000	0.000000	0.000000
ASV_1577_16S_022_3	ASV_1748_16S_022_3	1	ENV_NO2	0.627457	0.091551	-0.535906	0.250749	3.000000	1.000000	0	0	1	1.000000	0.000000	0.000000
ASV_166_16S_022_3	ASV_1759_16S_022_3	1	ENV_NO2	0.414059	0.000000	-0.414059	0.666334	3.000000	1.000000	0	0	1	1.000000	0.000000	0.000000
ASV_1037_16S_022_3	ASV_1769_16S_022_3	1	ENV_NO2	0.576016	0.091551	-0.484465	0.417582	3.000000	1.000000	0	0	1	1.000000	0.000000	0.000000
ASV_1335_16S_022_3	ASV_1769_16S_022_3	1	ENV_NO2	0.382205	0.000000	-0.382205	0.917083	3.000000	1.000000	0	0	1	1.000000	0.000000	0.000000
ASV_1443_16S_022_3	ASV_1769_16S_022_3	1	ENV_NO2	0.655580	0.137327	-0.518254	0.833167	3.000000	1.000000	0	0	1	1.000000	0.000000	0.000000
ASV_143_16S_022_3	ASV_1774_16S_022_3	1	ENV_NO2	0.519532	0.091551	-0.427981	0.417582	3.000000	1.000000	0	0	1	1.000000	0.000000	0.000000
ASV_1036_16S_022_3	ASV_1777_16S_022_3	1	ENV_NO2	0.545441	0.154221	-0.391220	0.500500	3.000000	1.000000	0	0	1	1.000000	0.000000	0.000000
ASV_1577_16S_022_3	ASV_1777_16S_022_3	1	ENV_NO2	0.627457	0.166208	-0.461250	0.583417	3.000000	1.000000	0	0	1	1.000000	0.000000	0.000000
ASV_327_16S_022_3	ASV_1781_16S_022_3	1	ENV_NO2	0.767837	0.000000	-0.767837	0.166833	3.000000	1.000000	0	0	1	1.000000	0.000000	0.000000
ASV_415_16S_022_3	ASV_1781_16S_022_3	1	ENV_NO2	0.710075	0.000000	-0.710075	0.417582	3.000000	1.000000	0	0	1	1.000000	0.000000	0.000000
ASV_1117_16S_022_3	ASV_1781_16S_022_3	1	ENV_NO2	0.789639	0.062670	-0.726969	0.250749	3.000000	1.000000	0	0	1	1.000000	0.000000	0.000000
ASV_1186_16S_022_3	ASV_1781_16S_022_3	1	ENV_NO2	0.649428	0.045776	-0.603653	0.168831	3.000000	1.000000	0	0	1	1.000000	0.000000	0.000000
ASV_1777_16S_022_3	ASV_1781_16S_022_3	1	ENV_NO2	0.706360	0.091551	-0.614809	0.417582	3.000000	1.000000	0	0	1	1.000000	0.000000	0.000000
ASV_600_16S_022_3	ASV_1795_16S_022_3	1	ENV_NO2	0.567243	0.178194	-0.389048	0.833167	3.000000	1.000000	0	0	1	1.000000	0.000000	0.000000
ASV_1534_16S_022_3	ASV_1804_16S_022_3	1	ENV_NO2	0.651204	0.126855	-0.524349	0.750250	3.000000	1.000000	0	0	1	1.000000	0.000000	0.000000
ASV_150_16S_022_3	ASV_1801_16S_022_3	1	ENV_NO2	0.747632	0.394585	-0.353047	0.500500	3.000000	1.000000	0	0	1	1.000000	0.000000	0.000000
ASV_1201_16S_022_3	ASV_1820_16S_022_3	1	ENV_NO2	0.599096	-0.108445	-0.707542	0.083916	3.000000	1.000000	0	0	1	1.000000	0.000000	0.000000
ASV_1189_16S_022_3	ASV_1825_16S_022_3	1	ENV_NO2	0.466538	0.097974	-0.368564	0.834166	3.000000	1.000000	0	0	1	1.000000	0.000000	0.000000
ASV_1644_16S_022_3	ASV_1858_16S_022_3	1	ENV_NO2	0.577294	0.154221	-0.423073	0.417582	3.000000	1.000000	0	0	1	1.000000	0.000000	0.000000
ASV_1087_16S_022_3	ASV_1855_16S_022_3	1	ENV_NO2	0.567243	0.000000	-0.567243	0.416583	3.000000	1.000000	0	0	1	1.000000	0.000000	0.000000
ASV_1366_16S_022_3	ASV_1855_16S_022_3	1	ENV_NO2	0.648598	0.028881	-0.619717	0.083916	3.000000	1.000000	0	0	1	1.000000	0.000000	0.000000
ASV_1458_16S_022_3	ASV_1855_16S_022_3	1	ENV_NO2	0.587951	0.028881	-0.559070	0.250749	3.000000	1.000000	0	0	1	1.000000	0.000000	0.000000
ASV_143_16S_022_3	ASV_1869_16S_022_3	1	ENV_NO2	0.577294	0.120432	-0.456862	0.334665	3.000000	1.000000	0	0	1	1.000000	0.000000	0.000000
ASV_1055_16S_022_3	ASV_1869_16S_022_3	1	ENV_NO2	0.461770	0.091551	-0.370219	0.168831	2.000000	1.000000	0	1	0	1.000000	0.000000	0.000000
ASV_1774_16S_022_3	ASV_1869_16S_022_3	1	ENV_NO2	0.599096	0.091551	-0.507545	0.417582	3.000000	1.000000	0	0	1	1.000000	0.000000	0.000000
ASV_979_16S_022_3	ASV_1881_16S_022_3	1	ENV_NO2	0.883362	0.000000	-0.883362	0.083916	3.000000	1.000000	0	0	1	1.000000	0.000000	0.000000
ASV_1633_16S_022_3	ASV_1881_16S_022_3	1	ENV_NO2	0.523639	0.062670	-0.460969	0.251748	3.000000	1.000000	0	0	1	1.000000	0.000000	0.000000
ASV_406_16S_022_3	ASV_1894_16S_022_3	1	ENV_NO2	0.643844	0.053372	-0.590471	0.418581	3.000000	1.000000	0	0	1	1.000000	0.000000	0.000000
ASV_1287_16S_022_3	ASV_1894_16S_022_3	1	ENV_NO2	0.615243	0.120432	-0.494811	0.334665	3.000000	1.000000	0	0	1	1.000000	0.000000	0.000000
ASV_1443_16S_022_3	ASV_1894_16S_022_3	1	ENV_NO2	0.828867	0.166208	-0.662659	0.668332	3.000000	1.000000	0	0	1	1.000000	0.000000	0.000000
ASV_1146_16S_022_3	ASV_1921_16S_022_3	1	ENV_NO2	0.771105	0.137327	-0.633778	0.500500	3.000000	1.000000	0	0	1	1.000000	0.000000	0.000000
ASV_1331_16S_022_3	ASV_1921_16S_022_3	1	ENV_NO2	0.728162	0.137327	-0.590836	0.500500	3.000000	1.000000	0	0	1	1.000000	0.000000	0.000000
ASV_1491_16S_022_3	ASV_1921_16S_022_3	1	ENV_NO2	0.694808	0.045776	-0.649032	0.166833	3.000000	1.000000	0	0	1	1.000000	0.000000	0.000000
ASV_1648_16S_022_3	ASV_1921_16S_022_3	1	ENV_NO2	0.728162	0.137327	-0.590836	0.500500	3.000000	1.000000	0	0	1	1.000000	0.000000	0.000000
ASV_174_16S_022_3	ASV_1930_16S_022_3	1	ENV_NO2	0.550499	0.016894	-0.533605	0.751249	3.000000	1.000000	0	0	1	1.000000	0.000000	0.000000
ASV_987_16S_022_3	ASV_1930_16S_022_3	1	ENV_NO2	0.706360	0.091551	-0.614809	0.168831	3.000000	1.000000	0	0	1	1.000000	0.000000	0.000000
ASV_1577_16S_022_3	ASV_1930_16S_022_3	1	ENV_NO2	0.728162	0.000000	-0.728162	0.167832	3.000000	1.000000	0	0	1	1.000000	0.000000	0.000000
ASV_705_16S_022_3	ASV_1934_16S_022_3	1	ENV_NO2	0.682767	0.000000	-0.682767	0.083916	3.000000	1.000000	0	0	1	1.000000	0.000000	0.000000
ASV_1062_16S_022_3	ASV_1934_16S_022_3	1	ENV_NO2	0.603203	0.000000	-0.603203	0.083916	3.000000	1.000000	0	0	1	1.000000	0.000000	0.000000
ASV_754_16S_022_3	ASV_1971_16S_022_3	1	ENV_NO2	0.710075	0.126855	-0.583220	0.084915	3.000000	1.000000	0	0	1	1.000000	0.000000	0.000000
ASV_1498_16S_022_3	ASV_1971_16S_022_3	1	ENV_NO2	0.839972	0.143749	-0.696222	0.084915	3.000000	1.000000	0	0	1	1.000000	0.000000	0.000000
ASV_428_16S_022_3	ASV_1994_16S_022_3	1	ENV_NO2	0.530189	0.000000	-0.530189	1.000000	3.000000	1.000000	0	0	1	1.000000	0.000000	0.000000
ASV_552_16S_022_3	ASV_1994_16S_022_3	1	ENV_NO2	0.551991	-0.081080	-0.633071	0.333666	3.000000	1.000000	0	0	1	1.000000	0.000000	0.000000
ASV_1366_16S_022_3	ASV_1999_16S_022_3	1	ENV_NO2	0.519532	0.120432	-0.399100	0.333666	3.000000	1.000000	0	0	1	1.000000	0.000000	0.000000
ASV_1543_16S_022_3	ASV_1999_16S_022_3	1	ENV_NO2	0.519532	0.062670	-0.456862	0.249750	3.000000	1.000000	0	0	1	1.000000	0.000000	0.000000
ASV_1632_16S_022_3	ASV_2009_16S_022_3	1	ENV_NO2	0.567243	0.000000	-0.567243	0.250749	3.000000	1.000000	0	0	1	1.000000	0.000000	0.000000
ASV_1696_16S_022_3	ASV_2014_16S_022_3	1	ENV_NO2	0.543650	0.074657	-0.468993	0.917083	3.000000	1.000000	0	0	1	1.000000	0.000000	0.000000
ASV_1551_16S_022_3	ASV_2023_16S_022_3	1	ENV_NO2	0.706360	0.000000	-0.706360	0.417582	3.000000	1.000000	0	0	1	1.000000	0.000000	0.000000
ASV_1855_16S_022_3	ASV_2023_16S_022_3	1	ENV_NO2	0.706360	0.028881	-0.677479	0.250749	3.000000	1.000000	0	0	1	1.000000	0.000000	0.000000
ASV_1107_16S_022_3	ASV_2030_16S_022_3	1	ENV_NO2	0.611976	0.068234	-0.543742	0.500500	2.000000	1.000000	0	1	0	1.000000	0.000000	0.000000
ASV_1158_16S_022_3	ASV_2030_16S_022_3	1	ENV_NO2	0.518254	0.103538	-0.414716	0.917083	3.000000	1.000000	0	0	1	1.000000	0.000000	0.000000
ASV_1986_16S_022_3	ASV_2057_16S_022_3	1	ENV_NO2	0.843687	0.091551	-0.752136	0.084915	3.000000	1.000000	0	0	1	1.000000	0.000000	0.000000
ASV_1105_16S_022_3	ASV_2068_16S_022_3	1	ENV_NO2	0.597818	0.000000	-0.597818	0.500500	2.000000	1.000000	0	1	0	1.000000	0.000000	0.000000
ASV_2030_16S_022_3	ASV_2068_16S_022_3	1	ENV_NO2	0.535679	0.074657	-0.461023	0.917083	3.000000	1.000000	0	0	1	1.000000	0.000000	0.000000
ASV_1348_16S_022_3	ASV_2083_16S_022_3	1	ENV_NO2	0.656858	0.166208	-0.490651	0.584416	3.000000	1.000000	0	0	1	1.000000	0.000000	0.000000
ASV_1516_16S_022_3	ASV_2083_16S_022_3	1	ENV_NO2	0.656858	0.166208	-0.490651	0.584416	3.000000	1.000000	0	0	1	1.000000	0.000000	0.000000
ASV_720_16S_022_3	ASV_2079_16S_022_3	1	ENV_NO2	0.487679	0.028881	-0.458797	0.000999	3.000000	1.000000	0	0	1	1.000000	0.000000	0.000000
ASV_928_16S_022_3	ASV_2079_16S_022_3	1	ENV_NO2	0.749303	0.028881	-0.720421	0.000999	3.000000	1.000000	0	0	1	1.000000	0.000000	0.000000
ASV_1146_16S_022_3	ASV_2079_16S_022_3	1	ENV_NO2	0.633778	0.000000	-0.633778	0.417582	3.000000	1.000000	0	0	1	1.000000	0.000000	0.000000
ASV_1270_16S_022_3	ASV_2093_16S_022_3	1	ENV_NO2	0.541334	0.000000	-0.541334	0.083916	3.000000	1.000000	0	0	1	1.000000	0.000000	0.000000
ASV_1307_16S_022_3	ASV_2093_16S_022_3	1	ENV_NO2	0.577294	0.028881	-0.548413	0.000999	3.000000	1.000000	0	0	1	1.000000	0.000000	0.000000
ASV_1869_16S_022_3	ASV_2093_16S_022_3	1	ENV_NO2	0.493623	0.120432	-0.373191	0.168831	3.000000	1.000000	0	0	1	1.000000	0.000000	0.000000
ASV_2057_16S_022_3	ASV_2093_16S_022_3	1	ENV_NO2	0.519532	0.028881	-0.490651	0.000999	3.000000	1.000000	0	0	1	1.000000	0.000000	0.000000
ASV_1394_16S_022_3	ASV_2085_16S_022_3	1	ENV_NO2	0.461770	0.028881	-0.432889	0.084915	3.000000	1.000000	0	0	1	1.000000	0.000000	0.000000
ASV_1593_16S_022_3	ASV_2085_16S_022_3	1	ENV_NO2	0.378099	0.000000	-0.378099	0.500500	3.000000	1.000000	0	0	1	1.000000	0.000000	0.000000
ASV_1644_16S_022_3	ASV_2085_16S_022_3	1	ENV_NO2	0.599096	0.120432	-0.478664	0.167832	3.000000	1.000000	0	0	1	1.000000	0.000000	0.000000
ASV_926_16S_022_3	ASV_2102_16S_022_3	1	ENV_NO2	0.623912	-0.011987	-0.635898	0.166833	3.000000	1.000000	0	0	1	1.000000	0.000000	0.000000
ASV_1062_16S_022_3	ASV_2102_16S_022_3	1	ENV_NO2	0.484794	0.000000	-0.484794	0.167832	3.000000	1.000000	0	0	1	1.000000	0.000000	0.000000
ASV_1561_16S_022_3	ASV_2102_16S_022_3	1	ENV_NO2	0.371722	0.000000	-0.371722	0.083916	3.000000	1.000000	0	0	1	1.000000	0.000000	0.000000
ASV_1633_16S_022_3	ASV_2102_16S_022_3	1	ENV_NO2	0.542557	0.000000	-0.542557	0.334665	3.000000	1.000000	0	0	1	1.000000	0.000000	0.000000
ASV_339_16S_022_3	ASV_2127_16S_022_3	1	ENV_NO2	0.473520	0.028881	-0.444639	0.000999	3.000000	1.000000	0	0	1	1.000000	0.000000	0.000000
ASV_988_16S_022_3	ASV_2127_16S_022_3	1	ENV_NO2	0.406323	0.028881	-0.377442	0.084915	3.000000	1.000000	0	0	1	1.000000	0.000000	0.000000
ASV_1631_16S_022_3	ASV_2155_16S_022_3	1	ENV_NO2	0.435861	0.028881	-0.406980	0.250749	3.000000	1.000000	0	0	1	1.000000	0.000000	0.000000
ASV_2127_16S_022_3	ASV_2170_16S_022_3	1	ENV_NO2	0.404007	0.000000	-0.404007	0.083916	3.000000	1.000000	0	0	1	1.000000	0.000000	0.000000
ASV_1657_16S_022_3	ASV_2185_16S_022_3	1	ENV_NO2	0.348561	-0.028881	-0.377442	0.750250	3.000000	1.000000	0	0	1	1.000000	0.000000	0.000000
ASV_2186_16S_022_3	ASV_2226_16S_022_3	1	ENV_NO2	0.356297	0.000000	-0.356297	0.500500	3.000000	1.000000	0	0	1	1.000000	0.000000	0.000000
ASV_2181_16S_022_3	ASV_2243_16S_022_3	1	ENV_NO2	0.384521	-0.086643	-0.471165	0.083916	2.000000	1.000000	0	1	0	1.000000	0.000000	0.000000
ASV_823_16S_022_3	ASV_2304_16S_022_3	1	ENV_NO2	0.740530	0.120432	-0.620097	0.251748	3.000000	1.000000	0	0	1	1.000000	0.000000	0.000000
ASV_1136_16S_022_3	ASV_2304_16S_022_3	1	ENV_NO2	0.646807	0.091551	-0.555256	0.167832	3.000000	1.000000	0	0	1	1.000000	0.000000	0.000000
ASV_1394_16S_022_3	ASV_2304_16S_022_3	1	ENV_NO2	0.603203	0.028881	-0.574322	0.084915	3.000000	1.000000	0	0	1	1.000000	0.000000	0.000000
ASV_1561_16S_022_3	ASV_2304_16S_022_3	1	ENV_NO2	0.567243	0.120432	-0.446811	0.334665	3.000000	1.000000	0	0	1	1.000000	0.000000	0.000000
ASV_1697_16S_022_3	ASV_2371_16S_022_3	1	ENV_NO2	0.553085	0.000000	-0.553085	0.083916	3.000000	1.000000	0	0	1	1.000000	0.000000	0.000000
ASV_1055_16S_022_3	ASV_2653_16S_022_3	1	ENV_NO2	0.519532	0.091551	-0.427981	0.167832	3.000000	1.000000	0	0	1	1.000000	0.000000	0.000000
ASV_1589_16S_022_3	ASV_2653_16S_022_3	1	ENV_NO2	0.519532	0.091551	-0.427981	0.167832	3.000000	1.000000	0	0	1	1.000000	0.000000	0.000000
ASV_1697_16S_022_3	ASV_2653_16S_022_3	1	ENV_NO2	0.483572	0.000000	-0.483572	0.083916	3.000000	1.000000	0	0	1	1.000000	0.000000	0.000000
ASV_137_16S_022_3	OTU_4_18S_022_3	1	ENV_NO2	0.419925	0.158970	-0.260956	0.667333	2.000000	1.000000	0	1	0	1.000000	0.000000	0.000000
ASV_574_16S_022_3	OTU_4_18S_022_3	1	ENV_NO2	0.782035	-0.035804	-0.817839	0.167832	3.000000	1.000000	0	0	1	1.000000	0.000000	0.000000
ASV_30_16S_022_3	OTU_6_18S_022_3	1	ENV_NO2	0.358693	0.458917	0.100223	nan	2.000000	1.000000	0	1	0	1.000000	0.000000	0.000000
ASV_95_16S_022_3	OTU_18_18S_022_3	1	ENV_NO2	0.342833	0.111825	-0.231008	0.167832	2.000000	1.000000	0	1	0	1.000000	0.000000	0.000000
OTU_15_18S_022_3	OTU_28_18S_022_3	1	ENV_NO2	0.331171	0.146270	-0.184901	0.084915	2.000000	1.000000	0	1	0	1.000000	0.000000	0.000000
OTU_24_18S_022_3	OTU_46_18S_022_3	1	ENV_NO2	0.342829	0.307627	-0.035202	0.250749	3.000000	1.000000	0	0	1	1.000000	0.000000	0.000000
OTU_39_18S_022_3	OTU_61_18S_022_3	1	ENV_NO2	0.753600	0.146983	-0.606617	0.167832	3.000000	1.000000	0	0	1	1.000000	0.000000	0.000000
OTU_29_18S_022_3	OTU_60_18S_022_3	1	ENV_NO2	0.788008	0.243239	-0.544769	0.000999	3.000000	1.000000	0	0	1	1.000000	0.000000	0.000000
ASV_7_16S_022_3	OTU_67_18S_022_3	1	ENV_NO2	0.264596	0.164913	-0.099684	0.417582	2.000000	1.000000	0	1	0	1.000000	0.000000	0.000000
ASV_2079_16S_022_3	OTU_67_18S_022_3	1	ENV_NO2	0.313766	0.000000	-0.313766	0.500500	2.000000	1.000000	0	1	0	1.000000	0.000000	0.000000
OTU_60_18S_022_3	OTU_77_18S_022_3	1	ENV_NO2	0.650177	0.034462	-0.615715	0.167832	3.000000	1.000000	0	0	1	1.000000	0.000000	0.000000
ASV_25_16S_022_3	OTU_87_18S_022_3	1	ENV_NO2	0.283610	-0.096256	-0.379865	0.083916	1.000000	0.000000	1	0	0	1.000000	0.000000	0.000000
ASV_1092_16S_022_3	OTU_92_18S_022_3	1	ENV_NO2	0.434209	-0.104397	-0.538605	0.166833	3.000000	1.000000	0	0	1	1.000000	0.000000	0.000000
ASV_132_16S_022_3	OTU_95_18S_022_3	1	ENV_NO2	0.427992	0.242729	-0.185263	0.584416	2.000000	1.000000	0	1	0	1.000000	0.000000	0.000000
ASV_1894_16S_022_3	OTU_95_18S_022_3	1	ENV_NO2	0.379426	-0.028881	-0.408307	0.333666	1.000000	0.000000	1	0	0	1.000000	0.000000	0.000000
ASV_1397_16S_022_3	OTU_107_18S_022_3	1	ENV_NO2	0.298548	0.081080	-0.217469	0.667333	3.000000	1.000000	0	0	1	1.000000	0.000000	0.000000
ASV_730_16S_022_3	OTU_101_18S_022_3	1	ENV_NO2	0.717719	0.059795	-0.657923	0.584416	3.000000	1.000000	0	0	1	1.000000	0.000000	0.000000
ASV_363_16S_022_3	OTU_110_18S_022_3	1	ENV_NO2	0.424213	0.000000	-0.424213	0.501499	3.000000	1.000000	0	0	1	1.000000	0.000000	0.000000
ASV_15_16S_022_3	OTU_130_18S_022_3	1	ENV_NO2	0.327541	0.191040	-0.136501	0.084915	2.000000	1.000000	0	1	0	1.000000	0.000000	0.000000
ASV_1753_16S_022_3	OTU_133_18S_022_3	1	ENV_NO2	0.453176	0.070811	-0.382365	0.333666	3.000000	1.000000	0	0	1	1.000000	0.000000	0.000000
ASV_98_16S_022_3	OTU_129_18S_022_3	1	ENV_NO2	0.695171	0.473290	-0.221880	0.667333	3.000000	1.000000	0	0	1	1.000000	0.000000	0.000000
ASV_51_16S_022_3	OTU_148_18S_022_3	1	ENV_NO2	0.357996	0.062670	-0.295326	0.167832	2.000000	1.000000	0	1	0	1.000000	0.000000	0.000000
ASV_431_16S_022_3	OTU_168_18S_022_3	1	ENV_NO2	0.483039	0.550663	0.067623	nan	3.000000	1.000000	0	0	1	1.000000	0.000000	0.000000
ASV_1374_16S_022_3	OTU_168_18S_022_3	1	ENV_NO2	0.523590	0.109961	-0.413629	0.417582	3.000000	1.000000	0	0	1	1.000000	0.000000	0.000000
ASV_525_16S_022_3	OTU_182_18S_022_3	1	ENV_NO2	0.580978	0.239901	-0.341077	0.334665	3.000000	1.000000	0	0	1	1.000000	0.000000	0.000000
OTU_115_18S_022_3	OTU_186_18S_022_3	1	ENV_NO2	0.468135	0.123666	-0.344469	0.000999	3.000000	1.000000	0	0	1	1.000000	0.000000	0.000000
ASV_1205_16S_022_3	OTU_188_18S_022_3	1	ENV_NO2	0.401058	0.431563	0.030505	nan	3.000000	1.000000	0	0	1	1.000000	0.000000	0.000000
ASV_290_16S_022_3	OTU_195_18S_022_3	1	ENV_NO2	0.715297	0.882405	0.167108	nan	3.000000	1.000000	0	0	1	1.000000	0.000000	0.000000
OTU_28_18S_022_3	OTU_201_18S_022_3	1	ENV_NO2	0.415495	0.233285	-0.182210	0.167832	3.000000	1.000000	0	0	1	1.000000	0.000000	0.000000
ASV_350_16S_022_3	OTU_207_18S_022_3	1	ENV_NO2	0.519532	0.133278	-0.386254	0.333666	3.000000	1.000000	0	0	1	1.000000	0.000000	0.000000
ASV_632_16S_022_3	OTU_207_18S_022_3	1	ENV_NO2	0.692202	0.075516	-0.616686	0.000999	3.000000	1.000000	0	0	1	1.000000	0.000000	0.000000
ASV_1147_16S_022_3	OTU_207_18S_022_3	1	ENV_NO2	0.646807	0.115525	-0.531283	0.500500	3.000000	1.000000	0	0	1	1.000000	0.000000	0.000000
OTU_133_18S_022_3	OTU_215_18S_022_3	1	ENV_NO2	0.388103	0.012846	-0.375257	0.251748	3.000000	1.000000	0	0	1	1.000000	0.000000	0.000000
OTU_177_18S_022_3	OTU_215_18S_022_3	1	ENV_NO2	0.425193	0.006423	-0.418770	0.000999	3.000000	1.000000	0	0	1	1.000000	0.000000	0.000000
ASV_23_16S_022_3	OTU_217_18S_022_3	1	ENV_NO2	0.428628	0.075516	-0.353113	0.501499	3.000000	1.000000	0	0	1	1.000000	0.000000	0.000000
ASV_651_16S_022_3	OTU_227_18S_022_3	1	ENV_NO2	0.439968	0.145265	-0.294703	0.834166	3.000000	1.000000	0	0	1	1.000000	0.000000	0.000000
ASV_473_16S_022_3	OTU_233_18S_022_3	1	ENV_NO2	0.440475	0.291250	-0.149225	0.417582	3.000000	1.000000	0	0	1	1.000000	0.000000	0.000000
ASV_1481_16S_022_3	OTU_233_18S_022_3	1	ENV_NO2	0.386179	0.109961	-0.276218	0.667333	3.000000	1.000000	0	0	1	1.000000	0.000000	0.000000
ASV_185_16S_022_3	OTU_234_18S_022_3	1	ENV_NO2	0.451962	0.891378	0.439416	nan	2.000000	1.000000	0	1	0	1.000000	0.000000	0.000000
OTU_24_18S_022_3	OTU_234_18S_022_3	1	ENV_NO2	0.495645	0.777369	0.281724	nan	3.000000	1.000000	0	0	1	1.000000	0.000000	0.000000
OTU_200_18S_022_3	OTU_241_18S_022_3	1	ENV_NO2	0.583869	0.244754	-0.339115	0.667333	3.000000	1.000000	0	0	1	1.000000	0.000000	0.000000
OTU_183_18S_022_3	OTU_242_18S_022_3	1	ENV_NO2	0.533037	0.000859	-0.532178	0.167832	3.000000	1.000000	0	0	1	1.000000	0.000000	0.000000
ASV_547_16S_022_3	OTU_266_18S_022_3	1	ENV_NO2	0.652527	0.235132	-0.417395	0.583417	3.000000	1.000000	0	0	1	1.000000	0.000000	0.000000
ASV_1106_16S_022_3	OTU_287_18S_022_3	1	ENV_NO2	0.435861	-0.056247	-0.492108	0.583417	3.000000	1.000000	0	0	1	1.000000	0.000000	0.000000
OTU_182_18S_022_3	OTU_310_18S_022_3	1	ENV_NO2	0.501165	0.038852	-0.462313	0.166833	3.000000	1.000000	0	0	1	1.000000	0.000000	0.000000
ASV_400_16S_022_3	OTU_320_18S_022_3	1	ENV_NO2	0.731131	0.817692	0.086561	nan	3.000000	1.000000	0	0	1	1.000000	0.000000	0.000000
ASV_411_16S_022_3	OTU_320_18S_022_3	1	ENV_NO2	0.620366	0.131763	-0.488603	0.333666	3.000000	1.000000	0	0	1	1.000000	0.000000	0.000000
ASV_72_16S_022_3	OTU_318_18S_022_3	1	ENV_NO2	0.363341	0.550663	0.187322	nan	1.000000	0.000000	1	0	0	1.000000	0.000000	0.000000
ASV_743_16S_022_3	OTU_327_18S_022_3	1	ENV_NO2	0.322652	0.000000	-0.322652	0.750250	3.000000	1.000000	0	0	1	1.000000	0.000000	0.000000
ASV_1059_16S_022_3	OTU_338_18S_022_3	1	ENV_NO2	0.404007	0.000000	-0.404007	0.500500	3.000000	1.000000	0	0	1	1.000000	0.000000	0.000000
OTU_24_18S_022_3	OTU_345_18S_022_3	1	ENV_NO2	0.404515	0.175864	-0.228650	0.084915	2.000000	1.000000	0	1	0	1.000000	0.000000	0.000000
ASV_149_16S_022_3	OTU_350_18S_022_3	1	ENV_NO2	0.465051	0.319614	-0.145438	0.751249	3.000000	1.000000	0	0	1	1.000000	0.000000	0.000000
ASV_992_16S_022_3	OTU_350_18S_022_3	1	ENV_NO2	0.367310	0.209311	-0.157999	0.000999	3.000000	1.000000	0	0	1	1.000000	0.000000	0.000000
ASV_111_16S_022_3	OTU_347_18S_022_3	1	ENV_NO2	0.281302	0.035304	-0.245997	0.418581	2.000000	1.000000	0	1	0	1.000000	0.000000	0.000000
ASV_814_16S_022_3	OTU_365_18S_022_3	1	ENV_NO2	0.538170	0.236160	-0.302011	0.500500	3.000000	1.000000	0	0	1	1.000000	0.000000	0.000000
ASV_1380_16S_022_3	OTU_351_18S_022_3	1	ENV_NO2	0.435094	0.006423	-0.428671	0.584416	3.000000	1.000000	0	0	1	1.000000	0.000000	0.000000
OTU_144_18S_022_3	OTU_388_18S_022_3	1	ENV_NO2	0.612518	0.287792	-0.324726	0.501499	3.000000	1.000000	0	0	1	1.000000	0.000000	0.000000
OTU_222_18S_022_3	OTU_388_18S_022_3	1	ENV_NO2	0.416504	0.378032	-0.038472	0.750250	3.000000	1.000000	0	0	1	1.000000	0.000000	0.000000
OTU_121_18S_022_3	OTU_384_18S_022_3	1	ENV_NO2	0.484794	0.272979	-0.211815	0.000999	3.000000	1.000000	0	0	1	1.000000	0.000000	0.000000
ASV_600_16S_022_3	OTU_413_18S_022_3	1	ENV_NO2	0.531283	0.207076	-0.324207	0.833167	3.000000	1.000000	0	0	1	1.000000	0.000000	0.000000
ASV_30_16S_022_3	OTU_423_18S_022_3	1	ENV_NO2	0.355987	0.057455	-0.298532	0.000999	2.000000	1.000000	0	1	0	1.000000	0.000000	0.000000
ASV_585_16S_022_3	OTU_423_18S_022_3	1	ENV_NO2	0.609753	0.175864	-0.433889	0.000999	3.000000	1.000000	0	0	1	1.000000	0.000000	0.000000
ASV_1632_16S_022_3	OTU_419_18S_022_3	1	ENV_NO2	0.634440	0.000000	-0.634440	0.666334	3.000000	1.000000	0	0	1	1.000000	0.000000	0.000000
ASV_34_16S_022_3	OTU_393_18S_022_3	1	ENV_NO2	0.407691	0.160644	-0.247047	0.000999	2.000000	1.000000	0	1	0	1.000000	0.000000	0.000000
ASV_475_16S_022_3	OTU_393_18S_022_3	1	ENV_NO2	0.395164	0.093066	-0.302098	0.417582	3.000000	1.000000	0	0	1	1.000000	0.000000	0.000000
ASV_588_16S_022_3	OTU_434_18S_022_3	1	ENV_NO2	0.576016	0.116384	-0.459632	0.667333	3.000000	1.000000	0	0	1	1.000000	0.000000	0.000000
OTU_267_18S_022_3	OTU_373_18S_022_3	1	ENV_NO2	0.565369	0.224829	-0.340540	0.499500	3.000000	1.000000	0	0	1	1.000000	0.000000	0.000000
OTU_100_18S_022_3	OTU_445_18S_022_3	1	ENV_NO2	0.618023	0.023317	-0.594706	0.250749	3.000000	1.000000	0	0	1	1.000000	0.000000	0.000000
OTU_350_18S_022_3	OTU_436_18S_022_3	1	ENV_NO2	0.507263	0.053058	-0.454205	0.167832	3.000000	1.000000	0	0	1	1.000000	0.000000	0.000000
ASV_101_16S_022_3	OTU_455_18S_022_3	1	ENV_NO2	0.519532	0.324318	-0.195214	0.417582	3.000000	1.000000	0	0	1	1.000000	0.000000	0.000000
OTU_384_18S_022_3	OTU_455_18S_022_3	1	ENV_NO2	0.519532	0.386988	-0.132544	0.917083	3.000000	1.000000	0	0	1	1.000000	0.000000	0.000000
ASV_1076_16S_022_3	OTU_430_18S_022_3	1	ENV_NO2	0.682504	0.923946	0.241442	nan	3.000000	1.000000	0	0	1	1.000000	0.000000	0.000000
OTU_87_18S_022_3	OTU_463_18S_022_3	1	ENV_NO2	0.482870	0.046635	-0.436236	0.167832	3.000000	1.000000	0	0	1	1.000000	0.000000	0.000000
OTU_105_18S_022_3	OTU_463_18S_022_3	1	ENV_NO2	0.596689	0.195948	-0.400741	0.250749	3.000000	1.000000	0	0	1	1.000000	0.000000	0.000000
OTU_342_18S_022_3	OTU_463_18S_022_3	1	ENV_NO2	0.647181	0.207935	-0.439247	0.583417	3.000000	1.000000	0	0	1	1.000000	0.000000	0.000000
OTU_329_18S_022_3	OTU_458_18S_022_3	1	ENV_NO2	0.452041	0.106771	-0.345270	0.250749	3.000000	1.000000	0	0	1	1.000000	0.000000	0.000000
OTU_9_18S_022_3	OTU_466_18S_022_3	1	ENV_NO2	0.418717	0.051542	-0.367175	0.250749	3.000000	1.000000	0	0	1	1.000000	0.000000	0.000000
ASV_149_16S_022_3	OTU_485_18S_022_3	1	ENV_NO2	0.420722	0.105912	-0.314810	0.333666	3.000000	1.000000	0	0	1	1.000000	0.000000	0.000000
ASV_754_16S_022_3	OTU_489_18S_022_3	1	ENV_NO2	0.727784	0.097974	-0.629810	0.417582	3.000000	1.000000	0	0	1	1.000000	0.000000	0.000000
OTU_128_18S_022_3	OTU_496_18S_022_3	1	ENV_NO2	0.503289	0.248146	-0.255143	0.667333	3.000000	1.000000	0	0	1	1.000000	0.000000	0.000000
ASV_36_16S_022_3	OTU_509_18S_022_3	1	ENV_NO2	0.363954	-0.045776	-0.409730	0.250749	2.000000	1.000000	0	1	0	1.000000	0.000000	0.000000
ASV_364_16S_022_3	OTU_509_18S_022_3	1	ENV_NO2	0.379321	0.000000	-0.379321	0.500500	3.000000	1.000000	0	0	1	1.000000	0.000000	0.000000
ASV_294_16S_022_3	OTU_516_18S_022_3	1	ENV_NO2	0.524973	0.090895	-0.434079	0.000999	3.000000	1.000000	0	0	1	1.000000	0.000000	0.000000
OTU_436_18S_022_3	OTU_495_18S_022_3	1	ENV_NO2	0.423685	-0.009612	-0.433298	0.250749	3.000000	1.000000	0	0	1	1.000000	0.000000	0.000000
OTU_507_18S_022_3	OTU_495_18S_022_3	1	ENV_NO2	0.544899	0.155939	-0.388960	0.250749	3.000000	1.000000	0	0	1	1.000000	0.000000	0.000000
ASV_512_16S_022_3	OTU_535_18S_022_3	1	ENV_NO2	0.383553	-0.008439	-0.391992	0.333666	2.000000	1.000000	0	1	0	1.000000	0.000000	0.000000
ASV_1851_16S_022_3	OTU_519_18S_022_3	1	ENV_NO2	0.519532	0.115525	-0.404007	0.666334	3.000000	1.000000	0	0	1	1.000000	0.000000	0.000000
ASV_289_16S_022_3	OTU_543_18S_022_3	1	ENV_NO2	0.489768	0.203886	-0.285882	0.334665	3.000000	1.000000	0	0	1	1.000000	0.000000	0.000000
OTU_167_18S_022_3	OTU_544_18S_022_3	1	ENV_NO2	0.439968	-0.086643	-0.526611	0.582418	3.000000	1.000000	0	0	1	1.000000	0.000000	0.000000
ASV_1380_16S_022_3	OTU_537_18S_022_3	1	ENV_NO2	0.597818	-0.045776	-0.643593	0.416583	3.000000	1.000000	0	0	1	1.000000	0.000000	0.000000
OTU_267_18S_022_3	OTU_534_18S_022_3	1	ENV_NO2	0.507607	-0.014861	-0.522468	0.500500	3.000000	1.000000	0	0	1	1.000000	0.000000	0.000000
OTU_121_18S_022_3	OTU_550_18S_022_3	1	ENV_NO2	0.699930	0.076375	-0.623555	0.000999	3.000000	1.000000	0	0	1	1.000000	0.000000	0.000000
OTU_207_18S_022_3	OTU_550_18S_022_3	1	ENV_NO2	0.645714	0.029740	-0.615973	0.000999	3.000000	1.000000	0	0	1	1.000000	0.000000	0.000000
ASV_33_16S_022_3	OTU_551_18S_022_3	1	ENV_NO2	0.366451	0.008456	-0.357995	0.000999	2.000000	1.000000	0	1	0	1.000000	0.000000	0.000000
OTU_327_18S_022_3	OTU_491_18S_022_3	1	ENV_NO2	0.461770	-0.081080	-0.542849	0.083916	3.000000	1.000000	0	0	1	1.000000	0.000000	0.000000
OTU_489_18S_022_3	OTU_491_18S_022_3	1	ENV_NO2	0.492359	-0.103538	-0.595897	0.166833	3.000000	1.000000	0	0	1	1.000000	0.000000	0.000000
ASV_1043_16S_022_3	OTU_493_18S_022_3	1	ENV_NO2	0.407682	-0.009298	-0.416980	1.000000	3.000000	1.000000	0	0	1	1.000000	0.000000	0.000000
OTU_146_18S_022_3	OTU_558_18S_022_3	1	ENV_NO2	0.480408	0.219265	-0.261143	0.583417	3.000000	1.000000	0	0	1	1.000000	0.000000	0.000000
OTU_385_18S_022_3	OTU_574_18S_022_3	1	ENV_NO2	0.528981	0.070608	-0.458372	0.249750	3.000000	1.000000	0	0	1	1.000000	0.000000	0.000000
ASV_1801_16S_022_3	OTU_568_18S_022_3	1	ENV_NO2	0.899116	0.093066	-0.806050	0.500500	3.000000	1.000000	0	0	1	1.000000	0.000000	0.000000
ASV_560_16S_022_3	OTU_556_18S_022_3	1	ENV_NO2	0.607048	0.206419	-0.400628	0.584416	3.000000	1.000000	0	0	1	1.000000	0.000000	0.000000
ASV_9_16S_022_3	OTU_585_18S_022_3	1	ENV_NO2	0.384081	0.064185	-0.319895	0.499500	2.000000	1.000000	0	1	0	1.000000	0.000000	0.000000
OTU_200_18S_022_3	OTU_582_18S_022_3	1	ENV_NO2	0.557088	0.244754	-0.312334	0.166833	3.000000	1.000000	0	0	1	1.000000	0.000000	0.000000
OTU_605_18S_022_3	OTU_577_18S_022_3	1	ENV_NO2	0.645052	0.004908	-0.640144	0.251748	3.000000	1.000000	0	0	1	1.000000	0.000000	0.000000
ASV_33_16S_022_3	OTU_624_18S_022_3	1	ENV_NO2	0.357648	0.237821	-0.119827	0.500500	2.000000	1.000000	0	1	0	1.000000	0.000000	0.000000
ASV_1382_16S_022_3	OTU_624_18S_022_3	1	ENV_NO2	0.372816	-0.028881	-0.401697	0.666334	2.000000	1.000000	0	1	0	1.000000	0.000000	0.000000
OTU_158_18S_022_3	OTU_660_18S_022_3	1	ENV_NO2	0.653025	0.127058	-0.525967	0.000999	3.000000	1.000000	0	0	1	1.000000	0.000000	0.000000
OTU_243_18S_022_3	OTU_660_18S_022_3	1	ENV_NO2	0.597818	0.081939	-0.515879	0.417582	3.000000	1.000000	0	0	1	1.000000	0.000000	0.000000
OTU_270_18S_022_3	OTU_655_18S_022_3	1	ENV_NO2	0.682767	0.062670	-0.620097	0.000999	3.000000	1.000000	0	0	1	1.000000	0.000000	0.000000
ASV_1446_16S_022_3	OTU_652_18S_022_3	1	ENV_NO2	0.378589	0.517892	0.139303	nan	2.000000	1.000000	0	1	0	1.000000	0.000000	0.000000
OTU_200_18S_022_3	OTU_675_18S_022_3	1	ENV_NO2	0.691824	0.036163	-0.655661	0.083916	3.000000	1.000000	0	0	1	1.000000	0.000000	0.000000
OTU_574_18S_022_3	OTU_675_18S_022_3	1	ENV_NO2	0.528981	0.046635	-0.482346	0.166833	3.000000	1.000000	0	0	1	1.000000	0.000000	0.000000
ASV_1825_16S_022_3	OTU_689_18S_022_3	1	ENV_NO2	0.707022	0.028881	-0.678141	0.250749	3.000000	1.000000	0	0	1	1.000000	0.000000	0.000000
ASV_2181_16S_022_3	OTU_689_18S_022_3	1	ENV_NO2	0.625005	0.045776	-0.579230	0.584416	3.000000	1.000000	0	0	1	1.000000	0.000000	0.000000
OTU_60_18S_022_3	OTU_707_18S_022_3	1	ENV_NO2	0.722945	0.277028	-0.445918	0.417582	3.000000	1.000000	0	0	1	1.000000	0.000000	0.000000
ASV_2085_16S_022_3	OTU_716_18S_022_3	1	ENV_NO2	0.404007	0.000000	-0.404007	0.499500	3.000000	1.000000	0	0	1	1.000000	0.000000	0.000000
OTU_268_18S_022_3	OTU_716_18S_022_3	1	ENV_NO2	0.566149	0.045776	-0.520374	0.584416	3.000000	1.000000	0	0	1	1.000000	0.000000	0.000000
ASV_874_16S_022_3	OTU_733_18S_022_3	1	ENV_NO2	0.416375	-0.167909	-0.584283	0.249750	2.000000	1.000000	0	1	0	1.000000	0.000000	0.000000
OTU_320_18S_022_3	OTU_729_18S_022_3	1	ENV_NO2	0.711204	0.771917	0.060713	nan	3.000000	1.000000	0	0	1	1.000000	0.000000	0.000000
ASV_301_16S_022_3	OTU_751_18S_022_3	1	ENV_NO2	0.394702	0.137327	-0.257375	0.833167	2.000000	1.000000	0	1	0	1.000000	0.000000	0.000000
ASV_505_16S_022_3	OTU_747_18S_022_3	1	ENV_NO2	0.385681	0.054231	-0.331450	0.500500	2.000000	1.000000	0	1	0	1.000000	0.000000	0.000000
OTU_345_18S_022_3	OTU_766_18S_022_3	1	ENV_NO2	0.838470	0.348292	-0.490178	0.834166	3.000000	1.000000	0	0	1	1.000000	0.000000	0.000000
OTU_413_18S_022_3	OTU_771_18S_022_3	1	ENV_NO2	0.717719	0.206419	-0.511299	0.583417	3.000000	1.000000	0	0	1	1.000000	0.000000	0.000000
OTU_516_18S_022_3	OTU_771_18S_022_3	1	ENV_NO2	0.614105	0.038696	-0.575409	0.084915	3.000000	1.000000	0	0	1	1.000000	0.000000	0.000000
ASV_300_16S_022_3	OTU_763_18S_022_3	1	ENV_NO2	0.768220	-0.095268	-0.863488	0.083916	3.000000	1.000000	0	0	1	1.000000	0.000000	0.000000
ASV_759_16S_022_3	OTU_763_18S_022_3	1	ENV_NO2	0.673006	0.163674	-0.509331	0.500500	3.000000	1.000000	0	0	1	1.000000	0.000000	0.000000
OTU_22_18S_022_3	OTU_754_18S_022_3	1	ENV_NO2	0.571923	0.185477	-0.386447	0.167832	3.000000	1.000000	0	0	1	1.000000	0.000000	0.000000
OTU_707_18S_022_3	OTU_754_18S_022_3	1	ENV_NO2	0.655580	0.397460	-0.258120	0.500500	3.000000	1.000000	0	0	1	1.000000	0.000000	0.000000
ASV_192_16S_022_3	OTU_798_18S_022_3	1	ENV_NO2	0.378789	-0.097115	-0.475904	0.250749	2.000000	1.000000	0	1	0	1.000000	0.000000	0.000000
ASV_2084_16S_022_3	OTU_817_18S_022_3	1	ENV_NO2	0.408776	0.132419	-0.276357	0.917083	3.000000	1.000000	0	0	1	1.000000	0.000000	0.000000
OTU_320_18S_022_3	OTU_811_18S_022_3	1	ENV_NO2	0.375159	-0.057762	-0.432921	0.166833	3.000000	1.000000	0	0	1	1.000000	0.000000	0.000000
OTU_335_18S_022_3	OTU_825_18S_022_3	1	ENV_NO2	0.670022	0.098833	-0.571189	0.167832	3.000000	1.000000	0	0	1	1.000000	0.000000	0.000000
ASV_782_16S_022_3	OTU_826_18S_022_3	1	ENV_NO2	0.545441	0.036819	-0.508621	0.166833	3.000000	1.000000	0	0	1	1.000000	0.000000	0.000000
OTU_754_18S_022_3	OTU_518_18S_022_3	1	ENV_NO2	0.531283	0.195948	-0.335335	0.250749	3.000000	1.000000	0	0	1	1.000000	0.000000	0.000000
OTU_393_18S_022_3	OTU_797_18S_022_3	1	ENV_NO2	0.538808	0.045776	-0.493032	0.000999	2.000000	1.000000	0	1	0	1.000000	0.000000	0.000000
OTU_698_18S_022_3	OTU_797_18S_022_3	1	ENV_NO2	0.479070	0.062670	-0.416400	0.000999	2.000000	1.000000	0	1	0	1.000000	0.000000	0.000000
OTU_798_18S_022_3	OTU_797_18S_022_3	1	ENV_NO2	0.381554	0.000000	-0.381554	0.667333	2.000000	1.000000	0	1	0	1.000000	0.000000	0.000000
OTU_766_18S_022_3	OTU_846_18S_022_3	1	ENV_NO2	0.681684	0.121291	-0.560393	0.501499	3.000000	1.000000	0	0	1	1.000000	0.000000	0.000000
OTU_662_18S_022_3	OTU_847_18S_022_3	1	ENV_NO2	0.404007	0.081080	-0.322928	0.584416	3.000000	1.000000	0	0	1	1.000000	0.000000	0.000000
ASV_1732_16S_022_3	OTU_851_18S_022_3	1	ENV_NO2	0.472427	0.018410	-0.454017	0.166833	3.000000	1.000000	0	0	1	1.000000	0.000000	0.000000
ASV_824_16S_022_3	OTU_850_18S_022_3	1	ENV_NO2	0.589045	0.000000	-0.589045	0.499500	3.000000	1.000000	0	0	1	1.000000	0.000000	0.000000
ASV_500_16S_022_3	OTU_868_18S_022_3	1	ENV_NO2	0.566149	0.052198	-0.513951	0.500500	3.000000	1.000000	0	0	1	1.000000	0.000000	0.000000
OTU_644_18S_022_3	OTU_872_18S_022_3	1	ENV_NO2	0.322652	0.023317	-0.299335	0.416583	3.000000	1.000000	0	0	1	1.000000	0.000000	0.000000
ASV_1139_16S_022_3	OTU_873_18S_022_3	1	ENV_NO2	0.519532	0.115525	-0.404007	0.750250	3.000000	1.000000	0	0	1	1.000000	0.000000	0.000000
ASV_1201_16S_022_3	OTU_873_18S_022_3	1	ENV_NO2	0.577294	-0.062670	-0.639964	0.583417	3.000000	1.000000	0	0	1	1.000000	0.000000	0.000000
ASV_1382_16S_022_3	OTU_873_18S_022_3	1	ENV_NO2	0.461770	0.115525	-0.346245	0.750250	3.000000	1.000000	0	0	1	1.000000	0.000000	0.000000
OTU_342_18S_022_3	OTU_787_18S_022_3	1	ENV_NO2	0.591666	0.224829	-0.366837	0.750250	3.000000	1.000000	0	0	1	1.000000	0.000000	0.000000
OTU_419_18S_022_3	OTU_787_18S_022_3	1	ENV_NO2	0.680162	0.114868	-0.565294	0.000999	3.000000	1.000000	0	0	1	1.000000	0.000000	0.000000
OTU_716_18S_022_3	OTU_787_18S_022_3	1	ENV_NO2	0.475311	0.000000	-0.475311	0.333666	3.000000	1.000000	0	0	1	1.000000	0.000000	0.000000
OTU_98_18S_022_3	OTU_866_18S_022_3	1	ENV_NO2	0.577294	-0.045776	-0.623070	0.583417	3.000000	1.000000	0	0	1	1.000000	0.000000	0.000000
OTU_519_18S_022_3	OTU_866_18S_022_3	1	ENV_NO2	0.435861	-0.016894	-0.452755	0.584416	3.000000	1.000000	0	0	1	1.000000	0.000000	0.000000
ASV_958_16S_022_3	OTU_887_18S_022_3	1	ENV_NO2	0.466538	-0.033789	-0.500327	0.666334	3.000000	1.000000	0	0	1	1.000000	0.000000	0.000000
ASV_1190_16S_022_3	OTU_887_18S_022_3	1	ENV_NO2	0.612638	1.477754	0.865116	nan	3.000000	1.000000	0	0	1	1.000000	0.000000	0.000000
OTU_870_18S_022_3	OTU_894_18S_022_3	1	ENV_NO2	0.406323	0.000000	-0.406323	0.750250	3.000000	1.000000	0	0	1	1.000000	0.000000	0.000000
ASV_1335_16S_022_3	OTU_910_18S_022_3	1	ENV_NO2	0.276732	0.000000	-0.276732	1.000000	3.000000	1.000000	0	0	1	1.000000	0.000000	0.000000
OTU_148_18S_022_3	OTU_917_18S_022_3	1	ENV_NO2	0.351014	0.000000	-0.351014	0.916084	3.000000	1.000000	0	0	1	1.000000	0.000000	0.000000
OTU_644_18S_022_3	OTU_917_18S_022_3	1	ENV_NO2	0.368047	0.028881	-0.339166	0.917083	3.000000	1.000000	0	0	1	1.000000	0.000000	0.000000
OTU_724_18S_022_3	OTU_917_18S_022_3	1	ENV_NO2	0.351014	0.086643	-0.264370	0.834166	3.000000	1.000000	0	0	1	1.000000	0.000000	0.000000
OTU_807_18S_022_3	OTU_920_18S_022_3	1	ENV_NO2	0.334495	0.147298	-0.187197	0.917083	3.000000	1.000000	0	0	1	1.000000	0.000000	0.000000
ASV_760_16S_022_3	OTU_931_18S_022_3	1	ENV_NO2	0.464086	0.028881	-0.435205	0.334665	3.000000	1.000000	0	0	1	1.000000	0.000000	0.000000
ASV_2009_16S_022_3	OTU_931_18S_022_3	1	ENV_NO2	0.625005	0.000000	-0.625005	0.250749	3.000000	1.000000	0	0	1	1.000000	0.000000	0.000000
OTU_86_18S_022_3	OTU_931_18S_022_3	1	ENV_NO2	0.358613	0.000000	-0.358613	0.667333	3.000000	1.000000	0	0	1	1.000000	0.000000	0.000000
ASV_381_16S_022_3	OTU_942_18S_022_3	1	ENV_NO2	0.476315	-0.023974	-0.500289	0.834166	3.000000	1.000000	0	0	1	1.000000	0.000000	0.000000
ASV_1054_16S_022_3	OTU_942_18S_022_3	1	ENV_NO2	0.571923	-0.023974	-0.595897	0.834166	3.000000	1.000000	0	0	1	1.000000	0.000000	0.000000
OTU_402_18S_022_3	OTU_932_18S_022_3	1	ENV_NO2	0.574052	0.860288	0.286235	nan	3.000000	1.000000	0	0	1	1.000000	0.000000	0.000000
OTU_456_18S_022_3	OTU_932_18S_022_3	1	ENV_NO2	0.611221	0.145782	-0.465439	0.334665	3.000000	1.000000	0	0	1	1.000000	0.000000	0.000000
OTU_797_18S_022_3	OTU_932_18S_022_3	1	ENV_NO2	0.579527	-0.021284	-0.600812	0.167832	3.000000	1.000000	0	0	1	1.000000	0.000000	0.000000
ASV_4_16S_022_3	OTU_956_18S_022_3	1	ENV_NO2	0.341869	0.492900	0.151032	nan	3.000000	1.000000	0	0	1	1.000000	0.000000	0.000000
OTU_563_18S_022_3	OTU_956_18S_022_3	1	ENV_NO2	0.461770	1.030717	0.568948	nan	3.000000	1.000000	0	0	1	1.000000	0.000000	0.000000
ASV_670_16S_022_3	OTU_977_18S_022_3	1	ENV_NO2	0.404669	0.000000	-0.404669	0.832168	3.000000	1.000000	0	0	1	1.000000	0.000000	0.000000
OTU_807_18S_022_3	OTU_964_18S_022_3	1	ENV_NO2	0.483572	0.214358	-0.269214	0.166833	3.000000	1.000000	0	0	1	1.000000	0.000000	0.000000
OTU_716_18S_022_3	OTU_960_18S_022_3	1	ENV_NO2	0.706360	0.000000	-0.706360	0.666334	3.000000	1.000000	0	0	1	1.000000	0.000000	0.000000
OTU_445_18S_022_3	OTU_992_18S_022_3	1	ENV_NO2	0.430290	0.012846	-0.417444	0.000999	2.000000	1.000000	0	1	0	1.000000	0.000000	0.000000
ASV_1223_16S_022_3	OTU_985_18S_022_3	1	ENV_NO2	0.519532	0.000000	-0.519532	0.500500	3.000000	1.000000	0	0	1	1.000000	0.000000	0.000000
ASV_23_16S_022_3	OTU_1014_18S_022_3	1	ENV_NO2	0.447626	0.046635	-0.400991	0.499500	3.000000	1.000000	0	0	1	1.000000	0.000000	0.000000
OTU_514_18S_022_3	OTU_1024_18S_022_3	1	ENV_NO2	0.300418	0.000000	-0.300418	0.500500	3.000000	1.000000	0	0	1	1.000000	0.000000	0.000000
OTU_732_18S_022_3	OTU_1024_18S_022_3	1	ENV_NO2	0.435861	-0.052198	-0.488059	0.917083	3.000000	1.000000	0	0	1	1.000000	0.000000	0.000000
OTU_551_18S_022_3	OTU_1070_18S_022_3	1	ENV_NO2	0.599096	0.052198	-0.546898	0.083916	3.000000	1.000000	0	0	1	1.000000	0.000000	0.000000
OTU_955_18S_022_3	OTU_1075_18S_022_3	1	ENV_NO2	0.577294	0.052198	-0.525096	0.166833	3.000000	1.000000	0	0	1	1.000000	0.000000	0.000000
OTU_1070_18S_022_3	OTU_1075_18S_022_3	1	ENV_NO2	0.656858	0.081080	-0.575779	0.166833	3.000000	1.000000	0	0	1	1.000000	0.000000	0.000000
OTU_680_18S_022_3	OTU_1076_18S_022_3	1	ENV_NO2	0.576016	0.104397	-0.471619	0.000999	3.000000	1.000000	0	0	1	1.000000	0.000000	0.000000
OTU_940_18S_022_3	OTU_1094_18S_022_3	1	ENV_NO2	0.276732	0.006423	-0.270309	0.000999	3.000000	1.000000	0	0	1	1.000000	0.000000	0.000000
ASV_482_16S_022_3	OTU_1102_18S_022_3	1	ENV_NO2	0.425193	0.075516	-0.349677	0.000999	3.000000	1.000000	0	0	1	1.000000	0.000000	0.000000
OTU_870_18S_022_3	OTU_1102_18S_022_3	1	ENV_NO2	0.567243	0.206419	-0.360823	0.667333	3.000000	1.000000	0	0	1	1.000000	0.000000	0.000000
OTU_612_18S_022_3	OTU_1095_18S_022_3	1	ENV_NO2	0.680302	0.430389	-0.249912	0.667333	3.000000	1.000000	0	0	1	1.000000	0.000000	0.000000
OTU_889_18S_022_3	OTU_1110_18S_022_3	1	ENV_NO2	0.545441	0.053372	-0.492069	0.666334	3.000000	1.000000	0	0	1	1.000000	0.000000	0.000000
OTU_561_18S_022_3	OTU_1142_18S_022_3	1	ENV_NO2	0.414059	0.000000	-0.414059	0.749251	3.000000	1.000000	0	0	1	1.000000	0.000000	0.000000
OTU_585_18S_022_3	OTU_1142_18S_022_3	1	ENV_NO2	0.656858	0.091551	-0.565307	0.333666	3.000000	1.000000	0	0	1	1.000000	0.000000	0.000000
OTU_976_18S_022_3	OTU_1142_18S_022_3	1	ENV_NO2	0.414059	0.000000	-0.414059	1.000000	3.000000	1.000000	0	0	1	1.000000	0.000000	0.000000
ASV_1145_16S_022_3	OTU_1143_18S_022_3	1	ENV_NO2	0.524300	-0.029537	-0.553838	0.750250	3.000000	1.000000	0	0	1	1.000000	0.000000	0.000000
OTU_28_18S_022_3	OTU_1143_18S_022_3	1	ENV_NO2	0.228099	0.263164	0.035065	nan	1.000000	0.000000	1	0	0	1.000000	0.000000	0.000000
OTU_469_18S_022_3	OTU_1104_18S_022_3	1	ENV_NO2	0.435258	0.052198	-0.383060	0.167832	3.000000	1.000000	0	0	1	1.000000	0.000000	0.000000
ASV_93_16S_022_3	OTU_1153_18S_022_3	1	ENV_NO2	0.703476	0.326852	-0.376624	0.334665	3.000000	1.000000	0	0	1	1.000000	0.000000	0.000000
OTU_46_18S_022_3	OTU_1153_18S_022_3	1	ENV_NO2	0.489853	-0.005564	-0.495416	0.750250	3.000000	1.000000	0	0	1	1.000000	0.000000	0.000000
ASV_174_16S_022_3	OTU_1148_18S_022_3	1	ENV_NO2	0.513773	0.777322	0.263549	nan	3.000000	1.000000	0	0	1	1.000000	0.000000	0.000000
ASV_501_16S_022_3	OTU_1149_18S_022_3	1	ENV_NO2	0.456777	0.161503	-0.295274	0.250749	3.000000	1.000000	0	0	1	1.000000	0.000000	0.000000
ASV_765_16S_022_3	OTU_1111_18S_022_3	1	ENV_NO2	0.655580	0.052198	-0.603382	0.083916	3.000000	1.000000	0	0	1	1.000000	0.000000	0.000000
OTU_1139_18S_022_3	OTU_1111_18S_022_3	1	ENV_NO2	0.651204	0.079564	-0.571639	0.417582	3.000000	1.000000	0	0	1	1.000000	0.000000	0.000000
ASV_1139_16S_022_3	OTU_1144_18S_022_3	1	ENV_NO2	0.509481	0.011987	-0.497494	0.584416	3.000000	1.000000	0	0	1	1.000000	0.000000	0.000000
OTU_1010_18S_022_3	OTU_1180_18S_022_3	1	ENV_NO2	0.300850	0.104397	-0.196453	0.000999	3.000000	1.000000	0	0	1	1.000000	0.000000	0.000000
ASV_505_16S_022_3	OTU_1191_18S_022_3	1	ENV_NO2	0.324443	-0.028881	-0.353324	0.582418	2.000000	1.000000	0	1	0	1.000000	0.000000	0.000000
OTU_1153_18S_022_3	OTU_1191_18S_022_3	1	ENV_NO2	0.541334	-0.086643	-0.627977	0.332667	3.000000	1.000000	0	0	1	1.000000	0.000000	0.000000
ASV_2181_16S_022_3	OTU_1179_18S_022_3	1	ENV_NO2	0.465876	0.045776	-0.420101	0.834166	3.000000	1.000000	0	0	1	1.000000	0.000000	0.000000
ASV_504_16S_022_3	OTU_1230_18S_022_3	1	ENV_NO2	0.688273	0.156595	-0.531677	0.583417	3.000000	1.000000	0	0	1	1.000000	0.000000	0.000000
OTU_345_18S_022_3	OTU_1230_18S_022_3	1	ENV_NO2	0.663587	0.134793	-0.528793	0.084915	3.000000	1.000000	0	0	1	1.000000	0.000000	0.000000
ASV_1028_16S_022_3	OTU_1123_18S_022_3	1	ENV_NO2	0.589045	0.000000	-0.589045	0.167832	3.000000	1.000000	0	0	1	1.000000	0.000000	0.000000
OTU_268_18S_022_3	OTU_1123_18S_022_3	1	ENV_NO2	0.666854	0.218406	-0.448448	0.917083	3.000000	1.000000	0	0	1	1.000000	0.000000	0.000000
OTU_287_18S_022_3	OTU_1246_18S_022_3	1	ENV_NO2	0.435861	-0.039353	-0.475213	0.416583	3.000000	1.000000	0	0	1	1.000000	0.000000	0.000000
OTU_733_18S_022_3	OTU_1246_18S_022_3	1	ENV_NO2	0.435861	-0.062670	-0.498531	0.750250	3.000000	1.000000	0	0	1	1.000000	0.000000	0.000000
OTU_29_18S_022_3	OTU_1247_18S_022_3	1	ENV_NO2	0.504095	0.168582	-0.335513	0.500500	3.000000	1.000000	0	0	1	1.000000	0.000000	0.000000
OTU_58_18S_022_3	OTU_1247_18S_022_3	1	ENV_NO2	0.396046	0.110820	-0.285226	0.501499	3.000000	1.000000	0	0	1	1.000000	0.000000	0.000000
ASV_610_16S_022_3	OTU_1252_18S_022_3	1	ENV_NO2	0.542557	0.069093	-0.473464	0.500500	3.000000	1.000000	0	0	1	1.000000	0.000000	0.000000
OTU_866_18S_022_3	OTU_1252_18S_022_3	1	ENV_NO2	0.519532	-0.074657	-0.594189	0.666334	3.000000	1.000000	0	0	1	1.000000	0.000000	0.000000
OTU_1139_18S_022_3	OTU_1252_18S_022_3	1	ENV_NO2	0.465876	1.129009	0.663132	nan	3.000000	1.000000	0	0	1	1.000000	0.000000	0.000000
ASV_72_16S_022_3	OTU_1262_18S_022_3	1	ENV_NO2	0.417126	0.097974	-0.319152	0.667333	2.000000	1.000000	0	1	0	1.000000	0.000000	0.000000
ASV_1043_16S_022_3	OTU_1263_18S_022_3	1	ENV_NO2	0.533073	-0.016894	-0.549968	1.000000	3.000000	1.000000	0	0	1	1.000000	0.000000	0.000000
OTU_466_18S_022_3	OTU_1263_18S_022_3	1	ENV_NO2	0.535963	0.006423	-0.529540	0.250749	3.000000	1.000000	0	0	1	1.000000	0.000000	0.000000
OTU_1139_18S_022_3	OTU_1263_18S_022_3	1	ENV_NO2	0.673006	1.020563	0.347558	nan	3.000000	1.000000	0	0	1	1.000000	0.000000	0.000000
OTU_436_18S_022_3	OTU_1266_18S_022_3	1	ENV_NO2	0.447626	0.000000	-0.447626	0.583417	3.000000	1.000000	0	0	1	1.000000	0.000000	0.000000
OTU_456_18S_022_3	OTU_1284_18S_022_3	1	ENV_NO2	0.704306	0.160644	-0.543663	0.334665	3.000000	1.000000	0	0	1	1.000000	0.000000	0.000000
OTU_7_18S_022_3	OTU_1285_18S_022_3	1	ENV_NO2	0.363969	0.000674	-0.363295	0.000999	3.000000	1.000000	0	0	1	1.000000	0.000000	0.000000
OTU_58_18S_022_3	OTU_1285_18S_022_3	1	ENV_NO2	0.276931	0.043242	-0.233688	0.000999	1.000000	0.000000	1	0	0	0.000000	0.000000	0.000000
OTU_241_18S_022_3	OTU_1287_18S_022_3	1	ENV_NO2	0.435258	0.061652	-0.373606	0.166833	3.000000	1.000000	0	0	1	1.000000	0.000000	0.000000
ASV_1348_16S_022_3	OTU_1202_18S_022_3	1	ENV_NO2	0.356297	0.000000	-0.356297	0.417582	2.000000	1.000000	0	1	0	1.000000	0.000000	0.000000
ASV_2083_16S_022_3	OTU_1202_18S_022_3	1	ENV_NO2	0.414059	0.000000	-0.414059	0.417582	2.000000	1.000000	0	1	0	1.000000	0.000000	0.000000
OTU_655_18S_022_3	OTU_1295_18S_022_3	1	ENV_NO2	0.579610	0.000000	-0.579610	0.250749	3.000000	1.000000	0	0	1	1.000000	0.000000	0.000000
ASV_671_16S_022_3	OTU_1294_18S_022_3	1	ENV_NO2	0.439968	-0.221281	-0.661248	0.250749	3.000000	1.000000	0	0	1	1.000000	0.000000	0.000000
ASV_754_16S_022_3	OTU_1258_18S_022_3	1	ENV_NO2	0.567243	0.028881	-0.538362	0.084915	3.000000	1.000000	0	0	1	1.000000	0.000000	0.000000
ASV_823_16S_022_3	OTU_1258_18S_022_3	1	ENV_NO2	0.704569	0.000000	-0.704569	0.083916	3.000000	1.000000	0	0	1	1.000000	0.000000	0.000000
ASV_1593_16S_022_3	OTU_1258_18S_022_3	1	ENV_NO2	0.541334	0.000000	-0.541334	0.416583	3.000000	1.000000	0	0	1	1.000000	0.000000	0.000000
ASV_2304_16S_022_3	OTU_1258_18S_022_3	1	ENV_NO2	0.682767	0.000000	-0.682767	0.083916	3.000000	1.000000	0	0	1	1.000000	0.000000	0.000000
ASV_2185_16S_022_3	OTU_1290_18S_022_3	1	ENV_NO2	0.466538	0.000000	-0.466538	0.500500	3.000000	1.000000	0	0	1	1.000000	0.000000	0.000000
OTU_1139_18S_022_3	OTU_1290_18S_022_3	1	ENV_NO2	0.706360	-0.011987	-0.718347	0.416583	3.000000	1.000000	0	0	1	1.000000	0.000000	0.000000
OTU_1283_18S_022_3	OTU_1290_18S_022_3	1	ENV_NO2	0.728162	-0.057762	-0.785924	0.166833	3.000000	1.000000	0	0	1	1.000000	0.000000	0.000000
OTU_577_18S_022_3	OTU_1281_18S_022_3	1	ENV_NO2	0.623912	0.091551	-0.532361	0.334665	3.000000	1.000000	0	0	1	1.000000	0.000000	0.000000
OTU_41_18S_022_3	OTU_1338_18S_022_3	1	ENV_NO2	0.231999	0.070608	-0.161391	0.250749	2.000000	1.000000	0	1	0	1.000000	0.000000	0.000000
OTU_1077_18S_022_3	OTU_1291_18S_022_3	1	ENV_NO2	0.521848	0.062670	-0.459178	0.334665	3.000000	1.000000	0	0	1	1.000000	0.000000	0.000000
OTU_577_18S_022_3	OTU_1334_18S_022_3	1	ENV_NO2	0.587951	0.000000	-0.587951	0.500500	3.000000	1.000000	0	0	1	1.000000	0.000000	0.000000
OTU_1210_18S_022_3	OTU_1374_18S_022_3	1	ENV_NO2	0.541334	-0.062670	-0.604004	0.249750	3.000000	1.000000	0	0	1	1.000000	0.000000	0.000000
ASV_189_16S_022_3	OTU_1381_18S_022_3	1	ENV_NO2	0.403391	0.045776	-0.357615	0.167832	2.000000	1.000000	0	1	0	1.000000	0.000000	0.000000
OTU_338_18S_022_3	OTU_1381_18S_022_3	1	ENV_NO2	0.492737	-0.010471	-0.503208	0.333666	3.000000	1.000000	0	0	1	1.000000	0.000000	0.000000
OTU_724_18S_022_3	OTU_1381_18S_022_3	1	ENV_NO2	0.444736	0.074657	-0.370079	0.833167	3.000000	1.000000	0	0	1	1.000000	0.000000	0.000000
ASV_1028_16S_022_3	OTU_1358_18S_022_3	1	ENV_NO2	0.531283	0.000000	-0.531283	0.500500	3.000000	1.000000	0	0	1	1.000000	0.000000	0.000000
ASV_1136_16S_022_3	OTU_1358_18S_022_3	1	ENV_NO2	0.495322	0.000000	-0.495322	0.584416	3.000000	1.000000	0	0	1	1.000000	0.000000	0.000000
ASV_1401_16S_022_3	OTU_1413_18S_022_3	1	ENV_NO2	0.599096	0.207076	-0.392021	0.500500	3.000000	1.000000	0	0	1	1.000000	0.000000	0.000000
OTU_889_18S_022_3	OTU_1413_18S_022_3	1	ENV_NO2	0.519532	0.207076	-0.312456	0.750250	3.000000	1.000000	0	0	1	1.000000	0.000000	0.000000
OTU_6_18S_022_3	OTU_1422_18S_022_3	1	ENV_NO2	0.443066	0.672972	0.229906	nan	2.000000	1.000000	0	1	0	1.000000	0.000000	0.000000
OTU_26_18S_022_3	OTU_1422_18S_022_3	1	ENV_NO2	0.668530	0.843228	0.174698	nan	3.000000	1.000000	0	0	1	1.000000	0.000000	0.000000
OTU_144_18S_022_3	OTU_1422_18S_022_3	1	ENV_NO2	0.501758	0.369438	-0.132320	0.666334	2.000000	1.000000	0	1	0	1.000000	0.000000	0.000000
ASV_947_16S_022_3	OTU_1432_18S_022_3	1	ENV_NO2	0.344967	0.244616	-0.100351	0.333666	2.000000	1.000000	0	1	0	1.000000	0.000000	0.000000
OTU_406_18S_022_3	OTU_1432_18S_022_3	1	ENV_NO2	0.510610	0.476524	-0.034086	0.583417	3.000000	1.000000	0	0	1	1.000000	0.000000	0.000000
OTU_535_18S_022_3	OTU_1485_18S_022_3	1	ENV_NO2	0.446532	0.000000	-0.446532	0.416583	3.000000	1.000000	0	0	1	1.000000	0.000000	0.000000
OTU_1262_18S_022_3	OTU_1485_18S_022_3	1	ENV_NO2	0.451286	0.000000	-0.451286	0.666334	3.000000	1.000000	0	0	1	1.000000	0.000000	0.000000
OTU_872_18S_022_3	OTU_1494_18S_022_3	1	ENV_NO2	0.509481	0.104397	-0.405084	0.751249	3.000000	1.000000	0	0	1	1.000000	0.000000	0.000000
OTU_1404_18S_022_3	OTU_1494_18S_022_3	1	ENV_NO2	0.461770	0.081080	-0.380690	0.667333	3.000000	1.000000	0	0	1	1.000000	0.000000	0.000000
OTU_955_18S_022_3	OTU_1510_18S_022_3	1	ENV_NO2	0.437083	0.070608	-0.366475	0.000999	3.000000	1.000000	0	0	1	1.000000	0.000000	0.000000
OTU_184_18S_022_3	OTU_1509_18S_022_3	1	ENV_NO2	0.519532	0.075516	-0.444016	0.501499	3.000000	1.000000	0	0	1	1.000000	0.000000	0.000000
OTU_408_18S_022_3	OTU_1545_18S_022_3	1	ENV_NO2	0.589045	0.016894	-0.572150	0.167832	3.000000	1.000000	0	0	1	1.000000	0.000000	0.000000
OTU_662_18S_022_3	OTU_1545_18S_022_3	1	ENV_NO2	0.589045	0.000000	-0.589045	0.333666	3.000000	1.000000	0	0	1	1.000000	0.000000	0.000000
OTU_1024_18S_022_3	OTU_1545_18S_022_3	1	ENV_NO2	0.495939	0.028881	-0.467058	0.250749	3.000000	1.000000	0	0	1	1.000000	0.000000	0.000000
OTU_956_18S_022_3	OTU_1561_18S_022_3	1	ENV_NO2	0.483572	-0.023317	-0.506889	1.000000	3.000000	1.000000	0	0	1	1.000000	0.000000	0.000000
OTU_749_18S_022_3	OTU_1573_18S_022_3	1	ENV_NO2	0.599096	0.016894	-0.582202	0.583417	3.000000	1.000000	0	0	1	1.000000	0.000000	0.000000
ASV_1043_16S_022_3	OTU_1575_18S_022_3	1	ENV_NO2	0.446527	0.000000	-0.446527	0.917083	3.000000	1.000000	0	0	1	1.000000	0.000000	0.000000
ASV_1328_16S_022_3	OTU_1575_18S_022_3	1	ENV_NO2	0.509481	-0.067060	-0.576540	1.000000	3.000000	1.000000	0	0	1	1.000000	0.000000	0.000000
OTU_1191_18S_022_3	OTU_1594_18S_022_3	1	ENV_NO2	0.599096	0.091551	-0.507545	0.500500	3.000000	1.000000	0	0	1	1.000000	0.000000	0.000000
OTU_1573_18S_022_3	OTU_1594_18S_022_3	1	ENV_NO2	0.541334	0.091551	-0.449783	0.500500	3.000000	1.000000	0	0	1	1.000000	0.000000	0.000000
OTU_100_18S_022_3	OTU_1598_18S_022_3	1	ENV_NO2	0.572301	1.391110	0.818809	nan	3.000000	1.000000	0	0	1	1.000000	0.000000	0.000000
OTU_1075_18S_022_3	OTU_1618_18S_022_3	1	ENV_NO2	0.356297	0.000000	-0.356297	0.750250	3.000000	1.000000	0	0	1	1.000000	0.000000	0.000000
OTU_1404_18S_022_3	OTU_1618_18S_022_3	1	ENV_NO2	0.356297	0.000000	-0.356297	0.750250	3.000000	1.000000	0	0	1	1.000000	0.000000	0.000000
ASV_41_16S_022_3	OTU_1606_18S_022_3	1	ENV_NO2	0.483572	0.018410	-0.465162	0.083916	2.000000	1.000000	0	1	0	1.000000	0.000000	0.000000
OTU_551_18S_022_3	OTU_1606_18S_022_3	1	ENV_NO2	0.493623	0.000000	-0.493623	0.500500	3.000000	1.000000	0	0	1	1.000000	0.000000	0.000000
OTU_509_18S_022_3	OTU_1631_18S_022_3	1	ENV_NO2	0.438177	0.000000	-0.438177	0.250749	3.000000	1.000000	0	0	1	1.000000	0.000000	0.000000
ASV_932_16S_022_3	OTU_1609_18S_022_3	1	ENV_NO2	0.416375	-0.039353	-0.455727	0.249750	3.000000	1.000000	0	0	1	1.000000	0.000000	0.000000
OTU_453_18S_022_3	OTU_1609_18S_022_3	1	ENV_NO2	0.656858	-0.016894	-0.673753	0.500500	3.000000	1.000000	0	0	1	1.000000	0.000000	0.000000
OTU_920_18S_022_3	OTU_1609_18S_022_3	1	ENV_NO2	0.356297	0.095099	-0.261197	0.833167	3.000000	1.000000	0	0	1	1.000000	0.000000	0.000000
OTU_422_18S_022_3	OTU_1634_18S_022_3	1	ENV_NO2	0.525897	0.242897	-0.283000	0.667333	3.000000	1.000000	0	0	1	1.000000	0.000000	0.000000
OTU_466_18S_022_3	OTU_1634_18S_022_3	1	ENV_NO2	0.593725	0.069093	-0.524632	0.333666	3.000000	1.000000	0	0	1	1.000000	0.000000	0.000000
OTU_749_18S_022_3	OTU_1670_18S_022_3	1	ENV_NO2	0.521848	0.040212	-0.481636	0.751249	3.000000	1.000000	0	0	1	1.000000	0.000000	0.000000
OTU_1153_18S_022_3	OTU_1670_18S_022_3	1	ENV_NO2	0.524300	1.310031	0.785731	nan	3.000000	1.000000	0	0	1	1.000000	0.000000	0.000000
OTU_724_18S_022_3	OTU_1682_18S_022_3	1	ENV_NO2	0.358613	0.115525	-0.243088	0.750250	3.000000	1.000000	0	0	1	1.000000	0.000000	0.000000
OTU_1173_18S_022_3	OTU_1671_18S_022_3	1	ENV_NO2	0.545441	0.167723	-0.377718	0.667333	3.000000	1.000000	0	0	1	1.000000	0.000000	0.000000
OTU_644_18S_022_3	OTU_1707_18S_022_3	1	ENV_NO2	0.435861	0.052198	-0.383662	0.833167	3.000000	1.000000	0	0	1	1.000000	0.000000	0.000000
OTU_910_18S_022_3	OTU_1707_18S_022_3	1	ENV_NO2	0.356297	0.000000	-0.356297	1.000000	3.000000	1.000000	0	0	1	1.000000	0.000000	0.000000
ASV_1593_16S_022_3	OTU_1762_18S_022_3	1	ENV_NO2	0.435861	0.000000	-0.435861	1.000000	3.000000	1.000000	0	0	1	1.000000	0.000000	0.000000
OTU_46_18S_022_3	OTU_1763_18S_022_3	1	ENV_NO2	0.516648	0.143749	-0.372898	0.917083	3.000000	1.000000	0	0	1	1.000000	0.000000	0.000000
OTU_760_18S_022_3	OTU_1763_18S_022_3	1	ENV_NO2	0.435861	0.091551	-0.344310	0.834166	3.000000	1.000000	0	0	1	1.000000	0.000000	0.000000
OTU_1017_18S_022_3	OTU_1763_18S_022_3	1	ENV_NO2	0.458885	0.081080	-0.377806	0.917083	3.000000	1.000000	0	0	1	1.000000	0.000000	0.000000
OTU_1077_18S_022_3	OTU_1767_18S_022_3	1	ENV_NO2	0.519532	0.000000	-0.519532	0.583417	3.000000	1.000000	0	0	1	1.000000	0.000000	0.000000
OTU_1281_18S_022_3	OTU_1767_18S_022_3	1	ENV_NO2	0.519532	0.000000	-0.519532	0.500500	3.000000	1.000000	0	0	1	1.000000	0.000000	0.000000
OTU_1386_18S_022_3	OTU_1767_18S_022_3	1	ENV_NO2	0.656858	0.000000	-0.656858	0.666334	3.000000	1.000000	0	0	1	1.000000	0.000000	0.000000
ASV_1406_16S_022_3	OTU_1684_18S_022_3	1	ENV_NO2	0.320336	0.028881	-0.291455	0.917083	3.000000	1.000000	0	0	1	1.000000	0.000000	0.000000
OTU_1707_18S_022_3	OTU_1684_18S_022_3	1	ENV_NO2	0.378099	0.000000	-0.378099	1.000000	3.000000	1.000000	0	0	1	1.000000	0.000000	0.000000
OTU_985_18S_022_3	OTU_1782_18S_022_3	1	ENV_NO2	0.322652	0.000000	-0.322652	0.500500	3.000000	1.000000	0	0	1	1.000000	0.000000	0.000000
ASV_181_16S_022_3	OTU_1801_18S_022_3	1	ENV_NO2	0.324443	0.074657	-0.249786	0.501499	2.000000	1.000000	0	1	0	1.000000	0.000000	0.000000
OTU_1094_18S_022_3	OTU_1820_18S_022_3	1	ENV_NO2	0.418166	0.023317	-0.394848	0.167832	3.000000	1.000000	0	0	1	1.000000	0.000000	0.000000
OTU_310_18S_022_3	OTU_1834_18S_022_3	1	ENV_NO2	0.471218	0.028881	-0.442337	0.667333	3.000000	1.000000	0	0	1	1.000000	0.000000	0.000000
OTU_1024_18S_022_3	OTU_1834_18S_022_3	1	ENV_NO2	0.483572	0.028881	-0.454691	0.667333	3.000000	1.000000	0	0	1	1.000000	0.000000	0.000000
ASV_233_16S_022_3	OTU_1849_18S_022_3	1	ENV_NO2	0.548648	0.086643	-0.462005	0.334665	3.000000	1.000000	0	0	1	1.000000	0.000000	0.000000
OTU_251_18S_022_3	OTU_1849_18S_022_3	1	ENV_NO2	0.648220	0.111476	-0.536744	0.000999	3.000000	1.000000	0	0	1	1.000000	0.000000	0.000000
OTU_825_18S_022_3	OTU_1849_18S_022_3	1	ENV_NO2	0.669634	0.047291	-0.622343	0.000999	3.000000	1.000000	0	0	1	1.000000	0.000000	0.000000
ASV_89_16S_022_3	OTU_1893_18S_022_3	1	ENV_NO2	0.275071	0.045776	-0.229295	0.917083	2.000000	1.000000	0	1	0	1.000000	0.000000	0.000000
ASV_1044_16S_022_3	OTU_1844_18S_022_3	1	ENV_NO2	0.527857	0.521782	-0.006075	0.500500	3.000000	1.000000	0	0	1	1.000000	0.000000	0.000000
OTU_50_18S_022_3	OTU_1844_18S_022_3	1	ENV_NO2	0.781249	0.394270	-0.386979	0.500500	3.000000	1.000000	0	0	1	1.000000	0.000000	0.000000
OTU_558_18S_022_3	OTU_1901_18S_022_3	1	ENV_NO2	0.542975	0.057106	-0.485869	0.334665	3.000000	1.000000	0	0	1	1.000000	0.000000	0.000000
OTU_1262_18S_022_3	OTU_1891_18S_022_3	1	ENV_NO2	0.646807	0.091551	-0.555256	0.000999	3.000000	1.000000	0	0	1	1.000000	0.000000	0.000000
OTU_519_18S_022_3	OTU_1905_18S_022_3	1	ENV_NO2	0.493623	0.115525	-0.378099	0.500500	3.000000	1.000000	0	0	1	1.000000	0.000000	0.000000
ASV_501_16S_022_3	OTU_1959_18S_022_3	1	ENV_NO2	0.439968	0.052198	-0.387769	0.250749	3.000000	1.000000	0	0	1	1.000000	0.000000	0.000000
ASV_156_16S_022_3	OTU_1980_18S_022_3	1	ENV_NO2	0.316063	0.000000	-0.316063	0.333666	2.000000	1.000000	0	1	0	1.000000	0.000000	0.000000
OTU_191_18S_022_3	OTU_1980_18S_022_3	1	ENV_NO2	0.464086	0.000000	-0.464086	0.250749	3.000000	1.000000	0	0	1	1.000000	0.000000	0.000000
OTU_577_18S_022_3	OTU_1940_18S_022_3	1	ENV_NO2	0.609753	0.045776	-0.563978	0.333666	3.000000	1.000000	0	0	1	1.000000	0.000000	0.000000
ASV_1058_16S_022_3	OTU_1995_18S_022_3	1	ENV_NO2	0.521848	0.091551	-0.430297	0.584416	3.000000	1.000000	0	0	1	1.000000	0.000000	0.000000
ASV_1490_16S_022_3	OTU_1995_18S_022_3	1	ENV_NO2	0.531283	0.000000	-0.531283	0.333666	3.000000	1.000000	0	0	1	1.000000	0.000000	0.000000
ASV_1593_16S_022_3	OTU_1995_18S_022_3	1	ENV_NO2	0.541334	0.000000	-0.541334	0.666334	3.000000	1.000000	0	0	1	1.000000	0.000000	0.000000
OTU_1077_18S_022_3	OTU_1995_18S_022_3	1	ENV_NO2	0.464086	0.062670	-0.401416	0.334665	3.000000	1.000000	0	0	1	1.000000	0.000000	0.000000
OTU_518_18S_022_3	OTU_1927_18S_022_3	1	ENV_NO2	0.485888	0.000000	-0.485888	0.416583	3.000000	1.000000	0	0	1	1.000000	0.000000	0.000000
OTU_1647_18S_022_3	OTU_1927_18S_022_3	1	ENV_NO2	0.464086	0.000000	-0.464086	0.500500	3.000000	1.000000	0	0	1	1.000000	0.000000	0.000000
OTU_831_18S_022_3	OTU_1984_18S_022_3	1	ENV_NO2	0.506596	0.104397	-0.402199	0.250749	3.000000	1.000000	0	0	1	1.000000	0.000000	0.000000
OTU_1298_18S_022_3	OTU_1984_18S_022_3	1	ENV_NO2	0.372816	0.052198	-0.320617	0.584416	3.000000	1.000000	0	0	1	1.000000	0.000000	0.000000
OTU_1332_18S_022_3	OTU_2035_18S_022_3	1	ENV_NO2	0.656858	0.293063	-0.363796	0.500500	3.000000	1.000000	0	0	1	1.000000	0.000000	0.000000
OTU_384_18S_022_3	OTU_2036_18S_022_3	1	ENV_NO2	0.416375	-0.016894	-0.433269	0.667333	3.000000	1.000000	0	0	1	1.000000	0.000000	0.000000
OTU_511_18S_022_3	OTU_2018_18S_022_3	1	ENV_NO2	0.464086	0.000000	-0.464086	0.750250	3.000000	1.000000	0	0	1	1.000000	0.000000	0.000000
OTU_561_18S_022_3	OTU_2150_18S_022_3	1	ENV_NO2	0.519532	0.052198	-0.467333	0.500500	3.000000	1.000000	0	0	1	1.000000	0.000000	0.000000
OTU_870_18S_022_3	OTU_2160_18S_022_3	1	ENV_NO2	0.484794	0.023317	-0.461477	0.167832	3.000000	1.000000	0	0	1	1.000000	0.000000	0.000000
OTU_303_18S_022_3	OTU_2094_18S_022_3	1	ENV_NO2	0.792738	0.531597	-0.261141	0.500500	3.000000	1.000000	0	0	1	1.000000	0.000000	0.000000
OTU_1449_18S_022_3	OTU_2176_18S_022_3	1	ENV_NO2	0.334495	0.606724	0.272230	nan	3.000000	1.000000	0	0	1	1.000000	0.000000	0.000000
OTU_1334_18S_022_3	OTU_2105_18S_022_3	1	ENV_NO2	0.586743	0.024833	-0.561910	0.000999	3.000000	1.000000	0	0	1	1.000000	0.000000	0.000000
ASV_89_16S_022_3	OTU_2234_18S_022_3	1	ENV_NO2	0.311031	0.000000	-0.311031	0.250749	2.000000	1.000000	0	1	0	1.000000	0.000000	0.000000
ASV_651_16S_022_3	OTU_2135_18S_022_3	1	ENV_NO2	0.625005	0.223314	-0.401691	0.333666	3.000000	1.000000	0	0	1	1.000000	0.000000	0.000000
OTU_1980_18S_022_3	OTU_2245_18S_022_3	1	ENV_NO2	0.461770	0.000000	-0.461770	0.500500	3.000000	1.000000	0	0	1	1.000000	0.000000	0.000000
OTU_1671_18S_022_3	OTU_2133_18S_022_3	1	ENV_NO2	0.519532	-0.038179	-0.557711	0.582418	3.000000	1.000000	0	0	1	1.000000	0.000000	0.000000
ASV_1851_16S_022_3	OTU_2270_18S_022_3	1	ENV_NO2	0.439968	0.115525	-0.324443	0.750250	3.000000	1.000000	0	0	1	1.000000	0.000000	0.000000
OTU_868_18S_022_3	OTU_2270_18S_022_3	1	ENV_NO2	0.439968	0.034445	-0.405523	0.834166	3.000000	1.000000	0	0	1	1.000000	0.000000	0.000000
OTU_582_18S_022_3	OTU_2239_18S_022_3	1	ENV_NO2	0.552608	0.162159	-0.390449	0.417582	3.000000	1.000000	0	0	1	1.000000	0.000000	0.000000
OTU_1143_18S_022_3	OTU_2239_18S_022_3	1	ENV_NO2	0.541334	-0.005564	-0.546898	0.917083	3.000000	1.000000	0	0	1	1.000000	0.000000	0.000000
OTU_145_18S_022_3	OTU_2297_18S_022_3	1	ENV_NO2	0.582063	0.143749	-0.438314	0.500500	3.000000	1.000000	0	0	1	1.000000	0.000000	0.000000
OTU_2018_18S_022_3	OTU_2297_18S_022_3	1	ENV_NO2	0.509481	0.000000	-0.509481	0.750250	3.000000	1.000000	0	0	1	1.000000	0.000000	0.000000
OTU_248_18S_022_3	OTU_2304_18S_022_3	1	ENV_NO2	0.625005	0.161300	-0.463705	0.667333	3.000000	1.000000	0	0	1	1.000000	0.000000	0.000000
OTU_1761_18S_022_3	OTU_2304_18S_022_3	1	ENV_NO2	0.519532	0.035304	-0.484228	0.667333	3.000000	1.000000	0	0	1	1.000000	0.000000	0.000000
OTU_2105_18S_022_3	OTU_2304_18S_022_3	1	ENV_NO2	0.587836	0.109961	-0.477876	0.584416	3.000000	1.000000	0	0	1	1.000000	0.000000	0.000000
ASV_2014_16S_022_3	OTU_2097_18S_022_3	1	ENV_NO2	0.601412	0.099148	-0.502264	0.917083	3.000000	1.000000	0	0	1	1.000000	0.000000	0.000000
OTU_493_18S_022_3	OTU_2097_18S_022_3	1	ENV_NO2	0.542557	0.664340	0.121783	nan	3.000000	1.000000	0	0	1	1.000000	0.000000	0.000000
OTU_1557_18S_022_3	OTU_2097_18S_022_3	1	ENV_NO2	0.519532	0.024491	-0.495041	0.751249	3.000000	1.000000	0	0	1	1.000000	0.000000	0.000000
ASV_992_16S_022_3	OTU_2317_18S_022_3	1	ENV_NO2	0.449879	0.094443	-0.355436	0.334665	3.000000	1.000000	0	0	1	1.000000	0.000000	0.000000
ASV_1043_16S_022_3	OTU_2317_18S_022_3	1	ENV_NO2	0.432369	0.000000	-0.432369	1.000000	3.000000	1.000000	0	0	1	1.000000	0.000000	0.000000
OTU_676_18S_022_3	OTU_2334_18S_022_3	1	ENV_NO2	0.599096	0.000000	-0.599096	0.750250	3.000000	1.000000	0	0	1	1.000000	0.000000	0.000000
OTU_1142_18S_022_3	OTU_2334_18S_022_3	1	ENV_NO2	0.493623	0.091551	-0.402072	0.499500	3.000000	1.000000	0	0	1	1.000000	0.000000	0.000000
ASV_1543_16S_022_3	OTU_2309_18S_022_3	1	ENV_NO2	0.336811	0.000000	-0.336811	0.750250	3.000000	1.000000	0	0	1	1.000000	0.000000	0.000000
OTU_1210_18S_022_3	OTU_2309_18S_022_3	1	ENV_NO2	0.461770	-0.045776	-0.507545	0.250749	3.000000	1.000000	0	0	1	1.000000	0.000000	0.000000
OTU_214_18S_022_3	OTU_2382_18S_022_3	1	ENV_NO2	0.356297	0.052198	-0.304098	0.585415	3.000000	1.000000	0	0	1	1.000000	0.000000	0.000000
OTU_1606_18S_022_3	OTU_2383_18S_022_3	1	ENV_NO2	0.541334	0.000000	-0.541334	0.167832	3.000000	1.000000	0	0	1	1.000000	0.000000	0.000000
OTU_2167_18S_022_3	OTU_2383_18S_022_3	1	ENV_NO2	0.408776	0.062670	-0.346106	0.166833	3.000000	1.000000	0	0	1	1.000000	0.000000	0.000000
ASV_1143_16S_022_3	OTU_2284_18S_022_3	1	ENV_NO2	0.438177	1.184441	0.746264	nan	3.000000	1.000000	0	0	1	1.000000	0.000000	0.000000
OTU_711_18S_022_3	OTU_2389_18S_022_3	1	ENV_NO2	0.577294	0.000000	-0.577294	0.750250	3.000000	1.000000	0	0	1	1.000000	0.000000	0.000000
OTU_558_18S_022_3	OTU_2461_18S_022_3	1	ENV_NO2	0.486456	0.081080	-0.405376	0.500500	3.000000	1.000000	0	0	1	1.000000	0.000000	0.000000
OTU_1347_18S_022_3	OTU_2375_18S_022_3	1	ENV_NO2	0.599096	0.062670	-0.536426	0.250749	3.000000	1.000000	0	0	1	1.000000	0.000000	0.000000
OTU_1086_18S_022_3	OTU_2425_18S_022_3	1	ENV_NO2	0.363054	0.081080	-0.281974	0.751249	3.000000	1.000000	0	0	1	1.000000	0.000000	0.000000
ASV_1289_16S_022_3	OTU_2399_18S_022_3	1	ENV_NO2	0.483572	-0.052198	-0.535770	0.917083	3.000000	1.000000	0	0	1	1.000000	0.000000	0.000000
OTU_2309_18S_022_3	OTU_2501_18S_022_3	1	ENV_NO2	0.497730	0.052198	-0.445531	0.000999	3.000000	1.000000	0	0	1	1.000000	0.000000	0.000000
OTU_184_18S_022_3	OTU_2509_18S_022_3	1	ENV_NO2	0.577294	0.052198	-0.525096	0.000999	3.000000	1.000000	0	0	1	1.000000	0.000000	0.000000
OTU_551_18S_022_3	OTU_2509_18S_022_3	1	ENV_NO2	0.656858	0.052198	-0.604660	0.000999	3.000000	1.000000	0	0	1	1.000000	0.000000	0.000000
OTU_955_18S_022_3	OTU_2509_18S_022_3	1	ENV_NO2	0.577294	0.052198	-0.525096	0.000999	3.000000	1.000000	0	0	1	1.000000	0.000000	0.000000
OTU_1285_18S_022_3	OTU_2509_18S_022_3	1	ENV_NO2	0.577294	0.035304	-0.541990	0.000999	3.000000	1.000000	0	0	1	1.000000	0.000000	0.000000
OTU_1618_18S_022_3	OTU_2509_18S_022_3	1	ENV_NO2	0.414059	0.000000	-0.414059	0.750250	3.000000	1.000000	0	0	1	1.000000	0.000000	0.000000
OTU_1338_18S_022_3	OTU_2576_18S_022_3	1	ENV_NO2	0.599096	0.000000	-0.599096	0.500500	3.000000	1.000000	0	0	1	1.000000	0.000000	0.000000
OTU_1743_18S_022_3	OTU_2539_18S_022_3	1	ENV_NO2	0.461770	0.062670	-0.399100	0.250749	3.000000	1.000000	0	0	1	1.000000	0.000000	0.000000
OTU_1216_18S_022_3	OTU_2626_18S_022_3	1	ENV_NO2	0.577294	0.000000	-0.577294	0.916084	3.000000	1.000000	0	0	1	1.000000	0.000000	0.000000
ASV_3_16S_022_3	OTU_2633_18S_022_3	1	ENV_NO2	0.194642	-0.014861	-0.209503	0.083916	2.000000	1.000000	0	1	0	1.000000	0.000000	0.000000
OTU_215_18S_022_3	OTU_2633_18S_022_3	1	ENV_NO2	0.404007	0.023317	-0.380690	0.166833	3.000000	1.000000	0	0	1	1.000000	0.000000	0.000000
OTU_1142_18S_022_3	OTU_2633_18S_022_3	1	ENV_NO2	0.577294	0.000000	-0.577294	0.749251	3.000000	1.000000	0	0	1	1.000000	0.000000	0.000000
OTU_1285_18S_022_3	OTU_2633_18S_022_3	1	ENV_NO2	0.336811	0.006423	-0.330388	0.166833	3.000000	1.000000	0	0	1	1.000000	0.000000	0.000000
OTU_743_18S_022_3	OTU_2680_18S_022_3	1	ENV_NO2	0.435861	-0.057762	-0.493623	0.834166	3.000000	1.000000	0	0	1	1.000000	0.000000	0.000000
OTU_873_18S_022_3	OTU_2680_18S_022_3	1	ENV_NO2	0.356297	0.115525	-0.240772	0.750250	3.000000	1.000000	0	0	1	1.000000	0.000000	0.000000
OTU_1194_18S_022_3	OTU_2722_18S_022_3	1	ENV_NO2	0.577294	0.052198	-0.525096	0.167832	3.000000	1.000000	0	0	1	1.000000	0.000000	0.000000
OTU_1510_18S_022_3	OTU_2722_18S_022_3	1	ENV_NO2	0.251821	0.006423	-0.245398	0.084915	3.000000	1.000000	0	0	1	1.000000	0.000000	0.000000
OTU_868_18S_022_3	OTU_2736_18S_022_3	1	ENV_NO2	0.625005	1.167546	0.542541	nan	3.000000	1.000000	0	0	1	1.000000	0.000000	0.000000
OTU_560_18S_022_3	OTU_2662_18S_022_3	1	ENV_NO2	0.603203	0.062670	-0.540533	0.416583	3.000000	1.000000	0	0	1	1.000000	0.000000	0.000000
OTU_1110_18S_022_3	OTU_2662_18S_022_3	1	ENV_NO2	0.682767	0.024491	-0.658276	0.500500	3.000000	1.000000	0	0	1	1.000000	0.000000	0.000000
ASV_248_16S_022_3	OTU_2823_18S_022_3	1	ENV_NO2	0.502498	0.081080	-0.421419	0.667333	3.000000	1.000000	0	0	1	1.000000	0.000000	0.000000
OTU_2284_18S_022_3	OTU_2823_18S_022_3	1	ENV_NO2	0.519532	0.114868	-0.404664	0.334665	3.000000	1.000000	0	0	1	1.000000	0.000000	0.000000
OTU_214_18S_022_3	OTU_2858_18S_022_3	1	ENV_NO2	0.577294	0.052198	-0.525096	0.583417	3.000000	1.000000	0	0	1	1.000000	0.000000	0.000000
OTU_1404_18S_022_3	OTU_2858_18S_022_3	1	ENV_NO2	0.435861	0.000000	-0.435861	0.666334	3.000000	1.000000	0	0	1	1.000000	0.000000	0.000000
OTU_2382_18S_022_3	OTU_2858_18S_022_3	1	ENV_NO2	0.435861	0.081080	-0.354781	0.834166	3.000000	1.000000	0	0	1	1.000000	0.000000	0.000000
ASV_1727_16S_022_3	OTU_2856_18S_022_3	1	ENV_NO2	0.461770	0.745420	0.283650	nan	3.000000	1.000000	0	0	1	1.000000	0.000000	0.000000
OTU_1252_18S_022_3	OTU_2856_18S_022_3	1	ENV_NO2	0.497730	-0.095941	-0.593671	0.751249	3.000000	1.000000	0	0	1	1.000000	0.000000	0.000000
ASV_331_16S_022_3	OTU_2878_18S_022_3	1	ENV_NO2	0.483572	0.149313	-0.334258	0.500500	3.000000	1.000000	0	0	1	1.000000	0.000000	0.000000
ASV_782_16S_022_3	OTU_2878_18S_022_3	1	ENV_NO2	0.541334	-0.033789	-0.575123	0.250749	3.000000	1.000000	0	0	1	1.000000	0.000000	0.000000
ASV_1734_16S_022_3	OTU_2876_18S_022_3	1	ENV_NO2	0.298534	0.000000	-0.298534	0.666334	3.000000	1.000000	0	0	1	1.000000	0.000000	0.000000
OTU_558_18S_022_3	OTU_2876_18S_022_3	1	ENV_NO2	0.486456	0.091551	-0.394905	0.583417	3.000000	1.000000	0	0	1	1.000000	0.000000	0.000000
OTU_145_18S_022_3	OTU_2905_18S_022_3	1	ENV_NO2	0.670400	0.000000	-0.670400	0.500500	3.000000	1.000000	0	0	1	1.000000	0.000000	0.000000
OTU_558_18S_022_3	OTU_2905_18S_022_3	1	ENV_NO2	0.533073	0.052198	-0.480875	0.334665	3.000000	1.000000	0	0	1	1.000000	0.000000	0.000000
OTU_1362_18S_022_3	OTU_2958_18S_022_3	1	ENV_NO2	0.519532	0.000000	-0.519532	0.750250	3.000000	1.000000	0	0	1	1.000000	0.000000	0.000000
OTU_1086_18S_022_3	OTU_2990_18S_022_3	1	ENV_NO2	0.443235	0.028881	-0.414354	0.334665	3.000000	1.000000	0	0	1	1.000000	0.000000	0.000000
OTU_2214_18S_022_3	OTU_3023_18S_022_3	1	ENV_NO2	0.356297	0.000000	-0.356297	0.500500	3.000000	1.000000	0	0	1	1.000000	0.000000	0.000000
OTU_1347_18S_022_3	OTU_2780_18S_022_3	1	ENV_NO2	0.599096	0.091551	-0.507545	0.500500	3.000000	1.000000	0	0	1	1.000000	0.000000	0.000000
OTU_1664_18S_022_3	OTU_2780_18S_022_3	1	ENV_NO2	0.541334	0.235301	-0.306033	0.667333	3.000000	1.000000	0	0	1	1.000000	0.000000	0.000000
ASV_1059_16S_022_3	OTU_3133_18S_022_3	1	ENV_NO2	0.519532	0.000000	-0.519532	0.750250	3.000000	1.000000	0	0	1	1.000000	0.000000	0.000000
OTU_450_18S_022_3	OTU_3133_18S_022_3	1	ENV_NO2	0.442284	0.023317	-0.418966	0.000999	3.000000	1.000000	0	0	1	1.000000	0.000000	0.000000
OTU_1594_18S_022_3	OTU_3133_18S_022_3	1	ENV_NO2	0.625005	0.143749	-0.481256	0.500500	3.000000	1.000000	0	0	1	1.000000	0.000000	0.000000
OTU_2133_18S_022_3	OTU_3149_18S_022_3	1	ENV_NO2	0.577294	0.042901	-0.534393	0.584416	3.000000	1.000000	0	0	1	1.000000	0.000000	0.000000
OTU_453_18S_022_3	OTU_3210_18S_022_3	1	ENV_NO2	0.656858	-0.045776	-0.702634	0.166833	3.000000	1.000000	0	0	1	1.000000	0.000000	0.000000
OTU_1613_18S_022_3	OTU_3210_18S_022_3	1	ENV_NO2	0.379321	0.497605	0.118284	nan	3.000000	1.000000	0	0	1	1.000000	0.000000	0.000000
OTU_619_18S_022_3	OTU_3225_18S_022_3	1	ENV_NO2	0.358613	0.000000	-0.358613	0.666334	2.000000	1.000000	0	1	0	1.000000	0.000000	0.000000
OTU_1557_18S_022_3	OTU_3213_18S_022_3	1	ENV_NO2	0.519532	0.091551	-0.427981	0.584416	3.000000	1.000000	0	0	1	1.000000	0.000000	0.000000
OTU_1767_18S_022_3	OTU_3213_18S_022_3	1	ENV_NO2	0.541334	0.000000	-0.541334	0.667333	3.000000	1.000000	0	0	1	1.000000	0.000000	0.000000
OTU_2133_18S_022_3	OTU_3213_18S_022_3	1	ENV_NO2	0.378099	-0.067060	-0.445158	0.750250	3.000000	1.000000	0	0	1	1.000000	0.000000	0.000000
OTU_977_18S_022_3	OTU_3300_18S_022_3	1	ENV_NO2	0.435861	0.000000	-0.435861	0.832168	3.000000	1.000000	0	0	1	1.000000	0.000000	0.000000
OTU_1014_18S_022_3	OTU_3300_18S_022_3	1	ENV_NO2	0.378113	0.000000	-0.378113	1.000000	3.000000	1.000000	0	0	1	1.000000	0.000000	0.000000
OTU_1017_18S_022_3	OTU_3300_18S_022_3	1	ENV_NO2	0.437083	0.000000	-0.437083	0.833167	3.000000	1.000000	0	0	1	1.000000	0.000000	0.000000
OTU_121_18S_022_3	OTU_3064_18S_022_3	1	ENV_NO2	0.542557	-0.005564	-0.548120	0.166833	3.000000	1.000000	0	0	1	1.000000	0.000000	0.000000
OTU_191_18S_022_3	OTU_3064_18S_022_3	1	ENV_NO2	0.521848	0.035304	-0.486544	0.000999	3.000000	1.000000	0	0	1	1.000000	0.000000	0.000000
ASV_892_16S_022_3	OTU_3326_18S_022_3	1	ENV_NO2	0.300418	0.081080	-0.219339	0.833167	3.000000	1.000000	0	0	1	1.000000	0.000000	0.000000
ASV_1734_16S_022_3	OTU_2812_18S_022_3	1	ENV_NO2	0.497730	0.000000	-0.497730	0.667333	3.000000	1.000000	0	0	1	1.000000	0.000000	0.000000
OTU_1774_18S_022_3	OTU_2812_18S_022_3	1	ENV_NO2	0.414059	0.028881	-0.385178	0.334665	3.000000	1.000000	0	0	1	1.000000	0.000000	0.000000
OTU_1898_18S_022_3	OTU_3384_18S_022_3	1	ENV_NO2	0.543650	0.000000	-0.543650	0.750250	3.000000	1.000000	0	0	1	1.000000	0.000000	0.000000
OTU_1386_18S_022_3	OTU_3350_18S_022_3	1	ENV_NO2	0.542557	0.070608	-0.471948	0.000999	3.000000	1.000000	0	0	1	1.000000	0.000000	0.000000
OTU_2576_18S_022_3	OTU_3350_18S_022_3	1	ENV_NO2	0.437083	0.000000	-0.437083	0.417582	3.000000	1.000000	0	0	1	1.000000	0.000000	0.000000
OTU_844_18S_022_3	OTU_3424_18S_022_3	1	ENV_NO2	0.541334	-0.108445	-0.649779	0.083916	3.000000	1.000000	0	0	1	1.000000	0.000000	0.000000
OTU_1905_18S_022_3	OTU_3424_18S_022_3	1	ENV_NO2	0.656858	-0.016894	-0.673753	0.832168	3.000000	1.000000	0	0	1	1.000000	0.000000	0.000000
OTU_2035_18S_022_3	OTU_3424_18S_022_3	1	ENV_NO2	0.656858	0.240864	-0.415994	0.750250	3.000000	1.000000	0	0	1	1.000000	0.000000	0.000000
OTU_270_18S_022_3	OTU_3598_18S_022_3	1	ENV_NO2	0.609092	0.114868	-0.494223	0.250749	3.000000	1.000000	0	0	1	1.000000	0.000000	0.000000
OTU_2297_18S_022_3	OTU_3598_18S_022_3	1	ENV_NO2	0.615243	0.052198	-0.563045	0.167832	3.000000	1.000000	0	0	1	1.000000	0.000000	0.000000
OTU_3466_18S_022_3	OTU_3610_18S_022_3	1	ENV_NO2	0.416375	0.052198	-0.364176	0.000999	3.000000	1.000000	0	0	1	1.000000	0.000000	0.000000
OTU_260_18S_022_3	OTU_3658_18S_022_3	1	ENV_NO2	0.356297	0.000000	-0.356297	1.000000	3.000000	1.000000	0	0	1	1.000000	0.000000	0.000000
OTU_563_18S_022_3	OTU_3658_18S_022_3	1	ENV_NO2	0.404007	-0.081080	-0.485087	0.666334	3.000000	1.000000	0	0	1	1.000000	0.000000	0.000000
OTU_29_18S_022_3	OTU_3663_18S_022_3	1	ENV_NO2	0.685309	0.647121	-0.038188	0.834166	3.000000	1.000000	0	0	1	1.000000	0.000000	0.000000
OTU_105_18S_022_3	OTU_3663_18S_022_3	1	ENV_NO2	0.487799	0.269948	-0.217850	0.583417	3.000000	1.000000	0	0	1	1.000000	0.000000	0.000000
OTU_585_18S_022_3	OTU_3962_18S_022_3	1	ENV_NO2	0.356297	0.052198	-0.304098	0.417582	3.000000	1.000000	0	0	1	1.000000	0.000000	0.000000
OTU_677_18S_022_3	OTU_3962_18S_022_3	1	ENV_NO2	0.577294	0.000000	-0.577294	0.667333	3.000000	1.000000	0	0	1	1.000000	0.000000	0.000000
ASV_211_16S_022_3	OTU_3990_18S_022_3	1	ENV_NO2	0.338055	0.057762	-0.280293	0.750250	2.000000	1.000000	0	1	0	1.000000	0.000000	0.000000
OTU_847_18S_022_3	OTU_3990_18S_022_3	1	ENV_NO2	0.356297	0.028881	-0.327415	0.667333	3.000000	1.000000	0	0	1	1.000000	0.000000	0.000000
OTU_1545_18S_022_3	OTU_3990_18S_022_3	1	ENV_NO2	0.495939	0.120432	-0.375507	0.667333	3.000000	1.000000	0	0	1	1.000000	0.000000	0.000000
OTU_1485_18S_022_3	OTU_3733_18S_022_3	1	ENV_NO2	0.367346	-0.074657	-0.442002	0.916084	3.000000	1.000000	0	0	1	1.000000	0.000000	0.000000
OTU_611_18S_022_3	OTU_4003_18S_022_3	1	ENV_NO2	0.483572	0.081080	-0.402492	0.417582	3.000000	1.000000	0	0	1	1.000000	0.000000	0.000000
OTU_535_18S_022_3	OTU_4126_18S_022_3	1	ENV_NO2	0.606212	-0.022458	-0.628671	0.416583	3.000000	1.000000	0	0	1	1.000000	0.000000	0.000000
ASV_588_16S_022_3	OTU_4302_18S_022_3	1	ENV_NO2	0.418166	-0.028881	-0.447047	0.500500	3.000000	1.000000	0	0	1	1.000000	0.000000	0.000000
OTU_877_18S_022_3	OTU_4302_18S_022_3	1	ENV_NO2	0.324443	0.000000	-0.324443	0.250749	2.000000	1.000000	0	1	0	1.000000	0.000000	0.000000
OTU_78_18S_022_3	OTU_5297_18S_022_3	1	ENV_NO2	0.424352	0.394270	-0.030082	0.583417	2.000000	1.000000	0	1	0	1.000000	0.000000	0.000000
OTU_1561_18S_022_3	OTU_5297_18S_022_3	1	ENV_NO2	0.456672	-0.000000	-0.456672	0.667333	3.000000	1.000000	0	0	1	1.000000	0.000000	0.000000
ASV_111_16S_022_3	OTU_5446_18S_022_3	1	ENV_NO2	0.357982	0.035304	-0.322678	0.251748	2.000000	1.000000	0	1	0	1.000000	0.000000	0.000000
OTU_511_18S_022_3	OTU_5446_18S_022_3	1	ENV_NO2	0.577294	0.000000	-0.577294	0.334665	3.000000	1.000000	0	0	1	1.000000	0.000000	0.000000
OTU_831_18S_022_3	OTU_5446_18S_022_3	1	ENV_NO2	0.379321	0.081080	-0.298242	0.500500	3.000000	1.000000	0	0	1	1.000000	0.000000	0.000000
OTU_847_18S_022_3	OTU_5446_18S_022_3	1	ENV_NO2	0.334495	0.028881	-0.305613	0.417582	3.000000	1.000000	0	0	1	1.000000	0.000000	0.000000
OTU_1285_18S_022_3	OTU_5773_18S_022_3	1	ENV_NO2	0.682767	0.000000	-0.682767	0.750250	3.000000	1.000000	0	0	1	1.000000	0.000000	0.000000
OTU_2919_18S_022_3	OTU_5773_18S_022_3	1	ENV_NO2	0.646807	0.062670	-0.584137	0.583417	3.000000	1.000000	0	0	1	1.000000	0.000000	0.000000
OTU_1374_18S_022_3	OTU_6383_18S_022_3	1	ENV_NO2	0.380415	0.730226	0.349812	nan	3.000000	1.000000	0	0	1	1.000000	0.000000	0.000000
ASV_165_16S_022_3	OTU_8089_18S_022_3	1	ENV_NO2	0.493623	0.166208	-0.327415	0.917083	3.000000	1.000000	0	0	1	1.000000	0.000000	0.000000
ASV_20_16S_022_3	ASV_20_16S_3_200	1	ENV_NO2	0.239085	0.346323	0.107239	nan	2.000000	1.000000	0	1	0	1.000000	0.000000	0.000000
ASV_35_16S_022_3	ASV_35_16S_3_200	1	ENV_NO2	0.519467	0.416231	-0.103236	0.250749	3.000000	1.000000	0	0	1	1.000000	0.000000	0.000000
ASV_109_16S_022_3	ASV_35_16S_3_200	1	ENV_NO2	0.599031	0.921933	0.322902	nan	2.000000	1.000000	0	1	0	1.000000	0.000000	0.000000
ASV_26_16S_3_200	ASV_35_16S_3_200	1	ENV_NO2	0.785144	0.932608	0.147463	nan	3.000000	1.000000	0	0	1	1.000000	0.000000	0.000000
ASV_298_16S_022_3	ASV_37_16S_3_200	1	ENV_NO2	0.126605	0.076578	-0.050027	0.833167	2.000000	1.000000	0	1	0	1.000000	0.000000	0.000000
ASV_1728_16S_022_3	ASV_58_16S_3_200	1	ENV_NO2	0.421528	0.070608	-0.350920	0.167832	3.000000	1.000000	0	0	1	1.000000	0.000000	0.000000
ASV_63_16S_022_3	ASV_63_16S_3_200	1	ENV_NO2	0.245778	0.051845	-0.193934	0.250749	3.000000	1.000000	0	0	1	1.000000	0.000000	0.000000
ASV_410_16S_022_3	ASV_63_16S_3_200	1	ENV_NO2	0.373407	0.165198	-0.208209	0.167832	3.000000	1.000000	0	0	1	1.000000	0.000000	0.000000
OTU_1014_18S_022_3	ASV_63_16S_3_200	1	ENV_NO2	0.326333	-0.042227	-0.368560	0.416583	3.000000	1.000000	0	0	1	1.000000	0.000000	0.000000
ASV_50_16S_022_3	ASV_66_16S_3_200	1	ENV_NO2	0.611593	0.114868	-0.496724	0.084915	3.000000	1.000000	0	0	1	1.000000	0.000000	0.000000
ASV_189_16S_022_3	ASV_66_16S_3_200	1	ENV_NO2	0.626880	0.000000	-0.626880	0.167832	3.000000	1.000000	0	0	1	1.000000	0.000000	0.000000
ASV_416_16S_022_3	ASV_66_16S_3_200	1	ENV_NO2	0.450366	0.081080	-0.369286	0.333666	2.000000	1.000000	0	1	0	1.000000	0.000000	0.000000
ASV_585_16S_022_3	ASV_66_16S_3_200	1	ENV_NO2	0.529144	0.023317	-0.505827	0.250749	3.000000	1.000000	0	0	1	1.000000	0.000000	0.000000
ASV_84_16S_022_3	ASV_84_16S_3_200	1	ENV_NO2	0.657883	0.208284	-0.449599	0.333666	3.000000	1.000000	0	0	1	1.000000	0.000000	0.000000
ASV_918_16S_022_3	ASV_84_16S_3_200	1	ENV_NO2	0.431717	0.069499	-0.362218	0.333666	3.000000	1.000000	0	0	1	1.000000	0.000000	0.000000
OTU_217_18S_022_3	ASV_84_16S_3_200	1	ENV_NO2	0.444543	0.075516	-0.369028	0.334665	3.000000	1.000000	0	0	1	1.000000	0.000000	0.000000
ASV_85_16S_022_3	ASV_85_16S_3_200	1	ENV_NO2	0.469627	0.225891	-0.243736	0.000999	3.000000	1.000000	0	0	1	1.000000	0.000000	0.000000
ASV_1042_16S_022_3	ASV_96_16S_3_200	1	ENV_NO2	0.682767	-0.055073	-0.737840	0.417582	3.000000	1.000000	0	0	1	1.000000	0.000000	0.000000
ASV_1401_16S_022_3	ASV_96_16S_3_200	1	ENV_NO2	0.599096	0.045776	-0.553321	0.500500	3.000000	1.000000	0	0	1	1.000000	0.000000	0.000000
OTU_2040_18S_022_3	ASV_96_16S_3_200	1	ENV_NO2	0.599096	-0.062670	-0.661766	0.666334	3.000000	1.000000	0	0	1	1.000000	0.000000	0.000000
ASV_213_16S_022_3	ASV_101_16S_3_200	1	ENV_NO2	0.356297	0.035304	-0.320992	0.167832	3.000000	1.000000	0	0	1	1.000000	0.000000	0.000000
OTU_1769_18S_022_3	ASV_101_16S_3_200	1	ENV_NO2	0.356297	0.052198	-0.304098	0.167832	3.000000	1.000000	0	0	1	1.000000	0.000000	0.000000
ASV_51_16S_3_200	ASV_133_16S_3_200	1	ENV_NO2	0.645714	0.174495	-0.471218	0.000999	3.000000	1.000000	0	0	1	1.000000	0.000000	0.000000
ASV_113_16S_3_200	ASV_133_16S_3_200	1	ENV_NO2	0.454509	0.136317	-0.318192	0.250749	3.000000	1.000000	0	0	1	1.000000	0.000000	0.000000
ASV_139_16S_022_3	ASV_134_16S_3_200	1	ENV_NO2	0.704490	0.143749	-0.560741	0.084915	3.000000	1.000000	0	0	1	1.000000	0.000000	0.000000
ASV_218_16S_022_3	ASV_134_16S_3_200	1	ENV_NO2	0.700054	0.155736	-0.544317	0.167832	3.000000	1.000000	0	0	1	1.000000	0.000000	0.000000
ASV_134_16S_022_3	ASV_139_16S_3_200	1	ENV_NO2	0.711671	0.097974	-0.613697	0.167832	3.000000	1.000000	0	0	1	1.000000	0.000000	0.000000
ASV_134_16S_3_200	ASV_139_16S_3_200	1	ENV_NO2	0.891935	0.264182	-0.627753	0.251748	3.000000	1.000000	0	0	1	1.000000	0.000000	0.000000
ASV_641_16S_022_3	ASV_140_16S_3_200	1	ENV_NO2	0.669738	0.145614	-0.524124	0.000999	3.000000	1.000000	0	0	1	1.000000	0.000000	0.000000
ASV_1243_16S_022_3	ASV_140_16S_3_200	1	ENV_NO2	0.429916	0.052198	-0.377718	0.584416	3.000000	1.000000	0	0	1	1.000000	0.000000	0.000000
ASV_1305_16S_022_3	ASV_140_16S_3_200	1	ENV_NO2	0.458990	0.116733	-0.342257	0.334665	3.000000	1.000000	0	0	1	1.000000	0.000000	0.000000
ASV_84_16S_3_200	ASV_140_16S_3_200	1	ENV_NO2	0.691540	0.116733	-0.574807	0.500500	3.000000	1.000000	0	0	1	1.000000	0.000000	0.000000
ASV_144_16S_022_3	ASV_144_16S_3_200	1	ENV_NO2	0.871665	0.196807	-0.674858	0.167832	3.000000	1.000000	0	0	1	1.000000	0.000000	0.000000
ASV_321_16S_022_3	ASV_144_16S_3_200	1	ENV_NO2	0.764793	0.093269	-0.671523	0.417582	3.000000	1.000000	0	0	1	1.000000	0.000000	0.000000
OTU_788_18S_022_3	ASV_144_16S_3_200	1	ENV_NO2	0.408700	0.155939	-0.252761	0.333666	3.000000	1.000000	0	0	1	1.000000	0.000000	0.000000
ASV_64_16S_022_3	ASV_152_16S_3_200	1	ENV_NO2	0.286821	0.073842	-0.212979	0.166833	3.000000	1.000000	0	0	1	1.000000	0.000000	0.000000
ASV_47_16S_022_3	ASV_157_16S_3_200	1	ENV_NO2	0.493244	0.279402	-0.213842	0.666334	3.000000	1.000000	0	0	1	1.000000	0.000000	0.000000
ASV_65_16S_022_3	ASV_157_16S_3_200	1	ENV_NO2	0.427738	0.192046	-0.235692	0.499500	2.000000	1.000000	0	1	0	1.000000	0.000000	0.000000
ASV_258_16S_022_3	ASV_157_16S_3_200	1	ENV_NO2	0.496452	0.007938	-0.488513	0.417582	3.000000	1.000000	0	0	1	1.000000	0.000000	0.000000
ASV_17_16S_022_3	ASV_166_16S_3_200	1	ENV_NO2	0.154589	0.000000	-0.154589	0.249750	1.000000	0.000000	1	0	0	1.000000	0.000000	0.000000
ASV_1146_16S_022_3	ASV_166_16S_3_200	1	ENV_NO2	0.555880	0.000000	-0.555880	0.416583	3.000000	1.000000	0	0	1	1.000000	0.000000	0.000000
OTU_1195_18S_022_3	ASV_176_16S_3_200	1	ENV_NO2	0.429122	0.072317	-0.356805	0.250749	3.000000	1.000000	0	0	1	1.000000	0.000000	0.000000
ASV_168_16S_022_3	ASV_180_16S_3_200	1	ENV_NO2	0.587002	0.029740	-0.557262	0.500500	3.000000	1.000000	0	0	1	1.000000	0.000000	0.000000
ASV_180_16S_022_3	ASV_180_16S_3_200	1	ENV_NO2	0.645336	0.052198	-0.593137	0.084915	3.000000	1.000000	0	0	1	1.000000	0.000000	0.000000
ASV_479_16S_022_3	ASV_192_16S_3_200	1	ENV_NO2	0.743365	0.868885	0.125520	nan	3.000000	1.000000	0	0	1	1.000000	0.000000	0.000000
ASV_585_16S_022_3	ASV_192_16S_3_200	1	ENV_NO2	0.866319	0.035304	-0.831015	0.250749	3.000000	1.000000	0	0	1	1.000000	0.000000	0.000000
ASV_215_16S_022_3	ASV_215_16S_3_200	1	ENV_NO2	0.397538	0.046984	-0.350554	0.833167	3.000000	1.000000	0	0	1	1.000000	0.000000	0.000000
ASV_325_16S_022_3	ASV_216_16S_3_200	1	ENV_NO2	0.630431	0.303237	-0.327194	0.083916	3.000000	1.000000	0	0	1	1.000000	0.000000	0.000000
ASV_1_16S_022_3	ASV_227_16S_3_200	1	ENV_NO2	0.333309	0.142234	-0.191075	0.084915	1.000000	0.000000	1	0	0	1.000000	0.000000	0.000000
ASV_415_16S_022_3	ASV_227_16S_3_200	1	ENV_NO2	0.761790	0.000000	-0.761790	0.417582	3.000000	1.000000	0	0	1	1.000000	0.000000	0.000000
ASV_715_16S_022_3	ASV_227_16S_3_200	1	ENV_NO2	0.757523	0.062670	-0.694853	0.167832	3.000000	1.000000	0	0	1	1.000000	0.000000	0.000000
ASV_161_16S_022_3	ASV_235_16S_3_200	1	ENV_NO2	0.844438	0.108445	-0.735993	0.750250	3.000000	1.000000	0	0	1	1.000000	0.000000	0.000000
ASV_345_16S_022_3	ASV_235_16S_3_200	1	ENV_NO2	0.676999	0.602364	-0.074635	0.917083	3.000000	1.000000	0	0	1	1.000000	0.000000	0.000000
ASV_237_16S_022_3	ASV_237_16S_3_200	1	ENV_NO2	0.486551	0.605959	0.119408	nan	3.000000	1.000000	0	0	1	1.000000	0.000000	0.000000
ASV_1092_16S_022_3	ASV_255_16S_3_200	1	ENV_NO2	0.415326	-0.128556	-0.543882	0.332667	3.000000	1.000000	0	0	1	1.000000	0.000000	0.000000
ASV_267_16S_022_3	ASV_267_16S_3_200	1	ENV_NO2	0.567616	0.201512	-0.366104	0.917083	3.000000	1.000000	0	0	1	1.000000	0.000000	0.000000
OTU_1014_18S_022_3	ASV_267_16S_3_200	1	ENV_NO2	0.480980	0.052198	-0.428782	0.583417	3.000000	1.000000	0	0	1	1.000000	0.000000	0.000000
ASV_739_16S_022_3	ASV_269_16S_3_200	1	ENV_NO2	0.630511	0.000000	-0.630511	0.417582	3.000000	1.000000	0	0	1	1.000000	0.000000	0.000000
ASV_321_16S_022_3	ASV_274_16S_3_200	1	ENV_NO2	0.874549	0.654201	-0.220348	0.417582	3.000000	1.000000	0	0	1	1.000000	0.000000	0.000000
ASV_283_16S_022_3	ASV_283_16S_3_200	1	ENV_NO2	0.458885	0.023317	-0.435568	0.167832	3.000000	1.000000	0	0	1	1.000000	0.000000	0.000000
ASV_658_16S_022_3	ASV_283_16S_3_200	1	ENV_NO2	0.435861	0.091551	-0.344310	0.416583	3.000000	1.000000	0	0	1	1.000000	0.000000	0.000000
ASV_140_16S_3_200	ASV_286_16S_3_200	1	ENV_NO2	0.590836	0.052198	-0.538637	0.500500	3.000000	1.000000	0	0	1	1.000000	0.000000	0.000000
ASV_102_16S_022_3	ASV_294_16S_3_200	1	ENV_NO2	0.401058	0.428874	0.027816	nan	1.000000	0.000000	1	0	0	1.000000	0.000000	0.000000
ASV_297_16S_022_3	ASV_297_16S_3_200	1	ENV_NO2	0.860565	0.560478	-0.300087	0.668332	3.000000	1.000000	0	0	1	1.000000	0.000000	0.000000
ASV_298_16S_022_3	ASV_298_16S_3_200	1	ENV_NO2	0.335454	0.189366	-0.146088	0.750250	3.000000	1.000000	0	0	1	1.000000	0.000000	0.000000
OTU_1834_18S_022_3	ASV_298_16S_3_200	1	ENV_NO2	0.285449	0.000000	-0.285449	0.584416	3.000000	1.000000	0	0	1	1.000000	0.000000	0.000000
ASV_585_16S_022_3	ASV_300_16S_3_200	1	ENV_NO2	0.682504	0.031256	-0.651249	0.083916	3.000000	1.000000	0	0	1	1.000000	0.000000	0.000000
ASV_248_16S_3_200	ASV_300_16S_3_200	1	ENV_NO2	0.688367	0.240208	-0.448159	0.250749	3.000000	1.000000	0	0	1	1.000000	0.000000	0.000000
ASV_67_16S_022_3	ASV_307_16S_3_200	1	ENV_NO2	0.551409	0.097974	-0.453435	0.333666	2.000000	1.000000	0	1	0	1.000000	0.000000	0.000000
ASV_307_16S_022_3	ASV_307_16S_3_200	1	ENV_NO2	0.445950	0.023317	-0.422632	0.332667	3.000000	1.000000	0	0	1	1.000000	0.000000	0.000000
ASV_134_16S_3_200	ASV_307_16S_3_200	1	ENV_NO2	0.801843	0.081080	-0.720763	0.166833	3.000000	1.000000	0	0	1	1.000000	0.000000	0.000000
ASV_486_16S_022_3	ASV_321_16S_3_200	1	ENV_NO2	0.654233	0.298830	-0.355404	0.500500	3.000000	1.000000	0	0	1	1.000000	0.000000	0.000000
ASV_137_16S_022_3	ASV_337_16S_3_200	1	ENV_NO2	0.471596	0.028881	-0.442715	0.500500	1.000000	0.000000	1	0	0	1.000000	0.000000	0.000000
ASV_312_16S_022_3	ASV_337_16S_3_200	1	ENV_NO2	0.556636	0.211983	-0.344652	0.833167	2.000000	1.000000	0	1	0	1.000000	0.000000	0.000000
ASV_479_16S_022_3	ASV_337_16S_3_200	1	ENV_NO2	0.731131	0.236474	-0.494657	0.500500	3.000000	1.000000	0	0	1	1.000000	0.000000	0.000000
ASV_976_16S_022_3	ASV_345_16S_3_200	1	ENV_NO2	0.643381	0.191040	-0.452341	0.250749	3.000000	1.000000	0	0	1	1.000000	0.000000	0.000000
OTU_1154_18S_022_3	ASV_345_16S_3_200	1	ENV_NO2	0.391395	0.408087	0.016692	nan	2.000000	1.000000	0	1	0	1.000000	0.000000	0.000000
ASV_216_16S_3_200	ASV_345_16S_3_200	1	ENV_NO2	0.653565	0.699635	0.046069	nan	3.000000	1.000000	0	0	1	1.000000	0.000000	0.000000
ASV_1050_16S_022_3	ASV_348_16S_3_200	1	ENV_NO2	0.466574	1.365825	0.899251	nan	3.000000	1.000000	0	0	1	1.000000	0.000000	0.000000
OTU_1961_18S_022_3	ASV_348_16S_3_200	1	ENV_NO2	0.619620	-0.047291	-0.666911	0.333666	3.000000	1.000000	0	0	1	1.000000	0.000000	0.000000
ASV_1687_16S_022_3	ASV_364_16S_3_200	1	ENV_NO2	0.358285	0.330741	-0.027543	0.334665	2.000000	1.000000	0	1	0	1.000000	0.000000	0.000000
ASV_216_16S_022_3	ASV_365_16S_3_200	1	ENV_NO2	0.773606	0.293266	-0.480340	0.751249	3.000000	1.000000	0	0	1	1.000000	0.000000	0.000000
ASV_345_16S_022_3	ASV_365_16S_3_200	1	ENV_NO2	0.828484	0.941858	0.113375	nan	3.000000	1.000000	0	0	1	1.000000	0.000000	0.000000
ASV_537_16S_022_3	ASV_365_16S_3_200	1	ENV_NO2	0.758438	1.088297	0.329858	nan	3.000000	1.000000	0	0	1	1.000000	0.000000	0.000000
ASV_746_16S_022_3	ASV_365_16S_3_200	1	ENV_NO2	0.567910	0.972255	0.404345	nan	3.000000	1.000000	0	0	1	1.000000	0.000000	0.000000
ASV_274_16S_3_200	ASV_365_16S_3_200	1	ENV_NO2	0.909923	0.353199	-0.556724	0.667333	3.000000	1.000000	0	0	1	1.000000	0.000000	0.000000
ASV_60_16S_022_3	ASV_379_16S_3_200	1	ENV_NO2	0.542557	0.062670	-0.479887	0.917083	3.000000	1.000000	0	0	1	1.000000	0.000000	0.000000
ASV_920_16S_022_3	ASV_390_16S_3_200	1	ENV_NO2	0.558342	0.071782	-0.486560	0.501499	3.000000	1.000000	0	0	1	1.000000	0.000000	0.000000
ASV_321_16S_022_3	ASV_400_16S_3_200	1	ENV_NO2	0.641201	0.151688	-0.489514	0.334665	2.000000	1.000000	0	1	0	1.000000	0.000000	0.000000
ASV_868_16S_022_3	ASV_400_16S_3_200	1	ENV_NO2	0.595803	0.938837	0.343034	nan	2.000000	1.000000	0	1	0	1.000000	0.000000	0.000000
ASV_284_16S_022_3	ASV_405_16S_3_200	1	ENV_NO2	0.910932	0.925481	0.014549	nan	3.000000	1.000000	0	0	1	1.000000	0.000000	0.000000
ASV_452_16S_022_3	ASV_405_16S_3_200	1	ENV_NO2	0.850669	0.903523	0.052855	nan	3.000000	1.000000	0	0	1	1.000000	0.000000	0.000000
ASV_390_16S_3_200	ASV_412_16S_3_200	1	ENV_NO2	0.670185	0.551180	-0.119004	0.666334	3.000000	1.000000	0	0	1	1.000000	0.000000	0.000000
ASV_337_16S_022_3	ASV_413_16S_3_200	1	ENV_NO2	0.436351	0.472975	0.036624	nan	3.000000	1.000000	0	0	1	1.000000	0.000000	0.000000
ASV_15_16S_022_3	ASV_414_16S_3_200	1	ENV_NO2	0.466822	0.163221	-0.303601	0.250749	3.000000	1.000000	0	0	1	1.000000	0.000000	0.000000
ASV_32_16S_022_3	ASV_414_16S_3_200	1	ENV_NO2	0.414580	0.261851	-0.152729	0.667333	2.000000	1.000000	0	1	0	1.000000	0.000000	0.000000
ASV_369_16S_022_3	ASV_431_16S_3_200	1	ENV_NO2	0.682344	0.304393	-0.377951	0.499500	3.000000	1.000000	0	0	1	1.000000	0.000000	0.000000
ASV_1379_16S_022_3	ASV_431_16S_3_200	1	ENV_NO2	0.404061	0.028881	-0.375180	0.250749	2.000000	1.000000	0	1	0	1.000000	0.000000	0.000000
ASV_400_16S_3_200	ASV_431_16S_3_200	1	ENV_NO2	0.691320	1.136088	0.444768	nan	2.000000	1.000000	0	1	0	1.000000	0.000000	0.000000
ASV_310_16S_022_3	ASV_437_16S_3_200	1	ENV_NO2	0.613468	0.000000	-0.613468	0.417582	3.000000	1.000000	0	0	1	1.000000	0.000000	0.000000
ASV_84_16S_022_3	ASV_448_16S_3_200	1	ENV_NO2	0.465453	0.527504	0.062051	nan	3.000000	1.000000	0	0	1	1.000000	0.000000	0.000000
ASV_78_16S_022_3	ASV_459_16S_3_200	1	ENV_NO2	0.336309	0.109961	-0.226348	0.250749	3.000000	1.000000	0	0	1	1.000000	0.000000	0.000000
ASV_370_16S_022_3	ASV_462_16S_3_200	1	ENV_NO2	0.764500	0.867902	0.103402	nan	3.000000	1.000000	0	0	1	1.000000	0.000000	0.000000
ASV_78_16S_022_3	ASV_464_16S_3_200	1	ENV_NO2	0.390525	0.109961	-0.280565	0.834166	3.000000	1.000000	0	0	1	1.000000	0.000000	0.000000
ASV_74_16S_022_3	ASV_467_16S_3_200	1	ENV_NO2	0.366848	0.119776	-0.247072	0.333666	1.000000	0.000000	1	0	0	1.000000	0.000000	0.000000
OTU_69_18S_022_3	ASV_467_16S_3_200	1	ENV_NO2	0.493105	0.316380	-0.176725	0.417582	3.000000	1.000000	0	0	1	1.000000	0.000000	0.000000
OTU_938_18S_022_3	ASV_473_16S_3_200	1	ENV_NO2	0.554875	0.000000	-0.554875	0.416583	3.000000	1.000000	0	0	1	1.000000	0.000000	0.000000
ASV_274_16S_3_200	ASV_473_16S_3_200	1	ENV_NO2	0.735721	0.214358	-0.521364	0.250749	3.000000	1.000000	0	0	1	1.000000	0.000000	0.000000
ASV_378_16S_022_3	ASV_483_16S_3_200	1	ENV_NO2	0.428789	0.144626	-0.284163	0.333666	3.000000	1.000000	0	0	1	1.000000	0.000000	0.000000
OTU_1561_18S_022_3	ASV_483_16S_3_200	1	ENV_NO2	0.417007	0.120432	-0.296575	0.749251	3.000000	1.000000	0	0	1	1.000000	0.000000	0.000000
OTU_432_18S_022_3	ASV_488_16S_3_200	1	ENV_NO2	0.398636	0.337164	-0.061472	0.750250	3.000000	1.000000	0	0	1	1.000000	0.000000	0.000000
ASV_765_16S_022_3	ASV_491_16S_3_200	1	ENV_NO2	0.655580	0.529879	-0.125701	0.750250	3.000000	1.000000	0	0	1	1.000000	0.000000	0.000000
ASV_364_16S_3_200	ASV_491_16S_3_200	1	ENV_NO2	0.489853	0.127714	-0.362138	0.833167	2.000000	1.000000	0	1	0	1.000000	0.000000	0.000000
OTU_1898_18S_022_3	ASV_501_16S_3_200	1	ENV_NO2	0.567243	0.035304	-0.531939	0.166833	3.000000	1.000000	0	0	1	1.000000	0.000000	0.000000
ASV_466_16S_022_3	ASV_515_16S_3_200	1	ENV_NO2	0.554214	0.694118	0.139904	nan	3.000000	1.000000	0	0	1	1.000000	0.000000	0.000000
ASV_515_16S_022_3	ASV_515_16S_3_200	1	ENV_NO2	0.682221	0.560478	-0.121743	0.667333	3.000000	1.000000	0	0	1	1.000000	0.000000	0.000000
OTU_790_18S_022_3	ASV_515_16S_3_200	1	ENV_NO2	0.687448	0.167067	-0.520381	0.834166	3.000000	1.000000	0	0	1	1.000000	0.000000	0.000000
ASV_1397_16S_022_3	ASV_523_16S_3_200	1	ENV_NO2	0.378113	0.035304	-0.342809	0.334665	3.000000	1.000000	0	0	1	1.000000	0.000000	0.000000
ASV_110_16S_022_3	ASV_537_16S_3_200	1	ENV_NO2	0.701606	0.492403	-0.209203	0.333666	3.000000	1.000000	0	0	1	1.000000	0.000000	0.000000
ASV_369_16S_022_3	ASV_537_16S_3_200	1	ENV_NO2	0.682767	0.183305	-0.499462	0.584416	3.000000	1.000000	0	0	1	1.000000	0.000000	0.000000
ASV_805_16S_022_3	ASV_537_16S_3_200	1	ENV_NO2	0.582530	0.704386	0.121856	nan	3.000000	1.000000	0	0	1	1.000000	0.000000	0.000000
ASV_88_16S_022_3	ASV_559_16S_3_200	1	ENV_NO2	0.645714	-0.159129	-0.804842	0.666334	3.000000	1.000000	0	0	1	1.000000	0.000000	0.000000
ASV_101_16S_022_3	ASV_559_16S_3_200	1	ENV_NO2	0.509481	0.139045	-0.370436	0.667333	3.000000	1.000000	0	0	1	1.000000	0.000000	0.000000
ASV_1382_16S_022_3	ASV_559_16S_3_200	1	ENV_NO2	0.589045	-0.062670	-0.651715	1.000000	3.000000	1.000000	0	0	1	1.000000	0.000000	0.000000
ASV_576_16S_022_3	ASV_576_16S_3_200	1	ENV_NO2	0.789639	0.154221	-0.635418	0.000999	3.000000	1.000000	0	0	1	1.000000	0.000000	0.000000
OTU_537_18S_022_3	ASV_576_16S_3_200	1	ENV_NO2	0.597818	0.028881	-0.568937	0.084915	3.000000	1.000000	0	0	1	1.000000	0.000000	0.000000
ASV_294_16S_3_200	ASV_576_16S_3_200	1	ENV_NO2	0.653909	0.108445	-0.545464	0.084915	3.000000	1.000000	0	0	1	1.000000	0.000000	0.000000
ASV_1254_16S_022_3	ASV_610_16S_3_200	1	ENV_NO2	0.425809	-0.016894	-0.442704	0.750250	3.000000	1.000000	0	0	1	1.000000	0.000000	0.000000
OTU_2680_18S_022_3	ASV_610_16S_3_200	1	ENV_NO2	0.541334	-0.016894	-0.558228	0.666334	3.000000	1.000000	0	0	1	1.000000	0.000000	0.000000
ASV_49_16S_022_3	ASV_624_16S_3_200	1	ENV_NO2	0.599698	0.077031	-0.522667	0.333666	3.000000	1.000000	0	0	1	1.000000	0.000000	0.000000
ASV_570_16S_022_3	ASV_624_16S_3_200	1	ENV_NO2	0.574887	0.190384	-0.384502	0.000999	3.000000	1.000000	0	0	1	1.000000	0.000000	0.000000
ASV_1584_16S_022_3	ASV_624_16S_3_200	1	ENV_NO2	0.504095	0.122807	-0.381289	0.584416	3.000000	1.000000	0	0	1	1.000000	0.000000	0.000000
ASV_320_16S_022_3	ASV_628_16S_3_200	1	ENV_NO2	0.630673	0.430231	-0.200443	0.584416	3.000000	1.000000	0	0	1	1.000000	0.000000	0.000000
ASV_235_16S_3_200	ASV_628_16S_3_200	1	ENV_NO2	0.723064	0.453050	-0.270014	0.834166	3.000000	1.000000	0	0	1	1.000000	0.000000	0.000000
ASV_58_16S_022_3	ASV_630_16S_3_200	1	ENV_NO2	0.115956	0.000000	-0.115956	0.583417	1.000000	0.000000	1	0	0	1.000000	0.000000	0.000000
ASV_1446_16S_022_3	ASV_630_16S_3_200	1	ENV_NO2	0.542094	0.000000	-0.542094	0.251748	3.000000	1.000000	0	0	1	1.000000	0.000000	0.000000
ASV_176_16S_3_200	ASV_630_16S_3_200	1	ENV_NO2	0.270908	0.028039	-0.242869	0.084915	2.000000	1.000000	0	1	0	1.000000	0.000000	0.000000
OTU_1154_18S_022_3	ASV_650_16S_3_200	1	ENV_NO2	0.358190	0.716538	0.358348	nan	3.000000	1.000000	0	0	1	1.000000	0.000000	0.000000
ASV_459_16S_3_200	ASV_650_16S_3_200	1	ENV_NO2	0.511933	0.076690	-0.435243	0.834166	3.000000	1.000000	0	0	1	1.000000	0.000000	0.000000
OTU_2135_18S_022_3	ASV_651_16S_3_200	1	ENV_NO2	0.484794	-0.031756	-0.516550	0.750250	3.000000	1.000000	0	0	1	1.000000	0.000000	0.000000
ASV_334_16S_022_3	ASV_662_16S_3_200	1	ENV_NO2	0.744280	0.116384	-0.627896	0.000999	3.000000	1.000000	0	0	1	1.000000	0.000000	0.000000
ASV_499_16S_022_3	ASV_662_16S_3_200	1	ENV_NO2	0.739521	0.134793	-0.604727	0.083916	3.000000	1.000000	0	0	1	1.000000	0.000000	0.000000
ASV_390_16S_3_200	ASV_662_16S_3_200	1	ENV_NO2	0.809810	0.067733	-0.742076	0.167832	3.000000	1.000000	0	0	1	1.000000	0.000000	0.000000
ASV_624_16S_3_200	ASV_662_16S_3_200	1	ENV_NO2	0.716510	0.272120	-0.444390	0.083916	3.000000	1.000000	0	0	1	1.000000	0.000000	0.000000
ASV_357_16S_022_3	ASV_663_16S_3_200	1	ENV_NO2	0.590836	0.070608	-0.520227	0.083916	3.000000	1.000000	0	0	1	1.000000	0.000000	0.000000
ASV_40_16S_3_200	ASV_663_16S_3_200	1	ENV_NO2	0.437213	0.085802	-0.351411	0.333666	3.000000	1.000000	0	0	1	1.000000	0.000000	0.000000
ASV_459_16S_3_200	ASV_663_16S_3_200	1	ENV_NO2	0.555537	0.143749	-0.411787	0.417582	3.000000	1.000000	0	0	1	1.000000	0.000000	0.000000
ASV_630_16S_3_200	ASV_663_16S_3_200	1	ENV_NO2	0.497113	0.104397	-0.392716	0.250749	3.000000	1.000000	0	0	1	1.000000	0.000000	0.000000
ASV_102_16S_022_3	ASV_673_16S_3_200	1	ENV_NO2	0.554875	0.046635	-0.508241	0.584416	2.000000	1.000000	0	1	0	1.000000	0.000000	0.000000
ASV_664_16S_022_3	ASV_673_16S_3_200	1	ENV_NO2	0.444736	-0.062670	-0.507406	0.750250	3.000000	1.000000	0	0	1	1.000000	0.000000	0.000000
ASV_673_16S_022_3	ASV_673_16S_3_200	1	ENV_NO2	0.492737	0.133278	-0.359459	0.917083	2.000000	1.000000	0	1	0	1.000000	0.000000	0.000000
OTU_4302_18S_022_3	ASV_673_16S_3_200	1	ENV_NO2	0.439968	-0.028881	-0.468849	0.500500	3.000000	1.000000	0	0	1	1.000000	0.000000	0.000000
ASV_449_16S_022_3	ASV_687_16S_3_200	1	ENV_NO2	0.256497	0.124330	-0.132167	0.333666	2.000000	1.000000	0	1	0	1.000000	0.000000	0.000000
ASV_2185_16S_022_3	ASV_687_16S_3_200	1	ENV_NO2	0.279048	0.000000	-0.279048	0.585415	2.000000	1.000000	0	1	0	1.000000	0.000000	0.000000
OTU_1940_18S_022_3	ASV_687_16S_3_200	1	ENV_NO2	0.303303	0.000000	-0.303303	0.417582	3.000000	1.000000	0	0	1	1.000000	0.000000	0.000000
ASV_431_16S_3_200	ASV_691_16S_3_200	1	ENV_NO2	0.364410	0.236816	-0.127594	0.333666	2.000000	1.000000	0	1	0	1.000000	0.000000	0.000000
ASV_705_16S_022_3	ASV_705_16S_3_200	1	ENV_NO2	0.428125	0.081080	-0.347046	0.500500	3.000000	1.000000	0	0	1	1.000000	0.000000	0.000000
ASV_755_16S_022_3	ASV_705_16S_3_200	1	ENV_NO2	0.430578	0.000000	-0.430578	0.500500	3.000000	1.000000	0	0	1	1.000000	0.000000	0.000000
ASV_1149_16S_022_3	ASV_705_16S_3_200	1	ENV_NO2	0.406323	0.000000	-0.406323	0.917083	3.000000	1.000000	0	0	1	1.000000	0.000000	0.000000
OTU_1828_18S_022_3	ASV_705_16S_3_200	1	ENV_NO2	0.372816	0.000000	-0.372816	0.917083	3.000000	1.000000	0	0	1	1.000000	0.000000	0.000000
ASV_971_16S_022_3	ASV_706_16S_3_200	1	ENV_NO2	0.554214	0.052198	-0.502015	0.334665	3.000000	1.000000	0	0	1	1.000000	0.000000	0.000000
OTU_1263_18S_022_3	ASV_706_16S_3_200	1	ENV_NO2	0.499719	0.052198	-0.447520	0.417582	3.000000	1.000000	0	0	1	1.000000	0.000000	0.000000
ASV_145_16S_022_3	ASV_723_16S_3_200	1	ENV_NO2	0.654109	1.015497	0.361388	nan	3.000000	1.000000	0	0	1	1.000000	0.000000	0.000000
ASV_847_16S_022_3	ASV_723_16S_3_200	1	ENV_NO2	0.725830	1.015497	0.289667	nan	3.000000	1.000000	0	0	1	1.000000	0.000000	0.000000
ASV_889_16S_022_3	ASV_723_16S_3_200	1	ENV_NO2	0.493105	0.355733	-0.137372	0.167832	3.000000	1.000000	0	0	1	1.000000	0.000000	0.000000
OTU_318_18S_022_3	ASV_723_16S_3_200	1	ENV_NO2	0.573678	0.952827	0.379149	nan	3.000000	1.000000	0	0	1	1.000000	0.000000	0.000000
OTU_393_18S_022_3	ASV_723_16S_3_200	1	ENV_NO2	0.754609	0.131763	-0.622846	0.251748	3.000000	1.000000	0	0	1	1.000000	0.000000	0.000000
OTU_1024_18S_022_3	ASV_755_16S_3_200	1	ENV_NO2	0.378099	0.000000	-0.378099	0.750250	3.000000	1.000000	0	0	1	1.000000	0.000000	0.000000
OTU_1893_18S_022_3	ASV_755_16S_3_200	1	ENV_NO2	0.483572	0.000000	-0.483572	0.917083	3.000000	1.000000	0	0	1	1.000000	0.000000	0.000000
ASV_379_16S_3_200	ASV_755_16S_3_200	1	ENV_NO2	0.599096	0.000000	-0.599096	0.583417	3.000000	1.000000	0	0	1	1.000000	0.000000	0.000000
ASV_75_16S_022_3	ASV_777_16S_3_200	1	ENV_NO2	0.458233	-0.039353	-0.497585	0.166833	2.000000	1.000000	0	1	0	1.000000	0.000000	0.000000
ASV_579_16S_022_3	ASV_777_16S_3_200	1	ENV_NO2	0.542557	0.006423	-0.536134	0.417582	3.000000	1.000000	0	0	1	1.000000	0.000000	0.000000
ASV_286_16S_3_200	ASV_777_16S_3_200	1	ENV_NO2	0.509481	0.081080	-0.428401	0.584416	3.000000	1.000000	0	0	1	1.000000	0.000000	0.000000
ASV_472_16S_022_3	ASV_784_16S_3_200	1	ENV_NO2	0.383349	0.526848	0.143499	nan	1.000000	0.000000	1	0	0	1.000000	0.000000	0.000000
OTU_790_18S_022_3	ASV_784_16S_3_200	1	ENV_NO2	0.562608	0.075516	-0.487093	0.417582	3.000000	1.000000	0	0	1	1.000000	0.000000	0.000000
ASV_345_16S_3_200	ASV_787_16S_3_200	1	ENV_NO2	0.548062	0.045776	-0.502287	0.500500	3.000000	1.000000	0	0	1	1.000000	0.000000	0.000000
ASV_473_16S_3_200	ASV_787_16S_3_200	1	ENV_NO2	0.483616	0.143749	-0.339867	0.333666	3.000000	1.000000	0	0	1	1.000000	0.000000	0.000000
ASV_297_16S_022_3	ASV_808_16S_3_200	1	ENV_NO2	0.590836	0.566042	-0.024794	0.834166	3.000000	1.000000	0	0	1	1.000000	0.000000	0.000000
ASV_542_16S_3_200	ASV_808_16S_3_200	1	ENV_NO2	0.525813	0.138186	-0.387627	0.834166	3.000000	1.000000	0	0	1	1.000000	0.000000	0.000000
ASV_884_16S_022_3	ASV_812_16S_3_200	1	ENV_NO2	0.735144	1.507900	0.772756	nan	3.000000	1.000000	0	0	1	1.000000	0.000000	0.000000
ASV_886_16S_022_3	ASV_858_16S_3_200	1	ENV_NO2	0.487679	0.195948	-0.291731	0.000999	3.000000	1.000000	0	0	1	1.000000	0.000000	0.000000
ASV_1589_16S_022_3	ASV_863_16S_3_200	1	ENV_NO2	0.461770	0.000000	-0.461770	0.250749	3.000000	1.000000	0	0	1	1.000000	0.000000	0.000000
ASV_2127_16S_022_3	ASV_863_16S_3_200	1	ENV_NO2	0.425809	0.028881	-0.396928	0.084915	2.000000	1.000000	0	1	0	1.000000	0.000000	0.000000
ASV_297_16S_022_3	ASV_884_16S_3_200	1	ENV_NO2	0.518254	0.274494	-0.243759	0.250749	3.000000	1.000000	0	0	1	1.000000	0.000000	0.000000
ASV_566_16S_022_3	ASV_884_16S_3_200	1	ENV_NO2	0.691540	0.256085	-0.435456	0.584416	3.000000	1.000000	0	0	1	1.000000	0.000000	0.000000
OTU_624_18S_022_3	ASV_884_16S_3_200	1	ENV_NO2	0.399014	0.308283	-0.090731	0.500500	3.000000	1.000000	0	0	1	1.000000	0.000000	0.000000
ASV_112_16S_022_3	ASV_888_16S_3_200	1	ENV_NO2	0.519532	1.242203	0.722671	nan	3.000000	1.000000	0	0	1	1.000000	0.000000	0.000000
ASV_1254_16S_022_3	ASV_888_16S_3_200	1	ENV_NO2	0.673006	0.184617	-0.488388	0.333666	3.000000	1.000000	0	0	1	1.000000	0.000000	0.000000
ASV_1415_16S_022_3	ASV_888_16S_3_200	1	ENV_NO2	0.519532	-0.000000	-0.519532	0.667333	3.000000	1.000000	0	0	1	1.000000	0.000000	0.000000
ASV_152_16S_3_200	ASV_903_16S_3_200	1	ENV_NO2	0.257908	0.109961	-0.147947	0.833167	2.000000	1.000000	0	1	0	1.000000	0.000000	0.000000
ASV_675_16S_022_3	ASV_905_16S_3_200	1	ENV_NO2	0.589045	-0.052198	-0.641243	0.250749	3.000000	1.000000	0	0	1	1.000000	0.000000	0.000000
ASV_1223_16S_022_3	ASV_905_16S_3_200	1	ENV_NO2	0.519532	0.028881	-0.490651	0.251748	3.000000	1.000000	0	0	1	1.000000	0.000000	0.000000
ASV_2023_16S_022_3	ASV_905_16S_3_200	1	ENV_NO2	0.408776	0.091551	-0.317225	0.167832	3.000000	1.000000	0	0	1	1.000000	0.000000	0.000000
ASV_95_16S_022_3	ASV_904_16S_3_200	1	ENV_NO2	0.272728	0.052198	-0.220530	0.167832	2.000000	1.000000	0	1	0	1.000000	0.000000	0.000000
ASV_135_16S_022_3	ASV_904_16S_3_200	1	ENV_NO2	0.251022	-0.022458	-0.273480	0.249750	2.000000	1.000000	0	1	0	1.000000	0.000000	0.000000
OTU_662_18S_022_3	ASV_904_16S_3_200	1	ENV_NO2	0.264890	0.081080	-0.183810	0.584416	3.000000	1.000000	0	0	1	1.000000	0.000000	0.000000
OTU_2160_18S_022_3	ASV_904_16S_3_200	1	ENV_NO2	0.379321	0.052198	-0.327123	0.417582	3.000000	1.000000	0	0	1	1.000000	0.000000	0.000000
ASV_128_16S_022_3	ASV_910_16S_3_200	1	ENV_NO2	0.492359	0.300345	-0.192014	0.417582	2.000000	1.000000	0	1	0	1.000000	0.000000	0.000000
ASV_81_16S_022_3	ASV_912_16S_3_200	1	ENV_NO2	0.397259	0.317913	-0.079346	0.333666	2.000000	1.000000	0	1	0	1.000000	0.000000	0.000000
OTU_313_18S_022_3	ASV_912_16S_3_200	1	ENV_NO2	0.483711	0.415028	-0.068683	0.584416	3.000000	1.000000	0	0	1	1.000000	0.000000	0.000000
ASV_377_16S_022_3	ASV_932_16S_3_200	1	ENV_NO2	0.353903	0.376517	0.022614	nan	3.000000	1.000000	0	0	1	1.000000	0.000000	0.000000
ASV_688_16S_022_3	ASV_932_16S_3_200	1	ENV_NO2	0.495322	0.549804	0.054481	nan	3.000000	1.000000	0	0	1	1.000000	0.000000	0.000000
ASV_932_16S_022_3	ASV_932_16S_3_200	1	ENV_NO2	0.646807	0.012846	-0.633961	0.667333	3.000000	1.000000	0	0	1	1.000000	0.000000	0.000000
ASV_1643_16S_022_3	ASV_932_16S_3_200	1	ENV_NO2	0.310299	-0.109961	-0.420260	0.667333	2.000000	1.000000	0	1	0	1.000000	0.000000	0.000000
ASV_1734_16S_022_3	ASV_949_16S_3_200	1	ENV_NO2	0.519532	0.000000	-0.519532	0.667333	3.000000	1.000000	0	0	1	1.000000	0.000000	0.000000
OTU_1762_18S_022_3	ASV_949_16S_3_200	1	ENV_NO2	0.541334	0.000000	-0.541334	0.583417	3.000000	1.000000	0	0	1	1.000000	0.000000	0.000000
ASV_1587_16S_022_3	ASV_972_16S_3_200	1	ENV_NO2	0.434974	-0.069093	-0.504067	0.666334	3.000000	1.000000	0	0	1	1.000000	0.000000	0.000000
ASV_1446_16S_022_3	ASV_1029_16S_3_200	1	ENV_NO2	0.472591	0.632760	0.160170	nan	3.000000	1.000000	0	0	1	1.000000	0.000000	0.000000
ASV_213_16S_022_3	ASV_1067_16S_3_200	1	ENV_NO2	0.439968	0.024833	-0.415135	0.000999	3.000000	1.000000	0	0	1	1.000000	0.000000	0.000000
ASV_1147_16S_022_3	ASV_1067_16S_3_200	1	ENV_NO2	0.567243	-0.016894	-0.584137	0.833167	3.000000	1.000000	0	0	1	1.000000	0.000000	0.000000
ASV_1693_16S_022_3	ASV_1071_16S_3_200	1	ENV_NO2	0.439968	-0.028881	-0.468849	0.667333	3.000000	1.000000	0	0	1	1.000000	0.000000	0.000000
OTU_2439_18S_022_3	ASV_1071_16S_3_200	1	ENV_NO2	0.519532	0.000000	-0.519532	0.500500	3.000000	1.000000	0	0	1	1.000000	0.000000	0.000000
ASV_157_16S_3_200	ASV_1071_16S_3_200	1	ENV_NO2	0.404007	0.024833	-0.379175	0.166833	3.000000	1.000000	0	0	1	1.000000	0.000000	0.000000
ASV_1569_16S_022_3	ASV_1076_16S_3_200	1	ENV_NO2	0.521848	0.079564	-0.442284	0.667333	3.000000	1.000000	0	0	1	1.000000	0.000000	0.000000
ASV_96_16S_3_200	ASV_1076_16S_3_200	1	ENV_NO2	0.601412	-0.062670	-0.664082	0.250749	3.000000	1.000000	0	0	1	1.000000	0.000000	0.000000
ASV_1055_16S_022_3	ASV_1107_16S_3_200	1	ENV_NO2	0.625005	0.091551	-0.533454	0.251748	3.000000	1.000000	0	0	1	1.000000	0.000000	0.000000
ASV_1394_16S_022_3	ASV_1107_16S_3_200	1	ENV_NO2	0.603203	0.028881	-0.574322	0.084915	3.000000	1.000000	0	0	1	1.000000	0.000000	0.000000
ASV_1560_16S_022_3	ASV_1107_16S_3_200	1	ENV_NO2	0.590836	0.120432	-0.470403	0.167832	3.000000	1.000000	0	0	1	1.000000	0.000000	0.000000
ASV_2181_16S_022_3	ASV_1107_16S_3_200	1	ENV_NO2	0.487679	0.000000	-0.487679	0.083916	3.000000	1.000000	0	0	1	1.000000	0.000000	0.000000
ASV_389_16S_022_3	ASV_1117_16S_3_200	1	ENV_NO2	0.735144	0.000000	-0.735144	0.250749	3.000000	1.000000	0	0	1	1.000000	0.000000	0.000000
ASV_803_16S_022_3	ASV_1117_16S_3_200	1	ENV_NO2	0.731877	0.000000	-0.731877	0.333666	3.000000	1.000000	0	0	1	1.000000	0.000000	0.000000
ASV_1676_16S_022_3	ASV_1117_16S_3_200	1	ENV_NO2	0.648598	0.000000	-0.648598	0.416583	3.000000	1.000000	0	0	1	1.000000	0.000000	0.000000
ASV_13_16S_022_3	ASV_1124_16S_3_200	1	ENV_NO2	0.403306	0.011534	-0.391773	0.083916	2.000000	1.000000	0	1	0	1.000000	0.000000	0.000000
ASV_297_16S_3_200	ASV_1124_16S_3_200	1	ENV_NO2	0.447840	0.110164	-0.337676	0.167832	3.000000	1.000000	0	0	1	1.000000	0.000000	0.000000
ASV_513_16S_022_3	ASV_1137_16S_3_200	1	ENV_NO2	0.391395	0.000000	-0.391395	0.083916	2.000000	1.000000	0	1	0	1.000000	0.000000	0.000000
ASV_173_16S_022_3	ASV_1138_16S_3_200	1	ENV_NO2	0.541438	1.098454	0.557016	nan	3.000000	1.000000	0	0	1	1.000000	0.000000	0.000000
ASV_673_16S_022_3	ASV_1138_16S_3_200	1	ENV_NO2	0.615243	0.069093	-0.546151	0.834166	3.000000	1.000000	0	0	1	1.000000	0.000000	0.000000
OTU_100_18S_022_3	ASV_1138_16S_3_200	1	ENV_NO2	0.579283	1.362229	0.782946	nan	3.000000	1.000000	0	0	1	1.000000	0.000000	0.000000
OTU_940_18S_022_3	ASV_1138_16S_3_200	1	ENV_NO2	0.346245	-0.086643	-0.432889	0.250749	2.000000	1.000000	0	1	0	1.000000	0.000000	0.000000
OTU_1509_18S_022_3	ASV_1193_16S_3_200	1	ENV_NO2	0.493623	0.052198	-0.441425	0.500500	3.000000	1.000000	0	0	1	1.000000	0.000000	0.000000
ASV_1203_16S_022_3	ASV_1203_16S_3_200	1	ENV_NO2	0.546102	1.264661	0.718559	nan	3.000000	1.000000	0	0	1	1.000000	0.000000	0.000000
ASV_2653_16S_022_3	ASV_1203_16S_3_200	1	ENV_NO2	0.656858	-0.086643	-0.743502	0.333666	3.000000	1.000000	0	0	1	1.000000	0.000000	0.000000
ASV_815_16S_022_3	ASV_1215_16S_3_200	1	ENV_NO2	0.636698	0.035304	-0.601394	0.250749	3.000000	1.000000	0	0	1	1.000000	0.000000	0.000000
OTU_105_18S_022_3	ASV_1215_16S_3_200	1	ENV_NO2	0.744747	0.114868	-0.629879	0.250749	3.000000	1.000000	0	0	1	1.000000	0.000000	0.000000
OTU_729_18S_022_3	ASV_1215_16S_3_200	1	ENV_NO2	0.722945	0.007597	-0.715349	0.083916	3.000000	1.000000	0	0	1	1.000000	0.000000	0.000000
ASV_817_16S_022_3	ASV_1220_16S_3_200	1	ENV_NO2	0.666565	-0.111662	-0.778227	0.332667	3.000000	1.000000	0	0	1	1.000000	0.000000	0.000000
ASV_321_16S_3_200	ASV_1220_16S_3_200	1	ENV_NO2	0.680302	0.432578	-0.247723	0.750250	3.000000	1.000000	0	0	1	1.000000	0.000000	0.000000
ASV_1227_16S_022_3	ASV_1227_16S_3_200	1	ENV_NO2	0.317659	0.028881	-0.288778	0.584416	2.000000	1.000000	0	1	0	1.000000	0.000000	0.000000
ASV_104_16S_022_3	ASV_1226_16S_3_200	1	ENV_NO2	0.325418	0.109961	-0.215457	0.334665	2.000000	1.000000	0	1	0	1.000000	0.000000	0.000000
ASV_295_16S_022_3	ASV_1251_16S_3_200	1	ENV_NO2	0.431045	0.116042	-0.315003	0.917083	3.000000	1.000000	0	0	1	1.000000	0.000000	0.000000
ASV_1407_16S_022_3	ASV_1251_16S_3_200	1	ENV_NO2	0.728162	0.137327	-0.590836	0.583417	3.000000	1.000000	0	0	1	1.000000	0.000000	0.000000
OTU_646_18S_022_3	ASV_1251_16S_3_200	1	ENV_NO2	0.567243	0.091551	-0.475692	0.417582	3.000000	1.000000	0	0	1	1.000000	0.000000	0.000000
ASV_390_16S_3_200	ASV_1251_16S_3_200	1	ENV_NO2	0.712134	-0.021284	-0.733418	0.583417	3.000000	1.000000	0	0	1	1.000000	0.000000	0.000000
ASV_134_16S_022_3	ASV_1250_16S_3_200	1	ENV_NO2	0.636652	0.137327	-0.499326	0.500500	3.000000	1.000000	0	0	1	1.000000	0.000000	0.000000
ASV_800_16S_022_3	ASV_1250_16S_3_200	1	ENV_NO2	0.593048	0.154221	-0.438827	0.667333	3.000000	1.000000	0	0	1	1.000000	0.000000	0.000000
ASV_1212_16S_022_3	ASV_1250_16S_3_200	1	ENV_NO2	0.649428	0.000000	-0.649428	0.417582	3.000000	1.000000	0	0	1	1.000000	0.000000	0.000000
OTU_1959_18S_022_3	ASV_1254_16S_3_200	1	ENV_NO2	0.298534	-0.091551	-0.390085	0.583417	3.000000	1.000000	0	0	1	1.000000	0.000000	0.000000
ASV_610_16S_3_200	ASV_1254_16S_3_200	1	ENV_NO2	0.483572	-0.079564	-0.563136	0.583417	3.000000	1.000000	0	0	1	1.000000	0.000000	0.000000
ASV_1523_16S_022_3	ASV_1275_16S_3_200	1	ENV_NO2	0.429916	-0.154221	-0.584137	0.666334	3.000000	1.000000	0	0	1	1.000000	0.000000	0.000000
OTU_2878_18S_022_3	ASV_1275_16S_3_200	1	ENV_NO2	0.404007	-0.008956	-0.412964	0.167832	3.000000	1.000000	0	0	1	1.000000	0.000000	0.000000
ASV_658_16S_022_3	ASV_1283_16S_3_200	1	ENV_NO2	0.435861	0.062670	-0.373191	0.666334	3.000000	1.000000	0	0	1	1.000000	0.000000	0.000000
ASV_814_16S_022_3	ASV_1283_16S_3_200	1	ENV_NO2	0.439968	-0.000656	-0.440624	0.166833	3.000000	1.000000	0	0	1	1.000000	0.000000	0.000000
ASV_1380_16S_022_3	ASV_1287_16S_3_200	1	ENV_NO2	0.576677	-0.045776	-0.622453	0.333666	3.000000	1.000000	0	0	1	1.000000	0.000000	0.000000
ASV_402_16S_022_3	ASV_1300_16S_3_200	1	ENV_NO2	0.318481	0.052198	-0.266282	0.250749	2.000000	1.000000	0	1	0	1.000000	0.000000	0.000000
OTU_506_18S_022_3	ASV_1321_16S_3_200	1	ENV_NO2	0.389232	0.052198	-0.337034	0.667333	3.000000	1.000000	0	0	1	1.000000	0.000000	0.000000
ASV_643_16S_022_3	ASV_1375_16S_3_200	1	ENV_NO2	0.444736	0.000000	-0.444736	1.000000	3.000000	1.000000	0	0	1	1.000000	0.000000	0.000000
OTU_182_18S_022_3	ASV_1375_16S_3_200	1	ENV_NO2	0.429916	0.000000	-0.429916	0.583417	3.000000	1.000000	0	0	1	1.000000	0.000000	0.000000
OTU_1893_18S_022_3	ASV_1375_16S_3_200	1	ENV_NO2	0.461770	0.000000	-0.461770	1.000000	3.000000	1.000000	0	0	1	1.000000	0.000000	0.000000
ASV_1999_16S_022_3	ASV_1400_16S_3_200	1	ENV_NO2	0.541334	0.000000	-0.541334	0.166833	3.000000	1.000000	0	0	1	1.000000	0.000000	0.000000
OTU_307_18S_022_3	ASV_1400_16S_3_200	1	ENV_NO2	0.322035	0.024491	-0.297544	0.584416	2.000000	1.000000	0	1	0	1.000000	0.000000	0.000000
ASV_820_16S_022_3	ASV_1439_16S_3_200	1	ENV_NO2	0.905164	0.028881	-0.876283	0.417582	3.000000	1.000000	0	0	1	1.000000	0.000000	0.000000
ASV_1491_16S_022_3	ASV_1439_16S_3_200	1	ENV_NO2	0.480697	0.045776	-0.434921	0.251748	2.000000	1.000000	0	1	0	1.000000	0.000000	0.000000
ASV_823_16S_022_3	ASV_1457_16S_3_200	1	ENV_NO2	0.682767	0.166208	-0.516560	0.417582	3.000000	1.000000	0	0	1	1.000000	0.000000	0.000000
ASV_978_16S_022_3	ASV_1457_16S_3_200	1	ENV_NO2	0.684558	0.166208	-0.518350	0.500500	3.000000	1.000000	0	0	1	1.000000	0.000000	0.000000
ASV_1894_16S_022_3	ASV_1457_16S_3_200	1	ENV_NO2	0.764122	0.166208	-0.597915	0.417582	3.000000	1.000000	0	0	1	1.000000	0.000000	0.000000
ASV_13_16S_022_3	ASV_1480_16S_3_200	1	ENV_NO2	0.457970	0.023317	-0.434653	0.083916	2.000000	1.000000	0	1	0	1.000000	0.000000	0.000000
ASV_530_16S_022_3	ASV_1480_16S_3_200	1	ENV_NO2	0.299757	0.081080	-0.218677	0.166833	2.000000	1.000000	0	1	0	1.000000	0.000000	0.000000
ASV_699_16S_022_3	ASV_1512_16S_3_200	1	ENV_NO2	0.502498	0.028881	-0.473617	0.000999	2.000000	1.000000	0	1	0	1.000000	0.000000	0.000000
ASV_1707_16S_022_3	ASV_1512_16S_3_200	1	ENV_NO2	0.464086	0.028881	-0.435205	0.000999	2.000000	1.000000	0	1	0	1.000000	0.000000	0.000000
ASV_1716_16S_022_3	ASV_1512_16S_3_200	1	ENV_NO2	0.442284	0.028881	-0.413403	0.000999	2.000000	1.000000	0	1	0	1.000000	0.000000	0.000000
ASV_1747_16S_022_3	ASV_1512_16S_3_200	1	ENV_NO2	0.358613	0.028881	-0.329731	0.000999	2.000000	1.000000	0	1	0	1.000000	0.000000	0.000000
ASV_863_16S_3_200	ASV_1512_16S_3_200	1	ENV_NO2	0.519532	0.028881	-0.490651	0.084915	2.000000	1.000000	0	1	0	1.000000	0.000000	0.000000
ASV_27_16S_022_3	ASV_1537_16S_3_200	1	ENV_NO2	0.330098	0.030914	-0.299184	0.167832	2.000000	1.000000	0	1	0	1.000000	0.000000	0.000000
ASV_1648_16S_022_3	ASV_1564_16S_3_200	1	ENV_NO2	0.625005	0.120432	-0.504573	0.334665	3.000000	1.000000	0	0	1	1.000000	0.000000	0.000000
ASV_2155_16S_022_3	ASV_1564_16S_3_200	1	ENV_NO2	0.541334	0.028881	-0.512453	0.084915	3.000000	1.000000	0	0	1	1.000000	0.000000	0.000000
ASV_706_16S_3_200	ASV_1564_16S_3_200	1	ENV_NO2	0.567243	0.016894	-0.550348	0.250749	3.000000	1.000000	0	0	1	1.000000	0.000000	0.000000
ASV_905_16S_3_200	ASV_1564_16S_3_200	1	ENV_NO2	0.485888	0.028881	-0.457007	0.084915	3.000000	1.000000	0	0	1	1.000000	0.000000	0.000000
ASV_1420_16S_022_3	ASV_1591_16S_3_200	1	ENV_NO2	0.299011	0.023317	-0.275694	0.000999	3.000000	1.000000	0	0	1	1.000000	0.000000	0.000000
OTU_984_18S_022_3	ASV_1591_16S_3_200	1	ENV_NO2	0.541334	0.052198	-0.489135	0.584416	3.000000	1.000000	0	0	1	1.000000	0.000000	0.000000
OTU_1102_18S_022_3	ASV_1591_16S_3_200	1	ENV_NO2	0.577294	0.104397	-0.472897	0.000999	3.000000	1.000000	0	0	1	1.000000	0.000000	0.000000
ASV_237_16S_3_200	ASV_1591_16S_3_200	1	ENV_NO2	0.519532	0.000859	-0.518673	0.000999	3.000000	1.000000	0	0	1	1.000000	0.000000	0.000000
ASV_396_16S_022_3	ASV_1675_16S_3_200	1	ENV_NO2	0.680302	0.114868	-0.565433	0.416583	3.000000	1.000000	0	0	1	1.000000	0.000000	0.000000
ASV_1094_16S_022_3	ASV_1675_16S_3_200	1	ENV_NO2	0.680302	0.040212	-0.640090	0.000999	3.000000	1.000000	0	0	1	1.000000	0.000000	0.000000
ASV_1127_16S_022_3	ASV_1715_16S_3_200	1	ENV_NO2	0.368047	0.917523	0.549476	nan	3.000000	1.000000	0	0	1	1.000000	0.000000	0.000000
ASV_307_16S_3_200	ASV_1821_16S_3_200	1	ENV_NO2	0.604332	0.081080	-0.523253	0.750250	3.000000	1.000000	0	0	1	1.000000	0.000000	0.000000
ASV_1480_16S_3_200	ASV_1821_16S_3_200	1	ENV_NO2	0.620366	0.081080	-0.539286	0.500500	3.000000	1.000000	0	0	1	1.000000	0.000000	0.000000
OTU_2167_18S_022_3	ASV_1870_16S_3_200	1	ENV_NO2	0.521848	0.091551	-0.430297	0.917083	3.000000	1.000000	0	0	1	1.000000	0.000000	0.000000
ASV_468_16S_022_3	ASV_1879_16S_3_200	1	ENV_NO2	0.807726	0.000000	-0.807726	0.083916	3.000000	1.000000	0	0	1	1.000000	0.000000	0.000000
ASV_1071_16S_022_3	ASV_1879_16S_3_200	1	ENV_NO2	0.541334	0.000000	-0.541334	0.500500	3.000000	1.000000	0	0	1	1.000000	0.000000	0.000000
ASV_1584_16S_022_3	ASV_1879_16S_3_200	1	ENV_NO2	0.536341	-0.033789	-0.570130	0.166833	3.000000	1.000000	0	0	1	1.000000	0.000000	0.000000
ASV_414_16S_3_200	ASV_1879_16S_3_200	1	ENV_NO2	0.533073	-0.005564	-0.538637	0.500500	3.000000	1.000000	0	0	1	1.000000	0.000000	0.000000
ASV_1087_16S_022_3	ASV_1963_16S_3_200	1	ENV_NO2	0.625005	-0.052198	-0.677203	0.500500	3.000000	1.000000	0	0	1	1.000000	0.000000	0.000000
ASV_1289_16S_022_3	ASV_1963_16S_3_200	1	ENV_NO2	0.569695	1.151149	0.581454	nan	3.000000	1.000000	0	0	1	1.000000	0.000000	0.000000
ASV_1366_16S_022_3	ASV_1963_16S_3_200	1	ENV_NO2	0.605655	-0.052198	-0.657854	0.417582	3.000000	1.000000	0	0	1	1.000000	0.000000	0.000000
ASV_1508_16S_022_3	ASV_1963_16S_3_200	1	ENV_NO2	0.466538	-0.052198	-0.518737	0.417582	3.000000	1.000000	0	0	1	1.000000	0.000000	0.000000
ASV_1858_16S_022_3	ASV_2004_16S_3_200	1	ENV_NO2	0.497730	0.028881	-0.468849	0.000999	3.000000	1.000000	0	0	1	1.000000	0.000000	0.000000
ASV_1212_16S_022_3	ASV_2007_16S_3_200	1	ENV_NO2	0.382205	0.000000	-0.382205	0.500500	2.000000	1.000000	0	1	0	1.000000	0.000000	0.000000
OTU_6834_18S_022_3	ASV_2032_16S_3_200	1	ENV_NO2	0.439968	0.000000	-0.439968	0.750250	3.000000	1.000000	0	0	1	1.000000	0.000000	0.000000
ASV_51_16S_022_3	ASV_2134_16S_3_200	1	ENV_NO2	0.393942	0.033789	-0.360153	0.167832	2.000000	1.000000	0	1	0	1.000000	0.000000	0.000000
ASV_1059_16S_022_3	ASV_2134_16S_3_200	1	ENV_NO2	0.599096	0.000000	-0.599096	0.750250	3.000000	1.000000	0	0	1	1.000000	0.000000	0.000000
ASV_616_16S_022_3	ASV_2156_16S_3_200	1	ENV_NO2	0.439968	0.062670	-0.377298	0.499500	3.000000	1.000000	0	0	1	1.000000	0.000000	0.000000
ASV_718_16S_022_3	ASV_2156_16S_3_200	1	ENV_NO2	0.404007	0.000000	-0.404007	0.500500	2.000000	1.000000	0	1	0	1.000000	0.000000	0.000000
ASV_1257_16S_022_3	ASV_2156_16S_3_200	1	ENV_NO2	0.461770	-0.093066	-0.554836	0.666334	3.000000	1.000000	0	0	1	1.000000	0.000000	0.000000
ASV_1397_16S_022_3	ASV_2156_16S_3_200	1	ENV_NO2	0.356297	0.000000	-0.356297	1.000000	3.000000	1.000000	0	0	1	1.000000	0.000000	0.000000
ASV_1523_16S_022_3	ASV_2281_16S_3_200	1	ENV_NO2	0.682767	-0.166208	-0.848975	0.417582	3.000000	1.000000	0	0	1	1.000000	0.000000	0.000000
ASV_1820_16S_022_3	ASV_2281_16S_3_200	1	ENV_NO2	0.704569	0.154221	-0.550348	0.750250	3.000000	1.000000	0	0	1	1.000000	0.000000	0.000000
ASV_9_16S_022_3	ASV_2288_16S_3_200	1	ENV_NO2	0.362279	0.058621	-0.303657	0.000999	2.000000	1.000000	0	1	0	1.000000	0.000000	0.000000
ASV_1059_16S_022_3	ASV_2288_16S_3_200	1	ENV_NO2	0.519532	0.000000	-0.519532	0.750250	3.000000	1.000000	0	0	1	1.000000	0.000000	0.000000
OTU_1010_18S_022_3	ASV_2288_16S_3_200	1	ENV_NO2	0.334495	0.104397	-0.230098	0.000999	3.000000	1.000000	0	0	1	1.000000	0.000000	0.000000
ASV_777_16S_3_200	ASV_2288_16S_3_200	1	ENV_NO2	0.439968	0.052198	-0.387769	0.166833	3.000000	1.000000	0	0	1	1.000000	0.000000	0.000000
ASV_2134_16S_3_200	ASV_2288_16S_3_200	1	ENV_NO2	0.519532	0.052198	-0.467333	0.500500	3.000000	1.000000	0	0	1	1.000000	0.000000	0.000000
ASV_168_16S_022_3	ASV_2561_16S_3_200	1	ENV_NO2	0.568656	0.667361	0.098705	nan	3.000000	1.000000	0	0	1	1.000000	0.000000	0.000000
OTU_574_18S_022_3	OTU_3_18S_3_200	1	ENV_NO2	0.297002	0.000000	-0.297002	0.333666	3.000000	1.000000	0	0	1	1.000000	0.000000	0.000000
OTU_7_18S_022_3	OTU_10_18S_3_200	1	ENV_NO2	0.477276	0.162509	-0.314767	0.000999	2.000000	1.000000	0	1	0	1.000000	0.000000	0.000000
OTU_39_18S_022_3	OTU_10_18S_3_200	1	ENV_NO2	0.536246	0.111023	-0.425224	0.000999	3.000000	1.000000	0	0	1	1.000000	0.000000	0.000000
OTU_50_18S_022_3	OTU_10_18S_3_200	1	ENV_NO2	0.811441	0.480914	-0.330527	0.416583	3.000000	1.000000	0	0	1	1.000000	0.000000	0.000000
ASV_723_16S_3_200	OTU_10_18S_3_200	1	ENV_NO2	0.819752	0.637306	-0.182446	0.334665	3.000000	1.000000	0	0	1	1.000000	0.000000	0.000000
OTU_906_18S_022_3	OTU_11_18S_3_200	1	ENV_NO2	0.509432	0.220271	-0.289161	0.501499	2.000000	1.000000	0	1	0	1.000000	0.000000	0.000000
OTU_1247_18S_022_3	OTU_11_18S_3_200	1	ENV_NO2	0.468881	0.168582	-0.300299	0.834166	3.000000	1.000000	0	0	1	1.000000	0.000000	0.000000
OTU_3_18S_3_200	OTU_11_18S_3_200	1	ENV_NO2	0.143303	0.074657	-0.068647	0.666334	1.000000	0.000000	1	0	0	1.000000	0.000000	0.000000
OTU_24_18S_022_3	OTU_12_18S_3_200	1	ENV_NO2	0.369270	0.329429	-0.039841	0.834166	3.000000	1.000000	0	0	1	1.000000	0.000000	0.000000
OTU_158_18S_022_3	OTU_17_18S_3_200	1	ENV_NO2	0.410164	0.006626	-0.403538	0.083916	3.000000	1.000000	0	0	1	1.000000	0.000000	0.000000
OTU_1247_18S_022_3	OTU_17_18S_3_200	1	ENV_NO2	0.604332	0.156595	-0.447737	0.418581	3.000000	1.000000	0	0	1	1.000000	0.000000	0.000000
OTU_77_18S_022_3	OTU_18_18S_3_200	1	ENV_NO2	0.508634	0.267230	-0.241405	0.500500	3.000000	1.000000	0	0	1	1.000000	0.000000	0.000000
OTU_10_18S_3_200	OTU_18_18S_3_200	1	ENV_NO2	0.660419	0.343587	-0.316832	0.250749	3.000000	1.000000	0	0	1	1.000000	0.000000	0.000000
OTU_2040_18S_022_3	OTU_16_18S_3_200	1	ENV_NO2	0.425809	0.006423	-0.419386	0.666334	3.000000	1.000000	0	0	1	1.000000	0.000000	0.000000
ASV_113_16S_022_3	OTU_29_18S_3_200	1	ENV_NO2	0.565488	0.644903	0.079415	nan	3.000000	1.000000	0	0	1	1.000000	0.000000	0.000000
ASV_2185_16S_022_3	OTU_30_18S_3_200	1	ENV_NO2	0.348561	0.000000	-0.348561	0.750250	3.000000	1.000000	0	0	1	1.000000	0.000000	0.000000
OTU_421_18S_022_3	OTU_34_18S_3_200	1	ENV_NO2	0.569541	-0.074657	-0.644198	0.500500	3.000000	1.000000	0	0	1	1.000000	0.000000	0.000000
OTU_613_18S_022_3	OTU_38_18S_3_200	1	ENV_NO2	0.802510	0.638480	-0.164030	0.917083	3.000000	1.000000	0	0	1	1.000000	0.000000	0.000000
OTU_1338_18S_022_3	OTU_44_18S_3_200	1	ENV_NO2	0.493623	0.000000	-0.493623	0.500500	3.000000	1.000000	0	0	1	1.000000	0.000000	0.000000
OTU_2035_18S_022_3	OTU_44_18S_3_200	1	ENV_NO2	0.551385	0.011987	-0.539399	0.500500	3.000000	1.000000	0	0	1	1.000000	0.000000	0.000000
ASV_53_16S_022_3	OTU_50_18S_3_200	1	ENV_NO2	0.859059	0.134793	-0.724265	0.000999	3.000000	1.000000	0	0	1	1.000000	0.000000	0.000000
ASV_723_16S_022_3	OTU_50_18S_3_200	1	ENV_NO2	0.659210	0.168582	-0.490628	0.250749	3.000000	1.000000	0	0	1	1.000000	0.000000	0.000000
OTU_350_18S_022_3	OTU_50_18S_3_200	1	ENV_NO2	0.415212	0.151688	-0.263524	0.083916	3.000000	1.000000	0	0	1	1.000000	0.000000	0.000000
ASV_377_16S_3_200	OTU_50_18S_3_200	1	ENV_NO2	0.451670	0.163674	-0.287995	0.334665	3.000000	1.000000	0	0	1	1.000000	0.000000	0.000000
ASV_1059_16S_022_3	OTU_48_18S_3_200	1	ENV_NO2	0.324443	-0.057762	-0.382205	0.083916	2.000000	1.000000	0	1	0	1.000000	0.000000	0.000000
OTU_5773_18S_022_3	OTU_48_18S_3_200	1	ENV_NO2	0.429916	-0.057762	-0.487679	0.083916	3.000000	1.000000	0	0	1	1.000000	0.000000	0.000000
OTU_1283_18S_022_3	OTU_62_18S_3_200	1	ENV_NO2	0.535679	0.568213	0.032534	nan	3.000000	1.000000	0	0	1	1.000000	0.000000	0.000000
ASV_648_16S_022_3	OTU_68_18S_3_200	1	ENV_NO2	0.483572	0.052198	-0.431373	0.500500	3.000000	1.000000	0	0	1	1.000000	0.000000	0.000000
OTU_1353_18S_022_3	OTU_71_18S_3_200	1	ENV_NO2	0.508009	0.606578	0.098569	nan	3.000000	1.000000	0	0	1	1.000000	0.000000	0.000000
ASV_491_16S_022_3	OTU_75_18S_3_200	1	ENV_NO2	0.579263	1.131910	0.552647	nan	2.000000	1.000000	0	1	0	1.000000	0.000000	0.000000
OTU_4_18S_022_3	OTU_75_18S_3_200	1	ENV_NO2	0.740853	0.223673	-0.517180	0.667333	3.000000	1.000000	0	0	1	1.000000	0.000000	0.000000
OTU_248_18S_022_3	OTU_75_18S_3_200	1	ENV_NO2	0.553831	0.250836	-0.302995	0.501499	3.000000	1.000000	0	0	1	1.000000	0.000000	0.000000
ASV_1067_16S_3_200	OTU_75_18S_3_200	1	ENV_NO2	0.436431	0.263681	-0.172749	0.750250	3.000000	1.000000	0	0	1	1.000000	0.000000	0.000000
OTU_29_18S_3_200	OTU_78_18S_3_200	1	ENV_NO2	0.698055	0.603047	-0.095008	0.250749	3.000000	1.000000	0	0	1	1.000000	0.000000	0.000000
OTU_71_18S_3_200	OTU_78_18S_3_200	1	ENV_NO2	0.846655	0.505073	-0.341583	0.500500	3.000000	1.000000	0	0	1	1.000000	0.000000	0.000000
OTU_850_18S_022_3	OTU_82_18S_3_200	1	ENV_NO2	0.633778	0.075516	-0.558262	0.332667	3.000000	1.000000	0	0	1	1.000000	0.000000	0.000000
OTU_330_18S_022_3	OTU_83_18S_3_200	1	ENV_NO2	0.334495	0.014020	-0.320475	0.500500	3.000000	1.000000	0	0	1	1.000000	0.000000	0.000000
OTU_676_18S_022_3	OTU_83_18S_3_200	1	ENV_NO2	0.356297	0.000000	-0.356297	0.750250	3.000000	1.000000	0	0	1	1.000000	0.000000	0.000000
OTU_870_18S_022_3	OTU_83_18S_3_200	1	ENV_NO2	0.519532	0.052198	-0.467333	0.167832	3.000000	1.000000	0	0	1	1.000000	0.000000	0.000000
OTU_2633_18S_022_3	OTU_83_18S_3_200	1	ENV_NO2	0.276732	0.000000	-0.276732	0.583417	3.000000	1.000000	0	0	1	1.000000	0.000000	0.000000
ASV_250_16S_022_3	OTU_86_18S_3_200	1	ENV_NO2	0.324443	0.000000	-0.324443	1.000000	2.000000	1.000000	0	1	0	1.000000	0.000000	0.000000
ASV_2156_16S_3_200	OTU_86_18S_3_200	1	ENV_NO2	0.414059	0.000000	-0.414059	1.000000	3.000000	1.000000	0	0	1	1.000000	0.000000	0.000000
ASV_863_16S_3_200	OTU_89_18S_3_200	1	ENV_NO2	0.324443	0.057762	-0.266681	0.250749	1.000000	0.000000	1	0	0	1.000000	0.000000	0.000000
OTU_660_18S_022_3	OTU_103_18S_3_200	1	ENV_NO2	0.688656	0.141216	-0.547440	0.250749	3.000000	1.000000	0	0	1	1.000000	0.000000	0.000000
OTU_1143_18S_022_3	OTU_103_18S_3_200	1	ENV_NO2	0.542557	0.530738	-0.011819	0.667333	3.000000	1.000000	0	0	1	1.000000	0.000000	0.000000
ASV_377_16S_3_200	OTU_103_18S_3_200	1	ENV_NO2	0.583197	0.544240	-0.038957	0.834166	3.000000	1.000000	0	0	1	1.000000	0.000000	0.000000
ASV_153_16S_022_3	OTU_101_18S_3_200	1	ENV_NO2	0.706738	0.283765	-0.422973	0.501499	3.000000	1.000000	0	0	1	1.000000	0.000000	0.000000
ASV_612_16S_022_3	OTU_101_18S_3_200	1	ENV_NO2	0.838470	0.300660	-0.537810	0.584416	3.000000	1.000000	0	0	1	1.000000	0.000000	0.000000
OTU_534_18S_022_3	OTU_101_18S_3_200	1	ENV_NO2	0.518289	-0.009298	-0.527587	0.416583	3.000000	1.000000	0	0	1	1.000000	0.000000	0.000000
OTU_568_18S_022_3	OTU_109_18S_3_200	1	ENV_NO2	0.674752	0.294578	-0.380174	0.499500	3.000000	1.000000	0	0	1	1.000000	0.000000	0.000000
ASV_1029_16S_022_3	OTU_106_18S_3_200	1	ENV_NO2	0.710075	0.276168	-0.433906	0.751249	3.000000	1.000000	0	0	1	1.000000	0.000000	0.000000
OTU_38_18S_3_200	OTU_106_18S_3_200	1	ENV_NO2	0.861774	0.281076	-0.580698	0.667333	3.000000	1.000000	0	0	1	1.000000	0.000000	0.000000
ASV_622_16S_022_3	OTU_118_18S_3_200	1	ENV_NO2	0.648598	0.028881	-0.619717	0.751249	3.000000	1.000000	0	0	1	1.000000	0.000000	0.000000
ASV_671_16S_022_3	OTU_118_18S_3_200	1	ENV_NO2	0.545441	1.142216	0.596776	nan	3.000000	1.000000	0	0	1	1.000000	0.000000	0.000000
ASV_1050_16S_022_3	OTU_118_18S_3_200	1	ENV_NO2	0.566149	1.338912	0.772763	nan	3.000000	1.000000	0	0	1	1.000000	0.000000	0.000000
ASV_357_16S_022_3	OTU_119_18S_3_200	1	ENV_NO2	0.389615	0.295640	-0.093975	0.334665	3.000000	1.000000	0	0	1	1.000000	0.000000	0.000000
OTU_332_18S_022_3	OTU_116_18S_3_200	1	ENV_NO2	0.521292	0.639498	0.118206	nan	3.000000	1.000000	0	0	1	1.000000	0.000000	0.000000
ASV_105_16S_022_3	OTU_129_18S_3_200	1	ENV_NO2	0.211275	-0.025648	-0.236923	0.250749	2.000000	1.000000	0	1	0	1.000000	0.000000	0.000000
OTU_2722_18S_022_3	OTU_129_18S_3_200	1	ENV_NO2	0.465246	0.189525	-0.275721	0.000999	3.000000	1.000000	0	0	1	1.000000	0.000000	0.000000
ASV_1426_16S_022_3	OTU_142_18S_3_200	1	ENV_NO2	0.616352	-0.002875	-0.619227	0.250749	3.000000	1.000000	0	0	1	1.000000	0.000000	0.000000
ASV_767_16S_022_3	OTU_137_18S_3_200	1	ENV_NO2	0.752470	0.372627	-0.379843	0.249750	3.000000	1.000000	0	0	1	1.000000	0.000000	0.000000
OTU_751_18S_022_3	OTU_137_18S_3_200	1	ENV_NO2	0.424894	0.109961	-0.314933	0.584416	2.000000	1.000000	0	1	0	1.000000	0.000000	0.000000
OTU_378_18S_022_3	OTU_146_18S_3_200	1	ENV_NO2	0.451286	0.104397	-0.346889	0.167832	3.000000	1.000000	0	0	1	1.000000	0.000000	0.000000
ASV_21_16S_022_3	OTU_141_18S_3_200	1	ENV_NO2	0.284649	0.193415	-0.091234	0.500500	2.000000	1.000000	0	1	0	1.000000	0.000000	0.000000
OTU_183_18S_022_3	OTU_141_18S_3_200	1	ENV_NO2	0.471596	0.133278	-0.338318	0.584416	3.000000	1.000000	0	0	1	1.000000	0.000000	0.000000
ASV_932_16S_022_3	OTU_155_18S_3_200	1	ENV_NO2	0.682767	-0.039353	-0.722120	0.583417	3.000000	1.000000	0	0	1	1.000000	0.000000	0.000000
ASV_932_16S_3_200	OTU_155_18S_3_200	1	ENV_NO2	0.646807	0.549804	-0.097003	0.500500	3.000000	1.000000	0	0	1	1.000000	0.000000	0.000000
OTU_260_18S_022_3	OTU_152_18S_3_200	1	ENV_NO2	0.324443	0.057762	-0.266681	0.250749	3.000000	1.000000	0	0	1	1.000000	0.000000	0.000000
OTU_811_18S_022_3	OTU_166_18S_3_200	1	ENV_NO2	0.323627	0.023317	-0.300310	0.334665	2.000000	1.000000	0	1	0	1.000000	0.000000	0.000000
ASV_126_16S_022_3	OTU_162_18S_3_200	1	ENV_NO2	0.428738	0.514361	0.085623	nan	3.000000	1.000000	0	0	1	1.000000	0.000000	0.000000
ASV_732_16S_022_3	OTU_183_18S_3_200	1	ENV_NO2	0.576016	0.016894	-0.559121	0.333666	3.000000	1.000000	0	0	1	1.000000	0.000000	0.000000
ASV_1971_16S_022_3	OTU_183_18S_3_200	1	ENV_NO2	0.671276	0.097974	-0.573302	0.084915	3.000000	1.000000	0	0	1	1.000000	0.000000	0.000000
OTU_50_18S_022_3	OTU_189_18S_3_200	1	ENV_NO2	0.507730	0.435138	-0.072592	0.834166	3.000000	1.000000	0	0	1	1.000000	0.000000	0.000000
OTU_345_18S_022_3	OTU_189_18S_3_200	1	ENV_NO2	0.754813	0.339336	-0.415477	0.501499	3.000000	1.000000	0	0	1	1.000000	0.000000	0.000000
ASV_767_16S_022_3	OTU_195_18S_3_200	1	ENV_NO2	0.678252	0.293922	-0.384330	0.333666	3.000000	1.000000	0	0	1	1.000000	0.000000	0.000000
OTU_195_18S_022_3	OTU_195_18S_3_200	1	ENV_NO2	0.737222	0.360286	-0.376936	0.584416	3.000000	1.000000	0	0	1	1.000000	0.000000	0.000000
OTU_38_18S_3_200	OTU_195_18S_3_200	1	ENV_NO2	0.782210	0.561134	-0.221075	0.917083	3.000000	1.000000	0	0	1	1.000000	0.000000	0.000000
ASV_1190_16S_022_3	OTU_197_18S_3_200	1	ENV_NO2	0.603865	0.189525	-0.414340	0.667333	3.000000	1.000000	0	0	1	1.000000	0.000000	0.000000
OTU_101_18S_022_3	OTU_197_18S_3_200	1	ENV_NO2	0.699184	0.986616	0.287432	nan	3.000000	1.000000	0	0	1	1.000000	0.000000	0.000000
OTU_2309_18S_022_3	OTU_197_18S_3_200	1	ENV_NO2	0.483572	0.006423	-0.477149	0.250749	3.000000	1.000000	0	0	1	1.000000	0.000000	0.000000
OTU_1149_18S_022_3	OTU_198_18S_3_200	1	ENV_NO2	0.451718	-0.028881	-0.480599	0.500500	3.000000	1.000000	0	0	1	1.000000	0.000000	0.000000
OTU_1647_18S_022_3	OTU_198_18S_3_200	1	ENV_NO2	0.384521	0.000000	-0.384521	0.250749	3.000000	1.000000	0	0	1	1.000000	0.000000	0.000000
ASV_271_16S_022_3	OTU_196_18S_3_200	1	ENV_NO2	0.395429	0.668923	0.273494	nan	3.000000	1.000000	0	0	1	1.000000	0.000000	0.000000
OTU_18_18S_022_3	OTU_174_18S_3_200	1	ENV_NO2	0.507730	0.197666	-0.310064	0.500500	3.000000	1.000000	0	0	1	1.000000	0.000000	0.000000
OTU_50_18S_022_3	OTU_174_18S_3_200	1	ENV_NO2	0.808357	1.047770	0.239413	nan	3.000000	1.000000	0	0	1	1.000000	0.000000	0.000000
OTU_60_18S_022_3	OTU_174_18S_3_200	1	ENV_NO2	0.805050	0.562152	-0.242898	0.583417	3.000000	1.000000	0	0	1	1.000000	0.000000	0.000000
ASV_800_16S_022_3	OTU_204_18S_3_200	1	ENV_NO2	0.467210	0.149313	-0.317897	0.917083	3.000000	1.000000	0	0	1	1.000000	0.000000	0.000000
ASV_192_16S_3_200	OTU_204_18S_3_200	1	ENV_NO2	0.639115	0.613491	-0.025623	0.917083	3.000000	1.000000	0	0	1	1.000000	0.000000	0.000000
OTU_89_18S_3_200	OTU_204_18S_3_200	1	ENV_NO2	0.566065	0.657907	0.091843	nan	3.000000	1.000000	0	0	1	1.000000	0.000000	0.000000
ASV_910_16S_022_3	OTU_217_18S_3_200	1	ENV_NO2	0.530274	0.000000	-0.530274	0.665335	3.000000	1.000000	0	0	1	1.000000	0.000000	0.000000
OTU_4_18S_022_3	OTU_217_18S_3_200	1	ENV_NO2	0.404061	0.073842	-0.330219	0.500500	3.000000	1.000000	0	0	1	1.000000	0.000000	0.000000
ASV_1675_16S_3_200	OTU_212_18S_3_200	1	ENV_NO2	0.415216	0.000859	-0.414357	0.167832	3.000000	1.000000	0	0	1	1.000000	0.000000	0.000000
OTU_498_18S_022_3	OTU_205_18S_3_200	1	ENV_NO2	0.661090	0.233626	-0.427464	0.583417	3.000000	1.000000	0	0	1	1.000000	0.000000	0.000000
OTU_141_18S_3_200	OTU_205_18S_3_200	1	ENV_NO2	0.682892	1.264661	0.581769	nan	3.000000	1.000000	0	0	1	1.000000	0.000000	0.000000
ASV_229_16S_022_3	OTU_231_18S_3_200	1	ENV_NO2	0.521521	1.457329	0.935808	nan	3.000000	1.000000	0	0	1	1.000000	0.000000	0.000000
ASV_637_16S_022_3	OTU_232_18S_3_200	1	ENV_NO2	0.404007	0.946404	0.542397	nan	3.000000	1.000000	0	0	1	1.000000	0.000000	0.000000
OTU_1374_18S_022_3	OTU_232_18S_3_200	1	ENV_NO2	0.541334	0.842866	0.301532	nan	3.000000	1.000000	0	0	1	1.000000	0.000000	0.000000
OTU_1575_18S_022_3	OTU_232_18S_3_200	1	ENV_NO2	0.432369	-0.074657	-0.507025	0.333666	3.000000	1.000000	0	0	1	1.000000	0.000000	0.000000
OTU_763_18S_022_3	OTU_235_18S_3_200	1	ENV_NO2	0.612359	0.142732	-0.469628	0.667333	3.000000	1.000000	0	0	1	1.000000	0.000000	0.000000
OTU_2856_18S_022_3	OTU_235_18S_3_200	1	ENV_NO2	0.437083	0.402523	-0.034560	0.500500	3.000000	1.000000	0	0	1	1.000000	0.000000	0.000000
OTU_138_18S_3_200	OTU_236_18S_3_200	1	ENV_NO2	0.554597	0.111135	-0.443462	0.833167	3.000000	1.000000	0	0	1	1.000000	0.000000	0.000000
ASV_1380_16S_022_3	OTU_213_18S_3_200	1	ENV_NO2	0.659041	0.835797	0.176755	nan	3.000000	1.000000	0	0	1	1.000000	0.000000	0.000000
OTU_11_18S_3_200	OTU_213_18S_3_200	1	ENV_NO2	0.581301	0.413854	-0.167447	0.584416	3.000000	1.000000	0	0	1	1.000000	0.000000	0.000000
ASV_429_16S_022_3	OTU_242_18S_3_200	1	ENV_NO2	0.439933	0.307627	-0.132306	0.250749	3.000000	1.000000	0	0	1	1.000000	0.000000	0.000000
ASV_714_16S_022_3	OTU_242_18S_3_200	1	ENV_NO2	0.337075	0.121641	-0.215434	0.667333	2.000000	1.000000	0	1	0	1.000000	0.000000	0.000000
OTU_58_18S_022_3	OTU_249_18S_3_200	1	ENV_NO2	0.483572	0.052198	-0.431373	0.333666	3.000000	1.000000	0	0	1	1.000000	0.000000	0.000000
OTU_215_18S_022_3	OTU_249_18S_3_200	1	ENV_NO2	0.483572	0.052198	-0.431373	0.167832	3.000000	1.000000	0	0	1	1.000000	0.000000	0.000000
OTU_760_18S_022_3	OTU_249_18S_3_200	1	ENV_NO2	0.599096	0.000000	-0.599096	0.834166	3.000000	1.000000	0	0	1	1.000000	0.000000	0.000000
OTU_1376_18S_022_3	OTU_249_18S_3_200	1	ENV_NO2	0.577294	0.052198	-0.525096	0.334665	3.000000	1.000000	0	0	1	1.000000	0.000000	0.000000
OTU_40_18S_3_200	OTU_249_18S_3_200	1	ENV_NO2	0.308733	-0.005564	-0.314296	0.917083	3.000000	1.000000	0	0	1	1.000000	0.000000	0.000000
OTU_240_18S_3_200	OTU_249_18S_3_200	1	ENV_NO2	0.519532	0.052198	-0.467333	0.500500	3.000000	1.000000	0	0	1	1.000000	0.000000	0.000000
ASV_556_16S_022_3	OTU_228_18S_3_200	1	ENV_NO2	0.439351	0.064185	-0.375166	0.833167	3.000000	1.000000	0	0	1	1.000000	0.000000	0.000000
ASV_606_16S_022_3	OTU_228_18S_3_200	1	ENV_NO2	0.660965	0.006423	-0.654542	0.749251	3.000000	1.000000	0	0	1	1.000000	0.000000	0.000000
ASV_1705_16S_022_3	OTU_260_18S_3_200	1	ENV_NO2	0.519532	0.091551	-0.427981	0.666334	3.000000	1.000000	0	0	1	1.000000	0.000000	0.000000
OTU_613_18S_022_3	OTU_270_18S_3_200	1	ENV_NO2	0.824312	0.603206	-0.221106	0.583417	3.000000	1.000000	0	0	1	1.000000	0.000000	0.000000
OTU_105_18S_3_200	OTU_270_18S_3_200	1	ENV_NO2	0.743365	0.581921	-0.161444	0.583417	3.000000	1.000000	0	0	1	1.000000	0.000000	0.000000
ASV_1094_16S_022_3	OTU_277_18S_3_200	1	ENV_NO2	0.576677	0.097974	-0.478703	0.500500	3.000000	1.000000	0	0	1	1.000000	0.000000	0.000000
OTU_2562_18S_022_3	OTU_278_18S_3_200	1	ENV_NO2	0.656858	-0.091551	-0.748409	0.834166	3.000000	1.000000	0	0	1	1.000000	0.000000	0.000000
OTU_436_18S_022_3	OTU_286_18S_3_200	1	ENV_NO2	0.353903	0.070608	-0.283295	0.333666	3.000000	1.000000	0	0	1	1.000000	0.000000	0.000000
OTU_141_18S_3_200	OTU_245_18S_3_200	1	ENV_NO2	0.775233	0.934447	0.159214	nan	3.000000	1.000000	0	0	1	1.000000	0.000000	0.000000
ASV_306_16S_022_3	OTU_292_18S_3_200	1	ENV_NO2	0.519532	1.632539	1.113007	nan	3.000000	1.000000	0	0	1	1.000000	0.000000	0.000000
ASV_637_16S_022_3	OTU_292_18S_3_200	1	ENV_NO2	0.356297	-0.033789	-0.390085	0.083916	1.000000	0.000000	1	0	0	1.000000	0.000000	0.000000
OTU_2150_18S_022_3	OTU_293_18S_3_200	1	ENV_NO2	0.493623	0.081080	-0.412544	0.834166	3.000000	1.000000	0	0	1	1.000000	0.000000	0.000000
OTU_131_18S_3_200	OTU_293_18S_3_200	1	ENV_NO2	0.483572	0.064185	-0.419386	0.833167	3.000000	1.000000	0	0	1	1.000000	0.000000	0.000000
OTU_240_18S_3_200	OTU_293_18S_3_200	1	ENV_NO2	0.577294	0.052198	-0.525096	0.749251	3.000000	1.000000	0	0	1	1.000000	0.000000	0.000000
OTU_286_18S_3_200	OTU_293_18S_3_200	1	ENV_NO2	0.483572	0.052198	-0.431373	0.666334	3.000000	1.000000	0	0	1	1.000000	0.000000	0.000000
ASV_1753_16S_022_3	OTU_300_18S_3_200	1	ENV_NO2	0.785546	0.115727	-0.669819	0.166833	3.000000	1.000000	0	0	1	1.000000	0.000000	0.000000
OTU_50_18S_022_3	OTU_300_18S_3_200	1	ENV_NO2	0.550484	0.341213	-0.209271	0.417582	3.000000	1.000000	0	0	1	1.000000	0.000000	0.000000
ASV_666_16S_022_3	OTU_291_18S_3_200	1	ENV_NO2	0.464912	-0.028881	-0.493793	0.250749	3.000000	1.000000	0	0	1	1.000000	0.000000	0.000000
OTU_1246_18S_022_3	OTU_298_18S_3_200	1	ENV_NO2	0.519532	0.138842	-0.380690	0.666334	3.000000	1.000000	0	0	1	1.000000	0.000000	0.000000
OTU_1058_18S_022_3	OTU_303_18S_3_200	1	ENV_NO2	0.596221	0.121291	-0.474930	0.833167	3.000000	1.000000	0	0	1	1.000000	0.000000	0.000000
OTU_877_18S_022_3	OTU_304_18S_3_200	1	ENV_NO2	0.317659	0.042059	-0.275600	0.000999	2.000000	1.000000	0	1	0	1.000000	0.000000	0.000000
OTU_1961_18S_022_3	OTU_304_18S_3_200	1	ENV_NO2	0.473520	0.000000	-0.473520	0.250749	3.000000	1.000000	0	0	1	1.000000	0.000000	0.000000
OTU_712_18S_022_3	OTU_315_18S_3_200	1	ENV_NO2	0.425809	0.133278	-0.292531	0.833167	3.000000	1.000000	0	0	1	1.000000	0.000000	0.000000
OTU_1024_18S_022_3	OTU_315_18S_3_200	1	ENV_NO2	0.346907	0.028881	-0.318026	0.417582	3.000000	1.000000	0	0	1	1.000000	0.000000	0.000000
OTU_889_18S_022_3	OTU_322_18S_3_200	1	ENV_NO2	0.442284	0.115525	-0.326759	0.750250	3.000000	1.000000	0	0	1	1.000000	0.000000	0.000000
OTU_496_18S_022_3	OTU_325_18S_3_200	1	ENV_NO2	0.710075	0.206419	-0.503656	0.749251	3.000000	1.000000	0	0	1	1.000000	0.000000	0.000000
OTU_105_18S_3_200	OTU_329_18S_3_200	1	ENV_NO2	0.868457	1.375473	0.507016	nan	3.000000	1.000000	0	0	1	1.000000	0.000000	0.000000
OTU_38_18S_3_200	OTU_332_18S_3_200	1	ENV_NO2	0.753679	0.246631	-0.507048	0.501499	3.000000	1.000000	0	0	1	1.000000	0.000000	0.000000
OTU_790_18S_022_3	OTU_348_18S_3_200	1	ENV_NO2	0.546774	0.133278	-0.413496	0.833167	3.000000	1.000000	0	0	1	1.000000	0.000000	0.000000
ASV_1305_16S_022_3	OTU_290_18S_3_200	1	ENV_NO2	0.388481	0.112538	-0.275943	0.166833	3.000000	1.000000	0	0	1	1.000000	0.000000	0.000000
OTU_729_18S_022_3	OTU_290_18S_3_200	1	ENV_NO2	0.560728	-0.054214	-0.614942	0.250749	3.000000	1.000000	0	0	1	1.000000	0.000000	0.000000
ASV_462_16S_3_200	OTU_290_18S_3_200	1	ENV_NO2	0.579849	0.439187	-0.140662	0.500500	2.000000	1.000000	0	1	0	1.000000	0.000000	0.000000
ASV_267_16S_022_3	OTU_361_18S_3_200	1	ENV_NO2	0.400049	-0.016035	-0.416084	0.418581	3.000000	1.000000	0	0	1	1.000000	0.000000	0.000000
ASV_425_16S_022_3	OTU_360_18S_3_200	1	ENV_NO2	0.627626	0.320270	-0.307357	0.333666	3.000000	1.000000	0	0	1	1.000000	0.000000	0.000000
ASV_472_16S_022_3	OTU_360_18S_3_200	1	ENV_NO2	0.674115	0.207279	-0.466836	0.333666	3.000000	1.000000	0	0	1	1.000000	0.000000	0.000000
ASV_574_16S_022_3	OTU_360_18S_3_200	1	ENV_NO2	0.605078	0.009971	-0.595107	0.084915	3.000000	1.000000	0	0	1	1.000000	0.000000	0.000000
OTU_763_18S_022_3	OTU_360_18S_3_200	1	ENV_NO2	0.749303	0.215217	-0.534086	0.250749	3.000000	1.000000	0	0	1	1.000000	0.000000	0.000000
ASV_769_16S_3_200	OTU_360_18S_3_200	1	ENV_NO2	0.486585	0.087705	-0.398880	0.250749	3.000000	1.000000	0	0	1	1.000000	0.000000	0.000000
ASV_88_16S_022_3	OTU_368_18S_3_200	1	ENV_NO2	0.505503	0.999418	0.493915	nan	3.000000	1.000000	0	0	1	1.000000	0.000000	0.000000
ASV_507_16S_022_3	OTU_343_18S_3_200	1	ENV_NO2	0.943262	0.899113	-0.044149	0.582418	3.000000	1.000000	0	0	1	1.000000	0.000000	0.000000
ASV_687_16S_022_3	OTU_343_18S_3_200	1	ENV_NO2	0.392668	0.384778	-0.007891	0.333666	2.000000	1.000000	0	1	0	1.000000	0.000000	0.000000
OTU_489_18S_022_3	OTU_343_18S_3_200	1	ENV_NO2	0.556636	0.596438	0.039803	nan	3.000000	1.000000	0	0	1	1.000000	0.000000	0.000000
OTU_495_18S_022_3	OTU_343_18S_3_200	1	ENV_NO2	0.479612	0.241926	-0.237685	0.250749	3.000000	1.000000	0	0	1	1.000000	0.000000	0.000000
ASV_949_16S_022_3	OTU_363_18S_3_200	1	ENV_NO2	0.731877	0.066218	-0.665659	0.584416	3.000000	1.000000	0	0	1	1.000000	0.000000	0.000000
ASV_333_16S_022_3	OTU_356_18S_3_200	1	ENV_NO2	0.336811	-0.052198	-0.389009	0.666334	3.000000	1.000000	0	0	1	1.000000	0.000000	0.000000
ASV_781_16S_022_3	OTU_356_18S_3_200	1	ENV_NO2	0.461770	-0.045776	-0.507545	0.333666	3.000000	1.000000	0	0	1	1.000000	0.000000	0.000000
ASV_582_16S_022_3	OTU_371_18S_3_200	1	ENV_NO2	0.685603	0.011987	-0.673616	0.249750	3.000000	1.000000	0	0	1	1.000000	0.000000	0.000000
ASV_636_16S_022_3	OTU_371_18S_3_200	1	ENV_NO2	0.537171	0.086643	-0.450528	0.917083	3.000000	1.000000	0	0	1	1.000000	0.000000	0.000000
ASV_738_16S_022_3	OTU_371_18S_3_200	1	ENV_NO2	0.608923	0.091551	-0.517372	0.334665	3.000000	1.000000	0	0	1	1.000000	0.000000	0.000000
OTU_15_18S_022_3	OTU_387_18S_3_200	1	ENV_NO2	0.353675	1.188645	0.834971	nan	1.000000	0.000000	1	0	0	1.000000	0.000000	0.000000
OTU_2656_18S_022_3	OTU_387_18S_3_200	1	ENV_NO2	0.495939	-0.033789	-0.529728	0.833167	3.000000	1.000000	0	0	1	1.000000	0.000000	0.000000
OTU_1216_18S_022_3	OTU_404_18S_3_200	1	ENV_NO2	0.579610	-0.074657	-0.654267	0.833167	3.000000	1.000000	0	0	1	1.000000	0.000000	0.000000
OTU_613_18S_022_3	OTU_382_18S_3_200	1	ENV_NO2	0.744747	0.172631	-0.572117	0.834166	3.000000	1.000000	0	0	1	1.000000	0.000000	0.000000
OTU_1902_18S_022_3	OTU_403_18S_3_200	1	ENV_NO2	0.461770	0.004908	-0.456862	0.751249	3.000000	1.000000	0	0	1	1.000000	0.000000	0.000000
OTU_38_18S_3_200	OTU_413_18S_3_200	1	ENV_NO2	0.905378	0.510451	-0.394927	0.833167	3.000000	1.000000	0	0	1	1.000000	0.000000	0.000000
OTU_109_18S_3_200	OTU_412_18S_3_200	1	ENV_NO2	0.584983	0.192556	-0.392427	0.833167	3.000000	1.000000	0	0	1	1.000000	0.000000	0.000000
OTU_382_18S_3_200	OTU_412_18S_3_200	1	ENV_NO2	0.514986	0.052198	-0.462788	0.500500	3.000000	1.000000	0	0	1	1.000000	0.000000	0.000000
OTU_396_18S_022_3	OTU_419_18S_3_200	1	ENV_NO2	0.433842	0.008456	-0.425386	0.083916	3.000000	1.000000	0	0	1	1.000000	0.000000	0.000000
ASV_332_16S_022_3	OTU_393_18S_3_200	1	ENV_NO2	0.634062	0.081080	-0.552982	0.083916	3.000000	1.000000	0	0	1	1.000000	0.000000	0.000000
OTU_419_18S_3_200	OTU_393_18S_3_200	1	ENV_NO2	0.634062	0.052198	-0.581863	0.000999	3.000000	1.000000	0	0	1	1.000000	0.000000	0.000000
OTU_29_18S_3_200	OTU_373_18S_3_200	1	ENV_NO2	0.733592	0.739856	0.006264	nan	3.000000	1.000000	0	0	1	1.000000	0.000000	0.000000
OTU_119_18S_3_200	OTU_373_18S_3_200	1	ENV_NO2	0.393364	0.565339	0.171975	nan	3.000000	1.000000	0	0	1	1.000000	0.000000	0.000000
OTU_128_18S_3_200	OTU_373_18S_3_200	1	ENV_NO2	0.613856	0.071126	-0.542730	0.333666	3.000000	1.000000	0	0	1	1.000000	0.000000	0.000000
ASV_1322_16S_022_3	OTU_453_18S_3_200	1	ENV_NO2	0.469144	0.465849	-0.003295	0.750250	3.000000	1.000000	0	0	1	1.000000	0.000000	0.000000
ASV_507_16S_022_3	OTU_444_18S_3_200	1	ENV_NO2	0.651567	0.388504	-0.263063	0.499500	3.000000	1.000000	0	0	1	1.000000	0.000000	0.000000
OTU_242_18S_3_200	OTU_444_18S_3_200	1	ENV_NO2	0.493398	0.197010	-0.296388	0.334665	3.000000	1.000000	0	0	1	1.000000	0.000000	0.000000
ASV_556_16S_022_3	OTU_422_18S_3_200	1	ENV_NO2	0.603791	0.138842	-0.464949	0.917083	3.000000	1.000000	0	0	1	1.000000	0.000000	0.000000
ASV_1158_16S_022_3	OTU_422_18S_3_200	1	ENV_NO2	0.603791	0.126855	-0.476935	0.417582	3.000000	1.000000	0	0	1	1.000000	0.000000	0.000000
OTU_393_18S_3_200	OTU_422_18S_3_200	1	ENV_NO2	0.775481	0.172631	-0.602850	0.833167	3.000000	1.000000	0	0	1	1.000000	0.000000	0.000000
ASV_1107_16S_022_3	OTU_430_18S_3_200	1	ENV_NO2	0.533073	-0.006423	-0.539496	0.582418	2.000000	1.000000	0	1	0	1.000000	0.000000	0.000000
OTU_101_18S_022_3	OTU_430_18S_3_200	1	ENV_NO2	0.612638	-0.091551	-0.704189	0.166833	3.000000	1.000000	0	0	1	1.000000	0.000000	0.000000
OTU_268_18S_3_200	OTU_456_18S_3_200	1	ENV_NO2	0.769434	0.881572	0.112139	nan	3.000000	1.000000	0	0	1	1.000000	0.000000	0.000000
OTU_1756_18S_022_3	OTU_390_18S_3_200	1	ENV_NO2	0.404007	-0.038179	-0.442186	0.582418	3.000000	1.000000	0	0	1	1.000000	0.000000	0.000000
OTU_69_18S_022_3	OTU_458_18S_3_200	1	ENV_NO2	0.747164	0.619414	-0.127750	0.667333	3.000000	1.000000	0	0	1	1.000000	0.000000	0.000000
ASV_784_16S_3_200	OTU_458_18S_3_200	1	ENV_NO2	0.478280	0.324318	-0.153961	0.251748	3.000000	1.000000	0	0	1	1.000000	0.000000	0.000000
OTU_71_18S_3_200	OTU_458_18S_3_200	1	ENV_NO2	0.846655	0.722952	-0.123704	0.834166	3.000000	1.000000	0	0	1	1.000000	0.000000	0.000000
OTU_207_18S_022_3	OTU_472_18S_3_200	1	ENV_NO2	0.533073	0.046635	-0.486439	0.000999	3.000000	1.000000	0	0	1	1.000000	0.000000	0.000000
OTU_1149_18S_022_3	OTU_472_18S_3_200	1	ENV_NO2	0.691540	0.289873	-0.401667	0.251748	3.000000	1.000000	0	0	1	1.000000	0.000000	0.000000
OTU_1275_18S_022_3	OTU_478_18S_3_200	1	ENV_NO2	0.447715	0.048150	-0.399565	0.584416	3.000000	1.000000	0	0	1	1.000000	0.000000	0.000000
ASV_760_16S_3_200	OTU_478_18S_3_200	1	ENV_NO2	0.634440	0.569387	-0.065053	0.750250	3.000000	1.000000	0	0	1	1.000000	0.000000	0.000000
ASV_98_16S_022_3	OTU_466_18S_3_200	1	ENV_NO2	0.834203	0.042901	-0.791303	0.166833	3.000000	1.000000	0	0	1	1.000000	0.000000	0.000000
ASV_612_16S_022_3	OTU_466_18S_3_200	1	ENV_NO2	0.918034	-0.009298	-0.927332	0.333666	3.000000	1.000000	0	0	1	1.000000	0.000000	0.000000
ASV_924_16S_022_3	OTU_466_18S_3_200	1	ENV_NO2	0.858890	0.093066	-0.765823	0.332667	3.000000	1.000000	0	0	1	1.000000	0.000000	0.000000
OTU_419_18S_3_200	OTU_476_18S_3_200	1	ENV_NO2	0.743539	0.104397	-0.639142	0.000999	3.000000	1.000000	0	0	1	1.000000	0.000000	0.000000
ASV_58_16S_3_200	OTU_470_18S_3_200	1	ENV_NO2	0.259634	0.154062	-0.105572	0.750250	2.000000	1.000000	0	1	0	1.000000	0.000000	0.000000
ASV_274_16S_3_200	OTU_470_18S_3_200	1	ENV_NO2	0.727238	0.573121	-0.154117	0.917083	3.000000	1.000000	0	0	1	1.000000	0.000000	0.000000
ASV_1581_16S_022_3	OTU_471_18S_3_200	1	ENV_NO2	0.530189	-0.052198	-0.582388	0.417582	3.000000	1.000000	0	0	1	1.000000	0.000000	0.000000
OTU_234_18S_022_3	OTU_471_18S_3_200	1	ENV_NO2	0.378912	0.532253	0.153341	nan	2.000000	1.000000	0	1	0	1.000000	0.000000	0.000000
ASV_847_16S_022_3	OTU_377_18S_3_200	1	ENV_NO2	0.506801	0.006423	-0.500378	0.417582	3.000000	1.000000	0	0	1	1.000000	0.000000	0.000000
OTU_26_18S_022_3	OTU_377_18S_3_200	1	ENV_NO2	0.365844	-0.034445	-0.400289	0.416583	2.000000	1.000000	0	1	0	1.000000	0.000000	0.000000
OTU_476_18S_3_200	OTU_377_18S_3_200	1	ENV_NO2	0.612260	0.052198	-0.560061	0.083916	3.000000	1.000000	0	0	1	1.000000	0.000000	0.000000
ASV_1244_16S_022_3	OTU_487_18S_3_200	1	ENV_NO2	0.414059	0.000000	-0.414059	0.333666	3.000000	1.000000	0	0	1	1.000000	0.000000	0.000000
OTU_1213_18S_022_3	OTU_487_18S_3_200	1	ENV_NO2	0.551385	0.000000	-0.551385	0.250749	3.000000	1.000000	0	0	1	1.000000	0.000000	0.000000
OTU_2135_18S_022_3	OTU_492_18S_3_200	1	ENV_NO2	0.599096	0.023317	-0.575779	0.750250	3.000000	1.000000	0	0	1	1.000000	0.000000	0.000000
OTU_403_18S_3_200	OTU_492_18S_3_200	1	ENV_NO2	0.519532	0.023317	-0.496215	0.751249	3.000000	1.000000	0	0	1	1.000000	0.000000	0.000000
OTU_128_18S_3_200	OTU_506_18S_3_200	1	ENV_NO2	0.528981	0.143749	-0.385231	0.668332	3.000000	1.000000	0	0	1	1.000000	0.000000	0.000000
ASV_872_16S_022_3	OTU_515_18S_3_200	1	ENV_NO2	0.356297	0.057762	-0.298534	0.500500	3.000000	1.000000	0	0	1	1.000000	0.000000	0.000000
ASV_1401_16S_022_3	OTU_515_18S_3_200	1	ENV_NO2	0.599096	0.115525	-0.483572	0.750250	3.000000	1.000000	0	0	1	1.000000	0.000000	0.000000
OTU_1413_18S_022_3	OTU_515_18S_3_200	1	ENV_NO2	0.599096	0.115525	-0.483572	0.750250	3.000000	1.000000	0	0	1	1.000000	0.000000	0.000000
OTU_1611_18S_022_3	OTU_515_18S_3_200	1	ENV_NO2	0.435861	0.288155	-0.147706	0.584416	3.000000	1.000000	0	0	1	1.000000	0.000000	0.000000
OTU_2736_18S_022_3	OTU_515_18S_3_200	1	ENV_NO2	0.541334	-0.045776	-0.587109	0.666334	3.000000	1.000000	0	0	1	1.000000	0.000000	0.000000
OTU_288_18S_3_200	OTU_536_18S_3_200	1	ENV_NO2	0.573132	0.366045	-0.207086	0.250749	3.000000	1.000000	0	0	1	1.000000	0.000000	0.000000
OTU_902_18S_022_3	OTU_498_18S_3_200	1	ENV_NO2	0.691963	0.254228	-0.437736	0.333666	3.000000	1.000000	0	0	1	1.000000	0.000000	0.000000
OTU_151_18S_3_200	OTU_498_18S_3_200	1	ENV_NO2	0.878985	0.941526	0.062541	nan	3.000000	1.000000	0	0	1	1.000000	0.000000	0.000000
OTU_270_18S_3_200	OTU_498_18S_3_200	1	ENV_NO2	0.847616	0.757426	-0.090189	0.833167	3.000000	1.000000	0	0	1	1.000000	0.000000	0.000000
OTU_125_18S_3_200	OTU_480_18S_3_200	1	ENV_NO2	0.774566	0.210309	-0.564257	0.250749	3.000000	1.000000	0	0	1	1.000000	0.000000	0.000000
ASV_269_16S_3_200	OTU_537_18S_3_200	1	ENV_NO2	0.638154	0.000000	-0.638154	0.417582	3.000000	1.000000	0	0	1	1.000000	0.000000	0.000000
OTU_419_18S_3_200	OTU_537_18S_3_200	1	ENV_NO2	0.612260	0.000000	-0.612260	0.417582	3.000000	1.000000	0	0	1	1.000000	0.000000	0.000000
OTU_714_18S_022_3	OTU_534_18S_3_200	1	ENV_NO2	0.477917	0.003548	-0.474369	0.417582	3.000000	1.000000	0	0	1	1.000000	0.000000	0.000000
OTU_236_18S_3_200	OTU_534_18S_3_200	1	ENV_NO2	0.590557	0.635459	0.044902	nan	3.000000	1.000000	0	0	1	1.000000	0.000000	0.000000
ASV_1115_16S_022_3	OTU_550_18S_3_200	1	ENV_NO2	0.497730	0.489167	-0.008563	0.750250	3.000000	1.000000	0	0	1	1.000000	0.000000	0.000000
ASV_2281_16S_3_200	OTU_550_18S_3_200	1	ENV_NO2	0.519532	0.465849	-0.053683	0.500500	3.000000	1.000000	0	0	1	1.000000	0.000000	0.000000
OTU_398_18S_3_200	OTU_550_18S_3_200	1	ENV_NO2	0.334495	0.818902	0.484408	nan	2.000000	1.000000	0	1	0	1.000000	0.000000	0.000000
ASV_448_16S_3_200	OTU_539_18S_3_200	1	ENV_NO2	0.510733	0.592863	0.082130	nan	3.000000	1.000000	0	0	1	1.000000	0.000000	0.000000
OTU_413_18S_022_3	OTU_512_18S_3_200	1	ENV_NO2	0.680162	0.207076	-0.473086	0.750250	3.000000	1.000000	0	0	1	1.000000	0.000000	0.000000
OTU_217_18S_3_200	OTU_512_18S_3_200	1	ENV_NO2	0.623996	-0.062670	-0.686666	0.666334	3.000000	1.000000	0	0	1	1.000000	0.000000	0.000000
OTU_373_18S_3_200	OTU_560_18S_3_200	1	ENV_NO2	0.552543	0.117557	-0.434985	0.583417	3.000000	1.000000	0	0	1	1.000000	0.000000	0.000000
OTU_362_18S_3_200	OTU_568_18S_3_200	1	ENV_NO2	0.439351	-0.062670	-0.502021	0.249750	3.000000	1.000000	0	0	1	1.000000	0.000000	0.000000
ASV_358_16S_022_3	OTU_582_18S_3_200	1	ENV_NO2	0.556959	0.547632	-0.009326	0.666334	3.000000	1.000000	0	0	1	1.000000	0.000000	0.000000
ASV_469_16S_022_3	OTU_582_18S_3_200	1	ENV_NO2	0.447282	0.332415	-0.114866	0.833167	2.000000	1.000000	0	1	0	1.000000	0.000000	0.000000
ASV_448_16S_3_200	OTU_582_18S_3_200	1	ENV_NO2	0.628798	0.074657	-0.554142	0.166833	3.000000	1.000000	0	0	1	1.000000	0.000000	0.000000
ASV_666_16S_022_3	OTU_588_18S_3_200	1	ENV_NO2	0.452871	0.087503	-0.365368	0.167832	3.000000	1.000000	0	0	1	1.000000	0.000000	0.000000
OTU_453_18S_3_200	OTU_598_18S_3_200	1	ENV_NO2	0.397040	0.418429	0.021390	nan	3.000000	1.000000	0	0	1	1.000000	0.000000	0.000000
OTU_303_18S_3_200	OTU_605_18S_3_200	1	ENV_NO2	0.581774	0.020443	-0.561332	0.000999	3.000000	1.000000	0	0	1	1.000000	0.000000	0.000000
OTU_598_18S_3_200	OTU_605_18S_3_200	1	ENV_NO2	0.476315	0.557271	0.080956	nan	3.000000	1.000000	0	0	1	1.000000	0.000000	0.000000
ASV_755_16S_022_3	OTU_610_18S_3_200	1	ENV_NO2	0.603865	0.166208	-0.437657	0.833167	3.000000	1.000000	0	0	1	1.000000	0.000000	0.000000
OTU_712_18S_022_3	OTU_610_18S_3_200	1	ENV_NO2	0.438177	0.109961	-0.328216	0.667333	3.000000	1.000000	0	0	1	1.000000	0.000000	0.000000
OTU_2037_18S_022_3	OTU_610_18S_3_200	1	ENV_NO2	0.546102	0.028881	-0.517221	0.334665	3.000000	1.000000	0	0	1	1.000000	0.000000	0.000000
OTU_1252_18S_022_3	OTU_621_18S_3_200	1	ENV_NO2	0.519532	-0.086643	-0.606175	0.416583	3.000000	1.000000	0	0	1	1.000000	0.000000	0.000000
OTU_1290_18S_022_3	OTU_621_18S_3_200	1	ENV_NO2	0.541334	0.000000	-0.541334	0.500500	3.000000	1.000000	0	0	1	1.000000	0.000000	0.000000
OTU_325_18S_3_200	OTU_613_18S_3_200	1	ENV_NO2	0.869203	0.097974	-0.771229	0.500500	3.000000	1.000000	0	0	1	1.000000	0.000000	0.000000
ASV_600_16S_022_3	OTU_625_18S_3_200	1	ENV_NO2	0.487679	0.053372	-0.434306	0.833167	3.000000	1.000000	0	0	1	1.000000	0.000000	0.000000
ASV_431_16S_022_3	OTU_641_18S_3_200	1	ENV_NO2	0.590836	0.074657	-0.516179	0.750250	3.000000	1.000000	0	0	1	1.000000	0.000000	0.000000
OTU_72_18S_022_3	OTU_641_18S_3_200	1	ENV_NO2	0.321116	0.086643	-0.234472	0.333666	3.000000	1.000000	0	0	1	1.000000	0.000000	0.000000
OTU_671_18S_022_3	OTU_577_18S_3_200	1	ENV_NO2	0.545814	0.016894	-0.528920	0.083916	3.000000	1.000000	0	0	1	1.000000	0.000000	0.000000
OTU_714_18S_022_3	OTU_577_18S_3_200	1	ENV_NO2	0.576016	0.031256	-0.544760	0.250749	3.000000	1.000000	0	0	1	1.000000	0.000000	0.000000
OTU_2105_18S_022_3	OTU_577_18S_3_200	1	ENV_NO2	0.465365	0.070608	-0.394757	0.417582	3.000000	1.000000	0	0	1	1.000000	0.000000	0.000000
OTU_539_18S_3_200	OTU_577_18S_3_200	1	ENV_NO2	0.634062	0.836815	0.202753	nan	3.000000	1.000000	0	0	1	1.000000	0.000000	0.000000
ASV_1139_16S_022_3	OTU_624_18S_3_200	1	ENV_NO2	0.531283	0.115525	-0.415758	0.750250	3.000000	1.000000	0	0	1	1.000000	0.000000	0.000000
OTU_689_18S_022_3	OTU_564_18S_3_200	1	ENV_NO2	0.487247	0.109961	-0.377286	0.917083	3.000000	1.000000	0	0	1	1.000000	0.000000	0.000000
ASV_776_16S_022_3	OTU_622_18S_3_200	1	ENV_NO2	0.547893	0.178194	-0.369699	0.917083	3.000000	1.000000	0	0	1	1.000000	0.000000	0.000000
ASV_1258_16S_022_3	OTU_622_18S_3_200	1	ENV_NO2	0.603203	0.115525	-0.487679	0.834166	3.000000	1.000000	0	0	1	1.000000	0.000000	0.000000
OTU_197_18S_3_200	OTU_622_18S_3_200	1	ENV_NO2	0.670400	0.103538	-0.566862	0.833167	3.000000	1.000000	0	0	1	1.000000	0.000000	0.000000
OTU_32_18S_3_200	OTU_655_18S_3_200	1	ENV_NO2	0.514539	1.161780	0.647241	nan	3.000000	1.000000	0	0	1	1.000000	0.000000	0.000000
OTU_236_18S_3_200	OTU_655_18S_3_200	1	ENV_NO2	0.804181	0.150487	-0.653694	0.499500	3.000000	1.000000	0	0	1	1.000000	0.000000	0.000000
ASV_622_16S_022_3	OTU_670_18S_3_200	1	ENV_NO2	0.614756	-0.037837	-0.652593	0.416583	3.000000	1.000000	0	0	1	1.000000	0.000000	0.000000
OTU_1283_18S_022_3	OTU_670_18S_3_200	1	ENV_NO2	0.669738	-0.004048	-0.673787	0.500500	3.000000	1.000000	0	0	1	1.000000	0.000000	0.000000
ASV_413_16S_022_3	OTU_680_18S_3_200	1	ENV_NO2	0.564359	-0.052198	-0.616557	0.834166	3.000000	1.000000	0	0	1	1.000000	0.000000	0.000000
ASV_434_16S_022_3	OTU_680_18S_3_200	1	ENV_NO2	0.483586	-0.105239	-0.588824	0.500500	3.000000	1.000000	0	0	1	1.000000	0.000000	0.000000
ASV_1963_16S_3_200	OTU_680_18S_3_200	1	ENV_NO2	0.682767	0.039353	-0.643415	0.833167	3.000000	1.000000	0	0	1	1.000000	0.000000	0.000000
ASV_255_16S_022_3	OTU_682_18S_3_200	1	ENV_NO2	0.410194	0.580257	0.170063	nan	3.000000	1.000000	0	0	1	1.000000	0.000000	0.000000
ASV_1999_16S_022_3	OTU_682_18S_3_200	1	ENV_NO2	0.552608	-0.091551	-0.644159	0.083916	3.000000	1.000000	0	0	1	1.000000	0.000000	0.000000
ASV_255_16S_3_200	OTU_682_18S_3_200	1	ENV_NO2	0.415326	0.359493	-0.055833	0.083916	3.000000	1.000000	0	0	1	1.000000	0.000000	0.000000
OTU_362_18S_3_200	OTU_671_18S_3_200	1	ENV_NO2	0.749964	-0.043086	-0.793051	0.666334	3.000000	1.000000	0	0	1	1.000000	0.000000	0.000000
OTU_50_18S_022_3	OTU_691_18S_3_200	1	ENV_NO2	0.318604	0.277028	-0.041577	0.500500	3.000000	1.000000	0	0	1	1.000000	0.000000	0.000000
OTU_286_18S_3_200	OTU_691_18S_3_200	1	ENV_NO2	0.567243	0.162159	-0.405084	0.417582	3.000000	1.000000	0	0	1	1.000000	0.000000	0.000000
ASV_1949_16S_022_3	OTU_699_18S_3_200	1	ENV_NO2	0.372816	0.751130	0.378314	nan	3.000000	1.000000	0	0	1	1.000000	0.000000	0.000000
OTU_788_18S_022_3	OTU_699_18S_3_200	1	ENV_NO2	0.456393	0.683599	0.227206	nan	3.000000	1.000000	0	0	1	1.000000	0.000000	0.000000
OTU_711_18S_022_3	OTU_726_18S_3_200	1	ENV_NO2	0.603203	0.000000	-0.603203	0.666334	3.000000	1.000000	0	0	1	1.000000	0.000000	0.000000
OTU_419_18S_022_3	OTU_646_18S_3_200	1	ENV_NO2	0.659956	0.052198	-0.607758	0.167832	3.000000	1.000000	0	0	1	1.000000	0.000000	0.000000
OTU_34_18S_3_200	OTU_646_18S_3_200	1	ENV_NO2	0.563320	0.041727	-0.521593	0.167832	3.000000	1.000000	0	0	1	1.000000	0.000000	0.000000
ASV_613_16S_022_3	OTU_711_18S_3_200	1	ENV_NO2	0.519532	0.000000	-0.519532	0.417582	3.000000	1.000000	0	0	1	1.000000	0.000000	0.000000
ASV_1707_16S_022_3	OTU_711_18S_3_200	1	ENV_NO2	0.461770	0.000000	-0.461770	0.417582	3.000000	1.000000	0	0	1	1.000000	0.000000	0.000000
ASV_1747_16S_022_3	OTU_711_18S_3_200	1	ENV_NO2	0.519532	0.000000	-0.519532	0.417582	3.000000	1.000000	0	0	1	1.000000	0.000000	0.000000
OTU_866_18S_022_3	OTU_741_18S_3_200	1	ENV_NO2	0.461770	0.178194	-0.283575	0.833167	3.000000	1.000000	0	0	1	1.000000	0.000000	0.000000
OTU_2656_18S_022_3	OTU_749_18S_3_200	1	ENV_NO2	0.327421	0.057762	-0.269658	0.917083	2.000000	1.000000	0	1	0	1.000000	0.000000	0.000000
OTU_8089_18S_022_3	OTU_756_18S_3_200	1	ENV_NO2	0.416375	0.178194	-0.238180	0.750250	3.000000	1.000000	0	0	1	1.000000	0.000000	0.000000
OTU_729_18S_022_3	OTU_722_18S_3_200	1	ENV_NO2	0.820761	0.145782	-0.674978	0.416583	3.000000	1.000000	0	0	1	1.000000	0.000000	0.000000
OTU_498_18S_3_200	OTU_722_18S_3_200	1	ENV_NO2	0.809487	0.352202	-0.457285	0.417582	3.000000	1.000000	0	0	1	1.000000	0.000000	0.000000
ASV_253_16S_022_3	OTU_747_18S_3_200	1	ENV_NO2	0.705530	0.277028	-0.428502	0.416583	3.000000	1.000000	0	0	1	1.000000	0.000000	0.000000
OTU_196_18S_3_200	OTU_653_18S_3_200	1	ENV_NO2	0.612638	1.304467	0.691829	nan	3.000000	1.000000	0	0	1	1.000000	0.000000	0.000000
OTU_68_18S_3_200	OTU_778_18S_3_200	1	ENV_NO2	0.792907	0.264182	-0.528725	0.500500	3.000000	1.000000	0	0	1	1.000000	0.000000	0.000000
ASV_1459_16S_022_3	OTU_714_18S_3_200	1	ENV_NO2	0.599096	1.098454	0.499357	nan	3.000000	1.000000	0	0	1	1.000000	0.000000	0.000000
OTU_817_18S_022_3	OTU_714_18S_3_200	1	ENV_NO2	0.603865	-0.023317	-0.627182	0.499500	3.000000	1.000000	0	0	1	1.000000	0.000000	0.000000
ASV_706_16S_3_200	OTU_714_18S_3_200	1	ENV_NO2	0.625005	-0.035304	-0.660309	0.416583	3.000000	1.000000	0	0	1	1.000000	0.000000	0.000000
ASV_1215_16S_3_200	OTU_698_18S_3_200	1	ENV_NO2	0.789639	0.097974	-0.691665	0.250749	3.000000	1.000000	0	0	1	1.000000	0.000000	0.000000
ASV_1127_16S_022_3	OTU_800_18S_3_200	1	ENV_NO2	0.299011	0.669580	0.370569	nan	3.000000	1.000000	0	0	1	1.000000	0.000000	0.000000
ASV_1043_16S_022_3	OTU_791_18S_3_200	1	ENV_NO2	0.439968	-0.028881	-0.468849	0.917083	3.000000	1.000000	0	0	1	1.000000	0.000000	0.000000
ASV_972_16S_3_200	OTU_791_18S_3_200	1	ENV_NO2	0.519532	1.098454	0.578922	nan	3.000000	1.000000	0	0	1	1.000000	0.000000	0.000000
ASV_1190_16S_022_3	OTU_817_18S_3_200	1	ENV_NO2	0.521033	0.006423	-0.514610	0.335664	3.000000	1.000000	0	0	1	1.000000	0.000000	0.000000
ASV_444_16S_022_3	OTU_799_18S_3_200	1	ENV_NO2	0.682767	1.276648	0.593881	nan	3.000000	1.000000	0	0	1	1.000000	0.000000	0.000000
ASV_469_16S_022_3	OTU_799_18S_3_200	1	ENV_NO2	0.575081	1.087123	0.512042	nan	3.000000	1.000000	0	0	1	1.000000	0.000000	0.000000
OTU_826_18S_022_3	OTU_799_18S_3_200	1	ENV_NO2	0.632843	-0.097974	-0.730817	0.083916	3.000000	1.000000	0	0	1	1.000000	0.000000	0.000000
ASV_725_16S_022_3	OTU_797_18S_3_200	1	ENV_NO2	0.807065	0.062670	-0.744395	0.000999	3.000000	1.000000	0	0	1	1.000000	0.000000	0.000000
ASV_1632_16S_022_3	OTU_797_18S_3_200	1	ENV_NO2	0.728162	0.028881	-0.699281	0.084915	3.000000	1.000000	0	0	1	1.000000	0.000000	0.000000
ASV_1223_16S_022_3	OTU_842_18S_3_200	1	ENV_NO2	0.497730	0.028881	-0.468849	0.251748	3.000000	1.000000	0	0	1	1.000000	0.000000	0.000000
ASV_472_16S_022_3	OTU_761_18S_3_200	1	ENV_NO2	0.609092	0.238331	-0.370761	0.166833	3.000000	1.000000	0	0	1	1.000000	0.000000	0.000000
OTU_384_18S_022_3	OTU_761_18S_3_200	1	ENV_NO2	0.520755	0.053714	-0.467041	0.167832	3.000000	1.000000	0	0	1	1.000000	0.000000	0.000000
ASV_643_16S_022_3	OTU_839_18S_3_200	1	ENV_NO2	0.519532	0.000000	-0.519532	1.000000	3.000000	1.000000	0	0	1	1.000000	0.000000	0.000000
ASV_1375_16S_022_3	OTU_839_18S_3_200	1	ENV_NO2	0.416375	-0.074657	-0.491031	1.000000	3.000000	1.000000	0	0	1	1.000000	0.000000	0.000000
ASV_2032_16S_3_200	OTU_839_18S_3_200	1	ENV_NO2	0.519532	0.000000	-0.519532	0.750250	3.000000	1.000000	0	0	1	1.000000	0.000000	0.000000
ASV_1002_16S_022_3	OTU_858_18S_3_200	1	ENV_NO2	0.931565	0.802526	-0.129039	0.500500	3.000000	1.000000	0	0	1	1.000000	0.000000	0.000000
ASV_1411_16S_022_3	OTU_858_18S_3_200	1	ENV_NO2	0.608346	-0.038179	-0.646525	0.334665	3.000000	1.000000	0	0	1	1.000000	0.000000	0.000000
OTU_999_18S_022_3	OTU_868_18S_3_200	1	ENV_NO2	0.623912	0.000000	-0.623912	0.500500	3.000000	1.000000	0	0	1	1.000000	0.000000	0.000000
OTU_2097_18S_022_3	OTU_868_18S_3_200	1	ENV_NO2	0.484794	0.014020	-0.470775	0.833167	3.000000	1.000000	0	0	1	1.000000	0.000000	0.000000
OTU_671_18S_3_200	OTU_868_18S_3_200	1	ENV_NO2	0.429484	0.100663	-0.328821	0.500500	2.000000	1.000000	0	1	0	1.000000	0.000000	0.000000
OTU_698_18S_022_3	OTU_787_18S_3_200	1	ENV_NO2	0.509218	0.126199	-0.383019	0.166833	3.000000	1.000000	0	0	1	1.000000	0.000000	0.000000
OTU_787_18S_022_3	OTU_787_18S_3_200	1	ENV_NO2	0.578796	0.200856	-0.377940	0.167832	3.000000	1.000000	0	0	1	1.000000	0.000000	0.000000
OTU_1304_18S_022_3	OTU_787_18S_3_200	1	ENV_NO2	0.670400	0.085987	-0.584413	0.166833	3.000000	1.000000	0	0	1	1.000000	0.000000	0.000000
OTU_605_18S_3_200	OTU_871_18S_3_200	1	ENV_NO2	0.480453	0.557271	0.076818	nan	3.000000	1.000000	0	0	1	1.000000	0.000000	0.000000
ASV_229_16S_022_3	OTU_866_18S_3_200	1	ENV_NO2	0.646807	1.319143	0.672336	nan	3.000000	1.000000	0	0	1	1.000000	0.000000	0.000000
ASV_306_16S_022_3	OTU_866_18S_3_200	1	ENV_NO2	0.682767	1.661421	0.978653	nan	3.000000	1.000000	0	0	1	1.000000	0.000000	0.000000
ASV_635_16S_022_3	OTU_866_18S_3_200	1	ENV_NO2	0.484794	-0.077531	-0.562326	0.083916	3.000000	1.000000	0	0	1	1.000000	0.000000	0.000000
OTU_106_18S_3_200	OTU_767_18S_3_200	1	ENV_NO2	1.032176	0.286640	-0.745537	0.750250	3.000000	1.000000	0	0	1	1.000000	0.000000	0.000000
OTU_536_18S_3_200	OTU_767_18S_3_200	1	ENV_NO2	0.837088	0.166208	-0.670880	0.749251	3.000000	1.000000	0	0	1	1.000000	0.000000	0.000000
ASV_1215_16S_022_3	OTU_879_18S_3_200	1	ENV_NO2	0.807726	0.137327	-0.670400	0.333666	3.000000	1.000000	0	0	1	1.000000	0.000000	0.000000
ASV_1551_16S_022_3	OTU_879_18S_3_200	1	ENV_NO2	0.785924	0.045776	-0.740149	0.417582	3.000000	1.000000	0	0	1	1.000000	0.000000	0.000000
OTU_430_18S_022_3	OTU_879_18S_3_200	1	ENV_NO2	0.587951	-0.074657	-0.662608	0.250749	3.000000	1.000000	0	0	1	1.000000	0.000000	0.000000
ASV_2004_16S_3_200	OTU_879_18S_3_200	1	ENV_NO2	0.625005	0.028881	-0.596124	0.000999	3.000000	1.000000	0	0	1	1.000000	0.000000	0.000000
OTU_2919_18S_022_3	OTU_886_18S_3_200	1	ENV_NO2	0.541334	0.143749	-0.397584	0.749251	3.000000	1.000000	0	0	1	1.000000	0.000000	0.000000
ASV_636_16S_022_3	OTU_889_18S_3_200	1	ENV_NO2	0.516648	0.057762	-0.458885	0.834166	3.000000	1.000000	0	0	1	1.000000	0.000000	0.000000
OTU_756_18S_3_200	OTU_889_18S_3_200	1	ENV_NO2	0.474137	0.207076	-0.267062	0.917083	3.000000	1.000000	0	0	1	1.000000	0.000000	0.000000
ASV_376_16S_022_3	OTU_855_18S_3_200	1	ENV_NO2	0.404007	-0.052198	-0.456206	0.916084	3.000000	1.000000	0	0	1	1.000000	0.000000	0.000000
ASV_606_16S_022_3	OTU_855_18S_3_200	1	ENV_NO2	0.406323	-0.000000	-0.406323	0.916084	3.000000	1.000000	0	0	1	1.000000	0.000000	0.000000
OTU_756_18S_3_200	OTU_855_18S_3_200	1	ENV_NO2	0.567243	-0.052198	-0.619441	0.916084	3.000000	1.000000	0	0	1	1.000000	0.000000	0.000000
ASV_322_16S_022_3	OTU_829_18S_3_200	1	ENV_NO2	0.603203	1.058242	0.455039	nan	3.000000	1.000000	0	0	1	1.000000	0.000000	0.000000
ASV_969_16S_022_3	OTU_829_18S_3_200	1	ENV_NO2	0.660965	0.582077	-0.078888	0.750250	3.000000	1.000000	0	0	1	1.000000	0.000000	0.000000
OTU_142_18S_3_200	OTU_829_18S_3_200	1	ENV_NO2	0.458895	-0.045776	-0.504670	0.499500	3.000000	1.000000	0	0	1	1.000000	0.000000	0.000000
OTU_136_18S_3_200	OTU_902_18S_3_200	1	ENV_NO2	0.747632	0.174664	-0.572968	0.666334	3.000000	1.000000	0	0	1	1.000000	0.000000	0.000000
ASV_2093_16S_022_3	OTU_923_18S_3_200	1	ENV_NO2	0.483572	0.120432	-0.363140	0.418581	3.000000	1.000000	0	0	1	1.000000	0.000000	0.000000
OTU_243_18S_022_3	OTU_924_18S_3_200	1	ENV_NO2	0.425809	-0.028881	-0.454691	0.415584	3.000000	1.000000	0	0	1	1.000000	0.000000	0.000000
OTU_68_18S_3_200	OTU_924_18S_3_200	1	ENV_NO2	0.425809	0.000000	-0.425809	0.332667	3.000000	1.000000	0	0	1	1.000000	0.000000	0.000000
OTU_778_18S_3_200	OTU_924_18S_3_200	1	ENV_NO2	0.541334	0.000000	-0.541334	0.415584	3.000000	1.000000	0	0	1	1.000000	0.000000	0.000000
ASV_600_16S_022_3	OTU_932_18S_3_200	1	ENV_NO2	0.567243	-0.028881	-0.596124	0.667333	3.000000	1.000000	0	0	1	1.000000	0.000000	0.000000
OTU_456_18S_3_200	OTU_932_18S_3_200	1	ENV_NO2	0.713342	-0.074657	-0.787999	0.500500	3.000000	1.000000	0	0	1	1.000000	0.000000	0.000000
OTU_183_18S_3_200	OTU_962_18S_3_200	1	ENV_NO2	0.427451	0.761140	0.333690	nan	3.000000	1.000000	0	0	1	1.000000	0.000000	0.000000
OTU_303_18S_3_200	OTU_904_18S_3_200	1	ENV_NO2	0.767837	0.241723	-0.526114	0.917083	3.000000	1.000000	0	0	1	1.000000	0.000000	0.000000
OTU_222_18S_022_3	OTU_960_18S_3_200	1	ENV_NO2	0.486585	-0.045776	-0.532361	0.833167	3.000000	1.000000	0	0	1	1.000000	0.000000	0.000000
OTU_413_18S_022_3	OTU_911_18S_3_200	1	ENV_NO2	0.753679	0.298627	-0.455052	0.583417	3.000000	1.000000	0	0	1	1.000000	0.000000	0.000000
OTU_850_18S_022_3	OTU_911_18S_3_200	1	ENV_NO2	0.771105	0.062670	-0.708435	0.666334	3.000000	1.000000	0	0	1	1.000000	0.000000	0.000000
OTU_82_18S_3_200	OTU_911_18S_3_200	1	ENV_NO2	0.805394	0.115525	-0.689869	0.666334	3.000000	1.000000	0	0	1	1.000000	0.000000	0.000000
OTU_268_18S_3_200	OTU_911_18S_3_200	1	ENV_NO2	0.747632	0.024491	-0.723141	0.415584	3.000000	1.000000	0	0	1	1.000000	0.000000	0.000000
OTU_456_18S_3_200	OTU_911_18S_3_200	1	ENV_NO2	0.525609	0.045776	-0.479833	0.749251	3.000000	1.000000	0	0	1	1.000000	0.000000	0.000000
OTU_904_18S_3_200	OTU_911_18S_3_200	1	ENV_NO2	0.863156	0.211983	-0.651173	0.749251	3.000000	1.000000	0	0	1	1.000000	0.000000	0.000000
ASV_500_16S_022_3	OTU_994_18S_3_200	1	ENV_NO2	0.542557	-0.033789	-0.576345	0.250749	3.000000	1.000000	0	0	1	1.000000	0.000000	0.000000
OTU_498_18S_022_3	OTU_994_18S_3_200	1	ENV_NO2	0.508272	0.057762	-0.450510	0.250749	3.000000	1.000000	0	0	1	1.000000	0.000000	0.000000
ASV_1566_16S_022_3	OTU_909_18S_3_200	1	ENV_NO2	0.670400	0.000000	-0.670400	0.750250	3.000000	1.000000	0	0	1	1.000000	0.000000	0.000000
ASV_787_16S_3_200	OTU_909_18S_3_200	1	ENV_NO2	0.574419	0.081080	-0.493340	0.334665	3.000000	1.000000	0	0	1	1.000000	0.000000	0.000000
OTU_128_18S_3_200	OTU_909_18S_3_200	1	ENV_NO2	0.550121	0.195948	-0.354173	0.917083	3.000000	1.000000	0	0	1	1.000000	0.000000	0.000000
OTU_351_18S_3_200	OTU_909_18S_3_200	1	ENV_NO2	0.572301	0.081080	-0.491221	0.417582	3.000000	1.000000	0	0	1	1.000000	0.000000	0.000000
OTU_476_18S_3_200	OTU_937_18S_3_200	1	ENV_NO2	0.597529	0.066218	-0.531311	0.166833	3.000000	1.000000	0	0	1	1.000000	0.000000	0.000000
ASV_762_16S_022_3	OTU_985_18S_3_200	1	ENV_NO2	0.542557	0.000000	-0.542557	1.000000	3.000000	1.000000	0	0	1	1.000000	0.000000	0.000000
ASV_1439_16S_3_200	OTU_985_18S_3_200	1	ENV_NO2	0.487679	0.000000	-0.487679	0.500500	3.000000	1.000000	0	0	1	1.000000	0.000000	0.000000
ASV_1088_16S_022_3	OTU_997_18S_3_200	1	ENV_NO2	0.439968	0.000000	-0.439968	0.500500	3.000000	1.000000	0	0	1	1.000000	0.000000	0.000000
OTU_582_18S_022_3	OTU_997_18S_3_200	1	ENV_NO2	0.494846	0.081080	-0.413766	0.000999	3.000000	1.000000	0	0	1	1.000000	0.000000	0.000000
ASV_101_16S_3_200	OTU_997_18S_3_200	1	ENV_NO2	0.493623	0.000000	-0.493623	0.500500	3.000000	1.000000	0	0	1	1.000000	0.000000	0.000000
ASV_673_16S_3_200	OTU_997_18S_3_200	1	ENV_NO2	0.519532	0.023317	-0.496215	0.667333	3.000000	1.000000	0	0	1	1.000000	0.000000	0.000000
OTU_103_18S_3_200	OTU_997_18S_3_200	1	ENV_NO2	0.458885	-0.045776	-0.504661	0.334665	3.000000	1.000000	0	0	1	1.000000	0.000000	0.000000
ASV_321_16S_3_200	OTU_973_18S_3_200	1	ENV_NO2	0.739521	0.265041	-0.474480	0.833167	3.000000	1.000000	0	0	1	1.000000	0.000000	0.000000
OTU_1628_18S_022_3	OTU_989_18S_3_200	1	ENV_NO2	0.599096	0.000000	-0.599096	0.500500	3.000000	1.000000	0	0	1	1.000000	0.000000	0.000000
OTU_2662_18S_022_3	OTU_989_18S_3_200	1	ENV_NO2	0.656858	0.000000	-0.656858	0.500500	3.000000	1.000000	0	0	1	1.000000	0.000000	0.000000
OTU_2876_18S_022_3	OTU_989_18S_3_200	1	ENV_NO2	0.599096	0.000000	-0.599096	0.582418	3.000000	1.000000	0	0	1	1.000000	0.000000	0.000000
ASV_482_16S_022_3	OTU_1019_18S_3_200	1	ENV_NO2	0.366306	-0.045776	-0.412082	0.500500	2.000000	1.000000	0	1	0	1.000000	0.000000	0.000000
OTU_902_18S_022_3	OTU_1019_18S_3_200	1	ENV_NO2	0.734015	0.190043	-0.543972	0.751249	3.000000	1.000000	0	0	1	1.000000	0.000000	0.000000
OTU_166_18S_3_200	OTU_1019_18S_3_200	1	ENV_NO2	0.843771	0.644923	-0.198848	0.751249	3.000000	1.000000	0	0	1	1.000000	0.000000	0.000000
OTU_543_18S_022_3	OTU_505_18S_3_200	1	ENV_NO2	0.404266	0.399834	-0.004432	0.666334	3.000000	1.000000	0	0	1	1.000000	0.000000	0.000000
ASV_1587_16S_022_3	OTU_1034_18S_3_200	1	ENV_NO2	0.593441	0.028881	-0.564560	0.750250	3.000000	1.000000	0	0	1	1.000000	0.000000	0.000000
OTU_71_18S_022_3	OTU_1034_18S_3_200	1	ENV_NO2	0.645052	0.120432	-0.524620	0.751249	3.000000	1.000000	0	0	1	1.000000	0.000000	0.000000
OTU_1460_18S_022_3	OTU_859_18S_3_200	1	ENV_NO2	0.599096	0.000000	-0.599096	0.416583	3.000000	1.000000	0	0	1	1.000000	0.000000	0.000000
OTU_3598_18S_022_3	OTU_859_18S_3_200	1	ENV_NO2	0.567243	0.052198	-0.515044	0.333666	3.000000	1.000000	0	0	1	1.000000	0.000000	0.000000
OTU_6834_18S_022_3	OTU_859_18S_3_200	1	ENV_NO2	0.461770	0.000000	-0.461770	0.500500	3.000000	1.000000	0	0	1	1.000000	0.000000	0.000000
ASV_1593_16S_022_3	OTU_965_18S_3_200	1	ENV_NO2	0.541334	0.000000	-0.541334	0.917083	3.000000	1.000000	0	0	1	1.000000	0.000000	0.000000
OTU_506_18S_3_200	OTU_965_18S_3_200	1	ENV_NO2	0.569695	0.000000	-0.569695	0.416583	3.000000	1.000000	0	0	1	1.000000	0.000000	0.000000
OTU_625_18S_3_200	OTU_965_18S_3_200	1	ENV_NO2	0.492737	-0.067060	-0.559797	0.250749	3.000000	1.000000	0	0	1	1.000000	0.000000	0.000000
OTU_166_18S_3_200	OTU_982_18S_3_200	1	ENV_NO2	0.534366	0.105912	-0.428454	0.751249	3.000000	1.000000	0	0	1	1.000000	0.000000	0.000000
ASV_1029_16S_022_3	OTU_1023_18S_3_200	1	ENV_NO2	0.379992	1.192335	0.812343	nan	2.000000	1.000000	0	1	0	1.000000	0.000000	0.000000
OTU_362_18S_3_200	OTU_1023_18S_3_200	1	ENV_NO2	0.475973	1.362885	0.886913	nan	3.000000	1.000000	0	0	1	1.000000	0.000000	0.000000
OTU_534_18S_3_200	OTU_833_18S_3_200	1	ENV_NO2	0.735144	0.836971	0.101826	nan	3.000000	1.000000	0	0	1	1.000000	0.000000	0.000000
ASV_1551_16S_022_3	OTU_1086_18S_3_200	1	ENV_NO2	0.379992	-0.074657	-0.454649	0.500500	3.000000	1.000000	0	0	1	1.000000	0.000000	0.000000
OTU_506_18S_3_200	OTU_1086_18S_3_200	1	ENV_NO2	0.511271	0.006423	-0.504848	0.667333	3.000000	1.000000	0	0	1	1.000000	0.000000	0.000000
OTU_151_18S_3_200	OTU_1076_18S_3_200	1	ENV_NO2	0.788351	0.088676	-0.699675	0.750250	3.000000	1.000000	0	0	1	1.000000	0.000000	0.000000
OTU_909_18S_3_200	OTU_1076_18S_3_200	1	ENV_NO2	0.666854	0.162159	-0.504695	0.917083	3.000000	1.000000	0	0	1	1.000000	0.000000	0.000000
OTU_136_18S_3_200	OTU_1095_18S_3_200	1	ENV_NO2	0.794444	0.696242	-0.098202	0.917083	3.000000	1.000000	0	0	1	1.000000	0.000000	0.000000
OTU_467_18S_3_200	OTU_1095_18S_3_200	1	ENV_NO2	0.638154	0.004908	-0.633247	0.333666	3.000000	1.000000	0	0	1	1.000000	0.000000	0.000000
OTU_2389_18S_022_3	OTU_1106_18S_3_200	1	ENV_NO2	0.599096	0.000000	-0.599096	0.750250	3.000000	1.000000	0	0	1	1.000000	0.000000	0.000000
OTU_989_18S_3_200	OTU_1106_18S_3_200	1	ENV_NO2	0.493623	0.081080	-0.412544	0.250749	3.000000	1.000000	0	0	1	1.000000	0.000000	0.000000
ASV_1705_16S_022_3	OTU_1114_18S_3_200	1	ENV_NO2	0.442284	0.033789	-0.408495	0.084915	3.000000	1.000000	0	0	1	1.000000	0.000000	0.000000
OTU_469_18S_022_3	OTU_1114_18S_3_200	1	ENV_NO2	0.404021	0.000000	-0.404021	0.250749	3.000000	1.000000	0	0	1	1.000000	0.000000	0.000000
OTU_322_18S_3_200	OTU_1114_18S_3_200	1	ENV_NO2	0.442284	-0.028881	-0.471165	0.583417	3.000000	1.000000	0	0	1	1.000000	0.000000	0.000000
ASV_874_16S_022_3	OTU_1121_18S_3_200	1	ENV_NO2	0.502498	-0.081921	-0.584420	0.500500	3.000000	1.000000	0	0	1	1.000000	0.000000	0.000000
OTU_1195_18S_022_3	OTU_1121_18S_3_200	1	ENV_NO2	0.569034	-0.069749	-0.638783	0.249750	3.000000	1.000000	0	0	1	1.000000	0.000000	0.000000
OTU_398_18S_3_200	OTU_1121_18S_3_200	1	ENV_NO2	0.497730	0.093066	-0.404664	0.917083	3.000000	1.000000	0	0	1	1.000000	0.000000	0.000000
ASV_636_16S_022_3	OTU_1105_18S_3_200	1	ENV_NO2	0.432090	0.057762	-0.374328	0.917083	3.000000	1.000000	0	0	1	1.000000	0.000000	0.000000
OTU_960_18S_3_200	OTU_1105_18S_3_200	1	ENV_NO2	0.609753	0.115525	-0.494229	0.750250	3.000000	1.000000	0	0	1	1.000000	0.000000	0.000000
ASV_986_16S_022_3	OTU_1104_18S_3_200	1	ENV_NO2	0.461770	0.000000	-0.461770	0.666334	3.000000	1.000000	0	0	1	1.000000	0.000000	0.000000
ASV_1804_16S_022_3	OTU_1104_18S_3_200	1	ENV_NO2	0.492737	0.000000	-0.492737	0.500500	3.000000	1.000000	0	0	1	1.000000	0.000000	0.000000
OTU_353_18S_3_200	OTU_1104_18S_3_200	1	ENV_NO2	0.486585	0.109305	-0.377281	0.500500	3.000000	1.000000	0	0	1	1.000000	0.000000	0.000000
OTU_547_18S_3_200	OTU_1148_18S_3_200	1	ENV_NO2	0.500922	0.123980	-0.376942	0.416583	3.000000	1.000000	0	0	1	1.000000	0.000000	0.000000
OTU_598_18S_3_200	OTU_1148_18S_3_200	1	ENV_NO2	0.681296	-0.000842	-0.682138	0.417582	3.000000	1.000000	0	0	1	1.000000	0.000000	0.000000
OTU_871_18S_3_200	OTU_1148_18S_3_200	1	ENV_NO2	0.577975	-0.000842	-0.578817	0.334665	3.000000	1.000000	0	0	1	1.000000	0.000000	0.000000
OTU_767_18S_3_200	OTU_1148_18S_3_200	1	ENV_NO2	0.720061	0.161300	-0.558761	0.667333	3.000000	1.000000	0	0	1	1.000000	0.000000	0.000000
OTU_534_18S_3_200	OTU_1027_18S_3_200	1	ENV_NO2	0.590557	0.745420	0.154862	nan	3.000000	1.000000	0	0	1	1.000000	0.000000	0.000000
OTU_833_18S_3_200	OTU_1027_18S_3_200	1	ENV_NO2	0.710458	0.791195	0.080737	nan	3.000000	1.000000	0	0	1	1.000000	0.000000	0.000000
OTU_517_18S_3_200	OTU_1146_18S_3_200	1	ENV_NO2	0.361741	0.031256	-0.330485	0.000999	3.000000	1.000000	0	0	1	1.000000	0.000000	0.000000
OTU_144_18S_022_3	OTU_1111_18S_3_200	1	ENV_NO2	0.403391	0.057762	-0.345628	0.250749	3.000000	1.000000	0	0	1	1.000000	0.000000	0.000000
OTU_794_18S_022_3	OTU_1144_18S_3_200	1	ENV_NO2	0.415758	0.041727	-0.374031	0.250749	3.000000	1.000000	0	0	1	1.000000	0.000000	0.000000
OTU_86_18S_022_3	OTU_1207_18S_3_200	1	ENV_NO2	0.356297	-0.000000	-0.356297	0.750250	3.000000	1.000000	0	0	1	1.000000	0.000000	0.000000
OTU_622_18S_3_200	OTU_1207_18S_3_200	1	ENV_NO2	0.519532	0.005564	-0.513968	0.833167	3.000000	1.000000	0	0	1	1.000000	0.000000	0.000000
OTU_101_18S_3_200	OTU_1214_18S_3_200	1	ENV_NO2	0.649428	0.120432	-0.528996	0.917083	3.000000	1.000000	0	0	1	1.000000	0.000000	0.000000
OTU_622_18S_3_200	OTU_1214_18S_3_200	1	ENV_NO2	0.648598	0.103538	-0.545060	0.917083	3.000000	1.000000	0	0	1	1.000000	0.000000	0.000000
ASV_473_16S_022_3	OTU_1127_18S_3_200	1	ENV_NO2	0.615437	0.035822	-0.579616	0.751249	3.000000	1.000000	0	0	1	1.000000	0.000000	0.000000
ASV_448_16S_3_200	OTU_1127_18S_3_200	1	ENV_NO2	0.680843	0.199996	-0.480847	0.833167	3.000000	1.000000	0	0	1	1.000000	0.000000	0.000000
OTU_270_18S_3_200	OTU_1127_18S_3_200	1	ENV_NO2	0.772642	0.003207	-0.769435	0.417582	3.000000	1.000000	0	0	1	1.000000	0.000000	0.000000
OTU_734_18S_3_200	OTU_1127_18S_3_200	1	ENV_NO2	0.738606	0.201512	-0.537094	0.833167	3.000000	1.000000	0	0	1	1.000000	0.000000	0.000000
ASV_1720_16S_022_3	OTU_1165_18S_3_200	1	ENV_NO2	0.327421	0.000000	-0.327421	0.667333	2.000000	1.000000	0	1	0	1.000000	0.000000	0.000000
OTU_860_18S_022_3	OTU_1165_18S_3_200	1	ENV_NO2	0.448834	0.104397	-0.344437	0.084915	3.000000	1.000000	0	0	1	1.000000	0.000000	0.000000
OTU_2389_18S_022_3	OTU_1165_18S_3_200	1	ENV_NO2	0.483572	0.000000	-0.483572	0.750250	3.000000	1.000000	0	0	1	1.000000	0.000000	0.000000
OTU_711_18S_3_200	OTU_1165_18S_3_200	1	ENV_NO2	0.300850	0.000000	-0.300850	0.417582	3.000000	1.000000	0	0	1	1.000000	0.000000	0.000000
ASV_732_16S_022_3	OTU_1123_18S_3_200	1	ENV_NO2	0.615243	0.062670	-0.552574	0.166833	3.000000	1.000000	0	0	1	1.000000	0.000000	0.000000
ASV_1439_16S_022_3	OTU_1123_18S_3_200	1	ENV_NO2	0.477917	0.091551	-0.386366	0.250749	3.000000	1.000000	0	0	1	1.000000	0.000000	0.000000
ASV_1541_16S_022_3	OTU_1123_18S_3_200	1	ENV_NO2	0.577294	0.000000	-0.577294	0.416583	3.000000	1.000000	0	0	1	1.000000	0.000000	0.000000
OTU_1123_18S_022_3	OTU_1123_18S_3_200	1	ENV_NO2	0.673006	0.218406	-0.454600	0.750250	3.000000	1.000000	0	0	1	1.000000	0.000000	0.000000
OTU_373_18S_022_3	OTU_1233_18S_3_200	1	ENV_NO2	0.509481	0.045776	-0.463705	0.166833	3.000000	1.000000	0	0	1	1.000000	0.000000	0.000000
OTU_537_18S_022_3	OTU_1233_18S_3_200	1	ENV_NO2	0.509481	0.000000	-0.509481	0.500500	3.000000	1.000000	0	0	1	1.000000	0.000000	0.000000
OTU_1104_18S_022_3	OTU_1233_18S_3_200	1	ENV_NO2	0.408776	0.000000	-0.408776	0.750250	3.000000	1.000000	0	0	1	1.000000	0.000000	0.000000
OTU_325_18S_3_200	OTU_1252_18S_3_200	1	ENV_NO2	0.713342	0.288155	-0.425187	0.917083	3.000000	1.000000	0	0	1	1.000000	0.000000	0.000000
OTU_817_18S_3_200	OTU_1252_18S_3_200	1	ENV_NO2	0.691540	0.070608	-0.620932	0.416583	3.000000	1.000000	0	0	1	1.000000	0.000000	0.000000
OTU_868_18S_3_200	OTU_1252_18S_3_200	1	ENV_NO2	0.609753	0.191040	-0.418713	0.500500	3.000000	1.000000	0	0	1	1.000000	0.000000	0.000000
ASV_720_16S_022_3	OTU_1256_18S_3_200	1	ENV_NO2	0.762332	0.028881	-0.733450	0.334665	3.000000	1.000000	0	0	1	1.000000	0.000000	0.000000
OTU_234_18S_022_3	OTU_1256_18S_3_200	1	ENV_NO2	0.471218	0.011987	-0.459232	0.585415	2.000000	1.000000	0	1	0	1.000000	0.000000	0.000000
ASV_1963_16S_3_200	OTU_1256_18S_3_200	1	ENV_NO2	0.627457	0.005564	-0.621894	0.500500	3.000000	1.000000	0	0	1	1.000000	0.000000	0.000000
OTU_191_18S_3_200	OTU_1263_18S_3_200	1	ENV_NO2	0.603203	-0.086643	-0.689846	0.666334	3.000000	1.000000	0	0	1	1.000000	0.000000	0.000000
ASV_1658_16S_022_3	OTU_1266_18S_3_200	1	ENV_NO2	0.520755	0.000000	-0.520755	0.667333	3.000000	1.000000	0	0	1	1.000000	0.000000	0.000000
OTU_327_18S_022_3	OTU_1266_18S_3_200	1	ENV_NO2	0.437083	0.052198	-0.384885	0.500500	3.000000	1.000000	0	0	1	1.000000	0.000000	0.000000
OTU_850_18S_022_3	OTU_1266_18S_3_200	1	ENV_NO2	0.554597	0.104397	-0.450200	0.251748	3.000000	1.000000	0	0	1	1.000000	0.000000	0.000000
OTU_625_18S_3_200	OTU_1266_18S_3_200	1	ENV_NO2	0.489191	0.047808	-0.441383	0.750250	3.000000	1.000000	0	0	1	1.000000	0.000000	0.000000
ASV_1727_16S_022_3	OTU_1286_18S_3_200	1	ENV_NO2	0.546102	-0.067060	-0.613162	0.333666	3.000000	1.000000	0	0	1	1.000000	0.000000	0.000000
OTU_1050_18S_022_3	OTU_1286_18S_3_200	1	ENV_NO2	0.542557	0.000000	-0.542557	0.249750	3.000000	1.000000	0	0	1	1.000000	0.000000	0.000000
OTU_1506_18S_022_3	OTU_1286_18S_3_200	1	ENV_NO2	0.541334	0.062670	-0.478664	0.166833	3.000000	1.000000	0	0	1	1.000000	0.000000	0.000000
ASV_91_16S_022_3	OTU_1202_18S_3_200	1	ENV_NO2	0.502499	1.362635	0.860136	nan	3.000000	1.000000	0	0	1	1.000000	0.000000	0.000000
ASV_910_16S_022_3	OTU_1202_18S_3_200	1	ENV_NO2	0.386974	0.159785	-0.227190	0.917083	2.000000	1.000000	0	1	0	1.000000	0.000000	0.000000
ASV_1029_16S_022_3	OTU_1202_18S_3_200	1	ENV_NO2	0.574419	1.231687	0.657268	nan	3.000000	1.000000	0	0	1	1.000000	0.000000	0.000000
OTU_1789_18S_022_3	OTU_1258_18S_3_200	1	ENV_NO2	0.483572	0.000000	-0.483572	1.000000	3.000000	1.000000	0	0	1	1.000000	0.000000	0.000000
OTU_351_18S_3_200	OTU_1258_18S_3_200	1	ENV_NO2	0.531283	0.000000	-0.531283	0.750250	3.000000	1.000000	0	0	1	1.000000	0.000000	0.000000
OTU_537_18S_3_200	OTU_1258_18S_3_200	1	ENV_NO2	0.495322	0.000000	-0.495322	0.500500	3.000000	1.000000	0	0	1	1.000000	0.000000	0.000000
OTU_1086_18S_3_200	OTU_1258_18S_3_200	1	ENV_NO2	0.276835	-0.074657	-0.351492	1.000000	2.000000	1.000000	0	1	0	1.000000	0.000000	0.000000
ASV_500_16S_022_3	OTU_1296_18S_3_200	1	ENV_NO2	0.468051	-0.005564	-0.473614	0.249750	3.000000	1.000000	0	0	1	1.000000	0.000000	0.000000
OTU_1801_18S_022_3	OTU_1296_18S_3_200	1	ENV_NO2	0.577294	-0.057762	-0.635056	0.500500	3.000000	1.000000	0	0	1	1.000000	0.000000	0.000000
OTU_741_18S_3_200	OTU_1296_18S_3_200	1	ENV_NO2	0.603203	-0.040868	-0.644071	0.666334	3.000000	1.000000	0	0	1	1.000000	0.000000	0.000000
OTU_938_18S_022_3	OTU_1290_18S_3_200	1	ENV_NO2	0.634440	-0.074657	-0.709096	0.417582	3.000000	1.000000	0	0	1	1.000000	0.000000	0.000000
OTU_1801_18S_022_3	OTU_1290_18S_3_200	1	ENV_NO2	0.425809	-0.062670	-0.488479	0.499500	3.000000	1.000000	0	0	1	1.000000	0.000000	0.000000
ASV_502_16S_022_3	OTU_1309_18S_3_200	1	ENV_NO2	0.364382	0.549804	0.185421	nan	3.000000	1.000000	0	0	1	1.000000	0.000000	0.000000
OTU_3326_18S_022_3	OTU_1309_18S_3_200	1	ENV_NO2	0.338985	-0.028881	-0.367866	0.749251	3.000000	1.000000	0	0	1	1.000000	0.000000	0.000000
ASV_113_16S_3_200	OTU_1309_18S_3_200	1	ENV_NO2	0.271654	0.217906	-0.053748	0.833167	3.000000	1.000000	0	0	1	1.000000	0.000000	0.000000
ASV_600_16S_022_3	OTU_1159_18S_3_200	1	ENV_NO2	0.682767	-0.038179	-0.720946	0.751249	3.000000	1.000000	0	0	1	1.000000	0.000000	0.000000
OTU_1086_18S_3_200	OTU_1159_18S_3_200	1	ENV_NO2	0.590836	0.007597	-0.583239	0.333666	3.000000	1.000000	0	0	1	1.000000	0.000000	0.000000
ASV_1233_16S_022_3	OTU_1172_18S_3_200	1	ENV_NO2	0.573132	0.091551	-0.481581	0.083916	3.000000	1.000000	0	0	1	1.000000	0.000000	0.000000
OTU_842_18S_3_200	OTU_1172_18S_3_200	1	ENV_NO2	0.567243	0.028881	-0.538362	0.000999	3.000000	1.000000	0	0	1	1.000000	0.000000	0.000000
OTU_868_18S_022_3	OTU_1332_18S_3_200	1	ENV_NO2	0.625005	0.103538	-0.521467	0.751249	3.000000	1.000000	0	0	1	1.000000	0.000000	0.000000
OTU_1575_18S_022_3	OTU_1332_18S_3_200	1	ENV_NO2	0.603203	0.045776	-0.557428	0.917083	3.000000	1.000000	0	0	1	1.000000	0.000000	0.000000
OTU_292_18S_3_200	OTU_1337_18S_3_200	1	ENV_NO2	0.356297	0.030396	-0.325900	0.500500	2.000000	1.000000	0	1	0	1.000000	0.000000	0.000000
ASV_613_16S_022_3	OTU_1345_18S_3_200	1	ENV_NO2	0.541334	0.028881	-0.512453	0.084915	3.000000	1.000000	0	0	1	1.000000	0.000000	0.000000
ASV_1720_16S_022_3	OTU_1345_18S_3_200	1	ENV_NO2	0.704569	0.120432	-0.584137	0.334665	3.000000	1.000000	0	0	1	1.000000	0.000000	0.000000
ASV_1858_16S_022_3	OTU_1345_18S_3_200	1	ENV_NO2	0.461770	0.091551	-0.370219	0.083916	3.000000	1.000000	0	0	1	1.000000	0.000000	0.000000
ASV_1287_16S_3_200	OTU_1345_18S_3_200	1	ENV_NO2	0.589045	0.028881	-0.560164	0.084915	3.000000	1.000000	0	0	1	1.000000	0.000000	0.000000
ASV_1457_16S_3_200	OTU_1345_18S_3_200	1	ENV_NO2	0.682767	0.120432	-0.562335	0.084915	3.000000	1.000000	0	0	1	1.000000	0.000000	0.000000
OTU_2305_18S_022_3	OTU_1347_18S_3_200	1	ENV_NO2	0.509481	0.000000	-0.509481	0.500500	3.000000	1.000000	0	0	1	1.000000	0.000000	0.000000
OTU_3213_18S_022_3	OTU_1347_18S_3_200	1	ENV_NO2	0.461770	0.091551	-0.370219	0.418581	3.000000	1.000000	0	0	1	1.000000	0.000000	0.000000
OTU_1304_18S_022_3	OTU_1304_18S_3_200	1	ENV_NO2	0.865489	0.160644	-0.704845	0.501499	3.000000	1.000000	0	0	1	1.000000	0.000000	0.000000
OTU_613_18S_3_200	OTU_1304_18S_3_200	1	ENV_NO2	0.749964	0.085987	-0.663977	0.501499	3.000000	1.000000	0	0	1	1.000000	0.000000	0.000000
OTU_62_18S_3_200	OTU_1313_18S_3_200	1	ENV_NO2	0.535679	0.012846	-0.522833	0.167832	3.000000	1.000000	0	0	1	1.000000	0.000000	0.000000
OTU_142_18S_3_200	OTU_1313_18S_3_200	1	ENV_NO2	0.516657	0.201512	-0.315145	0.583417	3.000000	1.000000	0	0	1	1.000000	0.000000	0.000000
OTU_866_18S_3_200	OTU_1313_18S_3_200	1	ENV_NO2	0.625005	0.138842	-0.486163	0.667333	3.000000	1.000000	0	0	1	1.000000	0.000000	0.000000
OTU_456_18S_022_3	OTU_1291_18S_3_200	1	ENV_NO2	0.685389	0.104397	-0.580992	0.084915	3.000000	1.000000	0	0	1	1.000000	0.000000	0.000000
OTU_698_18S_3_200	OTU_1291_18S_3_200	1	ENV_NO2	0.905164	0.162159	-0.743004	0.000999	3.000000	1.000000	0	0	1	1.000000	0.000000	0.000000
OTU_2317_18S_022_3	OTU_1245_18S_3_200	1	ENV_NO2	0.352143	0.347636	-0.004507	0.500500	3.000000	1.000000	0	0	1	1.000000	0.000000	0.000000
OTU_467_18S_3_200	OTU_1334_18S_3_200	1	ENV_NO2	0.576677	0.000000	-0.576677	0.500500	3.000000	1.000000	0	0	1	1.000000	0.000000	0.000000
ASV_1556_16S_022_3	OTU_1374_18S_3_200	1	ENV_NO2	0.519532	0.091551	-0.427981	0.250749	3.000000	1.000000	0	0	1	1.000000	0.000000	0.000000
OTU_931_18S_022_3	OTU_1374_18S_3_200	1	ENV_NO2	0.541334	0.028881	-0.512453	0.084915	3.000000	1.000000	0	0	1	1.000000	0.000000	0.000000
OTU_1202_18S_022_3	OTU_1374_18S_3_200	1	ENV_NO2	0.356297	0.000000	-0.356297	0.417582	3.000000	1.000000	0	0	1	1.000000	0.000000	0.000000
OTU_879_18S_3_200	OTU_1374_18S_3_200	1	ENV_NO2	0.599096	0.028881	-0.570215	0.000999	3.000000	1.000000	0	0	1	1.000000	0.000000	0.000000
OTU_1304_18S_3_200	OTU_1358_18S_3_200	1	ENV_NO2	0.656858	0.000000	-0.656858	0.750250	3.000000	1.000000	0	0	1	1.000000	0.000000	0.000000
ASV_1065_16S_022_3	OTU_1355_18S_3_200	1	ENV_NO2	0.547893	-0.090377	-0.638270	0.916084	3.000000	1.000000	0	0	1	1.000000	0.000000	0.000000
OTU_1761_18S_022_3	OTU_1355_18S_3_200	1	ENV_NO2	0.439968	-0.097974	-0.537942	0.750250	3.000000	1.000000	0	0	1	1.000000	0.000000	0.000000
OTU_291_18S_3_200	OTU_1399_18S_3_200	1	ENV_NO2	0.710458	0.079564	-0.630894	0.583417	3.000000	1.000000	0	0	1	1.000000	0.000000	0.000000
OTU_432_18S_022_3	OTU_1404_18S_3_200	1	ENV_NO2	0.487679	-0.137327	-0.625005	0.250749	3.000000	1.000000	0	0	1	1.000000	0.000000	0.000000
OTU_16_18S_3_200	OTU_1335_18S_3_200	1	ENV_NO2	0.553085	0.219921	-0.333163	0.833167	3.000000	1.000000	0	0	1	1.000000	0.000000	0.000000
ASV_165_16S_022_3	OTU_1398_18S_3_200	1	ENV_NO2	0.435861	0.045776	-0.390085	0.917083	3.000000	1.000000	0	0	1	1.000000	0.000000	0.000000
ASV_705_16S_022_3	OTU_1398_18S_3_200	1	ENV_NO2	0.380415	0.120432	-0.259982	0.667333	3.000000	1.000000	0	0	1	1.000000	0.000000	0.000000
ASV_1406_16S_022_3	OTU_1398_18S_3_200	1	ENV_NO2	0.599096	0.028881	-0.570215	0.917083	3.000000	1.000000	0	0	1	1.000000	0.000000	0.000000
ASV_1541_16S_022_3	OTU_1398_18S_3_200	1	ENV_NO2	0.493623	0.120432	-0.373191	0.917083	3.000000	1.000000	0	0	1	1.000000	0.000000	0.000000
OTU_839_18S_3_200	OTU_1398_18S_3_200	1	ENV_NO2	0.435861	0.000000	-0.435861	1.000000	3.000000	1.000000	0	0	1	1.000000	0.000000	0.000000
OTU_12_18S_3_200	OTU_1444_18S_3_200	1	ENV_NO2	0.434591	0.156595	-0.277996	0.667333	3.000000	1.000000	0	0	1	1.000000	0.000000	0.000000
OTU_293_18S_3_200	OTU_1444_18S_3_200	1	ENV_NO2	0.577294	0.109961	-0.467333	0.917083	3.000000	1.000000	0	0	1	1.000000	0.000000	0.000000
OTU_778_18S_3_200	OTU_1444_18S_3_200	1	ENV_NO2	0.728162	0.143749	-0.584413	0.582418	3.000000	1.000000	0	0	1	1.000000	0.000000	0.000000
ASV_229_16S_022_3	OTU_1431_18S_3_200	1	ENV_NO2	0.531283	0.037337	-0.493946	0.583417	3.000000	1.000000	0	0	1	1.000000	0.000000	0.000000
ASV_886_16S_022_3	OTU_1431_18S_3_200	1	ENV_NO2	0.509481	0.253710	-0.255770	0.501499	3.000000	1.000000	0	0	1	1.000000	0.000000	0.000000
ASV_184_16S_022_3	OTU_1390_18S_3_200	1	ENV_NO2	0.377212	-0.044260	-0.421472	0.582418	2.000000	1.000000	0	1	0	1.000000	0.000000	0.000000
ASV_578_16S_022_3	OTU_1390_18S_3_200	1	ENV_NO2	0.391111	-0.036461	-0.427572	0.166833	3.000000	1.000000	0	0	1	1.000000	0.000000	0.000000
ASV_1050_16S_022_3	OTU_1390_18S_3_200	1	ENV_NO2	0.456011	0.091392	-0.364618	0.084915	3.000000	1.000000	0	0	1	1.000000	0.000000	0.000000
OTU_1146_18S_3_200	OTU_1390_18S_3_200	1	ENV_NO2	0.590836	-0.014520	-0.605356	0.167832	3.000000	1.000000	0	0	1	1.000000	0.000000	0.000000
ASV_550_16S_022_3	OTU_1364_18S_3_200	1	ENV_NO2	0.447611	1.329614	0.882003	nan	3.000000	1.000000	0	0	1	1.000000	0.000000	0.000000
OTU_1609_18S_022_3	OTU_1364_18S_3_200	1	ENV_NO2	0.378099	-0.062670	-0.440768	0.249750	3.000000	1.000000	0	0	1	1.000000	0.000000	0.000000
OTU_866_18S_3_200	OTU_1364_18S_3_200	1	ENV_NO2	0.541334	1.493698	0.952364	nan	3.000000	1.000000	0	0	1	1.000000	0.000000	0.000000
ASV_248_16S_022_3	OTU_1397_18S_3_200	1	ENV_NO2	0.497730	0.569387	0.071657	nan	3.000000	1.000000	0	0	1	1.000000	0.000000	0.000000
ASV_1328_16S_022_3	OTU_1397_18S_3_200	1	ENV_NO2	0.483572	0.768737	0.285165	nan	3.000000	1.000000	0	0	1	1.000000	0.000000	0.000000
OTU_844_18S_022_3	OTU_1397_18S_3_200	1	ENV_NO2	0.519532	0.037993	-0.481539	0.667333	3.000000	1.000000	0	0	1	1.000000	0.000000	0.000000
OTU_3429_18S_022_3	OTU_1397_18S_3_200	1	ENV_NO2	0.519532	-0.002875	-0.522407	0.333666	3.000000	1.000000	0	0	1	1.000000	0.000000	0.000000
OTU_236_18S_3_200	OTU_1397_18S_3_200	1	ENV_NO2	0.437083	0.722102	0.285019	nan	3.000000	1.000000	0	0	1	1.000000	0.000000	0.000000
OTU_231_18S_3_200	OTU_1329_18S_3_200	1	ENV_NO2	0.502499	1.255049	0.752550	nan	3.000000	1.000000	0	0	1	1.000000	0.000000	0.000000
OTU_1355_18S_3_200	OTU_1329_18S_3_200	1	ENV_NO2	0.569034	0.815206	0.246172	nan	3.000000	1.000000	0	0	1	1.000000	0.000000	0.000000
OTU_413_18S_3_200	OTU_1346_18S_3_200	1	ENV_NO2	0.792738	0.394067	-0.398670	0.750250	3.000000	1.000000	0	0	1	1.000000	0.000000	0.000000
OTU_467_18S_3_200	OTU_1346_18S_3_200	1	ENV_NO2	0.674115	-0.132419	-0.806534	0.167832	3.000000	1.000000	0	0	1	1.000000	0.000000	0.000000
ASV_824_16S_022_3	OTU_1406_18S_3_200	1	ENV_NO2	0.543650	0.000000	-0.543650	1.000000	3.000000	1.000000	0	0	1	1.000000	0.000000	0.000000
ASV_1541_16S_022_3	OTU_1485_18S_3_200	1	ENV_NO2	0.414059	0.000000	-0.414059	1.000000	3.000000	1.000000	0	0	1	1.000000	0.000000	0.000000
OTU_2539_18S_022_3	OTU_1485_18S_3_200	1	ENV_NO2	0.414059	0.000000	-0.414059	1.000000	3.000000	1.000000	0	0	1	1.000000	0.000000	0.000000
OTU_260_18S_3_200	OTU_1485_18S_3_200	1	ENV_NO2	0.577294	0.000000	-0.577294	0.834166	3.000000	1.000000	0	0	1	1.000000	0.000000	0.000000
OTU_910_18S_3_200	OTU_1485_18S_3_200	1	ENV_NO2	0.325105	0.000000	-0.325105	0.834166	3.000000	1.000000	0	0	1	1.000000	0.000000	0.000000
OTU_807_18S_022_3	OTU_1222_18S_3_200	1	ENV_NO2	0.324443	0.098833	-0.225610	0.583417	3.000000	1.000000	0	0	1	1.000000	0.000000	0.000000
OTU_1283_18S_022_3	OTU_1222_18S_3_200	1	ENV_NO2	0.456115	0.630883	0.174768	nan	3.000000	1.000000	0	0	1	1.000000	0.000000	0.000000
ASV_1481_16S_022_3	OTU_1394_18S_3_200	1	ENV_NO2	0.599096	0.321944	-0.277152	0.917083	3.000000	1.000000	0	0	1	1.000000	0.000000	0.000000
OTU_817_18S_022_3	OTU_1394_18S_3_200	1	ENV_NO2	0.599096	0.120432	-0.478664	0.667333	3.000000	1.000000	0	0	1	1.000000	0.000000	0.000000
OTU_1902_18S_022_3	OTU_1394_18S_3_200	1	ENV_NO2	0.435861	0.033789	-0.402072	0.834166	3.000000	1.000000	0	0	1	1.000000	0.000000	0.000000
ASV_91_16S_022_3	OTU_1363_18S_3_200	1	ENV_NO2	0.612638	-0.005564	-0.618201	0.666334	3.000000	1.000000	0	0	1	1.000000	0.000000	0.000000
OTU_1756_18S_022_3	OTU_1511_18S_3_200	1	ENV_NO2	0.497730	0.115525	-0.382205	0.500500	3.000000	1.000000	0	0	1	1.000000	0.000000	0.000000
OTU_683_18S_3_200	OTU_1511_18S_3_200	1	ENV_NO2	0.356297	0.167723	-0.188574	0.750250	3.000000	1.000000	0	0	1	1.000000	0.000000	0.000000
OTU_1417_18S_3_200	OTU_1511_18S_3_200	1	ENV_NO2	0.356297	0.167723	-0.188574	0.500500	3.000000	1.000000	0	0	1	1.000000	0.000000	0.000000
OTU_2135_18S_022_3	OTU_1514_18S_3_200	1	ENV_NO2	0.416375	-0.085987	-0.502362	0.749251	2.000000	1.000000	0	1	0	1.000000	0.000000	0.000000
OTU_17_18S_3_200	OTU_1509_18S_3_200	1	ENV_NO2	0.362586	0.000000	-0.362586	0.166833	2.000000	1.000000	0	1	0	1.000000	0.000000	0.000000
OTU_800_18S_3_200	OTU_1509_18S_3_200	1	ENV_NO2	0.639751	-0.068234	-0.707985	0.083916	3.000000	1.000000	0	0	1	1.000000	0.000000	0.000000
OTU_767_18S_3_200	OTU_1509_18S_3_200	1	ENV_NO2	0.894850	0.120432	-0.774418	0.332667	3.000000	1.000000	0	0	1	1.000000	0.000000	0.000000
OTU_1148_18S_3_200	OTU_1509_18S_3_200	1	ENV_NO2	0.882074	0.114868	-0.767206	0.083916	3.000000	1.000000	0	0	1	1.000000	0.000000	0.000000
ASV_644_16S_022_3	OTU_1365_18S_3_200	1	ENV_NO2	0.497730	0.000000	-0.497730	1.000000	3.000000	1.000000	0	0	1	1.000000	0.000000	0.000000
ASV_1697_16S_022_3	OTU_1365_18S_3_200	1	ENV_NO2	0.483572	0.000000	-0.483572	0.500500	3.000000	1.000000	0	0	1	1.000000	0.000000	0.000000
OTU_1398_18S_3_200	OTU_1365_18S_3_200	1	ENV_NO2	0.356297	0.000000	-0.356297	1.000000	3.000000	1.000000	0	0	1	1.000000	0.000000	0.000000
OTU_1557_18S_022_3	OTU_1274_18S_3_200	1	ENV_NO2	0.577294	0.091551	-0.485743	0.667333	3.000000	1.000000	0	0	1	1.000000	0.000000	0.000000
OTU_1767_18S_022_3	OTU_1274_18S_3_200	1	ENV_NO2	0.599096	0.000000	-0.599096	0.750250	3.000000	1.000000	0	0	1	1.000000	0.000000	0.000000
ASV_1481_16S_022_3	OTU_1405_18S_3_200	1	ENV_NO2	0.541334	0.114868	-0.426466	0.584416	3.000000	1.000000	0	0	1	1.000000	0.000000	0.000000
OTU_1358_18S_3_200	OTU_1405_18S_3_200	1	ENV_NO2	0.493623	0.000000	-0.493623	0.750250	3.000000	1.000000	0	0	1	1.000000	0.000000	0.000000
ASV_248_16S_022_3	OTU_1318_18S_3_200	1	ENV_NO2	0.386974	-0.034445	-0.421419	0.500500	2.000000	1.000000	0	1	0	1.000000	0.000000	0.000000
ASV_1645_16S_022_3	OTU_1477_18S_3_200	1	ENV_NO2	0.682767	0.917523	0.234756	nan	3.000000	1.000000	0	0	1	1.000000	0.000000	0.000000
OTU_2812_18S_022_3	OTU_1477_18S_3_200	1	ENV_NO2	0.497730	-0.074657	-0.572387	0.416583	3.000000	1.000000	0	0	1	1.000000	0.000000	0.000000
OTU_1165_18S_3_200	OTU_1477_18S_3_200	1	ENV_NO2	0.293251	0.029740	-0.263511	0.416583	3.000000	1.000000	0	0	1	1.000000	0.000000	0.000000
OTU_353_18S_3_200	OTU_1557_18S_3_200	1	ENV_NO2	0.609092	0.148657	-0.460435	0.667333	3.000000	1.000000	0	0	1	1.000000	0.000000	0.000000
OTU_817_18S_3_200	OTU_1557_18S_3_200	1	ENV_NO2	0.633778	0.006423	-0.627355	0.500500	3.000000	1.000000	0	0	1	1.000000	0.000000	0.000000
ASV_1244_16S_022_3	OTU_1562_18S_3_200	1	ENV_NO2	0.356297	0.000000	-0.356297	0.500500	2.000000	1.000000	0	1	0	1.000000	0.000000	0.000000
ASV_1401_16S_022_3	OTU_1391_18S_3_200	1	ENV_NO2	0.356297	-0.038179	-0.394475	1.000000	3.000000	1.000000	0	0	1	1.000000	0.000000	0.000000
OTU_791_18S_3_200	OTU_1391_18S_3_200	1	ENV_NO2	0.519532	-0.095941	-0.615473	0.750250	3.000000	1.000000	0	0	1	1.000000	0.000000	0.000000
OTU_1286_18S_3_200	OTU_1367_18S_3_200	1	ENV_NO2	0.589045	0.033789	-0.555256	0.083916	3.000000	1.000000	0	0	1	1.000000	0.000000	0.000000
OTU_1245_18S_3_200	OTU_1576_18S_3_200	1	ENV_NO2	0.445865	0.428715	-0.017150	0.500500	3.000000	1.000000	0	0	1	1.000000	0.000000	0.000000
OTU_1511_18S_3_200	OTU_1627_18S_3_200	1	ENV_NO2	0.577294	0.219921	-0.357373	0.084915	3.000000	1.000000	0	0	1	1.000000	0.000000	0.000000
ASV_1569_16S_022_3	OTU_1611_18S_3_200	1	ENV_NO2	0.519532	0.000000	-0.519532	0.666334	3.000000	1.000000	0	0	1	1.000000	0.000000	0.000000
OTU_86_18S_022_3	OTU_1611_18S_3_200	1	ENV_NO2	0.356297	-0.028881	-0.385178	0.500500	3.000000	1.000000	0	0	1	1.000000	0.000000	0.000000
ASV_606_16S_022_3	OTU_1592_18S_3_200	1	ENV_NO2	0.625005	0.114868	-0.510137	0.584416	3.000000	1.000000	0	0	1	1.000000	0.000000	0.000000
OTU_1195_18S_022_3	OTU_1592_18S_3_200	1	ENV_NO2	0.612638	0.038696	-0.573941	0.250749	3.000000	1.000000	0	0	1	1.000000	0.000000	0.000000
ASV_1986_16S_022_3	OTU_1607_18S_3_200	1	ENV_NO2	0.634440	0.028881	-0.605558	0.000999	3.000000	1.000000	0	0	1	1.000000	0.000000	0.000000
OTU_348_18S_3_200	OTU_1607_18S_3_200	1	ENV_NO2	0.309006	-0.014861	-0.323868	0.417582	2.000000	1.000000	0	1	0	1.000000	0.000000	0.000000
OTU_1213_18S_022_3	OTU_1646_18S_3_200	1	ENV_NO2	0.577294	0.045776	-0.531519	0.000999	3.000000	1.000000	0	0	1	1.000000	0.000000	0.000000
OTU_699_18S_3_200	OTU_1646_18S_3_200	1	ENV_NO2	0.408776	0.024491	-0.384285	0.751249	3.000000	1.000000	0	0	1	1.000000	0.000000	0.000000
ASV_767_16S_022_3	OTU_1577_18S_3_200	1	ENV_NO2	0.701606	0.402367	-0.299239	0.416583	3.000000	1.000000	0	0	1	1.000000	0.000000	0.000000
OTU_2439_18S_022_3	OTU_1577_18S_3_200	1	ENV_NO2	0.403391	0.018410	-0.384981	0.167832	3.000000	1.000000	0	0	1	1.000000	0.000000	0.000000
OTU_1347_18S_3_200	OTU_1650_18S_3_200	1	ENV_NO2	0.406323	0.000000	-0.406323	0.750250	3.000000	1.000000	0	0	1	1.000000	0.000000	0.000000
OTU_641_18S_3_200	OTU_1536_18S_3_200	1	ENV_NO2	0.612638	-0.009298	-0.621935	0.667333	3.000000	1.000000	0	0	1	1.000000	0.000000	0.000000
ASV_1482_16S_022_3	OTU_1219_18S_3_200	1	ENV_NO2	0.483572	0.000000	-0.483572	0.333666	3.000000	1.000000	0	0	1	1.000000	0.000000	0.000000
ASV_1825_16S_022_3	OTU_1219_18S_3_200	1	ENV_NO2	0.541334	0.081080	-0.460254	0.749251	3.000000	1.000000	0	0	1	1.000000	0.000000	0.000000
OTU_519_18S_022_3	OTU_1706_18S_3_200	1	ENV_NO2	0.656858	-0.062670	-0.719528	0.334665	3.000000	1.000000	0	0	1	1.000000	0.000000	0.000000
ASV_760_16S_3_200	OTU_1706_18S_3_200	1	ENV_NO2	0.541334	-0.009298	-0.550632	0.917083	3.000000	1.000000	0	0	1	1.000000	0.000000	0.000000
OTU_1609_18S_022_3	OTU_1702_18S_3_200	1	ENV_NO2	0.356297	0.138842	-0.217455	0.250749	3.000000	1.000000	0	0	1	1.000000	0.000000	0.000000
OTU_653_18S_3_200	OTU_1702_18S_3_200	1	ENV_NO2	0.439968	0.081080	-0.358888	0.667333	3.000000	1.000000	0	0	1	1.000000	0.000000	0.000000
OTU_146_18S_3_200	OTU_1732_18S_3_200	1	ENV_NO2	0.567243	0.052198	-0.515044	0.250749	3.000000	1.000000	0	0	1	1.000000	0.000000	0.000000
OTU_1406_18S_3_200	OTU_1732_18S_3_200	1	ENV_NO2	0.682767	0.081080	-0.601688	0.583417	3.000000	1.000000	0	0	1	1.000000	0.000000	0.000000
OTU_714_18S_022_3	OTU_1721_18S_3_200	1	ENV_NO2	0.486585	0.070608	-0.415977	0.167832	3.000000	1.000000	0	0	1	1.000000	0.000000	0.000000
OTU_964_18S_022_3	OTU_1721_18S_3_200	1	ENV_NO2	0.348129	0.104397	-0.243732	0.000999	3.000000	1.000000	0	0	1	1.000000	0.000000	0.000000
OTU_1304_18S_3_200	OTU_1767_18S_3_200	1	ENV_NO2	0.703476	0.081080	-0.622396	0.667333	3.000000	1.000000	0	0	1	1.000000	0.000000	0.000000
OTU_1358_18S_3_200	OTU_1767_18S_3_200	1	ENV_NO2	0.437083	0.000000	-0.437083	0.750250	3.000000	1.000000	0	0	1	1.000000	0.000000	0.000000
ASV_2030_16S_022_3	OTU_1778_18S_3_200	1	ENV_NO2	0.487679	0.115525	-0.372154	0.750250	3.000000	1.000000	0	0	1	1.000000	0.000000	0.000000
ASV_2243_16S_022_3	OTU_1778_18S_3_200	1	ENV_NO2	0.348561	-0.028881	-0.377442	0.750250	2.000000	1.000000	0	1	0	1.000000	0.000000	0.000000
ASV_1076_16S_022_3	OTU_1454_18S_3_200	1	ENV_NO2	0.728993	1.015497	0.286504	nan	3.000000	1.000000	0	0	1	1.000000	0.000000	0.000000
ASV_1795_16S_022_3	OTU_1454_18S_3_200	1	ENV_NO2	0.554875	0.011987	-0.542889	0.417582	3.000000	1.000000	0	0	1	1.000000	0.000000	0.000000
OTU_1172_18S_3_200	OTU_1454_18S_3_200	1	ENV_NO2	0.582063	-0.045776	-0.627839	0.083916	3.000000	1.000000	0	0	1	1.000000	0.000000	0.000000
OTU_1281_18S_3_200	OTU_1728_18S_3_200	1	ENV_NO2	0.497730	-0.067060	-0.564790	0.666334	3.000000	1.000000	0	0	1	1.000000	0.000000	0.000000
OTU_931_18S_022_3	OTU_1798_18S_3_200	1	ENV_NO2	0.430578	0.028881	-0.401697	0.334665	3.000000	1.000000	0	0	1	1.000000	0.000000	0.000000
OTU_329_18S_3_200	OTU_1798_18S_3_200	1	ENV_NO2	0.579562	-0.076358	-0.655919	0.666334	3.000000	1.000000	0	0	1	1.000000	0.000000	0.000000
OTU_1111_18S_3_200	OTU_1798_18S_3_200	1	ENV_NO2	0.511933	0.149313	-0.362620	0.917083	3.000000	1.000000	0	0	1	1.000000	0.000000	0.000000
OTU_497_18S_3_200	OTU_1786_18S_3_200	1	ENV_NO2	0.483572	0.000000	-0.483572	0.917083	3.000000	1.000000	0	0	1	1.000000	0.000000	0.000000
OTU_899_18S_3_200	OTU_1786_18S_3_200	1	ENV_NO2	0.401794	-0.043743	-0.445537	0.417582	3.000000	1.000000	0	0	1	1.000000	0.000000	0.000000
OTU_866_18S_022_3	OTU_1680_18S_3_200	1	ENV_NO2	0.483572	-0.055073	-0.538645	0.666334	3.000000	1.000000	0	0	1	1.000000	0.000000	0.000000
OTU_16_18S_3_200	OTU_1680_18S_3_200	1	ENV_NO2	0.553085	0.066218	-0.486866	0.167832	3.000000	1.000000	0	0	1	1.000000	0.000000	0.000000
ASV_874_16S_022_3	OTU_1819_18S_3_200	1	ENV_NO2	0.416375	-0.115710	-0.532085	0.500500	2.000000	1.000000	0	1	0	1.000000	0.000000	0.000000
ASV_962_16S_022_3	OTU_1819_18S_3_200	1	ENV_NO2	0.577294	-0.079564	-0.656858	0.583417	3.000000	1.000000	0	0	1	1.000000	0.000000	0.000000
OTU_304_18S_3_200	OTU_1819_18S_3_200	1	ENV_NO2	0.322652	-0.056247	-0.378899	0.333666	3.000000	1.000000	0	0	1	1.000000	0.000000	0.000000
OTU_232_18S_3_200	OTU_1836_18S_3_200	1	ENV_NO2	0.296519	0.840187	0.543668	nan	2.000000	1.000000	0	1	0	1.000000	0.000000	0.000000
ASV_174_16S_022_3	OTU_1625_18S_3_200	1	ENV_NO2	0.708966	0.247287	-0.461679	0.834166	3.000000	1.000000	0	0	1	1.000000	0.000000	0.000000
OTU_329_18S_022_3	OTU_1625_18S_3_200	1	ENV_NO2	0.571256	-0.016894	-0.588151	0.582418	3.000000	1.000000	0	0	1	1.000000	0.000000	0.000000
OTU_902_18S_022_3	OTU_1625_18S_3_200	1	ENV_NO2	0.554214	0.240208	-0.314006	0.834166	3.000000	1.000000	0	0	1	1.000000	0.000000	0.000000
OTU_902_18S_3_200	OTU_1625_18S_3_200	1	ENV_NO2	0.807065	0.418403	-0.388662	0.917083	3.000000	1.000000	0	0	1	1.000000	0.000000	0.000000
OTU_2736_18S_022_3	OTU_1886_18S_3_200	1	ENV_NO2	0.541334	1.110440	0.569106	nan	3.000000	1.000000	0	0	1	1.000000	0.000000	0.000000
OTU_390_18S_3_200	OTU_1886_18S_3_200	1	ENV_NO2	0.483572	-0.038179	-0.521750	0.583417	3.000000	1.000000	0	0	1	1.000000	0.000000	0.000000
OTU_995_18S_3_200	OTU_1886_18S_3_200	1	ENV_NO2	0.519532	-0.052198	-0.571730	0.666334	3.000000	1.000000	0	0	1	1.000000	0.000000	0.000000
OTU_1627_18S_3_200	OTU_1886_18S_3_200	1	ENV_NO2	0.356297	0.000000	-0.356297	0.583417	3.000000	1.000000	0	0	1	1.000000	0.000000	0.000000
OTU_2195_18S_022_3	OTU_1906_18S_3_200	1	ENV_NO2	0.356297	0.115525	-0.240772	0.750250	3.000000	1.000000	0	0	1	1.000000	0.000000	0.000000
ASV_784_16S_3_200	OTU_1887_18S_3_200	1	ENV_NO2	0.566820	0.340871	-0.225949	0.416583	3.000000	1.000000	0	0	1	1.000000	0.000000	0.000000
OTU_116_18S_3_200	OTU_1887_18S_3_200	1	ENV_NO2	0.619399	0.721808	0.102408	nan	3.000000	1.000000	0	0	1	1.000000	0.000000	0.000000
OTU_245_18S_3_200	OTU_1887_18S_3_200	1	ENV_NO2	0.695171	0.660312	-0.034859	0.834166	3.000000	1.000000	0	0	1	1.000000	0.000000	0.000000
ASV_501_16S_022_3	OTU_1917_18S_3_200	1	ENV_NO2	0.439968	0.052198	-0.387769	0.250749	3.000000	1.000000	0	0	1	1.000000	0.000000	0.000000
OTU_41_18S_022_3	OTU_1917_18S_3_200	1	ENV_NO2	0.231999	0.070608	-0.161391	0.000999	3.000000	1.000000	0	0	1	1.000000	0.000000	0.000000
OTU_1094_18S_022_3	OTU_1917_18S_3_200	1	ENV_NO2	0.334495	0.104397	-0.230098	0.000999	3.000000	1.000000	0	0	1	1.000000	0.000000	0.000000
ASV_1201_16S_3_200	OTU_1917_18S_3_200	1	ENV_NO2	0.414059	0.000000	-0.414059	0.250749	3.000000	1.000000	0	0	1	1.000000	0.000000	0.000000
ASV_98_16S_022_3	OTU_1844_18S_3_200	1	ENV_NO2	0.703237	0.657048	-0.046189	0.584416	3.000000	1.000000	0	0	1	1.000000	0.000000	0.000000
OTU_168_18S_022_3	OTU_1844_18S_3_200	1	ENV_NO2	0.519000	0.447284	-0.071716	0.667333	3.000000	1.000000	0	0	1	1.000000	0.000000	0.000000
OTU_213_18S_3_200	OTU_1844_18S_3_200	1	ENV_NO2	0.748173	0.059795	-0.688378	0.000999	3.000000	1.000000	0	0	1	1.000000	0.000000	0.000000
OTU_268_18S_3_200	OTU_1844_18S_3_200	1	ENV_NO2	0.897734	0.014020	-0.883714	0.083916	3.000000	1.000000	0	0	1	1.000000	0.000000	0.000000
OTU_419_18S_3_200	OTU_1844_18S_3_200	1	ENV_NO2	0.835879	-0.005564	-0.841443	0.167832	3.000000	1.000000	0	0	1	1.000000	0.000000	0.000000
OTU_902_18S_3_200	OTU_1844_18S_3_200	1	ENV_NO2	0.805394	0.052198	-0.753195	0.333666	3.000000	1.000000	0	0	1	1.000000	0.000000	0.000000
ASV_1695_16S_022_3	OTU_1934_18S_3_200	1	ENV_NO2	0.439968	0.000000	-0.439968	1.000000	3.000000	1.000000	0	0	1	1.000000	0.000000	0.000000
OTU_277_18S_3_200	OTU_1934_18S_3_200	1	ENV_NO2	0.461770	0.000000	-0.461770	0.666334	3.000000	1.000000	0	0	1	1.000000	0.000000	0.000000
OTU_844_18S_022_3	OTU_1884_18S_3_200	1	ENV_NO2	0.646807	1.632539	0.985732	nan	3.000000	1.000000	0	0	1	1.000000	0.000000	0.000000
OTU_332_18S_3_200	OTU_1884_18S_3_200	1	ENV_NO2	0.749964	0.340354	-0.409611	0.250749	3.000000	1.000000	0	0	1	1.000000	0.000000	0.000000
ASV_2010_16S_022_3	OTU_1968_18S_3_200	1	ENV_NO2	0.435861	0.064185	-0.371676	0.917083	3.000000	1.000000	0	0	1	1.000000	0.000000	0.000000
OTU_1294_18S_022_3	OTU_1968_18S_3_200	1	ENV_NO2	0.356297	0.054888	-0.301409	0.749251	3.000000	1.000000	0	0	1	1.000000	0.000000	0.000000
ASV_1734_16S_022_3	OTU_1898_18S_3_200	1	ENV_NO2	0.414059	0.000000	-0.414059	0.750250	3.000000	1.000000	0	0	1	1.000000	0.000000	0.000000
OTU_1077_18S_022_3	OTU_1898_18S_3_200	1	ENV_NO2	0.577294	0.143749	-0.433545	0.584416	3.000000	1.000000	0	0	1	1.000000	0.000000	0.000000
OTU_2876_18S_022_3	OTU_1898_18S_3_200	1	ENV_NO2	0.541334	0.091551	-0.449783	0.583417	3.000000	1.000000	0	0	1	1.000000	0.000000	0.000000
OTU_2780_18S_022_3	OTU_1898_18S_3_200	1	ENV_NO2	0.493623	0.091551	-0.402072	0.500500	3.000000	1.000000	0	0	1	1.000000	0.000000	0.000000
OTU_390_18S_3_200	OTU_1898_18S_3_200	1	ENV_NO2	0.483572	-0.014861	-0.498433	0.833167	3.000000	1.000000	0	0	1	1.000000	0.000000	0.000000
ASV_1190_16S_022_3	OTU_2009_18S_3_200	1	ENV_NO2	0.713342	-0.028881	-0.742223	0.333666	3.000000	1.000000	0	0	1	1.000000	0.000000	0.000000
ASV_2226_16S_022_3	OTU_2017_18S_3_200	1	ENV_NO2	0.346245	0.000000	-0.346245	0.750250	3.000000	1.000000	0	0	1	1.000000	0.000000	0.000000
OTU_393_18S_3_200	OTU_2017_18S_3_200	1	ENV_NO2	0.756946	0.081080	-0.675867	0.333666	3.000000	1.000000	0	0	1	1.000000	0.000000	0.000000
ASV_322_16S_022_3	OTU_2035_18S_3_200	1	ENV_NO2	0.521848	0.068234	-0.453614	0.917083	3.000000	1.000000	0	0	1	1.000000	0.000000	0.000000
ASV_1524_16S_3_200	OTU_2035_18S_3_200	1	ENV_NO2	0.300850	0.028881	-0.271969	0.917083	3.000000	1.000000	0	0	1	1.000000	0.000000	0.000000
OTU_534_18S_3_200	OTU_2035_18S_3_200	1	ENV_NO2	0.589045	0.053372	-0.535673	0.833167	3.000000	1.000000	0	0	1	1.000000	0.000000	0.000000
OTU_1906_18S_3_200	OTU_2035_18S_3_200	1	ENV_NO2	0.519532	0.196604	-0.322928	0.917083	3.000000	1.000000	0	0	1	1.000000	0.000000	0.000000
OTU_413_18S_3_200	OTU_2037_18S_3_200	1	ENV_NO2	0.462246	0.093066	-0.369180	0.500500	3.000000	1.000000	0	0	1	1.000000	0.000000	0.000000
OTU_477_18S_3_200	OTU_2037_18S_3_200	1	ENV_NO2	0.416375	0.115525	-0.300850	0.750250	3.000000	1.000000	0	0	1	1.000000	0.000000	0.000000
OTU_1023_18S_3_200	OTU_2037_18S_3_200	1	ENV_NO2	0.646807	0.109961	-0.536846	0.500500	3.000000	1.000000	0	0	1	1.000000	0.000000	0.000000
OTU_1463_18S_3_200	OTU_2037_18S_3_200	1	ENV_NO2	0.542557	0.109961	-0.432596	0.667333	3.000000	1.000000	0	0	1	1.000000	0.000000	0.000000
OTU_1649_18S_3_200	OTU_2041_18S_3_200	1	ENV_NO2	0.416375	-0.000000	-0.416375	0.916084	3.000000	1.000000	0	0	1	1.000000	0.000000	0.000000
ASV_1481_16S_022_3	OTU_1967_18S_3_200	1	ENV_NO2	0.645714	0.081080	-0.564634	0.500500	3.000000	1.000000	0	0	1	1.000000	0.000000	0.000000
OTU_422_18S_3_200	OTU_1967_18S_3_200	1	ENV_NO2	0.652696	0.109961	-0.542735	0.750250	3.000000	1.000000	0	0	1	1.000000	0.000000	0.000000
OTU_477_18S_3_200	OTU_1967_18S_3_200	1	ENV_NO2	0.437083	0.115525	-0.321559	0.750250	3.000000	1.000000	0	0	1	1.000000	0.000000	0.000000
OTU_1898_18S_3_200	OTU_2033_18S_3_200	1	ENV_NO2	0.414059	0.062670	-0.351389	0.500500	3.000000	1.000000	0	0	1	1.000000	0.000000	0.000000
OTU_610_18S_3_200	OTU_2054_18S_3_200	1	ENV_NO2	0.599096	0.109961	-0.489135	0.667333	3.000000	1.000000	0	0	1	1.000000	0.000000	0.000000
ASV_161_16S_022_3	OTU_1924_18S_3_200	1	ENV_NO2	0.548450	0.151032	-0.397419	0.667333	3.000000	1.000000	0	0	1	1.000000	0.000000	0.000000
OTU_232_18S_3_200	OTU_1924_18S_3_200	1	ENV_NO2	0.648598	0.802008	0.153410	nan	3.000000	1.000000	0	0	1	1.000000	0.000000	0.000000
OTU_734_18S_3_200	OTU_1924_18S_3_200	1	ENV_NO2	0.747632	0.152862	-0.594770	0.667333	3.000000	1.000000	0	0	1	1.000000	0.000000	0.000000
OTU_937_18S_3_200	OTU_1924_18S_3_200	1	ENV_NO2	0.539767	0.780724	0.240957	nan	3.000000	1.000000	0	0	1	1.000000	0.000000	0.000000
OTU_558_18S_3_200	OTU_2069_18S_3_200	1	ENV_NO2	0.704569	-0.067060	-0.771629	0.582418	3.000000	1.000000	0	0	1	1.000000	0.000000	0.000000
OTU_726_18S_3_200	OTU_2069_18S_3_200	1	ENV_NO2	0.682767	0.000000	-0.682767	0.750250	3.000000	1.000000	0	0	1	1.000000	0.000000	0.000000
OTU_1106_18S_3_200	OTU_2069_18S_3_200	1	ENV_NO2	0.541334	0.000000	-0.541334	0.666334	3.000000	1.000000	0	0	1	1.000000	0.000000	0.000000
ASV_491_16S_3_200	OTU_1970_18S_3_200	1	ENV_NO2	0.886629	-0.149313	-1.035942	0.166833	3.000000	1.000000	0	0	1	1.000000	0.000000	0.000000
OTU_1337_18S_3_200	OTU_1970_18S_3_200	1	ENV_NO2	0.439968	0.117899	-0.322069	0.500500	2.000000	1.000000	0	1	0	1.000000	0.000000	0.000000
OTU_1390_18S_3_200	OTU_1970_18S_3_200	1	ENV_NO2	0.691540	-0.043401	-0.734941	0.083916	3.000000	1.000000	0	0	1	1.000000	0.000000	0.000000
OTU_868_18S_022_3	OTU_2005_18S_3_200	1	ENV_NO2	0.626796	1.420397	0.793602	nan	3.000000	1.000000	0	0	1	1.000000	0.000000	0.000000
OTU_391_18S_3_200	OTU_2005_18S_3_200	1	ENV_NO2	0.603203	0.091551	-0.511652	0.833167	3.000000	1.000000	0	0	1	1.000000	0.000000	0.000000
OTU_1263_18S_3_200	OTU_2005_18S_3_200	1	ENV_NO2	0.626796	-0.109961	-0.736757	0.500500	3.000000	1.000000	0	0	1	1.000000	0.000000	0.000000
ASV_1193_16S_3_200	OTU_2058_18S_3_200	1	ENV_NO2	0.338601	0.035304	-0.303297	0.834166	2.000000	1.000000	0	1	0	1.000000	0.000000	0.000000
OTU_40_18S_3_200	OTU_2058_18S_3_200	1	ENV_NO2	0.424142	0.296296	-0.127845	0.500500	3.000000	1.000000	0	0	1	1.000000	0.000000	0.000000
OTU_1562_18S_3_200	OTU_2058_18S_3_200	1	ENV_NO2	0.280839	0.041727	-0.239112	0.667333	1.000000	0.000000	1	0	0	1.000000	0.000000	0.000000
ASV_229_16S_3_200	OTU_2031_18S_3_200	1	ENV_NO2	0.420816	0.091551	-0.329265	0.917083	3.000000	1.000000	0	0	1	1.000000	0.000000	0.000000
OTU_109_18S_3_200	OTU_2031_18S_3_200	1	ENV_NO2	0.597818	0.074657	-0.523161	0.667333	3.000000	1.000000	0	0	1	1.000000	0.000000	0.000000
OTU_196_18S_3_200	OTU_2031_18S_3_200	1	ENV_NO2	0.426202	1.265520	0.839318	nan	3.000000	1.000000	0	0	1	1.000000	0.000000	0.000000
ASV_456_16S_022_3	OTU_2155_18S_3_200	1	ENV_NO2	0.439968	0.091551	-0.348417	0.251748	2.000000	1.000000	0	1	0	1.000000	0.000000	0.000000
ASV_1036_16S_022_3	OTU_2155_18S_3_200	1	ENV_NO2	0.439968	0.062670	-0.377298	0.334665	2.000000	1.000000	0	1	0	1.000000	0.000000	0.000000
ASV_1521_16S_022_3	OTU_2155_18S_3_200	1	ENV_NO2	0.519532	0.091551	-0.427981	0.167832	3.000000	1.000000	0	0	1	1.000000	0.000000	0.000000
ASV_2371_16S_022_3	OTU_2155_18S_3_200	1	ENV_NO2	0.483572	0.028881	-0.454691	0.000999	3.000000	1.000000	0	0	1	1.000000	0.000000	0.000000
OTU_910_18S_022_3	OTU_2155_18S_3_200	1	ENV_NO2	0.334495	0.000000	-0.334495	0.500500	3.000000	1.000000	0	0	1	1.000000	0.000000	0.000000
OTU_303_18S_3_200	OTU_2094_18S_3_200	1	ENV_NO2	0.710075	0.145265	-0.564810	0.834166	3.000000	1.000000	0	0	1	1.000000	0.000000	0.000000
OTU_1027_18S_3_200	OTU_2094_18S_3_200	1	ENV_NO2	0.491971	0.071782	-0.420189	0.750250	3.000000	1.000000	0	0	1	1.000000	0.000000	0.000000
OTU_1252_18S_3_200	OTU_2094_18S_3_200	1	ENV_NO2	0.633778	0.162159	-0.471619	0.917083	3.000000	1.000000	0	0	1	1.000000	0.000000	0.000000
ASV_910_16S_022_3	OTU_2181_18S_3_200	1	ENV_NO2	0.521033	0.240864	-0.280169	0.749251	3.000000	1.000000	0	0	1	1.000000	0.000000	0.000000
OTU_577_18S_3_200	OTU_2181_18S_3_200	1	ENV_NO2	0.825599	0.189525	-0.636074	0.501499	3.000000	1.000000	0	0	1	1.000000	0.000000	0.000000
OTU_871_18S_3_200	OTU_2105_18S_3_200	1	ENV_NO2	0.593635	0.315694	-0.277941	0.250749	3.000000	1.000000	0	0	1	1.000000	0.000000	0.000000
OTU_1899_18S_022_3	OTU_2088_18S_3_200	1	ENV_NO2	0.594103	0.052198	-0.541905	0.250749	3.000000	1.000000	0	0	1	1.000000	0.000000	0.000000
OTU_1034_18S_3_200	OTU_2088_18S_3_200	1	ENV_NO2	0.673006	-0.074657	-0.747662	0.251748	3.000000	1.000000	0	0	1	1.000000	0.000000	0.000000
OTU_1226_18S_3_200	OTU_2088_18S_3_200	1	ENV_NO2	0.519532	0.081080	-0.438452	0.501499	3.000000	1.000000	0	0	1	1.000000	0.000000	0.000000
OTU_2234_18S_022_3	OTU_2203_18S_3_200	1	ENV_NO2	0.356297	0.000000	-0.356297	0.500500	3.000000	1.000000	0	0	1	1.000000	0.000000	0.000000
OTU_923_18S_3_200	OTU_2203_18S_3_200	1	ENV_NO2	0.483572	0.000000	-0.483572	0.750250	3.000000	1.000000	0	0	1	1.000000	0.000000	0.000000
OTU_167_18S_022_3	OTU_2253_18S_3_200	1	ENV_NO2	0.357519	0.000000	-0.357519	0.750250	3.000000	1.000000	0	0	1	1.000000	0.000000	0.000000
OTU_760_18S_022_3	OTU_2253_18S_3_200	1	ENV_NO2	0.437083	0.035304	-0.401779	0.333666	3.000000	1.000000	0	0	1	1.000000	0.000000	0.000000
ASV_1071_16S_3_200	OTU_2253_18S_3_200	1	ENV_NO2	0.437083	0.070608	-0.366475	0.000999	3.000000	1.000000	0	0	1	1.000000	0.000000	0.000000
OTU_886_18S_3_200	OTU_2253_18S_3_200	1	ENV_NO2	0.437083	0.070608	-0.366475	0.584416	3.000000	1.000000	0	0	1	1.000000	0.000000	0.000000
OTU_866_18S_022_3	OTU_2133_18S_3_200	1	ENV_NO2	0.483572	0.028881	-0.454691	0.500500	3.000000	1.000000	0	0	1	1.000000	0.000000	0.000000
OTU_613_18S_3_200	OTU_2133_18S_3_200	1	ENV_NO2	0.833243	1.095220	0.261977	nan	3.000000	1.000000	0	0	1	1.000000	0.000000	0.000000
OTU_467_18S_3_200	OTU_2297_18S_3_200	1	ENV_NO2	0.710075	0.125340	-0.584735	0.333666	3.000000	1.000000	0	0	1	1.000000	0.000000	0.000000
OTU_1104_18S_3_200	OTU_2297_18S_3_200	1	ENV_NO2	0.626796	0.114868	-0.511928	0.084915	3.000000	1.000000	0	0	1	1.000000	0.000000	0.000000
OTU_1291_18S_3_200	OTU_2297_18S_3_200	1	ENV_NO2	0.746035	0.114868	-0.631167	0.000999	3.000000	1.000000	0	0	1	1.000000	0.000000	0.000000
OTU_1414_18S_3_200	OTU_2297_18S_3_200	1	ENV_NO2	0.617735	0.097974	-0.519761	0.083916	3.000000	1.000000	0	0	1	1.000000	0.000000	0.000000
OTU_519_18S_022_3	OTU_2179_18S_3_200	1	ENV_NO2	0.519532	-0.057762	-0.577294	0.334665	3.000000	1.000000	0	0	1	1.000000	0.000000	0.000000
OTU_191_18S_3_200	OTU_2179_18S_3_200	1	ENV_NO2	0.660965	1.310031	0.649066	nan	3.000000	1.000000	0	0	1	1.000000	0.000000	0.000000
ASV_595_16S_022_3	OTU_2308_18S_3_200	1	ENV_NO2	0.461770	-0.016894	-0.478664	0.749251	3.000000	1.000000	0	0	1	1.000000	0.000000	0.000000
OTU_1111_18S_022_3	OTU_2308_18S_3_200	1	ENV_NO2	0.541334	0.178194	-0.363140	0.750250	3.000000	1.000000	0	0	1	1.000000	0.000000	0.000000
OTU_322_18S_3_200	OTU_2308_18S_3_200	1	ENV_NO2	0.577294	0.115525	-0.461770	0.500500	3.000000	1.000000	0	0	1	1.000000	0.000000	0.000000
ASV_1258_16S_022_3	OTU_2322_18S_3_200	1	ENV_NO2	0.545441	0.091551	-0.453890	0.834166	3.000000	1.000000	0	0	1	1.000000	0.000000	0.000000
OTU_887_18S_022_3	OTU_2322_18S_3_200	1	ENV_NO2	0.547893	1.477754	0.929861	nan	3.000000	1.000000	0	0	1	1.000000	0.000000	0.000000
OTU_861_18S_022_3	OTU_2333_18S_3_200	1	ENV_NO2	0.300850	0.000000	-0.300850	0.250749	3.000000	1.000000	0	0	1	1.000000	0.000000	0.000000
OTU_198_18S_3_200	OTU_2333_18S_3_200	1	ENV_NO2	0.406323	0.000000	-0.406323	0.250749	3.000000	1.000000	0	0	1	1.000000	0.000000	0.000000
ASV_386_16S_022_3	OTU_2344_18S_3_200	1	ENV_NO2	0.469413	0.651179	0.181766	nan	3.000000	1.000000	0	0	1	1.000000	0.000000	0.000000
ASV_637_16S_022_3	OTU_2344_18S_3_200	1	ENV_NO2	0.356297	0.917523	0.561226	nan	1.000000	0.000000	1	0	0	1.000000	0.000000	0.000000
OTU_391_18S_3_200	OTU_2344_18S_3_200	1	ENV_NO2	0.599096	0.035304	-0.563792	0.833167	3.000000	1.000000	0	0	1	1.000000	0.000000	0.000000
OTU_866_18S_3_200	OTU_2344_18S_3_200	1	ENV_NO2	0.599096	0.030396	-0.568700	0.584416	3.000000	1.000000	0	0	1	1.000000	0.000000	0.000000
OTU_2399_18S_022_3	OTU_2047_18S_3_200	1	ENV_NO2	0.541334	-0.052198	-0.593532	1.000000	3.000000	1.000000	0	0	1	1.000000	0.000000	0.000000
OTU_430_18S_3_200	OTU_2047_18S_3_200	1	ENV_NO2	0.567243	-0.006423	-0.573666	0.916084	3.000000	1.000000	0	0	1	1.000000	0.000000	0.000000
ASV_601_16S_022_3	OTU_2309_18S_3_200	1	ENV_NO2	0.435861	-0.167723	-0.603584	0.250749	2.000000	1.000000	0	1	0	1.000000	0.000000	0.000000
OTU_1296_18S_3_200	OTU_2309_18S_3_200	1	ENV_NO2	0.519532	0.033789	-0.485743	0.416583	3.000000	1.000000	0	0	1	1.000000	0.000000	0.000000
OTU_1408_18S_3_200	OTU_2309_18S_3_200	1	ENV_NO2	0.519532	-0.052198	-0.571730	0.167832	3.000000	1.000000	0	0	1	1.000000	0.000000	0.000000
OTU_1318_18S_3_200	OTU_2309_18S_3_200	1	ENV_NO2	0.416375	-0.057762	-0.474137	0.417582	2.000000	1.000000	0	1	0	1.000000	0.000000	0.000000
ASV_725_16S_022_3	OTU_2376_18S_3_200	1	ENV_NO2	0.670400	0.000000	-0.670400	0.333666	3.000000	1.000000	0	0	1	1.000000	0.000000	0.000000
OTU_1284_18S_022_3	OTU_2376_18S_3_200	1	ENV_NO2	0.609753	0.000000	-0.609753	0.583417	3.000000	1.000000	0	0	1	1.000000	0.000000	0.000000
OTU_985_18S_3_200	OTU_2376_18S_3_200	1	ENV_NO2	0.567243	0.000000	-0.567243	0.833167	3.000000	1.000000	0	0	1	1.000000	0.000000	0.000000
OTU_1219_18S_3_200	OTU_1948_18S_3_200	1	ENV_NO2	0.435861	0.143749	-0.292111	0.667333	3.000000	1.000000	0	0	1	1.000000	0.000000	0.000000
OTU_1680_18S_3_200	OTU_1948_18S_3_200	1	ENV_NO2	0.425809	-0.014861	-0.440671	0.916084	3.000000	1.000000	0	0	1	1.000000	0.000000	0.000000
OTU_1782_18S_022_3	OTU_2305_18S_3_200	1	ENV_NO2	0.428125	0.000000	-0.428125	1.000000	3.000000	1.000000	0	0	1	1.000000	0.000000	0.000000
OTU_1650_18S_3_200	OTU_2305_18S_3_200	1	ENV_NO2	0.543650	0.000000	-0.543650	1.000000	3.000000	1.000000	0	0	1	1.000000	0.000000	0.000000
ASV_1795_16S_022_3	OTU_2398_18S_3_200	1	ENV_NO2	0.492737	0.103538	-0.389199	0.583417	3.000000	1.000000	0	0	1	1.000000	0.000000	0.000000
OTU_505_18S_3_200	OTU_2398_18S_3_200	1	ENV_NO2	0.691540	0.160644	-0.530896	0.500500	3.000000	1.000000	0	0	1	1.000000	0.000000	0.000000
OTU_1536_18S_3_200	OTU_2398_18S_3_200	1	ENV_NO2	0.615243	-0.031756	-0.646999	0.750250	3.000000	1.000000	0	0	1	1.000000	0.000000	0.000000
OTU_1454_18S_3_200	OTU_2120_18S_3_200	1	ENV_NO2	0.582063	0.121291	-0.460772	0.333666	3.000000	1.000000	0	0	1	1.000000	0.000000	0.000000
OTU_205_18S_3_200	OTU_2459_18S_3_200	1	ENV_NO2	0.645714	0.864827	0.219113	nan	3.000000	1.000000	0	0	1	1.000000	0.000000	0.000000
OTU_881_18S_3_200	OTU_2459_18S_3_200	1	ENV_NO2	0.670400	0.014020	-0.656380	0.250749	3.000000	1.000000	0	0	1	1.000000	0.000000	0.000000
OTU_1417_18S_3_200	OTU_2466_18S_3_200	1	ENV_NO2	0.656858	0.115525	-0.541334	0.500500	3.000000	1.000000	0	0	1	1.000000	0.000000	0.000000
ASV_2009_16S_022_3	OTU_2095_18S_3_200	1	ENV_NO2	0.358613	0.033789	-0.324824	0.167832	3.000000	1.000000	0	0	1	1.000000	0.000000	0.000000
OTU_2399_18S_022_3	OTU_2095_18S_3_200	1	ENV_NO2	0.435861	-0.028881	-0.464742	1.000000	3.000000	1.000000	0	0	1	1.000000	0.000000	0.000000
OTU_2047_18S_3_200	OTU_2095_18S_3_200	1	ENV_NO2	0.541334	-0.081080	-0.622414	0.500500	3.000000	1.000000	0	0	1	1.000000	0.000000	0.000000
OTU_1329_18S_3_200	OTU_2394_18S_3_200	1	ENV_NO2	0.480697	0.909743	0.429047	nan	3.000000	1.000000	0	0	1	1.000000	0.000000	0.000000
ASV_905_16S_3_200	OTU_2403_18S_3_200	1	ENV_NO2	0.541334	0.000000	-0.541334	0.167832	3.000000	1.000000	0	0	1	1.000000	0.000000	0.000000
OTU_497_18S_3_200	OTU_2403_18S_3_200	1	ENV_NO2	0.435861	0.091551	-0.344310	0.000999	3.000000	1.000000	0	0	1	1.000000	0.000000	0.000000
OTU_325_18S_3_200	OTU_2399_18S_3_200	1	ENV_NO2	0.691540	0.028881	-0.662659	0.750250	3.000000	1.000000	0	0	1	1.000000	0.000000	0.000000
OTU_430_18S_3_200	OTU_2399_18S_3_200	1	ENV_NO2	0.648598	-0.016894	-0.665492	1.000000	3.000000	1.000000	0	0	1	1.000000	0.000000	0.000000
OTU_711_18S_022_3	OTU_2420_18S_3_200	1	ENV_NO2	0.464086	0.121291	-0.342794	0.834166	3.000000	1.000000	0	0	1	1.000000	0.000000	0.000000
OTU_2195_18S_022_3	OTU_2420_18S_3_200	1	ENV_NO2	0.541334	0.045776	-0.495558	0.500500	3.000000	1.000000	0	0	1	1.000000	0.000000	0.000000
OTU_989_18S_3_200	OTU_2429_18S_3_200	1	ENV_NO2	0.577294	0.052198	-0.525096	0.000999	3.000000	1.000000	0	0	1	1.000000	0.000000	0.000000
ASV_415_16S_022_3	OTU_2489_18S_3_200	1	ENV_NO2	0.451718	0.000000	-0.451718	0.417582	2.000000	1.000000	0	1	0	1.000000	0.000000	0.000000
ASV_606_16S_022_3	OTU_2489_18S_3_200	1	ENV_NO2	0.464086	0.062670	-0.401416	0.502498	3.000000	1.000000	0	0	1	1.000000	0.000000	0.000000
ASV_1108_16S_022_3	OTU_2489_18S_3_200	1	ENV_NO2	0.682767	0.000000	-0.682767	0.332667	3.000000	1.000000	0	0	1	1.000000	0.000000	0.000000
OTU_2376_18S_3_200	OTU_2489_18S_3_200	1	ENV_NO2	0.589045	0.000000	-0.589045	0.833167	3.000000	1.000000	0	0	1	1.000000	0.000000	0.000000
OTU_2305_18S_3_200	OTU_2489_18S_3_200	1	ENV_NO2	0.704569	0.062670	-0.641899	0.418581	3.000000	1.000000	0	0	1	1.000000	0.000000	0.000000
OTU_1756_18S_022_3	OTU_2496_18S_3_200	1	ENV_NO2	0.439968	-0.016894	-0.456862	0.666334	3.000000	1.000000	0	0	1	1.000000	0.000000	0.000000
ASV_491_16S_3_200	OTU_2496_18S_3_200	1	ENV_NO2	0.670400	0.301001	-0.369399	0.833167	3.000000	1.000000	0	0	1	1.000000	0.000000	0.000000
OTU_1970_18S_3_200	OTU_2496_18S_3_200	1	ENV_NO2	0.706360	-0.097115	-0.803475	0.083916	3.000000	1.000000	0	0	1	1.000000	0.000000	0.000000
OTU_568_18S_022_3	OTU_1926_18S_3_200	1	ENV_NO2	0.710075	0.138186	-0.571889	0.416583	3.000000	1.000000	0	0	1	1.000000	0.000000	0.000000
OTU_671_18S_022_3	OTU_1926_18S_3_200	1	ENV_NO2	0.625378	0.206419	-0.418959	0.499500	3.000000	1.000000	0	0	1	1.000000	0.000000	0.000000
OTU_2005_18S_3_200	OTU_1926_18S_3_200	1	ENV_NO2	0.691540	-0.023974	-0.715514	0.749251	3.000000	1.000000	0	0	1	1.000000	0.000000	0.000000
OTU_136_18S_3_200	OTU_2515_18S_3_200	1	ENV_NO2	0.689869	0.021616	-0.668253	0.583417	3.000000	1.000000	0	0	1	1.000000	0.000000	0.000000
OTU_1789_18S_022_3	OTU_2449_18S_3_200	1	ENV_NO2	0.577294	0.045776	-0.531519	0.166833	3.000000	1.000000	0	0	1	1.000000	0.000000	0.000000
OTU_1649_18S_3_200	OTU_2449_18S_3_200	1	ENV_NO2	0.519532	0.126855	-0.392677	0.334665	3.000000	1.000000	0	0	1	1.000000	0.000000	0.000000
OTU_1210_18S_022_3	OTU_2295_18S_3_200	1	ENV_NO2	0.569695	0.028881	-0.540814	0.250749	3.000000	1.000000	0	0	1	1.000000	0.000000	0.000000
OTU_995_18S_3_200	OTU_2295_18S_3_200	1	ENV_NO2	0.660965	-0.045776	-0.706741	0.333666	3.000000	1.000000	0	0	1	1.000000	0.000000	0.000000
OTU_1290_18S_3_200	OTU_2295_18S_3_200	1	ENV_NO2	0.612638	0.070608	-0.542029	0.584416	3.000000	1.000000	0	0	1	1.000000	0.000000	0.000000
ASV_1851_16S_022_3	OTU_2532_18S_3_200	1	ENV_NO2	0.545441	0.288155	-0.257286	0.917083	3.000000	1.000000	0	0	1	1.000000	0.000000	0.000000
OTU_191_18S_3_200	OTU_2532_18S_3_200	1	ENV_NO2	0.603203	0.125340	-0.477863	0.834166	3.000000	1.000000	0	0	1	1.000000	0.000000	0.000000
OTU_493_18S_3_200	OTU_2532_18S_3_200	1	ENV_NO2	0.566149	0.042901	-0.523249	0.667333	3.000000	1.000000	0	0	1	1.000000	0.000000	0.000000
OTU_558_18S_3_200	OTU_2532_18S_3_200	1	ENV_NO2	0.728162	0.053372	-0.674790	0.667333	3.000000	1.000000	0	0	1	1.000000	0.000000	0.000000
OTU_1281_18S_3_200	OTU_2532_18S_3_200	1	ENV_NO2	0.626796	0.053372	-0.573424	0.583417	3.000000	1.000000	0	0	1	1.000000	0.000000	0.000000
OTU_1940_18S_3_200	OTU_2532_18S_3_200	1	ENV_NO2	0.625005	0.321944	-0.303061	0.917083	3.000000	1.000000	0	0	1	1.000000	0.000000	0.000000
OTU_2420_18S_022_3	OTU_2456_18S_3_200	1	ENV_NO2	0.519532	0.000000	-0.519532	0.750250	3.000000	1.000000	0	0	1	1.000000	0.000000	0.000000
OTU_2958_18S_022_3	OTU_2456_18S_3_200	1	ENV_NO2	0.276732	0.052198	-0.224534	0.167832	3.000000	1.000000	0	0	1	1.000000	0.000000	0.000000
OTU_995_18S_3_200	OTU_2456_18S_3_200	1	ENV_NO2	0.439968	-0.028881	-0.468849	0.666334	3.000000	1.000000	0	0	1	1.000000	0.000000	0.000000
OTU_362_18S_3_200	OTU_2418_18S_3_200	1	ENV_NO2	0.646807	1.580341	0.933534	nan	3.000000	1.000000	0	0	1	1.000000	0.000000	0.000000
OTU_655_18S_3_200	OTU_2418_18S_3_200	1	ENV_NO2	0.567243	1.467688	0.900446	nan	3.000000	1.000000	0	0	1	1.000000	0.000000	0.000000
OTU_671_18S_3_200	OTU_2418_18S_3_200	1	ENV_NO2	0.625005	0.009112	-0.615893	0.416583	3.000000	1.000000	0	0	1	1.000000	0.000000	0.000000
OTU_768_18S_3_200	OTU_2418_18S_3_200	1	ENV_NO2	0.660965	0.009112	-0.651853	0.167832	3.000000	1.000000	0	0	1	1.000000	0.000000	0.000000
OTU_1296_18S_3_200	OTU_2418_18S_3_200	1	ENV_NO2	0.603203	1.506635	0.903432	nan	3.000000	1.000000	0	0	1	1.000000	0.000000	0.000000
OTU_1363_18S_3_200	OTU_2418_18S_3_200	1	ENV_NO2	0.682767	-0.062670	-0.745437	0.083916	3.000000	1.000000	0	0	1	1.000000	0.000000	0.000000
OTU_1774_18S_3_200	OTU_2512_18S_3_200	1	ENV_NO2	0.356297	0.000000	-0.356297	1.000000	3.000000	1.000000	0	0	1	1.000000	0.000000	0.000000
OTU_1646_18S_3_200	OTU_2603_18S_3_200	1	ENV_NO2	0.462992	0.062670	-0.400322	0.167832	3.000000	1.000000	0	0	1	1.000000	0.000000	0.000000
OTU_519_18S_022_3	OTU_2433_18S_3_200	1	ENV_NO2	0.599096	0.115525	-0.483572	0.750250	3.000000	1.000000	0	0	1	1.000000	0.000000	0.000000
OTU_1394_18S_3_200	OTU_2433_18S_3_200	1	ENV_NO2	0.493623	0.000000	-0.493623	0.750250	3.000000	1.000000	0	0	1	1.000000	0.000000	0.000000
OTU_1391_18S_3_200	OTU_2433_18S_3_200	1	ENV_NO2	0.356297	0.042901	-0.313396	0.667333	3.000000	1.000000	0	0	1	1.000000	0.000000	0.000000
ASV_1143_16S_022_3	OTU_2631_18S_3_200	1	ENV_NO2	0.740530	-0.086643	-0.827173	0.333666	3.000000	1.000000	0	0	1	1.000000	0.000000	0.000000
OTU_881_18S_3_200	OTU_2631_18S_3_200	1	ENV_NO2	0.511933	0.563823	0.051890	nan	3.000000	1.000000	0	0	1	1.000000	0.000000	0.000000
OTU_1576_18S_3_200	OTU_2631_18S_3_200	1	ENV_NO2	0.465445	0.450517	-0.014927	0.500500	3.000000	1.000000	0	0	1	1.000000	0.000000	0.000000
OTU_2459_18S_3_200	OTU_2631_18S_3_200	1	ENV_NO2	0.547893	-0.057762	-0.605655	0.333666	3.000000	1.000000	0	0	1	1.000000	0.000000	0.000000
OTU_799_18S_022_3	OTU_2503_18S_3_200	1	ENV_NO2	0.497775	0.104397	-0.393378	0.084915	3.000000	1.000000	0	0	1	1.000000	0.000000	0.000000
OTU_1353_18S_022_3	OTU_2503_18S_3_200	1	ENV_NO2	0.435258	-0.014861	-0.450120	0.500500	3.000000	1.000000	0	0	1	1.000000	0.000000	0.000000
OTU_2512_18S_3_200	OTU_2503_18S_3_200	1	ENV_NO2	0.404007	0.000000	-0.404007	0.750250	3.000000	1.000000	0	0	1	1.000000	0.000000	0.000000
OTU_1362_18S_022_3	OTU_2601_18S_3_200	1	ENV_NO2	0.483572	0.000000	-0.483572	0.750250	3.000000	1.000000	0	0	1	1.000000	0.000000	0.000000
ASV_1541_16S_3_200	OTU_2578_18S_3_200	1	ENV_NO2	0.603203	0.115525	-0.487679	0.500500	3.000000	1.000000	0	0	1	1.000000	0.000000	0.000000
OTU_1999_18S_3_200	OTU_2578_18S_3_200	1	ENV_NO2	0.408776	-0.052198	-0.460974	0.584416	3.000000	1.000000	0	0	1	1.000000	0.000000	0.000000
ASV_174_16S_022_3	OTU_2508_18S_3_200	1	ENV_NO2	0.567243	0.980193	0.412950	nan	3.000000	1.000000	0	0	1	1.000000	0.000000	0.000000
OTU_985_18S_022_3	OTU_2508_18S_3_200	1	ENV_NO2	0.541334	-0.081080	-0.622414	0.416583	3.000000	1.000000	0	0	1	1.000000	0.000000	0.000000
OTU_756_18S_3_200	OTU_2508_18S_3_200	1	ENV_NO2	0.521848	-0.052198	-0.574046	0.749251	3.000000	1.000000	0	0	1	1.000000	0.000000	0.000000
OTU_889_18S_022_3	OTU_2557_18S_3_200	1	ENV_NO2	0.519532	-0.052198	-0.571730	0.917083	3.000000	1.000000	0	0	1	1.000000	0.000000	0.000000
OTU_1506_18S_022_3	OTU_2557_18S_3_200	1	ENV_NO2	0.493623	-0.000000	-0.493623	0.500500	3.000000	1.000000	0	0	1	1.000000	0.000000	0.000000
ASV_1076_16S_3_200	OTU_2557_18S_3_200	1	ENV_NO2	0.656858	-0.035304	-0.692163	1.000000	3.000000	1.000000	0	0	1	1.000000	0.000000	0.000000
ASV_1524_16S_3_200	OTU_2557_18S_3_200	1	ENV_NO2	0.414059	-0.023317	-0.437376	1.000000	3.000000	1.000000	0	0	1	1.000000	0.000000	0.000000
ASV_730_16S_022_3	OTU_2259_18S_3_200	1	ENV_NO2	0.713342	0.128029	-0.585313	0.917083	3.000000	1.000000	0	0	1	1.000000	0.000000	0.000000
OTU_1148_18S_022_3	OTU_2259_18S_3_200	1	ENV_NO2	0.571535	0.082253	-0.489282	0.917083	3.000000	1.000000	0	0	1	1.000000	0.000000	0.000000
OTU_197_18S_3_200	OTU_2259_18S_3_200	1	ENV_NO2	0.615243	0.011987	-0.603257	0.750250	3.000000	1.000000	0	0	1	1.000000	0.000000	0.000000
OTU_363_18S_3_200	OTU_2259_18S_3_200	1	ENV_NO2	0.669738	0.082253	-0.587485	0.833167	3.000000	1.000000	0	0	1	1.000000	0.000000	0.000000
ASV_714_16S_022_3	OTU_2572_18S_3_200	1	ENV_NO2	0.199411	0.034138	-0.165272	0.667333	2.000000	1.000000	0	1	0	1.000000	0.000000	0.000000
OTU_137_18S_3_200	OTU_2572_18S_3_200	1	ENV_NO2	0.388934	0.378394	-0.010540	0.333666	1.000000	0.000000	1	0	0	1.000000	0.000000	0.000000
ASV_858_16S_3_200	OTU_2699_18S_3_200	1	ENV_NO2	0.519532	0.081080	-0.438452	0.000999	3.000000	1.000000	0	0	1	1.000000	0.000000	0.000000
OTU_995_18S_3_200	OTU_2615_18S_3_200	1	ENV_NO2	0.464086	0.115525	-0.348561	0.500500	3.000000	1.000000	0	0	1	1.000000	0.000000	0.000000
OTU_1511_18S_3_200	OTU_2615_18S_3_200	1	ENV_NO2	0.519532	0.219921	-0.299610	0.417582	3.000000	1.000000	0	0	1	1.000000	0.000000	0.000000
OTU_2466_18S_3_200	OTU_2615_18S_3_200	1	ENV_NO2	0.599096	0.196604	-0.402492	0.334665	3.000000	1.000000	0	0	1	1.000000	0.000000	0.000000
ASV_636_16S_022_3	OTU_2714_18S_3_200	1	ENV_NO2	0.458885	0.057762	-0.401123	0.917083	3.000000	1.000000	0	0	1	1.000000	0.000000	0.000000
OTU_1782_18S_022_3	OTU_2682_18S_3_200	1	ENV_NO2	0.380415	0.000000	-0.380415	1.000000	3.000000	1.000000	0	0	1	1.000000	0.000000	0.000000
OTU_1104_18S_3_200	OTU_2682_18S_3_200	1	ENV_NO2	0.577294	0.143749	-0.433545	0.582418	3.000000	1.000000	0	0	1	1.000000	0.000000	0.000000
OTU_2195_18S_022_3	OTU_2649_18S_3_200	1	ENV_NO2	0.577294	0.039353	-0.537942	0.500500	3.000000	1.000000	0	0	1	1.000000	0.000000	0.000000
OTU_228_18S_3_200	OTU_2649_18S_3_200	1	ENV_NO2	0.660965	0.074657	-0.586309	0.667333	3.000000	1.000000	0	0	1	1.000000	0.000000	0.000000
OTU_2420_18S_3_200	OTU_2649_18S_3_200	1	ENV_NO2	0.625005	0.074657	-0.550348	0.584416	3.000000	1.000000	0	0	1	1.000000	0.000000	0.000000
OTU_467_18S_022_3	OTU_2727_18S_3_200	1	ENV_NO2	0.358613	0.023317	-0.335295	0.000999	3.000000	1.000000	0	0	1	1.000000	0.000000	0.000000
OTU_1801_18S_022_3	OTU_2727_18S_3_200	1	ENV_NO2	0.356297	-0.045776	-0.402072	0.499500	3.000000	1.000000	0	0	1	1.000000	0.000000	0.000000
OTU_1948_18S_3_200	OTU_2727_18S_3_200	1	ENV_NO2	0.356297	0.052198	-0.304098	0.583417	3.000000	1.000000	0	0	1	1.000000	0.000000	0.000000
OTU_1940_18S_3_200	OTU_2745_18S_3_200	1	ENV_NO2	0.682767	0.321944	-0.360823	0.917083	3.000000	1.000000	0	0	1	1.000000	0.000000	0.000000
ASV_550_16S_022_3	OTU_2750_18S_3_200	1	ENV_NO2	0.505374	1.300733	0.795360	nan	3.000000	1.000000	0	0	1	1.000000	0.000000	0.000000
ASV_1065_16S_022_3	OTU_2750_18S_3_200	1	ENV_NO2	0.519532	-0.071968	-0.591499	0.916084	3.000000	1.000000	0	0	1	1.000000	0.000000	0.000000
ASV_1820_16S_022_3	OTU_2750_18S_3_200	1	ENV_NO2	0.599096	-0.021802	-0.620898	0.583417	3.000000	1.000000	0	0	1	1.000000	0.000000	0.000000
OTU_844_18S_022_3	OTU_2750_18S_3_200	1	ENV_NO2	0.541334	1.580341	1.039007	nan	3.000000	1.000000	0	0	1	1.000000	0.000000	0.000000
OTU_398_18S_3_200	OTU_2750_18S_3_200	1	ENV_NO2	0.414059	-0.050683	-0.464742	0.751249	3.000000	1.000000	0	0	1	1.000000	0.000000	0.000000
OTU_550_18S_3_200	OTU_2750_18S_3_200	1	ENV_NO2	0.577294	-0.043086	-0.620381	1.000000	3.000000	1.000000	0	0	1	1.000000	0.000000	0.000000
OTU_799_18S_3_200	OTU_2750_18S_3_200	1	ENV_NO2	0.541334	1.242859	0.701525	nan	3.000000	1.000000	0	0	1	1.000000	0.000000	0.000000
OTU_430_18S_022_3	OTU_2510_18S_3_200	1	ENV_NO2	0.609753	0.917523	0.307770	nan	3.000000	1.000000	0	0	1	1.000000	0.000000	0.000000
ASV_1524_16S_3_200	OTU_2510_18S_3_200	1	ENV_NO2	0.404007	1.030717	0.626710	nan	3.000000	1.000000	0	0	1	1.000000	0.000000	0.000000
OTU_800_18S_3_200	OTU_2510_18S_3_200	1	ENV_NO2	0.389232	0.669580	0.280347	nan	3.000000	1.000000	0	0	1	1.000000	0.000000	0.000000
OTU_2047_18S_3_200	OTU_2510_18S_3_200	1	ENV_NO2	0.589045	1.122268	0.533224	nan	3.000000	1.000000	0	0	1	1.000000	0.000000	0.000000
OTU_1611_18S_3_200	OTU_2785_18S_3_200	1	ENV_NO2	0.378099	0.000000	-0.378099	0.916084	3.000000	1.000000	0	0	1	1.000000	0.000000	0.000000
OTU_2876_18S_022_3	OTU_2589_18S_3_200	1	ENV_NO2	0.599096	0.000000	-0.599096	0.750250	3.000000	1.000000	0	0	1	1.000000	0.000000	0.000000
OTU_989_18S_3_200	OTU_2589_18S_3_200	1	ENV_NO2	0.599096	0.000000	-0.599096	0.666334	3.000000	1.000000	0	0	1	1.000000	0.000000	0.000000
OTU_1219_18S_3_200	OTU_2589_18S_3_200	1	ENV_NO2	0.599096	0.081080	-0.518017	0.167832	3.000000	1.000000	0	0	1	1.000000	0.000000	0.000000
ASV_915_16S_022_3	OTU_2419_18S_3_200	1	ENV_NO2	0.418827	-0.057762	-0.476589	1.000000	3.000000	1.000000	0	0	1	1.000000	0.000000	0.000000
ASV_1029_16S_022_3	OTU_2419_18S_3_200	1	ENV_NO2	0.497730	1.002154	0.504424	nan	3.000000	1.000000	0	0	1	1.000000	0.000000	0.000000
OTU_492_18S_3_200	OTU_2419_18S_3_200	1	ENV_NO2	0.656858	1.235374	0.578516	nan	3.000000	1.000000	0	0	1	1.000000	0.000000	0.000000
OTU_653_18S_3_200	OTU_2419_18S_3_200	1	ENV_NO2	0.577294	1.235374	0.658080	nan	3.000000	1.000000	0	0	1	1.000000	0.000000	0.000000
OTU_1627_18S_3_200	OTU_2419_18S_3_200	1	ENV_NO2	0.414059	-0.103538	-0.517597	0.416583	3.000000	1.000000	0	0	1	1.000000	0.000000	0.000000
ASV_1481_16S_022_3	OTU_2590_18S_3_200	1	ENV_NO2	0.692202	0.172631	-0.519571	0.917083	3.000000	1.000000	0	0	1	1.000000	0.000000	0.000000
OTU_82_18S_3_200	OTU_2590_18S_3_200	1	ENV_NO2	0.597818	0.213498	-0.384319	0.749251	3.000000	1.000000	0	0	1	1.000000	0.000000	0.000000
OTU_493_18S_3_200	OTU_2590_18S_3_200	1	ENV_NO2	0.475033	-0.038179	-0.513211	0.583417	3.000000	1.000000	0	0	1	1.000000	0.000000	0.000000
OTU_1159_18S_3_200	OTU_2590_18S_3_200	1	ENV_NO2	0.554875	0.007597	-0.547279	0.416583	3.000000	1.000000	0	0	1	1.000000	0.000000	0.000000
ASV_1047_16S_022_3	OTU_2848_18S_3_200	1	ENV_NO2	0.435861	0.842866	0.407006	nan	3.000000	1.000000	0	0	1	1.000000	0.000000	0.000000
OTU_2699_18S_3_200	OTU_2848_18S_3_200	1	ENV_NO2	0.435861	-0.074657	-0.510517	0.250749	3.000000	1.000000	0	0	1	1.000000	0.000000	0.000000
ASV_1695_16S_022_3	OTU_2700_18S_3_200	1	ENV_NO2	0.439968	0.000000	-0.439968	1.000000	3.000000	1.000000	0	0	1	1.000000	0.000000	0.000000
OTU_1714_18S_022_3	OTU_2700_18S_3_200	1	ENV_NO2	0.497730	0.081080	-0.416650	0.666334	3.000000	1.000000	0	0	1	1.000000	0.000000	0.000000
OTU_1394_18S_3_200	OTU_2744_18S_3_200	1	ENV_NO2	0.656858	0.321944	-0.334915	0.667333	3.000000	1.000000	0	0	1	1.000000	0.000000	0.000000
OTU_2714_18S_3_200	OTU_2744_18S_3_200	1	ENV_NO2	0.599096	0.000000	-0.599096	0.750250	3.000000	1.000000	0	0	1	1.000000	0.000000	0.000000
OTU_932_18S_3_200	OTU_2867_18S_3_200	1	ENV_NO2	0.439968	-0.057762	-0.497730	1.000000	3.000000	1.000000	0	0	1	1.000000	0.000000	0.000000
OTU_1999_18S_3_200	OTU_2867_18S_3_200	1	ENV_NO2	0.483572	-0.081080	-0.564651	0.750250	3.000000	1.000000	0	0	1	1.000000	0.000000	0.000000
OTU_2512_18S_3_200	OTU_2867_18S_3_200	1	ENV_NO2	0.334495	0.000000	-0.334495	1.000000	3.000000	1.000000	0	0	1	1.000000	0.000000	0.000000
OTU_938_18S_022_3	OTU_2620_18S_3_200	1	ENV_NO2	0.627457	-0.081080	-0.708537	0.417582	3.000000	1.000000	0	0	1	1.000000	0.000000	0.000000
OTU_493_18S_3_200	OTU_2620_18S_3_200	1	ENV_NO2	0.623912	-0.009298	-0.633209	0.834166	3.000000	1.000000	0	0	1	1.000000	0.000000	0.000000
OTU_741_18S_3_200	OTU_2620_18S_3_200	1	ENV_NO2	0.603203	-0.052198	-0.655401	0.833167	3.000000	1.000000	0	0	1	1.000000	0.000000	0.000000
OTU_1335_18S_3_200	OTU_2620_18S_3_200	1	ENV_NO2	0.670400	0.109961	-0.560439	0.917083	3.000000	1.000000	0	0	1	1.000000	0.000000	0.000000
OTU_2714_18S_3_200	OTU_2620_18S_3_200	1	ENV_NO2	0.577294	-0.052198	-0.629493	0.751249	3.000000	1.000000	0	0	1	1.000000	0.000000	0.000000
OTU_1494_18S_022_3	OTU_2795_18S_3_200	1	ENV_NO2	0.545441	0.224829	-0.320612	0.917083	3.000000	1.000000	0	0	1	1.000000	0.000000	0.000000
OTU_48_18S_3_200	OTU_2795_18S_3_200	1	ENV_NO2	0.429916	0.104397	-0.325519	0.416583	3.000000	1.000000	0	0	1	1.000000	0.000000	0.000000
OTU_1077_18S_022_3	OTU_2876_18S_3_200	1	ENV_NO2	0.660965	0.052198	-0.608767	0.335664	3.000000	1.000000	0	0	1	1.000000	0.000000	0.000000
OTU_1767_18S_022_3	OTU_2876_18S_3_200	1	ENV_NO2	0.577294	0.000000	-0.577294	0.666334	3.000000	1.000000	0	0	1	1.000000	0.000000	0.000000
OTU_1732_18S_3_200	OTU_2876_18S_3_200	1	ENV_NO2	0.442284	0.052198	-0.390085	0.333666	3.000000	1.000000	0	0	1	1.000000	0.000000	0.000000
OTU_799_18S_3_200	OTU_2884_18S_3_200	1	ENV_NO2	0.556546	0.390178	-0.166369	0.833167	3.000000	1.000000	0	0	1	1.000000	0.000000	0.000000
OTU_1286_18S_3_200	OTU_2884_18S_3_200	1	ENV_NO2	0.567243	0.033789	-0.533454	0.083916	3.000000	1.000000	0	0	1	1.000000	0.000000	0.000000
OTU_2181_18S_3_200	OTU_2884_18S_3_200	1	ENV_NO2	0.574419	0.298627	-0.275793	0.583417	3.000000	1.000000	0	0	1	1.000000	0.000000	0.000000
ASV_661_16S_022_3	OTU_2914_18S_3_200	1	ENV_NO2	0.461770	0.162159	-0.299610	0.750250	2.000000	1.000000	0	1	0	1.000000	0.000000	0.000000
OTU_2289_18S_022_3	OTU_2914_18S_3_200	1	ENV_NO2	0.414059	0.081080	-0.332979	0.084915	3.000000	1.000000	0	0	1	1.000000	0.000000	0.000000
ASV_501_16S_022_3	OTU_2635_18S_3_200	1	ENV_NO2	0.577294	0.081080	-0.496215	0.334665	3.000000	1.000000	0	0	1	1.000000	0.000000	0.000000
ASV_1201_16S_022_3	OTU_2635_18S_3_200	1	ENV_NO2	0.493623	-0.091551	-0.585174	0.333666	3.000000	1.000000	0	0	1	1.000000	0.000000	0.000000
OTU_191_18S_022_3	OTU_2635_18S_3_200	1	ENV_NO2	0.577294	0.035304	-0.541990	0.167832	3.000000	1.000000	0	0	1	1.000000	0.000000	0.000000
OTU_2214_18S_022_3	OTU_2635_18S_3_200	1	ENV_NO2	0.493623	0.000000	-0.493623	0.500500	3.000000	1.000000	0	0	1	1.000000	0.000000	0.000000
OTU_3210_18S_022_3	OTU_2635_18S_3_200	1	ENV_NO2	0.493623	0.023317	-0.470306	0.584416	3.000000	1.000000	0	0	1	1.000000	0.000000	0.000000
OTU_621_18S_3_200	OTU_2635_18S_3_200	1	ENV_NO2	0.435861	0.000000	-0.435861	0.250749	3.000000	1.000000	0	0	1	1.000000	0.000000	0.000000
OTU_851_18S_022_3	OTU_3023_18S_3_200	1	ENV_NO2	0.599096	0.115525	-0.483572	0.750250	3.000000	1.000000	0	0	1	1.000000	0.000000	0.000000
OTU_2270_18S_022_3	OTU_3023_18S_3_200	1	ENV_NO2	0.577294	0.115525	-0.461770	0.750250	3.000000	1.000000	0	0	1	1.000000	0.000000	0.000000
OTU_1086_18S_3_200	OTU_2732_18S_3_200	1	ENV_NO2	0.450122	-0.074657	-0.524778	0.750250	3.000000	1.000000	0	0	1	1.000000	0.000000	0.000000
OTU_1258_18S_3_200	OTU_2732_18S_3_200	1	ENV_NO2	0.589045	0.000000	-0.589045	1.000000	3.000000	1.000000	0	0	1	1.000000	0.000000	0.000000
OTU_2305_18S_3_200	OTU_2732_18S_3_200	1	ENV_NO2	0.601412	0.091551	-0.509861	0.502498	3.000000	1.000000	0	0	1	1.000000	0.000000	0.000000
OTU_3023_18S_3_200	OTU_3068_18S_3_200	1	ENV_NO2	0.656858	-0.057762	-0.714621	0.751249	3.000000	1.000000	0	0	1	1.000000	0.000000	0.000000
OTU_889_18S_3_200	OTU_3072_18S_3_200	1	ENV_NO2	0.493623	0.207076	-0.286548	0.917083	3.000000	1.000000	0	0	1	1.000000	0.000000	0.000000
OTU_1906_18S_3_200	OTU_3072_18S_3_200	1	ENV_NO2	0.356297	0.196604	-0.159692	0.917083	3.000000	1.000000	0	0	1	1.000000	0.000000	0.000000
OTU_1898_18S_3_200	OTU_3113_18S_3_200	1	ENV_NO2	0.435861	0.000000	-0.435861	0.418581	3.000000	1.000000	0	0	1	1.000000	0.000000	0.000000
OTU_2270_18S_022_3	OTU_2758_18S_3_200	1	ENV_NO2	0.519532	0.057762	-0.461770	0.917083	3.000000	1.000000	0	0	1	1.000000	0.000000	0.000000
OTU_683_18S_3_200	OTU_3167_18S_3_200	1	ENV_NO2	0.416375	0.207076	-0.209299	0.834166	3.000000	1.000000	0	0	1	1.000000	0.000000	0.000000
OTU_994_18S_3_200	OTU_3167_18S_3_200	1	ENV_NO2	0.464086	-0.081080	-0.545165	0.334665	3.000000	1.000000	0	0	1	1.000000	0.000000	0.000000
OTU_1408_18S_3_200	OTU_3167_18S_3_200	1	ENV_NO2	0.577294	1.088480	0.511185	nan	3.000000	1.000000	0	0	1	1.000000	0.000000	0.000000
ASV_42_16S_022_3	OTU_3190_18S_3_200	1	ENV_NO2	0.356297	0.000000	-0.356297	1.000000	3.000000	1.000000	0	0	1	1.000000	0.000000	0.000000
ASV_2181_16S_022_3	OTU_3190_18S_3_200	1	ENV_NO2	0.461770	0.045776	-0.415994	0.417582	3.000000	1.000000	0	0	1	1.000000	0.000000	0.000000
OTU_1562_18S_3_200	OTU_3190_18S_3_200	1	ENV_NO2	0.390466	0.028881	-0.361585	0.667333	3.000000	1.000000	0	0	1	1.000000	0.000000	0.000000
OTU_2309_18S_022_3	OTU_3083_18S_3_200	1	ENV_NO2	0.276732	0.000000	-0.276732	0.583417	3.000000	1.000000	0	0	1	1.000000	0.000000	0.000000
OTU_1374_18S_3_200	OTU_3083_18S_3_200	1	ENV_NO2	0.356297	0.028881	-0.327415	0.000999	3.000000	1.000000	0	0	1	1.000000	0.000000	0.000000
OTU_671_18S_3_200	OTU_3206_18S_3_200	1	ENV_NO2	0.625005	0.617391	-0.007614	0.750250	3.000000	1.000000	0	0	1	1.000000	0.000000	0.000000
OTU_1399_18S_3_200	OTU_3206_18S_3_200	1	ENV_NO2	0.625005	2.061752	1.436747	nan	3.000000	1.000000	0	0	1	1.000000	0.000000	0.000000
OTU_1252_18S_3_200	OTU_3210_18S_3_200	1	ENV_NO2	0.576677	0.196604	-0.380073	0.583417	3.000000	1.000000	0	0	1	1.000000	0.000000	0.000000
OTU_2785_18S_3_200	OTU_3210_18S_3_200	1	ENV_NO2	0.483572	0.115525	-0.368047	0.750250	3.000000	1.000000	0	0	1	1.000000	0.000000	0.000000
OTU_1353_18S_022_3	OTU_3225_18S_3_200	1	ENV_NO2	0.681296	0.745420	0.064124	nan	3.000000	1.000000	0	0	1	1.000000	0.000000	0.000000
ASV_376_16S_022_3	OTU_3255_18S_3_200	1	ENV_NO2	0.334495	0.115525	-0.218970	0.750250	3.000000	1.000000	0	0	1	1.000000	0.000000	0.000000
OTU_1902_18S_022_3	OTU_3255_18S_3_200	1	ENV_NO2	0.519532	-0.057762	-0.577294	0.834166	3.000000	1.000000	0	0	1	1.000000	0.000000	0.000000
OTU_2459_18S_3_200	OTU_3255_18S_3_200	1	ENV_NO2	0.497730	0.000000	-0.497730	0.667333	3.000000	1.000000	0	0	1	1.000000	0.000000	0.000000
OTU_2649_18S_3_200	OTU_3255_18S_3_200	1	ENV_NO2	0.497730	0.028881	-0.468849	0.750250	3.000000	1.000000	0	0	1	1.000000	0.000000	0.000000
OTU_1629_18S_022_3	OTU_3261_18S_3_200	1	ENV_NO2	0.519532	0.000000	-0.519532	0.500500	3.000000	1.000000	0	0	1	1.000000	0.000000	0.000000
OTU_2020_18S_3_200	OTU_3261_18S_3_200	1	ENV_NO2	0.519532	0.045776	-0.473756	0.667333	3.000000	1.000000	0	0	1	1.000000	0.000000	0.000000
ASV_1631_16S_022_3	OTU_3269_18S_3_200	1	ENV_NO2	0.493623	0.091551	-0.402072	0.917083	3.000000	1.000000	0	0	1	1.000000	0.000000	0.000000
OTU_430_18S_3_200	OTU_3269_18S_3_200	1	ENV_NO2	0.461770	-0.016894	-0.478664	0.916084	3.000000	1.000000	0	0	1	1.000000	0.000000	0.000000
OTU_477_18S_3_200	OTU_3269_18S_3_200	1	ENV_NO2	0.414059	0.028881	-0.385178	0.917083	3.000000	1.000000	0	0	1	1.000000	0.000000	0.000000
OTU_3210_18S_3_200	OTU_3269_18S_3_200	1	ENV_NO2	0.425809	0.028881	-0.396928	0.834166	3.000000	1.000000	0	0	1	1.000000	0.000000	0.000000
OTU_2466_18S_3_200	OTU_3295_18S_3_200	1	ENV_NO2	0.435861	0.121947	-0.313913	0.917083	3.000000	1.000000	0	0	1	1.000000	0.000000	0.000000
OTU_2418_18S_3_200	OTU_3295_18S_3_200	1	ENV_NO2	0.519532	0.053714	-0.465818	0.917083	3.000000	1.000000	0	0	1	1.000000	0.000000	0.000000
OTU_3206_18S_3_200	OTU_3295_18S_3_200	1	ENV_NO2	0.577294	0.803514	0.226220	nan	3.000000	1.000000	0	0	1	1.000000	0.000000	0.000000
OTU_1346_18S_022_3	OTU_3223_18S_3_200	1	ENV_NO2	0.466538	-0.028881	-0.495419	0.417582	3.000000	1.000000	0	0	1	1.000000	0.000000	0.000000
OTU_1557_18S_3_200	OTU_3223_18S_3_200	1	ENV_NO2	0.567243	-0.086643	-0.653886	0.417582	3.000000	1.000000	0	0	1	1.000000	0.000000	0.000000
ASV_287_16S_022_3	OTU_3338_18S_3_200	1	ENV_NO2	0.541334	-0.016894	-0.558228	0.250749	3.000000	1.000000	0	0	1	1.000000	0.000000	0.000000
OTU_330_18S_022_3	OTU_3338_18S_3_200	1	ENV_NO2	0.356297	0.014020	-0.342277	0.500500	3.000000	1.000000	0	0	1	1.000000	0.000000	0.000000
OTU_480_18S_3_200	OTU_3338_18S_3_200	1	ENV_NO2	0.353889	-0.039353	-0.393241	0.500500	3.000000	1.000000	0	0	1	1.000000	0.000000	0.000000
OTU_1767_18S_3_200	OTU_2812_18S_3_200	1	ENV_NO2	0.441852	0.000000	-0.441852	0.418581	3.000000	1.000000	0	0	1	1.000000	0.000000	0.000000
OTU_1728_18S_3_200	OTU_2812_18S_3_200	1	ENV_NO2	0.599096	0.000000	-0.599096	0.584416	3.000000	1.000000	0	0	1	1.000000	0.000000	0.000000
OTU_3210_18S_3_200	OTU_2812_18S_3_200	1	ENV_NO2	0.589045	-0.028881	-0.617926	0.334665	3.000000	1.000000	0	0	1	1.000000	0.000000	0.000000
ASV_363_16S_022_3	OTU_3386_18S_3_200	1	ENV_NO2	0.356297	0.000000	-0.356297	0.917083	3.000000	1.000000	0	0	1	1.000000	0.000000	0.000000
OTU_86_18S_3_200	OTU_3386_18S_3_200	1	ENV_NO2	0.356297	0.000000	-0.356297	1.000000	3.000000	1.000000	0	0	1	1.000000	0.000000	0.000000
OTU_288_18S_3_200	OTU_3386_18S_3_200	1	ENV_NO2	0.458885	-0.091551	-0.550436	0.917083	3.000000	1.000000	0	0	1	1.000000	0.000000	0.000000
OTU_477_18S_3_200	OTU_3386_18S_3_200	1	ENV_NO2	0.519532	0.028881	-0.490651	0.917083	3.000000	1.000000	0	0	1	1.000000	0.000000	0.000000
OTU_2041_18S_3_200	OTU_3386_18S_3_200	1	ENV_NO2	0.461770	-0.023317	-0.485087	1.000000	3.000000	1.000000	0	0	1	1.000000	0.000000	0.000000
OTU_1611_18S_022_3	OTU_3160_18S_3_200	1	ENV_NO2	0.541334	-0.052198	-0.593532	0.832168	3.000000	1.000000	0	0	1	1.000000	0.000000	0.000000
OTU_228_18S_3_200	OTU_3160_18S_3_200	1	ENV_NO2	0.519532	-0.006423	-0.525955	0.916084	3.000000	1.000000	0	0	1	1.000000	0.000000	0.000000
ASV_1065_16S_022_3	OTU_3422_18S_3_200	1	ENV_NO2	0.444736	-0.009298	-0.454034	0.666334	3.000000	1.000000	0	0	1	1.000000	0.000000	0.000000
ASV_1587_16S_022_3	OTU_3422_18S_3_200	1	ENV_NO2	0.545441	0.022458	-0.522983	0.750250	3.000000	1.000000	0	0	1	1.000000	0.000000	0.000000
OTU_1355_18S_3_200	OTU_3422_18S_3_200	1	ENV_NO2	0.603203	0.901849	0.298646	nan	3.000000	1.000000	0	0	1	1.000000	0.000000	0.000000
OTU_2308_18S_3_200	OTU_3422_18S_3_200	1	ENV_NO2	0.519532	-0.052198	-0.571730	0.417582	3.000000	1.000000	0	0	1	1.000000	0.000000	0.000000
OTU_1318_18S_3_200	OTU_3389_18S_3_200	1	ENV_NO2	0.577294	0.081080	-0.496215	0.583417	3.000000	1.000000	0	0	1	1.000000	0.000000	0.000000
OTU_1532_18S_3_200	OTU_3389_18S_3_200	1	ENV_NO2	0.414059	0.167723	-0.246336	0.500500	3.000000	1.000000	0	0	1	1.000000	0.000000	0.000000
OTU_2649_18S_3_200	OTU_2998_18S_3_200	1	ENV_NO2	0.646807	1.195568	0.548761	nan	3.000000	1.000000	0	0	1	1.000000	0.000000	0.000000
OTU_353_18S_3_200	OTU_3342_18S_3_200	1	ENV_NO2	0.630605	0.524988	-0.105617	0.667333	3.000000	1.000000	0	0	1	1.000000	0.000000	0.000000
OTU_568_18S_3_200	OTU_3342_18S_3_200	1	ENV_NO2	0.734761	-0.076358	-0.811119	0.166833	3.000000	1.000000	0	0	1	1.000000	0.000000	0.000000
OTU_1463_18S_3_200	OTU_3342_18S_3_200	1	ENV_NO2	0.529528	-0.024159	-0.553687	0.834166	3.000000	1.000000	0	0	1	1.000000	0.000000	0.000000
OTU_711_18S_022_3	OTU_2303_18S_3_200	1	ENV_NO2	0.519532	0.052198	-0.467333	0.251748	3.000000	1.000000	0	0	1	1.000000	0.000000	0.000000
OTU_606_18S_3_200	OTU_2303_18S_3_200	1	ENV_NO2	0.356297	0.000000	-0.356297	0.833167	3.000000	1.000000	0	0	1	1.000000	0.000000	0.000000
ASV_1387_16S_022_3	OTU_3314_18S_3_200	1	ENV_NO2	0.461770	-0.052198	-0.513968	1.000000	3.000000	1.000000	0	0	1	1.000000	0.000000	0.000000
OTU_391_18S_022_3	OTU_3314_18S_3_200	1	ENV_NO2	0.336811	1.195568	0.858758	nan	2.000000	1.000000	0	1	0	1.000000	0.000000	0.000000
OTU_1421_18S_022_3	OTU_3314_18S_3_200	1	ENV_NO2	0.437083	0.092725	-0.344359	0.583417	3.000000	1.000000	0	0	1	1.000000	0.000000	0.000000
OTU_422_18S_3_200	OTU_3454_18S_3_200	1	ENV_NO2	0.775481	0.309957	-0.465524	0.583417	3.000000	1.000000	0	0	1	1.000000	0.000000	0.000000
OTU_902_18S_3_200	OTU_3454_18S_3_200	1	ENV_NO2	0.869203	0.326852	-0.542352	0.667333	3.000000	1.000000	0	0	1	1.000000	0.000000	0.000000
OTU_403_18S_3_200	OTU_3603_18S_3_200	1	ENV_NO2	0.509481	0.014020	-0.495461	0.335664	3.000000	1.000000	0	0	1	1.000000	0.000000	0.000000
OTU_1263_18S_3_200	OTU_3603_18S_3_200	1	ENV_NO2	0.612638	-0.095941	-0.708579	0.333666	3.000000	1.000000	0	0	1	1.000000	0.000000	0.000000
OTU_2615_18S_3_200	OTU_3603_18S_3_200	1	ENV_NO2	0.531283	0.152862	-0.378421	0.417582	3.000000	1.000000	0	0	1	1.000000	0.000000	0.000000
OTU_3295_18S_3_200	OTU_3603_18S_3_200	1	ENV_NO2	0.483572	0.818902	0.335331	nan	3.000000	1.000000	0	0	1	1.000000	0.000000	0.000000
ASV_2186_16S_022_3	OTU_3606_18S_3_200	1	ENV_NO2	0.379321	0.000000	-0.379321	0.667333	3.000000	1.000000	0	0	1	1.000000	0.000000	0.000000
OTU_110_18S_022_3	OTU_3606_18S_3_200	1	ENV_NO2	0.311160	0.006423	-0.304737	0.168831	2.000000	1.000000	0	1	0	1.000000	0.000000	0.000000
OTU_534_18S_022_3	OTU_3606_18S_3_200	1	ENV_NO2	0.472427	-0.067060	-0.539487	0.332667	3.000000	1.000000	0	0	1	1.000000	0.000000	0.000000
OTU_505_18S_3_200	OTU_3606_18S_3_200	1	ENV_NO2	0.486585	-0.005564	-0.492149	0.417582	3.000000	1.000000	0	0	1	1.000000	0.000000	0.000000
OTU_1358_18S_3_200	OTU_3655_18S_3_200	1	ENV_NO2	0.356297	0.000000	-0.356297	1.000000	3.000000	1.000000	0	0	1	1.000000	0.000000	0.000000
OTU_568_18S_3_200	OTU_3448_18S_3_200	1	ENV_NO2	0.429916	0.028881	-0.401035	0.167832	3.000000	1.000000	0	0	1	1.000000	0.000000	0.000000
OTU_1592_18S_3_200	OTU_3448_18S_3_200	1	ENV_NO2	0.625005	0.143749	-0.481256	0.584416	3.000000	1.000000	0	0	1	1.000000	0.000000	0.000000
OTU_1576_18S_3_200	OTU_3382_18S_3_200	1	ENV_NO2	0.437083	-0.005564	-0.442647	0.416583	3.000000	1.000000	0	0	1	1.000000	0.000000	0.000000
OTU_1111_18S_3_200	OTU_3704_18S_3_200	1	ENV_NO2	0.550499	0.045776	-0.504724	0.083916	3.000000	1.000000	0	0	1	1.000000	0.000000	0.000000
OTU_2009_18S_3_200	OTU_3704_18S_3_200	1	ENV_NO2	0.593441	0.011987	-0.581455	0.250749	3.000000	1.000000	0	0	1	1.000000	0.000000	0.000000
OTU_3206_18S_3_200	OTU_3738_18S_3_200	1	ENV_NO2	0.660965	0.722434	0.061469	nan	3.000000	1.000000	0	0	1	1.000000	0.000000	0.000000
OTU_3295_18S_3_200	OTU_3738_18S_3_200	1	ENV_NO2	0.519532	0.900629	0.381097	nan	3.000000	1.000000	0	0	1	1.000000	0.000000	0.000000
ASV_61_16S_022_3	OTU_3755_18S_3_200	1	ENV_NO2	0.461770	0.000000	-0.461770	0.834166	3.000000	1.000000	0	0	1	1.000000	0.000000	0.000000
ASV_1534_16S_022_3	OTU_3773_18S_3_200	1	ENV_NO2	0.461770	0.126855	-0.334915	0.416583	3.000000	1.000000	0	0	1	1.000000	0.000000	0.000000
OTU_1213_18S_022_3	OTU_3773_18S_3_200	1	ENV_NO2	0.493623	0.109961	-0.383662	0.167832	3.000000	1.000000	0	0	1	1.000000	0.000000	0.000000
OTU_379_18S_3_200	OTU_3773_18S_3_200	1	ENV_NO2	0.438177	0.109961	-0.328216	0.167832	3.000000	1.000000	0	0	1	1.000000	0.000000	0.000000
ASV_2226_16S_022_3	OTU_3782_18S_3_200	1	ENV_NO2	0.356297	0.000000	-0.356297	1.000000	3.000000	1.000000	0	0	1	1.000000	0.000000	0.000000
OTU_2958_18S_022_3	OTU_3782_18S_3_200	1	ENV_NO2	0.356297	0.000000	-0.356297	0.750250	3.000000	1.000000	0	0	1	1.000000	0.000000	0.000000
OTU_2020_18S_3_200	OTU_3782_18S_3_200	1	ENV_NO2	0.435861	0.045776	-0.390085	0.667333	3.000000	1.000000	0	0	1	1.000000	0.000000	0.000000
OTU_2905_18S_3_200	OTU_3563_18S_3_200	1	ENV_NO2	0.425809	0.115525	-0.310285	0.500500	3.000000	1.000000	0	0	1	1.000000	0.000000	0.000000
OTU_3490_18S_3_200	OTU_3563_18S_3_200	1	ENV_NO2	0.599096	-0.052198	-0.651295	0.750250	3.000000	1.000000	0	0	1	1.000000	0.000000	0.000000
ASV_888_16S_3_200	OTU_3811_18S_3_200	1	ENV_NO2	0.519532	0.028881	-0.490651	0.667333	3.000000	1.000000	0	0	1	1.000000	0.000000	0.000000
OTU_3072_18S_3_200	OTU_3811_18S_3_200	1	ENV_NO2	0.435861	0.115525	-0.320336	0.750250	3.000000	1.000000	0	0	1	1.000000	0.000000	0.000000
OTU_3160_18S_3_200	OTU_3811_18S_3_200	1	ENV_NO2	0.435861	-0.052198	-0.488059	0.916084	3.000000	1.000000	0	0	1	1.000000	0.000000	0.000000
OTU_1386_18S_022_3	OTU_3823_18S_3_200	1	ENV_NO2	0.543650	0.052198	-0.491451	0.000999	3.000000	1.000000	0	0	1	1.000000	0.000000	0.000000
OTU_1431_18S_3_200	OTU_3823_18S_3_200	1	ENV_NO2	0.543650	0.120432	-0.423218	0.501499	3.000000	1.000000	0	0	1	1.000000	0.000000	0.000000
ASV_466_16S_022_3	OTU_3625_18S_3_200	1	ENV_NO2	0.541548	0.663018	0.121470	nan	3.000000	1.000000	0	0	1	1.000000	0.000000	0.000000
OTU_1940_18S_3_200	OTU_3944_18S_3_200	1	ENV_NO2	0.519532	0.240864	-0.278668	0.833167	3.000000	1.000000	0	0	1	1.000000	0.000000	0.000000
OTU_3023_18S_3_200	OTU_3944_18S_3_200	1	ENV_NO2	0.414059	0.178194	-0.235864	0.833167	3.000000	1.000000	0	0	1	1.000000	0.000000	0.000000
ASV_1401_16S_022_3	OTU_3348_18S_3_200	1	ENV_NO2	0.435861	0.115525	-0.320336	0.750250	3.000000	1.000000	0	0	1	1.000000	0.000000	0.000000
OTU_1335_18S_3_200	OTU_3348_18S_3_200	1	ENV_NO2	0.483572	0.115525	-0.368047	0.750250	3.000000	1.000000	0	0	1	1.000000	0.000000	0.000000
OTU_3255_18S_3_200	OTU_3348_18S_3_200	1	ENV_NO2	0.519532	0.115525	-0.404007	0.750250	3.000000	1.000000	0	0	1	1.000000	0.000000	0.000000
ASV_1067_16S_3_200	OTU_3774_18S_3_200	1	ENV_NO2	0.484794	0.318755	-0.166040	0.750250	3.000000	1.000000	0	0	1	1.000000	0.000000	0.000000
ASV_1201_16S_3_200	OTU_3774_18S_3_200	1	ENV_NO2	0.552608	0.018410	-0.534198	0.500500	3.000000	1.000000	0	0	1	1.000000	0.000000	0.000000
OTU_146_18S_3_200	OTU_3994_18S_3_200	1	ENV_NO2	0.488340	0.143749	-0.344591	0.833167	3.000000	1.000000	0	0	1	1.000000	0.000000	0.000000
OTU_1399_18S_3_200	OTU_3994_18S_3_200	1	ENV_NO2	0.589045	-0.093066	-0.682111	0.833167	3.000000	1.000000	0	0	1	1.000000	0.000000	0.000000
OTU_1650_18S_3_200	OTU_3994_18S_3_200	1	ENV_NO2	0.543650	0.081080	-0.462570	0.917083	3.000000	1.000000	0	0	1	1.000000	0.000000	0.000000
OTU_3782_18S_3_200	OTU_3994_18S_3_200	1	ENV_NO2	0.599096	0.000000	-0.599096	1.000000	3.000000	1.000000	0	0	1	1.000000	0.000000	0.000000
OTU_3348_18S_3_200	OTU_3733_18S_3_200	1	ENV_NO2	0.519532	-0.038179	-0.557711	0.917083	3.000000	1.000000	0	0	1	1.000000	0.000000	0.000000
OTU_2375_18S_022_3	OTU_4002_18S_3_200	1	ENV_NO2	0.599096	0.062670	-0.536426	0.000999	3.000000	1.000000	0	0	1	1.000000	0.000000	0.000000
OTU_1721_18S_3_200	OTU_4002_18S_3_200	1	ENV_NO2	0.437083	0.000000	-0.437083	0.500500	3.000000	1.000000	0	0	1	1.000000	0.000000	0.000000
OTU_2420_18S_022_3	OTU_3532_18S_3_200	1	ENV_NO2	0.519532	0.000000	-0.519532	0.666334	3.000000	1.000000	0	0	1	1.000000	0.000000	0.000000
OTU_2876_18S_022_3	OTU_3532_18S_3_200	1	ENV_NO2	0.298534	0.091551	-0.206983	0.501499	3.000000	1.000000	0	0	1	1.000000	0.000000	0.000000
OTU_726_18S_3_200	OTU_3532_18S_3_200	1	ENV_NO2	0.497730	0.000000	-0.497730	0.750250	3.000000	1.000000	0	0	1	1.000000	0.000000	0.000000
OTU_1898_18S_3_200	OTU_3532_18S_3_200	1	ENV_NO2	0.414059	0.091551	-0.322508	0.667333	3.000000	1.000000	0	0	1	1.000000	0.000000	0.000000
OTU_768_18S_3_200	OTU_3624_18S_3_200	1	ENV_NO2	0.519532	0.037993	-0.481539	0.667333	3.000000	1.000000	0	0	1	1.000000	0.000000	0.000000
OTU_1332_18S_3_200	OTU_3624_18S_3_200	1	ENV_NO2	0.599096	0.150829	-0.448268	0.667333	3.000000	1.000000	0	0	1	1.000000	0.000000	0.000000
OTU_1397_18S_3_200	OTU_3624_18S_3_200	1	ENV_NO2	0.519532	0.009112	-0.510420	0.416583	3.000000	1.000000	0	0	1	1.000000	0.000000	0.000000
OTU_199_18S_022_3	OTU_3744_18S_3_200	1	ENV_NO2	0.451670	0.533427	0.081757	nan	2.000000	1.000000	0	1	0	1.000000	0.000000	0.000000
OTU_307_18S_022_3	OTU_3744_18S_3_200	1	ENV_NO2	0.568870	0.578546	0.009676	nan	3.000000	1.000000	0	0	1	1.000000	0.000000	0.000000
OTU_2508_18S_3_200	OTU_3744_18S_3_200	1	ENV_NO2	0.530074	1.064506	0.534432	nan	3.000000	1.000000	0	0	1	1.000000	0.000000	0.000000
OTU_257_18S_3_200	OTU_3877_18S_3_200	1	ENV_NO2	0.865697	0.389363	-0.476334	0.751249	3.000000	1.000000	0	0	1	1.000000	0.000000	0.000000
OTU_387_18S_3_200	OTU_3877_18S_3_200	1	ENV_NO2	0.526046	-0.044260	-0.570307	0.833167	3.000000	1.000000	0	0	1	1.000000	0.000000	0.000000
OTU_1332_18S_3_200	OTU_4181_18S_3_200	1	ENV_NO2	0.656858	0.390178	-0.266681	0.917083	3.000000	1.000000	0	0	1	1.000000	0.000000	0.000000
OTU_1968_18S_3_200	OTU_4181_18S_3_200	1	ENV_NO2	0.656858	0.298627	-0.358232	0.750250	3.000000	1.000000	0	0	1	1.000000	0.000000	0.000000
OTU_938_18S_022_3	OTU_4249_18S_3_200	1	ENV_NO2	0.807726	0.000000	-0.807726	0.250749	3.000000	1.000000	0	0	1	1.000000	0.000000	0.000000
OTU_2876_18S_022_3	OTU_4249_18S_3_200	1	ENV_NO2	0.541334	0.000000	-0.541334	0.750250	3.000000	1.000000	0	0	1	1.000000	0.000000	0.000000
OTU_2133_18S_3_200	OTU_4249_18S_3_200	1	ENV_NO2	0.749964	0.052198	-0.697766	0.583417	3.000000	1.000000	0	0	1	1.000000	0.000000	0.000000
OTU_2727_18S_3_200	OTU_4249_18S_3_200	1	ENV_NO2	0.461770	0.052198	-0.409571	0.167832	3.000000	1.000000	0	0	1	1.000000	0.000000	0.000000
OTU_2040_18S_022_3	OTU_4075_18S_3_200	1	ENV_NO2	0.378099	-0.103538	-0.481636	0.749251	3.000000	1.000000	0	0	1	1.000000	0.000000	0.000000
OTU_741_18S_3_200	OTU_4075_18S_3_200	1	ENV_NO2	0.519532	-0.057762	-0.577294	0.582418	3.000000	1.000000	0	0	1	1.000000	0.000000	0.000000
OTU_1394_18S_3_200	OTU_4075_18S_3_200	1	ENV_NO2	0.599096	-0.057762	-0.656858	0.917083	3.000000	1.000000	0	0	1	1.000000	0.000000	0.000000
OTU_2020_18S_3_200	OTU_4075_18S_3_200	1	ENV_NO2	0.378099	0.004908	-0.373191	0.584416	3.000000	1.000000	0	0	1	1.000000	0.000000	0.000000
ASV_1593_16S_022_3	OTU_4389_18S_3_200	1	ENV_NO2	0.435861	0.000000	-0.435861	1.000000	3.000000	1.000000	0	0	1	1.000000	0.000000	0.000000
ASV_1720_16S_022_3	OTU_4389_18S_3_200	1	ENV_NO2	0.656858	0.091551	-0.565307	0.751249	3.000000	1.000000	0	0	1	1.000000	0.000000	0.000000
OTU_363_18S_3_200	OTU_4389_18S_3_200	1	ENV_NO2	0.439968	-0.067060	-0.507028	0.499500	3.000000	1.000000	0	0	1	1.000000	0.000000	0.000000
OTU_1334_18S_3_200	OTU_4389_18S_3_200	1	ENV_NO2	0.483572	0.000000	-0.483572	0.750250	3.000000	1.000000	0	0	1	1.000000	0.000000	0.000000
ASV_663_16S_3_200	OTU_3933_18S_3_200	1	ENV_NO2	0.483572	0.052198	-0.431373	0.083916	3.000000	1.000000	0	0	1	1.000000	0.000000	0.000000
ASV_1138_16S_3_200	OTU_3933_18S_3_200	1	ENV_NO2	0.368047	-0.086643	-0.454691	0.333666	3.000000	1.000000	0	0	1	1.000000	0.000000	0.000000
OTU_2501_18S_022_3	OTU_4115_18S_3_200	1	ENV_NO2	0.521848	0.138186	-0.383662	0.333666	3.000000	1.000000	0	0	1	1.000000	0.000000	0.000000
OTU_2394_18S_3_200	OTU_4115_18S_3_200	1	ENV_NO2	0.589045	1.173110	0.584065	nan	3.000000	1.000000	0	0	1	1.000000	0.000000	0.000000
OTU_2712_18S_3_200	OTU_4115_18S_3_200	1	ENV_NO2	0.464086	0.085987	-0.378098	0.249750	3.000000	1.000000	0	0	1	1.000000	0.000000	0.000000
OTU_391_18S_3_200	OTU_4500_18S_3_200	1	ENV_NO2	0.599096	0.028881	-0.570215	0.667333	3.000000	1.000000	0	0	1	1.000000	0.000000	0.000000
OTU_1706_18S_3_200	OTU_4500_18S_3_200	1	ENV_NO2	0.435861	-0.062670	-0.498531	0.750250	3.000000	1.000000	0	0	1	1.000000	0.000000	0.000000
OTU_3023_18S_3_200	OTU_4500_18S_3_200	1	ENV_NO2	0.493623	0.115525	-0.378099	0.750250	3.000000	1.000000	0	0	1	1.000000	0.000000	0.000000
OTU_1629_18S_022_3	OTU_4260_18S_3_200	1	ENV_NO2	0.704569	0.000000	-0.704569	0.500500	3.000000	1.000000	0	0	1	1.000000	0.000000	0.000000
OTU_621_18S_3_200	OTU_4260_18S_3_200	1	ENV_NO2	0.380415	0.000000	-0.380415	0.500500	3.000000	1.000000	0	0	1	1.000000	0.000000	0.000000
ASV_1636_16S_022_3	OTU_3576_18S_3_200	1	ENV_NO2	0.495939	0.000000	-0.495939	0.666334	3.000000	1.000000	0	0	1	1.000000	0.000000	0.000000
OTU_989_18S_3_200	OTU_3576_18S_3_200	1	ENV_NO2	0.656858	0.000000	-0.656858	0.498501	3.000000	1.000000	0	0	1	1.000000	0.000000	0.000000
OTU_1106_18S_3_200	OTU_3576_18S_3_200	1	ENV_NO2	0.435861	0.091551	-0.344310	0.500500	3.000000	1.000000	0	0	1	1.000000	0.000000	0.000000
OTU_1219_18S_3_200	OTU_3576_18S_3_200	1	ENV_NO2	0.599096	0.000000	-0.599096	0.416583	3.000000	1.000000	0	0	1	1.000000	0.000000	0.000000
OTU_3068_18S_3_200	OTU_3576_18S_3_200	1	ENV_NO2	0.435861	-0.086643	-0.522504	0.667333	3.000000	1.000000	0	0	1	1.000000	0.000000	0.000000
ASV_764_16S_022_3	OTU_4154_18S_3_200	1	ENV_NO2	0.599096	0.120432	-0.478664	0.250749	3.000000	1.000000	0	0	1	1.000000	0.000000	0.000000
ASV_1125_16S_022_3	OTU_4154_18S_3_200	1	ENV_NO2	0.625005	0.120432	-0.504573	0.417582	3.000000	1.000000	0	0	1	1.000000	0.000000	0.000000
ASV_1310_16S_022_3	OTU_4154_18S_3_200	1	ENV_NO2	0.461770	0.091551	-0.370219	0.167832	3.000000	1.000000	0	0	1	1.000000	0.000000	0.000000
OTU_102_18S_3_200	OTU_4154_18S_3_200	1	ENV_NO2	0.519532	0.028881	-0.490651	0.000999	3.000000	1.000000	0	0	1	1.000000	0.000000	0.000000
OTU_797_18S_3_200	OTU_4154_18S_3_200	1	ENV_NO2	0.567243	0.074657	-0.492586	0.167832	3.000000	1.000000	0	0	1	1.000000	0.000000	0.000000
OTU_1345_18S_3_200	OTU_4154_18S_3_200	1	ENV_NO2	0.485888	0.028881	-0.457007	0.084915	3.000000	1.000000	0	0	1	1.000000	0.000000	0.000000
OTU_1354_18S_3_200	OTU_4135_18S_3_200	1	ENV_NO2	0.599096	0.091551	-0.507545	0.500500	3.000000	1.000000	0	0	1	1.000000	0.000000	0.000000
OTU_2242_18S_3_200	OTU_4135_18S_3_200	1	ENV_NO2	0.599096	0.000000	-0.599096	0.916084	3.000000	1.000000	0	0	1	1.000000	0.000000	0.000000
ASV_211_16S_022_3	OTU_4921_18S_3_200	1	ENV_NO2	0.473506	0.091551	-0.381955	0.417582	3.000000	1.000000	0	0	1	1.000000	0.000000	0.000000
OTU_2234_18S_022_3	OTU_4921_18S_3_200	1	ENV_NO2	0.414059	0.000000	-0.414059	0.500500	3.000000	1.000000	0	0	1	1.000000	0.000000	0.000000
OTU_899_18S_3_200	OTU_4921_18S_3_200	1	ENV_NO2	0.404007	-0.038179	-0.442186	0.500500	3.000000	1.000000	0	0	1	1.000000	0.000000	0.000000
OTU_1332_18S_022_3	OTU_4934_18S_3_200	1	ENV_NO2	0.577294	0.132419	-0.444875	0.749251	3.000000	1.000000	0	0	1	1.000000	0.000000	0.000000
OTU_1576_18S_3_200	OTU_4934_18S_3_200	1	ENV_NO2	0.542557	-0.028881	-0.571438	0.750250	3.000000	1.000000	0	0	1	1.000000	0.000000	0.000000
OTU_2433_18S_3_200	OTU_4934_18S_3_200	1	ENV_NO2	0.519532	0.000000	-0.519532	0.917083	3.000000	1.000000	0	0	1	1.000000	0.000000	0.000000
OTU_1281_18S_3_200	OTU_4876_18S_3_200	1	ENV_NO2	0.771105	0.664340	-0.106765	0.750250	3.000000	1.000000	0	0	1	1.000000	0.000000	0.000000
OTU_2069_18S_3_200	OTU_4876_18S_3_200	1	ENV_NO2	0.531283	-0.067060	-0.598342	0.666334	3.000000	1.000000	0	0	1	1.000000	0.000000	0.000000
OTU_2876_18S_3_200	OTU_4876_18S_3_200	1	ENV_NO2	0.509481	-0.043743	-0.553223	0.499500	3.000000	1.000000	0	0	1	1.000000	0.000000	0.000000
OTU_2382_18S_022_3	OTU_4463_18S_3_200	1	ENV_NO2	0.378099	0.000000	-0.378099	0.833167	3.000000	1.000000	0	0	1	1.000000	0.000000	0.000000
OTU_3933_18S_3_200	OTU_4463_18S_3_200	1	ENV_NO2	0.378099	0.000000	-0.378099	0.667333	3.000000	1.000000	0	0	1	1.000000	0.000000	0.000000
OTU_1304_18S_022_3	OTU_4276_18S_3_200	1	ENV_NO2	0.704569	0.000000	-0.704569	0.250749	3.000000	1.000000	0	0	1	1.000000	0.000000	0.000000
ASV_669_16S_3_200	OTU_4276_18S_3_200	1	ENV_NO2	0.509481	0.000000	-0.509481	0.750250	3.000000	1.000000	0	0	1	1.000000	0.000000	0.000000
OTU_1405_18S_3_200	OTU_4276_18S_3_200	1	ENV_NO2	0.656858	0.000000	-0.656858	0.334665	3.000000	1.000000	0	0	1	1.000000	0.000000	0.000000
OTU_2033_18S_3_200	OTU_4276_18S_3_200	1	ENV_NO2	0.519532	0.000000	-0.519532	0.750250	3.000000	1.000000	0	0	1	1.000000	0.000000	0.000000
OTU_2242_18S_3_200	OTU_4276_18S_3_200	1	ENV_NO2	0.599096	0.000000	-0.599096	0.750250	3.000000	1.000000	0	0	1	1.000000	0.000000	0.000000
OTU_2295_18S_3_200	OTU_4276_18S_3_200	1	ENV_NO2	0.682767	-0.074657	-0.757424	0.083916	3.000000	1.000000	0	0	1	1.000000	0.000000	0.000000
OTU_4249_18S_3_200	OTU_4276_18S_3_200	1	ENV_NO2	0.762332	0.000000	-0.762332	0.582418	3.000000	1.000000	0	0	1	1.000000	0.000000	0.000000
OTU_62_18S_3_200	OTU_4392_18S_3_200	1	ENV_NO2	0.377212	0.494730	0.117518	nan	2.000000	1.000000	0	1	0	1.000000	0.000000	0.000000
OTU_1121_18S_3_200	OTU_4392_18S_3_200	1	ENV_NO2	0.569695	0.053372	-0.516323	0.833167	3.000000	1.000000	0	0	1	1.000000	0.000000	0.000000
OTU_1394_18S_3_200	OTU_4392_18S_3_200	1	ENV_NO2	0.599096	0.173804	-0.425292	0.917083	3.000000	1.000000	0	0	1	1.000000	0.000000	0.000000
OTU_2394_18S_3_200	OTU_4392_18S_3_200	1	ENV_NO2	0.594103	0.075830	-0.518273	0.834166	3.000000	1.000000	0	0	1	1.000000	0.000000	0.000000
OTU_741_18S_3_200	OTU_5301_18S_3_200	1	ENV_NO2	0.461770	0.045776	-0.415994	0.917083	3.000000	1.000000	0	0	1	1.000000	0.000000	0.000000
OTU_1105_18S_3_200	OTU_5301_18S_3_200	1	ENV_NO2	0.483572	0.196604	-0.286968	0.917083	3.000000	1.000000	0	0	1	1.000000	0.000000	0.000000
OTU_1532_18S_3_200	OTU_5301_18S_3_200	1	ENV_NO2	0.414059	0.167723	-0.246336	0.917083	3.000000	1.000000	0	0	1	1.000000	0.000000	0.000000
ASV_376_16S_022_3	OTU_5536_18S_3_200	1	ENV_NO2	0.577294	-0.052198	-0.629493	0.917083	3.000000	1.000000	0	0	1	1.000000	0.000000	0.000000
OTU_2303_18S_3_200	OTU_5536_18S_3_200	1	ENV_NO2	0.493623	-0.081080	-0.574703	0.833167	3.000000	1.000000	0	0	1	1.000000	0.000000	0.000000
OTU_866_18S_3_200	OTU_5527_18S_3_200	1	ENV_NO2	0.519532	1.493698	0.974166	nan	3.000000	1.000000	0	0	1	1.000000	0.000000	0.000000
OTU_4934_18S_3_200	OTU_5527_18S_3_200	1	ENV_NO2	0.439968	-0.062670	-0.502638	0.832168	3.000000	1.000000	0	0	1	1.000000	0.000000	0.000000
OTU_378_18S_022_3	OTU_5560_18S_3_200	1	ENV_NO2	0.437083	0.104397	-0.332687	0.000999	3.000000	1.000000	0	0	1	1.000000	0.000000	0.000000
OTU_1948_18S_3_200	OTU_5560_18S_3_200	1	ENV_NO2	0.599096	0.052198	-0.546898	0.583417	3.000000	1.000000	0	0	1	1.000000	0.000000	0.000000
OTU_3261_18S_3_200	OTU_5560_18S_3_200	1	ENV_NO2	0.356297	0.000000	-0.356297	0.750250	3.000000	1.000000	0	0	1	1.000000	0.000000	0.000000
ASV_1042_16S_022_3	OTU_5090_18S_3_200	1	ENV_NO2	0.648598	-0.067060	-0.715658	0.333666	3.000000	1.000000	0	0	1	1.000000	0.000000	0.000000
ASV_1076_16S_022_3	OTU_5090_18S_3_200	1	ENV_NO2	0.587951	-0.074657	-0.662608	0.167832	3.000000	1.000000	0	0	1	1.000000	0.000000	0.000000
OTU_698_18S_3_200	OTU_5090_18S_3_200	1	ENV_NO2	0.670400	0.000000	-0.670400	0.249750	3.000000	1.000000	0	0	1	1.000000	0.000000	0.000000
OTU_2342_18S_3_200	OTU_5090_18S_3_200	1	ENV_NO2	0.545009	0.000000	-0.545009	0.250749	3.000000	1.000000	0	0	1	1.000000	0.000000	0.000000
OTU_938_18S_022_3	OTU_5666_18S_3_200	1	ENV_NO2	0.682767	0.000000	-0.682767	0.584416	3.000000	1.000000	0	0	1	1.000000	0.000000	0.000000
OTU_960_18S_3_200	OTU_5666_18S_3_200	1	ENV_NO2	0.462992	-0.028881	-0.491873	1.000000	3.000000	1.000000	0	0	1	1.000000	0.000000	0.000000
OTU_1354_18S_3_200	OTU_5666_18S_3_200	1	ENV_NO2	0.519532	0.000000	-0.519532	0.917083	3.000000	1.000000	0	0	1	1.000000	0.000000	0.000000
OTU_1682_18S_022_3	OTU_5822_18S_3_200	1	ENV_NO2	0.378099	0.115525	-0.262574	0.750250	3.000000	1.000000	0	0	1	1.000000	0.000000	0.000000
OTU_1940_18S_3_200	OTU_5822_18S_3_200	1	ENV_NO2	0.483572	0.178194	-0.305377	0.833167	3.000000	1.000000	0	0	1	1.000000	0.000000	0.000000
OTU_2179_18S_3_200	OTU_5822_18S_3_200	1	ENV_NO2	0.519532	-0.057762	-0.577294	0.418581	3.000000	1.000000	0	0	1	1.000000	0.000000	0.000000
OTU_2745_18S_3_200	OTU_5822_18S_3_200	1	ENV_NO2	0.519532	0.207076	-0.312456	0.833167	3.000000	1.000000	0	0	1	1.000000	0.000000	0.000000
OTU_606_18S_3_200	OTU_5861_18S_3_200	1	ENV_NO2	0.519532	0.000000	-0.519532	0.917083	3.000000	1.000000	0	0	1	1.000000	0.000000	0.000000
OTU_1732_18S_3_200	OTU_5861_18S_3_200	1	ENV_NO2	0.416375	0.091551	-0.324824	0.500500	3.000000	1.000000	0	0	1	1.000000	0.000000	0.000000
OTU_2322_18S_3_200	OTU_5861_18S_3_200	1	ENV_NO2	0.461770	0.004908	-0.456862	0.751249	3.000000	1.000000	0	0	1	1.000000	0.000000	0.000000
OTU_1706_18S_3_200	OTU_4651_18S_3_200	1	ENV_NO2	0.493623	0.081080	-0.412544	0.917083	3.000000	1.000000	0	0	1	1.000000	0.000000	0.000000
OTU_1906_18S_3_200	OTU_4651_18S_3_200	1	ENV_NO2	0.577294	0.081080	-0.496215	0.917083	3.000000	1.000000	0	0	1	1.000000	0.000000	0.000000
OTU_4500_18S_3_200	OTU_4651_18S_3_200	1	ENV_NO2	0.656858	0.000000	-0.656858	1.000000	3.000000	1.000000	0	0	1	1.000000	0.000000	0.000000
ASV_781_16S_022_3	OTU_5966_18S_3_200	1	ENV_NO2	0.378099	-0.022458	-0.400557	0.667333	3.000000	1.000000	0	0	1	1.000000	0.000000	0.000000
OTU_2040_18S_022_3	OTU_5966_18S_3_200	1	ENV_NO2	0.435861	-0.074657	-0.510517	0.583417	3.000000	1.000000	0	0	1	1.000000	0.000000	0.000000
OTU_2033_18S_3_200	OTU_5966_18S_3_200	1	ENV_NO2	0.577294	0.183102	-0.394192	0.334665	3.000000	1.000000	0	0	1	1.000000	0.000000	0.000000
OTU_2662_18S_022_3	OTU_6104_18S_3_200	1	ENV_NO2	0.543650	0.091551	-0.452099	0.417582	3.000000	1.000000	0	0	1	1.000000	0.000000	0.000000
OTU_2780_18S_022_3	OTU_6104_18S_3_200	1	ENV_NO2	0.495939	0.172631	-0.323308	0.500500	3.000000	1.000000	0	0	1	1.000000	0.000000	0.000000
OTU_351_18S_3_200	OTU_6104_18S_3_200	1	ENV_NO2	0.589045	0.172631	-0.416414	0.583417	3.000000	1.000000	0	0	1	1.000000	0.000000	0.000000
OTU_1649_18S_3_200	OTU_6104_18S_3_200	1	ENV_NO2	0.599096	0.081080	-0.518017	0.167832	3.000000	1.000000	0	0	1	1.000000	0.000000	0.000000
OTU_214_18S_022_3	OTU_5282_18S_3_200	1	ENV_NO2	0.497730	0.075516	-0.422214	0.333666	3.000000	1.000000	0	0	1	1.000000	0.000000	0.000000
OTU_1142_18S_022_3	OTU_5282_18S_3_200	1	ENV_NO2	0.577294	0.091551	-0.485743	0.917083	3.000000	1.000000	0	0	1	1.000000	0.000000	0.000000
OTU_2795_18S_3_200	OTU_5282_18S_3_200	1	ENV_NO2	0.660965	0.287499	-0.373466	0.917083	3.000000	1.000000	0	0	1	1.000000	0.000000	0.000000
ASV_112_16S_022_3	OTU_5407_18S_3_200	1	ENV_NO2	0.435861	-0.057762	-0.493623	0.750250	3.000000	1.000000	0	0	1	1.000000	0.000000	0.000000
OTU_1332_18S_022_3	OTU_5407_18S_3_200	1	ENV_NO2	0.435861	-0.016894	-0.452755	0.582418	3.000000	1.000000	0	0	1	1.000000	0.000000	0.000000
OTU_1346_18S_022_3	OTU_5407_18S_3_200	1	ENV_NO2	0.541334	0.000000	-0.541334	0.916084	3.000000	1.000000	0	0	1	1.000000	0.000000	0.000000
OTU_2035_18S_022_3	OTU_5407_18S_3_200	1	ENV_NO2	0.493623	-0.016894	-0.510517	0.666334	3.000000	1.000000	0	0	1	1.000000	0.000000	0.000000
OTU_2459_18S_3_200	OTU_5407_18S_3_200	1	ENV_NO2	0.519532	-0.052198	-0.571730	0.583417	3.000000	1.000000	0	0	1	1.000000	0.000000	0.000000
ASV_764_16S_022_3	OTU_6274_18S_3_200	1	ENV_NO2	0.378099	0.000000	-0.378099	0.500500	3.000000	1.000000	0	0	1	1.000000	0.000000	0.000000
OTU_2474_18S_3_200	OTU_6274_18S_3_200	1	ENV_NO2	0.599096	0.000000	-0.599096	0.750250	3.000000	1.000000	0	0	1	1.000000	0.000000	0.000000
OTU_2512_18S_3_200	OTU_5402_18S_3_200	1	ENV_NO2	0.577294	0.000000	-0.577294	1.000000	3.000000	1.000000	0	0	1	1.000000	0.000000	0.000000
OTU_1362_18S_022_3	OTU_6854_18S_3_200	1	ENV_NO2	0.519532	0.000000	-0.519532	0.750250	3.000000	1.000000	0	0	1	1.000000	0.000000	0.000000
OTU_2958_18S_022_3	OTU_6854_18S_3_200	1	ENV_NO2	0.497730	0.104397	-0.393333	0.000999	3.000000	1.000000	0	0	1	1.000000	0.000000	0.000000
ASV_259_16S_022_3	OTU_6332_18S_3_200	1	ENV_NO2	0.386974	0.000000	-0.386974	1.000000	3.000000	1.000000	0	0	1	1.000000	0.000000	0.000000
OTU_1789_18S_022_3	OTU_6332_18S_3_200	1	ENV_NO2	0.577294	0.000000	-0.577294	1.000000	3.000000	1.000000	0	0	1	1.000000	0.000000	0.000000
OTU_1786_18S_3_200	OTU_6332_18S_3_200	1	ENV_NO2	0.332479	0.000000	-0.332479	1.000000	3.000000	1.000000	0	0	1	1.000000	0.000000	0.000000
OTU_3755_18S_3_200	OTU_6332_18S_3_200	1	ENV_NO2	0.416375	0.000000	-0.416375	1.000000	3.000000	1.000000	0	0	1	1.000000	0.000000	0.000000
ASV_584_16S_022_3	OTU_5512_18S_3_200	1	ENV_NO2	0.428694	0.646789	0.218096	nan	3.000000	1.000000	0	0	1	1.000000	0.000000	0.000000
OTU_136_18S_3_200	OTU_5512_18S_3_200	1	ENV_NO2	0.555751	0.562835	0.007084	nan	3.000000	1.000000	0	0	1	1.000000	0.000000	0.000000
OTU_3225_18S_3_200	OTU_5512_18S_3_200	1	ENV_NO2	0.490395	0.562835	0.072440	nan	3.000000	1.000000	0	0	1	1.000000	0.000000	0.000000
OTU_554_18S_022_3	OTU_7128_18S_3_200	1	ENV_NO2	0.416375	0.052198	-0.364176	0.084915	3.000000	1.000000	0	0	1	1.000000	0.000000	0.000000
OTU_1165_18S_3_200	OTU_7128_18S_3_200	1	ENV_NO2	0.425809	0.052198	-0.373611	0.000999	3.000000	1.000000	0	0	1	1.000000	0.000000	0.000000
OTU_3823_18S_3_200	OTU_7128_18S_3_200	1	ENV_NO2	0.599096	0.109961	-0.489135	0.083916	3.000000	1.000000	0	0	1	1.000000	0.000000	0.000000
OTU_1959_18S_022_3	OTU_5358_18S_3_200	1	ENV_NO2	0.334495	0.000000	-0.334495	0.750250	3.000000	1.000000	0	0	1	1.000000	0.000000	0.000000
OTU_191_18S_3_200	OTU_5358_18S_3_200	1	ENV_NO2	0.497730	-0.086643	-0.584373	0.667333	3.000000	1.000000	0	0	1	1.000000	0.000000	0.000000
OTU_2601_18S_3_200	OTU_5358_18S_3_200	1	ENV_NO2	0.519532	0.000000	-0.519532	0.666334	3.000000	1.000000	0	0	1	1.000000	0.000000	0.000000
OTU_3733_18S_3_200	OTU_5358_18S_3_200	1	ENV_NO2	0.439968	-0.021284	-0.461252	0.750250	3.000000	1.000000	0	0	1	1.000000	0.000000	0.000000
OTU_1680_18S_3_200	OTU_7531_18S_3_200	1	ENV_NO2	0.380415	-0.067060	-0.447474	0.500500	3.000000	1.000000	0	0	1	1.000000	0.000000	0.000000
OTU_3782_18S_3_200	OTU_7531_18S_3_200	1	ENV_NO2	0.599096	0.000000	-0.599096	0.916084	3.000000	1.000000	0	0	1	1.000000	0.000000	0.000000
OTU_5560_18S_3_200	OTU_7531_18S_3_200	1	ENV_NO2	0.435861	0.000000	-0.435861	0.334665	3.000000	1.000000	0	0	1	1.000000	0.000000	0.000000
OTU_1767_18S_022_3	ENV_NO2	6	nan	0.271987	nan	nan	nan	nan	nan	1	5	0	nan	0.000000	nan
ASV_523_16S_3_200	ENV_NO2	1	nan	0.155468	nan	nan	nan	nan	nan	0	1	0	nan	0.000000	nan
ASV_1153_16S_022_3	ENV_NO2	4	nan	0.576885	nan	nan	nan	nan	nan	1	2	1	nan	0.000000	nan
ASV_240_16S_022_3	ENV_NO2	2	nan	0.422398	nan	nan	nan	nan	nan	1	1	0	nan	0.000000	nan
ASV_751_16S_022_3	ENV_NO2	4	nan	0.659041	nan	nan	nan	nan	nan	0	4	0	nan	0.000000	nan
OTU_101_18S_022_3	ENV_NO2	3	nan	0.315805	nan	nan	nan	nan	nan	2	1	0	nan	0.000000	nan
ASV_717_16S_022_3	ENV_NO2	2	nan	0.420641	nan	nan	nan	nan	nan	1	1	0	nan	0.000000	nan
ASV_610_16S_022_3	ENV_NO2	2	nan	0.388934	nan	nan	nan	nan	nan	1	1	0	nan	0.000000	nan
ASV_962_16S_022_3	ENV_NO2	4	nan	0.240786	nan	nan	nan	nan	nan	3	1	0	nan	0.000000	nan
OTU_453_18S_022_3	ENV_NO2	2	nan	0.320350	nan	nan	nan	nan	nan	0	2	0	nan	0.000000	nan
OTU_1995_18S_022_3	ENV_NO2	4	nan	0.248986	nan	nan	nan	nan	nan	3	1	0	nan	0.000000	nan
OTU_2036_18S_022_3	ENV_NO2	1	nan	0.236027	nan	nan	nan	nan	nan	1	0	0	nan	0.000000	nan
OTU_519_18S_022_3	ENV_NO2	6	nan	0.345037	nan	nan	nan	nan	nan	0	6	0	nan	0.000000	nan
ASV_401_16S_022_3	ENV_NO2	4	nan	0.618028	nan	nan	nan	nan	nan	0	4	0	nan	0.000000	nan
OTU_207_18S_022_3	ENV_NO2	5	nan	0.413456	nan	nan	nan	nan	nan	1	4	0	nan	0.000000	nan
OTU_3023_18S_022_3	ENV_NO2	1	nan	0.146397	nan	nan	nan	nan	nan	1	0	0	nan	0.000000	nan
ASV_10_16S_022_3	ENV_NO2	1	nan	0.368728	nan	nan	nan	nan	nan	0	1	0	nan	0.000000	nan
ASV_874_16S_022_3	ENV_NO2	4	nan	0.428708	nan	nan	nan	nan	nan	1	1	2	nan	0.000000	nan
ASV_102_16S_022_3	ENV_NO2	4	nan	0.598569	nan	nan	nan	nan	nan	1	1	2	nan	0.000000	nan
ASV_214_16S_022_3	ENV_NO2	2	nan	0.347220	nan	nan	nan	nan	nan	0	2	0	nan	0.000000	nan
ASV_259_16S_022_3	ENV_NO2	3	nan	0.330341	nan	nan	nan	nan	nan	2	1	0	nan	0.000000	nan
OTU_994_18S_3_200	ENV_NO2	3	nan	0.444074	nan	nan	nan	nan	nan	0	3	0	nan	0.000000	nan
ASV_519_16S_022_3	ENV_NO2	5	nan	0.532989	nan	nan	nan	nan	nan	0	5	0	nan	0.000000	nan
ASV_189_16S_022_3	ENV_NO2	5	nan	0.624926	nan	nan	nan	nan	nan	1	2	2	nan	0.000000	nan
ASV_415_16S_022_3	ENV_NO2	4	nan	0.547783	nan	nan	nan	nan	nan	3	0	1	nan	0.000000	nan
ASV_15_16S_022_3	ENV_NO2	3	nan	0.406643	nan	nan	nan	nan	nan	0	2	1	nan	0.000000	nan
ASV_81_16S_022_3	ENV_NO2	4	nan	0.542308	nan	nan	nan	nan	nan	0	3	1	nan	0.000000	nan
ASV_145_16S_022_3	ENV_NO2	3	nan	0.449501	nan	nan	nan	nan	nan	1	2	0	nan	0.000000	nan
ASV_66_16S_022_3	ENV_NO2	4	nan	0.397507	nan	nan	nan	nan	nan	3	1	0	nan	0.000000	nan
ASV_910_16S_3_200	ENV_NO2	1	nan	0.311428	nan	nan	nan	nan	nan	1	0	0	nan	0.000000	nan
ASV_91_16S_022_3	ENV_NO2	3	nan	0.344121	nan	nan	nan	nan	nan	3	0	0	nan	0.000000	nan
ASV_1105_16S_022_3	ENV_NO2	3	nan	0.615437	nan	nan	nan	nan	nan	1	1	1	nan	0.000000	nan
OTU_82_18S_3_200	ENV_NO2	3	nan	0.279565	nan	nan	nan	nan	nan	1	2	0	nan	0.000000	nan
OTU_257_18S_3_200	ENV_NO2	1	nan	0.355902	nan	nan	nan	nan	nan	1	0	0	nan	0.000000	nan
OTU_976_18S_022_3	ENV_NO2	1	nan	0.167736	nan	nan	nan	nan	nan	1	0	0	nan	0.000000	nan
OTU_2589_18S_3_200	ENV_NO2	3	nan	0.110437	nan	nan	nan	nan	nan	2	1	0	nan	0.000000	nan
ASV_997_16S_022_3	ENV_NO2	3	nan	0.535873	nan	nan	nan	nan	nan	1	2	0	nan	0.000000	nan
OTU_3990_18S_022_3	ENV_NO2	3	nan	0.269103	nan	nan	nan	nan	nan	2	1	0	nan	0.000000	nan
OTU_1110_18S_022_3	ENV_NO2	2	nan	0.223474	nan	nan	nan	nan	nan	0	2	0	nan	0.000000	nan
OTU_142_18S_3_200	ENV_NO2	3	nan	0.351765	nan	nan	nan	nan	nan	3	0	0	nan	0.000000	nan
OTU_938_18S_022_3	ENV_NO2	5	nan	0.293172	nan	nan	nan	nan	nan	2	3	0	nan	0.000000	nan
OTU_683_18S_3_200	ENV_NO2	2	nan	0.223077	nan	nan	nan	nan	nan	1	1	0	nan	0.000000	nan
ASV_1203_16S_3_200	ENV_NO2	2	nan	0.494193	nan	nan	nan	nan	nan	0	2	0	nan	0.000000	nan
OTU_1680_18S_3_200	ENV_NO2	4	nan	0.158147	nan	nan	nan	nan	nan	4	0	0	nan	0.000000	nan
OTU_432_18S_022_3	ENV_NO2	2	nan	0.373283	nan	nan	nan	nan	nan	2	0	0	nan	0.000000	nan
ASV_348_16S_022_3	ENV_NO2	2	nan	0.420641	nan	nan	nan	nan	nan	0	2	0	nan	0.000000	nan
OTU_2539_18S_022_3	ENV_NO2	2	nan	0.225961	nan	nan	nan	nan	nan	1	1	0	nan	0.000000	nan
ASV_170_16S_022_3	ENV_NO2	2	nan	0.345836	nan	nan	nan	nan	nan	1	1	0	nan	0.000000	nan
OTU_2097_18S_022_3	ENV_NO2	4	nan	0.319698	nan	nan	nan	nan	nan	0	4	0	nan	0.000000	nan
ASV_427_16S_022_3	ENV_NO2	3	nan	0.331559	nan	nan	nan	nan	nan	2	1	0	nan	0.000000	nan
ASV_389_16S_022_3	ENV_NO2	4	nan	0.630227	nan	nan	nan	nan	nan	0	2	2	nan	0.000000	nan
ASV_767_16S_022_3	ENV_NO2	5	nan	0.302114	nan	nan	nan	nan	nan	5	0	0	nan	0.000000	nan
OTU_1611_18S_022_3	ENV_NO2	2	nan	0.223077	nan	nan	nan	nan	nan	0	2	0	nan	0.000000	nan
OTU_1281_18S_3_200	ENV_NO2	3	nan	0.296603	nan	nan	nan	nan	nan	1	2	0	nan	0.000000	nan
ASV_35_16S_022_3	ENV_NO2	4	nan	0.498411	nan	nan	nan	nan	nan	2	1	1	nan	0.000000	nan
ASV_67_16S_022_3	ENV_NO2	3	nan	0.579184	nan	nan	nan	nan	nan	0	1	2	nan	0.000000	nan
ASV_34_16S_022_3	ENV_NO2	5	nan	0.574001	nan	nan	nan	nan	nan	1	3	1	nan	0.000000	nan
ASV_868_16S_022_3	ENV_NO2	1	nan	0.406364	nan	nan	nan	nan	nan	1	0	0	nan	0.000000	nan
ASV_161_16S_022_3	ENV_NO2	5	nan	0.459566	nan	nan	nan	nan	nan	0	5	0	nan	0.000000	nan
OTU_72_18S_022_3	ENV_NO2	1	nan	0.272589	nan	nan	nan	nan	nan	0	1	0	nan	0.000000	nan
ASV_237_16S_022_3	ENV_NO2	3	nan	0.355858	nan	nan	nan	nan	nan	2	1	0	nan	0.000000	nan
ASV_262_16S_022_3	ENV_NO2	5	nan	0.568203	nan	nan	nan	nan	nan	3	1	1	nan	0.000000	nan
ASV_8_16S_022_3	ENV_NO2	2	nan	0.516414	nan	nan	nan	nan	nan	0	1	1	nan	0.000000	nan
OTU_318_18S_022_3	ENV_NO2	2	nan	0.425824	nan	nan	nan	nan	nan	1	1	0	nan	0.000000	nan
OTU_1404_18S_3_200	ENV_NO2	1	nan	0.454140	nan	nan	nan	nan	nan	0	1	0	nan	0.000000	nan
OTU_560_18S_022_3	ENV_NO2	1	nan	0.210062	nan	nan	nan	nan	nan	1	0	0	nan	0.000000	nan
ASV_124_16S_022_3	ENV_NO2	4	nan	0.474018	nan	nan	nan	nan	nan	0	4	0	nan	0.000000	nan
OTU_2439_18S_022_3	ENV_NO2	2	nan	0.210724	nan	nan	nan	nan	nan	1	1	0	nan	0.000000	nan
ASV_223_16S_022_3	ENV_NO2	3	nan	0.529522	nan	nan	nan	nan	nan	1	2	0	nan	0.000000	nan
OTU_322_18S_3_200	ENV_NO2	3	nan	0.187131	nan	nan	nan	nan	nan	2	1	0	nan	0.000000	nan
ASV_351_16S_022_3	ENV_NO2	3	nan	0.318441	nan	nan	nan	nan	nan	2	1	0	nan	0.000000	nan
ASV_978_16S_022_3	ENV_NO2	4	nan	0.409243	nan	nan	nan	nan	nan	4	0	0	nan	0.000000	nan
OTU_509_18S_022_3	ENV_NO2	3	nan	0.168199	nan	nan	nan	nan	nan	3	0	0	nan	0.000000	nan
OTU_2727_18S_3_200	ENV_NO2	4	nan	0.146397	nan	nan	nan	nan	nan	4	0	0	nan	0.000000	nan
OTU_2914_18S_3_200	ENV_NO2	2	nan	0.156462	nan	nan	nan	nan	nan	2	0	0	nan	0.000000	nan
ASV_32_16S_022_3	ENV_NO2	5	nan	0.492936	nan	nan	nan	nan	nan	2	1	2	nan	0.000000	nan
OTU_2009_18S_3_200	ENV_NO2	2	nan	0.339745	nan	nan	nan	nan	nan	2	0	0	nan	0.000000	nan
ASV_217_16S_022_3	ENV_NO2	2	nan	0.469428	nan	nan	nan	nan	nan	0	2	0	nan	0.000000	nan
ASV_168_16S_022_3	ENV_NO2	3	nan	0.215368	nan	nan	nan	nan	nan	3	0	0	nan	0.000000	nan
ASV_679_16S_022_3	ENV_NO2	3	nan	0.411665	nan	nan	nan	nan	nan	3	0	0	nan	0.000000	nan
ASV_1050_16S_022_3	ENV_NO2	3	nan	0.398999	nan	nan	nan	nan	nan	2	1	0	nan	0.000000	nan
ASV_863_16S_3_200	ENV_NO2	4	nan	0.461770	nan	nan	nan	nan	nan	1	1	2	nan	0.000000	nan
OTU_137_18S_3_200	ENV_NO2	3	nan	0.448372	nan	nan	nan	nan	nan	0	2	1	nan	0.000000	nan
ASV_20_16S_022_3	ENV_NO2	3	nan	0.413664	nan	nan	nan	nan	nan	2	0	1	nan	0.000000	nan
ASV_345_16S_3_200	ENV_NO2	4	nan	0.414872	nan	nan	nan	nan	nan	2	1	1	nan	0.000000	nan
ASV_1759_16S_022_3	ENV_NO2	1	nan	0.263130	nan	nan	nan	nan	nan	0	1	0	nan	0.000000	nan
OTU_75_18S_3_200	ENV_NO2	4	nan	0.299771	nan	nan	nan	nan	nan	4	0	0	nan	0.000000	nan
ASV_44_16S_022_3	ENV_NO2	1	nan	0.182496	nan	nan	nan	nan	nan	0	1	0	nan	0.000000	nan
OTU_3295_18S_3_200	ENV_NO2	5	nan	0.399915	nan	nan	nan	nan	nan	3	2	0	nan	0.000000	nan
ASV_25_16S_022_3	ENV_NO2	3	nan	0.508939	nan	nan	nan	nan	nan	2	0	1	nan	0.000000	nan
OTU_964_18S_022_3	ENV_NO2	2	nan	0.179487	nan	nan	nan	nan	nan	1	1	0	nan	0.000000	nan
ASV_481_16S_022_3	ENV_NO2	3	nan	0.499913	nan	nan	nan	nan	nan	3	0	0	nan	0.000000	nan
ASV_148_16S_022_3	ENV_NO2	3	nan	0.332599	nan	nan	nan	nan	nan	3	0	0	nan	0.000000	nan
ASV_98_16S_022_3	ENV_NO2	4	nan	0.320827	nan	nan	nan	nan	nan	3	1	0	nan	0.000000	nan
ASV_106_16S_022_3	ENV_NO2	1	nan	0.467006	nan	nan	nan	nan	nan	0	1	0	nan	0.000000	nan
ASV_45_16S_022_3	ENV_NO2	3	nan	0.526648	nan	nan	nan	nan	nan	0	1	2	nan	0.000000	nan
OTU_3658_18S_022_3	ENV_NO2	2	nan	0.225961	nan	nan	nan	nan	nan	2	0	0	nan	0.000000	nan
ASV_1657_16S_022_3	ENV_NO2	3	nan	0.179487	nan	nan	nan	nan	nan	2	1	0	nan	0.000000	nan
ASV_65_16S_022_3	ENV_NO2	4	nan	0.612846	nan	nan	nan	nan	nan	1	2	1	nan	0.000000	nan
ASV_193_16S_022_3	ENV_NO2	3	nan	0.488345	nan	nan	nan	nan	nan	1	1	1	nan	0.000000	nan
ASV_1561_16S_022_3	ENV_NO2	3	nan	0.352143	nan	nan	nan	nan	nan	1	2	0	nan	0.000000	nan
ASV_461_16S_022_3	ENV_NO2	3	nan	0.689203	nan	nan	nan	nan	nan	0	2	1	nan	0.000000	nan
ASV_1054_16S_022_3	ENV_NO2	5	nan	0.347388	nan	nan	nan	nan	nan	2	2	1	nan	0.000000	nan
ASV_1648_16S_022_3	ENV_NO2	5	nan	0.388103	nan	nan	nan	nan	nan	2	3	0	nan	0.000000	nan
ASV_345_16S_022_3	ENV_NO2	6	nan	0.329217	nan	nan	nan	nan	nan	4	2	0	nan	0.000000	nan
OTU_734_18S_3_200	ENV_NO2	2	nan	0.536165	nan	nan	nan	nan	nan	0	2	0	nan	0.000000	nan
OTU_1318_18S_3_200	ENV_NO2	3	nan	0.377460	nan	nan	nan	nan	nan	2	1	0	nan	0.000000	nan
ASV_14_16S_022_3	ENV_NO2	4	nan	0.467006	nan	nan	nan	nan	nan	2	1	1	nan	0.000000	nan
ASV_1999_16S_022_3	ENV_NO2	4	nan	0.263130	nan	nan	nan	nan	nan	4	0	0	nan	0.000000	nan
OTU_689_18S_022_3	ENV_NO2	3	nan	0.409905	nan	nan	nan	nan	nan	0	3	0	nan	0.000000	nan
ASV_636_16S_022_3	ENV_NO2	7	nan	0.315521	nan	nan	nan	nan	nan	4	3	0	nan	0.000000	nan
OTU_1510_18S_022_3	ENV_NO2	2	nan	0.211932	nan	nan	nan	nan	nan	1	1	0	nan	0.000000	nan
ASV_197_16S_022_3	ENV_NO2	2	nan	0.407573	nan	nan	nan	nan	nan	1	0	1	nan	0.000000	nan
ASV_88_16S_022_3	ENV_NO2	4	nan	0.410572	nan	nan	nan	nan	nan	2	2	0	nan	0.000000	nan
ASV_58_16S_022_3	ENV_NO2	2	nan	0.125276	nan	nan	nan	nan	nan	1	1	0	nan	0.000000	nan
OTU_46_18S_022_3	ENV_NO2	3	nan	0.257296	nan	nan	nan	nan	nan	2	1	0	nan	0.000000	nan
OTU_133_18S_022_3	ENV_NO2	2	nan	0.318982	nan	nan	nan	nan	nan	1	1	0	nan	0.000000	nan
OTU_2425_18S_022_3	ENV_NO2	1	nan	0.199449	nan	nan	nan	nan	nan	1	0	0	nan	0.000000	nan
ASV_267_16S_022_3	ENV_NO2	4	nan	0.380932	nan	nan	nan	nan	nan	0	4	0	nan	0.000000	nan
OTU_1195_18S_022_3	ENV_NO2	3	nan	0.358494	nan	nan	nan	nan	nan	0	3	0	nan	0.000000	nan
ASV_416_16S_022_3	ENV_NO2	3	nan	0.324034	nan	nan	nan	nan	nan	3	0	0	nan	0.000000	nan
OTU_1980_18S_022_3	ENV_NO2	3	nan	0.316813	nan	nan	nan	nan	nan	1	1	1	nan	0.000000	nan
ASV_670_16S_022_3	ENV_NO2	2	nan	0.257212	nan	nan	nan	nan	nan	0	2	0	nan	0.000000	nan
ASV_320_16S_022_3	ENV_NO2	3	nan	0.354226	nan	nan	nan	nan	nan	3	0	0	nan	0.000000	nan
ASV_21_16S_022_3	ENV_NO2	2	nan	0.652064	nan	nan	nan	nan	nan	0	0	2	nan	0.000000	nan
ASV_309_16S_022_3	ENV_NO2	2	nan	0.609961	nan	nan	nan	nan	nan	0	2	0	nan	0.000000	nan
ASV_606_16S_022_3	ENV_NO2	5	nan	0.165329	nan	nan	nan	nan	nan	5	0	0	nan	0.000000	nan
ASV_281_16S_022_3	ENV_NO2	2	nan	0.475519	nan	nan	nan	nan	nan	1	1	0	nan	0.000000	nan
ASV_1963_16S_3_200	ENV_NO2	6	nan	0.449958	nan	nan	nan	nan	nan	1	5	0	nan	0.000000	nan
ASV_312_16S_022_3	ENV_NO2	2	nan	0.448292	nan	nan	nan	nan	nan	2	0	0	nan	0.000000	nan
ASV_386_16S_022_3	ENV_NO2	4	nan	0.394916	nan	nan	nan	nan	nan	3	1	0	nan	0.000000	nan
ASV_987_16S_022_3	ENV_NO2	4	nan	0.388103	nan	nan	nan	nan	nan	3	1	0	nan	0.000000	nan
ASV_1307_16S_022_3	ENV_NO2	3	nan	0.346801	nan	nan	nan	nan	nan	1	2	0	nan	0.000000	nan
ASV_588_16S_022_3	ENV_NO2	3	nan	0.361547	nan	nan	nan	nan	nan	1	2	0	nan	0.000000	nan
ASV_576_16S_3_200	ENV_NO2	3	nan	0.465335	nan	nan	nan	nan	nan	1	2	0	nan	0.000000	nan
OTU_467_18S_3_200	ENV_NO2	4	nan	0.192636	nan	nan	nan	nan	nan	4	0	0	nan	0.000000	nan
ASV_718_16S_022_3	ENV_NO2	3	nan	0.452464	nan	nan	nan	nan	nan	1	1	1	nan	0.000000	nan
ASV_222_16S_022_3	ENV_NO2	2	nan	0.474018	nan	nan	nan	nan	nan	1	1	0	nan	0.000000	nan
ASV_851_16S_022_3	ENV_NO2	1	nan	0.375705	nan	nan	nan	nan	nan	0	1	0	nan	0.000000	nan
OTU_846_18S_022_3	ENV_NO2	1	nan	0.371612	nan	nan	nan	nan	nan	1	0	0	nan	0.000000	nan
OTU_711_18S_022_3	ENV_NO2	4	nan	0.230068	nan	nan	nan	nan	nan	2	2	0	nan	0.000000	nan
ASV_225_16S_022_3	ENV_NO2	3	nan	0.433467	nan	nan	nan	nan	nan	2	1	0	nan	0.000000	nan
ASV_710_16S_022_3	ENV_NO2	1	nan	0.237249	nan	nan	nan	nan	nan	1	0	0	nan	0.000000	nan
OTU_4651_18S_3_200	ENV_NO2	3	nan	0.326865	nan	nan	nan	nan	nan	1	2	0	nan	0.000000	nan
OTU_1017_18S_022_3	ENV_NO2	2	nan	0.347388	nan	nan	nan	nan	nan	0	2	0	nan	0.000000	nan
ASV_784_16S_022_3	ENV_NO2	3	nan	0.272201	nan	nan	nan	nan	nan	1	2	0	nan	0.000000	nan
ASV_212_16S_022_3	ENV_NO2	3	nan	0.371612	nan	nan	nan	nan	nan	2	1	0	nan	0.000000	nan
OTU_1406_18S_3_200	ENV_NO2	2	nan	0.302655	nan	nan	nan	nan	nan	0	2	0	nan	0.000000	nan
OTU_1252_18S_022_3	ENV_NO2	5	nan	0.273209	nan	nan	nan	nan	nan	1	4	0	nan	0.000000	nan
ASV_616_16S_022_3	ENV_NO2	2	nan	0.217322	nan	nan	nan	nan	nan	2	0	0	nan	0.000000	nan
ASV_286_16S_3_200	ENV_NO2	2	nan	0.224136	nan	nan	nan	nan	nan	0	2	0	nan	0.000000	nan
OTU_141_18S_3_200	ENV_NO2	4	nan	0.282480	nan	nan	nan	nan	nan	3	1	0	nan	0.000000	nan
ASV_144_16S_3_200	ENV_NO2	3	nan	0.352351	nan	nan	nan	nan	nan	1	2	0	nan	0.000000	nan
ASV_331_16S_022_3	ENV_NO2	3	nan	0.435258	nan	nan	nan	nan	nan	0	2	1	nan	0.000000	nan
ASV_1633_16S_022_3	ENV_NO2	3	nan	0.364510	nan	nan	nan	nan	nan	1	2	0	nan	0.000000	nan
OTU_215_18S_022_3	ENV_NO2	4	nan	0.250777	nan	nan	nan	nan	nan	1	3	0	nan	0.000000	nan
ASV_162_16S_022_3	ENV_NO2	2	nan	0.656450	nan	nan	nan	nan	nan	0	1	1	nan	0.000000	nan
ASV_1158_16S_022_3	ENV_NO2	3	nan	0.361547	nan	nan	nan	nan	nan	1	2	0	nan	0.000000	nan
ASV_41_16S_022_3	ENV_NO2	3	nan	0.574345	nan	nan	nan	nan	nan	0	1	2	nan	0.000000	nan
ASV_426_16S_022_3	ENV_NO2	3	nan	0.538216	nan	nan	nan	nan	nan	0	3	0	nan	0.000000	nan
ASV_182_16S_022_3	ENV_NO2	2	nan	0.343375	nan	nan	nan	nan	nan	0	2	0	nan	0.000000	nan
ASV_640_16S_022_3	ENV_NO2	4	nan	0.438058	nan	nan	nan	nan	nan	3	1	0	nan	0.000000	nan
ASV_1459_16S_022_3	ENV_NO2	4	nan	0.330958	nan	nan	nan	nan	nan	2	2	0	nan	0.000000	nan
ASV_196_16S_022_3	ENV_NO2	2	nan	0.262896	nan	nan	nan	nan	nan	2	0	0	nan	0.000000	nan
ASV_2304_16S_022_3	ENV_NO2	5	nan	0.346801	nan	nan	nan	nan	nan	3	2	0	nan	0.000000	nan
ASV_149_16S_022_3	ENV_NO2	5	nan	0.349810	nan	nan	nan	nan	nan	2	3	0	nan	0.000000	nan
ASV_732_16S_022_3	ENV_NO2	5	nan	0.397969	nan	nan	nan	nan	nan	2	3	0	nan	0.000000	nan
ASV_743_16S_022_3	ENV_NO2	3	nan	0.191223	nan	nan	nan	nan	nan	3	0	0	nan	0.000000	nan
ASV_137_16S_022_3	ENV_NO2	3	nan	0.521715	nan	nan	nan	nan	nan	1	1	1	nan	0.000000	nan
ASV_494_16S_022_3	ENV_NO2	4	nan	0.451256	nan	nan	nan	nan	nan	1	3	0	nan	0.000000	nan
OTU_458_18S_022_3	ENV_NO2	1	nan	0.398253	nan	nan	nan	nan	nan	0	1	0	nan	0.000000	nan
ASV_265_16S_022_3	ENV_NO2	2	nan	0.530278	nan	nan	nan	nan	nan	0	2	0	nan	0.000000	nan
OTU_1756_18S_022_3	ENV_NO2	3	nan	0.156462	nan	nan	nan	nan	nan	3	0	0	nan	0.000000	nan
ASV_113_16S_022_3	ENV_NO2	2	nan	0.371612	nan	nan	nan	nan	nan	1	1	0	nan	0.000000	nan
ASV_163_16S_022_3	ENV_NO2	3	nan	0.405897	nan	nan	nan	nan	nan	2	1	0	nan	0.000000	nan
ASV_4_16S_022_3	ENV_NO2	2	nan	0.289626	nan	nan	nan	nan	nan	1	1	0	nan	0.000000	nan
ASV_539_16S_022_3	ENV_NO2	3	nan	0.566357	nan	nan	nan	nan	nan	1	2	0	nan	0.000000	nan
ASV_624_16S_3_200	ENV_NO2	4	nan	0.451177	nan	nan	nan	nan	nan	2	2	0	nan	0.000000	nan
OTU_351_18S_3_200	ENV_NO2	3	nan	0.235410	nan	nan	nan	nan	nan	2	1	0	nan	0.000000	nan
ASV_123_16S_022_3	ENV_NO2	4	nan	0.259639	nan	nan	nan	nan	nan	4	0	0	nan	0.000000	nan
ASV_269_16S_3_200	ENV_NO2	2	nan	0.443533	nan	nan	nan	nan	nan	0	2	0	nan	0.000000	nan
OTU_1671_18S_022_3	ENV_NO2	2	nan	0.240133	nan	nan	nan	nan	nan	2	0	0	nan	0.000000	nan
ASV_1146_16S_022_3	ENV_NO2	4	nan	0.474266	nan	nan	nan	nan	nan	1	3	0	nan	0.000000	nan
ASV_347_16S_022_3	ENV_NO2	3	nan	0.659041	nan	nan	nan	nan	nan	0	3	0	nan	0.000000	nan
OTU_1295_18S_022_3	ENV_NO2	1	nan	0.284946	nan	nan	nan	nan	nan	0	1	0	nan	0.000000	nan
OTU_217_18S_3_200	ENV_NO2	3	nan	0.361547	nan	nan	nan	nan	nan	0	3	0	nan	0.000000	nan
OTU_960_18S_022_3	ENV_NO2	1	nan	0.217700	nan	nan	nan	nan	nan	1	0	0	nan	0.000000	nan
ASV_187_16S_022_3	ENV_NO2	4	nan	0.414754	nan	nan	nan	nan	nan	4	0	0	nan	0.000000	nan
ASV_477_16S_022_3	ENV_NO2	3	nan	0.651398	nan	nan	nan	nan	nan	0	3	0	nan	0.000000	nan
ASV_808_16S_022_3	ENV_NO2	2	nan	0.471218	nan	nan	nan	nan	nan	0	1	1	nan	0.000000	nan
ASV_1065_16S_022_3	ENV_NO2	5	nan	0.365093	nan	nan	nan	nan	nan	2	3	0	nan	0.000000	nan
ASV_216_16S_022_3	ENV_NO2	3	nan	0.404021	nan	nan	nan	nan	nan	1	2	0	nan	0.000000	nan
ASV_277_16S_022_3	ENV_NO2	3	nan	0.589835	nan	nan	nan	nan	nan	0	2	1	nan	0.000000	nan
ASV_2_16S_022_3	ENV_NO2	4	nan	0.194108	nan	nan	nan	nan	nan	4	0	0	nan	0.000000	nan
ASV_103_16S_022_3	ENV_NO2	4	nan	0.388311	nan	nan	nan	nan	nan	4	0	0	nan	0.000000	nan
ASV_30_16S_022_3	ENV_NO2	3	nan	0.347220	nan	nan	nan	nan	nan	3	0	0	nan	0.000000	nan
ASV_497_16S_022_3	ENV_NO2	3	nan	0.448586	nan	nan	nan	nan	nan	1	2	0	nan	0.000000	nan
OTU_1774_18S_022_3	ENV_NO2	1	nan	0.293789	nan	nan	nan	nan	nan	0	1	0	nan	0.000000	nan
ASV_421_16S_022_3	ENV_NO2	4	nan	0.414872	nan	nan	nan	nan	nan	4	0	0	nan	0.000000	nan
ASV_258_16S_022_3	ENV_NO2	3	nan	0.402098	nan	nan	nan	nan	nan	2	1	0	nan	0.000000	nan
ASV_1283_16S_3_200	ENV_NO2	2	nan	0.225961	nan	nan	nan	nan	nan	1	1	0	nan	0.000000	nan
OTU_7_18S_022_3	ENV_NO2	2	nan	0.326800	nan	nan	nan	nan	nan	1	1	0	nan	0.000000	nan
ASV_475_16S_022_3	ENV_NO2	5	nan	0.318689	nan	nan	nan	nan	nan	4	0	1	nan	0.000000	nan
OTU_2403_18S_3_200	ENV_NO2	2	nan	0.280839	nan	nan	nan	nan	nan	0	2	0	nan	0.000000	nan
ASV_971_16S_022_3	ENV_NO2	3	nan	0.425282	nan	nan	nan	nan	nan	1	2	0	nan	0.000000	nan
ASV_1804_16S_022_3	ENV_NO2	2	nan	0.376167	nan	nan	nan	nan	nan	1	1	0	nan	0.000000	nan
ASV_340_16S_022_3	ENV_NO2	3	nan	0.444741	nan	nan	nan	nan	nan	3	0	0	nan	0.000000	nan
OTU_534_18S_3_200	ENV_NO2	5	nan	0.278352	nan	nan	nan	nan	nan	1	4	0	nan	0.000000	nan
ASV_992_16S_022_3	ENV_NO2	3	nan	0.227104	nan	nan	nan	nan	nan	1	2	0	nan	0.000000	nan
OTU_680_18S_022_3	ENV_NO2	1	nan	0.367520	nan	nan	nan	nan	nan	0	1	0	nan	0.000000	nan
ASV_11_16S_022_3	ENV_NO2	4	nan	0.530820	nan	nan	nan	nan	nan	0	4	0	nan	0.000000	nan
ASV_211_16S_022_3	ENV_NO2	2	nan	0.348135	nan	nan	nan	nan	nan	0	1	1	nan	0.000000	nan
ASV_184_16S_022_3	ENV_NO2	2	nan	0.471218	nan	nan	nan	nan	nan	1	0	1	nan	0.000000	nan
ASV_298_16S_3_200	ENV_NO2	2	nan	0.168338	nan	nan	nan	nan	nan	1	1	0	nan	0.000000	nan
ASV_295_16S_022_3	ENV_NO2	2	nan	0.379335	nan	nan	nan	nan	nan	1	1	0	nan	0.000000	nan
ASV_2186_16S_022_3	ENV_NO2	2	nan	0.205368	nan	nan	nan	nan	nan	0	2	0	nan	0.000000	nan
ASV_246_16S_022_3	ENV_NO2	3	nan	0.455269	nan	nan	nan	nan	nan	1	2	0	nan	0.000000	nan
ASV_27_16S_022_3	ENV_NO2	3	nan	0.392206	nan	nan	nan	nan	nan	0	1	2	nan	0.000000	nan
ASV_294_16S_022_3	ENV_NO2	5	nan	0.380296	nan	nan	nan	nan	nan	3	2	0	nan	0.000000	nan
ASV_972_16S_3_200	ENV_NO2	2	nan	0.250777	nan	nan	nan	nan	nan	1	1	0	nan	0.000000	nan
OTU_1398_18S_3_200	ENV_NO2	6	nan	0.280839	nan	nan	nan	nan	nan	2	4	0	nan	0.000000	nan
ASV_269_16S_022_3	ENV_NO2	2	nan	0.544555	nan	nan	nan	nan	nan	1	1	0	nan	0.000000	nan
OTU_794_18S_022_3	ENV_NO2	1	nan	0.259051	nan	nan	nan	nan	nan	0	1	0	nan	0.000000	nan
ASV_268_16S_022_3	ENV_NO2	5	nan	0.452847	nan	nan	nan	nan	nan	2	3	0	nan	0.000000	nan
ASV_129_16S_022_3	ENV_NO2	3	nan	0.535580	nan	nan	nan	nan	nan	2	1	0	nan	0.000000	nan
ASV_204_16S_022_3	ENV_NO2	4	nan	0.536165	nan	nan	nan	nan	nan	0	2	2	nan	0.000000	nan
ASV_728_16S_022_3	ENV_NO2	2	nan	0.395085	nan	nan	nan	nan	nan	1	1	0	nan	0.000000	nan
ASV_1243_16S_022_3	ENV_NO2	3	nan	0.211817	nan	nan	nan	nan	nan	3	0	0	nan	0.000000	nan
OTU_1050_18S_022_3	ENV_NO2	1	nan	0.294003	nan	nan	nan	nan	nan	0	1	0	nan	0.000000	nan
OTU_1202_18S_022_3	ENV_NO2	3	nan	0.241328	nan	nan	nan	nan	nan	3	0	0	nan	0.000000	nan
ASV_661_16S_022_3	ENV_NO2	1	nan	0.517408	nan	nan	nan	nan	nan	0	0	1	nan	0.000000	nan
OTU_290_18S_3_200	ENV_NO2	3	nan	0.370945	nan	nan	nan	nan	nan	1	2	0	nan	0.000000	nan
OTU_3733_18S_3_200	ENV_NO2	2	nan	0.240133	nan	nan	nan	nan	nan	1	1	0	nan	0.000000	nan
ASV_671_16S_022_3	ENV_NO2	5	nan	0.404021	nan	nan	nan	nan	nan	2	3	0	nan	0.000000	nan
OTU_870_18S_022_3	ENV_NO2	4	nan	0.273672	nan	nan	nan	nan	nan	1	3	0	nan	0.000000	nan
ASV_19_16S_022_3	ENV_NO2	3	nan	0.329217	nan	nan	nan	nan	nan	1	2	0	nan	0.000000	nan
ASV_1894_16S_022_3	ENV_NO2	5	nan	0.550663	nan	nan	nan	nan	nan	1	3	1	nan	0.000000	nan
OTU_5966_18S_3_200	ENV_NO2	3	nan	0.218984	nan	nan	nan	nan	nan	2	1	0	nan	0.000000	nan
ASV_343_16S_022_3	ENV_NO2	1	nan	0.272579	nan	nan	nan	nan	nan	0	1	0	nan	0.000000	nan
OTU_605_18S_022_3	ENV_NO2	1	nan	0.392747	nan	nan	nan	nan	nan	0	1	0	nan	0.000000	nan
OTU_790_18S_022_3	ENV_NO2	3	nan	0.228984	nan	nan	nan	nan	nan	2	1	0	nan	0.000000	nan
ASV_365_16S_022_3	ENV_NO2	3	nan	0.333976	nan	nan	nan	nan	nan	1	2	0	nan	0.000000	nan
ASV_109_16S_022_3	ENV_NO2	3	nan	0.601453	nan	nan	nan	nan	nan	0	1	2	nan	0.000000	nan
ASV_327_16S_022_3	ENV_NO2	3	nan	0.651398	nan	nan	nan	nan	nan	1	1	1	nan	0.000000	nan
ASV_1110_16S_022_3	ENV_NO2	4	nan	0.348667	nan	nan	nan	nan	nan	2	1	1	nan	0.000000	nan
OTU_115_18S_022_3	ENV_NO2	1	nan	0.207178	nan	nan	nan	nan	nan	1	0	0	nan	0.000000	nan
OTU_937_18S_3_200	ENV_NO2	2	nan	0.197117	nan	nan	nan	nan	nan	2	0	0	nan	0.000000	nan
ASV_160_16S_022_3	ENV_NO2	3	nan	0.577308	nan	nan	nan	nan	nan	0	3	0	nan	0.000000	nan
OTU_3823_18S_3_200	ENV_NO2	3	nan	0.261935	nan	nan	nan	nan	nan	3	0	0	nan	0.000000	nan
OTU_3225_18S_022_3	ENV_NO2	1	nan	0.400456	nan	nan	nan	nan	nan	0	0	1	nan	0.000000	nan
ASV_267_16S_3_200	ENV_NO2	2	nan	0.260927	nan	nan	nan	nan	nan	1	1	0	nan	0.000000	nan
OTU_1358_18S_3_200	ENV_NO2	4	nan	0.320892	nan	nan	nan	nan	nan	1	3	0	nan	0.000000	nan
ASV_99_16S_022_3	ENV_NO2	2	nan	0.370522	nan	nan	nan	nan	nan	1	1	0	nan	0.000000	nan
ASV_1696_16S_022_3	ENV_NO2	4	nan	0.368603	nan	nan	nan	nan	nan	1	3	0	nan	0.000000	nan
OTU_2234_18S_022_3	ENV_NO2	3	nan	0.201275	nan	nan	nan	nan	nan	3	0	0	nan	0.000000	nan
ASV_383_16S_022_3	ENV_NO2	2	nan	0.458651	nan	nan	nan	nan	nan	0	2	0	nan	0.000000	nan
OTU_228_18S_3_200	ENV_NO2	4	nan	0.268486	nan	nan	nan	nan	nan	0	4	0	nan	0.000000	nan
ASV_350_16S_022_3	ENV_NO2	2	nan	0.240786	nan	nan	nan	nan	nan	2	0	0	nan	0.000000	nan
ASV_1229_16S_022_3	ENV_NO2	3	nan	0.605546	nan	nan	nan	nan	nan	1	2	0	nan	0.000000	nan
ASV_49_16S_022_3	ENV_NO2	3	nan	0.439440	nan	nan	nan	nan	nan	2	1	0	nan	0.000000	nan
ASV_2181_16S_022_3	ENV_NO2	5	nan	0.346801	nan	nan	nan	nan	nan	4	1	0	nan	0.000000	nan
OTU_1408_18S_3_200	ENV_NO2	2	nan	0.309156	nan	nan	nan	nan	nan	2	0	0	nan	0.000000	nan
ASV_938_16S_022_3	ENV_NO2	1	nan	0.312920	nan	nan	nan	nan	nan	1	0	0	nan	0.000000	nan
ASV_376_16S_022_3	ENV_NO2	5	nan	0.241328	nan	nan	nan	nan	nan	3	2	0	nan	0.000000	nan
ASV_709_16S_022_3	ENV_NO2	5	nan	0.392196	nan	nan	nan	nan	nan	0	5	0	nan	0.000000	nan
ASV_126_16S_022_3	ENV_NO2	4	nan	0.317480	nan	nan	nan	nan	nan	4	0	0	nan	0.000000	nan
ASV_612_16S_022_3	ENV_NO2	4	nan	0.312641	nan	nan	nan	nan	nan	3	1	0	nan	0.000000	nan
OTU_329_18S_022_3	ENV_NO2	2	nan	0.283314	nan	nan	nan	nan	nan	2	0	0	nan	0.000000	nan
OTU_2284_18S_022_3	ENV_NO2	2	nan	0.236027	nan	nan	nan	nan	nan	2	0	0	nan	0.000000	nan
ASV_325_16S_022_3	ENV_NO2	3	nan	0.564563	nan	nan	nan	nan	nan	1	2	0	nan	0.000000	nan
ASV_199_16S_022_3	ENV_NO2	2	nan	0.508476	nan	nan	nan	nan	nan	1	1	0	nan	0.000000	nan
ASV_121_16S_022_3	ENV_NO2	4	nan	0.317943	nan	nan	nan	nan	nan	3	1	0	nan	0.000000	nan
ASV_951_16S_022_3	ENV_NO2	4	nan	0.452847	nan	nan	nan	nan	nan	2	2	0	nan	0.000000	nan
ASV_1541_16S_3_200	ENV_NO2	1	nan	0.251870	nan	nan	nan	nan	nan	1	0	0	nan	0.000000	nan
OTU_1970_18S_3_200	ENV_NO2	4	nan	0.520675	nan	nan	nan	nan	nan	1	2	1	nan	0.000000	nan
ASV_405_16S_3_200	ENV_NO2	2	nan	0.339745	nan	nan	nan	nan	nan	1	1	0	nan	0.000000	nan
ASV_274_16S_022_3	ENV_NO2	4	nan	0.509481	nan	nan	nan	nan	nan	0	4	0	nan	0.000000	nan
OTU_1070_18S_022_3	ENV_NO2	2	nan	0.189538	nan	nan	nan	nan	nan	1	1	0	nan	0.000000	nan
ASV_1577_16S_022_3	ENV_NO2	5	nan	0.409905	nan	nan	nan	nan	nan	2	3	0	nan	0.000000	nan
OTU_3655_18S_3_200	ENV_NO2	1	nan	0.241328	nan	nan	nan	nan	nan	1	0	0	nan	0.000000	nan
OTU_505_18S_3_200	ENV_NO2	3	nan	0.245853	nan	nan	nan	nan	nan	1	2	0	nan	0.000000	nan
OTU_924_18S_3_200	ENV_NO2	3	nan	0.298548	nan	nan	nan	nan	nan	1	2	0	nan	0.000000	nan
ASV_566_16S_022_3	ENV_NO2	4	nan	0.383349	nan	nan	nan	nan	nan	2	2	0	nan	0.000000	nan
ASV_644_16S_022_3	ENV_NO2	6	nan	0.346801	nan	nan	nan	nan	nan	2	4	0	nan	0.000000	nan
ASV_1136_16S_022_3	ENV_NO2	4	nan	0.310841	nan	nan	nan	nan	nan	3	1	0	nan	0.000000	nan
OTU_186_18S_022_3	ENV_NO2	1	nan	0.419309	nan	nan	nan	nan	nan	0	1	0	nan	0.000000	nan
ASV_1305_16S_022_3	ENV_NO2	2	nan	0.254243	nan	nan	nan	nan	nan	1	1	0	nan	0.000000	nan
OTU_3598_18S_022_3	ENV_NO2	3	nan	0.234748	nan	nan	nan	nan	nan	2	1	0	nan	0.000000	nan
ASV_339_16S_022_3	ENV_NO2	3	nan	0.449580	nan	nan	nan	nan	nan	2	1	0	nan	0.000000	nan
ASV_255_16S_022_3	ENV_NO2	2	nan	0.309757	nan	nan	nan	nan	nan	2	0	0	nan	0.000000	nan
ASV_779_16S_022_3	ENV_NO2	2	nan	0.407573	nan	nan	nan	nan	nan	0	2	0	nan	0.000000	nan
ASV_122_16S_022_3	ENV_NO2	4	nan	0.717519	nan	nan	nan	nan	nan	0	2	2	nan	0.000000	nan
ASV_157_16S_022_3	ENV_NO2	2	nan	0.548992	nan	nan	nan	nan	nan	0	2	0	nan	0.000000	nan
ASV_580_16S_022_3	ENV_NO2	1	nan	0.270246	nan	nan	nan	nan	nan	1	0	0	nan	0.000000	nan
ASV_463_16S_022_3	ENV_NO2	3	nan	0.485461	nan	nan	nan	nan	nan	0	3	0	nan	0.000000	nan
ASV_1190_16S_022_3	ENV_NO2	4	nan	0.401883	nan	nan	nan	nan	nan	1	3	0	nan	0.000000	nan
ASV_192_16S_022_3	ENV_NO2	3	nan	0.488345	nan	nan	nan	nan	nan	0	2	1	nan	0.000000	nan
ASV_3_16S_022_3	ENV_NO2	3	nan	0.312641	nan	nan	nan	nan	nan	2	0	1	nan	0.000000	nan
ASV_390_16S_022_3	ENV_NO2	3	nan	0.511479	nan	nan	nan	nan	nan	0	2	1	nan	0.000000	nan
ASV_552_16S_022_3	ENV_NO2	4	nan	0.533625	nan	nan	nan	nan	nan	0	4	0	nan	0.000000	nan
ASV_459_16S_3_200	ENV_NO2	3	nan	0.177647	nan	nan	nan	nan	nan	3	0	0	nan	0.000000	nan
OTU_516_18S_022_3	ENV_NO2	2	nan	0.391570	nan	nan	nan	nan	nan	1	1	0	nan	0.000000	nan
ASV_1270_16S_022_3	ENV_NO2	3	nan	0.400456	nan	nan	nan	nan	nan	1	2	0	nan	0.000000	nan
ASV_803_16S_022_3	ENV_NO2	4	nan	0.627348	nan	nan	nan	nan	nan	0	3	1	nan	0.000000	nan
ASV_675_16S_022_3	ENV_NO2	4	nan	0.533625	nan	nan	nan	nan	nan	1	3	0	nan	0.000000	nan
ASV_574_16S_022_3	ENV_NO2	6	nan	0.589712	nan	nan	nan	nan	nan	0	6	0	nan	0.000000	nan
ASV_564_16S_022_3	ENV_NO2	4	nan	0.453131	nan	nan	nan	nan	nan	2	2	0	nan	0.000000	nan
ASV_2226_16S_022_3	ENV_NO2	3	nan	0.179473	nan	nan	nan	nan	nan	3	0	0	nan	0.000000	nan
ASV_687_16S_022_3	ENV_NO2	2	nan	0.243605	nan	nan	nan	nan	nan	2	0	0	nan	0.000000	nan
ASV_155_16S_022_3	ENV_NO2	2	nan	0.340406	nan	nan	nan	nan	nan	1	1	0	nan	0.000000	nan
ASV_1362_16S_022_3	ENV_NO2	5	nan	0.346801	nan	nan	nan	nan	nan	1	4	0	nan	0.000000	nan
ASV_1375_16S_3_200	ENV_NO2	3	nan	0.284946	nan	nan	nan	nan	nan	2	1	0	nan	0.000000	nan
ASV_362_16S_022_3	ENV_NO2	4	nan	0.516662	nan	nan	nan	nan	nan	0	4	0	nan	0.000000	nan
OTU_83_18S_3_200	ENV_NO2	4	nan	0.146397	nan	nan	nan	nan	nan	3	1	0	nan	0.000000	nan
ASV_793_16S_022_3	ENV_NO2	3	nan	0.612727	nan	nan	nan	nan	nan	0	3	0	nan	0.000000	nan
ASV_705_16S_022_3	ENV_NO2	3	nan	0.328550	nan	nan	nan	nan	nan	1	2	0	nan	0.000000	nan
ASV_248_16S_022_3	ENV_NO2	5	nan	0.449416	nan	nan	nan	nan	nan	2	2	1	nan	0.000000	nan
ASV_863_16S_022_3	ENV_NO2	4	nan	0.589791	nan	nan	nan	nan	nan	1	3	0	nan	0.000000	nan
OTU_4876_18S_3_200	ENV_NO2	3	nan	0.282445	nan	nan	nan	nan	nan	1	2	0	nan	0.000000	nan
ASV_388_16S_022_3	ENV_NO2	2	nan	0.510893	nan	nan	nan	nan	nan	2	0	0	nan	0.000000	nan
OTU_86_18S_3_200	ENV_NO2	3	nan	0.241328	nan	nan	nan	nan	nan	3	0	0	nan	0.000000	nan
ASV_440_16S_022_3	ENV_NO2	2	nan	0.297473	nan	nan	nan	nan	nan	2	0	0	nan	0.000000	nan
OTU_391_18S_3_200	ENV_NO2	3	nan	0.490100	nan	nan	nan	nan	nan	0	3	0	nan	0.000000	nan
ASV_135_16S_022_3	ENV_NO2	2	nan	0.438058	nan	nan	nan	nan	nan	1	0	1	nan	0.000000	nan
OTU_30_18S_3_200	ENV_NO2	1	nan	0.157685	nan	nan	nan	nan	nan	1	0	0	nan	0.000000	nan
OTU_550_18S_022_3	ENV_NO2	2	nan	0.394623	nan	nan	nan	nan	nan	1	1	0	nan	0.000000	nan
OTU_22_18S_022_3	ENV_NO2	1	nan	0.190140	nan	nan	nan	nan	nan	0	1	0	nan	0.000000	nan
OTU_2785_18S_3_200	ENV_NO2	2	nan	0.211340	nan	nan	nan	nan	nan	2	0	0	nan	0.000000	nan
ASV_884_16S_022_3	ENV_NO2	1	nan	0.435422	nan	nan	nan	nan	nan	1	0	0	nan	0.000000	nan
OTU_2449_18S_3_200	ENV_NO2	2	nan	0.302655	nan	nan	nan	nan	nan	0	2	0	nan	0.000000	nan
OTU_1102_18S_022_3	ENV_NO2	3	nan	0.250777	nan	nan	nan	nan	nan	2	1	0	nan	0.000000	nan
OTU_879_18S_3_200	ENV_NO2	5	nan	0.355027	nan	nan	nan	nan	nan	1	4	0	nan	0.000000	nan
ASV_1543_16S_022_3	ENV_NO2	3	nan	0.284946	nan	nan	nan	nan	nan	0	3	0	nan	0.000000	nan
ASV_632_16S_022_3	ENV_NO2	2	nan	0.514161	nan	nan	nan	nan	nan	1	1	0	nan	0.000000	nan
ASV_473_16S_022_3	ENV_NO2	4	nan	0.299771	nan	nan	nan	nan	nan	3	1	0	nan	0.000000	nan
ASV_893_16S_022_3	ENV_NO2	3	nan	0.403275	nan	nan	nan	nan	nan	2	1	0	nan	0.000000	nan
ASV_1061_16S_022_3	ENV_NO2	5	nan	0.431329	nan	nan	nan	nan	nan	3	2	0	nan	0.000000	nan
OTU_406_18S_022_3	ENV_NO2	1	nan	0.144487	nan	nan	nan	nan	nan	1	0	0	nan	0.000000	nan
OTU_3563_18S_3_200	ENV_NO2	2	nan	0.205368	nan	nan	nan	nan	nan	2	0	0	nan	0.000000	nan
ASV_179_16S_022_3	ENV_NO2	3	nan	0.464668	nan	nan	nan	nan	nan	2	1	0	nan	0.000000	nan
OTU_1397_18S_3_200	ENV_NO2	6	nan	0.345037	nan	nan	nan	nan	nan	6	0	0	nan	0.000000	nan
ASV_1257_16S_022_3	ENV_NO2	2	nan	0.373283	nan	nan	nan	nan	nan	1	1	0	nan	0.000000	nan
ASV_1071_16S_022_3	ENV_NO2	2	nan	0.247301	nan	nan	nan	nan	nan	2	0	0	nan	0.000000	nan
OTU_1144_18S_022_3	ENV_NO2	1	nan	0.298095	nan	nan	nan	nan	nan	1	0	0	nan	0.000000	nan
ASV_697_16S_022_3	ENV_NO2	3	nan	0.491976	nan	nan	nan	nan	nan	1	2	0	nan	0.000000	nan
OTU_568_18S_3_200	ENV_NO2	3	nan	0.279177	nan	nan	nan	nan	nan	2	1	0	nan	0.000000	nan
ASV_943_16S_022_3	ENV_NO2	3	nan	0.483044	nan	nan	nan	nan	nan	1	2	0	nan	0.000000	nan
ASV_648_16S_022_3	ENV_NO2	4	nan	0.269103	nan	nan	nan	nan	nan	1	3	0	nan	0.000000	nan
OTU_68_18S_3_200	ENV_NO2	3	nan	0.293719	nan	nan	nan	nan	nan	2	1	0	nan	0.000000	nan
ASV_730_16S_022_3	ENV_NO2	4	nan	0.414008	nan	nan	nan	nan	nan	0	4	0	nan	0.000000	nan
ASV_688_16S_022_3	ENV_NO2	2	nan	0.276293	nan	nan	nan	nan	nan	0	2	0	nan	0.000000	nan
ASV_495_16S_022_3	ENV_NO2	3	nan	0.383349	nan	nan	nan	nan	nan	2	1	0	nan	0.000000	nan
ASV_706_16S_3_200	ENV_NO2	4	nan	0.311428	nan	nan	nan	nan	nan	2	2	0	nan	0.000000	nan
ASV_311_16S_022_3	ENV_NO2	4	nan	0.475519	nan	nan	nan	nan	nan	2	2	0	nan	0.000000	nan
ASV_1139_16S_022_3	ENV_NO2	4	nan	0.332101	nan	nan	nan	nan	nan	1	3	0	nan	0.000000	nan
ASV_926_16S_022_3	ENV_NO2	2	nan	0.540806	nan	nan	nan	nan	nan	0	2	0	nan	0.000000	nan
ASV_647_16S_022_3	ENV_NO2	3	nan	0.587413	nan	nan	nan	nan	nan	0	3	0	nan	0.000000	nan
OTU_2133_18S_3_200	ENV_NO2	3	nan	0.318689	nan	nan	nan	nan	nan	1	2	0	nan	0.000000	nan
OTU_2496_18S_3_200	ENV_NO2	3	nan	0.340406	nan	nan	nan	nan	nan	2	1	0	nan	0.000000	nan
ASV_397_16S_022_3	ENV_NO2	2	nan	0.227104	nan	nan	nan	nan	nan	2	0	0	nan	0.000000	nan
OTU_2662_18S_022_3	ENV_NO2	4	nan	0.211817	nan	nan	nan	nan	nan	2	2	0	nan	0.000000	nan
OTU_1354_18S_3_200	ENV_NO2	2	nan	0.201275	nan	nan	nan	nan	nan	2	0	0	nan	0.000000	nan
ASV_306_16S_022_3	ENV_NO2	4	nan	0.485377	nan	nan	nan	nan	nan	0	4	0	nan	0.000000	nan
ASV_291_16S_022_3	ENV_NO2	1	nan	0.633439	nan	nan	nan	nan	nan	0	1	0	nan	0.000000	nan
OTU_989_18S_3_200	ENV_NO2	7	nan	0.225961	nan	nan	nan	nan	nan	1	6	0	nan	0.000000	nan
OTU_2054_18S_3_200	ENV_NO2	1	nan	0.269103	nan	nan	nan	nan	nan	1	0	0	nan	0.000000	nan
OTU_3384_18S_022_3	ENV_NO2	1	nan	0.266695	nan	nan	nan	nan	nan	1	0	0	nan	0.000000	nan
ASV_294_16S_3_200	ENV_NO2	2	nan	0.495322	nan	nan	nan	nan	nan	0	2	0	nan	0.000000	nan
ASV_1287_16S_3_200	ENV_NO2	2	nan	0.373945	nan	nan	nan	nan	nan	1	1	0	nan	0.000000	nan
OTU_492_18S_3_200	ENV_NO2	3	nan	0.348667	nan	nan	nan	nan	nan	3	0	0	nan	0.000000	nan
OTU_458_18S_3_200	ENV_NO2	3	nan	0.304531	nan	nan	nan	nan	nan	3	0	0	nan	0.000000	nan
OTU_1172_18S_3_200	ENV_NO2	3	nan	0.373283	nan	nan	nan	nan	nan	1	2	0	nan	0.000000	nan
OTU_724_18S_022_3	ENV_NO2	3	nan	0.251870	nan	nan	nan	nan	nan	1	2	0	nan	0.000000	nan
ASV_889_16S_022_3	ENV_NO2	2	nan	0.448834	nan	nan	nan	nan	nan	1	1	0	nan	0.000000	nan
OTU_422_18S_022_3	ENV_NO2	1	nan	0.169342	nan	nan	nan	nan	nan	1	0	0	nan	0.000000	nan
ASV_955_16S_022_3	ENV_NO2	2	nan	0.593635	nan	nan	nan	nan	nan	1	1	0	nan	0.000000	nan
OTU_997_18S_3_200	ENV_NO2	5	nan	0.284390	nan	nan	nan	nan	nan	2	3	0	nan	0.000000	nan
ASV_488_16S_022_3	ENV_NO2	2	nan	0.497321	nan	nan	nan	nan	nan	1	1	0	nan	0.000000	nan
OTU_1284_18S_022_3	ENV_NO2	2	nan	0.283475	nan	nan	nan	nan	nan	2	0	0	nan	0.000000	nan
ASV_400_16S_022_3	ENV_NO2	2	nan	0.425824	nan	nan	nan	nan	nan	1	1	0	nan	0.000000	nan
OTU_768_18S_3_200	ENV_NO2	2	nan	0.370945	nan	nan	nan	nan	nan	1	1	0	nan	0.000000	nan
ASV_633_16S_022_3	ENV_NO2	1	nan	0.476609	nan	nan	nan	nan	nan	0	1	0	nan	0.000000	nan
OTU_351_18S_022_3	ENV_NO2	1	nan	0.262523	nan	nan	nan	nan	nan	1	0	0	nan	0.000000	nan
ASV_949_16S_022_3	ENV_NO2	2	nan	0.465335	nan	nan	nan	nan	nan	0	2	0	nan	0.000000	nan
OTU_29_18S_022_3	ENV_NO2	3	nan	0.390530	nan	nan	nan	nan	nan	0	3	0	nan	0.000000	nan
ASV_407_16S_022_3	ENV_NO2	2	nan	0.382140	nan	nan	nan	nan	nan	1	1	0	nan	0.000000	nan
ASV_360_16S_022_3	ENV_NO2	1	nan	0.230193	nan	nan	nan	nan	nan	1	0	0	nan	0.000000	nan
ASV_979_16S_022_3	ENV_NO2	3	nan	0.525052	nan	nan	nan	nan	nan	0	3	0	nan	0.000000	nan
ASV_308_16S_022_3	ENV_NO2	4	nan	0.643923	nan	nan	nan	nan	nan	3	1	0	nan	0.000000	nan
OTU_347_18S_022_3	ENV_NO2	1	nan	0.139420	nan	nan	nan	nan	nan	1	0	0	nan	0.000000	nan
ASV_996_16S_022_3	ENV_NO2	2	nan	0.447084	nan	nan	nan	nan	nan	0	2	0	nan	0.000000	nan
ASV_428_16S_022_3	ENV_NO2	4	nan	0.454061	nan	nan	nan	nan	nan	2	2	0	nan	0.000000	nan
ASV_74_16S_022_3	ENV_NO2	4	nan	0.473058	nan	nan	nan	nan	nan	3	0	1	nan	0.000000	nan
OTU_167_18S_022_3	ENV_NO2	2	nan	0.134660	nan	nan	nan	nan	nan	2	0	0	nan	0.000000	nan
ASV_635_16S_022_3	ENV_NO2	3	nan	0.459646	nan	nan	nan	nan	nan	0	3	0	nan	0.000000	nan
OTU_332_18S_3_200	ENV_NO2	2	nan	0.449580	nan	nan	nan	nan	nan	0	2	0	nan	0.000000	nan
ASV_829_16S_022_3	ENV_NO2	4	nan	0.330958	nan	nan	nan	nan	nan	2	2	0	nan	0.000000	nan
ASV_452_16S_022_3	ENV_NO2	2	nan	0.303784	nan	nan	nan	nan	nan	2	0	0	nan	0.000000	nan
ASV_2084_16S_022_3	ENV_NO2	1	nan	0.237249	nan	nan	nan	nan	nan	1	0	0	nan	0.000000	nan
OTU_749_18S_3_200	ENV_NO2	1	nan	0.259051	nan	nan	nan	nan	nan	1	0	0	nan	0.000000	nan
ASV_988_16S_022_3	ENV_NO2	4	nan	0.346801	nan	nan	nan	nan	nan	4	0	0	nan	0.000000	nan
ASV_1092_16S_022_3	ENV_NO2	5	nan	0.388934	nan	nan	nan	nan	nan	3	2	0	nan	0.000000	nan
ASV_1193_16S_3_200	ENV_NO2	2	nan	0.345037	nan	nan	nan	nan	nan	0	1	1	nan	0.000000	nan
ASV_759_16S_022_3	ENV_NO2	2	nan	0.441111	nan	nan	nan	nan	nan	1	1	0	nan	0.000000	nan
ASV_605_16S_022_3	ENV_NO2	4	nan	0.430583	nan	nan	nan	nan	nan	3	1	0	nan	0.000000	nan
OTU_4249_18S_3_200	ENV_NO2	5	nan	0.293172	nan	nan	nan	nan	nan	2	3	0	nan	0.000000	nan
ASV_1205_16S_022_3	ENV_NO2	2	nan	0.276681	nan	nan	nan	nan	nan	2	0	0	nan	0.000000	nan
OTU_2399_18S_3_200	ENV_NO2	2	nan	0.369190	nan	nan	nan	nan	nan	0	2	0	nan	0.000000	nan
ASV_585_16S_022_3	ENV_NO2	4	nan	0.456761	nan	nan	nan	nan	nan	3	1	0	nan	0.000000	nan
ASV_736_16S_022_3	ENV_NO2	3	nan	0.521715	nan	nan	nan	nan	nan	1	2	0	nan	0.000000	nan
ASV_931_16S_022_3	ENV_NO2	5	nan	0.538926	nan	nan	nan	nan	nan	4	1	0	nan	0.000000	nan
ASV_42_16S_022_3	ENV_NO2	2	nan	0.189538	nan	nan	nan	nan	nan	2	0	0	nan	0.000000	nan
OTU_485_18S_022_3	ENV_NO2	1	nan	0.130781	nan	nan	nan	nan	nan	1	0	0	nan	0.000000	nan
ASV_1320_16S_022_3	ENV_NO2	3	nan	0.333141	nan	nan	nan	nan	nan	2	1	0	nan	0.000000	nan
ASV_1446_16S_022_3	ENV_NO2	3	nan	0.471849	nan	nan	nan	nan	nan	0	2	1	nan	0.000000	nan
ASV_1106_16S_022_3	ENV_NO2	2	nan	0.342152	nan	nan	nan	nan	nan	2	0	0	nan	0.000000	nan
ASV_1439_16S_022_3	ENV_NO2	2	nan	0.340207	nan	nan	nan	nan	nan	2	0	0	nan	0.000000	nan
OTU_3755_18S_3_200	ENV_NO2	2	nan	0.259037	nan	nan	nan	nan	nan	1	1	0	nan	0.000000	nan
ASV_530_16S_022_3	ENV_NO2	2	nan	0.201275	nan	nan	nan	nan	nan	2	0	0	nan	0.000000	nan
OTU_1335_18S_3_200	ENV_NO2	3	nan	0.239502	nan	nan	nan	nan	nan	2	1	0	nan	0.000000	nan
ASV_213_16S_022_3	ENV_NO2	3	nan	0.284390	nan	nan	nan	nan	nan	2	1	0	nan	0.000000	nan
ASV_601_16S_022_3	ENV_NO2	2	nan	0.410522	nan	nan	nan	nan	nan	1	0	1	nan	0.000000	nan
OTU_2620_18S_3_200	ENV_NO2	5	nan	0.333225	nan	nan	nan	nan	nan	0	5	0	nan	0.000000	nan
ASV_715_16S_022_3	ENV_NO2	3	nan	0.670315	nan	nan	nan	nan	nan	1	2	0	nan	0.000000	nan
ASV_78_16S_022_3	ENV_NO2	3	nan	0.254412	nan	nan	nan	nan	nan	1	2	0	nan	0.000000	nan
ASV_967_16S_022_3	ENV_NO2	2	nan	0.330958	nan	nan	nan	nan	nan	2	0	0	nan	0.000000	nan
ASV_853_16S_022_3	ENV_NO2	3	nan	0.584410	nan	nan	nan	nan	nan	1	2	0	nan	0.000000	nan
ASV_489_16S_022_3	ENV_NO2	1	nan	0.520799	nan	nan	nan	nan	nan	0	1	0	nan	0.000000	nan
ASV_758_16S_022_3	ENV_NO2	3	nan	0.392747	nan	nan	nan	nan	nan	2	1	0	nan	0.000000	nan
OTU_450_18S_022_3	ENV_NO2	1	nan	0.230068	nan	nan	nan	nan	nan	0	1	0	nan	0.000000	nan
OTU_385_18S_022_3	ENV_NO2	1	nan	0.130781	nan	nan	nan	nan	nan	1	0	0	nan	0.000000	nan
OTU_1906_18S_3_200	ENV_NO2	4	nan	0.189538	nan	nan	nan	nan	nan	4	0	0	nan	0.000000	nan
ASV_328_16S_022_3	ENV_NO2	2	nan	0.384095	nan	nan	nan	nan	nan	0	1	1	nan	0.000000	nan
ASV_437_16S_022_3	ENV_NO2	2	nan	0.422691	nan	nan	nan	nan	nan	1	1	0	nan	0.000000	nan
ASV_165_16S_022_3	ENV_NO2	3	nan	0.342694	nan	nan	nan	nan	nan	1	2	0	nan	0.000000	nan
ASV_378_16S_022_3	ENV_NO2	2	nan	0.272201	nan	nan	nan	nan	nan	2	0	0	nan	0.000000	nan
ASV_1589_16S_022_3	ENV_NO2	4	nan	0.356866	nan	nan	nan	nan	nan	3	1	0	nan	0.000000	nan
ASV_819_16S_022_3	ENV_NO2	3	nan	0.531780	nan	nan	nan	nan	nan	2	1	0	nan	0.000000	nan
ASV_576_16S_022_3	ENV_NO2	4	nan	0.367132	nan	nan	nan	nan	nan	3	1	0	nan	0.000000	nan
ASV_652_16S_022_3	ENV_NO2	5	nan	0.327467	nan	nan	nan	nan	nan	5	0	0	nan	0.000000	nan
ASV_72_16S_022_3	ENV_NO2	4	nan	0.587413	nan	nan	nan	nan	nan	0	2	2	nan	0.000000	nan
ASV_158_16S_022_3	ENV_NO2	2	nan	0.373567	nan	nan	nan	nan	nan	1	1	0	nan	0.000000	nan
OTU_421_18S_022_3	ENV_NO2	1	nan	0.282729	nan	nan	nan	nan	nan	0	1	0	nan	0.000000	nan
ASV_848_16S_022_3	ENV_NO2	3	nan	0.404563	nan	nan	nan	nan	nan	1	2	0	nan	0.000000	nan
ASV_130_16S_022_3	ENV_NO2	2	nan	0.300731	nan	nan	nan	nan	nan	2	0	0	nan	0.000000	nan
ASV_1094_16S_022_3	ENV_NO2	6	nan	0.462744	nan	nan	nan	nan	nan	1	5	0	nan	0.000000	nan
OTU_1374_18S_022_3	ENV_NO2	3	nan	0.348667	nan	nan	nan	nan	nan	1	2	0	nan	0.000000	nan
ASV_20_16S_3_200	ENV_NO2	1	nan	0.231864	nan	nan	nan	nan	nan	1	0	0	nan	0.000000	nan
ASV_400_16S_3_200	ENV_NO2	3	nan	0.729579	nan	nan	nan	nan	nan	0	0	3	nan	0.000000	nan
ASV_720_16S_022_3	ENV_NO2	4	nan	0.426365	nan	nan	nan	nan	nan	1	3	0	nan	0.000000	nan
ASV_522_16S_022_3	ENV_NO2	2	nan	0.368061	nan	nan	nan	nan	nan	1	1	0	nan	0.000000	nan
ASV_764_16S_022_3	ENV_NO2	3	nan	0.263130	nan	nan	nan	nan	nan	2	1	0	nan	0.000000	nan
ASV_776_16S_022_3	ENV_NO2	2	nan	0.398169	nan	nan	nan	nan	nan	0	2	0	nan	0.000000	nan
OTU_1902_18S_022_3	ENV_NO2	3	nan	0.211340	nan	nan	nan	nan	nan	2	1	0	nan	0.000000	nan
ASV_900_16S_022_3	ENV_NO2	3	nan	0.546570	nan	nan	nan	nan	nan	1	2	0	nan	0.000000	nan
OTU_2382_18S_022_3	ENV_NO2	3	nan	0.214225	nan	nan	nan	nan	nan	0	3	0	nan	0.000000	nan
OTU_932_18S_022_3	ENV_NO2	3	nan	0.332101	nan	nan	nan	nan	nan	2	1	0	nan	0.000000	nan
ASV_658_16S_022_3	ENV_NO2	2	nan	0.161222	nan	nan	nan	nan	nan	2	0	0	nan	0.000000	nan
OTU_3663_18S_022_3	ENV_NO2	2	nan	0.254412	nan	nan	nan	nan	nan	1	1	0	nan	0.000000	nan
ASV_512_16S_022_3	ENV_NO2	3	nan	0.452385	nan	nan	nan	nan	nan	0	2	1	nan	0.000000	nan
ASV_1289_16S_022_3	ENV_NO2	3	nan	0.413998	nan	nan	nan	nan	nan	1	2	0	nan	0.000000	nan
ASV_348_16S_3_200	ENV_NO2	2	nan	0.406190	nan	nan	nan	nan	nan	0	2	0	nan	0.000000	nan
OTU_3466_18S_022_3	ENV_NO2	1	nan	0.214225	nan	nan	nan	nan	nan	1	0	0	nan	0.000000	nan
ASV_560_16S_022_3	ENV_NO2	4	nan	0.520506	nan	nan	nan	nan	nan	1	2	1	nan	0.000000	nan
ASV_590_16S_022_3	ENV_NO2	1	nan	0.268486	nan	nan	nan	nan	nan	1	0	0	nan	0.000000	nan
OTU_868_18S_022_3	ENV_NO2	5	nan	0.412789	nan	nan	nan	nan	nan	0	5	0	nan	0.000000	nan
OTU_213_18S_3_200	ENV_NO2	3	nan	0.239710	nan	nan	nan	nan	nan	2	1	0	nan	0.000000	nan
OTU_1095_18S_3_200	ENV_NO2	2	nan	0.286573	nan	nan	nan	nan	nan	1	1	0	nan	0.000000	nan
OTU_2682_18S_3_200	ENV_NO2	2	nan	0.201275	nan	nan	nan	nan	nan	2	0	0	nan	0.000000	nan
OTU_1226_18S_3_200	ENV_NO2	1	nan	0.121711	nan	nan	nan	nan	nan	1	0	0	nan	0.000000	nan
OTU_873_18S_022_3	ENV_NO2	4	nan	0.240786	nan	nan	nan	nan	nan	4	0	0	nan	0.000000	nan
ASV_143_16S_022_3	ENV_NO2	4	nan	0.309156	nan	nan	nan	nan	nan	4	0	0	nan	0.000000	nan
OTU_2308_18S_3_200	ENV_NO2	4	nan	0.223077	nan	nan	nan	nan	nan	3	1	0	nan	0.000000	nan
OTU_682_18S_3_200	ENV_NO2	3	nan	0.327079	nan	nan	nan	nan	nan	0	3	0	nan	0.000000	nan
ASV_424_16S_022_3	ENV_NO2	4	nan	0.384841	nan	nan	nan	nan	nan	1	3	0	nan	0.000000	nan
OTU_889_18S_3_200	ENV_NO2	3	nan	0.320892	nan	nan	nan	nan	nan	0	3	0	nan	0.000000	nan
OTU_2758_18S_3_200	ENV_NO2	1	nan	0.341500	nan	nan	nan	nan	nan	0	1	0	nan	0.000000	nan
ASV_1201_16S_3_200	ENV_NO2	2	nan	0.247301	nan	nan	nan	nan	nan	1	1	0	nan	0.000000	nan
ASV_1127_16S_022_3	ENV_NO2	4	nan	0.263130	nan	nan	nan	nan	nan	0	4	0	nan	0.000000	nan
ASV_36_16S_022_3	ENV_NO2	3	nan	0.371612	nan	nan	nan	nan	nan	1	1	1	nan	0.000000	nan
ASV_425_16S_022_3	ENV_NO2	3	nan	0.552080	nan	nan	nan	nan	nan	1	2	0	nan	0.000000	nan
ASV_1367_16S_022_3	ENV_NO2	3	nan	0.537922	nan	nan	nan	nan	nan	0	3	0	nan	0.000000	nan
OTU_1230_18S_022_3	ENV_NO2	2	nan	0.312254	nan	nan	nan	nan	nan	2	0	0	nan	0.000000	nan
ASV_722_16S_022_3	ENV_NO2	3	nan	0.459860	nan	nan	nan	nan	nan	3	0	0	nan	0.000000	nan
ASV_470_16S_022_3	ENV_NO2	1	nan	0.301024	nan	nan	nan	nan	nan	1	0	0	nan	0.000000	nan
ASV_533_16S_022_3	ENV_NO2	4	nan	0.659041	nan	nan	nan	nan	nan	0	4	0	nan	0.000000	nan
ASV_63_16S_022_3	ENV_NO2	2	nan	0.158147	nan	nan	nan	nan	nan	2	0	0	nan	0.000000	nan
ASV_917_16S_022_3	ENV_NO2	5	nan	0.404982	nan	nan	nan	nan	nan	1	4	0	nan	0.000000	nan
ASV_824_16S_022_3	ENV_NO2	5	nan	0.251870	nan	nan	nan	nan	nan	2	3	0	nan	0.000000	nan
ASV_1331_16S_022_3	ENV_NO2	5	nan	0.388103	nan	nan	nan	nan	nan	4	1	0	nan	0.000000	nan
ASV_1235_16S_022_3	ENV_NO2	2	nan	0.346801	nan	nan	nan	nan	nan	1	1	0	nan	0.000000	nan
OTU_6834_18S_022_3	ENV_NO2	2	nan	0.146397	nan	nan	nan	nan	nan	2	0	0	nan	0.000000	nan
OTU_248_18S_022_3	ENV_NO2	2	nan	0.373567	nan	nan	nan	nan	nan	0	2	0	nan	0.000000	nan
ASV_1411_16S_022_3	ENV_NO2	4	nan	0.395085	nan	nan	nan	nan	nan	3	1	0	nan	0.000000	nan
OTU_162_18S_3_200	ENV_NO2	1	nan	0.322533	nan	nan	nan	nan	nan	0	1	0	nan	0.000000	nan
OTU_217_18S_022_3	ENV_NO2	2	nan	0.290839	nan	nan	nan	nan	nan	2	0	0	nan	0.000000	nan
OTU_2040_18S_022_3	ENV_NO2	4	nan	0.223077	nan	nan	nan	nan	nan	1	3	0	nan	0.000000	nan
ASV_50_16S_022_3	ENV_NO2	3	nan	0.544232	nan	nan	nan	nan	nan	0	1	2	nan	0.000000	nan
ASV_1551_16S_022_3	ENV_NO2	6	nan	0.275463	nan	nan	nan	nan	nan	2	4	0	nan	0.000000	nan
OTU_1404_18S_022_3	ENV_NO2	3	nan	0.236027	nan	nan	nan	nan	nan	0	3	0	nan	0.000000	nan
ASV_641_16S_022_3	ENV_NO2	3	nan	0.606754	nan	nan	nan	nan	nan	0	3	0	nan	0.000000	nan
OTU_1557_18S_022_3	ENV_NO2	3	nan	0.134660	nan	nan	nan	nan	nan	3	0	0	nan	0.000000	nan
ASV_181_16S_022_3	ENV_NO2	1	nan	0.398253	nan	nan	nan	nan	nan	0	0	1	nan	0.000000	nan
ASV_1335_16S_022_3	ENV_NO2	5	nan	0.241328	nan	nan	nan	nan	nan	4	1	0	nan	0.000000	nan
ASV_1171_16S_022_3	ENV_NO2	3	nan	0.510227	nan	nan	nan	nan	nan	0	3	0	nan	0.000000	nan
ASV_1215_16S_022_3	ENV_NO2	4	nan	0.297265	nan	nan	nan	nan	nan	2	2	0	nan	0.000000	nan
ASV_1210_16S_022_3	ENV_NO2	4	nan	0.378668	nan	nan	nan	nan	nan	4	0	0	nan	0.000000	nan
ASV_218_16S_022_3	ENV_NO2	3	nan	0.442866	nan	nan	nan	nan	nan	0	3	0	nan	0.000000	nan
ASV_431_16S_022_3	ENV_NO2	3	nan	0.469428	nan	nan	nan	nan	nan	0	3	0	nan	0.000000	nan
ASV_904_16S_3_200	ENV_NO2	4	nan	0.161222	nan	nan	nan	nan	nan	2	2	0	nan	0.000000	nan
ASV_18_16S_022_3	ENV_NO2	1	nan	0.471770	nan	nan	nan	nan	nan	0	0	1	nan	0.000000	nan
OTU_1304_18S_3_200	ENV_NO2	4	nan	0.348050	nan	nan	nan	nan	nan	0	4	0	nan	0.000000	nan
ASV_276_16S_022_3	ENV_NO2	2	nan	0.236027	nan	nan	nan	nan	nan	2	0	0	nan	0.000000	nan
ASV_1317_16S_022_3	ENV_NO2	5	nan	0.380544	nan	nan	nan	nan	nan	4	1	0	nan	0.000000	nan
ASV_595_16S_022_3	ENV_NO2	2	nan	0.239502	nan	nan	nan	nan	nan	1	1	0	nan	0.000000	nan
ASV_64_16S_022_3	ENV_NO2	2	nan	0.264478	nan	nan	nan	nan	nan	1	1	0	nan	0.000000	nan
OTU_858_18S_3_200	ENV_NO2	2	nan	0.474773	nan	nan	nan	nan	nan	0	2	0	nan	0.000000	nan
ASV_490_16S_022_3	ENV_NO2	4	nan	0.475519	nan	nan	nan	nan	nan	2	2	0	nan	0.000000	nan
OTU_453_18S_3_200	ENV_NO2	2	nan	0.386233	nan	nan	nan	nan	nan	0	2	0	nan	0.000000	nan
OTU_291_18S_3_200	ENV_NO2	2	nan	0.440649	nan	nan	nan	nan	nan	1	1	0	nan	0.000000	nan
ASV_1645_16S_022_3	ENV_NO2	3	nan	0.310841	nan	nan	nan	nan	nan	1	2	0	nan	0.000000	nan
OTU_1984_18S_022_3	ENV_NO2	2	nan	0.158147	nan	nan	nan	nan	nan	2	0	0	nan	0.000000	nan
OTU_101_18S_3_200	ENV_NO2	4	nan	0.377411	nan	nan	nan	nan	nan	1	3	0	nan	0.000000	nan
ASV_930_16S_022_3	ENV_NO2	3	nan	0.550663	nan	nan	nan	nan	nan	1	2	0	nan	0.000000	nan
ASV_133_16S_3_200	ENV_NO2	2	nan	0.176986	nan	nan	nan	nan	nan	2	0	0	nan	0.000000	nan
OTU_1607_18S_3_200	ENV_NO2	2	nan	0.333230	nan	nan	nan	nan	nan	1	0	1	nan	0.000000	nan
ASV_1686_16S_022_3	ENV_NO2	3	nan	0.460024	nan	nan	nan	nan	nan	1	2	0	nan	0.000000	nan
ASV_101_16S_3_200	ENV_NO2	3	nan	0.247301	nan	nan	nan	nan	nan	2	1	0	nan	0.000000	nan
ASV_1406_16S_022_3	ENV_NO2	3	nan	0.223077	nan	nan	nan	nan	nan	2	1	0	nan	0.000000	nan
ASV_180_16S_022_3	ENV_NO2	2	nan	0.283475	nan	nan	nan	nan	nan	2	0	0	nan	0.000000	nan
ASV_1855_16S_022_3	ENV_NO2	4	nan	0.376167	nan	nan	nan	nan	nan	1	3	0	nan	0.000000	nan
ASV_104_16S_022_3	ENV_NO2	1	nan	0.422691	nan	nan	nan	nan	nan	0	0	1	nan	0.000000	nan
OTU_1346_18S_3_200	ENV_NO2	2	nan	0.416256	nan	nan	nan	nan	nan	0	2	0	nan	0.000000	nan
ASV_2014_16S_022_3	ENV_NO2	2	nan	0.316813	nan	nan	nan	nan	nan	2	0	0	nan	0.000000	nan
ASV_651_16S_022_3	ENV_NO2	2	nan	0.393877	nan	nan	nan	nan	nan	1	1	0	nan	0.000000	nan
ASV_166_16S_022_3	ENV_NO2	2	nan	0.189538	nan	nan	nan	nan	nan	2	0	0	nan	0.000000	nan
OTU_1761_18S_022_3	ENV_NO2	2	nan	0.201275	nan	nan	nan	nan	nan	2	0	0	nan	0.000000	nan
ASV_322_16S_022_3	ENV_NO2	3	nan	0.289039	nan	nan	nan	nan	nan	2	1	0	nan	0.000000	nan
ASV_1777_16S_022_3	ENV_NO2	3	nan	0.392196	nan	nan	nan	nan	nan	3	0	0	nan	0.000000	nan
ASV_600_16S_022_3	ENV_NO2	5	nan	0.273672	nan	nan	nan	nan	nan	3	2	0	nan	0.000000	nan
OTU_1376_18S_022_3	ENV_NO2	1	nan	0.230068	nan	nan	nan	nan	nan	0	1	0	nan	0.000000	nan
ASV_2079_16S_022_3	ENV_NO2	4	nan	0.354365	nan	nan	nan	nan	nan	3	0	1	nan	0.000000	nan
ASV_369_16S_022_3	ENV_NO2	3	nan	0.533704	nan	nan	nan	nan	nan	0	3	0	nan	0.000000	nan
ASV_1644_16S_022_3	ENV_NO2	3	nan	0.263130	nan	nan	nan	nan	nan	1	2	0	nan	0.000000	nan
OTU_2150_18S_022_3	ENV_NO2	2	nan	0.236027	nan	nan	nan	nan	nan	1	1	0	nan	0.000000	nan
OTU_1275_18S_022_3	ENV_NO2	1	nan	0.231864	nan	nan	nan	nan	nan	1	0	0	nan	0.000000	nan
ASV_599_16S_022_3	ENV_NO2	4	nan	0.416504	nan	nan	nan	nan	nan	1	3	0	nan	0.000000	nan
ASV_1087_16S_022_3	ENV_NO2	3	nan	0.368603	nan	nan	nan	nan	nan	2	1	0	nan	0.000000	nan
ASV_68_16S_022_3	ENV_NO2	2	nan	0.430583	nan	nan	nan	nan	nan	2	0	0	nan	0.000000	nan
ASV_1125_16S_022_3	ENV_NO2	3	nan	0.449958	nan	nan	nan	nan	nan	2	1	0	nan	0.000000	nan
ASV_150_16S_022_3	ENV_NO2	1	nan	0.494114	nan	nan	nan	nan	nan	0	1	0	nan	0.000000	nan
ASV_1491_16S_022_3	ENV_NO2	3	nan	0.568372	nan	nan	nan	nan	nan	0	2	1	nan	0.000000	nan
ASV_379_16S_022_3	ENV_NO2	2	nan	0.356246	nan	nan	nan	nan	nan	1	1	0	nan	0.000000	nan
ASV_1037_16S_022_3	ENV_NO2	3	nan	0.557675	nan	nan	nan	nan	nan	2	1	0	nan	0.000000	nan
OTU_378_18S_022_3	ENV_NO2	2	nan	0.131159	nan	nan	nan	nan	nan	2	0	0	nan	0.000000	nan
OTU_95_18S_022_3	ENV_NO2	2	nan	0.484546	nan	nan	nan	nan	nan	0	1	1	nan	0.000000	nan
ASV_754_16S_022_3	ENV_NO2	3	nan	0.354649	nan	nan	nan	nan	nan	3	0	0	nan	0.000000	nan
ASV_1498_16S_022_3	ENV_NO2	3	nan	0.569241	nan	nan	nan	nan	nan	0	3	0	nan	0.000000	nan
ASV_547_16S_022_3	ENV_NO2	2	nan	0.647474	nan	nan	nan	nan	nan	0	2	0	nan	0.000000	nan
ASV_540_16S_022_3	ENV_NO2	4	nan	0.519123	nan	nan	nan	nan	nan	4	0	0	nan	0.000000	nan
ASV_1632_16S_022_3	ENV_NO2	4	nan	0.239502	nan	nan	nan	nan	nan	4	0	0	nan	0.000000	nan
OTU_2590_18S_3_200	ENV_NO2	4	nan	0.300154	nan	nan	nan	nan	nan	0	4	0	nan	0.000000	nan
ASV_2030_16S_022_3	ENV_NO2	4	nan	0.351481	nan	nan	nan	nan	nan	3	1	0	nan	0.000000	nan
ASV_136_16S_022_3	ENV_NO2	2	nan	0.332101	nan	nan	nan	nan	nan	2	0	0	nan	0.000000	nan
OTU_1111_18S_022_3	ENV_NO2	3	nan	0.369190	nan	nan	nan	nan	nan	0	3	0	nan	0.000000	nan
OTU_382_18S_3_200	ENV_NO2	2	nan	0.447626	nan	nan	nan	nan	nan	0	2	0	nan	0.000000	nan
ASV_1516_16S_022_3	ENV_NO2	2	nan	0.426365	nan	nan	nan	nan	nan	1	1	0	nan	0.000000	nan
ASV_2057_16S_022_3	ENV_NO2	2	nan	0.388103	nan	nan	nan	nan	nan	1	1	0	nan	0.000000	nan
ASV_192_16S_3_200	ENV_NO2	3	nan	0.507557	nan	nan	nan	nan	nan	1	2	0	nan	0.000000	nan
ASV_154_16S_022_3	ENV_NO2	4	nan	0.555083	nan	nan	nan	nan	nan	0	4	0	nan	0.000000	nan
ASV_910_16S_022_3	ENV_NO2	4	nan	0.181362	nan	nan	nan	nan	nan	4	0	0	nan	0.000000	nan
ASV_1593_16S_022_3	ENV_NO2	7	nan	0.263130	nan	nan	nan	nan	nan	3	4	0	nan	0.000000	nan
ASV_2032_16S_3_200	ENV_NO2	2	nan	0.393877	nan	nan	nan	nan	nan	0	2	0	nan	0.000000	nan
OTU_422_18S_3_200	ENV_NO2	5	nan	0.309757	nan	nan	nan	nan	nan	3	2	0	nan	0.000000	nan
ASV_1631_16S_022_3	ENV_NO2	4	nan	0.388720	nan	nan	nan	nan	nan	1	2	1	nan	0.000000	nan
ASV_467_16S_3_200	ENV_NO2	2	nan	0.446879	nan	nan	nan	nan	nan	0	2	0	nan	0.000000	nan
OTU_652_18S_022_3	ENV_NO2	1	nan	0.356787	nan	nan	nan	nan	nan	1	0	0	nan	0.000000	nan
ASV_2127_16S_022_3	ENV_NO2	4	nan	0.378668	nan	nan	nan	nan	nan	2	2	0	nan	0.000000	nan
ASV_488_16S_3_200	ENV_NO2	1	nan	0.389863	nan	nan	nan	nan	nan	0	1	0	nan	0.000000	nan
ASV_95_16S_022_3	ENV_NO2	2	nan	0.376451	nan	nan	nan	nan	nan	0	0	2	nan	0.000000	nan
ASV_1565_16S_022_3	ENV_NO2	3	nan	0.394702	nan	nan	nan	nan	nan	2	1	0	nan	0.000000	nan
OTU_1298_18S_022_3	ENV_NO2	1	nan	0.290288	nan	nan	nan	nan	nan	0	1	0	nan	0.000000	nan
OTU_817_18S_3_200	ENV_NO2	3	nan	0.312254	nan	nan	nan	nan	nan	2	1	0	nan	0.000000	nan
OTU_24_18S_022_3	ENV_NO2	4	nan	0.203164	nan	nan	nan	nan	nan	3	1	0	nan	0.000000	nan
ASV_1534_16S_022_3	ENV_NO2	3	nan	0.443995	nan	nan	nan	nan	nan	0	3	0	nan	0.000000	nan
OTU_707_18S_022_3	ENV_NO2	2	nan	0.290839	nan	nan	nan	nan	nan	0	2	0	nan	0.000000	nan
OTU_2214_18S_022_3	ENV_NO2	2	nan	0.247301	nan	nan	nan	nan	nan	1	1	0	nan	0.000000	nan
OTU_1834_18S_022_3	ENV_NO2	3	nan	0.199449	nan	nan	nan	nan	nan	2	1	0	nan	0.000000	nan
ASV_1753_16S_022_3	ENV_NO2	2	nan	0.358494	nan	nan	nan	nan	nan	1	1	0	nan	0.000000	nan
OTU_2712_18S_3_200	ENV_NO2	1	nan	0.319698	nan	nan	nan	nan	nan	1	0	0	nan	0.000000	nan
ASV_26_16S_022_3	ENV_NO2	2	nan	0.512569	nan	nan	nan	nan	nan	0	2	0	nan	0.000000	nan
ASV_1117_16S_022_3	ENV_NO2	2	nan	0.627348	nan	nan	nan	nan	nan	2	0	0	nan	0.000000	nan
ASV_1727_16S_022_3	ENV_NO2	2	nan	0.257212	nan	nan	nan	nan	nan	1	1	0	nan	0.000000	nan
ASV_525_16S_022_3	ENV_NO2	2	nan	0.451256	nan	nan	nan	nan	nan	0	2	0	nan	0.000000	nan
OTU_1432_18S_022_3	ENV_NO2	2	nan	0.174102	nan	nan	nan	nan	nan	1	1	0	nan	0.000000	nan
OTU_28_18S_022_3	ENV_NO2	3	nan	0.260927	nan	nan	nan	nan	nan	1	1	1	nan	0.000000	nan
ASV_1147_16S_022_3	ENV_NO2	4	nan	0.332101	nan	nan	nan	nan	nan	2	2	0	nan	0.000000	nan
OTU_177_18S_022_3	ENV_NO2	1	nan	0.201876	nan	nan	nan	nan	nan	1	0	0	nan	0.000000	nan
ASV_1481_16S_022_3	ENV_NO2	5	nan	0.290288	nan	nan	nan	nan	nan	4	1	0	nan	0.000000	nan
OTU_60_18S_022_3	ENV_NO2	4	nan	0.255744	nan	nan	nan	nan	nan	3	1	0	nan	0.000000	nan
ASV_1173_16S_022_3	ENV_NO2	2	nan	0.600240	nan	nan	nan	nan	nan	0	2	0	nan	0.000000	nan
OTU_268_18S_022_3	ENV_NO2	2	nan	0.394454	nan	nan	nan	nan	nan	1	1	0	nan	0.000000	nan
OTU_183_18S_022_3	ENV_NO2	2	nan	0.269579	nan	nan	nan	nan	nan	2	0	0	nan	0.000000	nan
OTU_182_18S_022_3	ENV_NO2	3	nan	0.362879	nan	nan	nan	nan	nan	1	2	0	nan	0.000000	nan
ASV_744_16S_022_3	ENV_NO2	3	nan	0.431045	nan	nan	nan	nan	nan	1	2	0	nan	0.000000	nan
OTU_489_18S_022_3	ENV_NO2	3	nan	0.385771	nan	nan	nan	nan	nan	2	1	0	nan	0.000000	nan
ASV_1107_16S_022_3	ENV_NO2	5	nan	0.624463	nan	nan	nan	nan	nan	0	3	2	nan	0.000000	nan
ASV_630_16S_3_200	ENV_NO2	4	nan	0.206795	nan	nan	nan	nan	nan	3	0	1	nan	0.000000	nan
ASV_111_16S_022_3	ENV_NO2	2	nan	0.397507	nan	nan	nan	nan	nan	0	0	2	nan	0.000000	nan
ASV_1108_16S_022_3	ENV_NO2	4	nan	0.546570	nan	nan	nan	nan	nan	0	4	0	nan	0.000000	nan
ASV_703_16S_022_3	ENV_NO2	1	nan	0.425282	nan	nan	nan	nan	nan	1	0	0	nan	0.000000	nan
ASV_1524_16S_3_200	ENV_NO2	3	nan	0.183566	nan	nan	nan	nan	nan	3	0	0	nan	0.000000	nan
OTU_2017_18S_3_200	ENV_NO2	2	nan	0.231864	nan	nan	nan	nan	nan	1	1	0	nan	0.000000	nan
ASV_814_16S_022_3	ENV_NO2	2	nan	0.423685	nan	nan	nan	nan	nan	1	1	0	nan	0.000000	nan
OTU_2020_18S_3_200	ENV_NO2	3	nan	0.201275	nan	nan	nan	nan	nan	2	1	0	nan	0.000000	nan
OTU_872_18S_022_3	ENV_NO2	2	nan	0.158147	nan	nan	nan	nan	nan	2	0	0	nan	0.000000	nan
ASV_1795_16S_022_3	ENV_NO2	3	nan	0.297265	nan	nan	nan	nan	nan	2	1	0	nan	0.000000	nan
ASV_455_16S_022_3	ENV_NO2	4	nan	0.628556	nan	nan	nan	nan	nan	0	4	0	nan	0.000000	nan
OTU_1999_18S_3_200	ENV_NO2	2	nan	0.237712	nan	nan	nan	nan	nan	1	1	0	nan	0.000000	nan
OTU_144_18S_022_3	ENV_NO2	3	nan	0.205302	nan	nan	nan	nan	nan	3	0	0	nan	0.000000	nan
OTU_613_18S_3_200	ENV_NO2	3	nan	0.318689	nan	nan	nan	nan	nan	1	2	0	nan	0.000000	nan
ASV_335_16S_022_3	ENV_NO2	3	nan	0.494860	nan	nan	nan	nan	nan	1	2	0	nan	0.000000	nan
OTU_222_18S_022_3	ENV_NO2	2	nan	0.332847	nan	nan	nan	nan	nan	1	1	0	nan	0.000000	nan
ASV_234_16S_022_3	ENV_NO2	2	nan	0.542015	nan	nan	nan	nan	nan	1	1	0	nan	0.000000	nan
OTU_100_18S_022_3	ENV_NO2	3	nan	0.347388	nan	nan	nan	nan	nan	2	1	0	nan	0.000000	nan
OTU_714_18S_022_3	ENV_NO2	3	nan	0.231864	nan	nan	nan	nan	nan	1	2	0	nan	0.000000	nan
OTU_2532_18S_3_200	ENV_NO2	6	nan	0.217700	nan	nan	nan	nan	nan	6	0	0	nan	0.000000	nan
OTU_350_18S_022_3	ENV_NO2	4	nan	0.227104	nan	nan	nan	nan	nan	2	2	0	nan	0.000000	nan
OTU_1536_18S_3_200	ENV_NO2	2	nan	0.340207	nan	nan	nan	nan	nan	0	2	0	nan	0.000000	nan
ASV_872_16S_022_3	ENV_NO2	3	nan	0.263130	nan	nan	nan	nan	nan	2	1	0	nan	0.000000	nan
ASV_1707_16S_022_3	ENV_NO2	5	nan	0.436431	nan	nan	nan	nan	nan	2	3	0	nan	0.000000	nan
OTU_887_18S_022_3	ENV_NO2	3	nan	0.416340	nan	nan	nan	nan	nan	0	3	0	nan	0.000000	nan
ASV_101_16S_022_3	ENV_NO2	3	nan	0.404021	nan	nan	nan	nan	nan	2	1	0	nan	0.000000	nan
OTU_588_18S_3_200	ENV_NO2	1	nan	0.214601	nan	nan	nan	nan	nan	1	0	0	nan	0.000000	nan
OTU_1413_18S_022_3	ENV_NO2	3	nan	0.223077	nan	nan	nan	nan	nan	0	3	0	nan	0.000000	nan
ASV_429_16S_022_3	ENV_NO2	2	nan	0.355316	nan	nan	nan	nan	nan	2	0	0	nan	0.000000	nan
ASV_1076_16S_022_3	ENV_NO2	3	nan	0.342833	nan	nan	nan	nan	nan	1	2	0	nan	0.000000	nan
OTU_146_18S_022_3	ENV_NO2	1	nan	0.390609	nan	nan	nan	nan	nan	0	1	0	nan	0.000000	nan
OTU_342_18S_022_3	ENV_NO2	2	nan	0.380296	nan	nan	nan	nan	nan	1	1	0	nan	0.000000	nan
ASV_654_16S_022_3	ENV_NO2	2	nan	0.405274	nan	nan	nan	nan	nan	2	0	0	nan	0.000000	nan
OTU_128_18S_022_3	ENV_NO2	1	nan	0.470174	nan	nan	nan	nan	nan	0	1	0	nan	0.000000	nan
ASV_364_16S_022_3	ENV_NO2	1	nan	0.275085	nan	nan	nan	nan	nan	0	1	0	nan	0.000000	nan
OTU_419_18S_3_200	ENV_NO2	5	nan	0.263563	nan	nan	nan	nan	nan	4	1	0	nan	0.000000	nan
OTU_2489_18S_3_200	ENV_NO2	5	nan	0.364510	nan	nan	nan	nan	nan	2	3	0	nan	0.000000	nan
OTU_436_18S_022_3	ENV_NO2	4	nan	0.210346	nan	nan	nan	nan	nan	3	1	0	nan	0.000000	nan
OTU_622_18S_3_200	ENV_NO2	5	nan	0.392196	nan	nan	nan	nan	nan	2	3	0	nan	0.000000	nan
OTU_507_18S_022_3	ENV_NO2	1	nan	0.309757	nan	nan	nan	nan	nan	0	1	0	nan	0.000000	nan
OTU_539_18S_3_200	ENV_NO2	2	nan	0.330892	nan	nan	nan	nan	nan	0	2	0	nan	0.000000	nan
ASV_1851_16S_022_3	ENV_NO2	3	nan	0.240133	nan	nan	nan	nan	nan	1	2	0	nan	0.000000	nan
ASV_51_16S_3_200	ENV_NO2	1	nan	0.177647	nan	nan	nan	nan	nan	0	1	0	nan	0.000000	nan
OTU_327_18S_022_3	ENV_NO2	3	nan	0.223077	nan	nan	nan	nan	nan	1	2	0	nan	0.000000	nan
ASV_1043_16S_022_3	ENV_NO2	6	nan	0.275463	nan	nan	nan	nan	nan	3	3	0	nan	0.000000	nan
OTU_619_18S_022_3	ENV_NO2	1	nan	0.306748	nan	nan	nan	nan	nan	1	0	0	nan	0.000000	nan
OTU_825_18S_022_3	ENV_NO2	2	nan	0.295211	nan	nan	nan	nan	nan	1	1	0	nan	0.000000	nan
ASV_134_16S_3_200	ENV_NO2	4	nan	0.413664	nan	nan	nan	nan	nan	2	2	0	nan	0.000000	nan
ASV_23_16S_022_3	ENV_NO2	5	nan	0.310299	nan	nan	nan	nan	nan	2	3	0	nan	0.000000	nan
ASV_1801_16S_022_3	ENV_NO2	2	nan	0.447084	nan	nan	nan	nan	nan	2	0	0	nan	0.000000	nan
ASV_1366_16S_022_3	ENV_NO2	3	nan	0.388103	nan	nan	nan	nan	nan	1	2	0	nan	0.000000	nan
OTU_1075_18S_022_3	ENV_NO2	3	nan	0.189538	nan	nan	nan	nan	nan	0	3	0	nan	0.000000	nan
ASV_1265_16S_022_3	ENV_NO2	4	nan	0.368603	nan	nan	nan	nan	nan	3	1	0	nan	0.000000	nan
ASV_253_16S_022_3	ENV_NO2	3	nan	0.479493	nan	nan	nan	nan	nan	1	2	0	nan	0.000000	nan
ASV_1397_16S_022_3	ENV_NO2	5	nan	0.121711	nan	nan	nan	nan	nan	5	0	0	nan	0.000000	nan
OTU_158_18S_022_3	ENV_NO2	2	nan	0.358494	nan	nan	nan	nan	nan	1	1	0	nan	0.000000	nan
OTU_243_18S_022_3	ENV_NO2	2	nan	0.267824	nan	nan	nan	nan	nan	2	0	0	nan	0.000000	nan
ASV_680_16S_022_3	ENV_NO2	2	nan	0.477733	nan	nan	nan	nan	nan	1	1	0	nan	0.000000	nan
OTU_270_18S_022_3	ENV_NO2	2	nan	0.449332	nan	nan	nan	nan	nan	0	2	0	nan	0.000000	nan
ASV_517_16S_022_3	ENV_NO2	3	nan	0.488345	nan	nan	nan	nan	nan	1	2	0	nan	0.000000	nan
ASV_1055_16S_022_3	ENV_NO2	4	nan	0.472391	nan	nan	nan	nan	nan	0	3	1	nan	0.000000	nan
OTU_2512_18S_3_200	ENV_NO2	4	nan	0.179473	nan	nan	nan	nan	nan	3	1	0	nan	0.000000	nan
OTU_940_18S_022_3	ENV_NO2	2	nan	0.247301	nan	nan	nan	nan	nan	1	1	0	nan	0.000000	nan
OTU_2823_18S_022_3	ENV_NO2	2	nan	0.273209	nan	nan	nan	nan	nan	1	1	0	nan	0.000000	nan
OTU_574_18S_022_3	ENV_NO2	3	nan	0.239502	nan	nan	nan	nan	nan	1	2	0	nan	0.000000	nan
ASV_505_16S_022_3	ENV_NO2	2	nan	0.537718	nan	nan	nan	nan	nan	0	0	2	nan	0.000000	nan
ASV_83_16S_022_3	ENV_NO2	3	nan	0.389863	nan	nan	nan	nan	nan	1	2	0	nan	0.000000	nan
ASV_575_16S_022_3	ENV_NO2	2	nan	0.272201	nan	nan	nan	nan	nan	0	2	0	nan	0.000000	nan
ASV_287_16S_022_3	ENV_NO2	2	nan	0.272579	nan	nan	nan	nan	nan	2	0	0	nan	0.000000	nan
ASV_478_16S_022_3	ENV_NO2	4	nan	0.481448	nan	nan	nan	nan	nan	1	3	0	nan	0.000000	nan
ASV_361_16S_022_3	ENV_NO2	3	nan	0.526648	nan	nan	nan	nan	nan	1	2	0	nan	0.000000	nan
OTU_413_18S_022_3	ENV_NO2	4	nan	0.263811	nan	nan	nan	nan	nan	4	0	0	nan	0.000000	nan
ASV_271_16S_022_3	ENV_NO2	3	nan	0.389863	nan	nan	nan	nan	nan	1	2	0	nan	0.000000	nan
OTU_335_18S_022_3	ENV_NO2	1	nan	0.230193	nan	nan	nan	nan	nan	1	0	0	nan	0.000000	nan
ASV_47_16S_022_3	ENV_NO2	3	nan	0.414549	nan	nan	nan	nan	nan	0	3	0	nan	0.000000	nan
ASV_289_16S_022_3	ENV_NO2	2	nan	0.411665	nan	nan	nan	nan	nan	0	1	1	nan	0.000000	nan
ASV_2009_16S_022_3	ENV_NO2	3	nan	0.284946	nan	nan	nan	nan	nan	1	2	0	nan	0.000000	nan
ASV_210_16S_022_3	ENV_NO2	3	nan	0.216035	nan	nan	nan	nan	nan	1	2	0	nan	0.000000	nan
ASV_54_16S_022_3	ENV_NO2	1	nan	0.416256	nan	nan	nan	nan	nan	0	1	0	nan	0.000000	nan
OTU_826_18S_022_3	ENV_NO2	2	nan	0.449580	nan	nan	nan	nan	nan	0	2	0	nan	0.000000	nan
OTU_393_18S_022_3	ENV_NO2	4	nan	0.353903	nan	nan	nan	nan	nan	3	1	0	nan	0.000000	nan
OTU_129_18S_022_3	ENV_NO2	1	nan	0.289626	nan	nan	nan	nan	nan	1	0	0	nan	0.000000	nan
OTU_698_18S_022_3	ENV_NO2	2	nan	0.310622	nan	nan	nan	nan	nan	1	1	0	nan	0.000000	nan
OTU_2018_18S_022_3	ENV_NO2	2	nan	0.190015	nan	nan	nan	nan	nan	2	0	0	nan	0.000000	nan
ASV_765_16S_022_3	ENV_NO2	2	nan	0.369022	nan	nan	nan	nan	nan	2	0	0	nan	0.000000	nan
ASV_1189_16S_022_3	ENV_NO2	2	nan	0.248986	nan	nan	nan	nan	nan	1	1	0	nan	0.000000	nan
ASV_176_16S_3_200	ENV_NO2	2	nan	0.306669	nan	nan	nan	nan	nan	1	0	1	nan	0.000000	nan
OTU_200_18S_022_3	ENV_NO2	3	nan	0.371612	nan	nan	nan	nan	nan	1	2	0	nan	0.000000	nan
OTU_1332_18S_022_3	ENV_NO2	3	nan	0.320350	nan	nan	nan	nan	nan	2	1	0	nan	0.000000	nan
OTU_1629_18S_022_3	ENV_NO2	2	nan	0.251870	nan	nan	nan	nan	nan	0	2	0	nan	0.000000	nan
ASV_1732_16S_022_3	ENV_NO2	2	nan	0.430583	nan	nan	nan	nan	nan	0	2	0	nan	0.000000	nan
OTU_660_18S_022_3	ENV_NO2	3	nan	0.474018	nan	nan	nan	nan	nan	0	3	0	nan	0.000000	nan
OTU_644_18S_022_3	ENV_NO2	3	nan	0.293789	nan	nan	nan	nan	nan	0	3	0	nan	0.000000	nan
OTU_716_18S_022_3	ENV_NO2	4	nan	0.275463	nan	nan	nan	nan	nan	1	3	0	nan	0.000000	nan
OTU_2848_18S_3_200	ENV_NO2	2	nan	0.290905	nan	nan	nan	nan	nan	0	2	0	nan	0.000000	nan
OTU_956_18S_022_3	ENV_NO2	3	nan	0.201275	nan	nan	nan	nan	nan	3	0	0	nan	0.000000	nan
OTU_653_18S_3_200	ENV_NO2	3	nan	0.343291	nan	nan	nan	nan	nan	2	1	0	nan	0.000000	nan
OTU_859_18S_3_200	ENV_NO2	3	nan	0.227184	nan	nan	nan	nan	nan	2	1	0	nan	0.000000	nan
OTU_148_18S_022_3	ENV_NO2	2	nan	0.194108	nan	nan	nan	nan	nan	1	1	0	nan	0.000000	nan
OTU_807_18S_022_3	ENV_NO2	3	nan	0.240786	nan	nan	nan	nan	nan	0	3	0	nan	0.000000	nan
ASV_1429_16S_022_3	ENV_NO2	3	nan	0.296141	nan	nan	nan	nan	nan	2	1	0	nan	0.000000	nan
ASV_84_16S_3_200	ENV_NO2	4	nan	0.302114	nan	nan	nan	nan	nan	0	4	0	nan	0.000000	nan
ASV_7_16S_022_3	ENV_NO2	4	nan	0.391195	nan	nan	nan	nan	nan	1	2	1	nan	0.000000	nan
OTU_166_18S_3_200	ENV_NO2	3	nan	0.375705	nan	nan	nan	nan	nan	1	1	1	nan	0.000000	nan
OTU_456_18S_022_3	ENV_NO2	3	nan	0.344335	nan	nan	nan	nan	nan	1	2	0	nan	0.000000	nan
OTU_547_18S_3_200	ENV_NO2	1	nan	0.262523	nan	nan	nan	nan	nan	1	0	0	nan	0.000000	nan
ASV_1028_16S_022_3	ENV_NO2	3	nan	0.368603	nan	nan	nan	nan	nan	2	1	0	nan	0.000000	nan
ASV_662_16S_3_200	ENV_NO2	4	nan	0.420055	nan	nan	nan	nan	nan	3	1	0	nan	0.000000	nan
OTU_445_18S_022_3	ENV_NO2	2	nan	0.459646	nan	nan	nan	nan	nan	0	1	1	nan	0.000000	nan
ASV_484_16S_022_3	ENV_NO2	1	nan	0.249652	nan	nan	nan	nan	nan	1	0	0	nan	0.000000	nan
OTU_1281_18S_022_3	ENV_NO2	2	nan	0.171212	nan	nan	nan	nan	nan	2	0	0	nan	0.000000	nan
OTU_3149_18S_022_3	ENV_NO2	1	nan	0.296802	nan	nan	nan	nan	nan	1	0	0	nan	0.000000	nan
OTU_1287_18S_022_3	ENV_NO2	1	nan	0.326248	nan	nan	nan	nan	nan	0	1	0	nan	0.000000	nan
OTU_514_18S_022_3	ENV_NO2	1	nan	0.152961	nan	nan	nan	nan	nan	1	0	0	nan	0.000000	nan
OTU_646_18S_022_3	ENV_NO2	1	nan	0.251870	nan	nan	nan	nan	nan	1	0	0	nan	0.000000	nan
ASV_769_16S_3_200	ENV_NO2	1	nan	0.293918	nan	nan	nan	nan	nan	1	0	0	nan	0.000000	nan
OTU_551_18S_022_3	ENV_NO2	4	nan	0.247301	nan	nan	nan	nan	nan	1	3	0	nan	0.000000	nan
ASV_957_16S_022_3	ENV_NO2	3	nan	0.516955	nan	nan	nan	nan	nan	1	2	0	nan	0.000000	nan
ASV_482_16S_022_3	ENV_NO2	2	nan	0.256088	nan	nan	nan	nan	nan	1	1	0	nan	0.000000	nan
OTU_232_18S_3_200	ENV_NO2	5	nan	0.362208	nan	nan	nan	nan	nan	2	2	1	nan	0.000000	nan
OTU_12_18S_3_200	ENV_NO2	2	nan	0.190015	nan	nan	nan	nan	nan	2	0	0	nan	0.000000	nan
ASV_235_16S_022_3	ENV_NO2	3	nan	0.471849	nan	nan	nan	nan	nan	1	2	0	nan	0.000000	nan
OTU_1606_18S_022_3	ENV_NO2	3	nan	0.247301	nan	nan	nan	nan	nan	2	1	0	nan	0.000000	nan
OTU_799_18S_022_3	ENV_NO2	1	nan	0.202334	nan	nan	nan	nan	nan	0	1	0	nan	0.000000	nan
OTU_39_18S_022_3	ENV_NO2	2	nan	0.476609	nan	nan	nan	nan	nan	1	1	0	nan	0.000000	nan
OTU_561_18S_022_3	ENV_NO2	2	nan	0.214225	nan	nan	nan	nan	nan	2	0	0	nan	0.000000	nan
OTU_2680_18S_022_3	ENV_NO2	3	nan	0.262588	nan	nan	nan	nan	nan	1	2	0	nan	0.000000	nan
ASV_317_16S_022_3	ENV_NO2	3	nan	0.556173	nan	nan	nan	nan	nan	2	1	0	nan	0.000000	nan
OTU_641_18S_3_200	ENV_NO2	3	nan	0.272579	nan	nan	nan	nan	nan	3	0	0	nan	0.000000	nan
OTU_455_18S_022_3	ENV_NO2	2	nan	0.262588	nan	nan	nan	nan	nan	2	0	0	nan	0.000000	nan
ASV_501_16S_022_3	ENV_NO2	4	nan	0.272579	nan	nan	nan	nan	nan	2	2	0	nan	0.000000	nan
OTU_1139_18S_022_3	ENV_NO2	4	nan	0.210062	nan	nan	nan	nan	nan	4	0	0	nan	0.000000	nan
ASV_363_16S_022_3	ENV_NO2	4	nan	0.251393	nan	nan	nan	nan	nan	4	0	0	nan	0.000000	nan
ASV_1458_16S_022_3	ENV_NO2	4	nan	0.214816	nan	nan	nan	nan	nan	4	0	0	nan	0.000000	nan
OTU_3068_18S_3_200	ENV_NO2	2	nan	0.236027	nan	nan	nan	nan	nan	1	1	0	nan	0.000000	nan
ASV_132_16S_022_3	ENV_NO2	3	nan	0.339745	nan	nan	nan	nan	nan	2	1	0	nan	0.000000	nan
OTU_1010_18S_022_3	ENV_NO2	2	nan	0.146397	nan	nan	nan	nan	nan	1	1	0	nan	0.000000	nan
ASV_1401_16S_022_3	ENV_NO2	6	nan	0.223077	nan	nan	nan	nan	nan	3	3	0	nan	0.000000	nan
ASV_6_16S_022_3	ENV_NO2	5	nan	0.248986	nan	nan	nan	nan	nan	2	2	1	nan	0.000000	nan
OTU_287_18S_022_3	ENV_NO2	2	nan	0.345037	nan	nan	nan	nan	nan	0	2	0	nan	0.000000	nan
ASV_2093_16S_022_3	ENV_NO2	5	nan	0.342694	nan	nan	nan	nan	nan	4	1	0	nan	0.000000	nan
OTU_3733_18S_022_3	ENV_NO2	1	nan	0.235410	nan	nan	nan	nan	nan	1	0	0	nan	0.000000	nan
OTU_733_18S_022_3	ENV_NO2	2	nan	0.262588	nan	nan	nan	nan	nan	2	0	0	nan	0.000000	nan
OTU_58_18S_022_3	ENV_NO2	3	nan	0.289457	nan	nan	nan	nan	nan	0	3	0	nan	0.000000	nan
OTU_1266_18S_3_200	ENV_NO2	4	nan	0.198788	nan	nan	nan	nan	nan	4	0	0	nan	0.000000	nan
OTU_999_18S_022_3	ENV_NO2	1	nan	0.312254	nan	nan	nan	nan	nan	0	1	0	nan	0.000000	nan
OTU_1245_18S_3_200	ENV_NO2	2	nan	0.216407	nan	nan	nan	nan	nan	0	2	0	nan	0.000000	nan
ASV_621_16S_022_3	ENV_NO2	2	nan	0.248986	nan	nan	nan	nan	nan	2	0	0	nan	0.000000	nan
OTU_1111_18S_3_200	ENV_NO2	3	nan	0.290288	nan	nan	nan	nan	nan	1	2	0	nan	0.000000	nan
ASV_430_16S_022_3	ENV_NO2	2	nan	0.332101	nan	nan	nan	nan	nan	2	0	0	nan	0.000000	nan
OTU_466_18S_022_3	ENV_NO2	3	nan	0.263563	nan	nan	nan	nan	nan	2	1	0	nan	0.000000	nan
ASV_799_16S_022_3	ENV_NO2	3	nan	0.183566	nan	nan	nan	nan	nan	2	1	0	nan	0.000000	nan
OTU_398_18S_3_200	ENV_NO2	3	nan	0.320350	nan	nan	nan	nan	nan	3	0	0	nan	0.000000	nan
OTU_241_18S_022_3	ENV_NO2	2	nan	0.194233	nan	nan	nan	nan	nan	2	0	0	nan	0.000000	nan
ASV_357_16S_022_3	ENV_NO2	3	nan	0.312641	nan	nan	nan	nan	nan	1	2	0	nan	0.000000	nan
ASV_787_16S_3_200	ENV_NO2	3	nan	0.290452	nan	nan	nan	nan	nan	3	0	0	nan	0.000000	nan
ASV_1769_16S_022_3	ENV_NO2	3	nan	0.373283	nan	nan	nan	nan	nan	2	1	0	nan	0.000000	nan
ASV_1858_16S_022_3	ENV_NO2	3	nan	0.241328	nan	nan	nan	nan	nan	3	0	0	nan	0.000000	nan
OTU_655_18S_022_3	ENV_NO2	2	nan	0.190015	nan	nan	nan	nan	nan	2	0	0	nan	0.000000	nan
ASV_332_16S_022_3	ENV_NO2	4	nan	0.443533	nan	nan	nan	nan	nan	2	2	0	nan	0.000000	nan
ASV_1062_16S_022_3	ENV_NO2	3	nan	0.248986	nan	nan	nan	nan	nan	3	0	0	nan	0.000000	nan
ASV_412_16S_3_200	ENV_NO2	1	nan	0.533281	nan	nan	nan	nan	nan	0	1	0	nan	0.000000	nan
OTU_577_18S_022_3	ENV_NO2	4	nan	0.207178	nan	nan	nan	nan	nan	2	2	0	nan	0.000000	nan
ASV_1379_16S_022_3	ENV_NO2	2	nan	0.339745	nan	nan	nan	nan	nan	1	1	0	nan	0.000000	nan
ASV_1748_16S_022_3	ENV_NO2	5	nan	0.507720	nan	nan	nan	nan	nan	2	3	0	nan	0.000000	nan
OTU_1210_18S_022_3	ENV_NO2	3	nan	0.312090	nan	nan	nan	nan	nan	1	2	0	nan	0.000000	nan
ASV_578_16S_022_3	ENV_NO2	2	nan	0.333433	nan	nan	nan	nan	nan	1	1	0	nan	0.000000	nan
OTU_26_18S_022_3	ENV_NO2	2	nan	0.393414	nan	nan	nan	nan	nan	1	0	1	nan	0.000000	nan
ASV_300_16S_022_3	ENV_NO2	4	nan	0.629685	nan	nan	nan	nan	nan	0	2	2	nan	0.000000	nan
OTU_338_18S_022_3	ENV_NO2	2	nan	0.217706	nan	nan	nan	nan	nan	1	1	0	nan	0.000000	nan
ASV_928_16S_022_3	ENV_NO2	4	nan	0.376167	nan	nan	nan	nan	nan	2	2	0	nan	0.000000	nan
ASV_462_16S_3_200	ENV_NO2	2	nan	0.623453	nan	nan	nan	nan	nan	0	1	1	nan	0.000000	nan
ASV_462_16S_022_3	ENV_NO2	3	nan	0.425077	nan	nan	nan	nan	nan	1	2	0	nan	0.000000	nan
OTU_767_18S_3_200	ENV_NO2	4	nan	0.404982	nan	nan	nan	nan	nan	2	2	0	nan	0.000000	nan
OTU_5822_18S_3_200	ENV_NO2	4	nan	0.211340	nan	nan	nan	nan	nan	4	0	0	nan	0.000000	nan
OTU_6_18S_022_3	ENV_NO2	2	nan	0.373567	nan	nan	nan	nan	nan	1	0	1	nan	0.000000	nan
OTU_268_18S_3_200	ENV_NO2	3	nan	0.419140	nan	nan	nan	nan	nan	0	3	0	nan	0.000000	nan
OTU_535_18S_022_3	ENV_NO2	3	nan	0.250787	nan	nan	nan	nan	nan	3	0	0	nan	0.000000	nan
OTU_2088_18S_3_200	ENV_NO2	3	nan	0.336114	nan	nan	nan	nan	nan	0	3	0	nan	0.000000	nan
ASV_2085_16S_022_3	ENV_NO2	4	nan	0.205368	nan	nan	nan	nan	nan	4	0	0	nan	0.000000	nan
OTU_1262_18S_022_3	ENV_NO2	3	nan	0.199449	nan	nan	nan	nan	nan	3	0	0	nan	0.000000	nan
ASV_84_16S_022_3	ENV_NO2	2	nan	0.273130	nan	nan	nan	nan	nan	2	0	0	nan	0.000000	nan
OTU_3210_18S_3_200	ENV_NO2	4	nan	0.249568	nan	nan	nan	nan	nan	3	1	0	nan	0.000000	nan
OTU_2297_18S_022_3	ENV_NO2	3	nan	0.278352	nan	nan	nan	nan	nan	0	3	0	nan	0.000000	nan
ASV_986_16S_022_3	ENV_NO2	1	nan	0.214225	nan	nan	nan	nan	nan	1	0	0	nan	0.000000	nan
ASV_1734_16S_022_3	ENV_NO2	4	nan	0.143513	nan	nan	nan	nan	nan	2	2	0	nan	0.000000	nan
ASV_1394_16S_022_3	ENV_NO2	5	nan	0.289039	nan	nan	nan	nan	nan	4	1	0	nan	0.000000	nan
ASV_13_16S_022_3	ENV_NO2	5	nan	0.466543	nan	nan	nan	nan	nan	1	2	2	nan	0.000000	nan
OTU_1024_18S_022_3	ENV_NO2	6	nan	0.223077	nan	nan	nan	nan	nan	3	3	0	nan	0.000000	nan
OTU_87_18S_022_3	ENV_NO2	2	nan	0.308375	nan	nan	nan	nan	nan	1	1	0	nan	0.000000	nan
ASV_1328_16S_022_3	ENV_NO2	2	nan	0.356787	nan	nan	nan	nan	nan	0	2	0	nan	0.000000	nan
OTU_402_18S_022_3	ENV_NO2	1	nan	0.205800	nan	nan	nan	nan	nan	1	0	0	nan	0.000000	nan
OTU_1573_18S_022_3	ENV_NO2	2	nan	0.201275	nan	nan	nan	nan	nan	1	1	0	nan	0.000000	nan
OTU_920_18S_022_3	ENV_NO2	2	nan	0.229512	nan	nan	nan	nan	nan	2	0	0	nan	0.000000	nan
ASV_1382_16S_022_3	ENV_NO2	4	nan	0.389863	nan	nan	nan	nan	nan	1	2	1	nan	0.000000	nan
OTU_910_18S_022_3	ENV_NO2	3	nan	0.241328	nan	nan	nan	nan	nan	2	1	0	nan	0.000000	nan
OTU_1647_18S_022_3	ENV_NO2	2	nan	0.193645	nan	nan	nan	nan	nan	2	0	0	nan	0.000000	nan
ASV_1697_16S_022_3	ENV_NO2	4	nan	0.310841	nan	nan	nan	nan	nan	2	2	0	nan	0.000000	nan
OTU_977_18S_022_3	ENV_NO2	2	nan	0.201275	nan	nan	nan	nan	nan	2	0	0	nan	0.000000	nan
OTU_1386_18S_022_3	ENV_NO2	3	nan	0.377460	nan	nan	nan	nan	nan	0	3	0	nan	0.000000	nan
ASV_1869_16S_022_3	ENV_NO2	4	nan	0.388720	nan	nan	nan	nan	nan	1	3	0	nan	0.000000	nan
OTU_131_18S_3_200	ENV_NO2	1	nan	0.310299	nan	nan	nan	nan	nan	1	0	0	nan	0.000000	nan
ASV_1215_16S_3_200	ENV_NO2	4	nan	0.337328	nan	nan	nan	nan	nan	0	4	0	nan	0.000000	nan
OTU_3190_18S_3_200	ENV_NO2	3	nan	0.320892	nan	nan	nan	nan	nan	2	1	0	nan	0.000000	nan
OTU_3774_18S_3_200	ENV_NO2	2	nan	0.398999	nan	nan	nan	nan	nan	0	2	0	nan	0.000000	nan
OTU_1707_18S_022_3	ENV_NO2	3	nan	0.223077	nan	nan	nan	nan	nan	3	0	0	nan	0.000000	nan
OTU_911_18S_3_200	ENV_NO2	6	nan	0.279565	nan	nan	nan	nan	nan	2	4	0	nan	0.000000	nan
OTU_498_18S_3_200	ENV_NO2	4	nan	0.320827	nan	nan	nan	nan	nan	3	1	0	nan	0.000000	nan
OTU_1094_18S_022_3	ENV_NO2	3	nan	0.167736	nan	nan	nan	nan	nan	2	1	0	nan	0.000000	nan
OTU_310_18S_022_3	ENV_NO2	2	nan	0.238876	nan	nan	nan	nan	nan	1	1	0	nan	0.000000	nan
ASV_515_16S_022_3	ENV_NO2	3	nan	0.398253	nan	nan	nan	nan	nan	1	2	0	nan	0.000000	nan
ASV_1145_16S_022_3	ENV_NO2	2	nan	0.434129	nan	nan	nan	nan	nan	0	2	0	nan	0.000000	nan
ASV_31_16S_022_3	ENV_NO2	1	nan	0.504846	nan	nan	nan	nan	nan	0	1	0	nan	0.000000	nan
ASV_59_16S_022_3	ENV_NO2	1	nan	0.168199	nan	nan	nan	nan	nan	1	0	0	nan	0.000000	nan
OTU_50_18S_022_3	ENV_NO2	6	nan	0.309837	nan	nan	nan	nan	nan	3	3	0	nan	0.000000	nan
OTU_766_18S_022_3	ENV_NO2	2	nan	0.407573	nan	nan	nan	nan	nan	1	1	0	nan	0.000000	nan
OTU_829_18S_3_200	ENV_NO2	3	nan	0.431045	nan	nan	nan	nan	nan	1	2	0	nan	0.000000	nan
ASV_1563_16S_022_3	ENV_NO2	4	nan	0.340207	nan	nan	nan	nan	nan	3	1	0	nan	0.000000	nan
OTU_1891_18S_022_3	ENV_NO2	1	nan	0.269579	nan	nan	nan	nan	nan	0	1	0	nan	0.000000	nan
OTU_249_18S_3_200	ENV_NO2	6	nan	0.214225	nan	nan	nan	nan	nan	5	1	0	nan	0.000000	nan
OTU_558_18S_022_3	ENV_NO2	5	nan	0.208391	nan	nan	nan	nan	nan	3	2	0	nan	0.000000	nan
ASV_156_16S_022_3	ENV_NO2	4	nan	0.250115	nan	nan	nan	nan	nan	3	1	0	nan	0.000000	nan
OTU_191_18S_022_3	ENV_NO2	3	nan	0.368061	nan	nan	nan	nan	nan	0	3	0	nan	0.000000	nan
ASV_153_16S_022_3	ENV_NO2	3	nan	0.299025	nan	nan	nan	nan	nan	2	1	0	nan	0.000000	nan
ASV_1490_16S_022_3	ENV_NO2	3	nan	0.337328	nan	nan	nan	nan	nan	2	1	0	nan	0.000000	nan
ASV_89_16S_022_3	ENV_NO2	5	nan	0.535580	nan	nan	nan	nan	nan	0	3	2	nan	0.000000	nan
ASV_2083_16S_022_3	ENV_NO2	3	nan	0.446482	nan	nan	nan	nan	nan	0	2	1	nan	0.000000	nan
OTU_1485_18S_022_3	ENV_NO2	3	nan	0.283853	nan	nan	nan	nan	nan	0	3	0	nan	0.000000	nan
OTU_214_18S_022_3	ENV_NO2	3	nan	0.167736	nan	nan	nan	nan	nan	3	0	0	nan	0.000000	nan
OTU_611_18S_022_3	ENV_NO2	1	nan	0.215910	nan	nan	nan	nan	nan	1	0	0	nan	0.000000	nan
ASV_553_16S_022_3	ENV_NO2	4	nan	0.420055	nan	nan	nan	nan	nan	2	2	0	nan	0.000000	nan
OTU_511_18S_022_3	ENV_NO2	2	nan	0.331434	nan	nan	nan	nan	nan	0	2	0	nan	0.000000	nan
ASV_871_16S_022_3	ENV_NO2	5	nan	0.435889	nan	nan	nan	nan	nan	2	3	0	nan	0.000000	nan
ASV_37_16S_022_3	ENV_NO2	1	nan	0.210724	nan	nan	nan	nan	nan	1	0	0	nan	0.000000	nan
ASV_53_16S_022_3	ENV_NO2	3	nan	0.369937	nan	nan	nan	nan	nan	3	0	0	nan	0.000000	nan
OTU_2179_18S_3_200	ENV_NO2	3	nan	0.240133	nan	nan	nan	nan	nan	2	1	0	nan	0.000000	nan
ASV_643_16S_022_3	ENV_NO2	4	nan	0.330341	nan	nan	nan	nan	nan	2	2	0	nan	0.000000	nan
ASV_1374_16S_022_3	ENV_NO2	4	nan	0.462744	nan	nan	nan	nan	nan	2	2	0	nan	0.000000	nan
OTU_1449_18S_022_3	ENV_NO2	1	nan	0.214225	nan	nan	nan	nan	nan	0	1	0	nan	0.000000	nan
ASV_610_16S_3_200	ENV_NO2	3	nan	0.262588	nan	nan	nan	nan	nan	2	1	0	nan	0.000000	nan
OTU_1334_18S_022_3	ENV_NO2	2	nan	0.268486	nan	nan	nan	nan	nan	0	2	0	nan	0.000000	nan
OTU_1509_18S_022_3	ENV_NO2	2	nan	0.271987	nan	nan	nan	nan	nan	1	1	0	nan	0.000000	nan
OTU_582_18S_022_3	ENV_NO2	3	nan	0.398999	nan	nan	nan	nan	nan	0	3	0	nan	0.000000	nan
ASV_958_16S_022_3	ENV_NO2	3	nan	0.378668	nan	nan	nan	nan	nan	2	1	0	nan	0.000000	nan
OTU_145_18S_022_3	ENV_NO2	2	nan	0.250399	nan	nan	nan	nan	nan	1	1	0	nan	0.000000	nan
OTU_2105_18S_022_3	ENV_NO2	3	nan	0.249404	nan	nan	nan	nan	nan	2	1	0	nan	0.000000	nan
OTU_1924_18S_3_200	ENV_NO2	4	nan	0.392206	nan	nan	nan	nan	nan	2	2	0	nan	0.000000	nan
OTU_676_18S_022_3	ENV_NO2	2	nan	0.247301	nan	nan	nan	nan	nan	0	2	0	nan	0.000000	nan
ASV_1560_16S_022_3	ENV_NO2	3	nan	0.351765	nan	nan	nan	nan	nan	3	0	0	nan	0.000000	nan
OTU_2878_18S_022_3	ENV_NO2	3	nan	0.320350	nan	nan	nan	nan	nan	3	0	0	nan	0.000000	nan
ASV_932_16S_3_200	ENV_NO2	5	nan	0.230735	nan	nan	nan	nan	nan	4	1	0	nan	0.000000	nan
OTU_1285_18S_022_3	ENV_NO2	5	nan	0.316813	nan	nan	nan	nan	nan	1	3	1	nan	0.000000	nan
OTU_839_18S_3_200	ENV_NO2	4	nan	0.280839	nan	nan	nan	nan	nan	2	2	0	nan	0.000000	nan
OTU_2876_18S_3_200	ENV_NO2	4	nan	0.230068	nan	nan	nan	nan	nan	2	2	0	nan	0.000000	nan
ASV_453_16S_022_3	ENV_NO2	3	nan	0.459646	nan	nan	nan	nan	nan	1	2	0	nan	0.000000	nan
OTU_1743_18S_022_3	ENV_NO2	1	nan	0.292510	nan	nan	nan	nan	nan	0	1	0	nan	0.000000	nan
ASV_128_16S_022_3	ENV_NO2	3	nan	0.508939	nan	nan	nan	nan	nan	0	2	1	nan	0.000000	nan
OTU_1362_18S_022_3	ENV_NO2	3	nan	0.156462	nan	nan	nan	nan	nan	2	1	0	nan	0.000000	nan
ASV_413_16S_022_3	ENV_NO2	4	nan	0.504458	nan	nan	nan	nan	nan	0	4	0	nan	0.000000	nan
ASV_297_16S_3_200	ENV_NO2	2	nan	0.292048	nan	nan	nan	nan	nan	1	1	0	nan	0.000000	nan
OTU_743_18S_022_3	ENV_NO2	1	nan	0.293789	nan	nan	nan	nan	nan	0	1	0	nan	0.000000	nan
OTU_1077_18S_022_3	ENV_NO2	5	nan	0.230068	nan	nan	nan	nan	nan	3	2	0	nan	0.000000	nan
OTU_1594_18S_022_3	ENV_NO2	3	nan	0.194108	nan	nan	nan	nan	nan	3	0	0	nan	0.000000	nan
ASV_622_16S_022_3	ENV_NO2	4	nan	0.355858	nan	nan	nan	nan	nan	2	2	0	nan	0.000000	nan
OTU_831_18S_022_3	ENV_NO2	2	nan	0.278352	nan	nan	nan	nan	nan	0	2	0	nan	0.000000	nan
OTU_9_18S_022_3	ENV_NO2	1	nan	0.280430	nan	nan	nan	nan	nan	0	1	0	nan	0.000000	nan
OTU_2133_18S_022_3	ENV_NO2	3	nan	0.345037	nan	nan	nan	nan	nan	0	3	0	nan	0.000000	nan
OTU_2466_18S_3_200	ENV_NO2	3	nan	0.287274	nan	nan	nan	nan	nan	1	2	0	nan	0.000000	nan
OTU_1613_18S_022_3	ENV_NO2	1	nan	0.168328	nan	nan	nan	nan	nan	1	0	0	nan	0.000000	nan
ASV_1049_16S_022_3	ENV_NO2	2	nan	0.493184	nan	nan	nan	nan	nan	1	1	0	nan	0.000000	nan
ASV_224_16S_022_3	ENV_NO2	2	nan	0.458651	nan	nan	nan	nan	nan	1	1	0	nan	0.000000	nan
OTU_390_18S_3_200	ENV_NO2	3	nan	0.158147	nan	nan	nan	nan	nan	2	1	0	nan	0.000000	nan
OTU_1905_18S_022_3	ENV_NO2	2	nan	0.320350	nan	nan	nan	nan	nan	1	1	0	nan	0.000000	nan
ASV_1250_16S_022_3	ENV_NO2	4	nan	0.482840	nan	nan	nan	nan	nan	0	4	0	nan	0.000000	nan
OTU_2035_18S_022_3	ENV_NO2	4	nan	0.320350	nan	nan	nan	nan	nan	1	3	0	nan	0.000000	nan
OTU_5407_18S_3_200	ENV_NO2	5	nan	0.293789	nan	nan	nan	nan	nan	3	2	0	nan	0.000000	nan
ASV_337_16S_022_3	ENV_NO2	2	nan	0.302655	nan	nan	nan	nan	nan	2	0	0	nan	0.000000	nan
OTU_260_18S_022_3	ENV_NO2	2	nan	0.225961	nan	nan	nan	nan	nan	1	1	0	nan	0.000000	nan
OTU_677_18S_022_3	ENV_NO2	1	nan	0.168199	nan	nan	nan	nan	nan	0	1	0	nan	0.000000	nan
OTU_3342_18S_3_200	ENV_NO2	3	nan	0.370404	nan	nan	nan	nan	nan	0	3	0	nan	0.000000	nan
OTU_847_18S_022_3	ENV_NO2	3	nan	0.201275	nan	nan	nan	nan	nan	1	2	0	nan	0.000000	nan
OTU_2856_18S_022_3	ENV_NO2	3	nan	0.156462	nan	nan	nan	nan	nan	3	0	0	nan	0.000000	nan
ASV_1201_16S_022_3	ENV_NO2	4	nan	0.262588	nan	nan	nan	nan	nan	3	1	0	nan	0.000000	nan
OTU_2626_18S_022_3	ENV_NO2	1	nan	0.225961	nan	nan	nan	nan	nan	1	0	0	nan	0.000000	nan
OTU_1545_18S_022_3	ENV_NO2	4	nan	0.324457	nan	nan	nan	nan	nan	0	4	0	nan	0.000000	nan
OTU_1154_18S_022_3	ENV_NO2	2	nan	0.184246	nan	nan	nan	nan	nan	2	0	0	nan	0.000000	nan
ASV_290_16S_022_3	ENV_NO2	2	nan	0.455269	nan	nan	nan	nan	nan	2	0	0	nan	0.000000	nan
OTU_877_18S_022_3	ENV_NO2	2	nan	0.386233	nan	nan	nan	nan	nan	0	0	2	nan	0.000000	nan
ASV_1825_16S_022_3	ENV_NO2	3	nan	0.376829	nan	nan	nan	nan	nan	1	2	0	nan	0.000000	nan
ASV_66_16S_3_200	ENV_NO2	4	nan	0.494860	nan	nan	nan	nan	nan	2	1	1	nan	0.000000	nan
OTU_78_18S_022_3	ENV_NO2	1	nan	0.472516	nan	nan	nan	nan	nan	0	0	1	nan	0.000000	nan
ASV_337_16S_3_200	ENV_NO2	3	nan	0.610847	nan	nan	nan	nan	nan	1	0	2	nan	0.000000	nan
ASV_2185_16S_022_3	ENV_NO2	4	nan	0.284946	nan	nan	nan	nan	nan	1	2	1	nan	0.000000	nan
OTU_1561_18S_022_3	ENV_NO2	3	nan	0.261304	nan	nan	nan	nan	nan	2	1	0	nan	0.000000	nan
OTU_2576_18S_022_3	ENV_NO2	2	nan	0.320350	nan	nan	nan	nan	nan	0	2	0	nan	0.000000	nan
OTU_2176_18S_022_3	ENV_NO2	1	nan	0.214225	nan	nan	nan	nan	nan	0	1	0	nan	0.000000	nan
OTU_2919_18S_022_3	ENV_NO2	2	nan	0.259051	nan	nan	nan	nan	nan	1	1	0	nan	0.000000	nan
ASV_26_16S_3_200	ENV_NO2	1	nan	0.425282	nan	nan	nan	nan	nan	1	0	0	nan	0.000000	nan
ASV_185_16S_022_3	ENV_NO2	4	nan	0.531949	nan	nan	nan	nan	nan	2	0	2	nan	0.000000	nan
OTU_2375_18S_022_3	ENV_NO2	2	nan	0.211817	nan	nan	nan	nan	nan	1	1	0	nan	0.000000	nan
ASV_298_16S_022_3	ENV_NO2	4	nan	0.100510	nan	nan	nan	nan	nan	4	0	0	nan	0.000000	nan
ASV_384_16S_022_3	ENV_NO2	2	nan	0.219461	nan	nan	nan	nan	nan	1	1	0	nan	0.000000	nan
OTU_2750_18S_3_200	ENV_NO2	7	nan	0.366839	nan	nan	nan	nan	nan	4	3	0	nan	0.000000	nan
ASV_1728_16S_022_3	ENV_NO2	2	nan	0.378794	nan	nan	nan	nan	nan	0	2	0	nan	0.000000	nan
OTU_152_18S_3_200	ENV_NO2	1	nan	0.277969	nan	nan	nan	nan	nan	0	1	0	nan	0.000000	nan
ASV_561_16S_022_3	ENV_NO2	4	nan	0.450833	nan	nan	nan	nan	nan	1	3	0	nan	0.000000	nan
OTU_2656_18S_022_3	ENV_NO2	2	nan	0.392747	nan	nan	nan	nan	nan	1	0	1	nan	0.000000	nan
ASV_918_16S_022_3	ENV_NO2	3	nan	0.266153	nan	nan	nan	nan	nan	3	0	0	nan	0.000000	nan
OTU_1106_18S_3_200	ENV_NO2	4	nan	0.214225	nan	nan	nan	nan	nan	3	1	0	nan	0.000000	nan
ASV_1566_16S_022_3	ENV_NO2	2	nan	0.232526	nan	nan	nan	nan	nan	1	1	0	nan	0.000000	nan
ASV_85_16S_022_3	ENV_NO2	1	nan	0.286742	nan	nan	nan	nan	nan	1	0	0	nan	0.000000	nan
OTU_1014_18S_022_3	ENV_NO2	4	nan	0.122391	nan	nan	nan	nan	nan	4	0	0	nan	0.000000	nan
ASV_631_16S_022_3	ENV_NO2	2	nan	0.289626	nan	nan	nan	nan	nan	2	0	0	nan	0.000000	nan
ASV_737_16S_022_3	ENV_NO2	2	nan	0.394702	nan	nan	nan	nan	nan	1	1	0	nan	0.000000	nan
ASV_431_16S_3_200	ENV_NO2	4	nan	0.453717	nan	nan	nan	nan	nan	2	0	2	nan	0.000000	nan
ASV_113_16S_3_200	ENV_NO2	2	nan	0.236240	nan	nan	nan	nan	nan	0	2	0	nan	0.000000	nan
OTU_563_18S_022_3	ENV_NO2	2	nan	0.261304	nan	nan	nan	nan	nan	0	2	0	nan	0.000000	nan
OTU_788_18S_022_3	ENV_NO2	2	nan	0.291381	nan	nan	nan	nan	nan	1	1	0	nan	0.000000	nan
ASV_479_16S_022_3	ENV_NO2	3	nan	0.680550	nan	nan	nan	nan	nan	0	2	1	nan	0.000000	nan
ASV_725_16S_022_3	ENV_NO2	4	nan	0.376167	nan	nan	nan	nan	nan	2	2	0	nan	0.000000	nan
OTU_985_18S_022_3	ENV_NO2	3	nan	0.280839	nan	nan	nan	nan	nan	1	2	0	nan	0.000000	nan
ASV_976_16S_022_3	ENV_NO2	1	nan	0.425282	nan	nan	nan	nan	nan	0	1	0	nan	0.000000	nan
ASV_216_16S_3_200	ENV_NO2	2	nan	0.418101	nan	nan	nan	nan	nan	1	1	0	nan	0.000000	nan
ASV_563_16S_022_3	ENV_NO2	2	nan	0.520506	nan	nan	nan	nan	nan	2	0	0	nan	0.000000	nan
ASV_1058_16S_022_3	ENV_NO2	3	nan	0.352774	nan	nan	nan	nan	nan	2	1	0	nan	0.000000	nan
OTU_384_18S_022_3	ENV_NO2	4	nan	0.310299	nan	nan	nan	nan	nan	2	2	0	nan	0.000000	nan
OTU_1961_18S_022_3	ENV_NO2	2	nan	0.383349	nan	nan	nan	nan	nan	1	1	0	nan	0.000000	nan
ASV_1687_16S_022_3	ENV_NO2	2	nan	0.407573	nan	nan	nan	nan	nan	1	0	1	nan	0.000000	nan
OTU_419_18S_022_3	ENV_NO2	3	nan	0.329963	nan	nan	nan	nan	nan	0	3	0	nan	0.000000	nan
ASV_140_16S_3_200	ENV_NO2	5	nan	0.212946	nan	nan	nan	nan	nan	4	1	0	nan	0.000000	nan
ASV_392_16S_022_3	ENV_NO2	2	nan	0.435466	nan	nan	nan	nan	nan	1	1	0	nan	0.000000	nan
ASV_537_16S_022_3	ENV_NO2	2	nan	0.290372	nan	nan	nan	nan	nan	2	0	0	nan	0.000000	nan
OTU_1290_18S_3_200	ENV_NO2	3	nan	0.220590	nan	nan	nan	nan	nan	3	0	0	nan	0.000000	nan
OTU_866_18S_022_3	ENV_NO2	6	nan	0.236027	nan	nan	nan	nan	nan	4	2	0	nan	0.000000	nan
ASV_274_16S_3_200	ENV_NO2	4	nan	0.420055	nan	nan	nan	nan	nan	0	4	0	nan	0.000000	nan
ASV_282_16S_022_3	ENV_NO2	2	nan	0.448834	nan	nan	nan	nan	nan	1	1	0	nan	0.000000	nan
ASV_390_16S_3_200	ENV_NO2	4	nan	0.279222	nan	nan	nan	nan	nan	4	0	0	nan	0.000000	nan
ASV_175_16S_022_3	ENV_NO2	3	nan	0.559057	nan	nan	nan	nan	nan	1	2	0	nan	0.000000	nan
ASV_890_16S_022_3	ENV_NO2	3	nan	0.296639	nan	nan	nan	nan	nan	3	0	0	nan	0.000000	nan
ASV_664_16S_022_3	ENV_NO2	1	nan	0.346259	nan	nan	nan	nan	nan	1	0	0	nan	0.000000	nan
ASV_466_16S_022_3	ENV_NO2	4	nan	0.386979	nan	nan	nan	nan	nan	0	4	0	nan	0.000000	nan
OTU_138_18S_3_200	ENV_NO2	1	nan	0.220590	nan	nan	nan	nan	nan	1	0	0	nan	0.000000	nan
OTU_1142_18S_022_3	ENV_NO2	6	nan	0.225961	nan	nan	nan	nan	nan	0	6	0	nan	0.000000	nan
OTU_345_18S_022_3	ENV_NO2	4	nan	0.417464	nan	nan	nan	nan	nan	0	3	1	nan	0.000000	nan
ASV_805_16S_022_3	ENV_NO2	2	nan	0.537718	nan	nan	nan	nan	nan	0	2	0	nan	0.000000	nan
ASV_1254_16S_022_3	ENV_NO2	2	nan	0.359125	nan	nan	nan	nan	nan	0	2	0	nan	0.000000	nan
OTU_671_18S_022_3	ENV_NO2	2	nan	0.370404	nan	nan	nan	nan	nan	1	1	0	nan	0.000000	nan
ASV_1523_16S_022_3	ENV_NO2	3	nan	0.404021	nan	nan	nan	nan	nan	0	3	0	nan	0.000000	nan
OTU_2005_18S_3_200	ENV_NO2	4	nan	0.354365	nan	nan	nan	nan	nan	4	0	0	nan	0.000000	nan
ASV_414_16S_022_3	ENV_NO2	3	nan	0.529359	nan	nan	nan	nan	nan	1	1	1	nan	0.000000	nan
ASV_1578_16S_022_3	ENV_NO2	1	nan	0.290905	nan	nan	nan	nan	nan	0	1	0	nan	0.000000	nan
OTU_2812_18S_3_200	ENV_NO2	3	nan	0.319698	nan	nan	nan	nan	nan	1	2	0	nan	0.000000	nan
ASV_570_16S_022_3	ENV_NO2	1	nan	0.533704	nan	nan	nan	nan	nan	0	1	0	nan	0.000000	nan
ASV_1587_16S_022_3	ENV_NO2	6	nan	0.174102	nan	nan	nan	nan	nan	6	0	0	nan	0.000000	nan
ASV_1584_16S_022_3	ENV_NO2	3	nan	0.462913	nan	nan	nan	nan	nan	0	3	0	nan	0.000000	nan
ASV_878_16S_022_3	ENV_NO2	5	nan	0.550946	nan	nan	nan	nan	nan	0	4	1	nan	0.000000	nan
OTU_1216_18S_022_3	ENV_NO2	2	nan	0.309632	nan	nan	nan	nan	nan	1	1	0	nan	0.000000	nan
ASV_1322_16S_022_3	ENV_NO2	2	nan	0.316813	nan	nan	nan	nan	nan	2	0	0	nan	0.000000	nan
OTU_610_18S_3_200	ENV_NO2	4	nan	0.306748	nan	nan	nan	nan	nan	1	3	0	nan	0.000000	nan
ASV_235_16S_3_200	ENV_NO2	3	nan	0.425824	nan	nan	nan	nan	nan	1	2	0	nan	0.000000	nan
ASV_476_16S_022_3	ENV_NO2	3	nan	0.519004	nan	nan	nan	nan	nan	1	2	0	nan	0.000000	nan
ASV_260_16S_022_3	ENV_NO2	3	nan	0.439982	nan	nan	nan	nan	nan	0	3	0	nan	0.000000	nan
OTU_662_18S_022_3	ENV_NO2	3	nan	0.151170	nan	nan	nan	nan	nan	3	0	0	nan	0.000000	nan
ASV_233_16S_022_3	ENV_NO2	3	nan	0.478403	nan	nan	nan	nan	nan	2	1	0	nan	0.000000	nan
OTU_3811_18S_3_200	ENV_NO2	3	nan	0.236027	nan	nan	nan	nan	nan	2	1	0	nan	0.000000	nan
ASV_228_16S_022_3	ENV_NO2	1	nan	0.308539	nan	nan	nan	nan	nan	0	1	0	nan	0.000000	nan
ASV_812_16S_3_200	ENV_NO2	1	nan	0.484715	nan	nan	nan	nan	nan	0	1	0	nan	0.000000	nan
OTU_2135_18S_022_3	ENV_NO2	4	nan	0.444074	nan	nan	nan	nan	nan	0	3	1	nan	0.000000	nan
OTU_732_18S_022_3	ENV_NO2	1	nan	0.284932	nan	nan	nan	nan	nan	0	1	0	nan	0.000000	nan
OTU_2867_18S_3_200	ENV_NO2	3	nan	0.225961	nan	nan	nan	nan	nan	2	1	0	nan	0.000000	nan
ASV_334_16S_022_3	ENV_NO2	2	nan	0.546108	nan	nan	nan	nan	nan	1	1	0	nan	0.000000	nan
OTU_2383_18S_022_3	ENV_NO2	2	nan	0.304446	nan	nan	nan	nan	nan	0	2	0	nan	0.000000	nan
OTU_32_18S_3_200	ENV_NO2	1	nan	0.388103	nan	nan	nan	nan	nan	0	1	0	nan	0.000000	nan
ASV_499_16S_022_3	ENV_NO2	3	nan	0.426570	nan	nan	nan	nan	nan	2	1	0	nan	0.000000	nan
ASV_673_16S_022_3	ENV_NO2	3	nan	0.498873	nan	nan	nan	nan	nan	0	1	2	nan	0.000000	nan
OTU_1219_18S_3_200	ENV_NO2	5	nan	0.168199	nan	nan	nan	nan	nan	4	1	0	nan	0.000000	nan
OTU_4934_18S_3_200	ENV_NO2	4	nan	0.324457	nan	nan	nan	nan	nan	0	4	0	nan	0.000000	nan
OTU_680_18S_3_200	ENV_NO2	3	nan	0.368603	nan	nan	nan	nan	nan	2	1	0	nan	0.000000	nan
OTU_4302_18S_022_3	ENV_NO2	3	nan	0.284390	nan	nan	nan	nan	nan	3	0	0	nan	0.000000	nan
ASV_449_16S_022_3	ENV_NO2	3	nan	0.432259	nan	nan	nan	nan	nan	0	2	1	nan	0.000000	nan
ASV_513_16S_022_3	ENV_NO2	3	nan	0.618774	nan	nan	nan	nan	nan	0	1	2	nan	0.000000	nan
OTU_430_18S_3_200	ENV_NO2	5	nan	0.272579	nan	nan	nan	nan	nan	4	1	0	nan	0.000000	nan
ASV_797_16S_022_3	ENV_NO2	2	nan	0.617486	nan	nan	nan	nan	nan	1	1	0	nan	0.000000	nan
OTU_267_18S_022_3	ENV_NO2	2	nan	0.317943	nan	nan	nan	nan	nan	1	1	0	nan	0.000000	nan
OTU_1123_18S_3_200	ENV_NO2	4	nan	0.426953	nan	nan	nan	nan	nan	1	3	0	nan	0.000000	nan
OTU_1940_18S_022_3	ENV_NO2	2	nan	0.193014	nan	nan	nan	nan	nan	1	1	0	nan	0.000000	nan
OTU_1828_18S_022_3	ENV_NO2	1	nan	0.260096	nan	nan	nan	nan	nan	0	1	0	nan	0.000000	nan
OTU_1798_18S_3_200	ENV_NO2	3	nan	0.236618	nan	nan	nan	nan	nan	3	0	0	nan	0.000000	nan
OTU_1263_18S_022_3	ENV_NO2	4	nan	0.242392	nan	nan	nan	nan	nan	3	1	0	nan	0.000000	nan
ASV_847_16S_022_3	ENV_NO2	3	nan	0.328008	nan	nan	nan	nan	nan	2	1	0	nan	0.000000	nan
OTU_1893_18S_022_3	ENV_NO2	3	nan	0.205368	nan	nan	nan	nan	nan	3	0	0	nan	0.000000	nan
ASV_379_16S_3_200	ENV_NO2	2	nan	0.368603	nan	nan	nan	nan	nan	1	1	0	nan	0.000000	nan
ASV_434_16S_022_3	ENV_NO2	2	nan	0.308549	nan	nan	nan	nan	nan	2	0	0	nan	0.000000	nan
ASV_472_16S_022_3	ENV_NO2	3	nan	0.508939	nan	nan	nan	nan	nan	0	2	1	nan	0.000000	nan
OTU_362_18S_3_200	ENV_NO2	4	nan	0.438142	nan	nan	nan	nan	nan	0	4	0	nan	0.000000	nan
ASV_933_16S_022_3	ENV_NO2	3	nan	0.181740	nan	nan	nan	nan	nan	3	0	0	nan	0.000000	nan
ASV_542_16S_3_200	ENV_NO2	1	nan	0.207178	nan	nan	nan	nan	nan	1	0	0	nan	0.000000	nan
OTU_754_18S_022_3	ENV_NO2	3	nan	0.178194	nan	nan	nan	nan	nan	3	0	0	nan	0.000000	nan
ASV_413_16S_3_200	ENV_NO2	1	nan	0.388655	nan	nan	nan	nan	nan	0	1	0	nan	0.000000	nan
ASV_886_16S_022_3	ENV_NO2	3	nan	0.296887	nan	nan	nan	nan	nan	1	2	0	nan	0.000000	nan
OTU_1702_18S_3_200	ENV_NO2	2	nan	0.214225	nan	nan	nan	nan	nan	2	0	0	nan	0.000000	nan
OTU_363_18S_3_200	ENV_NO2	3	nan	0.221415	nan	nan	nan	nan	nan	3	0	0	nan	0.000000	nan
ASV_152_16S_022_3	ENV_NO2	1	nan	0.371612	nan	nan	nan	nan	nan	0	1	0	nan	0.000000	nan
OTU_2456_18S_3_200	ENV_NO2	3	nan	0.179473	nan	nan	nan	nan	nan	3	0	0	nan	0.000000	nan
OTU_292_18S_3_200	ENV_NO2	3	nan	0.399915	nan	nan	nan	nan	nan	1	0	2	nan	0.000000	nan
ASV_112_16S_022_3	ENV_NO2	2	nan	0.236027	nan	nan	nan	nan	nan	2	0	0	nan	0.000000	nan
OTU_1086_18S_022_3	ENV_NO2	2	nan	0.333230	nan	nan	nan	nan	nan	0	2	0	nan	0.000000	nan
ASV_1415_16S_022_3	ENV_NO2	1	nan	0.189538	nan	nan	nan	nan	nan	1	0	0	nan	0.000000	nan
OTU_613_18S_022_3	ENV_NO2	3	nan	0.287955	nan	nan	nan	nan	nan	3	0	0	nan	0.000000	nan
ASV_2023_16S_022_3	ENV_NO2	3	nan	0.275463	nan	nan	nan	nan	nan	1	2	0	nan	0.000000	nan
OTU_1836_18S_3_200	ENV_NO2	1	nan	0.280853	nan	nan	nan	nan	nan	1	0	0	nan	0.000000	nan
OTU_2160_18S_022_3	ENV_NO2	2	nan	0.152961	nan	nan	nan	nan	nan	2	0	0	nan	0.000000	nan
OTU_3213_18S_022_3	ENV_NO2	4	nan	0.156462	nan	nan	nan	nan	nan	3	1	0	nan	0.000000	nan
OTU_245_18S_3_200	ENV_NO2	2	nan	0.375705	nan	nan	nan	nan	nan	1	1	0	nan	0.000000	nan
OTU_313_18S_022_3	ENV_NO2	1	nan	0.287955	nan	nan	nan	nan	nan	1	0	0	nan	0.000000	nan
ASV_1643_16S_022_3	ENV_NO2	2	nan	0.358494	nan	nan	nan	nan	nan	1	0	1	nan	0.000000	nan
OTU_4003_18S_022_3	ENV_NO2	1	nan	0.280839	nan	nan	nan	nan	nan	0	1	0	nan	0.000000	nan
ASV_1716_16S_022_3	ENV_NO2	3	nan	0.414629	nan	nan	nan	nan	nan	1	2	0	nan	0.000000	nan
OTU_1762_18S_022_3	ENV_NO2	2	nan	0.259037	nan	nan	nan	nan	nan	2	0	0	nan	0.000000	nan
OTU_456_18S_3_200	ENV_NO2	3	nan	0.273797	nan	nan	nan	nan	nan	3	0	0	nan	0.000000	nan
ASV_1693_16S_022_3	ENV_NO2	2	nan	0.282644	nan	nan	nan	nan	nan	1	1	0	nan	0.000000	nan
OTU_469_18S_022_3	ENV_NO2	2	nan	0.307167	nan	nan	nan	nan	nan	0	2	0	nan	0.000000	nan
OTU_904_18S_3_200	ENV_NO2	2	nan	0.315526	nan	nan	nan	nan	nan	0	2	0	nan	0.000000	nan
OTU_1148_18S_3_200	ENV_NO2	5	nan	0.425282	nan	nan	nan	nan	nan	1	4	0	nan	0.000000	nan
OTU_2420_18S_022_3	ENV_NO2	2	nan	0.201275	nan	nan	nan	nan	nan	0	2	0	nan	0.000000	nan
ASV_486_16S_022_3	ENV_NO2	2	nan	0.358494	nan	nan	nan	nan	nan	2	0	0	nan	0.000000	nan
ASV_96_16S_3_200	ENV_NO2	4	nan	0.324457	nan	nan	nan	nan	nan	0	4	0	nan	0.000000	nan
OTU_1332_18S_3_200	ENV_NO2	4	nan	0.399262	nan	nan	nan	nan	nan	1	3	0	nan	0.000000	nan
ASV_1380_16S_022_3	ENV_NO2	4	nan	0.380296	nan	nan	nan	nan	nan	1	3	0	nan	0.000000	nan
ASV_1258_16S_022_3	ENV_NO2	5	nan	0.299104	nan	nan	nan	nan	nan	5	0	0	nan	0.000000	nan
ASV_1676_16S_022_3	ENV_NO2	3	nan	0.575548	nan	nan	nan	nan	nan	1	1	1	nan	0.000000	nan
OTU_3350_18S_022_3	ENV_NO2	2	nan	0.236156	nan	nan	nan	nan	nan	2	0	0	nan	0.000000	nan
ASV_173_16S_022_3	ENV_NO2	1	nan	0.371612	nan	nan	nan	nan	nan	0	1	0	nan	0.000000	nan
OTU_40_18S_3_200	ENV_NO2	2	nan	0.272363	nan	nan	nan	nan	nan	1	1	0	nan	0.000000	nan
OTU_3424_18S_022_3	ENV_NO2	3	nan	0.320350	nan	nan	nan	nan	nan	3	0	0	nan	0.000000	nan
OTU_105_18S_022_3	ENV_NO2	3	nan	0.227850	nan	nan	nan	nan	nan	3	0	0	nan	0.000000	nan
ASV_1203_16S_022_3	ENV_NO2	4	nan	0.413998	nan	nan	nan	nan	nan	2	2	0	nan	0.000000	nan
OTU_403_18S_3_200	ENV_NO2	3	nan	0.410536	nan	nan	nan	nan	nan	0	3	0	nan	0.000000	nan
ASV_2653_16S_022_3	ENV_NO2	4	nan	0.388720	nan	nan	nan	nan	nan	2	2	0	nan	0.000000	nan
ASV_321_16S_022_3	ENV_NO2	4	nan	0.252114	nan	nan	nan	nan	nan	3	1	0	nan	0.000000	nan
ASV_815_16S_022_3	ENV_NO2	3	nan	0.325418	nan	nan	nan	nan	nan	3	0	0	nan	0.000000	nan
OTU_729_18S_022_3	ENV_NO2	4	nan	0.310299	nan	nan	nan	nan	nan	3	1	0	nan	0.000000	nan
OTU_1844_18S_3_200	ENV_NO2	6	nan	0.334985	nan	nan	nan	nan	nan	2	4	0	nan	0.000000	nan
ASV_817_16S_022_3	ENV_NO2	1	nan	0.349810	nan	nan	nan	nan	nan	1	0	0	nan	0.000000	nan
ASV_1143_16S_022_3	ENV_NO2	2	nan	0.319698	nan	nan	nan	nan	nan	1	1	0	nan	0.000000	nan
ASV_321_16S_3_200	ENV_NO2	3	nan	0.402098	nan	nan	nan	nan	nan	1	2	0	nan	0.000000	nan
ASV_408_16S_022_3	ENV_NO2	2	nan	0.171048	nan	nan	nan	nan	nan	2	0	0	nan	0.000000	nan
ASV_1407_16S_022_3	ENV_NO2	4	nan	0.388103	nan	nan	nan	nan	nan	3	1	0	nan	0.000000	nan
OTU_624_18S_022_3	ENV_NO2	3	nan	0.214816	nan	nan	nan	nan	nan	3	0	0	nan	0.000000	nan
ASV_1344_16S_022_3	ENV_NO2	2	nan	0.351481	nan	nan	nan	nan	nan	0	2	0	nan	0.000000	nan
ASV_800_16S_022_3	ENV_NO2	3	nan	0.443533	nan	nan	nan	nan	nan	1	2	0	nan	0.000000	nan
OTU_1959_18S_022_3	ENV_NO2	3	nan	0.167736	nan	nan	nan	nan	nan	3	0	0	nan	0.000000	nan
ASV_888_16S_3_200	ENV_NO2	4	nan	0.315521	nan	nan	nan	nan	nan	1	3	0	nan	0.000000	nan
OTU_965_18S_3_200	ENV_NO2	3	nan	0.348050	nan	nan	nan	nan	nan	0	3	0	nan	0.000000	nan
ASV_402_16S_022_3	ENV_NO2	2	nan	0.414549	nan	nan	nan	nan	nan	1	0	1	nan	0.000000	nan
OTU_712_18S_022_3	ENV_NO2	2	nan	0.236027	nan	nan	nan	nan	nan	1	1	0	nan	0.000000	nan
ASV_473_16S_3_200	ENV_NO2	3	nan	0.325418	nan	nan	nan	nan	nan	1	2	0	nan	0.000000	nan
ASV_699_16S_022_3	ENV_NO2	2	nan	0.398169	nan	nan	nan	nan	nan	2	0	0	nan	0.000000	nan
ASV_1747_16S_022_3	ENV_NO2	2	nan	0.330958	nan	nan	nan	nan	nan	1	1	0	nan	0.000000	nan
OTU_1649_18S_3_200	ENV_NO2	3	nan	0.201275	nan	nan	nan	nan	nan	2	1	0	nan	0.000000	nan
ASV_1420_16S_022_3	ENV_NO2	1	nan	0.197117	nan	nan	nan	nan	nan	1	0	0	nan	0.000000	nan
OTU_984_18S_022_3	ENV_NO2	1	nan	0.211817	nan	nan	nan	nan	nan	1	0	0	nan	0.000000	nan
ASV_237_16S_3_200	ENV_NO2	2	nan	0.345718	nan	nan	nan	nan	nan	1	1	0	nan	0.000000	nan
ASV_307_16S_3_200	ENV_NO2	4	nan	0.291381	nan	nan	nan	nan	nan	2	2	0	nan	0.000000	nan
ASV_1480_16S_3_200	ENV_NO2	3	nan	0.329963	nan	nan	nan	nan	nan	1	1	1	nan	0.000000	nan
ASV_584_16S_022_3	ENV_NO2	1	nan	0.290905	nan	nan	nan	nan	nan	1	0	0	nan	0.000000	nan
ASV_468_16S_022_3	ENV_NO2	2	nan	0.398169	nan	nan	nan	nan	nan	1	1	0	nan	0.000000	nan
OTU_1263_18S_3_200	ENV_NO2	3	nan	0.401053	nan	nan	nan	nan	nan	0	3	0	nan	0.000000	nan
OTU_2858_18S_022_3	ENV_NO2	3	nan	0.189538	nan	nan	nan	nan	nan	2	1	0	nan	0.000000	nan
OTU_2181_18S_3_200	ENV_NO2	3	nan	0.228597	nan	nan	nan	nan	nan	1	2	0	nan	0.000000	nan
ASV_1212_16S_022_3	ENV_NO2	3	nan	0.392206	nan	nan	nan	nan	nan	1	1	1	nan	0.000000	nan
ASV_1508_16S_022_3	ENV_NO2	3	nan	0.426365	nan	nan	nan	nan	nan	1	2	0	nan	0.000000	nan
ASV_1820_16S_022_3	ENV_NO2	3	nan	0.425824	nan	nan	nan	nan	nan	0	3	0	nan	0.000000	nan
ASV_1521_16S_022_3	ENV_NO2	2	nan	0.330958	nan	nan	nan	nan	nan	0	1	1	nan	0.000000	nan
ASV_777_16S_3_200	ENV_NO2	4	nan	0.132253	nan	nan	nan	nan	nan	4	0	0	nan	0.000000	nan
ASV_2134_16S_3_200	ENV_NO2	3	nan	0.225961	nan	nan	nan	nan	nan	1	2	0	nan	0.000000	nan
ASV_723_16S_3_200	ENV_NO2	6	nan	0.437764	nan	nan	nan	nan	nan	3	3	0	nan	0.000000	nan
OTU_906_18S_022_3	ENV_NO2	1	nan	0.520506	nan	nan	nan	nan	nan	0	0	1	nan	0.000000	nan
ASV_40_16S_3_200	ENV_NO2	1	nan	0.192636	nan	nan	nan	nan	nan	1	0	0	nan	0.000000	nan
ASV_650_16S_3_200	ENV_NO2	2	nan	0.275463	nan	nan	nan	nan	nan	0	2	0	nan	0.000000	nan
OTU_3300_18S_022_3	ENV_NO2	3	nan	0.259037	nan	nan	nan	nan	nan	1	2	0	nan	0.000000	nan
ASV_51_16S_022_3	ENV_NO2	3	nan	0.443533	nan	nan	nan	nan	nan	0	0	3	nan	0.000000	nan
OTU_1247_18S_022_3	ENV_NO2	4	nan	0.247231	nan	nan	nan	nan	nan	3	1	0	nan	0.000000	nan
OTU_77_18S_022_3	ENV_NO2	2	nan	0.184409	nan	nan	nan	nan	nan	2	0	0	nan	0.000000	nan
OTU_10_18S_3_200	ENV_NO2	5	nan	0.495527	nan	nan	nan	nan	nan	0	4	1	nan	0.000000	nan
OTU_480_18S_3_200	ENV_NO2	2	nan	0.272415	nan	nan	nan	nan	nan	1	1	0	nan	0.000000	nan
ASV_377_16S_3_200	ENV_NO2	2	nan	0.227602	nan	nan	nan	nan	nan	1	1	0	nan	0.000000	nan
OTU_498_18S_022_3	ENV_NO2	2	nan	0.407573	nan	nan	nan	nan	nan	1	1	0	nan	0.000000	nan
ASV_139_16S_022_3	ENV_NO2	3	nan	0.397507	nan	nan	nan	nan	nan	1	2	0	nan	0.000000	nan
OTU_3877_18S_3_200	ENV_NO2	2	nan	0.395955	nan	nan	nan	nan	nan	1	1	0	nan	0.000000	nan
ASV_760_16S_3_200	ENV_NO2	2	nan	0.365093	nan	nan	nan	nan	nan	0	2	0	nan	0.000000	nan
OTU_5773_18S_022_3	ENV_NO2	3	nan	0.316813	nan	nan	nan	nan	nan	1	2	0	nan	0.000000	nan
ASV_17_16S_022_3	ENV_NO2	3	nan	0.309076	nan	nan	nan	nan	nan	0	2	1	nan	0.000000	nan
OTU_1353_18S_022_3	ENV_NO2	3	nan	0.158352	nan	nan	nan	nan	nan	3	0	0	nan	0.000000	nan
ASV_823_16S_022_3	ENV_NO2	4	nan	0.426365	nan	nan	nan	nan	nan	1	3	0	nan	0.000000	nan
ASV_491_16S_022_3	ENV_NO2	2	nan	0.649229	nan	nan	nan	nan	nan	0	1	1	nan	0.000000	nan
ASV_1576_16S_022_3	ENV_NO2	2	nan	0.419971	nan	nan	nan	nan	nan	1	1	0	nan	0.000000	nan
OTU_4_18S_022_3	ENV_NO2	4	nan	0.335308	nan	nan	nan	nan	nan	3	1	0	nan	0.000000	nan
ASV_1067_16S_3_200	ENV_NO2	4	nan	0.310299	nan	nan	nan	nan	nan	2	2	0	nan	0.000000	nan
OTU_1940_18S_3_200	ENV_NO2	4	nan	0.306748	nan	nan	nan	nan	nan	0	4	0	nan	0.000000	nan
ASV_1986_16S_022_3	ENV_NO2	2	nan	0.409905	nan	nan	nan	nan	nan	0	2	0	nan	0.000000	nan
OTU_29_18S_3_200	ENV_NO2	3	nan	0.315059	nan	nan	nan	nan	nan	2	1	0	nan	0.000000	nan
OTU_1532_18S_3_200	ENV_NO2	2	nan	0.214225	nan	nan	nan	nan	nan	2	0	0	nan	0.000000	nan
OTU_3422_18S_3_200	ENV_NO2	4	nan	0.251870	nan	nan	nan	nan	nan	2	2	0	nan	0.000000	nan
OTU_71_18S_3_200	ENV_NO2	3	nan	0.389863	nan	nan	nan	nan	nan	1	2	0	nan	0.000000	nan
OTU_850_18S_022_3	ENV_NO2	4	nan	0.223474	nan	nan	nan	nan	nan	3	1	0	nan	0.000000	nan
OTU_330_18S_022_3	ENV_NO2	2	nan	0.156462	nan	nan	nan	nan	nan	1	1	0	nan	0.000000	nan
OTU_1611_18S_3_200	ENV_NO2	3	nan	0.269103	nan	nan	nan	nan	nan	0	3	0	nan	0.000000	nan
OTU_2633_18S_022_3	ENV_NO2	5	nan	0.146397	nan	nan	nan	nan	nan	4	1	0	nan	0.000000	nan
OTU_1027_18S_3_200	ENV_NO2	3	nan	0.253666	nan	nan	nan	nan	nan	3	0	0	nan	0.000000	nan
OTU_2509_18S_022_3	ENV_NO2	5	nan	0.247301	nan	nan	nan	nan	nan	2	3	0	nan	0.000000	nan
ASV_250_16S_022_3	ENV_NO2	1	nan	0.385771	nan	nan	nan	nan	nan	0	0	1	nan	0.000000	nan
ASV_2156_16S_3_200	ENV_NO2	5	nan	0.320892	nan	nan	nan	nan	nan	2	3	0	nan	0.000000	nan
OTU_534_18S_022_3	ENV_NO2	3	nan	0.221803	nan	nan	nan	nan	nan	2	1	0	nan	0.000000	nan
OTU_2095_18S_3_200	ENV_NO2	3	nan	0.259037	nan	nan	nan	nan	nan	2	1	0	nan	0.000000	nan
ASV_1029_16S_022_3	ENV_NO2	4	nan	0.332847	nan	nan	nan	nan	nan	4	0	0	nan	0.000000	nan
OTU_38_18S_3_200	ENV_NO2	5	nan	0.380296	nan	nan	nan	nan	nan	1	4	0	nan	0.000000	nan
OTU_332_18S_022_3	ENV_NO2	1	nan	0.384388	nan	nan	nan	nan	nan	0	1	0	nan	0.000000	nan
ASV_105_16S_022_3	ENV_NO2	2	nan	0.204298	nan	nan	nan	nan	nan	2	0	0	nan	0.000000	nan
OTU_2722_18S_022_3	ENV_NO2	3	nan	0.246684	nan	nan	nan	nan	nan	1	2	0	nan	0.000000	nan
ASV_1426_16S_022_3	ENV_NO2	3	nan	0.496575	nan	nan	nan	nan	nan	0	3	0	nan	0.000000	nan
ASV_905_16S_3_200	ENV_NO2	5	nan	0.273672	nan	nan	nan	nan	nan	3	2	0	nan	0.000000	nan
ASV_550_16S_022_3	ENV_NO2	3	nan	0.408035	nan	nan	nan	nan	nan	0	3	0	nan	0.000000	nan
OTU_2259_18S_3_200	ENV_NO2	4	nan	0.373283	nan	nan	nan	nan	nan	1	3	0	nan	0.000000	nan
OTU_751_18S_022_3	ENV_NO2	2	nan	0.236240	nan	nan	nan	nan	nan	2	0	0	nan	0.000000	nan
OTU_5446_18S_022_3	ENV_NO2	4	nan	0.201275	nan	nan	nan	nan	nan	3	1	0	nan	0.000000	nan
OTU_811_18S_022_3	ENV_NO2	2	nan	0.214155	nan	nan	nan	nan	nan	2	0	0	nan	0.000000	nan
ASV_57_16S_022_3	ENV_NO2	3	nan	0.345718	nan	nan	nan	nan	nan	2	1	0	nan	0.000000	nan
OTU_195_18S_022_3	ENV_NO2	2	nan	0.477071	nan	nan	nan	nan	nan	0	2	0	nan	0.000000	nan
OTU_1149_18S_022_3	ENV_NO2	3	nan	0.325586	nan	nan	nan	nan	nan	0	3	0	nan	0.000000	nan
OTU_18_18S_022_3	ENV_NO2	2	nan	0.171222	nan	nan	nan	nan	nan	2	0	0	nan	0.000000	nan
ASV_255_16S_3_200	ENV_NO2	2	nan	0.202249	nan	nan	nan	nan	nan	2	0	0	nan	0.000000	nan
OTU_89_18S_3_200	ENV_NO2	2	nan	0.362586	nan	nan	nan	nan	nan	1	1	0	nan	0.000000	nan
ASV_1675_16S_3_200	ENV_NO2	3	nan	0.395090	nan	nan	nan	nan	nan	2	1	0	nan	0.000000	nan
ASV_144_16S_022_3	ENV_NO2	2	nan	0.356524	nan	nan	nan	nan	nan	1	1	0	nan	0.000000	nan
ASV_229_16S_022_3	ENV_NO2	3	nan	0.350273	nan	nan	nan	nan	nan	1	2	0	nan	0.000000	nan
OTU_506_18S_3_200	ENV_NO2	3	nan	0.210724	nan	nan	nan	nan	nan	2	1	0	nan	0.000000	nan
ASV_985_16S_022_3	ENV_NO2	2	nan	0.385771	nan	nan	nan	nan	nan	2	0	0	nan	0.000000	nan
OTU_1575_18S_022_3	ENV_NO2	4	nan	0.285528	nan	nan	nan	nan	nan	3	1	0	nan	0.000000	nan
ASV_1227_16S_022_3	ENV_NO2	3	nan	0.296603	nan	nan	nan	nan	nan	2	1	0	nan	0.000000	nan
OTU_763_18S_022_3	ENV_NO2	4	nan	0.535963	nan	nan	nan	nan	nan	1	3	0	nan	0.000000	nan
ASV_414_16S_3_200	ENV_NO2	3	nan	0.312254	nan	nan	nan	nan	nan	3	0	0	nan	0.000000	nan
ASV_406_16S_022_3	ENV_NO2	4	nan	0.410457	nan	nan	nan	nan	nan	3	1	0	nan	0.000000	nan
OTU_11_18S_3_200	ENV_NO2	4	nan	0.238701	nan	nan	nan	nan	nan	3	1	0	nan	0.000000	nan
ASV_669_16S_3_200	ENV_NO2	1	nan	0.263811	nan	nan	nan	nan	nan	1	0	0	nan	0.000000	nan
ASV_1059_16S_022_3	ENV_NO2	5	nan	0.168199	nan	nan	nan	nan	nan	4	1	0	nan	0.000000	nan
ASV_714_16S_022_3	ENV_NO2	2	nan	0.141026	nan	nan	nan	nan	nan	2	0	0	nan	0.000000	nan
ASV_206_16S_022_3	ENV_NO2	2	nan	0.402271	nan	nan	nan	nan	nan	2	0	0	nan	0.000000	nan
OTU_1345_18S_3_200	ENV_NO2	6	nan	0.310841	nan	nan	nan	nan	nan	4	2	0	nan	0.000000	nan
OTU_467_18S_022_3	ENV_NO2	1	nan	0.352774	nan	nan	nan	nan	nan	0	1	0	nan	0.000000	nan
OTU_240_18S_3_200	ENV_NO2	2	nan	0.333225	nan	nan	nan	nan	nan	1	1	0	nan	0.000000	nan
OTU_413_18S_3_200	ENV_NO2	3	nan	0.330177	nan	nan	nan	nan	nan	3	0	0	nan	0.000000	nan
OTU_985_18S_3_200	ENV_NO2	3	nan	0.284946	nan	nan	nan	nan	nan	2	1	0	nan	0.000000	nan
ASV_1705_16S_022_3	ENV_NO2	3	nan	0.251870	nan	nan	nan	nan	nan	0	3	0	nan	0.000000	nan
OTU_188_18S_022_3	ENV_NO2	1	nan	0.306669	nan	nan	nan	nan	nan	0	1	0	nan	0.000000	nan
OTU_105_18S_3_200	ENV_NO2	2	nan	0.458153	nan	nan	nan	nan	nan	0	2	0	nan	0.000000	nan
OTU_2562_18S_022_3	ENV_NO2	1	nan	0.262588	nan	nan	nan	nan	nan	0	1	0	nan	0.000000	nan
ASV_842_16S_022_3	ENV_NO2	2	nan	0.514738	nan	nan	nan	nan	nan	0	2	0	nan	0.000000	nan
OTU_233_18S_022_3	ENV_NO2	2	nan	0.300731	nan	nan	nan	nan	nan	0	2	0	nan	0.000000	nan
OTU_1246_18S_022_3	ENV_NO2	3	nan	0.320350	nan	nan	nan	nan	nan	1	2	0	nan	0.000000	nan
OTU_537_18S_022_3	ENV_NO2	3	nan	0.409243	nan	nan	nan	nan	nan	1	2	0	nan	0.000000	nan
OTU_1058_18S_022_3	ENV_NO2	1	nan	0.271917	nan	nan	nan	nan	nan	0	1	0	nan	0.000000	nan
OTU_496_18S_022_3	ENV_NO2	2	nan	0.200866	nan	nan	nan	nan	nan	2	0	0	nan	0.000000	nan
ASV_507_16S_022_3	ENV_NO2	2	nan	0.511902	nan	nan	nan	nan	nan	0	2	0	nan	0.000000	nan
OTU_506_18S_022_3	ENV_NO2	1	nan	0.257212	nan	nan	nan	nan	nan	0	1	0	nan	0.000000	nan
OTU_787_18S_022_3	ENV_NO2	4	nan	0.184246	nan	nan	nan	nan	nan	4	0	0	nan	0.000000	nan
OTU_2418_18S_3_200	ENV_NO2	7	nan	0.428708	nan	nan	nan	nan	nan	3	4	0	nan	0.000000	nan
OTU_1309_18S_3_200	ENV_NO2	3	nan	0.228980	nan	nan	nan	nan	nan	2	1	0	nan	0.000000	nan
ASV_503_16S_022_3	ENV_NO2	7	nan	0.452385	nan	nan	nan	nan	nan	4	3	0	nan	0.000000	nan
ASV_781_16S_022_3	ENV_NO2	2	nan	0.223077	nan	nan	nan	nan	nan	1	1	0	nan	0.000000	nan
ASV_582_16S_022_3	ENV_NO2	4	nan	0.552199	nan	nan	nan	nan	nan	1	3	0	nan	0.000000	nan
ASV_738_16S_022_3	ENV_NO2	2	nan	0.384095	nan	nan	nan	nan	nan	1	1	0	nan	0.000000	nan
OTU_1682_18S_022_3	ENV_NO2	2	nan	0.223077	nan	nan	nan	nan	nan	1	1	0	nan	0.000000	nan
OTU_119_18S_3_200	ENV_NO2	2	nan	0.166289	nan	nan	nan	nan	nan	2	0	0	nan	0.000000	nan
OTU_2041_18S_3_200	ENV_NO2	2	nan	0.231276	nan	nan	nan	nan	nan	1	1	0	nan	0.000000	nan
ASV_862_16S_022_3	ENV_NO2	5	nan	0.461784	nan	nan	nan	nan	nan	2	3	0	nan	0.000000	nan
OTU_242_18S_3_200	ENV_NO2	3	nan	0.376203	nan	nan	nan	nan	nan	0	2	1	nan	0.000000	nan
OTU_1898_18S_3_200	ENV_NO2	8	nan	0.168199	nan	nan	nan	nan	nan	2	6	0	nan	0.000000	nan
OTU_749_18S_022_3	ENV_NO2	2	nan	0.306748	nan	nan	nan	nan	nan	0	2	0	nan	0.000000	nan
OTU_393_18S_3_200	ENV_NO2	4	nan	0.351765	nan	nan	nan	nan	nan	1	3	0	nan	0.000000	nan
OTU_286_18S_3_200	ENV_NO2	3	nan	0.204173	nan	nan	nan	nan	nan	3	0	0	nan	0.000000	nan
ASV_784_16S_3_200	ENV_NO2	4	nan	0.389863	nan	nan	nan	nan	nan	1	3	0	nan	0.000000	nan
ASV_1581_16S_022_3	ENV_NO2	4	nan	0.367510	nan	nan	nan	nan	nan	3	1	0	nan	0.000000	nan
OTU_842_18S_3_200	ENV_NO2	2	nan	0.331434	nan	nan	nan	nan	nan	1	1	0	nan	0.000000	nan
OTU_234_18S_022_3	ENV_NO2	4	nan	0.377704	nan	nan	nan	nan	nan	3	1	0	nan	0.000000	nan
OTU_476_18S_3_200	ENV_NO2	3	nan	0.337328	nan	nan	nan	nan	nan	0	3	0	nan	0.000000	nan
ASV_364_16S_3_200	ENV_NO2	2	nan	0.190130	nan	nan	nan	nan	nan	2	0	0	nan	0.000000	nan
OTU_942_18S_022_3	ENV_NO2	2	nan	0.403480	nan	nan	nan	nan	nan	1	1	0	nan	0.000000	nan
ASV_1244_16S_022_3	ENV_NO2	3	nan	0.378113	nan	nan	nan	nan	nan	0	1	2	nan	0.000000	nan
OTU_1213_18S_022_3	ENV_NO2	3	nan	0.345037	nan	nan	nan	nan	nan	0	3	0	nan	0.000000	nan
OTU_2736_18S_022_3	ENV_NO2	3	nan	0.328550	nan	nan	nan	nan	nan	1	2	0	nan	0.000000	nan
ASV_226_16S_022_3	ENV_NO2	3	nan	0.307330	nan	nan	nan	nan	nan	2	1	0	nan	0.000000	nan
ASV_1442_16S_022_3	ENV_NO2	2	nan	0.404982	nan	nan	nan	nan	nan	0	2	0	nan	0.000000	nan
OTU_902_18S_022_3	ENV_NO2	3	nan	0.346259	nan	nan	nan	nan	nan	1	2	0	nan	0.000000	nan
OTU_2884_18S_3_200	ENV_NO2	3	nan	0.281236	nan	nan	nan	nan	nan	1	2	0	nan	0.000000	nan
OTU_151_18S_3_200	ENV_NO2	2	nan	0.464245	nan	nan	nan	nan	nan	0	2	0	nan	0.000000	nan
OTU_889_18S_022_3	ENV_NO2	4	nan	0.187131	nan	nan	nan	nan	nan	3	1	0	nan	0.000000	nan
OTU_98_18S_022_3	ENV_NO2	1	nan	0.273209	nan	nan	nan	nan	nan	0	1	0	nan	0.000000	nan
OTU_2322_18S_3_200	ENV_NO2	3	nan	0.398169	nan	nan	nan	nan	nan	1	2	0	nan	0.000000	nan
ASV_1044_16S_022_3	ENV_NO2	3	nan	0.287955	nan	nan	nan	nan	nan	3	0	0	nan	0.000000	nan
OTU_125_18S_3_200	ENV_NO2	1	nan	0.221167	nan	nan	nan	nan	nan	1	0	0	nan	0.000000	nan
OTU_917_18S_022_3	ENV_NO2	3	nan	0.145780	nan	nan	nan	nan	nan	3	0	0	nan	0.000000	nan
OTU_236_18S_3_200	ENV_NO2	4	nan	0.351481	nan	nan	nan	nan	nan	0	4	0	nan	0.000000	nan
ASV_249_16S_022_3	ENV_NO2	3	nan	0.533281	nan	nan	nan	nan	nan	0	1	2	nan	0.000000	nan
OTU_1153_18S_022_3	ENV_NO2	4	nan	0.318604	nan	nan	nan	nan	nan	1	3	0	nan	0.000000	nan
ASV_1115_16S_022_3	ENV_NO2	4	nan	0.404021	nan	nan	nan	nan	nan	1	3	0	nan	0.000000	nan
OTU_817_18S_022_3	ENV_NO2	3	nan	0.352143	nan	nan	nan	nan	nan	1	2	0	nan	0.000000	nan
OTU_1346_18S_022_3	ENV_NO2	2	nan	0.318604	nan	nan	nan	nan	nan	0	2	0	nan	0.000000	nan
ASV_61_16S_022_3	ENV_NO2	6	nan	0.268486	nan	nan	nan	nan	nan	2	4	0	nan	0.000000	nan
ASV_2281_16S_3_200	ENV_NO2	3	nan	0.368061	nan	nan	nan	nan	nan	2	1	0	nan	0.000000	nan
OTU_1191_18S_022_3	ENV_NO2	3	nan	0.214225	nan	nan	nan	nan	nan	2	1	0	nan	0.000000	nan
OTU_320_18S_022_3	ENV_NO2	4	nan	0.362293	nan	nan	nan	nan	nan	2	2	0	nan	0.000000	nan
OTU_1511_18S_3_200	ENV_NO2	5	nan	0.214225	nan	nan	nan	nan	nan	3	2	0	nan	0.000000	nan
ASV_377_16S_022_3	ENV_NO2	1	nan	0.156676	nan	nan	nan	nan	nan	1	0	0	nan	0.000000	nan
ASV_448_16S_3_200	ENV_NO2	4	nan	0.316390	nan	nan	nan	nan	nan	1	3	0	nan	0.000000	nan
OTU_373_18S_3_200	ENV_NO2	4	nan	0.211394	nan	nan	nan	nan	nan	2	2	0	nan	0.000000	nan
ASV_833_16S_022_3	ENV_NO2	4	nan	0.566313	nan	nan	nan	nan	nan	0	3	1	nan	0.000000	nan
OTU_1899_18S_022_3	ENV_NO2	1	nan	0.260842	nan	nan	nan	nan	nan	1	0	0	nan	0.000000	nan
ASV_469_16S_022_3	ENV_NO2	2	nan	0.496068	nan	nan	nan	nan	nan	0	1	1	nan	0.000000	nan
ASV_1482_16S_022_3	ENV_NO2	2	nan	0.236618	nan	nan	nan	nan	nan	1	1	0	nan	0.000000	nan
ASV_75_16S_022_3	ENV_NO2	3	nan	0.563150	nan	nan	nan	nan	nan	0	2	1	nan	0.000000	nan
OTU_1460_18S_022_3	ENV_NO2	1	nan	0.247301	nan	nan	nan	nan	nan	0	1	0	nan	0.000000	nan
OTU_2037_18S_022_3	ENV_NO2	1	nan	0.199449	nan	nan	nan	nan	nan	1	0	0	nan	0.000000	nan
OTU_1290_18S_022_3	ENV_NO2	4	nan	0.326248	nan	nan	nan	nan	nan	0	4	0	nan	0.000000	nan
ASV_9_16S_022_3	ENV_NO2	4	nan	0.651104	nan	nan	nan	nan	nan	0	2	2	nan	0.000000	nan
OTU_325_18S_3_200	ENV_NO2	4	nan	0.296887	nan	nan	nan	nan	nan	2	2	0	nan	0.000000	nan
OTU_251_18S_022_3	ENV_NO2	1	nan	0.344042	nan	nan	nan	nan	nan	1	0	0	nan	0.000000	nan
OTU_197_18S_3_200	ENV_NO2	5	nan	0.337323	nan	nan	nan	nan	nan	3	2	0	nan	0.000000	nan
ASV_1949_16S_022_3	ENV_NO2	1	nan	0.168213	nan	nan	nan	nan	nan	1	0	0	nan	0.000000	nan
OTU_34_18S_3_200	ENV_NO2	2	nan	0.165329	nan	nan	nan	nan	nan	2	0	0	nan	0.000000	nan
ASV_782_16S_022_3	ENV_NO2	5	nan	0.332101	nan	nan	nan	nan	nan	3	2	0	nan	0.000000	nan
ASV_273_16S_022_3	ENV_NO2	2	nan	0.378048	nan	nan	nan	nan	nan	2	0	0	nan	0.000000	nan
ASV_613_16S_022_3	ENV_NO2	2	nan	0.330958	nan	nan	nan	nan	nan	0	2	0	nan	0.000000	nan
OTU_260_18S_3_200	ENV_NO2	2	nan	0.223077	nan	nan	nan	nan	nan	1	1	0	nan	0.000000	nan
OTU_8089_18S_022_3	ENV_NO2	2	nan	0.280839	nan	nan	nan	nan	nan	2	0	0	nan	0.000000	nan
ASV_110_16S_022_3	ENV_NO2	4	nan	0.389322	nan	nan	nan	nan	nan	4	0	0	nan	0.000000	nan
OTU_1076_18S_022_3	ENV_NO2	1	nan	0.152300	nan	nan	nan	nan	nan	1	0	0	nan	0.000000	nan
OTU_196_18S_3_200	ENV_NO2	3	nan	0.361547	nan	nan	nan	nan	nan	1	2	0	nan	0.000000	nan
OTU_15_18S_022_3	ENV_NO2	2	nan	0.438306	nan	nan	nan	nan	nan	0	0	2	nan	0.000000	nan
ASV_444_16S_022_3	ENV_NO2	2	nan	0.364510	nan	nan	nan	nan	nan	1	1	0	nan	0.000000	nan
ASV_93_16S_022_3	ENV_NO2	4	nan	0.519123	nan	nan	nan	nan	nan	1	3	0	nan	0.000000	nan
ASV_1375_16S_022_3	ENV_NO2	1	nan	0.248986	nan	nan	nan	nan	nan	1	0	0	nan	0.000000	nan
OTU_675_18S_022_3	ENV_NO2	2	nan	0.192636	nan	nan	nan	nan	nan	2	0	0	nan	0.000000	nan
OTU_671_18S_3_200	ENV_NO2	4	nan	0.438142	nan	nan	nan	nan	nan	1	2	1	nan	0.000000	nan
OTU_605_18S_3_200	ENV_NO2	3	nan	0.312641	nan	nan	nan	nan	nan	0	3	0	nan	0.000000	nan
OTU_1390_18S_3_200	ENV_NO2	5	nan	0.325586	nan	nan	nan	nan	nan	5	0	0	nan	0.000000	nan
ASV_304_16S_022_3	ENV_NO2	4	nan	0.556173	nan	nan	nan	nan	nan	1	3	0	nan	0.000000	nan
ASV_464_16S_3_200	ENV_NO2	1	nan	0.253666	nan	nan	nan	nan	nan	1	0	0	nan	0.000000	nan
ASV_278_16S_022_3	ENV_NO2	2	nan	0.474187	nan	nan	nan	nan	nan	0	1	1	nan	0.000000	nan
ASV_387_16S_022_3	ENV_NO2	4	nan	0.396378	nan	nan	nan	nan	nan	4	0	0	nan	0.000000	nan
OTU_536_18S_3_200	ENV_NO2	2	nan	0.356787	nan	nan	nan	nan	nan	1	1	0	nan	0.000000	nan
OTU_303_18S_3_200	ENV_NO2	4	nan	0.239125	nan	nan	nan	nan	nan	4	0	0	nan	0.000000	nan
ASV_1934_16S_022_3	ENV_NO2	2	nan	0.364510	nan	nan	nan	nan	nan	0	2	0	nan	0.000000	nan
OTU_430_18S_022_3	ENV_NO2	3	nan	0.214438	nan	nan	nan	nan	nan	3	0	0	nan	0.000000	nan
ASV_410_16S_022_3	ENV_NO2	3	nan	0.358786	nan	nan	nan	nan	nan	1	2	0	nan	0.000000	nan
ASV_2004_16S_3_200	ENV_NO2	2	nan	0.364510	nan	nan	nan	nan	nan	0	2	0	nan	0.000000	nan
OTU_2309_18S_022_3	ENV_NO2	5	nan	0.143513	nan	nan	nan	nan	nan	5	0	0	nan	0.000000	nan
OTU_2745_18S_3_200	ENV_NO2	2	nan	0.227184	nan	nan	nan	nan	nan	1	1	0	nan	0.000000	nan
ASV_263_16S_022_3	ENV_NO2	2	nan	0.391818	nan	nan	nan	nan	nan	0	2	0	nan	0.000000	nan
OTU_756_18S_3_200	ENV_NO2	4	nan	0.284946	nan	nan	nan	nan	nan	2	2	0	nan	0.000000	nan
OTU_778_18S_3_200	ENV_NO2	3	nan	0.351481	nan	nan	nan	nan	nan	0	3	0	nan	0.000000	nan
OTU_787_18S_3_200	ENV_NO2	3	nan	0.299771	nan	nan	nan	nan	nan	2	1	0	nan	0.000000	nan
OTU_1901_18S_022_3	ENV_NO2	1	nan	0.462744	nan	nan	nan	nan	nan	0	1	0	nan	0.000000	nan
OTU_560_18S_3_200	ENV_NO2	1	nan	0.345718	nan	nan	nan	nan	nan	0	1	0	nan	0.000000	nan
OTU_183_18S_3_200	ENV_NO2	3	nan	0.267655	nan	nan	nan	nan	nan	2	1	0	nan	0.000000	nan
OTU_797_18S_022_3	ENV_NO2	4	nan	0.544899	nan	nan	nan	nan	nan	0	1	3	nan	0.000000	nan
ASV_762_16S_022_3	ENV_NO2	1	nan	0.207839	nan	nan	nan	nan	nan	1	0	0	nan	0.000000	nan
ASV_1439_16S_3_200	ENV_NO2	3	nan	0.452464	nan	nan	nan	nan	nan	1	2	0	nan	0.000000	nan
ASV_673_16S_3_200	ENV_NO2	5	nan	0.391654	nan	nan	nan	nan	nan	2	3	0	nan	0.000000	nan
ASV_307_16S_022_3	ENV_NO2	2	nan	0.250399	nan	nan	nan	nan	nan	1	0	1	nan	0.000000	nan
OTU_833_18S_3_200	ENV_NO2	2	nan	0.263811	nan	nan	nan	nan	nan	1	1	0	nan	0.000000	nan
ASV_297_16S_022_3	ENV_NO2	3	nan	0.344335	nan	nan	nan	nan	nan	0	3	0	nan	0.000000	nan
ASV_1088_16S_022_3	ENV_NO2	1	nan	0.272201	nan	nan	nan	nan	nan	1	0	0	nan	0.000000	nan
OTU_1786_18S_3_200	ENV_NO2	3	nan	0.199449	nan	nan	nan	nan	nan	3	0	0	nan	0.000000	nan
ASV_1310_16S_022_3	ENV_NO2	2	nan	0.241328	nan	nan	nan	nan	nan	2	0	0	nan	0.000000	nan
ASV_412_16S_022_3	ENV_NO2	1	nan	0.242009	nan	nan	nan	nan	nan	1	0	0	nan	0.000000	nan
OTU_103_18S_3_200	ENV_NO2	4	nan	0.221336	nan	nan	nan	nan	nan	4	0	0	nan	0.000000	nan
ASV_1149_16S_022_3	ENV_NO2	2	nan	0.269579	nan	nan	nan	nan	nan	0	2	0	nan	0.000000	nan
ASV_755_16S_022_3	ENV_NO2	3	nan	0.352143	nan	nan	nan	nan	nan	1	2	0	nan	0.000000	nan
OTU_1121_18S_3_200	ENV_NO2	4	nan	0.343291	nan	nan	nan	nan	nan	3	1	0	nan	0.000000	nan
ASV_301_16S_022_3	ENV_NO2	3	nan	0.428708	nan	nan	nan	nan	nan	0	2	1	nan	0.000000	nan
OTU_1628_18S_022_3	ENV_NO2	1	nan	0.260096	nan	nan	nan	nan	nan	0	1	0	nan	0.000000	nan
OTU_2876_18S_022_3	ENV_NO2	7	nan	0.110437	nan	nan	nan	nan	nan	6	1	0	nan	0.000000	nan
OTU_543_18S_022_3	ENV_NO2	2	nan	0.231695	nan	nan	nan	nan	nan	2	0	0	nan	0.000000	nan
ASV_33_16S_022_3	ENV_NO2	3	nan	0.510227	nan	nan	nan	nan	nan	0	1	2	nan	0.000000	nan
OTU_909_18S_3_200	ENV_NO2	5	nan	0.314312	nan	nan	nan	nan	nan	1	4	0	nan	0.000000	nan
OTU_585_18S_022_3	ENV_NO2	3	nan	0.168199	nan	nan	nan	nan	nan	2	1	0	nan	0.000000	nan
OTU_2389_18S_022_3	ENV_NO2	3	nan	0.271987	nan	nan	nan	nan	nan	0	3	0	nan	0.000000	nan
ASV_1294_16S_022_3	ENV_NO2	1	nan	0.364510	nan	nan	nan	nan	nan	0	1	0	nan	0.000000	nan
OTU_960_18S_3_200	ENV_NO2	3	nan	0.128275	nan	nan	nan	nan	nan	3	0	0	nan	0.000000	nan
ASV_2371_16S_022_3	ENV_NO2	2	nan	0.310841	nan	nan	nan	nan	nan	0	2	0	nan	0.000000	nan
OTU_871_18S_3_200	ENV_NO2	3	nan	0.202249	nan	nan	nan	nan	nan	3	0	0	nan	0.000000	nan
OTU_2433_18S_3_200	ENV_NO2	4	nan	0.287274	nan	nan	nan	nan	nan	3	1	0	nan	0.000000	nan
OTU_1399_18S_3_200	ENV_NO2	3	nan	0.452847	nan	nan	nan	nan	nan	0	3	0	nan	0.000000	nan
OTU_517_18S_3_200	ENV_NO2	1	nan	0.196187	nan	nan	nan	nan	nan	1	0	0	nan	0.000000	nan
ASV_1720_16S_022_3	ENV_NO2	4	nan	0.368603	nan	nan	nan	nan	nan	1	2	1	nan	0.000000	nan
ASV_1155_16S_022_3	ENV_NO2	3	nan	0.334444	nan	nan	nan	nan	nan	3	0	0	nan	0.000000	nan
OTU_711_18S_3_200	ENV_NO2	4	nan	0.251393	nan	nan	nan	nan	nan	3	1	0	nan	0.000000	nan
OTU_1123_18S_022_3	ENV_NO2	3	nan	0.448755	nan	nan	nan	nan	nan	0	3	0	nan	0.000000	nan
OTU_373_18S_022_3	ENV_NO2	2	nan	0.378048	nan	nan	nan	nan	nan	0	2	0	nan	0.000000	nan
ASV_820_16S_022_3	ENV_NO2	2	nan	0.452464	nan	nan	nan	nan	nan	0	2	0	nan	0.000000	nan
OTU_48_18S_3_200	ENV_NO2	3	nan	0.356787	nan	nan	nan	nan	nan	0	2	1	nan	0.000000	nan
OTU_3448_18S_3_200	ENV_NO2	2	nan	0.227184	nan	nan	nan	nan	nan	2	0	0	nan	0.000000	nan
OTU_1104_18S_022_3	ENV_NO2	2	nan	0.202334	nan	nan	nan	nan	nan	2	0	0	nan	0.000000	nan
OTU_868_18S_3_200	ENV_NO2	4	nan	0.260842	nan	nan	nan	nan	nan	4	0	0	nan	0.000000	nan
OTU_1374_18S_3_200	ENV_NO2	5	nan	0.263130	nan	nan	nan	nan	nan	3	2	0	nan	0.000000	nan
OTU_191_18S_3_200	ENV_NO2	4	nan	0.240133	nan	nan	nan	nan	nan	1	3	0	nan	0.000000	nan
ASV_831_16S_022_3	ENV_NO2	4	nan	0.590751	nan	nan	nan	nan	nan	1	3	0	nan	0.000000	nan
ASV_1658_16S_022_3	ENV_NO2	4	nan	0.251870	nan	nan	nan	nan	nan	1	3	0	nan	0.000000	nan
OTU_1506_18S_022_3	ENV_NO2	2	nan	0.168199	nan	nan	nan	nan	nan	2	0	0	nan	0.000000	nan
OTU_1789_18S_022_3	ENV_NO2	3	nan	0.259037	nan	nan	nan	nan	nan	2	1	0	nan	0.000000	nan
OTU_537_18S_3_200	ENV_NO2	3	nan	0.334056	nan	nan	nan	nan	nan	1	2	0	nan	0.000000	nan
ASV_1002_16S_022_3	ENV_NO2	4	nan	0.444741	nan	nan	nan	nan	nan	3	1	0	nan	0.000000	nan
OTU_1086_18S_3_200	ENV_NO2	5	nan	0.217322	nan	nan	nan	nan	nan	4	1	0	nan	0.000000	nan
ASV_947_16S_022_3	ENV_NO2	4	nan	0.444741	nan	nan	nan	nan	nan	1	2	1	nan	0.000000	nan
ASV_1287_16S_022_3	ENV_NO2	5	nan	0.514702	nan	nan	nan	nan	nan	3	2	0	nan	0.000000	nan
ASV_506_16S_022_3	ENV_NO2	4	nan	0.557675	nan	nan	nan	nan	nan	3	1	0	nan	0.000000	nan
OTU_1801_18S_022_3	ENV_NO2	4	nan	0.236027	nan	nan	nan	nan	nan	2	2	0	nan	0.000000	nan
OTU_741_18S_3_200	ENV_NO2	5	nan	0.182371	nan	nan	nan	nan	nan	5	0	0	nan	0.000000	nan
OTU_1283_18S_022_3	ENV_NO2	4	nan	0.231864	nan	nan	nan	nan	nan	2	2	0	nan	0.000000	nan
OTU_3326_18S_022_3	ENV_NO2	2	nan	0.178264	nan	nan	nan	nan	nan	2	0	0	nan	0.000000	nan
OTU_598_18S_3_200	ENV_NO2	3	nan	0.275085	nan	nan	nan	nan	nan	3	0	0	nan	0.000000	nan
ASV_1186_16S_022_3	ENV_NO2	3	nan	0.582068	nan	nan	nan	nan	nan	2	1	0	nan	0.000000	nan
OTU_910_18S_3_200	ENV_NO2	1	nan	0.239502	nan	nan	nan	nan	nan	0	1	0	nan	0.000000	nan
OTU_2305_18S_022_3	ENV_NO2	1	nan	0.272579	nan	nan	nan	nan	nan	0	1	0	nan	0.000000	nan
OTU_62_18S_3_200	ENV_NO2	3	nan	0.156392	nan	nan	nan	nan	nan	3	0	0	nan	0.000000	nan
OTU_866_18S_3_200	ENV_NO2	7	nan	0.450510	nan	nan	nan	nan	nan	2	5	0	nan	0.000000	nan
ASV_1223_16S_022_3	ENV_NO2	3	nan	0.201275	nan	nan	nan	nan	nan	3	0	0	nan	0.000000	nan
OTU_698_18S_3_200	ENV_NO2	3	nan	0.321573	nan	nan	nan	nan	nan	2	1	0	nan	0.000000	nan
OTU_2317_18S_022_3	ENV_NO2	3	nan	0.214816	nan	nan	nan	nan	nan	3	0	0	nan	0.000000	nan
OTU_495_18S_022_3	ENV_NO2	3	nan	0.286945	nan	nan	nan	nan	nan	2	1	0	nan	0.000000	nan
OTU_1252_18S_3_200	ENV_NO2	5	nan	0.282445	nan	nan	nan	nan	nan	3	2	0	nan	0.000000	nan
OTU_1576_18S_3_200	ENV_NO2	4	nan	0.156592	nan	nan	nan	nan	nan	4	0	0	nan	0.000000	nan
ASV_502_16S_022_3	ENV_NO2	2	nan	0.300731	nan	nan	nan	nan	nan	1	1	0	nan	0.000000	nan
ASV_858_16S_3_200	ENV_NO2	2	nan	0.251870	nan	nan	nan	nan	nan	1	1	0	nan	0.000000	nan
ASV_1556_16S_022_3	ENV_NO2	2	nan	0.376167	nan	nan	nan	nan	nan	0	2	0	nan	0.000000	nan
OTU_1898_18S_022_3	ENV_NO2	2	nan	0.273672	nan	nan	nan	nan	nan	0	2	0	nan	0.000000	nan
OTU_931_18S_022_3	ENV_NO2	5	nan	0.306748	nan	nan	nan	nan	nan	0	5	0	nan	0.000000	nan
OTU_16_18S_3_200	ENV_NO2	3	nan	0.215910	nan	nan	nan	nan	nan	2	1	0	nan	0.000000	nan
OTU_1338_18S_022_3	ENV_NO2	3	nan	0.262588	nan	nan	nan	nan	nan	2	0	1	nan	0.000000	nan
OTU_293_18S_3_200	ENV_NO2	5	nan	0.345037	nan	nan	nan	nan	nan	0	5	0	nan	0.000000	nan
OTU_1146_18S_3_200	ENV_NO2	2	nan	0.326248	nan	nan	nan	nan	nan	0	2	0	nan	0.000000	nan
OTU_227_18S_022_3	ENV_NO2	1	nan	0.214225	nan	nan	nan	nan	nan	1	0	0	nan	0.000000	nan
OTU_3429_18S_022_3	ENV_NO2	1	nan	0.472312	nan	nan	nan	nan	nan	0	1	0	nan	0.000000	nan
OTU_1609_18S_022_3	ENV_NO2	5	nan	0.320350	nan	nan	nan	nan	nan	2	3	0	nan	0.000000	nan
OTU_69_18S_022_3	ENV_NO2	2	nan	0.325124	nan	nan	nan	nan	nan	1	1	0	nan	0.000000	nan
OTU_231_18S_3_200	ENV_NO2	2	nan	0.303784	nan	nan	nan	nan	nan	2	0	0	nan	0.000000	nan
ASV_504_16S_022_3	ENV_NO2	4	nan	0.402098	nan	nan	nan	nan	nan	2	2	0	nan	0.000000	nan
OTU_1355_18S_3_200	ENV_NO2	4	nan	0.355027	nan	nan	nan	nan	nan	1	3	0	nan	0.000000	nan
OTU_199_18S_022_3	ENV_NO2	1	nan	0.477071	nan	nan	nan	nan	nan	0	0	1	nan	0.000000	nan
OTU_1417_18S_3_200	ENV_NO2	2	nan	0.287274	nan	nan	nan	nan	nan	0	2	0	nan	0.000000	nan
OTU_17_18S_3_200	ENV_NO2	3	nan	0.305539	nan	nan	nan	nan	nan	2	1	0	nan	0.000000	nan
OTU_1557_18S_3_200	ENV_NO2	3	nan	0.419309	nan	nan	nan	nan	nan	0	3	0	nan	0.000000	nan
OTU_491_18S_022_3	ENV_NO2	2	nan	0.455732	nan	nan	nan	nan	nan	0	2	0	nan	0.000000	nan
ASV_1124_16S_3_200	ENV_NO2	2	nan	0.250613	nan	nan	nan	nan	nan	2	0	0	nan	0.000000	nan
OTU_800_18S_3_200	ENV_NO2	3	nan	0.262523	nan	nan	nan	nan	nan	3	0	0	nan	0.000000	nan
ASV_2068_16S_022_3	ENV_NO2	2	nan	0.474649	nan	nan	nan	nan	nan	1	1	0	nan	0.000000	nan
OTU_625_18S_3_200	ENV_NO2	3	nan	0.256550	nan	nan	nan	nan	nan	2	1	0	nan	0.000000	nan
OTU_2812_18S_022_3	ENV_NO2	3	nan	0.143513	nan	nan	nan	nan	nan	2	1	0	nan	0.000000	nan
OTU_1165_18S_3_200	ENV_NO2	6	nan	0.204173	nan	nan	nan	nan	nan	6	0	0	nan	0.000000	nan
OTU_2459_18S_3_200	ENV_NO2	5	nan	0.275463	nan	nan	nan	nan	nan	3	2	0	nan	0.000000	nan
ASV_1443_16S_022_3	ENV_NO2	4	nan	0.591387	nan	nan	nan	nan	nan	0	4	0	nan	0.000000	nan
OTU_791_18S_3_200	ENV_NO2	3	nan	0.293789	nan	nan	nan	nan	nan	0	3	0	nan	0.000000	nan
ASV_1781_16S_022_3	ENV_NO2	5	nan	0.644669	nan	nan	nan	nan	nan	1	4	0	nan	0.000000	nan
ASV_500_16S_022_3	ENV_NO2	3	nan	0.390992	nan	nan	nan	nan	nan	3	0	0	nan	0.000000	nan
OTU_1286_18S_3_200	ENV_NO2	5	nan	0.269579	nan	nan	nan	nan	nan	3	2	0	nan	0.000000	nan
ASV_579_16S_022_3	ENV_NO2	2	nan	0.484253	nan	nan	nan	nan	nan	0	1	1	nan	0.000000	nan
OTU_3782_18S_3_200	ENV_NO2	5	nan	0.259037	nan	nan	nan	nan	nan	1	4	0	nan	0.000000	nan
OTU_1143_18S_022_3	ENV_NO2	4	nan	0.237249	nan	nan	nan	nan	nan	2	2	0	nan	0.000000	nan
OTU_348_18S_3_200	ENV_NO2	2	nan	0.180616	nan	nan	nan	nan	nan	2	0	0	nan	0.000000	nan
OTU_962_18S_3_200	ENV_NO2	1	nan	0.125196	nan	nan	nan	nan	nan	1	0	0	nan	0.000000	nan
OTU_699_18S_3_200	ENV_NO2	3	nan	0.203542	nan	nan	nan	nan	nan	2	1	0	nan	0.000000	nan
OTU_1618_18S_022_3	ENV_NO2	3	nan	0.167736	nan	nan	nan	nan	nan	3	0	0	nan	0.000000	nan
ASV_818_16S_022_3	ENV_NO2	2	nan	0.278929	nan	nan	nan	nan	nan	2	0	0	nan	0.000000	nan
OTU_2905_18S_022_3	ENV_NO2	2	nan	0.238294	nan	nan	nan	nan	nan	1	1	0	nan	0.000000	nan
OTU_5301_18S_3_200	ENV_NO2	3	nan	0.269103	nan	nan	nan	nan	nan	0	3	0	nan	0.000000	nan
OTU_1347_18S_3_200	ENV_NO2	3	nan	0.172306	nan	nan	nan	nan	nan	2	1	0	nan	0.000000	nan
OTU_146_18S_3_200	ENV_NO2	3	nan	0.235410	nan	nan	nan	nan	nan	1	2	0	nan	0.000000	nan
ASV_2243_16S_022_3	ENV_NO2	2	nan	0.414629	nan	nan	nan	nan	nan	0	0	2	nan	0.000000	nan
OTU_1625_18S_3_200	ENV_NO2	4	nan	0.314312	nan	nan	nan	nan	nan	3	1	0	nan	0.000000	nan
OTU_329_18S_3_200	ENV_NO2	2	nan	0.403275	nan	nan	nan	nan	nan	1	1	0	nan	0.000000	nan
OTU_1304_18S_022_3	ENV_NO2	3	nan	0.348050	nan	nan	nan	nan	nan	0	3	0	nan	0.000000	nan
ASV_381_16S_022_3	ENV_NO2	2	nan	0.437844	nan	nan	nan	nan	nan	1	1	0	nan	0.000000	nan
ASV_1047_16S_022_3	ENV_NO2	3	nan	0.269103	nan	nan	nan	nan	nan	2	1	0	nan	0.000000	nan
ASV_284_16S_022_3	ENV_NO2	3	nan	0.555506	nan	nan	nan	nan	nan	0	3	0	nan	0.000000	nan
OTU_497_18S_3_200	ENV_NO2	2	nan	0.280839	nan	nan	nan	nan	nan	0	2	0	nan	0.000000	nan
OTU_899_18S_3_200	ENV_NO2	2	nan	0.321573	nan	nan	nan	nan	nan	0	2	0	nan	0.000000	nan
OTU_6383_18S_022_3	ENV_NO2	1	nan	0.213025	nan	nan	nan	nan	nan	1	0	0	nan	0.000000	nan
OTU_646_18S_3_200	ENV_NO2	2	nan	0.289457	nan	nan	nan	nan	nan	1	1	0	nan	0.000000	nan
OTU_304_18S_3_200	ENV_NO2	3	nan	0.274339	nan	nan	nan	nan	nan	2	1	0	nan	0.000000	nan
ASV_1353_16S_022_3	ENV_NO2	3	nan	0.504458	nan	nan	nan	nan	nan	1	2	0	nan	0.000000	nan
OTU_902_18S_3_200	ENV_NO2	4	nan	0.395090	nan	nan	nan	nan	nan	1	3	0	nan	0.000000	nan
ASV_2155_16S_022_3	ENV_NO2	2	nan	0.320892	nan	nan	nan	nan	nan	1	1	0	nan	0.000000	nan
OTU_760_18S_022_3	ENV_NO2	3	nan	0.214225	nan	nan	nan	nan	nan	1	2	0	nan	0.000000	nan
OTU_995_18S_3_200	ENV_NO2	4	nan	0.227184	nan	nan	nan	nan	nan	2	2	0	nan	0.000000	nan
OTU_106_18S_3_200	ENV_NO2	3	nan	0.356787	nan	nan	nan	nan	nan	2	1	0	nan	0.000000	nan
OTU_1627_18S_3_200	ENV_NO2	3	nan	0.214225	nan	nan	nan	nan	nan	2	1	0	nan	0.000000	nan
OTU_1076_18S_3_200	ENV_NO2	2	nan	0.447084	nan	nan	nan	nan	nan	1	1	0	nan	0.000000	nan
OTU_2195_18S_022_3	ENV_NO2	3	nan	0.269103	nan	nan	nan	nan	nan	0	3	0	nan	0.000000	nan
ASV_1164_16S_022_3	ENV_NO2	3	nan	0.679883	nan	nan	nan	nan	nan	1	1	1	nan	0.000000	nan
ASV_1036_16S_022_3	ENV_NO2	3	nan	0.472391	nan	nan	nan	nan	nan	0	2	1	nan	0.000000	nan
ASV_456_16S_022_3	ENV_NO2	3	nan	0.449958	nan	nan	nan	nan	nan	2	0	1	nan	0.000000	nan
OTU_116_18S_3_200	ENV_NO2	2	nan	0.313506	nan	nan	nan	nan	nan	2	0	0	nan	0.000000	nan
ASV_920_16S_022_3	ENV_NO2	4	nan	0.438058	nan	nan	nan	nan	nan	1	3	0	nan	0.000000	nan
ASV_169_16S_022_3	ENV_NO2	4	nan	0.447084	nan	nan	nan	nan	nan	3	1	0	nan	0.000000	nan
ASV_1695_16S_022_3	ENV_NO2	2	nan	0.169421	nan	nan	nan	nan	nan	1	1	0	nan	0.000000	nan
ASV_2010_16S_022_3	ENV_NO2	1	nan	0.348667	nan	nan	nan	nan	nan	0	1	0	nan	0.000000	nan
OTU_1294_18S_022_3	ENV_NO2	2	nan	0.345037	nan	nan	nan	nan	nan	2	0	0	nan	0.000000	nan
ASV_1233_16S_022_3	ENV_NO2	5	nan	0.382886	nan	nan	nan	nan	nan	2	3	0	nan	0.000000	nan
OTU_3624_18S_3_200	ENV_NO2	3	nan	0.366839	nan	nan	nan	nan	nan	2	1	0	nan	0.000000	nan
OTU_2780_18S_022_3	ENV_NO2	4	nan	0.161222	nan	nan	nan	nan	nan	3	1	0	nan	0.000000	nan
OTU_2342_18S_3_200	ENV_NO2	1	nan	0.177647	nan	nan	nan	nan	nan	1	0	0	nan	0.000000	nan
ASV_666_16S_022_3	ENV_NO2	3	nan	0.427822	nan	nan	nan	nan	nan	2	1	0	nan	0.000000	nan
OTU_477_18S_3_200	ENV_NO2	4	nan	0.309156	nan	nan	nan	nan	nan	3	1	0	nan	0.000000	nan
OTU_1023_18S_3_200	ENV_NO2	3	nan	0.419971	nan	nan	nan	nan	nan	1	1	1	nan	0.000000	nan
OTU_1463_18S_3_200	ENV_NO2	2	nan	0.308544	nan	nan	nan	nan	nan	2	0	0	nan	0.000000	nan
OTU_136_18S_3_200	ENV_NO2	4	nan	0.371906	nan	nan	nan	nan	nan	1	3	0	nan	0.000000	nan
OTU_558_18S_3_200	ENV_NO2	2	nan	0.297265	nan	nan	nan	nan	nan	0	2	0	nan	0.000000	nan
OTU_2167_18S_022_3	ENV_NO2	2	nan	0.251870	nan	nan	nan	nan	nan	2	0	0	nan	0.000000	nan
OTU_1148_18S_022_3	ENV_NO2	2	nan	0.214438	nan	nan	nan	nan	nan	2	0	0	nan	0.000000	nan
ASV_1034_16S_022_3	ENV_NO2	1	nan	0.290288	nan	nan	nan	nan	nan	1	0	0	nan	0.000000	nan
OTU_1334_18S_3_200	ENV_NO2	2	nan	0.239502	nan	nan	nan	nan	nan	1	1	0	nan	0.000000	nan
OTU_3206_18S_3_200	ENV_NO2	4	nan	0.425824	nan	nan	nan	nan	nan	3	1	0	nan	0.000000	nan
OTU_726_18S_3_200	ENV_NO2	3	nan	0.230068	nan	nan	nan	nan	nan	0	3	0	nan	0.000000	nan
ASV_491_16S_3_200	ENV_NO2	4	nan	0.520675	nan	nan	nan	nan	nan	0	3	1	nan	0.000000	nan
ASV_164_16S_022_3	ENV_NO2	2	nan	0.388720	nan	nan	nan	nan	nan	1	0	1	nan	0.000000	nan
OTU_1337_18S_3_200	ENV_NO2	2	nan	0.269103	nan	nan	nan	nan	nan	2	0	0	nan	0.000000	nan
OTU_1347_18S_022_3	ENV_NO2	2	nan	0.161222	nan	nan	nan	nan	nan	2	0	0	nan	0.000000	nan
OTU_1562_18S_3_200	ENV_NO2	3	nan	0.345037	nan	nan	nan	nan	nan	1	1	1	nan	0.000000	nan
ASV_229_16S_3_200	ENV_NO2	1	nan	0.294381	nan	nan	nan	nan	nan	0	1	0	nan	0.000000	nan
ASV_1569_16S_022_3	ENV_NO2	3	nan	0.227184	nan	nan	nan	nan	nan	2	1	0	nan	0.000000	nan
OTU_1421_18S_022_3	ENV_NO2	1	nan	0.174102	nan	nan	nan	nan	nan	0	1	0	nan	0.000000	nan
OTU_577_18S_3_200	ENV_NO2	5	nan	0.192636	nan	nan	nan	nan	nan	5	0	0	nan	0.000000	nan
OTU_2253_18S_3_200	ENV_NO2	4	nan	0.200196	nan	nan	nan	nan	nan	1	3	0	nan	0.000000	nan
OTU_1034_18S_3_200	ENV_NO2	3	nan	0.314312	nan	nan	nan	nan	nan	1	2	0	nan	0.000000	nan
OTU_923_18S_3_200	ENV_NO2	2	nan	0.312090	nan	nan	nan	nan	nan	1	1	0	nan	0.000000	nan
OTU_1664_18S_022_3	ENV_NO2	1	nan	0.314974	nan	nan	nan	nan	nan	0	1	0	nan	0.000000	nan
OTU_2474_18S_3_200	ENV_NO2	1	nan	0.259037	nan	nan	nan	nan	nan	0	1	0	nan	0.000000	nan
OTU_487_18S_3_200	ENV_NO2	2	nan	0.326865	nan	nan	nan	nan	nan	2	0	0	nan	0.000000	nan
ASV_1071_16S_3_200	ENV_NO2	4	nan	0.167736	nan	nan	nan	nan	nan	4	0	0	nan	0.000000	nan
OTU_3261_18S_3_200	ENV_NO2	3	nan	0.121711	nan	nan	nan	nan	nan	3	0	0	nan	0.000000	nan
OTU_3382_18S_3_200	ENV_NO2	1	nan	0.240786	nan	nan	nan	nan	nan	0	1	0	nan	0.000000	nan
OTU_886_18S_3_200	ENV_NO2	2	nan	0.189538	nan	nan	nan	nan	nan	2	0	0	nan	0.000000	nan
OTU_881_18S_3_200	ENV_NO2	2	nan	0.239502	nan	nan	nan	nan	nan	2	0	0	nan	0.000000	nan
OTU_1104_18S_3_200	ENV_NO2	5	nan	0.275463	nan	nan	nan	nan	nan	2	3	0	nan	0.000000	nan
OTU_612_18S_022_3	ENV_NO2	1	nan	0.370404	nan	nan	nan	nan	nan	1	0	0	nan	0.000000	nan
ASV_1774_16S_022_3	ENV_NO2	2	nan	0.388720	nan	nan	nan	nan	nan	1	1	0	nan	0.000000	nan
ASV_174_16S_022_3	ENV_NO2	4	nan	0.369190	nan	nan	nan	nan	nan	1	3	0	nan	0.000000	nan
OTU_1291_18S_3_200	ENV_NO2	3	nan	0.357533	nan	nan	nan	nan	nan	0	3	0	nan	0.000000	nan
ASV_1042_16S_022_3	ENV_NO2	3	nan	0.275085	nan	nan	nan	nan	nan	3	0	0	nan	0.000000	nan
OTU_1769_18S_022_3	ENV_NO2	1	nan	0.167736	nan	nan	nan	nan	nan	1	0	0	nan	0.000000	nan
OTU_1414_18S_3_200	ENV_NO2	1	nan	0.390609	nan	nan	nan	nan	nan	0	1	0	nan	0.000000	nan
OTU_861_18S_022_3	ENV_NO2	1	nan	0.146397	nan	nan	nan	nan	nan	1	0	0	nan	0.000000	nan
ASV_310_16S_022_3	ENV_NO2	4	nan	0.504458	nan	nan	nan	nan	nan	3	1	0	nan	0.000000	nan
OTU_242_18S_022_3	ENV_NO2	1	nan	0.374576	nan	nan	nan	nan	nan	0	1	0	nan	0.000000	nan
OTU_198_18S_3_200	ENV_NO2	3	nan	0.237249	nan	nan	nan	nan	nan	2	1	0	nan	0.000000	nan
ASV_97_16S_022_3	ENV_NO2	3	nan	0.529189	nan	nan	nan	nan	nan	2	1	0	nan	0.000000	nan
OTU_129_18S_3_200	ENV_NO2	2	nan	0.433467	nan	nan	nan	nan	nan	0	1	1	nan	0.000000	nan
OTU_1296_18S_3_200	ENV_NO2	5	nan	0.401053	nan	nan	nan	nan	nan	2	3	0	nan	0.000000	nan
ASV_723_16S_022_3	ENV_NO2	3	nan	0.444741	nan	nan	nan	nan	nan	2	1	0	nan	0.000000	nan
OTU_1782_18S_022_3	ENV_NO2	3	nan	0.215910	nan	nan	nan	nan	nan	2	1	0	nan	0.000000	nan
ASV_708_16S_022_3	ENV_NO2	2	nan	0.491230	nan	nan	nan	nan	nan	2	0	0	nan	0.000000	nan
OTU_5297_18S_022_3	ENV_NO2	2	nan	0.409527	nan	nan	nan	nan	nan	1	1	0	nan	0.000000	nan
OTU_1650_18S_3_200	ENV_NO2	3	nan	0.248986	nan	nan	nan	nan	nan	2	1	0	nan	0.000000	nan
OTU_1454_18S_3_200	ENV_NO2	4	nan	0.351765	nan	nan	nan	nan	nan	1	3	0	nan	0.000000	nan
OTU_798_18S_022_3	ENV_NO2	2	nan	0.227850	nan	nan	nan	nan	nan	2	0	0	nan	0.000000	nan
OTU_205_18S_3_200	ENV_NO2	3	nan	0.321031	nan	nan	nan	nan	nan	1	2	0	nan	0.000000	nan
OTU_2047_18S_3_200	ENV_NO2	4	nan	0.248986	nan	nan	nan	nan	nan	4	0	0	nan	0.000000	nan
OTU_2239_18S_022_3	ENV_NO2	2	nan	0.247301	nan	nan	nan	nan	nan	1	1	0	nan	0.000000	nan
OTU_71_18S_022_3	ENV_NO2	1	nan	0.227850	nan	nan	nan	nan	nan	1	0	0	nan	0.000000	nan
ASV_134_16S_022_3	ENV_NO2	4	nan	0.389322	nan	nan	nan	nan	nan	1	3	0	nan	0.000000	nan
OTU_1329_18S_3_200	ENV_NO2	3	nan	0.312254	nan	nan	nan	nan	nan	2	1	0	nan	0.000000	nan
ASV_283_16S_022_3	ENV_NO2	1	nan	0.207178	nan	nan	nan	nan	nan	1	0	0	nan	0.000000	nan
OTU_174_18S_3_200	ENV_NO2	3	nan	0.356325	nan	nan	nan	nan	nan	0	3	0	nan	0.000000	nan
OTU_2376_18S_3_200	ENV_NO2	4	nan	0.319067	nan	nan	nan	nan	nan	2	2	0	nan	0.000000	nan
OTU_2305_18S_3_200	ENV_NO2	4	nan	0.306748	nan	nan	nan	nan	nan	1	3	0	nan	0.000000	nan
ASV_1541_16S_022_3	ENV_NO2	3	nan	0.280839	nan	nan	nan	nan	nan	1	2	0	nan	0.000000	nan
OTU_41_18S_022_3	ENV_NO2	2	nan	0.218984	nan	nan	nan	nan	nan	1	1	0	nan	0.000000	nan
OTU_493_18S_3_200	ENV_NO2	3	nan	0.253666	nan	nan	nan	nan	nan	2	1	0	nan	0.000000	nan
OTU_86_18S_022_3	ENV_NO2	3	nan	0.189538	nan	nan	nan	nan	nan	3	0	0	nan	0.000000	nan
ASV_596_16S_022_3	ENV_NO2	2	nan	0.387725	nan	nan	nan	nan	nan	2	0	0	nan	0.000000	nan
OTU_1598_18S_022_3	ENV_NO2	1	nan	0.422855	nan	nan	nan	nan	nan	0	1	0	nan	0.000000	nan
OTU_2958_18S_022_3	ENV_NO2	4	nan	0.192423	nan	nan	nan	nan	nan	1	3	0	nan	0.000000	nan
OTU_2303_18S_3_200	ENV_NO2	3	nan	0.201275	nan	nan	nan	nan	nan	3	0	0	nan	0.000000	nan
ASV_739_16S_022_3	ENV_NO2	5	nan	0.416504	nan	nan	nan	nan	nan	2	3	0	nan	0.000000	nan
OTU_655_18S_3_200	ENV_NO2	3	nan	0.340207	nan	nan	nan	nan	nan	3	0	0	nan	0.000000	nan
OTU_1363_18S_3_200	ENV_NO2	2	nan	0.485377	nan	nan	nan	nan	nan	0	2	0	nan	0.000000	nan
ASV_138_16S_022_3	ENV_NO2	2	nan	0.395369	nan	nan	nan	nan	nan	2	0	0	nan	0.000000	nan
ASV_333_16S_022_3	ENV_NO2	3	nan	0.183566	nan	nan	nan	nan	nan	3	0	0	nan	0.000000	nan
OTU_1774_18S_3_200	ENV_NO2	1	nan	0.201275	nan	nan	nan	nan	nan	0	1	0	nan	0.000000	nan
OTU_1646_18S_3_200	ENV_NO2	3	nan	0.240133	nan	nan	nan	nan	nan	2	1	0	nan	0.000000	nan
OTU_2905_18S_3_200	ENV_NO2	1	nan	0.270788	nan	nan	nan	nan	nan	0	1	0	nan	0.000000	nan
OTU_1394_18S_3_200	ENV_NO2	7	nan	0.326865	nan	nan	nan	nan	nan	2	5	0	nan	0.000000	nan
OTU_1405_18S_3_200	ENV_NO2	3	nan	0.259037	nan	nan	nan	nan	nan	3	0	0	nan	0.000000	nan
OTU_1391_18S_3_200	ENV_NO2	3	nan	0.156462	nan	nan	nan	nan	nan	3	0	0	nan	0.000000	nan
OTU_1968_18S_3_200	ENV_NO2	3	nan	0.348667	nan	nan	nan	nan	nan	0	3	0	nan	0.000000	nan
OTU_747_18S_022_3	ENV_NO2	1	nan	0.213608	nan	nan	nan	nan	nan	1	0	0	nan	0.000000	nan
OTU_387_18S_3_200	ENV_NO2	3	nan	0.399915	nan	nan	nan	nan	nan	0	3	0	nan	0.000000	nan
ASV_1076_16S_3_200	ENV_NO2	3	nan	0.324457	nan	nan	nan	nan	nan	0	3	0	nan	0.000000	nan
OTU_568_18S_022_3	ENV_NO2	3	nan	0.483586	nan	nan	nan	nan	nan	1	2	0	nan	0.000000	nan
OTU_493_18S_022_3	ENV_NO2	2	nan	0.135252	nan	nan	nan	nan	nan	2	0	0	nan	0.000000	nan
ASV_215_16S_022_3	ENV_NO2	2	nan	0.358494	nan	nan	nan	nan	nan	1	1	0	nan	0.000000	nan
OTU_2420_18S_3_200	ENV_NO2	3	nan	0.248986	nan	nan	nan	nan	nan	1	2	0	nan	0.000000	nan
ASV_556_16S_022_3	ENV_NO2	5	nan	0.228811	nan	nan	nan	nan	nan	5	0	0	nan	0.000000	nan
ASV_166_16S_3_200	ENV_NO2	2	nan	0.403480	nan	nan	nan	nan	nan	1	0	1	nan	0.000000	nan
OTU_1948_18S_3_200	ENV_NO2	4	nan	0.225961	nan	nan	nan	nan	nan	0	4	0	nan	0.000000	nan
OTU_518_18S_022_3	ENV_NO2	2	nan	0.251870	nan	nan	nan	nan	nan	0	2	0	nan	0.000000	nan
OTU_550_18S_3_200	ENV_NO2	4	nan	0.345037	nan	nan	nan	nan	nan	3	0	1	nan	0.000000	nan
ASV_637_16S_022_3	ENV_NO2	3	nan	0.382205	nan	nan	nan	nan	nan	0	3	0	nan	0.000000	nan
OTU_799_18S_3_200	ENV_NO2	5	nan	0.434591	nan	nan	nan	nan	nan	2	3	0	nan	0.000000	nan
OTU_1194_18S_022_3	ENV_NO2	1	nan	0.189538	nan	nan	nan	nan	nan	1	0	0	nan	0.000000	nan
OTU_270_18S_3_200	ENV_NO2	4	nan	0.393708	nan	nan	nan	nan	nan	1	3	0	nan	0.000000	nan
ASV_299_16S_022_3	ENV_NO2	3	nan	0.723487	nan	nan	nan	nan	nan	0	2	1	nan	0.000000	nan
ASV_915_16S_022_3	ENV_NO2	1	nan	0.398169	nan	nan	nan	nan	nan	1	0	0	nan	0.000000	nan
ASV_58_16S_3_200	ENV_NO2	2	nan	0.174102	nan	nan	nan	nan	nan	2	0	0	nan	0.000000	nan
OTU_1159_18S_3_200	ENV_NO2	3	nan	0.275463	nan	nan	nan	nan	nan	1	2	0	nan	0.000000	nan
OTU_1721_18S_3_200	ENV_NO2	3	nan	0.146526	nan	nan	nan	nan	nan	3	0	0	nan	0.000000	nan
OTU_2699_18S_3_200	ENV_NO2	2	nan	0.223077	nan	nan	nan	nan	nan	2	0	0	nan	0.000000	nan
OTU_184_18S_022_3	ENV_NO2	2	nan	0.251407	nan	nan	nan	nan	nan	1	1	0	nan	0.000000	nan
ASV_80_16S_022_3	ENV_NO2	2	nan	0.498411	nan	nan	nan	nan	nan	0	2	0	nan	0.000000	nan
OTU_1714_18S_022_3	ENV_NO2	1	nan	0.165329	nan	nan	nan	nan	nan	0	1	0	nan	0.000000	nan
OTU_932_18S_3_200	ENV_NO2	3	nan	0.329679	nan	nan	nan	nan	nan	0	3	0	nan	0.000000	nan
ASV_865_16S_022_3	ENV_NO2	2	nan	0.431492	nan	nan	nan	nan	nan	1	0	1	nan	0.000000	nan
OTU_1494_18S_022_3	ENV_NO2	3	nan	0.193014	nan	nan	nan	nan	nan	2	1	0	nan	0.000000	nan
OTU_107_18S_022_3	ENV_NO2	1	nan	0.130781	nan	nan	nan	nan	nan	0	1	0	nan	0.000000	nan
OTU_1732_18S_3_200	ENV_NO2	4	nan	0.223091	nan	nan	nan	nan	nan	4	0	0	nan	0.000000	nan
ASV_1457_16S_3_200	ENV_NO2	4	nan	0.449958	nan	nan	nan	nan	nan	1	3	0	nan	0.000000	nan
OTU_2289_18S_022_3	ENV_NO2	1	nan	0.293789	nan	nan	nan	nan	nan	0	1	0	nan	0.000000	nan
OTU_3210_18S_022_3	ENV_NO2	3	nan	0.320350	nan	nan	nan	nan	nan	1	2	0	nan	0.000000	nan
ASV_119_16S_022_3	ENV_NO2	2	nan	0.591387	nan	nan	nan	nan	nan	1	1	0	nan	0.000000	nan
OTU_621_18S_3_200	ENV_NO2	4	nan	0.189538	nan	nan	nan	nan	nan	4	0	0	nan	0.000000	nan
ASV_382_16S_022_3	ENV_NO2	2	nan	0.372358	nan	nan	nan	nan	nan	2	0	0	nan	0.000000	nan
OTU_2270_18S_022_3	ENV_NO2	4	nan	0.214225	nan	nan	nan	nan	nan	4	0	0	nan	0.000000	nan
OTU_277_18S_3_200	ENV_NO2	2	nan	0.257212	nan	nan	nan	nan	nan	1	1	0	nan	0.000000	nan
ASV_1057_16S_022_3	ENV_NO2	1	nan	0.431329	nan	nan	nan	nan	nan	1	0	0	nan	0.000000	nan
ASV_786_16S_022_3	ENV_NO2	3	nan	0.452847	nan	nan	nan	nan	nan	0	3	0	nan	0.000000	nan
OTU_1258_18S_3_200	ENV_NO2	5	nan	0.309632	nan	nan	nan	nan	nan	1	3	1	nan	0.000000	nan
OTU_3023_18S_3_200	ENV_NO2	5	nan	0.293789	nan	nan	nan	nan	nan	1	4	0	nan	0.000000	nan
OTU_855_18S_3_200	ENV_NO2	3	nan	0.191223	nan	nan	nan	nan	nan	2	1	0	nan	0.000000	nan
OTU_2649_18S_3_200	ENV_NO2	5	nan	0.227184	nan	nan	nan	nan	nan	4	1	0	nan	0.000000	nan
OTU_1767_18S_3_200	ENV_NO2	3	nan	0.207839	nan	nan	nan	nan	nan	3	0	0	nan	0.000000	nan
OTU_1728_18S_3_200	ENV_NO2	2	nan	0.345037	nan	nan	nan	nan	nan	0	2	0	nan	0.000000	nan
OTU_606_18S_3_200	ENV_NO2	2	nan	0.247301	nan	nan	nan	nan	nan	1	1	0	nan	0.000000	nan
ASV_1387_16S_022_3	ENV_NO2	1	nan	0.232526	nan	nan	nan	nan	nan	0	1	0	nan	0.000000	nan
OTU_463_18S_022_3	ENV_NO2	3	nan	0.389863	nan	nan	nan	nan	nan	0	3	0	nan	0.000000	nan
OTU_391_18S_022_3	ENV_NO2	1	nan	0.368603	nan	nan	nan	nan	nan	0	0	1	nan	0.000000	nan
ASV_227_16S_022_3	ENV_NO2	3	nan	0.455269	nan	nan	nan	nan	nan	1	2	0	nan	0.000000	nan
OTU_2615_18S_3_200	ENV_NO2	4	nan	0.261935	nan	nan	nan	nan	nan	2	2	0	nan	0.000000	nan
OTU_2399_18S_022_3	ENV_NO2	3	nan	0.263130	nan	nan	nan	nan	nan	1	2	0	nan	0.000000	nan
OTU_110_18S_022_3	ENV_NO2	2	nan	0.354649	nan	nan	nan	nan	nan	0	1	1	nan	0.000000	nan
OTU_1592_18S_3_200	ENV_NO2	3	nan	0.348050	nan	nan	nan	nan	nan	1	2	0	nan	0.000000	nan
OTU_379_18S_3_200	ENV_NO2	1	nan	0.237249	nan	nan	nan	nan	nan	1	0	0	nan	0.000000	nan
ASV_1348_16S_022_3	ENV_NO2	7	nan	0.388720	nan	nan	nan	nan	nan	1	5	1	nan	0.000000	nan
ASV_396_16S_022_3	ENV_NO2	4	nan	0.542308	nan	nan	nan	nan	nan	0	4	0	nan	0.000000	nan
OTU_3490_18S_3_200	ENV_NO2	1	nan	0.263130	nan	nan	nan	nan	nan	0	1	0	nan	0.000000	nan
OTU_1222_18S_3_200	ENV_NO2	2	nan	0.156392	nan	nan	nan	nan	nan	2	0	0	nan	0.000000	nan
OTU_3072_18S_3_200	ENV_NO2	3	nan	0.269103	nan	nan	nan	nan	nan	1	2	0	nan	0.000000	nan
ASV_746_16S_022_3	ENV_NO2	3	nan	0.349810	nan	nan	nan	nan	nan	2	1	0	nan	0.000000	nan
OTU_3160_18S_3_200	ENV_NO2	3	nan	0.165315	nan	nan	nan	nan	nan	3	0	0	nan	0.000000	nan
OTU_1431_18S_3_200	ENV_NO2	3	nan	0.261935	nan	nan	nan	nan	nan	2	1	0	nan	0.000000	nan
ASV_531_16S_022_3	ENV_NO2	3	nan	0.643923	nan	nan	nan	nan	nan	0	3	0	nan	0.000000	nan
OTU_315_18S_3_200	ENV_NO2	2	nan	0.199449	nan	nan	nan	nan	nan	2	0	0	nan	0.000000	nan
OTU_3255_18S_3_200	ENV_NO2	5	nan	0.189538	nan	nan	nan	nan	nan	5	0	0	nan	0.000000	nan
OTU_3348_18S_3_200	ENV_NO2	4	nan	0.269103	nan	nan	nan	nan	nan	0	4	0	nan	0.000000	nan
OTU_2508_18S_3_200	ENV_NO2	4	nan	0.328550	nan	nan	nan	nan	nan	2	2	0	nan	0.000000	nan
ASV_663_16S_3_200	ENV_NO2	5	nan	0.210724	nan	nan	nan	nan	nan	2	3	0	nan	0.000000	nan
ASV_1138_16S_3_200	ENV_NO2	5	nan	0.347388	nan	nan	nan	nan	nan	3	1	1	nan	0.000000	nan
OTU_2501_18S_022_3	ENV_NO2	2	nan	0.251870	nan	nan	nan	nan	nan	1	1	0	nan	0.000000	nan
OTU_2394_18S_3_200	ENV_NO2	3	nan	0.419771	nan	nan	nan	nan	nan	1	2	0	nan	0.000000	nan
OTU_1706_18S_3_200	ENV_NO2	4	nan	0.345037	nan	nan	nan	nan	nan	1	3	0	nan	0.000000	nan
ASV_1636_16S_022_3	ENV_NO2	1	nan	0.273209	nan	nan	nan	nan	nan	0	1	0	nan	0.000000	nan
OTU_102_18S_3_200	ENV_NO2	1	nan	0.309156	nan	nan	nan	nan	nan	1	0	0	nan	0.000000	nan
OTU_1095_18S_022_3	ENV_NO2	1	nan	0.448586	nan	nan	nan	nan	nan	0	1	0	nan	0.000000	nan
OTU_844_18S_022_3	ENV_NO2	4	nan	0.368061	nan	nan	nan	nan	nan	1	3	0	nan	0.000000	nan
OTU_797_18S_3_200	ENV_NO2	3	nan	0.455732	nan	nan	nan	nan	nan	0	3	0	nan	0.000000	nan
ASV_318_16S_022_3	ENV_NO2	3	nan	0.626139	nan	nan	nan	nan	nan	0	2	1	nan	0.000000	nan
ASV_690_16S_022_3	ENV_NO2	1	nan	0.259037	nan	nan	nan	nan	nan	1	0	0	nan	0.000000	nan
OTU_2242_18S_3_200	ENV_NO2	2	nan	0.201275	nan	nan	nan	nan	nan	2	0	0	nan	0.000000	nan
OTU_2069_18S_3_200	ENV_NO2	4	nan	0.194108	nan	nan	nan	nan	nan	4	0	0	nan	0.000000	nan
OTU_3_18S_3_200	ENV_NO2	2	nan	0.281053	nan	nan	nan	nan	nan	0	1	1	nan	0.000000	nan
OTU_3933_18S_3_200	ENV_NO2	3	nan	0.247301	nan	nan	nan	nan	nan	1	2	0	nan	0.000000	nan
OTU_408_18S_022_3	ENV_NO2	1	nan	0.275468	nan	nan	nan	nan	nan	1	0	0	nan	0.000000	nan
OTU_2033_18S_3_200	ENV_NO2	3	nan	0.139420	nan	nan	nan	nan	nan	3	0	0	nan	0.000000	nan
OTU_168_18S_022_3	ENV_NO2	3	nan	0.312174	nan	nan	nan	nan	nan	3	0	0	nan	0.000000	nan
OTU_1422_18S_022_3	ENV_NO2	3	nan	0.606754	nan	nan	nan	nan	nan	0	1	2	nan	0.000000	nan
OTU_1105_18S_3_200	ENV_NO2	3	nan	0.232526	nan	nan	nan	nan	nan	2	1	0	nan	0.000000	nan
OTU_2714_18S_3_200	ENV_NO2	3	nan	0.263130	nan	nan	nan	nan	nan	3	0	0	nan	0.000000	nan
OTU_3610_18S_022_3	ENV_NO2	1	nan	0.251407	nan	nan	nan	nan	nan	0	1	0	nan	0.000000	nan
ASV_324_16S_022_3	ENV_NO2	2	nan	0.450510	nan	nan	nan	nan	nan	2	0	0	nan	0.000000	nan
OTU_2795_18S_3_200	ENV_NO2	3	nan	0.205382	nan	nan	nan	nan	nan	1	2	0	nan	0.000000	nan
ASV_850_16S_022_3	ENV_NO2	1	nan	0.285613	nan	nan	nan	nan	nan	1	0	0	nan	0.000000	nan
OTU_3225_18S_3_200	ENV_NO2	2	nan	0.312641	nan	nan	nan	nan	nan	1	1	0	nan	0.000000	nan
OTU_288_18S_3_200	ENV_NO2	2	nan	0.348597	nan	nan	nan	nan	nan	1	1	0	nan	0.000000	nan
ASV_760_16S_022_3	ENV_NO2	1	nan	0.227184	nan	nan	nan	nan	nan	1	0	0	nan	0.000000	nan
OTU_2601_18S_3_200	ENV_NO2	2	nan	0.156462	nan	nan	nan	nan	nan	1	1	0	nan	0.000000	nan
OTU_851_18S_022_3	ENV_NO2	2	nan	0.362208	nan	nan	nan	nan	nan	1	1	0	nan	0.000000	nan
OTU_5560_18S_3_200	ENV_NO2	4	nan	0.225961	nan	nan	nan	nan	nan	0	4	0	nan	0.000000	nan
OTU_109_18S_3_200	ENV_NO2	3	nan	0.485755	nan	nan	nan	nan	nan	0	3	0	nan	0.000000	nan
ASV_238_16S_022_3	ENV_NO2	1	nan	0.415296	nan	nan	nan	nan	nan	1	0	0	nan	0.000000	nan
ASV_1_16S_022_3	ENV_NO2	3	nan	0.435422	nan	nan	nan	nan	nan	1	2	0	nan	0.000000	nan
ASV_264_16S_022_3	ENV_NO2	1	nan	0.307415	nan	nan	nan	nan	nan	1	0	0	nan	0.000000	nan
ASV_422_16S_022_3	ENV_NO2	3	nan	0.616820	nan	nan	nan	nan	nan	2	1	0	nan	0.000000	nan
OTU_353_18S_3_200	ENV_NO2	3	nan	0.183705	nan	nan	nan	nan	nan	3	0	0	nan	0.000000	nan
ASV_131_16S_022_3	ENV_NO2	2	nan	0.232733	nan	nan	nan	nan	nan	2	0	0	nan	0.000000	nan
ASV_448_16S_022_3	ENV_NO2	2	nan	0.376203	nan	nan	nan	nan	nan	2	0	0	nan	0.000000	nan
ASV_538_16S_022_3	ENV_NO2	1	nan	0.308161	nan	nan	nan	nan	nan	1	0	0	nan	0.000000	nan
OTU_128_18S_3_200	ENV_NO2	3	nan	0.195908	nan	nan	nan	nan	nan	3	0	0	nan	0.000000	nan
ASV_587_16S_022_3	ENV_NO2	1	nan	0.339745	nan	nan	nan	nan	nan	1	0	0	nan	0.000000	nan
ASV_615_16S_022_3	ENV_NO2	2	nan	0.429454	nan	nan	nan	nan	nan	0	2	0	nan	0.000000	nan
ASV_747_16S_022_3	ENV_NO2	1	nan	0.527190	nan	nan	nan	nan	nan	0	1	0	nan	0.000000	nan
ASV_1194_16S_022_3	ENV_NO2	2	nan	0.334444	nan	nan	nan	nan	nan	1	1	0	nan	0.000000	nan
ASV_752_16S_022_3	ENV_NO2	2	nan	0.426570	nan	nan	nan	nan	nan	1	1	0	nan	0.000000	nan
ASV_859_16S_022_3	ENV_NO2	2	nan	0.416256	nan	nan	nan	nan	nan	1	1	0	nan	0.000000	nan
ASV_152_16S_3_200	ENV_NO2	2	nan	0.244893	nan	nan	nan	nan	nan	2	0	0	nan	0.000000	nan
ASV_899_16S_022_3	ENV_NO2	1	nan	0.206048	nan	nan	nan	nan	nan	1	0	0	nan	0.000000	nan
ASV_942_16S_022_3	ENV_NO2	1	nan	0.530074	nan	nan	nan	nan	nan	0	0	1	nan	0.000000	nan
ASV_1012_16S_022_3	ENV_NO2	4	nan	0.550698	nan	nan	nan	nan	nan	1	2	1	nan	0.000000	nan
ASV_316_16S_022_3	ENV_NO2	4	nan	0.450833	nan	nan	nan	nan	nan	3	1	0	nan	0.000000	nan
ASV_411_16S_022_3	ENV_NO2	3	nan	0.447626	nan	nan	nan	nan	nan	1	2	0	nan	0.000000	nan
ASV_1021_16S_022_3	ENV_NO2	1	nan	0.296887	nan	nan	nan	nan	nan	1	0	0	nan	0.000000	nan
OTU_1127_18S_3_200	ENV_NO2	4	nan	0.303615	nan	nan	nan	nan	nan	3	1	0	nan	0.000000	nan
ASV_1144_16S_022_3	ENV_NO2	1	nan	0.297896	nan	nan	nan	nan	nan	0	1	0	nan	0.000000	nan
ASV_1097_16S_022_3	ENV_NO2	2	nan	0.719394	nan	nan	nan	nan	nan	0	1	1	nan	0.000000	nan
ASV_651_16S_3_200	ENV_NO2	1	nan	0.272201	nan	nan	nan	nan	nan	1	0	0	nan	0.000000	nan
ASV_1706_16S_022_3	ENV_NO2	4	nan	0.416504	nan	nan	nan	nan	nan	1	3	0	nan	0.000000	nan
ASV_704_16S_022_3	ENV_NO2	1	nan	0.246684	nan	nan	nan	nan	nan	1	0	0	nan	0.000000	nan
ASV_1154_16S_022_3	ENV_NO2	3	nan	0.606087	nan	nan	nan	nan	nan	0	3	0	nan	0.000000	nan
OTU_303_18S_022_3	ENV_NO2	1	nan	0.403598	nan	nan	nan	nan	nan	1	0	0	nan	0.000000	nan
OTU_1256_18S_3_200	ENV_NO2	3	nan	0.529522	nan	nan	nan	nan	nan	0	2	1	nan	0.000000	nan
ASV_1269_16S_022_3	ENV_NO2	3	nan	0.378589	nan	nan	nan	nan	nan	3	0	0	nan	0.000000	nan
OTU_4500_18S_3_200	ENV_NO2	4	nan	0.269103	nan	nan	nan	nan	nan	4	0	0	nan	0.000000	nan
ASV_1303_16S_022_3	ENV_NO2	2	nan	0.474310	nan	nan	nan	nan	nan	1	1	0	nan	0.000000	nan
ASV_1332_16S_022_3	ENV_NO2	5	nan	0.431045	nan	nan	nan	nan	nan	3	2	0	nan	0.000000	nan
OTU_1820_18S_022_3	ENV_NO2	1	nan	0.293719	nan	nan	nan	nan	nan	0	1	0	nan	0.000000	nan
ASV_1971_16S_022_3	ENV_NO2	3	nan	0.429668	nan	nan	nan	nan	nan	1	2	0	nan	0.000000	nan
ASV_1361_16S_022_3	ENV_NO2	4	nan	0.465335	nan	nan	nan	nan	nan	3	1	0	nan	0.000000	nan
ASV_924_16S_022_3	ENV_NO2	2	nan	0.551876	nan	nan	nan	nan	nan	0	2	0	nan	0.000000	nan
ASV_1396_16S_022_3	ENV_NO2	2	nan	0.385771	nan	nan	nan	nan	nan	2	0	0	nan	0.000000	nan
ASV_1418_16S_022_3	ENV_NO2	1	nan	0.370404	nan	nan	nan	nan	nan	1	0	0	nan	0.000000	nan
ASV_1507_16S_022_3	ENV_NO2	3	nan	0.485928	nan	nan	nan	nan	nan	2	1	0	nan	0.000000	nan
ASV_157_16S_3_200	ENV_NO2	4	nan	0.199996	nan	nan	nan	nan	nan	3	1	0	nan	0.000000	nan
ASV_227_16S_3_200	ENV_NO2	3	nan	0.625005	nan	nan	nan	nan	nan	1	1	1	nan	0.000000	nan
ASV_1571_16S_022_3	ENV_NO2	3	nan	0.471382	nan	nan	nan	nan	nan	0	2	1	nan	0.000000	nan
ASV_892_16S_022_3	ENV_NO2	1	nan	0.178394	nan	nan	nan	nan	nan	0	1	0	nan	0.000000	nan
ASV_1881_16S_022_3	ENV_NO2	2	nan	0.387725	nan	nan	nan	nan	nan	1	1	0	nan	0.000000	nan
ASV_1921_16S_022_3	ENV_NO2	4	nan	0.452847	nan	nan	nan	nan	nan	2	2	0	nan	0.000000	nan
ASV_1930_16S_022_3	ENV_NO2	3	nan	0.445865	nan	nan	nan	nan	nan	0	3	0	nan	0.000000	nan
ASV_1994_16S_022_3	ENV_NO2	2	nan	0.214816	nan	nan	nan	nan	nan	2	0	0	nan	0.000000	nan
ASV_2102_16S_022_3	ENV_NO2	4	nan	0.265602	nan	nan	nan	nan	nan	3	1	0	nan	0.000000	nan
ASV_2170_16S_022_3	ENV_NO2	1	nan	0.366918	nan	nan	nan	nan	nan	1	0	0	nan	0.000000	nan
OTU_61_18S_022_3	ENV_NO2	1	nan	0.458820	nan	nan	nan	nan	nan	1	0	0	nan	0.000000	nan
OTU_67_18S_022_3	ENV_NO2	2	nan	0.218452	nan	nan	nan	nan	nan	2	0	0	nan	0.000000	nan
OTU_955_18S_022_3	ENV_NO2	3	nan	0.167736	nan	nan	nan	nan	nan	3	0	0	nan	0.000000	nan
OTU_92_18S_022_3	ENV_NO2	1	nan	0.351481	nan	nan	nan	nan	nan	1	0	0	nan	0.000000	nan
OTU_130_18S_022_3	ENV_NO2	1	nan	0.251870	nan	nan	nan	nan	nan	1	0	0	nan	0.000000	nan
ASV_92_16S_022_3	ENV_NO2	2	nan	0.599777	nan	nan	nan	nan	nan	0	2	0	nan	0.000000	nan
OTU_201_18S_022_3	ENV_NO2	1	nan	0.243138	nan	nan	nan	nan	nan	1	0	0	nan	0.000000	nan
OTU_554_18S_022_3	ENV_NO2	1	nan	0.273209	nan	nan	nan	nan	nan	1	0	0	nan	0.000000	nan
OTU_266_18S_022_3	ENV_NO2	1	nan	0.543517	nan	nan	nan	nan	nan	1	0	0	nan	0.000000	nan
OTU_365_18S_022_3	ENV_NO2	1	nan	0.425282	nan	nan	nan	nan	nan	0	1	0	nan	0.000000	nan
OTU_388_18S_022_3	ENV_NO2	2	nan	0.356787	nan	nan	nan	nan	nan	0	2	0	nan	0.000000	nan
OTU_423_18S_022_3	ENV_NO2	2	nan	0.398169	nan	nan	nan	nan	nan	1	0	1	nan	0.000000	nan
ASV_248_16S_3_200	ENV_NO2	1	nan	0.487137	nan	nan	nan	nan	nan	1	0	0	nan	0.000000	nan
OTU_434_18S_022_3	ENV_NO2	1	nan	0.366137	nan	nan	nan	nan	nan	0	1	0	nan	0.000000	nan
OTU_544_18S_022_3	ENV_NO2	1	nan	0.361547	nan	nan	nan	nan	nan	0	1	0	nan	0.000000	nan
OTU_1173_18S_022_3	ENV_NO2	1	nan	0.365923	nan	nan	nan	nan	nan	0	1	0	nan	0.000000	nan
OTU_556_18S_022_3	ENV_NO2	1	nan	0.298562	nan	nan	nan	nan	nan	1	0	0	nan	0.000000	nan
OTU_307_18S_022_3	ENV_NO2	2	nan	0.479955	nan	nan	nan	nan	nan	0	1	1	nan	0.000000	nan
OTU_771_18S_022_3	ENV_NO2	2	nan	0.436351	nan	nan	nan	nan	nan	0	2	0	nan	0.000000	nan
OTU_860_18S_022_3	ENV_NO2	1	nan	0.370404	nan	nan	nan	nan	nan	0	1	0	nan	0.000000	nan
OTU_894_18S_022_3	ENV_NO2	1	nan	0.295011	nan	nan	nan	nan	nan	0	1	0	nan	0.000000	nan
OTU_992_18S_022_3	ENV_NO2	1	nan	0.299692	nan	nan	nan	nan	nan	1	0	0	nan	0.000000	nan
ASV_628_16S_3_200	ENV_NO2	2	nan	0.362879	nan	nan	nan	nan	nan	1	1	0	nan	0.000000	nan
OTU_1180_18S_022_3	ENV_NO2	1	nan	0.158147	nan	nan	nan	nan	nan	0	1	0	nan	0.000000	nan
OTU_1179_18S_022_3	ENV_NO2	1	nan	0.383180	nan	nan	nan	nan	nan	0	1	0	nan	0.000000	nan
OTU_1266_18S_022_3	ENV_NO2	1	nan	0.273672	nan	nan	nan	nan	nan	0	1	0	nan	0.000000	nan
ASV_969_16S_022_3	ENV_NO2	2	nan	0.472391	nan	nan	nan	nan	nan	1	1	0	nan	0.000000	nan
ASV_60_16S_022_3	ENV_NO2	2	nan	0.382886	nan	nan	nan	nan	nan	1	1	0	nan	0.000000	nan
OTU_1258_18S_022_3	ENV_NO2	4	nan	0.368603	nan	nan	nan	nan	nan	1	3	0	nan	0.000000	nan
OTU_1291_18S_022_3	ENV_NO2	1	nan	0.309632	nan	nan	nan	nan	nan	0	1	0	nan	0.000000	nan
OTU_1381_18S_022_3	ENV_NO2	3	nan	0.340406	nan	nan	nan	nan	nan	1	2	0	nan	0.000000	nan
ASV_569_16S_022_3	ENV_NO2	1	nan	0.439559	nan	nan	nan	nan	nan	0	1	0	nan	0.000000	nan
ASV_749_16S_022_3	ENV_NO2	4	nan	0.637239	nan	nan	nan	nan	nan	2	2	0	nan	0.000000	nan
OTU_1358_18S_022_3	ENV_NO2	2	nan	0.333230	nan	nan	nan	nan	nan	1	1	0	nan	0.000000	nan
ASV_932_16S_022_3	ENV_NO2	5	nan	0.324457	nan	nan	nan	nan	nan	2	3	0	nan	0.000000	nan
OTU_2578_18S_3_200	ENV_NO2	2	nan	0.388103	nan	nan	nan	nan	nan	0	2	0	nan	0.000000	nan
OTU_1631_18S_022_3	ENV_NO2	1	nan	0.273672	nan	nan	nan	nan	nan	0	1	0	nan	0.000000	nan
OTU_1634_18S_022_3	ENV_NO2	2	nan	0.275468	nan	nan	nan	nan	nan	0	2	0	nan	0.000000	nan
OTU_1670_18S_022_3	ENV_NO2	2	nan	0.297896	nan	nan	nan	nan	nan	2	0	0	nan	0.000000	nan
OTU_1763_18S_022_3	ENV_NO2	3	nan	0.269103	nan	nan	nan	nan	nan	1	2	0	nan	0.000000	nan
OTU_1684_18S_022_3	ENV_NO2	2	nan	0.223077	nan	nan	nan	nan	nan	0	2	0	nan	0.000000	nan
OTU_1849_18S_022_3	ENV_NO2	3	nan	0.355858	nan	nan	nan	nan	nan	1	2	0	nan	0.000000	nan
ASV_358_16S_022_3	ENV_NO2	3	nan	0.358200	nan	nan	nan	nan	nan	1	2	0	nan	0.000000	nan
OTU_5666_18S_3_200	ENV_NO2	3	nan	0.223091	nan	nan	nan	nan	nan	1	2	0	nan	0.000000	nan
OTU_1844_18S_022_3	ENV_NO2	2	nan	0.296141	nan	nan	nan	nan	nan	1	1	0	nan	0.000000	nan
ASV_827_16S_022_3	ENV_NO2	2	nan	0.215910	nan	nan	nan	nan	nan	1	1	0	nan	0.000000	nan
OTU_1927_18S_022_3	ENV_NO2	2	nan	0.215447	nan	nan	nan	nan	nan	1	1	0	nan	0.000000	nan
OTU_2094_18S_022_3	ENV_NO2	1	nan	0.416256	nan	nan	nan	nan	nan	0	1	0	nan	0.000000	nan
OTU_121_18S_022_3	ENV_NO2	3	nan	0.336861	nan	nan	nan	nan	nan	1	2	0	nan	0.000000	nan
OTU_2295_18S_3_200	ENV_NO2	4	nan	0.268486	nan	nan	nan	nan	nan	2	2	0	nan	0.000000	nan
OTU_2245_18S_022_3	ENV_NO2	1	nan	0.167736	nan	nan	nan	nan	nan	1	0	0	nan	0.000000	nan
ASV_207_16S_022_3	ENV_NO2	2	nan	0.146397	nan	nan	nan	nan	nan	2	0	0	nan	0.000000	nan
OTU_235_18S_3_200	ENV_NO2	2	nan	0.380465	nan	nan	nan	nan	nan	1	1	0	nan	0.000000	nan
OTU_2304_18S_022_3	ENV_NO2	3	nan	0.273672	nan	nan	nan	nan	nan	1	2	0	nan	0.000000	nan
OTU_1917_18S_3_200	ENV_NO2	4	nan	0.167736	nan	nan	nan	nan	nan	3	1	0	nan	0.000000	nan
OTU_2334_18S_022_3	ENV_NO2	2	nan	0.189538	nan	nan	nan	nan	nan	2	0	0	nan	0.000000	nan
OTU_396_18S_022_3	ENV_NO2	1	nan	0.180616	nan	nan	nan	nan	nan	1	0	0	nan	0.000000	nan
OTU_2461_18S_022_3	ENV_NO2	1	nan	0.161222	nan	nan	nan	nan	nan	1	0	0	nan	0.000000	nan
OTU_2990_18S_022_3	ENV_NO2	1	nan	0.236027	nan	nan	nan	nan	nan	1	0	0	nan	0.000000	nan
OTU_3133_18S_022_3	ENV_NO2	3	nan	0.230068	nan	nan	nan	nan	nan	0	3	0	nan	0.000000	nan
OTU_3064_18S_022_3	ENV_NO2	2	nan	0.316813	nan	nan	nan	nan	nan	2	0	0	nan	0.000000	nan
ASV_370_16S_022_3	ENV_NO2	3	nan	0.496283	nan	nan	nan	nan	nan	3	0	0	nan	0.000000	nan
OTU_3962_18S_022_3	ENV_NO2	2	nan	0.146397	nan	nan	nan	nan	nan	2	0	0	nan	0.000000	nan
ASV_94_16S_022_3	ENV_NO2	2	nan	0.464668	nan	nan	nan	nan	nan	1	1	0	nan	0.000000	nan
OTU_4126_18S_022_3	ENV_NO2	1	nan	0.290372	nan	nan	nan	nan	nan	0	1	0	nan	0.000000	nan
ASV_35_16S_3_200	ENV_NO2	3	nan	0.495322	nan	nan	nan	nan	nan	2	1	0	nan	0.000000	nan
ASV_37_16S_3_200	ENV_NO2	1	nan	0.219198	nan	nan	nan	nan	nan	0	0	1	nan	0.000000	nan
ASV_63_16S_3_200	ENV_NO2	3	nan	0.197659	nan	nan	nan	nan	nan	1	2	0	nan	0.000000	nan
ASV_85_16S_3_200	ENV_NO2	1	nan	0.344121	nan	nan	nan	nan	nan	0	1	0	nan	0.000000	nan
ASV_139_16S_3_200	ENV_NO2	2	nan	0.491230	nan	nan	nan	nan	nan	0	2	0	nan	0.000000	nan
ASV_180_16S_3_200	ENV_NO2	2	nan	0.357285	nan	nan	nan	nan	nan	0	2	0	nan	0.000000	nan
ASV_215_16S_3_200	ENV_NO2	1	nan	0.321573	nan	nan	nan	nan	nan	1	0	0	nan	0.000000	nan
ASV_283_16S_3_200	ENV_NO2	2	nan	0.225961	nan	nan	nan	nan	nan	0	2	0	nan	0.000000	nan
ASV_300_16S_3_200	ENV_NO2	2	nan	0.542015	nan	nan	nan	nan	nan	0	2	0	nan	0.000000	nan
ASV_365_16S_3_200	ENV_NO2	5	nan	0.379335	nan	nan	nan	nan	nan	2	3	0	nan	0.000000	nan
ASV_437_16S_3_200	ENV_NO2	1	nan	0.501758	nan	nan	nan	nan	nan	1	0	0	nan	0.000000	nan
ASV_483_16S_3_200	ENV_NO2	2	nan	0.298483	nan	nan	nan	nan	nan	0	2	0	nan	0.000000	nan
ASV_501_16S_3_200	ENV_NO2	1	nan	0.236240	nan	nan	nan	nan	nan	1	0	0	nan	0.000000	nan
ASV_515_16S_3_200	ENV_NO2	3	nan	0.383349	nan	nan	nan	nan	nan	2	1	0	nan	0.000000	nan
ASV_537_16S_3_200	ENV_NO2	3	nan	0.461784	nan	nan	nan	nan	nan	2	1	0	nan	0.000000	nan
ASV_559_16S_3_200	ENV_NO2	3	nan	0.435258	nan	nan	nan	nan	nan	0	3	0	nan	0.000000	nan
ASV_687_16S_3_200	ENV_NO2	3	nan	0.146397	nan	nan	nan	nan	nan	3	0	0	nan	0.000000	nan
ASV_691_16S_3_200	ENV_NO2	1	nan	0.296464	nan	nan	nan	nan	nan	1	0	0	nan	0.000000	nan
ASV_705_16S_3_200	ENV_NO2	4	nan	0.151170	nan	nan	nan	nan	nan	4	0	0	nan	0.000000	nan
ASV_755_16S_3_200	ENV_NO2	3	nan	0.263130	nan	nan	nan	nan	nan	1	2	0	nan	0.000000	nan
ASV_808_16S_3_200	ENV_NO2	2	nan	0.250777	nan	nan	nan	nan	nan	1	1	0	nan	0.000000	nan
ASV_884_16S_3_200	ENV_NO2	3	nan	0.325586	nan	nan	nan	nan	nan	2	1	0	nan	0.000000	nan
ASV_903_16S_3_200	ENV_NO2	1	nan	0.320350	nan	nan	nan	nan	nan	0	0	1	nan	0.000000	nan
OTU_2031_18S_3_200	ENV_NO2	3	nan	0.282445	nan	nan	nan	nan	nan	3	0	0	nan	0.000000	nan
ASV_912_16S_3_200	ENV_NO2	2	nan	0.370404	nan	nan	nan	nan	nan	1	1	0	nan	0.000000	nan
ASV_949_16S_3_200	ENV_NO2	2	nan	0.290288	nan	nan	nan	nan	nan	0	2	0	nan	0.000000	nan
ASV_1029_16S_3_200	ENV_NO2	1	nan	0.287567	nan	nan	nan	nan	nan	1	0	0	nan	0.000000	nan
ASV_1107_16S_3_200	ENV_NO2	4	nan	0.449958	nan	nan	nan	nan	nan	1	3	0	nan	0.000000	nan
ASV_1117_16S_3_200	ENV_NO2	3	nan	0.608709	nan	nan	nan	nan	nan	2	1	0	nan	0.000000	nan
ASV_1137_16S_3_200	ENV_NO2	1	nan	0.355902	nan	nan	nan	nan	nan	1	0	0	nan	0.000000	nan
OTU_1887_18S_3_200	ENV_NO2	3	nan	0.536165	nan	nan	nan	nan	nan	0	3	0	nan	0.000000	nan
ASV_1220_16S_3_200	ENV_NO2	2	nan	0.605546	nan	nan	nan	nan	nan	0	2	0	nan	0.000000	nan
ASV_1227_16S_3_200	ENV_NO2	1	nan	0.390405	nan	nan	nan	nan	nan	0	0	1	nan	0.000000	nan
ASV_1226_16S_3_200	ENV_NO2	1	nan	0.259051	nan	nan	nan	nan	nan	1	0	0	nan	0.000000	nan
ASV_1251_16S_3_200	ENV_NO2	4	nan	0.397969	nan	nan	nan	nan	nan	0	4	0	nan	0.000000	nan
ASV_1250_16S_3_200	ENV_NO2	3	nan	0.384841	nan	nan	nan	nan	nan	3	0	0	nan	0.000000	nan
ASV_1254_16S_3_200	ENV_NO2	2	nan	0.262588	nan	nan	nan	nan	nan	0	2	0	nan	0.000000	nan
OTU_5358_18S_3_200	ENV_NO2	4	nan	0.192423	nan	nan	nan	nan	nan	2	2	0	nan	0.000000	nan
ASV_1275_16S_3_200	ENV_NO2	2	nan	0.376834	nan	nan	nan	nan	nan	1	1	0	nan	0.000000	nan
ASV_1300_16S_3_200	ENV_NO2	1	nan	0.207839	nan	nan	nan	nan	nan	1	0	0	nan	0.000000	nan
ASV_1321_16S_3_200	ENV_NO2	1	nan	0.197117	nan	nan	nan	nan	nan	1	0	0	nan	0.000000	nan
ASV_1400_16S_3_200	ENV_NO2	2	nan	0.306748	nan	nan	nan	nan	nan	1	1	0	nan	0.000000	nan
ASV_1512_16S_3_200	ENV_NO2	5	nan	0.603203	nan	nan	nan	nan	nan	0	0	5	nan	0.000000	nan
ASV_1537_16S_3_200	ENV_NO2	1	nan	0.195735	nan	nan	nan	nan	nan	1	0	0	nan	0.000000	nan
ASV_1564_16S_3_200	ENV_NO2	4	nan	0.248986	nan	nan	nan	nan	nan	4	0	0	nan	0.000000	nan
ASV_1591_16S_3_200	ENV_NO2	4	nan	0.225961	nan	nan	nan	nan	nan	2	2	0	nan	0.000000	nan
ASV_1715_16S_3_200	ENV_NO2	1	nan	0.174763	nan	nan	nan	nan	nan	1	0	0	nan	0.000000	nan
ASV_1821_16S_3_200	ENV_NO2	2	nan	0.174102	nan	nan	nan	nan	nan	2	0	0	nan	0.000000	nan
OTU_2333_18S_3_200	ENV_NO2	2	nan	0.259051	nan	nan	nan	nan	nan	0	2	0	nan	0.000000	nan
ASV_1870_16S_3_200	ENV_NO2	1	nan	0.273672	nan	nan	nan	nan	nan	0	1	0	nan	0.000000	nan
ASV_1879_16S_3_200	ENV_NO2	4	nan	0.340406	nan	nan	nan	nan	nan	2	2	0	nan	0.000000	nan
ASV_2007_16S_3_200	ENV_NO2	1	nan	0.320892	nan	nan	nan	nan	nan	1	0	0	nan	0.000000	nan
ASV_2288_16S_3_200	ENV_NO2	5	nan	0.146397	nan	nan	nan	nan	nan	3	2	0	nan	0.000000	nan
ASV_2561_16S_3_200	ENV_NO2	1	nan	0.354649	nan	nan	nan	nan	nan	0	1	0	nan	0.000000	nan
OTU_18_18S_3_200	ENV_NO2	2	nan	0.284867	nan	nan	nan	nan	nan	1	1	0	nan	0.000000	nan
OTU_44_18S_3_200	ENV_NO2	2	nan	0.366839	nan	nan	nan	nan	nan	0	2	0	nan	0.000000	nan
OTU_50_18S_3_200	ENV_NO2	4	nan	0.369937	nan	nan	nan	nan	nan	1	3	0	nan	0.000000	nan
OTU_78_18S_3_200	ENV_NO2	2	nan	0.414549	nan	nan	nan	nan	nan	0	2	0	nan	0.000000	nan
OTU_118_18S_3_200	ENV_NO2	3	nan	0.413456	nan	nan	nan	nan	nan	0	3	0	nan	0.000000	nan
OTU_155_18S_3_200	ENV_NO2	2	nan	0.346259	nan	nan	nan	nan	nan	0	2	0	nan	0.000000	nan
OTU_3269_18S_3_200	ENV_NO2	4	nan	0.388720	nan	nan	nan	nan	nan	0	4	0	nan	0.000000	nan
OTU_189_18S_3_200	ENV_NO2	2	nan	0.251995	nan	nan	nan	nan	nan	2	0	0	nan	0.000000	nan
OTU_195_18S_3_200	ENV_NO2	3	nan	0.359994	nan	nan	nan	nan	nan	2	1	0	nan	0.000000	nan
OTU_204_18S_3_200	ENV_NO2	3	nan	0.415296	nan	nan	nan	nan	nan	2	1	0	nan	0.000000	nan
OTU_3606_18S_3_200	ENV_NO2	4	nan	0.128275	nan	nan	nan	nan	nan	4	0	0	nan	0.000000	nan
OTU_212_18S_3_200	ENV_NO2	1	nan	0.145402	nan	nan	nan	nan	nan	1	0	0	nan	0.000000	nan
OTU_278_18S_3_200	ENV_NO2	1	nan	0.262588	nan	nan	nan	nan	nan	0	1	0	nan	0.000000	nan
OTU_300_18S_3_200	ENV_NO2	2	nan	0.367132	nan	nan	nan	nan	nan	0	2	0	nan	0.000000	nan
OTU_343_18S_3_200	ENV_NO2	4	nan	0.404021	nan	nan	nan	nan	nan	1	2	1	nan	0.000000	nan
OTU_298_18S_3_200	ENV_NO2	1	nan	0.273209	nan	nan	nan	nan	nan	1	0	0	nan	0.000000	nan
OTU_361_18S_3_200	ENV_NO2	1	nan	0.323448	nan	nan	nan	nan	nan	1	0	0	nan	0.000000	nan
OTU_360_18S_3_200	ENV_NO2	5	nan	0.437844	nan	nan	nan	nan	nan	4	1	0	nan	0.000000	nan
OTU_368_18S_3_200	ENV_NO2	1	nan	0.341237	nan	nan	nan	nan	nan	1	0	0	nan	0.000000	nan
OTU_356_18S_3_200	ENV_NO2	2	nan	0.227184	nan	nan	nan	nan	nan	0	2	0	nan	0.000000	nan
OTU_3625_18S_3_200	ENV_NO2	1	nan	0.236240	nan	nan	nan	nan	nan	1	0	0	nan	0.000000	nan
OTU_371_18S_3_200	ENV_NO2	3	nan	0.366137	nan	nan	nan	nan	nan	2	1	0	nan	0.000000	nan
OTU_404_18S_3_200	ENV_NO2	1	nan	0.364510	nan	nan	nan	nan	nan	0	1	0	nan	0.000000	nan
OTU_412_18S_3_200	ENV_NO2	2	nan	0.300517	nan	nan	nan	nan	nan	2	0	0	nan	0.000000	nan
OTU_444_18S_3_200	ENV_NO2	2	nan	0.213692	nan	nan	nan	nan	nan	2	0	0	nan	0.000000	nan
OTU_472_18S_3_200	ENV_NO2	2	nan	0.281982	nan	nan	nan	nan	nan	2	0	0	nan	0.000000	nan
OTU_478_18S_3_200	ENV_NO2	2	nan	0.309757	nan	nan	nan	nan	nan	1	1	0	nan	0.000000	nan
OTU_466_18S_3_200	ENV_NO2	3	nan	0.369022	nan	nan	nan	nan	nan	1	2	0	nan	0.000000	nan
OTU_470_18S_3_200	ENV_NO2	2	nan	0.416425	nan	nan	nan	nan	nan	1	0	1	nan	0.000000	nan
OTU_471_18S_3_200	ENV_NO2	2	nan	0.435422	nan	nan	nan	nan	nan	0	1	1	nan	0.000000	nan
OTU_377_18S_3_200	ENV_NO2	3	nan	0.177270	nan	nan	nan	nan	nan	3	0	0	nan	0.000000	nan
OTU_515_18S_3_200	ENV_NO2	5	nan	0.223077	nan	nan	nan	nan	nan	2	3	0	nan	0.000000	nan
OTU_512_18S_3_200	ENV_NO2	2	nan	0.354649	nan	nan	nan	nan	nan	1	1	0	nan	0.000000	nan
OTU_582_18S_3_200	ENV_NO2	3	nan	0.272786	nan	nan	nan	nan	nan	3	0	0	nan	0.000000	nan
OTU_624_18S_3_200	ENV_NO2	1	nan	0.319734	nan	nan	nan	nan	nan	1	0	0	nan	0.000000	nan
OTU_564_18S_3_200	ENV_NO2	1	nan	0.247892	nan	nan	nan	nan	nan	1	0	0	nan	0.000000	nan
OTU_670_18S_3_200	ENV_NO2	2	nan	0.315805	nan	nan	nan	nan	nan	1	1	0	nan	0.000000	nan
OTU_691_18S_3_200	ENV_NO2	2	nan	0.296802	nan	nan	nan	nan	nan	1	1	0	nan	0.000000	nan
OTU_722_18S_3_200	ENV_NO2	2	nan	0.279222	nan	nan	nan	nan	nan	2	0	0	nan	0.000000	nan
OTU_747_18S_3_200	ENV_NO2	1	nan	0.407866	nan	nan	nan	nan	nan	1	0	0	nan	0.000000	nan
OTU_714_18S_3_200	ENV_NO2	3	nan	0.368603	nan	nan	nan	nan	nan	0	3	0	nan	0.000000	nan
OTU_761_18S_3_200	ENV_NO2	2	nan	0.312637	nan	nan	nan	nan	nan	1	1	0	nan	0.000000	nan
OTU_973_18S_3_200	ENV_NO2	1	nan	0.272201	nan	nan	nan	nan	nan	1	0	0	nan	0.000000	nan
OTU_1019_18S_3_200	ENV_NO2	3	nan	0.524306	nan	nan	nan	nan	nan	0	2	1	nan	0.000000	nan
OTU_2120_18S_3_200	ENV_NO2	1	nan	0.245276	nan	nan	nan	nan	nan	1	0	0	nan	0.000000	nan
OTU_982_18S_3_200	ENV_NO2	1	nan	0.192636	nan	nan	nan	nan	nan	1	0	0	nan	0.000000	nan
OTU_1114_18S_3_200	ENV_NO2	3	nan	0.190015	nan	nan	nan	nan	nan	2	1	0	nan	0.000000	nan
OTU_1144_18S_3_200	ENV_NO2	1	nan	0.236240	nan	nan	nan	nan	nan	1	0	0	nan	0.000000	nan
OTU_1207_18S_3_200	ENV_NO2	2	nan	0.330958	nan	nan	nan	nan	nan	1	1	0	nan	0.000000	nan
OTU_1214_18S_3_200	ENV_NO2	2	nan	0.532029	nan	nan	nan	nan	nan	0	2	0	nan	0.000000	nan
OTU_1233_18S_3_200	ENV_NO2	3	nan	0.284946	nan	nan	nan	nan	nan	2	1	0	nan	0.000000	nan
OTU_1202_18S_3_200	ENV_NO2	3	nan	0.409243	nan	nan	nan	nan	nan	0	2	1	nan	0.000000	nan
OTU_1313_18S_3_200	ENV_NO2	3	nan	0.433930	nan	nan	nan	nan	nan	1	2	0	nan	0.000000	nan
OTU_1444_18S_3_200	ENV_NO2	3	nan	0.239040	nan	nan	nan	nan	nan	2	1	0	nan	0.000000	nan
OTU_1364_18S_3_200	ENV_NO2	3	nan	0.229512	nan	nan	nan	nan	nan	3	0	0	nan	0.000000	nan
OTU_1485_18S_3_200	ENV_NO2	4	nan	0.201275	nan	nan	nan	nan	nan	4	0	0	nan	0.000000	nan
OTU_1514_18S_3_200	ENV_NO2	1	nan	0.366918	nan	nan	nan	nan	nan	1	0	0	nan	0.000000	nan
OTU_1509_18S_3_200	ENV_NO2	4	nan	0.487430	nan	nan	nan	nan	nan	0	3	1	nan	0.000000	nan
OTU_1365_18S_3_200	ENV_NO2	3	nan	0.183566	nan	nan	nan	nan	nan	3	0	0	nan	0.000000	nan
OTU_1274_18S_3_200	ENV_NO2	2	nan	0.214225	nan	nan	nan	nan	nan	1	1	0	nan	0.000000	nan
OTU_1477_18S_3_200	ENV_NO2	3	nan	0.272579	nan	nan	nan	nan	nan	1	2	0	nan	0.000000	nan
OTU_6332_18S_3_200	ENV_NO2	4	nan	0.230068	nan	nan	nan	nan	nan	3	1	0	nan	0.000000	nan
OTU_1367_18S_3_200	ENV_NO2	1	nan	0.303038	nan	nan	nan	nan	nan	0	1	0	nan	0.000000	nan
OTU_1577_18S_3_200	ENV_NO2	2	nan	0.383349	nan	nan	nan	nan	nan	0	2	0	nan	0.000000	nan
OTU_1778_18S_3_200	ENV_NO2	2	nan	0.253078	nan	nan	nan	nan	nan	2	0	0	nan	0.000000	nan
OTU_1819_18S_3_200	ENV_NO2	3	nan	0.262588	nan	nan	nan	nan	nan	2	1	0	nan	0.000000	nan
OTU_1886_18S_3_200	ENV_NO2	4	nan	0.223077	nan	nan	nan	nan	nan	2	2	0	nan	0.000000	nan
OTU_1934_18S_3_200	ENV_NO2	2	nan	0.179473	nan	nan	nan	nan	nan	1	1	0	nan	0.000000	nan
OTU_2515_18S_3_200	ENV_NO2	1	nan	0.334444	nan	nan	nan	nan	nan	1	0	0	nan	0.000000	nan
OTU_1884_18S_3_200	ENV_NO2	2	nan	0.449416	nan	nan	nan	nan	nan	1	1	0	nan	0.000000	nan
OTU_2035_18S_3_200	ENV_NO2	4	nan	0.248986	nan	nan	nan	nan	nan	2	2	0	nan	0.000000	nan
OTU_2037_18S_3_200	ENV_NO2	4	nan	0.374576	nan	nan	nan	nan	nan	1	3	0	nan	0.000000	nan
OTU_1967_18S_3_200	ENV_NO2	3	nan	0.308544	nan	nan	nan	nan	nan	2	1	0	nan	0.000000	nan
OTU_2058_18S_3_200	ENV_NO2	3	nan	0.293088	nan	nan	nan	nan	nan	1	2	0	nan	0.000000	nan
OTU_2155_18S_3_200	ENV_NO2	5	nan	0.309156	nan	nan	nan	nan	nan	4	1	0	nan	0.000000	nan
OTU_2094_18S_3_200	ENV_NO2	3	nan	0.332847	nan	nan	nan	nan	nan	0	3	0	nan	0.000000	nan
OTU_2105_18S_3_200	ENV_NO2	1	nan	0.379335	nan	nan	nan	nan	nan	0	1	0	nan	0.000000	nan
OTU_2203_18S_3_200	ENV_NO2	2	nan	0.280839	nan	nan	nan	nan	nan	1	1	0	nan	0.000000	nan
OTU_2309_18S_3_200	ENV_NO2	4	nan	0.446482	nan	nan	nan	nan	nan	0	2	2	nan	0.000000	nan
OTU_2297_18S_3_200	ENV_NO2	4	nan	0.326800	nan	nan	nan	nan	nan	2	2	0	nan	0.000000	nan
OTU_2344_18S_3_200	ENV_NO2	4	nan	0.399915	nan	nan	nan	nan	nan	2	1	1	nan	0.000000	nan
OTU_2398_18S_3_200	ENV_NO2	3	nan	0.311428	nan	nan	nan	nan	nan	1	2	0	nan	0.000000	nan
OTU_2429_18S_3_200	ENV_NO2	1	nan	0.146397	nan	nan	nan	nan	nan	1	0	0	nan	0.000000	nan
OTU_1926_18S_3_200	ENV_NO2	3	nan	0.391818	nan	nan	nan	nan	nan	1	2	0	nan	0.000000	nan
OTU_2603_18S_3_200	ENV_NO2	1	nan	0.275085	nan	nan	nan	nan	nan	0	1	0	nan	0.000000	nan
OTU_2631_18S_3_200	ENV_NO2	4	nan	0.354565	nan	nan	nan	nan	nan	0	4	0	nan	0.000000	nan
OTU_2503_18S_3_200	ENV_NO2	3	nan	0.177647	nan	nan	nan	nan	nan	2	1	0	nan	0.000000	nan
OTU_2557_18S_3_200	ENV_NO2	4	nan	0.280839	nan	nan	nan	nan	nan	1	3	0	nan	0.000000	nan
OTU_2572_18S_3_200	ENV_NO2	2	nan	0.449580	nan	nan	nan	nan	nan	0	0	2	nan	0.000000	nan
OTU_2510_18S_3_200	ENV_NO2	4	nan	0.319067	nan	nan	nan	nan	nan	0	4	0	nan	0.000000	nan
OTU_3314_18S_3_200	ENV_NO2	3	nan	0.143513	nan	nan	nan	nan	nan	3	0	0	nan	0.000000	nan
OTU_2419_18S_3_200	ENV_NO2	5	nan	0.406429	nan	nan	nan	nan	nan	0	5	0	nan	0.000000	nan
OTU_2700_18S_3_200	ENV_NO2	2	nan	0.121711	nan	nan	nan	nan	nan	2	0	0	nan	0.000000	nan
OTU_2744_18S_3_200	ENV_NO2	2	nan	0.306748	nan	nan	nan	nan	nan	1	1	0	nan	0.000000	nan
OTU_2635_18S_3_200	ENV_NO2	6	nan	0.284390	nan	nan	nan	nan	nan	2	4	0	nan	0.000000	nan
OTU_2732_18S_3_200	ENV_NO2	3	nan	0.251870	nan	nan	nan	nan	nan	2	1	0	nan	0.000000	nan
OTU_3113_18S_3_200	ENV_NO2	1	nan	0.201275	nan	nan	nan	nan	nan	0	1	0	nan	0.000000	nan
OTU_3167_18S_3_200	ENV_NO2	3	nan	0.346801	nan	nan	nan	nan	nan	1	2	0	nan	0.000000	nan
OTU_3083_18S_3_200	ENV_NO2	2	nan	0.201275	nan	nan	nan	nan	nan	1	1	0	nan	0.000000	nan
OTU_3223_18S_3_200	ENV_NO2	2	nan	0.240133	nan	nan	nan	nan	nan	2	0	0	nan	0.000000	nan
OTU_3338_18S_3_200	ENV_NO2	3	nan	0.320350	nan	nan	nan	nan	nan	0	3	0	nan	0.000000	nan
OTU_3386_18S_3_200	ENV_NO2	5	nan	0.330958	nan	nan	nan	nan	nan	1	4	0	nan	0.000000	nan
OTU_3389_18S_3_200	ENV_NO2	2	nan	0.293789	nan	nan	nan	nan	nan	1	1	0	nan	0.000000	nan
OTU_2998_18S_3_200	ENV_NO2	1	nan	0.235957	nan	nan	nan	nan	nan	0	1	0	nan	0.000000	nan
OTU_3454_18S_3_200	ENV_NO2	2	nan	0.398253	nan	nan	nan	nan	nan	0	2	0	nan	0.000000	nan
OTU_3603_18S_3_200	ENV_NO2	4	nan	0.307330	nan	nan	nan	nan	nan	3	1	0	nan	0.000000	nan
OTU_3704_18S_3_200	ENV_NO2	2	nan	0.351481	nan	nan	nan	nan	nan	0	2	0	nan	0.000000	nan
OTU_3738_18S_3_200	ENV_NO2	2	nan	0.483586	nan	nan	nan	nan	nan	0	2	0	nan	0.000000	nan
OTU_3773_18S_3_200	ENV_NO2	3	nan	0.345037	nan	nan	nan	nan	nan	1	2	0	nan	0.000000	nan
OTU_3944_18S_3_200	ENV_NO2	2	nan	0.201275	nan	nan	nan	nan	nan	2	0	0	nan	0.000000	nan
OTU_3994_18S_3_200	ENV_NO2	4	nan	0.306748	nan	nan	nan	nan	nan	1	3	0	nan	0.000000	nan
OTU_4002_18S_3_200	ENV_NO2	2	nan	0.225961	nan	nan	nan	nan	nan	0	2	0	nan	0.000000	nan
OTU_3532_18S_3_200	ENV_NO2	4	nan	0.121711	nan	nan	nan	nan	nan	3	1	0	nan	0.000000	nan
OTU_3744_18S_3_200	ENV_NO2	3	nan	0.344335	nan	nan	nan	nan	nan	2	1	0	nan	0.000000	nan
OTU_4181_18S_3_200	ENV_NO2	2	nan	0.348667	nan	nan	nan	nan	nan	1	1	0	nan	0.000000	nan
OTU_4075_18S_3_200	ENV_NO2	4	nan	0.211340	nan	nan	nan	nan	nan	2	2	0	nan	0.000000	nan
OTU_4389_18S_3_200	ENV_NO2	4	nan	0.263130	nan	nan	nan	nan	nan	1	3	0	nan	0.000000	nan
OTU_4115_18S_3_200	ENV_NO2	3	nan	0.341500	nan	nan	nan	nan	nan	1	2	0	nan	0.000000	nan
OTU_4260_18S_3_200	ENV_NO2	2	nan	0.194108	nan	nan	nan	nan	nan	1	1	0	nan	0.000000	nan
OTU_3576_18S_3_200	ENV_NO2	5	nan	0.225961	nan	nan	nan	nan	nan	2	3	0	nan	0.000000	nan
OTU_4154_18S_3_200	ENV_NO2	6	nan	0.310841	nan	nan	nan	nan	nan	2	4	0	nan	0.000000	nan
OTU_4135_18S_3_200	ENV_NO2	2	nan	0.259037	nan	nan	nan	nan	nan	0	2	0	nan	0.000000	nan
OTU_4921_18S_3_200	ENV_NO2	3	nan	0.280839	nan	nan	nan	nan	nan	2	1	0	nan	0.000000	nan
OTU_4463_18S_3_200	ENV_NO2	2	nan	0.189538	nan	nan	nan	nan	nan	2	0	0	nan	0.000000	nan
OTU_4276_18S_3_200	ENV_NO2	7	nan	0.302655	nan	nan	nan	nan	nan	1	6	0	nan	0.000000	nan
OTU_4392_18S_3_200	ENV_NO2	4	nan	0.422855	nan	nan	nan	nan	nan	0	3	1	nan	0.000000	nan
OTU_5536_18S_3_200	ENV_NO2	2	nan	0.263130	nan	nan	nan	nan	nan	0	2	0	nan	0.000000	nan
OTU_5527_18S_3_200	ENV_NO2	2	nan	0.265472	nan	nan	nan	nan	nan	2	0	0	nan	0.000000	nan
OTU_5090_18S_3_200	ENV_NO2	4	nan	0.293172	nan	nan	nan	nan	nan	2	2	0	nan	0.000000	nan
OTU_5861_18S_3_200	ENV_NO2	3	nan	0.269103	nan	nan	nan	nan	nan	1	2	0	nan	0.000000	nan
OTU_6104_18S_3_200	ENV_NO2	4	nan	0.187131	nan	nan	nan	nan	nan	3	1	0	nan	0.000000	nan
OTU_5282_18S_3_200	ENV_NO2	3	nan	0.205382	nan	nan	nan	nan	nan	1	2	0	nan	0.000000	nan
OTU_6274_18S_3_200	ENV_NO2	2	nan	0.201275	nan	nan	nan	nan	nan	2	0	0	nan	0.000000	nan
OTU_5402_18S_3_200	ENV_NO2	1	nan	0.201275	nan	nan	nan	nan	nan	0	1	0	nan	0.000000	nan
OTU_6854_18S_3_200	ENV_NO2	2	nan	0.192423	nan	nan	nan	nan	nan	0	2	0	nan	0.000000	nan
OTU_5512_18S_3_200	ENV_NO2	3	nan	0.347220	nan	nan	nan	nan	nan	1	2	0	nan	0.000000	nan
OTU_7128_18S_3_200	ENV_NO2	3	nan	0.287274	nan	nan	nan	nan	nan	0	3	0	nan	0.000000	nan
OTU_7531_18S_3_200	ENV_NO2	3	nan	0.201275	nan	nan	nan	nan	nan	2	1	0	nan	0.000000	nan
