ASV	EA.20130423	EA.20130604	EA.20130625	EA.20131127	EA.20131230	EA.20140415	EA.20140514	EA.20140930	EA.20141029	EA.20150227	EA.20150328	EA.20150516	EA.20150627	EA.20150801	EA.20150829	EA.20151006	EA.20151208	EA.20160225	EA.20160322	EA.20160502	EA.20160611	EA.20160822
ASV_1_16S_022_3	6731	10205	8969	24373	12025	7474	2193	20917	5178	2534	8242	30218	20842	4440	5983	9731	31913	2302	10805	12133	11464	9520
ASV_3_16S_022_3	381	2181	3236	1730	2302	1241	183	1545	784	195	879	1448	1694	1290	988	764	3720	390	984	5653	975	753
ASV_4_16S_022_3	0	0	0	15	0	32	0	12	14	0	0	0	86	43	24	38	142	0	0	0	10	0
ASV_7_16S_022_3	296	2204	2994	1341	1173	1861	166	1743	876	182	1243	3433	2103	1220	1342	916	1543	238	671	2170	462	1074
ASV_8_16S_022_3	318	737	1201	1825	1798	566	108	1181	311	185	658	721	756	439	378	643	3096	233	550	1799	345	390
ASV_9_16S_022_3	15	85	304	159	46	8	14	83	36	14	25	211	84	68	61	81	55	26	18	140	230	53
ASV_10_16S_022_3	464	1025	887	1185	1578	930	174	691	221	196	642	1425	952	302	166	456	1501	185	835	2801	451	416
ASV_11_16S_022_3	1360	1209	1484	92	2281	1173	81	511	2459	393	1043	936	543	434	479	1742	4079	41	236	940	219	1839
ASV_13_16S_022_3	739	1594	2363	1618	880	1039	259	2736	579	159	1484	3555	2861	767	740	1988	2029	229	1138	1683	422	2021
ASV_14_16S_022_3	376	993	1250	897	2077	972	267	1563	1175	336	481	3588	2626	841	1020	843	2108	250	1191	2735	842	828
ASV_15_16S_022_3	700	760	1234	2257	793	589	163	2329	464	165	1310	2818	3363	535	707	1328	2683	143	1154	2047	675	1152
ASV_16_16S_022_3	0	430	263	12	8	30	17	397	76	0	0	499	48	67	97	164	0	0	243	17	129	34
ASV_19_16S_022_3	206	337	795	2156	853	165	164	1771	399	182	2049	745	1929	458	577	1040	1646	159	1414	1018	266	550
ASV_22_16S_022_3	284	734	1377	1871	2086	610	94	1584	692	219	896	1536	1112	1191	999	467	2265	206	815	1904	457	2172
ASV_23_16S_022_3	187	199	665	1330	336	495	47	678	757	565	2055	2277	1501	319	109	217	731	103	293	4777	372	1280
ASV_24_16S_022_3	78	368	1142	528	217	397	268	1610	358	68	983	1065	1988	1050	668	1249	557	221	588	4181	879	1919
ASV_26_16S_022_3	437	497	799	814	626	596	129	1159	381	137	805	2960	1387	267	324	534	1077	176	843	1643	697	398
ASV_27_16S_022_3	24	148	175	0	40	56	15	120	89	52	53	229	246	78	89	46	38	0	74	213	128	57
ASV_29_16S_022_3	0	41	3761	12116	4295	26	0	0	0	0	0	0	0	0	0	0	0	0	0	0	0	0
ASV_31_16S_022_3	449	581	528	1509	803	535	142	1177	390	184	1179	2012	1444	323	298	432	1288	288	1352	974	428	518
ASV_35_16S_022_3	15	16	34	43	31	17	3	81	13	35	44	35	80	57	24	30	66	19	51	50	26	26
ASV_38_16S_022_3	254	853	1224	1063	284	892	289	591	268	65	978	1153	1812	359	322	949	1022	115	475	1811	330	1579
ASV_39_16S_022_3	190	165	647	1787	327	425	58	439	374	46	407	865	2620	209	452	639	2765	387	1157	2310	109	496
ASV_40_16S_022_3	0	0	0	0	20	24	0	45	46	8	0	19	64	32	0	9	86	0	0	0	0	0
ASV_41_16S_022_3	0	14	237	0	0	0	0	212	0	0	0	0	47	283	309	127	0	0	0	0	0	0
ASV_43_16S_022_3	214	286	789	1308	1059	271	0	1223	467	154	346	584	883	1180	486	414	1565	128	701	1219	143	1322
ASV_46_16S_022_3	105	103	422	335	121	151	103	946	111	61	483	1149	661	876	227	1180	111	78	353	1158	189	266
ASV_48_16S_022_3	262	425	1547	907	329	893	135	1291	290	55	329	548	914	578	243	969	1426	111	222	2133	402	250
ASV_49_16S_022_3	167	519	706	149	31	331	74	687	131	9	979	1257	1240	348	473	1287	198	70	301	820	115	1097
ASV_53_16S_022_3	197	1399	2894	37	8	389	99	676	80	5	29	908	2176	378	132	47	21	0	233	505	169	319
ASV_55_16S_022_3	225	287	934	384	53	291	41	1417	164	50	147	875	3059	685	142	599	459	55	656	839	464	776
ASV_56_16S_022_3	77	253	823	189	109	136	101	314	116	0	364	632	1481	290	453	387	175	53	513	1575	733	362
ASV_58_16S_022_3	0	0	0	10	23	36	8	36	0	108	412	381	319	0	0	0	0	0	6	0	0	23
ASV_62_16S_022_3	360	377	750	482	253	432	113	1184	154	61	378	1255	1159	178	211	475	630	96	554	947	319	271
ASV_67_16S_022_3	79	190	575	855	78	127	8	551	36	18	189	311	80	12	62	181	314	15	98	0	62	43
ASV_68_16S_022_3	136	271	222	288	366	229	50	139	62	40	191	336	215	97	52	111	437	45	237	593	116	129
ASV_69_16S_022_3	120	234	401	615	369	220	129	1017	286	57	589	586	1268	358	125	231	795	69	358	1102	161	727
ASV_70_16S_022_3	463	311	511	126	461	486	171	771	240	93	600	757	248	107	147	273	1468	114	1402	622	92	149
ASV_72_16S_022_3	87	372	387	318	414	354	23	354	159	72	283	677	382	202	215	91	428	36	271	527	125	210
ASV_77_16S_022_3	243	347	302	546	131	55	26	1144	26	25	598	326	2521	48	163	116	558	20	1185	513	37	13
ASV_79_16S_022_3	208	217	705	686	250	285	161	599	184	79	451	613	519	185	377	420	361	56	289	414	156	328
ASV_80_16S_022_3	161	413	361	143	218	243	47	376	170	55	94	1062	895	189	318	174	558	19	273	329	179	316
ASV_87_16S_022_3	0	26	564	470	171	56	543	38	67	24	119	88	20	294	67	350	0	57	1139	2888	362	150
ASV_88_16S_022_3	199	399	439	1004	62	220	78	417	29	49	410	1159	528	181	185	135	54	52	608	667	103	242
ASV_90_16S_022_3	0	69	750	51	0	0	0	595	77	0	40	50	1720	129	32	491	0	0	112	1756	29	224
ASV_91_16S_022_3	111	155	140	42	65	112	25	208	49	0	606	737	121	42	101	632	164	26	139	153	7	740
ASV_94_16S_022_3	0	0	0	0	0	0	0	0	22	0	0	0	0	74	31	0	0	0	0	0	0	10
ASV_95_16S_022_3	15	162	587	342	128	330	56	227	78	21	552	345	388	162	130	198	175	30	69	620	196	188
ASV_96_16S_022_3	231	24	262	768	0	197	340	73	176	28	84	784	1015	0	0	246	281	52	256	88	196	60
ASV_97_16S_022_3	0	79	63	83	34	88	0	45	0	0	136	128	91	0	0	59	69	0	100	55	0	45
ASV_100_16S_022_3	3002	0	10	35	1364	6	0	0	0	0	0	0	0	0	0	0	0	0	0	0	0	0
ASV_101_16S_022_3	78	70	100	225	3517	106	35	137	0	0	90	107	565	132	19	44	279	49	475	256	132	0
ASV_103_16S_022_3	83	574	616	144	135	63	21	288	62	0	35	1202	223	54	220	170	60	0	96	105	94	220
ASV_104_16S_022_3	27	93	169	96	123	52	19	135	38	61	71	60	145	87	64	70	234	58	39	212	44	69
ASV_106_16S_022_3	0	10	19	0	0	26	0	0	0	0	157	0	0	16	0	14	0	0	0	29	0	0
ASV_107_16S_022_3	193	138	194	353	72	230	27	741	27	71	1592	435	962	27	92	300	459	27	538	355	26	15
ASV_110_16S_022_3	0	0	54	128	116	51	0	125	40	0	0	135	159	46	0	52	135	0	29	114	62	39
ASV_111_16S_022_3	109	36	123	542	303	38	0	143	38	0	106	82	83	0	23	80	683	27	48	49	41	83
ASV_112_16S_022_3	42	55	196	109	86	100	27	291	30	22	366	834	163	59	53	536	163	60	147	127	36	160
ASV_113_16S_022_3	0	0	42	58	24	0	14	85	26	10	15	186	139	42	42	95	68	0	7	0	0	0
ASV_116_16S_022_3	106	354	756	260	228	173	31	453	166	41	165	740	360	245	304	494	270	48	158	339	141	343
ASV_117_16S_022_3	76	249	340	364	270	250	143	351	141	40	272	530	925	179	123	153	202	63	377	640	131	400
ASV_118_16S_022_3	291	261	418	634	220	165	69	340	72	27	113	137	268	77	122	319	1141	54	171	753	316	238
ASV_120_16S_022_3	0	653	707	11	0	154	55	59	95	0	10	57	865	191	85	43	13	0	32	695	353	72
ASV_125_16S_022_3	28	194	768	53	24	94	102	331	130	0	29	352	411	475	215	150	64	21	190	896	199	387
ASV_126_16S_022_3	54	76	100	204	216	160	30	272	58	28	37	487	570	98	36	99	142	39	110	536	60	163
ASV_127_16S_022_3	0	0	0	0	12	0	0	359	263	0	102	0	0	0	0	1313	0	0	0	0	0	0
ASV_128_16S_022_3	105	170	164	274	184	244	25	161	39	19	92	212	191	75	32	112	450	29	140	620	152	98
ASV_131_16S_022_3	30	59	69	54	39	49	15	58	0	0	24	210	191	104	42	0	44	0	33	78	25	53
ASV_142_16S_022_3	0	0	0	17	0	0	0	40	0	24	9	6608	136	0	9	0	0	0	0	0	0	0
ASV_149_16S_022_3	85	154	207	242	205	258	80	232	163	68	127	408	228	116	83	65	184	58	245	291	105	109
ASV_155_16S_022_3	73	232	206	306	353	143	0	132	0	0	78	109	138	71	0	89	590	0	157	513	101	78
ASV_159_16S_022_3	114	183	204	302	381	261	25	205	57	64	174	325	156	89	37	74	573	37	212	769	123	131
ASV_160_16S_022_3	33	74	100	192	187	44	0	82	40	0	60	57	65	36	30	75	245	0	94	221	42	0
ASV_163_16S_022_3	0	57	125	6	0	40	0	41	0	8	6	36	11	0	0	9	55	0	102	0	0	13
ASV_165_16S_022_3	157	521	390	175	164	97	11	314	81	22	157	800	177	30	72	250	83	40	144	121	39	130
ASV_167_16S_022_3	99	134	226	192	110	156	64	435	109	29	124	169	279	260	125	88	201	29	260	420	111	95
ASV_171_16S_022_3	21	74	264	98	23	59	14	176	55	67	251	571	279	90	107	476	160	11	66	293	39	126
ASV_172_16S_022_3	205	79	388	365	1096	44	0	131	29	29	12	111	213	0	126	48	740	28	195	0	48	19
ASV_173_16S_022_3	63	350	244	157	127	62	0	180	50	30	102	763	144	33	75	52	34	28	65	248	102	334
ASV_174_16S_022_3	319	112	197	446	16	53	16	584	21	6	316	74	419	22	43	80	15	18	352	427	51	22
ASV_175_16S_022_3	65	42	204	276	249	0	0	103	52	0	0	141	67	0	42	62	501	0	58	76	0	57
ASV_182_16S_022_3	0	116	142	102	80	230	0	48	0	0	474	298	82	84	70	106	108	39	100	180	36	55
ASV_183_16S_022_3	57	118	256	220	311	161	51	159	83	45	120	169	192	116	43	56	190	40	194	469	83	138
ASV_184_16S_022_3	0	84	136	0	0	136	0	137	0	0	851	160	70	116	113	354	51	0	88	208	0	350
ASV_186_16S_022_3	14	5004	10	0	0	0	38	0	0	0	0	0	0	0	0	0	0	0	0	0	0	0
ASV_190_16S_022_3	80	165	491	403	124	194	44	223	99	0	179	93	112	84	0	201	455	73	114	360	115	110
ASV_191_16S_022_3	0	184	151	0	0	30	0	183	69	0	49	2543	69	65	211	173	0	0	0	67	0	86
ASV_198_16S_022_3	71	229	534	37	125	141	0	272	46	0	85	180	151	39	54	152	746	0	382	328	95	35
ASV_200_16S_022_3	17	29	103	240	87	0	19	125	36	21	14	31	204	28	28	212	106	31	116	97	19	99
ASV_201_16S_022_3	206	93	160	0	146	316	86	133	49	134	93	407	280	0	0	0	163	54	542	201	111	0
ASV_204_16S_022_3	0	103	271	59	92	59	0	171	0	0	0	71	150	0	0	78	117	0	0	172	0	56
ASV_205_16S_022_3	0	52	28	0	0	20	0	134	32	0	177	1421	99	31	36	367	0	0	105	56	0	185
ASV_206_16S_022_3	0	112	138	0	0	0	16	63	0	0	0	0	436	55	63	0	0	0	0	143	44	65
ASV_209_16S_022_3	0	135	339	4	0	254	48	51	0	0	0	278	805	37	0	42	109	0	130	938	89	77
ASV_208_16S_022_3	110	41	66	250	173	183	43	220	125	46	140	268	193	57	98	119	334	98	127	131	114	111
ASV_213_16S_022_3	206	107	123	80	116	248	27	218	80	33	71	272	114	69	31	54	294	56	319	212	46	35
ASV_216_16S_022_3	64	43	31	34	103	66	38	34	68	19	12	78	47	68	32	19	14	48	15	94	103	30
ASV_217_16S_022_3	51	122	131	52	103	50	9	44	15	0	0	26	42	0	0	19	123	0	23	78	32	0
ASV_219_16S_022_3	34	45	375	132	82	114	55	246	39	0	180	418	182	102	104	252	407	22	105	189	42	144
ASV_224_16S_022_3	0	114	140	179	153	93	0	122	31	0	0	0	141	0	0	0	226	0	0	293	0	69
ASV_225_16S_022_3	18	37	41	211	76	9	0	13	7	3	100	73	71	0	0	0	24	22	53	12	0	21
ASV_229_16S_022_3	17	11	7	17	60	370	13	481	13	0	100	16	16	0	22	399	29	21	90	0	51	0
ASV_230_16S_022_3	77	33	25	47	114	236	44	287	115	26	159	179	713	72	33	52	181	32	147	214	59	161
ASV_232_16S_022_3	66	58	66	194	11	92	8	230	56	11	167	246	151	82	87	160	74	0	370	298	119	64
ASV_233_16S_022_3	37	56	90	184	188	44	0	80	29	0	86	43	102	31	31	68	275	0	69	124	23	0
ASV_235_16S_022_3	0	45	33	61	40	30	31	30	49	32	18	45	16	55	59	43	14	22	32	27	54	74
ASV_237_16S_022_3	9	21	67	48	17	23	25	58	14	5	60	79	116	27	31	52	50	14	40	66	23	49
ASV_238_16S_022_3	43	134	94	92	79	98	0	47	0	0	42	124	72	0	0	44	95	0	77	158	0	0
ASV_240_16S_022_3	37	23	168	120	66	34	0	400	24	0	35	66	112	504	269	67	176	0	51	190	31	320
ASV_241_16S_022_3	32	125	105	182	32	174	167	380	36	14	163	279	197	92	0	114	56	25	54	907	59	46
ASV_244_16S_022_3	53	106	223	328	94	55	12	348	142	9	96	301	162	63	60	233	229	24	70	92	43	117
ASV_248_16S_022_3	43	64	231	0	41	0	0	45	34	0	67	616	159	98	30	106	22	0	0	46	7	179
ASV_251_16S_022_3	0	101	123	0	0	104	0	81	32	0	1799	119	70	51	0	192	34	0	32	165	0	164
ASV_252_16S_022_3	0	0	0	0	10	477	200	0	0	0	0	0	0	0	0	114	0	0	0	0	0	0
ASV_254_16S_022_3	20	5	43	156	147	35	36	419	15	0	224	21	37	572	181	105	125	24	66	246	33	63
ASV_256_16S_022_3	59	164	159	257	127	202	96	127	40	43	77	412	218	61	29	39	187	19	109	172	60	15
ASV_259_16S_022_3	0	49	128	0	0	83	11	46	0	0	880	103	74	106	67	169	23	0	22	260	31	89
ASV_260_16S_022_3	56	78	115	139	109	153	0	79	0	0	43	98	63	20	30	60	249	0	66	287	56	0
ASV_266_16S_022_3	61	72	57	196	100	81	7	131	16	34	80	330	118	32	0	34	101	18	345	885	79	0
ASV_270_16S_022_3	55	84	111	93	14	111	47	254	54	0	99	306	844	0	28	71	111	0	112	43	10	20
ASV_271_16S_022_3	0	19	80	16	12	11	0	85	0	0	85	159	44	49	32	183	35	0	18	104	0	41
ASV_274_16S_022_3	56	40	14	41	98	66	21	19	54	43	52	47	29	57	35	10	21	0	6	30	126	39
ASV_275_16S_022_3	29	519	97	0	85	165	24	242	20	31	435	712	65	0	19	36	30	19	69	16	0	18
ASV_279_16S_022_3	114	152	183	73	0	143	40	163	92	47	28	333	147	0	67	144	232	66	85	262	77	63
ASV_280_16S_022_3	0	0	0	0	119	94	0	514	40	0	240	0	0	0	0	312	35	18	81	0	23	23
ASV_281_16S_022_3	12	20	102	16	6	0	0	39	0	0	0	29	84	8	28	11	33	0	0	12	0	15
ASV_282_16S_022_3	27	157	213	57	61	35	0	138	42	0	49	328	132	0	40	125	33	0	91	66	0	40
ASV_284_16S_022_3	0	0	0	120	75	0	0	79	0	0	0	0	54	0	0	58	149	0	49	88	0	57
ASV_285_16S_022_3	31	68	170	0	0	9	0	339	0	0	0	45	1080	41	108	293	34	0	0	173	0	15
ASV_286_16S_022_3	0	0	0	0	0	42	0	26	0	0	56	0	7	0	0	0	0	0	0	0	0	0
ASV_289_16S_022_3	14	7	0	4	6	0	4	7	0	0	19	0	12	0	7	0	0	0	12	6	0	4
ASV_292_16S_022_3	112	138	137	168	139	92	74	134	32	31	59	168	208	69	0	50	195	0	147	117	62	84
ASV_293_16S_022_3	0	53	195	0	0	0	0	263	84	14	0	388	279	29	43	291	26	50	175	109	79	49
ASV_299_16S_022_3	100	36	144	246	237	38	0	113	58	0	80	131	97	38	21	74	434	46	52	70	47	40
ASV_302_16S_022_3	0	36	26	23	34	9	19	63	27	7	75	543	242	145	152	142	24	0	34	49	19	42
ASV_305_16S_022_3	59	44	48	11	58	91	31	38	0	36	193	55	266	0	0	16	367	0	536	233	0	0
ASV_306_16S_022_3	48	116	131	52	33	56	23	102	53	3	177	209	173	74	53	163	19	15	65	170	15	219
ASV_313_16S_022_3	11	184	82	0	95	53	39	79	0	20	63	88	213	58	0	24	323	16	125	467	110	47
ASV_314_16S_022_3	46	140	133	18	77	235	0	63	22	0	0	573	141	0	0	0	59	0	149	266	60	47
ASV_315_16S_022_3	0	0	299	0	0	0	0	0	0	0	0	0	442	0	257	0	0	0	0	499	0	0
ASV_318_16S_022_3	0	0	0	22	28	0	0	37	0	0	0	0	0	0	0	0	39	0	0	0	0	0
ASV_319_16S_022_3	0	65	96	59	84	49	38	32	0	0	200	42	709	80	34	69	84	37	73	256	129	144
ASV_322_16S_022_3	57	64	73	136	93	39	0	88	0	0	132	156	128	0	0	24	98	36	100	117	36	56
ASV_323_16S_022_3	136	101	178	0	56	206	75	52	0	0	0	150	513	0	0	58	111	0	168	129	65	0
ASV_326_16S_022_3	41	128	148	46	34	90	35	123	55	12	41	356	167	0	0	0	69	0	225	403	157	71
ASV_328_16S_022_3	0	3	13	18	9	0	7	8	9	0	6	22	17	2	6	8	17	0	10	14	10	13
ASV_329_16S_022_3	35	106	68	82	73	131	51	69	23	17	139	239	216	40	0	46	68	31	70	317	37	57
ASV_330_16S_022_3	0	147	89	102	134	197	0	88	0	0	108	252	114	50	0	80	233	0	75	232	0	0
ASV_336_16S_022_3	61	81	165	154	54	76	0	167	30	0	60	184	322	25	0	54	259	0	86	208	53	55
ASV_337_16S_022_3	6	11	53	34	21	43	41	30	20	1	38	48	22	42	15	49	43	1	24	86	11	31
ASV_341_16S_022_3	9	33	32	14	62	0	0	31	34	0	19	303	30	58	21	79	154	9	11	39	33	76
ASV_342_16S_022_3	0	48	138	61	19	0	16	60	30	0	77	107	71	54	73	95	110	0	78	239	149	103
ASV_345_16S_022_3	18	17	27	40	29	45	13	19	107	43	0	25	19	27	31	0	25	69	16	21	71	31
ASV_346_16S_022_3	0	114	67	0	100	168	59	67	0	0	0	452	103	62	0	0	126	0	212	265	76	48
ASV_348_16S_022_3	0	0	0	62	499	33	0	0	25	21	0	0	38	0	45	0	0	0	43	80	0	22
ASV_349_16S_022_3	27	59	51	0	32	124	0	41	0	0	453	581	0	0	0	0	24	67	347	139	20	24
ASV_352_16S_022_3	10	22	121	21	0	18	8	161	0	10	60	52	959	6	18	35	11	7	32	245	28	8
ASV_353_16S_022_3	0	23	65	0	0	0	0	90	24	0	0	0	325	0	30	76	90	0	35	298	27	674
ASV_356_16S_022_3	0	265	117	0	0	0	3	85	6	0	0	112	0	0	15	0	0	0	0	0	21	19
ASV_361_16S_022_3	32	38	85	169	111	16	0	68	24	0	47	35	43	0	28	31	170	0	38	124	13	17
ASV_362_16S_022_3	20	68	55	49	38	24	0	37	11	0	13	80	52	44	24	57	77	0	39	60	21	0
ASV_365_16S_022_3	0	26	16	34	48	30	26	18	11	13	0	39	22	31	11	15	28	27	26	44	51	0
ASV_366_16S_022_3	74	59	134	114	57	125	14	8	52	16	49	158	89	62	48	230	76	15	39	126	42	71
ASV_375_16S_022_3	50	96	93	109	171	82	8	69	17	25	68	123	42	37	12	14	196	14	101	255	36	35
ASV_376_16S_022_3	41	49	96	77	52	34	0	203	37	20	16	159	81	57	62	93	145	0	17	135	53	67
ASV_391_16S_022_3	47	67	161	97	42	47	23	172	22	10	106	149	223	58	36	66	57	16	80	171	0	47
ASV_393_16S_022_3	37	61	151	162	55	53	0	61	62	19	77	58	103	62	63	44	88	0	110	56	44	142
ASV_394_16S_022_3	67	0	143	165	482	0	0	82	0	0	0	65	92	0	0	31	296	0	105	0	36	0
ASV_395_16S_022_3	84	20	96	443	243	24	0	148	16	0	12	35	69	0	14	62	291	10	38	39	36	24
ASV_399_16S_022_3	52	114	129	112	143	47	0	57	39	31	30	84	62	0	0	39	233	0	50	155	25	42
ASV_400_16S_022_3	15	8	13	11	21	28	5	11	54	33	12	38	6	5	28	9	7	29	19	31	31	88
ASV_403_16S_022_3	58	59	49	65	62	47	0	167	34	0	41	128	131	91	0	73	103	20	52	97	114	78
ASV_404_16S_022_3	48	45	134	224	17	72	0	172	15	6	72	76	89	39	47	32	66	0	48	268	68	45
ASV_405_16S_022_3	57	14	7	37	24	22	0	43	40	27	9	6	0	26	94	8	8	38	25	46	17	70
ASV_409_16S_022_3	17	120	109	41	6	0	25	132	39	14	36	141	94	0	59	44	60	7	55	114	61	90
ASV_413_16S_022_3	0	0	0	0	0	22	0	5	0	0	20	22	0	0	0	10	29	0	0	0	0	0
ASV_418_16S_022_3	57	294	142	104	0	41	0	266	0	0	96	286	62	0	0	100	113	24	50	26	26	28
ASV_420_16S_022_3	37	0	52	76	0	53	0	56	48	0	0	48	277	92	63	0	0	0	301	171	0	53
ASV_425_16S_022_3	246	153	242	5	12	153	0	0	0	0	0	82	112	0	0	0	0	0	0	14	142	2
ASV_427_16S_022_3	20	45	81	71	84	40	0	51	27	0	19	34	43	0	47	28	166	0	28	99	44	31
ASV_429_16S_022_3	0	23	35	141	21	0	0	81	29	0	10	185	115	0	6	0	22	0	0	0	0	45
ASV_432_16S_022_3	52	0	30	0	15	252	0	34	46	0	0	285	113	0	0	0	0	0	71	145	79	0
ASV_431_16S_022_3	48	7	0	17	101	23	27	26	29	20	26	22	19	27	10	0	19	14	22	30	23	42
ASV_433_16S_022_3	48	71	73	149	225	76	24	70	0	0	63	95	42	0	0	36	195	32	69	228	59	0
ASV_436_16S_022_3	45	89	128	43	0	44	0	0	29	8	63	273	69	28	0	38	35	0	33	97	53	70
ASV_437_16S_022_3	20	12	7	36	34	40	0	12	16	15	8	11	0	0	20	0	15	26	14	22	49	0
ASV_438_16S_022_3	20	51	93	139	63	51	18	86	0	14	44	109	152	73	32	45	121	0	90	142	31	66
ASV_442_16S_022_3	0	43	47	37	0	41	0	76	0	0	58	208	69	0	111	269	63	22	51	37	20	81
ASV_443_16S_022_3	0	47	79	53	37	64	16	47	33	0	362	46	105	60	45	119	10	0	24	230	15	53
ASV_446_16S_022_3	54	26	118	199	159	43	0	123	44	0	61	82	63	0	0	40	342	0	41	56	31	41
ASV_447_16S_022_3	0	32	93	90	0	38	37	50	0	0	157	34	379	28	0	84	94	17	48	59	18	39
ASV_448_16S_022_3	0	19	8	23	53	10	50	11	27	0	14	19	21	36	0	0	21	14	11	50	21	74
ASV_457_16S_022_3	0	48	113	0	0	38	56	203	27	43	37	249	131	111	0	0	0	0	18	253	53	27
ASV_471_16S_022_3	0	104	168	59	76	87	0	79	0	0	75	0	0	50	37	0	121	0	0	351	87	0
ASV_473_16S_022_3	20	9	14	7	29	18	26	3	22	4	5	16	7	30	26	7	12	30	6	67	0	55
ASV_481_16S_022_3	0	63	14	0	0	0	0	0	0	0	0	11	43	0	3	0	0	0	0	0	16	0
ASV_484_16S_022_3	0	31	61	22	0	11	0	0	0	7	26	127	48	0	0	26	0	6	6	25	0	12
ASV_485_16S_022_3	0	0	0	0	0	174	8	0	0	0	0	0	20	0	0	14	0	0	0	0	0	0
ASV_487_16S_022_3	0	0	0	0	0	0	0	0	0	0	72	26	365	15	0	0	39	0	696	236	18	0
ASV_489_16S_022_3	0	0	26	55	53	29	0	30	0	0	24	45	31	15	9	0	133	0	39	111	0	0
ASV_491_16S_022_3	0	0	91	131	85	0	0	98	0	0	0	18	82	0	23	55	93	0	0	0	0	25
ASV_492_16S_022_3	2	15	28	91	100	23	9	30	21	36	43	9	5	21	69	98	138	17	9	42	15	35
ASV_498_16S_022_3	0	70	79	94	132	61	0	69	0	0	47	85	50	0	0	0	130	16	88	157	46	49
ASV_501_16S_022_3	0	0	0	0	173	63	0	19	25	8	4	31	61	0	0	126	0	0	11	0	0	0
ASV_508_16S_022_3	17	6	10	171	15	18	0	0	92	30	12	87	0	10	2	153	3	0	71	133	8	11
ASV_510_16S_022_3	0	10	356	0	0	0	0	26	5	0	0	0	30	234	80	0	0	0	0	0	0	22
ASV_513_16S_022_3	0	0	0	0	9	194	28	13	10	0	0	0	0	0	0	0	0	0	0	0	0	0
ASV_515_16S_022_3	0	16	5	0	0	0	0	8	0	0	0	64	31	0	0	0	0	0	0	17	0	9
ASV_516_16S_022_3	6	0	0	52	31	31	10	0	0	0	15	15	23	6	4	0	52	23	86	14	8	0
ASV_518_16S_022_3	3	646	163	2	0	0	21	25	0	0	0	15	23	24	32	45	0	0	0	0	0	0
ASV_520_16S_022_3	0	53	67	17	19	95	9	18	0	0	7	127	127	64	25	0	107	0	26	251	92	13
ASV_521_16S_022_3	0	121	124	0	0	0	0	130	0	0	90	118	45	0	26	49	0	0	22	73	0	134
ASV_525_16S_022_3	6	14	45	10	0	28	0	4	0	0	19	87	6	17	22	19	0	0	5	18	0	19
ASV_526_16S_022_3	0	0	0	0	17	137	26	13	22	0	0	0	61	0	0	0	0	0	0	0	0	0
ASV_527_16S_022_3	44	0	6	9	0	6	0	0	0	0	119	92	28	12	16	16	214	0	23	57	0	19
ASV_528_16S_022_3	0	23	222	20	0	157	11	12	16	0	93	60	21	155	4	100	0	10	17	84	9	56
ASV_534_16S_022_3	0	52	129	0	0	51	0	130	0	0	50	179	304	37	0	37	0	0	72	161	69	53
ASV_536_16S_022_3	0	14	10	27	32	31	22	21	0	0	0	47	16	8	20	0	0	9	10	27	56	19
ASV_537_16S_022_3	15	5	24	17	48	25	0	14	17	9	3	25	0	32	7	3	0	7	0	7	13	44
ASV_541_16S_022_3	0	96	0	0	0	251	0	48	21	0	0	88	98	0	0	0	123	0	0	54	92	0
ASV_546_16S_022_3	0	0	31	65	6	18	4	60	22	23	15	0	93	82	10	0	0	0	0	6	0	0
ASV_547_16S_022_3	4	56	116	0	0	0	0	0	11	0	0	82	0	0	7	0	0	0	0	0	0	0
ASV_554_16S_022_3	0	580	137	0	0	0	0	87	0	0	0	173	0	0	0	0	0	0	0	0	38	13
ASV_557_16S_022_3	0	46	118	152	87	0	0	152	41	0	0	60	0	0	0	0	90	0	136	0	0	0
ASV_559_16S_022_3	5	16	10	0	0	3	0	13	3	0	5	79	55	0	0	6	29	0	11	4	6	17
ASV_565_16S_022_3	0	47	217	0	0	0	0	55	11	0	0	22	117	23	17	26	0	0	0	53	0	0
ASV_567_16S_022_3	10	33	82	43	0	21	0	66	18	4	33	44	220	46	22	17	17	0	20	88	28	112
ASV_572_16S_022_3	0	32	146	61	0	58	0	101	0	0	50	29	79	0	26	52	30	0	61	221	60	42
ASV_573_16S_022_3	0	25	49	0	9	0	30	40	19	0	14	58	164	78	0	124	0	0	28	45	0	0
ASV_581_16S_022_3	0	66	59	0	0	0	0	0	18	0	0	0	116	123	36	26	0	0	56	87	0	41
ASV_588_16S_022_3	0	0	0	0	0	0	0	0	0	12	0	43	0	0	0	0	32	0	14	0	85	0
ASV_594_16S_022_3	34	208	30	0	59	227	0	81	0	0	0	128	0	7	0	0	181	0	19	0	0	0
ASV_595_16S_022_3	0	73	67	0	0	54	0	47	0	0	0	60	0	0	0	0	0	0	0	64	0	0
ASV_598_16S_022_3	0	47	62	95	136	0	0	53	0	0	0	0	36	28	38	59	154	0	0	111	0	0
ASV_600_16S_022_3	0	18	86	0	13	0	0	65	0	0	0	0	26	65	0	51	0	0	18	27	0	54
ASV_603_16S_022_3	0	0	10	0	2	73	35	55	0	18	87	89	98	12	0	3	18	0	127	234	0	30
ASV_604_16S_022_3	0	0	0	0	10	195	31	114	172	0	0	4	0	0	0	32	0	0	0	0	0	0
ASV_607_16S_022_3	36	110	31	55	110	42	12	138	0	0	23	106	103	13	0	0	0	0	12	118	21	0
ASV_608_16S_022_3	2	39	73	54	10	30	10	59	13	8	38	122	110	12	23	28	23	5	31	105	33	28
ASV_611_16S_022_3	0	20	32	19	16	0	0	88	6	0	0	155	58	52	111	67	0	0	5	19	0	50
ASV_614_16S_022_3	8	61	46	0	5	9	0	34	48	0	24	420	12	32	77	31	6	9	0	50	0	50
ASV_613_16S_022_3	0	20	91	36	37	0	0	60	16	0	0	0	0	21	0	0	0	0	0	0	0	9
ASV_618_16S_022_3	0	28	46	0	0	37	0	0	0	0	44	56	86	51	21	28	43	0	33	360	37	38
ASV_619_16S_022_3	0	26	134	10	5	30	7	32	11	0	147	41	5	89	29	57	0	6	10	159	24	30
ASV_620_16S_022_3	0	0	26	39	0	11	0	0	40	0	0	40	43	0	36	32	54	8	24	46	0	48
ASV_622_16S_022_3	0	83	68	23	5	12	24	21	32	16	51	1	30	0	23	3	22	57	74	32	0	0
ASV_623_16S_022_3	0	0	37	49	24	0	0	37	0	0	50	66	0	42	42	48	59	0	0	256	0	0
ASV_626_16S_022_3	0	15	21	0	0	0	0	38	16	0	0	23	33	35	0	47	0	0	50	62	0	33
ASV_628_16S_022_3	14	12	0	20	29	37	0	0	8	10	0	13	14	7	29	7	4	23	0	6	6	20
ASV_629_16S_022_3	0	0	0	55	33	0	0	122	0	0	36	15	5	46	0	14	0	12	19	527	7	7
ASV_631_16S_022_3	28	26	50	51	49	17	0	26	0	18	20	24	13	0	0	0	14	0	0	12	0	0
ASV_635_16S_022_3	0	0	0	69	63	0	0	111	0	0	0	169	110	0	0	0	0	0	0	0	0	0
ASV_645_16S_022_3	0	346	357	0	0	0	0	0	0	0	0	294	0	0	0	0	0	0	0	0	36	0
ASV_649_16S_022_3	0	19	15	0	0	0	0	0	11	0	0	0	85	66	85	11	0	0	0	0	0	16
ASV_652_16S_022_3	1	7	5	24	24	9	0	7	9	0	13	0	14	0	7	6	20	0	2	29	8	4
ASV_653_16S_022_3	13	66	52	41	19	0	21	51	0	0	116	132	209	0	76	37	20	0	28	28	0	0
ASV_651_16S_022_3	0	6	0	297	149	3	9	9	5	0	0	0	34	0	0	0	0	0	8	0	0	0
ASV_659_16S_022_3	13	19	33	87	74	28	0	65	0	0	33	55	29	24	0	32	112	0	19	77	14	42
ASV_661_16S_022_3	0	0	42	21	9	50	0	0	0	0	50	0	4	0	0	0	3	0	23	56	0	0
ASV_668_16S_022_3	0	15	80	0	7	85	8	0	0	12	232	88	78	30	0	0	0	0	0	15	0	0
ASV_669_16S_022_3	10	0	12	0	88	16	11	15	12	37	0	11	0	3	45	12	20	0	11	20	0	21
ASV_677_16S_022_3	0	0	52	0	55	0	0	138	41	0	74	84	0	0	0	83	172	0	0	71	0	0
ASV_678_16S_022_3	0	0	0	16	0	18	11	19	12	0	4	19	44	99	16	0	18	0	0	0	0	0
ASV_680_16S_022_3	0	0	0	15	15	0	16	0	7	0	0	18	0	0	0	0	0	8	0	23	0	9
ASV_681_16S_022_3	0	114	100	0	0	0	0	26	0	0	40	257	0	0	0	60	0	0	0	0	0	129
ASV_682_16S_022_3	0	0	0	0	0	0	0	39	29	0	0	220	0	0	0	33	0	0	0	0	0	98
ASV_684_16S_022_3	28	14	16	19	50	0	0	15	0	10	0	16	14	7	21	4	0	24	0	8	26	39
ASV_698_16S_022_3	0	39	87	0	0	0	0	0	0	0	0	285	0	0	0	0	0	0	0	0	0	330
ASV_700_16S_022_3	0	63	52	60	152	0	0	47	0	0	42	77	0	32	0	0	88	0	0	73	0	0
ASV_701_16S_022_3	0	0	58	74	103	58	0	39	0	0	87	97	0	0	0	30	0	0	0	46	0	0
ASV_712_16S_022_3	10	0	0	154	107	35	0	0	0	13	124	0	0	0	0	0	198	16	34	0	48	15
ASV_719_16S_022_3	0	36	40	72	0	0	6	56	10	0	0	43	67	25	36	43	0	0	0	191	0	0
ASV_724_16S_022_3	0	0	97	0	0	8	0	0	0	0	418	0	0	126	0	4	0	0	0	14	0	0
ASV_726_16S_022_3	0	45	79	0	0	0	0	83	48	0	0	0	95	85	0	0	0	0	0	0	0	26
ASV_727_16S_022_3	0	65	70	53	0	17	0	24	25	0	0	30	59	26	30	27	72	22	0	58	11	14
ASV_731_16S_022_3	44	130	93	23	13	24	4	0	0	8	12	43	36	5	0	3	177	9	6	145	15	2
ASV_733_16S_022_3	0	125	116	0	0	0	0	107	0	0	0	0	172	0	0	18	22	0	0	101	0	0
ASV_742_16S_022_3	0	115	112	0	0	0	0	180	0	0	0	0	196	0	0	51	0	0	0	58	0	0
ASV_745_16S_022_3	6	16	45	69	59	19	0	35	13	14	50	51	28	17	0	12	61	5	23	27	0	23
ASV_748_16S_022_3	0	40	62	0	0	0	0	46	0	0	69	177	103	0	0	127	0	0	63	68	0	63
ASV_753_16S_022_3	0	21	0	15	30	15	0	11	22	0	0	0	0	16	0	0	0	10	8	45	23	0
ASV_760_16S_022_3	0	0	0	0	0	0	13	0	0	19	0	0	0	0	0	0	29	10	65	17	0	0
ASV_759_16S_022_3	22	0	0	66	137	0	0	18	0	0	16	16	12	0	0	13	118	0	0	0	0	0
ASV_766_16S_022_3	0	0	0	120	120	0	0	0	0	0	82	49	0	0	0	0	0	0	152	136	65	95
ASV_770_16S_022_3	0	0	0	0	0	0	0	422	182	0	0	0	0	0	0	85	0	0	10	0	0	0
ASV_772_16S_022_3	0	0	15	0	44	0	28	20	19	20	0	9	0	11	19	9	0	23	0	13	32	9
ASV_773_16S_022_3	39	0	0	284	0	0	0	48	0	0	0	0	0	0	0	45	243	6	42	0	0	19
ASV_777_16S_022_3	0	0	0	0	0	0	0	6	0	0	25	0	38	0	0	0	0	0	0	24	0	13
ASV_780_16S_022_3	25	0	0	16	14	13	5	22	21	0	10	23	19	23	9	10	0	34	14	21	8	20
ASV_783_16S_022_3	24	24	20	22	13	23	0	18	0	0	11	26	20	14	0	50	65	0	61	72	16	16
ASV_787_16S_022_3	20	0	0	28	40	0	0	13	0	33	0	0	0	21	0	0	0	0	0	0	24	0
ASV_788_16S_022_3	0	0	0	0	0	0	26	27	31	0	372	51	0	20	0	0	0	0	0	56	0	46
ASV_790_16S_022_3	48	50	41	26	0	0	0	92	0	0	0	154	65	0	12	0	0	0	0	144	0	0
ASV_791_16S_022_3	0	0	60	0	0	0	17	0	0	0	533	0	0	40	0	0	0	0	0	51	0	0
ASV_802_16S_022_3	0	18	0	0	0	136	0	0	0	0	398	0	0	40	0	0	45	0	24	82	0	0
ASV_807_16S_022_3	0	77	86	33	0	51	9	0	0	0	0	87	33	0	0	0	42	0	51	0	29	0
ASV_808_16S_022_3	0	0	25	0	14	0	0	9	0	0	0	86	0	0	12	12	0	0	0	0	0	24
ASV_813_16S_022_3	25	42	56	38	18	0	0	0	0	0	0	61	0	20	24	81	49	0	77	42	0	0
ASV_816_16S_022_3	0	0	0	0	0	0	32	131	48	0	0	0	27	75	31	0	0	35	88	56	39	59
ASV_822_16S_022_3	8	15	15	28	9	7	15	33	19	6	29	13	15	4	31	27	19	8	14	26	13	11
ASV_825_16S_022_3	0	10	0	0	0	0	0	0	10	0	21	0	0	18	13	47	24	0	0	0	0	76
ASV_826_16S_022_3	0	0	46	0	0	0	0	59	0	0	43	70	184	0	0	0	108	0	86	66	43	0
ASV_828_16S_022_3	0	13	0	0	0	34	22	0	28	31	28	11	8	0	28	0	0	0	0	15	0	18
ASV_830_16S_022_3	54	15	34	41	112	17	16	12	6	0	6	20	37	18	0	0	47	11	54	28	17	9
ASV_832_16S_022_3	7	7	0	15	28	8	3	4	11	0	0	6	5	8	0	0	0	22	3	0	0	31
ASV_835_16S_022_3	7	0	29	34	0	27	8	15	0	0	0	56	39	0	0	0	38	0	35	32	18	0
ASV_838_16S_022_3	0	24	40	0	24	0	0	0	0	0	20	98	129	57	28	35	37	0	45	49	21	19
ASV_839_16S_022_3	0	0	45	36	0	0	27	54	0	0	63	47	85	0	33	51	0	0	0	0	0	60
ASV_845_16S_022_3	15	4	7	0	7	0	15	6	3	0	0	14	0	16	7	0	0	0	6	15	35	16
ASV_849_16S_022_3	0	0	0	12	0	0	0	57	13	0	0	0	145	8	0	75	0	0	21	79	0	119
ASV_852_16S_022_3	0	71	0	0	0	37	0	0	0	0	38	269	87	0	0	0	27	0	0	42	0	0
ASV_854_16S_022_3	9	34	0	0	0	89	0	0	0	78	0	16	0	0	0	0	267	5	26	5	14	19
ASV_858_16S_022_3	16	0	0	0	18	0	11	0	0	5	32	26	0	0	7	0	0	7	0	0	0	27
ASV_860_16S_022_3	0	0	47	58	0	0	0	74	0	0	0	66	66	0	0	36	89	0	43	0	0	0
ASV_870_16S_022_3	0	14	61	187	11	9	0	4	13	8	0	31	33	0	13	56	18	10	6	34	6	10
ASV_874_16S_022_3	0	0	0	0	0	0	0	45	15	0	0	0	0	0	0	92	0	10	0	0	0	0
ASV_873_16S_022_3	11	0	0	13	18	13	0	0	11	18	7	12	0	9	15	0	4	30	0	5	4	15
ASV_879_16S_022_3	0	0	0	128	159	0	0	47	0	0	0	0	0	0	0	0	145	0	0	0	0	0
ASV_880_16S_022_3	0	0	0	0	0	22	43	0	0	0	35	121	48	0	0	0	11	9	0	76	0	47
ASV_882_16S_022_3	0	0	67	0	0	104	0	0	0	0	285	0	0	37	0	0	0	0	0	0	0	0
ASV_886_16S_022_3	11	22	52	63	35	0	0	29	0	0	0	28	42	0	0	12	46	0	0	0	0	0
ASV_888_16S_022_3	0	0	0	14	0	17	24	0	0	18	0	2	0	16	15	6	0	9	6	0	0	16
ASV_890_16S_022_3	5	35	35	20	11	11	0	17	8	0	3	25	17	5	5	6	12	0	4	3	1	0
ASV_894_16S_022_3	0	42	183	0	0	0	0	11	6	0	0	0	150	14	4	0	0	0	0	35	40	0
ASV_896_16S_022_3	0	0	0	86	95	44	0	88	0	0	0	40	0	0	0	0	106	0	0	42	0	0
ASV_895_16S_022_3	19	0	4	0	33	6	12	6	0	0	0	10	0	29	11	0	14	12	3	22	11	17
ASV_898_16S_022_3	0	4	18	0	0	9	4	0	0	0	13	212	38	6	0	0	5	0	14	19	13	3
ASV_903_16S_022_3	0	19	0	0	0	0	0	20	0	13	0	10	13	0	19	0	0	0	0	0	0	28
ASV_908_16S_022_3	0	0	3	0	0	0	0	0	0	0	3	9	47	17	16	7	0	0	0	0	12	78
ASV_911_16S_022_3	0	9	19	51	80	18	0	18	0	0	23	22	13	0	0	26	98	0	11	46	23	11
ASV_913_16S_022_3	0	257	86	0	0	0	0	61	0	0	0	0	58	53	0	0	0	0	0	0	44	0
ASV_914_16S_022_3	0	0	51	0	0	0	0	0	0	0	0	0	209	0	0	0	0	0	0	77	69	15
ASV_916_16S_022_3	0	99	55	0	15	15	9	0	24	0	10	84	31	0	0	19	0	0	14	0	0	22
ASV_922_16S_022_3	0	0	0	46	64	0	0	0	0	0	35	44	0	0	0	0	30	21	147	0	0	25
ASV_923_16S_022_3	0	0	0	125	59	0	0	56	0	0	39	0	0	0	0	0	119	38	46	0	0	0
ASV_925_16S_022_3	0	0	0	143	145	0	0	0	0	0	47	0	0	0	0	0	102	0	0	0	0	0
ASV_929_16S_022_3	0	80	95	34	64	0	0	0	0	0	0	0	0	0	0	0	99	0	40	106	0	0
ASV_934_16S_022_3	0	0	0	14	0	0	0	49	37	0	0	0	0	0	0	0	51	0	0	0	0	0
ASV_936_16S_022_3	0	0	0	0	0	33	15	0	0	20	7	127	128	0	0	0	0	0	0	21	9	0
ASV_935_16S_022_3	0	0	0	83	196	0	0	0	0	0	0	0	39	0	0	0	38	0	49	23	29	0
ASV_941_16S_022_3	0	0	0	79	62	0	0	0	0	0	0	0	0	0	0	0	0	0	145	136	0	46
ASV_944_16S_022_3	0	7	144	0	0	0	5	0	13	0	0	60	43	5	0	77	0	0	0	66	23	20
ASV_946_16S_022_3	0	14	59	103	0	0	0	141	0	0	0	0	86	0	0	73	105	0	0	0	0	0
ASV_948_16S_022_3	0	43	55	0	0	38	0	40	0	0	0	52	167	32	30	0	0	0	0	0	0	0
ASV_953_16S_022_3	39	11	0	30	0	0	0	36	0	0	51	108	88	0	0	0	0	12	0	72	52	0
ASV_958_16S_022_3	0	0	0	23	60	0	0	39	17	0	0	0	0	0	0	0	65	0	0	0	0	0
ASV_961_16S_022_3	0	0	0	0	0	54	0	34	0	0	0	279	18	0	0	0	0	0	18	92	0	0
ASV_960_16S_022_3	0	0	0	9	11	14	8	0	6	11	0	5	0	8	0	0	11	0	0	18	8	10
ASV_963_16S_022_3	6	0	81	35	42	18	0	54	22	0	0	39	0	0	14	10	56	4	19	7	10	6
ASV_967_16S_022_3	0	10	53	0	0	0	0	10	0	0	0	0	114	13	35	0	0	0	9	15	38	0
ASV_970_16S_022_3	0	34	37	34	64	13	0	12	0	0	14	36	48	0	0	6	18	0	16	56	0	1
ASV_972_16S_022_3	0	0	0	0	24	35	0	0	13	0	0	0	14	4	0	6	0	23	0	0	33	0
ASV_973_16S_022_3	0	0	14	0	14	0	0	0	0	5	0	9	0	10	40	141	16	5	0	29	0	37
ASV_982_16S_022_3	0	33	41	0	0	19	23	97	0	0	66	67	42	0	0	0	0	0	0	35	19	55
ASV_988_16S_022_3	0	84	49	0	0	0	0	14	7	0	0	53	5	8	7	0	0	0	0	11	28	0
ASV_990_16S_022_3	0	0	0	0	0	8	0	8	0	0	0	12	10	13	26	80	0	0	0	0	12	17
ASV_995_16S_022_3	0	0	0	0	0	0	0	31	17	0	0	116	0	0	38	23	0	0	0	31	0	107
ASV_1001_16S_022_3	0	14	36	0	0	0	0	20	0	0	40	32	120	0	0	53	0	0	0	107	0	19
ASV_1000_16S_022_3	0	0	0	60	111	0	0	0	0	0	0	0	0	0	0	0	117	0	0	116	0	0
ASV_1003_16S_022_3	0	39	36	0	0	0	0	68	0	0	0	59	75	0	0	0	0	0	0	36	0	38
ASV_1004_16S_022_3	0	0	0	0	0	0	0	87	0	0	0	0	105	81	52	0	0	0	0	0	0	75
ASV_1006_16S_022_3	0	0	150	0	0	0	0	14	5	0	0	0	19	77	23	0	0	0	0	0	0	10
ASV_1008_16S_022_3	13	8	54	37	58	14	0	19	0	3	8	14	30	7	9	14	84	6	24	26	17	6
ASV_1011_16S_022_3	0	5	0	14	0	0	6	6	11	5	0	55	130	0	0	21	0	7	11	106	0	31
ASV_1013_16S_022_3	9	4	26	71	74	9	0	14	7	0	40	38	24	0	0	9	71	0	23	26	1	0
ASV_1014_16S_022_3	0	2	38	0	0	0	0	10	3	0	18	1	41	7	4	7	0	0	9	168	8	4
ASV_1015_16S_022_3	0	0	0	14	0	0	0	0	0	0	39	0	371	0	0	0	0	0	42	0	0	0
ASV_1018_16S_022_3	0	0	0	0	0	0	0	0	0	0	0	16	35	0	0	0	247	0	10	0	0	0
ASV_1019_16S_022_3	0	33	174	0	0	0	0	0	0	0	0	0	45	49	63	0	0	0	0	0	0	33
ASV_1020_16S_022_3	0	0	102	0	0	0	42	17	0	0	0	0	22	48	0	43	0	0	0	80	34	46
ASV_1025_16S_022_3	19	35	37	51	73	9	0	0	0	0	19	25	17	0	0	0	39	0	14	22	0	0
ASV_1026_16S_022_3	11	1	26	45	1	19	0	30	5	1	0	11	125	6	24	48	21	4	0	3	17	6
ASV_1031_16S_022_3	0	0	0	0	0	0	5	0	6	6	69	19	0	0	0	0	0	0	0	0	0	0
ASV_1032_16S_022_3	0	193	142	0	0	0	0	0	0	0	0	0	38	0	0	0	0	0	0	31	46	0
ASV_1033_16S_022_3	0	0	0	11	0	0	0	0	0	0	0	0	45	0	0	0	41	0	33	70	8	0
ASV_1035_16S_022_3	0	0	0	0	0	124	17	5	0	0	10	0	0	0	0	0	0	0	0	0	0	0
ASV_1040_16S_022_3	0	0	19	0	0	0	0	120	0	0	0	0	89	41	0	14	4	0	0	0	0	29
ASV_1053_16S_022_3	0	22	132	7	0	0	0	12	0	0	0	0	8	88	19	0	0	0	0	0	11	0
ASV_1052_16S_022_3	11	0	3	4	20	0	6	0	5	0	0	5	5	10	33	0	13	3	0	0	0	0
ASV_1056_16S_022_3	0	0	0	0	0	0	0	0	0	0	0	0	0	39	18	0	0	0	106	82	0	0
ASV_1069_16S_022_3	3	412	6	0	0	0	0	0	0	0	0	0	0	0	0	0	0	0	0	0	4	0
ASV_1070_16S_022_3	0	0	0	0	23	0	0	0	0	0	0	46	40	0	0	0	0	0	34	83	48	31
ASV_1073_16S_022_3	0	52	38	0	0	29	0	0	0	0	0	41	38	0	0	0	0	33	83	57	0	0
ASV_1074_16S_022_3	2	0	0	6	0	0	6	49	11	0	5	0	16	7	12	0	0	0	22	41	21	23
ASV_1077_16S_022_3	0	0	0	0	0	0	0	0	0	0	157	68	49	0	0	51	0	0	0	96	0	0
ASV_1080_16S_022_3	8	0	0	12	8	9	0	0	11	5	0	8	0	0	0	0	0	20	0	6	40	0
ASV_1086_16S_022_3	0	0	0	6	0	0	0	0	0	0	0	0	43	41	18	0	0	0	0	0	0	0
ASV_1090_16S_022_3	0	0	18	32	28	9	0	19	0	0	12	18	17	1	5	0	71	0	10	42	0	0
ASV_1089_16S_022_3	0	0	51	16	0	0	0	55	0	15	0	36	0	0	60	0	93	15	0	41	0	0
ASV_1093_16S_022_3	0	12	39	56	42	0	0	42	26	0	0	0	0	0	0	28	78	0	0	27	19	0
ASV_1096_16S_022_3	0	0	0	0	21	71	30	16	0	0	0	56	104	0	0	0	0	0	0	23	26	0
ASV_1095_16S_022_3	0	19	33	8	0	16	0	19	4	0	59	0	14	22	14	33	0	0	9	20	0	56
ASV_1100_16S_022_3	7	0	0	8	0	0	17	15	0	9	8	0	0	0	14	0	0	0	0	0	13	13
ASV_1102_16S_022_3	4	4	4	9	14	8	0	3	5	3	0	0	0	10	26	7	3	3	8	15	31	29
ASV_1109_16S_022_3	0	0	100	0	0	14	0	0	0	0	253	0	0	23	0	0	0	0	0	0	0	0
ASV_1113_16S_022_3	0	14	28	0	22	0	12	0	10	0	0	91	53	0	0	9	0	0	10	36	0	0
ASV_1112_16S_022_3	67	0	15	24	156	16	0	0	0	0	0	30	0	0	0	0	58	0	0	0	0	13
ASV_1118_16S_022_3	0	9	32	26	0	0	0	29	11	0	0	16	18	21	4	32	32	5	0	0	11	23
ASV_1121_16S_022_3	0	42	42	51	0	0	0	95	0	0	0	0	53	0	0	0	43	0	0	47	39	0
ASV_1122_16S_022_3	0	0	13	0	18	0	4	0	0	0	7	0	183	7	0	0	0	0	0	0	0	0
ASV_1123_16S_022_3	0	39	63	0	0	0	0	0	0	0	0	86	0	14	0	0	0	0	0	0	0	44
ASV_1132_16S_022_3	0	71	78	22	28	0	0	0	0	0	0	0	0	0	0	0	18	0	19	55	16	0
ASV_1130_16S_022_3	0	20	16	20	0	0	0	0	0	0	12	19	26	0	0	21	0	0	19	20	0	40
ASV_1129_16S_022_3	0	12	20	0	0	20	0	12	0	0	48	21	11	9	2	18	6	0	9	19	0	9
ASV_1133_16S_022_3	37	31	42	0	0	20	0	24	25	0	47	26	25	0	19	11	8	0	20	10	18	0
ASV_1134_16S_022_3	26	0	0	61	27	0	0	113	0	0	0	0	0	0	0	46	55	0	0	0	0	26
ASV_1151_16S_022_3	0	74	80	0	0	0	0	61	0	0	0	80	118	0	0	0	0	0	0	0	0	0
ASV_1156_16S_022_3	0	0	0	0	19	0	0	0	7	0	0	24	30	0	0	16	50	0	18	26	16	11
ASV_1162_16S_022_3	0	0	0	44	31	13	0	36	120	0	6	71	14	0	0	0	0	0	11	0	0	0
ASV_1160_16S_022_3	0	0	0	0	0	0	0	265	0	0	5	0	0	0	0	7	0	0	0	5	0	0
ASV_1161_16S_022_3	0	12	53	13	0	16	0	11	0	0	47	8	15	24	40	9	6	0	0	37	0	14
ASV_1166_16S_022_3	0	16	0	41	51	18	0	20	0	0	23	19	0	0	0	0	54	0	17	0	0	34
ASV_1167_16S_022_3	0	0	14	0	0	19	5	52	0	0	18	41	40	0	0	0	17	0	22	19	0	23
ASV_1165_16S_022_3	7	22	10	58	24	8	0	22	0	0	0	21	27	0	0	0	12	0	23	33	26	13
ASV_1170_16S_022_3	0	0	19	0	0	0	37	19	0	0	18	28	67	12	0	0	42	8	21	50	0	0
ASV_1195_16S_022_3	0	53	26	28	0	0	0	0	0	0	0	48	52	0	0	0	0	0	0	31	0	0
ASV_1207_16S_022_3	16	0	13	0	0	0	0	0	2	0	36	0	36	0	0	0	113	0	0	4	0	0
ASV_1211_16S_022_3	0	0	0	0	0	37	9	8	4	0	0	46	0	0	0	0	0	0	0	0	0	0
ASV_1218_16S_022_3	8	0	0	26	45	15	5	0	0	0	0	11	30	0	18	0	52	0	12	26	36	0
ASV_1221_16S_022_3	0	0	44	0	0	0	0	10	0	0	0	0	169	39	4	0	0	0	0	30	0	0
ASV_1225_16S_022_3	0	0	0	36	48	0	0	20	0	16	0	0	0	0	0	0	118	0	0	0	0	0
ASV_1230_16S_022_3	0	17	45	0	0	0	0	15	0	0	0	0	0	69	36	0	0	0	0	0	23	0
ASV_1231_16S_022_3	0	0	0	0	0	0	0	0	0	0	0	31	61	0	13	0	12	0	0	11	0	0
ASV_1234_16S_022_3	0	15	21	0	0	0	0	0	0	0	21	162	81	0	0	41	0	0	24	0	0	0
ASV_1237_16S_022_3	0	15	10	0	0	0	0	0	0	0	0	0	26	0	0	0	0	0	145	15	101	12
ASV_1239_16S_022_3	0	0	40	0	0	0	0	0	0	0	0	0	83	0	0	0	56	0	72	0	0	111
ASV_1238_16S_022_3	0	0	77	0	0	0	0	0	0	0	0	0	56	69	49	0	0	0	0	0	0	88
ASV_1252_16S_022_3	0	42	51	0	0	0	0	0	0	0	0	40	42	0	0	0	0	0	0	30	46	18
ASV_1253_16S_022_3	0	0	0	0	0	0	0	31	39	0	0	35	0	17	0	0	55	0	0	0	0	93
ASV_1272_16S_022_3	0	11	5	24	0	9	0	0	0	0	0	0	0	0	0	0	0	0	163	47	33	0
ASV_1273_16S_022_3	13	7	7	8	5	6	0	6	0	0	5	14	19	0	0	4	27	0	11	38	0	0
ASV_1277_16S_022_3	12	0	13	47	28	7	0	0	0	0	0	11	0	0	0	10	10	0	7	0	15	0
ASV_1285_16S_022_3	0	14	34	18	13	15	12	0	18	0	1	28	39	0	0	0	0	0	10	0	0	21
ASV_1292_16S_022_3	0	16	0	6	0	6	0	29	0	0	0	23	31	0	0	9	5	0	31	64	11	0
ASV_1312_16S_022_3	0	0	26	64	30	0	0	0	0	0	0	0	29	0	0	0	40	0	0	0	0	0
ASV_1313_16S_022_3	0	0	29	13	27	6	15	18	0	0	0	0	9	0	15	11	29	0	8	38	9	14
ASV_1315_16S_022_3	0	0	0	55	0	0	0	49	0	0	30	0	57	0	0	20	0	0	0	0	0	0
ASV_1318_16S_022_3	0	0	0	7	8	0	13	0	8	12	8	8	0	19	0	0	0	3	0	17	0	6
ASV_1319_16S_022_3	0	0	0	0	16	0	0	0	0	0	0	22	31	0	0	0	0	0	0	149	0	18
ASV_1324_16S_022_3	0	0	14	0	0	27	0	0	0	0	80	0	0	0	0	2	0	0	0	11	0	0
ASV_1329_16S_022_3	0	17	36	14	70	0	0	0	0	0	0	22	0	0	0	0	26	0	0	31	8	0
ASV_1330_16S_022_3	0	0	29	0	0	16	0	0	0	0	64	0	0	16	9	22	0	0	0	38	6	12
ASV_1336_16S_022_3	0	0	25	131	0	0	0	47	0	0	0	6	0	0	0	14	0	0	0	0	0	0
ASV_1342_16S_022_3	0	0	0	19	0	0	0	0	0	0	0	76	105	0	0	0	46	0	24	47	0	0
ASV_1341_16S_022_3	0	16	0	21	20	14	0	30	0	0	0	30	37	0	10	0	0	0	0	44	0	0
ASV_1347_16S_022_3	0	0	147	0	0	0	0	48	0	0	0	0	41	26	0	0	0	0	0	0	0	0
ASV_1346_16S_022_3	0	48	67	0	0	0	0	0	0	0	0	0	0	33	0	0	0	0	0	0	8	0
ASV_1358_16S_022_3	1	0	8	26	24	4	0	16	0	0	17	7	11	0	0	14	55	0	7	19	4	27
ASV_1359_16S_022_3	0	7	9	0	0	5	0	0	15	0	56	0	11	0	8	8	0	0	0	17	0	9
ASV_1376_16S_022_3	0	0	63	0	0	0	0	33	0	0	0	0	0	0	0	0	0	0	0	78	0	33
ASV_1378_16S_022_3	0	0	0	0	0	25	0	0	0	0	0	47	14	0	0	0	65	12	14	47	0	0
ASV_1389_16S_022_3	0	0	46	63	0	0	0	36	0	0	0	0	0	0	0	0	54	0	0	0	0	0
ASV_1388_16S_022_3	0	146	0	0	0	0	0	67	17	0	0	0	0	0	22	0	0	0	0	0	0	0
ASV_1392_16S_022_3	0	0	18	0	0	0	0	38	0	0	0	0	13	10	0	72	46	0	0	0	0	28
ASV_1398_16S_022_3	2	14	11	28	46	14	0	0	0	0	12	6	10	0	0	0	25	0	26	23	0	0
ASV_1404_16S_022_3	0	0	52	15	11	0	0	34	0	0	0	0	0	0	0	0	32	0	0	56	0	0
ASV_1413_16S_022_3	1	15	14	6	8	10	0	16	2	0	3	9	4	0	9	5	16	0	9	14	2	8
ASV_1419_16S_022_3	1	19	13	1	0	5	0	7	0	0	0	3	77	0	0	3	2	1	13	0	33	49
ASV_1423_16S_022_3	0	9	19	53	22	0	0	0	0	0	0	0	0	0	0	0	28	0	18	78	0	0
ASV_1422_16S_022_3	0	0	0	15	0	0	0	0	21	0	22	0	0	0	18	0	0	0	0	35	0	14
ASV_1424_16S_022_3	0	0	7	19	14	0	0	6	0	0	0	3	0	10	0	22	0	0	4	17	0	0
ASV_1428_16S_022_3	22	0	62	23	0	0	0	43	0	0	0	15	58	0	0	31	0	0	0	0	0	0
ASV_1434_16S_022_3	0	20	13	0	0	0	0	0	0	0	26	39	0	0	0	33	16	0	0	57	0	0
ASV_1436_16S_022_3	0	0	31	0	68	0	0	15	0	0	0	22	0	0	0	23	50	0	15	45	0	16
ASV_1437_16S_022_3	0	0	0	0	0	46	17	0	43	0	63	0	0	0	0	0	0	0	0	0	0	27
ASV_1445_16S_022_3	0	0	15	0	0	15	0	0	15	0	43	34	18	39	33	0	0	0	0	24	0	0
ASV_1455_16S_022_3	0	33	56	0	0	0	0	23	0	0	0	23	0	10	0	0	11	0	0	46	36	0
ASV_1456_16S_022_3	0	12	32	0	0	22	9	29	0	0	23	17	41	0	9	17	0	0	0	53	0	7
ASV_1460_16S_022_3	0	0	0	24	0	0	0	0	0	0	0	48	20	16	0	7	10	0	0	120	0	0
ASV_1468_16S_022_3	0	32	44	0	0	62	0	22	0	0	0	0	0	0	0	0	0	0	0	18	0	0
ASV_1478_16S_022_3	15	94	0	5	0	13	0	37	0	0	0	30	38	0	0	0	0	0	0	0	0	24
ASV_1486_16S_022_3	0	0	0	0	0	0	11	24	12	0	13	28	43	8	0	0	0	0	0	45	0	0
ASV_1487_16S_022_3	0	0	0	0	0	0	0	0	0	0	49	15	7	0	26	49	0	21	3	77	0	0
ASV_1496_16S_022_3	0	2	1	0	0	0	0	0	0	0	0	22	0	34	37	0	0	0	16	1	3	39
ASV_1497_16S_022_3	0	0	26	7	4	0	0	11	0	0	7	8	0	12	14	25	0	0	0	13	6	4
ASV_1499_16S_022_3	0	10	4	10	12	23	0	22	0	0	17	28	13	9	0	5	25	0	6	4	0	0
ASV_1506_16S_022_3	0	0	20	0	0	0	0	0	0	0	27	0	0	62	0	21	0	0	0	80	0	0
ASV_1511_16S_022_3	0	0	0	0	0	0	0	0	0	0	0	94	64	0	0	0	41	0	0	64	0	0
ASV_1518_16S_022_3	0	0	24	0	0	23	18	4	0	0	88	6	0	14	0	0	7	3	0	18	0	0
ASV_1522_16S_022_3	14	0	0	2	7	0	8	0	18	0	15	15	0	8	22	0	1	8	25	0	2	16
ASV_1527_16S_022_3	6	0	169	0	0	0	0	0	0	0	5	28	0	0	0	0	0	0	0	0	0	0
ASV_1536_16S_022_3	7	0	0	40	0	0	0	69	0	0	0	0	26	0	0	62	16	0	0	0	0	0
ASV_1539_16S_022_3	0	16	71	0	0	46	6	0	0	0	0	22	0	0	0	0	0	0	0	0	0	0
ASV_1540_16S_022_3	0	0	21	0	0	0	19	0	0	27	48	0	0	0	0	0	0	0	0	134	0	0
ASV_1567_16S_022_3	0	0	0	0	0	0	0	29	0	0	0	0	0	36	48	0	0	0	0	0	0	35
ASV_1570_16S_022_3	0	0	0	0	0	0	0	35	39	5	0	0	0	9	0	26	0	0	0	0	28	0
ASV_1580_16S_022_3	0	0	0	0	0	8	0	12	7	0	0	0	0	0	0	89	0	0	0	0	0	0
ASV_1598_16S_022_3	0	0	65	16	23	0	0	16	0	0	0	0	0	0	0	0	27	0	0	19	0	0
ASV_1608_16S_022_3	12	2	6	0	0	10	21	8	0	0	2	2	2	0	26	1	0	0	0	8	0	1
ASV_1611_16S_022_3	0	42	39	0	0	0	0	0	0	0	0	0	0	16	0	0	0	0	28	50	20	0
ASV_1630_16S_022_3	0	0	31	0	0	18	0	0	0	0	62	8	0	27	0	7	0	5	0	6	0	18
ASV_1637_16S_022_3	11	0	17	0	11	5	0	0	0	0	0	15	3	11	0	20	0	0	0	0	0	8
ASV_1635_16S_022_3	0	0	107	0	0	0	0	0	0	0	0	0	0	25	0	0	0	0	0	6	27	0
ASV_1638_16S_022_3	0	0	8	46	33	0	0	0	0	0	10	16	11	0	0	4	28	7	4	0	0	6
ASV_1659_16S_022_3	0	15	17	53	0	0	0	0	0	0	0	12	14	0	0	0	0	0	73	19	0	0
ASV_1667_16S_022_3	0	0	26	75	0	0	2	0	0	0	0	20	0	3	0	17	0	0	0	33	0	0
ASV_1669_16S_022_3	0	151	17	0	0	0	0	0	0	0	0	0	11	28	0	0	0	0	0	0	13	0
ASV_1671_16S_022_3	0	0	0	0	0	0	0	25	9	0	5	0	51	0	0	12	0	0	0	0	0	0
ASV_1678_16S_022_3	0	0	22	48	0	0	0	6	0	0	0	0	6	0	3	21	0	0	0	20	0	0
ASV_1682_16S_022_3	0	18	23	0	8	0	0	0	0	0	0	41	23	0	0	0	0	0	0	0	0	0
ASV_1690_16S_022_3	0	0	0	22	0	0	0	0	0	0	0	0	17	0	0	0	39	0	31	43	0	0
ASV_1752_16S_022_3	0	0	0	0	39	0	0	0	0	0	19	0	0	0	0	0	43	0	21	34	0	0
ASV_1761_16S_022_3	0	22	22	0	0	0	0	0	0	0	0	27	0	21	0	0	33	0	0	52	0	0
ASV_1766_16S_022_3	0	13	0	0	0	10	0	0	0	0	18	20	10	0	0	0	43	0	0	16	0	0
ASV_1787_16S_022_3	0	0	0	7	0	31	17	0	0	0	50	0	0	0	0	0	0	0	0	48	0	0
ASV_1786_16S_022_3	0	21	55	0	6	0	3	0	3	0	50	0	0	0	0	0	0	0	0	0	0	13
ASV_1807_16S_022_3	0	8	16	36	17	0	0	10	0	0	0	0	8	7	16	9	9	0	0	9	0	0
ASV_1812_16S_022_3	0	4	22	0	0	9	5	0	0	6	0	10	6	0	21	4	0	8	9	0	0	13
ASV_1831_16S_022_3	2	5	0	15	1	7	9	4	18	2	0	0	0	23	0	0	7	6	11	0	0	8
ASV_1844_16S_022_3	0	0	27	3	0	0	0	18	0	0	0	34	24	0	0	46	7	0	8	0	0	0
ASV_1850_16S_022_3	13	0	0	0	28	13	0	1	6	0	0	2	0	28	11	1	0	0	16	21	0	1
ASV_1860_16S_022_3	0	0	0	45	0	0	0	12	0	0	0	0	8	0	9	26	41	0	0	0	0	0
ASV_1866_16S_022_3	32	0	0	0	0	21	0	0	0	0	0	0	0	0	0	0	13	8	28	0	0	0
ASV_1868_16S_022_3	0	0	0	0	0	0	0	0	0	0	0	38	32	0	0	0	0	0	17	15	11	0
ASV_1876_16S_022_3	0	0	30	0	0	0	0	0	0	0	46	0	18	22	0	0	0	0	0	46	0	20
ASV_1875_16S_022_3	0	21	24	0	0	17	0	7	0	0	0	3	44	0	0	0	0	0	12	19	0	0
ASV_1877_16S_022_3	0	0	0	0	0	22	0	47	0	0	0	23	58	13	0	0	0	0	0	0	0	0
ASV_1878_16S_022_3	0	0	0	0	0	0	0	20	0	0	0	28	0	0	0	0	17	0	0	36	0	11
ASV_1888_16S_022_3	0	0	0	16	0	24	0	0	0	0	0	0	0	0	0	0	32	0	0	36	0	0
ASV_1887_16S_022_3	0	5	5	10	18	5	0	2	0	0	6	9	6	0	0	0	27	7	11	30	0	11
ASV_1897_16S_022_3	0	0	0	0	7	14	0	21	0	0	0	0	0	0	0	61	11	0	0	0	0	0
ASV_1899_16S_022_3	0	0	0	24	0	0	0	17	5	0	0	19	22	16	0	12	8	0	9	14	0	0
ASV_1896_16S_022_3	0	0	13	0	0	8	0	0	0	0	91	0	0	35	0	0	0	0	0	21	0	0
ASV_1908_16S_022_3	3	9	0	13	15	0	0	10	8	0	0	9	3	1	0	11	12	16	1	20	0	3
ASV_1907_16S_022_3	12	13	0	0	1	1	0	0	8	0	1	4	13	4	10	0	2	5	13	0	11	21
ASV_1940_16S_022_3	0	0	0	0	21	47	0	0	13	0	0	0	10	0	5	0	0	0	0	0	0	21
ASV_1943_16S_022_3	0	0	19	0	0	34	4	0	0	0	71	0	0	11	0	0	0	0	0	8	0	0
ASV_1953_16S_022_3	0	0	0	0	0	0	0	0	0	0	0	0	97	8	0	0	0	0	6	53	0	0
ASV_1958_16S_022_3	0	4	9	31	14	0	0	12	6	0	0	0	0	0	0	11	20	0	0	12	8	0
ASV_1972_16S_022_3	0	15	12	3	0	1	0	11	0	0	0	1	3	25	11	9	17	0	0	9	4	0
ASV_1982_16S_022_3	0	0	19	19	0	0	0	28	0	0	0	0	18	0	0	25	9	0	0	9	0	19
ASV_1991_16S_022_3	0	13	24	0	0	19	0	0	0	0	14	0	0	12	0	12	0	0	0	24	0	0
ASV_2001_16S_022_3	0	16	7	0	0	0	0	0	0	0	27	17	15	0	0	0	17	0	2	1	18	0
ASV_2019_16S_022_3	2	4	12	4	13	7	0	9	9	0	6	9	7	2	1	5	2	6	5	10	0	1
ASV_2035_16S_022_3	0	6	9	0	0	0	0	0	0	0	39	0	4	13	0	0	0	0	0	50	0	0
ASV_2054_16S_022_3	0	24	0	0	37	0	0	0	0	0	0	0	17	0	0	0	0	0	0	35	0	0
ASV_2055_16S_022_3	0	12	33	0	0	0	0	77	10	0	0	0	0	0	0	0	0	0	0	0	0	0
ASV_2053_16S_022_3	18	12	35	5	0	5	0	0	0	0	9	6	0	6	0	0	0	5	8	11	7	0
ASV_2063_16S_022_3	10	9	16	0	3	0	0	0	6	0	11	0	36	0	0	10	0	0	8	0	0	0
ASV_2066_16S_022_3	0	0	24	0	15	0	0	17	0	0	0	0	30	15	0	0	14	0	0	0	0	0
ASV_2075_16S_022_3	0	0	0	25	0	0	0	0	0	0	14	0	0	0	0	37	23	4	0	0	0	0
ASV_2096_16S_022_3	0	19	18	0	7	0	0	0	0	0	0	18	14	0	0	0	12	0	10	27	13	0
ASV_2097_16S_022_3	0	0	25	0	0	0	0	0	0	0	0	0	55	24	26	0	0	0	0	0	0	0
ASV_2111_16S_022_3	0	9	12	0	0	14	0	29	0	0	0	0	15	0	0	9	0	0	21	11	14	0
ASV_2123_16S_022_3	0	33	44	0	0	0	0	14	0	0	0	0	0	0	19	17	0	0	0	10	0	0
ASV_2132_16S_022_3	0	6	0	0	0	0	0	0	0	0	28	0	0	35	36	0	0	0	0	0	0	0
ASV_2139_16S_022_3	0	0	21	0	0	0	0	0	0	0	0	0	38	18	0	0	0	0	0	0	0	54
ASV_2162_16S_022_3	0	0	0	29	0	0	0	44	13	0	0	22	0	0	0	0	0	0	0	15	0	0
ASV_2171_16S_022_3	4	4	11	11	19	7	0	0	0	0	8	6	3	0	0	0	25	0	0	33	0	0
ASV_2183_16S_022_3	0	0	22	37	28	0	0	0	0	0	0	0	0	0	0	0	0	0	0	33	0	0
ASV_2201_16S_022_3	4	9	28	15	0	0	0	45	0	0	0	0	6	0	0	0	0	4	0	4	6	0
ASV_2247_16S_022_3	0	0	0	0	32	26	0	0	0	0	22	0	0	0	0	0	11	0	0	17	0	0
ASV_2246_16S_022_3	0	0	0	15	0	0	0	20	0	0	39	0	0	0	0	0	0	0	0	61	0	0
ASV_2271_16S_022_3	0	0	37	0	20	0	0	0	0	0	0	0	0	0	0	0	44	0	0	32	0	0
ASV_2279_16S_022_3	0	0	0	0	0	0	0	0	0	0	0	0	44	0	0	0	0	12	40	24	0	0
ASV_2285_16S_022_3	0	0	0	0	0	22	0	0	0	0	66	0	0	0	0	0	0	0	4	4	5	22
ASV_2325_16S_022_3	0	0	0	0	5	62	0	0	0	7	0	26	0	0	0	0	24	0	0	0	0	0
ASV_2388_16S_022_3	0	0	0	23	51	0	0	0	0	0	31	0	0	0	0	0	15	0	0	0	0	0
ASV_2386_16S_022_3	13	0	0	0	8	10	0	0	0	0	45	28	0	0	0	0	0	14	0	0	0	0
ASV_2403_16S_022_3	0	0	0	28	11	0	0	4	0	0	0	0	0	0	0	11	19	0	8	17	0	10
ASV_2458_16S_022_3	5	0	5	0	0	0	0	14	4	0	0	8	40	8	6	5	0	0	0	0	0	15
ASV_2519_16S_022_3	0	0	0	0	0	0	0	40	0	0	0	0	13	0	0	0	0	0	18	0	18	15
ASV_2553_16S_022_3	7	0	0	0	0	0	0	0	0	0	0	51	0	0	0	0	0	0	13	32	0	0
OTU_4_18S_022_3	530	5404	350	297	101485	16243	247	5752	4311	2360	1261	595	1919	9022	4176	4294	13452	1717	164	21488	4247	17109
OTU_7_18S_022_3	130	746	378	178	40	815	312	67	363	0	168	64	65	107	91	30	0	45	0	174	0	190
OTU_9_18S_022_3	26708	10543	8967	62778	6799	14372	2875	3154	13147	14269	3604	5444	1042	4190	3248	3244	2755	1439	1564	2938	112	7416
OTU_14_18S_022_3	441	15232	36549	972	92	3663	23588	494	325	0	1954	222	7963	1830	825	344	21	639	221	8988	13050	7147
OTU_15_18S_022_3	1719	3966	6820	11360	737	8979	3804	2477	3695	1940	3711	504	144	932	575	2003	268	478	96	2010	52	2484
OTU_19_18S_022_3	302	146179	122	95	59	87	0	0	0	47	0	0	0	0	0	0	0	0	0	0	0	0
OTU_22_18S_022_3	131	3818	25340	1149	56	4753	24710	547	161	0	1845	241	5097	2251	1175	408	28	840	274	6507	18207	5770
OTU_23_18S_022_3	2800	2840	12104	7830	168	19000	13926	2304	1512	2157	8427	1746	1613	2503	1120	1333	94	6426	1058	4468	52	3253
OTU_24_18S_022_3	1202	408	839	1679	109	152	0	1682	3237	1423	1505	182	95	1291	1030	566	45	21	18	114	0	1802
OTU_28_18S_022_3	2486	795	4653	1468	69	1980	1330	1248	1389	331	595	254	634	2596	624	864	31	357	242	967	1919	1621
OTU_29_18S_022_3	8090	1202	11654	6725	588	4404	3543	897	1432	88	673	542	1144	5784	1978	1492	87	456	401	1345	998	3016
OTU_30_18S_022_3	9	123	0	13242	918	24517	1681	65	0	984	274	508	13	0	0	4278	565	0	0	0	0	318
OTU_32_18S_022_3	6150	1530	824	39800	2791	2294	0	340	1945	766	585	608	239	0	57	516	423	252	56	0	0	0
OTU_33_18S_022_3	11836	1538	4876	22722	618	2329	0	20	634	633	444	442	151	233	726	1449	2509	90	76	291	22	325
OTU_34_18S_022_3	630	392	4508	2105	340	974	854	798	1653	278	449	945	1542	4728	1389	944	43	690	449	3134	1511	662
OTU_39_18S_022_3	5296	3433	316	1765	684	6032	359	418	457	210	349	458	106	82	314	631	1719	441	349	226	1029	107
OTU_44_18S_022_3	24775	1466	21769	3244	654	8309	0	19	89	470	2064	0	64	29	6	429	411	485	0	0	0	0
OTU_46_18S_022_3	5244	7701	3604	11083	556	4229	155	1199	502	888	337	168	146	161	379	647	1794	355	0	254	255	235
OTU_48_18S_022_3	0	2678	4626	0	0	0	0	0	0	0	0	0	0	567	305	0	0	0	0	0	0	0
OTU_55_18S_022_3	17281	3289	7225	3857	143	12061	320	65	286	51	403	77	90	174	60	64	0	64	86	169	52	73
OTU_59_18S_022_3	3164	593	154	42311	1279	288	0	30	105	415	75	252	113	0	20	194	152	69	125	0	4	0
OTU_61_18S_022_3	2438	3724	2017	1895	59	4855	0	344	378	277	236	132	324	275	86	306	323	0	33	612	86	0
OTU_60_18S_022_3	155	34270	218	980	0	34	0	0	222	154	0	21	0	0	0	0	0	0	0	0	0	0
OTU_58_18S_022_3	19	276	609	205	0	6	0	42	26	0	0	0	12	86	20	0	0	12	0	0	45	26
OTU_67_18S_022_3	1927	1763	239	10532	3120	6572	5377	0	28	142	114	847	105	26	28	0	0	35	0	51	5201	0
OTU_70_18S_022_3	37217	7226	558	311	126	389	0	0	0	189	0	100	0	214	0	0	0	0	53	71	0	0
OTU_71_18S_022_3	1847	366	776	642	96	2167	708	510	115	257	242	235	251	0	1167	62	903	190	0	0	471	264
OTU_72_18S_022_3	0	534	0	0	42	551	67	0	0	0	0	23	127	0	28	0	0	0	19	0	230	0
OTU_74_18S_022_3	7633	994	1020	15709	67	1713	89	200	174	695	504	1032	36	0	106	142	238	959	424	100	1606	10
OTU_76_18S_022_3	61	289	2600	410	32	2006	581	815	1739	169	878	80	444	6313	606	531	23	1001	73	1034	132	1090
OTU_78_18S_022_3	2244	442	917	790	114	1931	190	720	413	107	58	135	181	101	116	1070	0	186	0	0	393	115
OTU_79_18S_022_3	403	244	2431	1540	154	364	148	663	512	186	366	956	1719	3394	687	196	0	305	243	3248	1916	296
OTU_82_18S_022_3	5212	95	86	2076	638	981	355	483	661	861	114	33	167	474	417	317	215	678	228	126	179	417
OTU_86_18S_022_3	3698	7584	3158	3040	167	3573	309	291	533	943	694	222	106	36	73	541	702	321	100	79	748	96
OTU_92_18S_022_3	404	186	184	2399	74	198	154	34	0	222	0	112	155	120	0	61	87	26	0	49	33	38
OTU_93_18S_022_3	1416	1649	1622	467	277	1645	1090	2282	949	524	177	224	822	321	361	547	701	1306	68	1487	1565	805
OTU_97_18S_022_3	1045	2827	188	2256	112	2816	107	194	173	237	724	202	52	0	32	575	205	271	36	91	55	45
OTU_100_18S_022_3	9425	1635	1149	823	136	2347	583	190	914	427	808	782	177	165	199	298	288	712	607	358	697	928
OTU_104_18S_022_3	4826	1250	207	1936	5758	4934	369	0	0	871	67	3405	302	55	0	24	721	55	183	150	153	0
OTU_107_18S_022_3	480	982	52	7937	658	9577	0	0	0	186	0	0	0	41	0	224	0	0	0	0	0	52
OTU_101_18S_022_3	0	0	2588	63	0	0	0	0	153	0	0	0	179	3564	234	0	0	0	0	722	210	483
OTU_105_18S_022_3	867	119	4523	470	36	1292	799	789	469	0	166	27	340	0	453	906	29	45	62	411	1334	695
OTU_96_18S_022_3	157	202	0	546	1647	75	0	0	0	1912	94	502	37	0	0	0	132	102	0	0	46	0
OTU_110_18S_022_3	0	82	22	0	0	0	0	0	62	0	0	0	0	0	0	0	0	0	0	0	0	56
OTU_106_18S_022_3	10	18	46	159	789	0	0	70	0	55	0	0	15	0	0	26	0	0	0	0	0	0
OTU_113_18S_022_3	3558	1765	80	6276	7296	5720	224	0	0	488	136	0	9	0	9	46	395	24	0	52	0	0
OTU_114_18S_022_3	3160	3593	1416	2139	200	464	768	202	619	269	368	580	546	248	110	87	43	745	255	542	128	813
OTU_117_18S_022_3	2182	277	123	9685	314	5702	0	0	0	424	197	239	0	0	0	40	209	79	0	0	62	0
OTU_119_18S_022_3	560	353	88	555	51	607	97	74	59	46	34	181	79	17	43	43	31	198	43	105	21	85
OTU_121_18S_022_3	2991	1344	1190	1642	126	3219	1593	44	983	767	218	617	130	81	292	319	502	502	24	414	522	1547
OTU_127_18S_022_3	11	484	2465	4497	89	1625	253	503	289	0	0	54	64	172	82	61	13	147	66	326	83	97
OTU_131_18S_022_3	0	0	0	65	781	0	0	0	98	517	0	0	0	0	0	0	0	0	0	0	0	0
OTU_132_18S_022_3	5111	174	550	3447	119	11751	33	0	0	0	115	927	0	0	0	0	312	0	0	0	0	0
OTU_133_18S_022_3	722	0	20	338	41	108	0	0	0	0	0	153	0	0	0	0	0	29	0	0	0	0
OTU_139_18S_022_3	11142	173	1446	506	680	1440	676	727	893	298	528	54	317	0	0	9	19	298	125	7	842	11
OTU_129_18S_022_3	488	466	235	0	23	69	0	0	138	109	0	118	57	0	48	38	24	0	0	0	81	28
OTU_143_18S_022_3	2922	867	1362	3732	1329	1874	339	99	524	178	170	351	15	305	415	164	420	186	11	210	321	288
OTU_137_18S_022_3	409	611	138	396	100	447	0	0	0	0	0	0	0	0	0	237	267	0	0	0	142	122
OTU_144_18S_022_3	0	0	48	0	0	62	0	0	0	0	0	0	0	129	37	0	0	0	0	0	0	0
OTU_145_18S_022_3	2885	1812	1154	291	77	1549	340	110	464	630	366	636	279	492	127	265	241	67	146	398	223	484
OTU_146_18S_022_3	5519	277	158	7301	234	1426	93	57	116	369	88	163	24	95	108	33	60	70	0	39	357	127
OTU_147_18S_022_3	1240	289	1694	2287	118	7197	762	229	118	0	738	146	63	260	75	224	0	367	78	791	576	279
OTU_148_18S_022_3	0	0	149	85	0	212	191	57	0	0	0	0	1397	25	0	0	0	0	244	206	138	0
OTU_154_18S_022_3	0	384	1941	7359	1686	2734	0	225	54	0	0	79	50	0	0	59	0	29	0	39	0	235
OTU_156_18S_022_3	300	735	743	2441	237	225	559	308	255	223	100	227	227	157	273	282	321	368	136	27	330	803
OTU_151_18S_022_3	136	306	221	486	85	2711	0	75	118	422	351	65	145	10	65	125	0	293	180	630	763	126
OTU_157_18S_022_3	1644	0	495	2569	193	972	0	286	296	1078	158	0	68	135	179	98	302	107	36	0	0	42
OTU_161_18S_022_3	4976	2235	670	1655	116	2364	315	110	505	479	390	290	186	58	109	159	160	257	310	155	55	389
OTU_163_18S_022_3	73	0	224	822	543	427	0	447	683	0	0	215	170	991	481	217	123	0	48	317	0	858
OTU_168_18S_022_3	3131	2913	993	340	73	496	25	53	254	318	58	153	116	42	91	63	87	0	0	201	0	649
OTU_169_18S_022_3	1491	1919	276	492	460	7392	147	200	204	0	286	0	136	118	190	0	205	233	0	192	0	0
OTU_160_18S_022_3	253	3244	207	1617	4581	1658	0	42	269	128	113	43	13	0	0	8	166	474	87	0	112	0
OTU_170_18S_022_3	433	227	519	666	57	0	69	970	1461	539	462	0	0	687	749	254	0	0	0	0	0	990
OTU_172_18S_022_3	3039	180	1889	252	31	3971	51	348	97	311	214	124	123	0	7	183	0	502	53	6	32	0
OTU_173_18S_022_3	1034	1914	321	169	82	3322	232	84	111	0	613	77	36	114	94	41	250	129	38	205	255	0
OTU_179_18S_022_3	398	597	41	1057	657	276	0	253	708	763	202	626	327	0	0	374	82	0	92	0	176	0
OTU_177_18S_022_3	786	363	146	172	145	713	0	0	244	102	74	188	0	0	258	0	102	73	0	0	0	0
OTU_180_18S_022_3	354	14	280	292	578	845	270	613	468	375	626	403	762	79	43	249	0	982	633	209	141	40
OTU_183_18S_022_3	242	95	0	128	43	254	0	0	0	174	32	0	0	0	0	0	0	0	0	0	82	0
OTU_184_18S_022_3	182	1916	51	1072	367	619	33	111	105	111	431	105	0	0	0	0	0	84	0	88	1108	0
OTU_182_18S_022_3	0	98	186	322	0	0	0	0	0	0	0	0	0	76	111	0	0	0	0	0	0	0
OTU_190_18S_022_3	706	13255	452	142	32	1505	0	0	45	608	547	35	15	0	0	0	0	0	0	0	0	0
OTU_191_18S_022_3	2159	1109	323	88	21	1920	701	60	152	1389	617	0	268	0	795	59	225	283	278	179	0	35
OTU_188_18S_022_3	462	2001	169	1544	1417	1486	0	111	35	232	56	23	35	0	15	48	17	85	0	0	499	75
OTU_195_18S_022_3	262	319	653	0	0	576	0	187	95	0	0	0	78	382	0	0	927	204	0	898	102	0
OTU_197_18S_022_3	26	16	716	230	12	452	73	848	264	94	78	0	93	1221	478	780	0	524	69	258	179	511
OTU_199_18S_022_3	264	290	1573	133	96	0	0	0	0	0	0	17	0	0	0	0	0	0	0	0	104	0
OTU_201_18S_022_3	0	1206	3728	0	0	0	0	0	516	0	0	0	53	0	34	0	0	0	0	18	144	0
OTU_203_18S_022_3	88	1594	640	387	89	16	48	1578	385	0	291	88	109	65	157	237	92	62	0	54	595	264
OTU_206_18S_022_3	3689	948	287	2197	435	784	249	164	302	163	0	128	200	0	0	93	81	322	45	56	371	0
OTU_216_18S_022_3	0	0	1151	94	0	120	354	0	93	0	0	0	405	1304	196	239	0	65	0	475	0	633
OTU_219_18S_022_3	329	184	5	4011	3018	410	0	417	123	1015	20	0	0	0	8	228	82	18	43	0	40	13
OTU_222_18S_022_3	24	4138	35	0	0	6076	0	0	357	0	166	693	0	0	0	0	0	249	0	0	0	0
OTU_224_18S_022_3	0	0	0	0	0	30	0	19	59	0	7833	49	27	268	69	59	0	0	36	75	0	0
OTU_225_18S_022_3	90	749	109	1784	551	117	0	153	129	84	31	35	21	0	0	0	35	71	61	0	2824	0
OTU_227_18S_022_3	2969	1856	1009	996	212	2398	0	0	87	28	73	34	0	56	0	0	19	27	0	0	0	30
OTU_229_18S_022_3	0	455	957	824	67	739	26	0	2071	71	15	35	53	0	125	1101	0	13	0	0	0	286
OTU_234_18S_022_3	180	700	80	71	674	164	0	22	55	185	0	55	21	0	0	0	96	0	0	0	148	33
OTU_236_18S_022_3	440	618	162	85	0	1279	0	0	0	0	0	144	81	81	0	223	156	0	0	118	130	60
OTU_239_18S_022_3	12313	31	305	37	0	484	0	47	28	0	161	118	0	0	0	0	0	109	0	0	0	0
OTU_241_18S_022_3	1175	626	462	1683	447	1696	288	27	230	91	64	106	118	42	58	87	31	125	95	113	181	156
OTU_243_18S_022_3	89	306	392	71	268	328	259	36	29	135	116	53	36	62	0	9	46	68	61	230	227	76
OTU_255_18S_022_3	442	29	1247	77	0	123	533	193	139	32	796	110	1586	362	123	391	0	127	74	174	203	231
OTU_256_18S_022_3	0	217	117	1618	995	1229	0	946	306	280	346	284	1223	91	32	185	287	427	262	0	139	374
OTU_258_18S_022_3	0	349	394	55	22	0	0	0	22	0	0	0	0	567	305	0	0	0	0	0	0	257
OTU_259_18S_022_3	1237	4247	746	0	0	0	0	0	1042	0	0	0	683	0	117	0	0	0	0	0	0	0
OTU_262_18S_022_3	2218	404	292	792	49	1958	1066	22	33	74	701	221	1384	75	0	53	0	470	683	412	30	0
OTU_263_18S_022_3	47	5252	507	4660	54	0	0	0	205	52	14	0	0	17	0	0	0	0	25	0	0	0
OTU_264_18S_022_3	2345	128	69	137	31	4635	214	194	0	225	428	409	12	0	0	34	12	214	190	11	246	24
OTU_269_18S_022_3	1302	2058	541	1240	415	1513	140	81	1067	430	157	113	348	189	137	60	104	89	0	77	804	309
OTU_265_18S_022_3	2070	236	1698	1085	130	2899	0	27	34	21	47	21	31	0	20	20	0	30	36	19	50	38
OTU_271_18S_022_3	0	149	21	219	1112	89	0	53	76	77	0	61	0	0	0	0	49	0	0	0	161	0
OTU_270_18S_022_3	1754	118	126	547	133	714	0	0	157	130	340	236	110	188	93	80	16	344	81	184	0	162
OTU_272_18S_022_3	468	422	0	319	321	1401	0	103	252	337	28	229	0	0	0	118	107	273	0	0	362	0
OTU_268_18S_022_3	27	818	287	1159	28	401	97	0	26	225	0	63	33	0	78	0	184	0	0	0	56	54
OTU_276_18S_022_3	0	86	31	28	3297	0	0	0	0	0	0	0	0	0	0	611	0	0	0	0	0	40
OTU_279_18S_022_3	2940	374	52	44	11	185	122	551	153	14	74	32	99	0	174	129	18	640	143	21	26	343
OTU_282_18S_022_3	45	29	713	676	101	295	39	0	183	0	122	40	148	432	0	229	0	1239	17	482	210	415
OTU_287_18S_022_3	241	918	663	3969	179	460	0	87	0	277	0	0	11	0	0	10	52	0	0	0	0	0
OTU_284_18S_022_3	87	61	997	0	0	33	0	63	18	139	0	46	93	182	123	35	15	0	35	0	119	0
OTU_288_18S_022_3	31	5852	39	73	0	0	0	0	0	0	0	64	0	0	0	0	0	0	0	0	0	0
OTU_295_18S_022_3	587	496	29	117	0	1984	0	0	0	0	62	0	0	0	0	0	0	95	0	0	0	0
OTU_297_18S_022_3	0	0	0	0	0	0	0	0	0	0	0	1959	42	1484	0	0	0	0	0	0	1634	0
OTU_299_18S_022_3	1020	506	313	2427	332	772	321	49	336	229	73	238	57	75	98	197	59	100	34	81	201	543
OTU_301_18S_022_3	67	527	329	631	130	104	0	210	162	0	0	15	0	583	1992	149	0	0	0	24	0	33
OTU_302_18S_022_3	511	1041	562	1849	201	1098	221	7	577	138	236	240	140	189	88	146	115	164	0	140	99	264
OTU_309_18S_022_3	1114	628	417	1219	434	518	0	291	152	172	385	404	281	60	0	213	185	235	356	213	344	37
OTU_310_18S_022_3	545	58	116	371	0	0	0	0	78	0	0	45	0	350	0	0	0	105	0	0	0	0
OTU_312_18S_022_3	45	62	85	7	2	1238	42	666	14	0	0	26	29	84	258	127	0	32	0	81	22	419
OTU_313_18S_022_3	578	642	126	465	565	1657	0	0	157	0	0	0	0	0	0	0	154	68	0	107	490	0
OTU_316_18S_022_3	1568	185	980	3637	104	55	8	387	301	38	119	0	14	39	0	73	13	213	31	396	188	70
OTU_320_18S_022_3	0	0	0	240	241	0	0	0	0	30	0	0	0	0	8	0	0	0	0	0	0	0
OTU_321_18S_022_3	1563	0	132	0	1407	1502	0	0	0	0	0	39	0	0	0	0	0	154	0	0	0	0
OTU_323_18S_022_3	3646	27	33	230	15	2968	0	0	0	0	153	563	15	0	0	0	0	0	0	0	14	0
OTU_326_18S_022_3	657	161	0	7767	218	65	0	0	0	125	0	0	0	0	0	0	0	0	0	0	0	0
OTU_328_18S_022_3	481	0	0	0	1789	987	0	0	52	0	210	0	49	0	0	0	41	0	0	0	0	0
OTU_325_18S_022_3	1246	212	848	106	20	659	0	169	240	138	161	185	36	31	86	230	70	89	58	104	186	52
OTU_333_18S_022_3	37	0	308	760	381	380	348	317	93	243	275	517	1140	300	30	41	0	607	734	313	158	39
OTU_329_18S_022_3	170	164	165	322	0	94	0	6	57	154	0	40	27	190	50	26	0	37	9	144	40	17
OTU_336_18S_022_3	149	229	222	56	0	317	95	373	395	229	0	76	46	282	294	298	55	80	0	0	111	194
OTU_338_18S_022_3	0	236	0	581	106	378	0	0	95	197	64	35	129	0	194	140	57	290	87	0	0	120
OTU_332_18S_022_3	43	104	437	75	26	40	0	0	0	0	0	67	121	0	0	0	0	0	0	0	76	0
OTU_340_18S_022_3	2003	1711	338	917	280	1992	0	28	0	0	24	43	0	0	0	0	42	0	0	0	0	0
OTU_341_18S_022_3	510	285	653	883	42	228	157	47	885	293	174	65	156	87	78	168	49	225	74	153	375	756
OTU_346_18S_022_3	538	402	226	612	22	468	296	214	33	108	663	142	157	400	226	133	632	171	31	170	354	221
OTU_342_18S_022_3	1161	112	51	1977	53	1284	22	30	0	288	169	86	14	0	0	0	49	197	88	0	132	0
OTU_348_18S_022_3	0	157	19	51	54	24	0	0	0	0	14	0	0	0	0	16	34	13	0	0	198	0
OTU_354_18S_022_3	118	11	336	5337	0	0	0	0	0	0	0	0	24	0	0	0	0	0	0	0	0	0
OTU_355_18S_022_3	105	144	0	4528	3029	17	0	0	448	0	0	0	0	0	47	0	261	0	0	0	57	202
OTU_364_18S_022_3	179	1236	35	614	229	1415	0	0	56	471	24	130	32	0	0	34	0	290	0	0	0	18
OTU_365_18S_022_3	324	549	99	706	0	568	0	0	0	0	111	0	0	0	0	0	0	113	0	51	340	0
OTU_366_18S_022_3	214	944	120	293	0	1199	0	136	0	0	0	59	0	0	0	0	0	0	0	0	113	0
OTU_367_18S_022_3	266	211	699	132	288	810	0	109	143	63	107	319	85	29	120	158	53	113	0	0	0	79
OTU_370_18S_022_3	414	750	632	1116	28	176	0	250	244	236	259	86	70	165	162	125	0	70	69	43	241	117
OTU_356_18S_022_3	2076	273	138	1226	138	503	0	109	112	142	51	64	17	0	29	85	47	64	0	18	91	0
OTU_372_18S_022_3	1905	1618	45	434	109	805	0	128	283	455	95	129	46	0	0	95	198	58	82	31	307	45
OTU_378_18S_022_3	534	1334	644	66	134	332	843	15	62	131	82	167	54	725	42	40	0	102	0	108	389	321
OTU_381_18S_022_3	1425	1325	550	134	56	718	0	84	124	362	0	225	72	96	91	78	0	87	68	408	98	482
OTU_386_18S_022_3	244	92	0	440	271	731	0	0	0	67	0	344	0	0	0	0	296	39	0	0	213	0
OTU_384_18S_022_3	0	2016	0	0	0	7	0	122	33	0	0	0	7	0	0	0	40	0	0	0	185	0
OTU_389_18S_022_3	1381	1164	172	296	130	90	88	54	260	133	192	0	73	0	27	0	0	17	130	103	308	0
OTU_391_18S_022_3	20	5083	0	0	0	0	0	0	0	0	0	0	0	23	0	0	0	0	0	0	130	0
OTU_392_18S_022_3	139	0	20	1259	281	1018	0	102	240	776	275	9	116	0	22	0	168	0	0	0	147	0
OTU_397_18S_022_3	0	76	1062	26	0	0	0	0	70	0	0	0	131	1935	355	34	0	0	0	71	0	28
OTU_400_18S_022_3	0	0	326	67	0	57	81	308	0	57	0	147	1124	554	127	143	0	328	104	452	221	105
OTU_401_18S_022_3	0	33	17	51	0	0	0	0	69	0	0	0	0	0	0	0	0	0	0	0	0	0
OTU_404_18S_022_3	965	138	201	325	365	911	82	0	49	123	30	29	149	399	60	0	27	98	0	51	248	25
OTU_405_18S_022_3	675	1317	145	51	46	449	0	314	260	190	81	0	0	49	76	85	0	113	74	73	0	0
OTU_408_18S_022_3	356	73	280	363	15	73	163	91	115	0	49	111	561	105	59	0	24	35	43	38	280	96
OTU_411_18S_022_3	0	0	185	13	0	290	0	123	109	0	0	0	50	725	79	82	0	0	0	0	0	0
OTU_413_18S_022_3	347	1554	719	127	18	21	0	0	0	0	0	0	0	0	0	0	0	0	0	0	0	43
OTU_415_18S_022_3	0	196	1372	876	195	807	1022	0	549	127	84	432	0	0	0	0	27	138	14	197	635	0
OTU_418_18S_022_3	27	739	218	4916	0	0	0	85	0	0	0	0	0	0	0	25	0	0	0	0	0	0
OTU_420_18S_022_3	0	28	2796	117	101	33	0	0	726	0	0	0	125	0	0	0	0	0	0	0	397	831
OTU_423_18S_022_3	126	1426	28	174	196	1167	69	48	0	103	196	0	0	12	52	53	0	138	0	0	0	0
OTU_425_18S_022_3	837	517	530	245	0	580	1188	64	54	95	152	218	41	51	127	73	38	22	0	0	158	197
OTU_427_18S_022_3	2628	531	225	686	57	2937	0	7	0	0	41	14	15	0	5	0	0	28	0	12	0	0
OTU_419_18S_022_3	137	94	68	1525	97	615	179	0	132	172	85	13	0	24	113	31	24	93	33	51	82	37
OTU_421_18S_022_3	138	111	68	0	0	0	0	0	0	0	0	0	0	126	0	0	0	0	0	0	0	190
OTU_434_18S_022_3	206	109	46	567	147	349	0	34	75	0	0	14	0	0	0	64	0	81	0	0	0	0
OTU_438_18S_022_3	1289	818	166	494	20	523	0	59	125	219	152	64	45	65	49	109	133	33	105	141	0	123
OTU_439_18S_022_3	58	230	2694	643	19	0	0	48	25	0	0	0	53	67	51	0	0	0	0	0	0	67
OTU_443_18S_022_3	1203	599	189	270	178	1158	28	0	0	0	0	0	0	0	0	0	0	0	0	0	0	0
OTU_442_18S_022_3	1871	1192	425	545	41	332	10	20	0	33	72	0	8	0	0	0	11	0	0	0	0	0
OTU_445_18S_022_3	1680	286	286	675	68	353	0	0	191	102	126	104	61	190	53	146	0	118	0	132	51	261
OTU_447_18S_022_3	849	69	229	143	65	781	17	83	97	402	0	106	713	0	0	76	0	87	57	0	0	262
OTU_448_18S_022_3	483	196	438	407	19	61	891	45	0	159	0	99	580	65	0	0	0	0	0	42	0	46
OTU_451_18S_022_3	211	26	45	4527	58	20	0	0	0	199	76	617	0	0	0	0	0	0	0	0	0	0
OTU_450_18S_022_3	1733	1507	843	0	0	685	0	107	42	0	64	241	38	0	0	47	0	0	0	0	170	0
OTU_452_18S_022_3	29	141	0	3882	195	415	0	69	0	0	0	0	0	0	0	0	175	0	0	0	0	0
OTU_444_18S_022_3	1350	0	164	0	0	264	0	0	0	0	80	0	0	0	0	0	0	0	0	0	0	0
OTU_455_18S_022_3	0	0	0	61	26	263	0	0	0	27	18	0	0	0	0	0	0	0	0	0	0	0
OTU_459_18S_022_3	41	0	0	0	0	173	0	0	0	0	74	0	0	0	0	0	0	0	33	0	0	0
OTU_460_18S_022_3	564	708	322	737	209	469	385	0	533	205	201	221	49	65	0	0	0	205	98	0	0	0
OTU_461_18S_022_3	53	3059	146	648	34	16	0	0	447	93	549	161	0	0	29	0	0	0	0	0	0	0
OTU_456_18S_022_3	0	56	182	0	0	0	0	163	363	0	0	0	53	0	71	0	0	47	0	19	162	38
OTU_467_18S_022_3	142	360	723	46	0	0	0	56	151	45	45	0	93	206	342	0	0	0	0	22	123	0
OTU_463_18S_022_3	119	358	862	0	0	9	0	14	0	0	0	43	226	162	104	18	0	0	27	34	469	0
OTU_472_18S_022_3	54	128	36	11	36	0	0	0	0	0	4	34	217	0	0	0	0	0	0	0	0	0
OTU_475_18S_022_3	1886	1201	772	279	29	1927	0	0	0	0	140	30	0	0	0	0	0	0	0	34	0	0
OTU_477_18S_022_3	0	38	37	48	0	62	29	0	320	0	311	0	0	1805	838	77	0	59	0	417	0	0
OTU_478_18S_022_3	16	93	52	545	97	369	0	0	53	0	0	39	0	33	0	107	0	153	24	0	0	0
OTU_482_18S_022_3	0	0	260	21	0	0	0	139	22	0	0	0	0	23	53	511	0	0	0	0	0	107
OTU_483_18S_022_3	264	195	10	466	344	708	0	51	0	208	0	16	0	0	53	0	120	58	0	0	0	0
OTU_484_18S_022_3	20	78	99	453	66	113	177	136	329	0	0	0	39	359	477	121	0	0	0	74	0	214
OTU_486_18S_022_3	40	6800	12	0	7	13	0	0	0	0	0	0	0	0	0	0	0	0	0	0	0	0
OTU_490_18S_022_3	0	0	0	40	0	0	0	0	0	0	2878	0	0	254	0	0	0	0	0	87	0	0
OTU_494_18S_022_3	1005	1310	31	52	611	149	0	0	0	0	24	41	0	0	0	0	0	0	57	0	67	0
OTU_501_18S_022_3	542	473	45	54	0	597	0	41	66	46	0	148	0	0	0	55	83	0	90	0	76	0
OTU_503_18S_022_3	1169	33	199	1564	0	223	0	0	0	114	48	73	0	416	96	0	0	76	0	18	0	282
OTU_506_18S_022_3	365	93	10	116	0	12	0	33	0	73	0	0	0	0	186	0	16	115	0	0	0	169
OTU_508_18S_022_3	0	4388	0	47	1491	13	0	0	0	0	0	0	0	0	0	0	0	0	0	0	0	0
OTU_510_18S_022_3	0	4	90	0	9	11	0	0	0	0	3	0	2884	80	0	0	0	0	0	0	0	0
OTU_511_18S_022_3	196	365	97	39	0	455	0	27	0	0	0	0	0	0	0	89	0	0	0	0	0	0
OTU_515_18S_022_3	0	0	1438	0	0	8	0	46	0	0	0	0	0	484	31	0	0	0	0	0	0	29
OTU_520_18S_022_3	261	709	446	108	8	776	50	29	184	134	273	148	66	31	121	48	24	45	40	191	58	140
OTU_522_18S_022_3	680	1361	0	50	0	1089	0	0	0	0	0	131	118	24	0	0	0	0	0	127	0	0
OTU_523_18S_022_3	1324	341	379	375	41	420	69	25	109	331	83	0	75	141	193	46	0	0	0	79	0	282
OTU_525_18S_022_3	35	41	12	392	47	357	8	0	0	67	0	38	0	0	0	0	25	0	44	172	321	0
OTU_526_18S_022_3	0	116	652	2210	524	965	0	0	0	0	0	0	0	0	0	0	0	0	0	0	0	0
OTU_527_18S_022_3	1822	320	362	657	266	837	191	16	47	41	0	105	0	0	0	36	187	101	0	24	0	41
OTU_531_18S_022_3	0	202	64	1212	0	879	0	241	195	0	0	17	241	0	0	0	0	10	0	0	1331	0
OTU_533_18S_022_3	0	0	43	2951	1823	0	0	0	270	0	0	0	0	0	0	0	145	0	0	0	0	0
OTU_538_18S_022_3	0	155	30	36	0	21	0	0	0	0	0	0	0	78	57	0	0	0	0	0	0	266
OTU_536_18S_022_3	138	179	62	249	0	387	0	17	0	103	28	12	11	0	14	61	39	0	10	34	0	44
OTU_498_18S_022_3	5	4	27	3	1	19	0	0	2	0	10	4	29	0	64	3	2	3	0	0	0	20
OTU_541_18S_022_3	63	287	772	243	117	852	552	41	259	0	38	111	0	89	14	0	25	50	0	123	665	136
OTU_544_18S_022_3	514	198	30	186	52	337	0	20	34	90	0	31	19	0	0	41	154	0	0	14	49	0
OTU_545_18S_022_3	0	0	1237	0	0	289	327	0	300	0	0	0	0	354	0	0	0	0	0	661	0	0
OTU_534_18S_022_3	12	1488	19	0	0	0	0	0	0	12	0	0	0	0	0	0	0	0	11	0	0	0
OTU_539_18S_022_3	0	0	0	11	0	0	0	33	0	0	30	0	26	0	0	44	0	0	38	0	0	0
OTU_512_18S_022_3	19	350	47	153	0	136	0	0	13	255	26	25	119	0	29	23	0	0	0	0	0	14
OTU_553_18S_022_3	61	214	35	73	60	391	0	0	34	68	0	24	19	0	0	0	172	0	0	0	0	0
OTU_554_18S_022_3	216	2591	721	0	0	298	0	0	0	0	18	76	26	0	0	0	0	0	0	0	20	0
OTU_555_18S_022_3	0	339	254	19	0	0	0	0	0	0	0	39	0	0	68	0	0	0	0	0	0	120
OTU_558_18S_022_3	300	169	116	805	14	298	26	28	100	153	0	89	82	56	0	61	32	60	0	32	40	7
OTU_559_18S_022_3	0	66	90	113	0	3643	0	0	0	0	241	30	0	0	0	0	0	0	0	54	0	0
OTU_560_18S_022_3	576	565	141	0	0	219	0	19	72	0	20	61	0	223	32	0	0	62	0	45	0	23
OTU_569_18S_022_3	775	61	18	938	145	0	0	67	307	0	182	136	0	0	164	42	0	103	0	0	0	83
OTU_571_18S_022_3	0	127	0	0	540	63	0	0	0	245	0	0	0	0	0	0	0	0	0	0	0	0
OTU_574_18S_022_3	64	32	0	69	0	94	0	166	422	127	0	0	0	0	0	0	0	0	0	0	0	100
OTU_568_18S_022_3	209	174	0	0	0	35	0	0	38	0	0	0	0	0	0	49	0	0	0	0	0	0
OTU_575_18S_022_3	547	219	88	168	27	1225	0	30	0	32	174	30	0	0	0	37	0	220	0	0	15	0
OTU_579_18S_022_3	894	1124	68	338	31	620	0	43	44	249	120	221	0	0	49	113	273	30	31	60	40	181
OTU_581_18S_022_3	818	806	322	267	10	241	0	13	355	131	88	191	14	217	90	64	19	114	15	85	57	158
OTU_583_18S_022_3	97	291	43	1545	0	0	0	0	0	0	0	27	0	0	0	0	0	0	0	0	0	0
OTU_589_18S_022_3	0	97	0	0	0	1161	0	0	0	43	61	0	0	0	0	152	95	0	16	0	223	0
OTU_591_18S_022_3	0	1402	28	28	133	0	0	0	0	509	0	0	0	0	0	0	0	84	203	0	0	0
OTU_580_18S_022_3	0	157	265	0	0	209	13	44	0	0	0	177	51	59	105	36	57	0	18	156	0	201
OTU_593_18S_022_3	21	178	27	574	8	218	0	0	133	139	119	59	52	0	1712	21	188	33	0	0	0	232
OTU_595_18S_022_3	914	139	0	62	34	503	0	46	109	57	16	31	0	0	0	39	82	15	33	0	0	0
OTU_597_18S_022_3	3169	16	3	0	22	592	0	0	0	198	0	0	0	0	0	257	0	0	0	0	0	0
OTU_599_18S_022_3	963	318	0	347	0	377	1149	286	0	0	127	122	0	0	116	191	0	111	0	89	0	0
OTU_600_18S_022_3	129	21	73	1958	26	578	0	0	93	103	0	0	0	0	68	113	30	46	16	0	604	158
OTU_608_18S_022_3	291	179	126	1041	210	227	34	35	15	131	82	48	0	0	34	47	114	58	0	0	114	144
OTU_609_18S_022_3	13	22	57	894	414	185	0	375	402	56	30	199	802	0	0	37	0	87	0	0	285	0
OTU_617_18S_022_3	176	18	47	2437	452	58	0	15	0	0	83	55	39	0	0	26	0	0	0	0	57	0
OTU_614_18S_022_3	0	141	296	1361	289	0	0	22	59	0	0	0	0	297	34	173	0	0	0	0	0	216
OTU_628_18S_022_3	287	50	372	795	40	482	16	0	0	103	41	136	74	223	0	66	0	67	34	0	0	56
OTU_629_18S_022_3	0	376	95	173	51	47	74	183	57	119	47	80	126	31	0	230	56	27	0	33	0	229
OTU_631_18S_022_3	290	333	78	264	33	694	249	0	0	193	230	175	103	0	64	51	68	96	81	94	168	207
OTU_634_18S_022_3	362	80	219	537	461	396	185	74	130	236	212	110	89	53	135	59	0	91	0	39	134	53
OTU_636_18S_022_3	283	0	5	86	64	1514	0	0	0	0	0	164	24	0	4	646	57	0	0	0	0	0
OTU_635_18S_022_3	0	0	0	0	0	0	0	0	149	65	88	0	92	0	21	0	0	0	0	0	0	0
OTU_637_18S_022_3	795	208	0	344	47	729	0	9	304	224	173	128	78	0	0	0	55	129	19	176	0	206
OTU_638_18S_022_3	736	558	149	217	31	688	131	35	338	84	102	92	60	0	0	114	48	105	0	103	140	92
OTU_639_18S_022_3	1755	490	184	0	22	806	0	0	97	124	195	127	83	0	0	0	35	68	63	91	32	111
OTU_641_18S_022_3	1136	853	382	210	49	966	0	0	0	0	0	0	0	0	0	0	0	0	0	0	16	0
OTU_644_18S_022_3	33	193	87	0	0	0	0	0	0	0	0	0	0	44	7	21	27	0	0	0	0	62
OTU_649_18S_022_3	0	93	44	577	33	737	0	0	53	0	67	0	39	0	0	55	43	67	0	94	58	0
OTU_624_18S_022_3	0	23	148	27	34	253	0	0	0	0	0	0	0	32	0	0	0	0	0	26	0	0
OTU_654_18S_022_3	381	467	0	15	0	1461	0	0	116	95	119	24	67	0	0	0	124	0	0	41	418	0
OTU_658_18S_022_3	40	109	24	3182	0	0	0	176	0	45	0	0	0	0	75	44	4	0	0	0	0	59
OTU_659_18S_022_3	575	742	154	1160	67	348	0	47	51	0	0	110	0	48	52	49	0	0	0	0	0	161
OTU_661_18S_022_3	245	1471	557	0	0	120	0	0	109	70	0	149	120	0	0	158	0	212	0	99	272	101
OTU_665_18S_022_3	1249	137	545	110	0	555	0	0	65	144	96	88	0	0	0	0	0	48	0	0	39	105
OTU_667_18S_022_3	320	141	141	0	0	378	992	0	0	0	0	31	1113	116	43	31	0	72	312	306	0	87
OTU_672_18S_022_3	3577	39	0	0	7	17	0	0	0	0	0	0	0	0	0	0	0	0	0	0	0	0
OTU_673_18S_022_3	747	561	481	214	42	59	169	46	246	40	34	39	216	65	90	32	9	84	69	49	30	335
OTU_678_18S_022_3	945	102	32	354	85	1299	120	0	0	0	294	218	14	0	0	0	0	398	57	0	0	0
OTU_679_18S_022_3	2422	0	0	682	0	43	0	0	0	60	19	0	0	0	0	0	0	0	0	0	0	0
OTU_685_18S_022_3	521	577	684	16	0	322	0	154	256	0	183	0	0	0	17	0	0	0	0	0	74	0
OTU_686_18S_022_3	1003	660	328	282	70	273	252	0	190	60	75	57	65	0	0	106	0	192	0	37	76	168
OTU_643_18S_022_3	160	28	39	120	27	106	208	19	31	83	16	32	0	15	0	0	0	50	0	0	0	0
OTU_688_18S_022_3	0	34	46	8	0	0	0	234	395	0	0	367	220	56	0	127	0	0	0	0	0	0
OTU_693_18S_022_3	308	95	35	217	0	199	268	116	0	45	27	34	0	0	0	115	0	0	0	103	45	297
OTU_689_18S_022_3	337	556	197	378	251	706	0	0	0	0	0	0	0	0	0	0	0	0	0	0	0	0
OTU_701_18S_022_3	1579	111	320	77	170	203	72	0	34	0	19	0	31	0	0	46	71	0	0	0	0	0
OTU_694_18S_022_3	544	496	59	353	94	70	0	0	0	0	0	0	0	0	0	0	0	0	0	0	0	0
OTU_704_18S_022_3	968	45	0	633	120	292	0	0	0	0	0	65	0	0	0	0	22	45	0	0	33	0
OTU_706_18S_022_3	130	552	161	276	0	1242	0	0	0	0	0	217	144	0	64	0	0	0	91	163	135	0
OTU_709_18S_022_3	0	23	46	8	0	622	0	62	31	0	16	0	41	51	691	103	0	45	0	115	0	71
OTU_710_18S_022_3	367	212	25	97	0	420	25	65	205	0	27	0	0	0	0	0	267	100	80	47	80	0
OTU_712_18S_022_3	0	49	0	589	81	21	0	0	108	138	0	0	0	0	50	17	84	0	0	0	0	37
OTU_717_18S_022_3	1163	527	282	51	22	1416	92	0	0	0	57	0	0	0	0	0	0	6	31	0	0	0
OTU_719_18S_022_3	15	0	0	328	12	607	0	56	83	0	11	0	0	0	11	0	0	0	0	7	0	0
OTU_721_18S_022_3	71	4	18	126	254	88	197	18	78	93	31	49	0	0	0	0	0	66	10	29	321	0
OTU_726_18S_022_3	0	60	390	1482	12	0	0	0	0	0	0	0	0	20	0	83	0	0	15	0	0	13
OTU_728_18S_022_3	89	104	4	54	347	30	0	0	21	120	0	22	0	0	0	23	0	0	0	0	0	0
OTU_724_18S_022_3	202	36	0	17	6	52	0	67	0	36	0	20	0	0	143	0	63	66	0	0	0	0
OTU_725_18S_022_3	199	213	83	346	38	0	0	83	56	0	0	0	17	0	0	0	0	0	0	0	0	0
OTU_733_18S_022_3	1217	28	49	525	24	149	0	0	0	68	11	76	94	0	0	0	2	30	41	0	0	0
OTU_735_18S_022_3	0	208	96	0	0	806	0	18	141	19	0	109	30	0	0	0	0	52	27	0	53	14
OTU_736_18S_022_3	45	330	35	214	120	150	0	0	49	49	0	0	213	0	55	67	61	0	35	0	0	77
OTU_738_18S_022_3	22	0	0	765	413	117	0	41	294	77	0	0	169	0	0	58	0	0	0	0	61	0
OTU_729_18S_022_3	47	289	530	1186	0	23	0	24	0	0	0	0	0	0	0	0	0	0	0	0	0	0
OTU_739_18S_022_3	672	262	12	154	26	461	98	149	316	75	372	30	46	14	290	0	58	0	0	0	35	0
OTU_751_18S_022_3	0	72	48	0	0	111	0	0	4	106	0	0	31	56	0	35	19	38	0	0	0	59
OTU_752_18S_022_3	76	0	41	1828	37	7	0	77	0	532	80	0	0	0	0	88	28	0	0	0	0	55
OTU_758_18S_022_3	993	1155	305	140	62	653	0	0	0	0	23	0	0	0	0	0	0	0	0	0	0	0
OTU_759_18S_022_3	675	240	79	378	57	604	0	0	129	21	22	238	0	0	0	21	55	0	0	0	297	201
OTU_765_18S_022_3	44	14	12	265	559	28	63	0	0	0	0	0	0	0	18	322	0	42	13	280	62	0
OTU_775_18S_022_3	0	0	535	0	0	838	0	46	0	0	0	0	55	35	0	0	0	87	42	32	0	0
OTU_777_18S_022_3	8	22	406	1020	41	0	0	43	183	63	0	0	0	105	40	0	0	20	0	44	0	346
OTU_785_18S_022_3	0	0	393	350	0	0	0	0	0	0	20	0	0	110	530	0	0	0	0	0	0	80
OTU_786_18S_022_3	0	0	1235	1335	0	0	0	81	0	0	0	0	0	92	0	0	0	0	0	0	0	52
OTU_698_18S_022_3	42	19	8	15	0	45	0	0	0	40	0	0	0	0	0	0	0	0	0	0	0	19
OTU_793_18S_022_3	168	77	643	0	572	0	0	0	0	0	0	0	0	91	169	25	0	0	0	0	0	0
OTU_796_18S_022_3	433	578	194	599	161	980	0	0	0	0	0	0	0	0	0	0	0	0	0	0	0	0
OTU_802_18S_022_3	773	29	68	168	8	236	97	101	82	0	32	0	30	0	77	15	85	32	0	70	91	89
OTU_804_18S_022_3	0	0	460	15	0	0	0	0	0	0	0	0	0	83	6	0	0	0	0	0	0	0
OTU_791_18S_022_3	65	168	0	0	0	467	0	0	47	38	62	0	0	0	0	0	0	185	0	0	36	0
OTU_807_18S_022_3	57	2005	389	73	30	112	0	0	0	0	0	0	0	0	0	0	0	0	0	0	0	0
OTU_808_18S_022_3	0	0	130	0	0	473	125	91	575	0	0	0	0	0	0	46	0	0	0	0	0	0
OTU_809_18S_022_3	1053	0	370	279	0	102	0	0	0	215	0	12	38	0	0	0	0	0	0	0	151	0
OTU_810_18S_022_3	1497	245	55	0	0	108	0	0	0	686	0	97	0	0	56	0	0	0	0	0	0	0
OTU_812_18S_022_3	954	186	91	398	0	248	484	57	71	210	65	94	0	0	0	0	0	0	78	59	0	0
OTU_814_18S_022_3	0	309	241	1967	26	0	0	20	136	0	0	0	15	27	11	0	11	0	0	0	0	0
OTU_816_18S_022_3	0	72	116	256	0	58	0	0	111	0	29	0	0	53	0	174	14	0	0	0	0	0
OTU_819_18S_022_3	0	0	41	21	6	23	0	98	31	0	0	0	15	350	33	0	0	0	0	0	0	114
OTU_820_18S_022_3	363	144	180	106	12	892	0	0	0	0	0	0	0	6	0	0	0	0	0	0	0	0
OTU_821_18S_022_3	0	0	0	79	0	0	71	0	103	0	87	0	0	0	0	48	0	0	8	125	0	115
OTU_827_18S_022_3	2	0	0	1121	0	18	0	0	85	0	0	0	0	0	0	201	0	0	0	0	0	0
OTU_828_18S_022_3	0	0	317	111	0	0	0	0	77	0	0	0	0	530	143	0	0	0	0	0	0	151
OTU_518_18S_022_3	638	560	122	172	27	312	0	0	0	0	0	0	0	0	0	0	0	0	0	0	0	0
OTU_834_18S_022_3	0	0	114	65	13	0	0	0	0	0	0	0	0	0	71	177	0	44	0	0	0	0
OTU_836_18S_022_3	29	167	524	692	150	83	0	28	0	25	19	37	0	76	22	22	0	16	0	47	0	0
OTU_840_18S_022_3	574	229	130	118	0	139	84	0	66	0	45	107	57	0	0	53	0	83	41	89	46	224
OTU_844_18S_022_3	0	0	13	204	0	0	0	170	202	0	0	0	0	36	88	70	0	0	0	0	0	230
OTU_848_18S_022_3	42	63	326	466	144	242	238	0	106	384	35	108	30	0	62	0	57	91	7	0	0	316
OTU_849_18S_022_3	313	219	102	642	231	172	79	0	34	147	64	68	0	17	0	0	0	0	29	0	114	0
OTU_851_18S_022_3	25	165	34	136	0	10	286	51	0	28	31	49	31	148	48	5	0	68	15	98	0	167
OTU_853_18S_022_3	784	127	44	73	28	652	0	0	308	0	147	0	0	0	0	0	0	186	0	76	0	83
OTU_854_18S_022_3	0	162	237	0	0	0	0	0	120	0	0	0	0	157	124	0	0	0	0	0	0	0
OTU_856_18S_022_3	492	721	212	71	30	189	63	0	0	0	44	76	79	46	27	13	36	0	0	111	0	48
OTU_857_18S_022_3	290	395	63	228	0	383	210	0	92	62	89	107	46	0	0	35	0	92	0	0	0	45
OTU_860_18S_022_3	472	90	76	0	0	77	0	0	0	0	0	122	61	26	0	81	0	47	0	0	0	0
OTU_865_18S_022_3	0	21	16	1752	278	0	0	0	26	0	0	0	0	0	0	104	25	0	20	0	0	0
OTU_872_18S_022_3	248	520	0	60	48	130	0	0	76	0	0	39	0	0	0	0	0	36	0	0	0	0
OTU_873_18S_022_3	1236	192	81	0	0	753	0	0	0	0	0	81	0	0	0	0	0	0	0	0	0	0
OTU_875_18S_022_3	139	0	259	136	131	261	0	79	228	158	7	27	0	67	264	0	17	89	0	0	0	61
OTU_876_18S_022_3	198	40	103	0	111	266	0	12	41	47	0	125	28	0	17	0	0	0	0	0	0	78
OTU_874_18S_022_3	0	0	123	309	319	493	0	0	0	0	34	0	7	0	0	0	0	0	0	12	106	0
OTU_878_18S_022_3	284	236	0	11	124	613	0	0	97	0	0	115	0	0	14	39	0	0	15	14	0	0
OTU_880_18S_022_3	50	111	167	0	26	105	160	33	70	0	20	0	323	0	0	0	0	0	31	154	0	0
OTU_889_18S_022_3	0	131	182	0	0	77	0	0	108	0	0	41	0	185	54	0	0	35	0	56	0	261
OTU_890_18S_022_3	382	744	560	48	0	325	0	0	17	0	29	0	0	0	19	0	0	0	0	0	0	0
OTU_891_18S_022_3	41	44	65	96	16	132	0	25	47	29	367	119	0	76	49	70	0	0	0	141	0	56
OTU_898_18S_022_3	0	189	0	0	0	0	0	0	0	0	154	103	0	0	0	113	0	0	315	0	417	0
OTU_900_18S_022_3	210	75	67	55	0	69	0	66	0	0	33	19	34	71	30	370	0	59	0	0	49	28
OTU_903_18S_022_3	65	15	0	814	12	0	0	0	773	39	19	5	15	0	39	0	9	0	0	0	0	0
OTU_905_18S_022_3	45	21	0	156	66	628	0	0	0	0	0	0	0	0	0	0	0	0	11	0	0	0
OTU_913_18S_022_3	0	263	0	0	14	2291	0	0	159	0	0	0	0	0	0	0	0	0	0	0	0	0
OTU_914_18S_022_3	0	235	581	0	0	38	0	28	38	0	0	0	36	429	162	0	0	0	0	42	0	0
OTU_917_18S_022_3	77	102	41	248	51	0	0	0	0	77	0	0	0	0	0	0	0	0	0	0	204	0
OTU_902_18S_022_3	0	0	67	0	0	73	42	0	0	0	0	0	0	198	0	0	0	0	0	0	0	0
OTU_921_18S_022_3	809	261	68	145	0	585	19	0	0	0	0	0	0	0	0	0	0	0	0	0	0	0
OTU_922_18S_022_3	0	0	0	172	54	167	0	0	0	55	0	0	0	0	0	0	106	0	0	0	0	0
OTU_923_18S_022_3	0	0	17	47	48	0	0	0	0	0	0	0	0	0	0	0	0	0	0	0	72	0
OTU_926_18S_022_3	553	48	92	26	0	308	0	0	0	0	0	123	0	73	0	0	0	88	0	217	126	88
OTU_934_18S_022_3	46	11	31	164	8	784	153	0	0	74	384	14	65	0	0	0	0	211	137	242	0	0
OTU_936_18S_022_3	0	275	800	0	0	441	0	0	0	0	0	0	0	31	21	0	0	0	0	0	144	0
OTU_939_18S_022_3	74	95	76	0	0	418	0	84	34	0	32	0	118	0	0	84	0	0	97	0	0	0
OTU_938_18S_022_3	38	10	72	151	28	45	0	0	0	0	23	0	0	0	0	0	0	0	0	0	19	0
OTU_933_18S_022_3	0	0	0	105	4	0	0	0	75	0	0	0	0	603	0	125	0	0	0	0	0	0
OTU_941_18S_022_3	0	116	384	46	0	0	0	0	184	0	0	0	0	244	144	64	0	0	0	25	0	513
OTU_942_18S_022_3	24	91	82	59	37	122	0	0	41	0	0	0	0	0	0	53	0	0	0	0	0	0
OTU_944_18S_022_3	0	0	17	0	0	559	0	0	0	0	0	2160	0	0	0	0	0	20	80	0	0	0
OTU_946_18S_022_3	0	0	0	373	138	0	0	0	104	0	0	0	0	0	0	0	3	0	0	0	0	0
OTU_957_18S_022_3	0	0	216	17	0	12	0	53	0	0	0	0	0	11	0	252	0	26	0	12	0	0
OTU_958_18S_022_3	937	547	0	370	72	597	0	0	0	0	0	77	31	0	0	0	31	0	21	0	76	14
OTU_959_18S_022_3	1044	276	128	37	0	121	62	0	0	0	0	0	50	0	0	0	0	0	0	67	0	51
OTU_963_18S_022_3	10	771	211	0	0	75	107	0	0	0	0	101	83	0	0	0	0	0	0	0	0	24
OTU_966_18S_022_3	137	78	0	0	0	671	813	0	0	0	0	122	0	0	0	0	0	0	0	0	902	0
OTU_967_18S_022_3	605	262	0	0	0	251	97	0	0	0	0	180	0	0	0	0	0	0	0	123	0	0
OTU_968_18S_022_3	20	164	0	202	80	38	0	0	0	50	0	0	0	0	0	0	0	0	0	0	0	0
OTU_969_18S_022_3	109	205	53	433	15	82	0	0	0	46	50	5	0	0	0	42	0	0	0	0	637	0
OTU_970_18S_022_3	0	0	224	290	0	1196	0	0	54	0	110	0	0	84	51	0	0	0	0	0	0	0
OTU_974_18S_022_3	0	215	146	0	0	0	0	0	0	218	0	0	0	0	0	0	0	0	16	0	0	0
OTU_981_18S_022_3	274	201	67	188	471	657	0	0	0	0	0	0	0	0	14	0	0	0	0	0	31	0
OTU_984_18S_022_3	402	184	135	341	74	148	0	19	19	53	65	0	40	42	0	0	0	0	15	23	32	0
OTU_994_18S_022_3	556	410	250	42	9	495	74	0	0	0	56	0	32	0	27	0	0	0	0	0	0	0
OTU_999_18S_022_3	103	44	58	68	0	0	0	0	0	0	0	0	0	0	0	0	0	0	0	0	0	0
OTU_1004_18S_022_3	199	0	0	0	216	52	0	0	21	61	0	0	9	0	8	0	17	0	0	0	0	0
OTU_1005_18S_022_3	1869	48	0	0	16	0	0	0	0	59	109	0	0	0	0	23	0	0	0	0	0	0
OTU_1007_18S_022_3	1711	0	0	46	66	179	0	0	135	0	0	0	0	0	0	0	0	0	0	0	0	0
OTU_1008_18S_022_3	317	116	86	0	0	600	0	108	0	0	0	86	0	0	0	98	138	33	0	0	0	0
OTU_1009_18S_022_3	1504	301	145	20	0	596	16	0	0	0	0	0	0	0	0	0	0	0	0	0	0	0
OTU_1012_18S_022_3	179	79	37	617	26	267	126	0	0	0	0	0	60	0	0	0	20	145	0	15	0	50
OTU_1013_18S_022_3	0	0	30	150	21	0	0	0	282	0	0	0	20	154	0	34	0	0	0	0	0	27
OTU_1015_18S_022_3	117	197	38	99	352	229	323	18	42	202	0	73	29	0	8	74	14	0	59	29	0	67
OTU_1016_18S_022_3	229	24	145	0	0	598	183	0	0	0	0	22	58	35	0	0	0	138	425	85	0	0
OTU_1017_18S_022_3	182	40	0	0	0	275	0	0	0	0	28	0	0	0	0	0	0	0	0	0	0	0
OTU_1018_18S_022_3	0	592	0	64	64	225	0	0	37	0	88	0	0	0	0	0	0	0	0	0	0	0
OTU_1022_18S_022_3	0	197	42	0	0	1090	0	0	0	0	0	0	0	0	36	0	0	0	0	247	0	49
OTU_1026_18S_022_3	1066	370	14	33	24	839	0	0	0	16	0	0	0	0	0	0	0	0	0	0	0	0
OTU_1019_18S_022_3	0	41	7	87	43	19	0	48	3	0	0	51	124	20	12	0	0	0	26	0	0	0
OTU_1037_18S_022_3	0	0	89	240	179	16	0	0	1025	0	0	0	0	0	0	182	0	75	0	0	0	0
OTU_1042_18S_022_3	75	62	0	570	301	19	0	86	59	0	73	0	24	0	17	48	11	0	0	0	0	0
OTU_1043_18S_022_3	46	77	87	506	414	268	0	0	28	0	0	0	0	0	0	7	0	12	0	0	16	0
OTU_1045_18S_022_3	0	0	0	0	5	683	85	0	0	0	0	843	0	0	0	0	0	0	0	0	0	0
OTU_1047_18S_022_3	0	174	76	179	679	389	0	0	25	25	0	83	7	0	30	0	0	90	0	0	0	0
OTU_1048_18S_022_3	0	284	240	0	352	482	152	0	57	0	0	19	0	0	0	0	0	0	0	0	191	163
OTU_1051_18S_022_3	385	355	16	515	43	133	0	0	0	27	0	0	0	0	0	0	0	0	0	0	0	0
OTU_1052_18S_022_3	0	522	0	0	0	554	0	0	0	0	0	116	0	0	0	0	0	63	53	0	0	0
OTU_1054_18S_022_3	294	89	117	112	15	31	42	77	77	0	0	0	33	0	0	41	43	236	0	0	31	34
OTU_1056_18S_022_3	89	223	27	252	0	47	0	0	171	0	0	102	177	0	63	32	0	0	0	0	0	30
OTU_1057_18S_022_3	78	385	0	0	27	1088	0	0	0	80	0	34	0	0	0	11	0	105	0	0	0	0
OTU_1059_18S_022_3	116	103	40	233	100	81	0	0	0	93	46	46	0	0	77	0	32	0	0	19	156	33
OTU_1060_18S_022_3	0	49	218	829	59	60	109	0	197	0	15	0	0	132	0	41	0	25	15	75	93	76
OTU_1062_18S_022_3	112	2244	33	24	0	0	0	0	0	0	0	0	0	0	0	0	0	0	0	0	153	0
OTU_1065_18S_022_3	219	1106	0	98	0	0	0	0	0	0	0	76	0	0	0	254	0	0	0	0	0	0
OTU_1067_18S_022_3	86	100	0	169	12	618	0	0	0	116	290	26	0	0	0	0	0	253	0	0	0	0
OTU_1071_18S_022_3	204	49	106	52	0	760	271	0	0	188	0	85	0	0	0	0	0	157	0	0	121	0
OTU_1073_18S_022_3	115	123	186	66	0	113	0	0	0	88	76	0	0	0	57	70	0	0	0	104	0	287
OTU_1074_18S_022_3	451	539	56	40	49	722	0	0	0	284	0	0	0	0	0	0	88	0	13	0	161	0
OTU_1078_18S_022_3	433	797	41	280	0	25	0	0	0	0	21	33	12	12	0	18	0	0	0	0	65	0
OTU_1079_18S_022_3	221	291	117	269	92	497	0	0	161	0	0	96	23	0	0	27	0	0	0	0	0	0
OTU_1081_18S_022_3	15	109	235	147	0	0	0	0	22	0	48	0	81	33	27	25	0	18	0	58	72	0
OTU_1075_18S_022_3	147	69	44	0	0	556	0	0	0	0	0	0	0	0	0	0	0	0	0	0	0	0
OTU_1082_18S_022_3	992	5	0	164	0	11	0	0	0	386	5	62	0	0	0	0	0	0	0	0	0	0
OTU_1084_18S_022_3	81	58	46	0	20	504	56	64	64	0	109	61	10	23	0	0	132	81	0	122	0	15
OTU_1085_18S_022_3	0	0	21	10	4	0	0	45	0	0	0	0	0	200	0	0	0	0	0	0	0	0
OTU_1087_18S_022_3	324	40	40	184	23	100	0	59	0	243	116	82	40	0	9	39	21	9	0	0	0	24
OTU_1092_18S_022_3	815	116	81	0	0	270	0	0	55	0	24	76	0	0	0	0	23	0	0	0	19	0
OTU_1101_18S_022_3	8	437	122	0	0	0	0	33	92	0	0	0	0	94	54	70	0	0	0	0	0	73
OTU_1107_18S_022_3	146	0	83	100	104	153	0	75	47	0	263	24	0	35	164	13	0	20	13	0	0	0
OTU_1108_18S_022_3	375	92	0	310	526	524	0	0	0	0	0	393	0	0	0	0	0	0	0	0	0	28
OTU_1112_18S_022_3	42	60	39	244	158	0	0	56	0	0	0	0	0	0	0	0	0	0	0	0	0	0
OTU_1113_18S_022_3	0	0	7	32	0	444	75	167	82	0	79	108	154	24	14	27	0	48	115	28	91	24
OTU_1117_18S_022_3	326	238	18	183	219	85	0	0	0	0	0	0	0	0	0	0	0	0	0	0	0	0
OTU_1119_18S_022_3	682	0	10	0	0	828	196	0	0	0	18	0	0	0	0	0	0	0	0	16	0	29
OTU_1121_18S_022_3	164	102	81	48	7	181	41	46	105	99	10	19	7	0	0	24	0	47	0	6	10	28
OTU_1124_18S_022_3	0	0	0	0	0	0	0	0	0	0	0	0	193	70	0	114	0	0	0	321	35	0
OTU_1128_18S_022_3	13	131	0	123	0	69	0	0	0	0	0	0	0	0	0	0	0	0	0	0	0	0
OTU_1133_18S_022_3	355	9	0	1305	348	130	0	0	18	0	0	0	0	0	0	0	0	0	0	0	0	0
OTU_1134_18S_022_3	760	30	0	174	455	283	0	0	0	0	0	0	0	0	0	0	0	0	0	0	0	0
OTU_1137_18S_022_3	0	11	123	279	0	145	0	0	232	33	26	0	34	63	55	135	0	0	0	0	0	58
OTU_1147_18S_022_3	0	24	268	121	11	23	71	73	102	0	0	152	98	51	80	66	0	0	0	73	174	20
OTU_1151_18S_022_3	0	0	125	245	0	0	0	52	0	0	0	0	0	0	0	0	0	0	0	51	444	18
OTU_1154_18S_022_3	168	175	17	22	25	130	0	0	0	69	0	0	0	0	0	0	0	0	0	0	0	11
OTU_1155_18S_022_3	0	0	149	19	0	28	0	57	0	0	95	0	336	0	27	0	0	81	0	113	147	0
OTU_1129_18S_022_3	0	111	361	56	91	0	0	0	199	64	0	0	0	0	33	42	0	0	0	0	0	124
OTU_1156_18S_022_3	215	65	0	0	0	242	0	0	62	0	0	0	226	158	0	0	0	0	48	0	0	0
OTU_1157_18S_022_3	136	314	70	47	0	16	0	0	0	357	0	0	0	0	0	0	0	20	0	0	0	0
OTU_1161_18S_022_3	0	62	44	0	0	1436	72	0	0	0	91	0	0	65	0	0	0	0	0	60	0	0
OTU_1163_18S_022_3	449	274	144	364	64	251	0	20	102	0	0	51	35	0	0	0	105	10	0	0	113	133
OTU_1169_18S_022_3	0	0	0	0	0	1755	0	0	0	0	92	37	0	0	0	0	0	0	0	0	68	0
OTU_1160_18S_022_3	0	78	689	0	0	0	0	0	0	0	0	0	0	0	0	42	0	0	0	0	0	48
OTU_1174_18S_022_3	0	415	29	0	0	0	0	0	405	0	0	0	0	0	31	143	0	0	0	0	0	0
OTU_1175_18S_022_3	106	88	312	83	28	237	0	91	0	0	17	131	79	10	32	0	21	45	20	0	47	0
OTU_1176_18S_022_3	0	0	0	0	0	217	0	134	0	0	25	0	82	0	0	35	0	113	0	0	0	0
OTU_1178_18S_022_3	285	0	148	56	0	211	36	0	0	0	95	0	170	0	30	0	0	140	18	0	0	0
OTU_1181_18S_022_3	206	141	96	0	0	51	0	130	40	71	68	0	0	0	0	14	144	140	0	48	0	0
OTU_1190_18S_022_3	145	71	0	332	61	111	60	0	0	0	0	262	68	0	0	0	95	140	0	0	198	0
OTU_1191_18S_022_3	0	348	177	67	0	63	0	0	70	0	0	0	0	0	0	0	0	0	0	101	0	0
OTU_1196_18S_022_3	0	0	61	268	34	0	0	0	0	0	0	0	0	0	0	105	0	0	0	0	0	0
OTU_1201_18S_022_3	86	276	15	197	135	614	129	0	0	0	0	106	0	0	0	0	159	69	0	0	0	30
OTU_1204_18S_022_3	31	370	29	78	5	24	0	0	517	129	21	79	0	0	77	21	0	5	0	8	68	0
OTU_1208_18S_022_3	0	0	13	179	16	0	138	17	177	0	38	11	9	0	0	0	0	0	11	77	0	0
OTU_1211_18S_022_3	226	136	115	738	43	413	266	0	0	0	0	0	0	0	0	0	38	0	0	0	0	0
OTU_1215_18S_022_3	0	0	769	0	14	0	0	0	0	0	0	0	226	0	0	10	0	0	0	0	0	0
OTU_1217_18S_022_3	688	93	68	57	115	411	257	0	0	0	0	0	0	0	0	0	0	45	76	0	0	0
OTU_1218_18S_022_3	579	509	132	80	0	463	46	0	0	0	0	0	0	0	0	0	0	0	0	0	0	0
OTU_1220_18S_022_3	309	212	105	355	29	256	0	0	73	45	0	0	33	0	0	0	71	61	0	0	27	91
OTU_1221_18S_022_3	50	0	5	36	64	0	0	0	0	66	0	0	0	0	0	0	0	0	0	0	0	0
OTU_1223_18S_022_3	611	14	386	260	7	323	0	0	0	0	0	0	25	0	0	0	19	0	0	22	0	0
OTU_1228_18S_022_3	232	107	64	247	25	64	0	40	0	0	0	0	28	0	0	0	0	0	0	0	0	0
OTU_1230_18S_022_3	263	0	40	9	0	9	0	0	0	0	0	0	0	0	0	0	0	0	0	0	0	0
OTU_1234_18S_022_3	0	44	453	0	0	0	0	0	0	0	0	0	0	185	186	12	0	0	0	0	0	0
OTU_1235_18S_022_3	0	62	363	457	57	63	0	0	28	109	0	52	0	0	0	29	0	0	0	97	0	79
OTU_1241_18S_022_3	138	606	0	42	0	851	87	0	24	0	93	0	0	0	0	0	0	0	0	23	179	0
OTU_1248_18S_022_3	337	257	0	41	19	393	0	0	0	249	24	0	0	0	0	0	9	11	0	0	40	0
OTU_1250_18S_022_3	56	39	0	97	310	34	0	0	0	0	0	0	0	0	0	0	0	0	0	0	0	0
OTU_1251_18S_022_3	0	0	22	0	0	0	0	0	0	0	0	0	0	224	36	0	0	0	0	0	0	15
OTU_1254_18S_022_3	32	24	60	650	17	51	0	61	0	0	30	0	0	0	47	49	0	65	30	0	29	32
OTU_1259_18S_022_3	0	14	238	17	13	394	0	283	162	0	0	0	41	0	0	0	0	0	0	0	0	0
OTU_1260_18S_022_3	139	85	135	2	3	246	92	89	34	0	428	0	0	25	0	3	0	0	0	37	0	0
OTU_1262_18S_022_3	92	24	7	148	5	39	0	9	0	0	47	0	0	0	0	0	0	30	0	0	0	14
OTU_1269_18S_022_3	0	63	497	0	0	0	0	0	0	0	0	0	0	0	0	0	0	0	0	0	91	122
OTU_1279_18S_022_3	0	0	0	0	0	0	60	97	245	54	0	57	56	0	92	0	0	34	114	0	94	0
OTU_1292_18S_022_3	166	113	111	805	94	248	0	0	0	0	0	0	0	0	0	90	0	0	0	0	0	0
OTU_1295_18S_022_3	78	432	0	55	26	196	0	0	0	0	0	0	0	0	0	0	19	58	0	0	0	36
OTU_1289_18S_022_3	19	431	25	0	52	501	0	0	179	0	0	18	0	0	31	0	19	15	0	0	21	0
OTU_1297_18S_022_3	225	110	0	164	138	54	0	0	0	63	0	0	0	0	0	0	10	0	0	0	0	0
OTU_1301_18S_022_3	128	196	90	377	208	275	0	0	0	0	0	0	0	0	0	0	0	17	0	0	0	0
OTU_1308_18S_022_3	926	0	40	0	0	199	0	0	0	0	0	0	0	0	0	0	11	0	0	0	0	0
OTU_1309_18S_022_3	0	0	0	0	0	95	12	0	0	15	54	70	2	0	0	0	325	53	107	0	0	0
OTU_1314_18S_022_3	124	39	0	122	15	89	0	0	0	145	195	51	0	0	0	0	144	118	0	0	0	0
OTU_1317_18S_022_3	428	331	109	97	0	112	0	0	0	84	0	0	0	15	0	0	0	0	0	0	41	193
OTU_1319_18S_022_3	378	0	31	322	0	278	0	0	39	67	0	0	58	0	0	29	0	0	0	30	0	0
OTU_1321_18S_022_3	1058	0	9	0	46	371	0	0	0	0	0	0	0	0	0	0	0	0	0	0	59	0
OTU_1325_18S_022_3	67	63	0	0	32	48	0	0	0	25	0	51	0	0	0	0	0	0	0	0	0	57
OTU_1328_18S_022_3	280	92	156	84	32	29	77	0	95	0	0	26	0	310	0	31	0	66	0	46	12	27
OTU_1330_18S_022_3	77	252	0	0	25	657	0	0	0	0	0	0	0	0	0	0	0	0	0	0	36	0
OTU_1281_18S_022_3	0	97	76	0	0	0	0	0	0	0	0	0	0	0	0	0	0	0	44	0	32	0
OTU_1340_18S_022_3	93	49	0	129	0	291	0	0	0	35	0	0	0	0	0	105	0	169	0	0	0	193
OTU_1342_18S_022_3	1308	0	0	0	8	61	0	0	0	40	0	85	0	0	0	0	0	0	0	0	0	0
OTU_1349_18S_022_3	0	164	60	180	0	198	0	0	195	0	0	0	0	120	0	0	0	0	0	0	0	132
OTU_1352_18S_022_3	80	87	73	91	0	318	0	12	24	0	183	0	175	21	0	17	0	0	19	70	30	31
OTU_1354_18S_022_3	0	0	0	35	0	0	0	85	118	0	0	0	50	462	0	0	0	0	0	0	0	0
OTU_1366_18S_022_3	0	83	16	0	0	0	0	32	78	0	0	34	73	156	74	23	21	129	0	238	28	35
OTU_1368_18S_022_3	87	0	0	79	597	76	0	0	0	0	0	0	0	0	0	0	33	7	0	0	0	0
OTU_1372_18S_022_3	343	605	213	75	15	81	0	0	0	0	0	0	0	0	0	0	0	0	0	0	0	0
OTU_1374_18S_022_3	41	28	49	0	0	75	0	0	0	0	0	0	0	0	0	0	0	0	0	0	0	0
OTU_1382_18S_022_3	68	0	95	205	0	14	13	51	47	0	16	0	0	0	0	64	0	60	0	0	0	0
OTU_1383_18S_022_3	42	20	18	948	26	26	0	0	0	0	135	0	129	0	0	0	0	34	0	83	0	28
OTU_1387_18S_022_3	0	453	271	0	0	0	234	10	0	0	0	232	0	0	0	0	0	0	0	0	0	434
OTU_1392_18S_022_3	68	103	0	183	131	65	19	121	17	39	19	23	14	0	89	19	18	36	0	0	44	9
OTU_1396_18S_022_3	379	0	0	157	160	67	0	0	0	149	121	0	0	0	0	0	0	107	0	0	0	0
OTU_1400_18S_022_3	0	126	0	721	72	185	0	0	0	0	0	0	0	0	0	0	0	0	0	0	29	0
OTU_1403_18S_022_3	0	0	0	0	332	0	314	50	6	0	0	0	0	0	6	0	0	0	10	0	0	0
OTU_1413_18S_022_3	164	58	113	239	37	188	0	0	0	0	52	0	37	0	0	0	0	0	0	0	0	0
OTU_1415_18S_022_3	437	521	22	52	152	50	0	0	0	57	0	0	0	0	0	0	0	0	0	0	16	0
OTU_1417_18S_022_3	19	16	13	42	4	26	0	0	0	94	21	9	0	0	0	0	0	0	0	0	0	0
OTU_1420_18S_022_3	302	166	8	307	26	163	0	85	0	97	67	13	0	0	0	0	0	7	0	9	25	0
OTU_1435_18S_022_3	28	169	10	0	10	503	0	0	0	0	0	36	0	0	0	0	28	0	0	0	0	0
OTU_1440_18S_022_3	105	0	94	438	0	70	0	0	0	0	0	0	0	0	0	0	0	54	0	125	142	160
OTU_1441_18S_022_3	0	0	0	20	0	0	0	26	81	0	10	0	0	0	51	607	0	0	8	0	0	0
OTU_1442_18S_022_3	0	0	82	240	55	460	0	34	0	0	0	0	33	51	0	0	0	0	0	0	0	0
OTU_1447_18S_022_3	0	0	90	0	0	0	0	0	0	0	0	0	376	115	0	0	0	0	0	92	73	0
OTU_1450_18S_022_3	219	62	0	83	0	0	0	0	0	0	0	0	0	0	0	77	0	0	0	0	0	0
OTU_1456_18S_022_3	0	0	0	330	226	0	0	35	125	0	0	0	13	0	0	0	0	0	0	0	40	8
OTU_1459_18S_022_3	0	129	0	216	152	44	0	0	0	122	0	68	0	0	0	0	0	26	0	0	0	0
OTU_1464_18S_022_3	328	91	159	80	73	34	0	0	0	36	122	87	47	0	0	0	43	0	0	0	0	0
OTU_1470_18S_022_3	189	249	73	0	0	32	0	0	101	0	0	31	14	0	0	0	70	0	0	53	0	0
OTU_1473_18S_022_3	0	131	54	49	8	145	0	40	0	52	15	0	0	0	0	47	0	0	0	87	29	0
OTU_1479_18S_022_3	0	0	0	6	0	0	0	27	123	0	0	0	202	152	62	93	0	0	0	0	0	71
OTU_1480_18S_022_3	397	126	314	164	21	6	0	63	102	0	0	13	21	0	0	0	0	0	26	31	51	40
OTU_1489_18S_022_3	190	269	58	0	0	153	0	0	0	53	0	39	0	0	29	0	0	0	0	0	0	0
OTU_1491_18S_022_3	53	22	0	40	0	50	0	0	0	0	0	0	0	0	0	0	0	0	0	0	0	0
OTU_1496_18S_022_3	281	71	79	338	97	284	0	0	0	0	0	0	0	0	0	0	0	0	0	0	0	0
OTU_1498_18S_022_3	548	695	148	0	0	186	0	0	0	0	0	0	0	0	0	0	0	0	0	0	0	0
OTU_1500_18S_022_3	705	37	0	259	105	72	0	0	0	0	0	0	0	0	0	0	0	0	0	0	0	0
OTU_1505_18S_022_3	0	0	0	782	0	0	0	0	46	0	66	0	0	0	24	0	0	107	31	0	0	0
OTU_1510_18S_022_3	0	0	0	0	0	12	0	0	0	68	17	0	0	0	0	0	8	0	0	0	0	0
OTU_1511_18S_022_3	7	40	9	27	19	8	0	20	0	0	0	0	16	0	57	0	0	0	0	0	0	0
OTU_1513_18S_022_3	0	0	0	138	28	86	0	0	397	0	0	0	0	0	0	0	97	55	0	69	203	0
OTU_1516_18S_022_3	0	8	19	41	0	0	0	0	0	0	0	46	0	0	0	0	0	0	0	0	10	0
OTU_1524_18S_022_3	0	154	9	0	82	112	0	0	0	236	0	23	0	0	156	0	143	0	59	0	0	0
OTU_1538_18S_022_3	0	154	0	65	0	77	0	46	38	73	40	32	0	0	0	104	0	127	0	0	0	0
OTU_1541_18S_022_3	0	7	120	343	35	0	0	12	47	0	0	0	468	20	0	0	0	0	0	0	0	0
OTU_1544_18S_022_3	0	0	0	0	0	29	0	144	115	0	0	0	0	0	18	49	0	31	0	0	0	51
OTU_1545_18S_022_3	0	121	65	100	0	0	0	0	41	0	0	0	0	0	12	18	0	0	0	0	0	66
OTU_1551_18S_022_3	0	0	200	44	0	0	0	0	0	0	0	0	0	116	0	68	0	0	0	40	0	0
OTU_1554_18S_022_3	98	103	192	0	105	145	25	0	292	0	0	0	0	0	0	0	0	110	0	0	26	63
OTU_1555_18S_022_3	158	18	0	0	0	0	0	0	0	0	349	54	0	0	0	0	0	0	60	0	0	0
OTU_1556_18S_022_3	249	145	17	114	25	228	0	0	34	508	41	32	0	0	0	0	33	0	0	0	0	24
OTU_1563_18S_022_3	0	111	30	0	0	1193	57	0	0	0	0	0	0	0	0	0	0	0	0	0	0	0
OTU_1564_18S_022_3	39	419	48	0	0	240	0	0	0	0	0	0	0	0	0	0	0	0	0	0	0	0
OTU_1565_18S_022_3	0	0	0	368	0	0	0	0	0	141	58	29	18	0	0	0	0	0	0	0	0	20
OTU_1566_18S_022_3	0	0	9	868	0	169	0	0	0	0	24	0	0	0	84	0	0	0	0	0	0	0
OTU_1569_18S_022_3	139	137	44	209	0	0	0	0	0	0	52	15	9	0	20	29	9	131	9	0	22	32
OTU_1570_18S_022_3	0	306	7	188	0	330	0	0	0	27	0	0	9	0	0	0	11	0	0	0	30	0
OTU_1579_18S_022_3	597	22	11	78	18	0	0	0	0	0	0	19	0	0	0	0	0	0	39	0	61	28
OTU_1582_18S_022_3	594	161	63	0	0	113	0	0	0	0	70	0	0	0	92	0	0	0	0	0	0	0
OTU_1584_18S_022_3	856	53	92	39	0	38	0	0	0	0	0	0	0	0	0	0	0	0	0	0	0	0
OTU_1581_18S_022_3	0	0	0	0	0	0	0	0	0	0	0	0	0	90	5	25	0	0	0	0	0	35
OTU_1585_18S_022_3	0	499	0	243	14	18	0	37	9	29	0	0	0	0	0	0	0	0	0	0	49	0
OTU_1595_18S_022_3	0	107	260	0	6	0	0	0	10	0	0	0	0	0	0	0	0	0	0	0	0	0
OTU_1603_18S_022_3	112	209	75	285	63	268	0	0	0	0	0	0	0	0	0	0	0	0	0	0	0	0
OTU_1604_18S_022_3	0	0	0	58	0	0	0	0	5	0	0	0	822	208	90	0	0	0	0	0	0	10
OTU_1614_18S_022_3	0	0	75	0	0	0	0	0	141	0	0	0	0	0	192	292	0	0	0	0	0	0
OTU_1616_18S_022_3	364	327	78	0	0	89	0	21	0	0	0	0	0	0	0	0	0	0	0	0	50	0
OTU_1619_18S_022_3	0	0	39	0	0	380	0	0	0	0	93	0	0	50	0	0	0	0	0	14	0	0
OTU_1621_18S_022_3	330	19	0	0	42	0	0	0	0	12	0	16	0	0	0	0	67	0	0	0	0	0
OTU_1622_18S_022_3	378	130	52	179	113	390	0	0	0	0	0	0	0	0	0	0	0	0	0	0	0	0
OTU_1627_18S_022_3	29	88	44	50	27	75	0	0	0	0	12	32	0	0	19	0	0	0	0	0	0	0
OTU_1632_18S_022_3	223	0	35	0	28	241	0	0	0	104	252	0	0	95	0	0	0	0	0	0	0	0
OTU_1635_18S_022_3	47	0	0	775	12	0	0	0	0	0	0	0	0	0	0	0	0	134	0	0	0	0
OTU_1639_18S_022_3	105	602	369	0	0	120	0	0	0	0	0	0	0	0	0	0	0	0	0	0	0	0
OTU_1640_18S_022_3	0	0	457	40	0	0	0	0	0	0	0	0	22	120	0	0	0	0	0	9	0	36
OTU_1643_18S_022_3	0	107	0	387	31	172	0	0	0	53	0	20	0	0	0	0	21	20	0	0	99	0
OTU_1648_18S_022_3	0	94	15	13	22	0	0	23	361	0	0	0	0	0	75	7	0	0	0	0	0	58
OTU_1577_18S_022_3	4	5	7	2	23	30	0	0	0	0	0	0	0	0	0	33	14	0	0	0	0	4
OTU_1651_18S_022_3	0	0	0	199	0	0	0	0	51	0	0	0	0	115	0	97	0	0	0	0	0	38
OTU_1653_18S_022_3	0	0	0	117	0	239	0	31	110	0	0	0	13	19	0	80	0	0	0	0	0	0
OTU_1654_18S_022_3	264	107	80	57	0	148	137	0	0	0	20	0	21	0	8	0	24	61	0	21	0	61
OTU_1658_18S_022_3	47	162	89	14	0	94	0	0	16	0	0	0	37	0	0	0	0	39	0	0	0	0
OTU_1660_18S_022_3	98	15	0	343	56	79	0	0	87	0	0	0	0	0	0	0	0	0	0	0	0	0
OTU_1661_18S_022_3	0	0	0	378	0	17	34	0	0	0	66	0	0	26	0	24	0	0	0	0	0	0
OTU_1678_18S_022_3	62	281	269	0	0	0	0	0	0	0	0	0	74	7	0	0	0	0	0	0	0	0
OTU_1681_18S_022_3	0	0	13	40	16	0	0	0	70	122	0	0	0	0	0	0	9	0	0	0	0	0
OTU_1683_18S_022_3	21	0	66	200	32	42	138	0	0	0	0	0	27	25	0	0	22	0	0	0	95	0
OTU_1689_18S_022_3	131	11	74	25	18	44	37	0	0	86	0	65	0	34	16	0	0	56	0	28	96	23
OTU_1693_18S_022_3	0	57	380	90	116	9	0	33	0	0	0	19	28	4	0	0	0	0	0	0	0	19
OTU_1698_18S_022_3	56	46	14	0	0	162	0	0	0	0	0	0	0	0	0	0	0	0	0	0	0	0
OTU_1701_18S_022_3	0	0	7	27	0	156	239	0	0	0	0	22	48	0	0	0	0	0	0	0	0	0
OTU_1700_18S_022_3	90	52	71	17	0	19	0	0	0	14	0	0	0	26	0	0	0	0	0	0	0	0
OTU_1704_18S_022_3	0	98	0	148	0	26	0	51	0	0	0	0	0	0	0	48	32	0	0	0	0	0
OTU_1711_18S_022_3	19	181	78	0	0	146	85	0	144	0	0	0	0	55	23	35	0	0	0	0	0	0
OTU_1710_18S_022_3	0	215	48	255	73	120	0	0	0	0	95	0	0	0	30	82	0	0	0	0	0	124
OTU_1726_18S_022_3	0	170	212	0	0	0	0	0	51	0	16	6	0	0	0	0	45	0	0	0	64	0
OTU_1727_18S_022_3	11	0	70	8	0	61	0	0	0	0	0	11	0	0	0	0	12	0	0	0	0	0
OTU_1729_18S_022_3	443	355	43	84	38	266	0	0	0	0	0	0	0	0	0	0	0	0	0	0	0	0
OTU_1735_18S_022_3	54	62	0	16	26	83	0	0	197	24	0	0	0	0	0	0	0	0	0	0	0	0
OTU_1734_18S_022_3	0	22	99	0	0	0	110	0	0	0	169	0	509	0	0	0	0	147	0	23	0	0
OTU_1736_18S_022_3	13	13	597	18	0	0	0	0	0	0	0	0	0	0	0	0	0	0	0	186	232	0
OTU_1741_18S_022_3	0	0	126	66	139	59	162	0	0	0	0	53	0	0	56	0	0	37	0	0	61	0
OTU_1742_18S_022_3	652	229	45	60	0	34	91	0	0	0	0	0	0	0	0	0	0	0	0	0	0	0
OTU_1744_18S_022_3	0	0	46	0	11	20	216	0	0	0	34	0	0	0	0	0	0	13	0	23	23	16
OTU_1745_18S_022_3	0	0	0	585	0	98	0	0	0	0	0	0	0	0	0	22	0	26	0	0	0	0
OTU_1748_18S_022_3	399	11	0	45	30	217	0	0	0	182	0	0	0	0	0	0	0	0	0	0	0	0
OTU_1709_18S_022_3	318	252	29	58	17	103	0	0	0	0	0	0	0	0	0	0	0	0	0	0	0	0
OTU_1760_18S_022_3	146	0	58	184	0	128	0	0	0	0	0	0	0	0	0	0	0	64	0	0	0	0
OTU_1703_18S_022_3	112	199	45	125	0	233	0	0	0	0	0	20	0	0	0	0	0	0	0	0	0	0
OTU_1764_18S_022_3	0	189	52	232	84	0	0	0	0	0	181	0	0	0	0	0	0	0	0	0	0	0
OTU_1768_18S_022_3	34	108	82	170	0	0	0	62	49	0	0	0	13	10	203	53	0	0	0	0	0	52
OTU_1770_18S_022_3	106	0	5	171	96	270	0	0	0	128	23	0	0	0	0	4	0	0	0	0	37	0
OTU_1777_18S_022_3	0	0	43	0	0	0	0	0	40	0	0	0	0	0	0	337	0	0	0	0	0	183
OTU_1740_18S_022_3	0	0	0	0	0	0	0	0	44	0	0	0	0	0	0	85	13	0	0	0	0	11
OTU_1780_18S_022_3	0	15	17	324	33	0	0	0	0	0	0	0	0	0	0	0	0	0	0	0	160	0
OTU_1781_18S_022_3	117	329	204	49	0	138	0	0	0	0	0	4	0	0	0	14	0	0	0	0	0	0
OTU_1783_18S_022_3	172	0	0	156	25	39	0	0	0	0	0	0	0	0	0	0	0	0	0	0	0	0
OTU_1784_18S_022_3	0	0	155	191	77	39	0	0	0	0	0	18	29	0	0	20	0	0	0	26	20	57
OTU_1791_18S_022_3	107	68	15	101	41	338	0	15	0	0	0	16	19	0	0	0	0	21	33	0	0	0
OTU_1792_18S_022_3	231	210	72	0	17	462	0	0	0	0	13	18	0	0	0	0	0	0	0	0	24	0
OTU_1796_18S_022_3	88	633	18	0	64	115	0	0	0	0	0	33	0	0	0	0	0	0	0	21	0	0
OTU_1803_18S_022_3	82	411	3	0	0	280	0	0	0	0	0	11	0	0	0	0	0	0	0	0	0	0
OTU_1802_18S_022_3	59	0	0	67	0	305	42	368	0	0	282	0	0	0	0	0	0	37	0	60	0	0
OTU_1805_18S_022_3	109	0	0	316	400	208	0	0	0	0	0	0	0	0	0	0	0	0	0	0	0	0
OTU_1807_18S_022_3	0	0	0	25	0	598	0	0	0	0	0	360	0	0	0	0	0	0	37	0	0	0
OTU_1811_18S_022_3	0	0	0	5	6	0	0	17	43	57	0	0	0	0	0	12	4	0	0	0	0	0
OTU_1812_18S_022_3	68	98	33	0	14	233	118	0	0	0	37	0	120	0	0	0	0	0	64	0	26	0
OTU_1824_18S_022_3	261	19	0	53	66	137	0	0	0	74	35	0	0	0	0	23	18	0	0	0	49	0
OTU_1823_18S_022_3	10	5	0	11	0	2	82	98	0	0	2	10	0	0	18	7	0	1	0	9	41	0
OTU_1830_18S_022_3	489	81	0	11	4	174	0	0	0	80	0	0	0	0	0	0	0	0	0	0	62	0
OTU_1831_18S_022_3	0	62	0	473	0	0	0	0	0	0	0	0	0	0	0	64	0	0	0	0	90	0
OTU_1832_18S_022_3	0	0	143	166	26	10	0	25	0	39	8	0	60	0	0	77	0	156	22	12	0	0
OTU_1833_18S_022_3	72	48	0	14	56	42	0	52	0	0	69	50	0	0	0	0	0	43	96	0	0	0
OTU_1841_18S_022_3	98	8	17	293	8	24	0	0	0	60	0	13	0	0	0	0	0	0	0	0	0	0
OTU_1843_18S_022_3	426	0	0	116	11	10	0	0	0	62	19	10	0	0	0	0	0	0	0	0	0	0
OTU_1848_18S_022_3	0	139	281	111	0	0	0	0	0	0	8	56	19	0	0	0	9	0	0	36	0	0
OTU_1850_18S_022_3	82	36	0	0	0	0	0	0	0	478	0	29	0	0	0	0	0	0	0	0	116	0
OTU_1859_18S_022_3	282	108	88	65	0	75	0	0	40	0	0	62	56	0	0	0	0	0	0	0	0	0
OTU_1869_18S_022_3	131	454	114	80	12	82	0	0	0	60	0	0	0	0	0	0	0	0	0	0	0	0
OTU_1874_18S_022_3	162	66	0	94	302	183	0	0	0	0	0	197	0	0	0	0	0	0	0	0	0	0
OTU_1875_18S_022_3	62	82	0	30	14	79	0	0	0	0	0	0	0	0	0	0	0	0	0	0	0	0
OTU_1888_18S_022_3	0	0	0	0	0	0	0	0	0	238	69	126	0	0	140	16	76	0	0	0	0	0
OTU_1895_18S_022_3	170	19	11	20	0	742	0	0	0	0	0	0	0	0	0	0	0	0	0	0	0	0
OTU_1910_18S_022_3	0	115	14	34	0	0	0	62	104	0	0	0	8	0	0	0	0	0	0	0	0	0
OTU_1911_18S_022_3	0	0	58	0	0	0	0	0	389	0	0	0	30	38	58	0	0	0	0	0	113	0
OTU_1914_18S_022_3	25	0	0	757	0	0	0	0	0	36	45	10	0	0	0	0	0	31	0	0	0	0
OTU_1922_18S_022_3	0	0	0	16	0	0	0	38	60	0	0	0	16	51	94	32	0	0	0	78	0	0
OTU_1923_18S_022_3	611	41	10	0	0	74	0	13	0	0	0	0	0	0	23	0	0	0	0	0	0	0
OTU_1925_18S_022_3	231	71	72	0	0	74	0	0	0	0	0	0	0	0	0	32	0	0	0	0	0	0
OTU_1931_18S_022_3	75	0	0	0	43	0	47	0	0	0	25	0	0	0	0	0	0	0	0	0	0	0
OTU_1933_18S_022_3	122	178	60	44	18	77	0	0	140	0	0	0	0	0	0	0	0	0	0	24	0	0
OTU_1942_18S_022_3	72	82	0	41	5	129	0	0	0	32	97	130	0	0	0	0	0	13	61	0	0	0
OTU_1951_18S_022_3	136	0	0	0	0	0	0	0	0	0	172	0	0	0	0	29	84	0	27	0	0	0
OTU_1956_18S_022_3	0	0	55	100	245	68	0	0	63	0	0	0	0	0	0	0	0	0	0	29	0	0
OTU_1965_18S_022_3	0	31	75	43	0	194	31	0	0	0	0	18	0	0	0	0	0	59	69	43	0	0
OTU_1959_18S_022_3	46	15	26	19	7	105	0	19	45	17	0	13	0	0	0	0	0	0	0	0	0	0
OTU_1976_18S_022_3	0	98	53	0	122	239	0	0	0	0	64	0	0	0	0	0	50	0	0	0	0	0
OTU_1982_18S_022_3	171	97	58	89	13	45	0	0	0	0	53	86	0	47	0	0	0	0	0	0	0	0
OTU_1986_18S_022_3	0	40	145	47	0	5	0	0	52	0	0	0	161	86	0	0	0	14	0	67	0	0
OTU_1987_18S_022_3	0	0	26	0	0	279	0	0	86	45	54	0	0	0	0	0	20	0	31	25	31	0
OTU_1989_18S_022_3	0	49	132	45	229	66	0	0	0	11	13	169	0	22	0	0	12	0	0	0	0	0
OTU_1992_18S_022_3	12	0	10	23	41	66	101	0	0	0	0	10	0	0	0	0	0	0	0	0	0	52
OTU_2001_18S_022_3	133	296	110	115	0	144	0	0	0	0	0	0	0	0	0	0	0	0	0	0	0	0
OTU_2004_18S_022_3	0	0	13	416	31	78	0	0	0	0	0	7	0	0	33	0	38	7	0	0	0	0
OTU_2008_18S_022_3	131	230	56	26	6	250	0	0	0	0	0	0	0	14	0	0	0	0	0	21	0	0
OTU_2011_18S_022_3	33	187	0	24	0	198	0	0	27	0	0	50	0	0	0	11	0	24	0	0	0	0
OTU_2014_18S_022_3	0	0	17	0	0	91	0	19	8	0	0	0	12	0	0	0	0	70	0	295	0	0
OTU_2015_18S_022_3	57	59	50	77	21	0	0	0	0	0	0	0	0	0	0	29	54	11	0	0	0	0
OTU_2028_18S_022_3	100	169	44	0	0	0	0	0	0	0	0	0	0	14	37	10	0	0	0	0	23	29
OTU_2029_18S_022_3	80	0	29	16	0	100	0	0	0	0	0	0	0	143	84	42	0	0	0	0	0	0
OTU_2043_18S_022_3	0	0	6	335	0	163	0	0	16	0	36	0	17	0	0	46	0	0	22	0	21	31
OTU_2045_18S_022_3	16	273	11	18	0	180	0	0	0	297	61	18	0	0	0	0	0	0	0	0	64	3
OTU_2046_18S_022_3	0	170	60	130	62	56	0	0	0	0	0	0	0	0	0	0	0	0	0	0	0	0
OTU_2052_18S_022_3	68	51	0	157	4	15	0	0	0	0	31	26	0	0	0	0	0	0	0	0	0	27
OTU_2051_18S_022_3	0	0	10	41	0	0	0	0	62	0	0	0	0	38	18	0	0	0	0	0	0	0
OTU_2053_18S_022_3	25	20	78	299	18	124	0	0	0	0	0	12	22	0	0	0	53	0	5	0	0	22
OTU_2067_18S_022_3	249	184	30	4	16	257	0	0	0	0	0	0	0	0	0	0	0	0	0	0	0	0
OTU_2065_18S_022_3	274	0	32	0	8	177	0	0	54	0	0	33	0	0	26	0	0	0	0	0	0	0
OTU_2071_18S_022_3	159	174	24	0	0	47	0	0	0	0	0	0	0	0	0	0	0	0	0	0	0	0
OTU_2073_18S_022_3	0	39	40	0	0	217	0	0	0	0	0	0	0	0	0	0	0	0	0	0	0	40
OTU_2076_18S_022_3	89	30	38	109	60	131	0	0	0	73	68	40	28	0	0	0	0	27	0	0	0	0
OTU_2079_18S_022_3	0	0	0	87	0	0	0	0	160	0	0	0	0	33	54	0	0	0	0	0	0	112
OTU_2080_18S_022_3	13	0	0	170	206	164	0	0	77	24	0	50	0	0	0	0	0	0	0	0	0	0
OTU_2081_18S_022_3	38	56	67	0	372	34	0	0	0	0	0	81	0	0	0	0	0	37	0	0	0	0
OTU_2082_18S_022_3	111	0	24	139	0	206	0	0	48	0	0	0	14	0	0	0	8	0	0	0	0	0
OTU_2083_18S_022_3	0	37	0	91	0	62	0	0	0	74	0	0	0	0	0	0	0	44	0	0	0	0
OTU_2084_18S_022_3	0	12	0	304	61	136	32	0	0	0	34	8	0	0	0	0	0	0	0	0	72	138
OTU_2089_18S_022_3	6	0	39	0	0	260	0	0	92	0	0	0	0	38	39	27	0	0	0	38	0	47
OTU_2092_18S_022_3	0	0	0	636	67	78	0	0	0	0	0	0	0	0	0	0	0	0	0	0	0	37
OTU_2099_18S_022_3	0	0	0	0	78	0	0	0	0	0	0	0	0	124	11	93	0	0	0	0	0	23
OTU_2114_18S_022_3	606	8	28	0	0	52	0	0	0	0	0	23	0	0	0	10	0	0	0	0	0	0
OTU_2130_18S_022_3	313	305	166	0	0	56	0	0	0	12	0	0	0	0	0	0	0	0	0	0	0	0
OTU_2138_18S_022_3	0	3	4	0	0	303	70	0	0	0	460	0	0	48	0	0	0	0	0	20	0	0
OTU_2139_18S_022_3	73	18	11	298	20	27	0	0	0	85	0	0	0	0	0	0	0	0	0	0	0	0
OTU_2141_18S_022_3	0	13	115	23	22	33	0	24	59	0	0	0	0	147	20	0	0	0	0	11	0	36
OTU_2142_18S_022_3	96	199	0	305	26	96	0	0	0	30	0	34	0	0	0	0	0	15	0	0	0	0
OTU_2145_18S_022_3	0	44	0	395	0	0	0	11	0	0	0	0	0	0	0	107	0	0	0	0	0	0
OTU_2151_18S_022_3	50	0	27	0	24	273	0	0	0	0	0	32	0	0	0	0	0	47	17	0	0	4
OTU_2150_18S_022_3	166	0	5	173	0	29	0	0	0	0	24	0	0	0	0	0	0	0	0	0	0	0
OTU_2152_18S_022_3	158	116	0	60	0	83	0	0	0	0	0	0	0	0	0	0	0	0	0	0	0	0
OTU_2153_18S_022_3	0	0	0	78	120	0	0	0	113	0	0	0	15	0	0	56	0	0	0	0	0	0
OTU_2154_18S_022_3	90	0	0	0	0	29	0	0	0	46	0	0	0	0	0	0	0	68	0	0	55	0
OTU_2157_18S_022_3	21	0	17	0	0	0	0	0	0	20	94	25	29	0	50	0	55	130	0	139	0	0
OTU_2166_18S_022_3	0	596	27	62	49	22	0	0	0	41	0	0	0	0	0	0	0	0	0	0	0	0
OTU_2169_18S_022_3	48	78	121	81	58	87	29	0	0	0	0	0	0	0	0	0	0	0	39	32	0	0
OTU_2168_18S_022_3	59	0	0	79	0	40	0	0	0	0	167	0	0	0	0	0	0	257	119	0	0	0
OTU_2172_18S_022_3	126	56	24	465	28	13	0	0	0	0	14	0	11	0	0	0	0	21	0	0	0	0
OTU_2177_18S_022_3	108	16	14	6	18	0	0	0	0	0	0	0	0	7	0	0	0	0	0	0	0	46
OTU_2185_18S_022_3	107	0	0	540	0	0	0	0	0	94	0	0	0	0	0	0	0	0	0	0	59	0
OTU_2189_18S_022_3	0	16	11	310	0	0	0	35	0	0	0	0	15	11	0	0	0	0	0	0	0	0
OTU_2184_18S_022_3	2	0	32	74	0	20	0	0	0	0	0	44	0	0	0	0	0	0	0	0	0	0
OTU_2194_18S_022_3	82	65	0	148	10	78	0	0	0	0	0	0	0	0	0	0	38	0	0	0	0	0
OTU_2198_18S_022_3	0	0	27	160	53	138	0	0	0	0	0	0	0	0	0	0	0	0	0	0	91	0
OTU_2200_18S_022_3	33	0	81	0	0	0	0	0	142	0	0	0	0	47	97	0	0	0	0	0	0	0
OTU_2204_18S_022_3	101	39	17	0	4	158	0	48	0	0	0	0	0	0	0	0	11	0	0	0	0	0
OTU_2206_18S_022_3	49	74	34	407	106	0	0	0	0	0	0	0	0	0	0	0	0	0	0	0	0	0
OTU_2209_18S_022_3	177	47	26	88	0	14	0	0	0	0	0	0	16	37	0	0	0	0	0	21	0	36
OTU_2215_18S_022_3	84	0	0	27	0	21	0	14	0	0	0	61	0	0	0	0	81	24	0	0	0	0
OTU_2223_18S_022_3	78	216	18	0	0	67	0	0	0	75	33	39	0	0	0	0	0	0	0	0	0	0
OTU_2246_18S_022_3	181	94	19	20	0	0	0	0	0	0	18	0	0	0	0	27	0	87	0	0	0	0
OTU_2245_18S_022_3	35	0	0	62	29	57	0	0	0	41	0	0	0	0	0	0	0	0	0	0	50	0
OTU_2249_18S_022_3	0	30	305	61	0	84	27	0	0	0	0	0	0	34	0	27	7	82	0	0	0	0
OTU_2250_18S_022_3	0	0	254	20	1	18	0	0	0	0	0	0	23	22	0	0	0	0	0	0	0	46
OTU_2254_18S_022_3	253	0	0	123	0	135	0	6	0	0	0	0	0	0	0	0	0	0	0	0	0	0
OTU_2253_18S_022_3	0	0	3	0	0	2	0	15	8	0	0	0	66	0	17	0	0	0	0	4	0	0
OTU_2256_18S_022_3	0	92	98	0	0	28	234	0	0	76	0	39	10	71	39	0	0	0	0	0	0	0
OTU_2261_18S_022_3	75	43	58	72	75	17	0	0	0	90	0	0	0	0	0	0	0	0	0	0	0	16
OTU_2263_18S_022_3	112	172	13	64	23	73	0	0	0	0	0	0	0	0	0	0	0	0	0	0	0	0
OTU_2266_18S_022_3	53	19	39	61	24	22	0	0	0	0	7	57	0	0	0	0	0	0	0	0	49	16
OTU_2268_18S_022_3	11	15	7	135	12	15	0	0	0	82	58	0	0	0	0	0	0	15	0	0	0	0
OTU_2279_18S_022_3	21	73	30	37	0	30	0	0	0	178	0	0	10	0	0	0	26	0	0	0	0	8
OTU_2281_18S_022_3	0	20	0	34	21	503	0	0	0	0	0	0	0	0	0	0	0	0	0	89	0	0
OTU_2257_18S_022_3	0	0	63	74	28	98	103	0	0	202	0	0	0	0	0	0	0	0	0	0	0	0
OTU_2298_18S_022_3	0	0	0	329	77	0	0	0	64	0	0	0	0	0	0	108	0	0	0	0	0	0
OTU_2300_18S_022_3	0	164	92	0	152	173	0	0	0	57	0	0	0	0	0	0	0	0	0	0	0	0
OTU_2312_18S_022_3	0	0	0	195	8	0	0	0	0	0	0	0	0	0	17	16	0	0	0	0	0	0
OTU_2306_18S_022_3	16	12	58	14	0	11	4	0	0	28	54	13	47	0	0	0	0	0	0	10	33	0
OTU_2320_18S_022_3	42	0	8	302	36	0	0	0	19	0	9	8	0	0	0	0	0	0	0	0	0	0
OTU_2328_18S_022_3	155	146	116	0	0	126	0	0	0	0	0	0	0	0	0	0	0	0	0	92	0	0
OTU_2337_18S_022_3	379	258	47	0	0	17	0	0	0	0	0	0	0	0	0	0	0	0	16	0	0	58
OTU_2341_18S_022_3	108	29	69	64	0	415	0	0	0	0	0	0	0	0	0	0	0	0	0	0	0	0
OTU_2350_18S_022_3	150	193	49	321	0	75	0	0	0	0	0	0	0	0	0	0	0	0	0	0	0	0
OTU_2353_18S_022_3	0	0	0	276	23	57	0	0	0	0	22	19	16	0	0	0	0	0	0	0	0	0
OTU_2362_18S_022_3	243	39	16	50	0	0	0	0	0	0	0	0	0	0	0	0	0	0	0	0	0	0
OTU_2361_18S_022_3	34	0	0	253	0	22	0	21	0	0	0	0	0	0	0	28	0	0	0	0	0	0
OTU_2390_18S_022_3	2	18	5	11	3	12	0	22	22	0	0	19	14	46	44	12	3	34	3	15	0	25
OTU_2401_18S_022_3	0	28	35	13	48	98	0	0	0	0	52	0	24	0	0	0	34	0	0	18	142	16
OTU_2405_18S_022_3	64	196	0	187	57	134	0	0	0	0	0	0	0	0	0	0	0	0	0	0	0	0
OTU_2410_18S_022_3	5	9	0	452	28	0	0	0	0	39	0	0	0	0	0	0	0	0	0	0	0	0
OTU_2412_18S_022_3	0	0	212	0	0	0	0	0	0	0	0	0	0	53	48	0	0	0	0	0	0	60
OTU_2417_18S_022_3	0	44	0	0	4	0	0	0	0	143	0	0	0	0	0	0	0	0	18	0	0	0
OTU_2432_18S_022_3	10	201	9	0	0	197	0	0	0	0	0	25	0	0	0	0	0	0	25	21	41	0
OTU_2448_18S_022_3	55	333	96	0	0	79	0	0	0	0	0	0	0	0	0	0	0	0	0	0	0	0
OTU_2452_18S_022_3	117	0	0	36	0	26	123	0	0	0	0	0	32	0	0	0	0	0	0	0	0	0
OTU_2465_18S_022_3	90	0	0	0	7	0	0	0	0	180	0	25	0	0	0	0	0	0	0	0	0	0
OTU_2467_18S_022_3	84	56	48	172	0	159	0	0	0	44	0	0	0	0	0	0	0	0	0	0	0	0
OTU_2473_18S_022_3	60	392	80	21	0	63	0	0	0	0	0	0	0	0	0	0	0	0	0	0	0	0
OTU_2477_18S_022_3	79	89	33	31	0	279	0	0	54	0	20	0	0	0	0	0	17	0	0	0	0	0
OTU_2479_18S_022_3	252	109	0	0	15	177	0	0	0	0	0	25	0	0	0	0	0	0	0	0	0	0
OTU_2485_18S_022_3	92	45	30	0	0	0	0	10	73	0	0	0	0	0	0	19	0	29	0	0	7	0
OTU_2498_18S_022_3	0	271	26	0	0	50	0	0	7	0	0	0	0	0	0	23	0	0	0	0	11	0
OTU_2514_18S_022_3	18	115	35	0	0	391	0	0	0	0	0	44	23	0	0	0	0	0	0	0	23	0
OTU_2518_18S_022_3	38	35	16	0	21	47	0	0	0	0	0	35	19	0	0	0	0	0	40	0	18	21
OTU_2521_18S_022_3	105	348	0	0	0	142	0	0	0	0	49	0	0	0	0	0	0	43	0	0	0	0
OTU_2527_18S_022_3	0	34	32	360	144	0	0	0	0	0	0	0	0	0	0	0	0	0	0	0	0	24
OTU_2526_18S_022_3	0	22	0	123	17	0	0	0	0	0	0	0	0	0	0	0	0	0	0	0	207	0
OTU_2525_18S_022_3	0	76	0	18	24	77	0	0	85	12	0	0	0	0	0	0	0	0	0	0	0	13
OTU_2529_18S_022_3	0	0	0	37	9	0	0	0	373	0	138	0	0	0	0	0	0	0	0	0	0	0
OTU_2537_18S_022_3	0	132	38	0	0	72	0	0	0	0	5	0	0	83	16	0	0	0	0	0	0	7
OTU_2556_18S_022_3	88	0	0	0	0	73	0	0	0	97	53	137	0	0	0	0	0	0	0	0	0	0
OTU_2570_18S_022_3	88	107	0	77	13	116	0	0	0	0	0	0	0	0	0	0	0	0	0	0	0	0
OTU_2569_18S_022_3	0	79	0	0	133	0	0	0	93	0	0	52	0	0	0	0	23	0	0	0	0	0
OTU_2599_18S_022_3	104	114	71	79	0	44	0	0	0	0	0	0	0	0	0	0	0	0	0	0	0	0
OTU_2597_18S_022_3	0	3	19	183	0	0	0	134	0	0	0	0	0	0	0	0	0	0	0	0	0	6
OTU_2598_18S_022_3	31	84	0	0	0	20	0	38	50	24	0	0	55	0	0	0	0	0	0	0	0	0
OTU_2605_18S_022_3	56	39	52	18	128	15	0	0	0	0	0	0	0	0	0	0	0	0	0	0	0	0
OTU_2609_18S_022_3	49	106	0	229	0	69	0	0	0	0	0	0	0	0	0	0	0	0	18	0	0	0
OTU_2611_18S_022_3	0	16	29	42	15	0	0	0	10	0	0	0	0	19	0	0	0	0	0	0	0	31
OTU_2610_18S_022_3	10	0	0	12	0	42	89	17	130	78	0	0	0	0	0	0	0	0	0	5	11	0
OTU_2612_18S_022_3	12	30	61	0	0	0	0	0	15	0	0	0	113	0	0	0	0	0	0	0	12	0
OTU_2616_18S_022_3	0	100	0	33	16	0	0	0	0	156	56	0	0	0	0	0	0	0	82	0	0	0
OTU_2623_18S_022_3	0	160	0	0	0	0	0	0	0	0	0	71	0	0	0	58	0	0	0	0	64	0
OTU_2637_18S_022_3	0	116	0	16	10	35	0	0	0	0	0	0	0	0	0	0	0	14	0	0	0	0
OTU_2642_18S_022_3	0	23	0	124	11	9	0	0	0	0	0	0	10	0	0	35	0	0	0	0	0	0
OTU_2640_18S_022_3	14	2	2	3	0	18	2	8	0	4	5	3	3	36	39	0	4	1	43	53	2	1
OTU_2648_18S_022_3	0	0	0	0	60	0	0	74	162	0	0	0	0	0	26	0	0	0	0	0	0	0
OTU_2660_18S_022_3	252	0	0	0	0	227	0	0	0	0	0	28	0	0	0	0	0	0	37	17	0	0
OTU_2669_18S_022_3	25	10	20	24	70	64	11	0	0	43	27	0	0	0	18	0	32	0	0	0	64	0
OTU_2679_18S_022_3	0	0	0	80	16	42	0	52	115	0	0	0	0	0	0	0	0	0	0	0	0	0
OTU_2656_18S_022_3	16	37	0	12	0	161	0	0	0	0	0	0	0	0	0	0	0	0	0	0	0	0
OTU_2684_18S_022_3	495	16	0	0	0	12	0	0	0	0	18	0	0	0	0	0	0	0	0	0	0	0
OTU_2688_18S_022_3	0	23	35	0	0	296	0	0	38	0	0	0	0	0	0	0	0	0	0	21	0	14
OTU_2690_18S_022_3	146	48	34	22	0	111	0	0	0	32	0	0	0	0	0	0	0	0	0	0	0	0
OTU_2692_18S_022_3	0	54	68	0	0	77	0	0	17	0	0	24	16	12	7	0	0	0	0	0	0	0
OTU_2691_18S_022_3	0	13	9	0	0	350	47	0	0	0	21	0	12	0	0	0	0	0	101	0	0	0
OTU_2698_18S_022_3	73	66	13	0	43	121	177	0	0	0	0	0	0	0	0	0	0	0	0	0	0	0
OTU_2702_18S_022_3	80	68	33	0	0	0	0	0	0	29	0	23	25	0	17	0	0	0	0	20	107	0
OTU_2704_18S_022_3	64	11	49	57	56	0	153	11	0	0	0	23	51	0	0	0	20	0	0	0	7	0
OTU_2716_18S_022_3	0	0	67	0	0	0	0	0	0	0	0	0	0	156	35	0	0	0	0	0	0	107
OTU_2715_18S_022_3	62	10	0	0	37	37	0	0	0	235	0	23	0	0	0	0	0	16	0	0	44	0
OTU_2719_18S_022_3	0	10	19	145	0	32	0	0	0	0	0	48	0	0	0	0	0	0	0	0	0	0
OTU_2723_18S_022_3	0	131	123	0	0	0	64	0	26	0	0	0	0	31	0	0	0	0	0	0	0	24
OTU_2724_18S_022_3	264	69	0	45	0	112	0	0	0	0	0	0	0	0	0	0	0	0	0	0	0	0
OTU_2734_18S_022_3	52	0	0	40	4	0	0	28	23	0	0	0	0	0	0	9	0	0	0	0	0	0
OTU_2742_18S_022_3	0	12	43	65	12	0	0	0	0	0	0	0	0	49	0	0	0	0	0	0	0	35
OTU_2747_18S_022_3	82	52	1	393	23	15	0	0	0	0	0	0	0	0	0	0	0	0	15	0	0	0
OTU_2770_18S_022_3	0	30	70	189	71	119	0	0	0	0	10	0	0	0	0	0	0	0	0	0	0	0
OTU_2771_18S_022_3	180	216	42	49	6	35	0	0	0	0	0	0	0	0	0	0	0	0	0	0	0	0
OTU_2787_18S_022_3	0	48	19	0	0	324	0	0	0	31	0	0	0	2	0	0	0	0	0	0	0	0
OTU_2791_18S_022_3	33	0	26	0	0	15	0	10	11	0	4	0	0	0	0	0	0	8	0	0	0	0
OTU_2801_18S_022_3	101	0	8	0	6	25	0	0	0	0	0	26	0	19	97	39	0	43	0	0	0	0
OTU_2811_18S_022_3	27	308	72	0	0	0	0	0	0	0	0	11	18	0	0	55	0	0	0	0	38	0
OTU_2816_18S_022_3	0	87	36	0	28	0	0	0	0	105	0	0	0	0	32	0	0	0	0	0	0	0
OTU_2835_18S_022_3	0	0	0	0	8	0	0	0	0	0	0	121	0	0	0	38	10	0	175	0	0	0
OTU_2842_18S_022_3	72	165	15	0	0	167	0	0	0	0	0	0	0	0	0	0	0	0	0	0	0	0
OTU_2853_18S_022_3	86	24	0	5	0	385	0	0	0	0	0	0	0	0	0	0	0	0	0	0	0	0
OTU_2852_18S_022_3	287	0	44	0	0	73	0	28	0	81	0	12	0	0	0	0	0	0	0	0	0	0
OTU_2859_18S_022_3	22	58	17	299	36	20	0	0	0	41	0	0	0	0	0	0	0	0	0	0	0	0
OTU_2860_18S_022_3	0	121	228	0	0	14	0	0	0	0	0	0	0	0	0	0	0	14	0	0	73	0
OTU_2866_18S_022_3	113	132	59	75	0	55	0	0	0	0	0	0	0	0	0	0	0	0	0	0	0	0
OTU_2877_18S_022_3	18	20	5	26	0	9	32	0	9	1	30	3	5	36	33	4	16	3	47	5	2	6
OTU_2880_18S_022_3	0	0	0	271	53	0	0	0	28	0	0	0	0	0	19	0	0	0	0	0	0	0
OTU_2882_18S_022_3	0	6	6	213	95	0	0	10	82	0	0	0	51	0	0	0	0	0	0	0	0	0
OTU_2718_18S_022_3	140	124	48	0	0	0	0	0	0	0	0	12	0	0	0	0	0	0	0	0	0	0
OTU_2897_18S_022_3	0	13	80	135	6	0	0	18	0	0	0	0	0	0	0	0	0	0	43	0	0	0
OTU_2918_18S_022_3	143	73	40	0	0	47	0	0	0	0	0	0	0	0	0	0	0	0	0	0	0	0
OTU_2938_18S_022_3	0	0	0	251	29	135	0	0	15	0	0	0	0	0	0	0	0	0	0	0	0	0
OTU_2941_18S_022_3	142	51	69	7	0	194	0	0	0	0	3	2	0	0	8	11	0	1	6	3	0	2
OTU_2943_18S_022_3	156	18	11	55	9	58	0	0	0	77	67	0	8	0	0	0	0	14	0	10	0	0
OTU_2962_18S_022_3	33	0	22	147	0	43	0	0	0	0	0	0	0	0	0	0	0	0	0	0	0	0
OTU_2973_18S_022_3	14	257	0	154	27	47	0	0	0	0	0	0	0	0	0	0	0	0	0	0	0	0
OTU_2975_18S_022_3	0	164	4	0	0	185	0	0	0	23	0	0	0	0	0	0	0	0	0	0	0	0
OTU_2992_18S_022_3	0	0	0	0	333	19	0	0	14	35	0	0	0	0	0	0	9	0	0	0	0	0
OTU_2995_18S_022_3	102	70	101	0	11	68	0	0	0	0	0	0	0	0	0	0	0	0	0	0	0	0
OTU_3038_18S_022_3	0	0	0	42	0	113	0	0	119	0	53	0	0	0	0	0	0	0	0	0	0	0
OTU_3041_18S_022_3	0	48	7	9	6	0	0	0	7	0	0	25	0	29	0	0	0	0	0	0	234	13
OTU_3042_18S_022_3	0	0	0	18	0	0	0	34	0	0	0	0	88	45	0	0	0	0	0	0	0	0
OTU_3043_18S_022_3	51	42	77	202	0	83	0	0	0	0	0	0	0	0	0	0	0	0	0	0	0	0
OTU_3047_18S_022_3	0	7	21	81	0	87	0	0	0	51	0	0	0	17	0	0	0	30	0	0	59	0
OTU_3069_18S_022_3	0	0	0	0	0	0	0	0	0	0	0	0	10	104	94	32	0	0	0	0	0	0
OTU_3070_18S_022_3	59	0	99	115	0	108	0	0	0	0	0	0	0	0	0	0	0	0	0	0	0	0
OTU_3074_18S_022_3	209	35	0	70	10	14	0	0	0	0	0	0	0	0	0	0	0	0	0	0	0	0
OTU_3081_18S_022_3	13	20	0	66	92	14	0	0	0	63	0	0	0	0	0	0	0	0	0	0	0	0
OTU_3095_18S_022_3	13	215	58	15	0	62	0	0	0	0	0	0	0	0	0	0	0	0	0	0	0	0
OTU_3111_18S_022_3	38	59	54	276	0	94	0	0	0	0	0	0	0	0	0	0	0	0	0	0	0	0
OTU_3121_18S_022_3	0	0	0	60	0	0	0	27	0	0	0	10	0	0	0	17	0	0	0	0	0	0
OTU_2944_18S_022_3	27	22	0	0	12	150	0	0	0	0	32	0	0	0	0	14	0	0	0	0	0	0
OTU_3129_18S_022_3	10	0	0	182	0	24	0	32	0	0	0	0	0	0	0	12	0	0	0	0	0	0
OTU_3137_18S_022_3	51	101	42	0	0	67	0	0	0	131	78	0	0	0	0	0	0	0	0	0	0	0
OTU_3136_18S_022_3	83	59	0	0	20	28	0	0	0	110	0	33	0	0	0	0	27	0	0	23	29	0
OTU_3141_18S_022_3	156	162	0	10	0	72	0	0	0	0	0	0	0	0	0	0	0	0	0	0	0	0
OTU_3144_18S_022_3	66	77	0	0	0	250	0	0	0	17	0	0	0	0	0	0	0	0	0	0	0	0
OTU_3145_18S_022_3	25	114	5	50	46	39	0	0	0	0	0	0	0	0	0	0	0	0	0	0	0	0
OTU_3151_18S_022_3	0	0	0	0	0	0	0	0	0	0	0	0	0	99	0	0	29	86	0	24	0	0
OTU_3152_18S_022_3	0	10	76	0	0	0	0	0	4	0	0	0	0	70	0	0	0	0	0	17	0	0
OTU_3154_18S_022_3	37	0	0	32	0	2	21	33	25	46	75	33	11	0	0	25	0	0	0	3	0	1
OTU_3157_18S_022_3	49	0	7	140	13	0	0	0	0	0	0	0	0	0	0	0	0	0	0	0	0	0
OTU_3174_18S_022_3	66	0	0	37	0	34	0	0	0	39	0	0	0	0	0	32	23	0	0	0	0	0
OTU_3192_18S_022_3	51	110	0	0	8	83	0	0	0	15	57	15	0	0	0	0	0	0	0	0	0	0
OTU_3201_18S_022_3	0	58	74	0	0	167	0	0	0	0	0	25	0	0	0	0	0	23	0	0	0	0
OTU_3216_18S_022_3	8	35	0	0	0	0	0	0	0	0	0	50	58	0	0	0	0	0	0	0	0	0
OTU_3220_18S_022_3	0	53	100	0	40	0	0	0	0	0	0	0	43	0	0	0	25	0	0	0	0	0
OTU_3228_18S_022_3	104	0	0	178	11	0	0	17	0	0	0	0	0	0	0	0	0	0	0	0	0	0
OTU_3231_18S_022_3	55	30	0	26	0	18	109	0	0	0	0	0	0	0	0	11	0	0	0	12	0	0
OTU_3243_18S_022_3	90	15	0	0	0	17	0	0	0	0	0	9	22	0	0	0	0	0	0	0	0	0
OTU_3253_18S_022_3	186	144	74	75	0	0	0	0	0	0	0	0	0	0	0	0	0	0	0	0	0	0
OTU_3279_18S_022_3	0	0	0	0	28	0	0	0	118	0	0	0	21	0	0	0	0	27	0	31	27	0
OTU_3278_18S_022_3	8	0	0	0	0	22	0	0	0	0	0	174	0	0	0	0	0	0	0	0	0	23
OTU_3292_18S_022_3	2	5	13	2	0	39	0	5	0	0	0	0	9	0	0	33	4	0	0	0	21	23
OTU_3297_18S_022_3	0	0	69	10	0	28	95	0	0	0	0	0	0	43	0	0	0	0	0	0	0	0
OTU_3296_18S_022_3	183	0	0	0	0	12	95	0	0	72	0	40	0	0	0	0	0	0	0	0	0	0
OTU_3341_18S_022_3	9	137	0	0	0	232	0	0	0	0	0	26	0	0	0	0	0	0	0	0	0	0
OTU_3344_18S_022_3	46	0	16	17	0	18	0	0	0	0	0	0	0	0	33	0	37	0	0	0	0	15
OTU_3361_18S_022_3	0	0	82	0	0	0	0	0	0	0	0	0	40	0	27	9	0	0	0	36	16	60
OTU_3367_18S_022_3	0	0	0	0	0	142	0	36	15	0	0	0	0	0	17	0	0	0	0	0	0	0
OTU_3368_18S_022_3	19	13	26	95	12	5	0	0	0	0	0	0	0	0	0	0	0	0	0	0	0	0
OTU_3373_18S_022_3	57	147	22	49	0	35	0	0	0	0	0	0	0	0	0	0	0	0	0	0	0	0
OTU_3395_18S_022_3	0	40	24	180	17	86	48	0	0	0	0	0	0	0	0	0	0	0	0	0	0	0
OTU_3393_18S_022_3	0	0	0	0	0	2	0	0	0	5	0	0	0	0	0	0	0	124	40	0	0	0
OTU_3403_18S_022_3	0	0	0	0	15	0	0	0	67	0	0	0	0	0	0	0	0	18	0	0	0	36
OTU_3419_18S_022_3	64	114	87	12	0	71	0	0	0	0	0	0	0	0	0	0	0	0	0	0	0	0
OTU_3418_18S_022_3	0	17	0	0	0	0	96	0	0	0	0	0	0	20	0	0	0	36	0	0	0	0
OTU_3426_18S_022_3	0	0	0	8	34	91	0	0	74	30	0	6	0	0	0	31	0	17	0	0	0	0
OTU_3442_18S_022_3	0	0	20	8	0	7	0	0	0	0	22	0	0	71	171	0	17	0	0	17	0	0
OTU_3450_18S_022_3	55	128	0	0	7	19	84	0	0	14	0	12	0	0	0	0	0	0	0	0	46	26
OTU_3451_18S_022_3	55	36	40	12	0	0	0	0	0	25	0	0	0	0	0	0	0	0	0	0	0	0
OTU_3461_18S_022_3	0	0	16	16	0	193	0	0	0	0	34	0	0	57	0	0	0	0	0	0	0	0
OTU_3469_18S_022_3	18	249	80	0	0	0	0	0	0	0	0	0	0	0	0	0	79	0	0	0	0	0
OTU_3475_18S_022_3	62	0	0	0	0	234	0	0	0	57	15	0	0	0	0	0	0	0	0	0	0	0
OTU_3476_18S_022_3	0	0	0	179	10	0	0	0	40	0	0	0	0	0	0	0	0	0	0	0	0	25
OTU_3497_18S_022_3	18	0	0	148	0	7	0	0	27	0	0	22	20	0	16	0	0	0	0	0	0	0
OTU_3510_18S_022_3	39	190	0	37	0	41	0	0	0	0	0	0	0	0	0	0	0	0	0	0	0	0
OTU_3509_18S_022_3	65	15	14	55	15	99	0	0	0	0	0	0	0	0	0	0	0	0	0	0	0	0
OTU_3517_18S_022_3	0	0	8	0	0	0	0	36	106	0	0	0	21	43	0	0	0	0	0	0	0	0
OTU_3528_18S_022_3	0	0	0	0	40	0	0	0	0	33	0	0	0	0	31	0	58	0	0	0	51	20
OTU_3539_18S_022_3	0	23	36	0	23	75	0	0	0	0	0	0	0	0	0	0	0	0	0	0	0	0
OTU_3546_18S_022_3	0	58	0	178	0	20	0	17	0	0	0	54	0	0	0	0	0	10	6	0	0	0
OTU_3553_18S_022_3	77	75	0	44	10	30	0	0	37	0	0	0	0	0	0	0	0	0	0	0	0	0
OTU_3558_18S_022_3	28	26	12	20	6	54	0	0	0	0	0	0	0	29	0	0	0	0	0	0	0	0
OTU_3569_18S_022_3	26	46	0	44	56	110	0	0	0	0	0	0	0	0	0	0	0	0	0	0	0	20
OTU_3585_18S_022_3	0	0	46	0	0	58	187	0	0	0	0	0	0	0	0	0	0	0	42	79	0	0
OTU_3599_18S_022_3	74	47	0	2	0	115	0	0	0	0	24	0	5	0	0	0	25	0	0	0	0	0
OTU_3627_18S_022_3	0	41	13	8	0	0	0	0	0	0	0	0	18	38	9	0	0	0	0	0	16	0
OTU_3626_18S_022_3	75	0	0	102	10	47	0	0	99	0	0	0	0	0	0	0	0	0	0	0	0	0
OTU_3628_18S_022_3	0	80	23	0	0	0	0	0	0	0	0	0	0	83	12	0	0	0	0	23	0	0
OTU_3643_18S_022_3	98	37	0	145	21	50	0	0	0	0	0	0	0	0	0	0	0	0	0	0	0	0
OTU_3642_18S_022_3	109	62	0	41	27	134	0	0	0	0	0	0	0	0	0	0	0	0	0	0	0	0
OTU_3651_18S_022_3	42	0	22	211	64	0	0	0	0	0	0	0	0	0	0	0	0	0	0	0	0	0
OTU_3659_18S_022_3	0	0	0	0	0	0	0	115	30	0	0	0	0	0	0	25	0	38	0	0	0	0
OTU_3666_18S_022_3	0	0	0	34	24	2	0	0	50	3	0	28	18	0	0	0	0	0	11	0	0	0
OTU_3693_18S_022_3	0	162	0	0	0	0	0	0	0	0	0	0	18	0	0	0	43	0	0	0	0	40
OTU_3694_18S_022_3	0	0	0	99	31	0	0	0	71	0	0	0	0	0	0	7	0	0	0	0	0	0
OTU_3696_18S_022_3	55	146	85	0	0	73	0	0	0	0	0	0	0	0	0	0	0	0	0	0	0	0
OTU_3720_18S_022_3	0	46	0	272	0	32	0	0	0	34	6	0	0	0	0	0	0	0	0	0	0	0
OTU_3728_18S_022_3	47	27	0	0	53	54	208	0	0	0	0	0	0	0	0	0	0	0	0	0	0	0
OTU_3729_18S_022_3	0	0	0	104	14	0	0	0	0	0	0	0	0	0	0	0	0	0	0	0	17	47
OTU_3740_18S_022_3	0	75	0	45	11	9	0	0	0	0	0	0	0	0	0	0	0	0	0	0	60	0
OTU_3746_18S_022_3	133	56	12	112	0	21	0	0	0	31	0	0	0	0	0	0	0	0	0	0	0	0
OTU_3745_18S_022_3	72	0	0	102	5	0	0	0	0	0	14	25	0	0	0	0	0	0	0	0	0	0
OTU_3751_18S_022_3	0	0	0	14	0	0	0	0	48	0	0	0	0	70	0	40	0	0	0	0	0	0
OTU_3758_18S_022_3	15	74	15	0	0	0	0	10	0	0	0	0	0	9	12	0	0	0	0	0	25	0
OTU_3772_18S_022_3	0	48	0	0	0	0	70	0	127	0	0	0	0	0	55	0	0	0	0	0	0	0
OTU_3749_18S_022_3	79	48	18	5	15	33	0	0	0	0	0	0	0	0	0	0	0	1	0	0	0	0
OTU_3783_18S_022_3	54	0	0	0	0	0	0	0	0	0	0	0	0	37	77	0	0	0	0	0	0	74
OTU_3793_18S_022_3	0	51	0	0	0	18	0	0	0	0	0	0	0	0	0	15	0	23	0	0	0	0
OTU_3797_18S_022_3	0	10	0	13	8	25	0	30	6	3	14	10	43	7	7	6	13	12	15	16	0	4
OTU_3803_18S_022_3	24	18	0	87	0	0	0	0	0	0	0	37	0	0	0	0	0	0	0	0	0	0
OTU_3816_18S_022_3	0	0	0	34	11	18	0	0	46	0	0	0	0	0	0	0	0	104	0	0	0	0
OTU_3817_18S_022_3	37	0	0	8	0	15	116	0	0	49	0	0	0	0	22	0	0	0	0	0	0	0
OTU_3821_18S_022_3	152	62	13	7	0	28	0	0	0	20	0	0	0	0	0	0	0	0	0	0	0	0
OTU_3826_18S_022_3	12	119	0	0	0	15	0	0	0	21	0	0	0	0	0	0	0	0	0	0	0	0
OTU_3835_18S_022_3	3	3	0	57	4	29	0	0	0	8	4	25	0	40	0	23	0	0	0	0	0	0
OTU_3864_18S_022_3	0	79	23	0	0	63	0	0	0	0	0	14	0	0	0	0	0	0	0	13	0	0
OTU_3867_18S_022_3	0	48	0	0	0	0	56	0	0	50	35	0	0	0	0	0	0	0	0	0	97	0
OTU_3874_18S_022_3	10	13	0	11	26	26	0	0	13	135	0	0	0	0	17	0	0	0	0	0	0	32
OTU_3882_18S_022_3	28	9	7	4	7	15	0	4	3	2	43	4	12	0	0	2	24	0	4	8	6	4
OTU_3884_18S_022_3	23	0	15	14	11	185	0	0	0	0	0	0	0	0	0	0	0	0	0	0	0	0
OTU_3892_18S_022_3	74	0	26	0	0	103	0	10	0	0	24	0	0	0	0	0	0	0	0	0	0	0
OTU_3890_18S_022_3	71	13	29	33	28	43	0	0	0	0	16	0	12	20	0	0	0	0	0	0	0	25
OTU_3898_18S_022_3	0	46	22	192	44	20	0	0	0	0	0	19	0	0	0	0	0	0	0	0	0	0
OTU_3925_18S_022_3	21	57	0	139	0	0	0	0	0	0	0	0	0	0	0	0	0	0	0	0	10	0
OTU_3927_18S_022_3	31	142	0	54	0	21	0	0	0	0	0	0	0	0	0	0	0	0	0	0	0	0
OTU_3969_18S_022_3	101	7	0	0	5	0	0	0	0	0	0	0	0	0	0	7	11	0	0	0	0	0
OTU_3985_18S_022_3	8	76	0	0	23	158	0	0	0	0	0	15	0	0	0	0	0	0	0	0	0	0
OTU_3982_18S_022_3	0	0	27	0	0	105	0	0	0	0	0	0	153	0	0	0	0	0	0	40	0	0
OTU_3983_18S_022_3	99	43	7	7	0	54	0	0	0	0	0	0	0	0	0	0	0	0	0	0	0	0
OTU_3991_18S_022_3	1	9	0	3	8	1	0	0	29	0	0	0	0	0	0	0	65	0	0	0	0	58
OTU_3997_18S_022_3	0	11	0	19	0	101	42	0	0	19	0	0	0	0	0	0	0	0	0	0	0	0
OTU_4015_18S_022_3	61	22	48	17	0	18	0	23	39	0	0	0	0	0	0	0	0	0	0	0	0	0
OTU_4045_18S_022_3	3	5	0	2	1	3	0	0	79	0	0	7	0	0	0	26	6	0	15	0	4	0
OTU_4048_18S_022_3	0	0	0	138	30	31	0	0	0	0	0	90	0	0	0	0	0	0	0	0	0	0
OTU_4047_18S_022_3	0	0	2	2	0	16	0	6	2	0	8	0	0	14	12	6	0	0	0	33	0	13
OTU_4079_18S_022_3	0	0	27	49	8	15	0	0	0	0	0	31	44	0	0	0	0	0	22	16	0	0
OTU_4097_18S_022_3	17	5	0	5	21	36	0	0	41	0	24	0	22	0	0	5	0	0	0	0	0	0
OTU_4101_18S_022_3	96	17	0	0	0	39	0	0	0	79	0	19	0	0	0	0	0	0	0	0	0	0
OTU_4111_18S_022_3	0	0	0	103	0	34	0	0	0	25	0	0	0	0	0	0	8	57	0	0	0	0
OTU_4110_18S_022_3	0	17	0	130	0	0	0	25	0	0	32	0	25	9	0	0	18	0	0	0	0	0
OTU_4138_18S_022_3	0	0	0	0	0	18	0	40	0	0	97	7	0	0	0	0	0	0	34	0	0	0
OTU_4151_18S_022_3	24	83	20	0	9	40	0	0	0	0	0	0	0	0	0	0	0	0	0	0	0	0
OTU_4159_18S_022_3	0	46	0	66	39	0	0	0	0	90	0	0	0	0	0	0	0	0	0	0	0	0
OTU_4157_18S_022_3	0	14	0	0	0	55	0	0	0	74	0	0	0	0	0	0	0	0	0	0	102	0
OTU_4166_18S_022_3	0	0	25	0	0	101	37	0	0	0	0	0	0	0	0	0	0	0	0	18	46	29
OTU_4186_18S_022_3	36	121	0	0	0	0	0	0	0	32	0	0	0	0	0	0	0	0	0	0	37	0
OTU_4194_18S_022_3	13	55	0	0	63	0	0	0	0	0	0	0	0	0	0	7	0	0	0	0	0	17
OTU_4227_18S_022_3	0	0	0	44	0	0	0	0	36	0	0	0	18	12	0	0	0	0	0	33	0	0
OTU_4246_18S_022_3	0	0	0	1	0	0	0	0	28	31	0	0	25	43	0	0	0	0	0	0	0	28
OTU_4258_18S_022_3	95	0	29	0	0	85	0	0	0	0	0	0	0	0	33	0	0	0	0	0	0	0
OTU_4254_18S_022_3	40	0	0	29	0	42	0	0	0	0	0	0	0	0	0	0	0	40	0	0	59	0
OTU_4257_18S_022_3	0	0	13	55	29	5	0	0	0	0	0	0	0	0	0	0	0	0	0	0	0	0
OTU_4268_18S_022_3	149	0	0	40	37	82	0	0	0	0	0	0	0	0	0	0	0	0	0	0	0	0
OTU_4266_18S_022_3	0	0	0	0	0	0	0	0	0	0	0	0	36	20	8	85	0	0	0	0	0	35
OTU_4274_18S_022_3	0	23	3	0	16	72	0	0	0	0	0	0	0	70	45	0	0	0	0	0	0	0
OTU_4296_18S_022_3	0	0	0	70	32	0	0	9	85	0	0	0	0	0	0	0	0	0	0	0	0	0
OTU_4307_18S_022_3	20	36	3	3	1	43	0	22	0	0	51	22	0	0	0	0	0	0	0	0	0	0
OTU_4308_18S_022_3	0	0	0	0	0	116	0	0	0	0	0	18	0	0	0	0	0	18	0	50	0	0
OTU_4318_18S_022_3	0	0	24	0	0	0	0	0	0	0	0	51	0	0	0	30	0	0	0	0	0	35
OTU_4325_18S_022_3	0	0	32	0	0	0	0	0	0	0	0	0	0	85	39	0	0	0	0	0	0	41
OTU_4328_18S_022_3	29	0	0	0	0	0	0	5	0	0	0	0	0	0	0	60	0	0	0	0	18	0
OTU_4383_18S_022_3	0	121	35	26	0	109	0	0	0	0	0	0	0	0	0	0	0	0	0	0	0	0
OTU_4430_18S_022_3	0	0	0	0	0	137	0	0	0	0	0	0	0	14	6	12	0	0	0	0	0	0
OTU_4442_18S_022_3	46	127	0	0	49	66	0	0	0	0	0	0	0	0	0	0	0	0	0	0	0	0
OTU_4459_18S_022_3	24	144	0	0	0	54	0	0	0	0	0	31	0	0	0	0	0	0	0	0	0	0
OTU_4468_18S_022_3	0	0	0	39	0	0	0	0	30	0	0	0	81	3	0	0	0	53	0	0	0	0
OTU_4499_18S_022_3	0	0	0	29	0	0	0	0	82	0	0	0	0	0	0	0	58	40	0	0	0	0
OTU_4501_18S_022_3	31	30	46	34	0	0	0	0	0	0	0	0	57	0	0	0	0	0	0	0	0	0
OTU_4542_18S_022_3	79	107	0	0	0	44	0	0	0	0	0	0	0	0	0	0	0	0	0	21	0	0
OTU_4557_18S_022_3	35	0	0	66	77	0	0	0	0	0	0	0	0	0	0	0	0	0	0	0	14	0
OTU_4556_18S_022_3	68	0	26	0	0	24	0	0	0	118	0	0	0	0	0	0	0	0	0	0	0	0
OTU_4579_18S_022_3	0	0	0	22	0	49	43	14	0	0	61	26	0	0	0	0	0	0	0	0	0	12
OTU_4597_18S_022_3	22	83	28	0	16	35	0	0	0	0	0	0	0	0	0	0	0	0	0	0	0	0
OTU_4596_18S_022_3	99	17	0	0	0	49	0	0	0	21	0	0	0	0	0	0	0	0	0	0	0	0
OTU_4658_18S_022_3	0	32	0	0	0	65	0	8	14	0	0	0	0	10	0	3	0	0	13	0	53	0
OTU_4666_18S_022_3	0	10	0	132	6	0	0	14	12	32	0	0	0	0	0	0	0	0	3	0	0	0
OTU_4686_18S_022_3	58	0	0	39	0	0	66	0	0	33	0	0	0	0	0	0	0	0	0	0	0	0
OTU_4695_18S_022_3	0	0	12	22	20	0	0	0	0	0	17	0	0	55	0	0	0	0	0	0	0	0
OTU_4711_18S_022_3	11	0	18	0	0	45	0	0	0	0	0	0	0	0	0	0	0	30	0	0	0	0
OTU_4724_18S_022_3	0	0	0	3	0	1	0	0	71	0	0	36	20	0	0	0	0	0	0	0	0	0
OTU_4725_18S_022_3	18	0	0	30	0	69	0	0	0	0	20	10	0	0	0	0	0	0	0	8	0	0
OTU_4728_18S_022_3	21	63	0	8	0	16	0	0	0	0	0	0	0	0	0	0	0	0	0	0	0	0
OTU_4735_18S_022_3	0	34	30	0	0	0	0	0	0	0	0	75	0	0	0	0	0	0	0	0	47	0
OTU_4736_18S_022_3	0	0	18	21	0	43	46	0	0	0	0	0	0	0	0	0	0	0	0	0	0	0
OTU_4733_18S_022_3	0	0	0	0	0	0	0	22	0	29	92	0	0	0	0	0	0	0	23	0	18	0
OTU_4747_18S_022_3	0	35	13	12	17	43	0	0	0	0	0	0	0	0	0	0	0	0	0	0	0	0
OTU_4760_18S_022_3	31	42	0	43	12	29	0	29	15	0	0	0	0	0	0	0	0	0	0	0	0	16
OTU_4765_18S_022_3	68	81	0	0	0	8	0	0	0	0	0	0	13	0	0	0	0	33	0	0	0	0
OTU_4802_18S_022_3	0	4	0	4	35	0	0	7	87	0	43	2	18	0	0	0	0	2	0	0	1	0
OTU_4803_18S_022_3	0	0	24	1	0	0	0	0	0	0	0	36	0	26	1	0	0	0	0	26	0	0
OTU_4814_18S_022_3	2	4	1	7	16	15	0	3	4	18	3	29	17	0	0	0	0	3	0	1	4	0
OTU_4826_18S_022_3	99	22	23	0	0	0	0	0	0	0	34	0	0	0	0	0	0	0	0	0	0	0
OTU_4839_18S_022_3	0	0	0	24	20	89	54	0	0	0	0	21	0	0	0	0	0	0	0	0	0	0
OTU_4879_18S_022_3	17	22	8	145	5	17	0	0	0	0	0	0	0	0	0	0	0	0	0	0	0	0
OTU_4890_18S_022_3	0	15	77	0	0	8	0	0	0	0	0	31	0	0	0	0	0	0	0	0	0	0
OTU_4891_18S_022_3	38	57	0	52	0	36	0	0	0	0	0	0	0	0	0	0	0	0	0	0	0	0
OTU_4935_18S_022_3	0	0	20	0	17	0	0	0	0	55	0	0	50	0	0	0	0	30	0	0	0	0
OTU_4938_18S_022_3	61	0	0	0	0	92	0	0	6	0	59	15	0	0	0	0	0	0	0	0	0	0
OTU_4973_18S_022_3	30	40	0	27	0	24	0	0	0	66	0	0	0	0	0	0	0	0	0	0	0	0
OTU_4972_18S_022_3	28	0	0	0	8	25	0	0	0	20	0	20	0	0	0	0	0	0	0	5	0	0
OTU_4971_18S_022_3	0	0	0	60	0	0	46	0	0	0	0	0	0	0	0	0	0	52	21	44	0	0
OTU_4969_18S_022_3	0	0	0	0	0	0	0	40	0	0	0	0	0	78	21	0	0	0	0	10	0	19
OTU_4992_18S_022_3	0	0	23	27	0	0	0	0	0	0	0	38	42	24	0	0	0	0	0	0	0	16
OTU_5003_18S_022_3	21	33	11	3	0	40	0	0	12	2	1	11	0	0	0	0	0	9	0	0	0	11
OTU_5038_18S_022_3	0	0	34	36	0	95	43	0	0	0	0	0	0	0	0	0	24	0	0	0	0	0
OTU_5046_18S_022_3	0	0	15	0	0	0	0	47	0	0	0	0	0	47	42	0	0	0	0	0	0	0
OTU_5053_18S_022_3	0	12	40	0	4	0	0	0	6	0	0	0	0	58	0	0	0	0	0	0	0	0
OTU_5055_18S_022_3	18	29	15	0	47	65	0	0	0	0	22	0	0	0	0	0	0	0	0	0	0	0
OTU_5056_18S_022_3	12	53	0	92	0	0	0	0	0	0	0	0	0	0	0	7	0	0	0	0	0	0
OTU_5067_18S_022_3	0	11	0	79	26	0	0	0	0	27	0	0	0	0	0	0	0	0	0	0	0	0
OTU_5108_18S_022_3	63	78	0	16	0	31	0	0	0	0	0	0	0	0	0	0	0	0	0	0	0	0
OTU_5106_18S_022_3	16	42	0	0	0	17	0	0	0	0	0	20	0	0	0	0	0	35	0	0	0	0
OTU_5119_18S_022_3	42	50	0	0	0	27	0	0	0	77	16	0	0	0	0	0	0	0	0	0	0	0
OTU_5149_18S_022_3	62	27	7	40	0	70	0	0	0	0	0	0	0	0	0	0	0	0	0	0	0	0
OTU_5177_18S_022_3	0	10	18	0	0	0	0	0	0	0	0	0	0	0	0	0	0	0	0	0	42	38
OTU_5190_18S_022_3	51	16	7	34	0	12	0	0	0	0	16	0	0	0	0	0	0	0	0	0	0	0
OTU_5131_18S_022_3	4	14	0	0	1	28	0	1	18	1	0	2	2	0	0	1	18	0	22	1	0	0
OTU_5248_18S_022_3	0	87	0	7	0	43	0	0	14	0	0	0	0	0	0	0	0	0	13	0	0	0
OTU_5247_18S_022_3	0	72	18	0	0	14	0	0	0	0	0	0	0	25	0	0	0	10	0	0	0	0
OTU_4955_18S_022_3	60	15	13	40	0	0	0	0	0	0	0	0	0	0	0	0	0	0	0	0	0	0
OTU_5277_18S_022_3	37	0	13	20	0	63	0	0	0	0	0	0	0	0	0	0	0	0	0	0	0	0
OTU_5313_18S_022_3	0	0	24	32	19	31	0	0	0	0	0	18	29	0	0	0	0	0	19	0	0	0
OTU_5328_18S_022_3	0	0	0	14	0	10	0	26	0	0	0	0	56	0	0	0	0	0	0	0	0	0
OTU_5331_18S_022_3	78	27	0	0	28	29	0	0	0	30	0	0	0	0	0	0	0	0	0	0	0	0
OTU_5323_18S_022_3	0	0	0	0	0	5	31	0	0	0	0	0	0	0	19	0	0	0	0	0	52	0
OTU_5330_18S_022_3	0	20	17	0	0	81	0	0	0	0	0	0	0	0	0	0	0	0	0	0	40	0
OTU_5383_18S_022_3	27	17	24	7	0	65	0	0	0	0	1	4	18	7	0	0	4	0	0	0	0	0
OTU_5415_18S_022_3	19	25	26	12	0	0	0	0	0	0	0	0	0	0	0	0	34	0	0	0	0	0
OTU_5444_18S_022_3	0	32	0	53	0	0	0	0	0	0	0	0	0	0	0	0	0	32	0	0	75	12
OTU_5471_18S_022_3	36	56	0	36	0	75	0	0	0	0	0	0	0	0	0	0	0	0	0	0	0	0
OTU_5460_18S_022_3	0	39	35	0	0	0	0	0	0	0	27	18	0	0	0	0	0	0	0	0	0	0
OTU_5463_18S_022_3	50	0	80	11	0	22	0	0	0	0	17	0	0	0	0	0	0	0	0	0	0	0
OTU_5558_18S_022_3	29	55	17	11	0	40	0	0	0	0	0	0	0	0	0	0	0	0	0	0	0	0
OTU_5590_18S_022_3	0	10	32	29	8	0	0	6	0	0	0	0	39	0	0	0	0	0	0	0	0	0
OTU_5047_18S_022_3	0	0	9	77	20	0	0	0	0	0	0	0	0	0	0	0	4	21	0	0	0	0
OTU_5607_18S_022_3	0	3	27	0	12	0	13	0	13	0	0	0	14	0	0	0	0	0	0	0	0	90
OTU_5624_18S_022_3	0	22	0	0	0	3	0	3	0	0	2	0	0	0	17	0	0	23	34	41	0	0
OTU_5679_18S_022_3	13	1	0	3	1	18	0	15	10	0	48	0	0	0	0	0	8	0	0	0	12	0
OTU_5736_18S_022_3	114	7	11	0	0	12	0	0	0	0	0	0	0	0	0	0	0	0	0	0	0	0
OTU_5824_18S_022_3	9	20	10	2	0	3	0	0	1	0	2	3	3	1	1	0	1	28	18	4	0	4
OTU_5899_18S_022_3	15	0	0	105	4	20	0	0	19	0	0	0	0	0	0	0	0	0	0	0	0	0
OTU_6018_18S_022_3	70	68	0	0	6	29	0	0	0	0	0	0	0	0	0	0	0	0	0	0	0	0
OTU_6042_18S_022_3	0	0	10	22	0	100	16	0	0	0	0	0	0	0	0	0	0	0	0	5	0	0
OTU_6039_18S_022_3	0	0	10	17	0	0	0	0	0	103	20	0	0	0	0	0	0	0	0	0	0	0
OTU_6184_18S_022_3	0	25	0	33	0	0	0	0	0	0	30	0	0	0	0	16	0	0	0	0	0	0
OTU_6215_18S_022_3	0	14	23	24	12	0	0	0	11	0	0	0	27	0	0	0	0	0	0	0	0	0
OTU_6212_18S_022_3	9	0	1	2	0	0	0	0	0	3	38	0	0	0	34	0	0	2	0	5	39	2
OTU_6233_18S_022_3	5	7	11	0	0	5	0	1	2	18	1	39	10	0	0	27	0	0	0	0	0	0
OTU_6314_18S_022_3	0	0	2	0	0	19	0	0	23	0	5	0	21	9	15	14	0	0	0	1	0	0
OTU_6361_18S_022_3	0	0	0	5	4	3	48	0	0	0	0	0	0	0	0	27	0	0	0	0	37	13
OTU_6386_18S_022_3	0	0	13	48	20	0	0	0	0	58	0	18	0	0	0	0	0	0	0	0	0	0
OTU_6493_18S_022_3	39	52	12	26	0	0	0	0	0	0	0	15	0	0	0	0	0	0	0	0	0	0
OTU_6694_18S_022_3	21	20	0	0	24	49	0	0	0	0	0	0	0	0	0	0	0	0	0	0	0	0
OTU_6743_18S_022_3	34	30	0	0	0	32	0	0	0	0	0	0	0	0	0	10	0	0	0	0	0	0
OTU_6798_18S_022_3	0	2	0	0	0	1	0	0	0	1	2	11	0	19	0	0	18	0	39	9	0	3
OTU_6888_18S_022_3	0	0	16	0	0	0	0	0	0	0	0	18	0	69	12	0	0	0	0	0	0	0
OTU_7002_18S_022_3	38	0	0	40	14	12	0	0	0	0	0	0	0	0	0	0	0	0	0	0	0	0
OTU_7006_18S_022_3	40	55	0	19	0	22	0	0	0	0	0	0	0	0	0	0	0	0	0	0	0	0
OTU_7054_18S_022_3	0	30	24	67	0	0	0	0	0	13	0	0	0	0	0	0	0	0	0	0	0	0
OTU_7179_18S_022_3	34	21	0	65	0	0	0	0	0	0	0	0	0	0	0	10	0	0	0	0	0	0
OTU_7359_18S_022_3	0	8	0	0	23	0	0	28	0	0	0	0	0	0	0	0	0	0	0	0	49	0
OTU_7554_18S_022_3	0	0	0	0	0	71	0	0	0	0	16	13	0	0	0	0	0	10	0	0	0	0
OTU_7609_18S_022_3	0	0	0	4	21	2	0	0	0	16	0	11	0	0	0	0	0	7	0	0	51	0
OTU_8172_18S_022_3	6	42	0	0	0	37	0	0	0	0	0	0	18	0	0	0	0	0	0	0	0	0
ASV_4_16S_3_200	0	0	0	0	0	0	0	0	0	0	0	0	0	65	57	0	130	0	0	0	12	0
ASV_11_16S_3_200	67	539	447	36	608	531	266	47	210	1508	488	14	178	567	1668	1284	3841	231	333	572	243	1041
ASV_17_16S_3_200	30	0	27	0	14	39	0	0	0	0	16	0	0	0	0	0	0	0	0	0	0	15
ASV_27_16S_3_200	0	46	18	13	23	16	18	0	39	38	20	50	45	168	163	21	21	0	0	108	73	121
ASV_40_16S_3_200	0	0	0	8	12	64	0	0	20	0	0	0	36	21	44	0	75	0	0	0	21	0
ASV_46_16S_3_200	32	102	134	107	30	96	237	75	107	81	134	151	232	2443	1022	750	112	90	97	980	407	727
ASV_91_16S_3_200	24	107	68	20	5	62	70	11	0	61	359	40	16	63	336	755	47	115	59	88	40	743
ASV_96_16S_3_200	50	84	84	92	0	420	1218	0	19	71	0	48	175	0	52	158	202	130	233	57	221	94
ASV_109_16S_3_200	0	17	20	0	36	0	0	0	0	0	31	0	0	0	0	0	0	0	0	0	0	0
ASV_112_16S_3_200	11	95	183	102	75	151	131	66	0	166	243	28	61	130	293	563	194	250	145	159	77	148
ASV_113_16S_3_200	0	11	36	64	16	27	39	31	81	119	38	94	88	69	445	59	394	0	14	0	0	14
ASV_133_16S_3_200	0	46	24	0	0	0	0	16	83	0	0	0	0	109	324	56	337	0	14	10	49	898
ASV_195_16S_3_200	0	0	0	0	0	6	12	0	2833	0	1738	0	21	12	19	0	0	14	0	0	43	0
ASV_200_16S_3_200	0	21	28	87	76	98	73	0	70	252	42	9	93	23	201	122	316	156	128	43	90	242
ASV_205_16S_3_200	0	68	22	0	0	26	6	24	0	0	143	22	15	39	58	625	0	76	23	71	32	186
ASV_216_16S_3_200	108	32	74	113	147	116	48	59	29	55	139	101	57	21	18	44	91	99	63	20	70	70
ASV_229_16S_3_200	0	0	0	0	26	640	77	89	9	0	19	3	0	4	0	276	0	0	18	0	78	0
ASV_235_16S_3_200	81	87	28	35	100	119	37	49	88	61	100	24	38	78	59	22	65	112	95	53	77	60
ASV_248_16S_3_200	18	125	86	10	0	14	20	7	37	15	24	0	44	137	128	142	0	0	0	44	0	193
ASV_274_16S_3_200	60	11	24	72	112	57	31	0	32	0	125	127	23	66	62	0	0	24	25	27	79	24
ASV_280_16S_3_200	44	0	6	18	67	172	24	111	0	6	0	0	0	0	0	277	17	48	17	0	31	14
ASV_333_16S_3_200	0	8	0	0	24	0	18	0	535	6	712	12	40	0	40	0	48	0	52	29	41	0
ASV_341_16S_3_200	15	83	27	27	110	21	8	8	2	43	7	42	27	109	200	67	175	62	0	24	29	113
ASV_345_16S_3_200	116	12	86	38	81	64	0	19	0	8	61	20	48	15	36	17	0	27	29	50	0	11
ASV_348_16S_3_200	61	30	0	94	42	0	0	0	53	43	0	46	0	0	32	0	0	76	0	24	31	27
ASV_359_16S_3_200	0	10	15	26	5	20	72	14	138	103	180	52	131	64	141	112	159	29	93	217	183	150
ASV_365_16S_3_200	37	29	34	48	24	137	61	22	38	13	58	41	24	61	19	27	24	63	24	20	81	37
ASV_398_16S_3_200	0	34	61	4	0	0	21	5	29	0	0	12	159	166	160	0	0	0	42	192	257	227
ASV_400_16S_3_200	123	21	19	55	41	60	14	34	22	11	52	35	47	22	57	23	15	12	28	11	35	0
ASV_405_16S_3_200	34	12	22	41	71	18	12	20	51	48	59	56	18	12	32	36	9	0	37	29	47	17
ASV_413_16S_3_200	0	0	0	0	0	58	13	0	19	19	13	45	0	0	0	9	15	0	0	0	0	0
ASV_417_16S_3_200	0	0	0	29	0	0	53	9	16	52	228	0	70	205	113	115	51	7	126	263	0	132
ASV_431_16S_3_200	34	13	110	25	27	58	25	17	20	48	25	9	0	19	16	34	64	44	41	24	37	26
ASV_435_16S_3_200	0	29	0	0	0	0	81	0	0	50	0	35	0	91	118	0	51	41	0	115	366	58
ASV_437_16S_3_200	18	0	29	18	0	31	0	0	24	0	16	25	0	27	0	23	27	24	8	0	23	0
ASV_448_16S_3_200	65	0	0	14	16	76	0	12	23	23	36	6	13	0	0	25	66	24	36	0	34	40
ASV_473_16S_3_200	64	13	36	21	43	89	15	24	15	22	24	17	11	12	25	57	11	20	16	26	28	39
ASV_483_16S_3_200	0	4	0	3	0	0	11	0	9	0	9	19	32	190	57	0	12	0	5	9	40	10
ASV_508_16S_3_200	3	6	0	114	0	8	56	0	0	59	0	0	0	6	4	134	0	0	51	63	11	7
ASV_515_16S_3_200	0	93	0	0	0	0	0	0	0	0	0	8	22	8	35	0	6	7	9	35	25	23
ASV_527_16S_3_200	39	4	8	4	7	15	24	0	0	63	18	8	15	37	78	20	240	0	0	40	22	46
ASV_532_16S_3_200	7	42	67	0	7	19	39	0	26	0	0	30	0	99	325	9	25	12	29	78	141	65
ASV_536_16S_3_200	29	25	36	18	47	82	0	23	0	31	38	0	17	46	18	6	0	50	40	0	16	13
ASV_537_16S_3_200	13	22	51	45	54	47	23	0	9	18	62	43	6	9	19	11	18	17	46	17	0	0
ASV_544_16S_3_200	0	18	0	28	18	43	58	10	94	69	83	38	29	25	146	53	83	21	20	37	74	153
ASV_573_16S_3_200	0	0	0	0	0	0	28	0	8	0	0	0	26	108	25	95	0	0	20	41	0	0
ASV_581_16S_3_200	0	39	30	0	0	0	0	0	22	8	0	0	70	135	103	0	0	6	33	65	0	0
ASV_600_16S_3_200	0	30	59	0	10	0	0	0	0	0	0	0	17	152	71	35	0	0	0	26	0	48
ASV_626_16S_3_200	0	0	0	0	0	0	28	0	0	0	21	0	52	55	24	47	50	14	0	23	41	71
ASV_628_16S_3_200	17	0	3	12	38	46	9	0	5	28	42	8	17	21	5	9	13	0	0	5	33	20
ASV_639_16S_3_200	18	56	51	0	0	43	19	0	0	3	0	0	118	92	30	8	14	0	0	155	55	75
ASV_649_16S_3_200	0	0	7	0	0	0	0	0	0	0	0	0	22	99	442	0	8	0	0	0	0	0
ASV_660_16S_3_200	19	40	27	0	8	91	0	0	2	335	38	0	0	5	0	0	6	35	0	0	0	17
ASV_669_16S_3_200	25	14	18	23	49	17	0	0	26	19	23	0	0	0	0	0	22	8	11	0	0	0
ASV_678_16S_3_200	0	0	0	19	0	0	14	2	0	0	0	0	0	241	67	0	14	0	0	0	0	0
ASV_680_16S_3_200	0	0	0	0	0	13	11	11	0	33	0	19	0	7	0	5	0	8	0	13	21	0
ASV_684_16S_3_200	22	13	18	27	0	22	3	19	45	19	0	30	5	33	0	14	15	20	0	8	25	18
ASV_695_16S_3_200	0	0	0	0	14	293	31	0	0	0	0	0	0	0	0	14	0	0	0	0	0	0
ASV_721_16S_3_200	0	32	0	0	0	0	47	0	0	0	0	0	51	135	183	0	0	0	0	81	96	71
ASV_753_16S_3_200	13	0	48	24	48	17	0	12	50	0	12	0	0	11	0	13	8	22	9	40	0	11
ASV_757_16S_3_200	0	19	69	24	31	31	0	0	33	0	13	15	0	21	0	0	0	0	0	0	45	12
ASV_760_16S_3_200	0	75	80	0	0	0	0	0	0	0	0	0	0	0	40	0	48	0	0	0	0	0
ASV_772_16S_3_200	29	0	22	22	0	21	19	0	27	15	0	17	0	17	14	31	28	17	13	0	43	0
ASV_780_16S_3_200	21	9	10	10	38	23	0	0	0	6	31	12	0	10	0	11	31	0	8	0	21	23
ASV_787_16S_3_200	47	0	0	0	20	0	0	55	0	0	4	28	0	0	17	0	43	0	30	20	0	0
ASV_794_16S_3_200	0	8	12	9	8	8	24	0	60	47	64	20	65	42	98	11	29	7	16	42	46	41
ASV_808_16S_3_200	0	0	16	0	0	0	0	0	0	0	0	0	0	20	26	26	0	0	0	0	0	22
ASV_812_16S_3_200	0	10	0	0	9	6	19	0	0	10	0	6	7	8	6	6	42	0	23	0	7	6
ASV_825_16S_3_200	0	0	23	0	0	0	0	0	0	0	0	0	27	52	54	72	25	0	0	0	0	94
ASV_828_16S_3_200	31	0	4	33	0	0	9	0	38	15	0	0	5	0	0	23	21	0	0	0	46	36
ASV_832_16S_3_200	6	28	23	30	0	0	0	5	5	11	22	31	0	5	3	24	5	13	36	15	26	15
ASV_835_16S_3_200	0	31	0	11	0	13	66	0	0	5	0	0	0	0	30	0	52	39	19	0	0	0
ASV_845_16S_3_200	0	3	24	29	0	35	7	0	45	0	0	24	0	29	28	11	0	0	10	20	11	0
ASV_858_16S_3_200	25	0	0	0	11	8	13	9	13	8	0	8	12	12	0	0	7	24	0	17	0	7
ASV_874_16S_3_200	0	0	0	0	0	0	0	27	0	0	0	0	0	0	13	153	17	0	0	0	22	16
ASV_873_16S_3_200	16	0	15	0	22	17	21	0	9	10	16	0	5	0	11	35	0	22	7	6	21	54
ASV_881_16S_3_200	0	0	0	0	0	0	18	0	0	14	13	7	5	18	23	50	78	4	89	33	62	46
ASV_885_16S_3_200	16	0	0	0	0	15	0	0	0	0	0	0	24	0	0	0	63	15	97	108	107	18
ASV_888_16S_3_200	31	13	18	0	15	14	0	0	22	0	16	10	0	0	0	0	9	6	0	1	0	16
ASV_892_16S_3_200	0	0	21	0	26	15	15	0	12	0	0	14	5	11	0	22	0	12	0	9	0	11
ASV_895_16S_3_200	0	0	12	28	47	13	0	11	30	0	0	0	0	19	0	4	0	8	10	9	33	0
ASV_905_16S_3_200	37	0	0	0	0	0	0	0	0	0	0	0	15	0	0	0	0	0	69	0	46	0
ASV_960_16S_3_200	14	0	11	0	17	0	20	0	0	14	0	5	0	0	0	5	8	13	0	7	0	0
ASV_972_16S_3_200	31	24	0	17	0	0	0	22	0	0	0	0	0	28	6	0	0	0	0	0	0	11
ASV_973_16S_3_200	5	0	0	0	13	0	8	0	0	0	0	0	0	11	33	85	0	0	0	7	0	0
ASV_983_16S_3_200	0	9	0	0	0	0	0	0	0	0	0	0	25	85	135	68	0	0	0	17	10	0
ASV_990_16S_3_200	0	0	48	0	0	22	0	0	0	21	0	0	0	0	0	0	0	0	25	0	0	0
ASV_1033_16S_3_200	0	0	20	7	0	0	0	0	0	12	0	0	0	53	20	0	0	0	58	61	0	0
ASV_1048_16S_3_200	23	22	13	11	22	0	0	8	12	23	0	3	0	16	13	0	12	11	9	5	24	0
ASV_1052_16S_3_200	37	8	0	4	42	0	0	4	35	0	0	36	0	3	8	0	0	0	10	16	28	0
ASV_1056_16S_3_200	0	0	0	0	0	0	85	0	0	0	0	0	0	17	0	0	0	0	101	33	0	0
ASV_1080_16S_3_200	5	0	0	8	14	29	0	0	11	0	0	0	0	0	7	19	22	27	6	0	6	25
ASV_1091_16S_3_200	29	0	0	9	0	0	0	0	0	0	19	25	0	0	0	0	20	0	16	0	17	0
ASV_1100_16S_3_200	0	10	20	0	28	0	0	0	0	17	0	0	0	14	27	19	11	12	0	0	0	0
ASV_1101_16S_3_200	0	0	0	0	0	8	7	0	170	0	0	0	0	0	0	0	13	0	0	0	0	0
ASV_1148_16S_3_200	0	0	9	15	0	32	0	0	0	20	21	0	0	0	14	16	0	6	0	0	11	17
ASV_1156_16S_3_200	0	0	0	0	16	0	0	0	0	0	0	0	0	0	0	0	41	18	33	26	13	23
ASV_1174_16S_3_200	0	7	18	0	0	0	0	0	0	0	0	0	10	68	50	0	0	0	0	0	84	0
ASV_1187_16S_3_200	0	0	0	0	0	0	0	0	0	0	0	26	0	40	56	31	0	0	0	0	0	32
ASV_1188_16S_3_200	23	28	8	37	8	0	15	0	6	0	0	0	22	14	0	0	0	0	17	16	0	0
ASV_1222_16S_3_200	0	0	0	0	0	0	0	0	9	0	0	0	11	74	115	0	5	0	0	0	14	44
ASV_1231_16S_3_200	0	0	0	0	0	0	13	0	0	0	0	0	18	24	79	0	0	0	11	0	38	0
ASV_1262_16S_3_200	0	0	0	0	0	0	6	8	0	25	14	0	4	13	25	31	26	8	62	19	51	0
ASV_1279_16S_3_200	0	0	4	34	0	3	0	0	0	0	29	0	0	0	12	21	0	37	13	0	10	0
ASV_1281_16S_3_200	0	0	0	0	0	27	0	0	19	0	0	13	0	25	140	0	17	0	0	4	6	0
ASV_1309_16S_3_200	11	7	0	0	23	0	0	13	0	11	0	0	0	9	0	0	18	9	20	0	0	0
ASV_1318_16S_3_200	0	0	0	0	12	0	0	0	9	38	0	0	17	0	0	4	0	7	10	0	19	0
ASV_1350_16S_3_200	23	0	15	0	0	11	0	0	11	15	22	0	4	0	0	0	0	0	0	0	0	0
ASV_1352_16S_3_200	0	0	18	0	0	0	11	0	0	9	0	0	6	6	14	0	0	0	0	32	25	0
ASV_1359_16S_3_200	0	0	0	0	0	9	9	0	3	0	0	0	0	13	23	17	0	0	0	9	0	22
ASV_1360_16S_3_200	0	0	0	0	0	0	0	22	0	18	0	0	0	0	44	0	0	0	0	0	15	7
ASV_1408_16S_3_200	24	0	21	13	21	21	0	11	13	0	12	0	0	0	0	0	0	22	0	0	19	0
ASV_1422_16S_3_200	18	0	33	0	34	0	0	0	0	19	0	0	0	0	0	0	0	0	0	0	0	0
ASV_1424_16S_3_200	0	0	0	0	6	0	11	0	0	10	0	0	0	71	0	55	2	0	0	22	0	0
ASV_1441_16S_3_200	0	44	0	0	0	7	4	0	0	0	0	0	0	0	0	0	0	0	0	0	73	0
ASV_1467_16S_3_200	27	6	0	0	23	13	20	0	0	0	0	0	6	6	9	8	24	0	0	4	0	8
ASV_1479_16S_3_200	0	23	19	0	0	0	0	3	0	0	0	0	8	37	25	12	0	0	0	0	0	9
ASV_1502_16S_3_200	0	0	0	0	0	0	4	0	0	22	7	9	10	12	13	18	11	3	41	19	40	0
ASV_1514_16S_3_200	0	0	0	0	0	0	26	0	0	0	30	17	28	26	15	0	14	18	0	0	14	21
ASV_1515_16S_3_200	0	10	7	0	11	16	0	0	7	0	14	5	0	5	0	0	21	6	6	0	8	0
ASV_1519_16S_3_200	0	0	0	0	0	0	0	4	19	0	4	0	0	0	1	102	0	0	0	0	0	0
ASV_1542_16S_3_200	0	5	0	0	0	4	0	0	4	0	6	0	39	33	37	0	6	6	0	23	17	27
ASV_1599_16S_3_200	0	0	0	0	0	0	0	10	0	28	23	0	0	0	0	22	16	0	0	44	13	30
ASV_1600_16S_3_200	13	9	0	0	13	21	0	0	0	0	0	16	0	0	0	0	0	12	6	7	11	0
ASV_1617_16S_3_200	0	10	5	0	0	0	21	0	8	0	0	0	27	21	8	7	0	0	10	54	0	36
ASV_1735_16S_3_200	0	5	0	0	0	0	0	0	0	0	0	0	6	50	29	0	0	10	0	12	15	10
ASV_1758_16S_3_200	0	0	0	0	0	0	0	0	0	0	0	0	0	16	0	0	0	0	28	28	51	0
ASV_1936_16S_3_200	0	0	5	8	0	0	0	0	8	0	0	0	0	27	32	0	0	0	9	30	6	12
ASV_1970_16S_3_200	0	0	0	0	0	0	0	3	0	0	0	27	15	0	13	0	0	0	0	3	0	50
ASV_1979_16S_3_200	0	0	0	20	28	23	0	0	0	0	0	0	0	0	0	0	26	13	0	0	0	0
ASV_1992_16S_3_200	0	0	0	0	0	6	0	0	7	17	0	5	10	0	4	0	11	10	0	24	21	22
ASV_2095_16S_3_200	18	19	0	0	0	0	0	0	0	0	0	0	6	17	0	0	33	0	22	17	0	10
ASV_2112_16S_3_200	0	5	0	9	0	0	0	0	0	8	0	0	11	28	28	0	9	0	0	17	0	30
ASV_2126_16S_3_200	0	0	0	0	0	0	9	0	3	21	0	0	4	0	8	8	12	0	39	0	23	0
ASV_2146_16S_3_200	0	0	0	0	0	0	9	0	0	23	4	13	0	18	26	0	6	0	0	0	14	22
ASV_2163_16S_3_200	0	0	0	7	0	0	0	0	14	0	0	0	26	0	29	9	0	0	0	0	14	26
ASV_2316_16S_3_200	0	0	0	3	0	0	0	0	0	11	0	0	18	12	16	5	0	0	10	33	10	0
ASV_2318_16S_3_200	0	0	0	0	0	0	0	0	0	8	0	0	16	17	35	0	0	0	0	0	13	24
ASV_2391_16S_3_200	0	0	0	0	0	0	0	0	0	19	0	0	21	0	26	0	0	0	22	16	0	12
ASV_2540_16S_3_200	0	0	0	0	0	10	0	0	0	0	0	0	21	13	26	0	6	0	0	0	18	15
OTU_3_18S_3_200	12520	6220	1573	6225	6810	7978	409	199	258	812	767	75	9838	531	19100	8277	6691	400	1351	165	1968	2551
OTU_4_18S_3_200	0	149	38	66	36292	1380	55	375	5067	650	1164	487	1186	15601	13075	8465	9183	379	260	8352	907	28796
OTU_10_18S_3_200	435	92	1264	26156	199	3611	2788	0	0	0	144	0	98	1368	2074	0	409	319	368	487	378	52
OTU_11_18S_3_200	0	0	128	0	0	0	0	0	0	0	0	0	52	0	0	0	0	0	0	15	25	0
OTU_12_18S_3_200	160	0	0	0	0	5096	21352	0	0	1216	0	492	271	0	0	177	35623	5984	7108	0	0	0
OTU_16_18S_3_200	9584	10314	80	37669	2982	22853	1209	0	3065	2029	514	156	35	0	9638	5724	9484	0	2686	0	0	1593
OTU_21_18S_3_200	5751	384	270	234	505	82	4589	0	0	1373	55907	12	7032	297	474	886	0	8979	7819	9053	140	15568
OTU_28_18S_3_200	545	51	5013	2611	182	392	1475	665	135	0	0	0	153	2276	440	462	0	351	78	611	192	734
OTU_30_18S_3_200	0	0	0	4786	524	10429	2543	68	0	2526	173	59	159	279	0	7401	2760	0	0	0	0	5364
OTU_32_18S_3_200	6563	548	903	25962	4934	1364	53	156	186	1534	103	234	373	30	273	187	521	262	47	0	0	85
OTU_34_18S_3_200	1886	676	18033	8647	2190	3230	1784	633	511	97	0	0	151	1715	2607	3900	0	369	2650	560	332	446
OTU_36_18S_3_200	0	162	1136	20	71	337	738	0	5868	69	20481	4678	2003	613	234	158	109	562	599	6474	1098	288
OTU_37_18S_3_200	226	79	15	724	373	253	22	28	16946	239	1600	4756	44	15	136	113	3422	90	84	115	1775	308
OTU_39_18S_3_200	4400	855	1197	3959	3564	4682	508	516	0	1482	0	0	225	97	274	702	1002	210	967	0	376	427
OTU_38_18S_3_200	16836	1768	3192	12747	3113	4125	0	0	0	449	0	17	151	0	0	0	436	0	885	0	0	0
OTU_46_18S_3_200	2665	565	3814	5539	1661	605	259	984	141	947	0	0	155	377	421	765	1419	266	0	0	93	351
OTU_48_18S_3_200	0	347	3968	0	0	0	0	0	0	0	0	0	0	3777	2933	15	0	0	0	0	0	0
OTU_61_18S_3_200	1400	407	5426	4884	109	2062	0	352	0	472	60	0	589	529	100	187	146	40	45	579	92	103
OTU_68_18S_3_200	0	0	105	357	0	735	0	0	0	108	345	0	504	250	206	1709	0	0	223	46	142	130
OTU_71_18S_3_200	647	48	945	774	389	479	629	261	0	274	39	0	400	0	2117	0	480	47	35	0	74	222
OTU_72_18S_3_200	0	81	0	0	0	227	0	0	107	0	128	0	103	0	10	0	0	0	0	0	265	0
OTU_76_18S_3_200	19	51	5038	42	76	857	486	673	209	0	204	0	40	5206	253	496	18	292	0	929	0	551
OTU_78_18S_3_200	1389	82	1918	836	137	1178	214	513	0	102	0	0	290	192	0	653	0	298	102	80	262	207
OTU_79_18S_3_200	314	114	3850	2867	410	919	747	167	0	71	0	0	371	1746	766	937	0	210	1062	436	335	557
OTU_82_18S_3_200	4850	18	113	3846	1677	604	507	275	50	162	0	0	13	445	239	460	153	335	172	84	49	239
OTU_84_18S_3_200	4341	4517	675	14625	4930	1343	0	0	0	1644	0	0	0	0	0	0	1123	252	900	0	188	0
OTU_85_18S_3_200	30	25	45	142	117	77	41	31	13282	0	509	235	89	296	492	52	107	0	0	62	189	314
OTU_90_18S_3_200	1344	7049	394	3602	9604	6160	0	0	0	3339	798	0	0	0	0	454	0	401	424	0	0	0
OTU_91_18S_3_200	95	351	1451	47	14	856	131	304	396	1672	118	0	141	736	217	820	11998	1127	214	223	157	299
OTU_92_18S_3_200	78	0	172	2414	1046	99	46	0	0	0	0	0	0	191	0	78	105	55	0	17	0	13
OTU_94_18S_3_200	2142	249	4979	2988	3044	2026	2001	348	602	649	483	117	688	1343	1195	78	73	431	575	400	1107	697
OTU_98_18S_3_200	4763	1055	508	4404	5227	2067	250	245	0	1147	0	79	37	0	0	244	99	88	383	0	483	44
OTU_97_18S_3_200	734	579	570	4983	188	551	124	154	0	236	0	0	59	8	0	440	58	96	263	94	30	32
OTU_99_18S_3_200	216	68	5564	24797	1450	0	0	0	77	0	0	0	0	38	153	0	0	54	0	0	0	0
OTU_103_18S_3_200	0	71	62	81	457	246	152	0	51	86	55	80	240	0	0	0	2042	442	267	0	618	39
OTU_101_18S_3_200	0	0	2679	101	0	0	0	165	0	0	0	0	0	3578	165	0	0	0	0	760	264	221
OTU_105_18S_3_200	133	16	3221	492	34	149	535	671	0	0	0	0	144	1423	402	533	0	55	72	333	179	241
OTU_96_18S_3_200	85	0	0	53	1009	17	0	0	0	2102	1713	2147	0	0	0	159	1351	166	0	0	110	46
OTU_109_18S_3_200	1901	1523	3132	661	1590	38	27	0	319	846	0	93	0	0	442	76	99	204	219	0	0	5901
OTU_106_18S_3_200	0	64	247	900	484	0	0	33	0	113	0	0	0	0	0	0	0	0	0	0	0	0
OTU_111_18S_3_200	2114	1522	2344	4608	1473	7798	505	341	0	417	533	0	0	0	113	352	585	48	2353	0	99	65
OTU_118_18S_3_200	1234	1958	266	2596	1871	1490	344	178	0	841	0	0	319	0	84	2927	180	562	2345	0	279	66
OTU_119_18S_3_200	167	52	153	389	47	250	120	45	0	16	0	0	47	29	42	31	7	200	32	205	17	49
OTU_116_18S_3_200	0	0	725	1686	642	517	0	0	0	0	0	0	0	0	390	541	0	0	0	0	0	189
OTU_123_18S_3_200	0	0	0	22371	0	0	0	0	0	1926	0	0	0	0	1396	0	0	0	0	0	0	322
OTU_124_18S_3_200	2739	544	952	7110	4184	1354	0	0	146	79	0	0	24	0	132	0	1960	67	116	0	0	503
OTU_126_18S_3_200	109	13	494	60	49	129	8	28	5287	0	0	1202	531	872	1400	213	388	0	55	955	80	201
OTU_130_18S_3_200	230	252	1004	12791	75	7897	0	0	0	0	0	0	0	0	16	0	371	0	32	0	319	21
OTU_131_18S_3_200	0	0	0	51	415	0	0	0	1368	230	257	0	0	0	0	115	172	0	0	0	0	0
OTU_136_18S_3_200	1974	943	1159	1520	795	3196	150	65	40	131	70	75	124	15	49	238	399	79	344	65	414	91
OTU_138_18S_3_200	0	631	782	0	0	0	0	0	0	0	75	0	1975	5169	1805	0	0	921	0	688	2753	68
OTU_140_18S_3_200	1410	94	1029	5238	12948	363	609	76	0	802	93	0	209	76	36	54	106	44	89	27	0	0
OTU_129_18S_3_200	122	79	339	135	41	59	35	0	0	0	0	0	42	36	0	91	0	0	74	0	0	0
OTU_142_18S_3_200	259	0	745	0	74	20	0	0	0	9402	0	0	252	0	0	0	0	0	0	0	55	0
OTU_137_18S_3_200	485	186	299	886	205	559	0	0	0	446	0	0	0	0	0	232	330	0	219	0	127	128
OTU_148_18S_3_200	0	0	77	42	0	62	190	0	0	0	0	0	1446	98	119	45	0	0	488	145	355	106
OTU_149_18S_3_200	257	179	1291	1426	7882	260	863	467	240	175	37	0	301	918	175	1050	203	773	817	130	129	41
OTU_153_18S_3_200	0	8	3	70	62	24	14	13	3211	71	6080	1095	81	71	146	117	0	40	332	225	828	213
OTU_141_18S_3_200	4155	1949	199	1572	3179	317	0	0	0	253	0	0	0	0	376	783	732	0	69	0	0	242
OTU_155_18S_3_200	0	0	27	46	26	22	50	0	0	0	1286	5462	0	28	0	0	1390	950	1411	123	147	22
OTU_152_18S_3_200	572	61	1058	1615	49	429	1797	120	166	83	0	0	27	115	172	48	15	601	203	21	552	187
OTU_156_18S_3_200	33	69	2096	3240	260	90	422	265	130	116	0	0	178	96	162	228	168	253	85	32	247	570
OTU_151_18S_3_200	43	71	269	567	195	523	24	58	0	251	0	57	20	0	57	104	0	67	78	304	925	242
OTU_157_18S_3_200	663	0	851	3607	298	340	0	253	389	219	0	0	51	252	259	306	68	6	73	28	0	95
OTU_163_18S_3_200	0	0	328	384	372	0	0	208	147	0	0	0	0	1148	148	241	0	0	90	194	32	220
OTU_164_18S_3_200	59	91	49	0	0	0	0	0	0	97	0	0	0	0	0	0	0	0	0	0	0	0
OTU_165_18S_3_200	277	34	3713	3171	4939	1512	803	906	142	470	167	0	146	589	102	95	78	0	111	61	67	29
OTU_167_18S_3_200	26	28	616	324	58	71	65	174	0	0	0	0	276	1181	1327	1658	18	162	63	679	0	539
OTU_166_18S_3_200	210	329	536	172	114	53	0	0	103	87	0	115	305	208	313	52	0	0	0	0	0	62
OTU_160_18S_3_200	251	877	279	2653	1846	366	12	33	0	140	0	0	0	0	0	13	42	80	367	14	155	0
OTU_171_18S_3_200	4	2	321	9704	6420	0	277	104	86	9	0	0	46	398	0	897	31	1	44	0	198	0
OTU_178_18S_3_200	811	40	0	15708	2077	0	0	149	0	182	0	0	0	0	0	136	0	0	0	0	0	0
OTU_179_18S_3_200	1821	240	230	2409	2889	861	32	240	26	1494	0	0	122	0	23	396	215	0	222	35	382	0
OTU_177_18S_3_200	1515	156	646	427	517	537	0	0	0	238	0	0	0	0	149	0	0	0	191	0	85	0
OTU_180_18S_3_200	1090	17	247	285	1354	902	1837	412	0	873	0	0	133	193	52	270	151	1249	893	220	72	195
OTU_184_18S_3_200	588	778	215	2764	975	342	187	75	0	544	0	0	0	0	0	0	0	88	31	52	197	49
OTU_182_18S_3_200	0	0	625	548	119	0	0	0	0	0	0	0	0	96	0	0	0	76	0	0	0	0
OTU_189_18S_3_200	0	50	25	22	58	28	0	0	0	0	31	0	46	0	0	0	0	38	0	0	36	0
OTU_192_18S_3_200	2804	696	0	11945	468	234	46	8	0	54	0	0	0	0	0	0	60	971	0	0	0	0
OTU_197_18S_3_200	0	0	613	498	15	75	32	503	201	50	0	0	55	1033	406	349	0	254	30	323	19	161
OTU_203_18S_3_200	9	154	637	686	231	0	95	512	120	0	0	0	33	18	96	385	66	57	0	75	374	153
OTU_198_18S_3_200	0	211	0	0	0	10440	201	0	0	0	0	0	104	0	0	0	0	0	0	0	2524	0
OTU_174_18S_3_200	35	0	0	439	257	0	0	0	0	0	0	0	0	0	0	0	0	0	760	0	0	0
OTU_181_18S_3_200	556	473	115	949	1236	616	187	87	0	3570	0	0	0	0	171	1881	242	228	1749	0	618	130
OTU_215_18S_3_200	745	929	195	1818	471	1794	0	87	0	301	0	0	0	0	0	419	0	297	147	0	206	0
OTU_216_18S_3_200	0	25	1597	332	155	63	573	0	125	0	0	0	64	1227	125	274	0	0	0	529	0	314
OTU_217_18S_3_200	388	734	420	1459	1619	1092	223	143	89	119	0	0	67	0	0	133	91	0	408	58	410	36
OTU_212_18S_3_200	15	55	223	0	29	12	0	0	0	156	0	0	116	0	35	0	47	198	0	97	231	39
OTU_220_18S_3_200	0	0	0	12546	20	0	0	0	91	1179	0	0	0	0	985	0	0	0	0	0	0	267
OTU_224_18S_3_200	46	68	928	200	0	3926	203	0	0	0	1149	0	0	262	24	31	0	0	0	116	68	89
OTU_225_18S_3_200	55	68	157	3701	1657	66	14	78	0	52	0	0	0	0	0	0	46	47	0	5	1268	66
OTU_226_18S_3_200	0	0	157	234	77	410	523	183	748	0	0	0	1881	360	541	5490	322	229	657	589	561	308
OTU_205_18S_3_200	0	0	864	0	0	0	0	0	0	0	0	0	23	0	5542	0	0	0	0	0	13	113
OTU_229_18S_3_200	0	12	892	1230	45	128	40	0	412	16	5	7	75	0	132	1109	0	0	0	0	0	431
OTU_235_18S_3_200	243	999	64	0	0	4551	79	0	0	1790	0	224	153	0	0	0	0	0	375	0	246	0
OTU_236_18S_3_200	837	280	973	448	0	299	168	0	0	119	0	0	131	166	78	187	35	101	148	148	71	123
OTU_249_18S_3_200	72	808	251	1867	672	878	0	0	0	0	297	0	123	0	0	600	108	363	396	108	764	65
OTU_250_18S_3_200	47	43	174	13	38	13105	208	0	0	0	134	0	0	4	0	0	0	0	14	0	0	0
OTU_251_18S_3_200	1127	112	70	2296	295	733	0	56	0	102	0	0	0	0	0	0	231	0	56	0	86	32
OTU_252_18S_3_200	7	11953	75	46	0	0	0	0	0	0	0	0	0	0	0	0	0	0	0	0	0	0
OTU_253_18S_3_200	198	76	2339	4215	2093	63	94	175	0	0	0	0	40	167	0	25	0	1436	312	20	132	172
OTU_254_18S_3_200	0	0	0	0	0	0	0	0	6851	132	286	0	0	166	204	0	235	0	0	0	0	67
OTU_255_18S_3_200	130	9	1845	214	58	22	1305	222	12	0	15	0	558	431	67	231	0	117	43	100	18	64
OTU_228_18S_3_200	0	1971	2714	0	0	0	0	0	0	0	0	80	0	0	748	20	0	0	14	0	0	788
OTU_258_18S_3_200	0	56	742	0	0	0	0	0	0	0	0	0	0	262	260	0	0	0	0	0	0	71
OTU_260_18S_3_200	6472	445	171	833	662	818	0	0	0	235	0	0	0	0	0	0	0	0	203	0	0	0
OTU_261_18S_3_200	544	681	0	612	1094	5772	101	0	0	305	0	0	0	0	0	0	320	32	829	0	0	0
OTU_271_18S_3_200	0	28	6	93	504	40	0	0	2477	78	0	7	0	0	0	0	68	0	0	0	219	93
OTU_272_18S_3_200	1126	159	76	759	1844	443	76	97	0	867	0	0	0	0	107	115	172	0	340	0	0	0
OTU_273_18S_3_200	0	431	852	0	0	0	0	0	0	196	0	0	0	0	131	0	0	0	0	0	0	8660
OTU_268_18S_3_200	15	72	240	958	265	84	22	0	0	59	0	0	0	0	53	10	53	0	0	10	45	0
OTU_274_18S_3_200	74	5699	298	276	20	399	18	27	0	0	0	446	0	24	0	147	0	0	0	0	0	27
OTU_276_18S_3_200	0	0	11	47	6618	0	0	0	0	0	0	0	0	0	0	358	0	0	0	0	0	0
OTU_277_18S_3_200	297	97	82	2178	136	393	0	19	186	0	1072	83	121	0	112	92	0	111	0	0	172	0
OTU_279_18S_3_200	985	24	190	85	12	39	248	976	111	0	0	0	69	0	94	338	0	410	282	20	0	279
OTU_282_18S_3_200	61	11	1636	630	223	120	249	58	0	0	19	0	44	634	21	345	18	565	80	878	72	480
OTU_284_18S_3_200	45	0	1515	30	17	10	0	43	0	0	0	0	72	111	91	0	0	0	37	0	0	0
OTU_245_18S_3_200	162	1030	106	693	789	603	0	0	0	232	0	0	0	0	282	0	205	0	705	0	0	445
OTU_292_18S_3_200	9909	84	90	0	63	9	0	0	0	226	0	36	0	0	0	0	0	0	0	0	0	74
OTU_294_18S_3_200	0	131	187	0	0	0	61	18	176	0	0	0	0	658	461	1080	0	64	60	23	0	146
OTU_296_18S_3_200	1477	415	167	1833	684	2599	191	155	0	155	0	0	103	0	76	106	181	154	510	47	128	78
OTU_297_18S_3_200	0	0	0	0	0	0	30	0	0	0	0	235	217	3423	0	0	0	0	0	0	2593	0
OTU_291_18S_3_200	1287	378	788	0	0	1001	140	82	0	644	0	0	95	0	48	82	0	90	1166	138	0	22
OTU_305_18S_3_200	0	84	1342	2273	1219	1117	45	126	0	48	0	0	0	172	407	810	0	0	201	99	79	95
OTU_306_18S_3_200	468	398	286	2098	2210	900	0	0	0	243	0	0	0	0	48	0	3	0	223	0	0	0
OTU_310_18S_3_200	36	0	46	634	0	0	0	0	0	0	0	0	0	185	0	0	0	0	0	0	0	0
OTU_311_18S_3_200	299	43	448	421	2941	515	0	0	0	414	0	0	330	8	15	55	0	0	450	0	0	0
OTU_317_18S_3_200	361	0	876	928	1110	402	448	123	196	539	209	0	321	619	408	49	0	0	403	213	417	456
OTU_324_18S_3_200	1599	219	779	968	1748	982	2171	29	0	0	0	0	49	710	0	96	0	0	101	23	89	0
OTU_322_18S_3_200	18	92	0	3233	3244	362	0	0	0	920	0	0	0	0	0	247	0	0	153	0	0	277
OTU_328_18S_3_200	523	0	0	0	2283	526	0	0	0	0	0	0	0	0	0	0	37	0	0	0	0	0
OTU_331_18S_3_200	8829	1300	53	0	0	13	0	0	0	0	0	0	0	0	0	0	0	0	0	0	0	0
OTU_330_18S_3_200	103	352	239	734	431	351	96	82	0	395	0	0	94	0	50	127	0	81	578	0	101	63
OTU_327_18S_3_200	349	425	0	7871	557	0	0	0	0	0	0	0	0	0	112	165	19	84	0	0	111	0
OTU_325_18S_3_200	240	24	850	81	39	195	84	142	30	18	0	86	46	73	106	236	0	58	86	86	29	33
OTU_329_18S_3_200	61	9	392	386	41	77	88	19	0	0	0	0	23	316	53	66	0	22	0	329	24	40
OTU_336_18S_3_200	71	25	236	120	0	115	0	429	92	71	0	0	56	820	511	786	53	107	0	174	37	393
OTU_337_18S_3_200	223	54	0	321	145	83	9	19	805	0	964	88	38	0	0	0	82	281	207	0	619	37
OTU_332_18S_3_200	0	0	615	79	67	0	0	0	0	0	0	0	208	60	0	0	0	0	0	0	0	0
OTU_339_18S_3_200	59	2517	843	51	47	11	0	141	0	0	0	0	12	30	124	78	0	0	0	0	0	2369
OTU_348_18S_3_200	0	88	102	125	71	19	0	0	164	13	97	0	0	0	0	120	0	0	28	0	70	0
OTU_349_18S_3_200	0	0	0	146	0	139	0	0	0	211	272	0	0	0	0	0	0	0	0	0	702	0
OTU_353_18S_3_200	275	58	261	1267	1539	267	285	75	0	56	0	0	128	347	34	74	22	90	39	209	173	0
OTU_364_18S_3_200	407	159	33	1102	381	1335	0	0	0	606	0	0	0	0	0	0	22	405	15	9	73	0
OTU_365_18S_3_200	212	64	62	2370	0	185	31	0	0	157	0	0	0	0	0	0	0	0	0	105	261	0
OTU_366_18S_3_200	195	101	386	782	0	219	0	125	0	0	0	0	0	0	0	0	0	0	0	52	127	0
OTU_367_18S_3_200	280	58	1160	431	968	337	20	36	0	0	0	0	26	10	50	0	65	15	0	0	0	60
OTU_356_18S_3_200	1316	37	200	542	39	100	132	86	0	251	0	0	0	0	18	189	22	0	0	0	0	29
OTU_374_18S_3_200	0	610	85	4464	391	6	36	0	0	2044	0	0	11	0	0	0	0	269	260	0	0	0
OTU_376_18S_3_200	0	11	325	0	0	0	0	0	0	0	0	0	0	0	11	0	0	0	0	0	0	3870
OTU_380_18S_3_200	665	572	0	2140	134	1362	0	0	0	0	73	0	0	0	665	224	761	0	82	0	0	0
OTU_386_18S_3_200	53	0	0	138	162	187	0	0	102	159	0	740	0	0	0	109	1073	22	0	0	179	54
OTU_387_18S_3_200	38	0	0	308	125	158	0	0	0	0	0	0	0	0	0	489	83	0	0	0	117	0
OTU_397_18S_3_200	0	0	2459	70	0	22	15	0	0	27	0	0	0	1675	166	13	0	15	0	17	50	0
OTU_399_18S_3_200	4085	2500	541	0	0	0	0	0	0	0	0	0	0	0	0	0	0	262	0	0	0	0
OTU_405_18S_3_200	769	273	511	103	0	209	0	398	0	171	0	0	0	121	0	0	0	144	227	121	0	0
OTU_382_18S_3_200	80	50	170	257	243	0	0	14	0	73	0	0	75	0	0	0	0	0	0	0	0	0
OTU_407_18S_3_200	0	0	36	1163	6728	0	0	0	0	0	0	0	0	106	0	106	103	0	0	0	0	0
OTU_403_18S_3_200	30	401	105	5463	232	6	8	4	0	89	0	69	0	0	18	0	0	538	176	0	80	0
OTU_408_18S_3_200	23	0	121	783	162	17	213	66	0	50	0	0	58	76	101	21	0	70	151	72	124	66
OTU_411_18S_3_200	0	0	311	74	0	69	0	104	0	0	0	0	82	1141	42	0	0	0	0	0	0	117
OTU_414_18S_3_200	535	537	729	698	0	2146	21	120	0	0	0	0	0	20	36	73	60	21	638	37	0	0
OTU_413_18S_3_200	171	158	1407	169	0	0	0	0	0	0	0	0	0	0	0	0	0	0	0	0	0	8
OTU_417_18S_3_200	226	39	538	1736	1082	582	77	12	0	1021	35	0	44	0	0	0	0	0	43	0	140	0
OTU_412_18S_3_200	1349	504	422	139	949	11	0	0	0	81	0	0	24	0	25	0	27	630	105	0	0	0
OTU_424_18S_3_200	8	0	0	86	41	53	0	0	1568	124	0	160	0	0	0	0	0	54	205	49	19	0
OTU_434_18S_3_200	997	38	37	860	287	111	24	0	0	22	0	0	0	0	0	60	0	0	87	0	0	0
OTU_438_18S_3_200	267	32	213	875	32	128	123	55	0	38	0	0	0	97	0	94	70	146	0	139	0	70
OTU_440_18S_3_200	31	994	359	4560	0	0	31	0	0	594	0	0	0	0	13	161	0	0	0	0	0	79
OTU_441_18S_3_200	10	22	2101	3412	2079	0	63	0	0	0	0	0	0	0	0	63	0	0	0	0	0	0
OTU_443_18S_3_200	89	55	84	1521	2024	488	0	0	0	27	0	0	0	0	0	0	0	0	0	0	28	0
OTU_442_18S_3_200	258	133	389	1630	65	263	0	0	0	18	0	0	0	0	0	0	0	0	0	13	0	0
OTU_446_18S_3_200	275	244	138	781	3134	102	52	0	0	705	0	0	0	0	0	25	0	219	356	0	924	0
OTU_447_18S_3_200	526	9	754	275	0	552	49	125	23	76	22	0	49	0	0	0	0	0	19	0	0	160
OTU_448_18S_3_200	45	22	461	905	180	0	356	0	0	0	0	0	140	137	32	0	32	72	0	49	92	0
OTU_449_18S_3_200	0	0	75	0	0	0	0	0	1683	0	0	0	108	369	745	0	0	0	0	228	0	0
OTU_453_18S_3_200	0	0	0	0	0	145	0	0	0	347	0	115	0	0	0	0	0	40	0	0	0	0
OTU_457_18S_3_200	274	0	0	0	0	0	266	0	0	0	2733	0	361	0	0	0	0	378	753	872	0	898
OTU_465_18S_3_200	420	257	122	5072	31	21	0	0	87	785	0	0	0	0	0	25	89	135	0	0	0	0
OTU_468_18S_3_200	2255	592	171	2384	127	282	0	0	0	99	0	0	0	0	15	0	281	0	0	0	0	0
OTU_467_18S_3_200	57	0	966	61	0	0	0	57	0	0	0	0	86	511	476	0	0	0	0	0	0	0
OTU_463_18S_3_200	16	21	887	0	0	0	0	17	0	0	0	0	171	242	128	18	0	0	0	38	50	27
OTU_472_18S_3_200	14	22	51	63	35	0	0	0	0	0	0	31	332	0	35	0	70	0	28	0	16	0
OTU_477_18S_3_200	0	0	54	70	0	18	0	0	0	0	0	0	0	1302	383	58	0	0	0	196	0	39
OTU_478_18S_3_200	23	40	50	512	331	220	47	106	0	331	0	0	0	0	0	940	42	62	0	0	0	0
OTU_466_18S_3_200	0	0	18	342	555	0	0	0	0	0	0	0	0	13	18	0	0	0	0	0	29	0
OTU_479_18S_3_200	106	53	1635	233	554	311	390	41	0	462	0	0	89	728	104	0	0	0	0	118	176	35
OTU_482_18S_3_200	0	0	425	87	7	0	0	155	0	0	0	0	0	38	62	987	0	0	0	0	0	239
OTU_483_18S_3_200	168	152	0	1752	776	281	8	6	0	370	0	0	20	0	13	37	225	0	0	0	23	0
OTU_377_18S_3_200	0	0	0	36	0	872	172	0	0	27	0	0	0	0	0	36	33	764	120	0	0	59
OTU_487_18S_3_200	0	147	169	74	0	0	0	0	0	0	0	0	0	0	0	472	36	0	0	98	3629	0
OTU_490_18S_3_200	44	90	124	683	36	241	315	0	0	0	887	0	0	918	0	26	0	0	0	245	0	0
OTU_494_18S_3_200	583	212	128	0	1709	14	0	0	0	410	0	0	107	0	0	0	232	0	0	0	0	0
OTU_492_18S_3_200	1062	334	161	1639	853	587	0	25	0	322	0	0	0	0	50	123	0	0	44	0	50	0
OTU_499_18S_3_200	194	0	0	0	0	0	287	0	0	0	2498	0	399	0	0	0	0	243	653	800	0	726
OTU_501_18S_3_200	1436	423	467	108	0	702	179	0	0	80	0	0	0	0	0	0	56	0	342	0	29	0
OTU_502_18S_3_200	576	401	172	1517	457	1176	0	0	0	717	0	0	0	0	0	0	0	31	0	0	0	0
OTU_500_18S_3_200	12	14	1197	2011	2472	21	0	29	0	0	0	0	77	74	0	0	0	0	0	0	31	44
OTU_506_18S_3_200	460	0	22	84	31	22	0	62	0	0	57	0	0	0	63	0	149	275	0	0	0	91
OTU_509_18S_3_200	32	0	32	128	232	25	0	0	0	45	0	0	0	0	0	0	0	0	0	0	0	0
OTU_510_18S_3_200	0	0	59	0	48	0	0	0	0	0	0	0	2510	186	0	0	0	0	0	0	0	0
OTU_511_18S_3_200	277	220	688	35	0	554	0	66	0	83	0	0	0	0	0	123	0	0	118	0	0	0
OTU_513_18S_3_200	0	1154	0	4973	134	0	0	0	0	0	0	0	0	0	0	9	0	40	0	0	0	10
OTU_515_18S_3_200	0	0	2247	0	0	0	0	42	0	0	0	0	0	667	32	0	0	0	0	0	0	0
OTU_522_18S_3_200	821	378	0	111	0	591	0	0	0	0	0	0	0	18	0	0	0	0	0	0	0	86
OTU_525_18S_3_200	18	0	0	13	31	79	0	0	0	70	195	858	8	0	0	0	18	23	45	145	169	0
OTU_528_18S_3_200	0	239	73	294	560	419	0	0	0	256	0	0	0	0	0	78	0	63	558	0	115	0
OTU_532_18S_3_200	59	0	552	554	258	3411	50	59	0	103	0	0	43	100	89	0	19	0	0	0	0	0
OTU_536_18S_3_200	136	33	98	535	0	95	3	24	0	0	0	0	0	0	3	27	0	10	19	27	0	0
OTU_498_18S_3_200	0	0	40	1	1	2	0	0	0	15	0	0	0	0	59	0	0	0	3	0	0	11
OTU_544_18S_3_200	479	20	60	496	310	72	0	0	0	0	0	0	0	0	0	0	51	20	99	0	71	0
OTU_539_18S_3_200	0	0	90	0	45	13	0	0	0	0	0	0	0	0	0	211	0	0	0	0	0	0
OTU_512_18S_3_200	45	205	563	456	24	95	80	64	0	146	0	0	57	0	31	20	0	81	0	35	0	0
OTU_558_18S_3_200	62	0	125	1297	282	59	11	68	0	0	0	0	0	63	0	9	0	6	0	21	0	48
OTU_561_18S_3_200	0	54	363	70	72	204	0	32	0	265	0	0	0	0	0	0	0	0	0	0	0	0
OTU_562_18S_3_200	2017	89	111	1472	37	386	0	0	0	0	0	0	0	0	183	0	357	0	0	0	0	0
OTU_565_18S_3_200	22	11	10	0	0	91	0	0	0	0	0	0	0	0	0	0	0	0	0	0	0	0
OTU_569_18S_3_200	711	12	0	617	211	0	0	114	109	0	0	0	0	81	0	47	0	72	0	0	0	94
OTU_572_18S_3_200	101	31	0	0	0	205	0	0	136	0	0	131	97	0	0	93	0	0	0	13	1117	0
OTU_568_18S_3_200	105	36	117	155	32	0	0	0	0	0	0	0	0	0	0	0	0	0	0	0	0	0
OTU_575_18S_3_200	446	63	219	417	17	374	14	0	0	0	0	0	0	0	0	61	0	126	0	0	0	0
OTU_583_18S_3_200	681	508	133	2034	0	136	0	0	0	0	0	0	0	0	0	0	0	0	0	0	0	0
OTU_584_18S_3_200	0	132	908	185	0	81	0	0	0	0	0	0	0	0	50	2069	0	32	162	0	279	133
OTU_586_18S_3_200	951	18	590	30	870	271	221	0	0	0	0	0	0	70	0	39	0	69	359	0	0	0
OTU_585_18S_3_200	238	121	296	1571	438	279	95	180	0	0	0	0	0	0	0	105	59	0	0	0	103	0
OTU_589_18S_3_200	47	77	55	0	0	1270	0	0	0	599	0	0	0	0	0	30	22	0	0	0	59	0
OTU_591_18S_3_200	17	668	83	104	1278	0	0	0	0	752	0	0	0	0	0	0	0	40	306	0	0	0
OTU_590_18S_3_200	263	39	82	661	1204	140	247	0	0	335	0	0	48	0	30	28	0	0	0	0	54	96
OTU_592_18S_3_200	0	0	61	2214	0	0	0	0	0	0	0	0	0	15	25	417	0	0	0	0	0	999
OTU_595_18S_3_200	1507	36	23	516	47	252	0	37	0	115	0	0	0	0	0	31	181	0	207	0	0	0
OTU_598_18S_3_200	0	35	35	2287	485	0	0	51	0	0	0	0	0	0	0	0	82	0	0	0	0	0
OTU_602_18S_3_200	43	654	488	428	178	0	0	50	0	46	0	0	0	0	90	207	0	0	0	0	0	322
OTU_594_18S_3_200	0	494	207	2018	239	6	0	22	0	411	0	0	0	0	0	33	0	488	0	0	0	52
OTU_617_18S_3_200	0	0	51	1037	576	0	30	0	0	0	0	0	0	0	0	0	0	0	91	0	0	0
OTU_618_18S_3_200	239	101	448	2878	161	98	123	0	0	0	0	0	14	0	118	46	0	20	0	0	0	327
OTU_620_18S_3_200	188	564	75	850	362	383	42	72	0	775	0	0	0	0	31	114	33	0	140	0	121	27
OTU_626_18S_3_200	82	146	87	745	2201	159	114	34	98	78	0	36	65	107	0	0	38	0	0	0	0	53
OTU_628_18S_3_200	189	0	603	489	136	111	57	0	0	14	0	0	0	242	0	73	0	0	0	42	0	31
OTU_629_18S_3_200	0	14	102	207	182	24	0	55	0	32	0	0	37	0	0	148	0	76	0	28	20	106
OTU_630_18S_3_200	1771	57	482	913	328	193	319	9	0	27	0	0	0	0	96	23	0	0	0	0	0	0
OTU_625_18S_3_200	999	0	58	0	0	1913	24	42	0	0	0	0	0	0	0	0	0	0	38	0	0	0
OTU_647_18S_3_200	15	3966	250	76	0	0	0	0	0	109	0	0	0	0	10	0	0	67	0	0	0	0
OTU_649_18S_3_200	135	59	292	1319	90	581	31	0	0	0	37	0	0	24	0	0	75	0	21	0	0	27
OTU_624_18S_3_200	0	0	243	126	6	100	68	0	0	0	0	0	43	29	0	11	0	0	0	0	45	0
OTU_656_18S_3_200	0	103	0	2093	2237	57	0	0	0	0	0	0	0	0	0	0	0	0	0	0	0	0
OTU_657_18S_3_200	1481	29	33	0	213	381	0	0	0	117	0	0	0	0	44	270	76	0	133	0	0	0
OTU_664_18S_3_200	0	0	8	0	67	37	32	0	0	188	161	433	47	14	0	0	0	0	0	0	0	0
OTU_622_18S_3_200	0	0	140	307	217	0	0	0	0	0	0	0	0	0	125	208	0	0	0	0	0	190
OTU_655_18S_3_200	0	0	0	811	0	0	0	8	0	0	0	0	0	0	0	203	0	0	0	0	0	276
OTU_680_18S_3_200	40	919	94	0	39	0	0	0	0	0	0	0	0	0	0	0	0	0	0	0	0	0
OTU_684_18S_3_200	16	73	91	1315	130	0	0	60	0	0	0	0	0	0	20	24	0	0	0	0	0	29
OTU_687_18S_3_200	0	0	0	0	386	84	0	0	0	0	53	80	136	0	0	0	2186	145	280	0	0	0
OTU_688_18S_3_200	0	439	1144	0	0	0	0	360	4	0	0	69	74	199	108	139	0	0	0	0	0	67
OTU_703_18S_3_200	333	710	69	2884	228	27	0	0	0	0	0	0	0	0	0	0	0	0	0	0	0	0
OTU_694_18S_3_200	27	29	35	1048	577	0	0	0	0	0	0	0	0	0	0	0	0	0	0	0	0	0
OTU_704_18S_3_200	729	44	0	716	224	211	0	0	0	80	0	0	0	0	0	0	19	0	0	0	0	0
OTU_708_18S_3_200	17	63	661	647	667	80	0	100	0	0	0	0	124	106	16	164	0	12	0	0	60	0
OTU_709_18S_3_200	0	0	124	0	0	78	32	19	0	0	0	0	0	96	459	74	0	40	0	54	0	22
OTU_712_18S_3_200	0	0	0	325	204	0	0	64	0	0	0	0	0	0	28	0	0	0	0	0	19	0
OTU_718_18S_3_200	289	0	0	1241	0	1145	0	0	0	444	0	0	0	0	0	0	262	0	0	0	0	0
OTU_720_18S_3_200	0	0	0	0	0	0	0	71	229	0	0	0	0	0	50	0	0	0	0	0	0	586
OTU_721_18S_3_200	40	0	9	10	74	49	5	0	92	167	125	215	23	0	0	0	89	231	35	67	252	47
OTU_723_18S_3_200	718	0	76	0	0	80	0	105	220	0	59	0	40	0	105	136	46	0	469	0	0	175
OTU_728_18S_3_200	15	5	0	355	733	48	0	0	0	22	0	0	0	0	0	0	0	0	0	0	0	0
OTU_731_18S_3_200	146	0	0	1564	1681	107	0	0	0	159	0	0	0	0	0	0	0	0	0	0	0	0
OTU_724_18S_3_200	56	6	0	19	130	10	0	77	0	0	0	0	0	0	18	27	697	0	60	0	0	0
OTU_725_18S_3_200	168	94	216	559	83	0	0	111	0	33	0	0	112	0	0	334	61	0	0	0	0	0
OTU_735_18S_3_200	58	293	389	0	0	599	0	0	0	346	0	0	31	0	0	0	0	0	0	0	0	27
OTU_736_18S_3_200	0	85	21	264	457	83	0	31	0	0	0	0	82	0	39	132	197	54	0	0	0	0
OTU_738_18S_3_200	16	35	0	897	1054	16	0	0	0	0	0	0	0	0	0	0	0	0	0	0	0	0
OTU_751_18S_3_200	0	6	58	19	26	22	0	0	0	73	0	0	15	45	0	0	32	0	0	25	0	25
OTU_755_18S_3_200	1990	319	768	197	15	33	0	0	0	104	0	0	40	0	0	96	0	0	0	0	0	0
OTU_756_18S_3_200	0	0	180	0	0	0	0	0	0	0	0	0	0	671	21	0	0	0	0	0	0	28
OTU_757_18S_3_200	493	28	573	328	212	275	0	23	0	0	0	0	54	546	110	222	35	152	0	0	23	31
OTU_747_18S_3_200	27	0	47	0	92	102	0	0	0	239	0	0	0	50	0	0	0	0	0	27	65	0
OTU_734_18S_3_200	213	43	198	422	556	11	0	0	0	285	0	0	0	0	0	0	0	8	0	0	0	24
OTU_762_18S_3_200	0	0	31	23	0	31	0	0	0	0	1237	200	23	251	43	23	24	0	17	654	0	0
OTU_765_18S_3_200	0	0	44	157	1731	0	0	0	0	0	0	0	0	0	0	166	0	47	0	160	31	0
OTU_774_18S_3_200	14	8	11	0	61	98	33	0	317	70	103	0	40	46	80	114	13	29	0	163	154	85
OTU_775_18S_3_200	0	0	287	0	0	131	34	34	0	0	0	0	85	83	0	0	0	47	110	70	31	0
OTU_776_18S_3_200	223	376	0	68	489	448	352	0	0	402	0	0	0	0	0	0	0	0	0	0	0	0
OTU_778_18S_3_200	0	0	26	231	0	119	0	0	0	45	0	0	96	11	8	756	265	0	72	0	1	16
OTU_780_18S_3_200	159	56	123	800	1679	262	88	32	0	77	0	0	0	0	21	0	11	21	36	0	0	41
OTU_784_18S_3_200	137	0	0	459	2546	0	0	57	0	0	0	0	0	0	18	0	54	0	0	0	0	0
OTU_785_18S_3_200	0	0	785	420	0	0	15	0	0	0	0	0	0	138	397	13	0	0	0	0	0	128
OTU_789_18S_3_200	33	129	144	651	850	267	26	0	0	698	0	0	0	0	0	0	0	83	0	0	221	79
OTU_800_18S_3_200	118	293	276	372	0	0	0	0	0	0	0	0	0	0	110	319	135	0	0	0	0	0
OTU_791_18S_3_200	485	118	0	122	360	398	38	0	0	75	0	0	0	25	0	0	0	0	0	0	40	0
OTU_808_18S_3_200	0	0	116	197	0	79	0	105	98	0	0	0	0	179	0	72	0	0	0	0	0	0
OTU_809_18S_3_200	142	0	471	253	22	37	32	0	0	266	0	0	0	0	0	0	0	18	0	0	0	12
OTU_815_18S_3_200	144	90	1072	341	0	395	0	113	0	0	0	0	0	0	0	0	0	0	0	0	1108	0
OTU_816_18S_3_200	0	8	171	436	0	11	0	0	0	0	0	0	0	57	0	173	13	0	0	0	0	37
OTU_818_18S_3_200	39	11	488	387	482	190	88	0	0	0	0	0	25	0	0	506	0	0	202	0	31	24
OTU_819_18S_3_200	0	0	0	0	172	0	0	18	0	0	0	0	0	240	0	39	0	0	0	0	0	24
OTU_821_18S_3_200	0	0	46	102	0	0	84	0	19	0	56	0	0	0	0	0	0	0	98	56	0	66
OTU_824_18S_3_200	94	77	103	3128	0	0	0	0	0	0	0	0	0	0	0	0	0	0	0	0	25	0
OTU_827_18S_3_200	0	0	0	2225	0	0	0	0	8	0	0	0	0	0	0	59	0	0	0	0	0	27
OTU_828_18S_3_200	0	0	517	0	0	0	0	12	0	0	0	0	0	651	76	0	0	0	0	0	0	167
OTU_832_18S_3_200	181	91	0	740	2190	199	0	0	0	46	0	0	0	0	0	0	0	101	0	0	0	0
OTU_834_18S_3_200	19	0	65	0	57	0	7	31	0	0	0	0	0	12	40	220	0	0	0	13	0	0
OTU_835_18S_3_200	346	0	35	2168	98	70	0	0	0	547	0	0	0	0	0	0	0	0	0	0	0	0
OTU_837_18S_3_200	116	65	178	593	1930	168	0	0	0	212	0	0	15	0	0	0	0	28	0	0	0	17
OTU_836_18S_3_200	0	7	420	106	170	0	28	10	0	41	0	0	0	112	45	0	0	0	0	77	0	0
OTU_823_18S_3_200	437	135	238	365	871	261	0	0	0	0	0	0	0	0	0	0	0	0	0	0	0	0
OTU_806_18S_3_200	17	0	357	93	33	165	55	46	0	0	0	0	37	0	69	0	0	0	253	0	356	90
OTU_865_18S_3_200	0	0	12	993	200	0	0	0	0	0	0	0	0	0	0	88	0	0	0	0	0	0
OTU_876_18S_3_200	191	0	236	70	358	193	0	0	0	0	0	0	20	0	0	0	0	0	0	0	0	78
OTU_874_18S_3_200	0	0	0	143	302	252	16	0	0	0	0	0	0	0	0	64	0	33	21	22	83	0
OTU_767_18S_3_200	71	50	152	251	0	44	0	0	0	0	0	0	0	32	0	0	0	0	0	0	41	0
OTU_886_18S_3_200	0	62	139	0	0	739	0	0	0	0	0	0	0	0	0	0	0	0	0	0	153	0
OTU_889_18S_3_200	0	0	94	106	0	0	0	0	87	0	0	63	0	157	61	0	0	46	0	0	0	0
OTU_891_18S_3_200	0	0	48	171	0	0	19	31	0	0	0	0	0	67	57	60	0	0	0	165	0	71
OTU_895_18S_3_200	66	32	70	2074	115	99	29	0	0	0	0	0	0	0	0	10	0	0	0	0	0	0
OTU_896_18S_3_200	119	1929	335	0	0	0	0	0	0	93	0	0	0	0	288	161	0	0	0	0	0	0
OTU_898_18S_3_200	0	181	96	187	0	0	0	0	0	0	0	0	0	0	0	113	0	0	574	34	914	0
OTU_900_18S_3_200	44	0	75	75	0	21	19	33	0	0	0	0	0	131	26	487	0	69	0	0	0	38
OTU_903_18S_3_200	35	3	0	1000	328	0	0	0	0	0	0	0	0	0	0	0	0	0	0	0	0	0
OTU_905_18S_3_200	8	0	0	63	0	111	27	0	524	0	80	0	0	0	0	0	0	0	0	0	0	6
OTU_914_18S_3_200	0	13	576	0	0	43	68	0	0	0	0	0	46	257	111	0	0	0	25	32	0	0
OTU_922_18S_3_200	0	0	0	41	0	41	0	0	85	0	0	0	0	0	0	0	379	0	0	0	125	0
OTU_923_18S_3_200	0	0	0	33	28	0	0	0	0	0	0	38	0	0	0	0	0	0	0	0	85	0
OTU_926_18S_3_200	178	0	151	0	18	229	92	45	0	70	17	0	0	195	0	19	0	0	0	178	53	0
OTU_935_18S_3_200	0	47	81	0	0	0	0	48	0	0	0	0	78	192	45	0	0	0	0	0	0	1104
OTU_939_18S_3_200	33	66	77	85	0	111	89	0	0	0	0	0	33	0	35	431	0	0	248	0	0	0
OTU_938_18S_3_200	0	0	32	213	13	27	0	0	0	41	0	0	0	0	0	0	0	0	0	0	0	0
OTU_933_18S_3_200	0	0	0	48	0	0	0	0	0	0	0	0	0	1057	77	202	0	0	0	0	0	33
OTU_942_18S_3_200	0	16	94	65	79	67	0	0	0	0	0	0	0	0	0	70	0	0	27	0	0	55
OTU_945_18S_3_200	0	0	0	400	321	1100	0	0	0	154	22	0	0	0	0	0	0	27	0	11	0	0
OTU_947_18S_3_200	554	13	8	1866	267	75	24	0	0	0	0	0	0	0	0	0	0	0	0	0	0	0
OTU_951_18S_3_200	139	737	642	123	111	0	0	0	0	0	0	0	0	0	28	0	0	0	0	0	0	127
OTU_954_18S_3_200	1588	0	112	177	348	0	0	0	0	632	0	0	0	0	0	0	0	0	0	0	0	0
OTU_957_18S_3_200	0	0	149	0	0	0	13	34	0	0	0	0	26	0	32	351	0	34	0	0	0	57
OTU_961_18S_3_200	82	36	372	201	1197	110	0	48	0	260	0	0	0	0	0	0	0	0	41	0	0	0
OTU_968_18S_3_200	0	0	0	65	44	0	0	0	485	0	0	75	0	0	0	0	0	0	0	0	0	0
OTU_969_18S_3_200	0	28	23	274	41	15	0	0	0	254	0	39	0	0	0	0	61	0	0	0	201	0
OTU_976_18S_3_200	148	0	28	1011	294	58	0	0	0	60	0	0	0	0	0	0	0	0	0	0	0	0
OTU_987_18S_3_200	215	430	741	393	49	348	0	0	0	72	0	0	0	0	0	242	0	35	0	0	0	50
OTU_1004_18S_3_200	250	0	0	149	425	9	0	0	0	181	0	0	0	0	37	0	16	0	0	0	0	0
OTU_1013_18S_3_200	0	0	20	102	79	0	0	0	0	0	0	0	0	149	0	35	0	0	0	0	0	13
OTU_1020_18S_3_200	0	0	108	0	339	0	0	0	0	302	0	0	80	0	0	142	0	0	0	0	0	0
OTU_1019_18S_3_200	40	46	20	11	317	17	0	0	0	6	0	8	82	53	31	2	0	0	56	0	0	1
OTU_1025_18S_3_200	59	5	288	0	0	0	0	0	260	0	0	0	74	0	0	0	0	0	0	0	0	0
OTU_1031_18S_3_200	974	10	31	0	0	47	0	0	0	292	0	0	0	0	0	0	0	81	519	0	0	65
OTU_1040_18S_3_200	0	1347	86	17	0	0	0	122	0	0	0	48	0	0	43	0	0	485	69	0	0	0
OTU_1042_18S_3_200	33	25	29	465	636	20	0	42	0	30	0	0	0	0	0	70	0	0	0	0	34	0
OTU_1043_18S_3_200	34	27	87	394	319	52	0	27	0	15	0	0	0	0	0	0	0	0	0	0	50	0
OTU_1051_18S_3_200	36	23	7	771	25	13	0	0	0	0	0	0	0	0	0	0	0	0	0	0	0	0
OTU_1054_18S_3_200	125	0	135	172	40	0	20	56	0	0	0	0	15	0	0	95	42	23	0	0	0	0
OTU_1056_18S_3_200	74	90	28	570	31	0	0	0	0	31	0	27	81	0	31	0	0	0	0	0	0	0
OTU_1059_18S_3_200	17	9	64	133	175	24	55	0	0	75	0	0	0	0	24	0	31	0	0	0	30	0
OTU_1063_18S_3_200	22	0	25	420	1954	22	0	19	0	17	0	0	0	0	0	0	33	0	0	0	0	0
OTU_1066_18S_3_200	0	987	85	0	0	429	339	0	0	14	0	0	0	0	0	0	0	0	85	0	0	0
OTU_1067_18S_3_200	46	0	0	567	0	140	0	0	0	29	0	0	0	0	0	0	0	64	0	0	0	0
OTU_1068_18S_3_200	344	58	0	269	482	155	0	0	0	308	0	0	0	0	0	0	0	0	0	0	176	78
OTU_1023_18S_3_200	145	0	77	85	0	0	0	0	0	0	0	0	0	46	0	0	0	0	76	0	0	0
OTU_881_18S_3_200	0	8	401	0	33	0	0	13	0	0	0	0	0	47	4	21	0	0	0	0	0	0
OTU_1080_18S_3_200	699	75	168	449	158	326	60	68	0	59	0	0	0	55	14	0	52	0	88	0	0	0
OTU_1081_18S_3_200	0	20	279	404	40	0	0	0	0	0	0	0	71	28	33	0	0	0	0	41	0	6
OTU_1083_18S_3_200	0	0	0	0	0	0	0	0	0	0	1224	0	0	0	0	0	0	0	231	287	0	436
OTU_1082_18S_3_200	479	0	0	121	8	0	0	0	0	186	0	55	0	0	0	0	0	0	0	0	0	0
OTU_1085_18S_3_200	0	0	0	10	0	0	0	37	0	0	0	0	0	323	0	0	0	0	0	0	9	0
OTU_1087_18S_3_200	0	0	0	390	168	24	0	33	0	38	0	0	5	0	0	0	0	34	0	0	54	15
OTU_1107_18S_3_200	72	0	131	9	234	6	0	88	0	0	0	0	0	8	78	0	0	0	0	0	0	15
OTU_1112_18S_3_200	7	4	64	274	219	0	0	0	0	24	0	0	8	35	7	0	0	31	0	49	75	0
OTU_1114_18S_3_200	0	0	31	0	52	0	0	0	68	0	0	0	0	69	0	0	0	0	0	0	115	0
OTU_1116_18S_3_200	17	43	90	178	172	0	0	0	0	35	0	0	1145	0	0	117	0	8	89	59	113	27
OTU_1117_18S_3_200	588	112	59	152	443	63	0	0	0	0	0	0	0	0	0	0	0	0	0	0	0	0
OTU_1121_18S_3_200	17	8	107	171	8	31	8	22	0	0	0	0	0	10	0	35	0	158	0	30	0	12
OTU_1124_18S_3_200	146	0	72	28	0	0	157	0	0	0	0	0	117	74	59	0	0	0	142	162	220	0
OTU_1105_18S_3_200	24	8	0	173	1351	9	0	0	0	0	0	0	0	0	0	0	24	0	0	0	0	0
OTU_1128_18S_3_200	18	58	0	113	22	300	0	0	0	126	0	0	0	0	0	0	0	0	0	0	0	0
OTU_1132_18S_3_200	139	25	108	95	211	183	326	33	27	55	0	0	50	195	12	0	0	112	73	73	96	0
OTU_1142_18S_3_200	23	260	49	40	89	57	26	6	0	0	0	0	0	0	0	236	29	0	0	0	0	0
OTU_1155_18S_3_200	0	0	35	0	0	25	62	0	0	0	0	0	283	43	65	0	0	83	213	124	162	40
OTU_1129_18S_3_200	21	60	330	46	383	0	0	0	0	88	0	0	0	0	0	0	0	0	0	36	0	153
OTU_1156_18S_3_200	93	11	70	56	0	174	0	0	0	0	0	0	90	202	75	0	0	143	0	76	0	173
OTU_1174_18S_3_200	0	675	247	0	0	0	0	0	128	0	0	0	0	0	42	129	0	0	0	0	0	0
OTU_1175_18S_3_200	61	27	421	117	22	47	20	65	0	0	0	37	20	14	12	0	0	0	0	0	0	0
OTU_1176_18S_3_200	21	21	41	0	30	255	24	81	0	0	0	0	139	0	0	139	0	85	75	20	226	0
OTU_1178_18S_3_200	98	0	0	129	0	0	161	0	0	0	0	0	65	0	0	12	0	0	137	0	0	0
OTU_1184_18S_3_200	0	0	0	0	0	0	0	20	0	0	0	0	0	124	427	948	0	0	0	74	0	108
OTU_1186_18S_3_200	172	556	0	530	146	475	0	0	0	0	0	0	0	0	0	80	0	69	0	0	49	0
OTU_1192_18S_3_200	85	0	0	0	0	0	0	0	0	0	985	0	170	0	0	0	0	0	110	229	0	357
OTU_1196_18S_3_200	0	0	66	236	22	0	0	0	0	0	0	0	0	0	0	152	0	0	0	0	0	0
OTU_1205_18S_3_200	132	63	490	0	22	9	0	53	16	39	0	0	0	0	205	0	0	41	0	0	0	325
OTU_1215_18S_3_200	0	0	540	0	0	0	0	3	0	0	0	0	64	8	0	26	0	0	0	0	0	0
OTU_1127_18S_3_200	36	0	13	60	0	0	0	0	0	40	0	0	0	0	0	0	0	0	0	0	0	0
OTU_1228_18S_3_200	215	0	0	483	103	116	0	87	0	0	0	0	0	0	0	0	0	0	0	0	0	0
OTU_1234_18S_3_200	0	11	713	0	0	0	0	34	0	0	0	0	0	83	49	0	0	0	0	0	0	0
OTU_1236_18S_3_200	0	0	0	556	218	0	0	22	120	0	0	0	0	0	0	0	0	0	0	0	0	0
OTU_1239_18S_3_200	27	30	20	10	1000	225	0	0	0	148	0	0	0	0	0	0	0	0	0	0	94	0
OTU_1243_18S_3_200	394	43	172	449	509	115	0	0	0	0	0	0	8	0	10	0	114	0	15	0	0	29
OTU_1250_18S_3_200	0	0	0	73	146	0	0	0	425	0	0	0	0	0	0	0	0	0	0	0	66	0
OTU_1254_18S_3_200	0	0	58	384	35	77	0	0	0	0	0	0	0	0	30	190	33	0	0	0	0	37
OTU_1253_18S_3_200	0	0	14	0	0	148	68	0	0	0	0	85	26	65	10	0	156	142	153	27	348	42
OTU_1259_18S_3_200	0	0	329	0	22	32	0	289	0	0	0	0	40	0	0	0	0	61	0	0	0	0
OTU_1268_18S_3_200	250	0	84	871	0	84	0	0	0	0	0	0	0	0	0	0	168	0	0	0	0	0
OTU_1273_18S_3_200	0	26	12	392	741	0	0	0	0	228	0	0	0	0	0	0	0	0	0	0	122	0
OTU_1277_18S_3_200	0	0	0	294	0	0	86	0	0	0	0	0	0	104	0	0	0	68	0	19	0	0
OTU_1278_18S_3_200	0	315	529	0	0	339	0	0	0	0	0	0	0	39	0	0	0	0	95	0	36	0
OTU_1285_18S_3_200	32	41	6	32	8	52	0	0	0	0	0	0	0	0	0	6	3	10	0	0	2	0
OTU_1288_18S_3_200	0	0	7	8	0	31	0	0	0	0	0	104	0	0	0	0	0	29	0	0	33	0
OTU_1297_18S_3_200	149	38	0	68	538	22	0	0	0	86	0	0	0	0	0	0	0	0	31	0	0	0
OTU_1306_18S_3_200	0	0	18	0	12	0	64	13	382	0	102	0	474	0	0	0	0	68	130	33	369	0
OTU_1309_18S_3_200	11	0	0	0	0	210	341	0	0	24	0	3	0	0	0	3	131	13	97	0	0	0
OTU_1312_18S_3_200	0	0	150	719	694	0	0	0	0	0	0	0	0	51	0	44	0	0	0	10	0	0
OTU_1314_18S_3_200	94	0	0	162	79	66	0	0	0	50	27	0	0	0	0	0	145	142	0	0	0	0
OTU_1320_18S_3_200	69	8	26	268	823	94	24	0	0	17	0	0	18	78	0	0	0	69	0	0	0	0
OTU_1325_18S_3_200	100	13	27	18	110	76	0	0	0	0	0	0	0	0	0	0	99	0	0	0	0	0
OTU_1326_18S_3_200	41	128	60	38	115	24	0	0	0	0	0	0	0	0	0	59	181	3	0	0	1	0
OTU_1327_18S_3_200	0	56	0	268	169	310	0	19	0	150	0	0	0	0	0	236	0	16	0	0	60	10
OTU_1354_18S_3_200	0	0	136	361	162	0	0	66	0	0	0	0	0	84	0	0	0	0	0	0	0	0
OTU_1361_18S_3_200	0	0	0	64	51	62	0	0	0	93	0	0	0	0	0	0	0	213	0	0	28	0
OTU_1368_18S_3_200	19	0	0	49	770	47	15	0	0	30	0	0	0	0	0	0	59	0	0	0	0	0
OTU_1374_18S_3_200	0	0	43	0	0	0	0	0	0	0	0	0	0	0	0	22	0	0	0	24	0	24
OTU_1392_18S_3_200	45	8	5	94	158	14	21	71	0	15	0	0	12	0	31	0	0	36	0	0	0	13
OTU_1395_18S_3_200	69	0	39	1039	0	78	0	0	0	124	0	0	42	0	0	0	0	0	0	0	0	0
OTU_1400_18S_3_200	29	40	0	358	71	131	0	0	0	0	0	0	0	0	0	0	0	0	0	0	0	0
OTU_1403_18S_3_200	0	0	0	0	741	0	97	22	0	0	0	12	0	0	0	0	0	0	0	0	0	0
OTU_1411_18S_3_200	0	0	0	82	450	66	0	0	33	0	0	0	0	0	0	0	0	0	0	0	0	0
OTU_1438_18S_3_200	22	15	0	32	0	0	12	0	176	108	83	27	0	0	0	0	0	27	0	0	0	59
OTU_1441_18S_3_200	0	0	0	361	22	0	37	26	0	0	0	0	0	0	42	300	0	17	0	0	0	0
OTU_1444_18S_3_200	46	0	0	0	0	18	0	0	0	18	0	0	4	0	0	6	0	0	29	0	0	0
OTU_1445_18S_3_200	97	99	40	113	268	259	0	0	0	0	0	0	0	0	0	0	0	0	119	0	0	0
OTU_1450_18S_3_200	326	68	97	101	54	0	0	0	0	0	0	0	9	0	0	141	0	0	0	0	0	0
OTU_1465_18S_3_200	0	4	214	122	172	0	0	31	0	20	0	0	67	167	105	167	0	32	11	0	0	116
OTU_1471_18S_3_200	30	705	19	0	0	0	0	0	0	0	0	0	0	0	0	0	0	0	0	0	0	153
OTU_1472_18S_3_200	0	532	22	583	0	88	0	0	0	18	0	0	0	0	19	0	0	38	82	0	0	0
OTU_1474_18S_3_200	10	0	96	23	891	107	0	0	0	0	0	46	0	0	0	0	34	0	0	6	0	7
OTU_1475_18S_3_200	268	43	234	259	0	152	22	30	0	96	0	0	0	0	0	57	57	0	0	37	0	63
OTU_1476_18S_3_200	0	45	327	0	0	24	101	0	0	0	0	0	0	123	0	57	0	85	0	24	0	18
OTU_1478_18S_3_200	34	0	0	806	78	0	0	0	0	0	0	0	0	0	0	609	0	0	0	0	0	0
OTU_1479_18S_3_200	0	0	77	0	0	0	0	21	0	0	0	0	104	25	20	79	0	0	0	0	0	85
OTU_1452_18S_3_200	46	45	0	137	428	207	0	0	0	69	0	0	0	0	0	0	0	0	0	0	0	0
OTU_1488_18S_3_200	75	253	132	0	35	347	0	0	0	22	0	0	0	24	0	0	0	0	0	0	23	0
OTU_1489_18S_3_200	72	42	78	30	0	51	34	0	0	251	0	0	0	0	0	18	0	0	0	33	0	35
OTU_1463_18S_3_200	0	0	26	112	232	0	0	53	0	0	0	0	0	0	0	0	0	0	22	0	0	0
OTU_1497_18S_3_200	95	163	0	513	0	348	0	0	0	0	0	0	0	0	0	165	0	0	0	0	0	79
OTU_1505_18S_3_200	18	0	0	396	0	0	0	57	0	67	0	0	0	0	0	0	0	0	0	0	0	0
OTU_1511_18S_3_200	0	0	22	25	70	0	0	30	0	0	0	0	0	0	119	0	0	0	0	0	0	41
OTU_1519_18S_3_200	109	18	75	600	422	35	28	0	0	62	0	0	10	0	0	11	0	0	19	0	0	27
OTU_1523_18S_3_200	27	59	0	0	0	168	0	0	0	0	0	0	0	0	34	0	0	0	0	0	0	0
OTU_1525_18S_3_200	105	0	78	415	460	0	0	0	0	31	0	0	0	0	0	10	31	0	0	0	0	117
OTU_1527_18S_3_200	100	0	21	434	12	26	0	0	0	46	0	0	0	0	0	0	218	0	0	105	0	56
OTU_1538_18S_3_200	0	4	31	325	0	41	0	45	0	0	0	0	0	0	0	0	0	54	0	0	0	0
OTU_1544_18S_3_200	0	36	0	99	135	0	0	117	0	0	0	0	0	0	0	148	0	0	0	0	0	154
OTU_1546_18S_3_200	0	0	0	273	231	15	54	0	0	35	0	0	0	0	0	0	0	41	0	0	0	0
OTU_1550_18S_3_200	448	60	0	0	394	28	0	0	0	0	0	0	0	0	92	73	28	39	0	0	0	0
OTU_1565_18S_3_200	0	0	0	498	94	0	0	0	0	103	0	0	0	0	0	0	0	0	0	0	59	0
OTU_1570_18S_3_200	0	31	9	339	0	31	0	0	0	12	0	0	0	0	0	0	0	0	31	10	26	0
OTU_1578_18S_3_200	129	0	25	341	40	0	27	0	0	0	0	0	0	11	30	281	0	0	0	15	0	124
OTU_1579_18S_3_200	243	0	14	28	0	0	0	0	0	0	0	0	0	0	0	0	47	44	73	65	0	24
OTU_1581_18S_3_200	0	0	0	0	0	0	0	19	0	0	0	0	0	55	22	33	0	0	0	0	0	53
OTU_1587_18S_3_200	95	25	0	41	957	19	0	0	0	0	0	0	0	0	0	0	0	68	48	0	0	0
OTU_1596_18S_3_200	292	23	423	93	43	112	0	37	0	0	0	0	0	21	0	11	0	0	0	0	0	0
OTU_1610_18S_3_200	573	321	50	0	0	0	0	0	0	0	0	0	0	30	0	0	125	99	0	0	85	0
OTU_1614_18S_3_200	0	0	34	0	0	0	0	76	0	0	0	0	0	0	91	160	0	0	0	0	0	0
OTU_1619_18S_3_200	0	0	97	0	0	694	21	0	0	0	0	0	0	44	0	0	0	0	0	0	0	0
OTU_1621_18S_3_200	259	21	0	0	390	35	0	0	0	21	0	0	0	0	0	0	150	0	0	0	0	0
OTU_1626_18S_3_200	66	0	0	425	0	50	0	0	0	31	0	0	0	0	0	0	0	0	0	0	0	0
OTU_1627_18S_3_200	88	60	92	74	70	47	74	0	0	110	0	0	0	0	0	0	0	118	0	0	0	0
OTU_1640_18S_3_200	0	0	488	0	17	0	0	0	0	0	0	0	0	76	0	24	0	0	0	5	0	29
OTU_1645_18S_3_200	171	0	0	479	247	0	0	37	0	162	0	0	0	0	0	0	0	0	19	0	0	0
OTU_1577_18S_3_200	17	23	2	23	7	15	0	0	0	2	0	0	0	0	0	23	29	0	25	0	2	24
OTU_1652_18S_3_200	0	0	56	291	12	40	15	6	0	642	0	0	0	18	0	34	0	0	0	0	64	0
OTU_1657_18S_3_200	54	17	62	491	0	98	60	0	23	239	0	0	0	0	0	0	11	0	0	0	0	0
OTU_1659_18S_3_200	0	175	934	0	0	0	0	143	0	0	0	0	29	17	0	0	0	0	0	28	0	58
OTU_1656_18S_3_200	0	0	0	154	0	176	573	0	0	4	0	0	0	0	0	44	0	0	272	0	156	0
OTU_1658_18S_3_200	14	91	203	66	16	105	0	30	0	0	0	0	0	0	8	93	25	23	0	0	0	0
OTU_1662_18S_3_200	215	40	0	485	261	47	31	0	0	161	0	0	0	0	0	0	0	0	0	0	0	41
OTU_1669_18S_3_200	80	0	0	0	658	108	0	0	0	0	0	0	0	0	0	16	22	0	0	0	0	0
OTU_1679_18S_3_200	0	0	2	2	5	13	0	6	100	4	5	29	13	4	48	2	7	0	0	0	0	93
OTU_1681_18S_3_200	0	0	2	0	14	0	0	0	166	63	0	0	0	0	0	0	0	40	0	0	0	0
OTU_1683_18S_3_200	77	0	44	140	252	34	48	16	0	0	0	0	0	15	10	0	0	0	0	0	0	0
OTU_1685_18S_3_200	0	26	1201	0	0	106	0	0	0	0	0	0	20	0	0	0	0	0	0	0	0	0
OTU_1691_18S_3_200	19	0	97	70	302	17	0	10	0	0	0	0	29	0	0	0	0	0	0	46	0	0
OTU_1698_18S_3_200	0	11	39	98	7	59	0	0	0	0	94	0	0	0	0	0	0	15	0	0	0	0
OTU_1701_18S_3_200	32	3	0	0	0	78	106	0	0	0	0	0	347	0	0	0	0	0	24	0	0	59
OTU_1700_18S_3_200	33	18	96	31	0	13	0	0	0	0	0	0	0	25	0	0	0	0	0	0	0	0
OTU_1704_18S_3_200	0	0	112	437	0	0	0	47	0	0	0	0	0	0	0	37	0	0	0	0	0	0
OTU_1726_18S_3_200	0	0	285	0	0	0	0	0	0	27	0	0	0	0	0	0	146	31	0	0	79	0
OTU_1727_18S_3_200	0	0	42	47	20	8	0	0	0	0	0	0	0	0	0	0	79	0	0	0	0	0
OTU_1744_18S_3_200	7	0	150	31	20	113	81	0	0	54	42	0	0	0	0	26	0	0	0	60	0	0
OTU_1750_18S_3_200	33	0	0	43	85	276	63	16	0	41	67	0	0	109	31	53	0	57	86	0	0	0
OTU_1760_18S_3_200	0	0	62	84	0	0	41	0	93	0	0	0	0	0	0	0	0	0	0	39	53	0
OTU_1762_18S_3_200	5	13	49	0	0	58	0	5	0	0	0	0	0	13	0	0	0	0	0	0	0	0
OTU_1764_18S_3_200	0	63	36	372	84	0	0	0	0	0	0	0	0	0	0	0	0	0	0	0	0	0
OTU_1773_18S_3_200	0	0	11	0	9	0	0	0	1073	0	38	0	0	0	0	0	0	0	0	0	0	0
OTU_1740_18S_3_200	0	0	0	0	0	0	0	46	0	0	0	0	13	0	0	58	0	0	80	0	0	0
OTU_1778_18S_3_200	0	7	6	10	0	0	0	0	0	86	0	0	0	0	0	54	0	0	0	0	14	0
OTU_1783_18S_3_200	138	0	28	197	18	0	0	0	0	67	0	0	0	0	0	0	0	27	0	0	39	0
OTU_1785_18S_3_200	160	42	0	80	551	14	0	0	0	0	0	0	0	0	0	0	0	0	0	0	0	0
OTU_1791_18S_3_200	29	36	0	28	54	185	34	22	0	0	0	0	0	0	0	97	0	0	0	0	0	0
OTU_1815_18S_3_200	32	0	0	708	290	15	0	0	0	89	0	0	53	0	0	0	0	0	0	0	0	0
OTU_1822_18S_3_200	221	0	0	241	0	128	0	42	0	64	0	0	0	0	0	0	0	0	0	0	0	44
OTU_1823_18S_3_200	1	0	0	9	0	0	107	48	0	0	0	0	0	0	0	0	0	0	0	0	0	0
OTU_1832_18S_3_200	0	0	73	111	30	0	0	18	0	0	0	0	0	0	0	123	0	22	0	0	0	0
OTU_1833_18S_3_200	82	32	6	37	44	54	57	49	0	19	0	0	0	0	0	6	0	2	16	0	5	0
OTU_1839_18S_3_200	0	0	24	59	0	0	124	22	0	0	0	0	0	0	10	0	0	72	365	0	0	52
OTU_1841_18S_3_200	16	0	23	120	47	0	0	0	0	0	0	0	17	0	0	0	0	0	0	0	75	0
OTU_1846_18S_3_200	0	7	0	420	161	88	29	0	0	163	0	0	17	0	0	0	0	54	0	0	0	33
OTU_1851_18S_3_200	5	899	89	30	60	0	0	0	0	0	0	0	0	0	0	0	0	0	0	0	0	0
OTU_1852_18S_3_200	0	0	0	7	0	3	0	0	165	81	24	0	0	0	0	0	250	84	117	0	0	10
OTU_1854_18S_3_200	0	76	120	0	0	0	0	0	0	0	0	0	27	0	82	0	0	0	0	0	0	578
OTU_1861_18S_3_200	0	181	202	0	398	219	0	0	0	0	0	0	46	0	0	0	0	0	0	0	0	0
OTU_1860_18S_3_200	41	128	0	0	180	0	5	0	105	105	0	0	0	0	0	0	0	24	0	0	45	0
OTU_1876_18S_3_200	0	242	26	392	43	8	0	0	0	150	0	0	0	0	0	0	0	123	0	0	0	7
OTU_1878_18S_3_200	49	0	16	198	337	45	0	0	0	29	0	0	0	0	0	0	0	0	80	0	0	0
OTU_1880_18S_3_200	38	13	40	79	2	20	0	0	0	0	0	0	0	0	0	0	0	0	0	0	0	0
OTU_1887_18S_3_200	0	15	0	0	0	310	8	0	0	0	0	0	5	0	74	0	0	0	19	0	34	0
OTU_1925_18S_3_200	50	0	62	16	0	7	0	0	0	0	0	0	0	45	22	40	0	0	0	0	0	0
OTU_1928_18S_3_200	0	0	43	0	8	155	75	0	0	0	0	38	0	112	32	0	12	0	176	10	0	0
OTU_1931_18S_3_200	45	0	26	0	28	0	0	0	0	0	0	0	0	0	0	0	0	26	0	0	0	0
OTU_1913_18S_3_200	0	0	277	168	123	32	0	0	0	0	0	0	0	13	0	32	0	0	0	0	0	0
OTU_1937_18S_3_200	101	0	133	277	218	37	38	0	0	0	0	0	0	0	0	0	0	0	70	0	0	0
OTU_1936_18S_3_200	83	4	83	23	108	0	40	0	0	232	0	148	23	108	15	0	0	15	10	0	0	0
OTU_1912_18S_3_200	0	0	60	0	0	78	0	0	0	0	0	0	27	0	0	0	0	0	0	0	17	0
OTU_1951_18S_3_200	66	0	0	261	68	0	0	0	0	0	0	0	0	0	0	0	0	0	26	0	0	0
OTU_1958_18S_3_200	39	0	0	632	249	0	0	0	0	0	0	0	0	0	0	0	0	0	0	0	20	0
OTU_1965_18S_3_200	0	0	99	0	0	120	0	0	0	0	0	0	0	0	0	0	0	0	260	0	0	31
OTU_1966_18S_3_200	128	0	0	59	129	0	0	0	0	268	0	0	0	0	0	0	18	0	0	0	0	0
OTU_1959_18S_3_200	6	0	25	0	35	53	7	10	0	32	0	0	0	0	0	0	0	0	0	0	0	0
OTU_1972_18S_3_200	23	0	0	631	0	185	0	0	0	0	0	0	0	0	26	0	0	0	0	0	0	0
OTU_1978_18S_3_200	6	0	0	0	0	9	0	0	136	0	0	127	14	0	0	0	0	0	0	0	400	10
OTU_1992_18S_3_200	8	0	0	0	46	23	48	0	0	0	0	0	0	70	0	8	0	58	0	0	0	44
OTU_1993_18S_3_200	0	0	13	93	137	97	179	0	14	0	0	0	10	0	12	23	30	119	0	0	0	75
OTU_1990_18S_3_200	46	0	0	0	0	0	48	0	0	0	0	0	0	0	0	0	0	0	0	44	67	0
OTU_2003_18S_3_200	0	0	0	0	0	0	0	0	211	33	0	107	0	0	0	0	0	0	0	11	0	0
OTU_2006_18S_3_200	19	37	0	132	447	21	0	0	0	139	0	0	0	0	0	0	69	0	0	17	44	68
OTU_2011_18S_3_200	36	29	14	38	22	47	0	0	0	18	0	0	0	0	0	0	0	0	96	0	0	15
OTU_2015_18S_3_200	38	18	112	272	96	0	0	16	0	0	0	0	0	0	0	0	0	20	30	0	0	0
OTU_2017_18S_3_200	45	22	22	34	126	0	0	0	0	90	0	0	0	0	0	0	29	90	72	0	31	21
OTU_1896_18S_3_200	0	103	279	0	0	0	0	0	0	0	0	0	0	0	29	26	0	0	0	0	0	0
OTU_2025_18S_3_200	0	0	119	404	97	152	0	0	0	0	0	0	0	0	0	87	0	0	0	0	0	0
OTU_2029_18S_3_200	24	0	67	0	0	89	0	0	0	0	0	0	76	180	0	0	0	0	0	44	0	0
OTU_2039_18S_3_200	86	13	0	0	685	0	0	0	0	0	0	0	0	0	25	0	0	0	0	0	0	0
OTU_2046_18S_3_200	0	0	74	238	68	35	0	0	0	0	0	0	0	0	0	0	0	0	0	0	0	0
OTU_2052_18S_3_200	16	21	15	224	7	6	17	0	0	0	0	0	0	8	18	38	0	0	0	0	0	0
OTU_2051_18S_3_200	0	0	0	17	0	0	0	0	0	0	0	0	0	86	33	15	0	0	0	0	0	10
OTU_2070_18S_3_200	93	629	72	0	0	0	47	0	0	0	0	0	0	0	0	0	0	85	0	15	0	0
OTU_2071_18S_3_200	88	52	41	0	0	46	0	0	0	0	0	0	0	0	0	0	0	0	66	17	0	0
OTU_2073_18S_3_200	0	0	0	0	0	106	0	0	0	0	0	0	0	0	46	0	0	0	8	0	0	67
OTU_2082_18S_3_200	164	0	9	118	0	133	0	0	0	0	0	0	0	0	0	0	0	19	0	0	0	0
OTU_2083_18S_3_200	123	0	0	174	62	97	0	0	0	0	0	0	0	0	0	0	0	0	0	0	0	0
OTU_2012_18S_3_200	194	120	51	0	112	191	0	0	0	0	0	0	0	0	0	159	0	0	0	0	0	0
OTU_2091_18S_3_200	0	0	184	0	0	0	0	0	0	0	0	0	96	0	0	27	0	0	0	0	0	29
OTU_2099_18S_3_200	0	0	0	0	200	0	0	0	0	0	0	0	0	53	0	13	0	0	0	5	0	0
OTU_2122_18S_3_200	33	533	0	329	0	0	0	0	0	0	0	0	0	0	0	0	0	0	24	0	0	0
OTU_2124_18S_3_200	0	514	9	0	0	0	0	0	0	0	0	0	17	0	0	0	0	0	111	0	29	0
OTU_2137_18S_3_200	251	17	224	0	0	462	0	0	0	0	0	0	0	0	0	0	0	0	0	0	0	0
OTU_2139_18S_3_200	42	0	0	170	90	21	0	0	0	62	0	0	0	0	0	0	0	0	0	0	0	0
OTU_2141_18S_3_200	0	0	40	0	80	7	0	10	0	0	0	0	0	91	6	0	0	0	0	0	0	54
OTU_2144_18S_3_200	12	0	0	154	68	9	0	0	622	84	0	0	0	0	0	0	0	0	0	0	0	0
OTU_2153_18S_3_200	0	0	16	92	284	0	0	0	0	0	0	0	0	0	0	0	0	0	24	0	0	0
OTU_2154_18S_3_200	87	0	98	0	0	28	0	0	0	144	0	0	0	0	0	0	0	0	0	136	49	0
OTU_2177_18S_3_200	35	0	0	61	0	0	0	0	0	0	0	0	0	0	54	46	0	0	0	0	0	38
OTU_2184_18S_3_200	0	0	43	112	30	0	0	0	0	0	0	0	54	0	0	0	0	0	0	0	0	0
OTU_2197_18S_3_200	520	32	0	80	0	88	0	0	0	0	0	0	0	0	0	0	0	0	7	0	0	0
OTU_2198_18S_3_200	0	0	34	103	55	63	0	0	0	0	0	0	0	0	0	0	0	0	0	0	0	0
OTU_2200_18S_3_200	0	0	145	88	0	0	0	0	0	0	0	0	0	32	117	0	0	0	0	0	0	0
OTU_2204_18S_3_200	34	0	0	65	23	44	15	0	0	0	0	0	8	0	0	0	0	0	0	43	0	0
OTU_2207_18S_3_200	8	0	67	344	89	45	0	0	0	0	0	0	14	58	0	0	0	83	0	0	0	0
OTU_2211_18S_3_200	45	19	0	121	162	30	0	10	0	103	0	0	58	0	0	0	0	75	0	130	74	0
OTU_2215_18S_3_200	0	0	0	79	35	17	0	0	0	0	0	0	0	0	0	0	78	0	0	0	0	0
OTU_2236_18S_3_200	0	0	30	0	0	505	11	0	0	0	0	0	0	0	0	90	0	0	0	30	0	0
OTU_2244_18S_3_200	68	12	0	84	57	7	11	0	95	104	0	0	56	0	0	0	0	0	0	0	0	0
OTU_2245_18S_3_200	140	12	0	57	38	0	0	0	0	25	0	0	0	0	0	0	0	0	0	0	0	0
OTU_2247_18S_3_200	0	17	0	0	0	0	0	0	0	41	0	0	21	0	18	49	0	0	0	0	0	0
OTU_2263_18S_3_200	30	13	20	155	157	0	0	0	0	0	0	0	0	0	0	0	0	0	0	0	0	0
OTU_2266_18S_3_200	34	0	95	195	34	0	0	0	0	0	0	0	0	27	12	45	0	0	0	0	58	27
OTU_2268_18S_3_200	0	0	6	119	338	0	0	0	0	0	0	0	0	0	0	17	0	0	0	0	0	0
OTU_2272_18S_3_200	0	0	0	151	66	0	0	0	157	0	0	0	0	0	36	0	0	38	0	0	0	85
OTU_2274_18S_3_200	0	0	75	353	15	0	0	0	0	26	0	0	0	0	0	15	0	0	0	0	0	26
OTU_2280_18S_3_200	166	0	0	208	0	56	70	0	0	0	0	0	0	0	0	0	0	0	0	176	0	0
OTU_2279_18S_3_200	34	44	70	53	19	10	0	0	0	138	0	0	0	0	0	0	33	0	0	0	33	7
OTU_2285_18S_3_200	0	11	11	50	429	26	0	0	0	23	0	0	0	0	0	30	0	0	0	0	0	0
OTU_2293_18S_3_200	0	0	12	0	19	0	277	0	0	0	0	0	0	0	0	0	0	0	0	0	0	280
OTU_2313_18S_3_200	0	0	0	0	0	0	0	0	0	0	0	0	0	0	0	0	0	157	77	137	448	0
OTU_2306_18S_3_200	4	20	6	5	28	6	3	0	0	0	0	0	22	0	0	0	0	0	89	69	0	0
OTU_2325_18S_3_200	79	0	0	279	74	287	0	0	0	0	0	0	0	0	0	0	0	0	0	0	0	0
OTU_2329_18S_3_200	88	8	50	65	376	162	0	0	0	0	0	0	0	0	11	0	0	77	0	0	0	0
OTU_2331_18S_3_200	0	0	156	69	449	0	0	0	0	0	0	0	0	0	0	0	0	0	0	0	32	20
OTU_2345_18S_3_200	255	119	0	97	97	0	0	0	0	15	0	0	0	0	0	0	0	0	0	0	0	0
OTU_2348_18S_3_200	0	537	127	0	0	0	0	21	0	0	0	0	0	0	58	0	0	0	0	0	0	0
OTU_2353_18S_3_200	0	0	8	164	87	35	0	0	0	0	11	0	39	0	0	49	0	0	0	0	0	0
OTU_2359_18S_3_200	400	157	0	177	0	94	0	0	0	0	0	0	0	0	0	0	0	0	0	0	0	0
OTU_2373_18S_3_200	0	0	219	301	64	0	0	0	0	0	0	0	0	16	69	0	0	0	0	0	0	0
OTU_2385_18S_3_200	106	0	0	49	234	0	0	0	0	54	0	0	0	0	0	0	0	0	0	0	0	0
OTU_2390_18S_3_200	0	0	4	6	8	37	43	12	4	0	0	0	0	53	3	4	0	0	0	3	0	5
OTU_2393_18S_3_200	16	0	203	0	130	74	0	27	0	0	0	0	0	0	0	0	0	0	93	0	0	0
OTU_2395_18S_3_200	47	0	21	0	0	21	0	0	0	0	0	0	79	0	40	48	0	0	0	43	125	59
OTU_2396_18S_3_200	95	0	0	186	95	185	0	0	0	77	0	0	0	0	0	79	0	83	0	0	0	0
OTU_2400_18S_3_200	0	0	0	0	0	0	0	0	60	0	8	28	0	0	0	5	0	0	17	0	0	0
OTU_2401_18S_3_200	0	0	35	7	25	51	0	0	102	0	0	0	0	0	7	0	0	0	0	13	0	17
OTU_2452_18S_3_200	63	0	52	62	0	0	50	0	0	0	0	0	0	0	0	21	0	0	0	0	0	0
OTU_2457_18S_3_200	87	68	219	56	233	0	0	0	0	0	0	0	0	0	0	0	0	0	0	0	0	0
OTU_2471_18S_3_200	0	0	17	0	446	27	0	0	0	0	0	13	0	0	0	0	0	0	0	16	0	0
OTU_2478_18S_3_200	0	0	0	162	0	15	0	0	0	234	0	0	0	0	0	151	0	0	34	24	4	0
OTU_2485_18S_3_200	232	20	74	33	42	0	24	0	0	0	0	0	5	0	0	0	13	0	0	0	0	0
OTU_2498_18S_3_200	0	15	37	4	72	0	0	0	0	0	0	0	0	0	0	0	0	0	0	0	115	0
OTU_2506_18S_3_200	0	0	107	98	0	0	33	0	0	0	0	0	17	83	0	0	0	0	0	0	0	74
OTU_2518_18S_3_200	23	18	4	0	24	18	45	38	0	0	0	0	26	0	0	217	0	0	14	0	0	0
OTU_2547_18S_3_200	65	28	7	99	197	0	0	0	0	0	0	0	0	0	30	34	0	0	0	0	0	0
OTU_2550_18S_3_200	39	0	0	569	79	12	0	0	0	0	0	0	0	0	0	0	0	0	0	0	0	0
OTU_2558_18S_3_200	37	45	71	34	35	334	0	0	0	0	0	0	0	0	0	0	29	22	0	0	0	0
OTU_2561_18S_3_200	136	0	0	0	53	61	0	0	0	0	0	0	0	0	0	0	0	60	0	0	0	0
OTU_2566_18S_3_200	0	15	124	62	79	46	100	19	15	39	0	0	0	32	0	0	0	0	0	0	0	11
OTU_2568_18S_3_200	0	0	19	0	0	0	0	0	0	0	0	0	0	13	23	0	0	65	36	0	0	0
OTU_2574_18S_3_200	0	0	0	0	78	0	0	0	0	369	0	0	0	0	0	0	52	0	0	22	0	59
OTU_2573_18S_3_200	0	0	6	0	0	0	0	23	0	0	0	0	0	22	0	42	0	8	0	12	0	0
OTU_2583_18S_3_200	86	0	189	81	72	88	0	0	0	0	0	0	0	0	76	0	0	0	83	0	0	0
OTU_2595_18S_3_200	0	0	42	0	0	61	0	0	0	0	0	0	0	0	0	0	0	0	40	0	83	0
OTU_2597_18S_3_200	0	0	23	155	0	0	0	19	0	0	0	0	0	0	3	0	0	0	0	0	0	17
OTU_2598_18S_3_200	0	164	0	64	0	71	0	23	0	0	0	0	0	0	0	0	0	0	0	0	0	0
OTU_2605_18S_3_200	16	0	30	0	323	18	0	0	0	0	0	0	0	0	0	0	0	0	0	0	0	0
OTU_2608_18S_3_200	0	0	0	0	0	0	0	0	0	0	0	0	0	0	0	0	0	174	62	162	296	0
OTU_2611_18S_3_200	0	0	24	0	0	0	0	0	0	46	0	0	0	19	0	0	0	0	0	0	0	42
OTU_2612_18S_3_200	0	0	255	0	31	0	0	0	0	0	0	0	30	0	0	0	0	0	0	0	80	0
OTU_2621_18S_3_200	41	0	0	379	29	0	0	0	0	0	0	0	0	0	15	0	0	0	0	0	0	0
OTU_2638_18S_3_200	0	0	103	285	141	0	0	0	0	0	0	0	0	0	9	0	0	0	0	0	0	0
OTU_2637_18S_3_200	69	22	0	0	39	0	0	0	0	0	0	0	0	0	0	0	0	0	25	0	0	0
OTU_2642_18S_3_200	0	12	25	150	0	26	0	0	0	0	0	0	17	0	0	161	0	0	0	0	0	0
OTU_2651_18S_3_200	53	19	43	96	19	42	40	0	0	19	0	0	0	0	23	0	0	0	0	12	0	0
OTU_2659_18S_3_200	0	128	0	0	0	66	0	0	0	91	0	0	0	0	0	146	0	0	0	0	0	0
OTU_2669_18S_3_200	22	0	32	10	81	41	0	0	0	0	0	0	0	0	0	0	0	19	0	0	36	0
OTU_2681_18S_3_200	4	0	0	115	56	11	7	0	0	0	0	0	0	0	0	0	67	235	0	0	0	41
OTU_2692_18S_3_200	0	0	136	0	67	31	0	0	0	0	0	0	14	0	20	13	0	0	0	0	0	0
OTU_2696_18S_3_200	0	0	0	29	532	0	0	21	0	15	0	0	0	0	0	0	0	0	0	0	0	0
OTU_2702_18S_3_200	73	0	73	12	0	0	0	0	0	0	0	0	42	0	0	0	0	0	0	18	0	10
OTU_2719_18S_3_200	0	0	16	135	0	12	0	28	0	0	0	0	0	0	0	0	0	15	0	0	0	0
OTU_2752_18S_3_200	0	15	26	0	0	0	89	0	0	0	60	0	0	0	0	0	0	0	149	0	0	0
OTU_2767_18S_3_200	0	0	46	71	183	0	0	0	0	0	0	0	36	0	19	0	0	0	0	0	45	51
OTU_2784_18S_3_200	0	0	186	0	0	0	0	23	0	0	0	0	0	165	27	0	0	0	0	48	0	0
OTU_2816_18S_3_200	0	20	52	0	96	16	0	0	0	0	0	0	23	0	25	0	0	0	0	0	0	0
OTU_2754_18S_3_200	0	8	139	0	0	0	0	0	0	0	0	0	8	17	0	0	0	0	0	0	0	0
OTU_2824_18S_3_200	0	0	0	8	0	0	0	0	0	0	0	0	0	0	133	49	0	0	0	0	0	92
OTU_2836_18S_3_200	25	0	20	149	171	50	0	0	0	0	0	0	0	0	0	0	0	0	0	0	0	0
OTU_2835_18S_3_200	81	8	0	81	33	25	0	5	0	10	0	0	0	0	0	0	9	0	0	0	0	0
OTU_2851_18S_3_200	0	0	16	0	0	16	0	0	0	0	127	0	18	0	0	0	0	0	0	21	17	0
OTU_2855_18S_3_200	0	0	45	0	0	0	0	0	0	43	0	0	65	47	111	24	0	0	0	0	161	17
OTU_2877_18S_3_200	9	2	7	4	0	13	29	29	0	0	0	0	0	36	22	2	0	0	0	0	0	18
OTU_2897_18S_3_200	0	0	46	29	0	0	34	18	0	0	0	0	0	0	0	24	0	0	55	0	0	0
OTU_2906_18S_3_200	0	0	43	233	0	0	0	0	92	0	0	0	0	21	0	80	0	0	0	0	0	0
OTU_2928_18S_3_200	0	0	146	90	0	0	0	0	0	0	0	0	24	0	32	185	0	0	0	0	0	16
OTU_2931_18S_3_200	0	0	57	58	0	0	0	0	0	0	0	0	0	87	0	60	0	0	0	21	0	47
OTU_2963_18S_3_200	0	0	105	128	154	52	0	0	0	0	0	0	0	0	0	0	0	0	0	0	0	0
OTU_2979_18S_3_200	0	107	0	265	0	0	0	0	0	88	0	0	0	0	0	0	0	20	0	0	0	0
OTU_2986_18S_3_200	88	0	0	46	119	303	0	0	0	0	0	0	0	0	0	0	0	0	0	0	0	0
OTU_3005_18S_3_200	32	0	0	0	113	64	0	0	0	0	0	0	0	0	0	0	0	0	27	0	0	0
OTU_3022_18S_3_200	0	42	41	93	0	0	0	0	0	62	0	0	0	0	0	146	0	0	0	0	0	0
OTU_3048_18S_3_200	0	53	3	0	0	0	0	0	0	0	0	0	0	98	0	0	124	0	0	0	151	0
OTU_3069_18S_3_200	0	0	0	57	0	0	0	0	0	0	0	0	0	61	72	0	0	0	0	13	0	19
OTU_3074_18S_3_200	22	4	19	138	9	0	0	0	0	0	0	0	0	0	0	0	0	0	0	0	0	0
OTU_3079_18S_3_200	0	0	26	29	13	0	48	0	0	0	0	0	0	18	0	0	0	0	0	77	10	0
OTU_3087_18S_3_200	32	131	0	0	0	0	0	0	0	14	0	0	0	0	123	0	0	0	0	0	0	0
OTU_3086_18S_3_200	0	0	0	91	0	0	0	16	129	0	0	0	0	0	0	0	0	0	0	0	0	79
OTU_3094_18S_3_200	25	0	0	0	29	0	28	0	0	0	0	0	0	20	51	192	0	0	0	0	0	0
OTU_3110_18S_3_200	0	0	0	0	235	14	33	40	0	0	0	0	0	118	0	0	0	0	0	14	0	0
OTU_3122_18S_3_200	0	0	0	225	128	0	0	7	0	0	0	0	12	0	0	0	0	0	0	0	0	0
OTU_3121_18S_3_200	0	0	0	99	0	0	0	10	0	24	0	0	9	0	0	60	0	0	0	0	0	0
OTU_3123_18S_3_200	0	0	138	151	131	97	0	0	0	0	0	0	0	0	0	0	0	0	0	0	0	0
OTU_3145_18S_3_200	0	4	7	34	79	18	0	0	0	0	0	0	0	0	0	0	0	0	0	0	0	0
OTU_3151_18S_3_200	0	0	0	0	0	0	0	0	0	0	0	0	80	153	0	0	0	8	0	19	9	0
OTU_3152_18S_3_200	0	0	54	0	0	0	0	0	0	0	0	0	16	99	0	0	0	0	0	5	0	0
OTU_3164_18S_3_200	85	50	0	39	23	76	0	0	0	95	0	0	0	0	0	0	0	0	0	0	0	0
OTU_3171_18S_3_200	45	0	0	158	33	78	0	0	0	0	0	0	0	0	0	17	0	0	0	0	0	0
OTU_3228_18S_3_200	60	0	0	22	48	0	0	0	0	29	0	0	0	0	0	0	0	0	0	0	0	0
OTU_3245_18S_3_200	43	25	34	129	0	0	0	0	0	0	0	0	0	0	0	0	0	0	0	0	74	0
OTU_3259_18S_3_200	0	91	21	0	124	0	0	0	0	0	0	0	0	0	0	0	0	0	0	0	97	0
OTU_3264_18S_3_200	0	0	0	202	32	0	0	0	0	68	0	0	0	0	0	0	19	0	0	0	0	0
OTU_3265_18S_3_200	60	234	0	88	25	0	0	38	22	0	0	0	0	0	0	0	0	0	0	0	0	0
OTU_3287_18S_3_200	64	0	46	20	0	73	0	0	0	0	0	0	0	0	0	0	0	0	0	0	0	0
OTU_3292_18S_3_200	74	36	1	4	8	13	0	14	0	0	0	0	0	0	24	18	0	0	22	0	0	24
OTU_3293_18S_3_200	0	20	51	116	285	0	0	0	0	0	0	0	0	0	0	0	0	0	0	0	0	0
OTU_3299_18S_3_200	62	0	128	45	72	50	0	0	0	0	0	0	0	0	0	0	0	0	0	0	0	68
OTU_3344_18S_3_200	0	0	13	0	16	18	24	0	0	23	0	0	0	0	34	0	27	15	0	43	41	0
OTU_3351_18S_3_200	42	0	0	21	46	0	0	0	115	0	0	24	33	0	29	0	0	0	0	0	63	0
OTU_3380_18S_3_200	22	0	29	76	263	0	0	0	0	0	0	0	0	0	0	9	0	0	0	0	0	0
OTU_3393_18S_3_200	6	7	0	10	0	16	42	0	0	5	0	0	0	0	0	0	1	103	0	0	0	0
OTU_3400_18S_3_200	0	0	50	99	26	0	60	0	0	0	0	0	0	0	70	0	0	84	0	20	0	41
OTU_3404_18S_3_200	0	0	40	56	111	44	0	0	0	32	0	0	0	0	0	0	53	0	25	0	35	0
OTU_3403_18S_3_200	0	0	0	103	72	0	0	0	0	0	0	0	0	0	36	0	0	51	0	0	0	0
OTU_3402_18S_3_200	32	64	9	15	5	30	20	7	1	0	0	0	12	6	7	64	2	0	14	6	3	3
OTU_3421_18S_3_200	27	0	10	177	218	0	0	0	0	0	0	0	0	0	0	0	0	0	0	0	0	0
OTU_3443_18S_3_200	20	0	0	41	249	0	0	0	0	0	0	0	0	0	0	0	53	0	0	0	0	0
OTU_3451_18S_3_200	13	0	92	36	0	0	0	0	0	22	0	0	0	0	0	0	0	0	0	9	0	0
OTU_3462_18S_3_200	0	0	20	225	82	0	0	0	0	0	0	0	0	30	0	0	0	0	0	0	18	0
OTU_3463_18S_3_200	12	60	38	32	153	31	0	0	0	0	0	0	0	0	0	0	0	0	0	0	20	0
OTU_3470_18S_3_200	23	0	16	79	193	23	0	0	0	0	0	0	0	43	0	0	0	20	0	0	0	0
OTU_3468_18S_3_200	2	0	12	5	14	42	0	0	0	39	0	0	22	0	0	33	0	0	0	0	0	0
OTU_3497_18S_3_200	26	0	0	55	32	6	0	0	0	0	0	0	14	0	0	0	0	0	4	0	0	0
OTU_3502_18S_3_200	17	39	280	63	0	0	0	0	0	0	0	0	0	0	0	0	0	0	0	0	0	0
OTU_3517_18S_3_200	0	0	10	0	0	0	0	12	0	0	0	0	28	39	23	0	0	0	0	0	0	0
OTU_3547_18S_3_200	135	0	78	0	0	136	17	0	0	0	0	0	22	0	0	0	0	0	21	13	0	0
OTU_3551_18S_3_200	0	7	22	26	34	0	0	0	0	0	0	0	0	0	18	0	0	85	29	0	0	0
OTU_3559_18S_3_200	0	16	8	0	63	21	0	0	0	0	0	0	0	0	0	30	0	0	0	0	102	0
OTU_3570_18S_3_200	0	0	0	143	50	20	18	0	0	0	0	0	0	40	13	0	0	0	0	0	0	29
OTU_3580_18S_3_200	24	0	0	0	104	0	0	9	0	193	0	0	0	0	0	0	0	0	0	0	0	0
OTU_3605_18S_3_200	23	0	0	130	19	21	0	0	0	0	0	0	0	0	0	0	0	0	0	0	0	0
OTU_3628_18S_3_200	0	0	9	0	0	0	0	0	0	0	0	0	0	107	39	0	0	0	0	16	0	0
OTU_3649_18S_3_200	183	17	0	0	0	82	0	0	0	26	0	0	0	0	0	0	0	0	0	0	0	0
OTU_3659_18S_3_200	0	0	66	0	0	0	0	94	0	0	0	0	0	0	0	20	0	11	0	0	0	0
OTU_3666_18S_3_200	0	0	0	15	48	3	0	4	0	49	0	0	10	0	0	0	51	21	0	0	0	19
OTU_3669_18S_3_200	0	11	50	80	107	0	0	0	0	0	0	0	0	0	0	53	0	0	0	0	0	0
OTU_3675_18S_3_200	27	12	146	0	168	0	0	0	0	0	0	0	0	11	0	0	0	0	0	0	0	0
OTU_3703_18S_3_200	5	0	48	69	33	0	0	0	0	0	0	0	0	0	0	0	0	0	0	0	84	0
OTU_3718_18S_3_200	0	0	6	0	245	9	0	10	0	0	0	0	0	0	0	41	0	0	0	0	0	0
OTU_3740_18S_3_200	0	19	6	114	15	0	5	0	0	0	0	0	0	0	0	0	0	0	0	0	0	5
OTU_3773_18S_3_200	0	17	31	7	0	0	0	0	0	0	0	0	0	0	9	0	0	0	38	0	0	0
OTU_3812_18S_3_200	46	0	58	37	30	22	0	0	0	27	0	0	0	0	0	0	0	0	0	0	0	0
OTU_3817_18S_3_200	0	0	0	26	39	0	22	0	0	15	0	0	0	0	0	0	0	0	0	0	23	0
OTU_3836_18S_3_200	0	0	15	24	0	0	0	0	0	0	0	0	0	17	71	0	0	0	0	0	0	0
OTU_3854_18S_3_200	38	77	0	66	53	0	0	0	0	63	0	0	0	0	0	0	0	0	29	0	0	0
OTU_3864_18S_3_200	0	5	0	22	0	30	6	0	0	0	0	0	0	0	0	0	0	46	0	36	16	0
OTU_3882_18S_3_200	1	0	2	1	0	0	5	0	0	6	0	42	18	0	0	20	0	51	0	1	0	3
OTU_3906_18S_3_200	0	0	51	0	0	13	5	0	0	0	0	0	165	0	0	0	0	0	0	0	75	0
OTU_3921_18S_3_200	0	0	113	114	26	6	0	0	0	0	0	0	0	0	0	0	0	0	0	0	0	0
OTU_3949_18S_3_200	31	0	53	17	50	0	0	0	0	0	0	0	0	16	0	0	0	0	0	0	0	0
OTU_3970_18S_3_200	82	0	0	0	0	75	0	0	0	0	0	0	11	0	0	0	0	0	0	47	0	0
OTU_3984_18S_3_200	0	42	42	40	95	0	0	0	0	0	0	0	0	0	15	0	45	0	0	0	0	0
OTU_3991_18S_3_200	32	0	3	9	40	24	0	0	3	0	0	0	0	0	13	0	0	0	0	0	4	5
OTU_4005_18S_3_200	0	0	0	62	131	0	0	0	0	83	0	0	0	0	0	0	39	0	0	0	0	0
OTU_4039_18S_3_200	0	0	0	0	0	0	0	22	0	0	0	0	47	0	33	235	0	0	0	0	0	0
OTU_4097_18S_3_200	0	0	9	4	34	0	10	0	0	0	25	0	20	0	0	0	0	0	0	0	0	0
OTU_4142_18S_3_200	9	0	11	33	75	3	20	2	0	3	2	29	4	1	0	0	0	2	3	0	0	20
OTU_4145_18S_3_200	136	0	0	0	118	36	0	0	0	9	0	0	0	0	0	0	0	0	0	0	0	0
OTU_4161_18S_3_200	0	0	0	0	0	132	44	0	0	0	0	0	0	49	0	0	0	0	0	94	0	0
OTU_4160_18S_3_200	0	0	84	0	0	0	0	0	0	25	0	0	0	0	0	0	0	0	58	0	13	0
OTU_4202_18S_3_200	0	0	0	119	0	0	0	4	0	0	0	0	0	6	0	0	0	0	0	0	0	20
OTU_4227_18S_3_200	0	0	0	42	29	0	0	0	0	0	0	0	0	33	0	0	0	0	0	58	0	0
OTU_4257_18S_3_200	0	0	23	104	7	0	0	0	0	0	0	0	4	0	0	0	0	0	0	0	0	0
OTU_4352_18S_3_200	23	0	0	124	0	0	0	0	0	0	0	0	0	0	0	0	13	0	0	0	0	26
OTU_4394_18S_3_200	0	0	50	64	0	0	0	0	0	0	0	0	0	0	0	26	59	0	0	0	0	0
OTU_4430_18S_3_200	0	0	0	0	0	0	0	0	0	0	44	0	0	36	6	0	0	0	0	21	0	0
OTU_4449_18S_3_200	15	0	11	99	153	0	0	0	0	0	0	0	0	9	0	0	0	0	0	0	0	0
OTU_4447_18S_3_200	0	0	0	3	2	2	0	0	0	1	0	0	46	0	0	43	0	6	0	0	0	0
OTU_4500_18S_3_200	0	0	54	51	8	5	0	0	0	0	0	0	17	0	0	0	0	0	0	0	0	8
OTU_4521_18S_3_200	0	0	0	198	0	14	21	0	0	27	0	0	0	0	0	0	0	0	0	0	0	0
OTU_4598_18S_3_200	27	58	0	134	26	0	0	0	0	0	0	0	0	0	0	0	0	0	0	0	28	0
OTU_4627_18S_3_200	0	0	11	58	0	0	20	0	0	0	0	0	0	0	0	0	0	0	0	0	63	31
OTU_4685_18S_3_200	0	0	0	0	3	5	79	0	0	0	0	0	0	11	28	0	0	18	0	0	0	0
OTU_4711_18S_3_200	0	19	2	0	16	1	0	0	0	23	0	0	0	0	0	1	0	2	36	0	1	0
OTU_4736_18S_3_200	0	0	0	0	0	38	46	0	0	0	0	0	0	0	0	0	0	39	8	0	0	0
OTU_4780_18S_3_200	131	0	0	0	95	0	0	7	0	0	0	0	0	0	0	0	0	0	0	0	0	22
OTU_4803_18S_3_200	0	0	1	0	0	0	0	0	0	0	0	0	0	18	0	26	0	0	0	35	0	35
OTU_4866_18S_3_200	0	0	0	146	24	0	0	0	6	0	0	0	0	0	0	0	0	0	0	0	16	0
OTU_4889_18S_3_200	0	0	8	54	14	0	0	0	0	0	0	0	0	0	0	14	0	0	45	0	0	0
OTU_4982_18S_3_200	0	0	22	0	30	0	11	0	0	0	0	0	0	0	0	0	0	0	0	0	0	45
OTU_5048_18S_3_200	0	0	0	72	75	0	0	27	0	0	0	0	0	0	0	29	0	28	0	0	0	0
OTU_5052_18S_3_200	0	0	16	0	0	7	0	30	71	0	0	0	0	0	0	5	16	0	0	0	0	0
OTU_5167_18S_3_200	0	0	11	18	118	16	0	0	0	0	0	0	0	0	0	0	0	11	0	0	0	0
OTU_5165_18S_3_200	0	16	39	0	0	0	5	0	0	0	0	0	0	25	0	0	0	0	0	0	48	0
OTU_5199_18S_3_200	0	8	6	11	5	26	4	3	0	2	0	0	0	9	1	13	0	0	17	0	0	0
OTU_5260_18S_3_200	47	0	6	92	12	14	0	0	0	0	0	0	0	0	0	0	0	0	0	0	0	0
OTU_5279_18S_3_200	0	27	0	21	15	0	0	0	0	47	0	0	0	0	0	0	0	0	0	0	0	0
OTU_5496_18S_3_200	25	0	47	46	84	0	0	0	0	0	0	0	0	0	0	0	0	0	0	0	0	0
OTU_5538_18S_3_200	3	75	0	35	7	3	0	0	0	0	0	0	0	0	0	5	0	0	0	0	0	0
OTU_5537_18S_3_200	30	22	36	10	0	7	0	0	0	0	0	0	0	0	0	0	0	0	0	0	0	24
OTU_5578_18S_3_200	0	0	19	85	0	11	0	0	0	0	42	0	0	0	0	0	0	0	0	0	0	13
OTU_6120_18S_3_200	16	13	0	101	38	0	0	0	0	0	0	0	0	0	0	0	0	0	0	0	0	0
OTU_6185_18S_3_200	1	3	0	4	58	50	31	18	0	0	0	0	0	0	0	0	0	0	0	0	0	0
OTU_6289_18S_3_200	0	0	48	0	0	35	14	0	0	0	0	0	0	0	13	0	51	0	0	0	0	0
OTU_6389_18S_3_200	23	8	0	31	42	0	0	0	0	0	0	0	0	0	0	0	0	29	0	0	0	0
OTU_6470_18S_3_200	0	0	0	0	0	0	0	23	0	0	0	46	0	23	0	0	0	0	0	62	0	0
OTU_6616_18S_3_200	0	0	26	54	36	18	0	0	0	0	0	0	0	0	0	0	0	0	0	0	0	0
OTU_6610_18S_3_200	0	0	8	35	16	6	0	25	36	0	0	0	0	0	0	0	0	0	0	0	17	0
OTU_6635_18S_3_200	0	0	27	0	0	0	0	0	22	0	0	0	41	0	0	0	0	0	0	0	0	48
OTU_6637_18S_3_200	0	0	0	69	22	0	0	11	0	0	0	0	0	0	0	0	0	12	0	0	0	0
OTU_6691_18S_3_200	6	44	0	31	0	0	0	0	0	5	0	0	0	0	8	0	0	33	0	0	0	0
OTU_6689_18S_3_200	0	0	8	4	20	0	9	0	0	0	0	0	0	18	0	0	0	0	0	0	64	0
OTU_6718_18S_3_200	0	21	13	14	4	4	0	0	0	0	0	0	0	0	0	89	0	0	0	0	0	0
OTU_7523_18S_3_200	0	0	29	31	0	0	0	0	0	0	25	0	0	0	0	0	0	0	0	0	0	19
OTU_7813_18S_3_200	0	8	0	0	0	0	0	0	0	35	0	0	0	0	0	0	40	0	0	0	29	0
OTU_7851_18S_3_200	0	0	0	0	0	0	0	0	0	0	5	0	0	0	0	0	0	41	26	36	0	3
OTU_7991_18S_3_200	0	0	0	0	0	11	55	0	17	0	0	0	0	0	0	0	0	0	0	0	0	24
