Source	Target	association_score
ASV_10_16S_022_3	ASV_68_16S_022_3	0.952161478707018
ASV_13_16S_022_3	ASV_91_16S_022_3	0.630048155784607
ASV_77_16S_022_3	ASV_107_16S_022_3	0.816791389124318
ASV_56_16S_022_3	ASV_125_16S_022_3	0.746903955936432
ASV_10_16S_022_3	ASV_128_16S_022_3	0.819535053805344
ASV_128_16S_022_3	ASV_159_16S_022_3	0.67879
ASV_43_16S_022_3	ASV_173_16S_022_3	0.825358088385562
ASV_103_16S_022_3	ASV_198_16S_022_3	0.746736474003712
ASV_191_16S_022_3	ASV_205_16S_022_3	0.760247039119558
ASV_70_16S_022_3	ASV_213_16S_022_3	0.786708348580244
ASV_97_16S_022_3	ASV_216_16S_022_3	-0.563813865184784
ASV_163_16S_022_3	ASV_216_16S_022_3	-0.743872146733143
ASV_56_16S_022_3	ASV_219_16S_022_3	0.597372472286224
ASV_91_16S_022_3	ASV_219_16S_022_3	0.859111153185118
ASV_204_16S_022_3	ASV_224_16S_022_3	0.757253799280748
ASV_160_16S_022_3	ASV_233_16S_022_3	0.914555430412292
ASV_198_16S_022_3	ASV_240_16S_022_3	0.859845695296051
ASV_219_16S_022_3	ASV_254_16S_022_3	0.786430125462969
ASV_155_16S_022_3	ASV_260_16S_022_3	0.615441620349884
ASV_182_16S_022_3	ASV_271_16S_022_3	0.53357532916677
ASV_96_16S_022_3	ASV_279_16S_022_3	0.536831974983215
ASV_175_16S_022_3	ASV_282_16S_022_3	0.784282707544326
ASV_281_16S_022_3	ASV_285_16S_022_3	0.789616447760299
ASV_111_16S_022_3	ASV_299_16S_022_3	0.836897810540674
ASV_49_16S_022_3	ASV_306_16S_022_3	0.670655786991119
ASV_91_16S_022_3	ASV_306_16S_022_3	0.570200383663177
ASV_182_16S_022_3	ASV_319_16S_022_3	0.768093335785445
ASV_217_16S_022_3	ASV_323_16S_022_3	0.791950759475541
ASV_241_16S_022_3	ASV_329_16S_022_3	0.922629953742428
ASV_155_16S_022_3	ASV_336_16S_022_3	0.695068657398224
ASV_299_16S_022_3	ASV_341_16S_022_3	0.562888023224762
ASV_328_16S_022_3	ASV_342_16S_022_3	0.949204724714465
ASV_209_16S_022_3	ASV_346_16S_022_3	0.78435874248344
ASV_160_16S_022_3	ASV_362_16S_022_3	0.974623625049914
ASV_198_16S_022_3	ASV_362_16S_022_3	0.666879374164094
ASV_260_16S_022_3	ASV_362_16S_022_3	0.868525869532648
ASV_159_16S_022_3	ASV_375_16S_022_3	0.883517801761627
ASV_376_16S_022_3	ASV_393_16S_022_3	0.818687677383423
ASV_111_16S_022_3	ASV_395_16S_022_3	0.956461250782013
ASV_330_16S_022_3	ASV_400_16S_022_3	-0.773919857795132
ASV_190_16S_022_3	ASV_403_16S_022_3	0.762258709197643
ASV_299_16S_022_3	ASV_403_16S_022_3	0.605481336823353
ASV_232_16S_022_3	ASV_404_16S_022_3	0.769001886400487
ASV_393_16S_022_3	ASV_404_16S_022_3	0.923902414190015
ASV_322_16S_022_3	ASV_418_16S_022_3	0.842755167290556
ASV_198_16S_022_3	ASV_427_16S_022_3	0.648522977133288
ASV_361_16S_022_3	ASV_427_16S_022_3	0.710175256186037
ASV_314_16S_022_3	ASV_432_16S_022_3	0.739688452205526
ASV_149_16S_022_3	ASV_431_16S_022_3	0.739852131571701
ASV_94_16S_022_3	ASV_433_16S_022_3	-0.839736959457224
ASV_101_16S_022_3	ASV_433_16S_022_3	0.753950916213088
ASV_95_16S_022_3	ASV_443_16S_022_3	0.740713918848504
ASV_342_16S_022_3	ASV_443_16S_022_3	0.763418686967404
ASV_336_16S_022_3	ASV_446_16S_022_3	0.735290229320526
ASV_361_16S_022_3	ASV_446_16S_022_3	0.543407868354733
ASV_399_16S_022_3	ASV_446_16S_022_3	0.537756536818005
ASV_252_16S_022_3	ASV_485_16S_022_3	0.844882934981318
ASV_322_16S_022_3	ASV_498_16S_022_3	0.60405083426451
ASV_131_16S_022_3	ASV_520_16S_022_3	0.653575122356415
ASV_346_16S_022_3	ASV_520_16S_022_3	0.56547
ASV_513_16S_022_3	ASV_526_16S_022_3	0.898167879673384
ASV_259_16S_022_3	ASV_534_16S_022_3	0.571564853191376
ASV_356_16S_022_3	ASV_554_16S_022_3	0.821875007808464
ASV_404_16S_022_3	ASV_567_16S_022_3	0.821476590394346
ASV_442_16S_022_3	ASV_572_16S_022_3	0.834374966558984
ASV_513_16S_022_3	ASV_604_16S_022_3	0.638205766677856
ASV_191_16S_022_3	ASV_614_16S_022_3	0.59643552116619
ASV_259_16S_022_3	ASV_618_16S_022_3	0.832971939335272
ASV_528_16S_022_3	ASV_619_16S_022_3	0.877277909425732
ASV_39_16S_022_3	ASV_620_16S_022_3	0.787747759991725
ASV_90_16S_022_3	ASV_626_16S_022_3	0.562155306339264
ASV_600_16S_022_3	ASV_626_16S_022_3	0.759975383747704
ASV_481_16S_022_3	ASV_645_16S_022_3	0.77140093393267
ASV_554_16S_022_3	ASV_645_16S_022_3	0.684720396995544
ASV_510_16S_022_3	ASV_649_16S_022_3	0.531745910644531
ASV_427_16S_022_3	ASV_652_16S_022_3	0.881113648450394
ASV_77_16S_022_3	ASV_653_16S_022_3	0.741600070007248
ASV_155_16S_022_3	ASV_659_16S_022_3	0.983102713068996
ASV_565_16S_022_3	ASV_712_16S_022_3	-0.655871689319611
ASV_712_16S_022_3	ASV_719_16S_022_3	-0.846705506504987
ASV_510_16S_022_3	ASV_726_16S_022_3	0.654107749462128
ASV_733_16S_022_3	ASV_742_16S_022_3	0.926028582493933
ASV_521_16S_022_3	ASV_748_16S_022_3	0.901947533190336
ASV_534_16S_022_3	ASV_748_16S_022_3	0.745245247762314
ASV_681_16S_022_3	ASV_748_16S_022_3	0.757218518264951
ASV_155_16S_022_3	ASV_783_16S_022_3	0.972434219373678
ASV_487_16S_022_3	ASV_826_16S_022_3	0.770200079447663
ASV_394_16S_022_3	ASV_828_16S_022_3	-0.739532602741098
ASV_171_16S_022_3	ASV_830_16S_022_3	-0.785075746366659
ASV_618_16S_022_3	ASV_838_16S_022_3	0.798643463519431
ASV_626_16S_022_3	ASV_849_16S_022_3	0.747067159950179
ASV_318_16S_022_3	ASV_879_16S_022_3	0.936165204463862
ASV_394_16S_022_3	ASV_886_16S_022_3	0.613287320618887
ASV_759_16S_022_3	ASV_886_16S_022_3	0.57037878036499
ASV_362_16S_022_3	ASV_890_16S_022_3	0.931883346356854
ASV_318_16S_022_3	ASV_896_16S_022_3	0.766157759392637
ASV_498_16S_022_3	ASV_911_16S_022_3	0.629976511001587
ASV_922_16S_022_3	ASV_923_16S_022_3	0.757442666366094
ASV_879_16S_022_3	ASV_925_16S_022_3	0.64146
ASV_766_16S_022_3	ASV_941_16S_022_3	0.751638144517528
ASV_318_16S_022_3	ASV_958_16S_022_3	0.799488544464111
ASV_934_16S_022_3	ASV_958_16S_022_3	0.83200287288689
ASV_395_16S_022_3	ASV_963_16S_022_3	0.743139431386344
ASV_894_16S_022_3	ASV_967_16S_022_3	0.604727923318069
ASV_97_16S_022_3	ASV_970_16S_022_3	0.904897153377533
ASV_204_16S_022_3	ASV_970_16S_022_3	0.628483463450684
ASV_238_16S_022_3	ASV_970_16S_022_3	0.655738711357117
ASV_330_16S_022_3	ASV_970_16S_022_3	0.629599988460541
ASV_894_16S_022_3	ASV_988_16S_022_3	0.846818197691666
ASV_908_16S_022_3	ASV_990_16S_022_3	0.766166046218225
ASV_682_16S_022_3	ASV_995_16S_022_3	0.808301448066254
ASV_149_16S_022_3	ASV_1001_16S_022_3	-0.773842730792395
ASV_748_16S_022_3	ASV_1001_16S_022_3	0.893990942685456
ASV_8_16S_022_3	ASV_1000_16S_022_3	0.8027812666339
ASV_515_16S_022_3	ASV_1003_16S_022_3	0.980003101357241
ASV_510_16S_022_3	ASV_1006_16S_022_3	0.818610508945925
ASV_238_16S_022_3	ASV_1013_16S_022_3	0.641768276691437
ASV_361_16S_022_3	ASV_1013_16S_022_3	0.675530016422272
ASV_446_16S_022_3	ASV_1013_16S_022_3	0.742998361587524
ASV_90_16S_022_3	ASV_1014_16S_022_3	0.803245484828949
ASV_935_16S_022_3	ASV_1033_16S_022_3	0.802186454612983
ASV_345_16S_022_3	ASV_1077_16S_022_3	-0.766910852832204
ASV_184_16S_022_3	ASV_1080_16S_022_3	-0.538058444041367
ASV_489_16S_022_3	ASV_1090_16S_022_3	0.98708445886377
ASV_205_16S_022_3	ASV_1095_16S_022_3	0.57406622171402
ASV_405_16S_022_3	ASV_1102_16S_022_3	0.82200156675523
ASV_882_16S_022_3	ASV_1109_16S_022_3	0.9863221798227
ASV_573_16S_022_3	ASV_1113_16S_022_3	0.738656468979159
ASV_727_16S_022_3	ASV_1118_16S_022_3	0.813763214688671
ASV_698_16S_022_3	ASV_1123_16S_022_3	0.886460884602551
ASV_929_16S_022_3	ASV_1132_16S_022_3	0.754648918177312
ASV_748_16S_022_3	ASV_1130_16S_022_3	0.825456479606105
ASV_184_16S_022_3	ASV_1129_16S_022_3	0.968173384666443
ASV_251_16S_022_3	ASV_1129_16S_022_3	0.847181138638923
ASV_773_16S_022_3	ASV_1134_16S_022_3	0.745556888195622
ASV_271_16S_022_3	ASV_1161_16S_022_3	0.634882986545563
ASV_525_16S_022_3	ASV_1161_16S_022_3	0.747477851878826
ASV_603_16S_022_3	ASV_1167_16S_022_3	0.779033150791157
ASV_155_16S_022_3	ASV_1165_16S_022_3	0.570205271244049
ASV_314_16S_022_3	ASV_1165_16S_022_3	0.688795328140259
ASV_604_16S_022_3	ASV_1211_16S_022_3	0.795439164899419
ASV_315_16S_022_3	ASV_1221_16S_022_3	0.751480885986368
ASV_879_16S_022_3	ASV_1225_16S_022_3	0.680556907081519
ASV_1053_16S_022_3	ASV_1230_16S_022_3	0.626027430755337
ASV_748_16S_022_3	ASV_1234_16S_022_3	0.777509229120296
ASV_1019_16S_022_3	ASV_1238_16S_022_3	0.585050162357425
ASV_515_16S_022_3	ASV_1252_16S_022_3	0.536397695541382
ASV_1032_16S_022_3	ASV_1252_16S_022_3	0.81115112543458
ASV_238_16S_022_3	ASV_1273_16S_022_3	0.917755864147409
ASV_305_16S_022_3	ASV_1273_16S_022_3	0.756468485630262
ASV_772_16S_022_3	ASV_1273_16S_022_3	-0.660895586013794
ASV_394_16S_022_3	ASV_1277_16S_022_3	0.688673257827759
ASV_916_16S_022_3	ASV_1285_16S_022_3	0.804180997252019
ASV_1070_16S_022_3	ASV_1319_16S_022_3	0.743521801587646
ASV_106_16S_022_3	ASV_1324_16S_022_3	0.67657083272934
ASV_1132_16S_022_3	ASV_1329_16S_022_3	0.821829681139993
ASV_1018_16S_022_3	ASV_1342_16S_022_3	0.783206928756699
ASV_911_16S_022_3	ASV_1358_16S_022_3	0.851488391508287
ASV_1040_16S_022_3	ASV_1392_16S_022_3	0.884832561016083
ASV_661_16S_022_3	ASV_1398_16S_022_3	0.785620186739879
ASV_1025_16S_022_3	ASV_1398_16S_022_3	0.975168843660942
ASV_282_16S_022_3	ASV_1413_16S_022_3	0.668842494487762
ASV_427_16S_022_3	ASV_1413_16S_022_3	0.901871562004089
ASV_929_16S_022_3	ASV_1423_16S_022_3	0.982410768896495
ASV_1000_16S_022_3	ASV_1423_16S_022_3	0.637939989566803
ASV_1336_16S_022_3	ASV_1428_16S_022_3	0.56087201833725
ASV_595_16S_022_3	ASV_1468_16S_022_3	0.782169461250305
ASV_788_16S_022_3	ASV_1486_16S_022_3	0.605189085006714
ASV_330_16S_022_3	ASV_1499_16S_022_3	0.971247656808959
ASV_724_16S_022_3	ASV_1506_16S_022_3	0.883120344705819
ASV_791_16S_022_3	ASV_1506_16S_022_3	0.54491400718689
ASV_1231_16S_022_3	ASV_1511_16S_022_3	0.823186472538603
ASV_1342_16S_022_3	ASV_1511_16S_022_3	0.631115138530731
ASV_733_16S_022_3	ASV_1522_16S_022_3	-0.757125494325336
ASV_1428_16S_022_3	ASV_1536_16S_022_3	0.735751483544054
ASV_35_16S_022_3	ASV_1539_16S_022_3	-0.733372521432686
ASV_1004_16S_022_3	ASV_1567_16S_022_3	0.690743446350098
ASV_604_16S_022_3	ASV_1580_16S_022_3	0.606176614761353
ASV_770_16S_022_3	ASV_1580_16S_022_3	0.784495382186339
ASV_1404_16S_022_3	ASV_1598_16S_022_3	0.988826196603215
ASV_1456_16S_022_3	ASV_1608_16S_022_3	0.734002670368054
ASV_1346_16S_022_3	ASV_1611_16S_022_3	0.602362871170044
ASV_724_16S_022_3	ASV_1630_16S_022_3	0.757541710719556
ASV_1346_16S_022_3	ASV_1635_16S_022_3	0.768217119294838
ASV_922_16S_022_3	ASV_1638_16S_022_3	0.829184295938532
ASV_1195_16S_022_3	ASV_1659_16S_022_3	0.616169571876526
ASV_913_16S_022_3	ASV_1669_16S_022_3	0.902006115422346
ASV_1032_16S_022_3	ASV_1669_16S_022_3	0.560917383057927
ASV_1346_16S_022_3	ASV_1669_16S_022_3	0.608604561646983
ASV_1151_16S_022_3	ASV_1682_16S_022_3	0.584923326969147
ASV_1033_16S_022_3	ASV_1690_16S_022_3	0.787841975688934
ASV_1342_16S_022_3	ASV_1690_16S_022_3	0.592055916786194
ASV_1455_16S_022_3	ASV_1761_16S_022_3	0.760946975200633
ASV_852_16S_022_3	ASV_1766_16S_022_3	0.972977055838034
ASV_1035_16S_022_3	ASV_1787_16S_022_3	0.748088103142086
ASV_598_16S_022_3	ASV_1807_16S_022_3	0.983806154163916
ASV_860_16S_022_3	ASV_1844_16S_022_3	0.966283515015281
ASV_1536_16S_022_3	ASV_1860_16S_022_3	0.766512046665002
ASV_213_16S_022_3	ASV_1866_16S_022_3	0.832617566732581
ASV_487_16S_022_3	ASV_1868_16S_022_3	0.62377
ASV_1070_16S_022_3	ASV_1868_16S_022_3	0.79435357068309
ASV_595_16S_022_3	ASV_1875_16S_022_3	0.601109981536865
ASV_1073_16S_022_3	ASV_1875_16S_022_3	0.726201832294464
ASV_498_16S_022_3	ASV_1887_16S_022_3	0.869703626487956
ASV_1460_16S_022_3	ASV_1899_16S_022_3	0.741247897957668
ASV_724_16S_022_3	ASV_1896_16S_022_3	0.765815935027045
ASV_1518_16S_022_3	ASV_1943_16S_022_3	0.818818246536477
ASV_1093_16S_022_3	ASV_1958_16S_022_3	0.996021024952422
ASV_946_16S_022_3	ASV_1982_16S_022_3	0.756854865887365
ASV_1392_16S_022_3	ASV_1982_16S_022_3	0.546503961086273
ASV_106_16S_022_3	ASV_1991_16S_022_3	0.979090739343034
ASV_826_16S_022_3	ASV_2001_16S_022_3	0.752742100778184
ASV_1876_16S_022_3	ASV_2035_16S_022_3	0.791900727352974
ASV_1347_16S_022_3	ASV_2066_16S_022_3	0.761750149675568
ASV_1132_16S_022_3	ASV_2096_16S_022_3	0.754130363437297
ASV_1292_16S_022_3	ASV_2111_16S_022_3	0.735888304097651
ASV_1238_16S_022_3	ASV_2139_16S_022_3	0.621046304702759
ASV_1025_16S_022_3	ASV_2171_16S_022_3	0.550087809562683
ASV_1598_16S_022_3	ASV_2183_16S_022_3	0.540975398216039
ASV_1598_16S_022_3	ASV_2271_16S_022_3	0.805000928548244
ASV_925_16S_022_3	ASV_2388_16S_022_3	0.992242597606857
ASV_284_16S_022_3	ASV_2403_16S_022_3	0.927249509838201
ASV_941_16S_022_3	ASV_2403_16S_022_3	0.66724
ASV_588_16S_022_3	OTU_7_18S_022_3	-0.863617699989948
OTU_14_18S_022_3	OTU_22_18S_022_3	0.985573819685114
OTU_28_18S_022_3	OTU_29_18S_022_3	0.610430717468262
ASV_43_16S_022_3	OTU_33_18S_022_3	0.835517311433916
ASV_172_16S_022_3	OTU_59_18S_022_3	0.66269463300705
OTU_32_18S_022_3	OTU_59_18S_022_3	0.84193754196167
ASV_362_16S_022_3	OTU_61_18S_022_3	0.79529054249731
ASV_1053_16S_022_3	OTU_58_18S_022_3	0.55091392993927
ASV_1056_16S_022_3	OTU_71_18S_022_3	-0.538064062595367
ASV_24_16S_022_3	OTU_76_18S_022_3	0.650264263153076
ASV_1690_16S_022_3	OTU_78_18S_022_3	-0.778648089491756
ASV_1752_16S_022_3	OTU_78_18S_022_3	-0.635741055011749
OTU_34_18S_022_3	OTU_79_18S_022_3	0.813198510144916
ASV_645_16S_022_3	OTU_82_18S_022_3	-0.604179270099331
OTU_74_18S_022_3	OTU_97_18S_022_3	0.804245990131079
ASV_1807_16S_022_3	OTU_100_18S_022_3	-0.789685754516839
ASV_731_16S_022_3	OTU_104_18S_022_3	0.693424993883798
ASV_816_16S_022_3	OTU_117_18S_022_3	-0.643291652202606
ASV_125_16S_022_3	OTU_127_18S_022_3	0.66198
ASV_49_16S_022_3	OTU_131_18S_022_3	-0.81182
ASV_204_16S_022_3	OTU_154_18S_022_3	0.762171858051379
ASV_240_16S_022_3	OTU_163_18S_022_3	0.649343967437744
OTU_59_18S_022_3	OTU_160_18S_022_3	0.539247252287408
ASV_1378_16S_022_3	OTU_170_18S_022_3	-0.86068401529711
OTU_59_18S_022_3	OTU_179_18S_022_3	0.564037799835205
ASV_1020_16S_022_3	OTU_177_18S_022_3	-0.809539726320244
OTU_79_18S_022_3	OTU_180_18S_022_3	0.630518913269043
OTU_48_18S_022_3	OTU_182_18S_022_3	0.642924845218658
ASV_894_16S_022_3	OTU_201_18S_022_3	0.704403638839722
ASV_1032_16S_022_3	OTU_201_18S_022_3	0.535889921330065
ASV_2132_16S_022_3	OTU_206_18S_022_3	-0.767574199432956
OTU_160_18S_022_3	OTU_225_18S_022_3	0.748772382736206
OTU_222_18S_022_3	OTU_239_18S_022_3	0.640175938606262
ASV_313_16S_022_3	OTU_243_18S_022_3	0.625206232070923
ASV_329_16S_022_3	OTU_243_18S_022_3	0.829649906027234
OTU_28_18S_022_3	OTU_255_18S_022_3	0.666706894689743
ASV_649_16S_022_3	OTU_264_18S_022_3	-0.572026340025027
OTU_46_18S_022_3	OTU_269_18S_022_3	0.647397696971893
OTU_146_18S_022_3	OTU_269_18S_022_3	0.846939838017186
OTU_151_18S_022_3	OTU_265_18S_022_3	0.735363931005748
OTU_234_18S_022_3	OTU_271_18S_022_3	0.795579750422198
OTU_191_18S_022_3	OTU_297_18S_022_3	-0.686277270317078
ASV_611_16S_022_3	OTU_301_18S_022_3	0.560689270496368
OTU_269_18S_022_3	OTU_302_18S_022_3	0.6727175116539
ASV_403_16S_022_3	OTU_309_18S_022_3	0.604260491929346
ASV_2386_16S_022_3	OTU_321_18S_022_3	0.735260009765625
OTU_133_18S_022_3	OTU_321_18S_022_3	0.705546253236125
OTU_180_18S_022_3	OTU_333_18S_022_3	0.91943308273633
ASV_661_16S_022_3	OTU_336_18S_022_3	-0.549544500677808
ASV_1752_16S_022_3	OTU_336_18S_022_3	-0.798977435432549
ASV_425_16S_022_3	OTU_332_18S_022_3	0.741434276103973
OTU_132_18S_022_3	OTU_340_18S_022_3	0.717801988124847
ASV_594_16S_022_3	OTU_341_18S_022_3	-0.796005307712411
ASV_2053_16S_022_3	OTU_365_18S_022_3	0.781905498174273
OTU_151_18S_022_3	OTU_370_18S_022_3	0.852281759656053
ASV_399_16S_022_3	OTU_372_18S_022_3	0.666786015033722
OTU_309_18S_022_3	OTU_372_18S_022_3	0.790796805020096
OTU_329_18S_022_3	OTU_381_18S_022_3	0.850224275347377
OTU_117_18S_022_3	OTU_386_18S_022_3	0.538528203964233
ASV_541_16S_022_3	OTU_384_18S_022_3	0.78133329990216
ASV_1069_16S_022_3	OTU_391_18S_022_3	0.587928712368011
ASV_1669_16S_022_3	OTU_391_18S_022_3	0.614082157611847
ASV_581_16S_022_3	OTU_397_18S_022_3	0.67152
OTU_101_18S_022_3	OTU_397_18S_022_3	0.568347870131429
OTU_34_18S_022_3	OTU_400_18S_022_3	0.551123857498169
ASV_770_16S_022_3	OTU_404_18S_022_3	-0.597049117088318
ASV_41_16S_022_3	OTU_411_18S_022_3	0.767079472541809
ASV_1156_16S_022_3	OTU_423_18S_022_3	-0.776828406792819
OTU_336_18S_022_3	OTU_425_18S_022_3	0.757142439704919
ASV_1151_16S_022_3	OTU_419_18S_022_3	-0.718483924865723
ASV_1123_16S_022_3	OTU_421_18S_022_3	0.653246104717255
OTU_24_18S_022_3	OTU_438_18S_022_3	0.839509114707282
OTU_270_18S_022_3	OTU_438_18S_022_3	0.7407362280739
ASV_510_16S_022_3	OTU_439_18S_022_3	0.541656775724944
ASV_613_16S_022_3	OTU_439_18S_022_3	0.607720695115506
OTU_58_18S_022_3	OTU_439_18S_022_3	0.53839111328125
ASV_631_16S_022_3	OTU_442_18S_022_3	0.80511372612094
ASV_1133_16S_022_3	OTU_450_18S_022_3	0.732835942343326
OTU_340_18S_022_3	OTU_452_18S_022_3	0.66778
OTU_60_18S_022_3	OTU_461_18S_022_3	0.557721562436255
OTU_177_18S_022_3	OTU_461_18S_022_3	0.569490134716034
OTU_190_18S_022_3	OTU_461_18S_022_3	0.62059836944468
ASV_894_16S_022_3	OTU_467_18S_022_3	0.770432752009147
ASV_967_16S_022_3	OTU_463_18S_022_3	0.833151095368154
ASV_1682_16S_022_3	OTU_472_18S_022_3	0.827242229995203
OTU_332_18S_022_3	OTU_472_18S_022_3	0.585067681729541
OTU_156_18S_022_3	OTU_475_18S_022_3	-0.586640059947968
OTU_427_18S_022_3	OTU_475_18S_022_3	0.600733526186571
OTU_19_18S_022_3	OTU_486_18S_022_3	0.774587333202362
ASV_2035_16S_022_3	OTU_490_18S_022_3	0.53444
ASV_1122_16S_022_3	OTU_510_18S_022_3	0.654452979564667
OTU_418_18S_022_3	OTU_511_18S_022_3	0.53293892642723
ASV_879_16S_022_3	OTU_520_18S_022_3	-0.750031967156808
ASV_29_16S_022_3	OTU_526_18S_022_3	0.872503101825714
ASV_1312_16S_022_3	OTU_533_18S_022_3	0.619934141635895
ASV_1315_16S_022_3	OTU_539_18S_022_3	0.796589153863502
OTU_450_18S_022_3	OTU_554_18S_022_3	0.785448957770696
ASV_698_16S_022_3	OTU_555_18S_022_3	0.54147
OTU_92_18S_022_3	OTU_558_18S_022_3	0.797712831518656
ASV_1324_16S_022_3	OTU_559_18S_022_3	0.56443
OTU_475_18S_022_3	OTU_559_18S_022_3	0.531765089161088
ASV_614_16S_022_3	OTU_560_18S_022_3	0.56275886297226
OTU_117_18S_022_3	OTU_575_18S_022_3	0.60355
ASV_1122_16S_022_3	OTU_579_18S_022_3	-0.786452814503677
OTU_325_18S_022_3	OTU_581_18S_022_3	0.826764428133762
ASV_184_16S_022_3	OTU_580_18S_022_3	0.702102720737457
OTU_338_18S_022_3	OTU_593_18S_022_3	0.760079941781528
OTU_498_18S_022_3	OTU_593_18S_022_3	0.810271091962435
ASV_206_16S_022_3	OTU_595_18S_022_3	-0.601838674295878
OTU_101_18S_022_3	OTU_595_18S_022_3	-0.541197779038925
OTU_408_18S_022_3	OTU_597_18S_022_3	-0.664205610752106
ASV_1102_16S_022_3	OTU_600_18S_022_3	0.59395
ASV_1486_16S_022_3	OTU_600_18S_022_3	-0.632790306585054
ASV_1953_16S_022_3	OTU_608_18S_022_3	-0.953805591126282
OTU_323_18S_022_3	OTU_617_18S_022_3	0.76295404668116
ASV_613_16S_022_3	OTU_614_18S_022_3	0.669400632381439
OTU_378_18S_022_3	OTU_634_18S_022_3	0.84714208036418
ASV_225_16S_022_3	OTU_637_18S_022_3	0.812427591865982
ASV_1056_16S_022_3	OTU_638_18S_022_3	-0.568535327911377
ASV_425_16S_022_3	OTU_641_18S_022_3	0.542524576187134
OTU_301_18S_022_3	OTU_659_18S_022_3	0.865947648096671
OTU_271_18S_022_3	OTU_667_18S_022_3	-0.581004321575165
OTU_392_18S_022_3	OTU_667_18S_022_3	-0.556600511074066
OTU_114_18S_022_3	OTU_673_18S_022_3	0.796685445179416
OTU_117_18S_022_3	OTU_673_18S_022_3	-0.67502
ASV_353_16S_022_3	OTU_643_18S_022_3	-0.796881789775983
OTU_133_18S_022_3	OTU_704_18S_022_3	0.618343532085419
OTU_386_18S_022_3	OTU_704_18S_022_3	0.767512483215271
OTU_678_18S_022_3	OTU_717_18S_022_3	0.796345741702611
OTU_644_18S_022_3	OTU_721_18S_022_3	-0.792444314788581
OTU_483_18S_022_3	OTU_724_18S_022_3	0.915537879653744
ASV_225_16S_022_3	OTU_733_18S_022_3	0.67505
OTU_418_18S_022_3	OTU_729_18S_022_3	0.864491940057806
OTU_206_18S_022_3	OTU_785_18S_022_3	-0.796317612417877
OTU_515_18S_022_3	OTU_786_18S_022_3	0.532323672955631
OTU_689_18S_022_3	OTU_796_18S_022_3	0.843216240406036
OTU_105_18S_022_3	OTU_802_18S_022_3	0.74720469966397
ASV_604_16S_022_3	OTU_808_18S_022_3	0.843398351110452
ASV_1006_16S_022_3	OTU_828_18S_022_3	0.536002793015664
OTU_785_18S_022_3	OTU_828_18S_022_3	0.549686551094055
OTU_641_18S_022_3	OTU_518_18S_022_3	0.841359734535217
OTU_758_18S_022_3	OTU_518_18S_022_3	0.921716977762032
OTU_796_18S_022_3	OTU_518_18S_022_3	0.558960754536285
OTU_820_18S_022_3	OTU_518_18S_022_3	0.750385537925227
OTU_482_18S_022_3	OTU_844_18S_022_3	0.857269465923309
OTU_23_18S_022_3	OTU_851_18S_022_3	0.800948525084437
OTU_48_18S_022_3	OTU_854_18S_022_3	0.856229863653371
OTU_686_18S_022_3	OTU_857_18S_022_3	0.751617968663761
OTU_533_18S_022_3	OTU_865_18S_022_3	0.5335693359375
OTU_434_18S_022_3	OTU_872_18S_022_3	0.744813419550214
OTU_560_18S_022_3	OTU_889_18S_022_3	0.770884859684267
OTU_685_18S_022_3	OTU_890_18S_022_3	0.773730815592601
ASV_565_16S_022_3	OTU_914_18S_022_3	0.586305499076843
ASV_2325_16S_022_3	OTU_922_18S_022_3	0.554936349391937
ASV_116_16S_022_3	OTU_934_18S_022_3	-0.590424120426178
OTU_262_18S_022_3	OTU_934_18S_022_3	0.69338
ASV_1230_16S_022_3	OTU_936_18S_022_3	0.809170240035485
OTU_641_18S_022_3	OTU_938_18S_022_3	0.631792902946472
OTU_342_18S_022_3	OTU_941_18S_022_3	-0.541072845458984
OTU_397_18S_022_3	OTU_941_18S_022_3	0.567748035286004
OTU_346_18S_022_3	OTU_942_18S_022_3	-0.638527989387512
OTU_434_18S_022_3	OTU_942_18S_022_3	0.612125217914581
ASV_352_16S_022_3	OTU_946_18S_022_3	-0.762881011841146
ASV_958_16S_022_3	OTU_946_18S_022_3	0.871144345363412
OTU_533_18S_022_3	OTU_946_18S_022_3	0.878675103187561
ASV_1165_16S_022_3	OTU_958_18S_022_3	0.798572844105072
OTU_76_18S_022_3	OTU_958_18S_022_3	-0.584859132766724
ASV_1539_16S_022_3	OTU_963_18S_022_3	0.743764475020062
OTU_256_18S_022_3	OTU_967_18S_022_3	-0.741528413154444
OTU_326_18S_022_3	OTU_968_18S_022_3	0.605440209742486
OTU_534_18S_022_3	OTU_974_18S_022_3	0.898955099274869
OTU_127_18S_022_3	OTU_1005_18S_022_3	-0.789683971864109
OTU_667_18S_022_3	OTU_1016_18S_022_3	0.634921669960022
OTU_913_18S_022_3	OTU_1018_18S_022_3	0.752003303423105
OTU_942_18S_022_3	OTU_1043_18S_022_3	0.8110884276097
ASV_1211_16S_022_3	OTU_1045_18S_022_3	0.596406579017639
OTU_1026_18S_022_3	OTU_1051_18S_022_3	0.77030663381188
ASV_1073_16S_022_3	OTU_1052_18S_022_3	0.780467908398502
OTU_944_18S_022_3	OTU_1052_18S_022_3	0.546587446138877
OTU_512_18S_022_3	OTU_1056_18S_022_3	0.737214534441254
ASV_1074_16S_022_3	OTU_1057_18S_022_3	-0.748991819247224
ASV_87_16S_022_3	OTU_1060_18S_022_3	0.732838490470304
OTU_282_18S_022_3	OTU_1060_18S_022_3	0.75851206901261
ASV_1069_16S_022_3	OTU_1062_18S_022_3	0.969961762428284
OTU_554_18S_022_3	OTU_1078_18S_022_3	0.731905994347365
OTU_942_18S_022_3	OTU_1079_18S_022_3	0.840432465076447
OTU_367_18S_022_3	OTU_1087_18S_022_3	0.741886422006947
OTU_104_18S_022_3	OTU_1101_18S_022_3	-0.547485973724878
OTU_694_18S_022_3	OTU_1117_18S_022_3	0.78138929605484
OTU_638_18S_022_3	OTU_1121_18S_022_3	0.814146161205676
OTU_686_18S_022_3	OTU_1121_18S_022_3	0.589781522750854
OTU_698_18S_022_3	OTU_1154_18S_022_3	0.714620784944744
OTU_1026_18S_022_3	OTU_1154_18S_022_3	0.699259568487133
ASV_1991_16S_022_3	OTU_1161_18S_022_3	0.555123388767242
OTU_234_18S_022_3	OTU_1163_18S_022_3	0.780942130225079
ASV_200_16S_022_3	OTU_1169_18S_022_3	-0.734112192797867
OTU_704_18S_022_3	OTU_1190_18S_022_3	0.791449473495336
OTU_401_18S_022_3	OTU_1191_18S_022_3	0.736334581731676
OTU_132_18S_022_3	OTU_1211_18S_022_3	0.590655028820038
OTU_443_18S_022_3	OTU_1211_18S_022_3	0.623600283171056
ASV_171_16S_022_3	OTU_1217_18S_022_3	-0.591302752494812
OTU_717_18S_022_3	OTU_1217_18S_022_3	0.719812631607056
OTU_921_18S_022_3	OTU_1218_18S_022_3	0.913571059703827
OTU_1009_18S_022_3	OTU_1218_18S_022_3	0.96369469165802
OTU_1163_18S_022_3	OTU_1220_18S_022_3	0.643371522426605
ASV_2171_16S_022_3	OTU_1223_18S_022_3	0.807337185340612
OTU_729_18S_022_3	OTU_1228_18S_022_3	0.541694402694702
OTU_48_18S_022_3	OTU_1234_18S_022_3	-0.721113226045762
OTU_183_18S_022_3	OTU_1248_18S_022_3	0.589890003204346
OTU_942_18S_022_3	OTU_1292_18S_022_3	0.654935314843278
OTU_1113_18S_022_3	OTU_1297_18S_022_3	-0.858895287134925
OTU_96_18S_022_3	OTU_1314_18S_022_3	0.592700055778172
OTU_1067_18S_022_3	OTU_1314_18S_022_3	0.537480997937165
OTU_698_18S_022_3	OTU_1317_18S_022_3	0.822259795212747
OTU_1108_18S_022_3	OTU_1325_18S_022_3	0.556766152381897
OTU_1321_18S_022_3	OTU_1330_18S_022_3	0.639615804903386
ASV_1611_16S_022_3	OTU_1281_18S_022_3	0.580898569220044
ASV_293_16S_022_3	OTU_1366_18S_022_3	0.611442184344498
ASV_727_16S_022_3	OTU_1366_18S_022_3	0.62599778175354
OTU_413_18S_022_3	OTU_1372_18S_022_3	0.606986874845863
OTU_807_18S_022_3	OTU_1372_18S_022_3	0.770575386620354
ASV_698_16S_022_3	OTU_1387_18S_022_3	0.606261730194092
OTU_963_18S_022_3	OTU_1387_18S_022_3	0.552979826927185
OTU_71_18S_022_3	OTU_1392_18S_022_3	0.812919767981103
ASV_120_16S_022_3	OTU_1396_18S_022_3	-0.821193192847909
OTU_580_18S_022_3	OTU_1396_18S_022_3	-0.758311766143183
OTU_994_18S_022_3	OTU_1413_18S_022_3	0.763754036668436
OTU_19_18S_022_3	OTU_1415_18S_022_3	0.547046065330505
OTU_917_18S_022_3	OTU_1415_18S_022_3	0.7255499958992
OTU_190_18S_022_3	OTU_1417_18S_022_3	0.601975321769714
OTU_451_18S_022_3	OTU_1417_18S_022_3	0.80305427312851
OTU_184_18S_022_3	OTU_1420_18S_022_3	0.822744568869302
OTU_575_18S_022_3	OTU_1420_18S_022_3	0.631092309951782
ASV_594_16S_022_3	OTU_1435_18S_022_3	0.660241007804871
OTU_197_18S_022_3	OTU_1435_18S_022_3	-0.626686725759878
OTU_926_18S_022_3	OTU_1440_18S_022_3	0.751920390417595
OTU_100_18S_022_3	OTU_1442_18S_022_3	-0.689399778842926
ASV_1635_16S_022_3	OTU_1447_18S_022_3	0.683995366096497
OTU_1124_18S_022_3	OTU_1447_18S_022_3	0.793204037427061
OTU_1065_18S_022_3	OTU_1450_18S_022_3	0.855495065734093
OTU_1047_18S_022_3	OTU_1459_18S_022_3	0.746761324620859
ASV_631_16S_022_3	OTU_1464_18S_022_3	0.642725050449371
ASV_816_16S_022_3	OTU_1464_18S_022_3	-0.666131973266602
OTU_472_18S_022_3	OTU_1464_18S_022_3	0.635199546813965
ASV_2458_16S_022_3	OTU_1479_18S_022_3	0.7899932468416
OTU_525_18S_022_3	OTU_1479_18S_022_3	-0.74605189268639
ASV_314_16S_022_3	OTU_1480_18S_022_3	0.821075312129904
OTU_810_18S_022_3	OTU_1489_18S_022_3	0.98458729888019
OTU_796_18S_022_3	OTU_1496_18S_022_3	0.647447228431702
OTU_1133_18S_022_3	OTU_1500_18S_022_3	0.83722
OTU_1134_18S_022_3	OTU_1500_18S_022_3	0.709239601553585
OTU_1228_18S_022_3	OTU_1511_18S_022_3	0.752299248269189
OTU_313_18S_022_3	OTU_1513_18S_022_3	0.790683024169753
OTU_199_18S_022_3	OTU_1516_18S_022_3	0.595267951488495
OTU_814_18S_022_3	OTU_1541_18S_022_3	0.806523104462861
OTU_1354_18S_022_3	OTU_1541_18S_022_3	0.6026970744133
OTU_104_18S_022_3	OTU_1544_18S_022_3	-0.811680628710956
OTU_941_18S_022_3	OTU_1545_18S_022_3	0.641419529914856
OTU_1129_18S_022_3	OTU_1545_18S_022_3	0.810456370426053
ASV_1506_16S_022_3	OTU_1551_18S_022_3	0.587060630321503
ASV_1667_16S_022_3	OTU_1551_18S_022_3	0.770339062854351
OTU_1048_18S_022_3	OTU_1554_18S_022_3	0.741826224388116
OTU_227_18S_022_3	OTU_1556_18S_022_3	0.559877991676331
OTU_759_18S_022_3	OTU_1556_18S_022_3	0.565836668014526
ASV_1539_16S_022_3	OTU_1563_18S_022_3	0.776257120578763
OTU_1218_18S_022_3	OTU_1563_18S_022_3	0.59171724319458
ASV_58_16S_022_3	OTU_1565_18S_022_3	0.734066845305076
OTU_970_18S_022_3	OTU_1566_18S_022_3	0.760340629531418
OTU_890_18S_022_3	OTU_1582_18S_022_3	0.860499372168349
OTU_1230_18S_022_3	OTU_1584_18S_022_3	0.540921290031517
OTU_271_18S_022_3	OTU_1585_18S_022_3	0.542684853076935
OTU_796_18S_022_3	OTU_1603_18S_022_3	0.979956686496735
OTU_518_18S_022_3	OTU_1603_18S_022_3	-0.599526524543762
ASV_1086_16S_022_3	OTU_1604_18S_022_3	0.885663555941819
OTU_1479_18S_022_3	OTU_1604_18S_022_3	0.542044554201011
OTU_1174_18S_022_3	OTU_1614_18S_022_3	0.867104469632246
ASV_1069_16S_022_3	OTU_1616_18S_022_3	0.599373757839203
ASV_1896_16S_022_3	OTU_1619_18S_022_3	0.957750647312754
ASV_1943_16S_022_3	OTU_1619_18S_022_3	0.55316549539566
OTU_490_18S_022_3	OTU_1619_18S_022_3	-0.531751100351121
OTU_197_18S_022_3	OTU_1621_18S_022_3	-0.559089779853821
OTU_1496_18S_022_3	OTU_1622_18S_022_3	0.770399630069733
OTU_461_18S_022_3	OTU_1627_18S_022_3	0.583529770374298
OTU_475_18S_022_3	OTU_1627_18S_022_3	0.758115901016535
ASV_27_16S_022_3	OTU_1635_18S_022_3	-0.796807527542114
OTU_1374_18S_022_3	OTU_1639_18S_022_3	-0.712422430515289
OTU_1564_18S_022_3	OTU_1639_18S_022_3	0.638687491416931
ASV_1876_16S_022_3	OTU_1640_18S_022_3	0.707724213600159
OTU_39_18S_022_3	OTU_1640_18S_022_3	-0.765042839336777
OTU_386_18S_022_3	OTU_1643_18S_022_3	0.655968645533965
OTU_1545_18S_022_3	OTU_1648_18S_022_3	0.795777191754052
OTU_137_18S_022_3	OTU_1577_18S_022_3	0.613470187564536
OTU_1013_18S_022_3	OTU_1651_18S_022_3	0.673668742179871
OTU_1012_18S_022_3	OTU_1654_18S_022_3	0.781369053373462
OTU_1133_18S_022_3	OTU_1660_18S_022_3	0.797715783119202
ASV_1671_16S_022_3	OTU_1689_18S_022_3	-0.533480525016785
OTU_1075_18S_022_3	OTU_1698_18S_022_3	0.93509945044055
ASV_405_16S_022_3	OTU_1701_18S_022_3	-0.758427381643181
ASV_946_16S_022_3	OTU_1704_18S_022_3	0.580660506633963
OTU_1092_18S_022_3	OTU_1726_18S_022_3	0.759068452911051
OTU_1435_18S_022_3	OTU_1727_18S_022_3	0.627552032470703
ASV_1032_16S_022_3	OTU_1736_18S_022_3	0.743421736856035
ASV_186_16S_022_3	OTU_1742_18S_022_3	0.654308080673218
OTU_1218_18S_022_3	OTU_1742_18S_022_3	0.934132985031118
ASV_27_16S_022_3	OTU_1745_18S_022_3	-0.762011655460448
OTU_518_18S_022_3	OTU_1709_18S_022_3	0.808794794023348
OTU_1729_18S_022_3	OTU_1709_18S_022_3	0.915074022389738
OTU_366_18S_022_3	OTU_1703_18S_022_3	0.67424476146698
OTU_439_18S_022_3	OTU_1768_18S_022_3	0.646946132183075
OTU_1101_18S_022_3	OTU_1768_18S_022_3	0.607635433187123
OTU_1479_18S_022_3	OTU_1768_18S_022_3	0.571180939674377
OTU_455_18S_022_3	OTU_1770_18S_022_3	0.582494488124796
OTU_969_18S_022_3	OTU_1770_18S_022_3	0.831832084699746
OTU_1160_18S_022_3	OTU_1777_18S_022_3	0.756617052142172
OTU_1777_18S_022_3	OTU_1740_18S_022_3	0.780380439449754
OTU_923_18S_022_3	OTU_1780_18S_022_3	0.675147868910068
OTU_1703_18S_022_3	OTU_1781_18S_022_3	0.651079442573883
OTU_323_18S_022_3	OTU_1792_18S_022_3	0.818130814382578
OTU_494_18S_022_3	OTU_1792_18S_022_3	0.819146927020008
OTU_554_18S_022_3	OTU_1792_18S_022_3	0.545610689400611
OTU_873_18S_022_3	OTU_1803_18S_022_3	0.906910717487335
OTU_1134_18S_022_3	OTU_1805_18S_022_3	0.625416576862335
OTU_1250_18S_022_3	OTU_1805_18S_022_3	0.57207766236015
OTU_944_18S_022_3	OTU_1807_18S_022_3	0.828224285922867
OTU_1248_18S_022_3	OTU_1824_18S_022_3	0.605914890766144
OTU_1770_18S_022_3	OTU_1824_18S_022_3	0.580797570319457
OTU_599_18S_022_3	OTU_1823_18S_022_3	0.773544099331242
OTU_183_18S_022_3	OTU_1830_18S_022_3	0.585888054486031
OTU_451_18S_022_3	OTU_1841_18S_022_3	0.533251130332489
OTU_451_18S_022_3	OTU_1843_18S_022_3	0.560419082641602
OTU_679_18S_022_3	OTU_1843_18S_022_3	0.630985900131828
ASV_1195_16S_022_3	OTU_1848_18S_022_3	0.840143670811308
OTU_1079_18S_022_3	OTU_1859_18S_022_3	0.821059556002137
OTU_19_18S_022_3	OTU_1869_18S_022_3	0.561092249797095
OTU_1051_18S_022_3	OTU_1869_18S_022_3	0.683802626353106
OTU_1108_18S_022_3	OTU_1874_18S_022_3	0.81381417049215
ASV_2055_16S_022_3	OTU_1910_18S_022_3	0.834162119906181
OTU_1259_18S_022_3	OTU_1910_18S_022_3	0.807117805424977
OTU_101_18S_022_3	OTU_1911_18S_022_3	0.538017013296073
OTU_1067_18S_022_3	OTU_1914_18S_022_3	0.572473883628845
OTU_1479_18S_022_3	OTU_1922_18S_022_3	0.753513718823005
OTU_511_18S_022_3	OTU_1925_18S_022_3	0.54477753155429
OTU_1781_18S_022_3	OTU_1925_18S_022_3	0.531923756413492
ASV_293_16S_022_3	OTU_1931_18S_022_3	-0.641909837722778
ASV_727_16S_022_3	OTU_1931_18S_022_3	-0.749397087475668
OTU_1191_18S_022_3	OTU_1933_18S_022_3	0.826740308535474
OTU_1067_18S_022_3	OTU_1942_18S_022_3	0.700366231003696
OTU_1833_18S_022_3	OTU_1942_18S_022_3	0.760769671297039
ASV_2183_16S_022_3	OTU_1956_18S_022_3	0.785078373331491
ASV_1073_16S_022_3	OTU_1965_18S_022_3	0.769519090652466
ASV_2247_16S_022_3	OTU_1976_18S_022_3	0.748770567422984
OTU_475_18S_022_3	OTU_1982_18S_022_3	0.752436193262696
OTU_70_18S_022_3	OTU_2008_18S_022_3	0.637910783290863
OTU_624_18S_022_3	OTU_2008_18S_022_3	0.860427689447463
OTU_820_18S_022_3	OTU_2008_18S_022_3	0.584035003781462
OTU_872_18S_022_3	OTU_2011_18S_022_3	0.805763869772412
OTU_644_18S_022_3	OTU_2028_18S_022_3	0.757792141804738
OTU_665_18S_022_3	OTU_2045_18S_022_3	0.755456864833832
OTU_969_18S_022_3	OTU_2045_18S_022_3	0.576077178207413
OTU_526_18S_022_3	OTU_2046_18S_022_3	0.675454331155162
OTU_807_18S_022_3	OTU_2046_18S_022_3	0.663493692874908
OTU_1108_18S_022_3	OTU_2052_18S_022_3	0.8078035806268
OTU_264_18S_022_3	OTU_2051_18S_022_3	-0.678717311085902
OTU_970_18S_022_3	OTU_2051_18S_022_3	0.739466667175293
OTU_1026_18S_022_3	OTU_2067_18S_022_3	0.683328092098236
OTU_1729_18S_022_3	OTU_2067_18S_022_3	0.743096859511494
OTU_1498_18S_022_3	OTU_2071_18S_022_3	0.784797668457031
OTU_364_18S_022_3	OTU_2076_18S_022_3	0.778115209715308
OTU_733_18S_022_3	OTU_2076_18S_022_3	0.654690444469452
ASV_94_16S_022_3	OTU_2079_18S_022_3	0.641041934490204
OTU_828_18S_022_3	OTU_2079_18S_022_3	0.552043557167053
OTU_844_18S_022_3	OTU_2079_18S_022_3	0.79734
OTU_728_18S_022_3	OTU_2080_18S_022_3	0.785632765288719
OTU_321_18S_022_3	OTU_2081_18S_022_3	0.894087716407215
OTU_342_18S_022_3	OTU_2089_18S_022_3	-0.834322372389036
OTU_1581_18S_022_3	OTU_2099_18S_022_3	0.745958268642426
OTU_873_18S_022_3	OTU_2114_18S_022_3	0.575751185417175
OTU_1781_18S_022_3	OTU_2114_18S_022_3	0.533723890781403
OTU_1498_18S_022_3	OTU_2130_18S_022_3	0.76158203898142
ASV_791_16S_022_3	OTU_2138_18S_022_3	0.866509498566114
ASV_1943_16S_022_3	OTU_2138_18S_022_3	0.764167518199905
OTU_1161_18S_022_3	OTU_2138_18S_022_3	0.932408154010773
OTU_1841_18S_022_3	OTU_2139_18S_022_3	0.717060116608026
OTU_301_18S_022_3	OTU_2141_18S_022_3	0.598832164301651
OTU_777_18S_022_3	OTU_2141_18S_022_3	0.770767306948262
OTU_819_18S_022_3	OTU_2141_18S_022_3	0.61154162608476
OTU_872_18S_022_3	OTU_2142_18S_022_3	0.571088277099173
OTU_1057_18S_022_3	OTU_2142_18S_022_3	0.795165125609229
OTU_1459_18S_022_3	OTU_2142_18S_022_3	0.900979285770473
OTU_1841_18S_022_3	OTU_2142_18S_022_3	0.570687603392058
OTU_418_18S_022_3	OTU_2145_18S_022_3	0.900876998901367
OTU_1704_18S_022_3	OTU_2145_18S_022_3	0.615311443805695
OTU_321_18S_022_3	OTU_2151_18S_022_3	0.79546751688329
OTU_944_18S_022_3	OTU_2151_18S_022_3	0.71153736114502
OTU_679_18S_022_3	OTU_2150_18S_022_3	0.598482131958008
OTU_1491_18S_022_3	OTU_2152_18S_022_3	0.540232360363007
OTU_459_18S_022_3	OTU_2168_18S_022_3	0.735473113665844
OTU_1301_18S_022_3	OTU_2172_18S_022_3	0.567720651626587
OTU_1383_18S_022_3	OTU_2172_18S_022_3	0.74994567931969
OTU_1413_18S_022_3	OTU_2172_18S_022_3	0.594015238906976
OTU_421_18S_022_3	OTU_2177_18S_022_3	0.853062044503496
OTU_917_18S_022_3	OTU_2185_18S_022_3	0.562547336786074
OTU_1727_18S_022_3	OTU_2184_18S_022_3	0.55094838142395
OTU_452_18S_022_3	OTU_2194_18S_022_3	0.561769485473633
OTU_874_18S_022_3	OTU_2198_18S_022_3	0.793378689777634
OTU_923_18S_022_3	OTU_2198_18S_022_3	0.704759519332555
OTU_1400_18S_022_3	OTU_2198_18S_022_3	0.587955282359801
ASV_94_16S_022_3	OTU_2200_18S_022_3	0.58694
OTU_854_18S_022_3	OTU_2200_18S_022_3	0.856169258932596
ASV_594_16S_022_3	OTU_2204_18S_022_3	0.5837042927742
OTU_1112_18S_022_3	OTU_2206_18S_022_3	0.547636432665923
OTU_1640_18S_022_3	OTU_2209_18S_022_3	0.619533658027649
OTU_1489_18S_022_3	OTU_2223_18S_022_3	0.537864769517651
ASV_787_16S_022_3	OTU_2245_18S_022_3	0.765992586165272
OTU_1830_18S_022_3	OTU_2245_18S_022_3	0.56922330619382
OTU_2185_18S_022_3	OTU_2245_18S_022_3	0.557968974113464
ASV_2139_16S_022_3	OTU_2250_18S_022_3	0.891290547606738
OTU_1491_18S_022_3	OTU_2254_18S_022_3	0.617210715140335
ASV_111_16S_022_3	OTU_2256_18S_022_3	-0.746156236263447
OTU_1154_18S_022_3	OTU_2261_18S_022_3	0.763232111930847
OTU_694_18S_022_3	OTU_2263_18S_022_3	0.673619019088089
OTU_1729_18S_022_3	OTU_2263_18S_022_3	0.847153723239899
OTU_1792_18S_022_3	OTU_2266_18S_022_3	0.769301870721778
OTU_2052_18S_022_3	OTU_2266_18S_022_3	0.65777987241745
OTU_1067_18S_022_3	OTU_2268_18S_022_3	0.573671201895746
OTU_1396_18S_022_3	OTU_2268_18S_022_3	0.679067661657111
OTU_827_18S_022_3	OTU_2298_18S_022_3	0.553364634513855
OTU_2153_18S_022_3	OTU_2298_18S_022_3	0.89260663681096
OTU_571_18S_022_3	OTU_2300_18S_022_3	0.661000566633414
OTU_2166_18S_022_3	OTU_2300_18S_022_3	0.690805375576019
OTU_834_18S_022_3	OTU_2312_18S_022_3	0.753809046848192
ASV_936_16S_022_3	OTU_2306_18S_022_3	0.769195978685174
OTU_2008_18S_022_3	OTU_2328_18S_022_3	0.665934145450592
OTU_1895_18S_022_3	OTU_2341_18S_022_3	0.930357327275496
OTU_2152_18S_022_3	OTU_2350_18S_022_3	-0.659444054245996
OTU_874_18S_022_3	OTU_2401_18S_022_3	0.7327181332426
OTU_1250_18S_022_3	OTU_2405_18S_022_3	0.631835103034973
OTU_1875_18S_022_3	OTU_2405_18S_022_3	0.578374087810516
OTU_326_18S_022_3	OTU_2410_18S_022_3	0.79696
ASV_1238_16S_022_3	OTU_2412_18S_022_3	0.659122109413147
OTU_591_18S_022_3	OTU_2417_18S_022_3	0.533662855625153
OTU_706_18S_022_3	OTU_2432_18S_022_3	0.763538547935625
OTU_1498_18S_022_3	OTU_2448_18S_022_3	0.563606560230255
OTU_1564_18S_022_3	OTU_2448_18S_022_3	0.732416212558746
OTU_1639_18S_022_3	OTU_2448_18S_022_3	0.954951345920563
OTU_1701_18S_022_3	OTU_2452_18S_022_3	0.739140989521225
OTU_1342_18S_022_3	OTU_2465_18S_022_3	0.579737961292267
OTU_400_18S_022_3	OTU_2477_18S_022_3	-0.775439109953328
OTU_890_18S_022_3	OTU_2477_18S_022_3	0.586826342748231
OTU_1092_18S_022_3	OTU_2477_18S_022_3	0.60089
OTU_672_18S_022_3	OTU_2479_18S_022_3	0.614133715629578
OTU_1803_18S_022_3	OTU_2479_18S_022_3	0.54168
OTU_332_18S_022_3	OTU_2514_18S_022_3	0.546543121337891
OTU_554_18S_022_3	OTU_2514_18S_022_3	0.731977939605713
OTU_1579_18S_022_3	OTU_2518_18S_022_3	0.749921682327971
OTU_295_18S_022_3	OTU_2521_18S_022_3	0.882620042980249
OTU_2092_18S_022_3	OTU_2527_18S_022_3	0.571039333312247
OTU_1780_18S_022_3	OTU_2526_18S_022_3	0.61695
OTU_1735_18S_022_3	OTU_2525_18S_022_3	0.581614851951599
ASV_2132_16S_022_3	OTU_2537_18S_022_3	0.557756841182709
OTU_1082_18S_022_3	OTU_2556_18S_022_3	0.537834063300273
OTU_2223_18S_022_3	OTU_2556_18S_022_3	0.544351577758789
OTU_1875_18S_022_3	OTU_2570_18S_022_3	0.612266166865858
ASV_613_16S_022_3	OTU_2611_18S_022_3	0.860851474891832
OTU_258_18S_022_3	OTU_2611_18S_022_3	0.595781326293945
OTU_1013_18S_022_3	OTU_2611_18S_022_3	0.530945003032684
OTU_1349_18S_022_3	OTU_2611_18S_022_3	0.818709028196253
OTU_201_18S_022_3	OTU_2612_18S_022_3	0.570444524288177
OTU_312_18S_022_3	OTU_2616_18S_022_3	-0.760361596240084
OTU_2417_18S_022_3	OTU_2616_18S_022_3	0.818321156560857
OTU_942_18S_022_3	OTU_2640_18S_022_3	-0.81859177795485
ASV_731_16S_022_3	OTU_2648_18S_022_3	-0.782924279313929
ASV_2553_16S_022_3	OTU_2660_18S_022_3	0.87991545205815
ASV_626_16S_022_3	OTU_2669_18S_022_3	-0.59154
ASV_1162_16S_022_3	OTU_2679_18S_022_3	0.749652504084937
OTU_719_18S_022_3	OTU_2679_18S_022_3	0.75161981193033
OTU_2152_18S_022_3	OTU_2656_18S_022_3	0.61257
OTU_444_18S_022_3	OTU_2684_18S_022_3	0.535470774743187
OTU_1017_18S_022_3	OTU_2684_18S_022_3	0.901175200939178
OTU_1022_18S_022_3	OTU_2688_18S_022_3	0.744038985577928
OTU_1191_18S_022_3	OTU_2688_18S_022_3	0.576467454433441
OTU_1869_18S_022_3	OTU_2690_18S_022_3	0.580737519901744
OTU_2467_18S_022_3	OTU_2690_18S_022_3	0.677193880081177
ASV_948_16S_022_3	OTU_2692_18S_022_3	0.813115899730265
OTU_1812_18S_022_3	OTU_2691_18S_022_3	0.811372386895525
OTU_443_18S_022_3	OTU_2698_18S_022_3	0.68926
OTU_2412_18S_022_3	OTU_2716_18S_022_3	0.942850239845496
OTU_1057_18S_022_3	OTU_2715_18S_022_3	0.642018854618073
OTU_1850_18S_022_3	OTU_2715_18S_022_3	0.567493855953217
OTU_2154_18S_022_3	OTU_2715_18S_022_3	0.576429128646851
OTU_1516_18S_022_3	OTU_2719_18S_022_3	0.72152
OTU_1703_18S_022_3	OTU_2719_18S_022_3	0.545629283025085
OTU_2184_18S_022_3	OTU_2719_18S_022_3	0.874620497226715
OTU_1491_18S_022_3	OTU_2724_18S_022_3	0.661636483578406
OTU_2152_18S_022_3	OTU_2724_18S_022_3	0.680575610398089
OTU_2611_18S_022_3	OTU_2742_18S_022_3	0.727065014501528
OTU_93_18S_022_3	OTU_2747_18S_022_3	-0.743801326961657
OTU_905_18S_022_3	OTU_2747_18S_022_3	0.754823323532785
OTU_526_18S_022_3	OTU_2770_18S_022_3	0.815595030784607
OTU_938_18S_022_3	OTU_2770_18S_022_3	0.579661190509796
OTU_1018_18S_022_3	OTU_2770_18S_022_3	0.706413447856903
OTU_1764_18S_022_3	OTU_2770_18S_022_3	0.67357212305069
OTU_1117_18S_022_3	OTU_2771_18S_022_3	0.547868430614471
OTU_1372_18S_022_3	OTU_2771_18S_022_3	0.9600104608685
OTU_1729_18S_022_3	OTU_2771_18S_022_3	-0.68222
OTU_1709_18S_022_3	OTU_2771_18S_022_3	0.60329
OTU_1700_18S_022_3	OTU_2787_18S_022_3	0.654569327831268
OTU_239_18S_022_3	OTU_2791_18S_022_3	0.817524555358514
OTU_2623_18S_022_3	OTU_2811_18S_022_3	0.757168742885651
OTU_1075_18S_022_3	OTU_2842_18S_022_3	-0.692643320006055
OTU_1564_18S_022_3	OTU_2842_18S_022_3	0.714446866219714
OTU_1698_18S_022_3	OTU_2842_18S_022_3	0.633841753005981
OTU_2071_18S_022_3	OTU_2842_18S_022_3	0.601424157546126
OTU_1017_18S_022_3	OTU_2853_18S_022_3	0.56805523871446
OTU_1128_18S_022_3	OTU_2853_18S_022_3	-0.716228121665858
OTU_1895_18S_022_3	OTU_2853_18S_022_3	0.864241659641266
OTU_2656_18S_022_3	OTU_2853_18S_022_3	0.879210405812138
OTU_1051_18S_022_3	OTU_2859_18S_022_3	0.560184210430299
OTU_2139_18S_022_3	OTU_2859_18S_022_3	0.938389778137207
OTU_2166_18S_022_3	OTU_2859_18S_022_3	0.821732461452484
OTU_2001_18S_022_3	OTU_2866_18S_022_3	0.903655529022217
OTU_2599_18S_022_3	OTU_2866_18S_022_3	0.967439874921658
ASV_313_16S_022_3	OTU_2880_18S_022_3	-0.796610881883467
OTU_946_18S_022_3	OTU_2880_18S_022_3	0.737770020961761
OTU_725_18S_022_3	OTU_2882_18S_022_3	0.845031989722337
OTU_1456_18S_022_3	OTU_2882_18S_022_3	0.765648751381553
OTU_1541_18S_022_3	OTU_2882_18S_022_3	0.532551190046128
ASV_547_16S_022_3	OTU_2718_18S_022_3	0.796213363398523
ASV_1527_16S_022_3	OTU_2718_18S_022_3	0.734053043828162
ASV_557_16S_022_3	OTU_2897_18S_022_3	0.743082859760525
OTU_1498_18S_022_3	OTU_2918_18S_022_3	0.926828707676801
OTU_2448_18S_022_3	OTU_2918_18S_022_3	-0.625121116638184
OTU_2268_18S_022_3	OTU_2943_18S_022_3	0.814123193205898
OTU_2405_18S_022_3	OTU_2973_18S_022_3	0.702846196543479
OTU_2570_18S_022_3	OTU_2973_18S_022_3	-0.55768483877182
OTU_2787_18S_022_3	OTU_2975_18S_022_3	0.90143148635477
OTU_1004_18S_022_3	OTU_2992_18S_022_3	0.603101134300232
OTU_1681_18S_022_3	OTU_2992_18S_022_3	0.791913154844725
OTU_486_18S_022_3	OTU_2995_18S_022_3	-0.572772085666656
OTU_1374_18S_022_3	OTU_2995_18S_022_3	0.606147289276123
OTU_2529_18S_022_3	OTU_3038_18S_022_3	0.545708775520325
OTU_191_18S_022_3	OTU_3041_18S_022_3	-0.840868217695711
OTU_1354_18S_022_3	OTU_3042_18S_022_3	0.677657604217529
OTU_2189_18S_022_3	OTU_3042_18S_022_3	0.860160971000446
OTU_1895_18S_022_3	OTU_3043_18S_022_3	-0.782602412866974
OTU_2341_18S_022_3	OTU_3043_18S_022_3	0.564454257488251
ASV_326_16S_022_3	OTU_3069_18S_022_3	-0.742215921977126
ASV_1086_16S_022_3	OTU_3069_18S_022_3	0.611766189743258
OTU_2962_18S_022_3	OTU_3070_18S_022_3	0.762692928314209
OTU_1134_18S_022_3	OTU_3074_18S_022_3	-0.785429489903053
OTU_1372_18S_022_3	OTU_3074_18S_022_3	0.6392
OTU_1500_18S_022_3	OTU_3074_18S_022_3	0.934046084427105
OTU_2152_18S_022_3	OTU_3074_18S_022_3	0.592358204253579
OTU_968_18S_022_3	OTU_3081_18S_022_3	0.892224278705091
OTU_1297_18S_022_3	OTU_3081_18S_022_3	0.579658329486847
OTU_2473_18S_022_3	OTU_3095_18S_022_3	0.963079333305359
OTU_729_18S_022_3	OTU_3111_18S_022_3	0.715077633773305
OTU_1128_18S_022_3	OTU_3111_18S_022_3	0.656366856256269
OTU_1584_18S_022_3	OTU_3111_18S_022_3	-0.641485879547667
OTU_2350_18S_022_3	OTU_3111_18S_022_3	0.66508823633194
OTU_3043_18S_022_3	OTU_3111_18S_022_3	0.957897796762974
ASV_1336_16S_022_3	OTU_3121_18S_022_3	0.631650144855255
OTU_2145_18S_022_3	OTU_3121_18S_022_3	0.558537744963335
OTU_2361_18S_022_3	OTU_3129_18S_022_3	0.991222319615598
OTU_2223_18S_022_3	OTU_3137_18S_022_3	0.682467455356138
OTU_1621_18S_022_3	OTU_3136_18S_022_3	0.735848934103426
OTU_2853_18S_022_3	OTU_3141_18S_022_3	0.601677775382996
OTU_1117_18S_022_3	OTU_3145_18S_022_3	0.950270414352417
OTU_2263_18S_022_3	OTU_3145_18S_022_3	0.571040034294128
OTU_2973_18S_022_3	OTU_3145_18S_022_3	0.630234942595364
OTU_545_18S_022_3	OTU_3152_18S_022_3	0.691099166870117
OTU_222_18S_022_3	OTU_3201_18S_022_3	0.57513040304184
ASV_1312_16S_022_3	OTU_3220_18S_022_3	0.738270455853141
OTU_1112_18S_022_3	OTU_3228_18S_022_3	0.669075936839747
OTU_522_18S_022_3	OTU_3243_18S_022_3	0.753939711214378
OTU_1859_18S_022_3	OTU_3243_18S_022_3	0.613868713378906
OTU_3216_18S_022_3	OTU_3243_18S_022_3	0.889585890193709
OTU_999_18S_022_3	OTU_3253_18S_022_3	0.803803403004783
OTU_2001_18S_022_3	OTU_3253_18S_022_3	0.544850587844849
OTU_902_18S_022_3	OTU_3297_18S_022_3	0.758265495300293
ASV_914_16S_022_3	OTU_3361_18S_022_3	0.600401997566223
ASV_731_16S_022_3	OTU_3367_18S_022_3	-0.738506035336575
OTU_1496_18S_022_3	OTU_3368_18S_022_3	0.531654417514801
OTU_2206_18S_022_3	OTU_3368_18S_022_3	0.655089648351247
OTU_2605_18S_022_3	OTU_3368_18S_022_3	0.542477547775345
OTU_2866_18S_022_3	OTU_3373_18S_022_3	0.732288479804993
ASV_404_16S_022_3	OTU_3418_18S_022_3	-0.782509739636231
OTU_447_18S_022_3	OTU_3442_18S_022_3	-0.786292214096449
OTU_966_18S_022_3	OTU_3450_18S_022_3	0.751240335216894
ASV_882_16S_022_3	OTU_3461_18S_022_3	0.83473325368133
OTU_970_18S_022_3	OTU_3461_18S_022_3	0.793968667713232
OTU_1632_18S_022_3	OTU_3475_18S_022_3	0.739930388051877
OTU_1056_18S_022_3	OTU_3497_18S_022_3	0.58752
OTU_1496_18S_022_3	OTU_3509_18S_022_3	0.862661838531494
ASV_726_16S_022_3	OTU_3517_18S_022_3	0.63481217622757
OTU_631_18S_022_3	OTU_3517_18S_022_3	-0.695912897586823
OTU_688_18S_022_3	OTU_3517_18S_022_3	0.584277987480164
OTU_1354_18S_022_3	OTU_3517_18S_022_3	0.814970910549164
OTU_262_18S_022_3	OTU_3528_18S_022_3	-0.742885110462578
OTU_2300_18S_022_3	OTU_3539_18S_022_3	0.663332760334015
OTU_872_18S_022_3	OTU_3553_18S_022_3	0.614799646182046
OTU_1660_18S_022_3	OTU_3553_18S_022_3	0.811850597346394
OTU_1735_18S_022_3	OTU_3553_18S_022_3	0.678614132266917
OTU_1933_18S_022_3	OTU_3553_18S_022_3	0.813709437847137
OTU_796_18S_022_3	OTU_3558_18S_022_3	0.609479261435511
OTU_820_18S_022_3	OTU_3558_18S_022_3	0.864197985995789
OTU_1108_18S_022_3	OTU_3569_18S_022_3	0.564866662025452
OTU_1295_18S_022_3	OTU_3569_18S_022_3	0.665669798851013
OTU_2092_18S_022_3	OTU_3569_18S_022_3	0.821812423213372
ASV_772_16S_022_3	OTU_3599_18S_022_3	-0.801856109224781
OTU_1017_18S_022_3	OTU_3599_18S_022_3	0.545762121677399
ASV_1053_16S_022_3	OTU_3627_18S_022_3	0.70042
ASV_1086_16S_022_3	OTU_3627_18S_022_3	0.796322822570801
OTU_1007_18S_022_3	OTU_3626_18S_022_3	0.879714012145996
OTU_3152_18S_022_3	OTU_3628_18S_022_3	0.789175695381023
OTU_326_18S_022_3	OTU_3643_18S_022_3	0.543163565450717
OTU_1500_18S_022_3	OTU_3643_18S_022_3	0.88635124422883
OTU_2570_18S_022_3	OTU_3643_18S_022_3	0.853388845920563
OTU_1134_18S_022_3	OTU_3642_18S_022_3	0.567694306373596
OTU_1622_18S_022_3	OTU_3642_18S_022_3	0.596738815307617
OTU_1875_18S_022_3	OTU_3642_18S_022_3	0.93578839302063
OTU_3157_18S_022_3	OTU_3651_18S_022_3	0.988724297430567
ASV_874_16S_022_3	OTU_3659_18S_022_3	0.931899713118988
OTU_1544_18S_022_3	OTU_3659_18S_022_3	0.724357068538666
ASV_1162_16S_022_3	OTU_3666_18S_022_3	0.746443765872557
OTU_946_18S_022_3	OTU_3694_18S_022_3	0.69476
OTU_1037_18S_022_3	OTU_3694_18S_022_3	0.808589495445249
OTU_2298_18S_022_3	OTU_3694_18S_022_3	0.951804757118225
OTU_1374_18S_022_3	OTU_3696_18S_022_3	0.85411924123764
OTU_1498_18S_022_3	OTU_3696_18S_022_3	0.762623369693756
OTU_1639_18S_022_3	OTU_3696_18S_022_3	0.808082230478939
OTU_2071_18S_022_3	OTU_3696_18S_022_3	0.663497865200043
OTU_455_18S_022_3	OTU_3720_18S_022_3	0.655161023139954
OTU_2698_18S_022_3	OTU_3728_18S_022_3	0.950007934261549
OTU_2092_18S_022_3	OTU_3729_18S_022_3	0.545157432556152
OTU_1400_18S_022_3	OTU_3740_18S_022_3	0.841924667358398
OTU_2526_18S_022_3	OTU_3740_18S_022_3	0.847359120845795
OTU_60_18S_022_3	OTU_3746_18S_022_3	0.78103426129344
OTU_2467_18S_022_3	OTU_3746_18S_022_3	0.581491887569427
OTU_451_18S_022_3	OTU_3745_18S_022_3	0.598286509513855
OTU_1843_18S_022_3	OTU_3745_18S_022_3	0.553816995132807
OTU_2052_18S_022_3	OTU_3745_18S_022_3	0.572788178920746
OTU_2320_18S_022_3	OTU_3745_18S_022_3	0.818138852593478
OTU_933_18S_022_3	OTU_3751_18S_022_3	0.959930735434332
OTU_1651_18S_022_3	OTU_3751_18S_022_3	0.680512607097626
ASV_1230_16S_022_3	OTU_3758_18S_022_3	0.929824965975682
ASV_1008_16S_022_3	OTU_3772_18S_022_3	-0.588003039360046
OTU_309_18S_022_3	OTU_3772_18S_022_3	-0.762582623829371
OTU_1301_18S_022_3	OTU_3749_18S_022_3	0.661058845219289
OTU_2067_18S_022_3	OTU_3749_18S_022_3	0.70531964302063
OTU_2412_18S_022_3	OTU_3783_18S_022_3	-0.573383271694183
OTU_1742_18S_022_3	OTU_3797_18S_022_3	-0.737877568981613
OTU_1065_18S_022_3	OTU_3803_18S_022_3	0.732846677303314
ASV_438_16S_022_3	OTU_3816_18S_022_3	-0.587460279464722
OTU_1037_18S_022_3	OTU_3816_18S_022_3	0.769812381840942
ASV_403_16S_022_3	OTU_3817_18S_022_3	-0.836861653914403
OTU_1157_18S_022_3	OTU_3821_18S_022_3	0.538823008537292
OTU_2130_18S_022_3	OTU_3821_18S_022_3	0.58908757205705
OTU_2690_18S_022_3	OTU_3821_18S_022_3	0.674780858552894
OTU_2975_18S_022_3	OTU_3826_18S_022_3	0.58362796994237
OTU_3144_18S_022_3	OTU_3826_18S_022_3	0.717088563169352
ASV_595_16S_022_3	OTU_3864_18S_022_3	0.776835262775421
OTU_1796_18S_022_3	OTU_3864_18S_022_3	0.54712963104248
ASV_2019_16S_022_3	OTU_3867_18S_022_3	-0.740096620695367
OTU_163_18S_022_3	OTU_3867_18S_022_3	-0.834896253356508
OTU_2390_18S_022_3	OTU_3867_18S_022_3	-0.799836474352039
ASV_1170_16S_022_3	OTU_3874_18S_022_3	-0.754859501977478
OTU_2525_18S_022_3	OTU_3874_18S_022_3	0.565393328666687
OTU_444_18S_022_3	OTU_3892_18S_022_3	0.854177731925043
OTU_1413_18S_022_3	OTU_3890_18S_022_3	0.734964370727539
OTU_2177_18S_022_3	OTU_3890_18S_022_3	0.561905026435852
OTU_2250_18S_022_3	OTU_3890_18S_022_3	0.744302095615245
OTU_2046_18S_022_3	OTU_3898_18S_022_3	0.846654589230633
OTU_2719_18S_022_3	OTU_3898_18S_022_3	0.594195695324993
OTU_2842_18S_022_3	OTU_3927_18S_022_3	-0.535746208743067
OTU_3510_18S_022_3	OTU_3927_18S_022_3	0.875976942753543
OTU_2015_18S_022_3	OTU_3969_18S_022_3	0.61492908000946
OTU_1796_18S_022_3	OTU_3985_18S_022_3	0.608201823136807
OTU_1874_18S_022_3	OTU_3985_18S_022_3	0.648039400577545
OTU_2479_18S_022_3	OTU_3985_18S_022_3	0.862472951412201
OTU_1009_18S_022_3	OTU_3983_18S_022_3	0.613543927669525
OTU_3095_18S_022_3	OTU_3983_18S_022_3	0.639852702617645
OTU_3141_18S_022_3	OTU_3983_18S_022_3	0.603287398815155
OTU_355_18S_022_3	OTU_3991_18S_022_3	0.763588148940846
ASV_341_16S_022_3	OTU_3997_18S_022_3	-0.868165584859286
ASV_2055_16S_022_3	OTU_4015_18S_022_3	0.670519053936005
OTU_2353_18S_022_3	OTU_4048_18S_022_3	0.738244772115515
OTU_3898_18S_022_3	OTU_4048_18S_022_3	0.555407066660062
ASV_1095_16S_022_3	OTU_4047_18S_022_3	0.754316185800445
OTU_709_18S_022_3	OTU_4047_18S_022_3	0.799401144627653
OTU_1190_18S_022_3	OTU_4047_18S_022_3	-0.572107791900635
ASV_1659_16S_022_3	OTU_4079_18S_022_3	0.58505916595459
OTU_328_18S_022_3	OTU_4097_18S_022_3	0.74560184570602
OTU_1342_18S_022_3	OTU_4101_18S_022_3	0.722862066523763
OTU_2223_18S_022_3	OTU_4101_18S_022_3	0.578833153061639
ASV_103_16S_022_3	OTU_4111_18S_022_3	-0.647245943546295
OTU_2083_18S_022_3	OTU_4111_18S_022_3	0.609682202339172
OTU_2067_18S_022_3	OTU_4151_18S_022_3	0.770285221742767
OTU_2995_18S_022_3	OTU_4151_18S_022_3	0.953183591365814
OTU_32_18S_022_3	OTU_4166_18S_022_3	-0.595427691936493
OTU_1744_18S_022_3	OTU_4166_18S_022_3	0.756963951657514
OTU_1830_18S_022_3	OTU_4186_18S_022_3	0.64487
OTU_1850_18S_022_3	OTU_4186_18S_022_3	0.770015776157379
OTU_4157_18S_022_3	OTU_4186_18S_022_3	0.791918846787709
OTU_276_18S_022_3	OTU_4194_18S_022_3	0.83358281750179
OTU_1986_18S_022_3	OTU_4227_18S_022_3	0.792109921915589
ASV_433_16S_022_3	OTU_4246_18S_022_3	-0.772973194571078
OTU_1923_18S_022_3	OTU_4258_18S_022_3	0.788934122828797
OTU_2154_18S_022_3	OTU_4254_18S_022_3	0.582971096038818
ASV_29_16S_022_3	OTU_4257_18S_022_3	0.683400094509125
OTU_3157_18S_022_3	OTU_4257_18S_022_3	-0.692311227321625
OTU_1581_18S_022_3	OTU_4266_18S_022_3	0.57320655743597
OTU_3069_18S_022_3	OTU_4266_18S_022_3	0.612946562514736
ASV_96_16S_022_3	OTU_4274_18S_022_3	-0.833598882672816
OTU_144_18S_022_3	OTU_4274_18S_022_3	0.752896070480347
OTU_2648_18S_022_3	OTU_4296_18S_022_3	0.662164211273193
OTU_2679_18S_022_3	OTU_4296_18S_022_3	0.698186288392371
OTU_2734_18S_022_3	OTU_4296_18S_022_3	0.752622089685621
OTU_340_18S_022_3	OTU_4307_18S_022_3	0.770499497255154
ASV_681_16S_022_3	OTU_4318_18S_022_3	0.738117285858385
OTU_1251_18S_022_3	OTU_4325_18S_022_3	0.707994949569988
OTU_2716_18S_022_3	OTU_4325_18S_022_3	0.890730108671801
OTU_3783_18S_022_3	OTU_4325_18S_022_3	0.69808679819107
OTU_2473_18S_022_3	OTU_4383_18S_022_3	-0.955529868602753
OTU_3095_18S_022_3	OTU_4383_18S_022_3	0.923359594933756
OTU_2029_18S_022_3	OTU_4430_18S_022_3	0.827886125462146
OTU_672_18S_022_3	OTU_4442_18S_022_3	-0.537027219187257
OTU_1330_18S_022_3	OTU_4442_18S_022_3	0.579202592372894
OTU_1803_18S_022_3	OTU_4459_18S_022_3	0.73299811089284
OTU_3341_18S_022_3	OTU_4459_18S_022_3	0.982578350373561
OTU_354_18S_022_3	OTU_4501_18S_022_3	0.912780642619826
OTU_1678_18S_022_3	OTU_4501_18S_022_3	0.730271458625793
OTU_156_18S_022_3	OTU_4542_18S_022_3	-0.553517997264862
OTU_2328_18S_022_3	OTU_4542_18S_022_3	0.718706488609314
OTU_2690_18S_022_3	OTU_4556_18S_022_3	0.677919919528821
OTU_2852_18S_022_3	OTU_4556_18S_022_3	0.77213463446345
OTU_1564_18S_022_3	OTU_4597_18S_022_3	0.68737655878067
OTU_3539_18S_022_3	OTU_4597_18S_022_3	0.552720725536346
OTU_4151_18S_022_3	OTU_4597_18S_022_3	0.988417817396919
OTU_4101_18S_022_3	OTU_4596_18S_022_3	0.599183269999271
OTU_4556_18S_022_3	OTU_4596_18S_022_3	0.546989977359772
OTU_3296_18S_022_3	OTU_4686_18S_022_3	0.75811439071333
OTU_3817_18S_022_3	OTU_4686_18S_022_3	0.741428315639496
ASV_279_16S_022_3	OTU_4695_18S_022_3	-0.809386142835358
OTU_3461_18S_022_3	OTU_4695_18S_022_3	0.747876584529877
OTU_1760_18S_022_3	OTU_4711_18S_022_3	0.856391665923239
OTU_3497_18S_022_3	OTU_4724_18S_022_3	0.758564238112985
OTU_559_18S_022_3	OTU_4725_18S_022_3	0.792529658249436
OTU_486_18S_022_3	OTU_4728_18S_022_3	0.568690001964569
OTU_3510_18S_022_3	OTU_4728_18S_022_3	0.879725396633148
ASV_645_16S_022_3	OTU_4735_18S_022_3	0.832772433757782
OTU_1516_18S_022_3	OTU_4735_18S_022_3	0.577314496040344
OTU_3297_18S_022_3	OTU_4736_18S_022_3	0.77974808216095
OTU_3395_18S_022_3	OTU_4736_18S_022_3	0.545276095825637
OTU_2046_18S_022_3	OTU_4747_18S_022_3	0.735498130321503
OTU_3539_18S_022_3	OTU_4747_18S_022_3	0.582303777926803
OTU_574_18S_022_3	OTU_4760_18S_022_3	0.611379027366638
OTU_1658_18S_022_3	OTU_4765_18S_022_3	0.767699211947418
OTU_609_18S_022_3	OTU_4802_18S_022_3	0.61063277721405
OTU_609_18S_022_3	OTU_4814_18S_022_3	0.793521712834624
OTU_2684_18S_022_3	OTU_4826_18S_022_3	0.654539465904236
OTU_1045_18S_022_3	OTU_4839_18S_022_3	0.824949443340302
OTU_1992_18S_022_3	OTU_4839_18S_022_3	0.791873693466187
OTU_1301_18S_022_3	OTU_4879_18S_022_3	0.570529322069626
OTU_1603_18S_022_3	OTU_4879_18S_022_3	0.730703771114349
OTU_3368_18S_022_3	OTU_4879_18S_022_3	0.794178993938895
ASV_1539_16S_022_3	OTU_4890_18S_022_3	0.598332680742808
OTU_82_18S_022_3	OTU_4890_18S_022_3	-0.644481122493744
OTU_2184_18S_022_3	OTU_4890_18S_022_3	0.55392
OTU_3201_18S_022_3	OTU_4890_18S_022_3	0.799026630737415
OTU_1128_18S_022_3	OTU_4891_18S_022_3	0.826681624268774
OTU_2599_18S_022_3	OTU_4891_18S_022_3	-0.594865966924403
OTU_3927_18S_022_3	OTU_4891_18S_022_3	0.748774588108063
OTU_1082_18S_022_3	OTU_4973_18S_022_3	0.604693255451206
OTU_3720_18S_022_3	OTU_4973_18S_022_3	0.76876988271207
OTU_3746_18S_022_3	OTU_4973_18S_022_3	0.595757966806059
OTU_1342_18S_022_3	OTU_4972_18S_022_3	0.851922786190451
OTU_1965_18S_022_3	OTU_4971_18S_022_3	0.754431310802471
ASV_1567_16S_022_3	OTU_4969_18S_022_3	0.690552516977987
ASV_2139_16S_022_3	OTU_4992_18S_022_3	0.791364466749224
OTU_222_18S_022_3	OTU_5003_18S_022_3	0.567117151084683
OTU_665_18S_022_3	OTU_5003_18S_022_3	0.880031478335323
OTU_1211_18S_022_3	OTU_5038_18S_022_3	0.635974705219269
OTU_4736_18S_022_3	OTU_5038_18S_022_3	0.818892538879554
ASV_1567_16S_022_3	OTU_5046_18S_022_3	0.671948075294495
OTU_2611_18S_022_3	OTU_5053_18S_022_3	0.557153447199715
OTU_3152_18S_022_3	OTU_5053_18S_022_3	0.76671304611715
OTU_758_18S_022_3	OTU_5055_18S_022_3	0.595350435318336
OTU_1976_18S_022_3	OTU_5055_18S_022_3	0.775066779030915
OTU_2944_18S_022_3	OTU_5055_18S_022_3	0.770322347683017
OTU_1450_18S_022_3	OTU_5056_18S_022_3	-0.585189640522003
OTU_131_18S_022_3	OTU_5067_18S_022_3	0.539497137069702
OTU_320_18S_022_3	OTU_5067_18S_022_3	0.828147530079507
OTU_2410_18S_022_3	OTU_5067_18S_022_3	0.563672775014487
OTU_4159_18S_022_3	OTU_5067_18S_022_3	0.962795139853667
OTU_1491_18S_022_3	OTU_5108_18S_022_3	-0.755681369298549
OTU_2152_18S_022_3	OTU_5108_18S_022_3	-0.741397701702377
OTU_3141_18S_022_3	OTU_5108_18S_022_3	0.600331833816155
OTU_4728_18S_022_3	OTU_5108_18S_022_3	0.698348879814148
OTU_1052_18S_022_3	OTU_5106_18S_022_3	0.560882326282619
OTU_3137_18S_022_3	OTU_5119_18S_022_3	0.638388835306336
OTU_3475_18S_022_3	OTU_5119_18S_022_3	0.791625201702118
OTU_3826_18S_022_3	OTU_5119_18S_022_3	0.596965134143829
OTU_921_18S_022_3	OTU_5149_18S_022_3	0.77152
OTU_2341_18S_022_3	OTU_5149_18S_022_3	0.618007898330688
OTU_2473_18S_022_3	OTU_5149_18S_022_3	0.56263
OTU_2853_18S_022_3	OTU_5149_18S_022_3	0.55821
OTU_1269_18S_022_3	OTU_5177_18S_022_3	0.9761578440042
OTU_295_18S_022_3	OTU_5190_18S_022_3	0.610575234626284
OTU_758_18S_022_3	OTU_5190_18S_022_3	0.742687821388245
OTU_2150_18S_022_3	OTU_5190_18S_022_3	0.791949626977401
OTU_4826_18S_022_3	OTU_5190_18S_022_3	0.82739975742198
OTU_354_18S_022_3	OTU_4955_18S_022_3	0.629710018634796
OTU_583_18S_022_3	OTU_4955_18S_022_3	0.56047
OTU_999_18S_022_3	OTU_4955_18S_022_3	0.792153179645538
OTU_2362_18S_022_3	OTU_4955_18S_022_3	0.979890763759613
OTU_3070_18S_022_3	OTU_5277_18S_022_3	0.678233504295349
OTU_4079_18S_022_3	OTU_5313_18S_022_3	0.874862540525202
OTU_419_18S_022_3	OTU_5328_18S_022_3	-0.774897452243283
ASV_24_16S_022_3	OTU_5331_18S_022_3	-0.532507617889731
ASV_237_16S_022_3	OTU_5331_18S_022_3	-0.733706367743266
OTU_571_18S_022_3	OTU_5331_18S_022_3	0.55083626762184
OTU_597_18S_022_3	OTU_5331_18S_022_3	0.626052466961764
ASV_745_16S_022_3	OTU_5323_18S_022_3	-0.944635595501988
OTU_9_18S_022_3	OTU_5330_18S_022_3	-0.775477051290162
OTU_2860_18S_022_3	OTU_5330_18S_022_3	0.828443948454196
OTU_3469_18S_022_3	OTU_5415_18S_022_3	0.860861837863922
OTU_1491_18S_022_3	OTU_5471_18S_022_3	0.608258128166199
OTU_2656_18S_022_3	OTU_5471_18S_022_3	0.825412154197693
OTU_3510_18S_022_3	OTU_5471_18S_022_3	0.66015
OTU_4891_18S_022_3	OTU_5471_18S_022_3	0.538591921329498
OTU_82_18S_022_3	OTU_5460_18S_022_3	-0.554573476314545
OTU_444_18S_022_3	OTU_5463_18S_022_3	0.796002864837646
OTU_2150_18S_022_3	OTU_5463_18S_022_3	0.567493736743927
OTU_1742_18S_022_3	OTU_5558_18S_022_3	0.590572488483173
OTU_2001_18S_022_3	OTU_5558_18S_022_3	0.769614112030002
OTU_3419_18S_022_3	OTU_5558_18S_022_3	0.963912725448608
OTU_3983_18S_022_3	OTU_5558_18S_022_3	0.672265559366293
OTU_1228_18S_022_3	OTU_5590_18S_022_3	0.571921864952417
OTU_2189_18S_022_3	OTU_5590_18S_022_3	0.610265076160431
OTU_667_18S_022_3	OTU_5679_18S_022_3	-0.734073395869244
OTU_1308_18S_022_3	OTU_5736_18S_022_3	0.700851261615753
OTU_1498_18S_022_3	OTU_5736_18S_022_3	0.753340061638586
OTU_1584_18S_022_3	OTU_5736_18S_022_3	0.635766506195068
OTU_2918_18S_022_3	OTU_5736_18S_022_3	0.919807886974478
OTU_1007_18S_022_3	OTU_5899_18S_022_3	-0.57802273572217
OTU_1660_18S_022_3	OTU_5899_18S_022_3	0.565704762935638
OTU_2938_18S_022_3	OTU_5899_18S_022_3	0.550331046829316
OTU_3626_18S_022_3	OTU_5899_18S_022_3	0.961524367332458
OTU_672_18S_022_3	OTU_6018_18S_022_3	0.733721269378724
OTU_4151_18S_022_3	OTU_6018_18S_022_3	0.534666985986809
OTU_4442_18S_022_3	OTU_6018_18S_022_3	0.720549748248955
ASV_1787_16S_022_3	OTU_6042_18S_022_3	0.635342836380005
OTU_3585_18S_022_3	OTU_6042_18S_022_3	0.594966471195221
OTU_4736_18S_022_3	OTU_6042_18S_022_3	0.716312397452613
OTU_1417_18S_022_3	OTU_6039_18S_022_3	0.734774804749209
OTU_2882_18S_022_3	OTU_6215_18S_022_3	0.71675181388855
ASV_1445_16S_022_3	OTU_6314_18S_022_3	0.760168682301896
OTU_1221_18S_022_3	OTU_6386_18S_022_3	0.542919993400574
OTU_1841_18S_022_3	OTU_6386_18S_022_3	0.803971035256593
OTU_288_18S_022_3	OTU_6493_18S_022_3	0.586900651454926
OTU_583_18S_022_3	OTU_6493_18S_022_3	0.564742878664037
OTU_2718_18S_022_3	OTU_6493_18S_022_3	0.633277879836978
OTU_3803_18S_022_3	OTU_6493_18S_022_3	0.892771736097735
OTU_486_18S_022_3	OTU_6694_18S_022_3	-0.626416727532023
OTU_1134_18S_022_3	OTU_6694_18S_022_3	0.659542202949524
OTU_4442_18S_022_3	OTU_6694_18S_022_3	0.87515985781188
OTU_568_18S_022_3	OTU_6743_18S_022_3	0.850227335989208
OTU_1925_18S_022_3	OTU_6743_18S_022_3	0.70168787240982
OTU_78_18S_022_3	OTU_6798_18S_022_3	-0.739610614366486
OTU_144_18S_022_3	OTU_6888_18S_022_3	0.67815
OTU_4803_18S_022_3	OTU_6888_18S_022_3	0.547917425632477
ASV_100_16S_022_3	OTU_7002_18S_022_3	0.699495017528534
OTU_1783_18S_022_3	OTU_7002_18S_022_3	0.78647768497467
OTU_1805_18S_022_3	OTU_7002_18S_022_3	0.872654795646667
OTU_4268_18S_022_3	OTU_7002_18S_022_3	0.705580830574036
OTU_2724_18S_022_3	OTU_7006_18S_022_3	0.57354
OTU_3141_18S_022_3	OTU_7006_18S_022_3	-0.82285433614719
OTU_3419_18S_022_3	OTU_7006_18S_022_3	-0.568079590797424
OTU_3510_18S_022_3	OTU_7006_18S_022_3	0.845491230487823
OTU_2166_18S_022_3	OTU_7054_18S_022_3	0.596246361732483
OTU_3451_18S_022_3	OTU_7054_18S_022_3	0.682050287723541
OTU_1450_18S_022_3	OTU_7179_18S_022_3	0.920694887638092
OTU_5056_18S_022_3	OTU_7179_18S_022_3	0.850455403327942
ASV_2386_16S_022_3	OTU_7554_18S_022_3	0.791192327662337
OTU_2715_18S_022_3	OTU_7609_18S_022_3	0.854369940701907
OTU_3243_18S_022_3	OTU_8172_18S_022_3	0.804309925653176
OTU_444_18S_022_3	ASV_17_16S_3_200	0.579505264759064
OTU_5055_18S_022_3	ASV_17_16S_3_200	0.547695636749268
ASV_4_16S_022_3	ASV_40_16S_3_200	0.768447199957512
ASV_24_16S_022_3	ASV_46_16S_3_200	0.642612179007386
OTU_160_18S_022_3	ASV_46_16S_3_200	-0.54324586484053
ASV_1786_16S_022_3	ASV_109_16S_3_200	0.733569905445643
OTU_1764_18S_022_3	ASV_109_16S_3_200	0.681301891803741
OTU_5055_18S_022_3	ASV_109_16S_3_200	0.582382775506793
ASV_91_16S_3_200	ASV_112_16S_3_200	0.851781277271752
ASV_113_16S_022_3	ASV_113_16S_3_200	0.809512818739816
ASV_353_16S_022_3	ASV_133_16S_3_200	0.65034
OTU_678_18S_022_3	ASV_133_16S_3_200	-0.606673181056976
OTU_1681_18S_022_3	ASV_205_16S_3_200	-0.575031638145447
OTU_342_18S_022_3	ASV_216_16S_3_200	0.7709351727452
ASV_604_16S_022_3	ASV_229_16S_3_200	0.757572568552268
OTU_523_18S_022_3	ASV_248_16S_3_200	0.892787278761799
OTU_46_18S_022_3	ASV_341_16S_3_200	0.790030398062114
OTU_427_18S_022_3	ASV_345_16S_3_200	0.734880910935928
ASV_100_16S_022_3	ASV_359_16S_3_200	-0.668599545955658
ASV_608_16S_022_3	ASV_359_16S_3_200	0.733007350110889
OTU_672_18S_022_3	ASV_359_16S_3_200	-0.773635191486848
OTU_1230_18S_022_3	ASV_359_16S_3_200	-0.624802605666151
ASV_206_16S_022_3	ASV_398_16S_3_200	0.530888974666595
ASV_232_16S_022_3	ASV_405_16S_3_200	0.753699033348654
OTU_1792_18S_022_3	ASV_417_16S_3_200	-0.533040938799185
OTU_2081_18S_022_3	ASV_417_16S_3_200	-0.56264562730817
OTU_939_18S_022_3	ASV_435_16S_3_200	-0.757248275933895
OTU_3628_18S_022_3	ASV_448_16S_3_200	-0.560405021403855
ASV_473_16S_3_200	ASV_483_16S_3_200	-0.805912710395034
ASV_1315_16S_022_3	ASV_532_16S_3_200	-0.641829133033752
ASV_2519_16S_022_3	ASV_537_16S_3_200	-0.741573552398957
OTU_1230_18S_022_3	ASV_544_16S_3_200	-0.84169822715517
OTU_346_18S_022_3	ASV_626_16S_3_200	0.774838691728444
OTU_1959_18S_022_3	ASV_626_16S_3_200	-0.877868004234628
ASV_2097_16S_022_3	ASV_649_16S_3_200	0.925332087338747
OTU_227_18S_022_3	ASV_660_16S_3_200	0.556747078895569
OTU_3137_18S_022_3	ASV_660_16S_3_200	0.644039988517761
ASV_46_16S_3_200	ASV_669_16S_3_200	-0.810838530521392
OTU_639_18S_022_3	ASV_678_16S_3_200	-0.77815128812251
OTU_558_18S_022_3	ASV_684_16S_3_200	0.867594441206453
ASV_252_16S_022_3	ASV_695_16S_3_200	0.975859961604793
ASV_206_16S_022_3	ASV_721_16S_3_200	0.721604526042938
OTU_3041_18S_022_3	ASV_757_16S_3_200	0.733710696739941
OTU_3469_18S_022_3	ASV_760_16S_3_200	0.645312964916229
ASV_777_16S_022_3	ASV_772_16S_3_200	-0.771893690102052
ASV_200_16S_3_200	ASV_794_16S_3_200	0.84742761855434
OTU_1234_18S_022_3	ASV_808_16S_3_200	0.551917065828906
OTU_2791_18S_022_3	ASV_812_16S_3_200	-0.736545338901083
OTU_184_18S_022_3	ASV_825_16S_3_200	-0.649309158325195
OTU_721_18S_022_3	ASV_825_16S_3_200	-0.689124226570129
ASV_808_16S_3_200	ASV_825_16S_3_200	0.67685
ASV_526_16S_022_3	ASV_832_16S_3_200	-0.788459306292335
ASV_248_16S_022_3	ASV_835_16S_3_200	-0.734932854853797
OTU_460_18S_022_3	ASV_874_16S_3_200	-0.861157005529846
OTU_1259_18S_022_3	ASV_881_16S_3_200	-0.551054358482361
OTU_4015_18S_022_3	ASV_881_16S_3_200	-0.842731739525641
OTU_853_18S_022_3	ASV_888_16S_3_200	0.74036722965999
ASV_753_16S_022_3	ASV_895_16S_3_200	0.76326892543365
OTU_1124_18S_022_3	ASV_983_16S_3_200	0.647847414016724
OTU_3069_18S_022_3	ASV_983_16S_3_200	0.78960643656175
ASV_216_16S_3_200	ASV_983_16S_3_200	-0.612995147705078
ASV_1056_16S_022_3	ASV_1033_16S_3_200	0.736313880762559
ASV_38_16S_022_3	ASV_1048_16S_3_200	-0.735190886132944
OTU_188_18S_022_3	ASV_1056_16S_3_200	-0.92784982725847
OTU_3585_18S_022_3	ASV_1056_16S_3_200	0.54274
OTU_600_18S_022_3	ASV_1080_16S_3_200	0.778988816717184
ASV_26_16S_022_3	ASV_1091_16S_3_200	0.763020386449642
ASV_481_16S_022_3	ASV_1174_16S_3_200	0.69310998916626
ASV_967_16S_022_3	ASV_1174_16S_3_200	0.645603716373444
OTU_1911_18S_022_3	ASV_1174_16S_3_200	0.679787039756775
OTU_3627_18S_022_3	ASV_1174_16S_3_200	0.951538795832395
OTU_389_18S_022_3	ASV_1187_16S_3_200	-0.743751758281969
OTU_1581_18S_022_3	ASV_1187_16S_3_200	0.689237654209137
ASV_94_16S_022_3	ASV_1222_16S_3_200	0.811119973659515
OTU_1604_18S_022_3	ASV_1222_16S_3_200	0.545232474803925
OTU_1079_18S_022_3	ASV_1262_16S_3_200	-0.575889616489017
OTU_1108_18S_022_3	ASV_1262_16S_3_200	-0.63299771913536
OTU_444_18S_022_3	ASV_1350_16S_3_200	0.744740603715564
OTU_595_18S_022_3	ASV_1352_16S_3_200	-0.76472346730945
OTU_225_18S_022_3	ASV_1359_16S_3_200	-0.622887836752261
OTU_2791_18S_022_3	ASV_1408_16S_3_200	0.754426161162577
OTU_966_18S_022_3	ASV_1441_16S_3_200	0.759898636225353
ASV_41_16S_022_3	ASV_1479_16S_3_200	0.688249051570892
OTU_4760_18S_022_3	ASV_1502_16S_3_200	-0.871779183083415
ASV_881_16S_3_200	ASV_1502_16S_3_200	0.642209047622407
ASV_1262_16S_3_200	ASV_1502_16S_3_200	0.795225644234746
ASV_127_16S_022_3	ASV_1519_16S_3_200	0.926970862357199
ASV_770_16S_022_3	ASV_1519_16S_3_200	0.801265528379764
ASV_1671_16S_022_3	ASV_1519_16S_3_200	0.798008544000014
OTU_1441_18S_022_3	ASV_1519_16S_3_200	0.858268095941344
ASV_581_16S_022_3	ASV_1617_16S_3_200	0.671442081304523
OTU_272_18S_022_3	ASV_1617_16S_3_200	-0.550689339637756
ASV_573_16S_3_200	ASV_1617_16S_3_200	0.739625555545904
ASV_515_16S_3_200	ASV_1735_16S_3_200	0.772188174687732
ASV_721_16S_3_200	ASV_1735_16S_3_200	0.580131113529205
ASV_1542_16S_3_200	ASV_1735_16S_3_200	0.769721616557838
ASV_1611_16S_022_3	ASV_1758_16S_3_200	0.694988787174225
OTU_101_18S_022_3	ASV_1936_16S_3_200	0.79539488394823
ASV_515_16S_022_3	ASV_1970_16S_3_200	0.744674091513507
OTU_1368_18S_022_3	ASV_1979_16S_3_200	0.709029195373679
OTU_2004_18S_022_3	ASV_1979_16S_3_200	0.757159670457285
OTU_5047_18S_022_3	ASV_1979_16S_3_200	0.805402878526615
ASV_888_16S_3_200	ASV_2316_16S_3_200	-0.754289162802118
ASV_1222_16S_3_200	ASV_2540_16S_3_200	0.788367981095441
OTU_4_18S_022_3	OTU_4_18S_3_200	0.852249617895087
OTU_2362_18S_022_3	OTU_4_18S_3_200	-0.66187
ASV_682_16S_022_3	OTU_10_18S_3_200	-0.656446099281311
OTU_6233_18S_022_3	OTU_10_18S_3_200	-0.758074184824506
ASV_914_16S_022_3	OTU_11_18S_3_200	0.828517258167267
OTU_1447_18S_022_3	OTU_11_18S_3_200	0.703843303461403
OTU_3982_18S_022_3	OTU_11_18S_3_200	0.6201
OTU_1309_18S_022_3	OTU_12_18S_3_200	0.804850882753594
ASV_934_16S_022_3	OTU_21_18S_3_200	-0.539710998535156
OTU_127_18S_022_3	OTU_28_18S_3_200	0.634760737419128
OTU_1510_18S_022_3	OTU_28_18S_3_200	-0.76772459742176
OTU_30_18S_022_3	OTU_30_18S_3_200	0.858761604208962
OTU_32_18S_022_3	OTU_32_18S_3_200	0.618895411491394
ASV_1758_16S_3_200	OTU_32_18S_3_200	-0.807757849517614
OTU_28_18S_3_200	OTU_34_18S_3_200	0.724053919315338
ASV_794_16S_3_200	OTU_36_18S_3_200	0.819556772708893
ASV_24_16S_022_3	OTU_38_18S_3_200	-0.623486459255219
OTU_733_18S_022_3	OTU_38_18S_3_200	0.684680819511414
OTU_2053_18S_022_3	OTU_38_18S_3_200	0.62332
OTU_48_18S_022_3	OTU_48_18S_3_200	0.90368
OTU_1234_18S_022_3	OTU_48_18S_3_200	0.961511974702871
ASV_588_16S_022_3	OTU_76_18S_3_200	-0.801796212650879
OTU_37_18S_3_200	OTU_79_18S_3_200	-0.818871307804752
OTU_5460_18S_022_3	OTU_82_18S_3_200	-0.762630879878998
OTU_1074_18S_022_3	OTU_84_18S_3_200	0.575152541465263
OTU_591_18S_022_3	OTU_85_18S_3_200	-0.567746639251709
OTU_3393_18S_022_3	OTU_85_18S_3_200	-0.777502389773894
OTU_2268_18S_022_3	OTU_90_18S_3_200	0.797054621700814
OTU_4048_18S_022_3	OTU_91_18S_3_200	-0.824452775028553
OTU_1704_18S_022_3	OTU_94_18S_3_200	-0.769206293431758
OTU_477_18S_022_3	OTU_98_18S_3_200	-0.759731725858935
OTU_78_18S_3_200	OTU_97_18S_3_200	0.62205
OTU_301_18S_022_3	OTU_103_18S_3_200	-0.567509412765503
OTU_101_18S_022_3	OTU_101_18S_3_200	0.63960725069046
OTU_1556_18S_022_3	OTU_105_18S_3_200	-0.645918905735016
OTU_79_18S_3_200	OTU_105_18S_3_200	0.592977409378776
OTU_914_18S_022_3	OTU_96_18S_3_200	-0.750970550316419
OTU_1314_18S_022_3	OTU_96_18S_3_200	0.620331585407257
OTU_1112_18S_022_3	OTU_106_18S_3_200	0.669886291027069
OTU_4159_18S_022_3	OTU_106_18S_3_200	0.58733
OTU_4227_18S_022_3	OTU_111_18S_3_200	-0.570555627346039
OTU_39_18S_3_200	OTU_118_18S_3_200	0.887788120898775
OTU_1710_18S_022_3	OTU_116_18S_3_200	0.79677676455859
ASV_46_16S_022_3	OTU_124_18S_3_200	-0.754331056322012
OTU_1220_18S_022_3	OTU_124_18S_3_200	0.73561697080536
OTU_163_18S_022_3	OTU_126_18S_3_200	0.531777918338776
OTU_2268_18S_022_3	OTU_126_18S_3_200	-0.854948396819323
ASV_1735_16S_3_200	OTU_138_18S_3_200	0.879003286867805
OTU_809_18S_022_3	OTU_142_18S_3_200	0.551952660083771
OTU_4556_18S_022_3	OTU_142_18S_3_200	0.61128
OTU_1074_18S_022_3	OTU_137_18S_3_200	0.735027849674225
OTU_3278_18S_022_3	OTU_149_18S_3_200	-0.819745179055253
OTU_736_18S_022_3	OTU_141_18S_3_200	0.756802563372739
OTU_34_18S_3_200	OTU_152_18S_3_200	0.537171006202698
OTU_82_18S_3_200	OTU_152_18S_3_200	0.60743
OTU_1555_18S_022_3	OTU_156_18S_3_200	-0.779614924662077
OTU_4938_18S_022_3	OTU_156_18S_3_200	-0.77660416990701
OTU_152_18S_3_200	OTU_156_18S_3_200	0.751521229743958
OTU_157_18S_022_3	OTU_157_18S_3_200	0.755581018263546
ASV_1936_16S_3_200	OTU_163_18S_3_200	0.751000543272117
OTU_2130_18S_022_3	OTU_164_18S_3_200	0.587542533874512
OTU_3451_18S_022_3	OTU_164_18S_3_200	0.730001330375671
OTU_3826_18S_022_3	OTU_164_18S_3_200	0.54458
OTU_5106_18S_022_3	OTU_165_18S_3_200	-0.575394928455353
OTU_105_18S_3_200	OTU_167_18S_3_200	0.780617674619727
OTU_1056_18S_022_3	OTU_166_18S_3_200	0.768049954218251
OTU_106_18S_022_3	OTU_178_18S_3_200	0.621469914913177
OTU_3228_18S_022_3	OTU_178_18S_3_200	0.561992665579448
OTU_119_18S_3_200	OTU_180_18S_3_200	0.902258241267383
ASV_669_16S_022_3	OTU_189_18S_3_200	-0.733578693150061
ASV_1014_16S_022_3	OTU_192_18S_3_200	-0.63116
OTU_197_18S_022_3	OTU_197_18S_3_200	0.86489563358661
OTU_1942_18S_022_3	OTU_203_18S_3_200	-0.650627493858337
OTU_2556_18S_022_3	OTU_203_18S_3_200	-0.628925144672394
ASV_1441_16S_3_200	OTU_198_18S_3_200	0.867764805290859
ASV_1445_16S_022_3	OTU_181_18S_3_200	-0.774179322815634
ASV_280_16S_3_200	OTU_181_18S_3_200	0.750410844734894
OTU_111_18S_3_200	OTU_181_18S_3_200	0.576900839805603
OTU_118_18S_3_200	OTU_181_18S_3_200	0.572573639279467
OTU_160_18S_3_200	OTU_215_18S_3_200	0.579963207244873
OTU_216_18S_022_3	OTU_216_18S_3_200	0.836930478981891
OTU_484_18S_022_3	OTU_216_18S_3_200	0.637585205729159
ASV_217_16S_022_3	OTU_217_18S_3_200	0.582439184188843
OTU_179_18S_3_200	OTU_217_18S_3_200	0.812792224045023
OTU_712_18S_022_3	OTU_220_18S_3_200	0.747025363492738
OTU_3874_18S_022_3	OTU_220_18S_3_200	0.676386016576275
OTU_123_18S_3_200	OTU_220_18S_3_200	0.880123507789281
ASV_1330_16S_022_3	OTU_224_18S_3_200	0.775342988270725
OTU_224_18S_022_3	OTU_225_18S_3_200	-0.636298954486847
OTU_184_18S_3_200	OTU_225_18S_3_200	0.556088328361511
OTU_451_18S_022_3	OTU_226_18S_3_200	-0.599640887545153
OTU_2223_18S_022_3	OTU_226_18S_3_200	-0.599729074500072
OTU_3192_18S_022_3	OTU_226_18S_3_200	-0.878021507074655
OTU_3361_18S_022_3	OTU_205_18S_3_200	0.5661
OTU_229_18S_022_3	OTU_229_18S_3_200	0.937655565095807
ASV_1162_16S_022_3	OTU_236_18S_3_200	-0.533300876617432
OTU_4802_18S_022_3	OTU_236_18S_3_200	-0.758119524638978
OTU_119_18S_3_200	OTU_236_18S_3_200	0.56870217093464
ASV_322_16S_022_3	OTU_249_18S_3_200	0.771493073392858
OTU_717_18S_022_3	OTU_250_18S_3_200	0.726024448871613
OTU_1074_18S_022_3	OTU_251_18S_3_200	0.694539666175842
ASV_186_16S_022_3	OTU_252_18S_3_200	0.599960565567017
ASV_1069_16S_022_3	OTU_252_18S_3_200	0.551899433135986
OTU_288_18S_022_3	OTU_252_18S_3_200	0.787455976009369
OTU_999_18S_022_3	OTU_252_18S_3_200	-0.545470659017704
OTU_3373_18S_022_3	OTU_252_18S_3_200	0.641082465648651
OTU_1888_18S_022_3	OTU_253_18S_3_200	-0.818577588581144
OTU_78_18S_3_200	OTU_253_18S_3_200	0.699371933937073
ASV_2325_16S_022_3	OTU_255_18S_3_200	-0.609129071235657
OTU_29_18S_022_3	OTU_255_18S_3_200	0.593359470367432
OTU_28_18S_3_200	OTU_255_18S_3_200	0.534640241779145
OTU_555_18S_022_3	OTU_228_18S_3_200	0.874327678692144
ASV_1019_16S_022_3	OTU_258_18S_3_200	0.723524391651154
OTU_258_18S_022_3	OTU_258_18S_3_200	0.635167419910431
OTU_538_18S_022_3	OTU_258_18S_3_200	0.895432631965446
OTU_2412_18S_022_3	OTU_258_18S_3_200	0.551578077486744
OTU_2537_18S_022_3	OTU_258_18S_3_200	0.850389018657398
OTU_70_18S_022_3	OTU_260_18S_3_200	0.76741574865437
OTU_90_18S_3_200	OTU_260_18S_3_200	0.63330489397049
OTU_84_18S_3_200	OTU_261_18S_3_200	0.580182254314423
OTU_192_18S_3_200	OTU_261_18S_3_200	0.561307668685913
OTU_271_18S_022_3	OTU_271_18S_3_200	0.759220072093912
OTU_759_18S_022_3	OTU_271_18S_3_200	0.532270729541779
OTU_1781_18S_022_3	OTU_274_18S_3_200	0.732167184993853
OTU_1989_18S_022_3	OTU_279_18S_3_200	-0.733741037652057
OTU_105_18S_3_200	OTU_282_18S_3_200	0.775576543574974
OTU_141_18S_3_200	OTU_245_18S_3_200	0.63457190990448
OTU_810_18S_022_3	OTU_292_18S_3_200	0.602797031402588
OTU_1325_18S_022_3	OTU_292_18S_3_200	0.786359310150146
OTU_96_18S_022_3	OTU_294_18S_3_200	-0.825114228117893
OTU_97_18S_3_200	OTU_296_18S_3_200	0.680816292762756
OTU_118_18S_3_200	OTU_296_18S_3_200	0.739041745662689
OTU_297_18S_022_3	OTU_297_18S_3_200	0.938276906616637
OTU_177_18S_3_200	OTU_306_18S_3_200	0.669185996055603
OTU_260_18S_3_200	OTU_306_18S_3_200	0.634396135807037
OTU_245_18S_3_200	OTU_306_18S_3_200	0.577961325645447
OTU_165_18S_3_200	OTU_317_18S_3_200	0.731663313303555
OTU_129_18S_3_200	OTU_324_18S_3_200	0.795294000328275
OTU_107_18S_022_3	OTU_322_18S_3_200	0.532486102305881
OTU_1368_18S_022_3	OTU_328_18S_3_200	0.541447341442108
OTU_1498_18S_022_3	OTU_331_18S_3_200	0.693521428073168
OTU_2071_18S_022_3	OTU_331_18S_3_200	0.90398758649826
OTU_2362_18S_022_3	OTU_331_18S_3_200	0.57612
OTU_118_18S_3_200	OTU_330_18S_3_200	0.881365160064337
ASV_457_16S_022_3	OTU_327_18S_3_200	-0.795732441533005
ASV_603_16S_022_3	OTU_327_18S_3_200	-0.553368747234344
ASV_2388_16S_022_3	OTU_325_18S_3_200	-0.798478646657954
OTU_105_18S_3_200	OTU_329_18S_3_200	0.889365594880888
OTU_678_18S_022_3	OTU_336_18S_3_200	-0.731745523394141
OTU_1442_18S_022_3	OTU_332_18S_3_200	0.546696424484253
OTU_1541_18S_022_3	OTU_332_18S_3_200	0.712475717067719
ASV_1479_16S_3_200	OTU_339_18S_3_200	0.84670518011831
OTU_183_18S_022_3	OTU_349_18S_3_200	0.755424382333992
OTU_119_18S_3_200	OTU_353_18S_3_200	0.783339018249051
OTU_84_18S_3_200	OTU_364_18S_3_200	0.912460254832763
OTU_1736_18S_022_3	OTU_366_18S_3_200	0.606855154037476
OTU_153_18S_3_200	OTU_367_18S_3_200	-0.740095287445407
OTU_658_18S_022_3	OTU_356_18S_3_200	0.55756
OTU_591_18S_022_3	OTU_374_18S_3_200	0.860001774706447
ASV_266_16S_022_3	OTU_376_18S_3_200	-0.645461142063141
OTU_273_18S_3_200	OTU_376_18S_3_200	0.88356363494107
ASV_1277_16S_022_3	OTU_387_18S_3_200	0.789560993479639
OTU_137_18S_022_3	OTU_387_18S_3_200	0.54373
OTU_1824_18S_022_3	OTU_387_18S_3_200	0.58292281627655
OTU_3749_18S_022_3	OTU_399_18S_3_200	0.598391711711884
OTU_331_18S_3_200	OTU_399_18S_3_200	0.80703472116115
OTU_106_18S_022_3	OTU_382_18S_3_200	0.692417621612549
OTU_1228_18S_022_3	OTU_382_18S_3_200	0.63826847076416
OTU_79_18S_3_200	OTU_408_18S_3_200	0.883960387813244
OTU_819_18S_022_3	OTU_411_18S_3_200	0.875192358477537
OTU_413_18S_022_3	OTU_413_18S_3_200	0.723861455917358
OTU_2390_18S_022_3	OTU_417_18S_3_200	-0.777398128969495
ASV_788_16S_022_3	OTU_412_18S_3_200	-0.583535075187683
OTU_124_18S_3_200	OTU_412_18S_3_200	0.580565293214358
ASV_1080_16S_022_3	OTU_424_18S_3_200	0.756240058485762
OTU_260_18S_3_200	OTU_434_18S_3_200	0.616626060553271
OTU_92_18S_3_200	OTU_438_18S_3_200	0.757148028310954
OTU_1415_18S_022_3	OTU_443_18S_3_200	0.701901474223006
OTU_1051_18S_022_3	OTU_442_18S_3_200	0.813182651327451
OTU_2008_18S_022_3	OTU_442_18S_3_200	0.68239362542738
OTU_1911_18S_022_3	OTU_449_18S_3_200	0.746788815528159
OTU_1922_18S_022_3	OTU_449_18S_3_200	0.591524362564087
OTU_98_18S_3_200	OTU_449_18S_3_200	-0.65963351726532
OTU_21_18S_3_200	OTU_457_18S_3_200	0.7503
OTU_284_18S_3_200	OTU_467_18S_3_200	0.857601698457188
ASV_206_16S_022_3	OTU_463_18S_3_200	0.60677
OTU_463_18S_022_3	OTU_463_18S_3_200	0.615951110020356
OTU_15_18S_022_3	OTU_472_18S_3_200	-0.755624911999715
OTU_2089_18S_022_3	OTU_477_18S_3_200	0.635805552862298
ASV_483_16S_3_200	OTU_478_18S_3_200	-0.682796001434326
OTU_161_18S_022_3	OTU_466_18S_3_200	-0.756725616568908
OTU_482_18S_022_3	OTU_482_18S_3_200	0.754469990730286
OTU_614_18S_022_3	OTU_482_18S_3_200	0.615047752857208
ASV_808_16S_3_200	OTU_482_18S_3_200	0.541157496050921
OTU_1260_18S_022_3	OTU_490_18S_3_200	0.746832429291757
OTU_224_18S_3_200	OTU_490_18S_3_200	0.742475092411041
OTU_553_18S_022_3	OTU_494_18S_3_200	0.769068097825343
OTU_3220_18S_022_3	OTU_494_18S_3_200	0.639844536781311
OTU_177_18S_3_200	OTU_492_18S_3_200	0.845466047562264
OTU_457_18S_3_200	OTU_499_18S_3_200	0.999681442489124
OTU_1074_18S_022_3	OTU_501_18S_3_200	0.791069212630359
OTU_1051_18S_022_3	OTU_502_18S_3_200	0.740561306476593
OTU_1157_18S_022_3	OTU_502_18S_3_200	0.540981978278139
OTU_1693_18S_022_3	OTU_500_18S_3_200	0.787660501470323
OTU_510_18S_022_3	OTU_510_18S_3_200	0.805394291877747
OTU_332_18S_3_200	OTU_510_18S_3_200	0.644736588001251
OTU_511_18S_022_3	OTU_511_18S_3_200	0.804077214821073
OTU_492_18S_3_200	OTU_511_18S_3_200	0.561347246170044
OTU_2637_18S_022_3	OTU_513_18S_3_200	0.753424641729176
OTU_515_18S_022_3	OTU_515_18S_3_200	0.599060557423169
OTU_804_18S_022_3	OTU_515_18S_3_200	0.55751
OTU_1085_18S_022_3	OTU_515_18S_3_200	0.624667167663574
OTU_5046_18S_022_3	OTU_515_18S_3_200	0.941315476023752
ASV_26_16S_022_3	OTU_525_18S_3_200	0.57911
OTU_484_18S_022_3	OTU_525_18S_3_200	-0.57306
OTU_1101_18S_022_3	OTU_525_18S_3_200	-0.670806884765625
OTU_215_18S_3_200	OTU_528_18S_3_200	0.677089991393294
OTU_446_18S_3_200	OTU_528_18S_3_200	0.563592195510864
OTU_414_18S_3_200	OTU_536_18S_3_200	0.841256138157555
OTU_84_18S_3_200	OTU_544_18S_3_200	0.767809629440308
OTU_130_18S_3_200	OTU_544_18S_3_200	0.599300503730774
OTU_276_18S_3_200	OTU_539_18S_3_200	0.565484941005707
OTU_287_18S_022_3	OTU_561_18S_3_200	0.584308683872223
OTU_2300_18S_022_3	OTU_561_18S_3_200	0.668009698390961
OTU_106_18S_3_200	OTU_561_18S_3_200	0.7324458360672
OTU_2194_18S_022_3	OTU_562_18S_3_200	0.583058655261993
OTU_3344_18S_022_3	OTU_562_18S_3_200	0.733938492828916
OTU_468_18S_3_200	OTU_562_18S_3_200	0.901005776113596
OTU_1374_18S_022_3	OTU_565_18S_3_200	-0.858750224113464
OTU_1698_18S_022_3	OTU_565_18S_3_200	0.984678983688354
OTU_1760_18S_022_3	OTU_575_18S_3_200	0.57998251914978
OTU_2350_18S_022_3	OTU_583_18S_3_200	0.846683502197266
OTU_3373_18S_022_3	OTU_583_18S_3_200	0.696095526218414
OTU_5149_18S_022_3	OTU_583_18S_3_200	0.845725251536366
OTU_1217_18S_022_3	OTU_586_18S_3_200	0.846172764521489
OTU_129_18S_3_200	OTU_586_18S_3_200	0.632311046123505
OTU_1074_18S_022_3	OTU_589_18S_3_200	0.745957994300626
OTU_591_18S_022_3	OTU_591_18S_3_200	0.833998503377969
OTU_412_18S_3_200	OTU_591_18S_3_200	0.63569
ASV_201_16S_022_3	OTU_592_18S_3_200	-0.721586763858795
OTU_511_18S_3_200	OTU_595_18S_3_200	0.638601899147034
ASV_318_16S_022_3	OTU_598_18S_3_200	0.685563284523404
ASV_1389_16S_022_3	OTU_598_18S_3_200	0.783705959427918
OTU_452_18S_022_3	OTU_598_18S_3_200	0.741718292236328
OTU_1112_18S_022_3	OTU_598_18S_3_200	0.613826036453247
OTU_658_18S_022_3	OTU_602_18S_3_200	0.832509949193816
OTU_440_18S_3_200	OTU_602_18S_3_200	0.559194684028625
OTU_181_18S_3_200	OTU_620_18S_3_200	0.700633401131667
OTU_251_18S_3_200	OTU_620_18S_3_200	0.539579690760912
OTU_272_18S_3_200	OTU_620_18S_3_200	0.604477405548096
ASV_1487_16S_022_3	OTU_626_18S_3_200	-0.753934786160557
OTU_558_18S_3_200	OTU_628_18S_3_200	0.554055690765381
OTU_356_18S_3_200	OTU_630_18S_3_200	0.819435627164155
OTU_1157_18S_022_3	OTU_647_18S_3_200	0.695385694503784
OTU_399_18S_3_200	OTU_647_18S_3_200	0.53553
OTU_250_18S_3_200	OTU_649_18S_3_200	0.757913409107221
OTU_1683_18S_022_3	OTU_624_18S_3_200	0.76845862269452
OTU_508_18S_022_3	OTU_656_18S_3_200	0.929823524343977
OTU_1400_18S_022_3	OTU_656_18S_3_200	0.85077
OTU_1805_18S_022_3	OTU_656_18S_3_200	0.589724063873291
OTU_141_18S_3_200	OTU_657_18S_3_200	0.830485504725162
ASV_668_16S_022_3	OTU_664_18S_3_200	0.853488637635786
OTU_276_18S_022_3	OTU_622_18S_3_200	0.558519661426544
OTU_116_18S_3_200	OTU_622_18S_3_200	0.58796593194752
OTU_486_18S_022_3	OTU_680_18S_3_200	0.722994804382324
OTU_1112_18S_022_3	OTU_684_18S_3_200	0.61332
OTU_339_18S_3_200	OTU_684_18S_3_200	0.776268661022186
OTU_602_18S_3_200	OTU_684_18S_3_200	0.7556272149086
OTU_1309_18S_022_3	OTU_687_18S_3_200	0.784945103655555
ASV_191_16S_022_3	OTU_688_18S_3_200	0.547555692075051
ASV_611_16S_022_3	OTU_688_18S_3_200	0.795590797068449
OTU_688_18S_022_3	OTU_688_18S_3_200	0.767713416572649
ASV_1479_16S_3_200	OTU_688_18S_3_200	0.642818957054388
OTU_694_18S_022_3	OTU_703_18S_3_200	0.772966280964411
OTU_252_18S_3_200	OTU_703_18S_3_200	0.580091727598721
OTU_2206_18S_022_3	OTU_694_18S_3_200	0.990243434906006
OTU_2859_18S_022_3	OTU_694_18S_3_200	0.549955368041992
OTU_34_18S_022_3	OTU_704_18S_3_200	-0.587957315004804
OTU_1297_18S_022_3	OTU_704_18S_3_200	0.855776839276681
OTU_468_18S_3_200	OTU_704_18S_3_200	0.79881
OTU_179_18S_022_3	OTU_709_18S_3_200	-0.599532186985016
OTU_312_18S_022_3	OTU_709_18S_3_200	0.614810764789581
OTU_922_18S_022_3	OTU_718_18S_3_200	0.56847
OTU_3174_18S_022_3	OTU_718_18S_3_200	0.826194381609156
OTU_104_18S_022_3	OTU_720_18S_3_200	-0.848550319671631
OTU_1648_18S_022_3	OTU_720_18S_3_200	0.69423770904541
ASV_518_16S_022_3	OTU_721_18S_3_200	-0.764906435712753
OTU_639_18S_022_3	OTU_721_18S_3_200	0.63606
OTU_3081_18S_022_3	OTU_731_18S_3_200	0.629069554874387
OTU_728_18S_3_200	OTU_731_18S_3_200	0.58173
OTU_272_18S_3_200	OTU_724_18S_3_200	0.737413479515448
ASV_886_16S_022_3	OTU_725_18S_3_200	0.704694286875588
ASV_946_16S_022_3	OTU_725_18S_3_200	0.656137165016659
OTU_287_18S_022_3	OTU_725_18S_3_200	0.690984606742859
OTU_2130_18S_022_3	OTU_735_18S_3_200	0.549127101898193
OTU_2279_18S_022_3	OTU_735_18S_3_200	0.773947411877254
OTU_1250_18S_022_3	OTU_738_18S_3_200	0.812238985261485
OTU_2973_18S_022_3	OTU_738_18S_3_200	0.652557766452878
OTU_3643_18S_022_3	OTU_738_18S_3_200	0.560168353435904
OTU_656_18S_3_200	OTU_738_18S_3_200	0.577914082760156
OTU_1869_18S_022_3	OTU_755_18S_3_200	0.755659997463226
OTU_1251_18S_022_3	OTU_756_18S_3_200	0.980329632759094
OTU_3783_18S_022_3	OTU_756_18S_3_200	-0.605311393737793
ASV_1031_16S_022_3	OTU_757_18S_3_200	-0.759275092856885
OTU_708_18S_3_200	OTU_757_18S_3_200	0.795748115165256
OTU_2261_18S_022_3	OTU_734_18S_3_200	0.751566706380679
ASV_527_16S_022_3	OTU_762_18S_3_200	0.745991617581564
OTU_224_18S_022_3	OTU_762_18S_3_200	0.6944
OTU_765_18S_022_3	OTU_765_18S_3_200	0.737257204722872
OTU_2897_18S_022_3	OTU_774_18S_3_200	-0.662370562553406
OTU_3546_18S_022_3	OTU_774_18S_3_200	-0.775322705173743
OTU_148_18S_022_3	OTU_775_18S_3_200	0.852356027201638
OTU_775_18S_022_3	OTU_775_18S_3_200	0.848589675915412
OTU_3728_18S_022_3	OTU_776_18S_3_200	0.57028
OTU_3997_18S_022_3	OTU_776_18S_3_200	0.585706472396851
ASV_318_16S_022_3	OTU_784_18S_3_200	0.661583065986633
OTU_3228_18S_022_3	OTU_784_18S_3_200	0.540498316287994
OTU_372_18S_022_3	OTU_785_18S_3_200	-0.539420008659363
OTU_592_18S_3_200	OTU_785_18S_3_200	0.727444291114807
OTU_224_18S_022_3	OTU_789_18S_3_200	-0.555052956609057
OTU_446_18S_3_200	OTU_789_18S_3_200	0.5461594526662
OTU_5415_18S_022_3	OTU_800_18S_3_200	0.731447879509787
OTU_1830_18S_022_3	OTU_791_18S_3_200	0.614329874515533
OTU_776_18S_3_200	OTU_791_18S_3_200	0.648023009300232
OTU_411_18S_022_3	OTU_808_18S_3_200	0.802645689734091
OTU_631_18S_022_3	OTU_808_18S_3_200	-0.597815155982971
OTU_1653_18S_022_3	OTU_808_18S_3_200	0.841739853325098
OTU_366_18S_022_3	OTU_815_18S_3_200	0.897085181924451
OTU_1616_18S_022_3	OTU_815_18S_3_200	0.913583571874487
OTU_366_18S_3_200	OTU_815_18S_3_200	0.891680062830368
OTU_2099_18S_022_3	OTU_819_18S_3_200	0.803310411459328
OTU_821_18S_022_3	OTU_821_18S_3_200	0.847647394760276
OTU_3925_18S_022_3	OTU_824_18S_3_200	0.691016256809235
OTU_4955_18S_022_3	OTU_824_18S_3_200	0.799628973007202
OTU_827_18S_022_3	OTU_827_18S_3_200	0.569240689277649
OTU_1651_18S_022_3	OTU_827_18S_3_200	0.65155
OTU_3476_18S_022_3	OTU_827_18S_3_200	0.581483721733093
OTU_655_18S_3_200	OTU_827_18S_3_200	0.731707334518433
ASV_1567_16S_022_3	OTU_828_18S_3_200	0.576551914215088
OTU_515_18S_022_3	OTU_828_18S_3_200	0.772256874409708
OTU_2716_18S_022_3	OTU_828_18S_3_200	0.785175084241063
OTU_2637_18S_022_3	OTU_832_18S_3_200	0.808890350040347
OTU_502_18S_3_200	OTU_832_18S_3_200	0.700491677441012
ASV_973_16S_3_200	OTU_834_18S_3_200	0.811314870394822
OTU_103_18S_3_200	OTU_834_18S_3_200	-0.799679274991519
OTU_2139_18S_022_3	OTU_835_18S_3_200	0.767396450042725
OTU_734_18S_3_200	OTU_837_18S_3_200	0.915118992226993
ASV_448_16S_3_200	OTU_836_18S_3_200	-0.733878376356014
OTU_443_18S_022_3	OTU_823_18S_3_200	0.621407389640808
OTU_689_18S_022_3	OTU_823_18S_3_200	0.653159618377686
OTU_1622_18S_022_3	OTU_823_18S_3_200	0.837655544281006
OTU_1729_18S_022_3	OTU_823_18S_3_200	0.79909
OTU_2605_18S_022_3	OTU_823_18S_3_200	0.669627292109188
OTU_1196_18S_022_3	OTU_865_18S_3_200	0.815456013748003
OTU_2298_18S_022_3	OTU_865_18S_3_200	0.606732526745973
OTU_2312_18S_022_3	OTU_865_18S_3_200	0.541567146778107
OTU_276_18S_3_200	OTU_865_18S_3_200	-0.565184354782104
OTU_765_18S_022_3	OTU_874_18S_3_200	0.821193715811286
OTU_5330_18S_022_3	OTU_886_18S_3_200	0.986533711758297
OTU_2051_18S_022_3	OTU_889_18S_3_200	0.762037586306039
OTU_1292_18S_022_3	OTU_895_18S_3_200	0.618205171039903
OTU_3395_18S_022_3	OTU_895_18S_3_200	0.611780087892223
OTU_434_18S_3_200	OTU_895_18S_3_200	0.583348493889282
OTU_441_18S_3_200	OTU_895_18S_3_200	0.740842640399933
OTU_575_18S_3_200	OTU_895_18S_3_200	0.681684673923285
OTU_630_18S_3_200	OTU_895_18S_3_200	0.56126
ASV_448_16S_022_3	OTU_896_18S_3_200	-0.748083420349311
ASV_1272_16S_022_3	OTU_898_18S_3_200	0.54345
OTU_487_18S_3_200	OTU_898_18S_3_200	0.753910996852629
ASV_333_16S_3_200	OTU_900_18S_3_200	-0.800926650710025
ASV_1437_16S_022_3	OTU_905_18S_3_200	0.786494135856628
OTU_3038_18S_022_3	OTU_905_18S_3_200	0.655524134635925
OTU_272_18S_022_3	OTU_914_18S_3_200	-0.652163207530975
ASV_448_16S_3_200	OTU_914_18S_3_200	-0.555111348628998
OTU_851_18S_022_3	OTU_922_18S_3_200	-0.677776396274567
OTU_1513_18S_022_3	OTU_922_18S_3_200	0.58048
OTU_1516_18S_022_3	OTU_923_18S_3_200	0.578042984008789
OTU_7609_18S_022_3	OTU_923_18S_3_200	0.67503547668457
ASV_510_16S_022_3	OTU_935_18S_3_200	0.583582631836337
ASV_1004_16S_022_3	OTU_935_18S_3_200	0.696284770965576
OTU_129_18S_3_200	OTU_939_18S_3_200	0.75727326110444
OTU_2257_18S_022_3	OTU_938_18S_3_200	0.601191848019852
OTU_2467_18S_022_3	OTU_938_18S_3_200	0.629265487194061
OTU_509_18S_3_200	OTU_938_18S_3_200	0.713208317756653
OTU_1581_18S_022_3	OTU_933_18S_3_200	0.70844352962884
OTU_726_18S_022_3	OTU_942_18S_3_200	0.774454271601359
OTU_322_18S_3_200	OTU_942_18S_3_200	0.614984095096588
OTU_455_18S_022_3	OTU_945_18S_3_200	0.848254106652196
OTU_2943_18S_022_3	OTU_945_18S_3_200	0.541446447372437
ASV_293_16S_022_3	OTU_947_18S_3_200	-0.606479823589325
OTU_443_18S_022_3	OTU_947_18S_3_200	0.870616436004639
OTU_1500_18S_022_3	OTU_947_18S_3_200	0.559729708994406
OTU_413_18S_022_3	OTU_951_18S_3_200	0.790047407150269
OTU_684_18S_3_200	OTU_951_18S_3_200	0.530702769756317
OTU_1221_18S_022_3	OTU_954_18S_3_200	0.884932279586792
ASV_1422_16S_3_200	OTU_954_18S_3_200	0.901151625729989
ASV_375_16S_022_3	OTU_957_18S_3_200	-0.789610117322557
ASV_626_16S_3_200	OTU_961_18S_3_200	-0.613440797480363
ASV_1514_16S_3_200	OTU_961_18S_3_200	-0.739999412732594
OTU_260_18S_3_200	OTU_961_18S_3_200	0.593105930543153
OTU_561_18S_3_200	OTU_961_18S_3_200	0.629546499824706
OTU_2080_18S_022_3	OTU_968_18S_3_200	0.67658
OTU_4724_18S_022_3	OTU_968_18S_3_200	0.593476951122284
OTU_271_18S_022_3	OTU_969_18S_3_200	0.537874042987823
OTU_1643_18S_022_3	OTU_969_18S_3_200	0.707507252693176
OTU_509_18S_3_200	OTU_976_18S_3_200	0.758687543074003
OTU_835_18S_3_200	OTU_976_18S_3_200	0.968547761440277
OTU_107_18S_022_3	OTU_987_18S_3_200	0.61139440536499
OTU_1340_18S_022_3	OTU_987_18S_3_200	0.821222342990451
OTU_575_18S_3_200	OTU_987_18S_3_200	0.612709376468138
OTU_734_18S_3_200	OTU_987_18S_3_200	0.823576930772053
OTU_320_18S_022_3	OTU_1004_18S_3_200	0.570118546485901
OTU_1004_18S_022_3	OTU_1004_18S_3_200	0.766492980589617
OTU_726_18S_022_3	OTU_1013_18S_3_200	0.796178943986479
OTU_2099_18S_022_3	OTU_1013_18S_3_200	0.565616726875305
OTU_2742_18S_022_3	OTU_1013_18S_3_200	0.55341757375412
OTU_1215_18S_022_3	OTU_1020_18S_3_200	0.585327208042145
OTU_311_18S_3_200	OTU_1019_18S_3_200	0.777720663167893
OTU_259_18S_022_3	OTU_1025_18S_3_200	0.868759906086704
OTU_1859_18S_022_3	OTU_1025_18S_3_200	0.572077035903931
OTU_2612_18S_022_3	OTU_1025_18S_3_200	0.718167006969452
OTU_3546_18S_022_3	OTU_1040_18S_3_200	0.605629980564117
ASV_628_16S_3_200	OTU_1040_18S_3_200	-0.820846765856749
OTU_178_18S_3_200	OTU_1042_18S_3_200	0.66963072693189
OTU_492_18S_3_200	OTU_1042_18S_3_200	0.720554292201996
OTU_1585_18S_022_3	OTU_1043_18S_3_200	0.547792613506317
OTU_2877_18S_022_3	OTU_1043_18S_3_200	-0.759992769866917
OTU_443_18S_3_200	OTU_1043_18S_3_200	0.687933683395386
OTU_815_18S_3_200	OTU_1043_18S_3_200	0.64767
OTU_1042_18S_3_200	OTU_1043_18S_3_200	0.875531739321516
OTU_3368_18S_022_3	OTU_1051_18S_3_200	-0.613945400230846
OTU_3643_18S_022_3	OTU_1051_18S_3_200	0.619158208370209
OTU_4879_18S_022_3	OTU_1051_18S_3_200	0.733670175075531
OTU_2669_18S_022_3	OTU_1059_18S_3_200	0.742327153682709
OTU_268_18S_3_200	OTU_1059_18S_3_200	0.86569492396712
ASV_1225_16S_022_3	OTU_1063_18S_3_200	0.640612423419952
OTU_509_18S_3_200	OTU_1063_18S_3_200	0.553798973560333
OTU_1563_18S_022_3	OTU_1066_18S_3_200	0.817156160872035
OTU_2083_18S_022_3	OTU_1067_18S_3_200	0.627567648887634
OTU_1830_18S_022_3	OTU_1068_18S_3_200	0.689040805893444
OTU_789_18S_3_200	OTU_1068_18S_3_200	0.586999358367682
OTU_310_18S_3_200	OTU_1023_18S_3_200	0.787393452904931
ASV_41_16S_022_3	OTU_881_18S_3_200	0.847759343879277
OTU_793_18S_022_3	OTU_881_18S_3_200	0.62220698595047
OTU_272_18S_3_200	OTU_1080_18S_3_200	0.803141558267776
OTU_1640_18S_022_3	OTU_1081_18S_3_200	0.580067574977875
ASV_600_16S_3_200	OTU_1081_18S_3_200	0.620805442333221
ASV_2285_16S_022_3	OTU_1083_18S_3_200	0.733152678014386
OTU_1082_18S_022_3	OTU_1082_18S_3_200	0.70782995223999
OTU_2465_18S_022_3	OTU_1082_18S_3_200	0.598537981510162
OTU_1085_18S_022_3	OTU_1085_18S_3_200	0.777862754314789
OTU_1075_18S_022_3	OTU_1117_18S_3_200	0.543630003929138
OTU_1117_18S_022_3	OTU_1117_18S_3_200	0.773131608963013
OTU_703_18S_3_200	OTU_1117_18S_3_200	-0.544628560667361
OTU_438_18S_3_200	OTU_1121_18S_3_200	0.653095006942749
OTU_558_18S_3_200	OTU_1121_18S_3_200	0.861368565673135
ASV_1231_16S_3_200	OTU_1124_18S_3_200	0.762928075484269
OTU_255_18S_022_3	OTU_1105_18S_3_200	-0.622834980487823
OTU_1250_18S_022_3	OTU_1105_18S_3_200	0.62838
OTU_2194_18S_022_3	OTU_1105_18S_3_200	0.708020314986864
OTU_5331_18S_022_3	OTU_1128_18S_3_200	-0.544804215431213
ASV_13_16S_022_3	OTU_1132_18S_3_200	-0.740953780686071
OTU_478_18S_3_200	OTU_1142_18S_3_200	0.758760894666485
OTU_585_18S_3_200	OTU_1142_18S_3_200	0.858114916841995
OTU_148_18S_3_200	OTU_1155_18S_3_200	0.820614936605491
OTU_2261_18S_022_3	OTU_1129_18S_3_200	0.827830291032243
OTU_2209_18S_022_3	OTU_1156_18S_3_200	0.760380250214196
OTU_1174_18S_022_3	OTU_1174_18S_3_200	0.96884822845459
ASV_948_16S_022_3	OTU_1175_18S_3_200	0.742004756437826
ASV_2111_16S_022_3	OTU_1176_18S_3_200	0.766082972010052
OTU_254_18S_3_200	OTU_1176_18S_3_200	-0.757620648262152
OTU_4047_18S_022_3	OTU_1184_18S_3_200	0.544526594214544
OTU_891_18S_3_200	OTU_1184_18S_3_200	0.820193004271279
OTU_1043_18S_022_3	OTU_1186_18S_3_200	0.695288956165314
ASV_777_16S_022_3	OTU_1192_18S_3_200	0.783726586758701
OTU_499_18S_3_200	OTU_1192_18S_3_200	0.592194984621716
OTU_1083_18S_3_200	OTU_1192_18S_3_200	0.654790893188196
OTU_1196_18S_022_3	OTU_1196_18S_3_200	0.924617323945658
OTU_865_18S_3_200	OTU_1196_18S_3_200	-0.557800370184403
ASV_1347_16S_022_3	OTU_1215_18S_3_200	0.734670460224152
OTU_1215_18S_022_3	OTU_1215_18S_3_200	0.688359200954437
OTU_3451_18S_022_3	OTU_1127_18S_3_200	0.555862508408164
OTU_3746_18S_022_3	OTU_1127_18S_3_200	0.54071
OTU_835_18S_3_200	OTU_1127_18S_3_200	0.542254686355591
OTU_954_18S_3_200	OTU_1127_18S_3_200	0.561903258718099
OTU_2254_18S_022_3	OTU_1228_18S_3_200	0.773261274288541
OTU_3228_18S_022_3	OTU_1228_18S_3_200	0.678014725452968
OTU_4268_18S_022_3	OTU_1228_18S_3_200	0.5442
ASV_510_16S_022_3	OTU_1234_18S_3_200	0.563032708622099
OTU_48_18S_022_3	OTU_1234_18S_3_200	0.638059421822598
OTU_515_18S_3_200	OTU_1234_18S_3_200	0.869393467903137
OTU_2882_18S_022_3	OTU_1236_18S_3_200	0.53529280424118
OTU_4296_18S_022_3	OTU_1236_18S_3_200	0.994864761829376
OTU_1415_18S_022_3	OTU_1239_18S_3_200	0.835632801055908
OTU_2053_18S_022_3	OTU_1243_18S_3_200	0.824741163153915
OTU_124_18S_3_200	OTU_1243_18S_3_200	0.560285349080327
OTU_130_18S_3_200	OTU_1243_18S_3_200	0.780013858797619
ASV_91_16S_3_200	OTU_1250_18S_3_200	-0.667516350746155
OTU_1577_18S_022_3	OTU_1254_18S_3_200	0.666795432567596
OTU_116_18S_3_200	OTU_1254_18S_3_200	0.874608761999698
OTU_178_18S_3_200	OTU_1253_18S_3_200	-0.769508383653049
OTU_1155_18S_3_200	OTU_1253_18S_3_200	0.631064474582672
OTU_1223_18S_022_3	OTU_1268_18S_3_200	0.561756730079651
OTU_1308_18S_022_3	OTU_1268_18S_3_200	0.839668368878495
OTU_1727_18S_022_3	OTU_1268_18S_3_200	0.807195874647131
OTU_2082_18S_022_3	OTU_1268_18S_3_200	0.748663472363268
OTU_5415_18S_022_3	OTU_1268_18S_3_200	0.685766518115997
OTU_718_18S_3_200	OTU_1268_18S_3_200	0.578176171354288
OTU_917_18S_022_3	OTU_1273_18S_3_200	0.743714451789856
OTU_4159_18S_022_3	OTU_1273_18S_3_200	0.54489
OTU_3418_18S_022_3	OTU_1277_18S_3_200	0.742951642956635
OTU_936_18S_022_3	OTU_1278_18S_3_200	0.773281405768741
OTU_1281_18S_022_3	OTU_1278_18S_3_200	0.699876964092255
OTU_1186_18S_3_200	OTU_1285_18S_3_200	0.874798906625773
OTU_3081_18S_022_3	OTU_1297_18S_3_200	0.536663538312983
OTU_260_18S_3_200	OTU_1297_18S_3_200	0.69962
OTU_12_18S_3_200	OTU_1309_18S_3_200	0.93262464926215
OTU_377_18S_3_200	OTU_1309_18S_3_200	0.755041335968508
ASV_1424_16S_022_3	OTU_1312_18S_3_200	0.848089643469098
ASV_2183_16S_022_3	OTU_1312_18S_3_200	0.60396
OTU_407_18S_3_200	OTU_1312_18S_3_200	0.779884412114648
ASV_16_16S_022_3	OTU_1314_18S_3_200	-0.880683460987835
OTU_1147_18S_022_3	OTU_1314_18S_3_200	-0.78800548757519
OTU_1248_18S_022_3	OTU_1314_18S_3_200	0.5896
OTU_1314_18S_022_3	OTU_1314_18S_3_200	0.654613957423311
OTU_4111_18S_022_3	OTU_1314_18S_3_200	0.57408195734024
ASV_398_16S_3_200	OTU_1314_18S_3_200	-0.691044867038727
ASV_1112_16S_022_3	OTU_1325_18S_3_200	0.54906176028937
OTU_2194_18S_022_3	OTU_1325_18S_3_200	0.593965581940518
OTU_153_18S_3_200	OTU_1325_18S_3_200	-0.801855919814824
OTU_348_18S_022_3	OTU_1326_18S_3_200	0.759226311479885
OTU_2015_18S_022_3	OTU_1326_18S_3_200	0.749392509460449
OTU_1285_18S_3_200	OTU_1326_18S_3_200	0.917472989525313
OTU_1325_18S_3_200	OTU_1326_18S_3_200	0.547165742048049
OTU_594_18S_3_200	OTU_1327_18S_3_200	0.747040067914146
OTU_1042_18S_3_200	OTU_1327_18S_3_200	0.577819406986237
ASV_613_16S_022_3	OTU_1354_18S_3_200	0.700959324836731
OTU_786_18S_022_3	OTU_1354_18S_3_200	0.565366769897914
OTU_1085_18S_022_3	OTU_1354_18S_3_200	0.948657170447992
ASV_1080_16S_022_3	OTU_1361_18S_3_200	0.756994182045542
OTU_1643_18S_022_3	OTU_1361_18S_3_200	0.537016570568085
OTU_3047_18S_022_3	OTU_1361_18S_3_200	0.738239522084551
OTU_1087_18S_3_200	OTU_1361_18S_3_200	0.743249472200467
ASV_90_16S_022_3	OTU_1368_18S_3_200	-0.726096570491791
OTU_922_18S_022_3	OTU_1368_18S_3_200	0.832892763695098
OTU_809_18S_022_3	OTU_1395_18S_3_200	0.55978786945343
OTU_1319_18S_022_3	OTU_1395_18S_3_200	0.735202592976069
OTU_2570_18S_022_3	OTU_1400_18S_3_200	0.956970304902251
OTU_3074_18S_022_3	OTU_1400_18S_3_200	-0.607136819425093
OTU_656_18S_3_200	OTU_1400_18S_3_200	0.714424595744001
ASV_352_16S_022_3	OTU_1411_18S_3_200	-0.652197003364563
OTU_1956_18S_022_3	OTU_1411_18S_3_200	0.62660402059555
OTU_2938_18S_022_3	OTU_1411_18S_3_200	0.966965816554454
ASV_1031_16S_022_3	OTU_1438_18S_3_200	0.619320273399353
OTU_5003_18S_022_3	OTU_1438_18S_3_200	0.749823430864151
OTU_639_18S_022_3	OTU_1441_18S_3_200	-0.776078723493114
OTU_541_18S_022_3	OTU_1444_18S_3_200	-0.808945573944031
OTU_494_18S_022_3	OTU_1445_18S_3_200	0.69087165594101
OTU_2067_18S_022_3	OTU_1445_18S_3_200	0.650288147382989
OTU_2747_18S_022_3	OTU_1445_18S_3_200	0.840173917177205
OTU_755_18S_3_200	OTU_1450_18S_3_200	0.683091380350832
OTU_1241_18S_022_3	OTU_1465_18S_3_200	-0.738174562230938
ASV_1112_16S_022_3	OTU_1474_18S_3_200	0.853666527318311
OTU_356_18S_3_200	OTU_1475_18S_3_200	0.62511682510376
OTU_438_18S_3_200	OTU_1475_18S_3_200	0.706563770771027
OTU_392_18S_022_3	OTU_1476_18S_3_200	-0.791903219297676
OTU_1121_18S_3_200	OTU_1476_18S_3_200	0.603640019893646
OTU_7179_18S_022_3	OTU_1478_18S_3_200	0.611039280891418
OTU_865_18S_3_200	OTU_1478_18S_3_200	0.74226838350296
ASV_1040_16S_022_3	OTU_1479_18S_3_200	0.64392626285553
OTU_415_18S_022_3	OTU_1479_18S_3_200	-0.78066349421748
OTU_4266_18S_022_3	OTU_1479_18S_3_200	0.607831479827369
OTU_1215_18S_3_200	OTU_1479_18S_3_200	0.533733607095963
OTU_1465_18S_3_200	OTU_1479_18S_3_200	0.578705012798309
OTU_968_18S_022_3	OTU_1452_18S_3_200	0.65837
OTU_5331_18S_022_3	OTU_1452_18S_3_200	0.562372148036957
OTU_728_18S_3_200	OTU_1452_18S_3_200	0.673488259315491
OTU_1128_18S_3_200	OTU_1452_18S_3_200	0.656658374230197
OTU_2787_18S_022_3	OTU_1488_18S_3_200	0.657615303993225
OTU_767_18S_3_200	OTU_1488_18S_3_200	0.681833744049072
OTU_1239_18S_3_200	OTU_1488_18S_3_200	0.81940866251951
OTU_1475_18S_3_200	OTU_1489_18S_3_200	0.799913252779307
OTU_2897_18S_022_3	OTU_1463_18S_3_200	0.918007113682016
OTU_1340_18S_022_3	OTU_1497_18S_3_200	0.581387658106384
OTU_6743_18S_022_3	OTU_1497_18S_3_200	0.775190227745772
OTU_522_18S_3_200	OTU_1497_18S_3_200	0.61099985543293
OTU_1107_18S_3_200	OTU_1511_18S_3_200	0.549063622951508
OTU_434_18S_3_200	OTU_1519_18S_3_200	0.645135939121246
OTU_590_18S_3_200	OTU_1519_18S_3_200	0.742189507920533
OTU_818_18S_3_200	OTU_1519_18S_3_200	0.762614807891639
OTU_1923_18S_022_3	OTU_1523_18S_3_200	0.787145925167123
OTU_2853_18S_022_3	OTU_1523_18S_3_200	0.576456248760223
OTU_752_18S_022_3	OTU_1525_18S_3_200	0.75914006141823
OTU_655_18S_3_200	OTU_1544_18S_3_200	0.806263973903198
OTU_684_18S_3_200	OTU_1544_18S_3_200	0.60181
ASV_567_16S_022_3	OTU_1546_18S_3_200	-0.555454075336456
OTU_2257_18S_022_3	OTU_1546_18S_3_200	0.59089
ASV_457_16S_022_3	OTU_1550_18S_3_200	-0.777432792876501
OTU_2245_18S_022_3	OTU_1565_18S_3_200	0.560662971024924
OTU_1273_18S_3_200	OTU_1565_18S_3_200	0.680201450924352
ASV_1272_16S_022_3	OTU_1570_18S_3_200	0.912532066077386
ASV_973_16S_3_200	OTU_1578_18S_3_200	0.747881591083409
OTU_628_18S_3_200	OTU_1578_18S_3_200	0.5308877825737
OTU_891_18S_3_200	OTU_1578_18S_3_200	0.599717585822807
ASV_1567_16S_022_3	OTU_1581_18S_3_200	0.682987702880532
OTU_482_18S_3_200	OTU_1581_18S_3_200	0.566952457940033
OTU_1184_18S_3_200	OTU_1581_18S_3_200	0.704286114234537
OTU_905_18S_022_3	OTU_1587_18S_3_200	0.603384912014008
OTU_511_18S_022_3	OTU_1596_18S_3_200	0.671943920971524
OTU_820_18S_022_3	OTU_1596_18S_3_200	0.572614051132677
ASV_2123_16S_022_3	OTU_1614_18S_3_200	0.595076203346252
OTU_482_18S_3_200	OTU_1614_18S_3_200	0.586324540752447
ASV_1943_16S_022_3	OTU_1619_18S_3_200	0.55816451781064
OTU_902_18S_022_3	OTU_1619_18S_3_200	0.72982394695282
OTU_1297_18S_022_3	OTU_1621_18S_3_200	0.595505176279799
OTU_1621_18S_022_3	OTU_1621_18S_3_200	0.631393623589639
OTU_328_18S_3_200	OTU_1621_18S_3_200	0.662847816944122
OTU_494_18S_3_200	OTU_1621_18S_3_200	0.644545137882233
OTU_679_18S_022_3	OTU_1626_18S_3_200	0.755628824234009
OTU_718_18S_3_200	OTU_1626_18S_3_200	0.677306526088495
OTU_835_18S_3_200	OTU_1626_18S_3_200	0.596744352401772
OTU_1067_18S_3_200	OTU_1626_18S_3_200	0.584023168082674
OTU_1127_18S_3_200	OTU_1626_18S_3_200	0.55979573726654
OTU_502_18S_3_200	OTU_1627_18S_3_200	0.558113857367903
OTU_809_18S_3_200	OTU_1627_18S_3_200	0.813932620556268
OTU_1320_18S_3_200	OTU_1627_18S_3_200	0.783763885498047
ASV_600_16S_3_200	OTU_1640_18S_3_200	0.547968924045563
OTU_4666_18S_022_3	OTU_1645_18S_3_200	0.736776453957011
OTU_961_18S_3_200	OTU_1645_18S_3_200	0.5382002047228
OTU_1505_18S_3_200	OTU_1645_18S_3_200	0.791782813471094
OTU_137_18S_3_200	OTU_1577_18S_3_200	0.93744109468518
OTU_5824_18S_022_3	OTU_1652_18S_3_200	-0.782382708851588
ASV_208_16S_022_3	OTU_1659_18S_3_200	-0.78457935525587
ASV_1003_16S_022_3	OTU_1659_18S_3_200	0.765925943851471
ASV_1376_16S_022_3	OTU_1659_18S_3_200	0.732510793847873
OTU_935_18S_3_200	OTU_1659_18S_3_200	0.63106
ASV_614_16S_022_3	OTU_1656_18S_3_200	-0.752085364961701
OTU_1008_18S_022_3	OTU_1658_18S_3_200	0.735734508307287
OTU_736_18S_3_200	OTU_1658_18S_3_200	0.7935147058913
OTU_1154_18S_022_3	OTU_1662_18S_3_200	0.635455667972565
OTU_776_18S_3_200	OTU_1662_18S_3_200	0.644855187753714
OTU_1577_18S_022_3	OTU_1669_18S_3_200	0.614544212818146
OTU_3969_18S_022_3	OTU_1669_18S_3_200	0.79810366869355
OTU_328_18S_3_200	OTU_1669_18S_3_200	0.905775152175407
OTU_160_18S_3_200	OTU_1679_18S_3_200	-0.78139008293781
ASV_131_16S_022_3	OTU_1681_18S_3_200	-0.561797201633453
ASV_438_16S_022_3	OTU_1681_18S_3_200	-0.788418840565384
OTU_532_18S_3_200	OTU_1683_18S_3_200	0.750602820044157
OTU_1228_18S_022_3	OTU_1691_18S_3_200	0.733984937057263
OTU_295_18S_022_3	OTU_1698_18S_3_200	0.811529797615412
OTU_2770_18S_022_3	OTU_1698_18S_3_200	0.701572597026825
OTU_1700_18S_022_3	OTU_1700_18S_3_200	0.878022031571938
OTU_3558_18S_022_3	OTU_1700_18S_3_200	0.633463966175447
OTU_767_18S_3_200	OTU_1700_18S_3_200	0.712033748626709
ASV_1336_16S_022_3	OTU_1704_18S_3_200	0.835209231350889
ASV_1678_16S_022_3	OTU_1704_18S_3_200	0.751483506007559
ASV_1312_16S_022_3	OTU_1727_18S_3_200	0.645741105079651
ASV_1540_16S_022_3	OTU_1744_18S_3_200	0.7668162151723
ASV_1252_16S_022_3	OTU_1750_18S_3_200	-0.786244018448482
OTU_1596_18S_3_200	OTU_1762_18S_3_200	0.804413412443647
OTU_252_18S_3_200	OTU_1764_18S_3_200	0.70793867111206
OTU_2529_18S_022_3	OTU_1773_18S_3_200	0.885450399798236
OTU_404_18S_022_3	OTU_1740_18S_3_200	-0.812098354922582
OTU_539_18S_022_3	OTU_1740_18S_3_200	0.671373128890991
OTU_2154_18S_022_3	OTU_1783_18S_3_200	0.567759692668915
OTU_2185_18S_022_3	OTU_1783_18S_3_200	0.781559323860784
OTU_1250_18S_022_3	OTU_1785_18S_3_200	0.741691378546946
OTU_3642_18S_022_3	OTU_1785_18S_3_200	0.675526320934296
OTU_1142_18S_3_200	OTU_1791_18S_3_200	0.629321344243528
OTU_731_18S_3_200	OTU_1815_18S_3_200	0.698520096713803
OTU_1395_18S_3_200	OTU_1815_18S_3_200	0.562585651874542
OTU_574_18S_022_3	OTU_1822_18S_3_200	0.775951455486829
OTU_698_18S_022_3	OTU_1822_18S_3_200	0.543522655963898
OTU_2254_18S_022_3	OTU_1822_18S_3_200	0.545036196708679
OTU_1505_18S_3_200	OTU_1822_18S_3_200	0.603372931480408
OTU_957_18S_022_3	OTU_1832_18S_3_200	0.65714
OTU_1196_18S_3_200	OTU_1832_18S_3_200	0.643247663974762
OTU_184_18S_3_200	OTU_1833_18S_3_200	0.65786862373352
OTU_215_18S_3_200	OTU_1833_18S_3_200	0.63011884689331
OTU_446_18S_3_200	OTU_1833_18S_3_200	0.628197951573633
OTU_332_18S_022_3	OTU_1841_18S_3_200	0.578059434890747
OTU_1546_18S_3_200	OTU_1846_18S_3_200	0.791810072024804
OTU_508_18S_022_3	OTU_1851_18S_3_200	0.605610728263855
OTU_807_18S_022_3	OTU_1851_18S_3_200	0.566471218491325
OTU_252_18S_3_200	OTU_1851_18S_3_200	0.554
OTU_680_18S_3_200	OTU_1851_18S_3_200	0.633586466312408
OTU_1764_18S_3_200	OTU_1851_18S_3_200	0.553716465327865
ASV_1019_16S_022_3	OTU_1854_18S_3_200	0.550574077023413
OTU_205_18S_3_200	OTU_1854_18S_3_200	0.576472277163564
OTU_376_18S_3_200	OTU_1854_18S_3_200	0.634329816953102
OTU_3539_18S_022_3	OTU_1861_18S_3_200	0.682981167380373
OTU_1685_18S_3_200	OTU_1861_18S_3_200	0.839084738372482
ASV_271_16S_022_3	OTU_1860_18S_3_200	-0.823133179899391
OTU_594_18S_3_200	OTU_1876_18S_3_200	0.872377066168773
OTU_789_18S_3_200	OTU_1876_18S_3_200	0.538111673598322
OTU_203_18S_022_3	OTU_1878_18S_3_200	-0.759498965888662
OTU_1366_18S_022_3	OTU_1878_18S_3_200	-0.552636641123945
OTU_260_18S_3_200	OTU_1878_18S_3_200	0.606631271594387
OTU_518_18S_022_3	OTU_1880_18S_3_200	0.788271248340607
OTU_1709_18S_022_3	OTU_1880_18S_3_200	-0.608490084615831
OTU_2866_18S_022_3	OTU_1880_18S_3_200	0.954035401344299
OTU_72_18S_022_3	OTU_1887_18S_3_200	0.847912676445541
OTU_2029_18S_022_3	OTU_1925_18S_3_200	0.98709234017714
OTU_4430_18S_022_3	OTU_1925_18S_3_200	-0.75777804851532
ASV_302_16S_022_3	OTU_1931_18S_3_200	-0.643330097198486
OTU_321_18S_022_3	OTU_1931_18S_3_200	0.788654277223788
OTU_1312_18S_3_200	OTU_1913_18S_3_200	0.703747630119324
OTU_1217_18S_022_3	OTU_1937_18S_3_200	0.558859729504316
OTU_2169_18S_022_3	OTU_1937_18S_3_200	0.815729013814448
OTU_617_18S_3_200	OTU_1937_18S_3_200	0.604439437389374
OTU_1878_18S_3_200	OTU_1937_18S_3_200	0.54044087906818
OTU_2747_18S_022_3	OTU_1951_18S_3_200	0.652376200659472
OTU_174_18S_3_200	OTU_1951_18S_3_200	0.946249186992645
OTU_903_18S_3_200	OTU_1951_18S_3_200	0.601182460784912
OTU_4557_18S_022_3	OTU_1958_18S_3_200	0.990538488435422
ASV_120_16S_022_3	OTU_1966_18S_3_200	-0.563681304454803
ASV_205_16S_3_200	OTU_1966_18S_3_200	-0.658253192901611
OTU_1004_18S_3_200	OTU_1966_18S_3_200	0.652354911926865
OTU_2257_18S_022_3	OTU_1959_18S_3_200	0.734415586582817
OTU_1566_18S_022_3	OTU_1972_18S_3_200	0.745269919915918
OTU_140_18S_3_200	OTU_1978_18S_3_200	-0.794004844067052
OTU_572_18S_3_200	OTU_1978_18S_3_200	0.747606814064803
OTU_256_18S_022_3	OTU_1990_18S_3_200	-0.774393703947158
OTU_367_18S_022_3	OTU_1990_18S_3_200	-0.678930103778839
OTU_1068_18S_3_200	OTU_2006_18S_3_200	0.545325416267188
OTU_1527_18S_3_200	OTU_2006_18S_3_200	0.737957595362101
OTU_2337_18S_022_3	OTU_2011_18S_3_200	0.576146483421326
OTU_260_18S_3_200	OTU_2011_18S_3_200	0.623625039467244
OTU_322_18S_3_200	OTU_2011_18S_3_200	0.545998692200118
OTU_1031_18S_3_200	OTU_2011_18S_3_200	0.762509582842709
OTU_2897_18S_022_3	OTU_2015_18S_3_200	0.801723192033589
OTU_84_18S_3_200	OTU_2017_18S_3_200	0.79539911106322
ASV_230_16S_022_3	OTU_1896_18S_3_200	-0.754478571208958
ASV_2123_16S_022_3	OTU_1896_18S_3_200	0.864300595074691
OTU_896_18S_3_200	OTU_1896_18S_3_200	0.827783218689878
OTU_1174_18S_3_200	OTU_1896_18S_3_200	0.614508211612701
OTU_539_18S_3_200	OTU_2025_18S_3_200	0.682527363300323
OTU_1913_18S_3_200	OTU_2025_18S_3_200	0.879735218191968
OTU_3982_18S_022_3	OTU_2029_18S_3_200	0.544751107692719
OTU_721_18S_3_200	OTU_2052_18S_3_200	-0.758969967504409
OTU_895_18S_3_200	OTU_2052_18S_3_200	0.728069841861725
ASV_201_16S_022_3	OTU_2051_18S_3_200	-0.7677983045578
OTU_139_18S_022_3	OTU_2051_18S_3_200	-0.831244075067791
OTU_933_18S_3_200	OTU_2051_18S_3_200	0.943556606769562
OTU_399_18S_3_200	OTU_2070_18S_3_200	0.785928146221657
OTU_2328_18S_022_3	OTU_2071_18S_3_200	0.819339651754993
OTU_2432_18S_022_3	OTU_2071_18S_3_200	0.55025
ASV_302_16S_022_3	OTU_2082_18S_3_200	-0.790044246362748
OTU_295_18S_022_3	OTU_2082_18S_3_200	0.710283577442169
OTU_1760_18S_022_3	OTU_2082_18S_3_200	0.899256587028503
OTU_1895_18S_022_3	OTU_2082_18S_3_200	0.55978000164032
OTU_1067_18S_3_200	OTU_2082_18S_3_200	0.625833690166473
OTU_1783_18S_022_3	OTU_2083_18S_3_200	0.75445681810379
OTU_3509_18S_022_3	OTU_2083_18S_3_200	0.67553221489768
OTU_4268_18S_022_3	OTU_2083_18S_3_200	0.797758211314714
OTU_597_18S_022_3	OTU_2012_18S_3_200	0.793106927248741
OTU_1925_18S_022_3	OTU_2012_18S_3_200	0.656649477238547
OTU_4151_18S_022_3	OTU_2012_18S_3_200	0.568392868161734
OTU_1215_18S_022_3	OTU_2091_18S_3_200	0.618605434894562
ASV_1424_16S_3_200	OTU_2099_18S_3_200	0.760241213588659
OTU_2609_18S_022_3	OTU_2122_18S_3_200	0.882039453708607
OTU_2747_18S_022_3	OTU_2122_18S_3_200	0.608653903007507
OTU_252_18S_3_200	OTU_2122_18S_3_200	0.673646807670593
ASV_1237_16S_022_3	OTU_2124_18S_3_200	0.8301148112907
OTU_1281_18S_022_3	OTU_2124_18S_3_200	0.558304786682129
OTU_1075_18S_022_3	OTU_2137_18S_3_200	0.809287905693054
OTU_1374_18S_022_3	OTU_2137_18S_3_200	0.94074422121048
OTU_1698_18S_022_3	OTU_2137_18S_3_200	0.60884
OTU_1748_18S_022_3	OTU_2139_18S_3_200	0.545294392166376
OTU_731_18S_3_200	OTU_2139_18S_3_200	0.943769752979279
OTU_515_18S_022_3	OTU_2141_18S_3_200	0.687118232250214
OTU_1107_18S_3_200	OTU_2141_18S_3_200	0.645770251750946
ASV_319_16S_022_3	OTU_2144_18S_3_200	-0.582358419895172
OTU_131_18S_022_3	OTU_2144_18S_3_200	0.640712797641754
OTU_1735_18S_022_3	OTU_2144_18S_3_200	0.559080434540682
OTU_2080_18S_022_3	OTU_2144_18S_3_200	0.562869958068411
OTU_174_18S_3_200	OTU_2153_18S_3_200	0.619951844215393
OTU_617_18S_3_200	OTU_2153_18S_3_200	0.73915308713913
OTU_365_18S_3_200	OTU_2154_18S_3_200	0.742592593629673
OTU_747_18S_3_200	OTU_2154_18S_3_200	0.80220631315672
OTU_1215_18S_022_3	OTU_2184_18S_3_200	0.60799
OTU_5590_18S_022_3	OTU_2184_18S_3_200	0.582699339522212
OTU_6215_18S_022_3	OTU_2184_18S_3_200	0.572156131267548
OTU_332_18S_3_200	OTU_2184_18S_3_200	0.66060206954032
OTU_2609_18S_022_3	OTU_2197_18S_3_200	0.828386187553406
OTU_2724_18S_022_3	OTU_2197_18S_3_200	0.79401558637619
OTU_526_18S_022_3	OTU_2198_18S_3_200	0.54614553225312
OTU_2025_18S_3_200	OTU_2198_18S_3_200	0.54286
OTU_182_18S_022_3	OTU_2200_18S_3_200	0.789683043956757
OTU_785_18S_022_3	OTU_2200_18S_3_200	0.542646467685699
OTU_804_18S_022_3	OTU_2200_18S_3_200	0.615519057583205
OTU_467_18S_3_200	OTU_2200_18S_3_200	0.5364308322029
OTU_1320_18S_3_200	OTU_2207_18S_3_200	0.806013233731501
OTU_922_18S_022_3	OTU_2215_18S_3_200	0.644574709103676
ASV_1979_16S_3_200	OTU_2215_18S_3_200	0.53540576888273
OTU_1727_18S_3_200	OTU_2215_18S_3_200	0.775741040706635
OTU_6042_18S_022_3	OTU_2236_18S_3_200	0.733353179532382
OTU_1735_18S_022_3	OTU_2244_18S_3_200	0.778916943503626
ASV_830_16S_022_3	OTU_2247_18S_3_200	-0.744625921569135
OTU_2206_18S_022_3	OTU_2263_18S_3_200	0.548157890094762
OTU_3509_18S_022_3	OTU_2263_18S_3_200	-0.58124743439923
OTU_1785_18S_3_200	OTU_2263_18S_3_200	0.572970151901245
OTU_2028_18S_022_3	OTU_2266_18S_3_200	0.751041983835388
OTU_276_18S_3_200	OTU_2268_18S_3_200	0.860375344753265
OTU_865_18S_3_200	OTU_2268_18S_3_200	0.89770120382309
OTU_3403_18S_022_3	OTU_2272_18S_3_200	0.82469420335139
OTU_3476_18S_022_3	OTU_2272_18S_3_200	0.592680156230927
OTU_1525_18S_3_200	OTU_2274_18S_3_200	0.768794927942547
OTU_3231_18S_022_3	OTU_2280_18S_3_200	0.803679893617777
OTU_2204_18S_3_200	OTU_2280_18S_3_200	0.716946065425873
OTU_1074_18S_022_3	OTU_2279_18S_3_200	0.691138049898411
OTU_2279_18S_022_3	OTU_2279_18S_3_200	0.594295859336853
OTU_2006_18S_3_200	OTU_2279_18S_3_200	0.802778890317018
OTU_408_18S_022_3	OTU_2285_18S_3_200	-0.569904327392578
OTU_728_18S_022_3	OTU_2285_18S_3_200	0.716551184654236
OTU_2166_18S_022_3	OTU_2285_18S_3_200	0.540584347135873
OTU_1992_18S_022_3	OTU_2293_18S_3_200	0.777599082401709
OTU_168_18S_022_3	OTU_2313_18S_3_200	-0.759286635546758
OTU_2169_18S_022_3	OTU_2306_18S_3_200	0.787254410115914
OTU_905_18S_022_3	OTU_2325_18S_3_200	0.62493742947836
OTU_2083_18S_3_200	OTU_2325_18S_3_200	0.810510615377475
OTU_981_18S_022_3	OTU_2329_18S_3_200	0.566662928170266
OTU_1301_18S_022_3	OTU_2329_18S_3_200	0.889646997046952
OTU_923_18S_022_3	OTU_2331_18S_3_200	0.696918512056064
OTU_3729_18S_022_3	OTU_2331_18S_3_200	0.839065262128026
OTU_2245_18S_3_200	OTU_2345_18S_3_200	0.9669588804245
ASV_1388_16S_022_3	OTU_2348_18S_3_200	0.760314317143828
ASV_2123_16S_022_3	OTU_2348_18S_3_200	0.608480942453071
OTU_1234_18S_3_200	OTU_2348_18S_3_200	0.584374964237213
OTU_2642_18S_022_3	OTU_2353_18S_3_200	0.754570798699474
OTU_1128_18S_022_3	OTU_2359_18S_3_200	-0.537975226948105
OTU_2152_18S_022_3	OTU_2359_18S_3_200	-0.752359746465254
OTU_4728_18S_022_3	OTU_2359_18S_3_200	0.754870235919952
OTU_4891_18S_022_3	OTU_2359_18S_3_200	0.616904318332672
OTU_7006_18S_022_3	OTU_2359_18S_3_200	0.959054052829742
OTU_466_18S_3_200	OTU_2373_18S_3_200	0.688311100006104
OTU_2200_18S_3_200	OTU_2373_18S_3_200	0.901938764669656
OTU_1221_18S_022_3	OTU_2385_18S_3_200	0.663049399852753
OTU_2345_18S_3_200	OTU_2385_18S_3_200	-0.608152502177465
OTU_484_18S_022_3	OTU_2390_18S_3_200	0.645079672336578
ASV_1359_16S_3_200	OTU_2390_18S_3_200	0.580086767673492
OTU_625_18S_3_200	OTU_2393_18S_3_200	0.749501311435194
OTU_961_18S_3_200	OTU_2393_18S_3_200	0.640507936477661
OTU_3361_18S_022_3	OTU_2395_18S_3_200	0.876602533825425
ASV_398_16S_3_200	OTU_2396_18S_3_200	-0.570719801511984
OTU_1067_18S_3_200	OTU_2396_18S_3_200	0.800918550766437
OTU_119_18S_3_200	OTU_2400_18S_3_200	-0.7904923549778
OTU_479_18S_3_200	OTU_2400_18S_3_200	-0.748121379537725
OTU_1956_18S_022_3	OTU_2401_18S_3_200	0.610932230949402
OTU_2688_18S_022_3	OTU_2401_18S_3_200	0.785109360651015
OTU_2605_18S_022_3	OTU_2457_18S_3_200	0.607783665053567
OTU_568_18S_3_200	OTU_2457_18S_3_200	0.79194542068813
OTU_2263_18S_3_200	OTU_2457_18S_3_200	0.659669518470764
OTU_1796_18S_022_3	OTU_2471_18S_3_200	0.550967872142792
OTU_1474_18S_3_200	OTU_2471_18S_3_200	0.84326982498169
ASV_508_16S_3_200	OTU_2478_18S_3_200	0.737599114261305
OTU_701_18S_022_3	OTU_2485_18S_3_200	0.746962539840356
OTU_1211_18S_022_3	OTU_2485_18S_3_200	0.563113261161494
OTU_2704_18S_022_3	OTU_2485_18S_3_200	0.738638931437217
OTU_1780_18S_022_3	OTU_2498_18S_3_200	0.896965086460114
ASV_2139_16S_022_3	OTU_2506_18S_3_200	0.812983161507237
OTU_1791_18S_3_200	OTU_2518_18S_3_200	0.735456729568868
OTU_793_18S_022_3	OTU_2547_18S_3_200	0.686820089817047
OTU_2312_18S_022_3	OTU_2547_18S_3_200	0.695238471031189
OTU_1450_18S_3_200	OTU_2547_18S_3_200	0.624239683151245
OTU_2039_18S_3_200	OTU_2547_18S_3_200	0.76855233740177
OTU_1783_18S_022_3	OTU_2550_18S_3_200	0.925116543560396
OTU_4268_18S_022_3	OTU_2550_18S_3_200	-0.631278932094574
OTU_2139_18S_3_200	OTU_2550_18S_3_200	0.564604461193085
OTU_1295_18S_022_3	OTU_2558_18S_3_200	0.787183551761497
OTU_1285_18S_3_200	OTU_2558_18S_3_200	0.540346849944939
OTU_1325_18S_3_200	OTU_2558_18S_3_200	0.672969500009669
ASV_302_16S_022_3	OTU_2561_18S_3_200	-0.662305414676666
OTU_321_18S_022_3	OTU_2561_18S_3_200	0.841070956484851
OTU_957_18S_022_3	OTU_2573_18S_3_200	0.90810948375951
OTU_306_18S_3_200	OTU_2583_18S_3_200	0.761985755509083
OTU_1281_18S_022_3	OTU_2595_18S_3_200	0.756967737119909
OTU_2597_18S_022_3	OTU_2597_18S_3_200	0.883762379980469
OTU_1511_18S_3_200	OTU_2597_18S_3_200	0.731927216053009
OTU_1128_18S_022_3	OTU_2598_18S_3_200	0.733365186798869
ASV_100_16S_022_3	OTU_2605_18S_3_200	0.61493
OTU_321_18S_022_3	OTU_2605_18S_3_200	0.581550084706062
OTU_1321_18S_022_3	OTU_2605_18S_3_200	0.53740110565589
OTU_3884_18S_022_3	OTU_2605_18S_3_200	0.652536611539376
ASV_1422_16S_3_200	OTU_2605_18S_3_200	0.606128513813019
ASV_113_16S_3_200	OTU_2608_18S_3_200	-0.63808
OTU_2313_18S_3_200	OTU_2608_18S_3_200	0.999092221260071
ASV_229_16S_022_3	OTU_2611_18S_3_200	-0.753246957791894
OTU_11_18S_3_200	OTU_2612_18S_3_200	0.64320182800293
OTU_1841_18S_3_200	OTU_2612_18S_3_200	0.810879631620613
OTU_903_18S_3_200	OTU_2621_18S_3_200	0.765605504813961
OTU_4257_18S_022_3	OTU_2638_18S_3_200	0.72993
OTU_2373_18S_3_200	OTU_2638_18S_3_200	0.671493530273438
OTU_1587_18S_3_200	OTU_2637_18S_3_200	0.537584245204926
OTU_2642_18S_022_3	OTU_2642_18S_3_200	0.647689342498779
OTU_442_18S_3_200	OTU_2651_18S_3_200	0.546413123607635
OTU_630_18S_3_200	OTU_2651_18S_3_200	0.769106079883027
OTU_408_18S_022_3	OTU_2659_18S_3_200	-0.838924378539025
OTU_2975_18S_022_3	OTU_2659_18S_3_200	0.689836144447327
OTU_1321_18S_022_3	OTU_2669_18S_3_200	0.809849694218264
OTU_4254_18S_022_3	OTU_2669_18S_3_200	0.629928171634674
OTU_1201_18S_022_3	OTU_2681_18S_3_200	0.773929181805915
OTU_1295_18S_022_3	OTU_2681_18S_3_200	0.652693629264832
OTU_1215_18S_022_3	OTU_2692_18S_3_200	0.620512187480927
ASV_1225_16S_022_3	OTU_2696_18S_3_200	0.633332908153534
OTU_959_18S_022_3	OTU_2702_18S_3_200	0.74893969265774
OTU_1538_18S_3_200	OTU_2719_18S_3_200	0.955628779046414
ASV_1026_16S_022_3	OTU_2752_18S_3_200	-0.829617660826615
OTU_2691_18S_022_3	OTU_2752_18S_3_200	0.592646956443787
OTU_205_18S_3_200	OTU_2767_18S_3_200	0.769750609428334
OTU_2331_18S_3_200	OTU_2767_18S_3_200	0.790212452411652
ASV_1221_16S_022_3	OTU_2784_18S_3_200	0.554551658846661
OTU_4969_18S_022_3	OTU_2784_18S_3_200	0.544551713747084
OTU_101_18S_3_200	OTU_2784_18S_3_200	0.806627278270746
OTU_515_18S_3_200	OTU_2784_18S_3_200	0.541381777997282
OTU_1511_18S_022_3	OTU_2816_18S_3_200	0.662469029426575
OTU_1861_18S_3_200	OTU_2816_18S_3_200	0.84009879663392
OTU_2692_18S_3_200	OTU_2816_18S_3_200	0.792108329859857
ASV_1019_16S_022_3	OTU_2754_18S_3_200	0.586240708827972
OTU_510_18S_022_3	OTU_2754_18S_3_200	0.554029822349548
OTU_1678_18S_022_3	OTU_2754_18S_3_200	0.892418737469941
ASV_266_16S_022_3	OTU_2824_18S_3_200	-0.80137014744791
OTU_2177_18S_3_200	OTU_2824_18S_3_200	0.887526446015735
OTU_3884_18S_022_3	OTU_2836_18S_3_200	0.911962270736694
OTU_4257_18S_022_3	OTU_2836_18S_3_200	0.65127
OTU_835_18S_3_200	OTU_2836_18S_3_200	0.675056517124176
OTU_287_18S_022_3	OTU_2835_18S_3_200	0.667747259140015
OTU_452_18S_022_3	OTU_2835_18S_3_200	0.537535011768341
OTU_483_18S_022_3	OTU_2835_18S_3_200	0.613405883312225
OTU_2204_18S_022_3	OTU_2835_18S_3_200	0.580560028553009
OTU_36_18S_3_200	OTU_2835_18S_3_200	-0.55427896976471
OTU_251_18S_3_200	OTU_2835_18S_3_200	0.541973233222961
OTU_483_18S_3_200	OTU_2835_18S_3_200	0.732686065221999
OTU_595_18S_3_200	OTU_2835_18S_3_200	0.5547975897789
OTU_704_18S_3_200	OTU_2835_18S_3_200	0.590853189943568
ASV_908_16S_022_3	OTU_2855_18S_3_200	0.591379165649414
ASV_2318_16S_3_200	OTU_2855_18S_3_200	0.870137670686547
OTU_900_18S_3_200	OTU_2877_18S_3_200	0.774603791700484
OTU_816_18S_022_3	OTU_2906_18S_3_200	0.75556898554547
OTU_3751_18S_022_3	OTU_2906_18S_3_200	0.53331
OTU_808_18S_3_200	OTU_2906_18S_3_200	0.555757382571675
OTU_622_18S_3_200	OTU_2928_18S_3_200	0.750919997692108
OTU_2091_18S_3_200	OTU_2928_18S_3_200	0.79566709487387
OTU_1551_18S_022_3	OTU_2931_18S_3_200	0.563386809271291
OTU_477_18S_3_200	OTU_2931_18S_3_200	0.59663
OTU_592_18S_3_200	OTU_2931_18S_3_200	0.595647215843201
OTU_1640_18S_3_200	OTU_2931_18S_3_200	0.876481130999609
OTU_2198_18S_3_200	OTU_2963_18S_3_200	-0.688396211104208
OTU_2083_18S_022_3	OTU_2979_18S_3_200	0.739721770469299
OTU_1876_18S_3_200	OTU_2979_18S_3_200	0.629809737205505
OTU_1007_18S_022_3	OTU_2986_18S_3_200	0.540968537330627
OTU_1805_18S_022_3	OTU_2986_18S_3_200	0.533103406429291
OTU_4442_18S_022_3	OTU_2986_18S_3_200	0.545417666435242
OTU_6694_18S_022_3	OTU_2986_18S_3_200	0.611831805763891
OTU_2325_18S_3_200	OTU_2986_18S_3_200	0.779626420218313
OTU_905_18S_022_3	OTU_3005_18S_3_200	0.830754724744149
OTU_2393_18S_3_200	OTU_3005_18S_3_200	0.58395129442215
OTU_440_18S_3_200	OTU_3022_18S_3_200	0.766531948499847
OTU_1778_18S_3_200	OTU_3022_18S_3_200	0.830351053798816
OTU_1610_18S_3_200	OTU_3048_18S_3_200	0.736809987581714
OTU_4969_18S_022_3	OTU_3069_18S_3_200	0.563421308994293
OTU_477_18S_3_200	OTU_3069_18S_3_200	0.700711369514465
OTU_568_18S_3_200	OTU_3074_18S_3_200	0.848444759845734
OTU_694_18S_3_200	OTU_3074_18S_3_200	-0.627650260925293
OTU_896_18S_3_200	OTU_3087_18S_3_200	0.800834978166113
OTU_574_18S_022_3	OTU_3086_18S_3_200	0.553459369578363
OTU_3476_18S_022_3	OTU_3086_18S_3_200	0.772886899346367
OTU_720_18S_3_200	OTU_3086_18S_3_200	0.816409553951018
ASV_973_16S_3_200	OTU_3094_18S_3_200	0.9113461566318
OTU_1569_18S_022_3	OTU_3110_18S_3_200	-0.777744498633725
ASV_635_16S_022_3	OTU_3122_18S_3_200	0.855493303066676
OTU_5328_18S_022_3	OTU_3122_18S_3_200	0.619357705116272
ASV_532_16S_3_200	OTU_3121_18S_3_200	-0.73227296200285
OTU_4257_18S_022_3	OTU_3123_18S_3_200	-0.759278774261475
OTU_3145_18S_022_3	OTU_3145_18S_3_200	0.579484283924103
OTU_4747_18S_022_3	OTU_3145_18S_3_200	0.703022181987762
OTU_656_18S_3_200	OTU_3145_18S_3_200	0.78291
OTU_2198_18S_3_200	OTU_3145_18S_3_200	0.54519
ASV_1953_16S_022_3	OTU_3151_18S_3_200	0.558468341827393
OTU_16_18S_3_200	OTU_3151_18S_3_200	-0.736748799904343
ASV_1221_16S_022_3	OTU_3152_18S_3_200	0.758565093810601
OTU_1447_18S_022_3	OTU_3152_18S_3_200	0.567564679632708
OTU_1640_18S_022_3	OTU_3152_18S_3_200	0.55259460007133
OTU_2029_18S_3_200	OTU_3152_18S_3_200	0.731111705303192
OTU_1748_18S_022_3	OTU_3164_18S_3_200	0.958863058055446
OTU_4973_18S_022_3	OTU_3164_18S_3_200	0.683034975147989
OTU_5331_18S_022_3	OTU_3164_18S_3_200	0.538494956289233
OTU_1128_18S_3_200	OTU_3164_18S_3_200	0.94950932264328
OTU_1292_18S_022_3	OTU_3171_18S_3_200	0.54418
OTU_1478_18S_3_200	OTU_3171_18S_3_200	0.554705254203676
OTU_2325_18S_3_200	OTU_3171_18S_3_200	0.666406289359175
OTU_2396_18S_3_200	OTU_3171_18S_3_200	0.588377852486993
OTU_1127_18S_3_200	OTU_3228_18S_3_200	0.67249
OTU_2245_18S_3_200	OTU_3228_18S_3_200	0.86849457025528
OTU_2385_18S_3_200	OTU_3228_18S_3_200	0.988602459430695
OTU_1062_18S_022_3	OTU_3245_18S_3_200	0.966653489325982
OTU_824_18S_3_200	OTU_3245_18S_3_200	0.79887
OTU_767_18S_3_200	OTU_3245_18S_3_200	0.721450507640839
OTU_1780_18S_022_3	OTU_3259_18S_3_200	0.641937851905823
OTU_2498_18S_3_200	OTU_3259_18S_3_200	0.935255169868469
OTU_725_18S_022_3	OTU_3265_18S_3_200	0.680545568466187
OTU_4760_18S_022_3	OTU_3265_18S_3_200	0.602521896362305
OTU_1230_18S_022_3	OTU_3287_18S_3_200	0.889713644981384
OTU_2962_18S_022_3	OTU_3287_18S_3_200	0.606819450855255
OTU_3884_18S_022_3	OTU_3287_18S_3_200	0.664645254611969
OTU_5277_18S_022_3	OTU_3287_18S_3_200	0.924001634120941
ASV_29_16S_022_3	OTU_3293_18S_3_200	0.744424223899841
OTU_689_18S_022_3	OTU_3293_18S_3_200	0.596719920635223
OTU_2046_18S_022_3	OTU_3293_18S_3_200	0.651993337705954
OTU_2527_18S_022_3	OTU_3293_18S_3_200	0.640813417300409
OTU_4257_18S_022_3	OTU_3293_18S_3_200	0.545530021190643
OTU_1764_18S_3_200	OTU_3293_18S_3_200	0.928549826145172
ASV_1112_16S_022_3	OTU_3299_18S_3_200	0.60941
OTU_413_18S_022_3	OTU_3299_18S_3_200	0.537816361813094
ASV_17_16S_3_200	OTU_3299_18S_3_200	0.813620061580189
OTU_876_18S_3_200	OTU_3299_18S_3_200	0.903550463606398
OTU_3497_18S_022_3	OTU_3351_18S_3_200	0.75796264422513
OTU_1450_18S_3_200	OTU_3380_18S_3_200	0.579560101032257
OTU_2268_18S_3_200	OTU_3380_18S_3_200	0.877289938694347
ASV_240_16S_022_3	OTU_3393_18S_3_200	-0.66931
ASV_835_16S_3_200	OTU_3393_18S_3_200	0.752651366618152
OTU_192_18S_3_200	OTU_3393_18S_3_200	0.795156331862592
OTU_1627_18S_3_200	OTU_3393_18S_3_200	0.644042828743597
OTU_179_18S_022_3	OTU_3400_18S_3_200	-0.753761990013434
ASV_306_16S_022_3	OTU_3404_18S_3_200	-0.576029658317566
OTU_7_18S_022_3	OTU_3404_18S_3_200	-0.637573143101192
OTU_1074_18S_022_3	OTU_3404_18S_3_200	0.633155584335327
OTU_145_18S_022_3	OTU_3403_18S_3_200	-0.749969115665052
OTU_1914_18S_022_3	OTU_3402_18S_3_200	-0.776973818551727
ASV_100_16S_022_3	OTU_3421_18S_3_200	0.633014048410931
OTU_3651_18S_022_3	OTU_3421_18S_3_200	0.879039764404297
OTU_903_18S_3_200	OTU_3421_18S_3_200	0.574400916882255
ASV_8_16S_022_3	OTU_3443_18S_3_200	0.544500231742859
ASV_759_16S_022_3	OTU_3443_18S_3_200	0.742716758759373
OTU_1105_18S_3_200	OTU_3443_18S_3_200	0.653734544800536
OTU_1127_18S_3_200	OTU_3451_18S_3_200	0.802494245154738
ASV_275_16S_022_3	OTU_3462_18S_3_200	-0.73932652415647
OTU_466_18S_3_200	OTU_3462_18S_3_200	0.667320133082172
OTU_199_18S_022_3	OTU_3463_18S_3_200	0.53686
OTU_641_18S_022_3	OTU_3463_18S_3_200	0.685822634873527
OTU_981_18S_022_3	OTU_3463_18S_3_200	0.794654455458002
OTU_3740_18S_022_3	OTU_3463_18S_3_200	0.59013
OTU_3558_18S_022_3	OTU_3470_18S_3_200	0.563028514385223
OTU_182_18S_3_200	OTU_3470_18S_3_200	0.815136989106912
OTU_2207_18S_3_200	OTU_3470_18S_3_200	0.712755918502808
OTU_755_18S_3_200	OTU_3468_18S_3_200	0.59318
OTU_1020_18S_3_200	OTU_3468_18S_3_200	0.706169724464417
OTU_1815_18S_3_200	OTU_3497_18S_3_200	0.648904860019684
OTU_1951_18S_3_200	OTU_3497_18S_3_200	0.751469916608261
OTU_3253_18S_022_3	OTU_3502_18S_3_200	0.673534101797626
OTU_4955_18S_022_3	OTU_3502_18S_3_200	-0.547991743890812
OTU_252_18S_3_200	OTU_3502_18S_3_200	0.568048238754272
OTU_413_18S_3_200	OTU_3502_18S_3_200	0.794606626033783
ASV_1004_16S_022_3	OTU_3517_18S_3_200	0.531656920909882
ASV_1221_16S_022_3	OTU_3517_18S_3_200	0.749360740184784
ASV_2097_16S_022_3	OTU_3517_18S_3_200	0.56238
OTU_467_18S_3_200	OTU_3517_18S_3_200	0.698795478303206
OTU_1016_18S_022_3	OTU_3547_18S_3_200	0.539094567298889
OTU_3585_18S_022_3	OTU_3547_18S_3_200	0.553645604235522
OTU_2306_18S_3_200	OTU_3547_18S_3_200	0.542178452014923
OTU_2498_18S_022_3	OTU_3559_18S_3_200	0.776413665484882
OTU_3259_18S_3_200	OTU_3559_18S_3_200	0.66381
OTU_2696_18S_3_200	OTU_3580_18S_3_200	0.800128722811798
OTU_3228_18S_3_200	OTU_3580_18S_3_200	0.64553
OTU_2962_18S_022_3	OTU_3605_18S_3_200	0.568718910217285
OTU_2083_18S_3_200	OTU_3605_18S_3_200	0.678640305597161
OTU_2986_18S_3_200	OTU_3605_18S_3_200	0.539418995380402
OTU_139_18S_022_3	OTU_3628_18S_3_200	-0.656516432762146
OTU_3442_18S_022_3	OTU_3628_18S_3_200	0.62178
OTU_3628_18S_022_3	OTU_3628_18S_3_200	0.72420136400065
OTU_4803_18S_022_3	OTU_3628_18S_3_200	0.533330321311951
OTU_2784_18S_3_200	OTU_3628_18S_3_200	0.543577219778361
OTU_1026_18S_022_3	OTU_3649_18S_3_200	0.60076
OTU_3144_18S_022_3	OTU_3649_18S_3_200	0.923821687698364
OTU_4596_18S_022_3	OTU_3649_18S_3_200	0.969517111778259
OTU_3659_18S_022_3	OTU_3659_18S_3_200	0.566137790679932
OTU_1832_18S_3_200	OTU_3659_18S_3_200	0.703276574611664
OTU_276_18S_022_3	OTU_3669_18S_3_200	0.861389144133323
OTU_1196_18S_022_3	OTU_3669_18S_3_200	0.69217236460799
OTU_441_18S_3_200	OTU_3669_18S_3_200	0.709329545497894
OTU_2285_18S_3_200	OTU_3669_18S_3_200	0.578266081182038
OTU_793_18S_022_3	OTU_3675_18S_3_200	0.781901635644377
OTU_5053_18S_022_3	OTU_3675_18S_3_200	0.584456792829054
OTU_2457_18S_3_200	OTU_3675_18S_3_200	0.560787536759852
OTU_199_18S_022_3	OTU_3703_18S_3_200	0.539727775046865
OTU_917_18S_022_3	OTU_3703_18S_3_200	0.551376748771123
OTU_923_18S_022_3	OTU_3703_18S_3_200	0.584785603682037
OTU_1841_18S_3_200	OTU_3703_18S_3_200	0.700836002826691
ASV_1897_16S_022_3	OTU_3718_18S_3_200	0.832032866758467
OTU_539_18S_3_200	OTU_3718_18S_3_200	0.62033
OTU_2527_18S_022_3	OTU_3740_18S_3_200	0.825815720270615
OTU_3395_18S_022_3	OTU_3740_18S_3_200	0.65075546503067
OTU_4556_18S_022_3	OTU_3812_18S_3_200	0.742582678794861
OTU_5277_18S_022_3	OTU_3812_18S_3_200	0.591701447963715
OTU_509_18S_3_200	OTU_3812_18S_3_200	0.943336704546469
OTU_438_18S_022_3	OTU_3817_18S_3_200	-0.826010704040527
OTU_1565_18S_3_200	OTU_3817_18S_3_200	0.800742797918811
ASV_1086_16S_022_3	OTU_3836_18S_3_200	0.66809
OTU_2200_18S_3_200	OTU_3836_18S_3_200	0.858422837819794
OTU_534_18S_022_3	OTU_3854_18S_3_200	0.553628444671631
OTU_591_18S_3_200	OTU_3854_18S_3_200	0.71995997428894
OTU_1297_18S_3_200	OTU_3854_18S_3_200	0.719308597255782
OTU_2637_18S_3_200	OTU_3854_18S_3_200	0.586395144462585
OTU_198_18S_3_200	OTU_3906_18S_3_200	0.824755728244781
OTU_624_18S_3_200	OTU_3906_18S_3_200	0.538687765598297
OTU_1912_18S_3_200	OTU_3906_18S_3_200	0.894391170590327
OTU_2046_18S_3_200	OTU_3921_18S_3_200	0.941564619541168
OTU_2198_18S_3_200	OTU_3921_18S_3_200	-0.842454731464386
OTU_310_18S_3_200	OTU_3949_18S_3_200	0.62990665435791
OTU_3675_18S_3_200	OTU_3949_18S_3_200	0.652302086353302
OTU_3982_18S_022_3	OTU_3970_18S_3_200	0.600780010223389
OTU_2204_18S_3_200	OTU_3970_18S_3_200	0.536194264888763
ASV_760_16S_3_200	OTU_3984_18S_3_200	0.808445648349301
ASV_1225_16S_022_3	OTU_4005_18S_3_200	0.921104689580679
OTU_147_18S_022_3	OTU_4005_18S_3_200	-0.78466715142311
OTU_922_18S_022_3	OTU_4005_18S_3_200	0.737009286880493
OTU_1966_18S_3_200	OTU_4005_18S_3_200	0.574946299342831
OTU_3264_18S_3_200	OTU_4005_18S_3_200	0.98362711550282
OTU_1614_18S_3_200	OTU_4039_18S_3_200	0.77533877255831
ASV_1122_16S_022_3	OTU_4097_18S_3_200	0.851213357995359
OTU_1342_18S_022_3	OTU_4145_18S_3_200	0.558929022348279
OTU_5331_18S_022_3	OTU_4145_18S_3_200	0.760127815506906
OTU_328_18S_3_200	OTU_4145_18S_3_200	0.54614
ASV_172_16S_022_3	OTU_4161_18S_3_200	-0.620920717716217
OTU_545_18S_022_3	OTU_4161_18S_3_200	0.774922035708839
OTU_1281_18S_022_3	OTU_4160_18S_3_200	0.748952716813207
OTU_786_18S_022_3	OTU_4202_18S_3_200	0.833549792336559
OTU_2099_18S_3_200	OTU_4227_18S_3_200	0.767906776386178
ASV_1312_16S_022_3	OTU_4257_18S_3_200	0.831010132234599
OTU_354_18S_022_3	OTU_4257_18S_3_200	0.615497827529907
OTU_2184_18S_3_200	OTU_4257_18S_3_200	0.933171283009513
OTU_490_18S_022_3	OTU_4430_18S_3_200	0.872190690361595
OTU_98_18S_3_200	OTU_4430_18S_3_200	-0.663229942321777
OTU_3421_18S_3_200	OTU_4449_18S_3_200	0.654266655445099
OTU_3949_18S_3_200	OTU_4449_18S_3_200	0.831537493817764
OTU_2250_18S_022_3	OTU_4500_18S_3_200	0.650108302826703
OTU_876_18S_3_200	OTU_4500_18S_3_200	0.626823480536768
OTU_2184_18S_3_200	OTU_4500_18S_3_200	0.663342032558772
ASV_248_16S_022_3	OTU_4521_18S_3_200	-0.611399412155151
OTU_3997_18S_022_3	OTU_4521_18S_3_200	0.747670292854309
OTU_2526_18S_022_3	OTU_4598_18S_3_200	0.611226737499237
OTU_3925_18S_022_3	OTU_4598_18S_3_200	0.724253237247467
ASV_399_16S_022_3	OTU_4685_18S_3_200	-0.735397756099701
OTU_3882_18S_022_3	OTU_4685_18S_3_200	-0.841685259411186
OTU_591_18S_022_3	OTU_4711_18S_3_200	0.56121
OTU_528_18S_3_200	OTU_4711_18S_3_200	0.715724945068359
ASV_376_16S_022_3	OTU_4736_18S_3_200	-0.841059021663695
OTU_377_18S_3_200	OTU_4736_18S_3_200	0.62648868560791
OTU_1184_18S_3_200	OTU_4803_18S_3_200	0.54458
OTU_1374_18S_3_200	OTU_4803_18S_3_200	0.811488589109024
OTU_2931_18S_3_200	OTU_4803_18S_3_200	0.702130260277055
OTU_1456_18S_022_3	OTU_4866_18S_3_200	0.641891658306122
OTU_2526_18S_022_3	OTU_4866_18S_3_200	0.745436191558838
OTU_1250_18S_3_200	OTU_4866_18S_3_200	0.961656161286526
OTU_726_18S_022_3	OTU_4889_18S_3_200	0.546300947666168
OTU_865_18S_022_3	OTU_4889_18S_3_200	0.759368212746328
OTU_2153_18S_3_200	OTU_4889_18S_3_200	0.799193904440491
OTU_5607_18S_022_3	OTU_4982_18S_3_200	0.786597068912363
OTU_2293_18S_3_200	OTU_4982_18S_3_200	0.923859238624573
OTU_1441_18S_3_200	OTU_5048_18S_3_200	0.724681794643402
OTU_1832_18S_3_200	OTU_5048_18S_3_200	0.724109648403556
ASV_934_16S_022_3	OTU_5052_18S_3_200	0.605818450450897
OTU_21_18S_3_200	OTU_5052_18S_3_200	-0.794762178712635
OTU_1301_18S_022_3	OTU_5167_18S_3_200	0.794197412775117
ASV_1979_16S_3_200	OTU_5167_18S_3_200	0.610477149486542
ASV_1346_16S_022_3	OTU_5165_18S_3_200	0.878935058041187
OTU_3145_18S_022_3	OTU_5260_18S_3_200	0.56477290391922
OTU_5277_18S_022_3	OTU_5260_18S_3_200	0.73194
OTU_976_18S_3_200	OTU_5260_18S_3_200	0.68038
OTU_2836_18S_3_200	OTU_5260_18S_3_200	0.543807937120748
OTU_3605_18S_3_200	OTU_5260_18S_3_200	0.555785386073932
OTU_571_18S_022_3	OTU_5279_18S_3_200	0.540597343359557
OTU_2166_18S_022_3	OTU_5279_18S_3_200	0.538972099490714
OTU_4159_18S_022_3	OTU_5279_18S_3_200	0.845428646741335
OTU_5067_18S_022_3	OTU_5279_18S_3_200	0.726479383389909
OTU_2979_18S_3_200	OTU_5279_18S_3_200	0.599530577659607
OTU_3651_18S_022_3	OTU_5496_18S_3_200	0.908300817012787
ASV_1422_16S_3_200	OTU_5496_18S_3_200	0.540446817874908
OTU_3380_18S_3_200	OTU_5496_18S_3_200	0.790575385093689
OTU_2973_18S_022_3	OTU_5538_18S_3_200	0.792159497737885
OTU_5056_18S_022_3	OTU_5538_18S_3_200	0.686452388763428
OTU_413_18S_022_3	OTU_5537_18S_3_200	0.708127252218646
OTU_2073_18S_022_3	OTU_5537_18S_3_200	0.807892022697322
OTU_2337_18S_022_3	OTU_5537_18S_3_200	0.691262245178223
OTU_522_18S_3_200	OTU_5537_18S_3_200	0.536893784999847
OTU_1471_18S_3_200	OTU_5537_18S_3_200	0.877935360436715
OTU_694_18S_3_200	OTU_6120_18S_3_200	0.599912822246552
OTU_903_18S_3_200	OTU_6120_18S_3_200	0.762484314385231
OTU_2245_18S_3_200	OTU_6120_18S_3_200	-0.604111313819885
OTU_2345_18S_3_200	OTU_6120_18S_3_200	0.68164630013659
OTU_4598_18S_3_200	OTU_6120_18S_3_200	0.64155
ASV_513_16S_022_3	OTU_6185_18S_3_200	0.589150189659722
OTU_1791_18S_3_200	OTU_6185_18S_3_200	0.623380126055464
OTU_5038_18S_022_3	OTU_6289_18S_3_200	0.796479431921761
OTU_1635_18S_022_3	OTU_6389_18S_3_200	0.865613083490727
OTU_832_18S_3_200	OTU_6389_18S_3_200	0.565199494361877
OTU_1587_18S_3_200	OTU_6389_18S_3_200	0.807811079961119
OTU_2046_18S_3_200	OTU_6616_18S_3_200	0.954512357711792
OTU_2198_18S_3_200	OTU_6616_18S_3_200	0.86182715438901
OTU_2963_18S_3_200	OTU_6616_18S_3_200	0.959303557872772
OTU_3123_18S_3_200	OTU_6616_18S_3_200	0.994919121265411
OTU_2679_18S_022_3	OTU_6610_18S_3_200	0.821245207348229
OTU_1250_18S_3_200	OTU_6610_18S_3_200	0.604093194007874
OTU_5607_18S_022_3	OTU_6635_18S_3_200	0.776557534583358
OTU_145_18S_022_3	OTU_6637_18S_3_200	-0.538723858254271
OTU_5048_18S_3_200	OTU_6637_18S_3_200	0.713165044784546
OTU_647_18S_3_200	OTU_6691_18S_3_200	0.873738631274177
OTU_2979_18S_3_200	OTU_6691_18S_3_200	0.541135370731354
OTU_438_18S_022_3	OTU_6689_18S_3_200	-0.565845908257719
OTU_3079_18S_3_200	OTU_6689_18S_3_200	0.752288614540646
OTU_3462_18S_3_200	OTU_6689_18S_3_200	0.634491743879258
OTU_5165_18S_3_200	OTU_6689_18S_3_200	0.580557781736585
OTU_2642_18S_3_200	OTU_6718_18S_3_200	0.615278352623738
OTU_3022_18S_3_200	OTU_6718_18S_3_200	0.6294
OTU_3669_18S_3_200	OTU_6718_18S_3_200	0.633145194071088
OTU_5538_18S_3_200	OTU_6718_18S_3_200	0.563844084739685
OTU_5578_18S_3_200	OTU_7523_18S_3_200	0.925773413319371
OTU_7_18S_022_3	OTU_7813_18S_3_200	-0.734760977339506
OTU_1083_18S_3_200	OTU_7851_18S_3_200	0.626803926411365
ASV_1008_16S_022_3	OTU_7991_18S_3_200	-0.784214827887719
ASV_1437_16S_022_3	OTU_7991_18S_3_200	0.630489706993103
